Site,Parameter,Date (LT),Year,Month,Day,Hour,NowCast Conc.,AQI,AQI Category,Raw Conc.,Conc. Unit,Duration,QC Name
Phora Durbar Kathmandu,PM2.5 - Principal,2024-01-01 02:00 AM,2024,01,01,02,102.5,184,Unhealthy,127.0,UG/M3,1 Hr,Valid
Phora Durbar Kathmandu,PM2.5 - Principal,2024-01-01 03:00 AM,2024,01,01,03,130.2,206,Very Unhealthy,158.0,UG/M3,1 Hr,Valid
Phora Durbar Kathmandu,PM2.5 - Principal,2024-01-01 04:00 AM,2024,01,01,04,110.1,189,Unhealthy,90.0,UG/M3,1 Hr,Valid
Phora Durbar Kathmandu,PM2.5 - Principal,2024-01-01 05:00 AM,2024,01,01,05,99.5,182,Unhealthy,89.0,UG/M3,1 Hr,Valid
Phora Durbar Kathmandu,PM2.5 - Principal,2024-01-01 06:00 AM,2024,01,01,06,105.2,186,Unhealthy,111.0,UG/M3,1 Hr,Valid
Phora Durbar Kathmandu,PM2.5 - Principal,2024-01-01 07:00 AM,2024,01,01,07,95.1,179,Unhealthy,85.0,UG/M3,1 Hr,Valid
Phora Durbar Kathmandu,PM2.5 - Principal,2024-01-01 08:00 AM,2024,01,01,08,86.5,173,Unhealthy,78.0,UG/M3,1 Hr,Valid
Phora Durbar Kathmandu,PM2.5 - Principal,2024-01-01 09:00 AM,2024,01,01,09,79.2,168,Unhealthy,72.0,UG/M3,1 Hr,Valid
Phora Durbar Kathmandu,PM2.5 - Principal,2024-01-01 10:00 AM,2024,01,01,10,87.6,174,Unhealthy,96.0,UG/M3,1 Hr,Valid
Phora Durbar Kathmandu,PM2.5 - Principal,2024-01-01 11:00 AM,2024,01,01,11,63.3,156,Unhealthy,39.0,UG/M3,1 Hr,Valid
Phora Durbar Kathmandu,PM2.5 - Principal,2024-01-01 12:00 PM,2024,01,01,12,78.6,167,Unhealthy,94.0,UG/M3,1 Hr,Valid
Phora Durbar Kathmandu,PM2.5 - Principal,2024-01-01 01:00 PM,2024,01,01,13,97.8,181,Unhealthy,117.0,UG/M3,1 Hr,Valid
Phora Durbar Kathmandu,PM2.5 - Principal,2024-01-01 02:00 PM,2024,01,01,14,128.4,204,Very Unhealthy,159.0,UG/M3,1 Hr,Valid
Phora Durbar Kathmandu,PM2.5 - Principal,2024-01-01 03:00 PM,2024,01,01,15,110.2,189,Unhealthy,92.0,UG/M3,1 Hr,Valid
Phora Durbar Kathmandu,PM2.5 - Principal,2024-01-01 04:00 PM,2024,01,01,16,106.1,186,Unhealthy,102.0,UG/M3,1 Hr,Valid
Phora Durbar Kathmandu,PM2.5 - Principal,2024-01-01 05:00 PM,2024,01,01,17,63.0,156,Unhealthy,20.0,UG/M3,1 Hr,Valid
Phora Durbar Kathmandu,PM2.5 - Principal,2024-01-01 06:00 PM,2024,01,01,18,47.0,129,Unhealthy for Sensitive Groups,31.0,UG/M3,1 Hr,Valid
Phora Durbar Kathmandu,PM2.5 - Principal,2024-01-01 07:00 PM,2024,01,01,19,40.9,114,Unhealthy for Sensitive Groups,35.0,UG/M3,1 Hr,Valid
Phora Durbar Kathmandu,PM2.5 - Principal,2024-01-01 08:00 PM,2024,01,01,20,22.9,77,Moderate,5.0,UG/M3,1 Hr,Valid
Phora Durbar Kathmandu,PM2.5 - Principal,2024-01-01 09:00 PM,2024,01,01,21,28.9,88,Moderate,35.0,UG/M3,1 Hr,Valid
Phora Durbar Kathmandu,PM2.5 - Principal,2024-01-01 10:00 PM,2024,01,01,22,60.9,155,Unhealthy,93.0,UG/M3,1 Hr,Valid
Phora Durbar Kathmandu,PM2.5 - Principal,2024-01-01 11:00 PM,2024,01,01,23,61.0,155,Unhealthy,61.0,UG/M3,1 Hr,Valid
Phora Durbar Kathmandu,PM2.5 - Principal,2024-01-02 12:00 AM,2024,01,02,00,74.9,165,Unhealthy,89.0,UG/M3,1 Hr,Valid
Phora Durbar Kathmandu,PM2.5 - Principal,2024-01-02 01:00 AM,2024,01,02,01,88.9,174,Unhealthy,103.0,UG/M3,1 Hr,Valid
Phora Durbar Kathmandu,PM2.5 - Principal,2024-01-02 02:00 AM,2024,01,02,02,137.5,213,Very Unhealthy,186.0,UG/M3,1 Hr,Valid
Phora Durbar Kathmandu,PM2.5 - Principal,2024-01-02 03:00 AM,2024,01,02,03,137.5,213,Very Unhealthy,81.0,UG/M3,1 Hr,Invalid
Phora Durbar Kathmandu,PM2.5 - Principal,2024-01-02 04:00 AM,2024,01,02,04,87.8,174,Unhealthy,63.0,UG/M3,1 Hr,Valid
Phora Durbar Kathmandu,PM2.5 - Principal,2024-01-02 05:00 AM,2024,01,02,05,62.2,156,Unhealthy,43.0,UG/M3,1 Hr,Valid
Phora Durbar Kathmandu,PM2.5 - Principal,2024-01-02 06:00 AM,2024,01,02,06,54.1,147,Unhealthy for Sensitive Groups,47.0,UG/M3,1 Hr,Valid
Phora Durbar Kathmandu,PM2.5 - Principal,2024-01-02 07:00 AM,2024,01,02,07,54.1,147,Unhealthy for Sensitive Groups,-6.0,UG/M3,1 Hr,Invalid
Phora Durbar Kathmandu,PM2.5 - Principal,2024-01-02 08:00 AM,2024,01,02,08,59.4,154,Unhealthy,62.0,UG/M3,1 Hr,Valid
Phora Durbar Kathmandu,PM2.5 - Principal,2024-01-02 09:00 AM,2024,01,02,09,40.7,114,Unhealthy for Sensitive Groups,27.0,UG/M3,1 Hr,Valid
Phora Durbar Kathmandu,PM2.5 - Principal,2024-01-02 10:00 AM,2024,01,02,10,48.9,134,Unhealthy for Sensitive Groups,56.0,UG/M3,1 Hr,Valid
Phora Durbar Kathmandu,PM2.5 - Principal,2024-01-02 11:00 AM,2024,01,02,11,30.8,91,Moderate,14.0,UG/M3,1 Hr,Valid
Phora Durbar Kathmandu,PM2.5 - Principal,2024-01-02 12:00 PM,2024,01,02,12,44.6,123,Unhealthy for Sensitive Groups,58.0,UG/M3,1 Hr,Valid
Phora Durbar Kathmandu,PM2.5 - Principal,2024-01-02 01:00 PM,2024,01,02,13,50.8,139,Unhealthy for Sensitive Groups,57.0,UG/M3,1 Hr,Valid
Phora Durbar Kathmandu,PM2.5 - Principal,2024-01-02 02:00 PM,2024,01,02,14,55.4,150,Unhealthy for Sensitive Groups,60.0,UG/M3,1 Hr,Valid
Phora Durbar Kathmandu,PM2.5 - Principal,2024-01-02 03:00 PM,2024,01,02,15,62.2,156,Unhealthy,69.0,UG/M3,1 Hr,Valid
Phora Durbar Kathmandu,PM2.5 - Principal,2024-01-02 04:00 PM,2024,01,02,16,56.6,152,Unhealthy,51.0,UG/M3,1 Hr,Valid
Phora Durbar Kathmandu,PM2.5 - Principal,2024-01-02 05:00 PM,2024,01,02,17,56.6,152,Unhealthy,-6.0,UG/M3,1 Hr,Invalid
Phora Durbar Kathmandu,PM2.5 - Principal,2024-01-02 06:00 PM,2024,01,02,18,44.8,124,Unhealthy for Sensitive Groups,39.0,UG/M3,1 Hr,Valid
Phora Durbar Kathmandu,PM2.5 - Principal,2024-01-02 07:00 PM,2024,01,02,19,29.5,89,Moderate,18.0,UG/M3,1 Hr,Valid
Phora Durbar Kathmandu,PM2.5 - Principal,2024-01-02 08:00 PM,2024,01,02,20,38.3,108,Unhealthy for Sensitive Groups,46.0,UG/M3,1 Hr,Valid
Phora Durbar Kathmandu,PM2.5 - Principal,2024-01-02 09:00 PM,2024,01,02,21,54.1,147,Unhealthy for Sensitive Groups,69.0,UG/M3,1 Hr,Valid
Phora Durbar Kathmandu,PM2.5 - Principal,2024-01-02 10:00 PM,2024,01,02,22,55.0,149,Unhealthy for Sensitive Groups,56.0,UG/M3,1 Hr,Valid
Phora Durbar Kathmandu,PM2.5 - Principal,2024-01-02 11:00 PM,2024,01,02,23,49.5,135,Unhealthy for Sensitive Groups,44.0,UG/M3,1 Hr,Valid
Phora Durbar Kathmandu,PM2.5 - Principal,2024-01-03 12:00 AM,2024,01,03,00,41.7,116,Unhealthy for Sensitive Groups,34.0,UG/M3,1 Hr,Valid
Phora Durbar Kathmandu,PM2.5 - Principal,2024-01-03 01:00 AM,2024,01,03,01,50.3,137,Unhealthy for Sensitive Groups,59.0,UG/M3,1 Hr,Valid
Phora Durbar Kathmandu,PM2.5 - Principal,2024-01-03 02:00 AM,2024,01,03,02,65.7,158,Unhealthy,81.0,UG/M3,1 Hr,Valid
Phora Durbar Kathmandu,PM2.5 - Principal,2024-01-03 03:00 AM,2024,01,03,03,57.8,153,Unhealthy,50.0,UG/M3,1 Hr,Valid
Phora Durbar Kathmandu,PM2.5 - Principal,2024-01-03 04:00 AM,2024,01,03,04,67.4,159,Unhealthy,77.0,UG/M3,1 Hr,Valid
Phora Durbar Kathmandu,PM2.5 - Principal,2024-01-03 05:00 AM,2024,01,03,05,78.7,167,Unhealthy,90.0,UG/M3,1 Hr,Valid
Phora Durbar Kathmandu,PM2.5 - Principal,2024-01-03 06:00 AM,2024,01,03,06,66.3,159,Unhealthy,54.0,UG/M3,1 Hr,Valid
Phora Durbar Kathmandu,PM2.5 - Principal,2024-01-03 07:00 AM,2024,01,03,07,82.1,170,Unhealthy,98.0,UG/M3,1 Hr,Valid
Phora Durbar Kathmandu,PM2.5 - Principal,2024-01-03 08:00 AM,2024,01,03,08,64.0,157,Unhealthy,46.0,UG/M3,1 Hr,Valid
Phora Durbar Kathmandu,PM2.5 - Principal,2024-01-03 09:00 AM,2024,01,03,09,58.0,153,Unhealthy,52.0,UG/M3,1 Hr,Valid
Phora Durbar Kathmandu,PM2.5 - Principal,2024-01-03 10:00 AM,2024,01,03,10,40.5,113,Unhealthy for Sensitive Groups,23.0,UG/M3,1 Hr,Valid
Phora Durbar Kathmandu,PM2.5 - Principal,2024-01-03 11:00 AM,2024,01,03,11,61.2,155,Unhealthy,82.0,UG/M3,1 Hr,Valid
Phora Durbar Kathmandu,PM2.5 - Principal,2024-01-03 12:00 PM,2024,01,03,12,73.1,163,Unhealthy,85.0,UG/M3,1 Hr,Valid
Phora Durbar Kathmandu,PM2.5 - Principal,2024-01-03 01:00 PM,2024,01,03,13,89.5,175,Unhealthy,106.0,UG/M3,1 Hr,Valid
Phora Durbar Kathmandu,PM2.5 - Principal,2024-01-03 02:00 PM,2024,01,03,14,113.2,191,Unhealthy,137.0,UG/M3,1 Hr,Valid
Phora Durbar Kathmandu,PM2.5 - Principal,2024-01-03 03:00 PM,2024,01,03,15,87.6,174,Unhealthy,62.0,UG/M3,1 Hr,Valid
Phora Durbar Kathmandu,PM2.5 - Principal,2024-01-03 04:00 PM,2024,01,03,16,74.8,165,Unhealthy,62.0,UG/M3,1 Hr,Valid
Phora Durbar Kathmandu,PM2.5 - Principal,2024-01-03 05:00 PM,2024,01,03,17,68.4,160,Unhealthy,62.0,UG/M3,1 Hr,Valid
Phora Durbar Kathmandu,PM2.5 - Principal,2024-01-03 06:00 PM,2024,01,03,18,52.2,142,Unhealthy for Sensitive Groups,36.0,UG/M3,1 Hr,Valid
Phora Durbar Kathmandu,PM2.5 - Principal,2024-01-03 07:00 PM,2024,01,03,19,59.5,154,Unhealthy,67.0,UG/M3,1 Hr,Valid
Phora Durbar Kathmandu,PM2.5 - Principal,2024-01-03 08:00 PM,2024,01,03,20,46.2,127,Unhealthy for Sensitive Groups,33.0,UG/M3,1 Hr,Valid
Phora Durbar Kathmandu,PM2.5 - Principal,2024-01-03 09:00 PM,2024,01,03,21,52.1,142,Unhealthy for Sensitive Groups,58.0,UG/M3,1 Hr,Valid
Phora Durbar Kathmandu,PM2.5 - Principal,2024-01-03 10:00 PM,2024,01,03,22,64.0,157,Unhealthy,76.0,UG/M3,1 Hr,Valid
Phora Durbar Kathmandu,PM2.5 - Principal,2024-01-03 11:00 PM,2024,01,03,23,46.5,128,Unhealthy for Sensitive Groups,29.0,UG/M3,1 Hr,Valid
Phora Durbar Kathmandu,PM2.5 - Principal,2024-01-04 12:00 AM,2024,01,04,00,65.2,158,Unhealthy,84.0,UG/M3,1 Hr,Valid
Phora Durbar Kathmandu,PM2.5 - Principal,2024-01-04 01:00 AM,2024,01,04,01,82.6,170,Unhealthy,100.0,UG/M3,1 Hr,Valid
Phora Durbar Kathmandu,PM2.5 - Principal,2024-01-04 02:00 AM,2024,01,04,02,102.3,184,Unhealthy,122.0,UG/M3,1 Hr,Valid
Phora Durbar Kathmandu,PM2.5 - Principal,2024-01-04 03:00 AM,2024,01,04,03,77.1,166,Unhealthy,52.0,UG/M3,1 Hr,Valid
Phora Durbar Kathmandu,PM2.5 - Principal,2024-01-04 04:00 AM,2024,01,04,04,70.0,161,Unhealthy,63.0,UG/M3,1 Hr,Valid
Phora Durbar Kathmandu,PM2.5 - Principal,2024-01-04 05:00 AM,2024,01,04,05,64.5,157,Unhealthy,59.0,UG/M3,1 Hr,Valid
Phora Durbar Kathmandu,PM2.5 - Principal,2024-01-04 06:00 AM,2024,01,04,06,72.2,163,Unhealthy,80.0,UG/M3,1 Hr,Valid
Phora Durbar Kathmandu,PM2.5 - Principal,2024-01-04 07:00 AM,2024,01,04,07,91.6,176,Unhealthy,111.0,UG/M3,1 Hr,Valid
Phora Durbar Kathmandu,PM2.5 - Principal,2024-01-04 08:00 AM,2024,01,04,08,65.3,158,Unhealthy,39.0,UG/M3,1 Hr,Valid
Phora Durbar Kathmandu,PM2.5 - Principal,2024-01-04 09:00 AM,2024,01,04,09,71.6,162,Unhealthy,78.0,UG/M3,1 Hr,Valid
Phora Durbar Kathmandu,PM2.5 - Principal,2024-01-04 10:00 AM,2024,01,04,10,75.3,165,Unhealthy,79.0,UG/M3,1 Hr,Valid
Phora Durbar Kathmandu,PM2.5 - Principal,2024-01-04 11:00 AM,2024,01,04,11,95.6,179,Unhealthy,116.0,UG/M3,1 Hr,Valid
Phora Durbar Kathmandu,PM2.5 - Principal,2024-01-04 12:00 PM,2024,01,04,12,83.3,170,Unhealthy,71.0,UG/M3,1 Hr,Valid
Phora Durbar Kathmandu,PM2.5 - Principal,2024-01-04 01:00 PM,2024,01,04,13,116.6,194,Unhealthy,150.0,UG/M3,1 Hr,Valid
Phora Durbar Kathmandu,PM2.5 - Principal,2024-01-04 02:00 PM,2024,01,04,14,119.3,196,Unhealthy,122.0,UG/M3,1 Hr,Valid
Phora Durbar Kathmandu,PM2.5 - Principal,2024-01-04 03:00 PM,2024,01,04,15,110.1,189,Unhealthy,101.0,UG/M3,1 Hr,Valid
Phora Durbar Kathmandu,PM2.5 - Principal,2024-01-04 04:00 PM,2024,01,04,16,95.0,179,Unhealthy,80.0,UG/M3,1 Hr,Valid
Phora Durbar Kathmandu,PM2.5 - Principal,2024-01-04 05:00 PM,2024,01,04,17,92.5,177,Unhealthy,90.0,UG/M3,1 Hr,Valid
Phora Durbar Kathmandu,PM2.5 - Principal,2024-01-04 06:00 PM,2024,01,04,18,59.7,154,Unhealthy,27.0,UG/M3,1 Hr,Valid
Phora Durbar Kathmandu,PM2.5 - Principal,2024-01-04 07:00 PM,2024,01,04,19,59.7,154,Unhealthy,-13.0,UG/M3,1 Hr,Invalid
Phora Durbar Kathmandu,PM2.5 - Principal,2024-01-04 08:00 PM,2024,01,04,20,53.9,146,Unhealthy for Sensitive Groups,51.0,UG/M3,1 Hr,Valid
Phora Durbar Kathmandu,PM2.5 - Principal,2024-01-04 09:00 PM,2024,01,04,21,29.9,90,Moderate,12.0,UG/M3,1 Hr,Valid
Phora Durbar Kathmandu,PM2.5 - Principal,2024-01-04 10:00 PM,2024,01,04,22,35.3,100,Moderate,40.0,UG/M3,1 Hr,Valid
Phora Durbar Kathmandu,PM2.5 - Principal,2024-01-04 11:00 PM,2024,01,04,23,74.8,165,Unhealthy,112.0,UG/M3,1 Hr,Valid
Phora Durbar Kathmandu,PM2.5 - Principal,2024-01-05 12:00 AM,2024,01,05,00,84.5,171,Unhealthy,94.0,UG/M3,1 Hr,Valid
Phora Durbar Kathmandu,PM2.5 - Principal,2024-01-05 01:00 AM,2024,01,05,01,117.5,194,Unhealthy,150.0,UG/M3,1 Hr,Valid
Phora Durbar Kathmandu,PM2.5 - Principal,2024-01-05 02:00 AM,2024,01,05,02,118.7,195,Unhealthy,120.0,UG/M3,1 Hr,Valid
Phora Durbar Kathmandu,PM2.5 - Principal,2024-01-05 03:00 AM,2024,01,05,03,121.3,197,Unhealthy,124.0,UG/M3,1 Hr,Valid
Phora Durbar Kathmandu,PM2.5 - Principal,2024-01-05 04:00 AM,2024,01,05,04,121.4,197,Unhealthy,513.0,UG/M3,1 Hr,Invalid
Phora Durbar Kathmandu,PM2.5 - Principal,2024-01-05 05:00 AM,2024,01,05,05,96.4,180,Unhealthy,84.0,UG/M3,1 Hr,Valid
Phora Durbar Kathmandu,PM2.5 - Principal,2024-01-05 06:00 AM,2024,01,05,06,75.6,165,Unhealthy,60.0,UG/M3,1 Hr,Valid
Phora Durbar Kathmandu,PM2.5 - Principal,2024-01-05 07:00 AM,2024,01,05,07,83.2,170,Unhealthy,90.0,UG/M3,1 Hr,Valid
Phora Durbar Kathmandu,PM2.5 - Principal,2024-01-05 08:00 AM,2024,01,05,08,93.9,178,Unhealthy,104.0,UG/M3,1 Hr,Valid
Phora Durbar Kathmandu,PM2.5 - Principal,2024-01-05 09:00 AM,2024,01,05,09,97.5,180,Unhealthy,101.0,UG/M3,1 Hr,Valid
Phora Durbar Kathmandu,PM2.5 - Principal,2024-01-05 10:00 AM,2024,01,05,10,108.8,188,Unhealthy,120.0,UG/M3,1 Hr,Valid
Phora Durbar Kathmandu,PM2.5 - Principal,2024-01-05 11:00 AM,2024,01,05,11,116.9,194,Unhealthy,125.0,UG/M3,1 Hr,Valid
Phora Durbar Kathmandu,PM2.5 - Principal,2024-01-05 12:00 PM,2024,01,05,12,136.0,211,Very Unhealthy,155.0,UG/M3,1 Hr,Valid
Phora Durbar Kathmandu,PM2.5 - Principal,2024-01-05 01:00 PM,2024,01,05,13,96.9,180,Unhealthy,58.0,UG/M3,1 Hr,Valid
Phora Durbar Kathmandu,PM2.5 - Principal,2024-01-05 02:00 PM,2024,01,05,14,100.4,182,Unhealthy,104.0,UG/M3,1 Hr,Valid
Phora Durbar Kathmandu,PM2.5 - Principal,2024-01-05 03:00 PM,2024,01,05,15,55.2,150,Unhealthy for Sensitive Groups,10.0,UG/M3,1 Hr,Valid
Phora Durbar Kathmandu,PM2.5 - Principal,2024-01-05 04:00 PM,2024,01,05,16,62.6,156,Unhealthy,70.0,UG/M3,1 Hr,Valid
Phora Durbar Kathmandu,PM2.5 - Principal,2024-01-05 05:00 PM,2024,01,05,17,63.8,157,Unhealthy,65.0,UG/M3,1 Hr,Valid
Phora Durbar Kathmandu,PM2.5 - Principal,2024-01-05 06:00 PM,2024,01,05,18,62.9,156,Unhealthy,62.0,UG/M3,1 Hr,Valid
Phora Durbar Kathmandu,PM2.5 - Principal,2024-01-05 07:00 PM,2024,01,05,19,62.8,156,Unhealthy,576.0,UG/M3,1 Hr,Invalid
Phora Durbar Kathmandu,PM2.5 - Principal,2024-01-05 08:00 PM,2024,01,05,20,-999.0,-999,N/A,92.0,UG/M3,1 Hr,Invalid
Phora Durbar Kathmandu,PM2.5 - Principal,2024-01-05 10:00 PM,2024,01,05,22,-999.0,-999,N/A,92.0,UG/M3,1 Hr,Invalid
Phora Durbar Kathmandu,PM2.5 - Principal,2024-01-05 11:00 PM,2024,01,05,23,-999.0,-999,N/A,92.0,UG/M3,1 Hr,Invalid
Phora Durbar Kathmandu,PM2.5 - Principal,2024-01-06 12:00 AM,2024,01,06,00,-999.0,-999,N/A,92.0,UG/M3,1 Hr,Invalid
Phora Durbar Kathmandu,PM2.5 - Principal,2024-01-06 01:00 AM,2024,01,06,01,-999.0,-999,N/A,92.0,UG/M3,1 Hr,Invalid
Phora Durbar Kathmandu,PM2.5 - Principal,2024-01-06 02:00 AM,2024,01,06,02,-999.0,-999,N/A,92.0,UG/M3,1 Hr,Invalid
Phora Durbar Kathmandu,PM2.5 - Principal,2024-01-06 03:00 AM,2024,01,06,03,-999.0,-999,N/A,92.0,UG/M3,1 Hr,Invalid
Phora Durbar Kathmandu,PM2.5 - Principal,2024-01-06 04:00 AM,2024,01,06,04,-999.0,-999,N/A,92.0,UG/M3,1 Hr,Invalid
Phora Durbar Kathmandu,PM2.5 - Principal,2024-01-06 05:00 AM,2024,01,06,05,-999.0,-999,N/A,92.0,UG/M3,1 Hr,Invalid
Phora Durbar Kathmandu,PM2.5 - Principal,2024-01-06 06:00 AM,2024,01,06,06,-999.0,-999,N/A,92.0,UG/M3,1 Hr,Invalid
Phora Durbar Kathmandu,PM2.5 - Principal,2024-01-06 07:00 AM,2024,01,06,07,-999.0,-999,N/A,92.0,UG/M3,1 Hr,Invalid
Phora Durbar Kathmandu,PM2.5 - Principal,2024-01-06 08:00 AM,2024,01,06,08,-999.0,-999,N/A,92.0,UG/M3,1 Hr,Invalid
Phora Durbar Kathmandu,PM2.5 - Principal,2024-01-06 09:00 AM,2024,01,06,09,-999.0,-999,N/A,92.0,UG/M3,1 Hr,Invalid
Phora Durbar Kathmandu,PM2.5 - Principal,2024-01-06 10:00 AM,2024,01,06,10,-999.0,-999,N/A,92.0,UG/M3,1 Hr,Invalid
Phora Durbar Kathmandu,PM2.5 - Principal,2024-01-06 11:00 AM,2024,01,06,11,-999.0,-999,N/A,92.0,UG/M3,1 Hr,Invalid
Phora Durbar Kathmandu,PM2.5 - Principal,2024-01-06 12:00 PM,2024,01,06,12,-999.0,-999,N/A,92.0,UG/M3,1 Hr,Invalid
Phora Durbar Kathmandu,PM2.5 - Principal,2024-01-06 01:00 PM,2024,01,06,13,-999.0,-999,N/A,92.0,UG/M3,1 Hr,Invalid
Phora Durbar Kathmandu,PM2.5 - Principal,2024-01-06 02:00 PM,2024,01,06,14,-999.0,-999,N/A,92.0,UG/M3,1 Hr,Invalid
Phora Durbar Kathmandu,PM2.5 - Principal,2024-01-06 03:00 PM,2024,01,06,15,-999.0,-999,N/A,92.0,UG/M3,1 Hr,Invalid
Phora Durbar Kathmandu,PM2.5 - Principal,2024-01-06 04:00 PM,2024,01,06,16,-999.0,-999,N/A,92.0,UG/M3,1 Hr,Invalid
Phora Durbar Kathmandu,PM2.5 - Principal,2024-01-06 05:00 PM,2024,01,06,17,-999.0,-999,N/A,92.0,UG/M3,1 Hr,Invalid
Phora Durbar Kathmandu,PM2.5 - Principal,2024-01-06 06:00 PM,2024,01,06,18,-999.0,-999,N/A,92.0,UG/M3,1 Hr,Invalid
Phora Durbar Kathmandu,PM2.5 - Principal,2024-01-06 07:00 PM,2024,01,06,19,-999.0,-999,N/A,92.0,UG/M3,1 Hr,Invalid
Phora Durbar Kathmandu,PM2.5 - Principal,2024-01-06 08:00 PM,2024,01,06,20,-999.0,-999,N/A,92.0,UG/M3,1 Hr,Invalid
Phora Durbar Kathmandu,PM2.5 - Principal,2024-01-06 09:00 PM,2024,01,06,21,-999.0,-999,N/A,92.0,UG/M3,1 Hr,Invalid
Phora Durbar Kathmandu,PM2.5 - Principal,2024-01-06 10:00 PM,2024,01,06,22,-999.0,-999,N/A,92.0,UG/M3,1 Hr,Invalid
Phora Durbar Kathmandu,PM2.5 - Principal,2024-01-06 11:00 PM,2024,01,06,23,-999.0,-999,N/A,92.0,UG/M3,1 Hr,Invalid
Phora Durbar Kathmandu,PM2.5 - Principal,2024-01-07 12:00 AM,2024,01,07,00,-999.0,-999,N/A,92.0,UG/M3,1 Hr,Invalid
Phora Durbar Kathmandu,PM2.5 - Principal,2024-01-07 01:00 AM,2024,01,07,01,-999.0,-999,N/A,92.0,UG/M3,1 Hr,Invalid
Phora Durbar Kathmandu,PM2.5 - Principal,2024-01-07 02:00 AM,2024,01,07,02,-999.0,-999,N/A,92.0,UG/M3,1 Hr,Invalid
Phora Durbar Kathmandu,PM2.5 - Principal,2024-01-07 03:00 AM,2024,01,07,03,-999.0,-999,N/A,92.0,UG/M3,1 Hr,Invalid
Phora Durbar Kathmandu,PM2.5 - Principal,2024-01-07 04:00 AM,2024,01,07,04,-999.0,-999,N/A,92.0,UG/M3,1 Hr,Invalid
Phora Durbar Kathmandu,PM2.5 - Principal,2024-01-07 05:00 AM,2024,01,07,05,-999.0,-999,N/A,92.0,UG/M3,1 Hr,Invalid
Phora Durbar Kathmandu,PM2.5 - Principal,2024-01-07 06:00 AM,2024,01,07,06,-999.0,-999,N/A,92.0,UG/M3,1 Hr,Invalid
Phora Durbar Kathmandu,PM2.5 - Principal,2024-01-07 07:00 AM,2024,01,07,07,-999.0,-999,N/A,92.0,UG/M3,1 Hr,Invalid
Phora Durbar Kathmandu,PM2.5 - Principal,2024-01-07 08:00 AM,2024,01,07,08,-999.0,-999,N/A,92.0,UG/M3,1 Hr,Invalid
Phora Durbar Kathmandu,PM2.5 - Principal,2024-01-07 09:00 AM,2024,01,07,09,-999.0,-999,N/A,92.0,UG/M3,1 Hr,Invalid
Phora Durbar Kathmandu,PM2.5 - Principal,2024-01-07 10:00 AM,2024,01,07,10,-999.0,-999,N/A,92.0,UG/M3,1 Hr,Invalid
Phora Durbar Kathmandu,PM2.5 - Principal,2024-01-07 11:00 AM,2024,01,07,11,-999.0,-999,N/A,92.0,UG/M3,1 Hr,Invalid
Phora Durbar Kathmandu,PM2.5 - Principal,2024-01-07 12:00 PM,2024,01,07,12,-999.0,-999,N/A,92.0,UG/M3,1 Hr,Invalid
Phora Durbar Kathmandu,PM2.5 - Principal,2024-01-07 01:00 PM,2024,01,07,13,-999.0,-999,N/A,92.0,UG/M3,1 Hr,Invalid
Phora Durbar Kathmandu,PM2.5 - Principal,2024-01-07 02:00 PM,2024,01,07,14,-999.0,-999,N/A,92.0,UG/M3,1 Hr,Invalid
Phora Durbar Kathmandu,PM2.5 - Principal,2024-01-07 03:00 PM,2024,01,07,15,-999.0,-999,N/A,92.0,UG/M3,1 Hr,Invalid
Phora Durbar Kathmandu,PM2.5 - Principal,2024-01-07 04:00 PM,2024,01,07,16,-999.0,-999,N/A,92.0,UG/M3,1 Hr,Invalid
Phora Durbar Kathmandu,PM2.5 - Principal,2024-01-07 05:00 PM,2024,01,07,17,-999.0,-999,N/A,92.0,UG/M3,1 Hr,Invalid
Phora Durbar Kathmandu,PM2.5 - Principal,2024-01-07 06:00 PM,2024,01,07,18,-999.0,-999,N/A,92.0,UG/M3,1 Hr,Invalid
Phora Durbar Kathmandu,PM2.5 - Principal,2024-01-07 07:00 PM,2024,01,07,19,-999.0,-999,N/A,92.0,UG/M3,1 Hr,Invalid
Phora Durbar Kathmandu,PM2.5 - Principal,2024-01-07 08:00 PM,2024,01,07,20,-999.0,-999,N/A,92.0,UG/M3,1 Hr,Invalid
Phora Durbar Kathmandu,PM2.5 - Principal,2024-01-07 09:00 PM,2024,01,07,21,-999.0,-999,N/A,92.0,UG/M3,1 Hr,Invalid
Phora Durbar Kathmandu,PM2.5 - Principal,2024-01-07 10:00 PM,2024,01,07,22,-999.0,-999,N/A,92.0,UG/M3,1 Hr,Invalid
Phora Durbar Kathmandu,PM2.5 - Principal,2024-01-07 11:00 PM,2024,01,07,23,-999.0,-999,N/A,92.0,UG/M3,1 Hr,Invalid
Phora Durbar Kathmandu,PM2.5 - Principal,2024-01-08 12:00 AM,2024,01,08,00,-999.0,-999,N/A,92.0,UG/M3,1 Hr,Invalid
Phora Durbar Kathmandu,PM2.5 - Principal,2024-01-08 01:00 AM,2024,01,08,01,-999.0,-999,N/A,92.0,UG/M3,1 Hr,Invalid
Phora Durbar Kathmandu,PM2.5 - Principal,2024-01-08 02:00 AM,2024,01,08,02,-999.0,-999,N/A,92.0,UG/M3,1 Hr,Invalid
Phora Durbar Kathmandu,PM2.5 - Principal,2024-01-08 03:00 AM,2024,01,08,03,-999.0,-999,N/A,92.0,UG/M3,1 Hr,Invalid
Phora Durbar Kathmandu,PM2.5 - Principal,2024-01-08 04:00 AM,2024,01,08,04,-999.0,-999,N/A,92.0,UG/M3,1 Hr,Invalid
Phora Durbar Kathmandu,PM2.5 - Principal,2024-01-08 05:00 AM,2024,01,08,05,-999.0,-999,N/A,92.0,UG/M3,1 Hr,Invalid
Phora Durbar Kathmandu,PM2.5 - Principal,2024-01-08 06:00 AM,2024,01,08,06,-999.0,-999,N/A,92.0,UG/M3,1 Hr,Invalid
Phora Durbar Kathmandu,PM2.5 - Principal,2024-01-08 07:00 AM,2024,01,08,07,-999.0,-999,N/A,92.0,UG/M3,1 Hr,Invalid
Phora Durbar Kathmandu,PM2.5 - Principal,2024-01-08 08:00 AM,2024,01,08,08,-999.0,-999,N/A,92.0,UG/M3,1 Hr,Invalid
Phora Durbar Kathmandu,PM2.5 - Principal,2024-01-08 09:00 AM,2024,01,08,09,-999.0,-999,N/A,92.0,UG/M3,1 Hr,Invalid
Phora Durbar Kathmandu,PM2.5 - Principal,2024-01-08 10:00 AM,2024,01,08,10,-999.0,-999,N/A,92.0,UG/M3,1 Hr,Invalid
Phora Durbar Kathmandu,PM2.5 - Principal,2024-01-08 11:00 AM,2024,01,08,11,-999.0,-999,N/A,92.0,UG/M3,1 Hr,Invalid
Phora Durbar Kathmandu,PM2.5 - Principal,2024-01-08 12:00 PM,2024,01,08,12,-999.0,-999,N/A,92.0,UG/M3,1 Hr,Invalid
Phora Durbar Kathmandu,PM2.5 - Principal,2024-01-08 01:00 PM,2024,01,08,13,-999.0,-999,N/A,92.0,UG/M3,1 Hr,Invalid
Phora Durbar Kathmandu,PM2.5 - Principal,2024-01-08 02:00 PM,2024,01,08,14,-999.0,-999,N/A,92.0,UG/M3,1 Hr,Invalid
Phora Durbar Kathmandu,PM2.5 - Principal,2024-01-08 03:00 PM,2024,01,08,15,-999.0,-999,N/A,92.0,UG/M3,1 Hr,Invalid
Phora Durbar Kathmandu,PM2.5 - Principal,2024-01-08 04:00 PM,2024,01,08,16,-999.0,-999,N/A,92.0,UG/M3,1 Hr,Invalid
Phora Durbar Kathmandu,PM2.5 - Principal,2024-01-08 05:00 PM,2024,01,08,17,-999.0,-999,N/A,92.0,UG/M3,1 Hr,Invalid
Phora Durbar Kathmandu,PM2.5 - Principal,2024-01-08 06:00 PM,2024,01,08,18,-999.0,-999,N/A,92.0,UG/M3,1 Hr,Invalid
Phora Durbar Kathmandu,PM2.5 - Principal,2024-01-08 07:00 PM,2024,01,08,19,-999.0,-999,N/A,92.0,UG/M3,1 Hr,Invalid
Phora Durbar Kathmandu,PM2.5 - Principal,2024-01-09 02:00 AM,2024,01,09,02,-999.0,-999,N/A,92.0,UG/M3,1 Hr,Invalid
Phora Durbar Kathmandu,PM2.5 - Principal,2024-01-09 03:00 AM,2024,01,09,03,-999.0,-999,N/A,92.0,UG/M3,1 Hr,Invalid
Phora Durbar Kathmandu,PM2.5 - Principal,2024-01-09 04:00 AM,2024,01,09,04,-999.0,-999,N/A,92.0,UG/M3,1 Hr,Invalid
Phora Durbar Kathmandu,PM2.5 - Principal,2024-01-09 05:00 AM,2024,01,09,05,-999.0,-999,N/A,92.0,UG/M3,1 Hr,Invalid
Phora Durbar Kathmandu,PM2.5 - Principal,2024-01-09 06:00 AM,2024,01,09,06,-999.0,-999,N/A,92.0,UG/M3,1 Hr,Invalid
Phora Durbar Kathmandu,PM2.5 - Principal,2024-01-09 07:00 AM,2024,01,09,07,-999.0,-999,N/A,92.0,UG/M3,1 Hr,Invalid
Phora Durbar Kathmandu,PM2.5 - Principal,2024-01-09 08:00 AM,2024,01,09,08,-999.0,-999,N/A,92.0,UG/M3,1 Hr,Invalid
Phora Durbar Kathmandu,PM2.5 - Principal,2024-01-09 09:00 AM,2024,01,09,09,-999.0,-999,N/A,92.0,UG/M3,1 Hr,Invalid
Phora Durbar Kathmandu,PM2.5 - Principal,2024-01-09 10:00 AM,2024,01,09,10,-999.0,-999,N/A,92.0,UG/M3,1 Hr,Invalid
Phora Durbar Kathmandu,PM2.5 - Principal,2024-01-09 11:00 AM,2024,01,09,11,-999.0,-999,N/A,92.0,UG/M3,1 Hr,Invalid
Phora Durbar Kathmandu,PM2.5 - Principal,2024-01-09 12:00 PM,2024,01,09,12,-999.0,-999,N/A,92.0,UG/M3,1 Hr,Invalid
Phora Durbar Kathmandu,PM2.5 - Principal,2024-01-09 01:00 PM,2024,01,09,13,-999.0,-999,N/A,92.0,UG/M3,1 Hr,Invalid
Phora Durbar Kathmandu,PM2.5 - Principal,2024-01-09 02:00 PM,2024,01,09,14,-999.0,-999,N/A,92.0,UG/M3,1 Hr,Invalid
Phora Durbar Kathmandu,PM2.5 - Principal,2024-01-09 03:00 PM,2024,01,09,15,-999.0,-999,N/A,92.0,UG/M3,1 Hr,Invalid
Phora Durbar Kathmandu,PM2.5 - Principal,2024-01-09 04:00 PM,2024,01,09,16,-999.0,-999,N/A,92.0,UG/M3,1 Hr,Invalid
Phora Durbar Kathmandu,PM2.5 - Principal,2024-01-09 05:00 PM,2024,01,09,17,-999.0,-999,N/A,92.0,UG/M3,1 Hr,Invalid
Phora Durbar Kathmandu,PM2.5 - Principal,2024-01-09 06:00 PM,2024,01,09,18,-999.0,-999,N/A,92.0,UG/M3,1 Hr,Invalid
Phora Durbar Kathmandu,PM2.5 - Principal,2024-01-09 07:00 PM,2024,01,09,19,-999.0,-999,N/A,92.0,UG/M3,1 Hr,Invalid
Phora Durbar Kathmandu,PM2.5 - Principal,2024-01-09 08:00 PM,2024,01,09,20,-999.0,-999,N/A,92.0,UG/M3,1 Hr,Invalid
Phora Durbar Kathmandu,PM2.5 - Principal,2024-01-09 09:00 PM,2024,01,09,21,-999.0,-999,N/A,92.0,UG/M3,1 Hr,Invalid
Phora Durbar Kathmandu,PM2.5 - Principal,2024-01-09 10:00 PM,2024,01,09,22,-999.0,-999,N/A,92.0,UG/M3,1 Hr,Invalid
Phora Durbar Kathmandu,PM2.5 - Principal,2024-01-09 11:00 PM,2024,01,09,23,-999.0,-999,N/A,92.0,UG/M3,1 Hr,Invalid
Phora Durbar Kathmandu,PM2.5 - Principal,2024-01-10 12:00 AM,2024,01,10,00,-999.0,-999,N/A,92.0,UG/M3,1 Hr,Invalid
Phora Durbar Kathmandu,PM2.5 - Principal,2024-01-10 01:00 AM,2024,01,10,01,-999.0,-999,N/A,92.0,UG/M3,1 Hr,Invalid
Phora Durbar Kathmandu,PM2.5 - Principal,2024-01-10 02:00 AM,2024,01,10,02,-999.0,-999,N/A,92.0,UG/M3,1 Hr,Invalid
Phora Durbar Kathmandu,PM2.5 - Principal,2024-01-10 03:00 AM,2024,01,10,03,-999.0,-999,N/A,92.0,UG/M3,1 Hr,Invalid
Phora Durbar Kathmandu,PM2.5 - Principal,2024-01-10 04:00 AM,2024,01,10,04,-999.0,-999,N/A,92.0,UG/M3,1 Hr,Invalid
Phora Durbar Kathmandu,PM2.5 - Principal,2024-01-10 05:00 AM,2024,01,10,05,-999.0,-999,N/A,92.0,UG/M3,1 Hr,Invalid
Phora Durbar Kathmandu,PM2.5 - Principal,2024-01-10 06:00 AM,2024,01,10,06,-999.0,-999,N/A,92.0,UG/M3,1 Hr,Invalid
Phora Durbar Kathmandu,PM2.5 - Principal,2024-01-10 07:00 AM,2024,01,10,07,-999.0,-999,N/A,92.0,UG/M3,1 Hr,Invalid
Phora Durbar Kathmandu,PM2.5 - Principal,2024-01-10 08:00 AM,2024,01,10,08,-999.0,-999,N/A,92.0,UG/M3,1 Hr,Invalid
Phora Durbar Kathmandu,PM2.5 - Principal,2024-01-10 09:00 AM,2024,01,10,09,-999.0,-999,N/A,92.0,UG/M3,1 Hr,Invalid
Phora Durbar Kathmandu,PM2.5 - Principal,2024-01-10 10:00 AM,2024,01,10,10,-999.0,-999,N/A,92.0,UG/M3,1 Hr,Invalid
Phora Durbar Kathmandu,PM2.5 - Principal,2024-01-10 11:00 AM,2024,01,10,11,-999.0,-999,N/A,92.0,UG/M3,1 Hr,Invalid
Phora Durbar Kathmandu,PM2.5 - Principal,2024-01-10 12:00 PM,2024,01,10,12,-999.0,-999,N/A,92.0,UG/M3,1 Hr,Invalid
Phora Durbar Kathmandu,PM2.5 - Principal,2024-01-10 01:00 PM,2024,01,10,13,-999.0,-999,N/A,92.0,UG/M3,1 Hr,Invalid
Phora Durbar Kathmandu,PM2.5 - Principal,2024-01-10 02:00 PM,2024,01,10,14,-999.0,-999,N/A,92.0,UG/M3,1 Hr,Invalid
Phora Durbar Kathmandu,PM2.5 - Principal,2024-01-10 03:00 PM,2024,01,10,15,-999.0,-999,N/A,92.0,UG/M3,1 Hr,Invalid
Phora Durbar Kathmandu,PM2.5 - Principal,2024-01-10 04:00 PM,2024,01,10,16,-999.0,-999,N/A,92.0,UG/M3,1 Hr,Invalid
Phora Durbar Kathmandu,PM2.5 - Principal,2024-01-10 05:00 PM,2024,01,10,17,-999.0,-999,N/A,92.0,UG/M3,1 Hr,Invalid
Phora Durbar Kathmandu,PM2.5 - Principal,2024-01-10 06:00 PM,2024,01,10,18,-999.0,-999,N/A,92.0,UG/M3,1 Hr,Invalid
Phora Durbar Kathmandu,PM2.5 - Principal,2024-01-10 07:00 PM,2024,01,10,19,-999.0,-999,N/A,92.0,UG/M3,1 Hr,Invalid
Phora Durbar Kathmandu,PM2.5 - Principal,2024-01-10 08:00 PM,2024,01,10,20,-999.0,-999,N/A,92.0,UG/M3,1 Hr,Invalid
Phora Durbar Kathmandu,PM2.5 - Principal,2024-01-11 07:00 PM,2024,01,11,19,-999.0,-999,N/A,92.0,UG/M3,1 Hr,Invalid
Phora Durbar Kathmandu,PM2.5 - Principal,2024-01-11 08:00 PM,2024,01,11,20,-999.0,-999,N/A,92.0,UG/M3,1 Hr,Invalid
Phora Durbar Kathmandu,PM2.5 - Principal,2024-01-11 09:00 PM,2024,01,11,21,-999.0,-999,N/A,92.0,UG/M3,1 Hr,Invalid
Phora Durbar Kathmandu,PM2.5 - Principal,2024-01-11 10:00 PM,2024,01,11,22,-999.0,-999,N/A,92.0,UG/M3,1 Hr,Invalid
Phora Durbar Kathmandu,PM2.5 - Principal,2024-01-11 11:00 PM,2024,01,11,23,-999.0,-999,N/A,92.0,UG/M3,1 Hr,Invalid
Phora Durbar Kathmandu,PM2.5 - Principal,2024-01-12 12:00 AM,2024,01,12,00,-999.0,-999,N/A,92.0,UG/M3,1 Hr,Invalid
Phora Durbar Kathmandu,PM2.5 - Principal,2024-01-12 01:00 AM,2024,01,12,01,-999.0,-999,N/A,92.0,UG/M3,1 Hr,Invalid
Phora Durbar Kathmandu,PM2.5 - Principal,2024-01-12 02:00 AM,2024,01,12,02,-999.0,-999,N/A,92.0,UG/M3,1 Hr,Invalid
Phora Durbar Kathmandu,PM2.5 - Principal,2024-01-12 03:00 AM,2024,01,12,03,-999.0,-999,N/A,92.0,UG/M3,1 Hr,Invalid
Phora Durbar Kathmandu,PM2.5 - Principal,2024-01-12 04:00 AM,2024,01,12,04,-999.0,-999,N/A,92.0,UG/M3,1 Hr,Invalid
Phora Durbar Kathmandu,PM2.5 - Principal,2024-01-12 05:00 AM,2024,01,12,05,-999.0,-999,N/A,92.0,UG/M3,1 Hr,Invalid
Phora Durbar Kathmandu,PM2.5 - Principal,2024-01-12 06:00 AM,2024,01,12,06,-999.0,-999,N/A,92.0,UG/M3,1 Hr,Invalid
Phora Durbar Kathmandu,PM2.5 - Principal,2024-01-12 07:00 AM,2024,01,12,07,-999.0,-999,N/A,92.0,UG/M3,1 Hr,Invalid
Phora Durbar Kathmandu,PM2.5 - Principal,2024-01-12 08:00 AM,2024,01,12,08,-999.0,-999,N/A,92.0,UG/M3,1 Hr,Invalid
Phora Durbar Kathmandu,PM2.5 - Principal,2024-01-12 09:00 AM,2024,01,12,09,-999.0,-999,N/A,92.0,UG/M3,1 Hr,Invalid
Phora Durbar Kathmandu,PM2.5 - Principal,2024-01-12 10:00 AM,2024,01,12,10,-999.0,-999,N/A,92.0,UG/M3,1 Hr,Invalid
Phora Durbar Kathmandu,PM2.5 - Principal,2024-01-12 11:00 AM,2024,01,12,11,-999.0,-999,N/A,92.0,UG/M3,1 Hr,Invalid
Phora Durbar Kathmandu,PM2.5 - Principal,2024-01-12 12:00 PM,2024,01,12,12,-999.0,-999,N/A,92.0,UG/M3,1 Hr,Invalid
Phora Durbar Kathmandu,PM2.5 - Principal,2024-01-12 01:00 PM,2024,01,12,13,-999.0,-999,N/A,92.0,UG/M3,1 Hr,Invalid
Phora Durbar Kathmandu,PM2.5 - Principal,2024-01-12 02:00 PM,2024,01,12,14,-999.0,-999,N/A,92.0,UG/M3,1 Hr,Invalid
Phora Durbar Kathmandu,PM2.5 - Principal,2024-01-12 03:00 PM,2024,01,12,15,-999.0,-999,N/A,92.0,UG/M3,1 Hr,Invalid
Phora Durbar Kathmandu,PM2.5 - Principal,2024-01-12 04:00 PM,2024,01,12,16,-999.0,-999,N/A,92.0,UG/M3,1 Hr,Invalid
Phora Durbar Kathmandu,PM2.5 - Principal,2024-01-12 05:00 PM,2024,01,12,17,-999.0,-999,N/A,92.0,UG/M3,1 Hr,Invalid
Phora Durbar Kathmandu,PM2.5 - Principal,2024-01-12 06:00 PM,2024,01,12,18,-999.0,-999,N/A,92.0,UG/M3,1 Hr,Invalid
Phora Durbar Kathmandu,PM2.5 - Principal,2024-01-12 07:00 PM,2024,01,12,19,-999.0,-999,N/A,92.0,UG/M3,1 Hr,Invalid
Phora Durbar Kathmandu,PM2.5 - Principal,2024-01-12 08:00 PM,2024,01,12,20,-999.0,-999,N/A,92.0,UG/M3,1 Hr,Invalid
Phora Durbar Kathmandu,PM2.5 - Principal,2024-01-12 09:00 PM,2024,01,12,21,-999.0,-999,N/A,92.0,UG/M3,1 Hr,Invalid
Phora Durbar Kathmandu,PM2.5 - Principal,2024-01-12 10:00 PM,2024,01,12,22,-999.0,-999,N/A,92.0,UG/M3,1 Hr,Invalid
Phora Durbar Kathmandu,PM2.5 - Principal,2024-01-12 11:00 PM,2024,01,12,23,-999.0,-999,N/A,92.0,UG/M3,1 Hr,Invalid
Phora Durbar Kathmandu,PM2.5 - Principal,2024-01-13 12:00 AM,2024,01,13,00,-999.0,-999,N/A,92.0,UG/M3,1 Hr,Invalid
Phora Durbar Kathmandu,PM2.5 - Principal,2024-01-13 01:00 AM,2024,01,13,01,-999.0,-999,N/A,92.0,UG/M3,1 Hr,Invalid
Phora Durbar Kathmandu,PM2.5 - Principal,2024-01-13 02:00 AM,2024,01,13,02,-999.0,-999,N/A,92.0,UG/M3,1 Hr,Invalid
Phora Durbar Kathmandu,PM2.5 - Principal,2024-01-13 03:00 AM,2024,01,13,03,-999.0,-999,N/A,92.0,UG/M3,1 Hr,Invalid
Phora Durbar Kathmandu,PM2.5 - Principal,2024-01-13 04:00 AM,2024,01,13,04,-999.0,-999,N/A,92.0,UG/M3,1 Hr,Invalid
Phora Durbar Kathmandu,PM2.5 - Principal,2024-01-13 05:00 AM,2024,01,13,05,-999.0,-999,N/A,92.0,UG/M3,1 Hr,Invalid
Phora Durbar Kathmandu,PM2.5 - Principal,2024-01-13 06:00 AM,2024,01,13,06,-999.0,-999,N/A,92.0,UG/M3,1 Hr,Invalid
Phora Durbar Kathmandu,PM2.5 - Principal,2024-01-13 07:00 AM,2024,01,13,07,-999.0,-999,N/A,92.0,UG/M3,1 Hr,Invalid
Phora Durbar Kathmandu,PM2.5 - Principal,2024-01-13 08:00 AM,2024,01,13,08,-999.0,-999,N/A,92.0,UG/M3,1 Hr,Invalid
Phora Durbar Kathmandu,PM2.5 - Principal,2024-01-13 09:00 AM,2024,01,13,09,-999.0,-999,N/A,92.0,UG/M3,1 Hr,Invalid
Phora Durbar Kathmandu,PM2.5 - Principal,2024-01-13 10:00 AM,2024,01,13,10,-999.0,-999,N/A,92.0,UG/M3,1 Hr,Invalid
Phora Durbar Kathmandu,PM2.5 - Principal,2024-01-13 11:00 AM,2024,01,13,11,-999.0,-999,N/A,92.0,UG/M3,1 Hr,Invalid
Phora Durbar Kathmandu,PM2.5 - Principal,2024-01-13 12:00 PM,2024,01,13,12,-999.0,-999,N/A,92.0,UG/M3,1 Hr,Invalid
Phora Durbar Kathmandu,PM2.5 - Principal,2024-01-13 01:00 PM,2024,01,13,13,-999.0,-999,N/A,92.0,UG/M3,1 Hr,Invalid
Phora Durbar Kathmandu,PM2.5 - Principal,2024-01-13 02:00 PM,2024,01,13,14,-999.0,-999,N/A,92.0,UG/M3,1 Hr,Invalid
Phora Durbar Kathmandu,PM2.5 - Principal,2024-01-13 03:00 PM,2024,01,13,15,-999.0,-999,N/A,92.0,UG/M3,1 Hr,Invalid
Phora Durbar Kathmandu,PM2.5 - Principal,2024-01-13 04:00 PM,2024,01,13,16,-999.0,-999,N/A,92.0,UG/M3,1 Hr,Invalid
Phora Durbar Kathmandu,PM2.5 - Principal,2024-01-13 05:00 PM,2024,01,13,17,-999.0,-999,N/A,92.0,UG/M3,1 Hr,Invalid
Phora Durbar Kathmandu,PM2.5 - Principal,2024-01-13 06:00 PM,2024,01,13,18,-999.0,-999,N/A,92.0,UG/M3,1 Hr,Invalid
Phora Durbar Kathmandu,PM2.5 - Principal,2024-01-13 07:00 PM,2024,01,13,19,-999.0,-999,N/A,92.0,UG/M3,1 Hr,Invalid
Phora Durbar Kathmandu,PM2.5 - Principal,2024-01-13 08:00 PM,2024,01,13,20,-999.0,-999,N/A,92.0,UG/M3,1 Hr,Invalid
Phora Durbar Kathmandu,PM2.5 - Principal,2024-01-13 09:00 PM,2024,01,13,21,-999.0,-999,N/A,92.0,UG/M3,1 Hr,Invalid
Phora Durbar Kathmandu,PM2.5 - Principal,2024-01-13 10:00 PM,2024,01,13,22,-999.0,-999,N/A,92.0,UG/M3,1 Hr,Invalid
Phora Durbar Kathmandu,PM2.5 - Principal,2024-01-13 11:00 PM,2024,01,13,23,-999.0,-999,N/A,92.0,UG/M3,1 Hr,Invalid
Phora Durbar Kathmandu,PM2.5 - Principal,2024-01-14 12:00 AM,2024,01,14,00,-999.0,-999,N/A,92.0,UG/M3,1 Hr,Invalid
Phora Durbar Kathmandu,PM2.5 - Principal,2024-01-14 01:00 AM,2024,01,14,01,-999.0,-999,N/A,92.0,UG/M3,1 Hr,Invalid
Phora Durbar Kathmandu,PM2.5 - Principal,2024-01-14 02:00 AM,2024,01,14,02,-999.0,-999,N/A,92.0,UG/M3,1 Hr,Invalid
Phora Durbar Kathmandu,PM2.5 - Principal,2024-01-14 03:00 AM,2024,01,14,03,-999.0,-999,N/A,92.0,UG/M3,1 Hr,Invalid
Phora Durbar Kathmandu,PM2.5 - Principal,2024-01-14 04:00 AM,2024,01,14,04,-999.0,-999,N/A,92.0,UG/M3,1 Hr,Invalid
Phora Durbar Kathmandu,PM2.5 - Principal,2024-01-14 05:00 AM,2024,01,14,05,-999.0,-999,N/A,92.0,UG/M3,1 Hr,Invalid
Phora Durbar Kathmandu,PM2.5 - Principal,2024-01-14 06:00 AM,2024,01,14,06,-999.0,-999,N/A,92.0,UG/M3,1 Hr,Invalid
Phora Durbar Kathmandu,PM2.5 - Principal,2024-01-14 07:00 AM,2024,01,14,07,-999.0,-999,N/A,92.0,UG/M3,1 Hr,Invalid
Phora Durbar Kathmandu,PM2.5 - Principal,2024-01-14 08:00 AM,2024,01,14,08,-999.0,-999,N/A,92.0,UG/M3,1 Hr,Invalid
Phora Durbar Kathmandu,PM2.5 - Principal,2024-01-14 09:00 AM,2024,01,14,09,-999.0,-999,N/A,92.0,UG/M3,1 Hr,Invalid
Phora Durbar Kathmandu,PM2.5 - Principal,2024-01-14 10:00 AM,2024,01,14,10,-999.0,-999,N/A,92.0,UG/M3,1 Hr,Invalid
Phora Durbar Kathmandu,PM2.5 - Principal,2024-01-14 11:00 AM,2024,01,14,11,-999.0,-999,N/A,92.0,UG/M3,1 Hr,Invalid
Phora Durbar Kathmandu,PM2.5 - Principal,2024-01-14 12:00 PM,2024,01,14,12,-999.0,-999,N/A,92.0,UG/M3,1 Hr,Invalid
Phora Durbar Kathmandu,PM2.5 - Principal,2024-01-14 01:00 PM,2024,01,14,13,-999.0,-999,N/A,92.0,UG/M3,1 Hr,Invalid
Phora Durbar Kathmandu,PM2.5 - Principal,2024-01-14 02:00 PM,2024,01,14,14,-999.0,-999,N/A,92.0,UG/M3,1 Hr,Invalid
Phora Durbar Kathmandu,PM2.5 - Principal,2024-01-14 03:00 PM,2024,01,14,15,-999.0,-999,N/A,92.0,UG/M3,1 Hr,Invalid
Phora Durbar Kathmandu,PM2.5 - Principal,2024-01-14 04:00 PM,2024,01,14,16,-999.0,-999,N/A,92.0,UG/M3,1 Hr,Invalid
Phora Durbar Kathmandu,PM2.5 - Principal,2024-01-14 05:00 PM,2024,01,14,17,-999.0,-999,N/A,92.0,UG/M3,1 Hr,Invalid
Phora Durbar Kathmandu,PM2.5 - Principal,2024-01-14 06:00 PM,2024,01,14,18,-999.0,-999,N/A,92.0,UG/M3,1 Hr,Invalid
Phora Durbar Kathmandu,PM2.5 - Principal,2024-01-14 07:00 PM,2024,01,14,19,-999.0,-999,N/A,92.0,UG/M3,1 Hr,Invalid
Phora Durbar Kathmandu,PM2.5 - Principal,2024-01-14 08:00 PM,2024,01,14,20,-999.0,-999,N/A,92.0,UG/M3,1 Hr,Invalid
Phora Durbar Kathmandu,PM2.5 - Principal,2024-01-14 09:00 PM,2024,01,14,21,-999.0,-999,N/A,92.0,UG/M3,1 Hr,Invalid
Phora Durbar Kathmandu,PM2.5 - Principal,2024-01-14 10:00 PM,2024,01,14,22,-999.0,-999,N/A,92.0,UG/M3,1 Hr,Invalid
Phora Durbar Kathmandu,PM2.5 - Principal,2024-01-14 11:00 PM,2024,01,14,23,-999.0,-999,N/A,92.0,UG/M3,1 Hr,Invalid
Phora Durbar Kathmandu,PM2.5 - Principal,2024-01-15 12:00 AM,2024,01,15,00,-999.0,-999,N/A,92.0,UG/M3,1 Hr,Invalid
Phora Durbar Kathmandu,PM2.5 - Principal,2024-01-15 01:00 AM,2024,01,15,01,-999.0,-999,N/A,92.0,UG/M3,1 Hr,Invalid
Phora Durbar Kathmandu,PM2.5 - Principal,2024-01-15 02:00 AM,2024,01,15,02,-999.0,-999,N/A,92.0,UG/M3,1 Hr,Invalid
Phora Durbar Kathmandu,PM2.5 - Principal,2024-01-15 03:00 AM,2024,01,15,03,-999.0,-999,N/A,92.0,UG/M3,1 Hr,Invalid
Phora Durbar Kathmandu,PM2.5 - Principal,2024-01-15 04:00 AM,2024,01,15,04,-999.0,-999,N/A,92.0,UG/M3,1 Hr,Invalid
Phora Durbar Kathmandu,PM2.5 - Principal,2024-01-15 05:00 AM,2024,01,15,05,-999.0,-999,N/A,92.0,UG/M3,1 Hr,Invalid
Phora Durbar Kathmandu,PM2.5 - Principal,2024-01-15 06:00 AM,2024,01,15,06,-999.0,-999,N/A,92.0,UG/M3,1 Hr,Invalid
Phora Durbar Kathmandu,PM2.5 - Principal,2024-01-15 07:00 AM,2024,01,15,07,-999.0,-999,N/A,92.0,UG/M3,1 Hr,Invalid
Phora Durbar Kathmandu,PM2.5 - Principal,2024-01-15 08:00 AM,2024,01,15,08,-999.0,-999,N/A,92.0,UG/M3,1 Hr,Invalid
Phora Durbar Kathmandu,PM2.5 - Principal,2024-01-15 09:00 AM,2024,01,15,09,-999.0,-999,N/A,92.0,UG/M3,1 Hr,Invalid
Phora Durbar Kathmandu,PM2.5 - Principal,2024-01-15 10:00 AM,2024,01,15,10,-999.0,-999,N/A,92.0,UG/M3,1 Hr,Invalid
Phora Durbar Kathmandu,PM2.5 - Principal,2024-01-15 11:00 AM,2024,01,15,11,-999.0,-999,N/A,92.0,UG/M3,1 Hr,Invalid
Phora Durbar Kathmandu,PM2.5 - Principal,2024-01-15 12:00 PM,2024,01,15,12,-999.0,-999,N/A,92.0,UG/M3,1 Hr,Invalid
Phora Durbar Kathmandu,PM2.5 - Principal,2024-01-15 01:00 PM,2024,01,15,13,-999.0,-999,N/A,92.0,UG/M3,1 Hr,Invalid
Phora Durbar Kathmandu,PM2.5 - Principal,2024-01-15 02:00 PM,2024,01,15,14,-999.0,-999,N/A,92.0,UG/M3,1 Hr,Invalid
Phora Durbar Kathmandu,PM2.5 - Principal,2024-01-15 03:00 PM,2024,01,15,15,-999.0,-999,N/A,92.0,UG/M3,1 Hr,Invalid
Phora Durbar Kathmandu,PM2.5 - Principal,2024-01-15 04:00 PM,2024,01,15,16,-999.0,-999,N/A,92.0,UG/M3,1 Hr,Invalid
Phora Durbar Kathmandu,PM2.5 - Principal,2024-01-15 05:00 PM,2024,01,15,17,-999.0,-999,N/A,92.0,UG/M3,1 Hr,Invalid
Phora Durbar Kathmandu,PM2.5 - Principal,2024-01-15 06:00 PM,2024,01,15,18,-999.0,-999,N/A,92.0,UG/M3,1 Hr,Invalid
Phora Durbar Kathmandu,PM2.5 - Principal,2024-01-15 07:00 PM,2024,01,15,19,-999.0,-999,N/A,92.0,UG/M3,1 Hr,Invalid
Phora Durbar Kathmandu,PM2.5 - Principal,2024-01-15 08:00 PM,2024,01,15,20,-999.0,-999,N/A,92.0,UG/M3,1 Hr,Invalid
Phora Durbar Kathmandu,PM2.5 - Principal,2024-01-15 09:00 PM,2024,01,15,21,-999.0,-999,N/A,92.0,UG/M3,1 Hr,Invalid
Phora Durbar Kathmandu,PM2.5 - Principal,2024-01-15 10:00 PM,2024,01,15,22,-999.0,-999,N/A,92.0,UG/M3,1 Hr,Invalid
Phora Durbar Kathmandu,PM2.5 - Principal,2024-01-15 11:00 PM,2024,01,15,23,-999.0,-999,N/A,92.0,UG/M3,1 Hr,Invalid
Phora Durbar Kathmandu,PM2.5 - Principal,2024-01-16 12:00 AM,2024,01,16,00,-999.0,-999,N/A,92.0,UG/M3,1 Hr,Invalid
Phora Durbar Kathmandu,PM2.5 - Principal,2024-01-16 01:00 AM,2024,01,16,01,-999.0,-999,N/A,92.0,UG/M3,1 Hr,Invalid
Phora Durbar Kathmandu,PM2.5 - Principal,2024-01-16 02:00 AM,2024,01,16,02,-999.0,-999,N/A,92.0,UG/M3,1 Hr,Invalid
Phora Durbar Kathmandu,PM2.5 - Principal,2024-01-16 03:00 AM,2024,01,16,03,-999.0,-999,N/A,92.0,UG/M3,1 Hr,Invalid
Phora Durbar Kathmandu,PM2.5 - Principal,2024-01-16 04:00 AM,2024,01,16,04,-999.0,-999,N/A,92.0,UG/M3,1 Hr,Invalid
Phora Durbar Kathmandu,PM2.5 - Principal,2024-01-16 05:00 AM,2024,01,16,05,-999.0,-999,N/A,92.0,UG/M3,1 Hr,Invalid
Phora Durbar Kathmandu,PM2.5 - Principal,2024-01-16 06:00 AM,2024,01,16,06,-999.0,-999,N/A,92.0,UG/M3,1 Hr,Invalid
Phora Durbar Kathmandu,PM2.5 - Principal,2024-01-16 07:00 AM,2024,01,16,07,-999.0,-999,N/A,92.0,UG/M3,1 Hr,Invalid
Phora Durbar Kathmandu,PM2.5 - Principal,2024-01-16 08:00 AM,2024,01,16,08,-999.0,-999,N/A,92.0,UG/M3,1 Hr,Invalid
Phora Durbar Kathmandu,PM2.5 - Principal,2024-01-16 09:00 AM,2024,01,16,09,-999.0,-999,N/A,92.0,UG/M3,1 Hr,Invalid
Phora Durbar Kathmandu,PM2.5 - Principal,2024-01-16 10:00 AM,2024,01,16,10,-999.0,-999,N/A,92.0,UG/M3,1 Hr,Invalid
Phora Durbar Kathmandu,PM2.5 - Principal,2024-01-16 11:00 AM,2024,01,16,11,-999.0,-999,N/A,92.0,UG/M3,1 Hr,Invalid
Phora Durbar Kathmandu,PM2.5 - Principal,2024-01-16 12:00 PM,2024,01,16,12,-999.0,-999,N/A,92.0,UG/M3,1 Hr,Invalid
Phora Durbar Kathmandu,PM2.5 - Principal,2024-01-16 01:00 PM,2024,01,16,13,-999.0,-999,N/A,92.0,UG/M3,1 Hr,Invalid
Phora Durbar Kathmandu,PM2.5 - Principal,2024-01-16 02:00 PM,2024,01,16,14,-999.0,-999,N/A,92.0,UG/M3,1 Hr,Invalid
Phora Durbar Kathmandu,PM2.5 - Principal,2024-01-16 03:00 PM,2024,01,16,15,-999.0,-999,N/A,92.0,UG/M3,1 Hr,Invalid
Phora Durbar Kathmandu,PM2.5 - Principal,2024-01-16 04:00 PM,2024,01,16,16,-999.0,-999,N/A,92.0,UG/M3,1 Hr,Invalid
Phora Durbar Kathmandu,PM2.5 - Principal,2024-01-16 05:00 PM,2024,01,16,17,-999.0,-999,N/A,92.0,UG/M3,1 Hr,Invalid
Phora Durbar Kathmandu,PM2.5 - Principal,2024-01-16 06:00 PM,2024,01,16,18,-999.0,-999,N/A,92.0,UG/M3,1 Hr,Invalid
Phora Durbar Kathmandu,PM2.5 - Principal,2024-01-16 07:00 PM,2024,01,16,19,-999.0,-999,N/A,92.0,UG/M3,1 Hr,Invalid
Phora Durbar Kathmandu,PM2.5 - Principal,2024-01-16 08:00 PM,2024,01,16,20,-999.0,-999,N/A,92.0,UG/M3,1 Hr,Invalid
Phora Durbar Kathmandu,PM2.5 - Principal,2024-01-16 09:00 PM,2024,01,16,21,-999.0,-999,N/A,92.0,UG/M3,1 Hr,Invalid
Phora Durbar Kathmandu,PM2.5 - Principal,2024-01-16 10:00 PM,2024,01,16,22,-999.0,-999,N/A,92.0,UG/M3,1 Hr,Invalid
Phora Durbar Kathmandu,PM2.5 - Principal,2024-01-16 11:00 PM,2024,01,16,23,-999.0,-999,N/A,92.0,UG/M3,1 Hr,Invalid
Phora Durbar Kathmandu,PM2.5 - Principal,2024-01-17 12:00 AM,2024,01,17,00,-999.0,-999,N/A,92.0,UG/M3,1 Hr,Invalid
Phora Durbar Kathmandu,PM2.5 - Principal,2024-01-17 01:00 AM,2024,01,17,01,-999.0,-999,N/A,92.0,UG/M3,1 Hr,Invalid
Phora Durbar Kathmandu,PM2.5 - Principal,2024-01-17 02:00 AM,2024,01,17,02,-999.0,-999,N/A,92.0,UG/M3,1 Hr,Invalid
Phora Durbar Kathmandu,PM2.5 - Principal,2024-01-17 03:00 AM,2024,01,17,03,-999.0,-999,N/A,92.0,UG/M3,1 Hr,Invalid
Phora Durbar Kathmandu,PM2.5 - Principal,2024-01-17 04:00 AM,2024,01,17,04,-999.0,-999,N/A,92.0,UG/M3,1 Hr,Invalid
Phora Durbar Kathmandu,PM2.5 - Principal,2024-01-17 05:00 AM,2024,01,17,05,-999.0,-999,N/A,92.0,UG/M3,1 Hr,Invalid
Phora Durbar Kathmandu,PM2.5 - Principal,2024-01-17 06:00 AM,2024,01,17,06,-999.0,-999,N/A,92.0,UG/M3,1 Hr,Invalid
Phora Durbar Kathmandu,PM2.5 - Principal,2024-01-17 07:00 AM,2024,01,17,07,-999.0,-999,N/A,92.0,UG/M3,1 Hr,Invalid
Phora Durbar Kathmandu,PM2.5 - Principal,2024-01-17 08:00 AM,2024,01,17,08,-999.0,-999,N/A,92.0,UG/M3,1 Hr,Invalid
Phora Durbar Kathmandu,PM2.5 - Principal,2024-01-17 09:00 AM,2024,01,17,09,-999.0,-999,N/A,92.0,UG/M3,1 Hr,Invalid
Phora Durbar Kathmandu,PM2.5 - Principal,2024-01-17 10:00 AM,2024,01,17,10,-999.0,-999,N/A,92.0,UG/M3,1 Hr,Invalid
Phora Durbar Kathmandu,PM2.5 - Principal,2024-01-17 11:00 AM,2024,01,17,11,-999.0,-999,N/A,92.0,UG/M3,1 Hr,Invalid
Phora Durbar Kathmandu,PM2.5 - Principal,2024-01-17 12:00 PM,2024,01,17,12,-999.0,-999,N/A,92.0,UG/M3,1 Hr,Invalid
Phora Durbar Kathmandu,PM2.5 - Principal,2024-01-17 01:00 PM,2024,01,17,13,-999.0,-999,N/A,92.0,UG/M3,1 Hr,Invalid
Phora Durbar Kathmandu,PM2.5 - Principal,2024-01-17 02:00 PM,2024,01,17,14,-999.0,-999,N/A,92.0,UG/M3,1 Hr,Invalid
Phora Durbar Kathmandu,PM2.5 - Principal,2024-01-17 03:00 PM,2024,01,17,15,-999.0,-999,N/A,92.0,UG/M3,1 Hr,Invalid
Phora Durbar Kathmandu,PM2.5 - Principal,2024-01-17 04:00 PM,2024,01,17,16,-999.0,-999,N/A,92.0,UG/M3,1 Hr,Invalid
Phora Durbar Kathmandu,PM2.5 - Principal,2024-01-17 05:00 PM,2024,01,17,17,-999.0,-999,N/A,92.0,UG/M3,1 Hr,Invalid
Phora Durbar Kathmandu,PM2.5 - Principal,2024-01-17 06:00 PM,2024,01,17,18,-999.0,-999,N/A,92.0,UG/M3,1 Hr,Invalid
Phora Durbar Kathmandu,PM2.5 - Principal,2024-01-17 07:00 PM,2024,01,17,19,-999.0,-999,N/A,92.0,UG/M3,1 Hr,Invalid
Phora Durbar Kathmandu,PM2.5 - Principal,2024-01-17 08:00 PM,2024,01,17,20,-999.0,-999,N/A,92.0,UG/M3,1 Hr,Invalid
Phora Durbar Kathmandu,PM2.5 - Principal,2024-01-17 09:00 PM,2024,01,17,21,-999.0,-999,N/A,92.0,UG/M3,1 Hr,Invalid
Phora Durbar Kathmandu,PM2.5 - Principal,2024-01-17 10:00 PM,2024,01,17,22,-999.0,-999,N/A,92.0,UG/M3,1 Hr,Invalid
Phora Durbar Kathmandu,PM2.5 - Principal,2024-01-17 11:00 PM,2024,01,17,23,-999.0,-999,N/A,92.0,UG/M3,1 Hr,Invalid
Phora Durbar Kathmandu,PM2.5 - Principal,2024-01-18 12:00 AM,2024,01,18,00,-999.0,-999,N/A,92.0,UG/M3,1 Hr,Invalid
Phora Durbar Kathmandu,PM2.5 - Principal,2024-01-18 01:00 AM,2024,01,18,01,-999.0,-999,N/A,92.0,UG/M3,1 Hr,Invalid
Phora Durbar Kathmandu,PM2.5 - Principal,2024-01-18 02:00 AM,2024,01,18,02,-999.0,-999,N/A,92.0,UG/M3,1 Hr,Invalid
Phora Durbar Kathmandu,PM2.5 - Principal,2024-01-18 03:00 AM,2024,01,18,03,-999.0,-999,N/A,92.0,UG/M3,1 Hr,Invalid
Phora Durbar Kathmandu,PM2.5 - Principal,2024-01-18 04:00 AM,2024,01,18,04,-999.0,-999,N/A,92.0,UG/M3,1 Hr,Invalid
Phora Durbar Kathmandu,PM2.5 - Principal,2024-01-18 05:00 AM,2024,01,18,05,-999.0,-999,N/A,92.0,UG/M3,1 Hr,Invalid
Phora Durbar Kathmandu,PM2.5 - Principal,2024-01-18 06:00 AM,2024,01,18,06,-999.0,-999,N/A,92.0,UG/M3,1 Hr,Invalid
Phora Durbar Kathmandu,PM2.5 - Principal,2024-01-18 07:00 AM,2024,01,18,07,-999.0,-999,N/A,92.0,UG/M3,1 Hr,Invalid
Phora Durbar Kathmandu,PM2.5 - Principal,2024-01-18 08:00 AM,2024,01,18,08,-999.0,-999,N/A,92.0,UG/M3,1 Hr,Invalid
Phora Durbar Kathmandu,PM2.5 - Principal,2024-01-18 09:00 AM,2024,01,18,09,-999.0,-999,N/A,92.0,UG/M3,1 Hr,Invalid
Phora Durbar Kathmandu,PM2.5 - Principal,2024-01-18 11:00 AM,2024,01,18,11,-999.0,-999,N/A,92.0,UG/M3,1 Hr,Invalid
Phora Durbar Kathmandu,PM2.5 - Principal,2024-01-18 12:00 PM,2024,01,18,12,-999.0,-999,N/A,92.0,UG/M3,1 Hr,Invalid
Phora Durbar Kathmandu,PM2.5 - Principal,2024-01-18 01:00 PM,2024,01,18,13,-999.0,-999,N/A,92.0,UG/M3,1 Hr,Invalid
Phora Durbar Kathmandu,PM2.5 - Principal,2024-01-18 02:00 PM,2024,01,18,14,-999.0,-999,N/A,92.0,UG/M3,1 Hr,Invalid
Phora Durbar Kathmandu,PM2.5 - Principal,2024-01-18 03:00 PM,2024,01,18,15,-999.0,-999,N/A,92.0,UG/M3,1 Hr,Invalid
Phora Durbar Kathmandu,PM2.5 - Principal,2024-01-18 04:00 PM,2024,01,18,16,-999.0,-999,N/A,92.0,UG/M3,1 Hr,Invalid
Phora Durbar Kathmandu,PM2.5 - Principal,2024-01-18 05:00 PM,2024,01,18,17,-999.0,-999,N/A,92.0,UG/M3,1 Hr,Invalid
Phora Durbar Kathmandu,PM2.5 - Principal,2024-01-18 06:00 PM,2024,01,18,18,-999.0,-999,N/A,92.0,UG/M3,1 Hr,Invalid
Phora Durbar Kathmandu,PM2.5 - Principal,2024-01-18 07:00 PM,2024,01,18,19,-999.0,-999,N/A,92.0,UG/M3,1 Hr,Invalid
Phora Durbar Kathmandu,PM2.5 - Principal,2024-01-18 08:00 PM,2024,01,18,20,-999.0,-999,N/A,92.0,UG/M3,1 Hr,Invalid
Phora Durbar Kathmandu,PM2.5 - Principal,2024-01-18 09:00 PM,2024,01,18,21,-999.0,-999,N/A,92.0,UG/M3,1 Hr,Invalid
Phora Durbar Kathmandu,PM2.5 - Principal,2024-01-18 10:00 PM,2024,01,18,22,-999.0,-999,N/A,92.0,UG/M3,1 Hr,Invalid
Phora Durbar Kathmandu,PM2.5 - Principal,2024-01-18 11:00 PM,2024,01,18,23,-999.0,-999,N/A,92.0,UG/M3,1 Hr,Invalid
Phora Durbar Kathmandu,PM2.5 - Principal,2024-01-19 12:00 AM,2024,01,19,00,-999.0,-999,N/A,92.0,UG/M3,1 Hr,Invalid
Phora Durbar Kathmandu,PM2.5 - Principal,2024-01-19 01:00 AM,2024,01,19,01,-999.0,-999,N/A,92.0,UG/M3,1 Hr,Invalid
Phora Durbar Kathmandu,PM2.5 - Principal,2024-01-19 02:00 AM,2024,01,19,02,-999.0,-999,N/A,92.0,UG/M3,1 Hr,Invalid
Phora Durbar Kathmandu,PM2.5 - Principal,2024-01-19 03:00 AM,2024,01,19,03,-999.0,-999,N/A,92.0,UG/M3,1 Hr,Invalid
Phora Durbar Kathmandu,PM2.5 - Principal,2024-01-19 04:00 AM,2024,01,19,04,-999.0,-999,N/A,92.0,UG/M3,1 Hr,Invalid
Phora Durbar Kathmandu,PM2.5 - Principal,2024-01-19 05:00 AM,2024,01,19,05,-999.0,-999,N/A,92.0,UG/M3,1 Hr,Invalid
Phora Durbar Kathmandu,PM2.5 - Principal,2024-01-19 06:00 AM,2024,01,19,06,-999.0,-999,N/A,92.0,UG/M3,1 Hr,Invalid
Phora Durbar Kathmandu,PM2.5 - Principal,2024-01-19 07:00 AM,2024,01,19,07,-999.0,-999,N/A,92.0,UG/M3,1 Hr,Invalid
Phora Durbar Kathmandu,PM2.5 - Principal,2024-01-19 08:00 AM,2024,01,19,08,-999.0,-999,N/A,92.0,UG/M3,1 Hr,Invalid
Phora Durbar Kathmandu,PM2.5 - Principal,2024-01-19 09:00 AM,2024,01,19,09,-999.0,-999,N/A,92.0,UG/M3,1 Hr,Invalid
Phora Durbar Kathmandu,PM2.5 - Principal,2024-01-19 10:00 AM,2024,01,19,10,-999.0,-999,N/A,92.0,UG/M3,1 Hr,Invalid
Phora Durbar Kathmandu,PM2.5 - Principal,2024-01-19 11:00 AM,2024,01,19,11,-999.0,-999,N/A,92.0,UG/M3,1 Hr,Invalid
Phora Durbar Kathmandu,PM2.5 - Principal,2024-01-19 12:00 PM,2024,01,19,12,-999.0,-999,N/A,92.0,UG/M3,1 Hr,Invalid
Phora Durbar Kathmandu,PM2.5 - Principal,2024-01-19 01:00 PM,2024,01,19,13,-999.0,-999,N/A,92.0,UG/M3,1 Hr,Invalid
Phora Durbar Kathmandu,PM2.5 - Principal,2024-01-19 02:00 PM,2024,01,19,14,-999.0,-999,N/A,92.0,UG/M3,1 Hr,Invalid
Phora Durbar Kathmandu,PM2.5 - Principal,2024-01-19 03:00 PM,2024,01,19,15,-999.0,-999,N/A,92.0,UG/M3,1 Hr,Invalid
Phora Durbar Kathmandu,PM2.5 - Principal,2024-01-19 04:00 PM,2024,01,19,16,-999.0,-999,N/A,92.0,UG/M3,1 Hr,Invalid
Phora Durbar Kathmandu,PM2.5 - Principal,2024-01-19 05:00 PM,2024,01,19,17,-999.0,-999,N/A,92.0,UG/M3,1 Hr,Invalid
Phora Durbar Kathmandu,PM2.5 - Principal,2024-01-19 06:00 PM,2024,01,19,18,-999.0,-999,N/A,92.0,UG/M3,1 Hr,Invalid
Phora Durbar Kathmandu,PM2.5 - Principal,2024-01-19 07:00 PM,2024,01,19,19,-999.0,-999,N/A,92.0,UG/M3,1 Hr,Invalid
Phora Durbar Kathmandu,PM2.5 - Principal,2024-01-19 08:00 PM,2024,01,19,20,-999.0,-999,N/A,92.0,UG/M3,1 Hr,Invalid
Phora Durbar Kathmandu,PM2.5 - Principal,2024-01-19 09:00 PM,2024,01,19,21,-999.0,-999,N/A,92.0,UG/M3,1 Hr,Invalid
Phora Durbar Kathmandu,PM2.5 - Principal,2024-01-19 10:00 PM,2024,01,19,22,-999.0,-999,N/A,92.0,UG/M3,1 Hr,Invalid
Phora Durbar Kathmandu,PM2.5 - Principal,2024-01-19 11:00 PM,2024,01,19,23,-999.0,-999,N/A,92.0,UG/M3,1 Hr,Invalid
Phora Durbar Kathmandu,PM2.5 - Principal,2024-01-20 12:00 AM,2024,01,20,00,-999.0,-999,N/A,92.0,UG/M3,1 Hr,Invalid
Phora Durbar Kathmandu,PM2.5 - Principal,2024-01-20 01:00 AM,2024,01,20,01,-999.0,-999,N/A,92.0,UG/M3,1 Hr,Invalid
Phora Durbar Kathmandu,PM2.5 - Principal,2024-01-20 02:00 AM,2024,01,20,02,-999.0,-999,N/A,92.0,UG/M3,1 Hr,Invalid
Phora Durbar Kathmandu,PM2.5 - Principal,2024-01-20 03:00 AM,2024,01,20,03,-999.0,-999,N/A,92.0,UG/M3,1 Hr,Invalid
Phora Durbar Kathmandu,PM2.5 - Principal,2024-01-20 04:00 AM,2024,01,20,04,-999.0,-999,N/A,92.0,UG/M3,1 Hr,Invalid
Phora Durbar Kathmandu,PM2.5 - Principal,2024-01-20 05:00 AM,2024,01,20,05,-999.0,-999,N/A,92.0,UG/M3,1 Hr,Invalid
Phora Durbar Kathmandu,PM2.5 - Principal,2024-01-20 06:00 AM,2024,01,20,06,-999.0,-999,N/A,92.0,UG/M3,1 Hr,Invalid
Phora Durbar Kathmandu,PM2.5 - Principal,2024-01-20 07:00 AM,2024,01,20,07,-999.0,-999,N/A,92.0,UG/M3,1 Hr,Invalid
Phora Durbar Kathmandu,PM2.5 - Principal,2024-01-20 08:00 AM,2024,01,20,08,-999.0,-999,N/A,92.0,UG/M3,1 Hr,Invalid
Phora Durbar Kathmandu,PM2.5 - Principal,2024-01-20 09:00 AM,2024,01,20,09,-999.0,-999,N/A,92.0,UG/M3,1 Hr,Invalid
Phora Durbar Kathmandu,PM2.5 - Principal,2024-01-20 10:00 AM,2024,01,20,10,-999.0,-999,N/A,92.0,UG/M3,1 Hr,Invalid
Phora Durbar Kathmandu,PM2.5 - Principal,2024-01-20 11:00 AM,2024,01,20,11,-999.0,-999,N/A,92.0,UG/M3,1 Hr,Invalid
Phora Durbar Kathmandu,PM2.5 - Principal,2024-01-20 12:00 PM,2024,01,20,12,-999.0,-999,N/A,92.0,UG/M3,1 Hr,Invalid
Phora Durbar Kathmandu,PM2.5 - Principal,2024-01-20 01:00 PM,2024,01,20,13,-999.0,-999,N/A,92.0,UG/M3,1 Hr,Invalid
Phora Durbar Kathmandu,PM2.5 - Principal,2024-01-20 02:00 PM,2024,01,20,14,-999.0,-999,N/A,92.0,UG/M3,1 Hr,Invalid
Phora Durbar Kathmandu,PM2.5 - Principal,2024-01-20 03:00 PM,2024,01,20,15,-999.0,-999,N/A,92.0,UG/M3,1 Hr,Invalid
Phora Durbar Kathmandu,PM2.5 - Principal,2024-01-20 04:00 PM,2024,01,20,16,-999.0,-999,N/A,92.0,UG/M3,1 Hr,Invalid
Phora Durbar Kathmandu,PM2.5 - Principal,2024-01-20 05:00 PM,2024,01,20,17,-999.0,-999,N/A,92.0,UG/M3,1 Hr,Invalid
Phora Durbar Kathmandu,PM2.5 - Principal,2024-01-20 06:00 PM,2024,01,20,18,-999.0,-999,N/A,92.0,UG/M3,1 Hr,Invalid
Phora Durbar Kathmandu,PM2.5 - Principal,2024-01-20 07:00 PM,2024,01,20,19,-999.0,-999,N/A,92.0,UG/M3,1 Hr,Invalid
Phora Durbar Kathmandu,PM2.5 - Principal,2024-01-20 08:00 PM,2024,01,20,20,-999.0,-999,N/A,92.0,UG/M3,1 Hr,Invalid
Phora Durbar Kathmandu,PM2.5 - Principal,2024-01-20 09:00 PM,2024,01,20,21,-999.0,-999,N/A,92.0,UG/M3,1 Hr,Invalid
Phora Durbar Kathmandu,PM2.5 - Principal,2024-01-20 10:00 PM,2024,01,20,22,-999.0,-999,N/A,92.0,UG/M3,1 Hr,Invalid
Phora Durbar Kathmandu,PM2.5 - Principal,2024-01-20 11:00 PM,2024,01,20,23,-999.0,-999,N/A,92.0,UG/M3,1 Hr,Invalid
Phora Durbar Kathmandu,PM2.5 - Principal,2024-01-21 12:00 AM,2024,01,21,00,-999.0,-999,N/A,92.0,UG/M3,1 Hr,Invalid
Phora Durbar Kathmandu,PM2.5 - Principal,2024-01-21 01:00 AM,2024,01,21,01,-999.0,-999,N/A,92.0,UG/M3,1 Hr,Invalid
Phora Durbar Kathmandu,PM2.5 - Principal,2024-01-21 02:00 AM,2024,01,21,02,-999.0,-999,N/A,92.0,UG/M3,1 Hr,Invalid
Phora Durbar Kathmandu,PM2.5 - Principal,2024-01-21 03:00 AM,2024,01,21,03,-999.0,-999,N/A,92.0,UG/M3,1 Hr,Invalid
Phora Durbar Kathmandu,PM2.5 - Principal,2024-01-21 04:00 AM,2024,01,21,04,-999.0,-999,N/A,92.0,UG/M3,1 Hr,Invalid
Phora Durbar Kathmandu,PM2.5 - Principal,2024-01-21 05:00 AM,2024,01,21,05,-999.0,-999,N/A,92.0,UG/M3,1 Hr,Invalid
Phora Durbar Kathmandu,PM2.5 - Principal,2024-01-21 06:00 AM,2024,01,21,06,-999.0,-999,N/A,92.0,UG/M3,1 Hr,Invalid
Phora Durbar Kathmandu,PM2.5 - Principal,2024-01-21 07:00 AM,2024,01,21,07,-999.0,-999,N/A,92.0,UG/M3,1 Hr,Invalid
Phora Durbar Kathmandu,PM2.5 - Principal,2024-01-21 08:00 AM,2024,01,21,08,-999.0,-999,N/A,92.0,UG/M3,1 Hr,Invalid
Phora Durbar Kathmandu,PM2.5 - Principal,2024-01-21 09:00 AM,2024,01,21,09,-999.0,-999,N/A,92.0,UG/M3,1 Hr,Invalid
Phora Durbar Kathmandu,PM2.5 - Principal,2024-01-21 10:00 AM,2024,01,21,10,-999.0,-999,N/A,92.0,UG/M3,1 Hr,Invalid
Phora Durbar Kathmandu,PM2.5 - Principal,2024-01-21 11:00 AM,2024,01,21,11,-999.0,-999,N/A,92.0,UG/M3,1 Hr,Invalid
Phora Durbar Kathmandu,PM2.5 - Principal,2024-01-21 12:00 PM,2024,01,21,12,-999.0,-999,N/A,92.0,UG/M3,1 Hr,Invalid
Phora Durbar Kathmandu,PM2.5 - Principal,2024-01-21 01:00 PM,2024,01,21,13,-999.0,-999,N/A,92.0,UG/M3,1 Hr,Invalid
Phora Durbar Kathmandu,PM2.5 - Principal,2024-01-21 02:00 PM,2024,01,21,14,-999.0,-999,N/A,92.0,UG/M3,1 Hr,Invalid
Phora Durbar Kathmandu,PM2.5 - Principal,2024-01-21 03:00 PM,2024,01,21,15,-999.0,-999,N/A,92.0,UG/M3,1 Hr,Invalid
Phora Durbar Kathmandu,PM2.5 - Principal,2024-01-21 04:00 PM,2024,01,21,16,-999.0,-999,N/A,92.0,UG/M3,1 Hr,Invalid
Phora Durbar Kathmandu,PM2.5 - Principal,2024-01-21 05:00 PM,2024,01,21,17,-999.0,-999,N/A,92.0,UG/M3,1 Hr,Invalid
Phora Durbar Kathmandu,PM2.5 - Principal,2024-01-21 06:00 PM,2024,01,21,18,-999.0,-999,N/A,92.0,UG/M3,1 Hr,Invalid
Phora Durbar Kathmandu,PM2.5 - Principal,2024-01-21 07:00 PM,2024,01,21,19,-999.0,-999,N/A,92.0,UG/M3,1 Hr,Invalid
Phora Durbar Kathmandu,PM2.5 - Principal,2024-01-21 08:00 PM,2024,01,21,20,-999.0,-999,N/A,92.0,UG/M3,1 Hr,Invalid
Phora Durbar Kathmandu,PM2.5 - Principal,2024-01-21 09:00 PM,2024,01,21,21,-999.0,-999,N/A,92.0,UG/M3,1 Hr,Invalid
Phora Durbar Kathmandu,PM2.5 - Principal,2024-01-21 10:00 PM,2024,01,21,22,-999.0,-999,N/A,92.0,UG/M3,1 Hr,Invalid
Phora Durbar Kathmandu,PM2.5 - Principal,2024-01-21 11:00 PM,2024,01,21,23,-999.0,-999,N/A,92.0,UG/M3,1 Hr,Invalid
Phora Durbar Kathmandu,PM2.5 - Principal,2024-01-22 12:00 AM,2024,01,22,00,-999.0,-999,N/A,92.0,UG/M3,1 Hr,Invalid
Phora Durbar Kathmandu,PM2.5 - Principal,2024-01-22 01:00 AM,2024,01,22,01,-999.0,-999,N/A,92.0,UG/M3,1 Hr,Invalid
Phora Durbar Kathmandu,PM2.5 - Principal,2024-01-22 02:00 AM,2024,01,22,02,-999.0,-999,N/A,92.0,UG/M3,1 Hr,Invalid
Phora Durbar Kathmandu,PM2.5 - Principal,2024-01-22 03:00 AM,2024,01,22,03,-999.0,-999,N/A,92.0,UG/M3,1 Hr,Invalid
Phora Durbar Kathmandu,PM2.5 - Principal,2024-01-22 04:00 AM,2024,01,22,04,-999.0,-999,N/A,92.0,UG/M3,1 Hr,Invalid
Phora Durbar Kathmandu,PM2.5 - Principal,2024-01-22 05:00 AM,2024,01,22,05,-999.0,-999,N/A,92.0,UG/M3,1 Hr,Invalid
Phora Durbar Kathmandu,PM2.5 - Principal,2024-01-22 06:00 AM,2024,01,22,06,-999.0,-999,N/A,92.0,UG/M3,1 Hr,Invalid
Phora Durbar Kathmandu,PM2.5 - Principal,2024-01-22 07:00 AM,2024,01,22,07,-999.0,-999,N/A,92.0,UG/M3,1 Hr,Invalid
Phora Durbar Kathmandu,PM2.5 - Principal,2024-01-22 08:00 AM,2024,01,22,08,-999.0,-999,N/A,92.0,UG/M3,1 Hr,Invalid
Phora Durbar Kathmandu,PM2.5 - Principal,2024-01-22 09:00 AM,2024,01,22,09,-999.0,-999,N/A,92.0,UG/M3,1 Hr,Invalid
Phora Durbar Kathmandu,PM2.5 - Principal,2024-01-22 10:00 AM,2024,01,22,10,-999.0,-999,N/A,92.0,UG/M3,1 Hr,Invalid
Phora Durbar Kathmandu,PM2.5 - Principal,2024-01-22 11:00 AM,2024,01,22,11,-999.0,-999,N/A,92.0,UG/M3,1 Hr,Invalid
Phora Durbar Kathmandu,PM2.5 - Principal,2024-01-22 12:00 PM,2024,01,22,12,-999.0,-999,N/A,92.0,UG/M3,1 Hr,Invalid
Phora Durbar Kathmandu,PM2.5 - Principal,2024-01-22 01:00 PM,2024,01,22,13,-999.0,-999,N/A,92.0,UG/M3,1 Hr,Invalid
Phora Durbar Kathmandu,PM2.5 - Principal,2024-01-22 02:00 PM,2024,01,22,14,-999.0,-999,N/A,92.0,UG/M3,1 Hr,Invalid
Phora Durbar Kathmandu,PM2.5 - Principal,2024-01-22 03:00 PM,2024,01,22,15,-999.0,-999,N/A,92.0,UG/M3,1 Hr,Invalid
Phora Durbar Kathmandu,PM2.5 - Principal,2024-01-22 04:00 PM,2024,01,22,16,-999.0,-999,N/A,92.0,UG/M3,1 Hr,Invalid
Phora Durbar Kathmandu,PM2.5 - Principal,2024-01-22 05:00 PM,2024,01,22,17,-999.0,-999,N/A,92.0,UG/M3,1 Hr,Invalid
Phora Durbar Kathmandu,PM2.5 - Principal,2024-01-22 06:00 PM,2024,01,22,18,-999.0,-999,N/A,92.0,UG/M3,1 Hr,Invalid
Phora Durbar Kathmandu,PM2.5 - Principal,2024-01-22 07:00 PM,2024,01,22,19,-999.0,-999,N/A,92.0,UG/M3,1 Hr,Invalid
Phora Durbar Kathmandu,PM2.5 - Principal,2024-01-22 08:00 PM,2024,01,22,20,-999.0,-999,N/A,92.0,UG/M3,1 Hr,Invalid
Phora Durbar Kathmandu,PM2.5 - Principal,2024-01-22 09:00 PM,2024,01,22,21,-999.0,-999,N/A,92.0,UG/M3,1 Hr,Invalid
Phora Durbar Kathmandu,PM2.5 - Principal,2024-01-22 10:00 PM,2024,01,22,22,-999.0,-999,N/A,92.0,UG/M3,1 Hr,Invalid
Phora Durbar Kathmandu,PM2.5 - Principal,2024-01-22 11:00 PM,2024,01,22,23,-999.0,-999,N/A,92.0,UG/M3,1 Hr,Invalid
Phora Durbar Kathmandu,PM2.5 - Principal,2024-01-23 12:00 AM,2024,01,23,00,-999.0,-999,N/A,92.0,UG/M3,1 Hr,Invalid
Phora Durbar Kathmandu,PM2.5 - Principal,2024-01-23 01:00 AM,2024,01,23,01,-999.0,-999,N/A,92.0,UG/M3,1 Hr,Invalid
Phora Durbar Kathmandu,PM2.5 - Principal,2024-01-23 02:00 AM,2024,01,23,02,-999.0,-999,N/A,92.0,UG/M3,1 Hr,Invalid
Phora Durbar Kathmandu,PM2.5 - Principal,2024-01-23 03:00 AM,2024,01,23,03,-999.0,-999,N/A,92.0,UG/M3,1 Hr,Invalid
Phora Durbar Kathmandu,PM2.5 - Principal,2024-01-23 04:00 AM,2024,01,23,04,-999.0,-999,N/A,92.0,UG/M3,1 Hr,Invalid
Phora Durbar Kathmandu,PM2.5 - Principal,2024-01-23 05:00 AM,2024,01,23,05,-999.0,-999,N/A,92.0,UG/M3,1 Hr,Invalid
Phora Durbar Kathmandu,PM2.5 - Principal,2024-01-23 06:00 AM,2024,01,23,06,-999.0,-999,N/A,92.0,UG/M3,1 Hr,Invalid
Phora Durbar Kathmandu,PM2.5 - Principal,2024-01-23 07:00 AM,2024,01,23,07,-999.0,-999,N/A,92.0,UG/M3,1 Hr,Invalid
Phora Durbar Kathmandu,PM2.5 - Principal,2024-01-23 08:00 AM,2024,01,23,08,-999.0,-999,N/A,92.0,UG/M3,1 Hr,Invalid
Phora Durbar Kathmandu,PM2.5 - Principal,2024-01-23 09:00 AM,2024,01,23,09,-999.0,-999,N/A,92.0,UG/M3,1 Hr,Invalid
Phora Durbar Kathmandu,PM2.5 - Principal,2024-01-23 10:00 AM,2024,01,23,10,-999.0,-999,N/A,92.0,UG/M3,1 Hr,Invalid
Phora Durbar Kathmandu,PM2.5 - Principal,2024-01-23 11:00 AM,2024,01,23,11,-999.0,-999,N/A,92.0,UG/M3,1 Hr,Invalid
Phora Durbar Kathmandu,PM2.5 - Principal,2024-01-23 12:00 PM,2024,01,23,12,-999.0,-999,N/A,92.0,UG/M3,1 Hr,Invalid
Phora Durbar Kathmandu,PM2.5 - Principal,2024-01-23 01:00 PM,2024,01,23,13,-999.0,-999,N/A,92.0,UG/M3,1 Hr,Invalid
Phora Durbar Kathmandu,PM2.5 - Principal,2024-01-23 02:00 PM,2024,01,23,14,-999.0,-999,N/A,92.0,UG/M3,1 Hr,Invalid
Phora Durbar Kathmandu,PM2.5 - Principal,2024-01-23 03:00 PM,2024,01,23,15,-999.0,-999,N/A,92.0,UG/M3,1 Hr,Invalid
Phora Durbar Kathmandu,PM2.5 - Principal,2024-01-23 04:00 PM,2024,01,23,16,-999.0,-999,N/A,92.0,UG/M3,1 Hr,Invalid
Phora Durbar Kathmandu,PM2.5 - Principal,2024-01-23 05:00 PM,2024,01,23,17,-999.0,-999,N/A,92.0,UG/M3,1 Hr,Invalid
Phora Durbar Kathmandu,PM2.5 - Principal,2024-01-23 06:00 PM,2024,01,23,18,-999.0,-999,N/A,92.0,UG/M3,1 Hr,Invalid
Phora Durbar Kathmandu,PM2.5 - Principal,2024-01-23 07:00 PM,2024,01,23,19,-999.0,-999,N/A,92.0,UG/M3,1 Hr,Invalid
Phora Durbar Kathmandu,PM2.5 - Principal,2024-01-23 08:00 PM,2024,01,23,20,-999.0,-999,N/A,92.0,UG/M3,1 Hr,Invalid
Phora Durbar Kathmandu,PM2.5 - Principal,2024-01-23 09:00 PM,2024,01,23,21,-999.0,-999,N/A,92.0,UG/M3,1 Hr,Invalid
Phora Durbar Kathmandu,PM2.5 - Principal,2024-01-23 10:00 PM,2024,01,23,22,-999.0,-999,N/A,92.0,UG/M3,1 Hr,Invalid
Phora Durbar Kathmandu,PM2.5 - Principal,2024-01-23 11:00 PM,2024,01,23,23,-999.0,-999,N/A,92.0,UG/M3,1 Hr,Invalid
Phora Durbar Kathmandu,PM2.5 - Principal,2024-01-24 12:00 AM,2024,01,24,00,-999.0,-999,N/A,92.0,UG/M3,1 Hr,Invalid
Phora Durbar Kathmandu,PM2.5 - Principal,2024-01-24 01:00 AM,2024,01,24,01,-999.0,-999,N/A,92.0,UG/M3,1 Hr,Invalid
Phora Durbar Kathmandu,PM2.5 - Principal,2024-01-24 02:00 AM,2024,01,24,02,-999.0,-999,N/A,92.0,UG/M3,1 Hr,Invalid
Phora Durbar Kathmandu,PM2.5 - Principal,2024-01-24 03:00 AM,2024,01,24,03,-999.0,-999,N/A,92.0,UG/M3,1 Hr,Invalid
Phora Durbar Kathmandu,PM2.5 - Principal,2024-01-24 04:00 AM,2024,01,24,04,-999.0,-999,N/A,92.0,UG/M3,1 Hr,Invalid
Phora Durbar Kathmandu,PM2.5 - Principal,2024-01-24 05:00 AM,2024,01,24,05,-999.0,-999,N/A,92.0,UG/M3,1 Hr,Invalid
Phora Durbar Kathmandu,PM2.5 - Principal,2024-01-24 06:00 AM,2024,01,24,06,-999.0,-999,N/A,92.0,UG/M3,1 Hr,Invalid
Phora Durbar Kathmandu,PM2.5 - Principal,2024-01-24 07:00 AM,2024,01,24,07,-999.0,-999,N/A,92.0,UG/M3,1 Hr,Invalid
Phora Durbar Kathmandu,PM2.5 - Principal,2024-01-24 08:00 AM,2024,01,24,08,-999.0,-999,N/A,92.0,UG/M3,1 Hr,Invalid
Phora Durbar Kathmandu,PM2.5 - Principal,2024-01-24 09:00 AM,2024,01,24,09,-999.0,-999,N/A,92.0,UG/M3,1 Hr,Invalid
Phora Durbar Kathmandu,PM2.5 - Principal,2024-01-24 10:00 AM,2024,01,24,10,-999.0,-999,N/A,92.0,UG/M3,1 Hr,Invalid
Phora Durbar Kathmandu,PM2.5 - Principal,2024-01-24 11:00 AM,2024,01,24,11,-999.0,-999,N/A,92.0,UG/M3,1 Hr,Invalid
Phora Durbar Kathmandu,PM2.5 - Principal,2024-01-24 12:00 PM,2024,01,24,12,-999.0,-999,N/A,92.0,UG/M3,1 Hr,Invalid
Phora Durbar Kathmandu,PM2.5 - Principal,2024-01-24 01:00 PM,2024,01,24,13,-999.0,-999,N/A,92.0,UG/M3,1 Hr,Invalid
Phora Durbar Kathmandu,PM2.5 - Principal,2024-01-24 02:00 PM,2024,01,24,14,-999.0,-999,N/A,92.0,UG/M3,1 Hr,Invalid
Phora Durbar Kathmandu,PM2.5 - Principal,2024-01-24 03:00 PM,2024,01,24,15,-999.0,-999,N/A,92.0,UG/M3,1 Hr,Invalid
Phora Durbar Kathmandu,PM2.5 - Principal,2024-01-24 04:00 PM,2024,01,24,16,-999.0,-999,N/A,92.0,UG/M3,1 Hr,Invalid
Phora Durbar Kathmandu,PM2.5 - Principal,2024-01-24 05:00 PM,2024,01,24,17,-999.0,-999,N/A,92.0,UG/M3,1 Hr,Invalid
Phora Durbar Kathmandu,PM2.5 - Principal,2024-01-24 06:00 PM,2024,01,24,18,-999.0,-999,N/A,92.0,UG/M3,1 Hr,Invalid
Phora Durbar Kathmandu,PM2.5 - Principal,2024-01-24 07:00 PM,2024,01,24,19,-999.0,-999,N/A,92.0,UG/M3,1 Hr,Invalid
Phora Durbar Kathmandu,PM2.5 - Principal,2024-01-24 08:00 PM,2024,01,24,20,-999.0,-999,N/A,92.0,UG/M3,1 Hr,Invalid
Phora Durbar Kathmandu,PM2.5 - Principal,2024-01-24 09:00 PM,2024,01,24,21,-999.0,-999,N/A,92.0,UG/M3,1 Hr,Invalid
Phora Durbar Kathmandu,PM2.5 - Principal,2024-01-24 10:00 PM,2024,01,24,22,-999.0,-999,N/A,92.0,UG/M3,1 Hr,Invalid
Phora Durbar Kathmandu,PM2.5 - Principal,2024-01-24 11:00 PM,2024,01,24,23,-999.0,-999,N/A,92.0,UG/M3,1 Hr,Invalid
Phora Durbar Kathmandu,PM2.5 - Principal,2024-01-25 12:00 AM,2024,01,25,00,-999.0,-999,N/A,92.0,UG/M3,1 Hr,Invalid
Phora Durbar Kathmandu,PM2.5 - Principal,2024-01-25 01:00 AM,2024,01,25,01,-999.0,-999,N/A,92.0,UG/M3,1 Hr,Invalid
Phora Durbar Kathmandu,PM2.5 - Principal,2024-01-25 02:00 AM,2024,01,25,02,-999.0,-999,N/A,92.0,UG/M3,1 Hr,Invalid
Phora Durbar Kathmandu,PM2.5 - Principal,2024-01-25 03:00 AM,2024,01,25,03,-999.0,-999,N/A,92.0,UG/M3,1 Hr,Invalid
Phora Durbar Kathmandu,PM2.5 - Principal,2024-01-25 04:00 AM,2024,01,25,04,-999.0,-999,N/A,92.0,UG/M3,1 Hr,Invalid
Phora Durbar Kathmandu,PM2.5 - Principal,2024-01-25 05:00 AM,2024,01,25,05,-999.0,-999,N/A,92.0,UG/M3,1 Hr,Invalid
Phora Durbar Kathmandu,PM2.5 - Principal,2024-01-25 06:00 AM,2024,01,25,06,-999.0,-999,N/A,92.0,UG/M3,1 Hr,Invalid
Phora Durbar Kathmandu,PM2.5 - Principal,2024-01-25 07:00 AM,2024,01,25,07,-999.0,-999,N/A,92.0,UG/M3,1 Hr,Invalid
Phora Durbar Kathmandu,PM2.5 - Principal,2024-01-25 08:00 AM,2024,01,25,08,-999.0,-999,N/A,92.0,UG/M3,1 Hr,Invalid
Phora Durbar Kathmandu,PM2.5 - Principal,2024-01-25 09:00 AM,2024,01,25,09,-999.0,-999,N/A,92.0,UG/M3,1 Hr,Invalid
Phora Durbar Kathmandu,PM2.5 - Principal,2024-01-25 10:00 AM,2024,01,25,10,-999.0,-999,N/A,92.0,UG/M3,1 Hr,Invalid
Phora Durbar Kathmandu,PM2.5 - Principal,2024-01-25 11:00 AM,2024,01,25,11,-999.0,-999,N/A,92.0,UG/M3,1 Hr,Invalid
Phora Durbar Kathmandu,PM2.5 - Principal,2024-01-25 12:00 PM,2024,01,25,12,-999.0,-999,N/A,92.0,UG/M3,1 Hr,Invalid
Phora Durbar Kathmandu,PM2.5 - Principal,2024-01-25 01:00 PM,2024,01,25,13,-999.0,-999,N/A,92.0,UG/M3,1 Hr,Invalid
Phora Durbar Kathmandu,PM2.5 - Principal,2024-01-25 02:00 PM,2024,01,25,14,-999.0,-999,N/A,92.0,UG/M3,1 Hr,Invalid
Phora Durbar Kathmandu,PM2.5 - Principal,2024-01-25 03:00 PM,2024,01,25,15,-999.0,-999,N/A,92.0,UG/M3,1 Hr,Invalid
Phora Durbar Kathmandu,PM2.5 - Principal,2024-01-25 04:00 PM,2024,01,25,16,-999.0,-999,N/A,92.0,UG/M3,1 Hr,Invalid
Phora Durbar Kathmandu,PM2.5 - Principal,2024-01-25 05:00 PM,2024,01,25,17,-999.0,-999,N/A,92.0,UG/M3,1 Hr,Invalid
Phora Durbar Kathmandu,PM2.5 - Principal,2024-01-25 06:00 PM,2024,01,25,18,-999.0,-999,N/A,92.0,UG/M3,1 Hr,Invalid
Phora Durbar Kathmandu,PM2.5 - Principal,2024-01-25 07:00 PM,2024,01,25,19,-999.0,-999,N/A,92.0,UG/M3,1 Hr,Invalid
Phora Durbar Kathmandu,PM2.5 - Principal,2024-01-25 08:00 PM,2024,01,25,20,-999.0,-999,N/A,92.0,UG/M3,1 Hr,Invalid
Phora Durbar Kathmandu,PM2.5 - Principal,2024-01-25 09:00 PM,2024,01,25,21,-999.0,-999,N/A,92.0,UG/M3,1 Hr,Invalid
Phora Durbar Kathmandu,PM2.5 - Principal,2024-01-25 10:00 PM,2024,01,25,22,-999.0,-999,N/A,92.0,UG/M3,1 Hr,Invalid
Phora Durbar Kathmandu,PM2.5 - Principal,2024-01-25 11:00 PM,2024,01,25,23,-999.0,-999,N/A,92.0,UG/M3,1 Hr,Invalid
Phora Durbar Kathmandu,PM2.5 - Principal,2024-01-26 12:00 AM,2024,01,26,00,-999.0,-999,N/A,92.0,UG/M3,1 Hr,Invalid
Phora Durbar Kathmandu,PM2.5 - Principal,2024-01-26 01:00 AM,2024,01,26,01,-999.0,-999,N/A,92.0,UG/M3,1 Hr,Invalid
Phora Durbar Kathmandu,PM2.5 - Principal,2024-01-26 02:00 AM,2024,01,26,02,-999.0,-999,N/A,92.0,UG/M3,1 Hr,Invalid
Phora Durbar Kathmandu,PM2.5 - Principal,2024-01-26 03:00 AM,2024,01,26,03,-999.0,-999,N/A,92.0,UG/M3,1 Hr,Invalid
Phora Durbar Kathmandu,PM2.5 - Principal,2024-01-26 04:00 AM,2024,01,26,04,-999.0,-999,N/A,92.0,UG/M3,1 Hr,Invalid
Phora Durbar Kathmandu,PM2.5 - Principal,2024-01-26 05:00 AM,2024,01,26,05,-999.0,-999,N/A,92.0,UG/M3,1 Hr,Invalid
Phora Durbar Kathmandu,PM2.5 - Principal,2024-01-26 06:00 AM,2024,01,26,06,-999.0,-999,N/A,92.0,UG/M3,1 Hr,Invalid
Phora Durbar Kathmandu,PM2.5 - Principal,2024-01-26 07:00 AM,2024,01,26,07,-999.0,-999,N/A,92.0,UG/M3,1 Hr,Invalid
Phora Durbar Kathmandu,PM2.5 - Principal,2024-01-26 08:00 AM,2024,01,26,08,-999.0,-999,N/A,92.0,UG/M3,1 Hr,Invalid
Phora Durbar Kathmandu,PM2.5 - Principal,2024-01-26 09:00 AM,2024,01,26,09,-999.0,-999,N/A,92.0,UG/M3,1 Hr,Invalid
Phora Durbar Kathmandu,PM2.5 - Principal,2024-01-26 10:00 AM,2024,01,26,10,-999.0,-999,N/A,92.0,UG/M3,1 Hr,Invalid
Phora Durbar Kathmandu,PM2.5 - Principal,2024-01-29 10:00 PM,2024,01,29,22,-999.0,-999,N/A,92.0,UG/M3,1 Hr,Invalid
Phora Durbar Kathmandu,PM2.5 - Principal,2024-01-29 11:00 PM,2024,01,29,23,-999.0,-999,N/A,92.0,UG/M3,1 Hr,Invalid
Phora Durbar Kathmandu,PM2.5 - Principal,2024-01-30 12:00 AM,2024,01,30,00,-999.0,-999,N/A,92.0,UG/M3,1 Hr,Invalid
Phora Durbar Kathmandu,PM2.5 - Principal,2024-01-30 01:00 AM,2024,01,30,01,-999.0,-999,N/A,92.0,UG/M3,1 Hr,Invalid
Phora Durbar Kathmandu,PM2.5 - Principal,2024-01-30 02:00 AM,2024,01,30,02,-999.0,-999,N/A,92.0,UG/M3,1 Hr,Invalid
Phora Durbar Kathmandu,PM2.5 - Principal,2024-01-30 03:00 AM,2024,01,30,03,-999.0,-999,N/A,92.0,UG/M3,1 Hr,Invalid
Phora Durbar Kathmandu,PM2.5 - Principal,2024-01-30 04:00 AM,2024,01,30,04,-999.0,-999,N/A,92.0,UG/M3,1 Hr,Invalid
Phora Durbar Kathmandu,PM2.5 - Principal,2024-01-30 05:00 AM,2024,01,30,05,-999.0,-999,N/A,92.0,UG/M3,1 Hr,Invalid
Phora Durbar Kathmandu,PM2.5 - Principal,2024-01-30 06:00 AM,2024,01,30,06,-999.0,-999,N/A,92.0,UG/M3,1 Hr,Invalid
Phora Durbar Kathmandu,PM2.5 - Principal,2024-01-30 07:00 AM,2024,01,30,07,-999.0,-999,N/A,92.0,UG/M3,1 Hr,Invalid
Phora Durbar Kathmandu,PM2.5 - Principal,2024-01-30 08:00 AM,2024,01,30,08,-999.0,-999,N/A,92.0,UG/M3,1 Hr,Invalid
Phora Durbar Kathmandu,PM2.5 - Principal,2024-01-30 09:00 AM,2024,01,30,09,-999.0,-999,N/A,92.0,UG/M3,1 Hr,Invalid
Phora Durbar Kathmandu,PM2.5 - Principal,2024-01-30 10:00 AM,2024,01,30,10,-999.0,-999,N/A,92.0,UG/M3,1 Hr,Invalid
Phora Durbar Kathmandu,PM2.5 - Principal,2024-01-30 11:00 AM,2024,01,30,11,-999.0,-999,N/A,92.0,UG/M3,1 Hr,Invalid
Phora Durbar Kathmandu,PM2.5 - Principal,2024-01-30 02:00 PM,2024,01,30,14,-999.0,-999,N/A,101.0,UG/M3,1 Hr,Valid
Phora Durbar Kathmandu,PM2.5 - Principal,2024-01-30 03:00 PM,2024,01,30,15,74.4,164,Unhealthy,59.0,UG/M3,1 Hr,Valid
Phora Durbar Kathmandu,PM2.5 - Principal,2024-01-30 04:00 PM,2024,01,30,16,66.9,159,Unhealthy,60.0,UG/M3,1 Hr,Valid
Phora Durbar Kathmandu,PM2.5 - Principal,2024-01-30 05:00 PM,2024,01,30,17,66.5,159,Unhealthy,66.0,UG/M3,1 Hr,Valid
Phora Durbar Kathmandu,PM2.5 - Principal,2024-01-30 06:00 PM,2024,01,30,18,72.9,163,Unhealthy,81.0,UG/M3,1 Hr,Valid
Phora Durbar Kathmandu,PM2.5 - Principal,2024-01-30 07:00 PM,2024,01,30,19,83.3,170,Unhealthy,97.0,UG/M3,1 Hr,Valid
Phora Durbar Kathmandu,PM2.5 - Principal,2024-01-30 08:00 PM,2024,01,30,20,97.1,180,Unhealthy,111.0,UG/M3,1 Hr,Valid
Phora Durbar Kathmandu,PM2.5 - Principal,2024-01-30 09:00 PM,2024,01,30,21,120.2,196,Unhealthy,142.0,UG/M3,1 Hr,Valid
Phora Durbar Kathmandu,PM2.5 - Principal,2024-01-30 10:00 PM,2024,01,30,22,135.6,211,Very Unhealthy,151.0,UG/M3,1 Hr,Valid
Phora Durbar Kathmandu,PM2.5 - Principal,2024-01-30 11:00 PM,2024,01,30,23,145.3,221,Very Unhealthy,155.0,UG/M3,1 Hr,Valid
Phora Durbar Kathmandu,PM2.5 - Principal,2024-01-31 12:00 AM,2024,01,31,00,145.1,220,Very Unhealthy,145.0,UG/M3,1 Hr,Valid
Phora Durbar Kathmandu,PM2.5 - Principal,2024-01-31 01:00 AM,2024,01,31,01,127.0,202,Very Unhealthy,109.0,UG/M3,1 Hr,Valid
Phora Durbar Kathmandu,PM2.5 - Principal,2024-01-31 02:00 AM,2024,01,31,02,126.5,202,Very Unhealthy,126.0,UG/M3,1 Hr,Valid
Phora Durbar Kathmandu,PM2.5 - Principal,2024-01-31 03:00 AM,2024,01,31,03,127.2,203,Very Unhealthy,128.0,UG/M3,1 Hr,Valid
Phora Durbar Kathmandu,PM2.5 - Principal,2024-01-31 04:00 AM,2024,01,31,04,118.6,195,Unhealthy,110.0,UG/M3,1 Hr,Valid
Phora Durbar Kathmandu,PM2.5 - Principal,2024-01-31 05:00 AM,2024,01,31,05,109.5,189,Unhealthy,99.0,UG/M3,1 Hr,Valid
Phora Durbar Kathmandu,PM2.5 - Principal,2024-01-31 06:00 AM,2024,01,31,06,108.8,188,Unhealthy,102.0,UG/M3,1 Hr,Valid
Phora Durbar Kathmandu,PM2.5 - Principal,2024-01-31 07:00 AM,2024,01,31,07,111.7,190,Unhealthy,116.0,UG/M3,1 Hr,Valid
Phora Durbar Kathmandu,PM2.5 - Principal,2024-01-31 08:00 AM,2024,01,31,08,119.4,196,Unhealthy,133.0,UG/M3,1 Hr,Valid
Phora Durbar Kathmandu,PM2.5 - Principal,2024-01-31 09:00 AM,2024,01,31,09,129.0,204,Very Unhealthy,146.0,UG/M3,1 Hr,Valid
Phora Durbar Kathmandu,PM2.5 - Principal,2024-01-31 10:00 AM,2024,01,31,10,153.0,228,Very Unhealthy,179.0,UG/M3,1 Hr,Valid
Phora Durbar Kathmandu,PM2.5 - Principal,2024-01-31 11:00 AM,2024,01,31,11,164.6,240,Very Unhealthy,179.0,UG/M3,1 Hr,Valid
Phora Durbar Kathmandu,PM2.5 - Principal,2024-01-31 12:00 PM,2024,01,31,12,164.6,240,Very Unhealthy,-999.0,UG/M3,1 Hr,Missing
Phora Durbar Kathmandu,PM2.5 - Principal,2024-01-31 01:00 PM,2024,01,31,13,98.5,181,Unhealthy,64.0,UG/M3,1 Hr,Valid
Phora Durbar Kathmandu,PM2.5 - Principal,2024-01-31 02:00 PM,2024,01,31,14,62.8,156,Unhealthy,36.0,UG/M3,1 Hr,Valid
Phora Durbar Kathmandu,PM2.5 - Principal,2024-01-31 03:00 PM,2024,01,31,15,74.1,164,Unhealthy,84.0,UG/M3,1 Hr,Valid
Phora Durbar Kathmandu,PM2.5 - Principal,2024-01-31 04:00 PM,2024,01,31,16,63.7,157,Unhealthy,54.0,UG/M3,1 Hr,Valid
Phora Durbar Kathmandu,PM2.5 - Principal,2024-01-31 05:00 PM,2024,01,31,17,69.9,161,Unhealthy,76.0,UG/M3,1 Hr,Valid
Phora Durbar Kathmandu,PM2.5 - Principal,2024-01-31 06:00 PM,2024,01,31,18,85.0,172,Unhealthy,100.0,UG/M3,1 Hr,Valid
Phora Durbar Kathmandu,PM2.5 - Principal,2024-01-31 07:00 PM,2024,01,31,19,96.5,180,Unhealthy,108.0,UG/M3,1 Hr,Valid
Phora Durbar Kathmandu,PM2.5 - Principal,2024-01-31 08:00 PM,2024,01,31,20,103.8,185,Unhealthy,111.0,UG/M3,1 Hr,Valid
Phora Durbar Kathmandu,PM2.5 - Principal,2024-01-31 09:00 PM,2024,01,31,21,122.4,198,Unhealthy,141.0,UG/M3,1 Hr,Valid
Phora Durbar Kathmandu,PM2.5 - Principal,2024-01-31 10:00 PM,2024,01,31,22,109.6,189,Unhealthy,97.0,UG/M3,1 Hr,Valid
Phora Durbar Kathmandu,PM2.5 - Principal,2024-01-31 11:00 PM,2024,01,31,23,97.8,181,Unhealthy,86.0,UG/M3,1 Hr,Valid
Phora Durbar Kathmandu,PM2.5 - Principal,2024-02-01 12:00 AM,2024,02,01,00,139.9,215,Very Unhealthy,182.0,UG/M3,1 Hr,Valid
Phora Durbar Kathmandu,PM2.5 - Principal,2024-02-01 01:00 AM,2024,02,01,01,138.9,214,Very Unhealthy,138.0,UG/M3,1 Hr,Valid
Phora Durbar Kathmandu,PM2.5 - Principal,2024-02-01 02:00 AM,2024,02,01,02,137.9,213,Very Unhealthy,137.0,UG/M3,1 Hr,Valid
Phora Durbar Kathmandu,PM2.5 - Principal,2024-02-01 03:00 AM,2024,02,01,03,158.5,234,Very Unhealthy,179.0,UG/M3,1 Hr,Valid
Phora Durbar Kathmandu,PM2.5 - Principal,2024-02-01 04:00 AM,2024,02,01,04,143.2,219,Very Unhealthy,128.0,UG/M3,1 Hr,Valid
Phora Durbar Kathmandu,PM2.5 - Principal,2024-02-01 05:00 AM,2024,02,01,05,115.1,193,Unhealthy,87.0,UG/M3,1 Hr,Valid
Phora Durbar Kathmandu,PM2.5 - Principal,2024-02-01 06:00 AM,2024,02,01,06,112.5,191,Unhealthy,110.0,UG/M3,1 Hr,Valid
Phora Durbar Kathmandu,PM2.5 - Principal,2024-02-01 07:00 AM,2024,02,01,07,116.2,194,Unhealthy,120.0,UG/M3,1 Hr,Valid
Phora Durbar Kathmandu,PM2.5 - Principal,2024-02-01 08:00 AM,2024,02,01,08,130.1,206,Very Unhealthy,144.0,UG/M3,1 Hr,Valid
Phora Durbar Kathmandu,PM2.5 - Principal,2024-02-01 09:00 AM,2024,02,01,09,163.5,239,Very Unhealthy,197.0,UG/M3,1 Hr,Valid
Phora Durbar Kathmandu,PM2.5 - Principal,2024-02-01 10:00 AM,2024,02,01,10,157.2,232,Very Unhealthy,151.0,UG/M3,1 Hr,Valid
Phora Durbar Kathmandu,PM2.5 - Principal,2024-02-01 11:00 AM,2024,02,01,11,160.1,235,Very Unhealthy,163.0,UG/M3,1 Hr,Valid
Phora Durbar Kathmandu,PM2.5 - Principal,2024-02-01 12:00 PM,2024,02,01,12,154.5,230,Very Unhealthy,149.0,UG/M3,1 Hr,Valid
Phora Durbar Kathmandu,PM2.5 - Principal,2024-02-01 01:00 PM,2024,02,01,13,122.2,198,Unhealthy,90.0,UG/M3,1 Hr,Valid
Phora Durbar Kathmandu,PM2.5 - Principal,2024-02-01 02:00 PM,2024,02,01,14,110.1,189,Unhealthy,98.0,UG/M3,1 Hr,Valid
Phora Durbar Kathmandu,PM2.5 - Principal,2024-02-01 03:00 PM,2024,02,01,15,99.5,182,Unhealthy,89.0,UG/M3,1 Hr,Valid
Phora Durbar Kathmandu,PM2.5 - Principal,2024-02-01 04:00 PM,2024,02,01,16,93.2,177,Unhealthy,87.0,UG/M3,1 Hr,Valid
Phora Durbar Kathmandu,PM2.5 - Principal,2024-02-01 05:00 PM,2024,02,01,17,104.1,185,Unhealthy,115.0,UG/M3,1 Hr,Valid
Phora Durbar Kathmandu,PM2.5 - Principal,2024-02-01 06:00 PM,2024,02,01,18,99.5,182,Unhealthy,95.0,UG/M3,1 Hr,Valid
Phora Durbar Kathmandu,PM2.5 - Principal,2024-02-01 07:00 PM,2024,02,01,19,110.7,190,Unhealthy,122.0,UG/M3,1 Hr,Valid
Phora Durbar Kathmandu,PM2.5 - Principal,2024-02-01 08:00 PM,2024,02,01,20,110.3,189,Unhealthy,110.0,UG/M3,1 Hr,Valid
Phora Durbar Kathmandu,PM2.5 - Principal,2024-02-01 09:00 PM,2024,02,01,21,87.6,174,Unhealthy,65.0,UG/M3,1 Hr,Valid
Phora Durbar Kathmandu,PM2.5 - Principal,2024-02-01 10:00 PM,2024,02,01,22,100.8,183,Unhealthy,114.0,UG/M3,1 Hr,Valid
Phora Durbar Kathmandu,PM2.5 - Principal,2024-02-01 11:00 PM,2024,02,01,23,106.4,187,Unhealthy,112.0,UG/M3,1 Hr,Valid
Phora Durbar Kathmandu,PM2.5 - Principal,2024-02-02 12:00 AM,2024,02,02,00,101.7,183,Unhealthy,97.0,UG/M3,1 Hr,Valid
Phora Durbar Kathmandu,PM2.5 - Principal,2024-02-02 01:00 AM,2024,02,02,01,86.4,173,Unhealthy,69.0,UG/M3,1 Hr,Valid
Phora Durbar Kathmandu,PM2.5 - Principal,2024-02-02 02:00 AM,2024,02,02,02,81.5,169,Unhealthy,76.0,UG/M3,1 Hr,Valid
Phora Durbar Kathmandu,PM2.5 - Principal,2024-02-02 03:00 AM,2024,02,02,03,69.3,161,Unhealthy,58.0,UG/M3,1 Hr,Valid
Phora Durbar Kathmandu,PM2.5 - Principal,2024-02-02 04:00 AM,2024,02,02,04,33.6,97,Moderate,-2.0,UG/M3,1 Hr,Valid
Phora Durbar Kathmandu,PM2.5 - Principal,2024-02-02 05:00 AM,2024,02,02,05,44.3,123,Unhealthy for Sensitive Groups,55.0,UG/M3,1 Hr,Valid
Phora Durbar Kathmandu,PM2.5 - Principal,2024-02-02 06:00 AM,2024,02,02,06,59.6,154,Unhealthy,75.0,UG/M3,1 Hr,Valid
Phora Durbar Kathmandu,PM2.5 - Principal,2024-02-02 07:00 AM,2024,02,02,07,79.3,168,Unhealthy,99.0,UG/M3,1 Hr,Valid
Phora Durbar Kathmandu,PM2.5 - Principal,2024-02-02 08:00 AM,2024,02,02,08,62.6,156,Unhealthy,46.0,UG/M3,1 Hr,Valid
Phora Durbar Kathmandu,PM2.5 - Principal,2024-02-02 09:00 AM,2024,02,02,09,97.8,181,Unhealthy,133.0,UG/M3,1 Hr,Valid
Phora Durbar Kathmandu,PM2.5 - Principal,2024-02-02 10:00 AM,2024,02,02,10,119.9,196,Unhealthy,142.0,UG/M3,1 Hr,Valid
Phora Durbar Kathmandu,PM2.5 - Principal,2024-02-02 11:00 AM,2024,02,02,11,115.4,193,Unhealthy,111.0,UG/M3,1 Hr,Valid
Phora Durbar Kathmandu,PM2.5 - Principal,2024-02-02 12:00 PM,2024,02,02,12,81.7,169,Unhealthy,48.0,UG/M3,1 Hr,Valid
Phora Durbar Kathmandu,PM2.5 - Principal,2024-02-02 01:00 PM,2024,02,02,13,61.8,155,Unhealthy,42.0,UG/M3,1 Hr,Valid
Phora Durbar Kathmandu,PM2.5 - Principal,2024-02-02 02:00 PM,2024,02,02,14,28.9,88,Moderate,-4.0,UG/M3,1 Hr,Valid
Phora Durbar Kathmandu,PM2.5 - Principal,2024-02-02 03:00 PM,2024,02,02,15,32.4,94,Moderate,36.0,UG/M3,1 Hr,Valid
Phora Durbar Kathmandu,PM2.5 - Principal,2024-02-02 04:00 PM,2024,02,02,16,31.7,93,Moderate,31.0,UG/M3,1 Hr,Valid
Phora Durbar Kathmandu,PM2.5 - Principal,2024-02-02 05:00 PM,2024,02,02,17,54.8,149,Unhealthy for Sensitive Groups,78.0,UG/M3,1 Hr,Valid
Phora Durbar Kathmandu,PM2.5 - Principal,2024-02-02 06:00 PM,2024,02,02,18,46.4,128,Unhealthy for Sensitive Groups,38.0,UG/M3,1 Hr,Valid
Phora Durbar Kathmandu,PM2.5 - Principal,2024-02-02 07:00 PM,2024,02,02,19,48.7,134,Unhealthy for Sensitive Groups,51.0,UG/M3,1 Hr,Valid
Phora Durbar Kathmandu,PM2.5 - Principal,2024-02-02 08:00 PM,2024,02,02,20,45.8,126,Unhealthy for Sensitive Groups,43.0,UG/M3,1 Hr,Valid
Phora Durbar Kathmandu,PM2.5 - Principal,2024-02-02 09:00 PM,2024,02,02,21,49.4,135,Unhealthy for Sensitive Groups,53.0,UG/M3,1 Hr,Valid
Phora Durbar Kathmandu,PM2.5 - Principal,2024-02-02 10:00 PM,2024,02,02,22,57.6,152,Unhealthy,66.0,UG/M3,1 Hr,Valid
Phora Durbar Kathmandu,PM2.5 - Principal,2024-02-02 11:00 PM,2024,02,02,23,59.3,154,Unhealthy,61.0,UG/M3,1 Hr,Valid
Phora Durbar Kathmandu,PM2.5 - Principal,2024-02-03 12:00 AM,2024,02,03,00,78.6,167,Unhealthy,98.0,UG/M3,1 Hr,Valid
Phora Durbar Kathmandu,PM2.5 - Principal,2024-02-03 01:00 AM,2024,02,03,01,64.8,158,Unhealthy,51.0,UG/M3,1 Hr,Valid
Phora Durbar Kathmandu,PM2.5 - Principal,2024-02-03 02:00 AM,2024,02,03,02,59.4,154,Unhealthy,54.0,UG/M3,1 Hr,Valid
Phora Durbar Kathmandu,PM2.5 - Principal,2024-02-03 03:00 AM,2024,02,03,03,68.7,160,Unhealthy,78.0,UG/M3,1 Hr,Valid
Phora Durbar Kathmandu,PM2.5 - Principal,2024-02-03 04:00 AM,2024,02,03,04,57.3,152,Unhealthy,46.0,UG/M3,1 Hr,Valid
Phora Durbar Kathmandu,PM2.5 - Principal,2024-02-03 05:00 AM,2024,02,03,05,89.1,175,Unhealthy,121.0,UG/M3,1 Hr,Valid
Phora Durbar Kathmandu,PM2.5 - Principal,2024-02-03 06:00 AM,2024,02,03,06,89.0,174,Unhealthy,89.0,UG/M3,1 Hr,Valid
Phora Durbar Kathmandu,PM2.5 - Principal,2024-02-03 07:00 AM,2024,02,03,07,77.5,166,Unhealthy,66.0,UG/M3,1 Hr,Valid
Phora Durbar Kathmandu,PM2.5 - Principal,2024-02-03 08:00 AM,2024,02,03,08,81.7,169,Unhealthy,86.0,UG/M3,1 Hr,Valid
Phora Durbar Kathmandu,PM2.5 - Principal,2024-02-03 09:00 AM,2024,02,03,09,97.8,181,Unhealthy,114.0,UG/M3,1 Hr,Valid
Phora Durbar Kathmandu,PM2.5 - Principal,2024-02-03 10:00 AM,2024,02,03,10,120.4,196,Unhealthy,143.0,UG/M3,1 Hr,Valid
Phora Durbar Kathmandu,PM2.5 - Principal,2024-02-03 11:00 AM,2024,02,03,11,100.7,183,Unhealthy,81.0,UG/M3,1 Hr,Valid
Phora Durbar Kathmandu,PM2.5 - Principal,2024-02-03 12:00 PM,2024,02,03,12,85.3,172,Unhealthy,70.0,UG/M3,1 Hr,Valid
Phora Durbar Kathmandu,PM2.5 - Principal,2024-02-03 01:00 PM,2024,02,03,13,76.1,165,Unhealthy,67.0,UG/M3,1 Hr,Valid
Phora Durbar Kathmandu,PM2.5 - Principal,2024-02-03 02:00 PM,2024,02,03,14,70.5,162,Unhealthy,65.0,UG/M3,1 Hr,Valid
Phora Durbar Kathmandu,PM2.5 - Principal,2024-02-03 03:00 PM,2024,02,03,15,48.7,134,Unhealthy for Sensitive Groups,27.0,UG/M3,1 Hr,Valid
Phora Durbar Kathmandu,PM2.5 - Principal,2024-02-03 04:00 PM,2024,02,03,16,40.8,114,Unhealthy for Sensitive Groups,33.0,UG/M3,1 Hr,Valid
Phora Durbar Kathmandu,PM2.5 - Principal,2024-02-03 05:00 PM,2024,02,03,17,41.4,116,Unhealthy for Sensitive Groups,42.0,UG/M3,1 Hr,Valid
Phora Durbar Kathmandu,PM2.5 - Principal,2024-02-03 06:00 PM,2024,02,03,18,44.7,124,Unhealthy for Sensitive Groups,48.0,UG/M3,1 Hr,Valid
Phora Durbar Kathmandu,PM2.5 - Principal,2024-02-03 07:00 PM,2024,02,03,19,39.3,110,Unhealthy for Sensitive Groups,34.0,UG/M3,1 Hr,Valid
Phora Durbar Kathmandu,PM2.5 - Principal,2024-02-03 08:00 PM,2024,02,03,20,68.1,160,Unhealthy,97.0,UG/M3,1 Hr,Valid
Phora Durbar Kathmandu,PM2.5 - Principal,2024-02-03 09:00 PM,2024,02,03,21,67.0,159,Unhealthy,66.0,UG/M3,1 Hr,Valid
Phora Durbar Kathmandu,PM2.5 - Principal,2024-02-03 10:00 PM,2024,02,03,22,80.0,168,Unhealthy,93.0,UG/M3,1 Hr,Valid
Phora Durbar Kathmandu,PM2.5 - Principal,2024-02-03 11:00 PM,2024,02,03,23,98.0,181,Unhealthy,116.0,UG/M3,1 Hr,Valid
Phora Durbar Kathmandu,PM2.5 - Principal,2024-02-04 12:00 AM,2024,02,04,00,100.0,182,Unhealthy,102.0,UG/M3,1 Hr,Valid
Phora Durbar Kathmandu,PM2.5 - Principal,2024-02-04 01:00 AM,2024,02,04,01,96.0,179,Unhealthy,92.0,UG/M3,1 Hr,Valid
Phora Durbar Kathmandu,PM2.5 - Principal,2024-02-04 02:00 AM,2024,02,04,02,94.5,178,Unhealthy,93.0,UG/M3,1 Hr,Valid
Phora Durbar Kathmandu,PM2.5 - Principal,2024-02-04 03:00 AM,2024,02,04,03,86.2,173,Unhealthy,78.0,UG/M3,1 Hr,Valid
Phora Durbar Kathmandu,PM2.5 - Principal,2024-02-04 04:00 AM,2024,02,04,04,73.6,164,Unhealthy,61.0,UG/M3,1 Hr,Valid
Phora Durbar Kathmandu,PM2.5 - Principal,2024-02-04 05:00 AM,2024,02,04,05,78.3,167,Unhealthy,83.0,UG/M3,1 Hr,Valid
Phora Durbar Kathmandu,PM2.5 - Principal,2024-02-04 06:00 AM,2024,02,04,06,105.1,186,Unhealthy,132.0,UG/M3,1 Hr,Valid
Phora Durbar Kathmandu,PM2.5 - Principal,2024-02-04 07:00 AM,2024,02,04,07,94.0,178,Unhealthy,83.0,UG/M3,1 Hr,Valid
Phora Durbar Kathmandu,PM2.5 - Principal,2024-02-04 08:00 AM,2024,02,04,08,122.0,198,Unhealthy,150.0,UG/M3,1 Hr,Valid
Phora Durbar Kathmandu,PM2.5 - Principal,2024-02-04 09:00 AM,2024,02,04,09,122.5,198,Unhealthy,123.0,UG/M3,1 Hr,Valid
Phora Durbar Kathmandu,PM2.5 - Principal,2024-02-04 10:00 AM,2024,02,04,10,115.2,193,Unhealthy,108.0,UG/M3,1 Hr,Valid
Phora Durbar Kathmandu,PM2.5 - Principal,2024-02-04 11:00 AM,2024,02,04,11,109.6,189,Unhealthy,104.0,UG/M3,1 Hr,Valid
Phora Durbar Kathmandu,PM2.5 - Principal,2024-02-04 12:00 PM,2024,02,04,12,88.8,174,Unhealthy,68.0,UG/M3,1 Hr,Valid
Phora Durbar Kathmandu,PM2.5 - Principal,2024-02-04 01:00 PM,2024,02,04,13,85.9,172,Unhealthy,83.0,UG/M3,1 Hr,Valid
Phora Durbar Kathmandu,PM2.5 - Principal,2024-02-04 02:00 PM,2024,02,04,14,111.4,190,Unhealthy,137.0,UG/M3,1 Hr,Valid
Phora Durbar Kathmandu,PM2.5 - Principal,2024-02-04 03:00 PM,2024,02,04,15,108.2,188,Unhealthy,105.0,UG/M3,1 Hr,Valid
Phora Durbar Kathmandu,PM2.5 - Principal,2024-02-04 04:00 PM,2024,02,04,16,97.1,180,Unhealthy,86.0,UG/M3,1 Hr,Valid
Phora Durbar Kathmandu,PM2.5 - Principal,2024-02-04 05:00 PM,2024,02,04,17,87.0,173,Unhealthy,77.0,UG/M3,1 Hr,Valid
Phora Durbar Kathmandu,PM2.5 - Principal,2024-02-04 06:00 PM,2024,02,04,18,119.5,196,Unhealthy,152.0,UG/M3,1 Hr,Valid
Phora Durbar Kathmandu,PM2.5 - Principal,2024-02-04 07:00 PM,2024,02,04,19,132.7,208,Very Unhealthy,146.0,UG/M3,1 Hr,Valid
Phora Durbar Kathmandu,PM2.5 - Principal,2024-02-04 08:00 PM,2024,02,04,20,131.8,207,Very Unhealthy,131.0,UG/M3,1 Hr,Valid
Phora Durbar Kathmandu,PM2.5 - Principal,2024-02-04 09:00 PM,2024,02,04,21,138.4,214,Very Unhealthy,145.0,UG/M3,1 Hr,Valid
Phora Durbar Kathmandu,PM2.5 - Principal,2024-02-04 10:00 PM,2024,02,04,22,148.7,224,Very Unhealthy,159.0,UG/M3,1 Hr,Valid
Phora Durbar Kathmandu,PM2.5 - Principal,2024-02-04 11:00 PM,2024,02,04,23,155.8,231,Very Unhealthy,163.0,UG/M3,1 Hr,Valid
Phora Durbar Kathmandu,PM2.5 - Principal,2024-02-05 12:00 AM,2024,02,05,00,139.4,215,Very Unhealthy,123.0,UG/M3,1 Hr,Valid
Phora Durbar Kathmandu,PM2.5 - Principal,2024-02-05 01:00 AM,2024,02,05,01,123.7,199,Unhealthy,108.0,UG/M3,1 Hr,Valid
Phora Durbar Kathmandu,PM2.5 - Principal,2024-02-05 02:00 AM,2024,02,05,02,141.8,217,Very Unhealthy,160.0,UG/M3,1 Hr,Valid
Phora Durbar Kathmandu,PM2.5 - Principal,2024-02-05 03:00 AM,2024,02,05,03,157.9,233,Very Unhealthy,174.0,UG/M3,1 Hr,Valid
Phora Durbar Kathmandu,PM2.5 - Principal,2024-02-05 04:00 AM,2024,02,05,04,142.9,218,Very Unhealthy,128.0,UG/M3,1 Hr,Valid
Phora Durbar Kathmandu,PM2.5 - Principal,2024-02-05 05:00 AM,2024,02,05,05,161.4,237,Very Unhealthy,186.0,UG/M3,1 Hr,Valid
Phora Durbar Kathmandu,PM2.5 - Principal,2024-02-05 06:00 AM,2024,02,05,06,162.5,238,Very Unhealthy,164.0,UG/M3,1 Hr,Valid
Phora Durbar Kathmandu,PM2.5 - Principal,2024-02-05 07:00 AM,2024,02,05,07,148.0,223,Very Unhealthy,128.0,UG/M3,1 Hr,Valid
Phora Durbar Kathmandu,PM2.5 - Principal,2024-02-05 08:00 AM,2024,02,05,08,160.6,236,Very Unhealthy,178.0,UG/M3,1 Hr,Valid
Phora Durbar Kathmandu,PM2.5 - Principal,2024-02-05 09:00 AM,2024,02,05,09,162.4,238,Very Unhealthy,165.0,UG/M3,1 Hr,Valid
Phora Durbar Kathmandu,PM2.5 - Principal,2024-02-05 10:00 AM,2024,02,05,10,193.2,268,Very Unhealthy,223.0,UG/M3,1 Hr,Valid
Phora Durbar Kathmandu,PM2.5 - Principal,2024-02-05 11:00 AM,2024,02,05,11,215.6,290,Very Unhealthy,238.0,UG/M3,1 Hr,Valid
Phora Durbar Kathmandu,PM2.5 - Principal,2024-02-05 12:00 PM,2024,02,05,12,172.8,248,Very Unhealthy,130.0,UG/M3,1 Hr,Valid
Phora Durbar Kathmandu,PM2.5 - Principal,2024-02-05 01:00 PM,2024,02,05,13,102.4,184,Unhealthy,32.0,UG/M3,1 Hr,Valid
Phora Durbar Kathmandu,PM2.5 - Principal,2024-02-05 02:00 PM,2024,02,05,14,70.6,162,Unhealthy,39.0,UG/M3,1 Hr,Valid
Phora Durbar Kathmandu,PM2.5 - Principal,2024-02-05 03:00 PM,2024,02,05,15,78.3,167,Unhealthy,86.0,UG/M3,1 Hr,Valid
Phora Durbar Kathmandu,PM2.5 - Principal,2024-02-05 04:00 PM,2024,02,05,16,57.1,152,Unhealthy,36.0,UG/M3,1 Hr,Valid
Phora Durbar Kathmandu,PM2.5 - Principal,2024-02-05 05:00 PM,2024,02,05,17,83.0,170,Unhealthy,109.0,UG/M3,1 Hr,Valid
Phora Durbar Kathmandu,PM2.5 - Principal,2024-02-05 06:00 PM,2024,02,05,18,78.0,167,Unhealthy,73.0,UG/M3,1 Hr,Valid
Phora Durbar Kathmandu,PM2.5 - Principal,2024-02-05 07:00 PM,2024,02,05,19,84.5,171,Unhealthy,91.0,UG/M3,1 Hr,Valid
Phora Durbar Kathmandu,PM2.5 - Principal,2024-02-05 08:00 PM,2024,02,05,20,70.2,161,Unhealthy,56.0,UG/M3,1 Hr,Valid
Phora Durbar Kathmandu,PM2.5 - Principal,2024-02-05 09:00 PM,2024,02,05,21,120.6,197,Unhealthy,171.0,UG/M3,1 Hr,Valid
Phora Durbar Kathmandu,PM2.5 - Principal,2024-02-05 10:00 PM,2024,02,05,22,113.2,191,Unhealthy,106.0,UG/M3,1 Hr,Valid
Phora Durbar Kathmandu,PM2.5 - Principal,2024-02-05 11:00 PM,2024,02,05,23,124.6,199,Unhealthy,136.0,UG/M3,1 Hr,Valid
Phora Durbar Kathmandu,PM2.5 - Principal,2024-02-06 12:00 AM,2024,02,06,00,103.3,185,Unhealthy,82.0,UG/M3,1 Hr,Valid
Phora Durbar Kathmandu,PM2.5 - Principal,2024-02-06 01:00 AM,2024,02,06,01,88.6,174,Unhealthy,74.0,UG/M3,1 Hr,Valid
Phora Durbar Kathmandu,PM2.5 - Principal,2024-02-06 02:00 AM,2024,02,06,02,84.3,171,Unhealthy,80.0,UG/M3,1 Hr,Valid
Phora Durbar Kathmandu,PM2.5 - Principal,2024-02-06 03:00 AM,2024,02,06,03,74.1,164,Unhealthy,64.0,UG/M3,1 Hr,Valid
Phora Durbar Kathmandu,PM2.5 - Principal,2024-02-06 04:00 AM,2024,02,06,04,72.5,163,Unhealthy,71.0,UG/M3,1 Hr,Valid
Phora Durbar Kathmandu,PM2.5 - Principal,2024-02-06 05:00 AM,2024,02,06,05,73.2,163,Unhealthy,74.0,UG/M3,1 Hr,Valid
Phora Durbar Kathmandu,PM2.5 - Principal,2024-02-06 06:00 AM,2024,02,06,06,65.1,158,Unhealthy,57.0,UG/M3,1 Hr,Valid
Phora Durbar Kathmandu,PM2.5 - Principal,2024-02-06 07:00 AM,2024,02,06,07,85.5,172,Unhealthy,106.0,UG/M3,1 Hr,Valid
Phora Durbar Kathmandu,PM2.5 - Principal,2024-02-06 08:00 AM,2024,02,06,08,115.2,193,Unhealthy,145.0,UG/M3,1 Hr,Valid
Phora Durbar Kathmandu,PM2.5 - Principal,2024-02-06 09:00 AM,2024,02,06,09,137.6,213,Very Unhealthy,160.0,UG/M3,1 Hr,Valid
Phora Durbar Kathmandu,PM2.5 - Principal,2024-02-06 10:00 AM,2024,02,06,10,116.3,194,Unhealthy,95.0,UG/M3,1 Hr,Valid
Phora Durbar Kathmandu,PM2.5 - Principal,2024-02-06 11:00 AM,2024,02,06,11,111.6,190,Unhealthy,107.0,UG/M3,1 Hr,Valid
Phora Durbar Kathmandu,PM2.5 - Principal,2024-02-06 12:00 PM,2024,02,06,12,106.3,187,Unhealthy,101.0,UG/M3,1 Hr,Valid
Phora Durbar Kathmandu,PM2.5 - Principal,2024-02-06 01:00 PM,2024,02,06,13,82.1,170,Unhealthy,58.0,UG/M3,1 Hr,Valid
Phora Durbar Kathmandu,PM2.5 - Principal,2024-02-06 02:00 PM,2024,02,06,14,56.0,151,Unhealthy,30.0,UG/M3,1 Hr,Valid
Phora Durbar Kathmandu,PM2.5 - Principal,2024-02-06 03:00 PM,2024,02,06,15,53.0,144,Unhealthy for Sensitive Groups,50.0,UG/M3,1 Hr,Valid
Phora Durbar Kathmandu,PM2.5 - Principal,2024-02-06 04:00 PM,2024,02,06,16,53.0,144,Unhealthy for Sensitive Groups,-15.0,UG/M3,1 Hr,Invalid
Phora Durbar Kathmandu,PM2.5 - Principal,2024-02-06 05:00 PM,2024,02,06,17,52.3,142,Unhealthy for Sensitive Groups,52.0,UG/M3,1 Hr,Valid
Phora Durbar Kathmandu,PM2.5 - Principal,2024-02-06 06:00 PM,2024,02,06,18,52.7,143,Unhealthy for Sensitive Groups,53.0,UG/M3,1 Hr,Valid
Phora Durbar Kathmandu,PM2.5 - Principal,2024-02-06 07:00 PM,2024,02,06,19,80.0,168,Unhealthy,104.0,UG/M3,1 Hr,Valid
Phora Durbar Kathmandu,PM2.5 - Principal,2024-02-06 08:00 PM,2024,02,06,20,80.0,168,Unhealthy,-15.0,UG/M3,1 Hr,Invalid
Phora Durbar Kathmandu,PM2.5 - Principal,2024-02-06 09:00 PM,2024,02,06,21,75.9,165,Unhealthy,74.0,UG/M3,1 Hr,Valid
Phora Durbar Kathmandu,PM2.5 - Principal,2024-02-06 10:00 PM,2024,02,06,22,78.2,167,Unhealthy,80.0,UG/M3,1 Hr,Valid
Phora Durbar Kathmandu,PM2.5 - Principal,2024-02-06 11:00 PM,2024,02,06,23,91.5,176,Unhealthy,103.0,UG/M3,1 Hr,Valid
Phora Durbar Kathmandu,PM2.5 - Principal,2024-02-07 12:00 AM,2024,02,07,00,54.0,147,Unhealthy for Sensitive Groups,19.0,UG/M3,1 Hr,Valid
Phora Durbar Kathmandu,PM2.5 - Principal,2024-02-07 01:00 AM,2024,02,07,01,54.5,148,Unhealthy for Sensitive Groups,55.0,UG/M3,1 Hr,Valid
Phora Durbar Kathmandu,PM2.5 - Principal,2024-02-07 02:00 AM,2024,02,07,02,79.4,168,Unhealthy,104.0,UG/M3,1 Hr,Valid
Phora Durbar Kathmandu,PM2.5 - Principal,2024-02-07 03:00 AM,2024,02,07,03,60.6,155,Unhealthy,42.0,UG/M3,1 Hr,Valid
Phora Durbar Kathmandu,PM2.5 - Principal,2024-02-07 04:00 AM,2024,02,07,04,69.3,161,Unhealthy,78.0,UG/M3,1 Hr,Valid
Phora Durbar Kathmandu,PM2.5 - Principal,2024-02-07 05:00 AM,2024,02,07,05,110.7,190,Unhealthy,152.0,UG/M3,1 Hr,Valid
Phora Durbar Kathmandu,PM2.5 - Principal,2024-02-07 06:00 AM,2024,02,07,06,90.3,175,Unhealthy,70.0,UG/M3,1 Hr,Valid
Phora Durbar Kathmandu,PM2.5 - Principal,2024-02-07 07:00 AM,2024,02,07,07,73.6,164,Unhealthy,57.0,UG/M3,1 Hr,Valid
Phora Durbar Kathmandu,PM2.5 - Principal,2024-02-07 08:00 AM,2024,02,07,08,89.3,175,Unhealthy,105.0,UG/M3,1 Hr,Valid
Phora Durbar Kathmandu,PM2.5 - Principal,2024-02-07 09:00 AM,2024,02,07,09,154.6,230,Very Unhealthy,220.0,UG/M3,1 Hr,Valid
Phora Durbar Kathmandu,PM2.5 - Principal,2024-02-07 10:00 AM,2024,02,07,10,141.3,217,Very Unhealthy,128.0,UG/M3,1 Hr,Valid
Phora Durbar Kathmandu,PM2.5 - Principal,2024-02-07 11:00 AM,2024,02,07,11,132.1,208,Very Unhealthy,123.0,UG/M3,1 Hr,Valid
Phora Durbar Kathmandu,PM2.5 - Principal,2024-02-07 12:00 PM,2024,02,07,12,117.5,194,Unhealthy,103.0,UG/M3,1 Hr,Valid
Phora Durbar Kathmandu,PM2.5 - Principal,2024-02-07 01:00 PM,2024,02,07,13,78.7,167,Unhealthy,40.0,UG/M3,1 Hr,Valid
Phora Durbar Kathmandu,PM2.5 - Principal,2024-02-07 02:00 PM,2024,02,07,14,62.8,156,Unhealthy,47.0,UG/M3,1 Hr,Valid
Phora Durbar Kathmandu,PM2.5 - Principal,2024-02-07 03:00 PM,2024,02,07,15,71.9,162,Unhealthy,81.0,UG/M3,1 Hr,Valid
Phora Durbar Kathmandu,PM2.5 - Principal,2024-02-07 04:00 PM,2024,02,07,16,55.9,151,Unhealthy,40.0,UG/M3,1 Hr,Valid
Phora Durbar Kathmandu,PM2.5 - Principal,2024-02-07 05:00 PM,2024,02,07,17,36.4,103,Unhealthy for Sensitive Groups,17.0,UG/M3,1 Hr,Valid
Phora Durbar Kathmandu,PM2.5 - Principal,2024-02-07 06:00 PM,2024,02,07,18,43.7,121,Unhealthy for Sensitive Groups,51.0,UG/M3,1 Hr,Valid
Phora Durbar Kathmandu,PM2.5 - Principal,2024-02-07 07:00 PM,2024,02,07,19,30.8,91,Moderate,18.0,UG/M3,1 Hr,Valid
Phora Durbar Kathmandu,PM2.5 - Principal,2024-02-07 08:00 PM,2024,02,07,20,41.9,117,Unhealthy for Sensitive Groups,53.0,UG/M3,1 Hr,Valid
Phora Durbar Kathmandu,PM2.5 - Principal,2024-02-07 09:00 PM,2024,02,07,21,41.4,116,Unhealthy for Sensitive Groups,41.0,UG/M3,1 Hr,Valid
Phora Durbar Kathmandu,PM2.5 - Principal,2024-02-07 10:00 PM,2024,02,07,22,70.7,162,Unhealthy,100.0,UG/M3,1 Hr,Valid
Phora Durbar Kathmandu,PM2.5 - Principal,2024-02-07 11:00 PM,2024,02,07,23,72.3,163,Unhealthy,74.0,UG/M3,1 Hr,Valid
Phora Durbar Kathmandu,PM2.5 - Principal,2024-02-08 12:00 AM,2024,02,08,00,75.6,165,Unhealthy,79.0,UG/M3,1 Hr,Valid
Phora Durbar Kathmandu,PM2.5 - Principal,2024-02-08 01:00 AM,2024,02,08,01,74.8,165,Unhealthy,74.0,UG/M3,1 Hr,Valid
Phora Durbar Kathmandu,PM2.5 - Principal,2024-02-08 02:00 AM,2024,02,08,02,107.9,188,Unhealthy,141.0,UG/M3,1 Hr,Valid
Phora Durbar Kathmandu,PM2.5 - Principal,2024-02-08 03:00 AM,2024,02,08,03,98.4,181,Unhealthy,89.0,UG/M3,1 Hr,Valid
Phora Durbar Kathmandu,PM2.5 - Principal,2024-02-08 04:00 AM,2024,02,08,04,81.7,169,Unhealthy,65.0,UG/M3,1 Hr,Valid
Phora Durbar Kathmandu,PM2.5 - Principal,2024-02-08 05:00 AM,2024,02,08,05,78.3,167,Unhealthy,75.0,UG/M3,1 Hr,Valid
Phora Durbar Kathmandu,PM2.5 - Principal,2024-02-08 06:00 AM,2024,02,08,06,93.6,178,Unhealthy,109.0,UG/M3,1 Hr,Valid
Phora Durbar Kathmandu,PM2.5 - Principal,2024-02-08 07:00 AM,2024,02,08,07,92.3,177,Unhealthy,91.0,UG/M3,1 Hr,Valid
Phora Durbar Kathmandu,PM2.5 - Principal,2024-02-08 08:00 AM,2024,02,08,08,131.6,207,Very Unhealthy,171.0,UG/M3,1 Hr,Valid
Phora Durbar Kathmandu,PM2.5 - Principal,2024-02-08 09:00 AM,2024,02,08,09,146.8,222,Very Unhealthy,162.0,UG/M3,1 Hr,Valid
Phora Durbar Kathmandu,PM2.5 - Principal,2024-02-08 10:00 AM,2024,02,08,10,132.9,208,Very Unhealthy,119.0,UG/M3,1 Hr,Valid
Phora Durbar Kathmandu,PM2.5 - Principal,2024-02-08 11:00 AM,2024,02,08,11,130.9,206,Very Unhealthy,129.0,UG/M3,1 Hr,Valid
Phora Durbar Kathmandu,PM2.5 - Principal,2024-02-08 12:00 PM,2024,02,08,12,110.9,190,Unhealthy,91.0,UG/M3,1 Hr,Valid
Phora Durbar Kathmandu,PM2.5 - Principal,2024-02-08 01:00 PM,2024,02,08,13,68.9,160,Unhealthy,27.0,UG/M3,1 Hr,Valid
Phora Durbar Kathmandu,PM2.5 - Principal,2024-02-08 02:00 PM,2024,02,08,14,49.9,136,Unhealthy for Sensitive Groups,31.0,UG/M3,1 Hr,Valid
Phora Durbar Kathmandu,PM2.5 - Principal,2024-02-08 03:00 PM,2024,02,08,15,37.4,106,Unhealthy for Sensitive Groups,25.0,UG/M3,1 Hr,Valid
Phora Durbar Kathmandu,PM2.5 - Principal,2024-02-08 04:00 PM,2024,02,08,16,41.7,116,Unhealthy for Sensitive Groups,46.0,UG/M3,1 Hr,Valid
Phora Durbar Kathmandu,PM2.5 - Principal,2024-02-08 05:00 PM,2024,02,08,17,43.8,121,Unhealthy for Sensitive Groups,46.0,UG/M3,1 Hr,Valid
Phora Durbar Kathmandu,PM2.5 - Principal,2024-02-08 06:00 PM,2024,02,08,18,43.9,122,Unhealthy for Sensitive Groups,44.0,UG/M3,1 Hr,Valid
Phora Durbar Kathmandu,PM2.5 - Principal,2024-02-08 07:00 PM,2024,02,08,19,57.4,152,Unhealthy,71.0,UG/M3,1 Hr,Valid
Phora Durbar Kathmandu,PM2.5 - Principal,2024-02-08 08:00 PM,2024,02,08,20,32.7,95,Moderate,8.0,UG/M3,1 Hr,Valid
Phora Durbar Kathmandu,PM2.5 - Principal,2024-02-08 09:00 PM,2024,02,08,21,74.8,165,Unhealthy,117.0,UG/M3,1 Hr,Valid
Phora Durbar Kathmandu,PM2.5 - Principal,2024-02-08 10:00 PM,2024,02,08,22,87.4,173,Unhealthy,100.0,UG/M3,1 Hr,Valid
Phora Durbar Kathmandu,PM2.5 - Principal,2024-02-08 11:00 PM,2024,02,08,23,101.2,183,Unhealthy,115.0,UG/M3,1 Hr,Valid
Phora Durbar Kathmandu,PM2.5 - Principal,2024-02-09 12:00 AM,2024,02,09,00,99.1,182,Unhealthy,97.0,UG/M3,1 Hr,Valid
Phora Durbar Kathmandu,PM2.5 - Principal,2024-02-09 01:00 AM,2024,02,09,01,94.0,178,Unhealthy,89.0,UG/M3,1 Hr,Valid
Phora Durbar Kathmandu,PM2.5 - Principal,2024-02-09 02:00 AM,2024,02,09,02,87.5,173,Unhealthy,81.0,UG/M3,1 Hr,Valid
Phora Durbar Kathmandu,PM2.5 - Principal,2024-02-09 03:00 AM,2024,02,09,03,65.2,158,Unhealthy,43.0,UG/M3,1 Hr,Valid
Phora Durbar Kathmandu,PM2.5 - Principal,2024-02-09 04:00 AM,2024,02,09,04,78.6,167,Unhealthy,92.0,UG/M3,1 Hr,Valid
Phora Durbar Kathmandu,PM2.5 - Principal,2024-02-09 05:00 AM,2024,02,09,05,100.8,183,Unhealthy,123.0,UG/M3,1 Hr,Valid
Phora Durbar Kathmandu,PM2.5 - Principal,2024-02-09 06:00 AM,2024,02,09,06,92.4,177,Unhealthy,84.0,UG/M3,1 Hr,Valid
Phora Durbar Kathmandu,PM2.5 - Principal,2024-02-09 07:00 AM,2024,02,09,07,99.2,182,Unhealthy,106.0,UG/M3,1 Hr,Valid
Phora Durbar Kathmandu,PM2.5 - Principal,2024-02-09 08:00 AM,2024,02,09,08,107.1,187,Unhealthy,115.0,UG/M3,1 Hr,Valid
Phora Durbar Kathmandu,PM2.5 - Principal,2024-02-09 09:00 AM,2024,02,09,09,111.0,190,Unhealthy,115.0,UG/M3,1 Hr,Valid
Phora Durbar Kathmandu,PM2.5 - Principal,2024-02-09 10:00 AM,2024,02,09,10,115.0,193,Unhealthy,119.0,UG/M3,1 Hr,Valid
Phora Durbar Kathmandu,PM2.5 - Principal,2024-02-09 11:00 AM,2024,02,09,11,93.5,178,Unhealthy,72.0,UG/M3,1 Hr,Valid
Phora Durbar Kathmandu,PM2.5 - Principal,2024-02-09 12:00 PM,2024,02,09,12,83.7,171,Unhealthy,74.0,UG/M3,1 Hr,Valid
Phora Durbar Kathmandu,PM2.5 - Principal,2024-02-09 01:00 PM,2024,02,09,13,71.3,162,Unhealthy,59.0,UG/M3,1 Hr,Valid
Phora Durbar Kathmandu,PM2.5 - Principal,2024-02-09 02:00 PM,2024,02,09,14,75.6,165,Unhealthy,80.0,UG/M3,1 Hr,Valid
Phora Durbar Kathmandu,PM2.5 - Principal,2024-02-09 03:00 PM,2024,02,09,15,61.8,155,Unhealthy,48.0,UG/M3,1 Hr,Valid
Phora Durbar Kathmandu,PM2.5 - Principal,2024-02-09 04:00 PM,2024,02,09,16,68.4,160,Unhealthy,75.0,UG/M3,1 Hr,Valid
Phora Durbar Kathmandu,PM2.5 - Principal,2024-02-09 05:00 PM,2024,02,09,17,60.7,155,Unhealthy,53.0,UG/M3,1 Hr,Valid
Phora Durbar Kathmandu,PM2.5 - Principal,2024-02-09 06:00 PM,2024,02,09,18,83.3,170,Unhealthy,106.0,UG/M3,1 Hr,Valid
Phora Durbar Kathmandu,PM2.5 - Principal,2024-02-09 07:00 PM,2024,02,09,19,96.1,179,Unhealthy,109.0,UG/M3,1 Hr,Valid
Phora Durbar Kathmandu,PM2.5 - Principal,2024-02-09 08:00 PM,2024,02,09,20,97.5,180,Unhealthy,99.0,UG/M3,1 Hr,Valid
Phora Durbar Kathmandu,PM2.5 - Principal,2024-02-09 09:00 PM,2024,02,09,21,125.2,200,Unhealthy,153.0,UG/M3,1 Hr,Valid
Phora Durbar Kathmandu,PM2.5 - Principal,2024-02-09 10:00 PM,2024,02,09,22,135.1,211,Very Unhealthy,145.0,UG/M3,1 Hr,Valid
Phora Durbar Kathmandu,PM2.5 - Principal,2024-02-09 11:00 PM,2024,02,09,23,127.0,202,Very Unhealthy,119.0,UG/M3,1 Hr,Valid
Phora Durbar Kathmandu,PM2.5 - Principal,2024-02-10 12:00 AM,2024,02,10,00,124.0,199,Unhealthy,121.0,UG/M3,1 Hr,Valid
Phora Durbar Kathmandu,PM2.5 - Principal,2024-02-10 01:00 AM,2024,02,10,01,132.0,207,Very Unhealthy,140.0,UG/M3,1 Hr,Valid
Phora Durbar Kathmandu,PM2.5 - Principal,2024-02-10 02:00 AM,2024,02,10,02,118.5,195,Unhealthy,105.0,UG/M3,1 Hr,Valid
Phora Durbar Kathmandu,PM2.5 - Principal,2024-02-10 03:00 AM,2024,02,10,03,122.7,198,Unhealthy,127.0,UG/M3,1 Hr,Valid
Phora Durbar Kathmandu,PM2.5 - Principal,2024-02-10 04:00 AM,2024,02,10,04,105.3,186,Unhealthy,88.0,UG/M3,1 Hr,Valid
Phora Durbar Kathmandu,PM2.5 - Principal,2024-02-10 05:00 AM,2024,02,10,05,129.8,205,Very Unhealthy,158.0,UG/M3,1 Hr,Valid
Phora Durbar Kathmandu,PM2.5 - Principal,2024-02-10 06:00 AM,2024,02,10,06,130.3,206,Very Unhealthy,131.0,UG/M3,1 Hr,Valid
Phora Durbar Kathmandu,PM2.5 - Principal,2024-02-10 07:00 AM,2024,02,10,07,133.3,209,Very Unhealthy,137.0,UG/M3,1 Hr,Valid
Phora Durbar Kathmandu,PM2.5 - Principal,2024-02-10 08:00 AM,2024,02,10,08,136.2,212,Very Unhealthy,140.0,UG/M3,1 Hr,Valid
Phora Durbar Kathmandu,PM2.5 - Principal,2024-02-10 09:00 AM,2024,02,10,09,179.0,254,Very Unhealthy,221.0,UG/M3,1 Hr,Valid
Phora Durbar Kathmandu,PM2.5 - Principal,2024-02-10 10:00 AM,2024,02,10,10,202.0,277,Very Unhealthy,225.0,UG/M3,1 Hr,Valid
Phora Durbar Kathmandu,PM2.5 - Principal,2024-02-10 11:00 AM,2024,02,10,11,163.0,238,Very Unhealthy,124.0,UG/M3,1 Hr,Valid
Phora Durbar Kathmandu,PM2.5 - Principal,2024-02-10 12:00 PM,2024,02,10,12,147.5,223,Very Unhealthy,132.0,UG/M3,1 Hr,Valid
Phora Durbar Kathmandu,PM2.5 - Principal,2024-02-10 01:00 PM,2024,02,10,13,104.7,185,Unhealthy,62.0,UG/M3,1 Hr,Valid
Phora Durbar Kathmandu,PM2.5 - Principal,2024-02-10 02:00 PM,2024,02,10,14,104.7,185,Unhealthy,-15.0,UG/M3,1 Hr,Invalid
Phora Durbar Kathmandu,PM2.5 - Principal,2024-02-10 03:00 PM,2024,02,10,15,50.8,139,Unhealthy for Sensitive Groups,24.0,UG/M3,1 Hr,Valid
Phora Durbar Kathmandu,PM2.5 - Principal,2024-02-10 04:00 PM,2024,02,10,16,80.6,169,Unhealthy,103.0,UG/M3,1 Hr,Valid
Phora Durbar Kathmandu,PM2.5 - Principal,2024-02-10 05:00 PM,2024,02,10,17,70.1,161,Unhealthy,61.0,UG/M3,1 Hr,Valid
Phora Durbar Kathmandu,PM2.5 - Principal,2024-02-10 06:00 PM,2024,02,10,18,58.1,153,Unhealthy,47.0,UG/M3,1 Hr,Valid
Phora Durbar Kathmandu,PM2.5 - Principal,2024-02-10 07:00 PM,2024,02,10,19,60.1,154,Unhealthy,62.0,UG/M3,1 Hr,Valid
Phora Durbar Kathmandu,PM2.5 - Principal,2024-02-10 08:00 PM,2024,02,10,20,80.2,168,Unhealthy,100.0,UG/M3,1 Hr,Valid
Phora Durbar Kathmandu,PM2.5 - Principal,2024-02-10 09:00 PM,2024,02,10,21,119.7,196,Unhealthy,159.0,UG/M3,1 Hr,Valid
Phora Durbar Kathmandu,PM2.5 - Principal,2024-02-10 10:00 PM,2024,02,10,22,118.8,195,Unhealthy,118.0,UG/M3,1 Hr,Valid
Phora Durbar Kathmandu,PM2.5 - Principal,2024-02-10 11:00 PM,2024,02,10,23,152.4,228,Very Unhealthy,186.0,UG/M3,1 Hr,Valid
Phora Durbar Kathmandu,PM2.5 - Principal,2024-02-11 12:00 AM,2024,02,11,00,107.2,187,Unhealthy,62.0,UG/M3,1 Hr,Valid
Phora Durbar Kathmandu,PM2.5 - Principal,2024-02-11 01:00 AM,2024,02,11,01,114.6,192,Unhealthy,122.0,UG/M3,1 Hr,Valid
Phora Durbar Kathmandu,PM2.5 - Principal,2024-02-11 02:00 AM,2024,02,11,02,106.3,187,Unhealthy,98.0,UG/M3,1 Hr,Valid
Phora Durbar Kathmandu,PM2.5 - Principal,2024-02-11 03:00 AM,2024,02,11,03,130.6,206,Very Unhealthy,155.0,UG/M3,1 Hr,Valid
Phora Durbar Kathmandu,PM2.5 - Principal,2024-02-11 04:00 AM,2024,02,11,04,123.3,199,Unhealthy,116.0,UG/M3,1 Hr,Valid
Phora Durbar Kathmandu,PM2.5 - Principal,2024-02-11 05:00 AM,2024,02,11,05,115.6,193,Unhealthy,108.0,UG/M3,1 Hr,Valid
Phora Durbar Kathmandu,PM2.5 - Principal,2024-02-11 06:00 AM,2024,02,11,06,114.8,193,Unhealthy,114.0,UG/M3,1 Hr,Valid
Phora Durbar Kathmandu,PM2.5 - Principal,2024-02-11 07:00 AM,2024,02,11,07,131.4,207,Very Unhealthy,148.0,UG/M3,1 Hr,Valid
Phora Durbar Kathmandu,PM2.5 - Principal,2024-02-11 08:00 AM,2024,02,11,08,126.2,202,Very Unhealthy,121.0,UG/M3,1 Hr,Valid
Phora Durbar Kathmandu,PM2.5 - Principal,2024-02-11 09:00 AM,2024,02,11,09,141.6,217,Very Unhealthy,157.0,UG/M3,1 Hr,Valid
Phora Durbar Kathmandu,PM2.5 - Principal,2024-02-11 10:00 AM,2024,02,11,10,146.3,222,Very Unhealthy,151.0,UG/M3,1 Hr,Valid
Phora Durbar Kathmandu,PM2.5 - Principal,2024-02-11 11:00 AM,2024,02,11,11,132.6,208,Very Unhealthy,119.0,UG/M3,1 Hr,Valid
Phora Durbar Kathmandu,PM2.5 - Principal,2024-02-11 12:00 PM,2024,02,11,12,116.3,194,Unhealthy,92.0,UG/M3,1 Hr,Valid
Phora Durbar Kathmandu,PM2.5 - Principal,2024-02-11 01:00 PM,2024,02,11,13,76.6,166,Unhealthy,41.0,UG/M3,1 Hr,Valid
Phora Durbar Kathmandu,PM2.5 - Principal,2024-02-11 02:00 PM,2024,02,11,14,42.3,118,Unhealthy for Sensitive Groups,8.0,UG/M3,1 Hr,Valid
Phora Durbar Kathmandu,PM2.5 - Principal,2024-02-11 03:00 PM,2024,02,11,15,67.1,159,Unhealthy,92.0,UG/M3,1 Hr,Valid
Phora Durbar Kathmandu,PM2.5 - Principal,2024-02-11 04:00 PM,2024,02,11,16,53.0,144,Unhealthy for Sensitive Groups,39.0,UG/M3,1 Hr,Valid
Phora Durbar Kathmandu,PM2.5 - Principal,2024-02-11 05:00 PM,2024,02,11,17,53.0,144,Unhealthy for Sensitive Groups,-15.0,UG/M3,1 Hr,Invalid
Phora Durbar Kathmandu,PM2.5 - Principal,2024-02-11 06:00 PM,2024,02,11,18,60.3,154,Unhealthy,64.0,UG/M3,1 Hr,Valid
Phora Durbar Kathmandu,PM2.5 - Principal,2024-02-11 07:00 PM,2024,02,11,19,80.1,168,Unhealthy,95.0,UG/M3,1 Hr,Valid
Phora Durbar Kathmandu,PM2.5 - Principal,2024-02-11 08:00 PM,2024,02,11,20,85.9,172,Unhealthy,91.0,UG/M3,1 Hr,Valid
Phora Durbar Kathmandu,PM2.5 - Principal,2024-02-11 09:00 PM,2024,02,11,21,92.6,177,Unhealthy,99.0,UG/M3,1 Hr,Valid
Phora Durbar Kathmandu,PM2.5 - Principal,2024-02-11 10:00 PM,2024,02,11,22,112.1,191,Unhealthy,131.0,UG/M3,1 Hr,Valid
Phora Durbar Kathmandu,PM2.5 - Principal,2024-02-11 11:00 PM,2024,02,11,23,120.1,196,Unhealthy,128.0,UG/M3,1 Hr,Valid
Phora Durbar Kathmandu,PM2.5 - Principal,2024-02-12 12:00 AM,2024,02,12,00,108.0,188,Unhealthy,96.0,UG/M3,1 Hr,Valid
Phora Durbar Kathmandu,PM2.5 - Principal,2024-02-12 01:00 AM,2024,02,12,01,89.9,175,Unhealthy,72.0,UG/M3,1 Hr,Valid
Phora Durbar Kathmandu,PM2.5 - Principal,2024-02-12 02:00 AM,2024,02,12,02,81.9,170,Unhealthy,74.0,UG/M3,1 Hr,Valid
Phora Durbar Kathmandu,PM2.5 - Principal,2024-02-12 03:00 AM,2024,02,12,03,85.4,172,Unhealthy,89.0,UG/M3,1 Hr,Valid
Phora Durbar Kathmandu,PM2.5 - Principal,2024-02-12 04:00 AM,2024,02,12,04,79.7,168,Unhealthy,74.0,UG/M3,1 Hr,Valid
Phora Durbar Kathmandu,PM2.5 - Principal,2024-02-12 05:00 AM,2024,02,12,05,88.3,174,Unhealthy,97.0,UG/M3,1 Hr,Valid
Phora Durbar Kathmandu,PM2.5 - Principal,2024-02-12 06:00 AM,2024,02,12,06,56.1,151,Unhealthy,24.0,UG/M3,1 Hr,Valid
Phora Durbar Kathmandu,PM2.5 - Principal,2024-02-12 07:00 AM,2024,02,12,07,92.0,177,Unhealthy,128.0,UG/M3,1 Hr,Valid
Phora Durbar Kathmandu,PM2.5 - Principal,2024-02-12 08:00 AM,2024,02,12,08,130.5,206,Very Unhealthy,169.0,UG/M3,1 Hr,Valid
Phora Durbar Kathmandu,PM2.5 - Principal,2024-02-12 09:00 AM,2024,02,12,09,153.2,228,Very Unhealthy,176.0,UG/M3,1 Hr,Valid
Phora Durbar Kathmandu,PM2.5 - Principal,2024-02-12 10:00 AM,2024,02,12,10,179.1,254,Very Unhealthy,205.0,UG/M3,1 Hr,Valid
Phora Durbar Kathmandu,PM2.5 - Principal,2024-02-12 11:00 AM,2024,02,12,11,147.0,222,Very Unhealthy,115.0,UG/M3,1 Hr,Valid
Phora Durbar Kathmandu,PM2.5 - Principal,2024-02-12 12:00 PM,2024,02,12,12,106.5,187,Unhealthy,66.0,UG/M3,1 Hr,Valid
Phora Durbar Kathmandu,PM2.5 - Principal,2024-02-12 01:00 PM,2024,02,12,13,70.2,161,Unhealthy,34.0,UG/M3,1 Hr,Valid
Phora Durbar Kathmandu,PM2.5 - Principal,2024-02-12 02:00 PM,2024,02,12,14,52.1,142,Unhealthy for Sensitive Groups,34.0,UG/M3,1 Hr,Valid
Phora Durbar Kathmandu,PM2.5 - Principal,2024-02-12 03:00 PM,2024,02,12,15,51.5,140,Unhealthy for Sensitive Groups,51.0,UG/M3,1 Hr,Valid
Phora Durbar Kathmandu,PM2.5 - Principal,2024-02-12 04:00 PM,2024,02,12,16,50.2,137,Unhealthy for Sensitive Groups,49.0,UG/M3,1 Hr,Valid
Phora Durbar Kathmandu,PM2.5 - Principal,2024-02-12 05:00 PM,2024,02,12,17,45.6,126,Unhealthy for Sensitive Groups,41.0,UG/M3,1 Hr,Valid
Phora Durbar Kathmandu,PM2.5 - Principal,2024-02-12 06:00 PM,2024,02,12,18,51.8,141,Unhealthy for Sensitive Groups,58.0,UG/M3,1 Hr,Valid
Phora Durbar Kathmandu,PM2.5 - Principal,2024-02-12 07:00 PM,2024,02,12,19,43.3,120,Unhealthy for Sensitive Groups,35.0,UG/M3,1 Hr,Valid
Phora Durbar Kathmandu,PM2.5 - Principal,2024-02-12 08:00 PM,2024,02,12,20,51.1,139,Unhealthy for Sensitive Groups,59.0,UG/M3,1 Hr,Valid
Phora Durbar Kathmandu,PM2.5 - Principal,2024-02-12 09:00 PM,2024,02,12,21,81.5,169,Unhealthy,112.0,UG/M3,1 Hr,Valid
Phora Durbar Kathmandu,PM2.5 - Principal,2024-02-12 10:00 PM,2024,02,12,22,98.7,181,Unhealthy,116.0,UG/M3,1 Hr,Valid
Phora Durbar Kathmandu,PM2.5 - Principal,2024-02-12 11:00 PM,2024,02,12,23,98.8,181,Unhealthy,99.0,UG/M3,1 Hr,Valid
Phora Durbar Kathmandu,PM2.5 - Principal,2024-02-13 12:00 AM,2024,02,13,00,115.9,193,Unhealthy,133.0,UG/M3,1 Hr,Valid
Phora Durbar Kathmandu,PM2.5 - Principal,2024-02-13 01:00 AM,2024,02,13,01,106.9,187,Unhealthy,98.0,UG/M3,1 Hr,Valid
Phora Durbar Kathmandu,PM2.5 - Principal,2024-02-13 02:00 AM,2024,02,13,02,77.4,166,Unhealthy,48.0,UG/M3,1 Hr,Valid
Phora Durbar Kathmandu,PM2.5 - Principal,2024-02-13 03:00 AM,2024,02,13,03,89.2,175,Unhealthy,101.0,UG/M3,1 Hr,Valid
Phora Durbar Kathmandu,PM2.5 - Principal,2024-02-13 04:00 AM,2024,02,13,04,82.6,170,Unhealthy,76.0,UG/M3,1 Hr,Valid
Phora Durbar Kathmandu,PM2.5 - Principal,2024-02-13 05:00 AM,2024,02,13,05,63.3,156,Unhealthy,44.0,UG/M3,1 Hr,Valid
Phora Durbar Kathmandu,PM2.5 - Principal,2024-02-13 06:00 AM,2024,02,13,06,92.1,177,Unhealthy,121.0,UG/M3,1 Hr,Valid
Phora Durbar Kathmandu,PM2.5 - Principal,2024-02-13 07:00 AM,2024,02,13,07,123.0,198,Unhealthy,154.0,UG/M3,1 Hr,Valid
Phora Durbar Kathmandu,PM2.5 - Principal,2024-02-13 08:00 AM,2024,02,13,08,112.0,191,Unhealthy,101.0,UG/M3,1 Hr,Valid
Phora Durbar Kathmandu,PM2.5 - Principal,2024-02-13 09:00 AM,2024,02,13,09,143.5,219,Very Unhealthy,175.0,UG/M3,1 Hr,Valid
Phora Durbar Kathmandu,PM2.5 - Principal,2024-02-13 10:00 AM,2024,02,13,10,125.7,201,Very Unhealthy,108.0,UG/M3,1 Hr,Valid
Phora Durbar Kathmandu,PM2.5 - Principal,2024-02-13 11:00 AM,2024,02,13,11,118.3,195,Unhealthy,111.0,UG/M3,1 Hr,Valid
Phora Durbar Kathmandu,PM2.5 - Principal,2024-02-13 12:00 PM,2024,02,13,12,90.6,176,Unhealthy,63.0,UG/M3,1 Hr,Valid
Phora Durbar Kathmandu,PM2.5 - Principal,2024-02-13 01:00 PM,2024,02,13,13,79.8,168,Unhealthy,69.0,UG/M3,1 Hr,Valid
Phora Durbar Kathmandu,PM2.5 - Principal,2024-02-13 02:00 PM,2024,02,13,14,60.4,154,Unhealthy,41.0,UG/M3,1 Hr,Valid
Phora Durbar Kathmandu,PM2.5 - Principal,2024-02-13 03:00 PM,2024,02,13,15,32.1,94,Moderate,4.0,UG/M3,1 Hr,Valid
Phora Durbar Kathmandu,PM2.5 - Principal,2024-02-13 04:00 PM,2024,02,13,16,48.5,133,Unhealthy for Sensitive Groups,65.0,UG/M3,1 Hr,Valid
Phora Durbar Kathmandu,PM2.5 - Principal,2024-02-13 05:00 PM,2024,02,13,17,45.7,126,Unhealthy for Sensitive Groups,43.0,UG/M3,1 Hr,Valid
Phora Durbar Kathmandu,PM2.5 - Principal,2024-02-13 06:00 PM,2024,02,13,18,52.3,142,Unhealthy for Sensitive Groups,59.0,UG/M3,1 Hr,Valid
Phora Durbar Kathmandu,PM2.5 - Principal,2024-02-13 07:00 PM,2024,02,13,19,53.1,144,Unhealthy for Sensitive Groups,54.0,UG/M3,1 Hr,Valid
Phora Durbar Kathmandu,PM2.5 - Principal,2024-02-13 08:00 PM,2024,02,13,20,81.0,169,Unhealthy,109.0,UG/M3,1 Hr,Valid
Phora Durbar Kathmandu,PM2.5 - Principal,2024-02-13 09:00 PM,2024,02,13,21,66.5,159,Unhealthy,52.0,UG/M3,1 Hr,Valid
Phora Durbar Kathmandu,PM2.5 - Principal,2024-02-13 10:00 PM,2024,02,13,22,104.2,185,Unhealthy,142.0,UG/M3,1 Hr,Valid
Phora Durbar Kathmandu,PM2.5 - Principal,2024-02-13 11:00 PM,2024,02,13,23,61.1,155,Unhealthy,18.0,UG/M3,1 Hr,Valid
Phora Durbar Kathmandu,PM2.5 - Principal,2024-02-14 12:00 AM,2024,02,14,00,82.0,170,Unhealthy,103.0,UG/M3,1 Hr,Valid
Phora Durbar Kathmandu,PM2.5 - Principal,2024-02-14 01:00 AM,2024,02,14,01,89.5,175,Unhealthy,97.0,UG/M3,1 Hr,Valid
Phora Durbar Kathmandu,PM2.5 - Principal,2024-02-14 02:00 AM,2024,02,14,02,93.7,178,Unhealthy,98.0,UG/M3,1 Hr,Valid
Phora Durbar Kathmandu,PM2.5 - Principal,2024-02-14 03:00 AM,2024,02,14,03,81.8,169,Unhealthy,70.0,UG/M3,1 Hr,Valid
Phora Durbar Kathmandu,PM2.5 - Principal,2024-02-14 04:00 AM,2024,02,14,04,72.9,163,Unhealthy,64.0,UG/M3,1 Hr,Valid
Phora Durbar Kathmandu,PM2.5 - Principal,2024-02-14 05:00 AM,2024,02,14,05,75.4,165,Unhealthy,78.0,UG/M3,1 Hr,Valid
Phora Durbar Kathmandu,PM2.5 - Principal,2024-02-14 06:00 AM,2024,02,14,06,100.7,183,Unhealthy,126.0,UG/M3,1 Hr,Valid
Phora Durbar Kathmandu,PM2.5 - Principal,2024-02-14 07:00 AM,2024,02,14,07,81.8,169,Unhealthy,63.0,UG/M3,1 Hr,Valid
Phora Durbar Kathmandu,PM2.5 - Principal,2024-02-14 08:00 AM,2024,02,14,08,95.9,179,Unhealthy,110.0,UG/M3,1 Hr,Valid
Phora Durbar Kathmandu,PM2.5 - Principal,2024-02-14 09:00 AM,2024,02,14,09,124.4,199,Unhealthy,153.0,UG/M3,1 Hr,Valid
Phora Durbar Kathmandu,PM2.5 - Principal,2024-02-14 10:00 AM,2024,02,14,10,122.7,198,Unhealthy,121.0,UG/M3,1 Hr,Valid
Phora Durbar Kathmandu,PM2.5 - Principal,2024-02-14 11:00 AM,2024,02,14,11,150.3,226,Very Unhealthy,178.0,UG/M3,1 Hr,Valid
Phora Durbar Kathmandu,PM2.5 - Principal,2024-02-14 12:00 PM,2024,02,14,12,155.2,230,Very Unhealthy,160.0,UG/M3,1 Hr,Valid
Phora Durbar Kathmandu,PM2.5 - Principal,2024-02-14 01:00 PM,2024,02,14,13,132.1,208,Very Unhealthy,109.0,UG/M3,1 Hr,Valid
Phora Durbar Kathmandu,PM2.5 - Principal,2024-02-14 02:00 PM,2024,02,14,14,109.5,189,Unhealthy,87.0,UG/M3,1 Hr,Valid
Phora Durbar Kathmandu,PM2.5 - Principal,2024-02-14 03:00 PM,2024,02,14,15,120.7,197,Unhealthy,132.0,UG/M3,1 Hr,Valid
Phora Durbar Kathmandu,PM2.5 - Principal,2024-02-14 04:00 PM,2024,02,14,16,89.8,175,Unhealthy,59.0,UG/M3,1 Hr,Valid
Phora Durbar Kathmandu,PM2.5 - Principal,2024-02-14 05:00 PM,2024,02,14,17,51.4,140,Unhealthy for Sensitive Groups,13.0,UG/M3,1 Hr,Valid
Phora Durbar Kathmandu,PM2.5 - Principal,2024-02-14 06:00 PM,2024,02,14,18,84.2,171,Unhealthy,117.0,UG/M3,1 Hr,Valid
Phora Durbar Kathmandu,PM2.5 - Principal,2024-02-14 07:00 PM,2024,02,14,19,127.6,203,Very Unhealthy,171.0,UG/M3,1 Hr,Valid
Phora Durbar Kathmandu,PM2.5 - Principal,2024-02-14 08:00 PM,2024,02,14,20,136.8,212,Very Unhealthy,146.0,UG/M3,1 Hr,Valid
Phora Durbar Kathmandu,PM2.5 - Principal,2024-02-14 09:00 PM,2024,02,14,21,135.9,211,Very Unhealthy,135.0,UG/M3,1 Hr,Valid
Phora Durbar Kathmandu,PM2.5 - Principal,2024-02-14 10:00 PM,2024,02,14,22,123.9,199,Unhealthy,112.0,UG/M3,1 Hr,Valid
Phora Durbar Kathmandu,PM2.5 - Principal,2024-02-14 11:00 PM,2024,02,14,23,142.4,218,Very Unhealthy,161.0,UG/M3,1 Hr,Valid
Phora Durbar Kathmandu,PM2.5 - Principal,2024-02-15 12:00 AM,2024,02,15,00,164.2,239,Very Unhealthy,186.0,UG/M3,1 Hr,Valid
Phora Durbar Kathmandu,PM2.5 - Principal,2024-02-15 01:00 AM,2024,02,15,01,141.1,216,Very Unhealthy,118.0,UG/M3,1 Hr,Valid
Phora Durbar Kathmandu,PM2.5 - Principal,2024-02-15 02:00 AM,2024,02,15,02,143.5,219,Very Unhealthy,146.0,UG/M3,1 Hr,Valid
Phora Durbar Kathmandu,PM2.5 - Principal,2024-02-15 03:00 AM,2024,02,15,03,132.2,208,Very Unhealthy,121.0,UG/M3,1 Hr,Valid
Phora Durbar Kathmandu,PM2.5 - Principal,2024-02-15 04:00 AM,2024,02,15,04,133.6,209,Very Unhealthy,135.0,UG/M3,1 Hr,Valid
Phora Durbar Kathmandu,PM2.5 - Principal,2024-02-15 05:00 AM,2024,02,15,05,133.7,209,Very Unhealthy,132.0,UG/M3,1 Hr,Valid
Phora Durbar Kathmandu,PM2.5 - Principal,2024-02-15 06:00 AM,2024,02,15,06,128.3,204,Very Unhealthy,120.0,UG/M3,1 Hr,Valid
Phora Durbar Kathmandu,PM2.5 - Principal,2024-02-15 07:00 AM,2024,02,15,07,126.1,202,Very Unhealthy,123.0,UG/M3,1 Hr,Valid
Phora Durbar Kathmandu,PM2.5 - Principal,2024-02-15 08:00 AM,2024,02,15,08,168.7,244,Very Unhealthy,216.0,UG/M3,1 Hr,Valid
Phora Durbar Kathmandu,PM2.5 - Principal,2024-02-15 09:00 AM,2024,02,15,09,182.3,257,Very Unhealthy,197.0,UG/M3,1 Hr,Valid
Phora Durbar Kathmandu,PM2.5 - Principal,2024-02-15 10:00 AM,2024,02,15,10,157.0,232,Very Unhealthy,129.0,UG/M3,1 Hr,Valid
Phora Durbar Kathmandu,PM2.5 - Principal,2024-02-15 11:00 AM,2024,02,15,11,134.4,210,Very Unhealthy,111.0,UG/M3,1 Hr,Valid
Phora Durbar Kathmandu,PM2.5 - Principal,2024-02-15 12:00 PM,2024,02,15,12,112.8,191,Unhealthy,92.0,UG/M3,1 Hr,Valid
Phora Durbar Kathmandu,PM2.5 - Principal,2024-02-15 01:00 PM,2024,02,15,13,83.9,171,Unhealthy,55.0,UG/M3,1 Hr,Valid
Phora Durbar Kathmandu,PM2.5 - Principal,2024-02-15 02:00 PM,2024,02,15,14,68.4,160,Unhealthy,53.0,UG/M3,1 Hr,Valid
Phora Durbar Kathmandu,PM2.5 - Principal,2024-02-15 03:00 PM,2024,02,15,15,68.4,160,Unhealthy,-11.0,UG/M3,1 Hr,Invalid
Phora Durbar Kathmandu,PM2.5 - Principal,2024-02-15 04:00 PM,2024,02,15,16,35.4,100,Moderate,19.0,UG/M3,1 Hr,Valid
Phora Durbar Kathmandu,PM2.5 - Principal,2024-02-15 05:00 PM,2024,02,15,17,17.4,66,Moderate,4.0,UG/M3,1 Hr,Valid
Phora Durbar Kathmandu,PM2.5 - Principal,2024-02-15 06:00 PM,2024,02,15,18,20.9,73,Moderate,24.0,UG/M3,1 Hr,Valid
Phora Durbar Kathmandu,PM2.5 - Principal,2024-02-15 07:00 PM,2024,02,15,19,54.5,148,Unhealthy for Sensitive Groups,86.0,UG/M3,1 Hr,Valid
Phora Durbar Kathmandu,PM2.5 - Principal,2024-02-15 08:00 PM,2024,02,15,20,59.8,154,Unhealthy,65.0,UG/M3,1 Hr,Valid
Phora Durbar Kathmandu,PM2.5 - Principal,2024-02-15 09:00 PM,2024,02,15,21,66.9,159,Unhealthy,74.0,UG/M3,1 Hr,Valid
Phora Durbar Kathmandu,PM2.5 - Principal,2024-02-15 10:00 PM,2024,02,15,22,96.0,179,Unhealthy,125.0,UG/M3,1 Hr,Valid
Phora Durbar Kathmandu,PM2.5 - Principal,2024-02-15 11:00 PM,2024,02,15,23,89.5,175,Unhealthy,83.0,UG/M3,1 Hr,Valid
Phora Durbar Kathmandu,PM2.5 - Principal,2024-02-16 12:00 AM,2024,02,16,00,112.7,191,Unhealthy,136.0,UG/M3,1 Hr,Valid
Phora Durbar Kathmandu,PM2.5 - Principal,2024-02-16 01:00 AM,2024,02,16,01,111.9,191,Unhealthy,111.0,UG/M3,1 Hr,Valid
Phora Durbar Kathmandu,PM2.5 - Principal,2024-02-16 02:00 AM,2024,02,16,02,153.4,229,Very Unhealthy,195.0,UG/M3,1 Hr,Valid
Phora Durbar Kathmandu,PM2.5 - Principal,2024-02-16 03:00 AM,2024,02,16,03,122.7,198,Unhealthy,92.0,UG/M3,1 Hr,Valid
Phora Durbar Kathmandu,PM2.5 - Principal,2024-02-16 04:00 AM,2024,02,16,04,108.3,188,Unhealthy,94.0,UG/M3,1 Hr,Valid
Phora Durbar Kathmandu,PM2.5 - Principal,2024-02-16 05:00 AM,2024,02,16,05,102.6,184,Unhealthy,97.0,UG/M3,1 Hr,Valid
Phora Durbar Kathmandu,PM2.5 - Principal,2024-02-16 06:00 AM,2024,02,16,06,96.3,180,Unhealthy,90.0,UG/M3,1 Hr,Valid
Phora Durbar Kathmandu,PM2.5 - Principal,2024-02-16 07:00 AM,2024,02,16,07,106.1,186,Unhealthy,116.0,UG/M3,1 Hr,Valid
Phora Durbar Kathmandu,PM2.5 - Principal,2024-02-16 08:00 AM,2024,02,16,08,94.0,178,Unhealthy,82.0,UG/M3,1 Hr,Valid
Phora Durbar Kathmandu,PM2.5 - Principal,2024-02-16 09:00 AM,2024,02,16,09,136.0,211,Very Unhealthy,178.0,UG/M3,1 Hr,Valid
Phora Durbar Kathmandu,PM2.5 - Principal,2024-02-16 10:00 AM,2024,02,16,10,186.0,261,Very Unhealthy,236.0,UG/M3,1 Hr,Valid
Phora Durbar Kathmandu,PM2.5 - Principal,2024-02-16 11:00 AM,2024,02,16,11,139.0,214,Very Unhealthy,92.0,UG/M3,1 Hr,Valid
Phora Durbar Kathmandu,PM2.5 - Principal,2024-02-16 12:00 PM,2024,02,16,12,99.0,181,Unhealthy,59.0,UG/M3,1 Hr,Valid
Phora Durbar Kathmandu,PM2.5 - Principal,2024-02-16 01:00 PM,2024,02,16,13,78.9,167,Unhealthy,59.0,UG/M3,1 Hr,Valid
Phora Durbar Kathmandu,PM2.5 - Principal,2024-02-16 02:00 PM,2024,02,16,14,78.9,167,Unhealthy,-13.0,UG/M3,1 Hr,Invalid
Phora Durbar Kathmandu,PM2.5 - Principal,2024-02-16 03:00 PM,2024,02,16,15,35.6,101,Unhealthy for Sensitive Groups,14.0,UG/M3,1 Hr,Valid
Phora Durbar Kathmandu,PM2.5 - Principal,2024-02-16 04:00 PM,2024,02,16,16,21.5,74,Moderate,11.0,UG/M3,1 Hr,Valid
Phora Durbar Kathmandu,PM2.5 - Principal,2024-02-16 05:00 PM,2024,02,16,17,29.2,88,Moderate,36.0,UG/M3,1 Hr,Valid
Phora Durbar Kathmandu,PM2.5 - Principal,2024-02-16 06:00 PM,2024,02,16,18,53.3,145,Unhealthy for Sensitive Groups,76.0,UG/M3,1 Hr,Valid
Phora Durbar Kathmandu,PM2.5 - Principal,2024-02-16 07:00 PM,2024,02,16,19,40.4,113,Unhealthy for Sensitive Groups,28.0,UG/M3,1 Hr,Valid
Phora Durbar Kathmandu,PM2.5 - Principal,2024-02-16 08:00 PM,2024,02,16,20,70.4,161,Unhealthy,100.0,UG/M3,1 Hr,Valid
Phora Durbar Kathmandu,PM2.5 - Principal,2024-02-16 09:00 PM,2024,02,16,21,94.8,179,Unhealthy,119.0,UG/M3,1 Hr,Valid
Phora Durbar Kathmandu,PM2.5 - Principal,2024-02-16 10:00 PM,2024,02,16,22,79.8,168,Unhealthy,65.0,UG/M3,1 Hr,Valid
Phora Durbar Kathmandu,PM2.5 - Principal,2024-02-16 11:00 PM,2024,02,16,23,108.4,188,Unhealthy,137.0,UG/M3,1 Hr,Valid
Phora Durbar Kathmandu,PM2.5 - Principal,2024-02-17 12:00 AM,2024,02,17,00,97.2,180,Unhealthy,86.0,UG/M3,1 Hr,Valid
Phora Durbar Kathmandu,PM2.5 - Principal,2024-02-17 01:00 AM,2024,02,17,01,101.1,183,Unhealthy,105.0,UG/M3,1 Hr,Valid
Phora Durbar Kathmandu,PM2.5 - Principal,2024-02-17 02:00 AM,2024,02,17,02,102.0,184,Unhealthy,103.0,UG/M3,1 Hr,Valid
Phora Durbar Kathmandu,PM2.5 - Principal,2024-02-17 03:00 AM,2024,02,17,03,129.5,205,Very Unhealthy,157.0,UG/M3,1 Hr,Valid
Phora Durbar Kathmandu,PM2.5 - Principal,2024-02-17 04:00 AM,2024,02,17,04,120.2,196,Unhealthy,111.0,UG/M3,1 Hr,Valid
Phora Durbar Kathmandu,PM2.5 - Principal,2024-02-17 05:00 AM,2024,02,17,05,107.1,187,Unhealthy,94.0,UG/M3,1 Hr,Valid
Phora Durbar Kathmandu,PM2.5 - Principal,2024-02-17 06:00 AM,2024,02,17,06,118.5,195,Unhealthy,130.0,UG/M3,1 Hr,Valid
Phora Durbar Kathmandu,PM2.5 - Principal,2024-02-17 07:00 AM,2024,02,17,07,133.3,209,Very Unhealthy,148.0,UG/M3,1 Hr,Valid
Phora Durbar Kathmandu,PM2.5 - Principal,2024-02-17 08:00 AM,2024,02,17,08,135.1,211,Very Unhealthy,137.0,UG/M3,1 Hr,Valid
Phora Durbar Kathmandu,PM2.5 - Principal,2024-02-17 09:00 AM,2024,02,17,09,165.0,240,Very Unhealthy,195.0,UG/M3,1 Hr,Valid
Phora Durbar Kathmandu,PM2.5 - Principal,2024-02-17 10:00 AM,2024,02,17,10,150.5,226,Very Unhealthy,136.0,UG/M3,1 Hr,Valid
Phora Durbar Kathmandu,PM2.5 - Principal,2024-02-17 11:00 AM,2024,02,17,11,164.7,240,Very Unhealthy,179.0,UG/M3,1 Hr,Valid
Phora Durbar Kathmandu,PM2.5 - Principal,2024-02-17 12:00 PM,2024,02,17,12,133.8,209,Very Unhealthy,103.0,UG/M3,1 Hr,Valid
Phora Durbar Kathmandu,PM2.5 - Principal,2024-02-17 01:00 PM,2024,02,17,13,95.9,179,Unhealthy,58.0,UG/M3,1 Hr,Valid
Phora Durbar Kathmandu,PM2.5 - Principal,2024-02-17 02:00 PM,2024,02,17,14,70.9,162,Unhealthy,46.0,UG/M3,1 Hr,Valid
Phora Durbar Kathmandu,PM2.5 - Principal,2024-02-17 03:00 PM,2024,02,17,15,62.9,156,Unhealthy,55.0,UG/M3,1 Hr,Valid
Phora Durbar Kathmandu,PM2.5 - Principal,2024-02-17 04:00 PM,2024,02,17,16,49.9,136,Unhealthy for Sensitive Groups,37.0,UG/M3,1 Hr,Valid
Phora Durbar Kathmandu,PM2.5 - Principal,2024-02-17 05:00 PM,2024,02,17,17,66.4,159,Unhealthy,83.0,UG/M3,1 Hr,Valid
Phora Durbar Kathmandu,PM2.5 - Principal,2024-02-17 06:00 PM,2024,02,17,18,69.7,161,Unhealthy,73.0,UG/M3,1 Hr,Valid
Phora Durbar Kathmandu,PM2.5 - Principal,2024-02-17 07:00 PM,2024,02,17,19,84.3,171,Unhealthy,99.0,UG/M3,1 Hr,Valid
Phora Durbar Kathmandu,PM2.5 - Principal,2024-02-17 08:00 PM,2024,02,17,20,94.1,178,Unhealthy,104.0,UG/M3,1 Hr,Valid
Phora Durbar Kathmandu,PM2.5 - Principal,2024-02-17 09:00 PM,2024,02,17,21,93.0,177,Unhealthy,92.0,UG/M3,1 Hr,Valid
Phora Durbar Kathmandu,PM2.5 - Principal,2024-02-17 10:00 PM,2024,02,17,22,105.5,186,Unhealthy,118.0,UG/M3,1 Hr,Valid
Phora Durbar Kathmandu,PM2.5 - Principal,2024-02-17 11:00 PM,2024,02,17,23,132.2,208,Very Unhealthy,159.0,UG/M3,1 Hr,Valid
Phora Durbar Kathmandu,PM2.5 - Principal,2024-02-18 12:00 AM,2024,02,18,00,110.1,189,Unhealthy,88.0,UG/M3,1 Hr,Valid
Phora Durbar Kathmandu,PM2.5 - Principal,2024-02-18 01:00 AM,2024,02,18,01,103.0,184,Unhealthy,96.0,UG/M3,1 Hr,Valid
Phora Durbar Kathmandu,PM2.5 - Principal,2024-02-18 02:00 AM,2024,02,18,02,113.5,192,Unhealthy,124.0,UG/M3,1 Hr,Valid
Phora Durbar Kathmandu,PM2.5 - Principal,2024-02-18 03:00 AM,2024,02,18,03,108.7,188,Unhealthy,104.0,UG/M3,1 Hr,Valid
Phora Durbar Kathmandu,PM2.5 - Principal,2024-02-18 04:00 AM,2024,02,18,04,95.8,179,Unhealthy,83.0,UG/M3,1 Hr,Valid
Phora Durbar Kathmandu,PM2.5 - Principal,2024-02-18 05:00 AM,2024,02,18,05,90.4,175,Unhealthy,85.0,UG/M3,1 Hr,Valid
Phora Durbar Kathmandu,PM2.5 - Principal,2024-02-18 06:00 AM,2024,02,18,06,78.2,167,Unhealthy,66.0,UG/M3,1 Hr,Valid
Phora Durbar Kathmandu,PM2.5 - Principal,2024-02-18 07:00 AM,2024,02,18,07,79.1,168,Unhealthy,80.0,UG/M3,1 Hr,Valid
Phora Durbar Kathmandu,PM2.5 - Principal,2024-02-18 08:00 AM,2024,02,18,08,93.0,177,Unhealthy,107.0,UG/M3,1 Hr,Valid
Phora Durbar Kathmandu,PM2.5 - Principal,2024-02-18 09:00 AM,2024,02,18,09,97.5,180,Unhealthy,102.0,UG/M3,1 Hr,Valid
Phora Durbar Kathmandu,PM2.5 - Principal,2024-02-18 10:00 AM,2024,02,18,10,109.2,189,Unhealthy,121.0,UG/M3,1 Hr,Valid
Phora Durbar Kathmandu,PM2.5 - Principal,2024-02-18 11:00 AM,2024,02,18,11,127.6,203,Very Unhealthy,146.0,UG/M3,1 Hr,Valid
Phora Durbar Kathmandu,PM2.5 - Principal,2024-02-18 12:00 PM,2024,02,18,12,122.3,198,Unhealthy,117.0,UG/M3,1 Hr,Valid
Phora Durbar Kathmandu,PM2.5 - Principal,2024-02-18 01:00 PM,2024,02,18,13,82.6,170,Unhealthy,43.0,UG/M3,1 Hr,Valid
Phora Durbar Kathmandu,PM2.5 - Principal,2024-02-18 02:00 PM,2024,02,18,14,50.8,139,Unhealthy for Sensitive Groups,19.0,UG/M3,1 Hr,Valid
Phora Durbar Kathmandu,PM2.5 - Principal,2024-02-18 03:00 PM,2024,02,18,15,63.4,157,Unhealthy,76.0,UG/M3,1 Hr,Valid
Phora Durbar Kathmandu,PM2.5 - Principal,2024-02-18 04:00 PM,2024,02,18,16,44.1,122,Unhealthy for Sensitive Groups,25.0,UG/M3,1 Hr,Valid
Phora Durbar Kathmandu,PM2.5 - Principal,2024-02-18 05:00 PM,2024,02,18,17,64.5,157,Unhealthy,85.0,UG/M3,1 Hr,Valid
Phora Durbar Kathmandu,PM2.5 - Principal,2024-02-18 06:00 PM,2024,02,18,18,77.8,167,Unhealthy,91.0,UG/M3,1 Hr,Valid
Phora Durbar Kathmandu,PM2.5 - Principal,2024-02-18 07:00 PM,2024,02,18,19,73.8,164,Unhealthy,70.0,UG/M3,1 Hr,Valid
Phora Durbar Kathmandu,PM2.5 - Principal,2024-02-18 08:00 PM,2024,02,18,20,98.4,181,Unhealthy,123.0,UG/M3,1 Hr,Valid
Phora Durbar Kathmandu,PM2.5 - Principal,2024-02-18 09:00 PM,2024,02,18,21,107.2,187,Unhealthy,116.0,UG/M3,1 Hr,Valid
Phora Durbar Kathmandu,PM2.5 - Principal,2024-02-18 10:00 PM,2024,02,18,22,110.1,189,Unhealthy,113.0,UG/M3,1 Hr,Valid
Phora Durbar Kathmandu,PM2.5 - Principal,2024-02-18 11:00 PM,2024,02,18,23,116.0,193,Unhealthy,122.0,UG/M3,1 Hr,Valid
Phora Durbar Kathmandu,PM2.5 - Principal,2024-02-19 12:00 AM,2024,02,19,00,116.0,193,Unhealthy,116.0,UG/M3,1 Hr,Valid
Phora Durbar Kathmandu,PM2.5 - Principal,2024-02-19 01:00 AM,2024,02,19,01,114.5,192,Unhealthy,113.0,UG/M3,1 Hr,Valid
Phora Durbar Kathmandu,PM2.5 - Principal,2024-02-19 02:00 AM,2024,02,19,02,116.2,194,Unhealthy,118.0,UG/M3,1 Hr,Valid
Phora Durbar Kathmandu,PM2.5 - Principal,2024-02-19 03:00 AM,2024,02,19,03,112.6,191,Unhealthy,109.0,UG/M3,1 Hr,Valid
Phora Durbar Kathmandu,PM2.5 - Principal,2024-02-19 04:00 AM,2024,02,19,04,107.8,188,Unhealthy,101.0,UG/M3,1 Hr,Valid
Phora Durbar Kathmandu,PM2.5 - Principal,2024-02-19 05:00 AM,2024,02,19,05,105.7,186,Unhealthy,103.0,UG/M3,1 Hr,Valid
Phora Durbar Kathmandu,PM2.5 - Principal,2024-02-19 06:00 AM,2024,02,19,06,121.8,197,Unhealthy,139.0,UG/M3,1 Hr,Valid
Phora Durbar Kathmandu,PM2.5 - Principal,2024-02-19 07:00 AM,2024,02,19,07,127.9,203,Very Unhealthy,149.0,UG/M3,1 Hr,Valid
Phora Durbar Kathmandu,PM2.5 - Principal,2024-02-19 08:00 AM,2024,02,19,08,177.7,253,Very Unhealthy,220.0,UG/M3,1 Hr,Valid
Phora Durbar Kathmandu,PM2.5 - Principal,2024-02-19 09:00 AM,2024,02,19,09,177.8,253,Very Unhealthy,178.0,UG/M3,1 Hr,Valid
Phora Durbar Kathmandu,PM2.5 - Principal,2024-02-19 10:00 AM,2024,02,19,10,176.9,252,Very Unhealthy,176.0,UG/M3,1 Hr,Valid
Phora Durbar Kathmandu,PM2.5 - Principal,2024-02-19 11:00 AM,2024,02,19,11,161.9,237,Very Unhealthy,147.0,UG/M3,1 Hr,Valid
Phora Durbar Kathmandu,PM2.5 - Principal,2024-02-19 12:00 PM,2024,02,19,12,163.4,239,Very Unhealthy,165.0,UG/M3,1 Hr,Valid
Phora Durbar Kathmandu,PM2.5 - Principal,2024-02-19 01:00 PM,2024,02,19,13,163.7,239,Very Unhealthy,164.0,UG/M3,1 Hr,Valid
Phora Durbar Kathmandu,PM2.5 - Principal,2024-02-19 02:00 PM,2024,02,19,14,126.3,202,Very Unhealthy,89.0,UG/M3,1 Hr,Valid
Phora Durbar Kathmandu,PM2.5 - Principal,2024-02-19 03:00 PM,2024,02,19,15,105.6,186,Unhealthy,85.0,UG/M3,1 Hr,Valid
Phora Durbar Kathmandu,PM2.5 - Principal,2024-02-19 04:00 PM,2024,02,19,16,88.8,174,Unhealthy,72.0,UG/M3,1 Hr,Valid
Phora Durbar Kathmandu,PM2.5 - Principal,2024-02-19 05:00 PM,2024,02,19,17,61.4,155,Unhealthy,34.0,UG/M3,1 Hr,Valid
Phora Durbar Kathmandu,PM2.5 - Principal,2024-02-19 06:00 PM,2024,02,19,18,80.7,169,Unhealthy,100.0,UG/M3,1 Hr,Valid
Phora Durbar Kathmandu,PM2.5 - Principal,2024-02-19 07:00 PM,2024,02,19,19,82.8,170,Unhealthy,85.0,UG/M3,1 Hr,Valid
Phora Durbar Kathmandu,PM2.5 - Principal,2024-02-19 08:00 PM,2024,02,19,20,119.9,196,Unhealthy,157.0,UG/M3,1 Hr,Valid
Phora Durbar Kathmandu,PM2.5 - Principal,2024-02-19 09:00 PM,2024,02,19,21,123.9,199,Unhealthy,128.0,UG/M3,1 Hr,Valid
Phora Durbar Kathmandu,PM2.5 - Principal,2024-02-19 10:00 PM,2024,02,19,22,130.4,206,Very Unhealthy,137.0,UG/M3,1 Hr,Valid
Phora Durbar Kathmandu,PM2.5 - Principal,2024-02-19 11:00 PM,2024,02,19,23,91.2,176,Unhealthy,52.0,UG/M3,1 Hr,Valid
Phora Durbar Kathmandu,PM2.5 - Principal,2024-02-20 12:00 AM,2024,02,20,00,99.1,182,Unhealthy,107.0,UG/M3,1 Hr,Valid
Phora Durbar Kathmandu,PM2.5 - Principal,2024-02-20 01:00 AM,2024,02,20,01,116.0,193,Unhealthy,133.0,UG/M3,1 Hr,Valid
Phora Durbar Kathmandu,PM2.5 - Principal,2024-02-20 02:00 AM,2024,02,20,02,107.5,187,Unhealthy,99.0,UG/M3,1 Hr,Valid
Phora Durbar Kathmandu,PM2.5 - Principal,2024-02-20 03:00 AM,2024,02,20,03,108.7,188,Unhealthy,110.0,UG/M3,1 Hr,Valid
Phora Durbar Kathmandu,PM2.5 - Principal,2024-02-20 04:00 AM,2024,02,20,04,147.3,223,Very Unhealthy,186.0,UG/M3,1 Hr,Valid
Phora Durbar Kathmandu,PM2.5 - Principal,2024-02-20 05:00 AM,2024,02,20,05,144.2,220,Very Unhealthy,141.0,UG/M3,1 Hr,Valid
Phora Durbar Kathmandu,PM2.5 - Principal,2024-02-20 06:00 AM,2024,02,20,06,147.6,223,Very Unhealthy,151.0,UG/M3,1 Hr,Valid
Phora Durbar Kathmandu,PM2.5 - Principal,2024-02-20 07:00 AM,2024,02,20,07,161.3,236,Very Unhealthy,175.0,UG/M3,1 Hr,Valid
Phora Durbar Kathmandu,PM2.5 - Principal,2024-02-20 08:00 AM,2024,02,20,08,171.1,246,Very Unhealthy,181.0,UG/M3,1 Hr,Valid
Phora Durbar Kathmandu,PM2.5 - Principal,2024-02-20 09:00 AM,2024,02,20,09,205.5,280,Very Unhealthy,240.0,UG/M3,1 Hr,Valid
Phora Durbar Kathmandu,PM2.5 - Principal,2024-02-20 10:00 AM,2024,02,20,10,206.3,281,Very Unhealthy,207.0,UG/M3,1 Hr,Valid
Phora Durbar Kathmandu,PM2.5 - Principal,2024-02-20 11:00 AM,2024,02,20,11,218.6,293,Very Unhealthy,231.0,UG/M3,1 Hr,Valid
Phora Durbar Kathmandu,PM2.5 - Principal,2024-02-20 12:00 PM,2024,02,20,12,223.3,298,Very Unhealthy,228.0,UG/M3,1 Hr,Valid
Phora Durbar Kathmandu,PM2.5 - Principal,2024-02-20 01:00 PM,2024,02,20,13,137.6,213,Very Unhealthy,52.0,UG/M3,1 Hr,Valid
Phora Durbar Kathmandu,PM2.5 - Principal,2024-02-20 02:00 PM,2024,02,20,14,109.8,189,Unhealthy,82.0,UG/M3,1 Hr,Valid
Phora Durbar Kathmandu,PM2.5 - Principal,2024-02-20 03:00 PM,2024,02,20,15,65.9,158,Unhealthy,22.0,UG/M3,1 Hr,Valid
Phora Durbar Kathmandu,PM2.5 - Principal,2024-02-20 04:00 PM,2024,02,20,16,65.8,158,Unhealthy,-8.0,UG/M3,1 Hr,Invalid
Phora Durbar Kathmandu,PM2.5 - Principal,2024-02-20 05:00 PM,2024,02,20,17,46.6,128,Unhealthy for Sensitive Groups,37.0,UG/M3,1 Hr,Valid
Phora Durbar Kathmandu,PM2.5 - Principal,2024-02-20 06:00 PM,2024,02,20,18,49.1,134,Unhealthy for Sensitive Groups,51.0,UG/M3,1 Hr,Valid
Phora Durbar Kathmandu,PM2.5 - Principal,2024-02-20 07:00 PM,2024,02,20,19,46.3,128,Unhealthy for Sensitive Groups,44.0,UG/M3,1 Hr,Valid
Phora Durbar Kathmandu,PM2.5 - Principal,2024-02-20 08:00 PM,2024,02,20,20,49.2,135,Unhealthy for Sensitive Groups,52.0,UG/M3,1 Hr,Valid
Phora Durbar Kathmandu,PM2.5 - Principal,2024-02-20 09:00 PM,2024,02,20,21,67.9,160,Unhealthy,86.0,UG/M3,1 Hr,Valid
Phora Durbar Kathmandu,PM2.5 - Principal,2024-02-20 10:00 PM,2024,02,20,22,90.6,176,Unhealthy,113.0,UG/M3,1 Hr,Valid
Phora Durbar Kathmandu,PM2.5 - Principal,2024-02-20 11:00 PM,2024,02,20,23,103.3,185,Unhealthy,116.0,UG/M3,1 Hr,Valid
Phora Durbar Kathmandu,PM2.5 - Principal,2024-02-21 12:00 AM,2024,02,21,00,109.6,189,Unhealthy,116.0,UG/M3,1 Hr,Valid
Phora Durbar Kathmandu,PM2.5 - Principal,2024-02-21 01:00 AM,2024,02,21,01,109.6,189,Unhealthy,-999.0,UG/M3,1 Hr,Missing
Phora Durbar Kathmandu,PM2.5 - Principal,2024-02-23 04:00 PM,2024,02,23,16,-999.0,-999,N/A,29.0,UG/M3,1 Hr,Valid
Phora Durbar Kathmandu,PM2.5 - Principal,2024-02-23 05:00 PM,2024,02,23,17,32.8,95,Moderate,36.0,UG/M3,1 Hr,Valid
Phora Durbar Kathmandu,PM2.5 - Principal,2024-02-23 06:00 PM,2024,02,23,18,37.7,106,Unhealthy for Sensitive Groups,43.0,UG/M3,1 Hr,Valid
Phora Durbar Kathmandu,PM2.5 - Principal,2024-02-23 07:00 PM,2024,02,23,19,45.7,126,Unhealthy for Sensitive Groups,53.0,UG/M3,1 Hr,Valid
Phora Durbar Kathmandu,PM2.5 - Principal,2024-02-23 08:00 PM,2024,02,23,20,51.7,141,Unhealthy for Sensitive Groups,57.0,UG/M3,1 Hr,Valid
Phora Durbar Kathmandu,PM2.5 - Principal,2024-02-23 09:00 PM,2024,02,23,21,76.3,166,Unhealthy,100.0,UG/M3,1 Hr,Valid
Phora Durbar Kathmandu,PM2.5 - Principal,2024-02-23 10:00 PM,2024,02,23,22,74.6,164,Unhealthy,73.0,UG/M3,1 Hr,Valid
Phora Durbar Kathmandu,PM2.5 - Principal,2024-02-23 11:00 PM,2024,02,23,23,89.8,175,Unhealthy,105.0,UG/M3,1 Hr,Valid
Phora Durbar Kathmandu,PM2.5 - Principal,2024-02-24 12:00 AM,2024,02,24,00,101.4,183,Unhealthy,113.0,UG/M3,1 Hr,Valid
Phora Durbar Kathmandu,PM2.5 - Principal,2024-02-24 01:00 AM,2024,02,24,01,74.7,164,Unhealthy,48.0,UG/M3,1 Hr,Valid
Phora Durbar Kathmandu,PM2.5 - Principal,2024-02-24 02:00 AM,2024,02,24,02,70.3,161,Unhealthy,66.0,UG/M3,1 Hr,Valid
Phora Durbar Kathmandu,PM2.5 - Principal,2024-02-24 03:00 AM,2024,02,24,03,69.1,161,Unhealthy,68.0,UG/M3,1 Hr,Valid
Phora Durbar Kathmandu,PM2.5 - Principal,2024-02-24 04:00 AM,2024,02,24,04,84.5,171,Unhealthy,100.0,UG/M3,1 Hr,Valid
Phora Durbar Kathmandu,PM2.5 - Principal,2024-02-24 05:00 AM,2024,02,24,05,75.8,165,Unhealthy,67.0,UG/M3,1 Hr,Valid
Phora Durbar Kathmandu,PM2.5 - Principal,2024-02-24 06:00 AM,2024,02,24,06,76.9,166,Unhealthy,78.0,UG/M3,1 Hr,Valid
Phora Durbar Kathmandu,PM2.5 - Principal,2024-02-24 07:00 AM,2024,02,24,07,83.4,171,Unhealthy,90.0,UG/M3,1 Hr,Valid
Phora Durbar Kathmandu,PM2.5 - Principal,2024-02-24 08:00 AM,2024,02,24,08,113.2,191,Unhealthy,143.0,UG/M3,1 Hr,Valid
Phora Durbar Kathmandu,PM2.5 - Principal,2024-02-24 09:00 AM,2024,02,24,09,95.6,179,Unhealthy,78.0,UG/M3,1 Hr,Valid
Phora Durbar Kathmandu,PM2.5 - Principal,2024-02-24 10:00 AM,2024,02,24,10,94.3,178,Unhealthy,93.0,UG/M3,1 Hr,Valid
Phora Durbar Kathmandu,PM2.5 - Principal,2024-02-24 11:00 AM,2024,02,24,11,93.1,177,Unhealthy,92.0,UG/M3,1 Hr,Valid
Phora Durbar Kathmandu,PM2.5 - Principal,2024-02-24 12:00 PM,2024,02,24,12,79.0,167,Unhealthy,65.0,UG/M3,1 Hr,Valid
Phora Durbar Kathmandu,PM2.5 - Principal,2024-02-24 01:00 PM,2024,02,24,13,59.5,154,Unhealthy,40.0,UG/M3,1 Hr,Valid
Phora Durbar Kathmandu,PM2.5 - Principal,2024-02-24 02:00 PM,2024,02,24,14,46.7,129,Unhealthy for Sensitive Groups,34.0,UG/M3,1 Hr,Valid
Phora Durbar Kathmandu,PM2.5 - Principal,2024-02-24 03:00 PM,2024,02,24,15,40.8,114,Unhealthy for Sensitive Groups,35.0,UG/M3,1 Hr,Valid
Phora Durbar Kathmandu,PM2.5 - Principal,2024-02-24 04:00 PM,2024,02,24,16,71.4,162,Unhealthy,102.0,UG/M3,1 Hr,Valid
Phora Durbar Kathmandu,PM2.5 - Principal,2024-02-24 05:00 PM,2024,02,24,17,54.2,147,Unhealthy for Sensitive Groups,37.0,UG/M3,1 Hr,Valid
Phora Durbar Kathmandu,PM2.5 - Principal,2024-02-24 06:00 PM,2024,02,24,18,43.1,120,Unhealthy for Sensitive Groups,32.0,UG/M3,1 Hr,Valid
Phora Durbar Kathmandu,PM2.5 - Principal,2024-02-24 07:00 PM,2024,02,24,19,56.0,151,Unhealthy,69.0,UG/M3,1 Hr,Valid
Phora Durbar Kathmandu,PM2.5 - Principal,2024-02-24 08:00 PM,2024,02,24,20,57.5,152,Unhealthy,59.0,UG/M3,1 Hr,Valid
Phora Durbar Kathmandu,PM2.5 - Principal,2024-02-24 09:00 PM,2024,02,24,21,58.7,153,Unhealthy,60.0,UG/M3,1 Hr,Valid
Phora Durbar Kathmandu,PM2.5 - Principal,2024-02-24 10:00 PM,2024,02,24,22,56.3,152,Unhealthy,54.0,UG/M3,1 Hr,Valid
Phora Durbar Kathmandu,PM2.5 - Principal,2024-02-24 11:00 PM,2024,02,24,23,54.6,148,Unhealthy for Sensitive Groups,53.0,UG/M3,1 Hr,Valid
Phora Durbar Kathmandu,PM2.5 - Principal,2024-02-25 12:00 AM,2024,02,25,00,60.3,154,Unhealthy,66.0,UG/M3,1 Hr,Valid
Phora Durbar Kathmandu,PM2.5 - Principal,2024-02-25 01:00 AM,2024,02,25,01,71.1,162,Unhealthy,82.0,UG/M3,1 Hr,Valid
Phora Durbar Kathmandu,PM2.5 - Principal,2024-02-25 02:00 AM,2024,02,25,02,76.5,166,Unhealthy,82.0,UG/M3,1 Hr,Valid
Phora Durbar Kathmandu,PM2.5 - Principal,2024-02-25 03:00 AM,2024,02,25,03,79.8,168,Unhealthy,83.0,UG/M3,1 Hr,Valid
Phora Durbar Kathmandu,PM2.5 - Principal,2024-02-25 04:00 AM,2024,02,25,04,72.3,163,Unhealthy,65.0,UG/M3,1 Hr,Valid
Phora Durbar Kathmandu,PM2.5 - Principal,2024-02-25 05:00 AM,2024,02,25,05,70.7,162,Unhealthy,69.0,UG/M3,1 Hr,Valid
Phora Durbar Kathmandu,PM2.5 - Principal,2024-02-25 06:00 AM,2024,02,25,06,74.8,165,Unhealthy,81.0,UG/M3,1 Hr,Valid
Phora Durbar Kathmandu,PM2.5 - Principal,2024-02-25 07:00 AM,2024,02,25,07,91.9,177,Unhealthy,108.0,UG/M3,1 Hr,Valid
Phora Durbar Kathmandu,PM2.5 - Principal,2024-02-25 08:00 AM,2024,02,25,08,82.9,170,Unhealthy,74.0,UG/M3,1 Hr,Valid
Phora Durbar Kathmandu,PM2.5 - Principal,2024-02-25 09:00 AM,2024,02,25,09,89.4,175,Unhealthy,96.0,UG/M3,1 Hr,Valid
Phora Durbar Kathmandu,PM2.5 - Principal,2024-02-25 10:00 AM,2024,02,25,10,85.2,172,Unhealthy,81.0,UG/M3,1 Hr,Valid
Phora Durbar Kathmandu,PM2.5 - Principal,2024-02-25 11:00 AM,2024,02,25,11,83.9,171,Unhealthy,82.0,UG/M3,1 Hr,Valid
Phora Durbar Kathmandu,PM2.5 - Principal,2024-02-25 12:00 PM,2024,02,25,12,61.8,155,Unhealthy,40.0,UG/M3,1 Hr,Valid
Phora Durbar Kathmandu,PM2.5 - Principal,2024-02-25 01:00 PM,2024,02,25,13,51.4,140,Unhealthy for Sensitive Groups,41.0,UG/M3,1 Hr,Valid
Phora Durbar Kathmandu,PM2.5 - Principal,2024-02-25 02:00 PM,2024,02,25,14,38.6,109,Unhealthy for Sensitive Groups,26.0,UG/M3,1 Hr,Valid
Phora Durbar Kathmandu,PM2.5 - Principal,2024-02-25 03:00 PM,2024,02,25,15,37.3,105,Unhealthy for Sensitive Groups,36.0,UG/M3,1 Hr,Valid
Phora Durbar Kathmandu,PM2.5 - Principal,2024-02-25 04:00 PM,2024,02,25,16,48.1,132,Unhealthy for Sensitive Groups,59.0,UG/M3,1 Hr,Valid
Phora Durbar Kathmandu,PM2.5 - Principal,2024-02-25 05:00 PM,2024,02,25,17,42.0,117,Unhealthy for Sensitive Groups,36.0,UG/M3,1 Hr,Valid
Phora Durbar Kathmandu,PM2.5 - Principal,2024-02-25 06:00 PM,2024,02,25,18,44.5,123,Unhealthy for Sensitive Groups,47.0,UG/M3,1 Hr,Valid
Phora Durbar Kathmandu,PM2.5 - Principal,2024-02-25 07:00 PM,2024,02,25,19,54.7,148,Unhealthy for Sensitive Groups,65.0,UG/M3,1 Hr,Valid
Phora Durbar Kathmandu,PM2.5 - Principal,2024-02-25 08:00 PM,2024,02,25,20,72.8,163,Unhealthy,91.0,UG/M3,1 Hr,Valid
Phora Durbar Kathmandu,PM2.5 - Principal,2024-02-25 09:00 PM,2024,02,25,21,71.4,162,Unhealthy,70.0,UG/M3,1 Hr,Valid
Phora Durbar Kathmandu,PM2.5 - Principal,2024-02-25 10:00 PM,2024,02,25,22,77.7,167,Unhealthy,84.0,UG/M3,1 Hr,Valid
Phora Durbar Kathmandu,PM2.5 - Principal,2024-02-25 11:00 PM,2024,02,25,23,85.3,172,Unhealthy,93.0,UG/M3,1 Hr,Valid
Phora Durbar Kathmandu,PM2.5 - Principal,2024-02-26 12:00 AM,2024,02,26,00,83.6,171,Unhealthy,82.0,UG/M3,1 Hr,Valid
Phora Durbar Kathmandu,PM2.5 - Principal,2024-02-26 01:00 AM,2024,02,26,01,83.8,171,Unhealthy,84.0,UG/M3,1 Hr,Valid
Phora Durbar Kathmandu,PM2.5 - Principal,2024-02-26 02:00 AM,2024,02,26,02,78.4,167,Unhealthy,73.0,UG/M3,1 Hr,Valid
Phora Durbar Kathmandu,PM2.5 - Principal,2024-02-26 03:00 AM,2024,02,26,03,76.7,166,Unhealthy,75.0,UG/M3,1 Hr,Valid
Phora Durbar Kathmandu,PM2.5 - Principal,2024-02-26 04:00 AM,2024,02,26,04,72.3,163,Unhealthy,68.0,UG/M3,1 Hr,Valid
Phora Durbar Kathmandu,PM2.5 - Principal,2024-02-26 05:00 AM,2024,02,26,05,76.6,166,Unhealthy,81.0,UG/M3,1 Hr,Valid
Phora Durbar Kathmandu,PM2.5 - Principal,2024-02-26 06:00 AM,2024,02,26,06,77.9,167,Unhealthy,80.0,UG/M3,1 Hr,Valid
Phora Durbar Kathmandu,PM2.5 - Principal,2024-02-26 07:00 AM,2024,02,26,07,79.4,168,Unhealthy,83.0,UG/M3,1 Hr,Valid
Phora Durbar Kathmandu,PM2.5 - Principal,2024-02-26 08:00 AM,2024,02,26,08,91.9,177,Unhealthy,111.0,UG/M3,1 Hr,Valid
Phora Durbar Kathmandu,PM2.5 - Principal,2024-02-26 09:00 AM,2024,02,26,09,113.8,192,Unhealthy,133.0,UG/M3,1 Hr,Valid
Phora Durbar Kathmandu,PM2.5 - Principal,2024-02-26 10:00 AM,2024,02,26,10,120.7,197,Unhealthy,128.0,UG/M3,1 Hr,Valid
Phora Durbar Kathmandu,PM2.5 - Principal,2024-02-26 11:00 AM,2024,02,26,11,122.8,198,Unhealthy,125.0,UG/M3,1 Hr,Valid
Phora Durbar Kathmandu,PM2.5 - Principal,2024-02-26 12:00 PM,2024,02,26,12,103.8,185,Unhealthy,84.0,UG/M3,1 Hr,Valid
Phora Durbar Kathmandu,PM2.5 - Principal,2024-02-26 01:00 PM,2024,02,26,13,89.2,175,Unhealthy,74.0,UG/M3,1 Hr,Valid
Phora Durbar Kathmandu,PM2.5 - Principal,2024-02-26 02:00 PM,2024,02,26,14,60.8,155,Unhealthy,33.0,UG/M3,1 Hr,Valid
Phora Durbar Kathmandu,PM2.5 - Principal,2024-02-26 03:00 PM,2024,02,26,15,46.4,128,Unhealthy for Sensitive Groups,32.0,UG/M3,1 Hr,Valid
Phora Durbar Kathmandu,PM2.5 - Principal,2024-02-26 04:00 PM,2024,02,26,16,39.2,110,Unhealthy for Sensitive Groups,32.0,UG/M3,1 Hr,Valid
Phora Durbar Kathmandu,PM2.5 - Principal,2024-02-26 05:00 PM,2024,02,26,17,37.1,105,Unhealthy for Sensitive Groups,35.0,UG/M3,1 Hr,Valid
Phora Durbar Kathmandu,PM2.5 - Principal,2024-02-26 06:00 PM,2024,02,26,18,37.5,106,Unhealthy for Sensitive Groups,38.0,UG/M3,1 Hr,Valid
Phora Durbar Kathmandu,PM2.5 - Principal,2024-02-26 07:00 PM,2024,02,26,19,59.2,154,Unhealthy,81.0,UG/M3,1 Hr,Valid
Phora Durbar Kathmandu,PM2.5 - Principal,2024-02-26 08:00 PM,2024,02,26,20,55.6,151,Unhealthy,52.0,UG/M3,1 Hr,Valid
Phora Durbar Kathmandu,PM2.5 - Principal,2024-02-26 09:00 PM,2024,02,26,21,53.3,145,Unhealthy for Sensitive Groups,51.0,UG/M3,1 Hr,Valid
Phora Durbar Kathmandu,PM2.5 - Principal,2024-02-26 10:00 PM,2024,02,26,22,68.6,160,Unhealthy,84.0,UG/M3,1 Hr,Valid
Phora Durbar Kathmandu,PM2.5 - Principal,2024-02-26 11:00 PM,2024,02,26,23,79.8,168,Unhealthy,91.0,UG/M3,1 Hr,Valid
Phora Durbar Kathmandu,PM2.5 - Principal,2024-02-27 12:00 AM,2024,02,27,00,84.9,172,Unhealthy,90.0,UG/M3,1 Hr,Valid
Phora Durbar Kathmandu,PM2.5 - Principal,2024-02-27 01:00 AM,2024,02,27,01,81.9,170,Unhealthy,79.0,UG/M3,1 Hr,Valid
Phora Durbar Kathmandu,PM2.5 - Principal,2024-02-27 02:00 AM,2024,02,27,02,76.9,166,Unhealthy,72.0,UG/M3,1 Hr,Valid
Phora Durbar Kathmandu,PM2.5 - Principal,2024-02-27 03:00 AM,2024,02,27,03,73.4,164,Unhealthy,70.0,UG/M3,1 Hr,Valid
Phora Durbar Kathmandu,PM2.5 - Principal,2024-02-27 04:00 AM,2024,02,27,04,82.2,170,Unhealthy,91.0,UG/M3,1 Hr,Valid
Phora Durbar Kathmandu,PM2.5 - Principal,2024-02-27 05:00 AM,2024,02,27,05,88.1,174,Unhealthy,94.0,UG/M3,1 Hr,Valid
Phora Durbar Kathmandu,PM2.5 - Principal,2024-02-27 06:00 AM,2024,02,27,06,91.5,176,Unhealthy,96.0,UG/M3,1 Hr,Valid
Phora Durbar Kathmandu,PM2.5 - Principal,2024-02-27 07:00 AM,2024,02,27,07,100.0,182,Unhealthy,108.0,UG/M3,1 Hr,Valid
Phora Durbar Kathmandu,PM2.5 - Principal,2024-02-27 08:00 AM,2024,02,27,08,107.0,187,Unhealthy,114.0,UG/M3,1 Hr,Valid
Phora Durbar Kathmandu,PM2.5 - Principal,2024-02-27 09:00 AM,2024,02,27,09,129.0,204,Very Unhealthy,151.0,UG/M3,1 Hr,Valid
Phora Durbar Kathmandu,PM2.5 - Principal,2024-02-27 10:00 AM,2024,02,27,10,132.5,208,Very Unhealthy,136.0,UG/M3,1 Hr,Valid
Phora Durbar Kathmandu,PM2.5 - Principal,2024-02-27 11:00 AM,2024,02,27,11,118.7,195,Unhealthy,105.0,UG/M3,1 Hr,Valid
Phora Durbar Kathmandu,PM2.5 - Principal,2024-02-27 12:00 PM,2024,02,27,12,99.8,182,Unhealthy,81.0,UG/M3,1 Hr,Valid
Phora Durbar Kathmandu,PM2.5 - Principal,2024-02-27 01:00 PM,2024,02,27,13,59.9,154,Unhealthy,20.0,UG/M3,1 Hr,Valid
Phora Durbar Kathmandu,PM2.5 - Principal,2024-02-27 02:00 PM,2024,02,27,14,45.4,125,Unhealthy for Sensitive Groups,31.0,UG/M3,1 Hr,Valid
Phora Durbar Kathmandu,PM2.5 - Principal,2024-02-27 03:00 PM,2024,02,27,15,45.7,126,Unhealthy for Sensitive Groups,46.0,UG/M3,1 Hr,Valid
Phora Durbar Kathmandu,PM2.5 - Principal,2024-02-27 04:00 PM,2024,02,27,16,30.8,91,Moderate,16.0,UG/M3,1 Hr,Valid
Phora Durbar Kathmandu,PM2.5 - Principal,2024-02-27 05:00 PM,2024,02,27,17,40.9,114,Unhealthy for Sensitive Groups,51.0,UG/M3,1 Hr,Valid
Phora Durbar Kathmandu,PM2.5 - Principal,2024-02-27 06:00 PM,2024,02,27,18,42.9,119,Unhealthy for Sensitive Groups,45.0,UG/M3,1 Hr,Valid
Phora Durbar Kathmandu,PM2.5 - Principal,2024-02-27 07:00 PM,2024,02,27,19,66.4,159,Unhealthy,90.0,UG/M3,1 Hr,Valid
Phora Durbar Kathmandu,PM2.5 - Principal,2024-02-27 08:00 PM,2024,02,27,20,63.2,156,Unhealthy,60.0,UG/M3,1 Hr,Valid
Phora Durbar Kathmandu,PM2.5 - Principal,2024-02-27 09:00 PM,2024,02,27,21,83.6,171,Unhealthy,104.0,UG/M3,1 Hr,Valid
Phora Durbar Kathmandu,PM2.5 - Principal,2024-02-27 10:00 PM,2024,02,27,22,107.8,188,Unhealthy,132.0,UG/M3,1 Hr,Valid
Phora Durbar Kathmandu,PM2.5 - Principal,2024-02-27 11:00 PM,2024,02,27,23,100.9,183,Unhealthy,94.0,UG/M3,1 Hr,Valid
Phora Durbar Kathmandu,PM2.5 - Principal,2024-02-28 12:00 AM,2024,02,28,00,100.9,183,Unhealthy,101.0,UG/M3,1 Hr,Valid
Phora Durbar Kathmandu,PM2.5 - Principal,2024-02-28 01:00 AM,2024,02,28,01,98.4,181,Unhealthy,96.0,UG/M3,1 Hr,Valid
Phora Durbar Kathmandu,PM2.5 - Principal,2024-02-28 02:00 AM,2024,02,28,02,97.2,180,Unhealthy,96.0,UG/M3,1 Hr,Valid
Phora Durbar Kathmandu,PM2.5 - Principal,2024-02-28 03:00 AM,2024,02,28,03,83.1,170,Unhealthy,69.0,UG/M3,1 Hr,Valid
Phora Durbar Kathmandu,PM2.5 - Principal,2024-02-28 04:00 AM,2024,02,28,04,84.0,171,Unhealthy,85.0,UG/M3,1 Hr,Valid
Phora Durbar Kathmandu,PM2.5 - Principal,2024-02-28 05:00 AM,2024,02,28,05,96.5,180,Unhealthy,109.0,UG/M3,1 Hr,Valid
Phora Durbar Kathmandu,PM2.5 - Principal,2024-02-28 06:00 AM,2024,02,28,06,100.7,183,Unhealthy,105.0,UG/M3,1 Hr,Valid
Phora Durbar Kathmandu,PM2.5 - Principal,2024-02-28 07:00 AM,2024,02,28,07,106.3,187,Unhealthy,112.0,UG/M3,1 Hr,Valid
Phora Durbar Kathmandu,PM2.5 - Principal,2024-02-28 08:00 AM,2024,02,28,08,114.5,192,Unhealthy,124.0,UG/M3,1 Hr,Valid
Phora Durbar Kathmandu,PM2.5 - Principal,2024-02-28 09:00 AM,2024,02,28,09,122.4,198,Unhealthy,131.0,UG/M3,1 Hr,Valid
Phora Durbar Kathmandu,PM2.5 - Principal,2024-02-28 10:00 AM,2024,02,28,10,128.1,204,Very Unhealthy,134.0,UG/M3,1 Hr,Valid
Phora Durbar Kathmandu,PM2.5 - Principal,2024-02-28 11:00 AM,2024,02,28,11,126.1,202,Very Unhealthy,124.0,UG/M3,1 Hr,Valid
Phora Durbar Kathmandu,PM2.5 - Principal,2024-02-28 12:00 PM,2024,02,28,12,101.3,183,Unhealthy,75.0,UG/M3,1 Hr,Valid
Phora Durbar Kathmandu,PM2.5 - Principal,2024-02-28 01:00 PM,2024,02,28,13,68.8,160,Unhealthy,37.0,UG/M3,1 Hr,Valid
Phora Durbar Kathmandu,PM2.5 - Principal,2024-02-28 02:00 PM,2024,02,28,14,48.3,133,Unhealthy for Sensitive Groups,28.0,UG/M3,1 Hr,Valid
Phora Durbar Kathmandu,PM2.5 - Principal,2024-02-28 03:00 PM,2024,02,28,15,39.1,110,Unhealthy for Sensitive Groups,30.0,UG/M3,1 Hr,Valid
Phora Durbar Kathmandu,PM2.5 - Principal,2024-02-28 04:00 PM,2024,02,28,16,36.5,103,Unhealthy for Sensitive Groups,34.0,UG/M3,1 Hr,Valid
Phora Durbar Kathmandu,PM2.5 - Principal,2024-02-28 05:00 PM,2024,02,28,17,40.7,114,Unhealthy for Sensitive Groups,45.0,UG/M3,1 Hr,Valid
Phora Durbar Kathmandu,PM2.5 - Principal,2024-02-28 06:00 PM,2024,02,28,18,30.3,90,Moderate,20.0,UG/M3,1 Hr,Valid
Phora Durbar Kathmandu,PM2.5 - Principal,2024-02-28 07:00 PM,2024,02,28,19,49.6,136,Unhealthy for Sensitive Groups,69.0,UG/M3,1 Hr,Valid
Phora Durbar Kathmandu,PM2.5 - Principal,2024-02-28 08:00 PM,2024,02,28,20,61.3,155,Unhealthy,73.0,UG/M3,1 Hr,Valid
Phora Durbar Kathmandu,PM2.5 - Principal,2024-02-28 09:00 PM,2024,02,28,21,65.6,158,Unhealthy,70.0,UG/M3,1 Hr,Valid
Phora Durbar Kathmandu,PM2.5 - Principal,2024-02-28 10:00 PM,2024,02,28,22,72.3,163,Unhealthy,79.0,UG/M3,1 Hr,Valid
Phora Durbar Kathmandu,PM2.5 - Principal,2024-02-28 11:00 PM,2024,02,28,23,70.1,161,Unhealthy,68.0,UG/M3,1 Hr,Valid
Phora Durbar Kathmandu,PM2.5 - Principal,2024-02-29 12:00 AM,2024,02,29,00,61.0,155,Unhealthy,52.0,UG/M3,1 Hr,Valid
Phora Durbar Kathmandu,PM2.5 - Principal,2024-02-29 01:00 AM,2024,02,29,01,72.0,163,Unhealthy,83.0,UG/M3,1 Hr,Valid
Phora Durbar Kathmandu,PM2.5 - Principal,2024-02-29 02:00 AM,2024,02,29,02,79.5,168,Unhealthy,87.0,UG/M3,1 Hr,Valid
Phora Durbar Kathmandu,PM2.5 - Principal,2024-02-29 03:00 AM,2024,02,29,03,84.7,171,Unhealthy,90.0,UG/M3,1 Hr,Valid
Phora Durbar Kathmandu,PM2.5 - Principal,2024-02-29 04:00 AM,2024,02,29,04,93.3,177,Unhealthy,102.0,UG/M3,1 Hr,Valid
Phora Durbar Kathmandu,PM2.5 - Principal,2024-02-29 05:00 AM,2024,02,29,05,90.2,175,Unhealthy,87.0,UG/M3,1 Hr,Valid
Phora Durbar Kathmandu,PM2.5 - Principal,2024-02-29 06:00 AM,2024,02,29,06,98.1,181,Unhealthy,106.0,UG/M3,1 Hr,Valid
Phora Durbar Kathmandu,PM2.5 - Principal,2024-02-29 07:00 AM,2024,02,29,07,115.0,193,Unhealthy,132.0,UG/M3,1 Hr,Valid
Phora Durbar Kathmandu,PM2.5 - Principal,2024-02-29 08:00 AM,2024,02,29,08,114.0,192,Unhealthy,113.0,UG/M3,1 Hr,Valid
Phora Durbar Kathmandu,PM2.5 - Principal,2024-02-29 09:00 AM,2024,02,29,09,147.0,222,Very Unhealthy,180.0,UG/M3,1 Hr,Valid
Phora Durbar Kathmandu,PM2.5 - Principal,2024-02-29 10:00 AM,2024,02,29,10,140.5,216,Very Unhealthy,134.0,UG/M3,1 Hr,Valid
Phora Durbar Kathmandu,PM2.5 - Principal,2024-02-29 11:00 AM,2024,02,29,11,113.2,191,Unhealthy,86.0,UG/M3,1 Hr,Valid
Phora Durbar Kathmandu,PM2.5 - Principal,2024-02-29 12:00 PM,2024,02,29,12,110.6,190,Unhealthy,108.0,UG/M3,1 Hr,Valid
Phora Durbar Kathmandu,PM2.5 - Principal,2024-02-29 01:00 PM,2024,02,29,13,74.3,164,Unhealthy,38.0,UG/M3,1 Hr,Valid
Phora Durbar Kathmandu,PM2.5 - Principal,2024-02-29 02:00 PM,2024,02,29,14,59.1,154,Unhealthy,44.0,UG/M3,1 Hr,Valid
Phora Durbar Kathmandu,PM2.5 - Principal,2024-02-29 03:00 PM,2024,02,29,15,52.5,143,Unhealthy for Sensitive Groups,46.0,UG/M3,1 Hr,Valid
Phora Durbar Kathmandu,PM2.5 - Principal,2024-02-29 04:00 PM,2024,02,29,16,37.7,106,Unhealthy for Sensitive Groups,23.0,UG/M3,1 Hr,Valid
Phora Durbar Kathmandu,PM2.5 - Principal,2024-02-29 05:00 PM,2024,02,29,17,37.8,107,Unhealthy for Sensitive Groups,38.0,UG/M3,1 Hr,Valid
Phora Durbar Kathmandu,PM2.5 - Principal,2024-02-29 06:00 PM,2024,02,29,18,42.9,119,Unhealthy for Sensitive Groups,48.0,UG/M3,1 Hr,Valid
Phora Durbar Kathmandu,PM2.5 - Principal,2024-02-29 07:00 PM,2024,02,29,19,55.4,150,Unhealthy for Sensitive Groups,68.0,UG/M3,1 Hr,Valid
Phora Durbar Kathmandu,PM2.5 - Principal,2024-02-29 08:00 PM,2024,02,29,20,79.2,168,Unhealthy,103.0,UG/M3,1 Hr,Valid
Phora Durbar Kathmandu,PM2.5 - Principal,2024-02-29 09:00 PM,2024,02,29,21,60.5,155,Unhealthy,42.0,UG/M3,1 Hr,Valid
Phora Durbar Kathmandu,PM2.5 - Principal,2024-02-29 10:00 PM,2024,02,29,22,79.7,168,Unhealthy,99.0,UG/M3,1 Hr,Valid
Phora Durbar Kathmandu,PM2.5 - Principal,2024-02-29 11:00 PM,2024,02,29,23,88.8,174,Unhealthy,98.0,UG/M3,1 Hr,Valid
Phora Durbar Kathmandu,PM2.5 - Principal,2024-03-01 12:00 AM,2024,03,01,00,80.4,168,Unhealthy,72.0,UG/M3,1 Hr,Valid
Phora Durbar Kathmandu,PM2.5 - Principal,2024-03-01 01:00 AM,2024,03,01,01,69.7,161,Unhealthy,59.0,UG/M3,1 Hr,Valid
Phora Durbar Kathmandu,PM2.5 - Principal,2024-03-01 02:00 AM,2024,03,01,02,61.8,155,Unhealthy,54.0,UG/M3,1 Hr,Valid
Phora Durbar Kathmandu,PM2.5 - Principal,2024-03-01 03:00 AM,2024,03,01,03,68.9,160,Unhealthy,76.0,UG/M3,1 Hr,Valid
Phora Durbar Kathmandu,PM2.5 - Principal,2024-03-01 04:00 AM,2024,03,01,04,75.9,165,Unhealthy,83.0,UG/M3,1 Hr,Valid
Phora Durbar Kathmandu,PM2.5 - Principal,2024-03-01 05:00 AM,2024,03,01,05,72.9,163,Unhealthy,70.0,UG/M3,1 Hr,Valid
Phora Durbar Kathmandu,PM2.5 - Principal,2024-03-01 06:00 AM,2024,03,01,06,85.5,172,Unhealthy,98.0,UG/M3,1 Hr,Valid
Phora Durbar Kathmandu,PM2.5 - Principal,2024-03-01 07:00 AM,2024,03,01,07,96.7,180,Unhealthy,108.0,UG/M3,1 Hr,Valid
Phora Durbar Kathmandu,PM2.5 - Principal,2024-03-01 08:00 AM,2024,03,01,08,102.3,184,Unhealthy,108.0,UG/M3,1 Hr,Valid
Phora Durbar Kathmandu,PM2.5 - Principal,2024-03-01 09:00 AM,2024,03,01,09,142.7,218,Very Unhealthy,183.0,UG/M3,1 Hr,Valid
Phora Durbar Kathmandu,PM2.5 - Principal,2024-03-01 10:00 AM,2024,03,01,10,144.3,220,Very Unhealthy,146.0,UG/M3,1 Hr,Valid
Phora Durbar Kathmandu,PM2.5 - Principal,2024-03-01 11:00 AM,2024,03,01,11,120.1,196,Unhealthy,96.0,UG/M3,1 Hr,Valid
Phora Durbar Kathmandu,PM2.5 - Principal,2024-03-01 12:00 PM,2024,03,01,12,117.0,194,Unhealthy,114.0,UG/M3,1 Hr,Valid
Phora Durbar Kathmandu,PM2.5 - Principal,2024-03-01 01:00 PM,2024,03,01,13,67.5,159,Unhealthy,18.0,UG/M3,1 Hr,Valid
Phora Durbar Kathmandu,PM2.5 - Principal,2024-03-01 02:00 PM,2024,03,01,14,64.2,157,Unhealthy,61.0,UG/M3,1 Hr,Valid
Phora Durbar Kathmandu,PM2.5 - Principal,2024-03-01 03:00 PM,2024,03,01,15,59.6,154,Unhealthy,55.0,UG/M3,1 Hr,Valid
Phora Durbar Kathmandu,PM2.5 - Principal,2024-03-01 04:00 PM,2024,03,01,16,61.8,155,Unhealthy,64.0,UG/M3,1 Hr,Valid
Phora Durbar Kathmandu,PM2.5 - Principal,2024-03-01 05:00 PM,2024,03,01,17,70.9,162,Unhealthy,80.0,UG/M3,1 Hr,Valid
Phora Durbar Kathmandu,PM2.5 - Principal,2024-03-01 06:00 PM,2024,03,01,18,80.4,168,Unhealthy,90.0,UG/M3,1 Hr,Valid
Phora Durbar Kathmandu,PM2.5 - Principal,2024-03-01 07:00 PM,2024,03,01,19,87.2,173,Unhealthy,94.0,UG/M3,1 Hr,Valid
Phora Durbar Kathmandu,PM2.5 - Principal,2024-03-01 08:00 PM,2024,03,01,20,95.1,179,Unhealthy,103.0,UG/M3,1 Hr,Valid
Phora Durbar Kathmandu,PM2.5 - Principal,2024-03-01 09:00 PM,2024,03,01,21,98.0,181,Unhealthy,101.0,UG/M3,1 Hr,Valid
Phora Durbar Kathmandu,PM2.5 - Principal,2024-03-01 10:00 PM,2024,03,01,22,103.0,184,Unhealthy,108.0,UG/M3,1 Hr,Valid
Phora Durbar Kathmandu,PM2.5 - Principal,2024-03-01 11:00 PM,2024,03,01,23,91.0,176,Unhealthy,79.0,UG/M3,1 Hr,Valid
Phora Durbar Kathmandu,PM2.5 - Principal,2024-03-02 12:00 AM,2024,03,02,00,95.5,179,Unhealthy,100.0,UG/M3,1 Hr,Valid
Phora Durbar Kathmandu,PM2.5 - Principal,2024-03-02 01:00 AM,2024,03,02,01,104.2,185,Unhealthy,113.0,UG/M3,1 Hr,Valid
Phora Durbar Kathmandu,PM2.5 - Principal,2024-03-02 02:00 AM,2024,03,02,02,125.1,200,Unhealthy,146.0,UG/M3,1 Hr,Valid
Phora Durbar Kathmandu,PM2.5 - Principal,2024-03-02 03:00 AM,2024,03,02,03,115.5,193,Unhealthy,106.0,UG/M3,1 Hr,Valid
Phora Durbar Kathmandu,PM2.5 - Principal,2024-03-02 04:00 AM,2024,03,02,04,116.5,194,Unhealthy,118.0,UG/M3,1 Hr,Valid
Phora Durbar Kathmandu,PM2.5 - Principal,2024-03-02 05:00 AM,2024,03,02,05,108.9,188,Unhealthy,100.0,UG/M3,1 Hr,Valid
Phora Durbar Kathmandu,PM2.5 - Principal,2024-03-02 06:00 AM,2024,03,02,06,113.1,191,Unhealthy,118.0,UG/M3,1 Hr,Valid
Phora Durbar Kathmandu,PM2.5 - Principal,2024-03-02 07:00 AM,2024,03,02,07,110.7,190,Unhealthy,108.0,UG/M3,1 Hr,Valid
Phora Durbar Kathmandu,PM2.5 - Principal,2024-03-02 08:00 AM,2024,03,02,08,114.0,192,Unhealthy,118.0,UG/M3,1 Hr,Valid
Phora Durbar Kathmandu,PM2.5 - Principal,2024-03-02 09:00 AM,2024,03,02,09,142.1,217,Very Unhealthy,170.0,UG/M3,1 Hr,Valid
Phora Durbar Kathmandu,PM2.5 - Principal,2024-03-02 10:00 AM,2024,03,02,10,163.0,238,Very Unhealthy,184.0,UG/M3,1 Hr,Valid
Phora Durbar Kathmandu,PM2.5 - Principal,2024-03-02 11:00 AM,2024,03,02,11,143.5,219,Very Unhealthy,124.0,UG/M3,1 Hr,Valid
Phora Durbar Kathmandu,PM2.5 - Principal,2024-03-02 12:00 PM,2024,03,02,12,113.7,192,Unhealthy,84.0,UG/M3,1 Hr,Valid
Phora Durbar Kathmandu,PM2.5 - Principal,2024-03-02 01:00 PM,2024,03,02,13,109.3,189,Unhealthy,105.0,UG/M3,1 Hr,Valid
Phora Durbar Kathmandu,PM2.5 - Principal,2024-03-02 02:00 PM,2024,03,02,14,76.6,166,Unhealthy,44.0,UG/M3,1 Hr,Valid
Phora Durbar Kathmandu,PM2.5 - Principal,2024-03-02 03:00 PM,2024,03,02,15,72.3,163,Unhealthy,68.0,UG/M3,1 Hr,Valid
Phora Durbar Kathmandu,PM2.5 - Principal,2024-03-02 04:00 PM,2024,03,02,16,58.6,153,Unhealthy,45.0,UG/M3,1 Hr,Valid
Phora Durbar Kathmandu,PM2.5 - Principal,2024-03-02 05:00 PM,2024,03,02,17,34.8,99,Moderate,11.0,UG/M3,1 Hr,Valid
Phora Durbar Kathmandu,PM2.5 - Principal,2024-03-02 06:00 PM,2024,03,02,18,51.9,141,Unhealthy for Sensitive Groups,69.0,UG/M3,1 Hr,Valid
Phora Durbar Kathmandu,PM2.5 - Principal,2024-03-02 07:00 PM,2024,03,02,19,57.4,152,Unhealthy,63.0,UG/M3,1 Hr,Valid
Phora Durbar Kathmandu,PM2.5 - Principal,2024-03-02 08:00 PM,2024,03,02,20,62.2,156,Unhealthy,67.0,UG/M3,1 Hr,Valid
Phora Durbar Kathmandu,PM2.5 - Principal,2024-03-02 09:00 PM,2024,03,02,21,79.5,168,Unhealthy,97.0,UG/M3,1 Hr,Valid
Phora Durbar Kathmandu,PM2.5 - Principal,2024-03-02 10:00 PM,2024,03,02,22,78.2,167,Unhealthy,77.0,UG/M3,1 Hr,Valid
Phora Durbar Kathmandu,PM2.5 - Principal,2024-03-02 11:00 PM,2024,03,02,23,79.1,168,Unhealthy,80.0,UG/M3,1 Hr,Valid
Phora Durbar Kathmandu,PM2.5 - Principal,2024-03-03 12:00 AM,2024,03,03,00,80.5,169,Unhealthy,82.0,UG/M3,1 Hr,Valid
Phora Durbar Kathmandu,PM2.5 - Principal,2024-03-03 01:00 AM,2024,03,03,01,80.2,168,Unhealthy,80.0,UG/M3,1 Hr,Valid
Phora Durbar Kathmandu,PM2.5 - Principal,2024-03-03 02:00 AM,2024,03,03,02,81.6,169,Unhealthy,83.0,UG/M3,1 Hr,Valid
Phora Durbar Kathmandu,PM2.5 - Principal,2024-03-03 03:00 AM,2024,03,03,03,88.3,174,Unhealthy,95.0,UG/M3,1 Hr,Valid
Phora Durbar Kathmandu,PM2.5 - Principal,2024-03-03 04:00 AM,2024,03,03,04,100.6,183,Unhealthy,113.0,UG/M3,1 Hr,Valid
Phora Durbar Kathmandu,PM2.5 - Principal,2024-03-03 05:00 AM,2024,03,03,05,81.0,169,Unhealthy,60.0,UG/M3,1 Hr,Valid
Phora Durbar Kathmandu,PM2.5 - Principal,2024-03-03 06:00 AM,2024,03,03,06,76.3,166,Unhealthy,71.0,UG/M3,1 Hr,Valid
Phora Durbar Kathmandu,PM2.5 - Principal,2024-03-03 07:00 AM,2024,03,03,07,75.7,165,Unhealthy,75.0,UG/M3,1 Hr,Valid
Phora Durbar Kathmandu,PM2.5 - Principal,2024-03-03 08:00 AM,2024,03,03,08,74.9,165,Unhealthy,74.0,UG/M3,1 Hr,Valid
Phora Durbar Kathmandu,PM2.5 - Principal,2024-03-03 09:00 AM,2024,03,03,09,74.0,164,Unhealthy,73.0,UG/M3,1 Hr,Valid
Phora Durbar Kathmandu,PM2.5 - Principal,2024-03-03 10:00 AM,2024,03,03,10,76.8,166,Unhealthy,80.0,UG/M3,1 Hr,Valid
Phora Durbar Kathmandu,PM2.5 - Principal,2024-03-03 11:00 AM,2024,03,03,11,61.4,155,Unhealthy,46.0,UG/M3,1 Hr,Valid
Phora Durbar Kathmandu,PM2.5 - Principal,2024-03-03 12:00 PM,2024,03,03,12,57.7,153,Unhealthy,54.0,UG/M3,1 Hr,Valid
Phora Durbar Kathmandu,PM2.5 - Principal,2024-03-03 01:00 PM,2024,03,03,13,54.8,149,Unhealthy for Sensitive Groups,52.0,UG/M3,1 Hr,Valid
Phora Durbar Kathmandu,PM2.5 - Principal,2024-03-03 02:00 PM,2024,03,03,14,54.4,148,Unhealthy for Sensitive Groups,54.0,UG/M3,1 Hr,Valid
Phora Durbar Kathmandu,PM2.5 - Principal,2024-03-03 03:00 PM,2024,03,03,15,46.2,127,Unhealthy for Sensitive Groups,38.0,UG/M3,1 Hr,Valid
Phora Durbar Kathmandu,PM2.5 - Principal,2024-03-03 04:00 PM,2024,03,03,16,46.0,127,Unhealthy for Sensitive Groups,46.0,UG/M3,1 Hr,Valid
Phora Durbar Kathmandu,PM2.5 - Principal,2024-03-03 05:00 PM,2024,03,03,17,53.5,145,Unhealthy for Sensitive Groups,61.0,UG/M3,1 Hr,Valid
Phora Durbar Kathmandu,PM2.5 - Principal,2024-03-03 06:00 PM,2024,03,03,18,49.2,135,Unhealthy for Sensitive Groups,45.0,UG/M3,1 Hr,Valid
Phora Durbar Kathmandu,PM2.5 - Principal,2024-03-03 07:00 PM,2024,03,03,19,43.6,121,Unhealthy for Sensitive Groups,38.0,UG/M3,1 Hr,Valid
Phora Durbar Kathmandu,PM2.5 - Principal,2024-03-03 08:00 PM,2024,03,03,20,42.8,119,Unhealthy for Sensitive Groups,42.0,UG/M3,1 Hr,Valid
Phora Durbar Kathmandu,PM2.5 - Principal,2024-03-03 09:00 PM,2024,03,03,21,40.9,114,Unhealthy for Sensitive Groups,39.0,UG/M3,1 Hr,Valid
Phora Durbar Kathmandu,PM2.5 - Principal,2024-03-03 10:00 PM,2024,03,03,22,38.7,109,Unhealthy for Sensitive Groups,35.0,UG/M3,1 Hr,Valid
Phora Durbar Kathmandu,PM2.5 - Principal,2024-03-03 11:00 PM,2024,03,03,23,33.9,97,Moderate,30.0,UG/M3,1 Hr,Valid
Phora Durbar Kathmandu,PM2.5 - Principal,2024-03-04 12:00 AM,2024,03,04,00,37.4,106,Unhealthy for Sensitive Groups,41.0,UG/M3,1 Hr,Valid
Phora Durbar Kathmandu,PM2.5 - Principal,2024-03-04 01:00 AM,2024,03,04,01,38.2,108,Unhealthy for Sensitive Groups,39.0,UG/M3,1 Hr,Valid
Phora Durbar Kathmandu,PM2.5 - Principal,2024-03-04 02:00 AM,2024,03,04,02,35.1,99,Moderate,32.0,UG/M3,1 Hr,Valid
Phora Durbar Kathmandu,PM2.5 - Principal,2024-03-04 03:00 AM,2024,03,04,03,38.0,107,Unhealthy for Sensitive Groups,41.0,UG/M3,1 Hr,Valid
Phora Durbar Kathmandu,PM2.5 - Principal,2024-03-04 04:00 AM,2024,03,04,04,37.5,106,Unhealthy for Sensitive Groups,37.0,UG/M3,1 Hr,Valid
Phora Durbar Kathmandu,PM2.5 - Principal,2024-03-04 05:00 AM,2024,03,04,05,37.9,107,Unhealthy for Sensitive Groups,39.0,UG/M3,1 Hr,Valid
Phora Durbar Kathmandu,PM2.5 - Principal,2024-03-04 06:00 AM,2024,03,04,06,39.4,111,Unhealthy for Sensitive Groups,43.0,UG/M3,1 Hr,Valid
Phora Durbar Kathmandu,PM2.5 - Principal,2024-03-04 07:00 AM,2024,03,04,07,50.3,137,Unhealthy for Sensitive Groups,60.0,UG/M3,1 Hr,Valid
Phora Durbar Kathmandu,PM2.5 - Principal,2024-03-04 08:00 AM,2024,03,04,08,57.6,152,Unhealthy,65.0,UG/M3,1 Hr,Valid
Phora Durbar Kathmandu,PM2.5 - Principal,2024-03-04 09:00 AM,2024,03,04,09,70.8,162,Unhealthy,84.0,UG/M3,1 Hr,Valid
Phora Durbar Kathmandu,PM2.5 - Principal,2024-03-04 10:00 AM,2024,03,04,10,64.4,157,Unhealthy,58.0,UG/M3,1 Hr,Valid
Phora Durbar Kathmandu,PM2.5 - Principal,2024-03-04 11:00 AM,2024,03,04,11,72.7,163,Unhealthy,81.0,UG/M3,1 Hr,Valid
Phora Durbar Kathmandu,PM2.5 - Principal,2024-03-04 12:00 PM,2024,03,04,12,67.8,160,Unhealthy,63.0,UG/M3,1 Hr,Valid
Phora Durbar Kathmandu,PM2.5 - Principal,2024-03-04 01:00 PM,2024,03,04,13,52.9,144,Unhealthy for Sensitive Groups,38.0,UG/M3,1 Hr,Valid
Phora Durbar Kathmandu,PM2.5 - Principal,2024-03-04 02:00 PM,2024,03,04,14,39.9,112,Unhealthy for Sensitive Groups,27.0,UG/M3,1 Hr,Valid
Phora Durbar Kathmandu,PM2.5 - Principal,2024-03-04 03:00 PM,2024,03,04,15,22.4,76,Moderate,5.0,UG/M3,1 Hr,Valid
Phora Durbar Kathmandu,PM2.5 - Principal,2024-03-04 04:00 PM,2024,03,04,16,16.7,65,Moderate,11.0,UG/M3,1 Hr,Valid
Phora Durbar Kathmandu,PM2.5 - Principal,2024-03-04 05:00 PM,2024,03,04,17,9.3,51,Moderate,2.0,UG/M3,1 Hr,Valid
Phora Durbar Kathmandu,PM2.5 - Principal,2024-03-04 06:00 PM,2024,03,04,18,18.1,68,Moderate,27.0,UG/M3,1 Hr,Valid
Phora Durbar Kathmandu,PM2.5 - Principal,2024-03-04 07:00 PM,2024,03,04,19,27.5,85,Moderate,37.0,UG/M3,1 Hr,Valid
Phora Durbar Kathmandu,PM2.5 - Principal,2024-03-04 08:00 PM,2024,03,04,20,31.7,93,Moderate,36.0,UG/M3,1 Hr,Valid
Phora Durbar Kathmandu,PM2.5 - Principal,2024-03-04 09:00 PM,2024,03,04,21,37.3,105,Unhealthy for Sensitive Groups,43.0,UG/M3,1 Hr,Valid
Phora Durbar Kathmandu,PM2.5 - Principal,2024-03-04 10:00 PM,2024,03,04,22,37.6,106,Unhealthy for Sensitive Groups,38.0,UG/M3,1 Hr,Valid
Phora Durbar Kathmandu,PM2.5 - Principal,2024-03-04 11:00 PM,2024,03,04,23,48.8,134,Unhealthy for Sensitive Groups,60.0,UG/M3,1 Hr,Valid
Phora Durbar Kathmandu,PM2.5 - Principal,2024-03-05 12:00 AM,2024,03,05,00,48.9,134,Unhealthy for Sensitive Groups,49.0,UG/M3,1 Hr,Valid
Phora Durbar Kathmandu,PM2.5 - Principal,2024-03-05 01:00 AM,2024,03,05,01,46.9,129,Unhealthy for Sensitive Groups,45.0,UG/M3,1 Hr,Valid
Phora Durbar Kathmandu,PM2.5 - Principal,2024-03-05 02:00 AM,2024,03,05,02,46.9,129,Unhealthy for Sensitive Groups,47.0,UG/M3,1 Hr,Valid
Phora Durbar Kathmandu,PM2.5 - Principal,2024-03-05 03:00 AM,2024,03,05,03,47.4,130,Unhealthy for Sensitive Groups,48.0,UG/M3,1 Hr,Valid
Phora Durbar Kathmandu,PM2.5 - Principal,2024-03-05 04:00 AM,2024,03,05,04,50.2,137,Unhealthy for Sensitive Groups,53.0,UG/M3,1 Hr,Valid
Phora Durbar Kathmandu,PM2.5 - Principal,2024-03-05 05:00 AM,2024,03,05,05,25.1,81,Moderate,0.0,UG/M3,1 Hr,Valid
Phora Durbar Kathmandu,PM2.5 - Principal,2024-03-05 06:00 AM,2024,03,05,06,61.0,155,Unhealthy,97.0,UG/M3,1 Hr,Valid
Phora Durbar Kathmandu,PM2.5 - Principal,2024-03-05 07:00 AM,2024,03,05,07,57.5,152,Unhealthy,54.0,UG/M3,1 Hr,Valid
Phora Durbar Kathmandu,PM2.5 - Principal,2024-03-05 08:00 AM,2024,03,05,08,61.2,155,Unhealthy,65.0,UG/M3,1 Hr,Valid
Phora Durbar Kathmandu,PM2.5 - Principal,2024-03-05 09:00 AM,2024,03,05,09,82.6,170,Unhealthy,104.0,UG/M3,1 Hr,Valid
Phora Durbar Kathmandu,PM2.5 - Principal,2024-03-05 10:00 AM,2024,03,05,10,67.8,160,Unhealthy,53.0,UG/M3,1 Hr,Valid
Phora Durbar Kathmandu,PM2.5 - Principal,2024-03-05 11:00 AM,2024,03,05,11,52.4,143,Unhealthy for Sensitive Groups,37.0,UG/M3,1 Hr,Valid
Phora Durbar Kathmandu,PM2.5 - Principal,2024-03-05 12:00 PM,2024,03,05,12,59.7,154,Unhealthy,67.0,UG/M3,1 Hr,Valid
Phora Durbar Kathmandu,PM2.5 - Principal,2024-03-05 01:00 PM,2024,03,05,13,35.3,100,Moderate,11.0,UG/M3,1 Hr,Valid
Phora Durbar Kathmandu,PM2.5 - Principal,2024-03-05 02:00 PM,2024,03,05,14,26.1,83,Moderate,17.0,UG/M3,1 Hr,Valid
Phora Durbar Kathmandu,PM2.5 - Principal,2024-03-05 03:00 PM,2024,03,05,15,22.5,76,Moderate,19.0,UG/M3,1 Hr,Valid
Phora Durbar Kathmandu,PM2.5 - Principal,2024-03-05 04:00 PM,2024,03,05,16,24.7,80,Moderate,27.0,UG/M3,1 Hr,Valid
Phora Durbar Kathmandu,PM2.5 - Principal,2024-03-05 05:00 PM,2024,03,05,17,12.8,58,Moderate,1.0,UG/M3,1 Hr,Valid
Phora Durbar Kathmandu,PM2.5 - Principal,2024-03-05 06:00 PM,2024,03,05,18,28.4,87,Moderate,44.0,UG/M3,1 Hr,Valid
Phora Durbar Kathmandu,PM2.5 - Principal,2024-03-05 07:00 PM,2024,03,05,19,27.7,86,Moderate,27.0,UG/M3,1 Hr,Valid
Phora Durbar Kathmandu,PM2.5 - Principal,2024-03-05 08:00 PM,2024,03,05,20,31.8,93,Moderate,36.0,UG/M3,1 Hr,Valid
Phora Durbar Kathmandu,PM2.5 - Principal,2024-03-05 09:00 PM,2024,03,05,21,43.9,122,Unhealthy for Sensitive Groups,56.0,UG/M3,1 Hr,Valid
Phora Durbar Kathmandu,PM2.5 - Principal,2024-03-05 10:00 PM,2024,03,05,22,45.4,125,Unhealthy for Sensitive Groups,47.0,UG/M3,1 Hr,Valid
Phora Durbar Kathmandu,PM2.5 - Principal,2024-03-05 11:00 PM,2024,03,05,23,57.2,152,Unhealthy,69.0,UG/M3,1 Hr,Valid
Phora Durbar Kathmandu,PM2.5 - Principal,2024-03-06 12:00 AM,2024,03,06,00,59.6,154,Unhealthy,62.0,UG/M3,1 Hr,Valid
Phora Durbar Kathmandu,PM2.5 - Principal,2024-03-06 01:00 AM,2024,03,06,01,55.8,151,Unhealthy,52.0,UG/M3,1 Hr,Valid
Phora Durbar Kathmandu,PM2.5 - Principal,2024-03-06 02:00 AM,2024,03,06,02,54.9,149,Unhealthy for Sensitive Groups,54.0,UG/M3,1 Hr,Valid
Phora Durbar Kathmandu,PM2.5 - Principal,2024-03-06 03:00 AM,2024,03,06,03,51.4,140,Unhealthy for Sensitive Groups,48.0,UG/M3,1 Hr,Valid
Phora Durbar Kathmandu,PM2.5 - Principal,2024-03-06 04:00 AM,2024,03,06,04,42.7,119,Unhealthy for Sensitive Groups,34.0,UG/M3,1 Hr,Valid
Phora Durbar Kathmandu,PM2.5 - Principal,2024-03-06 05:00 AM,2024,03,06,05,44.3,123,Unhealthy for Sensitive Groups,46.0,UG/M3,1 Hr,Valid
Phora Durbar Kathmandu,PM2.5 - Principal,2024-03-06 06:00 AM,2024,03,06,06,34.6,99,Moderate,25.0,UG/M3,1 Hr,Valid
Phora Durbar Kathmandu,PM2.5 - Principal,2024-03-06 07:00 AM,2024,03,06,07,53.3,145,Unhealthy for Sensitive Groups,72.0,UG/M3,1 Hr,Valid
Phora Durbar Kathmandu,PM2.5 - Principal,2024-03-06 08:00 AM,2024,03,06,08,71.6,162,Unhealthy,90.0,UG/M3,1 Hr,Valid
Phora Durbar Kathmandu,PM2.5 - Principal,2024-03-06 09:00 AM,2024,03,06,09,92.3,177,Unhealthy,113.0,UG/M3,1 Hr,Valid
Phora Durbar Kathmandu,PM2.5 - Principal,2024-03-06 10:00 AM,2024,03,06,10,101.6,183,Unhealthy,111.0,UG/M3,1 Hr,Valid
Phora Durbar Kathmandu,PM2.5 - Principal,2024-03-06 11:00 AM,2024,03,06,11,96.8,180,Unhealthy,92.0,UG/M3,1 Hr,Valid
Phora Durbar Kathmandu,PM2.5 - Principal,2024-03-06 12:00 PM,2024,03,06,12,67.4,159,Unhealthy,38.0,UG/M3,1 Hr,Valid
Phora Durbar Kathmandu,PM2.5 - Principal,2024-03-06 01:00 PM,2024,03,06,13,42.2,117,Unhealthy for Sensitive Groups,17.0,UG/M3,1 Hr,Valid
Phora Durbar Kathmandu,PM2.5 - Principal,2024-03-06 02:00 PM,2024,03,06,14,29.5,89,Moderate,17.0,UG/M3,1 Hr,Valid
Phora Durbar Kathmandu,PM2.5 - Principal,2024-03-06 03:00 PM,2024,03,06,15,12.7,58,Moderate,-4.0,UG/M3,1 Hr,Valid
Phora Durbar Kathmandu,PM2.5 - Principal,2024-03-06 04:00 PM,2024,03,06,16,21.3,74,Moderate,30.0,UG/M3,1 Hr,Valid
Phora Durbar Kathmandu,PM2.5 - Principal,2024-03-06 05:00 PM,2024,03,06,17,23.1,77,Moderate,25.0,UG/M3,1 Hr,Valid
Phora Durbar Kathmandu,PM2.5 - Principal,2024-03-06 06:00 PM,2024,03,06,18,23.5,78,Moderate,24.0,UG/M3,1 Hr,Valid
Phora Durbar Kathmandu,PM2.5 - Principal,2024-03-06 07:00 PM,2024,03,06,19,35.7,101,Unhealthy for Sensitive Groups,48.0,UG/M3,1 Hr,Valid
Phora Durbar Kathmandu,PM2.5 - Principal,2024-03-06 08:00 PM,2024,03,06,20,55.3,150,Unhealthy for Sensitive Groups,75.0,UG/M3,1 Hr,Valid
Phora Durbar Kathmandu,PM2.5 - Principal,2024-03-06 09:00 PM,2024,03,06,21,48.6,133,Unhealthy for Sensitive Groups,42.0,UG/M3,1 Hr,Valid
Phora Durbar Kathmandu,PM2.5 - Principal,2024-03-06 10:00 PM,2024,03,06,22,72.8,163,Unhealthy,97.0,UG/M3,1 Hr,Valid
Phora Durbar Kathmandu,PM2.5 - Principal,2024-03-06 11:00 PM,2024,03,06,23,77.4,166,Unhealthy,82.0,UG/M3,1 Hr,Valid
Phora Durbar Kathmandu,PM2.5 - Principal,2024-03-07 12:00 AM,2024,03,07,00,74.7,164,Unhealthy,72.0,UG/M3,1 Hr,Valid
Phora Durbar Kathmandu,PM2.5 - Principal,2024-03-07 01:00 AM,2024,03,07,01,60.3,154,Unhealthy,46.0,UG/M3,1 Hr,Valid
Phora Durbar Kathmandu,PM2.5 - Principal,2024-03-07 02:00 AM,2024,03,07,02,59.1,154,Unhealthy,58.0,UG/M3,1 Hr,Valid
Phora Durbar Kathmandu,PM2.5 - Principal,2024-03-07 03:00 AM,2024,03,07,03,63.1,156,Unhealthy,67.0,UG/M3,1 Hr,Valid
Phora Durbar Kathmandu,PM2.5 - Principal,2024-03-07 04:00 AM,2024,03,07,04,62.5,156,Unhealthy,62.0,UG/M3,1 Hr,Valid
Phora Durbar Kathmandu,PM2.5 - Principal,2024-03-07 05:00 AM,2024,03,07,05,72.2,163,Unhealthy,82.0,UG/M3,1 Hr,Valid
Phora Durbar Kathmandu,PM2.5 - Principal,2024-03-07 06:00 AM,2024,03,07,06,77.6,166,Unhealthy,83.0,UG/M3,1 Hr,Valid
Phora Durbar Kathmandu,PM2.5 - Principal,2024-03-07 07:00 AM,2024,03,07,07,86.8,173,Unhealthy,96.0,UG/M3,1 Hr,Valid
Phora Durbar Kathmandu,PM2.5 - Principal,2024-03-07 08:00 AM,2024,03,07,08,121.9,198,Unhealthy,157.0,UG/M3,1 Hr,Valid
Phora Durbar Kathmandu,PM2.5 - Principal,2024-03-07 09:00 AM,2024,03,07,09,97.4,180,Unhealthy,73.0,UG/M3,1 Hr,Valid
Phora Durbar Kathmandu,PM2.5 - Principal,2024-03-07 10:00 AM,2024,03,07,10,115.2,193,Unhealthy,133.0,UG/M3,1 Hr,Valid
Phora Durbar Kathmandu,PM2.5 - Principal,2024-03-07 11:00 AM,2024,03,07,11,94.6,178,Unhealthy,74.0,UG/M3,1 Hr,Valid
Phora Durbar Kathmandu,PM2.5 - Principal,2024-03-07 12:00 PM,2024,03,07,12,81.8,169,Unhealthy,69.0,UG/M3,1 Hr,Valid
Phora Durbar Kathmandu,PM2.5 - Principal,2024-03-07 01:00 PM,2024,03,07,13,81.8,169,Unhealthy,-9.0,UG/M3,1 Hr,Invalid
Phora Durbar Kathmandu,PM2.5 - Principal,2024-03-07 02:00 PM,2024,03,07,14,39.2,110,Unhealthy for Sensitive Groups,18.0,UG/M3,1 Hr,Valid
Phora Durbar Kathmandu,PM2.5 - Principal,2024-03-07 03:00 PM,2024,03,07,15,52.2,142,Unhealthy for Sensitive Groups,62.0,UG/M3,1 Hr,Valid
Phora Durbar Kathmandu,PM2.5 - Principal,2024-03-07 04:00 PM,2024,03,07,16,25.4,81,Moderate,2.0,UG/M3,1 Hr,Valid
Phora Durbar Kathmandu,PM2.5 - Principal,2024-03-07 05:00 PM,2024,03,07,17,31.4,93,Moderate,37.0,UG/M3,1 Hr,Valid
Phora Durbar Kathmandu,PM2.5 - Principal,2024-03-07 06:00 PM,2024,03,07,18,30.1,90,Moderate,29.0,UG/M3,1 Hr,Valid
Phora Durbar Kathmandu,PM2.5 - Principal,2024-03-07 07:00 PM,2024,03,07,19,21.0,73,Moderate,12.0,UG/M3,1 Hr,Valid
Phora Durbar Kathmandu,PM2.5 - Principal,2024-03-07 08:00 PM,2024,03,07,20,28.5,87,Moderate,36.0,UG/M3,1 Hr,Valid
Phora Durbar Kathmandu,PM2.5 - Principal,2024-03-07 09:00 PM,2024,03,07,21,46.7,129,Unhealthy for Sensitive Groups,65.0,UG/M3,1 Hr,Valid
Phora Durbar Kathmandu,PM2.5 - Principal,2024-03-07 10:00 PM,2024,03,07,22,29.3,89,Moderate,12.0,UG/M3,1 Hr,Valid
Phora Durbar Kathmandu,PM2.5 - Principal,2024-03-07 11:00 PM,2024,03,07,23,63.7,157,Unhealthy,98.0,UG/M3,1 Hr,Valid
Phora Durbar Kathmandu,PM2.5 - Principal,2024-03-08 12:00 AM,2024,03,08,00,68.3,160,Unhealthy,73.0,UG/M3,1 Hr,Valid
Phora Durbar Kathmandu,PM2.5 - Principal,2024-03-08 01:00 AM,2024,03,08,01,70.1,161,Unhealthy,72.0,UG/M3,1 Hr,Valid
Phora Durbar Kathmandu,PM2.5 - Principal,2024-03-08 02:00 AM,2024,03,08,02,61.0,155,Unhealthy,52.0,UG/M3,1 Hr,Valid
Phora Durbar Kathmandu,PM2.5 - Principal,2024-03-08 03:00 AM,2024,03,08,03,57.5,152,Unhealthy,54.0,UG/M3,1 Hr,Valid
Phora Durbar Kathmandu,PM2.5 - Principal,2024-03-08 04:00 AM,2024,03,08,04,48.2,132,Unhealthy for Sensitive Groups,39.0,UG/M3,1 Hr,Valid
Phora Durbar Kathmandu,PM2.5 - Principal,2024-03-08 05:00 AM,2024,03,08,05,34.1,98,Moderate,20.0,UG/M3,1 Hr,Valid
Phora Durbar Kathmandu,PM2.5 - Principal,2024-03-08 06:00 AM,2024,03,08,06,31.5,93,Moderate,29.0,UG/M3,1 Hr,Valid
Phora Durbar Kathmandu,PM2.5 - Principal,2024-03-08 07:00 AM,2024,03,08,07,47.7,131,Unhealthy for Sensitive Groups,64.0,UG/M3,1 Hr,Valid
Phora Durbar Kathmandu,PM2.5 - Principal,2024-03-08 08:00 AM,2024,03,08,08,42.8,119,Unhealthy for Sensitive Groups,38.0,UG/M3,1 Hr,Valid
Phora Durbar Kathmandu,PM2.5 - Principal,2024-03-08 09:00 AM,2024,03,08,09,42.4,118,Unhealthy for Sensitive Groups,42.0,UG/M3,1 Hr,Valid
Phora Durbar Kathmandu,PM2.5 - Principal,2024-03-08 10:00 AM,2024,03,08,10,64.7,157,Unhealthy,87.0,UG/M3,1 Hr,Valid
Phora Durbar Kathmandu,PM2.5 - Principal,2024-03-08 11:00 AM,2024,03,08,11,69.8,161,Unhealthy,75.0,UG/M3,1 Hr,Valid
Phora Durbar Kathmandu,PM2.5 - Principal,2024-03-08 12:00 PM,2024,03,08,12,63.4,157,Unhealthy,57.0,UG/M3,1 Hr,Valid
Phora Durbar Kathmandu,PM2.5 - Principal,2024-03-08 01:00 PM,2024,03,08,13,45.7,126,Unhealthy for Sensitive Groups,28.0,UG/M3,1 Hr,Valid
Phora Durbar Kathmandu,PM2.5 - Principal,2024-03-08 02:00 PM,2024,03,08,14,43.3,120,Unhealthy for Sensitive Groups,41.0,UG/M3,1 Hr,Valid
Phora Durbar Kathmandu,PM2.5 - Principal,2024-03-08 03:00 PM,2024,03,08,15,42.1,117,Unhealthy for Sensitive Groups,41.0,UG/M3,1 Hr,Valid
Phora Durbar Kathmandu,PM2.5 - Principal,2024-03-08 04:00 PM,2024,03,08,16,42.1,117,Unhealthy for Sensitive Groups,-15.0,UG/M3,1 Hr,Invalid
Phora Durbar Kathmandu,PM2.5 - Principal,2024-03-08 05:00 PM,2024,03,08,17,48.7,134,Unhealthy for Sensitive Groups,52.0,UG/M3,1 Hr,Valid
Phora Durbar Kathmandu,PM2.5 - Principal,2024-03-08 06:00 PM,2024,03,08,18,45.4,125,Unhealthy for Sensitive Groups,43.0,UG/M3,1 Hr,Valid
Phora Durbar Kathmandu,PM2.5 - Principal,2024-03-08 07:00 PM,2024,03,08,19,70.8,162,Unhealthy,93.0,UG/M3,1 Hr,Valid
Phora Durbar Kathmandu,PM2.5 - Principal,2024-03-08 08:00 PM,2024,03,08,20,100.3,182,Unhealthy,128.0,UG/M3,1 Hr,Valid
Phora Durbar Kathmandu,PM2.5 - Principal,2024-03-08 09:00 PM,2024,03,08,21,112.8,191,Unhealthy,125.0,UG/M3,1 Hr,Valid
Phora Durbar Kathmandu,PM2.5 - Principal,2024-03-08 10:00 PM,2024,03,08,22,129.0,204,Very Unhealthy,145.0,UG/M3,1 Hr,Valid
Phora Durbar Kathmandu,PM2.5 - Principal,2024-03-08 11:00 PM,2024,03,08,23,117.9,195,Unhealthy,107.0,UG/M3,1 Hr,Valid
Phora Durbar Kathmandu,PM2.5 - Principal,2024-03-09 12:00 AM,2024,03,09,00,115.5,193,Unhealthy,113.0,UG/M3,1 Hr,Valid
Phora Durbar Kathmandu,PM2.5 - Principal,2024-03-09 01:00 AM,2024,03,09,01,128.7,204,Very Unhealthy,142.0,UG/M3,1 Hr,Valid
Phora Durbar Kathmandu,PM2.5 - Principal,2024-03-09 02:00 AM,2024,03,09,02,135.9,211,Very Unhealthy,143.0,UG/M3,1 Hr,Valid
Phora Durbar Kathmandu,PM2.5 - Principal,2024-03-09 03:00 AM,2024,03,09,03,128.4,204,Very Unhealthy,121.0,UG/M3,1 Hr,Valid
Phora Durbar Kathmandu,PM2.5 - Principal,2024-03-09 04:00 AM,2024,03,09,04,135.7,211,Very Unhealthy,143.0,UG/M3,1 Hr,Valid
Phora Durbar Kathmandu,PM2.5 - Principal,2024-03-09 05:00 AM,2024,03,09,05,119.3,196,Unhealthy,103.0,UG/M3,1 Hr,Valid
Phora Durbar Kathmandu,PM2.5 - Principal,2024-03-09 06:00 AM,2024,03,09,06,153.2,228,Very Unhealthy,187.0,UG/M3,1 Hr,Valid
Phora Durbar Kathmandu,PM2.5 - Principal,2024-03-09 07:00 AM,2024,03,09,07,151.1,226,Very Unhealthy,152.0,UG/M3,1 Hr,Valid
Phora Durbar Kathmandu,PM2.5 - Principal,2024-03-09 08:00 AM,2024,03,09,08,144.3,220,Very Unhealthy,136.0,UG/M3,1 Hr,Valid
Phora Durbar Kathmandu,PM2.5 - Principal,2024-03-09 09:00 AM,2024,03,09,09,153.2,228,Very Unhealthy,164.0,UG/M3,1 Hr,Valid
Phora Durbar Kathmandu,PM2.5 - Principal,2024-03-09 10:00 AM,2024,03,09,10,163.0,238,Very Unhealthy,175.0,UG/M3,1 Hr,Valid
Phora Durbar Kathmandu,PM2.5 - Principal,2024-03-09 11:00 AM,2024,03,09,11,133.9,209,Very Unhealthy,100.0,UG/M3,1 Hr,Valid
Phora Durbar Kathmandu,PM2.5 - Principal,2024-03-09 12:00 PM,2024,03,09,12,98.6,181,Unhealthy,65.0,UG/M3,1 Hr,Valid
Phora Durbar Kathmandu,PM2.5 - Principal,2024-03-09 01:00 PM,2024,03,09,13,81.3,169,Unhealthy,64.0,UG/M3,1 Hr,Valid
Phora Durbar Kathmandu,PM2.5 - Principal,2024-03-09 02:00 PM,2024,03,09,14,63.1,156,Unhealthy,45.0,UG/M3,1 Hr,Valid
Phora Durbar Kathmandu,PM2.5 - Principal,2024-03-09 03:00 PM,2024,03,09,15,52.5,143,Unhealthy for Sensitive Groups,42.0,UG/M3,1 Hr,Valid
Phora Durbar Kathmandu,PM2.5 - Principal,2024-03-09 04:00 PM,2024,03,09,16,41.7,116,Unhealthy for Sensitive Groups,31.0,UG/M3,1 Hr,Valid
Phora Durbar Kathmandu,PM2.5 - Principal,2024-03-09 05:00 PM,2024,03,09,17,46.3,128,Unhealthy for Sensitive Groups,51.0,UG/M3,1 Hr,Valid
Phora Durbar Kathmandu,PM2.5 - Principal,2024-03-09 06:00 PM,2024,03,09,18,48.6,133,Unhealthy for Sensitive Groups,51.0,UG/M3,1 Hr,Valid
Phora Durbar Kathmandu,PM2.5 - Principal,2024-03-09 07:00 PM,2024,03,09,19,59.3,154,Unhealthy,70.0,UG/M3,1 Hr,Valid
Phora Durbar Kathmandu,PM2.5 - Principal,2024-03-09 08:00 PM,2024,03,09,20,71.1,162,Unhealthy,83.0,UG/M3,1 Hr,Valid
Phora Durbar Kathmandu,PM2.5 - Principal,2024-03-09 09:00 PM,2024,03,09,21,95.0,179,Unhealthy,119.0,UG/M3,1 Hr,Valid
Phora Durbar Kathmandu,PM2.5 - Principal,2024-03-09 10:00 PM,2024,03,09,22,82.5,170,Unhealthy,70.0,UG/M3,1 Hr,Valid
Phora Durbar Kathmandu,PM2.5 - Principal,2024-03-09 11:00 PM,2024,03,09,23,76.7,166,Unhealthy,71.0,UG/M3,1 Hr,Valid
Phora Durbar Kathmandu,PM2.5 - Principal,2024-03-10 12:00 AM,2024,03,10,00,67.8,160,Unhealthy,59.0,UG/M3,1 Hr,Valid
Phora Durbar Kathmandu,PM2.5 - Principal,2024-03-10 01:00 AM,2024,03,10,01,94.9,179,Unhealthy,122.0,UG/M3,1 Hr,Valid
Phora Durbar Kathmandu,PM2.5 - Principal,2024-03-10 02:00 AM,2024,03,10,02,94.9,179,Unhealthy,95.0,UG/M3,1 Hr,Valid
Phora Durbar Kathmandu,PM2.5 - Principal,2024-03-10 03:00 AM,2024,03,10,03,101.9,184,Unhealthy,109.0,UG/M3,1 Hr,Valid
Phora Durbar Kathmandu,PM2.5 - Principal,2024-03-10 04:00 AM,2024,03,10,04,102.5,184,Unhealthy,103.0,UG/M3,1 Hr,Valid
Phora Durbar Kathmandu,PM2.5 - Principal,2024-03-10 05:00 AM,2024,03,10,05,96.7,180,Unhealthy,91.0,UG/M3,1 Hr,Valid
Phora Durbar Kathmandu,PM2.5 - Principal,2024-03-10 06:00 AM,2024,03,10,06,109.3,189,Unhealthy,122.0,UG/M3,1 Hr,Valid
Phora Durbar Kathmandu,PM2.5 - Principal,2024-03-10 07:00 AM,2024,03,10,07,113.6,192,Unhealthy,118.0,UG/M3,1 Hr,Valid
Phora Durbar Kathmandu,PM2.5 - Principal,2024-03-10 08:00 AM,2024,03,10,08,117.8,195,Unhealthy,122.0,UG/M3,1 Hr,Valid
Phora Durbar Kathmandu,PM2.5 - Principal,2024-03-10 09:00 AM,2024,03,10,09,133.9,209,Very Unhealthy,150.0,UG/M3,1 Hr,Valid
Phora Durbar Kathmandu,PM2.5 - Principal,2024-03-10 10:00 AM,2024,03,10,10,120.9,197,Unhealthy,108.0,UG/M3,1 Hr,Valid
Phora Durbar Kathmandu,PM2.5 - Principal,2024-03-10 11:00 AM,2024,03,10,11,105.4,186,Unhealthy,90.0,UG/M3,1 Hr,Valid
Phora Durbar Kathmandu,PM2.5 - Principal,2024-03-10 12:00 PM,2024,03,10,12,80.7,169,Unhealthy,56.0,UG/M3,1 Hr,Valid
Phora Durbar Kathmandu,PM2.5 - Principal,2024-03-10 01:00 PM,2024,03,10,13,67.3,159,Unhealthy,54.0,UG/M3,1 Hr,Valid
Phora Durbar Kathmandu,PM2.5 - Principal,2024-03-10 02:00 PM,2024,03,10,14,55.1,149,Unhealthy for Sensitive Groups,43.0,UG/M3,1 Hr,Valid
Phora Durbar Kathmandu,PM2.5 - Principal,2024-03-10 03:00 PM,2024,03,10,15,53.5,145,Unhealthy for Sensitive Groups,52.0,UG/M3,1 Hr,Valid
Phora Durbar Kathmandu,PM2.5 - Principal,2024-03-10 04:00 PM,2024,03,10,16,43.7,121,Unhealthy for Sensitive Groups,34.0,UG/M3,1 Hr,Valid
Phora Durbar Kathmandu,PM2.5 - Principal,2024-03-10 05:00 PM,2024,03,10,17,49.3,135,Unhealthy for Sensitive Groups,55.0,UG/M3,1 Hr,Valid
Phora Durbar Kathmandu,PM2.5 - Principal,2024-03-10 06:00 PM,2024,03,10,18,52.6,143,Unhealthy for Sensitive Groups,56.0,UG/M3,1 Hr,Valid
Phora Durbar Kathmandu,PM2.5 - Principal,2024-03-10 07:00 PM,2024,03,10,19,61.3,155,Unhealthy,70.0,UG/M3,1 Hr,Valid
Phora Durbar Kathmandu,PM2.5 - Principal,2024-03-10 08:00 PM,2024,03,10,20,79.1,168,Unhealthy,97.0,UG/M3,1 Hr,Valid
Phora Durbar Kathmandu,PM2.5 - Principal,2024-03-10 09:00 PM,2024,03,10,21,77.5,166,Unhealthy,76.0,UG/M3,1 Hr,Valid
Phora Durbar Kathmandu,PM2.5 - Principal,2024-03-10 10:00 PM,2024,03,10,22,113.2,191,Unhealthy,149.0,UG/M3,1 Hr,Valid
Phora Durbar Kathmandu,PM2.5 - Principal,2024-03-10 11:00 PM,2024,03,10,23,128.1,204,Very Unhealthy,143.0,UG/M3,1 Hr,Valid
Phora Durbar Kathmandu,PM2.5 - Principal,2024-03-11 12:00 AM,2024,03,11,00,98.0,181,Unhealthy,68.0,UG/M3,1 Hr,Valid
Phora Durbar Kathmandu,PM2.5 - Principal,2024-03-11 01:00 AM,2024,03,11,01,101.0,183,Unhealthy,104.0,UG/M3,1 Hr,Valid
Phora Durbar Kathmandu,PM2.5 - Principal,2024-03-11 02:00 AM,2024,03,11,02,106.5,187,Unhealthy,112.0,UG/M3,1 Hr,Valid
Phora Durbar Kathmandu,PM2.5 - Principal,2024-03-11 03:00 AM,2024,03,11,03,111.7,190,Unhealthy,117.0,UG/M3,1 Hr,Valid
Phora Durbar Kathmandu,PM2.5 - Principal,2024-03-11 04:00 AM,2024,03,11,04,111.3,190,Unhealthy,111.0,UG/M3,1 Hr,Valid
Phora Durbar Kathmandu,PM2.5 - Principal,2024-03-11 05:00 AM,2024,03,11,05,106.2,187,Unhealthy,101.0,UG/M3,1 Hr,Valid
Phora Durbar Kathmandu,PM2.5 - Principal,2024-03-11 06:00 AM,2024,03,11,06,104.1,185,Unhealthy,102.0,UG/M3,1 Hr,Valid
Phora Durbar Kathmandu,PM2.5 - Principal,2024-03-11 07:00 AM,2024,03,11,07,118.0,195,Unhealthy,132.0,UG/M3,1 Hr,Valid
Phora Durbar Kathmandu,PM2.5 - Principal,2024-03-11 08:00 AM,2024,03,11,08,153.0,228,Very Unhealthy,188.0,UG/M3,1 Hr,Valid
Phora Durbar Kathmandu,PM2.5 - Principal,2024-03-11 09:00 AM,2024,03,11,09,126.5,202,Very Unhealthy,100.0,UG/M3,1 Hr,Valid
Phora Durbar Kathmandu,PM2.5 - Principal,2024-03-11 10:00 AM,2024,03,11,10,146.2,222,Very Unhealthy,166.0,UG/M3,1 Hr,Valid
Phora Durbar Kathmandu,PM2.5 - Principal,2024-03-11 11:00 AM,2024,03,11,11,121.1,197,Unhealthy,96.0,UG/M3,1 Hr,Valid
Phora Durbar Kathmandu,PM2.5 - Principal,2024-03-11 12:00 PM,2024,03,11,12,119.7,196,Unhealthy,118.0,UG/M3,1 Hr,Valid
Phora Durbar Kathmandu,PM2.5 - Principal,2024-03-11 01:00 PM,2024,03,11,13,90.2,175,Unhealthy,61.0,UG/M3,1 Hr,Valid
Phora Durbar Kathmandu,PM2.5 - Principal,2024-03-11 02:00 PM,2024,03,11,14,78.6,167,Unhealthy,67.0,UG/M3,1 Hr,Valid
Phora Durbar Kathmandu,PM2.5 - Principal,2024-03-11 03:00 PM,2024,03,11,15,90.8,176,Unhealthy,103.0,UG/M3,1 Hr,Valid
Phora Durbar Kathmandu,PM2.5 - Principal,2024-03-11 04:00 PM,2024,03,11,16,76.9,166,Unhealthy,63.0,UG/M3,1 Hr,Valid
Phora Durbar Kathmandu,PM2.5 - Principal,2024-03-11 05:00 PM,2024,03,11,17,68.4,160,Unhealthy,60.0,UG/M3,1 Hr,Valid
Phora Durbar Kathmandu,PM2.5 - Principal,2024-03-11 06:00 PM,2024,03,11,18,69.7,161,Unhealthy,71.0,UG/M3,1 Hr,Valid
Phora Durbar Kathmandu,PM2.5 - Principal,2024-03-11 07:00 PM,2024,03,11,19,80.3,168,Unhealthy,91.0,UG/M3,1 Hr,Valid
Phora Durbar Kathmandu,PM2.5 - Principal,2024-03-11 08:00 PM,2024,03,11,20,75.1,165,Unhealthy,70.0,UG/M3,1 Hr,Valid
Phora Durbar Kathmandu,PM2.5 - Principal,2024-03-11 09:00 PM,2024,03,11,21,69.0,160,Unhealthy,63.0,UG/M3,1 Hr,Valid
Phora Durbar Kathmandu,PM2.5 - Principal,2024-03-11 10:00 PM,2024,03,11,22,79.4,168,Unhealthy,90.0,UG/M3,1 Hr,Valid
Phora Durbar Kathmandu,PM2.5 - Principal,2024-03-11 11:00 PM,2024,03,11,23,112.2,191,Unhealthy,145.0,UG/M3,1 Hr,Valid
Phora Durbar Kathmandu,PM2.5 - Principal,2024-03-12 12:00 AM,2024,03,12,00,113.1,191,Unhealthy,114.0,UG/M3,1 Hr,Valid
Phora Durbar Kathmandu,PM2.5 - Principal,2024-03-12 01:00 AM,2024,03,12,01,107.5,187,Unhealthy,102.0,UG/M3,1 Hr,Valid
Phora Durbar Kathmandu,PM2.5 - Principal,2024-03-12 02:00 AM,2024,03,12,02,99.7,182,Unhealthy,92.0,UG/M3,1 Hr,Valid
Phora Durbar Kathmandu,PM2.5 - Principal,2024-03-12 03:00 AM,2024,03,12,03,97.8,181,Unhealthy,96.0,UG/M3,1 Hr,Valid
Phora Durbar Kathmandu,PM2.5 - Principal,2024-03-12 04:00 AM,2024,03,12,04,100.9,183,Unhealthy,104.0,UG/M3,1 Hr,Valid
Phora Durbar Kathmandu,PM2.5 - Principal,2024-03-12 05:00 AM,2024,03,12,05,106.9,187,Unhealthy,113.0,UG/M3,1 Hr,Valid
Phora Durbar Kathmandu,PM2.5 - Principal,2024-03-12 06:00 AM,2024,03,12,06,114.9,193,Unhealthy,123.0,UG/M3,1 Hr,Valid
Phora Durbar Kathmandu,PM2.5 - Principal,2024-03-12 07:00 AM,2024,03,12,07,114.5,192,Unhealthy,114.0,UG/M3,1 Hr,Valid
Phora Durbar Kathmandu,PM2.5 - Principal,2024-03-12 08:00 AM,2024,03,12,08,151.2,226,Very Unhealthy,188.0,UG/M3,1 Hr,Valid
Phora Durbar Kathmandu,PM2.5 - Principal,2024-03-12 09:00 AM,2024,03,12,09,150.1,225,Very Unhealthy,149.0,UG/M3,1 Hr,Valid
Phora Durbar Kathmandu,PM2.5 - Principal,2024-03-12 10:00 AM,2024,03,12,10,162.0,237,Very Unhealthy,174.0,UG/M3,1 Hr,Valid
Phora Durbar Kathmandu,PM2.5 - Principal,2024-03-12 11:00 AM,2024,03,12,11,132.5,208,Very Unhealthy,103.0,UG/M3,1 Hr,Valid
Phora Durbar Kathmandu,PM2.5 - Principal,2024-03-12 12:00 PM,2024,03,12,12,106.2,187,Unhealthy,80.0,UG/M3,1 Hr,Valid
Phora Durbar Kathmandu,PM2.5 - Principal,2024-03-12 01:00 PM,2024,03,12,13,81.6,169,Unhealthy,57.0,UG/M3,1 Hr,Valid
Phora Durbar Kathmandu,PM2.5 - Principal,2024-03-12 02:00 PM,2024,03,12,14,56.8,152,Unhealthy,32.0,UG/M3,1 Hr,Valid
Phora Durbar Kathmandu,PM2.5 - Principal,2024-03-12 03:00 PM,2024,03,12,15,45.3,125,Unhealthy for Sensitive Groups,34.0,UG/M3,1 Hr,Valid
Phora Durbar Kathmandu,PM2.5 - Principal,2024-03-12 04:00 PM,2024,03,12,16,46.6,128,Unhealthy for Sensitive Groups,48.0,UG/M3,1 Hr,Valid
Phora Durbar Kathmandu,PM2.5 - Principal,2024-03-12 05:00 PM,2024,03,12,17,50.3,137,Unhealthy for Sensitive Groups,54.0,UG/M3,1 Hr,Valid
Phora Durbar Kathmandu,PM2.5 - Principal,2024-03-12 06:00 PM,2024,03,12,18,55.6,151,Unhealthy,61.0,UG/M3,1 Hr,Valid
Phora Durbar Kathmandu,PM2.5 - Principal,2024-03-12 07:00 PM,2024,03,12,19,62.8,156,Unhealthy,70.0,UG/M3,1 Hr,Valid
Phora Durbar Kathmandu,PM2.5 - Principal,2024-03-12 08:00 PM,2024,03,12,20,78.4,167,Unhealthy,94.0,UG/M3,1 Hr,Valid
Phora Durbar Kathmandu,PM2.5 - Principal,2024-03-12 09:00 PM,2024,03,12,21,74.6,164,Unhealthy,71.0,UG/M3,1 Hr,Valid
Phora Durbar Kathmandu,PM2.5 - Principal,2024-03-12 10:00 PM,2024,03,12,22,77.8,167,Unhealthy,81.0,UG/M3,1 Hr,Valid
Phora Durbar Kathmandu,PM2.5 - Principal,2024-03-12 11:00 PM,2024,03,12,23,63.4,157,Unhealthy,49.0,UG/M3,1 Hr,Valid
Phora Durbar Kathmandu,PM2.5 - Principal,2024-03-13 12:00 AM,2024,03,13,00,57.7,153,Unhealthy,52.0,UG/M3,1 Hr,Valid
Phora Durbar Kathmandu,PM2.5 - Principal,2024-03-13 01:00 AM,2024,03,13,01,54.8,149,Unhealthy for Sensitive Groups,52.0,UG/M3,1 Hr,Valid
Phora Durbar Kathmandu,PM2.5 - Principal,2024-03-13 02:00 AM,2024,03,13,02,55.4,150,Unhealthy for Sensitive Groups,56.0,UG/M3,1 Hr,Valid
Phora Durbar Kathmandu,PM2.5 - Principal,2024-03-13 03:00 AM,2024,03,13,03,59.6,154,Unhealthy,64.0,UG/M3,1 Hr,Valid
Phora Durbar Kathmandu,PM2.5 - Principal,2024-03-13 04:00 AM,2024,03,13,04,65.0,158,Unhealthy,71.0,UG/M3,1 Hr,Valid
Phora Durbar Kathmandu,PM2.5 - Principal,2024-03-13 05:00 AM,2024,03,13,05,31.1,92,Moderate,-3.0,UG/M3,1 Hr,Valid
Phora Durbar Kathmandu,PM2.5 - Principal,2024-03-13 06:00 AM,2024,03,13,06,49.0,134,Unhealthy for Sensitive Groups,67.0,UG/M3,1 Hr,Valid
Phora Durbar Kathmandu,PM2.5 - Principal,2024-03-13 07:00 AM,2024,03,13,07,77.5,166,Unhealthy,106.0,UG/M3,1 Hr,Valid
Phora Durbar Kathmandu,PM2.5 - Principal,2024-03-13 08:00 AM,2024,03,13,08,90.2,175,Unhealthy,103.0,UG/M3,1 Hr,Valid
Phora Durbar Kathmandu,PM2.5 - Principal,2024-03-13 09:00 AM,2024,03,13,09,117.6,195,Unhealthy,145.0,UG/M3,1 Hr,Valid
Phora Durbar Kathmandu,PM2.5 - Principal,2024-03-13 10:00 AM,2024,03,13,10,111.3,190,Unhealthy,105.0,UG/M3,1 Hr,Valid
Phora Durbar Kathmandu,PM2.5 - Principal,2024-03-13 11:00 AM,2024,03,13,11,110.1,189,Unhealthy,109.0,UG/M3,1 Hr,Valid
Phora Durbar Kathmandu,PM2.5 - Principal,2024-03-13 12:00 PM,2024,03,13,12,72.5,163,Unhealthy,35.0,UG/M3,1 Hr,Valid
Phora Durbar Kathmandu,PM2.5 - Principal,2024-03-13 01:00 PM,2024,03,13,13,72.2,163,Unhealthy,72.0,UG/M3,1 Hr,Valid
Phora Durbar Kathmandu,PM2.5 - Principal,2024-03-13 02:00 PM,2024,03,13,14,62.1,156,Unhealthy,52.0,UG/M3,1 Hr,Valid
Phora Durbar Kathmandu,PM2.5 - Principal,2024-03-13 03:00 PM,2024,03,13,15,48.5,133,Unhealthy for Sensitive Groups,35.0,UG/M3,1 Hr,Valid
Phora Durbar Kathmandu,PM2.5 - Principal,2024-03-13 04:00 PM,2024,03,13,16,48.2,132,Unhealthy for Sensitive Groups,48.0,UG/M3,1 Hr,Valid
Phora Durbar Kathmandu,PM2.5 - Principal,2024-03-13 05:00 PM,2024,03,13,17,53.6,146,Unhealthy for Sensitive Groups,59.0,UG/M3,1 Hr,Valid
Phora Durbar Kathmandu,PM2.5 - Principal,2024-03-13 06:00 PM,2024,03,13,18,53.8,146,Unhealthy for Sensitive Groups,54.0,UG/M3,1 Hr,Valid
Phora Durbar Kathmandu,PM2.5 - Principal,2024-03-13 07:00 PM,2024,03,13,19,51.4,140,Unhealthy for Sensitive Groups,49.0,UG/M3,1 Hr,Valid
Phora Durbar Kathmandu,PM2.5 - Principal,2024-03-13 08:00 PM,2024,03,13,20,60.6,155,Unhealthy,70.0,UG/M3,1 Hr,Valid
Phora Durbar Kathmandu,PM2.5 - Principal,2024-03-13 09:00 PM,2024,03,13,21,44.3,123,Unhealthy for Sensitive Groups,28.0,UG/M3,1 Hr,Valid
Phora Durbar Kathmandu,PM2.5 - Principal,2024-03-13 10:00 PM,2024,03,13,22,44.6,123,Unhealthy for Sensitive Groups,45.0,UG/M3,1 Hr,Valid
Phora Durbar Kathmandu,PM2.5 - Principal,2024-03-13 11:00 PM,2024,03,13,23,54.8,149,Unhealthy for Sensitive Groups,65.0,UG/M3,1 Hr,Valid
Phora Durbar Kathmandu,PM2.5 - Principal,2024-03-14 12:00 AM,2024,03,14,00,67.9,160,Unhealthy,81.0,UG/M3,1 Hr,Valid
Phora Durbar Kathmandu,PM2.5 - Principal,2024-03-14 01:00 AM,2024,03,14,01,60.9,155,Unhealthy,54.0,UG/M3,1 Hr,Valid
Phora Durbar Kathmandu,PM2.5 - Principal,2024-03-14 02:00 AM,2024,03,14,02,56.9,152,Unhealthy,53.0,UG/M3,1 Hr,Valid
Phora Durbar Kathmandu,PM2.5 - Principal,2024-03-14 03:00 AM,2024,03,14,03,55.9,151,Unhealthy,55.0,UG/M3,1 Hr,Valid
Phora Durbar Kathmandu,PM2.5 - Principal,2024-03-14 04:00 AM,2024,03,14,04,57.9,153,Unhealthy,60.0,UG/M3,1 Hr,Valid
Phora Durbar Kathmandu,PM2.5 - Principal,2024-03-14 05:00 AM,2024,03,14,05,74.0,164,Unhealthy,90.0,UG/M3,1 Hr,Valid
Phora Durbar Kathmandu,PM2.5 - Principal,2024-03-14 06:00 AM,2024,03,14,06,68.5,160,Unhealthy,63.0,UG/M3,1 Hr,Valid
Phora Durbar Kathmandu,PM2.5 - Principal,2024-03-14 07:00 AM,2024,03,14,07,74.7,164,Unhealthy,81.0,UG/M3,1 Hr,Valid
Phora Durbar Kathmandu,PM2.5 - Principal,2024-03-14 08:00 AM,2024,03,14,08,85.3,172,Unhealthy,96.0,UG/M3,1 Hr,Valid
Phora Durbar Kathmandu,PM2.5 - Principal,2024-03-14 09:00 AM,2024,03,14,09,106.7,187,Unhealthy,128.0,UG/M3,1 Hr,Valid
Phora Durbar Kathmandu,PM2.5 - Principal,2024-03-14 10:00 AM,2024,03,14,10,116.8,194,Unhealthy,127.0,UG/M3,1 Hr,Valid
Phora Durbar Kathmandu,PM2.5 - Principal,2024-03-14 11:00 AM,2024,03,14,11,97.4,180,Unhealthy,78.0,UG/M3,1 Hr,Valid
Phora Durbar Kathmandu,PM2.5 - Principal,2024-03-14 12:00 PM,2024,03,14,12,83.2,170,Unhealthy,69.0,UG/M3,1 Hr,Valid
Phora Durbar Kathmandu,PM2.5 - Principal,2024-03-14 01:00 PM,2024,03,14,13,81.1,169,Unhealthy,79.0,UG/M3,1 Hr,Valid
Phora Durbar Kathmandu,PM2.5 - Principal,2024-03-14 02:00 PM,2024,03,14,14,49.0,134,Unhealthy for Sensitive Groups,17.0,UG/M3,1 Hr,Valid
Phora Durbar Kathmandu,PM2.5 - Principal,2024-03-14 03:00 PM,2024,03,14,15,49.5,135,Unhealthy for Sensitive Groups,50.0,UG/M3,1 Hr,Valid
Phora Durbar Kathmandu,PM2.5 - Principal,2024-03-14 04:00 PM,2024,03,14,16,30.7,91,Moderate,12.0,UG/M3,1 Hr,Valid
Phora Durbar Kathmandu,PM2.5 - Principal,2024-03-14 05:00 PM,2024,03,14,17,54.3,147,Unhealthy for Sensitive Groups,78.0,UG/M3,1 Hr,Valid
Phora Durbar Kathmandu,PM2.5 - Principal,2024-03-14 06:00 PM,2024,03,14,18,56.1,151,Unhealthy,58.0,UG/M3,1 Hr,Valid
Phora Durbar Kathmandu,PM2.5 - Principal,2024-03-14 07:00 PM,2024,03,14,19,62.0,156,Unhealthy,68.0,UG/M3,1 Hr,Valid
Phora Durbar Kathmandu,PM2.5 - Principal,2024-03-14 08:00 PM,2024,03,14,20,72.0,163,Unhealthy,82.0,UG/M3,1 Hr,Valid
Phora Durbar Kathmandu,PM2.5 - Principal,2024-03-14 09:00 PM,2024,03,14,21,72.0,163,Unhealthy,72.0,UG/M3,1 Hr,Valid
Phora Durbar Kathmandu,PM2.5 - Principal,2024-03-14 10:00 PM,2024,03,14,22,70.0,161,Unhealthy,68.0,UG/M3,1 Hr,Valid
Phora Durbar Kathmandu,PM2.5 - Principal,2024-03-14 11:00 PM,2024,03,14,23,94.0,178,Unhealthy,118.0,UG/M3,1 Hr,Valid
Phora Durbar Kathmandu,PM2.5 - Principal,2024-03-15 12:00 AM,2024,03,15,00,88.5,174,Unhealthy,83.0,UG/M3,1 Hr,Valid
Phora Durbar Kathmandu,PM2.5 - Principal,2024-03-15 01:00 AM,2024,03,15,01,74.2,164,Unhealthy,60.0,UG/M3,1 Hr,Valid
Phora Durbar Kathmandu,PM2.5 - Principal,2024-03-15 02:00 AM,2024,03,15,02,67.6,159,Unhealthy,61.0,UG/M3,1 Hr,Valid
Phora Durbar Kathmandu,PM2.5 - Principal,2024-03-15 03:00 AM,2024,03,15,03,58.3,153,Unhealthy,49.0,UG/M3,1 Hr,Valid
Phora Durbar Kathmandu,PM2.5 - Principal,2024-03-15 04:00 AM,2024,03,15,04,79.1,168,Unhealthy,100.0,UG/M3,1 Hr,Valid
Phora Durbar Kathmandu,PM2.5 - Principal,2024-03-15 05:00 AM,2024,03,15,05,64.5,157,Unhealthy,50.0,UG/M3,1 Hr,Valid
Phora Durbar Kathmandu,PM2.5 - Principal,2024-03-15 06:00 AM,2024,03,15,06,66.7,159,Unhealthy,69.0,UG/M3,1 Hr,Valid
Phora Durbar Kathmandu,PM2.5 - Principal,2024-03-15 07:00 AM,2024,03,15,07,85.9,172,Unhealthy,105.0,UG/M3,1 Hr,Valid
Phora Durbar Kathmandu,PM2.5 - Principal,2024-03-15 08:00 AM,2024,03,15,08,107.9,188,Unhealthy,130.0,UG/M3,1 Hr,Valid
Phora Durbar Kathmandu,PM2.5 - Principal,2024-03-15 09:00 AM,2024,03,15,09,123.9,199,Unhealthy,140.0,UG/M3,1 Hr,Valid
Phora Durbar Kathmandu,PM2.5 - Principal,2024-03-15 10:00 AM,2024,03,15,10,108.9,188,Unhealthy,94.0,UG/M3,1 Hr,Valid
Phora Durbar Kathmandu,PM2.5 - Principal,2024-03-15 11:00 AM,2024,03,15,11,85.4,172,Unhealthy,62.0,UG/M3,1 Hr,Valid
Phora Durbar Kathmandu,PM2.5 - Principal,2024-03-15 12:00 PM,2024,03,15,12,56.2,151,Unhealthy,27.0,UG/M3,1 Hr,Valid
Phora Durbar Kathmandu,PM2.5 - Principal,2024-03-15 01:00 PM,2024,03,15,13,41.6,116,Unhealthy for Sensitive Groups,27.0,UG/M3,1 Hr,Valid
Phora Durbar Kathmandu,PM2.5 - Principal,2024-03-15 02:00 PM,2024,03,15,14,39.8,112,Unhealthy for Sensitive Groups,38.0,UG/M3,1 Hr,Valid
Phora Durbar Kathmandu,PM2.5 - Principal,2024-03-15 03:00 PM,2024,03,15,15,35.4,100,Moderate,31.0,UG/M3,1 Hr,Valid
Phora Durbar Kathmandu,PM2.5 - Principal,2024-03-15 04:00 PM,2024,03,15,16,26.6,84,Moderate,18.0,UG/M3,1 Hr,Valid
Phora Durbar Kathmandu,PM2.5 - Principal,2024-03-15 05:00 PM,2024,03,15,17,24.8,80,Moderate,23.0,UG/M3,1 Hr,Valid
Phora Durbar Kathmandu,PM2.5 - Principal,2024-03-15 06:00 PM,2024,03,15,18,44.9,124,Unhealthy for Sensitive Groups,65.0,UG/M3,1 Hr,Valid
Phora Durbar Kathmandu,PM2.5 - Principal,2024-03-15 07:00 PM,2024,03,15,19,46.9,129,Unhealthy for Sensitive Groups,49.0,UG/M3,1 Hr,Valid
Phora Durbar Kathmandu,PM2.5 - Principal,2024-03-15 08:00 PM,2024,03,15,20,48.4,133,Unhealthy for Sensitive Groups,50.0,UG/M3,1 Hr,Valid
Phora Durbar Kathmandu,PM2.5 - Principal,2024-03-15 09:00 PM,2024,03,15,21,66.7,159,Unhealthy,85.0,UG/M3,1 Hr,Valid
Phora Durbar Kathmandu,PM2.5 - Principal,2024-03-15 10:00 PM,2024,03,15,22,71.8,162,Unhealthy,77.0,UG/M3,1 Hr,Valid
Phora Durbar Kathmandu,PM2.5 - Principal,2024-03-15 11:00 PM,2024,03,15,23,68.9,160,Unhealthy,66.0,UG/M3,1 Hr,Valid
Phora Durbar Kathmandu,PM2.5 - Principal,2024-03-16 12:00 AM,2024,03,16,00,65.4,158,Unhealthy,62.0,UG/M3,1 Hr,Valid
Phora Durbar Kathmandu,PM2.5 - Principal,2024-03-16 01:00 AM,2024,03,16,01,68.2,160,Unhealthy,71.0,UG/M3,1 Hr,Valid
Phora Durbar Kathmandu,PM2.5 - Principal,2024-03-16 02:00 AM,2024,03,16,02,49.1,134,Unhealthy for Sensitive Groups,30.0,UG/M3,1 Hr,Valid
Phora Durbar Kathmandu,PM2.5 - Principal,2024-03-16 03:00 AM,2024,03,16,03,48.5,133,Unhealthy for Sensitive Groups,48.0,UG/M3,1 Hr,Valid
Phora Durbar Kathmandu,PM2.5 - Principal,2024-03-16 04:00 AM,2024,03,16,04,70.2,161,Unhealthy,92.0,UG/M3,1 Hr,Valid
Phora Durbar Kathmandu,PM2.5 - Principal,2024-03-16 05:00 AM,2024,03,16,05,63.1,156,Unhealthy,56.0,UG/M3,1 Hr,Valid
Phora Durbar Kathmandu,PM2.5 - Principal,2024-03-16 06:00 AM,2024,03,16,06,62.5,156,Unhealthy,62.0,UG/M3,1 Hr,Valid
Phora Durbar Kathmandu,PM2.5 - Principal,2024-03-16 07:00 AM,2024,03,16,07,66.7,159,Unhealthy,71.0,UG/M3,1 Hr,Valid
Phora Durbar Kathmandu,PM2.5 - Principal,2024-03-16 08:00 AM,2024,03,16,08,129.9,205,Very Unhealthy,193.0,UG/M3,1 Hr,Valid
Phora Durbar Kathmandu,PM2.5 - Principal,2024-03-16 09:00 AM,2024,03,16,09,130.4,206,Very Unhealthy,131.0,UG/M3,1 Hr,Valid
Phora Durbar Kathmandu,PM2.5 - Principal,2024-03-16 10:00 AM,2024,03,16,10,137.2,213,Very Unhealthy,144.0,UG/M3,1 Hr,Valid
Phora Durbar Kathmandu,PM2.5 - Principal,2024-03-16 11:00 AM,2024,03,16,11,95.1,179,Unhealthy,53.0,UG/M3,1 Hr,Valid
Phora Durbar Kathmandu,PM2.5 - Principal,2024-03-16 12:00 PM,2024,03,16,12,52.0,142,Unhealthy for Sensitive Groups,9.0,UG/M3,1 Hr,Valid
Phora Durbar Kathmandu,PM2.5 - Principal,2024-03-16 01:00 PM,2024,03,16,13,56.0,151,Unhealthy,60.0,UG/M3,1 Hr,Valid
Phora Durbar Kathmandu,PM2.5 - Principal,2024-03-16 02:00 PM,2024,03,16,14,56.0,151,Unhealthy,56.0,UG/M3,1 Hr,Valid
Phora Durbar Kathmandu,PM2.5 - Principal,2024-03-16 03:00 PM,2024,03,16,15,62.0,156,Unhealthy,68.0,UG/M3,1 Hr,Valid
Phora Durbar Kathmandu,PM2.5 - Principal,2024-03-16 04:00 PM,2024,03,16,16,68.5,160,Unhealthy,75.0,UG/M3,1 Hr,Valid
Phora Durbar Kathmandu,PM2.5 - Principal,2024-03-16 05:00 PM,2024,03,16,17,52.2,142,Unhealthy for Sensitive Groups,36.0,UG/M3,1 Hr,Valid
Phora Durbar Kathmandu,PM2.5 - Principal,2024-03-16 06:00 PM,2024,03,16,18,43.1,120,Unhealthy for Sensitive Groups,34.0,UG/M3,1 Hr,Valid
Phora Durbar Kathmandu,PM2.5 - Principal,2024-03-16 07:00 PM,2024,03,16,19,60.0,154,Unhealthy,77.0,UG/M3,1 Hr,Valid
Phora Durbar Kathmandu,PM2.5 - Principal,2024-03-16 08:00 PM,2024,03,16,20,39.0,110,Unhealthy for Sensitive Groups,18.0,UG/M3,1 Hr,Valid
Phora Durbar Kathmandu,PM2.5 - Principal,2024-03-16 09:00 PM,2024,03,16,21,73.0,163,Unhealthy,107.0,UG/M3,1 Hr,Valid
Phora Durbar Kathmandu,PM2.5 - Principal,2024-03-16 10:00 PM,2024,03,16,22,81.4,169,Unhealthy,90.0,UG/M3,1 Hr,Valid
Phora Durbar Kathmandu,PM2.5 - Principal,2024-03-16 11:00 PM,2024,03,16,23,93.7,178,Unhealthy,106.0,UG/M3,1 Hr,Valid
Phora Durbar Kathmandu,PM2.5 - Principal,2024-03-17 12:00 AM,2024,03,17,00,101.8,183,Unhealthy,110.0,UG/M3,1 Hr,Valid
Phora Durbar Kathmandu,PM2.5 - Principal,2024-03-17 01:00 AM,2024,03,17,01,96.4,180,Unhealthy,91.0,UG/M3,1 Hr,Valid
Phora Durbar Kathmandu,PM2.5 - Principal,2024-03-17 02:00 AM,2024,03,17,02,78.7,167,Unhealthy,61.0,UG/M3,1 Hr,Valid
Phora Durbar Kathmandu,PM2.5 - Principal,2024-03-17 03:00 AM,2024,03,17,03,55.3,150,Unhealthy for Sensitive Groups,32.0,UG/M3,1 Hr,Valid
Phora Durbar Kathmandu,PM2.5 - Principal,2024-03-17 04:00 AM,2024,03,17,04,83.6,171,Unhealthy,112.0,UG/M3,1 Hr,Valid
Phora Durbar Kathmandu,PM2.5 - Principal,2024-03-17 05:00 AM,2024,03,17,05,59.8,154,Unhealthy,36.0,UG/M3,1 Hr,Valid
Phora Durbar Kathmandu,PM2.5 - Principal,2024-03-17 06:00 AM,2024,03,17,06,70.4,161,Unhealthy,81.0,UG/M3,1 Hr,Valid
Phora Durbar Kathmandu,PM2.5 - Principal,2024-03-17 07:00 AM,2024,03,17,07,79.2,168,Unhealthy,88.0,UG/M3,1 Hr,Valid
Phora Durbar Kathmandu,PM2.5 - Principal,2024-03-17 08:00 AM,2024,03,17,08,92.1,177,Unhealthy,105.0,UG/M3,1 Hr,Valid
Phora Durbar Kathmandu,PM2.5 - Principal,2024-03-17 09:00 AM,2024,03,17,09,107.5,187,Unhealthy,123.0,UG/M3,1 Hr,Valid
Phora Durbar Kathmandu,PM2.5 - Principal,2024-03-17 10:00 AM,2024,03,17,10,124.2,199,Unhealthy,141.0,UG/M3,1 Hr,Valid
Phora Durbar Kathmandu,PM2.5 - Principal,2024-03-17 11:00 AM,2024,03,17,11,71.1,162,Unhealthy,18.0,UG/M3,1 Hr,Valid
Phora Durbar Kathmandu,PM2.5 - Principal,2024-03-17 12:00 PM,2024,03,17,12,46.0,127,Unhealthy for Sensitive Groups,21.0,UG/M3,1 Hr,Valid
Phora Durbar Kathmandu,PM2.5 - Principal,2024-03-17 01:00 PM,2024,03,17,13,34.0,97,Moderate,22.0,UG/M3,1 Hr,Valid
Phora Durbar Kathmandu,PM2.5 - Principal,2024-03-17 02:00 PM,2024,03,17,14,31.5,93,Moderate,29.0,UG/M3,1 Hr,Valid
Phora Durbar Kathmandu,PM2.5 - Principal,2024-03-17 03:00 PM,2024,03,17,15,42.2,117,Unhealthy for Sensitive Groups,53.0,UG/M3,1 Hr,Valid
Phora Durbar Kathmandu,PM2.5 - Principal,2024-03-17 04:00 PM,2024,03,17,16,36.6,104,Unhealthy for Sensitive Groups,31.0,UG/M3,1 Hr,Valid
Phora Durbar Kathmandu,PM2.5 - Principal,2024-03-17 05:00 PM,2024,03,17,17,43.8,121,Unhealthy for Sensitive Groups,51.0,UG/M3,1 Hr,Valid
Phora Durbar Kathmandu,PM2.5 - Principal,2024-03-17 06:00 PM,2024,03,17,18,64.4,157,Unhealthy,85.0,UG/M3,1 Hr,Valid
Phora Durbar Kathmandu,PM2.5 - Principal,2024-03-17 07:00 PM,2024,03,17,19,65.2,158,Unhealthy,66.0,UG/M3,1 Hr,Valid
Phora Durbar Kathmandu,PM2.5 - Principal,2024-03-17 08:00 PM,2024,03,17,20,74.5,164,Unhealthy,84.0,UG/M3,1 Hr,Valid
Phora Durbar Kathmandu,PM2.5 - Principal,2024-03-17 09:00 PM,2024,03,17,21,122.8,198,Unhealthy,171.0,UG/M3,1 Hr,Valid
Phora Durbar Kathmandu,PM2.5 - Principal,2024-03-17 10:00 PM,2024,03,17,22,119.3,196,Unhealthy,116.0,UG/M3,1 Hr,Valid
Phora Durbar Kathmandu,PM2.5 - Principal,2024-03-17 11:00 PM,2024,03,17,23,134.2,210,Very Unhealthy,149.0,UG/M3,1 Hr,Valid
Phora Durbar Kathmandu,PM2.5 - Principal,2024-03-18 12:00 AM,2024,03,18,00,98.6,181,Unhealthy,63.0,UG/M3,1 Hr,Valid
Phora Durbar Kathmandu,PM2.5 - Principal,2024-03-18 01:00 AM,2024,03,18,01,94.8,179,Unhealthy,91.0,UG/M3,1 Hr,Valid
Phora Durbar Kathmandu,PM2.5 - Principal,2024-03-18 02:00 AM,2024,03,18,02,88.9,174,Unhealthy,83.0,UG/M3,1 Hr,Valid
Phora Durbar Kathmandu,PM2.5 - Principal,2024-03-18 03:00 AM,2024,03,18,03,107.4,187,Unhealthy,126.0,UG/M3,1 Hr,Valid
Phora Durbar Kathmandu,PM2.5 - Principal,2024-03-18 04:00 AM,2024,03,18,04,104.2,185,Unhealthy,101.0,UG/M3,1 Hr,Valid
Phora Durbar Kathmandu,PM2.5 - Principal,2024-03-18 05:00 AM,2024,03,18,05,123.6,199,Unhealthy,143.0,UG/M3,1 Hr,Valid
Phora Durbar Kathmandu,PM2.5 - Principal,2024-03-18 06:00 AM,2024,03,18,06,104.3,185,Unhealthy,85.0,UG/M3,1 Hr,Valid
Phora Durbar Kathmandu,PM2.5 - Principal,2024-03-18 07:00 AM,2024,03,18,07,116.1,193,Unhealthy,128.0,UG/M3,1 Hr,Valid
Phora Durbar Kathmandu,PM2.5 - Principal,2024-03-18 08:00 AM,2024,03,18,08,133.0,208,Very Unhealthy,150.0,UG/M3,1 Hr,Valid
Phora Durbar Kathmandu,PM2.5 - Principal,2024-03-18 09:00 AM,2024,03,18,09,161.5,237,Very Unhealthy,190.0,UG/M3,1 Hr,Valid
Phora Durbar Kathmandu,PM2.5 - Principal,2024-03-18 10:00 AM,2024,03,18,10,128.7,204,Very Unhealthy,96.0,UG/M3,1 Hr,Valid
Phora Durbar Kathmandu,PM2.5 - Principal,2024-03-18 11:00 AM,2024,03,18,11,142.3,218,Very Unhealthy,156.0,UG/M3,1 Hr,Valid
Phora Durbar Kathmandu,PM2.5 - Principal,2024-03-18 12:00 PM,2024,03,18,12,96.1,179,Unhealthy,50.0,UG/M3,1 Hr,Valid
Phora Durbar Kathmandu,PM2.5 - Principal,2024-03-18 01:00 PM,2024,03,18,13,76.5,166,Unhealthy,57.0,UG/M3,1 Hr,Valid
Phora Durbar Kathmandu,PM2.5 - Principal,2024-03-18 02:00 PM,2024,03,18,14,84.2,171,Unhealthy,92.0,UG/M3,1 Hr,Valid
Phora Durbar Kathmandu,PM2.5 - Principal,2024-03-18 03:00 PM,2024,03,18,15,67.1,159,Unhealthy,50.0,UG/M3,1 Hr,Valid
Phora Durbar Kathmandu,PM2.5 - Principal,2024-03-18 04:00 PM,2024,03,18,16,70.5,162,Unhealthy,74.0,UG/M3,1 Hr,Valid
Phora Durbar Kathmandu,PM2.5 - Principal,2024-03-18 05:00 PM,2024,03,18,17,78.2,167,Unhealthy,86.0,UG/M3,1 Hr,Valid
Phora Durbar Kathmandu,PM2.5 - Principal,2024-03-18 06:00 PM,2024,03,18,18,56.6,152,Unhealthy,35.0,UG/M3,1 Hr,Valid
Phora Durbar Kathmandu,PM2.5 - Principal,2024-03-18 07:00 PM,2024,03,18,19,82.8,170,Unhealthy,109.0,UG/M3,1 Hr,Valid
Phora Durbar Kathmandu,PM2.5 - Principal,2024-03-18 08:00 PM,2024,03,18,20,96.9,180,Unhealthy,111.0,UG/M3,1 Hr,Valid
Phora Durbar Kathmandu,PM2.5 - Principal,2024-03-18 09:00 PM,2024,03,18,21,111.9,191,Unhealthy,127.0,UG/M3,1 Hr,Valid
Phora Durbar Kathmandu,PM2.5 - Principal,2024-03-18 10:00 PM,2024,03,18,22,121.9,198,Unhealthy,132.0,UG/M3,1 Hr,Valid
Phora Durbar Kathmandu,PM2.5 - Principal,2024-03-18 11:00 PM,2024,03,18,23,141.9,217,Very Unhealthy,162.0,UG/M3,1 Hr,Valid
Phora Durbar Kathmandu,PM2.5 - Principal,2024-03-19 12:00 AM,2024,03,19,00,123.0,198,Unhealthy,104.0,UG/M3,1 Hr,Valid
Phora Durbar Kathmandu,PM2.5 - Principal,2024-03-19 01:00 AM,2024,03,19,01,125.0,200,Unhealthy,127.0,UG/M3,1 Hr,Valid
Phora Durbar Kathmandu,PM2.5 - Principal,2024-03-19 02:00 AM,2024,03,19,02,123.0,198,Unhealthy,121.0,UG/M3,1 Hr,Valid
Phora Durbar Kathmandu,PM2.5 - Principal,2024-03-19 03:00 AM,2024,03,19,03,117.0,194,Unhealthy,111.0,UG/M3,1 Hr,Valid
Phora Durbar Kathmandu,PM2.5 - Principal,2024-03-19 04:00 AM,2024,03,19,04,117.0,194,Unhealthy,117.0,UG/M3,1 Hr,Valid
Phora Durbar Kathmandu,PM2.5 - Principal,2024-03-19 05:00 AM,2024,03,19,05,123.0,198,Unhealthy,129.0,UG/M3,1 Hr,Valid
Phora Durbar Kathmandu,PM2.5 - Principal,2024-03-19 06:00 AM,2024,03,19,06,124.7,200,Unhealthy,129.0,UG/M3,1 Hr,Valid
Phora Durbar Kathmandu,PM2.5 - Principal,2024-03-19 07:00 AM,2024,03,19,07,137.0,212,Very Unhealthy,159.0,UG/M3,1 Hr,Valid
Phora Durbar Kathmandu,PM2.5 - Principal,2024-03-19 08:00 AM,2024,03,19,08,160.4,236,Very Unhealthy,186.0,UG/M3,1 Hr,Valid
Phora Durbar Kathmandu,PM2.5 - Principal,2024-03-19 09:00 AM,2024,03,19,09,158.5,234,Very Unhealthy,156.0,UG/M3,1 Hr,Valid
Phora Durbar Kathmandu,PM2.5 - Principal,2024-03-19 10:00 AM,2024,03,19,10,150.7,226,Very Unhealthy,141.0,UG/M3,1 Hr,Valid
Phora Durbar Kathmandu,PM2.5 - Principal,2024-03-19 11:00 AM,2024,03,19,11,144.7,220,Very Unhealthy,137.0,UG/M3,1 Hr,Valid
Phora Durbar Kathmandu,PM2.5 - Principal,2024-03-19 12:00 PM,2024,03,19,12,108.3,188,Unhealthy,73.0,UG/M3,1 Hr,Valid
Phora Durbar Kathmandu,PM2.5 - Principal,2024-03-19 01:00 PM,2024,03,19,13,62.6,156,Unhealthy,17.0,UG/M3,1 Hr,Valid
Phora Durbar Kathmandu,PM2.5 - Principal,2024-03-19 02:00 PM,2024,03,19,14,43.3,120,Unhealthy for Sensitive Groups,24.0,UG/M3,1 Hr,Valid
Phora Durbar Kathmandu,PM2.5 - Principal,2024-03-19 03:00 PM,2024,03,19,15,47.1,130,Unhealthy for Sensitive Groups,51.0,UG/M3,1 Hr,Valid
Phora Durbar Kathmandu,PM2.5 - Principal,2024-03-19 04:00 PM,2024,03,19,16,49.5,135,Unhealthy for Sensitive Groups,52.0,UG/M3,1 Hr,Valid
Phora Durbar Kathmandu,PM2.5 - Principal,2024-03-19 05:00 PM,2024,03,19,17,49.2,135,Unhealthy for Sensitive Groups,49.0,UG/M3,1 Hr,Valid
Phora Durbar Kathmandu,PM2.5 - Principal,2024-03-19 06:00 PM,2024,03,19,18,68.6,160,Unhealthy,88.0,UG/M3,1 Hr,Valid
Phora Durbar Kathmandu,PM2.5 - Principal,2024-03-19 07:00 PM,2024,03,19,19,71.3,162,Unhealthy,74.0,UG/M3,1 Hr,Valid
Phora Durbar Kathmandu,PM2.5 - Principal,2024-03-19 08:00 PM,2024,03,19,20,84.6,171,Unhealthy,98.0,UG/M3,1 Hr,Valid
Phora Durbar Kathmandu,PM2.5 - Principal,2024-03-19 09:00 PM,2024,03,19,21,91.8,176,Unhealthy,99.0,UG/M3,1 Hr,Valid
Phora Durbar Kathmandu,PM2.5 - Principal,2024-03-19 10:00 PM,2024,03,19,22,92.9,177,Unhealthy,94.0,UG/M3,1 Hr,Valid
Phora Durbar Kathmandu,PM2.5 - Principal,2024-03-19 11:00 PM,2024,03,19,23,115.4,193,Unhealthy,138.0,UG/M3,1 Hr,Valid
Phora Durbar Kathmandu,PM2.5 - Principal,2024-03-20 12:00 AM,2024,03,20,00,111.7,190,Unhealthy,108.0,UG/M3,1 Hr,Valid
Phora Durbar Kathmandu,PM2.5 - Principal,2024-03-20 01:00 AM,2024,03,20,01,119.8,196,Unhealthy,128.0,UG/M3,1 Hr,Valid
Phora Durbar Kathmandu,PM2.5 - Principal,2024-03-20 02:00 AM,2024,03,20,02,87.4,173,Unhealthy,55.0,UG/M3,1 Hr,Valid
Phora Durbar Kathmandu,PM2.5 - Principal,2024-03-20 03:00 AM,2024,03,20,03,112.7,191,Unhealthy,138.0,UG/M3,1 Hr,Valid
Phora Durbar Kathmandu,PM2.5 - Principal,2024-03-20 04:00 AM,2024,03,20,04,134.3,210,Very Unhealthy,156.0,UG/M3,1 Hr,Valid
Phora Durbar Kathmandu,PM2.5 - Principal,2024-03-20 05:00 AM,2024,03,20,05,130.6,206,Very Unhealthy,127.0,UG/M3,1 Hr,Valid
Phora Durbar Kathmandu,PM2.5 - Principal,2024-03-20 06:00 AM,2024,03,20,06,129.8,205,Very Unhealthy,129.0,UG/M3,1 Hr,Valid
Phora Durbar Kathmandu,PM2.5 - Principal,2024-03-20 07:00 AM,2024,03,20,07,121.4,197,Unhealthy,113.0,UG/M3,1 Hr,Valid
Phora Durbar Kathmandu,PM2.5 - Principal,2024-03-20 08:00 AM,2024,03,20,08,160.7,236,Very Unhealthy,200.0,UG/M3,1 Hr,Valid
Phora Durbar Kathmandu,PM2.5 - Principal,2024-03-20 09:00 AM,2024,03,20,09,156.8,232,Very Unhealthy,153.0,UG/M3,1 Hr,Valid
Phora Durbar Kathmandu,PM2.5 - Principal,2024-03-20 10:00 AM,2024,03,20,10,145.9,221,Very Unhealthy,135.0,UG/M3,1 Hr,Valid
Phora Durbar Kathmandu,PM2.5 - Principal,2024-03-20 11:00 AM,2024,03,20,11,165.9,241,Very Unhealthy,186.0,UG/M3,1 Hr,Valid
Phora Durbar Kathmandu,PM2.5 - Principal,2024-03-20 12:00 PM,2024,03,20,12,146.9,222,Very Unhealthy,128.0,UG/M3,1 Hr,Valid
Phora Durbar Kathmandu,PM2.5 - Principal,2024-03-20 01:00 PM,2024,03,20,13,127.9,203,Very Unhealthy,109.0,UG/M3,1 Hr,Valid
Phora Durbar Kathmandu,PM2.5 - Principal,2024-03-20 02:00 PM,2024,03,20,14,91.9,177,Unhealthy,56.0,UG/M3,1 Hr,Valid
Phora Durbar Kathmandu,PM2.5 - Principal,2024-03-20 03:00 PM,2024,03,20,15,91.9,177,Unhealthy,92.0,UG/M3,1 Hr,Valid
Phora Durbar Kathmandu,PM2.5 - Principal,2024-03-20 04:00 PM,2024,03,20,16,81.4,169,Unhealthy,71.0,UG/M3,1 Hr,Valid
Phora Durbar Kathmandu,PM2.5 - Principal,2024-03-20 05:00 PM,2024,03,20,17,88.7,174,Unhealthy,96.0,UG/M3,1 Hr,Valid
Phora Durbar Kathmandu,PM2.5 - Principal,2024-03-20 06:00 PM,2024,03,20,18,100.8,183,Unhealthy,113.0,UG/M3,1 Hr,Valid
Phora Durbar Kathmandu,PM2.5 - Principal,2024-03-20 07:00 PM,2024,03,20,19,114.4,192,Unhealthy,128.0,UG/M3,1 Hr,Valid
Phora Durbar Kathmandu,PM2.5 - Principal,2024-03-20 08:00 PM,2024,03,20,20,107.2,187,Unhealthy,100.0,UG/M3,1 Hr,Valid
Phora Durbar Kathmandu,PM2.5 - Principal,2024-03-20 09:00 PM,2024,03,20,21,97.5,180,Unhealthy,88.0,UG/M3,1 Hr,Valid
Phora Durbar Kathmandu,PM2.5 - Principal,2024-03-20 10:00 PM,2024,03,20,22,109.7,189,Unhealthy,122.0,UG/M3,1 Hr,Valid
Phora Durbar Kathmandu,PM2.5 - Principal,2024-03-20 11:00 PM,2024,03,20,23,107.3,187,Unhealthy,105.0,UG/M3,1 Hr,Valid
Phora Durbar Kathmandu,PM2.5 - Principal,2024-03-21 12:00 AM,2024,03,21,00,104.1,185,Unhealthy,101.0,UG/M3,1 Hr,Valid
Phora Durbar Kathmandu,PM2.5 - Principal,2024-03-21 01:00 AM,2024,03,21,01,108.0,188,Unhealthy,112.0,UG/M3,1 Hr,Valid
Phora Durbar Kathmandu,PM2.5 - Principal,2024-03-21 02:00 AM,2024,03,21,02,110.1,189,Unhealthy,113.0,UG/M3,1 Hr,Valid
Phora Durbar Kathmandu,PM2.5 - Principal,2024-03-21 03:00 AM,2024,03,21,03,110.5,190,Unhealthy,111.0,UG/M3,1 Hr,Valid
Phora Durbar Kathmandu,PM2.5 - Principal,2024-03-21 04:00 AM,2024,03,21,04,117.8,195,Unhealthy,133.0,UG/M3,1 Hr,Valid
Phora Durbar Kathmandu,PM2.5 - Principal,2024-03-21 05:00 AM,2024,03,21,05,130.5,206,Very Unhealthy,147.0,UG/M3,1 Hr,Valid
Phora Durbar Kathmandu,PM2.5 - Principal,2024-03-21 06:00 AM,2024,03,21,06,123.9,199,Unhealthy,114.0,UG/M3,1 Hr,Valid
Phora Durbar Kathmandu,PM2.5 - Principal,2024-03-21 07:00 AM,2024,03,21,07,106.8,187,Unhealthy,84.0,UG/M3,1 Hr,Valid
Phora Durbar Kathmandu,PM2.5 - Principal,2024-03-21 08:00 AM,2024,03,21,08,127.2,203,Very Unhealthy,153.0,UG/M3,1 Hr,Valid
Phora Durbar Kathmandu,PM2.5 - Principal,2024-03-21 09:00 AM,2024,03,21,09,74.2,164,Unhealthy,20.0,UG/M3,1 Hr,Valid
Phora Durbar Kathmandu,PM2.5 - Principal,2024-03-21 10:00 AM,2024,03,21,10,68.6,160,Unhealthy,63.0,UG/M3,1 Hr,Valid
Phora Durbar Kathmandu,PM2.5 - Principal,2024-03-21 11:00 AM,2024,03,21,11,83.8,171,Unhealthy,99.0,UG/M3,1 Hr,Valid
Phora Durbar Kathmandu,PM2.5 - Principal,2024-03-21 12:00 PM,2024,03,21,12,81.9,170,Unhealthy,80.0,UG/M3,1 Hr,Valid
Phora Durbar Kathmandu,PM2.5 - Principal,2024-03-21 01:00 PM,2024,03,21,13,57.4,152,Unhealthy,33.0,UG/M3,1 Hr,Valid
Phora Durbar Kathmandu,PM2.5 - Principal,2024-03-21 02:00 PM,2024,03,21,14,85.7,172,Unhealthy,114.0,UG/M3,1 Hr,Valid
Phora Durbar Kathmandu,PM2.5 - Principal,2024-03-21 03:00 PM,2024,03,21,15,92.8,177,Unhealthy,100.0,UG/M3,1 Hr,Valid
Phora Durbar Kathmandu,PM2.5 - Principal,2024-03-21 04:00 PM,2024,03,21,16,93.4,178,Unhealthy,94.0,UG/M3,1 Hr,Valid
Phora Durbar Kathmandu,PM2.5 - Principal,2024-03-21 05:00 PM,2024,03,21,17,107.2,187,Unhealthy,121.0,UG/M3,1 Hr,Valid
Phora Durbar Kathmandu,PM2.5 - Principal,2024-03-21 06:00 PM,2024,03,21,18,120.1,196,Unhealthy,133.0,UG/M3,1 Hr,Valid
Phora Durbar Kathmandu,PM2.5 - Principal,2024-03-21 07:00 PM,2024,03,21,19,124.5,199,Unhealthy,129.0,UG/M3,1 Hr,Valid
Phora Durbar Kathmandu,PM2.5 - Principal,2024-03-21 08:00 PM,2024,03,21,20,116.2,194,Unhealthy,108.0,UG/M3,1 Hr,Valid
Phora Durbar Kathmandu,PM2.5 - Principal,2024-03-21 09:00 PM,2024,03,21,21,121.1,197,Unhealthy,126.0,UG/M3,1 Hr,Valid
Phora Durbar Kathmandu,PM2.5 - Principal,2024-03-21 10:00 PM,2024,03,21,22,143.5,219,Very Unhealthy,166.0,UG/M3,1 Hr,Valid
Phora Durbar Kathmandu,PM2.5 - Principal,2024-03-21 11:00 PM,2024,03,21,23,129.7,205,Very Unhealthy,116.0,UG/M3,1 Hr,Valid
Phora Durbar Kathmandu,PM2.5 - Principal,2024-03-22 12:00 AM,2024,03,22,00,115.4,193,Unhealthy,101.0,UG/M3,1 Hr,Valid
Phora Durbar Kathmandu,PM2.5 - Principal,2024-03-22 01:00 AM,2024,03,22,01,119.8,196,Unhealthy,123.0,UG/M3,1 Hr,Valid
Phora Durbar Kathmandu,PM2.5 - Principal,2024-03-22 02:00 AM,2024,03,22,02,88.5,174,Unhealthy,58.0,UG/M3,1 Hr,Valid
Phora Durbar Kathmandu,PM2.5 - Principal,2024-03-22 03:00 AM,2024,03,22,03,103.3,185,Unhealthy,118.0,UG/M3,1 Hr,Valid
Phora Durbar Kathmandu,PM2.5 - Principal,2024-03-22 04:00 AM,2024,03,22,04,99.6,182,Unhealthy,96.0,UG/M3,1 Hr,Valid
Phora Durbar Kathmandu,PM2.5 - Principal,2024-03-22 05:00 AM,2024,03,22,05,91.8,176,Unhealthy,84.0,UG/M3,1 Hr,Valid
Phora Durbar Kathmandu,PM2.5 - Principal,2024-03-22 06:00 AM,2024,03,22,06,123.9,199,Unhealthy,156.0,UG/M3,1 Hr,Valid
Phora Durbar Kathmandu,PM2.5 - Principal,2024-03-22 07:00 AM,2024,03,22,07,131.9,207,Very Unhealthy,140.0,UG/M3,1 Hr,Valid
Phora Durbar Kathmandu,PM2.5 - Principal,2024-03-22 08:00 AM,2024,03,22,08,131.9,207,Very Unhealthy,-4.0,UG/M3,1 Hr,Invalid
Phora Durbar Kathmandu,PM2.5 - Principal,2024-03-22 09:00 AM,2024,03,22,09,91.3,176,Unhealthy,71.0,UG/M3,1 Hr,Valid
Phora Durbar Kathmandu,PM2.5 - Principal,2024-03-22 10:00 AM,2024,03,22,10,107.6,188,Unhealthy,120.0,UG/M3,1 Hr,Valid
Phora Durbar Kathmandu,PM2.5 - Principal,2024-03-22 11:00 AM,2024,03,22,11,72.1,163,Unhealthy,41.0,UG/M3,1 Hr,Valid
Phora Durbar Kathmandu,PM2.5 - Principal,2024-03-22 12:00 PM,2024,03,22,12,61.2,155,Unhealthy,51.0,UG/M3,1 Hr,Valid
Phora Durbar Kathmandu,PM2.5 - Principal,2024-03-22 01:00 PM,2024,03,22,13,49.9,136,Unhealthy for Sensitive Groups,39.0,UG/M3,1 Hr,Valid
Phora Durbar Kathmandu,PM2.5 - Principal,2024-03-22 02:00 PM,2024,03,22,14,46.4,128,Unhealthy for Sensitive Groups,43.0,UG/M3,1 Hr,Valid
Phora Durbar Kathmandu,PM2.5 - Principal,2024-03-22 03:00 PM,2024,03,22,15,41.6,116,Unhealthy for Sensitive Groups,37.0,UG/M3,1 Hr,Valid
Phora Durbar Kathmandu,PM2.5 - Principal,2024-03-22 04:00 PM,2024,03,22,16,49.3,135,Unhealthy for Sensitive Groups,57.0,UG/M3,1 Hr,Valid
Phora Durbar Kathmandu,PM2.5 - Principal,2024-03-22 05:00 PM,2024,03,22,17,52.1,142,Unhealthy for Sensitive Groups,55.0,UG/M3,1 Hr,Valid
Phora Durbar Kathmandu,PM2.5 - Principal,2024-03-22 06:00 PM,2024,03,22,18,44.5,123,Unhealthy for Sensitive Groups,37.0,UG/M3,1 Hr,Valid
Phora Durbar Kathmandu,PM2.5 - Principal,2024-03-22 07:00 PM,2024,03,22,19,46.2,127,Unhealthy for Sensitive Groups,48.0,UG/M3,1 Hr,Valid
Phora Durbar Kathmandu,PM2.5 - Principal,2024-03-22 08:00 PM,2024,03,22,20,45.1,125,Unhealthy for Sensitive Groups,44.0,UG/M3,1 Hr,Valid
Phora Durbar Kathmandu,PM2.5 - Principal,2024-03-22 09:00 PM,2024,03,22,21,53.0,144,Unhealthy for Sensitive Groups,61.0,UG/M3,1 Hr,Valid
Phora Durbar Kathmandu,PM2.5 - Principal,2024-03-22 10:00 PM,2024,03,22,22,56.4,152,Unhealthy,63.0,UG/M3,1 Hr,Valid
Phora Durbar Kathmandu,PM2.5 - Principal,2024-03-22 11:00 PM,2024,03,22,23,57.5,152,Unhealthy,59.0,UG/M3,1 Hr,Valid
Phora Durbar Kathmandu,PM2.5 - Principal,2024-03-23 12:00 AM,2024,03,23,00,39.2,110,Unhealthy for Sensitive Groups,20.0,UG/M3,1 Hr,Valid
Phora Durbar Kathmandu,PM2.5 - Principal,2024-03-23 01:00 AM,2024,03,23,01,52.1,142,Unhealthy for Sensitive Groups,65.0,UG/M3,1 Hr,Valid
Phora Durbar Kathmandu,PM2.5 - Principal,2024-03-23 02:00 AM,2024,03,23,02,58.0,153,Unhealthy,64.0,UG/M3,1 Hr,Valid
Phora Durbar Kathmandu,PM2.5 - Principal,2024-03-23 03:00 AM,2024,03,23,03,64.5,157,Unhealthy,71.0,UG/M3,1 Hr,Valid
Phora Durbar Kathmandu,PM2.5 - Principal,2024-03-23 04:00 AM,2024,03,23,04,36.2,103,Unhealthy for Sensitive Groups,8.0,UG/M3,1 Hr,Valid
Phora Durbar Kathmandu,PM2.5 - Principal,2024-03-23 05:00 AM,2024,03,23,05,42.6,118,Unhealthy for Sensitive Groups,49.0,UG/M3,1 Hr,Valid
Phora Durbar Kathmandu,PM2.5 - Principal,2024-03-23 06:00 AM,2024,03,23,06,45.3,125,Unhealthy for Sensitive Groups,48.0,UG/M3,1 Hr,Valid
Phora Durbar Kathmandu,PM2.5 - Principal,2024-03-23 07:00 AM,2024,03,23,07,42.6,118,Unhealthy for Sensitive Groups,40.0,UG/M3,1 Hr,Valid
Phora Durbar Kathmandu,PM2.5 - Principal,2024-03-23 08:00 AM,2024,03,23,08,40.8,114,Unhealthy for Sensitive Groups,39.0,UG/M3,1 Hr,Valid
Phora Durbar Kathmandu,PM2.5 - Principal,2024-03-23 09:00 AM,2024,03,23,09,39.9,112,Unhealthy for Sensitive Groups,39.0,UG/M3,1 Hr,Valid
Phora Durbar Kathmandu,PM2.5 - Principal,2024-03-23 10:00 AM,2024,03,23,10,59.9,154,Unhealthy,80.0,UG/M3,1 Hr,Valid
Phora Durbar Kathmandu,PM2.5 - Principal,2024-03-23 11:00 AM,2024,03,23,11,57.4,152,Unhealthy,55.0,UG/M3,1 Hr,Valid
Phora Durbar Kathmandu,PM2.5 - Principal,2024-03-23 12:00 PM,2024,03,23,12,57.4,152,Unhealthy,-5.0,UG/M3,1 Hr,Invalid
Phora Durbar Kathmandu,PM2.5 - Principal,2024-03-23 01:00 PM,2024,03,23,13,25.8,82,Moderate,10.0,UG/M3,1 Hr,Valid
Phora Durbar Kathmandu,PM2.5 - Principal,2024-03-23 02:00 PM,2024,03,23,14,53.3,145,Unhealthy for Sensitive Groups,74.0,UG/M3,1 Hr,Valid
Phora Durbar Kathmandu,PM2.5 - Principal,2024-03-23 03:00 PM,2024,03,23,15,26.4,83,Moderate,3.0,UG/M3,1 Hr,Valid
Phora Durbar Kathmandu,PM2.5 - Principal,2024-03-23 04:00 PM,2024,03,23,16,34.4,98,Moderate,42.0,UG/M3,1 Hr,Valid
Phora Durbar Kathmandu,PM2.5 - Principal,2024-03-23 05:00 PM,2024,03,23,17,42.3,118,Unhealthy for Sensitive Groups,50.0,UG/M3,1 Hr,Valid
Phora Durbar Kathmandu,PM2.5 - Principal,2024-03-23 06:00 PM,2024,03,23,18,51.2,140,Unhealthy for Sensitive Groups,60.0,UG/M3,1 Hr,Valid
Phora Durbar Kathmandu,PM2.5 - Principal,2024-03-23 07:00 PM,2024,03,23,19,51.6,141,Unhealthy for Sensitive Groups,52.0,UG/M3,1 Hr,Valid
Phora Durbar Kathmandu,PM2.5 - Principal,2024-03-23 08:00 PM,2024,03,23,20,68.8,160,Unhealthy,86.0,UG/M3,1 Hr,Valid
Phora Durbar Kathmandu,PM2.5 - Principal,2024-03-23 09:00 PM,2024,03,23,21,72.9,163,Unhealthy,77.0,UG/M3,1 Hr,Valid
Phora Durbar Kathmandu,PM2.5 - Principal,2024-03-23 10:00 PM,2024,03,23,22,78.9,167,Unhealthy,85.0,UG/M3,1 Hr,Valid
Phora Durbar Kathmandu,PM2.5 - Principal,2024-03-23 11:00 PM,2024,03,23,23,90.4,175,Unhealthy,102.0,UG/M3,1 Hr,Valid
Phora Durbar Kathmandu,PM2.5 - Principal,2024-03-24 12:00 AM,2024,03,24,00,87.7,174,Unhealthy,85.0,UG/M3,1 Hr,Valid
Phora Durbar Kathmandu,PM2.5 - Principal,2024-03-24 01:00 AM,2024,03,24,01,83.8,171,Unhealthy,80.0,UG/M3,1 Hr,Valid
Phora Durbar Kathmandu,PM2.5 - Principal,2024-03-24 02:00 AM,2024,03,24,02,118.4,195,Unhealthy,153.0,UG/M3,1 Hr,Valid
Phora Durbar Kathmandu,PM2.5 - Principal,2024-03-24 03:00 AM,2024,03,24,03,107.7,188,Unhealthy,97.0,UG/M3,1 Hr,Valid
Phora Durbar Kathmandu,PM2.5 - Principal,2024-03-24 04:00 AM,2024,03,24,04,95.8,179,Unhealthy,84.0,UG/M3,1 Hr,Valid
Phora Durbar Kathmandu,PM2.5 - Principal,2024-03-24 05:00 AM,2024,03,24,05,86.9,173,Unhealthy,78.0,UG/M3,1 Hr,Valid
Phora Durbar Kathmandu,PM2.5 - Principal,2024-03-24 06:00 AM,2024,03,24,06,80.4,168,Unhealthy,74.0,UG/M3,1 Hr,Valid
Phora Durbar Kathmandu,PM2.5 - Principal,2024-03-24 07:00 AM,2024,03,24,07,73.7,164,Unhealthy,67.0,UG/M3,1 Hr,Valid
Phora Durbar Kathmandu,PM2.5 - Principal,2024-03-24 08:00 AM,2024,03,24,08,83.3,170,Unhealthy,93.0,UG/M3,1 Hr,Valid
Phora Durbar Kathmandu,PM2.5 - Principal,2024-03-24 09:00 AM,2024,03,24,09,100.1,182,Unhealthy,117.0,UG/M3,1 Hr,Valid
Phora Durbar Kathmandu,PM2.5 - Principal,2024-03-24 10:00 AM,2024,03,24,10,98.5,181,Unhealthy,97.0,UG/M3,1 Hr,Valid
Phora Durbar Kathmandu,PM2.5 - Principal,2024-03-24 11:00 AM,2024,03,24,11,90.7,176,Unhealthy,83.0,UG/M3,1 Hr,Valid
Phora Durbar Kathmandu,PM2.5 - Principal,2024-03-24 12:00 PM,2024,03,24,12,93.8,178,Unhealthy,97.0,UG/M3,1 Hr,Valid
Phora Durbar Kathmandu,PM2.5 - Principal,2024-03-24 01:00 PM,2024,03,24,13,79.9,168,Unhealthy,66.0,UG/M3,1 Hr,Valid
Phora Durbar Kathmandu,PM2.5 - Principal,2024-03-24 02:00 PM,2024,03,24,14,74.0,164,Unhealthy,65.0,UG/M3,1 Hr,Valid
Phora Durbar Kathmandu,PM2.5 - Principal,2024-03-24 03:00 PM,2024,03,24,15,66.5,159,Unhealthy,60.0,UG/M3,1 Hr,Valid
Phora Durbar Kathmandu,PM2.5 - Principal,2024-03-24 04:00 PM,2024,03,24,16,69.2,161,Unhealthy,72.0,UG/M3,1 Hr,Valid
Phora Durbar Kathmandu,PM2.5 - Principal,2024-03-24 05:00 PM,2024,03,24,17,72.0,163,Unhealthy,75.0,UG/M3,1 Hr,Valid
Phora Durbar Kathmandu,PM2.5 - Principal,2024-03-24 06:00 PM,2024,03,24,18,68.1,160,Unhealthy,64.0,UG/M3,1 Hr,Valid
Phora Durbar Kathmandu,PM2.5 - Principal,2024-03-24 07:00 PM,2024,03,24,19,74.8,165,Unhealthy,82.0,UG/M3,1 Hr,Valid
Phora Durbar Kathmandu,PM2.5 - Principal,2024-03-24 08:00 PM,2024,03,24,20,88.5,174,Unhealthy,103.0,UG/M3,1 Hr,Valid
Phora Durbar Kathmandu,PM2.5 - Principal,2024-03-24 09:00 PM,2024,03,24,21,86.9,173,Unhealthy,88.0,UG/M3,1 Hr,Valid
Phora Durbar Kathmandu,PM2.5 - Principal,2024-03-24 10:00 PM,2024,03,24,22,85.7,172,Unhealthy,84.0,UG/M3,1 Hr,Valid
Phora Durbar Kathmandu,PM2.5 - Principal,2024-03-24 11:00 PM,2024,03,24,23,92.1,177,Unhealthy,101.0,UG/M3,1 Hr,Valid
Phora Durbar Kathmandu,PM2.5 - Principal,2024-03-25 12:00 AM,2024,03,25,00,89.5,175,Unhealthy,86.0,UG/M3,1 Hr,Valid
Phora Durbar Kathmandu,PM2.5 - Principal,2024-03-25 01:00 AM,2024,03,25,01,90.5,176,Unhealthy,92.0,UG/M3,1 Hr,Valid
Phora Durbar Kathmandu,PM2.5 - Principal,2024-03-25 02:00 AM,2024,03,25,02,110.9,190,Unhealthy,131.0,UG/M3,1 Hr,Valid
Phora Durbar Kathmandu,PM2.5 - Principal,2024-03-25 03:00 AM,2024,03,25,03,101.9,184,Unhealthy,93.0,UG/M3,1 Hr,Valid
Phora Durbar Kathmandu,PM2.5 - Principal,2024-03-25 04:00 AM,2024,03,25,04,95.9,179,Unhealthy,90.0,UG/M3,1 Hr,Valid
Phora Durbar Kathmandu,PM2.5 - Principal,2024-03-25 05:00 AM,2024,03,25,05,97.5,180,Unhealthy,99.0,UG/M3,1 Hr,Valid
Phora Durbar Kathmandu,PM2.5 - Principal,2024-03-25 06:00 AM,2024,03,25,06,95.6,179,Unhealthy,92.0,UG/M3,1 Hr,Valid
Phora Durbar Kathmandu,PM2.5 - Principal,2024-03-25 07:00 AM,2024,03,25,07,118.6,195,Unhealthy,149.0,UG/M3,1 Hr,Valid
Phora Durbar Kathmandu,PM2.5 - Principal,2024-03-25 08:00 AM,2024,03,25,08,117.5,194,Unhealthy,116.0,UG/M3,1 Hr,Valid
Phora Durbar Kathmandu,PM2.5 - Principal,2024-03-25 09:00 AM,2024,03,25,09,112.5,191,Unhealthy,106.0,UG/M3,1 Hr,Valid
Phora Durbar Kathmandu,PM2.5 - Principal,2024-03-25 10:00 AM,2024,03,25,10,90.7,176,Unhealthy,69.0,UG/M3,1 Hr,Valid
Phora Durbar Kathmandu,PM2.5 - Principal,2024-03-25 11:00 AM,2024,03,25,11,68.8,160,Unhealthy,47.0,UG/M3,1 Hr,Valid
Phora Durbar Kathmandu,PM2.5 - Principal,2024-03-25 12:00 PM,2024,03,25,12,59.9,154,Unhealthy,51.0,UG/M3,1 Hr,Valid
Phora Durbar Kathmandu,PM2.5 - Principal,2024-03-25 01:00 PM,2024,03,25,13,50.9,139,Unhealthy for Sensitive Groups,42.0,UG/M3,1 Hr,Valid
Phora Durbar Kathmandu,PM2.5 - Principal,2024-03-25 02:00 PM,2024,03,25,14,49.4,135,Unhealthy for Sensitive Groups,48.0,UG/M3,1 Hr,Valid
Phora Durbar Kathmandu,PM2.5 - Principal,2024-03-25 03:00 PM,2024,03,25,15,46.2,127,Unhealthy for Sensitive Groups,43.0,UG/M3,1 Hr,Valid
Phora Durbar Kathmandu,PM2.5 - Principal,2024-03-25 04:00 PM,2024,03,25,16,33.6,97,Moderate,21.0,UG/M3,1 Hr,Valid
Phora Durbar Kathmandu,PM2.5 - Principal,2024-03-25 05:00 PM,2024,03,25,17,53.7,146,Unhealthy for Sensitive Groups,74.0,UG/M3,1 Hr,Valid
Phora Durbar Kathmandu,PM2.5 - Principal,2024-03-25 06:00 PM,2024,03,25,18,57.3,152,Unhealthy,61.0,UG/M3,1 Hr,Valid
Phora Durbar Kathmandu,PM2.5 - Principal,2024-03-25 07:00 PM,2024,03,25,19,30.6,91,Moderate,4.0,UG/M3,1 Hr,Valid
Phora Durbar Kathmandu,PM2.5 - Principal,2024-03-25 08:00 PM,2024,03,25,20,61.8,155,Unhealthy,93.0,UG/M3,1 Hr,Valid
Phora Durbar Kathmandu,PM2.5 - Principal,2024-03-25 09:00 PM,2024,03,25,21,78.9,167,Unhealthy,96.0,UG/M3,1 Hr,Valid
Phora Durbar Kathmandu,PM2.5 - Principal,2024-03-25 10:00 PM,2024,03,25,22,75.9,165,Unhealthy,73.0,UG/M3,1 Hr,Valid
Phora Durbar Kathmandu,PM2.5 - Principal,2024-03-25 11:00 PM,2024,03,25,23,67.9,160,Unhealthy,60.0,UG/M3,1 Hr,Valid
Phora Durbar Kathmandu,PM2.5 - Principal,2024-03-26 12:00 AM,2024,03,26,00,57.9,153,Unhealthy,48.0,UG/M3,1 Hr,Valid
Phora Durbar Kathmandu,PM2.5 - Principal,2024-03-26 01:00 AM,2024,03,26,01,67.4,159,Unhealthy,77.0,UG/M3,1 Hr,Valid
Phora Durbar Kathmandu,PM2.5 - Principal,2024-03-26 02:00 AM,2024,03,26,02,40.2,113,Unhealthy for Sensitive Groups,13.0,UG/M3,1 Hr,Valid
Phora Durbar Kathmandu,PM2.5 - Principal,2024-03-26 03:00 AM,2024,03,26,03,52.1,142,Unhealthy for Sensitive Groups,64.0,UG/M3,1 Hr,Valid
Phora Durbar Kathmandu,PM2.5 - Principal,2024-03-26 04:00 AM,2024,03,26,04,49.5,135,Unhealthy for Sensitive Groups,47.0,UG/M3,1 Hr,Valid
Phora Durbar Kathmandu,PM2.5 - Principal,2024-03-26 05:00 AM,2024,03,26,05,44.2,122,Unhealthy for Sensitive Groups,39.0,UG/M3,1 Hr,Valid
Phora Durbar Kathmandu,PM2.5 - Principal,2024-03-26 06:00 AM,2024,03,26,06,56.6,152,Unhealthy,69.0,UG/M3,1 Hr,Valid
Phora Durbar Kathmandu,PM2.5 - Principal,2024-03-26 07:00 AM,2024,03,26,07,69.3,161,Unhealthy,82.0,UG/M3,1 Hr,Valid
Phora Durbar Kathmandu,PM2.5 - Principal,2024-03-26 08:00 AM,2024,03,26,08,75.6,165,Unhealthy,82.0,UG/M3,1 Hr,Valid
Phora Durbar Kathmandu,PM2.5 - Principal,2024-03-26 09:00 AM,2024,03,26,09,71.8,162,Unhealthy,68.0,UG/M3,1 Hr,Valid
Phora Durbar Kathmandu,PM2.5 - Principal,2024-03-26 10:00 AM,2024,03,26,10,80.9,169,Unhealthy,90.0,UG/M3,1 Hr,Valid
Phora Durbar Kathmandu,PM2.5 - Principal,2024-03-26 11:00 AM,2024,03,26,11,85.4,172,Unhealthy,90.0,UG/M3,1 Hr,Valid
Phora Durbar Kathmandu,PM2.5 - Principal,2024-03-26 12:00 PM,2024,03,26,12,78.2,167,Unhealthy,71.0,UG/M3,1 Hr,Valid
Phora Durbar Kathmandu,PM2.5 - Principal,2024-03-26 01:00 PM,2024,03,26,13,77.6,166,Unhealthy,77.0,UG/M3,1 Hr,Valid
Phora Durbar Kathmandu,PM2.5 - Principal,2024-03-26 02:00 PM,2024,03,26,14,71.3,162,Unhealthy,65.0,UG/M3,1 Hr,Valid
Phora Durbar Kathmandu,PM2.5 - Principal,2024-03-26 03:00 PM,2024,03,26,15,73.6,164,Unhealthy,76.0,UG/M3,1 Hr,Valid
Phora Durbar Kathmandu,PM2.5 - Principal,2024-03-26 04:00 PM,2024,03,26,16,58.8,153,Unhealthy,44.0,UG/M3,1 Hr,Valid
Phora Durbar Kathmandu,PM2.5 - Principal,2024-03-26 05:00 PM,2024,03,26,17,66.4,159,Unhealthy,74.0,UG/M3,1 Hr,Valid
Phora Durbar Kathmandu,PM2.5 - Principal,2024-03-26 06:00 PM,2024,03,26,18,73.7,164,Unhealthy,81.0,UG/M3,1 Hr,Valid
Phora Durbar Kathmandu,PM2.5 - Principal,2024-03-26 07:00 PM,2024,03,26,19,74.8,165,Unhealthy,76.0,UG/M3,1 Hr,Valid
Phora Durbar Kathmandu,PM2.5 - Principal,2024-03-26 08:00 PM,2024,03,26,20,87.4,173,Unhealthy,100.0,UG/M3,1 Hr,Valid
Phora Durbar Kathmandu,PM2.5 - Principal,2024-03-26 09:00 PM,2024,03,26,21,84.2,171,Unhealthy,81.0,UG/M3,1 Hr,Valid
Phora Durbar Kathmandu,PM2.5 - Principal,2024-03-26 10:00 PM,2024,03,26,22,92.1,177,Unhealthy,100.0,UG/M3,1 Hr,Valid
Phora Durbar Kathmandu,PM2.5 - Principal,2024-03-26 11:00 PM,2024,03,26,23,89.0,174,Unhealthy,86.0,UG/M3,1 Hr,Valid
Phora Durbar Kathmandu,PM2.5 - Principal,2024-03-27 12:00 AM,2024,03,27,00,120.0,196,Unhealthy,151.0,UG/M3,1 Hr,Valid
Phora Durbar Kathmandu,PM2.5 - Principal,2024-03-27 01:00 AM,2024,03,27,01,108.5,188,Unhealthy,97.0,UG/M3,1 Hr,Valid
Phora Durbar Kathmandu,PM2.5 - Principal,2024-03-27 02:00 AM,2024,03,27,02,98.2,181,Unhealthy,88.0,UG/M3,1 Hr,Valid
Phora Durbar Kathmandu,PM2.5 - Principal,2024-03-27 03:00 AM,2024,03,27,03,86.6,173,Unhealthy,75.0,UG/M3,1 Hr,Valid
Phora Durbar Kathmandu,PM2.5 - Principal,2024-03-27 04:00 AM,2024,03,27,04,89.3,175,Unhealthy,92.0,UG/M3,1 Hr,Valid
Phora Durbar Kathmandu,PM2.5 - Principal,2024-03-27 05:00 AM,2024,03,27,05,83.6,171,Unhealthy,78.0,UG/M3,1 Hr,Valid
Phora Durbar Kathmandu,PM2.5 - Principal,2024-03-27 06:00 AM,2024,03,27,06,92.8,177,Unhealthy,102.0,UG/M3,1 Hr,Valid
Phora Durbar Kathmandu,PM2.5 - Principal,2024-03-27 07:00 AM,2024,03,27,07,71.9,162,Unhealthy,51.0,UG/M3,1 Hr,Valid
Phora Durbar Kathmandu,PM2.5 - Principal,2024-03-27 08:00 AM,2024,03,27,08,96.4,180,Unhealthy,121.0,UG/M3,1 Hr,Valid
Phora Durbar Kathmandu,PM2.5 - Principal,2024-03-27 09:00 AM,2024,03,27,09,125.2,200,Unhealthy,154.0,UG/M3,1 Hr,Valid
Phora Durbar Kathmandu,PM2.5 - Principal,2024-03-27 10:00 AM,2024,03,27,10,129.6,205,Very Unhealthy,134.0,UG/M3,1 Hr,Valid
Phora Durbar Kathmandu,PM2.5 - Principal,2024-03-27 11:00 AM,2024,03,27,11,138.3,214,Very Unhealthy,147.0,UG/M3,1 Hr,Valid
Phora Durbar Kathmandu,PM2.5 - Principal,2024-03-27 12:00 PM,2024,03,27,12,116.1,193,Unhealthy,94.0,UG/M3,1 Hr,Valid
Phora Durbar Kathmandu,PM2.5 - Principal,2024-03-27 01:00 PM,2024,03,27,13,116.1,193,Unhealthy,-11.0,UG/M3,1 Hr,Invalid
Phora Durbar Kathmandu,PM2.5 - Principal,2024-03-27 02:00 PM,2024,03,27,14,82.0,170,Unhealthy,65.0,UG/M3,1 Hr,Valid
Phora Durbar Kathmandu,PM2.5 - Principal,2024-03-27 03:00 PM,2024,03,27,15,65.4,158,Unhealthy,53.0,UG/M3,1 Hr,Valid
Phora Durbar Kathmandu,PM2.5 - Principal,2024-03-27 04:00 PM,2024,03,27,16,72.6,163,Unhealthy,79.0,UG/M3,1 Hr,Valid
Phora Durbar Kathmandu,PM2.5 - Principal,2024-03-27 05:00 PM,2024,03,27,17,82.1,170,Unhealthy,91.0,UG/M3,1 Hr,Valid
Phora Durbar Kathmandu,PM2.5 - Principal,2024-03-27 06:00 PM,2024,03,27,18,74.9,165,Unhealthy,68.0,UG/M3,1 Hr,Valid
Phora Durbar Kathmandu,PM2.5 - Principal,2024-03-27 07:00 PM,2024,03,27,19,90.1,175,Unhealthy,105.0,UG/M3,1 Hr,Valid
Phora Durbar Kathmandu,PM2.5 - Principal,2024-03-27 08:00 PM,2024,03,27,20,90.0,175,Unhealthy,90.0,UG/M3,1 Hr,Valid
Phora Durbar Kathmandu,PM2.5 - Principal,2024-03-27 09:00 PM,2024,03,27,21,82.9,170,Unhealthy,76.0,UG/M3,1 Hr,Valid
Phora Durbar Kathmandu,PM2.5 - Principal,2024-03-27 10:00 PM,2024,03,27,22,77.4,166,Unhealthy,72.0,UG/M3,1 Hr,Valid
Phora Durbar Kathmandu,PM2.5 - Principal,2024-03-27 11:00 PM,2024,03,27,23,69.3,161,Unhealthy,61.0,UG/M3,1 Hr,Valid
Phora Durbar Kathmandu,PM2.5 - Principal,2024-03-28 12:00 AM,2024,03,28,00,59.6,154,Unhealthy,50.0,UG/M3,1 Hr,Valid
Phora Durbar Kathmandu,PM2.5 - Principal,2024-03-28 01:00 AM,2024,03,28,01,58.8,153,Unhealthy,58.0,UG/M3,1 Hr,Valid
Phora Durbar Kathmandu,PM2.5 - Principal,2024-03-28 02:00 AM,2024,03,28,02,61.9,155,Unhealthy,65.0,UG/M3,1 Hr,Valid
Phora Durbar Kathmandu,PM2.5 - Principal,2024-03-28 03:00 AM,2024,03,28,03,58.9,153,Unhealthy,56.0,UG/M3,1 Hr,Valid
Phora Durbar Kathmandu,PM2.5 - Principal,2024-03-28 04:00 AM,2024,03,28,04,57.4,152,Unhealthy,56.0,UG/M3,1 Hr,Valid
Phora Durbar Kathmandu,PM2.5 - Principal,2024-03-28 05:00 AM,2024,03,28,05,61.7,155,Unhealthy,66.0,UG/M3,1 Hr,Valid
Phora Durbar Kathmandu,PM2.5 - Principal,2024-03-28 06:00 AM,2024,03,28,06,63.3,156,Unhealthy,65.0,UG/M3,1 Hr,Valid
Phora Durbar Kathmandu,PM2.5 - Principal,2024-03-28 07:00 AM,2024,03,28,07,70.1,161,Unhealthy,79.0,UG/M3,1 Hr,Valid
Phora Durbar Kathmandu,PM2.5 - Principal,2024-03-28 08:00 AM,2024,03,28,08,60.7,155,Unhealthy,48.0,UG/M3,1 Hr,Valid
Phora Durbar Kathmandu,PM2.5 - Principal,2024-03-28 09:00 AM,2024,03,28,09,71.6,162,Unhealthy,86.0,UG/M3,1 Hr,Valid
Phora Durbar Kathmandu,PM2.5 - Principal,2024-03-28 10:00 AM,2024,03,28,10,73.5,164,Unhealthy,76.0,UG/M3,1 Hr,Valid
Phora Durbar Kathmandu,PM2.5 - Principal,2024-03-28 11:00 AM,2024,03,28,11,91.2,176,Unhealthy,108.0,UG/M3,1 Hr,Valid
Phora Durbar Kathmandu,PM2.5 - Principal,2024-03-28 12:00 PM,2024,03,28,12,92.1,177,Unhealthy,93.0,UG/M3,1 Hr,Valid
Phora Durbar Kathmandu,PM2.5 - Principal,2024-03-28 01:00 PM,2024,03,28,13,80.5,169,Unhealthy,69.0,UG/M3,1 Hr,Valid
Phora Durbar Kathmandu,PM2.5 - Principal,2024-03-28 02:00 PM,2024,03,28,14,72.2,163,Unhealthy,64.0,UG/M3,1 Hr,Valid
Phora Durbar Kathmandu,PM2.5 - Principal,2024-03-28 03:00 PM,2024,03,28,15,58.6,153,Unhealthy,45.0,UG/M3,1 Hr,Valid
Phora Durbar Kathmandu,PM2.5 - Principal,2024-03-28 04:00 PM,2024,03,28,16,56.3,152,Unhealthy,54.0,UG/M3,1 Hr,Valid
Phora Durbar Kathmandu,PM2.5 - Principal,2024-03-28 05:00 PM,2024,03,28,17,49.1,134,Unhealthy for Sensitive Groups,42.0,UG/M3,1 Hr,Valid
Phora Durbar Kathmandu,PM2.5 - Principal,2024-03-28 06:00 PM,2024,03,28,18,67.0,159,Unhealthy,85.0,UG/M3,1 Hr,Valid
Phora Durbar Kathmandu,PM2.5 - Principal,2024-03-28 07:00 PM,2024,03,28,19,58.0,153,Unhealthy,49.0,UG/M3,1 Hr,Valid
Phora Durbar Kathmandu,PM2.5 - Principal,2024-03-28 08:00 PM,2024,03,28,20,82.0,170,Unhealthy,106.0,UG/M3,1 Hr,Valid
Phora Durbar Kathmandu,PM2.5 - Principal,2024-03-28 09:00 PM,2024,03,28,21,75.5,165,Unhealthy,69.0,UG/M3,1 Hr,Valid
Phora Durbar Kathmandu,PM2.5 - Principal,2024-03-28 10:00 PM,2024,03,28,22,77.7,167,Unhealthy,80.0,UG/M3,1 Hr,Valid
Phora Durbar Kathmandu,PM2.5 - Principal,2024-03-28 11:00 PM,2024,03,28,23,72.3,163,Unhealthy,67.0,UG/M3,1 Hr,Valid
Phora Durbar Kathmandu,PM2.5 - Principal,2024-03-29 12:00 AM,2024,03,29,00,69.1,161,Unhealthy,66.0,UG/M3,1 Hr,Valid
Phora Durbar Kathmandu,PM2.5 - Principal,2024-03-29 01:00 AM,2024,03,29,01,88.0,174,Unhealthy,107.0,UG/M3,1 Hr,Valid
Phora Durbar Kathmandu,PM2.5 - Principal,2024-03-29 02:00 AM,2024,03,29,02,86.0,172,Unhealthy,84.0,UG/M3,1 Hr,Valid
Phora Durbar Kathmandu,PM2.5 - Principal,2024-03-29 03:00 AM,2024,03,29,03,103.5,185,Unhealthy,121.0,UG/M3,1 Hr,Valid
Phora Durbar Kathmandu,PM2.5 - Principal,2024-03-29 04:00 AM,2024,03,29,04,85.2,172,Unhealthy,67.0,UG/M3,1 Hr,Valid
Phora Durbar Kathmandu,PM2.5 - Principal,2024-03-29 05:00 AM,2024,03,29,05,79.6,168,Unhealthy,74.0,UG/M3,1 Hr,Valid
Phora Durbar Kathmandu,PM2.5 - Principal,2024-03-29 06:00 AM,2024,03,29,06,73.3,163,Unhealthy,67.0,UG/M3,1 Hr,Valid
Phora Durbar Kathmandu,PM2.5 - Principal,2024-03-29 07:00 AM,2024,03,29,07,85.1,172,Unhealthy,98.0,UG/M3,1 Hr,Valid
Phora Durbar Kathmandu,PM2.5 - Principal,2024-03-29 08:00 AM,2024,03,29,08,90.5,176,Unhealthy,97.0,UG/M3,1 Hr,Valid
Phora Durbar Kathmandu,PM2.5 - Principal,2024-03-29 09:00 AM,2024,03,29,09,61.1,155,Unhealthy,31.0,UG/M3,1 Hr,Valid
Phora Durbar Kathmandu,PM2.5 - Principal,2024-03-29 10:00 AM,2024,03,29,10,76.0,165,Unhealthy,91.0,UG/M3,1 Hr,Valid
Phora Durbar Kathmandu,PM2.5 - Principal,2024-03-29 11:00 AM,2024,03,29,11,71.0,162,Unhealthy,66.0,UG/M3,1 Hr,Valid
Phora Durbar Kathmandu,PM2.5 - Principal,2024-03-29 12:00 PM,2024,03,29,12,65.0,158,Unhealthy,59.0,UG/M3,1 Hr,Valid
Phora Durbar Kathmandu,PM2.5 - Principal,2024-03-29 01:00 PM,2024,03,29,13,39.9,112,Unhealthy for Sensitive Groups,15.0,UG/M3,1 Hr,Valid
Phora Durbar Kathmandu,PM2.5 - Principal,2024-03-29 02:00 PM,2024,03,29,14,47.4,130,Unhealthy for Sensitive Groups,55.0,UG/M3,1 Hr,Valid
Phora Durbar Kathmandu,PM2.5 - Principal,2024-03-29 03:00 PM,2024,03,29,15,48.7,134,Unhealthy for Sensitive Groups,50.0,UG/M3,1 Hr,Valid
Phora Durbar Kathmandu,PM2.5 - Principal,2024-03-29 04:00 PM,2024,03,29,16,40.3,113,Unhealthy for Sensitive Groups,32.0,UG/M3,1 Hr,Valid
Phora Durbar Kathmandu,PM2.5 - Principal,2024-03-29 05:00 PM,2024,03,29,17,56.1,151,Unhealthy,72.0,UG/M3,1 Hr,Valid
Phora Durbar Kathmandu,PM2.5 - Principal,2024-03-29 06:00 PM,2024,03,29,18,56.5,152,Unhealthy,57.0,UG/M3,1 Hr,Valid
Phora Durbar Kathmandu,PM2.5 - Principal,2024-03-29 07:00 PM,2024,03,29,19,52.7,143,Unhealthy for Sensitive Groups,49.0,UG/M3,1 Hr,Valid
Phora Durbar Kathmandu,PM2.5 - Principal,2024-03-29 08:00 PM,2024,03,29,20,53.3,145,Unhealthy for Sensitive Groups,54.0,UG/M3,1 Hr,Valid
Phora Durbar Kathmandu,PM2.5 - Principal,2024-03-29 09:00 PM,2024,03,29,21,47.1,130,Unhealthy for Sensitive Groups,41.0,UG/M3,1 Hr,Valid
Phora Durbar Kathmandu,PM2.5 - Principal,2024-03-29 10:00 PM,2024,03,29,22,68.0,160,Unhealthy,89.0,UG/M3,1 Hr,Valid
Phora Durbar Kathmandu,PM2.5 - Principal,2024-03-29 11:00 PM,2024,03,29,23,83.5,171,Unhealthy,99.0,UG/M3,1 Hr,Valid
Phora Durbar Kathmandu,PM2.5 - Principal,2024-03-30 12:00 AM,2024,03,30,00,88.7,174,Unhealthy,94.0,UG/M3,1 Hr,Valid
Phora Durbar Kathmandu,PM2.5 - Principal,2024-03-30 01:00 AM,2024,03,30,01,83.8,171,Unhealthy,79.0,UG/M3,1 Hr,Valid
Phora Durbar Kathmandu,PM2.5 - Principal,2024-03-30 02:00 AM,2024,03,30,02,49.4,135,Unhealthy for Sensitive Groups,15.0,UG/M3,1 Hr,Valid
Phora Durbar Kathmandu,PM2.5 - Principal,2024-03-30 03:00 AM,2024,03,30,03,71.2,162,Unhealthy,93.0,UG/M3,1 Hr,Valid
Phora Durbar Kathmandu,PM2.5 - Principal,2024-03-30 04:00 AM,2024,03,30,04,77.6,166,Unhealthy,84.0,UG/M3,1 Hr,Valid
Phora Durbar Kathmandu,PM2.5 - Principal,2024-03-30 05:00 AM,2024,03,30,05,77.8,167,Unhealthy,78.0,UG/M3,1 Hr,Valid
Phora Durbar Kathmandu,PM2.5 - Principal,2024-03-30 06:00 AM,2024,03,30,06,73.9,164,Unhealthy,70.0,UG/M3,1 Hr,Valid
Phora Durbar Kathmandu,PM2.5 - Principal,2024-03-30 07:00 AM,2024,03,30,07,82.9,170,Unhealthy,92.0,UG/M3,1 Hr,Valid
Phora Durbar Kathmandu,PM2.5 - Principal,2024-03-30 08:00 AM,2024,03,30,08,89.4,175,Unhealthy,96.0,UG/M3,1 Hr,Valid
Phora Durbar Kathmandu,PM2.5 - Principal,2024-03-30 09:00 AM,2024,03,30,09,87.7,174,Unhealthy,86.0,UG/M3,1 Hr,Valid
Phora Durbar Kathmandu,PM2.5 - Principal,2024-03-30 10:00 AM,2024,03,30,10,96.8,180,Unhealthy,106.0,UG/M3,1 Hr,Valid
Phora Durbar Kathmandu,PM2.5 - Principal,2024-03-30 11:00 AM,2024,03,30,11,71.4,162,Unhealthy,46.0,UG/M3,1 Hr,Valid
Phora Durbar Kathmandu,PM2.5 - Principal,2024-03-30 12:00 PM,2024,03,30,12,51.7,141,Unhealthy for Sensitive Groups,32.0,UG/M3,1 Hr,Valid
Phora Durbar Kathmandu,PM2.5 - Principal,2024-03-30 01:00 PM,2024,03,30,13,50.8,139,Unhealthy for Sensitive Groups,50.0,UG/M3,1 Hr,Valid
Phora Durbar Kathmandu,PM2.5 - Principal,2024-03-30 02:00 PM,2024,03,30,14,32.4,94,Moderate,14.0,UG/M3,1 Hr,Valid
Phora Durbar Kathmandu,PM2.5 - Principal,2024-03-30 03:00 PM,2024,03,30,15,21.2,74,Moderate,10.0,UG/M3,1 Hr,Valid
Phora Durbar Kathmandu,PM2.5 - Principal,2024-03-30 04:00 PM,2024,03,30,16,35.0,99,Moderate,49.0,UG/M3,1 Hr,Valid
Phora Durbar Kathmandu,PM2.5 - Principal,2024-03-30 05:00 PM,2024,03,30,17,58.5,153,Unhealthy,82.0,UG/M3,1 Hr,Valid
Phora Durbar Kathmandu,PM2.5 - Principal,2024-03-30 06:00 PM,2024,03,30,18,41.2,115,Unhealthy for Sensitive Groups,24.0,UG/M3,1 Hr,Valid
Phora Durbar Kathmandu,PM2.5 - Principal,2024-03-30 07:00 PM,2024,03,30,19,64.6,157,Unhealthy,88.0,UG/M3,1 Hr,Valid
Phora Durbar Kathmandu,PM2.5 - Principal,2024-03-30 08:00 PM,2024,03,30,20,58.8,153,Unhealthy,53.0,UG/M3,1 Hr,Valid
Phora Durbar Kathmandu,PM2.5 - Principal,2024-03-30 09:00 PM,2024,03,30,21,48.9,134,Unhealthy for Sensitive Groups,39.0,UG/M3,1 Hr,Valid
Phora Durbar Kathmandu,PM2.5 - Principal,2024-03-30 10:00 PM,2024,03,30,22,40.4,113,Unhealthy for Sensitive Groups,32.0,UG/M3,1 Hr,Valid
Phora Durbar Kathmandu,PM2.5 - Principal,2024-03-30 11:00 PM,2024,03,30,23,39.7,111,Unhealthy for Sensitive Groups,39.0,UG/M3,1 Hr,Valid
Phora Durbar Kathmandu,PM2.5 - Principal,2024-03-31 12:00 AM,2024,03,31,00,58.3,153,Unhealthy,77.0,UG/M3,1 Hr,Valid
Phora Durbar Kathmandu,PM2.5 - Principal,2024-03-31 01:00 AM,2024,03,31,01,50.6,138,Unhealthy for Sensitive Groups,43.0,UG/M3,1 Hr,Valid
Phora Durbar Kathmandu,PM2.5 - Principal,2024-03-31 02:00 AM,2024,03,31,02,46.3,128,Unhealthy for Sensitive Groups,42.0,UG/M3,1 Hr,Valid
Phora Durbar Kathmandu,PM2.5 - Principal,2024-03-31 03:00 AM,2024,03,31,03,75.1,165,Unhealthy,104.0,UG/M3,1 Hr,Valid
Phora Durbar Kathmandu,PM2.5 - Principal,2024-03-31 04:00 AM,2024,03,31,04,61.0,155,Unhealthy,47.0,UG/M3,1 Hr,Valid
Phora Durbar Kathmandu,PM2.5 - Principal,2024-03-31 05:00 AM,2024,03,31,05,85.0,172,Unhealthy,109.0,UG/M3,1 Hr,Valid
Phora Durbar Kathmandu,PM2.5 - Principal,2024-03-31 06:00 AM,2024,03,31,06,93.5,178,Unhealthy,102.0,UG/M3,1 Hr,Valid
Phora Durbar Kathmandu,PM2.5 - Principal,2024-03-31 07:00 AM,2024,03,31,07,79.2,168,Unhealthy,65.0,UG/M3,1 Hr,Valid
Phora Durbar Kathmandu,PM2.5 - Principal,2024-03-31 08:00 AM,2024,03,31,08,85.1,172,Unhealthy,91.0,UG/M3,1 Hr,Valid
Phora Durbar Kathmandu,PM2.5 - Principal,2024-03-31 09:00 AM,2024,03,31,09,82.0,170,Unhealthy,79.0,UG/M3,1 Hr,Valid
Phora Durbar Kathmandu,PM2.5 - Principal,2024-03-31 10:00 AM,2024,03,31,10,72.0,163,Unhealthy,62.0,UG/M3,1 Hr,Valid
Phora Durbar Kathmandu,PM2.5 - Principal,2024-03-31 11:00 AM,2024,03,31,11,59.5,154,Unhealthy,47.0,UG/M3,1 Hr,Valid
Phora Durbar Kathmandu,PM2.5 - Principal,2024-03-31 12:00 PM,2024,03,31,12,54.7,148,Unhealthy for Sensitive Groups,50.0,UG/M3,1 Hr,Valid
Phora Durbar Kathmandu,PM2.5 - Principal,2024-03-31 01:00 PM,2024,03,31,13,40.8,114,Unhealthy for Sensitive Groups,27.0,UG/M3,1 Hr,Valid
Phora Durbar Kathmandu,PM2.5 - Principal,2024-03-31 02:00 PM,2024,03,31,14,32.9,95,Moderate,25.0,UG/M3,1 Hr,Valid
Phora Durbar Kathmandu,PM2.5 - Principal,2024-03-31 03:00 PM,2024,03,31,15,30.4,91,Moderate,28.0,UG/M3,1 Hr,Valid
Phora Durbar Kathmandu,PM2.5 - Principal,2024-03-31 04:00 PM,2024,03,31,16,26.2,83,Moderate,22.0,UG/M3,1 Hr,Valid
Phora Durbar Kathmandu,PM2.5 - Principal,2024-03-31 05:00 PM,2024,03,31,17,35.6,101,Unhealthy for Sensitive Groups,45.0,UG/M3,1 Hr,Valid
Phora Durbar Kathmandu,PM2.5 - Principal,2024-03-31 06:00 PM,2024,03,31,18,42.2,117,Unhealthy for Sensitive Groups,49.0,UG/M3,1 Hr,Valid
Phora Durbar Kathmandu,PM2.5 - Principal,2024-03-31 07:00 PM,2024,03,31,19,42.1,117,Unhealthy for Sensitive Groups,42.0,UG/M3,1 Hr,Valid
Phora Durbar Kathmandu,PM2.5 - Principal,2024-03-31 08:00 PM,2024,03,31,20,45.0,124,Unhealthy for Sensitive Groups,48.0,UG/M3,1 Hr,Valid
Phora Durbar Kathmandu,PM2.5 - Principal,2024-03-31 09:00 PM,2024,03,31,21,56.0,151,Unhealthy,67.0,UG/M3,1 Hr,Valid
Phora Durbar Kathmandu,PM2.5 - Principal,2024-03-31 10:00 PM,2024,03,31,22,39.5,111,Unhealthy for Sensitive Groups,23.0,UG/M3,1 Hr,Valid
Phora Durbar Kathmandu,PM2.5 - Principal,2024-03-31 11:00 PM,2024,03,31,23,39.7,111,Unhealthy for Sensitive Groups,40.0,UG/M3,1 Hr,Valid
Phora Durbar Kathmandu,PM2.5 - Principal,2024-04-01 12:00 AM,2024,04,01,00,33.3,96,Moderate,27.0,UG/M3,1 Hr,Valid
Phora Durbar Kathmandu,PM2.5 - Principal,2024-04-01 01:00 AM,2024,04,01,01,40.1,112,Unhealthy for Sensitive Groups,47.0,UG/M3,1 Hr,Valid
Phora Durbar Kathmandu,PM2.5 - Principal,2024-04-01 02:00 AM,2024,04,01,02,41.5,116,Unhealthy for Sensitive Groups,43.0,UG/M3,1 Hr,Valid
Phora Durbar Kathmandu,PM2.5 - Principal,2024-04-01 03:00 AM,2024,04,01,03,38.2,108,Unhealthy for Sensitive Groups,35.0,UG/M3,1 Hr,Valid
Phora Durbar Kathmandu,PM2.5 - Principal,2024-04-01 04:00 AM,2024,04,01,04,45.6,126,Unhealthy for Sensitive Groups,53.0,UG/M3,1 Hr,Valid
Phora Durbar Kathmandu,PM2.5 - Principal,2024-04-01 05:00 AM,2024,04,01,05,59.3,154,Unhealthy,73.0,UG/M3,1 Hr,Valid
Phora Durbar Kathmandu,PM2.5 - Principal,2024-04-01 06:00 AM,2024,04,01,06,52.6,143,Unhealthy for Sensitive Groups,46.0,UG/M3,1 Hr,Valid
Phora Durbar Kathmandu,PM2.5 - Principal,2024-04-01 07:00 AM,2024,04,01,07,53.8,146,Unhealthy for Sensitive Groups,55.0,UG/M3,1 Hr,Valid
Phora Durbar Kathmandu,PM2.5 - Principal,2024-04-01 08:00 AM,2024,04,01,08,57.9,153,Unhealthy,62.0,UG/M3,1 Hr,Valid
Phora Durbar Kathmandu,PM2.5 - Principal,2024-04-01 09:00 AM,2024,04,01,09,61.9,155,Unhealthy,66.0,UG/M3,1 Hr,Valid
Phora Durbar Kathmandu,PM2.5 - Principal,2024-04-01 10:00 AM,2024,04,01,10,79.4,168,Unhealthy,97.0,UG/M3,1 Hr,Valid
Phora Durbar Kathmandu,PM2.5 - Principal,2024-04-01 11:00 AM,2024,04,01,11,65.2,158,Unhealthy,51.0,UG/M3,1 Hr,Valid
Phora Durbar Kathmandu,PM2.5 - Principal,2024-04-01 12:00 PM,2024,04,01,12,63.6,157,Unhealthy,62.0,UG/M3,1 Hr,Valid
Phora Durbar Kathmandu,PM2.5 - Principal,2024-04-01 01:00 PM,2024,04,01,13,53.8,146,Unhealthy for Sensitive Groups,44.0,UG/M3,1 Hr,Valid
Phora Durbar Kathmandu,PM2.5 - Principal,2024-04-01 02:00 PM,2024,04,01,14,41.9,117,Unhealthy for Sensitive Groups,30.0,UG/M3,1 Hr,Valid
Phora Durbar Kathmandu,PM2.5 - Principal,2024-04-01 03:00 PM,2024,04,01,15,41.9,117,Unhealthy for Sensitive Groups,-999.0,UG/M3,1 Hr,Missing
Phora Durbar Kathmandu,PM2.5 - Principal,2024-04-01 05:00 PM,2024,04,01,17,-999.0,-999,N/A,34.0,UG/M3,1 Hr,Valid
Phora Durbar Kathmandu,PM2.5 - Principal,2024-04-01 06:00 PM,2024,04,01,18,42.6,118,Unhealthy for Sensitive Groups,47.0,UG/M3,1 Hr,Valid
Phora Durbar Kathmandu,PM2.5 - Principal,2024-04-01 07:00 PM,2024,04,01,19,47.7,131,Unhealthy for Sensitive Groups,52.0,UG/M3,1 Hr,Valid
Phora Durbar Kathmandu,PM2.5 - Principal,2024-04-01 08:00 PM,2024,04,01,20,57.3,152,Unhealthy,66.0,UG/M3,1 Hr,Valid
Phora Durbar Kathmandu,PM2.5 - Principal,2024-04-01 09:00 PM,2024,04,01,21,68.9,160,Unhealthy,80.0,UG/M3,1 Hr,Valid
Phora Durbar Kathmandu,PM2.5 - Principal,2024-04-01 10:00 PM,2024,04,01,22,78.5,167,Unhealthy,88.0,UG/M3,1 Hr,Valid
Phora Durbar Kathmandu,PM2.5 - Principal,2024-04-01 11:00 PM,2024,04,01,23,86.3,173,Unhealthy,94.0,UG/M3,1 Hr,Valid
Phora Durbar Kathmandu,PM2.5 - Principal,2024-04-02 12:00 AM,2024,04,02,00,79.6,168,Unhealthy,73.0,UG/M3,1 Hr,Valid
Phora Durbar Kathmandu,PM2.5 - Principal,2024-04-02 01:00 AM,2024,04,02,01,99.8,182,Unhealthy,120.0,UG/M3,1 Hr,Valid
Phora Durbar Kathmandu,PM2.5 - Principal,2024-04-02 02:00 AM,2024,04,02,02,99.9,182,Unhealthy,100.0,UG/M3,1 Hr,Valid
Phora Durbar Kathmandu,PM2.5 - Principal,2024-04-02 03:00 AM,2024,04,02,03,73.4,164,Unhealthy,47.0,UG/M3,1 Hr,Valid
Phora Durbar Kathmandu,PM2.5 - Principal,2024-04-02 04:00 AM,2024,04,02,04,74.7,164,Unhealthy,76.0,UG/M3,1 Hr,Valid
Phora Durbar Kathmandu,PM2.5 - Principal,2024-04-02 05:00 AM,2024,04,02,05,98.3,181,Unhealthy,122.0,UG/M3,1 Hr,Valid
Phora Durbar Kathmandu,PM2.5 - Principal,2024-04-02 06:00 AM,2024,04,02,06,87.6,174,Unhealthy,77.0,UG/M3,1 Hr,Valid
Phora Durbar Kathmandu,PM2.5 - Principal,2024-04-02 07:00 AM,2024,04,02,07,114.3,192,Unhealthy,141.0,UG/M3,1 Hr,Valid
Phora Durbar Kathmandu,PM2.5 - Principal,2024-04-02 08:00 AM,2024,04,02,08,118.6,195,Unhealthy,123.0,UG/M3,1 Hr,Valid
Phora Durbar Kathmandu,PM2.5 - Principal,2024-04-02 09:00 AM,2024,04,02,09,120.3,196,Unhealthy,122.0,UG/M3,1 Hr,Valid
Phora Durbar Kathmandu,PM2.5 - Principal,2024-04-02 10:00 AM,2024,04,02,10,116.6,194,Unhealthy,113.0,UG/M3,1 Hr,Valid
Phora Durbar Kathmandu,PM2.5 - Principal,2024-04-02 11:00 AM,2024,04,02,11,86.3,173,Unhealthy,56.0,UG/M3,1 Hr,Valid
Phora Durbar Kathmandu,PM2.5 - Principal,2024-04-02 12:00 PM,2024,04,02,12,70.6,162,Unhealthy,55.0,UG/M3,1 Hr,Valid
Phora Durbar Kathmandu,PM2.5 - Principal,2024-04-02 01:00 PM,2024,04,02,13,83.3,170,Unhealthy,96.0,UG/M3,1 Hr,Valid
Phora Durbar Kathmandu,PM2.5 - Principal,2024-04-02 02:00 PM,2024,04,02,14,65.6,158,Unhealthy,48.0,UG/M3,1 Hr,Valid
Phora Durbar Kathmandu,PM2.5 - Principal,2024-04-02 03:00 PM,2024,04,02,15,54.3,147,Unhealthy for Sensitive Groups,43.0,UG/M3,1 Hr,Valid
Phora Durbar Kathmandu,PM2.5 - Principal,2024-04-02 04:00 PM,2024,04,02,16,60.1,154,Unhealthy,66.0,UG/M3,1 Hr,Valid
Phora Durbar Kathmandu,PM2.5 - Principal,2024-04-02 05:00 PM,2024,04,02,17,70.0,161,Unhealthy,80.0,UG/M3,1 Hr,Valid
Phora Durbar Kathmandu,PM2.5 - Principal,2024-04-02 06:00 PM,2024,04,02,18,85.5,172,Unhealthy,101.0,UG/M3,1 Hr,Valid
Phora Durbar Kathmandu,PM2.5 - Principal,2024-04-02 07:00 PM,2024,04,02,19,119.7,196,Unhealthy,154.0,UG/M3,1 Hr,Valid
Phora Durbar Kathmandu,PM2.5 - Principal,2024-04-02 08:00 PM,2024,04,02,20,107.3,187,Unhealthy,95.0,UG/M3,1 Hr,Valid
Phora Durbar Kathmandu,PM2.5 - Principal,2024-04-02 09:00 PM,2024,04,02,21,88.6,174,Unhealthy,70.0,UG/M3,1 Hr,Valid
Phora Durbar Kathmandu,PM2.5 - Principal,2024-04-02 10:00 PM,2024,04,02,22,101.3,183,Unhealthy,114.0,UG/M3,1 Hr,Valid
Phora Durbar Kathmandu,PM2.5 - Principal,2024-04-02 11:00 PM,2024,04,02,23,112.6,191,Unhealthy,124.0,UG/M3,1 Hr,Valid
Phora Durbar Kathmandu,PM2.5 - Principal,2024-04-03 12:00 AM,2024,04,03,00,107.8,188,Unhealthy,103.0,UG/M3,1 Hr,Valid
Phora Durbar Kathmandu,PM2.5 - Principal,2024-04-03 01:00 AM,2024,04,03,01,104.4,185,Unhealthy,101.0,UG/M3,1 Hr,Valid
Phora Durbar Kathmandu,PM2.5 - Principal,2024-04-03 02:00 AM,2024,04,03,02,74.7,164,Unhealthy,45.0,UG/M3,1 Hr,Valid
Phora Durbar Kathmandu,PM2.5 - Principal,2024-04-03 03:00 AM,2024,04,03,03,87.3,173,Unhealthy,100.0,UG/M3,1 Hr,Valid
Phora Durbar Kathmandu,PM2.5 - Principal,2024-04-03 04:00 AM,2024,04,03,04,103.6,185,Unhealthy,120.0,UG/M3,1 Hr,Valid
Phora Durbar Kathmandu,PM2.5 - Principal,2024-04-03 05:00 AM,2024,04,03,05,105.3,186,Unhealthy,107.0,UG/M3,1 Hr,Valid
Phora Durbar Kathmandu,PM2.5 - Principal,2024-04-03 06:00 AM,2024,04,03,06,118.1,195,Unhealthy,131.0,UG/M3,1 Hr,Valid
Phora Durbar Kathmandu,PM2.5 - Principal,2024-04-03 07:00 AM,2024,04,03,07,112.5,191,Unhealthy,107.0,UG/M3,1 Hr,Valid
Phora Durbar Kathmandu,PM2.5 - Principal,2024-04-03 08:00 AM,2024,04,03,08,118.7,195,Unhealthy,125.0,UG/M3,1 Hr,Valid
Phora Durbar Kathmandu,PM2.5 - Principal,2024-04-03 09:00 AM,2024,04,03,09,136.4,212,Very Unhealthy,154.0,UG/M3,1 Hr,Valid
Phora Durbar Kathmandu,PM2.5 - Principal,2024-04-03 10:00 AM,2024,04,03,10,136.2,212,Very Unhealthy,136.0,UG/M3,1 Hr,Valid
Phora Durbar Kathmandu,PM2.5 - Principal,2024-04-03 11:00 AM,2024,04,03,11,129.1,205,Very Unhealthy,122.0,UG/M3,1 Hr,Valid
Phora Durbar Kathmandu,PM2.5 - Principal,2024-04-03 12:00 PM,2024,04,03,12,111.0,190,Unhealthy,93.0,UG/M3,1 Hr,Valid
Phora Durbar Kathmandu,PM2.5 - Principal,2024-04-03 01:00 PM,2024,04,03,13,79.5,168,Unhealthy,48.0,UG/M3,1 Hr,Valid
Phora Durbar Kathmandu,PM2.5 - Principal,2024-04-03 02:00 PM,2024,04,03,14,70.7,162,Unhealthy,62.0,UG/M3,1 Hr,Valid
Phora Durbar Kathmandu,PM2.5 - Principal,2024-04-03 03:00 PM,2024,04,03,15,69.3,161,Unhealthy,68.0,UG/M3,1 Hr,Valid
Phora Durbar Kathmandu,PM2.5 - Principal,2024-04-03 04:00 PM,2024,04,03,16,45.1,125,Unhealthy for Sensitive Groups,21.0,UG/M3,1 Hr,Valid
Phora Durbar Kathmandu,PM2.5 - Principal,2024-04-03 05:00 PM,2024,04,03,17,58.0,153,Unhealthy,71.0,UG/M3,1 Hr,Valid
Phora Durbar Kathmandu,PM2.5 - Principal,2024-04-03 06:00 PM,2024,04,03,18,56.5,152,Unhealthy,55.0,UG/M3,1 Hr,Valid
Phora Durbar Kathmandu,PM2.5 - Principal,2024-04-03 07:00 PM,2024,04,03,19,115.7,193,Unhealthy,175.0,UG/M3,1 Hr,Valid
Phora Durbar Kathmandu,PM2.5 - Principal,2024-04-03 08:00 PM,2024,04,03,20,147.3,223,Very Unhealthy,179.0,UG/M3,1 Hr,Valid
Phora Durbar Kathmandu,PM2.5 - Principal,2024-04-03 09:00 PM,2024,04,03,21,147.1,222,Very Unhealthy,147.0,UG/M3,1 Hr,Valid
Phora Durbar Kathmandu,PM2.5 - Principal,2024-04-03 10:00 PM,2024,04,03,22,143.5,219,Very Unhealthy,140.0,UG/M3,1 Hr,Valid
Phora Durbar Kathmandu,PM2.5 - Principal,2024-04-03 11:00 PM,2024,04,03,23,141.3,217,Very Unhealthy,139.0,UG/M3,1 Hr,Valid
Phora Durbar Kathmandu,PM2.5 - Principal,2024-04-04 12:00 AM,2024,04,04,00,145.1,220,Very Unhealthy,149.0,UG/M3,1 Hr,Valid
Phora Durbar Kathmandu,PM2.5 - Principal,2024-04-04 01:00 AM,2024,04,04,01,117.5,194,Unhealthy,90.0,UG/M3,1 Hr,Valid
Phora Durbar Kathmandu,PM2.5 - Principal,2024-04-04 02:00 AM,2024,04,04,02,106.7,187,Unhealthy,96.0,UG/M3,1 Hr,Valid
Phora Durbar Kathmandu,PM2.5 - Principal,2024-04-04 03:00 AM,2024,04,04,03,95.9,179,Unhealthy,85.0,UG/M3,1 Hr,Valid
Phora Durbar Kathmandu,PM2.5 - Principal,2024-04-04 04:00 AM,2024,04,04,04,105.4,186,Unhealthy,115.0,UG/M3,1 Hr,Valid
Phora Durbar Kathmandu,PM2.5 - Principal,2024-04-04 05:00 AM,2024,04,04,05,116.7,194,Unhealthy,128.0,UG/M3,1 Hr,Valid
Phora Durbar Kathmandu,PM2.5 - Principal,2024-04-04 06:00 AM,2024,04,04,06,118.8,195,Unhealthy,121.0,UG/M3,1 Hr,Valid
Phora Durbar Kathmandu,PM2.5 - Principal,2024-04-04 07:00 AM,2024,04,04,07,98.4,181,Unhealthy,78.0,UG/M3,1 Hr,Valid
Phora Durbar Kathmandu,PM2.5 - Principal,2024-04-04 08:00 AM,2024,04,04,08,113.8,192,Unhealthy,130.0,UG/M3,1 Hr,Valid
Phora Durbar Kathmandu,PM2.5 - Principal,2024-04-04 09:00 AM,2024,04,04,09,163.6,239,Very Unhealthy,213.0,UG/M3,1 Hr,Valid
Phora Durbar Kathmandu,PM2.5 - Principal,2024-04-04 10:00 AM,2024,04,04,10,151.8,227,Very Unhealthy,140.0,UG/M3,1 Hr,Valid
Phora Durbar Kathmandu,PM2.5 - Principal,2024-04-04 11:00 AM,2024,04,04,11,125.3,200,Unhealthy,99.0,UG/M3,1 Hr,Valid
Phora Durbar Kathmandu,PM2.5 - Principal,2024-04-04 12:00 PM,2024,04,04,12,86.6,173,Unhealthy,48.0,UG/M3,1 Hr,Valid
Phora Durbar Kathmandu,PM2.5 - Principal,2024-04-04 01:00 PM,2024,04,04,13,50.8,139,Unhealthy for Sensitive Groups,15.0,UG/M3,1 Hr,Valid
Phora Durbar Kathmandu,PM2.5 - Principal,2024-04-04 02:00 PM,2024,04,04,14,29.9,90,Moderate,9.0,UG/M3,1 Hr,Valid
Phora Durbar Kathmandu,PM2.5 - Principal,2024-04-04 03:00 PM,2024,04,04,15,50.9,139,Unhealthy for Sensitive Groups,72.0,UG/M3,1 Hr,Valid
Phora Durbar Kathmandu,PM2.5 - Principal,2024-04-04 04:00 PM,2024,04,04,16,53.4,145,Unhealthy for Sensitive Groups,56.0,UG/M3,1 Hr,Valid
Phora Durbar Kathmandu,PM2.5 - Principal,2024-04-04 05:00 PM,2024,04,04,17,63.7,157,Unhealthy,74.0,UG/M3,1 Hr,Valid
Phora Durbar Kathmandu,PM2.5 - Principal,2024-04-04 06:00 PM,2024,04,04,18,86.8,173,Unhealthy,110.0,UG/M3,1 Hr,Valid
Phora Durbar Kathmandu,PM2.5 - Principal,2024-04-04 07:00 PM,2024,04,04,19,85.4,172,Unhealthy,84.0,UG/M3,1 Hr,Valid
Phora Durbar Kathmandu,PM2.5 - Principal,2024-04-04 08:00 PM,2024,04,04,20,95.7,179,Unhealthy,106.0,UG/M3,1 Hr,Valid
Phora Durbar Kathmandu,PM2.5 - Principal,2024-04-04 09:00 PM,2024,04,04,21,129.3,205,Very Unhealthy,163.0,UG/M3,1 Hr,Valid
Phora Durbar Kathmandu,PM2.5 - Principal,2024-04-04 10:00 PM,2024,04,04,22,140.1,215,Very Unhealthy,151.0,UG/M3,1 Hr,Valid
Phora Durbar Kathmandu,PM2.5 - Principal,2024-04-04 11:00 PM,2024,04,04,23,216.1,291,Very Unhealthy,292.0,UG/M3,1 Hr,Valid
Phora Durbar Kathmandu,PM2.5 - Principal,2024-04-05 12:00 AM,2024,04,05,00,174.0,249,Very Unhealthy,132.0,UG/M3,1 Hr,Valid
Phora Durbar Kathmandu,PM2.5 - Principal,2024-04-05 01:00 AM,2024,04,05,01,144.5,220,Very Unhealthy,115.0,UG/M3,1 Hr,Valid
Phora Durbar Kathmandu,PM2.5 - Principal,2024-04-05 02:00 AM,2024,04,05,02,117.7,195,Unhealthy,91.0,UG/M3,1 Hr,Valid
Phora Durbar Kathmandu,PM2.5 - Principal,2024-04-05 03:00 AM,2024,04,05,03,117.8,195,Unhealthy,118.0,UG/M3,1 Hr,Valid
Phora Durbar Kathmandu,PM2.5 - Principal,2024-04-05 04:00 AM,2024,04,05,04,113.9,192,Unhealthy,110.0,UG/M3,1 Hr,Valid
Phora Durbar Kathmandu,PM2.5 - Principal,2024-04-05 05:00 AM,2024,04,05,05,106.4,187,Unhealthy,99.0,UG/M3,1 Hr,Valid
Phora Durbar Kathmandu,PM2.5 - Principal,2024-04-05 06:00 AM,2024,04,05,06,111.2,190,Unhealthy,116.0,UG/M3,1 Hr,Valid
Phora Durbar Kathmandu,PM2.5 - Principal,2024-04-05 07:00 AM,2024,04,05,07,124.1,199,Unhealthy,137.0,UG/M3,1 Hr,Valid
Phora Durbar Kathmandu,PM2.5 - Principal,2024-04-05 08:00 AM,2024,04,05,08,145.0,220,Very Unhealthy,166.0,UG/M3,1 Hr,Valid
Phora Durbar Kathmandu,PM2.5 - Principal,2024-04-05 09:00 AM,2024,04,05,09,122.5,198,Unhealthy,100.0,UG/M3,1 Hr,Valid
Phora Durbar Kathmandu,PM2.5 - Principal,2024-04-05 10:00 AM,2024,04,05,10,112.7,191,Unhealthy,103.0,UG/M3,1 Hr,Valid
Phora Durbar Kathmandu,PM2.5 - Principal,2024-04-05 11:00 AM,2024,04,05,11,96.8,180,Unhealthy,81.0,UG/M3,1 Hr,Valid
Phora Durbar Kathmandu,PM2.5 - Principal,2024-04-05 12:00 PM,2024,04,05,12,55.4,150,Unhealthy for Sensitive Groups,14.0,UG/M3,1 Hr,Valid
Phora Durbar Kathmandu,PM2.5 - Principal,2024-04-05 01:00 PM,2024,04,05,13,49.1,134,Unhealthy for Sensitive Groups,43.0,UG/M3,1 Hr,Valid
Phora Durbar Kathmandu,PM2.5 - Principal,2024-04-05 02:00 PM,2024,04,05,14,44.5,123,Unhealthy for Sensitive Groups,40.0,UG/M3,1 Hr,Valid
Phora Durbar Kathmandu,PM2.5 - Principal,2024-04-05 03:00 PM,2024,04,05,15,40.7,114,Unhealthy for Sensitive Groups,37.0,UG/M3,1 Hr,Valid
Phora Durbar Kathmandu,PM2.5 - Principal,2024-04-05 04:00 PM,2024,04,05,16,53.8,146,Unhealthy for Sensitive Groups,67.0,UG/M3,1 Hr,Valid
Phora Durbar Kathmandu,PM2.5 - Principal,2024-04-05 05:00 PM,2024,04,05,17,75.4,165,Unhealthy,97.0,UG/M3,1 Hr,Valid
Phora Durbar Kathmandu,PM2.5 - Principal,2024-04-05 06:00 PM,2024,04,05,18,104.7,185,Unhealthy,134.0,UG/M3,1 Hr,Valid
Phora Durbar Kathmandu,PM2.5 - Principal,2024-04-05 07:00 PM,2024,04,05,19,126.3,202,Very Unhealthy,148.0,UG/M3,1 Hr,Valid
Phora Durbar Kathmandu,PM2.5 - Principal,2024-04-05 08:00 PM,2024,04,05,20,137.6,213,Very Unhealthy,149.0,UG/M3,1 Hr,Valid
Phora Durbar Kathmandu,PM2.5 - Principal,2024-04-05 09:00 PM,2024,04,05,21,140.3,216,Very Unhealthy,143.0,UG/M3,1 Hr,Valid
Phora Durbar Kathmandu,PM2.5 - Principal,2024-04-05 10:00 PM,2024,04,05,22,158.6,234,Very Unhealthy,177.0,UG/M3,1 Hr,Valid
Phora Durbar Kathmandu,PM2.5 - Principal,2024-04-05 11:00 PM,2024,04,05,23,160.3,235,Very Unhealthy,162.0,UG/M3,1 Hr,Valid
Phora Durbar Kathmandu,PM2.5 - Principal,2024-04-06 12:00 AM,2024,04,06,00,139.1,214,Very Unhealthy,118.0,UG/M3,1 Hr,Valid
Phora Durbar Kathmandu,PM2.5 - Principal,2024-04-06 01:00 AM,2024,04,06,01,142.1,217,Very Unhealthy,145.0,UG/M3,1 Hr,Valid
Phora Durbar Kathmandu,PM2.5 - Principal,2024-04-06 02:00 AM,2024,04,06,02,127.0,202,Very Unhealthy,112.0,UG/M3,1 Hr,Valid
Phora Durbar Kathmandu,PM2.5 - Principal,2024-04-06 03:00 AM,2024,04,06,03,120.0,196,Unhealthy,113.0,UG/M3,1 Hr,Valid
Phora Durbar Kathmandu,PM2.5 - Principal,2024-04-06 04:00 AM,2024,04,06,04,134.4,210,Very Unhealthy,150.0,UG/M3,1 Hr,Valid
Phora Durbar Kathmandu,PM2.5 - Principal,2024-04-06 05:00 AM,2024,04,06,05,134.2,210,Very Unhealthy,40.0,UG/M3,1 Hr,Invalid
Phora Durbar Kathmandu,PM2.5 - Principal,2024-04-06 06:00 AM,2024,04,06,06,123.5,199,Unhealthy,112.0,UG/M3,1 Hr,Valid
Phora Durbar Kathmandu,PM2.5 - Principal,2024-04-06 07:00 AM,2024,04,06,07,132.3,208,Very Unhealthy,144.0,UG/M3,1 Hr,Valid
Phora Durbar Kathmandu,PM2.5 - Principal,2024-04-06 08:00 AM,2024,04,06,08,139.9,215,Very Unhealthy,151.0,UG/M3,1 Hr,Valid
Phora Durbar Kathmandu,PM2.5 - Principal,2024-04-06 09:00 AM,2024,04,06,09,142.6,218,Very Unhealthy,147.0,UG/M3,1 Hr,Valid
Phora Durbar Kathmandu,PM2.5 - Principal,2024-04-06 10:00 AM,2024,04,06,10,147.1,222,Very Unhealthy,159.0,UG/M3,1 Hr,Valid
Phora Durbar Kathmandu,PM2.5 - Principal,2024-04-06 11:00 AM,2024,04,06,11,133.7,209,Very Unhealthy,107.0,UG/M3,1 Hr,Valid
Phora Durbar Kathmandu,PM2.5 - Principal,2024-04-06 12:00 PM,2024,04,06,12,98.5,181,Unhealthy,68.0,UG/M3,1 Hr,Valid
Phora Durbar Kathmandu,PM2.5 - Principal,2024-04-06 01:00 PM,2024,04,06,13,62.6,156,Unhealthy,27.0,UG/M3,1 Hr,Valid
Phora Durbar Kathmandu,PM2.5 - Principal,2024-04-06 02:00 PM,2024,04,06,14,65.8,158,Unhealthy,69.0,UG/M3,1 Hr,Valid
Phora Durbar Kathmandu,PM2.5 - Principal,2024-04-06 03:00 PM,2024,04,06,15,64.9,158,Unhealthy,64.0,UG/M3,1 Hr,Valid
Phora Durbar Kathmandu,PM2.5 - Principal,2024-04-06 04:00 PM,2024,04,06,16,60.4,154,Unhealthy,56.0,UG/M3,1 Hr,Valid
Phora Durbar Kathmandu,PM2.5 - Principal,2024-04-06 05:00 PM,2024,04,06,17,76.7,166,Unhealthy,93.0,UG/M3,1 Hr,Valid
Phora Durbar Kathmandu,PM2.5 - Principal,2024-04-06 06:00 PM,2024,04,06,18,82.8,170,Unhealthy,89.0,UG/M3,1 Hr,Valid
Phora Durbar Kathmandu,PM2.5 - Principal,2024-04-06 07:00 PM,2024,04,06,19,67.4,159,Unhealthy,52.0,UG/M3,1 Hr,Valid
Phora Durbar Kathmandu,PM2.5 - Principal,2024-04-06 08:00 PM,2024,04,06,20,85.7,172,Unhealthy,104.0,UG/M3,1 Hr,Valid
Phora Durbar Kathmandu,PM2.5 - Principal,2024-04-06 09:00 PM,2024,04,06,21,113.8,192,Unhealthy,142.0,UG/M3,1 Hr,Valid
Phora Durbar Kathmandu,PM2.5 - Principal,2024-04-06 10:00 PM,2024,04,06,22,106.4,187,Unhealthy,99.0,UG/M3,1 Hr,Valid
Phora Durbar Kathmandu,PM2.5 - Principal,2024-04-06 11:00 PM,2024,04,06,23,89.2,175,Unhealthy,72.0,UG/M3,1 Hr,Valid
Phora Durbar Kathmandu,PM2.5 - Principal,2024-04-07 12:00 AM,2024,04,07,00,110.6,190,Unhealthy,132.0,UG/M3,1 Hr,Valid
Phora Durbar Kathmandu,PM2.5 - Principal,2024-04-07 01:00 AM,2024,04,07,01,98.3,181,Unhealthy,86.0,UG/M3,1 Hr,Valid
Phora Durbar Kathmandu,PM2.5 - Principal,2024-04-07 02:00 AM,2024,04,07,02,119.1,196,Unhealthy,140.0,UG/M3,1 Hr,Valid
Phora Durbar Kathmandu,PM2.5 - Principal,2024-04-07 03:00 AM,2024,04,07,03,109.0,189,Unhealthy,99.0,UG/M3,1 Hr,Valid
Phora Durbar Kathmandu,PM2.5 - Principal,2024-04-07 04:00 AM,2024,04,07,04,60.5,155,Unhealthy,12.0,UG/M3,1 Hr,Valid
Phora Durbar Kathmandu,PM2.5 - Principal,2024-04-07 05:00 AM,2024,04,07,05,81.2,169,Unhealthy,102.0,UG/M3,1 Hr,Valid
Phora Durbar Kathmandu,PM2.5 - Principal,2024-04-07 06:00 AM,2024,04,07,06,104.1,185,Unhealthy,127.0,UG/M3,1 Hr,Valid
Phora Durbar Kathmandu,PM2.5 - Principal,2024-04-07 07:00 AM,2024,04,07,07,112.5,191,Unhealthy,121.0,UG/M3,1 Hr,Valid
Phora Durbar Kathmandu,PM2.5 - Principal,2024-04-07 08:00 AM,2024,04,07,08,126.7,202,Very Unhealthy,141.0,UG/M3,1 Hr,Valid
Phora Durbar Kathmandu,PM2.5 - Principal,2024-04-07 09:00 AM,2024,04,07,09,113.8,192,Unhealthy,101.0,UG/M3,1 Hr,Valid
Phora Durbar Kathmandu,PM2.5 - Principal,2024-04-07 10:00 AM,2024,04,07,10,113.9,192,Unhealthy,114.0,UG/M3,1 Hr,Valid
Phora Durbar Kathmandu,PM2.5 - Principal,2024-04-07 11:00 AM,2024,04,07,11,86.9,173,Unhealthy,60.0,UG/M3,1 Hr,Valid
Phora Durbar Kathmandu,PM2.5 - Principal,2024-04-07 12:00 PM,2024,04,07,12,66.9,159,Unhealthy,47.0,UG/M3,1 Hr,Valid
Phora Durbar Kathmandu,PM2.5 - Principal,2024-04-07 01:00 PM,2024,04,07,13,54.4,148,Unhealthy for Sensitive Groups,42.0,UG/M3,1 Hr,Valid
Phora Durbar Kathmandu,PM2.5 - Principal,2024-04-07 02:00 PM,2024,04,07,14,49.7,136,Unhealthy for Sensitive Groups,45.0,UG/M3,1 Hr,Valid
Phora Durbar Kathmandu,PM2.5 - Principal,2024-04-07 03:00 PM,2024,04,07,15,61.3,155,Unhealthy,73.0,UG/M3,1 Hr,Valid
Phora Durbar Kathmandu,PM2.5 - Principal,2024-04-07 04:00 PM,2024,04,07,16,119.2,196,Unhealthy,177.0,UG/M3,1 Hr,Valid
Phora Durbar Kathmandu,PM2.5 - Principal,2024-04-07 05:00 PM,2024,04,07,17,180.6,256,Very Unhealthy,242.0,UG/M3,1 Hr,Valid
Phora Durbar Kathmandu,PM2.5 - Principal,2024-04-07 06:00 PM,2024,04,07,18,177.3,252,Very Unhealthy,174.0,UG/M3,1 Hr,Valid
Phora Durbar Kathmandu,PM2.5 - Principal,2024-04-07 07:00 PM,2024,04,07,19,190.1,265,Very Unhealthy,203.0,UG/M3,1 Hr,Valid
Phora Durbar Kathmandu,PM2.5 - Principal,2024-04-07 08:00 PM,2024,04,07,20,225.5,301,Hazardous,261.0,UG/M3,1 Hr,Valid
Phora Durbar Kathmandu,PM2.5 - Principal,2024-04-07 09:00 PM,2024,04,07,21,212.8,288,Very Unhealthy,200.0,UG/M3,1 Hr,Valid
Phora Durbar Kathmandu,PM2.5 - Principal,2024-04-07 10:00 PM,2024,04,07,22,188.4,263,Very Unhealthy,164.0,UG/M3,1 Hr,Valid
Phora Durbar Kathmandu,PM2.5 - Principal,2024-04-07 11:00 PM,2024,04,07,23,187.2,262,Very Unhealthy,186.0,UG/M3,1 Hr,Valid
Phora Durbar Kathmandu,PM2.5 - Principal,2024-04-08 12:00 AM,2024,04,08,00,172.1,247,Very Unhealthy,157.0,UG/M3,1 Hr,Valid
Phora Durbar Kathmandu,PM2.5 - Principal,2024-04-08 01:00 AM,2024,04,08,01,157.5,233,Very Unhealthy,143.0,UG/M3,1 Hr,Valid
Phora Durbar Kathmandu,PM2.5 - Principal,2024-04-08 02:00 AM,2024,04,08,02,142.2,218,Very Unhealthy,127.0,UG/M3,1 Hr,Valid
Phora Durbar Kathmandu,PM2.5 - Principal,2024-04-08 03:00 AM,2024,04,08,03,125.1,200,Unhealthy,108.0,UG/M3,1 Hr,Valid
Phora Durbar Kathmandu,PM2.5 - Principal,2024-04-08 04:00 AM,2024,04,08,04,117.5,194,Unhealthy,110.0,UG/M3,1 Hr,Valid
Phora Durbar Kathmandu,PM2.5 - Principal,2024-04-08 05:00 AM,2024,04,08,05,119.7,196,Unhealthy,122.0,UG/M3,1 Hr,Valid
Phora Durbar Kathmandu,PM2.5 - Principal,2024-04-08 06:00 AM,2024,04,08,06,115.3,193,Unhealthy,111.0,UG/M3,1 Hr,Valid
Phora Durbar Kathmandu,PM2.5 - Principal,2024-04-08 07:00 AM,2024,04,08,07,111.1,190,Unhealthy,107.0,UG/M3,1 Hr,Valid
Phora Durbar Kathmandu,PM2.5 - Principal,2024-04-08 08:00 AM,2024,04,08,08,105.0,186,Unhealthy,99.0,UG/M3,1 Hr,Valid
Phora Durbar Kathmandu,PM2.5 - Principal,2024-04-08 09:00 AM,2024,04,08,09,119.8,196,Unhealthy,136.0,UG/M3,1 Hr,Valid
Phora Durbar Kathmandu,PM2.5 - Principal,2024-04-08 10:00 AM,2024,04,08,10,112.4,191,Unhealthy,104.0,UG/M3,1 Hr,Valid
Phora Durbar Kathmandu,PM2.5 - Principal,2024-04-08 11:00 AM,2024,04,08,11,82.1,170,Unhealthy,52.0,UG/M3,1 Hr,Valid
Phora Durbar Kathmandu,PM2.5 - Principal,2024-04-08 12:00 PM,2024,04,08,12,81.0,169,Unhealthy,80.0,UG/M3,1 Hr,Valid
Phora Durbar Kathmandu,PM2.5 - Principal,2024-04-08 01:00 PM,2024,04,08,13,42.0,117,Unhealthy for Sensitive Groups,3.0,UG/M3,1 Hr,Valid
Phora Durbar Kathmandu,PM2.5 - Principal,2024-04-08 02:00 PM,2024,04,08,14,70.9,162,Unhealthy,100.0,UG/M3,1 Hr,Valid
Phora Durbar Kathmandu,PM2.5 - Principal,2024-04-08 03:00 PM,2024,04,08,15,99.0,181,Unhealthy,127.0,UG/M3,1 Hr,Valid
Phora Durbar Kathmandu,PM2.5 - Principal,2024-04-08 04:00 PM,2024,04,08,16,96.9,180,Unhealthy,95.0,UG/M3,1 Hr,Valid
Phora Durbar Kathmandu,PM2.5 - Principal,2024-04-08 05:00 PM,2024,04,08,17,83.9,171,Unhealthy,71.0,UG/M3,1 Hr,Valid
Phora Durbar Kathmandu,PM2.5 - Principal,2024-04-08 06:00 PM,2024,04,08,18,77.9,167,Unhealthy,72.0,UG/M3,1 Hr,Valid
Phora Durbar Kathmandu,PM2.5 - Principal,2024-04-08 07:00 PM,2024,04,08,19,77.4,166,Unhealthy,77.0,UG/M3,1 Hr,Valid
Phora Durbar Kathmandu,PM2.5 - Principal,2024-04-08 08:00 PM,2024,04,08,20,94.7,178,Unhealthy,112.0,UG/M3,1 Hr,Valid
Phora Durbar Kathmandu,PM2.5 - Principal,2024-04-08 09:00 PM,2024,04,08,21,104.3,185,Unhealthy,114.0,UG/M3,1 Hr,Valid
Phora Durbar Kathmandu,PM2.5 - Principal,2024-04-08 10:00 PM,2024,04,08,22,132.6,208,Very Unhealthy,161.0,UG/M3,1 Hr,Valid
Phora Durbar Kathmandu,PM2.5 - Principal,2024-04-08 11:00 PM,2024,04,08,23,158.8,234,Very Unhealthy,185.0,UG/M3,1 Hr,Valid
Phora Durbar Kathmandu,PM2.5 - Principal,2024-04-09 12:00 AM,2024,04,09,00,150.9,226,Very Unhealthy,143.0,UG/M3,1 Hr,Valid
Phora Durbar Kathmandu,PM2.5 - Principal,2024-04-09 01:00 AM,2024,04,09,01,143.9,219,Very Unhealthy,137.0,UG/M3,1 Hr,Valid
Phora Durbar Kathmandu,PM2.5 - Principal,2024-04-09 02:00 AM,2024,04,09,02,128.4,204,Very Unhealthy,113.0,UG/M3,1 Hr,Valid
Phora Durbar Kathmandu,PM2.5 - Principal,2024-04-09 03:00 AM,2024,04,09,03,124.7,200,Unhealthy,121.0,UG/M3,1 Hr,Valid
Phora Durbar Kathmandu,PM2.5 - Principal,2024-04-09 04:00 AM,2024,04,09,04,151.8,227,Very Unhealthy,179.0,UG/M3,1 Hr,Valid
Phora Durbar Kathmandu,PM2.5 - Principal,2024-04-09 05:00 AM,2024,04,09,05,144.9,220,Very Unhealthy,138.0,UG/M3,1 Hr,Valid
Phora Durbar Kathmandu,PM2.5 - Principal,2024-04-09 06:00 AM,2024,04,09,06,138.4,214,Very Unhealthy,132.0,UG/M3,1 Hr,Valid
Phora Durbar Kathmandu,PM2.5 - Principal,2024-04-09 07:00 AM,2024,04,09,07,148.3,224,Very Unhealthy,162.0,UG/M3,1 Hr,Valid
Phora Durbar Kathmandu,PM2.5 - Principal,2024-04-09 08:00 AM,2024,04,09,08,142.3,218,Very Unhealthy,133.0,UG/M3,1 Hr,Valid
Phora Durbar Kathmandu,PM2.5 - Principal,2024-04-09 09:00 AM,2024,04,09,09,165.5,241,Very Unhealthy,197.0,UG/M3,1 Hr,Valid
Phora Durbar Kathmandu,PM2.5 - Principal,2024-04-09 10:00 AM,2024,04,09,10,152.0,227,Very Unhealthy,134.0,UG/M3,1 Hr,Valid
Phora Durbar Kathmandu,PM2.5 - Principal,2024-04-09 11:00 AM,2024,04,09,11,148.6,224,Very Unhealthy,144.0,UG/M3,1 Hr,Valid
Phora Durbar Kathmandu,PM2.5 - Principal,2024-04-09 12:00 PM,2024,04,09,12,138.5,214,Very Unhealthy,125.0,UG/M3,1 Hr,Valid
Phora Durbar Kathmandu,PM2.5 - Principal,2024-04-09 01:00 PM,2024,04,09,13,112.1,191,Unhealthy,88.0,UG/M3,1 Hr,Valid
Phora Durbar Kathmandu,PM2.5 - Principal,2024-04-09 02:00 PM,2024,04,09,14,110.5,190,Unhealthy,109.0,UG/M3,1 Hr,Valid
Phora Durbar Kathmandu,PM2.5 - Principal,2024-04-09 03:00 PM,2024,04,09,15,117.2,194,Unhealthy,124.0,UG/M3,1 Hr,Valid
Phora Durbar Kathmandu,PM2.5 - Principal,2024-04-09 04:00 PM,2024,04,09,16,101.6,183,Unhealthy,86.0,UG/M3,1 Hr,Valid
Phora Durbar Kathmandu,PM2.5 - Principal,2024-04-09 05:00 PM,2024,04,09,17,112.8,191,Unhealthy,124.0,UG/M3,1 Hr,Valid
Phora Durbar Kathmandu,PM2.5 - Principal,2024-04-09 06:00 PM,2024,04,09,18,107.4,187,Unhealthy,102.0,UG/M3,1 Hr,Valid
Phora Durbar Kathmandu,PM2.5 - Principal,2024-04-09 07:00 PM,2024,04,09,19,174.7,250,Very Unhealthy,242.0,UG/M3,1 Hr,Valid
Phora Durbar Kathmandu,PM2.5 - Principal,2024-04-09 08:00 PM,2024,04,09,20,203.8,279,Very Unhealthy,233.0,UG/M3,1 Hr,Valid
Phora Durbar Kathmandu,PM2.5 - Principal,2024-04-09 09:00 PM,2024,04,09,21,230.4,311,Hazardous,257.0,UG/M3,1 Hr,Valid
Phora Durbar Kathmandu,PM2.5 - Principal,2024-04-09 10:00 PM,2024,04,09,22,200.2,275,Very Unhealthy,170.0,UG/M3,1 Hr,Valid
Phora Durbar Kathmandu,PM2.5 - Principal,2024-04-09 11:00 PM,2024,04,09,23,192.6,267,Very Unhealthy,185.0,UG/M3,1 Hr,Valid
Phora Durbar Kathmandu,PM2.5 - Principal,2024-04-10 12:00 AM,2024,04,10,00,181.3,256,Very Unhealthy,170.0,UG/M3,1 Hr,Valid
Phora Durbar Kathmandu,PM2.5 - Principal,2024-04-10 01:00 AM,2024,04,10,01,178.1,253,Very Unhealthy,175.0,UG/M3,1 Hr,Valid
Phora Durbar Kathmandu,PM2.5 - Principal,2024-04-10 02:00 AM,2024,04,10,02,177.0,252,Very Unhealthy,176.0,UG/M3,1 Hr,Valid
Phora Durbar Kathmandu,PM2.5 - Principal,2024-04-10 03:00 AM,2024,04,10,03,156.5,232,Very Unhealthy,136.0,UG/M3,1 Hr,Valid
Phora Durbar Kathmandu,PM2.5 - Principal,2024-04-10 04:00 AM,2024,04,10,04,157.2,232,Very Unhealthy,158.0,UG/M3,1 Hr,Valid
Phora Durbar Kathmandu,PM2.5 - Principal,2024-04-10 05:00 AM,2024,04,10,05,156.1,231,Very Unhealthy,155.0,UG/M3,1 Hr,Valid
Phora Durbar Kathmandu,PM2.5 - Principal,2024-04-10 06:00 AM,2024,04,10,06,170.4,245,Very Unhealthy,186.0,UG/M3,1 Hr,Valid
Phora Durbar Kathmandu,PM2.5 - Principal,2024-04-10 07:00 AM,2024,04,10,07,202.2,277,Very Unhealthy,238.0,UG/M3,1 Hr,Valid
Phora Durbar Kathmandu,PM2.5 - Principal,2024-04-10 08:00 AM,2024,04,10,08,199.3,274,Very Unhealthy,196.0,UG/M3,1 Hr,Valid
Phora Durbar Kathmandu,PM2.5 - Principal,2024-04-10 09:00 AM,2024,04,10,09,208.0,283,Very Unhealthy,222.0,UG/M3,1 Hr,Valid
Phora Durbar Kathmandu,PM2.5 - Principal,2024-04-10 10:00 AM,2024,04,10,10,214.5,289,Very Unhealthy,223.0,UG/M3,1 Hr,Valid
Phora Durbar Kathmandu,PM2.5 - Principal,2024-04-10 11:00 AM,2024,04,10,11,206.1,281,Very Unhealthy,195.0,UG/M3,1 Hr,Valid
Phora Durbar Kathmandu,PM2.5 - Principal,2024-04-10 12:00 PM,2024,04,10,12,142.5,218,Very Unhealthy,79.0,UG/M3,1 Hr,Valid
Phora Durbar Kathmandu,PM2.5 - Principal,2024-04-10 01:00 PM,2024,04,10,13,142.4,218,Very Unhealthy,-7.0,UG/M3,1 Hr,Invalid
Phora Durbar Kathmandu,PM2.5 - Principal,2024-04-10 02:00 PM,2024,04,10,14,100.8,183,Unhealthy,80.0,UG/M3,1 Hr,Valid
Phora Durbar Kathmandu,PM2.5 - Principal,2024-04-10 03:00 PM,2024,04,10,15,99.2,182,Unhealthy,98.0,UG/M3,1 Hr,Valid
Phora Durbar Kathmandu,PM2.5 - Principal,2024-04-10 04:00 PM,2024,04,10,16,87.8,174,Unhealthy,78.0,UG/M3,1 Hr,Valid
Phora Durbar Kathmandu,PM2.5 - Principal,2024-04-10 05:00 PM,2024,04,10,17,94.1,178,Unhealthy,100.0,UG/M3,1 Hr,Valid
Phora Durbar Kathmandu,PM2.5 - Principal,2024-04-10 06:00 PM,2024,04,10,18,77.2,166,Unhealthy,61.0,UG/M3,1 Hr,Valid
Phora Durbar Kathmandu,PM2.5 - Principal,2024-04-10 07:00 PM,2024,04,10,19,81.1,169,Unhealthy,85.0,UG/M3,1 Hr,Valid
Phora Durbar Kathmandu,PM2.5 - Principal,2024-04-10 08:00 PM,2024,04,10,20,87.0,173,Unhealthy,93.0,UG/M3,1 Hr,Valid
Phora Durbar Kathmandu,PM2.5 - Principal,2024-04-10 09:00 PM,2024,04,10,21,118.5,195,Unhealthy,150.0,UG/M3,1 Hr,Valid
Phora Durbar Kathmandu,PM2.5 - Principal,2024-04-10 10:00 PM,2024,04,10,22,128.7,204,Very Unhealthy,139.0,UG/M3,1 Hr,Valid
Phora Durbar Kathmandu,PM2.5 - Principal,2024-04-10 11:00 PM,2024,04,10,23,145.4,221,Very Unhealthy,162.0,UG/M3,1 Hr,Valid
Phora Durbar Kathmandu,PM2.5 - Principal,2024-04-11 12:00 AM,2024,04,11,00,144.7,220,Very Unhealthy,144.0,UG/M3,1 Hr,Valid
Phora Durbar Kathmandu,PM2.5 - Principal,2024-04-11 01:00 AM,2024,04,11,01,138.3,214,Very Unhealthy,132.0,UG/M3,1 Hr,Valid
Phora Durbar Kathmandu,PM2.5 - Principal,2024-04-11 02:00 AM,2024,04,11,02,178.1,253,Very Unhealthy,218.0,UG/M3,1 Hr,Valid
Phora Durbar Kathmandu,PM2.5 - Principal,2024-04-11 03:00 AM,2024,04,11,03,157.6,233,Very Unhealthy,137.0,UG/M3,1 Hr,Valid
Phora Durbar Kathmandu,PM2.5 - Principal,2024-04-11 04:00 AM,2024,04,11,04,139.8,215,Very Unhealthy,122.0,UG/M3,1 Hr,Valid
Phora Durbar Kathmandu,PM2.5 - Principal,2024-04-11 05:00 AM,2024,04,11,05,150.4,226,Very Unhealthy,161.0,UG/M3,1 Hr,Valid
Phora Durbar Kathmandu,PM2.5 - Principal,2024-04-11 06:00 AM,2024,04,11,06,150.2,225,Very Unhealthy,150.0,UG/M3,1 Hr,Valid
Phora Durbar Kathmandu,PM2.5 - Principal,2024-04-11 07:00 AM,2024,04,11,07,151.6,227,Very Unhealthy,153.0,UG/M3,1 Hr,Valid
Phora Durbar Kathmandu,PM2.5 - Principal,2024-04-11 08:00 AM,2024,04,11,08,162.7,238,Very Unhealthy,177.0,UG/M3,1 Hr,Valid
Phora Durbar Kathmandu,PM2.5 - Principal,2024-04-11 09:00 AM,2024,04,11,09,169.4,245,Very Unhealthy,178.0,UG/M3,1 Hr,Valid
Phora Durbar Kathmandu,PM2.5 - Principal,2024-04-11 10:00 AM,2024,04,11,10,163.9,239,Very Unhealthy,157.0,UG/M3,1 Hr,Valid
Phora Durbar Kathmandu,PM2.5 - Principal,2024-04-11 11:00 AM,2024,04,11,11,156.5,232,Very Unhealthy,147.0,UG/M3,1 Hr,Valid
Phora Durbar Kathmandu,PM2.5 - Principal,2024-04-11 12:00 PM,2024,04,11,12,147.4,223,Very Unhealthy,136.0,UG/M3,1 Hr,Valid
Phora Durbar Kathmandu,PM2.5 - Principal,2024-04-11 01:00 PM,2024,04,11,13,120.3,196,Unhealthy,95.0,UG/M3,1 Hr,Valid
Phora Durbar Kathmandu,PM2.5 - Principal,2024-04-11 02:00 PM,2024,04,11,14,106.3,187,Unhealthy,91.0,UG/M3,1 Hr,Valid
Phora Durbar Kathmandu,PM2.5 - Principal,2024-04-11 03:00 PM,2024,04,11,15,107.1,187,Unhealthy,108.0,UG/M3,1 Hr,Valid
Phora Durbar Kathmandu,PM2.5 - Principal,2024-04-11 04:00 PM,2024,04,11,16,107.0,187,Unhealthy,107.0,UG/M3,1 Hr,Valid
Phora Durbar Kathmandu,PM2.5 - Principal,2024-04-11 05:00 PM,2024,04,11,17,101.1,183,Unhealthy,95.0,UG/M3,1 Hr,Valid
Phora Durbar Kathmandu,PM2.5 - Principal,2024-04-11 06:00 PM,2024,04,11,18,82.9,170,Unhealthy,65.0,UG/M3,1 Hr,Valid
Phora Durbar Kathmandu,PM2.5 - Principal,2024-04-11 07:00 PM,2024,04,11,19,76.4,166,Unhealthy,70.0,UG/M3,1 Hr,Valid
Phora Durbar Kathmandu,PM2.5 - Principal,2024-04-11 08:00 PM,2024,04,11,20,111.2,190,Unhealthy,146.0,UG/M3,1 Hr,Valid
Phora Durbar Kathmandu,PM2.5 - Principal,2024-04-11 09:00 PM,2024,04,11,21,92.6,177,Unhealthy,74.0,UG/M3,1 Hr,Valid
Phora Durbar Kathmandu,PM2.5 - Principal,2024-04-11 10:00 PM,2024,04,11,22,92.7,177,Unhealthy,93.0,UG/M3,1 Hr,Valid
Phora Durbar Kathmandu,PM2.5 - Principal,2024-04-11 11:00 PM,2024,04,11,23,93.8,178,Unhealthy,95.0,UG/M3,1 Hr,Valid
Phora Durbar Kathmandu,PM2.5 - Principal,2024-04-12 12:00 AM,2024,04,12,00,105.9,186,Unhealthy,118.0,UG/M3,1 Hr,Valid
Phora Durbar Kathmandu,PM2.5 - Principal,2024-04-12 01:00 AM,2024,04,12,01,103.9,185,Unhealthy,102.0,UG/M3,1 Hr,Valid
Phora Durbar Kathmandu,PM2.5 - Principal,2024-04-12 02:00 AM,2024,04,12,02,100.9,183,Unhealthy,98.0,UG/M3,1 Hr,Valid
Phora Durbar Kathmandu,PM2.5 - Principal,2024-04-12 03:00 AM,2024,04,12,03,95.4,179,Unhealthy,90.0,UG/M3,1 Hr,Valid
Phora Durbar Kathmandu,PM2.5 - Principal,2024-04-12 04:00 AM,2024,04,12,04,105.2,186,Unhealthy,115.0,UG/M3,1 Hr,Valid
Phora Durbar Kathmandu,PM2.5 - Principal,2024-04-12 05:00 AM,2024,04,12,05,102.6,184,Unhealthy,100.0,UG/M3,1 Hr,Valid
Phora Durbar Kathmandu,PM2.5 - Principal,2024-04-12 06:00 AM,2024,04,12,06,105.3,186,Unhealthy,108.0,UG/M3,1 Hr,Valid
Phora Durbar Kathmandu,PM2.5 - Principal,2024-04-12 07:00 AM,2024,04,12,07,117.4,194,Unhealthy,130.0,UG/M3,1 Hr,Valid
Phora Durbar Kathmandu,PM2.5 - Principal,2024-04-12 08:00 AM,2024,04,12,08,116.2,194,Unhealthy,117.0,UG/M3,1 Hr,Valid
Phora Durbar Kathmandu,PM2.5 - Principal,2024-04-12 09:00 AM,2024,04,12,09,141.9,217,Very Unhealthy,170.0,UG/M3,1 Hr,Valid
Phora Durbar Kathmandu,PM2.5 - Principal,2024-04-12 10:00 AM,2024,04,12,10,128.3,204,Very Unhealthy,113.0,UG/M3,1 Hr,Valid
Phora Durbar Kathmandu,PM2.5 - Principal,2024-04-12 11:00 AM,2024,04,12,11,135.2,211,Very Unhealthy,143.0,UG/M3,1 Hr,Valid
Phora Durbar Kathmandu,PM2.5 - Principal,2024-04-12 12:00 PM,2024,04,12,12,123.8,199,Unhealthy,111.0,UG/M3,1 Hr,Valid
Phora Durbar Kathmandu,PM2.5 - Principal,2024-04-12 01:00 PM,2024,04,12,13,97.6,181,Unhealthy,72.0,UG/M3,1 Hr,Valid
Phora Durbar Kathmandu,PM2.5 - Principal,2024-04-12 02:00 PM,2024,04,12,14,85.8,172,Unhealthy,74.0,UG/M3,1 Hr,Valid
Phora Durbar Kathmandu,PM2.5 - Principal,2024-04-12 03:00 PM,2024,04,12,15,48.4,133,Unhealthy for Sensitive Groups,11.0,UG/M3,1 Hr,Valid
Phora Durbar Kathmandu,PM2.5 - Principal,2024-04-12 04:00 PM,2024,04,12,16,65.1,158,Unhealthy,82.0,UG/M3,1 Hr,Valid
Phora Durbar Kathmandu,PM2.5 - Principal,2024-04-12 05:00 PM,2024,04,12,17,72.5,163,Unhealthy,80.0,UG/M3,1 Hr,Valid
Phora Durbar Kathmandu,PM2.5 - Principal,2024-04-12 06:00 PM,2024,04,12,18,72.7,163,Unhealthy,73.0,UG/M3,1 Hr,Valid
Phora Durbar Kathmandu,PM2.5 - Principal,2024-04-12 07:00 PM,2024,04,12,19,82.3,170,Unhealthy,92.0,UG/M3,1 Hr,Valid
Phora Durbar Kathmandu,PM2.5 - Principal,2024-04-12 08:00 PM,2024,04,12,20,101.6,183,Unhealthy,121.0,UG/M3,1 Hr,Valid
Phora Durbar Kathmandu,PM2.5 - Principal,2024-04-12 09:00 PM,2024,04,12,21,140.8,216,Very Unhealthy,180.0,UG/M3,1 Hr,Valid
Phora Durbar Kathmandu,PM2.5 - Principal,2024-04-12 10:00 PM,2024,04,12,22,138.9,214,Very Unhealthy,137.0,UG/M3,1 Hr,Valid
Phora Durbar Kathmandu,PM2.5 - Principal,2024-04-12 11:00 PM,2024,04,12,23,141.9,217,Very Unhealthy,145.0,UG/M3,1 Hr,Valid
Phora Durbar Kathmandu,PM2.5 - Principal,2024-04-13 12:00 AM,2024,04,13,00,129.4,205,Very Unhealthy,117.0,UG/M3,1 Hr,Valid
Phora Durbar Kathmandu,PM2.5 - Principal,2024-04-13 01:00 AM,2024,04,13,01,116.7,194,Unhealthy,104.0,UG/M3,1 Hr,Valid
Phora Durbar Kathmandu,PM2.5 - Principal,2024-04-13 02:00 AM,2024,04,13,02,123.3,199,Unhealthy,130.0,UG/M3,1 Hr,Valid
Phora Durbar Kathmandu,PM2.5 - Principal,2024-04-13 03:00 AM,2024,04,13,03,111.2,190,Unhealthy,99.0,UG/M3,1 Hr,Valid
Phora Durbar Kathmandu,PM2.5 - Principal,2024-04-13 04:00 AM,2024,04,13,04,137.1,212,Very Unhealthy,163.0,UG/M3,1 Hr,Valid
Phora Durbar Kathmandu,PM2.5 - Principal,2024-04-13 05:00 AM,2024,04,13,05,145.0,220,Very Unhealthy,153.0,UG/M3,1 Hr,Valid
Phora Durbar Kathmandu,PM2.5 - Principal,2024-04-13 06:00 AM,2024,04,13,06,149.2,224,Very Unhealthy,154.0,UG/M3,1 Hr,Valid
Phora Durbar Kathmandu,PM2.5 - Principal,2024-04-13 07:00 AM,2024,04,13,07,155.7,231,Very Unhealthy,165.0,UG/M3,1 Hr,Valid
Phora Durbar Kathmandu,PM2.5 - Principal,2024-04-13 08:00 AM,2024,04,13,08,130.2,206,Very Unhealthy,99.0,UG/M3,1 Hr,Valid
Phora Durbar Kathmandu,PM2.5 - Principal,2024-04-13 09:00 AM,2024,04,13,09,141.9,217,Very Unhealthy,157.0,UG/M3,1 Hr,Valid
Phora Durbar Kathmandu,PM2.5 - Principal,2024-04-13 10:00 AM,2024,04,13,10,159.8,235,Very Unhealthy,181.0,UG/M3,1 Hr,Valid
Phora Durbar Kathmandu,PM2.5 - Principal,2024-04-13 11:00 AM,2024,04,13,11,141.7,217,Very Unhealthy,120.0,UG/M3,1 Hr,Valid
Phora Durbar Kathmandu,PM2.5 - Principal,2024-04-13 12:00 PM,2024,04,13,12,112.9,191,Unhealthy,85.0,UG/M3,1 Hr,Valid
Phora Durbar Kathmandu,PM2.5 - Principal,2024-04-13 01:00 PM,2024,04,13,13,118.9,195,Unhealthy,125.0,UG/M3,1 Hr,Valid
Phora Durbar Kathmandu,PM2.5 - Principal,2024-04-13 02:00 PM,2024,04,13,14,104.4,185,Unhealthy,90.0,UG/M3,1 Hr,Valid
Phora Durbar Kathmandu,PM2.5 - Principal,2024-04-13 03:00 PM,2024,04,13,15,90.7,176,Unhealthy,77.0,UG/M3,1 Hr,Valid
Phora Durbar Kathmandu,PM2.5 - Principal,2024-04-13 04:00 PM,2024,04,13,16,55.8,151,Unhealthy,21.0,UG/M3,1 Hr,Valid
Phora Durbar Kathmandu,PM2.5 - Principal,2024-04-13 05:00 PM,2024,04,13,17,69.4,161,Unhealthy,83.0,UG/M3,1 Hr,Valid
Phora Durbar Kathmandu,PM2.5 - Principal,2024-04-13 06:00 PM,2024,04,13,18,60.6,155,Unhealthy,52.0,UG/M3,1 Hr,Valid
Phora Durbar Kathmandu,PM2.5 - Principal,2024-04-13 07:00 PM,2024,04,13,19,75.8,165,Unhealthy,91.0,UG/M3,1 Hr,Valid
Phora Durbar Kathmandu,PM2.5 - Principal,2024-04-13 08:00 PM,2024,04,13,20,77.9,167,Unhealthy,80.0,UG/M3,1 Hr,Valid
Phora Durbar Kathmandu,PM2.5 - Principal,2024-04-13 09:00 PM,2024,04,13,21,100.9,183,Unhealthy,124.0,UG/M3,1 Hr,Valid
Phora Durbar Kathmandu,PM2.5 - Principal,2024-04-13 10:00 PM,2024,04,13,22,108.9,188,Unhealthy,117.0,UG/M3,1 Hr,Valid
Phora Durbar Kathmandu,PM2.5 - Principal,2024-04-13 11:00 PM,2024,04,13,23,118.9,195,Unhealthy,129.0,UG/M3,1 Hr,Valid
Phora Durbar Kathmandu,PM2.5 - Principal,2024-04-14 12:00 AM,2024,04,14,00,104.4,185,Unhealthy,90.0,UG/M3,1 Hr,Valid
Phora Durbar Kathmandu,PM2.5 - Principal,2024-04-14 01:00 AM,2024,04,14,01,87.2,173,Unhealthy,70.0,UG/M3,1 Hr,Valid
Phora Durbar Kathmandu,PM2.5 - Principal,2024-04-14 02:00 AM,2024,04,14,02,105.6,186,Unhealthy,124.0,UG/M3,1 Hr,Valid
Phora Durbar Kathmandu,PM2.5 - Principal,2024-04-14 03:00 AM,2024,04,14,03,126.3,202,Very Unhealthy,147.0,UG/M3,1 Hr,Valid
Phora Durbar Kathmandu,PM2.5 - Principal,2024-04-14 04:00 AM,2024,04,14,04,112.6,191,Unhealthy,99.0,UG/M3,1 Hr,Valid
Phora Durbar Kathmandu,PM2.5 - Principal,2024-04-14 05:00 AM,2024,04,14,05,120.3,196,Unhealthy,128.0,UG/M3,1 Hr,Valid
Phora Durbar Kathmandu,PM2.5 - Principal,2024-04-14 06:00 AM,2024,04,14,06,131.1,207,Very Unhealthy,142.0,UG/M3,1 Hr,Valid
Phora Durbar Kathmandu,PM2.5 - Principal,2024-04-14 07:00 AM,2024,04,14,07,125.0,200,Unhealthy,119.0,UG/M3,1 Hr,Valid
Phora Durbar Kathmandu,PM2.5 - Principal,2024-04-14 08:00 AM,2024,04,14,08,142.0,217,Very Unhealthy,159.0,UG/M3,1 Hr,Valid
Phora Durbar Kathmandu,PM2.5 - Principal,2024-04-14 09:00 AM,2024,04,14,09,130.5,206,Very Unhealthy,119.0,UG/M3,1 Hr,Valid
Phora Durbar Kathmandu,PM2.5 - Principal,2024-04-14 10:00 AM,2024,04,14,10,132.7,208,Very Unhealthy,135.0,UG/M3,1 Hr,Valid
Phora Durbar Kathmandu,PM2.5 - Principal,2024-04-14 11:00 AM,2024,04,14,11,114.8,193,Unhealthy,97.0,UG/M3,1 Hr,Valid
Phora Durbar Kathmandu,PM2.5 - Principal,2024-04-14 12:00 PM,2024,04,14,12,90.4,175,Unhealthy,66.0,UG/M3,1 Hr,Valid
Phora Durbar Kathmandu,PM2.5 - Principal,2024-04-14 01:00 PM,2024,04,14,13,68.2,160,Unhealthy,46.0,UG/M3,1 Hr,Valid
Phora Durbar Kathmandu,PM2.5 - Principal,2024-04-14 02:00 PM,2024,04,14,14,63.5,157,Unhealthy,59.0,UG/M3,1 Hr,Valid
Phora Durbar Kathmandu,PM2.5 - Principal,2024-04-14 03:00 PM,2024,04,14,15,34.2,98,Moderate,5.0,UG/M3,1 Hr,Valid
Phora Durbar Kathmandu,PM2.5 - Principal,2024-04-14 04:00 PM,2024,04,14,16,50.1,137,Unhealthy for Sensitive Groups,66.0,UG/M3,1 Hr,Valid
Phora Durbar Kathmandu,PM2.5 - Principal,2024-04-14 05:00 PM,2024,04,14,17,54.5,148,Unhealthy for Sensitive Groups,59.0,UG/M3,1 Hr,Valid
Phora Durbar Kathmandu,PM2.5 - Principal,2024-04-14 06:00 PM,2024,04,14,18,67.7,160,Unhealthy,81.0,UG/M3,1 Hr,Valid
Phora Durbar Kathmandu,PM2.5 - Principal,2024-04-14 07:00 PM,2024,04,14,19,55.8,151,Unhealthy,44.0,UG/M3,1 Hr,Valid
Phora Durbar Kathmandu,PM2.5 - Principal,2024-04-14 08:00 PM,2024,04,14,20,65.4,158,Unhealthy,75.0,UG/M3,1 Hr,Valid
Phora Durbar Kathmandu,PM2.5 - Principal,2024-04-14 09:00 PM,2024,04,14,21,86.7,173,Unhealthy,108.0,UG/M3,1 Hr,Valid
Phora Durbar Kathmandu,PM2.5 - Principal,2024-04-14 10:00 PM,2024,04,14,22,107.3,187,Unhealthy,128.0,UG/M3,1 Hr,Valid
Phora Durbar Kathmandu,PM2.5 - Principal,2024-04-14 11:00 PM,2024,04,14,23,109.1,189,Unhealthy,111.0,UG/M3,1 Hr,Valid
Phora Durbar Kathmandu,PM2.5 - Principal,2024-04-15 12:00 AM,2024,04,15,00,106.0,186,Unhealthy,103.0,UG/M3,1 Hr,Valid
Phora Durbar Kathmandu,PM2.5 - Principal,2024-04-15 01:00 AM,2024,04,15,01,104.0,185,Unhealthy,102.0,UG/M3,1 Hr,Valid
Phora Durbar Kathmandu,PM2.5 - Principal,2024-04-15 02:00 AM,2024,04,15,02,106.0,186,Unhealthy,108.0,UG/M3,1 Hr,Valid
Phora Durbar Kathmandu,PM2.5 - Principal,2024-04-15 03:00 AM,2024,04,15,03,109.5,189,Unhealthy,113.0,UG/M3,1 Hr,Valid
Phora Durbar Kathmandu,PM2.5 - Principal,2024-04-15 04:00 AM,2024,04,15,04,134.2,210,Very Unhealthy,159.0,UG/M3,1 Hr,Valid
Phora Durbar Kathmandu,PM2.5 - Principal,2024-04-15 05:00 AM,2024,04,15,05,117.6,195,Unhealthy,101.0,UG/M3,1 Hr,Valid
Phora Durbar Kathmandu,PM2.5 - Principal,2024-04-15 06:00 AM,2024,04,15,06,116.8,194,Unhealthy,116.0,UG/M3,1 Hr,Valid
Phora Durbar Kathmandu,PM2.5 - Principal,2024-04-15 07:00 AM,2024,04,15,07,125.9,201,Very Unhealthy,135.0,UG/M3,1 Hr,Valid
Phora Durbar Kathmandu,PM2.5 - Principal,2024-04-15 08:00 AM,2024,04,15,08,131.5,207,Very Unhealthy,145.0,UG/M3,1 Hr,Valid
Phora Durbar Kathmandu,PM2.5 - Principal,2024-04-15 09:00 AM,2024,04,15,09,132.4,208,Very Unhealthy,134.0,UG/M3,1 Hr,Valid
Phora Durbar Kathmandu,PM2.5 - Principal,2024-04-15 10:00 AM,2024,04,15,10,138.5,214,Very Unhealthy,149.0,UG/M3,1 Hr,Valid
Phora Durbar Kathmandu,PM2.5 - Principal,2024-04-15 11:00 AM,2024,04,15,11,131.4,207,Very Unhealthy,119.0,UG/M3,1 Hr,Valid
Phora Durbar Kathmandu,PM2.5 - Principal,2024-04-15 12:00 PM,2024,04,15,12,121.7,197,Unhealthy,105.0,UG/M3,1 Hr,Valid
Phora Durbar Kathmandu,PM2.5 - Principal,2024-04-15 01:00 PM,2024,04,15,13,89.8,175,Unhealthy,62.0,UG/M3,1 Hr,Valid
Phora Durbar Kathmandu,PM2.5 - Principal,2024-04-15 02:00 PM,2024,04,15,14,116.9,194,Unhealthy,144.0,UG/M3,1 Hr,Valid
Phora Durbar Kathmandu,PM2.5 - Principal,2024-04-15 03:00 PM,2024,04,15,15,99.9,182,Unhealthy,83.0,UG/M3,1 Hr,Valid
Phora Durbar Kathmandu,PM2.5 - Principal,2024-04-15 04:00 PM,2024,04,15,16,91.9,177,Unhealthy,84.0,UG/M3,1 Hr,Valid
Phora Durbar Kathmandu,PM2.5 - Principal,2024-04-15 05:00 PM,2024,04,15,17,91.4,176,Unhealthy,91.0,UG/M3,1 Hr,Valid
Phora Durbar Kathmandu,PM2.5 - Principal,2024-04-15 06:00 PM,2024,04,15,18,79.7,168,Unhealthy,68.0,UG/M3,1 Hr,Valid
Phora Durbar Kathmandu,PM2.5 - Principal,2024-04-15 07:00 PM,2024,04,15,19,98.8,181,Unhealthy,118.0,UG/M3,1 Hr,Valid
Phora Durbar Kathmandu,PM2.5 - Principal,2024-04-15 08:00 PM,2024,04,15,20,122.4,198,Unhealthy,146.0,UG/M3,1 Hr,Valid
Phora Durbar Kathmandu,PM2.5 - Principal,2024-04-15 09:00 PM,2024,04,15,21,128.2,204,Very Unhealthy,134.0,UG/M3,1 Hr,Valid
Phora Durbar Kathmandu,PM2.5 - Principal,2024-04-15 10:00 PM,2024,04,15,22,134.1,210,Very Unhealthy,140.0,UG/M3,1 Hr,Valid
Phora Durbar Kathmandu,PM2.5 - Principal,2024-04-15 11:00 PM,2024,04,15,23,130.0,205,Very Unhealthy,126.0,UG/M3,1 Hr,Valid
Phora Durbar Kathmandu,PM2.5 - Principal,2024-04-16 12:00 AM,2024,04,16,00,124.0,199,Unhealthy,118.0,UG/M3,1 Hr,Valid
Phora Durbar Kathmandu,PM2.5 - Principal,2024-04-16 01:00 AM,2024,04,16,01,120.5,197,Unhealthy,117.0,UG/M3,1 Hr,Valid
Phora Durbar Kathmandu,PM2.5 - Principal,2024-04-16 02:00 AM,2024,04,16,02,103.2,184,Unhealthy,86.0,UG/M3,1 Hr,Valid
Phora Durbar Kathmandu,PM2.5 - Principal,2024-04-16 03:00 AM,2024,04,16,03,152.1,227,Very Unhealthy,201.0,UG/M3,1 Hr,Valid
Phora Durbar Kathmandu,PM2.5 - Principal,2024-04-16 04:00 AM,2024,04,16,04,142.0,217,Very Unhealthy,132.0,UG/M3,1 Hr,Valid
Phora Durbar Kathmandu,PM2.5 - Principal,2024-04-16 05:00 AM,2024,04,16,05,141.0,216,Very Unhealthy,140.0,UG/M3,1 Hr,Valid
Phora Durbar Kathmandu,PM2.5 - Principal,2024-04-16 06:00 AM,2024,04,16,06,149.5,225,Very Unhealthy,158.0,UG/M3,1 Hr,Valid
Phora Durbar Kathmandu,PM2.5 - Principal,2024-04-16 07:00 AM,2024,04,16,07,145.2,221,Very Unhealthy,141.0,UG/M3,1 Hr,Valid
Phora Durbar Kathmandu,PM2.5 - Principal,2024-04-16 08:00 AM,2024,04,16,08,167.1,242,Very Unhealthy,189.0,UG/M3,1 Hr,Valid
Phora Durbar Kathmandu,PM2.5 - Principal,2024-04-16 09:00 AM,2024,04,16,09,143.5,219,Very Unhealthy,120.0,UG/M3,1 Hr,Valid
Phora Durbar Kathmandu,PM2.5 - Principal,2024-04-16 10:00 AM,2024,04,16,10,163.2,238,Very Unhealthy,183.0,UG/M3,1 Hr,Valid
Phora Durbar Kathmandu,PM2.5 - Principal,2024-04-16 11:00 AM,2024,04,16,11,116.6,194,Unhealthy,70.0,UG/M3,1 Hr,Valid
Phora Durbar Kathmandu,PM2.5 - Principal,2024-04-16 12:00 PM,2024,04,16,12,96.3,180,Unhealthy,76.0,UG/M3,1 Hr,Valid
Phora Durbar Kathmandu,PM2.5 - Principal,2024-04-16 01:00 PM,2024,04,16,13,70.6,162,Unhealthy,45.0,UG/M3,1 Hr,Valid
Phora Durbar Kathmandu,PM2.5 - Principal,2024-04-16 02:00 PM,2024,04,16,14,76.3,166,Unhealthy,82.0,UG/M3,1 Hr,Valid
Phora Durbar Kathmandu,PM2.5 - Principal,2024-04-16 03:00 PM,2024,04,16,15,103.1,184,Unhealthy,130.0,UG/M3,1 Hr,Valid
Phora Durbar Kathmandu,PM2.5 - Principal,2024-04-16 04:00 PM,2024,04,16,16,97.5,180,Unhealthy,92.0,UG/M3,1 Hr,Valid
Phora Durbar Kathmandu,PM2.5 - Principal,2024-04-16 05:00 PM,2024,04,16,17,91.7,176,Unhealthy,86.0,UG/M3,1 Hr,Valid
Phora Durbar Kathmandu,PM2.5 - Principal,2024-04-16 06:00 PM,2024,04,16,18,102.3,184,Unhealthy,113.0,UG/M3,1 Hr,Valid
Phora Durbar Kathmandu,PM2.5 - Principal,2024-04-16 07:00 PM,2024,04,16,19,109.6,189,Unhealthy,117.0,UG/M3,1 Hr,Valid
Phora Durbar Kathmandu,PM2.5 - Principal,2024-04-16 08:00 PM,2024,04,16,20,111.8,190,Unhealthy,114.0,UG/M3,1 Hr,Valid
Phora Durbar Kathmandu,PM2.5 - Principal,2024-04-16 09:00 PM,2024,04,16,21,137.4,213,Very Unhealthy,163.0,UG/M3,1 Hr,Valid
Phora Durbar Kathmandu,PM2.5 - Principal,2024-04-16 10:00 PM,2024,04,16,22,126.2,202,Very Unhealthy,115.0,UG/M3,1 Hr,Valid
Phora Durbar Kathmandu,PM2.5 - Principal,2024-04-16 11:00 PM,2024,04,16,23,89.0,174,Unhealthy,52.0,UG/M3,1 Hr,Valid
Phora Durbar Kathmandu,PM2.5 - Principal,2024-04-17 12:00 AM,2024,04,17,00,88.0,174,Unhealthy,87.0,UG/M3,1 Hr,Valid
Phora Durbar Kathmandu,PM2.5 - Principal,2024-04-17 01:00 AM,2024,04,17,01,93.0,177,Unhealthy,98.0,UG/M3,1 Hr,Valid
Phora Durbar Kathmandu,PM2.5 - Principal,2024-04-17 02:00 AM,2024,04,17,02,91.5,176,Unhealthy,90.0,UG/M3,1 Hr,Valid
Phora Durbar Kathmandu,PM2.5 - Principal,2024-04-17 03:00 AM,2024,04,17,03,90.7,176,Unhealthy,90.0,UG/M3,1 Hr,Valid
Phora Durbar Kathmandu,PM2.5 - Principal,2024-04-17 04:00 AM,2024,04,17,04,62.8,156,Unhealthy,35.0,UG/M3,1 Hr,Valid
Phora Durbar Kathmandu,PM2.5 - Principal,2024-04-17 05:00 AM,2024,04,17,05,88.4,174,Unhealthy,114.0,UG/M3,1 Hr,Valid
Phora Durbar Kathmandu,PM2.5 - Principal,2024-04-17 06:00 AM,2024,04,17,06,69.2,161,Unhealthy,50.0,UG/M3,1 Hr,Valid
Phora Durbar Kathmandu,PM2.5 - Principal,2024-04-17 07:00 AM,2024,04,17,07,75.1,165,Unhealthy,81.0,UG/M3,1 Hr,Valid
Phora Durbar Kathmandu,PM2.5 - Principal,2024-04-17 08:00 AM,2024,04,17,08,107.0,187,Unhealthy,139.0,UG/M3,1 Hr,Valid
Phora Durbar Kathmandu,PM2.5 - Principal,2024-04-17 09:00 AM,2024,04,17,09,100.5,183,Unhealthy,94.0,UG/M3,1 Hr,Valid
Phora Durbar Kathmandu,PM2.5 - Principal,2024-04-17 10:00 AM,2024,04,17,10,78.7,167,Unhealthy,57.0,UG/M3,1 Hr,Valid
Phora Durbar Kathmandu,PM2.5 - Principal,2024-04-17 11:00 AM,2024,04,17,11,73.8,164,Unhealthy,69.0,UG/M3,1 Hr,Valid
Phora Durbar Kathmandu,PM2.5 - Principal,2024-04-17 12:00 PM,2024,04,17,12,79.9,168,Unhealthy,86.0,UG/M3,1 Hr,Valid
Phora Durbar Kathmandu,PM2.5 - Principal,2024-04-17 01:00 PM,2024,04,17,13,67.9,160,Unhealthy,56.0,UG/M3,1 Hr,Valid
Phora Durbar Kathmandu,PM2.5 - Principal,2024-04-17 02:00 PM,2024,04,17,14,66.9,159,Unhealthy,66.0,UG/M3,1 Hr,Valid
Phora Durbar Kathmandu,PM2.5 - Principal,2024-04-17 03:00 PM,2024,04,17,15,73.4,164,Unhealthy,80.0,UG/M3,1 Hr,Valid
Phora Durbar Kathmandu,PM2.5 - Principal,2024-04-17 04:00 PM,2024,04,17,16,72.7,163,Unhealthy,72.0,UG/M3,1 Hr,Valid
Phora Durbar Kathmandu,PM2.5 - Principal,2024-04-17 05:00 PM,2024,04,17,17,77.3,166,Unhealthy,82.0,UG/M3,1 Hr,Valid
Phora Durbar Kathmandu,PM2.5 - Principal,2024-04-17 06:00 PM,2024,04,17,18,87.1,173,Unhealthy,97.0,UG/M3,1 Hr,Valid
Phora Durbar Kathmandu,PM2.5 - Principal,2024-04-17 07:00 PM,2024,04,17,19,95.0,179,Unhealthy,103.0,UG/M3,1 Hr,Valid
Phora Durbar Kathmandu,PM2.5 - Principal,2024-04-17 08:00 PM,2024,04,17,20,120.5,197,Unhealthy,146.0,UG/M3,1 Hr,Valid
Phora Durbar Kathmandu,PM2.5 - Principal,2024-04-17 09:00 PM,2024,04,17,21,115.7,193,Unhealthy,111.0,UG/M3,1 Hr,Valid
Phora Durbar Kathmandu,PM2.5 - Principal,2024-04-17 10:00 PM,2024,04,17,22,109.3,189,Unhealthy,103.0,UG/M3,1 Hr,Valid
Phora Durbar Kathmandu,PM2.5 - Principal,2024-04-17 11:00 PM,2024,04,17,23,113.2,191,Unhealthy,117.0,UG/M3,1 Hr,Valid
Phora Durbar Kathmandu,PM2.5 - Principal,2024-04-18 12:00 AM,2024,04,18,00,119.6,196,Unhealthy,126.0,UG/M3,1 Hr,Valid
Phora Durbar Kathmandu,PM2.5 - Principal,2024-04-18 01:00 AM,2024,04,18,01,97.3,180,Unhealthy,75.0,UG/M3,1 Hr,Valid
Phora Durbar Kathmandu,PM2.5 - Principal,2024-04-18 02:00 AM,2024,04,18,02,133.1,209,Very Unhealthy,169.0,UG/M3,1 Hr,Valid
Phora Durbar Kathmandu,PM2.5 - Principal,2024-04-18 03:00 AM,2024,04,18,03,138.5,214,Very Unhealthy,144.0,UG/M3,1 Hr,Valid
Phora Durbar Kathmandu,PM2.5 - Principal,2024-04-18 04:00 AM,2024,04,18,04,122.7,198,Unhealthy,107.0,UG/M3,1 Hr,Valid
Phora Durbar Kathmandu,PM2.5 - Principal,2024-04-18 05:00 AM,2024,04,18,05,121.4,197,Unhealthy,120.0,UG/M3,1 Hr,Valid
Phora Durbar Kathmandu,PM2.5 - Principal,2024-04-18 06:00 AM,2024,04,18,06,127.7,203,Very Unhealthy,134.0,UG/M3,1 Hr,Valid
Phora Durbar Kathmandu,PM2.5 - Principal,2024-04-18 07:00 AM,2024,04,18,07,124.8,200,Unhealthy,122.0,UG/M3,1 Hr,Valid
Phora Durbar Kathmandu,PM2.5 - Principal,2024-04-18 08:00 AM,2024,04,18,08,125.9,201,Very Unhealthy,127.0,UG/M3,1 Hr,Valid
Phora Durbar Kathmandu,PM2.5 - Principal,2024-04-18 09:00 AM,2024,04,18,09,129.4,205,Very Unhealthy,133.0,UG/M3,1 Hr,Valid
Phora Durbar Kathmandu,PM2.5 - Principal,2024-04-18 10:00 AM,2024,04,18,10,132.7,208,Very Unhealthy,136.0,UG/M3,1 Hr,Valid
Phora Durbar Kathmandu,PM2.5 - Principal,2024-04-18 11:00 AM,2024,04,18,11,126.8,202,Very Unhealthy,121.0,UG/M3,1 Hr,Valid
Phora Durbar Kathmandu,PM2.5 - Principal,2024-04-18 12:00 PM,2024,04,18,12,112.9,191,Unhealthy,99.0,UG/M3,1 Hr,Valid
Phora Durbar Kathmandu,PM2.5 - Principal,2024-04-18 01:00 PM,2024,04,18,13,76.9,166,Unhealthy,41.0,UG/M3,1 Hr,Valid
Phora Durbar Kathmandu,PM2.5 - Principal,2024-04-18 02:00 PM,2024,04,18,14,83.9,171,Unhealthy,91.0,UG/M3,1 Hr,Valid
Phora Durbar Kathmandu,PM2.5 - Principal,2024-04-18 03:00 PM,2024,04,18,15,75.9,165,Unhealthy,68.0,UG/M3,1 Hr,Valid
Phora Durbar Kathmandu,PM2.5 - Principal,2024-04-18 04:00 PM,2024,04,18,16,77.4,166,Unhealthy,79.0,UG/M3,1 Hr,Valid
Phora Durbar Kathmandu,PM2.5 - Principal,2024-04-18 05:00 PM,2024,04,18,17,76.2,166,Unhealthy,75.0,UG/M3,1 Hr,Valid
Phora Durbar Kathmandu,PM2.5 - Principal,2024-04-18 06:00 PM,2024,04,18,18,83.1,170,Unhealthy,90.0,UG/M3,1 Hr,Valid
Phora Durbar Kathmandu,PM2.5 - Principal,2024-04-18 07:00 PM,2024,04,18,19,84.0,171,Unhealthy,85.0,UG/M3,1 Hr,Valid
Phora Durbar Kathmandu,PM2.5 - Principal,2024-04-18 08:00 PM,2024,04,18,20,99.0,181,Unhealthy,114.0,UG/M3,1 Hr,Valid
Phora Durbar Kathmandu,PM2.5 - Principal,2024-04-18 09:00 PM,2024,04,18,21,80.0,168,Unhealthy,61.0,UG/M3,1 Hr,Valid
Phora Durbar Kathmandu,PM2.5 - Principal,2024-04-18 10:00 PM,2024,04,18,22,87.4,173,Unhealthy,95.0,UG/M3,1 Hr,Valid
Phora Durbar Kathmandu,PM2.5 - Principal,2024-04-18 11:00 PM,2024,04,18,23,92.7,177,Unhealthy,98.0,UG/M3,1 Hr,Valid
Phora Durbar Kathmandu,PM2.5 - Principal,2024-04-19 12:00 AM,2024,04,19,00,99.3,182,Unhealthy,106.0,UG/M3,1 Hr,Valid
Phora Durbar Kathmandu,PM2.5 - Principal,2024-04-19 01:00 AM,2024,04,19,01,101.1,183,Unhealthy,104.0,UG/M3,1 Hr,Valid
Phora Durbar Kathmandu,PM2.5 - Principal,2024-04-19 02:00 AM,2024,04,19,02,109.4,189,Unhealthy,118.0,UG/M3,1 Hr,Valid
Phora Durbar Kathmandu,PM2.5 - Principal,2024-04-19 03:00 AM,2024,04,19,03,104.8,186,Unhealthy,100.0,UG/M3,1 Hr,Valid
Phora Durbar Kathmandu,PM2.5 - Principal,2024-04-19 04:00 AM,2024,04,19,04,116.9,194,Unhealthy,129.0,UG/M3,1 Hr,Valid
Phora Durbar Kathmandu,PM2.5 - Principal,2024-04-19 05:00 AM,2024,04,19,05,119.4,196,Unhealthy,122.0,UG/M3,1 Hr,Valid
Phora Durbar Kathmandu,PM2.5 - Principal,2024-04-19 06:00 AM,2024,04,19,06,125.7,201,Very Unhealthy,132.0,UG/M3,1 Hr,Valid
Phora Durbar Kathmandu,PM2.5 - Principal,2024-04-19 07:00 AM,2024,04,19,07,126.3,202,Very Unhealthy,127.0,UG/M3,1 Hr,Valid
Phora Durbar Kathmandu,PM2.5 - Principal,2024-04-19 08:00 AM,2024,04,19,08,136.6,212,Very Unhealthy,147.0,UG/M3,1 Hr,Valid
Phora Durbar Kathmandu,PM2.5 - Principal,2024-04-19 09:00 AM,2024,04,19,09,136.0,211,Very Unhealthy,143.0,UG/M3,1 Hr,Valid
Phora Durbar Kathmandu,PM2.5 - Principal,2024-04-19 10:00 AM,2024,04,19,10,144.4,220,Very Unhealthy,157.0,UG/M3,1 Hr,Valid
Phora Durbar Kathmandu,PM2.5 - Principal,2024-04-19 11:00 AM,2024,04,19,11,147.3,223,Very Unhealthy,153.0,UG/M3,1 Hr,Valid
Phora Durbar Kathmandu,PM2.5 - Principal,2024-04-19 12:00 PM,2024,04,19,12,125.9,201,Very Unhealthy,93.0,UG/M3,1 Hr,Valid
Phora Durbar Kathmandu,PM2.5 - Principal,2024-04-19 01:00 PM,2024,04,19,13,106.0,186,Unhealthy,85.0,UG/M3,1 Hr,Valid
Phora Durbar Kathmandu,PM2.5 - Principal,2024-04-19 02:00 PM,2024,04,19,14,96.3,180,Unhealthy,85.0,UG/M3,1 Hr,Valid
Phora Durbar Kathmandu,PM2.5 - Principal,2024-04-19 03:00 PM,2024,04,19,15,96.3,180,Unhealthy,-999.0,UG/M3,1 Hr,Missing
Phora Durbar Kathmandu,PM2.5 - Principal,2024-04-19 06:00 PM,2024,04,19,18,-999.0,-999,N/A,83.0,UG/M3,1 Hr,Valid
Phora Durbar Kathmandu,PM2.5 - Principal,2024-04-19 07:00 PM,2024,04,19,19,91.7,176,Unhealthy,96.0,UG/M3,1 Hr,Valid
Phora Durbar Kathmandu,PM2.5 - Principal,2024-04-19 08:00 PM,2024,04,19,20,59.3,154,Unhealthy,34.0,UG/M3,1 Hr,Valid
Phora Durbar Kathmandu,PM2.5 - Principal,2024-04-19 09:00 PM,2024,04,19,21,101.9,184,Unhealthy,140.0,UG/M3,1 Hr,Valid
Phora Durbar Kathmandu,PM2.5 - Principal,2024-04-19 10:00 PM,2024,04,19,22,116.3,194,Unhealthy,130.0,UG/M3,1 Hr,Valid
Phora Durbar Kathmandu,PM2.5 - Principal,2024-04-19 11:00 PM,2024,04,19,23,119.2,196,Unhealthy,122.0,UG/M3,1 Hr,Valid
Phora Durbar Kathmandu,PM2.5 - Principal,2024-04-20 12:00 AM,2024,04,20,00,146.3,222,Very Unhealthy,173.0,UG/M3,1 Hr,Valid
Phora Durbar Kathmandu,PM2.5 - Principal,2024-04-20 01:00 AM,2024,04,20,01,129.6,205,Very Unhealthy,113.0,UG/M3,1 Hr,Valid
Phora Durbar Kathmandu,PM2.5 - Principal,2024-04-20 02:00 AM,2024,04,20,02,113.2,191,Unhealthy,97.0,UG/M3,1 Hr,Valid
Phora Durbar Kathmandu,PM2.5 - Principal,2024-04-20 03:00 AM,2024,04,20,03,114.1,192,Unhealthy,115.0,UG/M3,1 Hr,Valid
Phora Durbar Kathmandu,PM2.5 - Principal,2024-04-20 04:00 AM,2024,04,20,04,94.5,178,Unhealthy,75.0,UG/M3,1 Hr,Valid
Phora Durbar Kathmandu,PM2.5 - Principal,2024-04-20 05:00 AM,2024,04,20,05,127.7,203,Very Unhealthy,161.0,UG/M3,1 Hr,Valid
Phora Durbar Kathmandu,PM2.5 - Principal,2024-04-20 06:00 AM,2024,04,20,06,88.8,174,Unhealthy,50.0,UG/M3,1 Hr,Valid
Phora Durbar Kathmandu,PM2.5 - Principal,2024-04-20 07:00 AM,2024,04,20,07,96.4,180,Unhealthy,104.0,UG/M3,1 Hr,Valid
Phora Durbar Kathmandu,PM2.5 - Principal,2024-04-20 08:00 AM,2024,04,20,08,104.2,185,Unhealthy,112.0,UG/M3,1 Hr,Valid
Phora Durbar Kathmandu,PM2.5 - Principal,2024-04-20 09:00 AM,2024,04,20,09,118.6,195,Unhealthy,133.0,UG/M3,1 Hr,Valid
Phora Durbar Kathmandu,PM2.5 - Principal,2024-04-20 10:00 AM,2024,04,20,10,113.3,192,Unhealthy,108.0,UG/M3,1 Hr,Valid
Phora Durbar Kathmandu,PM2.5 - Principal,2024-04-20 11:00 AM,2024,04,20,11,74.1,164,Unhealthy,35.0,UG/M3,1 Hr,Valid
Phora Durbar Kathmandu,PM2.5 - Principal,2024-04-20 12:00 PM,2024,04,20,12,72.0,163,Unhealthy,70.0,UG/M3,1 Hr,Valid
Phora Durbar Kathmandu,PM2.5 - Principal,2024-04-20 01:00 PM,2024,04,20,13,63.0,156,Unhealthy,54.0,UG/M3,1 Hr,Valid
Phora Durbar Kathmandu,PM2.5 - Principal,2024-04-20 02:00 PM,2024,04,20,14,58.5,153,Unhealthy,54.0,UG/M3,1 Hr,Valid
Phora Durbar Kathmandu,PM2.5 - Principal,2024-04-20 03:00 PM,2024,04,20,15,50.7,138,Unhealthy for Sensitive Groups,43.0,UG/M3,1 Hr,Valid
Phora Durbar Kathmandu,PM2.5 - Principal,2024-04-20 04:00 PM,2024,04,20,16,52.3,142,Unhealthy for Sensitive Groups,54.0,UG/M3,1 Hr,Valid
Phora Durbar Kathmandu,PM2.5 - Principal,2024-04-20 05:00 PM,2024,04,20,17,61.6,155,Unhealthy,71.0,UG/M3,1 Hr,Valid
Phora Durbar Kathmandu,PM2.5 - Principal,2024-04-20 06:00 PM,2024,04,20,18,81.3,169,Unhealthy,101.0,UG/M3,1 Hr,Valid
Phora Durbar Kathmandu,PM2.5 - Principal,2024-04-20 07:00 PM,2024,04,20,19,78.1,167,Unhealthy,75.0,UG/M3,1 Hr,Valid
Phora Durbar Kathmandu,PM2.5 - Principal,2024-04-20 08:00 PM,2024,04,20,20,94.0,178,Unhealthy,110.0,UG/M3,1 Hr,Valid
Phora Durbar Kathmandu,PM2.5 - Principal,2024-04-20 09:00 PM,2024,04,20,21,73.5,164,Unhealthy,53.0,UG/M3,1 Hr,Valid
Phora Durbar Kathmandu,PM2.5 - Principal,2024-04-20 10:00 PM,2024,04,20,22,78.2,167,Unhealthy,83.0,UG/M3,1 Hr,Valid
Phora Durbar Kathmandu,PM2.5 - Principal,2024-04-20 11:00 PM,2024,04,20,23,114.1,192,Unhealthy,150.0,UG/M3,1 Hr,Valid
Phora Durbar Kathmandu,PM2.5 - Principal,2024-04-21 12:00 AM,2024,04,21,00,107.0,187,Unhealthy,100.0,UG/M3,1 Hr,Valid
Phora Durbar Kathmandu,PM2.5 - Principal,2024-04-21 01:00 AM,2024,04,21,01,93.5,178,Unhealthy,80.0,UG/M3,1 Hr,Valid
Phora Durbar Kathmandu,PM2.5 - Principal,2024-04-21 02:00 AM,2024,04,21,02,102.2,184,Unhealthy,111.0,UG/M3,1 Hr,Valid
Phora Durbar Kathmandu,PM2.5 - Principal,2024-04-21 03:00 AM,2024,04,21,03,88.6,174,Unhealthy,75.0,UG/M3,1 Hr,Valid
Phora Durbar Kathmandu,PM2.5 - Principal,2024-04-21 04:00 AM,2024,04,21,04,78.8,167,Unhealthy,69.0,UG/M3,1 Hr,Valid
Phora Durbar Kathmandu,PM2.5 - Principal,2024-04-21 05:00 AM,2024,04,21,05,78.4,167,Unhealthy,78.0,UG/M3,1 Hr,Valid
Phora Durbar Kathmandu,PM2.5 - Principal,2024-04-21 06:00 AM,2024,04,21,06,90.7,176,Unhealthy,103.0,UG/M3,1 Hr,Valid
Phora Durbar Kathmandu,PM2.5 - Principal,2024-04-21 07:00 AM,2024,04,21,07,105.8,186,Unhealthy,121.0,UG/M3,1 Hr,Valid
Phora Durbar Kathmandu,PM2.5 - Principal,2024-04-21 08:00 AM,2024,04,21,08,126.9,202,Very Unhealthy,148.0,UG/M3,1 Hr,Valid
Phora Durbar Kathmandu,PM2.5 - Principal,2024-04-21 09:00 AM,2024,04,21,09,113.9,192,Unhealthy,101.0,UG/M3,1 Hr,Valid
Phora Durbar Kathmandu,PM2.5 - Principal,2024-04-21 10:00 AM,2024,04,21,10,107.9,188,Unhealthy,102.0,UG/M3,1 Hr,Valid
Phora Durbar Kathmandu,PM2.5 - Principal,2024-04-21 11:00 AM,2024,04,21,11,95.9,179,Unhealthy,84.0,UG/M3,1 Hr,Valid
Phora Durbar Kathmandu,PM2.5 - Principal,2024-04-21 12:00 PM,2024,04,21,12,73.4,164,Unhealthy,51.0,UG/M3,1 Hr,Valid
Phora Durbar Kathmandu,PM2.5 - Principal,2024-04-21 01:00 PM,2024,04,21,13,62.2,156,Unhealthy,51.0,UG/M3,1 Hr,Valid
Phora Durbar Kathmandu,PM2.5 - Principal,2024-04-21 02:00 PM,2024,04,21,14,71.1,162,Unhealthy,80.0,UG/M3,1 Hr,Valid
Phora Durbar Kathmandu,PM2.5 - Principal,2024-04-21 03:00 PM,2024,04,21,15,63.5,157,Unhealthy,56.0,UG/M3,1 Hr,Valid
Phora Durbar Kathmandu,PM2.5 - Principal,2024-04-21 04:00 PM,2024,04,21,16,112.7,191,Unhealthy,162.0,UG/M3,1 Hr,Valid
Phora Durbar Kathmandu,PM2.5 - Principal,2024-04-21 05:00 PM,2024,04,21,17,94.8,179,Unhealthy,77.0,UG/M3,1 Hr,Valid
Phora Durbar Kathmandu,PM2.5 - Principal,2024-04-21 06:00 PM,2024,04,21,18,97.4,180,Unhealthy,100.0,UG/M3,1 Hr,Valid
Phora Durbar Kathmandu,PM2.5 - Principal,2024-04-21 07:00 PM,2024,04,21,19,99.7,182,Unhealthy,102.0,UG/M3,1 Hr,Valid
Phora Durbar Kathmandu,PM2.5 - Principal,2024-04-21 08:00 PM,2024,04,21,20,133.8,209,Very Unhealthy,168.0,UG/M3,1 Hr,Valid
Phora Durbar Kathmandu,PM2.5 - Principal,2024-04-21 09:00 PM,2024,04,21,21,146.4,222,Very Unhealthy,159.0,UG/M3,1 Hr,Valid
Phora Durbar Kathmandu,PM2.5 - Principal,2024-04-21 10:00 PM,2024,04,21,22,144.2,220,Very Unhealthy,142.0,UG/M3,1 Hr,Valid
Phora Durbar Kathmandu,PM2.5 - Principal,2024-04-21 11:00 PM,2024,04,21,23,150.1,225,Very Unhealthy,156.0,UG/M3,1 Hr,Valid
Phora Durbar Kathmandu,PM2.5 - Principal,2024-04-22 12:00 AM,2024,04,22,00,142.5,218,Very Unhealthy,135.0,UG/M3,1 Hr,Valid
Phora Durbar Kathmandu,PM2.5 - Principal,2024-04-22 01:00 AM,2024,04,22,01,128.7,204,Very Unhealthy,115.0,UG/M3,1 Hr,Valid
Phora Durbar Kathmandu,PM2.5 - Principal,2024-04-22 02:00 AM,2024,04,22,02,126.9,202,Very Unhealthy,125.0,UG/M3,1 Hr,Valid
Phora Durbar Kathmandu,PM2.5 - Principal,2024-04-22 03:00 AM,2024,04,22,03,140.9,216,Very Unhealthy,155.0,UG/M3,1 Hr,Valid
Phora Durbar Kathmandu,PM2.5 - Principal,2024-04-22 04:00 AM,2024,04,22,04,134.9,210,Very Unhealthy,129.0,UG/M3,1 Hr,Valid
Phora Durbar Kathmandu,PM2.5 - Principal,2024-04-22 05:00 AM,2024,04,22,05,93.9,178,Unhealthy,53.0,UG/M3,1 Hr,Valid
Phora Durbar Kathmandu,PM2.5 - Principal,2024-04-22 06:00 AM,2024,04,22,06,120.9,197,Unhealthy,148.0,UG/M3,1 Hr,Valid
Phora Durbar Kathmandu,PM2.5 - Principal,2024-04-22 07:00 AM,2024,04,22,07,126.0,201,Very Unhealthy,131.0,UG/M3,1 Hr,Valid
Phora Durbar Kathmandu,PM2.5 - Principal,2024-04-22 08:00 AM,2024,04,22,08,142.0,217,Very Unhealthy,158.0,UG/M3,1 Hr,Valid
Phora Durbar Kathmandu,PM2.5 - Principal,2024-04-22 09:00 AM,2024,04,22,09,182.0,257,Very Unhealthy,222.0,UG/M3,1 Hr,Valid
Phora Durbar Kathmandu,PM2.5 - Principal,2024-04-22 10:00 AM,2024,04,22,10,135.9,211,Very Unhealthy,90.0,UG/M3,1 Hr,Valid
Phora Durbar Kathmandu,PM2.5 - Principal,2024-04-22 11:00 AM,2024,04,22,11,152.5,228,Very Unhealthy,169.0,UG/M3,1 Hr,Valid
Phora Durbar Kathmandu,PM2.5 - Principal,2024-04-22 12:00 PM,2024,04,22,12,123.2,198,Unhealthy,94.0,UG/M3,1 Hr,Valid
Phora Durbar Kathmandu,PM2.5 - Principal,2024-04-22 01:00 PM,2024,04,22,13,137.1,212,Very Unhealthy,151.0,UG/M3,1 Hr,Valid
Phora Durbar Kathmandu,PM2.5 - Principal,2024-04-22 02:00 PM,2024,04,22,14,111.5,190,Unhealthy,86.0,UG/M3,1 Hr,Valid
Phora Durbar Kathmandu,PM2.5 - Principal,2024-04-22 03:00 PM,2024,04,22,15,82.7,170,Unhealthy,54.0,UG/M3,1 Hr,Valid
Phora Durbar Kathmandu,PM2.5 - Principal,2024-04-22 04:00 PM,2024,04,22,16,73.8,164,Unhealthy,65.0,UG/M3,1 Hr,Valid
Phora Durbar Kathmandu,PM2.5 - Principal,2024-04-22 05:00 PM,2024,04,22,17,63.4,157,Unhealthy,53.0,UG/M3,1 Hr,Valid
Phora Durbar Kathmandu,PM2.5 - Principal,2024-04-22 06:00 PM,2024,04,22,18,59.7,154,Unhealthy,56.0,UG/M3,1 Hr,Valid
Phora Durbar Kathmandu,PM2.5 - Principal,2024-04-22 07:00 PM,2024,04,22,19,67.3,159,Unhealthy,75.0,UG/M3,1 Hr,Valid
Phora Durbar Kathmandu,PM2.5 - Principal,2024-04-22 08:00 PM,2024,04,22,20,70.1,161,Unhealthy,73.0,UG/M3,1 Hr,Valid
Phora Durbar Kathmandu,PM2.5 - Principal,2024-04-22 09:00 PM,2024,04,22,21,51.0,139,Unhealthy for Sensitive Groups,32.0,UG/M3,1 Hr,Valid
Phora Durbar Kathmandu,PM2.5 - Principal,2024-04-22 10:00 PM,2024,04,22,22,82.5,170,Unhealthy,114.0,UG/M3,1 Hr,Valid
Phora Durbar Kathmandu,PM2.5 - Principal,2024-04-22 11:00 PM,2024,04,22,23,107.7,188,Unhealthy,133.0,UG/M3,1 Hr,Valid
Phora Durbar Kathmandu,PM2.5 - Principal,2024-04-23 12:00 AM,2024,04,23,00,104.3,185,Unhealthy,101.0,UG/M3,1 Hr,Valid
Phora Durbar Kathmandu,PM2.5 - Principal,2024-04-23 01:00 AM,2024,04,23,01,89.1,175,Unhealthy,74.0,UG/M3,1 Hr,Valid
Phora Durbar Kathmandu,PM2.5 - Principal,2024-04-23 02:00 AM,2024,04,23,02,87.0,173,Unhealthy,85.0,UG/M3,1 Hr,Valid
Phora Durbar Kathmandu,PM2.5 - Principal,2024-04-23 03:00 AM,2024,04,23,03,89.5,175,Unhealthy,92.0,UG/M3,1 Hr,Valid
Phora Durbar Kathmandu,PM2.5 - Principal,2024-04-23 04:00 AM,2024,04,23,04,95.2,179,Unhealthy,101.0,UG/M3,1 Hr,Valid
Phora Durbar Kathmandu,PM2.5 - Principal,2024-04-23 05:00 AM,2024,04,23,05,86.1,172,Unhealthy,77.0,UG/M3,1 Hr,Valid
Phora Durbar Kathmandu,PM2.5 - Principal,2024-04-23 06:00 AM,2024,04,23,06,86.5,173,Unhealthy,87.0,UG/M3,1 Hr,Valid
Phora Durbar Kathmandu,PM2.5 - Principal,2024-04-23 07:00 AM,2024,04,23,07,85.7,172,Unhealthy,85.0,UG/M3,1 Hr,Valid
Phora Durbar Kathmandu,PM2.5 - Principal,2024-04-23 08:00 AM,2024,04,23,08,95.8,179,Unhealthy,106.0,UG/M3,1 Hr,Valid
Phora Durbar Kathmandu,PM2.5 - Principal,2024-04-23 09:00 AM,2024,04,23,09,85.6,172,Unhealthy,74.0,UG/M3,1 Hr,Valid
Phora Durbar Kathmandu,PM2.5 - Principal,2024-04-23 10:00 AM,2024,04,23,10,90.2,175,Unhealthy,96.0,UG/M3,1 Hr,Valid
Phora Durbar Kathmandu,PM2.5 - Principal,2024-04-23 11:00 AM,2024,04,23,11,69.7,161,Unhealthy,49.0,UG/M3,1 Hr,Valid
Phora Durbar Kathmandu,PM2.5 - Principal,2024-04-23 12:00 PM,2024,04,23,12,48.3,133,Unhealthy for Sensitive Groups,27.0,UG/M3,1 Hr,Valid
Phora Durbar Kathmandu,PM2.5 - Principal,2024-04-23 01:00 PM,2024,04,23,13,45.6,126,Unhealthy for Sensitive Groups,43.0,UG/M3,1 Hr,Valid
Phora Durbar Kathmandu,PM2.5 - Principal,2024-04-23 02:00 PM,2024,04,23,14,50.8,139,Unhealthy for Sensitive Groups,56.0,UG/M3,1 Hr,Valid
Phora Durbar Kathmandu,PM2.5 - Principal,2024-04-23 03:00 PM,2024,04,23,15,54.9,149,Unhealthy for Sensitive Groups,59.0,UG/M3,1 Hr,Valid
Phora Durbar Kathmandu,PM2.5 - Principal,2024-04-23 04:00 PM,2024,04,23,16,53.9,146,Unhealthy for Sensitive Groups,53.0,UG/M3,1 Hr,Valid
Phora Durbar Kathmandu,PM2.5 - Principal,2024-04-23 05:00 PM,2024,04,23,17,67.4,159,Unhealthy,81.0,UG/M3,1 Hr,Valid
Phora Durbar Kathmandu,PM2.5 - Principal,2024-04-23 06:00 PM,2024,04,23,18,66.2,159,Unhealthy,65.0,UG/M3,1 Hr,Valid
Phora Durbar Kathmandu,PM2.5 - Principal,2024-04-23 07:00 PM,2024,04,23,19,61.6,155,Unhealthy,57.0,UG/M3,1 Hr,Valid
Phora Durbar Kathmandu,PM2.5 - Principal,2024-04-23 08:00 PM,2024,04,23,20,36.7,104,Unhealthy for Sensitive Groups,12.0,UG/M3,1 Hr,Valid
Phora Durbar Kathmandu,PM2.5 - Principal,2024-04-23 09:00 PM,2024,04,23,21,51.3,140,Unhealthy for Sensitive Groups,66.0,UG/M3,1 Hr,Valid
Phora Durbar Kathmandu,PM2.5 - Principal,2024-04-23 10:00 PM,2024,04,23,22,76.1,165,Unhealthy,101.0,UG/M3,1 Hr,Valid
Phora Durbar Kathmandu,PM2.5 - Principal,2024-04-23 11:00 PM,2024,04,23,23,71.6,162,Unhealthy,67.0,UG/M3,1 Hr,Valid
Phora Durbar Kathmandu,PM2.5 - Principal,2024-04-24 12:00 AM,2024,04,24,00,69.8,161,Unhealthy,68.0,UG/M3,1 Hr,Valid
Phora Durbar Kathmandu,PM2.5 - Principal,2024-04-24 01:00 AM,2024,04,24,01,70.9,162,Unhealthy,72.0,UG/M3,1 Hr,Valid
Phora Durbar Kathmandu,PM2.5 - Principal,2024-04-24 02:00 AM,2024,04,24,02,70.9,162,Unhealthy,71.0,UG/M3,1 Hr,Valid
Phora Durbar Kathmandu,PM2.5 - Principal,2024-04-24 03:00 AM,2024,04,24,03,85.4,172,Unhealthy,100.0,UG/M3,1 Hr,Valid
Phora Durbar Kathmandu,PM2.5 - Principal,2024-04-24 04:00 AM,2024,04,24,04,76.2,166,Unhealthy,67.0,UG/M3,1 Hr,Valid
Phora Durbar Kathmandu,PM2.5 - Principal,2024-04-24 05:00 AM,2024,04,24,05,72.6,163,Unhealthy,69.0,UG/M3,1 Hr,Valid
Phora Durbar Kathmandu,PM2.5 - Principal,2024-04-24 06:00 AM,2024,04,24,06,75.8,165,Unhealthy,79.0,UG/M3,1 Hr,Valid
Phora Durbar Kathmandu,PM2.5 - Principal,2024-04-24 07:00 AM,2024,04,24,07,81.4,169,Unhealthy,87.0,UG/M3,1 Hr,Valid
Phora Durbar Kathmandu,PM2.5 - Principal,2024-04-24 08:00 AM,2024,04,24,08,90.4,175,Unhealthy,107.0,UG/M3,1 Hr,Valid
Phora Durbar Kathmandu,PM2.5 - Principal,2024-04-24 09:00 AM,2024,04,24,09,124.1,199,Unhealthy,154.0,UG/M3,1 Hr,Valid
Phora Durbar Kathmandu,PM2.5 - Principal,2024-04-24 10:00 AM,2024,04,24,10,112.5,191,Unhealthy,101.0,UG/M3,1 Hr,Valid
Phora Durbar Kathmandu,PM2.5 - Principal,2024-04-24 11:00 AM,2024,04,24,11,94.2,178,Unhealthy,76.0,UG/M3,1 Hr,Valid
Phora Durbar Kathmandu,PM2.5 - Principal,2024-04-24 12:00 PM,2024,04,24,12,86.1,172,Unhealthy,78.0,UG/M3,1 Hr,Valid
Phora Durbar Kathmandu,PM2.5 - Principal,2024-04-24 01:00 PM,2024,04,24,13,112.5,191,Unhealthy,139.0,UG/M3,1 Hr,Valid
Phora Durbar Kathmandu,PM2.5 - Principal,2024-04-24 02:00 PM,2024,04,24,14,110.7,190,Unhealthy,109.0,UG/M3,1 Hr,Valid
Phora Durbar Kathmandu,PM2.5 - Principal,2024-04-24 03:00 PM,2024,04,24,15,83.8,171,Unhealthy,57.0,UG/M3,1 Hr,Valid
Phora Durbar Kathmandu,PM2.5 - Principal,2024-04-24 04:00 PM,2024,04,24,16,77.9,167,Unhealthy,72.0,UG/M3,1 Hr,Valid
Phora Durbar Kathmandu,PM2.5 - Principal,2024-04-24 05:00 PM,2024,04,24,17,77.9,167,Unhealthy,78.0,UG/M3,1 Hr,Valid
Phora Durbar Kathmandu,PM2.5 - Principal,2024-04-24 06:00 PM,2024,04,24,18,84.9,172,Unhealthy,92.0,UG/M3,1 Hr,Valid
Phora Durbar Kathmandu,PM2.5 - Principal,2024-04-24 07:00 PM,2024,04,24,19,89.4,175,Unhealthy,94.0,UG/M3,1 Hr,Valid
Phora Durbar Kathmandu,PM2.5 - Principal,2024-04-24 08:00 PM,2024,04,24,20,118.2,195,Unhealthy,147.0,UG/M3,1 Hr,Valid
Phora Durbar Kathmandu,PM2.5 - Principal,2024-04-24 09:00 PM,2024,04,24,21,123.1,198,Unhealthy,128.0,UG/M3,1 Hr,Valid
Phora Durbar Kathmandu,PM2.5 - Principal,2024-04-24 10:00 PM,2024,04,24,22,116.5,194,Unhealthy,110.0,UG/M3,1 Hr,Valid
Phora Durbar Kathmandu,PM2.5 - Principal,2024-04-24 11:00 PM,2024,04,24,23,129.7,205,Very Unhealthy,143.0,UG/M3,1 Hr,Valid
Phora Durbar Kathmandu,PM2.5 - Principal,2024-04-25 12:00 AM,2024,04,25,00,112.8,191,Unhealthy,96.0,UG/M3,1 Hr,Valid
Phora Durbar Kathmandu,PM2.5 - Principal,2024-04-25 01:00 AM,2024,04,25,01,97.4,180,Unhealthy,82.0,UG/M3,1 Hr,Valid
Phora Durbar Kathmandu,PM2.5 - Principal,2024-04-25 02:00 AM,2024,04,25,02,118.7,195,Unhealthy,140.0,UG/M3,1 Hr,Valid
Phora Durbar Kathmandu,PM2.5 - Principal,2024-04-25 03:00 AM,2024,04,25,03,105.3,186,Unhealthy,92.0,UG/M3,1 Hr,Valid
Phora Durbar Kathmandu,PM2.5 - Principal,2024-04-25 04:00 AM,2024,04,25,04,65.6,158,Unhealthy,26.0,UG/M3,1 Hr,Valid
Phora Durbar Kathmandu,PM2.5 - Principal,2024-04-25 05:00 AM,2024,04,25,05,87.8,174,Unhealthy,110.0,UG/M3,1 Hr,Valid
Phora Durbar Kathmandu,PM2.5 - Principal,2024-04-25 06:00 AM,2024,04,25,06,94.4,178,Unhealthy,101.0,UG/M3,1 Hr,Valid
Phora Durbar Kathmandu,PM2.5 - Principal,2024-04-25 07:00 AM,2024,04,25,07,109.7,189,Unhealthy,125.0,UG/M3,1 Hr,Valid
Phora Durbar Kathmandu,PM2.5 - Principal,2024-04-25 08:00 AM,2024,04,25,08,102.3,184,Unhealthy,95.0,UG/M3,1 Hr,Valid
Phora Durbar Kathmandu,PM2.5 - Principal,2024-04-25 09:00 AM,2024,04,25,09,94.6,178,Unhealthy,87.0,UG/M3,1 Hr,Valid
Phora Durbar Kathmandu,PM2.5 - Principal,2024-04-25 10:00 AM,2024,04,25,10,120.8,197,Unhealthy,147.0,UG/M3,1 Hr,Valid
Phora Durbar Kathmandu,PM2.5 - Principal,2024-04-25 11:00 AM,2024,04,25,11,113.4,192,Unhealthy,106.0,UG/M3,1 Hr,Valid
Phora Durbar Kathmandu,PM2.5 - Principal,2024-04-25 12:00 PM,2024,04,25,12,127.2,203,Very Unhealthy,141.0,UG/M3,1 Hr,Valid
Phora Durbar Kathmandu,PM2.5 - Principal,2024-04-25 01:00 PM,2024,04,25,13,106.1,186,Unhealthy,85.0,UG/M3,1 Hr,Valid
Phora Durbar Kathmandu,PM2.5 - Principal,2024-04-25 02:00 PM,2024,04,25,14,116.0,193,Unhealthy,126.0,UG/M3,1 Hr,Valid
Phora Durbar Kathmandu,PM2.5 - Principal,2024-04-25 03:00 PM,2024,04,25,15,107.5,187,Unhealthy,99.0,UG/M3,1 Hr,Valid
Phora Durbar Kathmandu,PM2.5 - Principal,2024-04-25 04:00 PM,2024,04,25,16,115.1,193,Unhealthy,124.0,UG/M3,1 Hr,Valid
Phora Durbar Kathmandu,PM2.5 - Principal,2024-04-25 05:00 PM,2024,04,25,17,104.5,185,Unhealthy,90.0,UG/M3,1 Hr,Valid
Phora Durbar Kathmandu,PM2.5 - Principal,2024-04-25 06:00 PM,2024,04,25,18,90.0,175,Unhealthy,76.0,UG/M3,1 Hr,Valid
Phora Durbar Kathmandu,PM2.5 - Principal,2024-04-25 07:00 PM,2024,04,25,19,115.1,193,Unhealthy,142.0,UG/M3,1 Hr,Valid
Phora Durbar Kathmandu,PM2.5 - Principal,2024-04-25 08:00 PM,2024,04,25,20,120.4,196,Unhealthy,126.0,UG/M3,1 Hr,Valid
Phora Durbar Kathmandu,PM2.5 - Principal,2024-04-25 09:00 PM,2024,04,25,21,147.4,223,Very Unhealthy,174.0,UG/M3,1 Hr,Valid
Phora Durbar Kathmandu,PM2.5 - Principal,2024-04-25 10:00 PM,2024,04,25,22,153.7,229,Very Unhealthy,160.0,UG/M3,1 Hr,Valid
Phora Durbar Kathmandu,PM2.5 - Principal,2024-04-25 11:00 PM,2024,04,25,23,157.8,233,Very Unhealthy,162.0,UG/M3,1 Hr,Valid
Phora Durbar Kathmandu,PM2.5 - Principal,2024-04-26 12:00 AM,2024,04,26,00,140.4,216,Very Unhealthy,123.0,UG/M3,1 Hr,Valid
Phora Durbar Kathmandu,PM2.5 - Principal,2024-04-26 01:00 AM,2024,04,26,01,131.2,207,Very Unhealthy,122.0,UG/M3,1 Hr,Valid
Phora Durbar Kathmandu,PM2.5 - Principal,2024-04-26 02:00 AM,2024,04,26,02,136.1,212,Very Unhealthy,141.0,UG/M3,1 Hr,Valid
Phora Durbar Kathmandu,PM2.5 - Principal,2024-04-26 03:00 AM,2024,04,26,03,132.0,207,Very Unhealthy,128.0,UG/M3,1 Hr,Valid
Phora Durbar Kathmandu,PM2.5 - Principal,2024-04-26 04:00 AM,2024,04,26,04,133.0,208,Very Unhealthy,134.0,UG/M3,1 Hr,Valid
Phora Durbar Kathmandu,PM2.5 - Principal,2024-04-26 05:00 AM,2024,04,26,05,117.0,194,Unhealthy,101.0,UG/M3,1 Hr,Valid
Phora Durbar Kathmandu,PM2.5 - Principal,2024-04-26 06:00 AM,2024,04,26,06,128.3,204,Very Unhealthy,140.0,UG/M3,1 Hr,Valid
Phora Durbar Kathmandu,PM2.5 - Principal,2024-04-26 07:00 AM,2024,04,26,07,168.7,244,Very Unhealthy,209.0,UG/M3,1 Hr,Valid
Phora Durbar Kathmandu,PM2.5 - Principal,2024-04-26 08:00 AM,2024,04,26,08,187.3,262,Very Unhealthy,206.0,UG/M3,1 Hr,Valid
Phora Durbar Kathmandu,PM2.5 - Principal,2024-04-26 09:00 AM,2024,04,26,09,167.1,242,Very Unhealthy,147.0,UG/M3,1 Hr,Valid
Phora Durbar Kathmandu,PM2.5 - Principal,2024-04-26 10:00 AM,2024,04,26,10,163.5,239,Very Unhealthy,160.0,UG/M3,1 Hr,Valid
Phora Durbar Kathmandu,PM2.5 - Principal,2024-04-26 11:00 AM,2024,04,26,11,179.3,254,Very Unhealthy,195.0,UG/M3,1 Hr,Valid
Phora Durbar Kathmandu,PM2.5 - Principal,2024-04-26 12:00 PM,2024,04,26,12,149.1,224,Very Unhealthy,119.0,UG/M3,1 Hr,Valid
Phora Durbar Kathmandu,PM2.5 - Principal,2024-04-26 01:00 PM,2024,04,26,13,126.0,201,Very Unhealthy,103.0,UG/M3,1 Hr,Valid
Phora Durbar Kathmandu,PM2.5 - Principal,2024-04-26 02:00 PM,2024,04,26,14,118.5,195,Unhealthy,111.0,UG/M3,1 Hr,Valid
Phora Durbar Kathmandu,PM2.5 - Principal,2024-04-26 03:00 PM,2024,04,26,15,110.7,190,Unhealthy,103.0,UG/M3,1 Hr,Valid
Phora Durbar Kathmandu,PM2.5 - Principal,2024-04-26 04:00 PM,2024,04,26,16,120.8,197,Unhealthy,131.0,UG/M3,1 Hr,Valid
Phora Durbar Kathmandu,PM2.5 - Principal,2024-04-26 05:00 PM,2024,04,26,17,108.9,188,Unhealthy,97.0,UG/M3,1 Hr,Valid
Phora Durbar Kathmandu,PM2.5 - Principal,2024-04-26 06:00 PM,2024,04,26,18,155.4,231,Very Unhealthy,202.0,UG/M3,1 Hr,Valid
Phora Durbar Kathmandu,PM2.5 - Principal,2024-04-26 07:00 PM,2024,04,26,19,137.7,213,Very Unhealthy,120.0,UG/M3,1 Hr,Valid
Phora Durbar Kathmandu,PM2.5 - Principal,2024-04-26 08:00 PM,2024,04,26,20,149.8,225,Very Unhealthy,162.0,UG/M3,1 Hr,Valid
Phora Durbar Kathmandu,PM2.5 - Principal,2024-04-26 09:00 PM,2024,04,26,21,182.9,258,Very Unhealthy,216.0,UG/M3,1 Hr,Valid
Phora Durbar Kathmandu,PM2.5 - Principal,2024-04-26 10:00 PM,2024,04,26,22,179.9,255,Very Unhealthy,177.0,UG/M3,1 Hr,Valid
Phora Durbar Kathmandu,PM2.5 - Principal,2024-04-26 11:00 PM,2024,04,26,23,154.4,230,Very Unhealthy,129.0,UG/M3,1 Hr,Valid
Phora Durbar Kathmandu,PM2.5 - Principal,2024-04-27 12:00 AM,2024,04,27,00,168.2,243,Very Unhealthy,182.0,UG/M3,1 Hr,Valid
Phora Durbar Kathmandu,PM2.5 - Principal,2024-04-27 01:00 AM,2024,04,27,01,138.6,214,Very Unhealthy,109.0,UG/M3,1 Hr,Valid
Phora Durbar Kathmandu,PM2.5 - Principal,2024-04-27 02:00 AM,2024,04,27,02,140.8,216,Very Unhealthy,143.0,UG/M3,1 Hr,Valid
Phora Durbar Kathmandu,PM2.5 - Principal,2024-04-27 03:00 AM,2024,04,27,03,135.9,211,Very Unhealthy,131.0,UG/M3,1 Hr,Valid
Phora Durbar Kathmandu,PM2.5 - Principal,2024-04-27 04:00 AM,2024,04,27,04,131.4,207,Very Unhealthy,127.0,UG/M3,1 Hr,Valid
Phora Durbar Kathmandu,PM2.5 - Principal,2024-04-27 05:00 AM,2024,04,27,05,137.2,213,Very Unhealthy,143.0,UG/M3,1 Hr,Valid
Phora Durbar Kathmandu,PM2.5 - Principal,2024-04-27 06:00 AM,2024,04,27,06,120.1,196,Unhealthy,103.0,UG/M3,1 Hr,Valid
Phora Durbar Kathmandu,PM2.5 - Principal,2024-04-27 07:00 AM,2024,04,27,07,144.5,220,Very Unhealthy,169.0,UG/M3,1 Hr,Valid
Phora Durbar Kathmandu,PM2.5 - Principal,2024-04-27 08:00 AM,2024,04,27,08,155.7,231,Very Unhealthy,167.0,UG/M3,1 Hr,Valid
Phora Durbar Kathmandu,PM2.5 - Principal,2024-04-27 09:00 AM,2024,04,27,09,161.3,236,Very Unhealthy,172.0,UG/M3,1 Hr,Valid
Phora Durbar Kathmandu,PM2.5 - Principal,2024-04-27 10:00 AM,2024,04,27,10,158.1,233,Very Unhealthy,154.0,UG/M3,1 Hr,Valid
Phora Durbar Kathmandu,PM2.5 - Principal,2024-04-27 11:00 AM,2024,04,27,11,160.7,236,Very Unhealthy,164.0,UG/M3,1 Hr,Valid
Phora Durbar Kathmandu,PM2.5 - Principal,2024-04-27 12:00 PM,2024,04,27,12,152.8,228,Very Unhealthy,142.0,UG/M3,1 Hr,Valid
Phora Durbar Kathmandu,PM2.5 - Principal,2024-04-27 01:00 PM,2024,04,27,13,146.5,222,Very Unhealthy,137.0,UG/M3,1 Hr,Valid
Phora Durbar Kathmandu,PM2.5 - Principal,2024-04-27 02:00 PM,2024,04,27,14,140.6,216,Very Unhealthy,132.0,UG/M3,1 Hr,Valid
Phora Durbar Kathmandu,PM2.5 - Principal,2024-04-27 03:00 PM,2024,04,27,15,136.7,212,Very Unhealthy,131.0,UG/M3,1 Hr,Valid
Phora Durbar Kathmandu,PM2.5 - Principal,2024-04-27 04:00 PM,2024,04,27,16,115.1,193,Unhealthy,92.0,UG/M3,1 Hr,Valid
Phora Durbar Kathmandu,PM2.5 - Principal,2024-04-27 05:00 PM,2024,04,27,17,88.6,174,Unhealthy,64.0,UG/M3,1 Hr,Valid
Phora Durbar Kathmandu,PM2.5 - Principal,2024-04-27 06:00 PM,2024,04,27,18,102.3,184,Unhealthy,116.0,UG/M3,1 Hr,Valid
Phora Durbar Kathmandu,PM2.5 - Principal,2024-04-27 07:00 PM,2024,04,27,19,88.6,174,Unhealthy,75.0,UG/M3,1 Hr,Valid
Phora Durbar Kathmandu,PM2.5 - Principal,2024-04-27 08:00 PM,2024,04,27,20,99.3,182,Unhealthy,110.0,UG/M3,1 Hr,Valid
Phora Durbar Kathmandu,PM2.5 - Principal,2024-04-27 09:00 PM,2024,04,27,21,109.1,189,Unhealthy,119.0,UG/M3,1 Hr,Valid
Phora Durbar Kathmandu,PM2.5 - Principal,2024-04-27 10:00 PM,2024,04,27,22,93.0,177,Unhealthy,77.0,UG/M3,1 Hr,Valid
Phora Durbar Kathmandu,PM2.5 - Principal,2024-04-27 11:00 PM,2024,04,27,23,95.0,179,Unhealthy,97.0,UG/M3,1 Hr,Valid
Phora Durbar Kathmandu,PM2.5 - Principal,2024-04-28 12:00 AM,2024,04,28,00,110.0,189,Unhealthy,125.0,UG/M3,1 Hr,Valid
Phora Durbar Kathmandu,PM2.5 - Principal,2024-04-28 01:00 AM,2024,04,28,01,110.5,190,Unhealthy,111.0,UG/M3,1 Hr,Valid
Phora Durbar Kathmandu,PM2.5 - Principal,2024-04-28 02:00 AM,2024,04,28,02,101.7,183,Unhealthy,93.0,UG/M3,1 Hr,Valid
Phora Durbar Kathmandu,PM2.5 - Principal,2024-04-28 03:00 AM,2024,04,28,03,110.7,190,Unhealthy,120.0,UG/M3,1 Hr,Valid
Phora Durbar Kathmandu,PM2.5 - Principal,2024-04-28 04:00 AM,2024,04,28,04,109.8,189,Unhealthy,109.0,UG/M3,1 Hr,Valid
Phora Durbar Kathmandu,PM2.5 - Principal,2024-04-28 05:00 AM,2024,04,28,05,139.4,215,Very Unhealthy,169.0,UG/M3,1 Hr,Valid
Phora Durbar Kathmandu,PM2.5 - Principal,2024-04-28 06:00 AM,2024,04,28,06,117.2,194,Unhealthy,95.0,UG/M3,1 Hr,Valid
Phora Durbar Kathmandu,PM2.5 - Principal,2024-04-28 07:00 AM,2024,04,28,07,129.6,205,Very Unhealthy,142.0,UG/M3,1 Hr,Valid
Phora Durbar Kathmandu,PM2.5 - Principal,2024-04-28 08:00 AM,2024,04,28,08,152.8,228,Very Unhealthy,176.0,UG/M3,1 Hr,Valid
Phora Durbar Kathmandu,PM2.5 - Principal,2024-04-28 09:00 AM,2024,04,28,09,149.9,225,Very Unhealthy,147.0,UG/M3,1 Hr,Valid
Phora Durbar Kathmandu,PM2.5 - Principal,2024-04-28 10:00 AM,2024,04,28,10,140.1,215,Very Unhealthy,130.0,UG/M3,1 Hr,Valid
Phora Durbar Kathmandu,PM2.5 - Principal,2024-04-28 11:00 AM,2024,04,28,11,97.9,181,Unhealthy,56.0,UG/M3,1 Hr,Valid
Phora Durbar Kathmandu,PM2.5 - Principal,2024-04-28 12:00 PM,2024,04,28,12,83.9,171,Unhealthy,70.0,UG/M3,1 Hr,Valid
Phora Durbar Kathmandu,PM2.5 - Principal,2024-04-28 01:00 PM,2024,04,28,13,58.4,153,Unhealthy,33.0,UG/M3,1 Hr,Valid
Phora Durbar Kathmandu,PM2.5 - Principal,2024-04-28 02:00 PM,2024,04,28,14,69.7,161,Unhealthy,81.0,UG/M3,1 Hr,Valid
Phora Durbar Kathmandu,PM2.5 - Principal,2024-04-28 03:00 PM,2024,04,28,15,45.3,125,Unhealthy for Sensitive Groups,21.0,UG/M3,1 Hr,Valid
Phora Durbar Kathmandu,PM2.5 - Principal,2024-04-28 04:00 PM,2024,04,28,16,42.6,118,Unhealthy for Sensitive Groups,40.0,UG/M3,1 Hr,Valid
Phora Durbar Kathmandu,PM2.5 - Principal,2024-04-28 05:00 PM,2024,04,28,17,46.8,129,Unhealthy for Sensitive Groups,51.0,UG/M3,1 Hr,Valid
Phora Durbar Kathmandu,PM2.5 - Principal,2024-04-28 06:00 PM,2024,04,28,18,51.4,140,Unhealthy for Sensitive Groups,56.0,UG/M3,1 Hr,Valid
Phora Durbar Kathmandu,PM2.5 - Principal,2024-04-28 07:00 PM,2024,04,28,19,61.1,155,Unhealthy,71.0,UG/M3,1 Hr,Valid
Phora Durbar Kathmandu,PM2.5 - Principal,2024-04-28 08:00 PM,2024,04,28,20,83.5,171,Unhealthy,106.0,UG/M3,1 Hr,Valid
Phora Durbar Kathmandu,PM2.5 - Principal,2024-04-28 09:00 PM,2024,04,28,21,69.7,161,Unhealthy,56.0,UG/M3,1 Hr,Valid
Phora Durbar Kathmandu,PM2.5 - Principal,2024-04-28 10:00 PM,2024,04,28,22,70.8,162,Unhealthy,72.0,UG/M3,1 Hr,Valid
Phora Durbar Kathmandu,PM2.5 - Principal,2024-04-28 11:00 PM,2024,04,28,23,90.4,175,Unhealthy,110.0,UG/M3,1 Hr,Valid
Phora Durbar Kathmandu,PM2.5 - Principal,2024-04-29 12:00 AM,2024,04,29,00,110.2,189,Unhealthy,130.0,UG/M3,1 Hr,Valid
Phora Durbar Kathmandu,PM2.5 - Principal,2024-04-29 01:00 AM,2024,04,29,01,123.1,198,Unhealthy,136.0,UG/M3,1 Hr,Valid
Phora Durbar Kathmandu,PM2.5 - Principal,2024-04-29 02:00 AM,2024,04,29,02,113.0,191,Unhealthy,103.0,UG/M3,1 Hr,Valid
Phora Durbar Kathmandu,PM2.5 - Principal,2024-04-29 03:00 AM,2024,04,29,03,103.5,185,Unhealthy,94.0,UG/M3,1 Hr,Valid
Phora Durbar Kathmandu,PM2.5 - Principal,2024-04-29 04:00 AM,2024,04,29,04,92.7,177,Unhealthy,82.0,UG/M3,1 Hr,Valid
Phora Durbar Kathmandu,PM2.5 - Principal,2024-04-29 05:00 AM,2024,04,29,05,102.8,184,Unhealthy,113.0,UG/M3,1 Hr,Valid
Phora Durbar Kathmandu,PM2.5 - Principal,2024-04-29 06:00 AM,2024,04,29,06,70.4,161,Unhealthy,38.0,UG/M3,1 Hr,Valid
Phora Durbar Kathmandu,PM2.5 - Principal,2024-04-29 07:00 AM,2024,04,29,07,105.7,186,Unhealthy,141.0,UG/M3,1 Hr,Valid
Phora Durbar Kathmandu,PM2.5 - Principal,2024-04-29 08:00 AM,2024,04,29,08,106.8,187,Unhealthy,108.0,UG/M3,1 Hr,Valid
Phora Durbar Kathmandu,PM2.5 - Principal,2024-04-29 09:00 AM,2024,04,29,09,120.4,196,Unhealthy,134.0,UG/M3,1 Hr,Valid
Phora Durbar Kathmandu,PM2.5 - Principal,2024-04-29 10:00 AM,2024,04,29,10,144.7,220,Very Unhealthy,169.0,UG/M3,1 Hr,Valid
Phora Durbar Kathmandu,PM2.5 - Principal,2024-04-29 11:00 AM,2024,04,29,11,123.3,199,Unhealthy,102.0,UG/M3,1 Hr,Valid
Phora Durbar Kathmandu,PM2.5 - Principal,2024-04-29 12:00 PM,2024,04,29,12,85.6,172,Unhealthy,48.0,UG/M3,1 Hr,Valid
Phora Durbar Kathmandu,PM2.5 - Principal,2024-04-29 01:00 PM,2024,04,29,13,94.8,179,Unhealthy,104.0,UG/M3,1 Hr,Valid
Phora Durbar Kathmandu,PM2.5 - Principal,2024-04-29 02:00 PM,2024,04,29,14,100.9,183,Unhealthy,107.0,UG/M3,1 Hr,Valid
Phora Durbar Kathmandu,PM2.5 - Principal,2024-04-29 03:00 PM,2024,04,29,15,95.4,179,Unhealthy,90.0,UG/M3,1 Hr,Valid
Phora Durbar Kathmandu,PM2.5 - Principal,2024-04-29 04:00 PM,2024,04,29,16,96.7,180,Unhealthy,98.0,UG/M3,1 Hr,Valid
Phora Durbar Kathmandu,PM2.5 - Principal,2024-04-29 05:00 PM,2024,04,29,17,95.8,179,Unhealthy,95.0,UG/M3,1 Hr,Valid
Phora Durbar Kathmandu,PM2.5 - Principal,2024-04-29 06:00 PM,2024,04,29,18,91.4,176,Unhealthy,87.0,UG/M3,1 Hr,Valid
Phora Durbar Kathmandu,PM2.5 - Principal,2024-04-29 07:00 PM,2024,04,29,19,90.7,176,Unhealthy,90.0,UG/M3,1 Hr,Valid
Phora Durbar Kathmandu,PM2.5 - Principal,2024-04-29 08:00 PM,2024,04,29,20,73.3,163,Unhealthy,56.0,UG/M3,1 Hr,Valid
Phora Durbar Kathmandu,PM2.5 - Principal,2024-04-29 09:00 PM,2024,04,29,21,108.6,188,Unhealthy,144.0,UG/M3,1 Hr,Valid
Phora Durbar Kathmandu,PM2.5 - Principal,2024-04-29 10:00 PM,2024,04,29,22,153.3,229,Very Unhealthy,198.0,UG/M3,1 Hr,Valid
Phora Durbar Kathmandu,PM2.5 - Principal,2024-04-29 11:00 PM,2024,04,29,23,147.6,223,Very Unhealthy,142.0,UG/M3,1 Hr,Valid
Phora Durbar Kathmandu,PM2.5 - Principal,2024-04-30 12:00 AM,2024,04,30,00,151.8,227,Very Unhealthy,156.0,UG/M3,1 Hr,Valid
Phora Durbar Kathmandu,PM2.5 - Principal,2024-04-30 01:00 AM,2024,04,30,01,151.4,227,Very Unhealthy,151.0,UG/M3,1 Hr,Valid
Phora Durbar Kathmandu,PM2.5 - Principal,2024-04-30 02:00 AM,2024,04,30,02,140.2,216,Very Unhealthy,129.0,UG/M3,1 Hr,Valid
Phora Durbar Kathmandu,PM2.5 - Principal,2024-04-30 03:00 AM,2024,04,30,03,131.6,207,Very Unhealthy,123.0,UG/M3,1 Hr,Valid
Phora Durbar Kathmandu,PM2.5 - Principal,2024-04-30 04:00 AM,2024,04,30,04,124.3,199,Unhealthy,117.0,UG/M3,1 Hr,Valid
Phora Durbar Kathmandu,PM2.5 - Principal,2024-04-30 05:00 AM,2024,04,30,05,90.1,175,Unhealthy,56.0,UG/M3,1 Hr,Valid
Phora Durbar Kathmandu,PM2.5 - Principal,2024-04-30 06:00 AM,2024,04,30,06,111.5,190,Unhealthy,133.0,UG/M3,1 Hr,Valid
Phora Durbar Kathmandu,PM2.5 - Principal,2024-04-30 07:00 AM,2024,04,30,07,119.2,196,Unhealthy,127.0,UG/M3,1 Hr,Valid
Phora Durbar Kathmandu,PM2.5 - Principal,2024-04-30 08:00 AM,2024,04,30,08,125.6,201,Very Unhealthy,132.0,UG/M3,1 Hr,Valid
Phora Durbar Kathmandu,PM2.5 - Principal,2024-04-30 09:00 AM,2024,04,30,09,141.3,217,Very Unhealthy,157.0,UG/M3,1 Hr,Valid
Phora Durbar Kathmandu,PM2.5 - Principal,2024-04-30 10:00 AM,2024,04,30,10,134.6,210,Very Unhealthy,128.0,UG/M3,1 Hr,Valid
Phora Durbar Kathmandu,PM2.5 - Principal,2024-04-30 11:00 AM,2024,04,30,11,129.8,205,Very Unhealthy,125.0,UG/M3,1 Hr,Valid
Phora Durbar Kathmandu,PM2.5 - Principal,2024-04-30 12:00 PM,2024,04,30,12,95.4,179,Unhealthy,61.0,UG/M3,1 Hr,Valid
Phora Durbar Kathmandu,PM2.5 - Principal,2024-04-30 01:00 PM,2024,04,30,13,100.6,183,Unhealthy,106.0,UG/M3,1 Hr,Valid
Phora Durbar Kathmandu,PM2.5 - Principal,2024-04-30 02:00 PM,2024,04,30,14,93.8,178,Unhealthy,87.0,UG/M3,1 Hr,Valid
Phora Durbar Kathmandu,PM2.5 - Principal,2024-04-30 03:00 PM,2024,04,30,15,52.4,143,Unhealthy for Sensitive Groups,11.0,UG/M3,1 Hr,Valid
Phora Durbar Kathmandu,PM2.5 - Principal,2024-04-30 04:00 PM,2024,04,30,16,76.7,166,Unhealthy,101.0,UG/M3,1 Hr,Valid
Phora Durbar Kathmandu,PM2.5 - Principal,2024-04-30 05:00 PM,2024,04,30,17,57.3,152,Unhealthy,38.0,UG/M3,1 Hr,Valid
Phora Durbar Kathmandu,PM2.5 - Principal,2024-04-30 06:00 PM,2024,04,30,18,65.1,158,Unhealthy,73.0,UG/M3,1 Hr,Valid
Phora Durbar Kathmandu,PM2.5 - Principal,2024-04-30 07:00 PM,2024,04,30,19,108.0,188,Unhealthy,151.0,UG/M3,1 Hr,Valid
Phora Durbar Kathmandu,PM2.5 - Principal,2024-04-30 08:00 PM,2024,04,30,20,80.0,168,Unhealthy,52.0,UG/M3,1 Hr,Valid
Phora Durbar Kathmandu,PM2.5 - Principal,2024-04-30 09:00 PM,2024,04,30,21,128.0,203,Very Unhealthy,176.0,UG/M3,1 Hr,Valid
Phora Durbar Kathmandu,PM2.5 - Principal,2024-04-30 10:00 PM,2024,04,30,22,126.5,202,Very Unhealthy,125.0,UG/M3,1 Hr,Valid
Phora Durbar Kathmandu,PM2.5 - Principal,2024-04-30 11:00 PM,2024,04,30,23,156.7,232,Very Unhealthy,187.0,UG/M3,1 Hr,Valid
Phora Durbar Kathmandu,PM2.5 - Principal,2024-05-01 12:00 AM,2024,05,01,00,148.8,224,Very Unhealthy,141.0,UG/M3,1 Hr,Valid
Phora Durbar Kathmandu,PM2.5 - Principal,2024-05-01 01:00 AM,2024,05,01,01,141.9,217,Very Unhealthy,135.0,UG/M3,1 Hr,Valid
Phora Durbar Kathmandu,PM2.5 - Principal,2024-05-01 02:00 AM,2024,05,01,02,134.4,210,Very Unhealthy,127.0,UG/M3,1 Hr,Valid
Phora Durbar Kathmandu,PM2.5 - Principal,2024-05-01 03:00 AM,2024,05,01,03,128.2,204,Very Unhealthy,122.0,UG/M3,1 Hr,Valid
Phora Durbar Kathmandu,PM2.5 - Principal,2024-05-01 04:00 AM,2024,05,01,04,145.1,220,Very Unhealthy,162.0,UG/M3,1 Hr,Valid
Phora Durbar Kathmandu,PM2.5 - Principal,2024-05-01 05:00 AM,2024,05,01,05,126.0,201,Very Unhealthy,107.0,UG/M3,1 Hr,Valid
Phora Durbar Kathmandu,PM2.5 - Principal,2024-05-01 06:00 AM,2024,05,01,06,149.0,224,Very Unhealthy,172.0,UG/M3,1 Hr,Valid
Phora Durbar Kathmandu,PM2.5 - Principal,2024-05-01 07:00 AM,2024,05,01,07,155.5,231,Very Unhealthy,162.0,UG/M3,1 Hr,Valid
Phora Durbar Kathmandu,PM2.5 - Principal,2024-05-01 08:00 AM,2024,05,01,08,187.7,263,Very Unhealthy,220.0,UG/M3,1 Hr,Valid
Phora Durbar Kathmandu,PM2.5 - Principal,2024-05-01 09:00 AM,2024,05,01,09,150.8,226,Very Unhealthy,114.0,UG/M3,1 Hr,Valid
Phora Durbar Kathmandu,PM2.5 - Principal,2024-05-01 10:00 AM,2024,05,01,10,156.4,232,Very Unhealthy,162.0,UG/M3,1 Hr,Valid
Phora Durbar Kathmandu,PM2.5 - Principal,2024-05-01 11:00 AM,2024,05,01,11,139.7,215,Very Unhealthy,123.0,UG/M3,1 Hr,Valid
Phora Durbar Kathmandu,PM2.5 - Principal,2024-05-01 12:00 PM,2024,05,01,12,78.3,167,Unhealthy,17.0,UG/M3,1 Hr,Valid
Phora Durbar Kathmandu,PM2.5 - Principal,2024-05-01 01:00 PM,2024,05,01,13,47.1,130,Unhealthy for Sensitive Groups,16.0,UG/M3,1 Hr,Valid
Phora Durbar Kathmandu,PM2.5 - Principal,2024-05-01 02:00 PM,2024,05,01,14,39.5,111,Unhealthy for Sensitive Groups,32.0,UG/M3,1 Hr,Valid
Phora Durbar Kathmandu,PM2.5 - Principal,2024-05-01 03:00 PM,2024,05,01,15,32.2,94,Moderate,25.0,UG/M3,1 Hr,Valid
Phora Durbar Kathmandu,PM2.5 - Principal,2024-05-01 04:00 PM,2024,05,01,16,28.6,87,Moderate,25.0,UG/M3,1 Hr,Valid
Phora Durbar Kathmandu,PM2.5 - Principal,2024-05-01 05:00 PM,2024,05,01,17,51.3,140,Unhealthy for Sensitive Groups,74.0,UG/M3,1 Hr,Valid
Phora Durbar Kathmandu,PM2.5 - Principal,2024-05-01 06:00 PM,2024,05,01,18,62.6,156,Unhealthy,74.0,UG/M3,1 Hr,Valid
Phora Durbar Kathmandu,PM2.5 - Principal,2024-05-01 07:00 PM,2024,05,01,19,62.6,156,Unhealthy,-999.0,UG/M3,1 Hr,Missing
Phora Durbar Kathmandu,PM2.5 - Principal,2024-05-01 08:00 PM,2024,05,01,20,60.1,154,Unhealthy,59.0,UG/M3,1 Hr,Valid
Phora Durbar Kathmandu,PM2.5 - Principal,2024-05-01 09:00 PM,2024,05,01,21,68.6,160,Unhealthy,75.0,UG/M3,1 Hr,Valid
Phora Durbar Kathmandu,PM2.5 - Principal,2024-05-01 10:00 PM,2024,05,01,22,69.3,161,Unhealthy,70.0,UG/M3,1 Hr,Valid
Phora Durbar Kathmandu,PM2.5 - Principal,2024-05-01 11:00 PM,2024,05,01,23,74.8,165,Unhealthy,80.0,UG/M3,1 Hr,Valid
Phora Durbar Kathmandu,PM2.5 - Principal,2024-05-02 12:00 AM,2024,05,02,00,80.5,169,Unhealthy,86.0,UG/M3,1 Hr,Valid
Phora Durbar Kathmandu,PM2.5 - Principal,2024-05-02 01:00 AM,2024,05,02,01,64.6,157,Unhealthy,49.0,UG/M3,1 Hr,Valid
Phora Durbar Kathmandu,PM2.5 - Principal,2024-05-02 02:00 AM,2024,05,02,02,69.3,161,Unhealthy,74.0,UG/M3,1 Hr,Valid
Phora Durbar Kathmandu,PM2.5 - Principal,2024-05-02 03:00 AM,2024,05,02,03,75.6,165,Unhealthy,82.0,UG/M3,1 Hr,Valid
Phora Durbar Kathmandu,PM2.5 - Principal,2024-05-02 04:00 AM,2024,05,02,04,79.3,168,Unhealthy,85.0,UG/M3,1 Hr,Valid
Phora Durbar Kathmandu,PM2.5 - Principal,2024-05-02 05:00 AM,2024,05,02,05,89.6,175,Unhealthy,99.0,UG/M3,1 Hr,Valid
Phora Durbar Kathmandu,PM2.5 - Principal,2024-05-02 06:00 AM,2024,05,02,06,89.8,175,Unhealthy,90.0,UG/M3,1 Hr,Valid
Phora Durbar Kathmandu,PM2.5 - Principal,2024-05-02 07:00 AM,2024,05,02,07,124.9,200,Unhealthy,160.0,UG/M3,1 Hr,Valid
Phora Durbar Kathmandu,PM2.5 - Principal,2024-05-02 08:00 AM,2024,05,02,08,104.9,186,Unhealthy,85.0,UG/M3,1 Hr,Valid
Phora Durbar Kathmandu,PM2.5 - Principal,2024-05-02 09:00 AM,2024,05,02,09,80.4,168,Unhealthy,56.0,UG/M3,1 Hr,Valid
Phora Durbar Kathmandu,PM2.5 - Principal,2024-05-02 10:00 AM,2024,05,02,10,100.7,183,Unhealthy,121.0,UG/M3,1 Hr,Valid
Phora Durbar Kathmandu,PM2.5 - Principal,2024-05-02 11:00 AM,2024,05,02,11,83.8,171,Unhealthy,67.0,UG/M3,1 Hr,Valid
Phora Durbar Kathmandu,PM2.5 - Principal,2024-05-02 12:00 PM,2024,05,02,12,79.4,168,Unhealthy,75.0,UG/M3,1 Hr,Valid
Phora Durbar Kathmandu,PM2.5 - Principal,2024-05-02 01:00 PM,2024,05,02,13,47.2,130,Unhealthy for Sensitive Groups,15.0,UG/M3,1 Hr,Valid
Phora Durbar Kathmandu,PM2.5 - Principal,2024-05-02 02:00 PM,2024,05,02,14,59.1,154,Unhealthy,71.0,UG/M3,1 Hr,Valid
Phora Durbar Kathmandu,PM2.5 - Principal,2024-05-02 03:00 PM,2024,05,02,15,68.0,160,Unhealthy,77.0,UG/M3,1 Hr,Valid
Phora Durbar Kathmandu,PM2.5 - Principal,2024-05-02 04:00 PM,2024,05,02,16,72.5,163,Unhealthy,77.0,UG/M3,1 Hr,Valid
Phora Durbar Kathmandu,PM2.5 - Principal,2024-05-02 05:00 PM,2024,05,02,17,75.7,165,Unhealthy,79.0,UG/M3,1 Hr,Valid
Phora Durbar Kathmandu,PM2.5 - Principal,2024-05-02 06:00 PM,2024,05,02,18,84.3,171,Unhealthy,93.0,UG/M3,1 Hr,Valid
Phora Durbar Kathmandu,PM2.5 - Principal,2024-05-02 07:00 PM,2024,05,02,19,70.6,162,Unhealthy,57.0,UG/M3,1 Hr,Valid
Phora Durbar Kathmandu,PM2.5 - Principal,2024-05-02 08:00 PM,2024,05,02,20,94.3,178,Unhealthy,118.0,UG/M3,1 Hr,Valid
Phora Durbar Kathmandu,PM2.5 - Principal,2024-05-02 09:00 PM,2024,05,02,21,84.1,171,Unhealthy,74.0,UG/M3,1 Hr,Valid
Phora Durbar Kathmandu,PM2.5 - Principal,2024-05-02 10:00 PM,2024,05,02,22,103.0,184,Unhealthy,122.0,UG/M3,1 Hr,Valid
Phora Durbar Kathmandu,PM2.5 - Principal,2024-05-02 11:00 PM,2024,05,02,23,132.5,208,Very Unhealthy,162.0,UG/M3,1 Hr,Valid
Phora Durbar Kathmandu,PM2.5 - Principal,2024-05-03 12:00 AM,2024,05,03,00,146.7,222,Very Unhealthy,161.0,UG/M3,1 Hr,Valid
Phora Durbar Kathmandu,PM2.5 - Principal,2024-05-03 01:00 AM,2024,05,03,01,151.9,227,Very Unhealthy,157.0,UG/M3,1 Hr,Valid
Phora Durbar Kathmandu,PM2.5 - Principal,2024-05-03 02:00 AM,2024,05,03,02,154.9,230,Very Unhealthy,158.0,UG/M3,1 Hr,Valid
Phora Durbar Kathmandu,PM2.5 - Principal,2024-05-03 03:00 AM,2024,05,03,03,132.4,208,Very Unhealthy,110.0,UG/M3,1 Hr,Valid
Phora Durbar Kathmandu,PM2.5 - Principal,2024-05-03 04:00 AM,2024,05,03,04,115.7,193,Unhealthy,99.0,UG/M3,1 Hr,Valid
Phora Durbar Kathmandu,PM2.5 - Principal,2024-05-03 05:00 AM,2024,05,03,05,124.3,199,Unhealthy,133.0,UG/M3,1 Hr,Valid
Phora Durbar Kathmandu,PM2.5 - Principal,2024-05-03 06:00 AM,2024,05,03,06,146.6,222,Very Unhealthy,169.0,UG/M3,1 Hr,Valid
Phora Durbar Kathmandu,PM2.5 - Principal,2024-05-03 07:00 AM,2024,05,03,07,150.8,226,Very Unhealthy,155.0,UG/M3,1 Hr,Valid
Phora Durbar Kathmandu,PM2.5 - Principal,2024-05-03 08:00 AM,2024,05,03,08,146.4,222,Very Unhealthy,142.0,UG/M3,1 Hr,Valid
Phora Durbar Kathmandu,PM2.5 - Principal,2024-05-03 09:00 AM,2024,05,03,09,153.7,229,Very Unhealthy,165.0,UG/M3,1 Hr,Valid
Phora Durbar Kathmandu,PM2.5 - Principal,2024-05-03 10:00 AM,2024,05,03,10,192.8,268,Very Unhealthy,230.0,UG/M3,1 Hr,Valid
Phora Durbar Kathmandu,PM2.5 - Principal,2024-05-03 11:00 AM,2024,05,03,11,176.4,251,Very Unhealthy,160.0,UG/M3,1 Hr,Valid
Phora Durbar Kathmandu,PM2.5 - Principal,2024-05-03 12:00 PM,2024,05,03,12,167.2,242,Very Unhealthy,158.0,UG/M3,1 Hr,Valid
Phora Durbar Kathmandu,PM2.5 - Principal,2024-05-03 01:00 PM,2024,05,03,13,151.1,226,Very Unhealthy,135.0,UG/M3,1 Hr,Valid
Phora Durbar Kathmandu,PM2.5 - Principal,2024-05-03 02:00 PM,2024,05,03,14,124.5,199,Unhealthy,98.0,UG/M3,1 Hr,Valid
Phora Durbar Kathmandu,PM2.5 - Principal,2024-05-03 03:00 PM,2024,05,03,15,142.2,218,Very Unhealthy,160.0,UG/M3,1 Hr,Valid
Phora Durbar Kathmandu,PM2.5 - Principal,2024-05-03 04:00 PM,2024,05,03,16,152.6,228,Very Unhealthy,163.0,UG/M3,1 Hr,Valid
Phora Durbar Kathmandu,PM2.5 - Principal,2024-05-03 05:00 PM,2024,05,03,17,143.8,219,Very Unhealthy,135.0,UG/M3,1 Hr,Valid
Phora Durbar Kathmandu,PM2.5 - Principal,2024-05-03 06:00 PM,2024,05,03,18,151.4,227,Very Unhealthy,159.0,UG/M3,1 Hr,Valid
Phora Durbar Kathmandu,PM2.5 - Principal,2024-05-03 07:00 PM,2024,05,03,19,133.7,209,Very Unhealthy,116.0,UG/M3,1 Hr,Valid
Phora Durbar Kathmandu,PM2.5 - Principal,2024-05-03 08:00 PM,2024,05,03,20,155.3,231,Very Unhealthy,177.0,UG/M3,1 Hr,Valid
Phora Durbar Kathmandu,PM2.5 - Principal,2024-05-03 09:00 PM,2024,05,03,21,159.6,235,Very Unhealthy,164.0,UG/M3,1 Hr,Valid
Phora Durbar Kathmandu,PM2.5 - Principal,2024-05-03 10:00 PM,2024,05,03,22,143.4,219,Very Unhealthy,125.0,UG/M3,1 Hr,Valid
Phora Durbar Kathmandu,PM2.5 - Principal,2024-05-03 11:00 PM,2024,05,03,23,157.0,232,Very Unhealthy,174.0,UG/M3,1 Hr,Valid
Phora Durbar Kathmandu,PM2.5 - Principal,2024-05-04 12:00 AM,2024,05,04,00,144.9,220,Very Unhealthy,130.0,UG/M3,1 Hr,Valid
Phora Durbar Kathmandu,PM2.5 - Principal,2024-05-04 01:00 AM,2024,05,04,01,154.8,230,Very Unhealthy,167.0,UG/M3,1 Hr,Valid
Phora Durbar Kathmandu,PM2.5 - Principal,2024-05-04 02:00 AM,2024,05,04,02,164.1,239,Very Unhealthy,182.0,UG/M3,1 Hr,Valid
Phora Durbar Kathmandu,PM2.5 - Principal,2024-05-04 03:00 AM,2024,05,04,03,163.7,239,Very Unhealthy,163.0,UG/M3,1 Hr,Valid
Phora Durbar Kathmandu,PM2.5 - Principal,2024-05-04 04:00 AM,2024,05,04,04,180.7,256,Very Unhealthy,202.0,UG/M3,1 Hr,Valid
Phora Durbar Kathmandu,PM2.5 - Principal,2024-05-04 05:00 AM,2024,05,04,05,186.4,261,Very Unhealthy,194.0,UG/M3,1 Hr,Valid
Phora Durbar Kathmandu,PM2.5 - Principal,2024-05-04 06:00 AM,2024,05,04,06,167.4,243,Very Unhealthy,142.0,UG/M3,1 Hr,Valid
Phora Durbar Kathmandu,PM2.5 - Principal,2024-05-04 07:00 AM,2024,05,04,07,157.5,233,Very Unhealthy,140.0,UG/M3,1 Hr,Valid
Phora Durbar Kathmandu,PM2.5 - Principal,2024-05-04 08:00 AM,2024,05,04,08,169.1,244,Very Unhealthy,188.0,UG/M3,1 Hr,Valid
Phora Durbar Kathmandu,PM2.5 - Principal,2024-05-04 09:00 AM,2024,05,04,09,153.4,229,Very Unhealthy,128.0,UG/M3,1 Hr,Valid
Phora Durbar Kathmandu,PM2.5 - Principal,2024-05-04 10:00 AM,2024,05,04,10,166.9,242,Very Unhealthy,189.0,UG/M3,1 Hr,Valid
Phora Durbar Kathmandu,PM2.5 - Principal,2024-05-04 11:00 AM,2024,05,04,11,175.0,250,Very Unhealthy,189.0,UG/M3,1 Hr,Valid
Phora Durbar Kathmandu,PM2.5 - Principal,2024-05-04 12:00 PM,2024,05,04,12,175.1,250,Very Unhealthy,-999.0,UG/M3,1 Hr,Missing
Phora Durbar Kathmandu,PM2.5 - Principal,2024-05-04 01:00 PM,2024,05,04,13,116.3,194,Unhealthy,85.0,UG/M3,1 Hr,Valid
Phora Durbar Kathmandu,PM2.5 - Principal,2024-05-04 02:00 PM,2024,05,04,14,95.5,179,Unhealthy,80.0,UG/M3,1 Hr,Valid
Phora Durbar Kathmandu,PM2.5 - Principal,2024-05-04 03:00 PM,2024,05,04,15,98.4,181,Unhealthy,101.0,UG/M3,1 Hr,Valid
Phora Durbar Kathmandu,PM2.5 - Principal,2024-05-04 04:00 PM,2024,05,04,16,93.5,178,Unhealthy,89.0,UG/M3,1 Hr,Valid
Phora Durbar Kathmandu,PM2.5 - Principal,2024-05-04 05:00 PM,2024,05,04,17,83.1,170,Unhealthy,73.0,UG/M3,1 Hr,Valid
Phora Durbar Kathmandu,PM2.5 - Principal,2024-05-04 06:00 PM,2024,05,04,18,76.4,166,Unhealthy,70.0,UG/M3,1 Hr,Valid
Phora Durbar Kathmandu,PM2.5 - Principal,2024-05-04 07:00 PM,2024,05,04,19,94.3,178,Unhealthy,112.0,UG/M3,1 Hr,Valid
Phora Durbar Kathmandu,PM2.5 - Principal,2024-05-04 08:00 PM,2024,05,04,20,97.1,180,Unhealthy,100.0,UG/M3,1 Hr,Valid
Phora Durbar Kathmandu,PM2.5 - Principal,2024-05-04 09:00 PM,2024,05,04,21,75.5,165,Unhealthy,54.0,UG/M3,1 Hr,Valid
Phora Durbar Kathmandu,PM2.5 - Principal,2024-05-04 10:00 PM,2024,05,04,22,144.8,220,Very Unhealthy,214.0,UG/M3,1 Hr,Valid
Phora Durbar Kathmandu,PM2.5 - Principal,2024-05-04 11:00 PM,2024,05,04,23,111.8,190,Unhealthy,79.0,UG/M3,1 Hr,Valid
Phora Durbar Kathmandu,PM2.5 - Principal,2024-05-05 12:00 AM,2024,05,05,00,154.4,230,Very Unhealthy,197.0,UG/M3,1 Hr,Valid
Phora Durbar Kathmandu,PM2.5 - Principal,2024-05-05 01:00 AM,2024,05,05,01,144.2,220,Very Unhealthy,134.0,UG/M3,1 Hr,Valid
Phora Durbar Kathmandu,PM2.5 - Principal,2024-05-05 02:00 AM,2024,05,05,02,142.6,218,Very Unhealthy,141.0,UG/M3,1 Hr,Valid
Phora Durbar Kathmandu,PM2.5 - Principal,2024-05-05 03:00 AM,2024,05,05,03,135.3,211,Very Unhealthy,128.0,UG/M3,1 Hr,Valid
Phora Durbar Kathmandu,PM2.5 - Principal,2024-05-05 04:00 AM,2024,05,05,04,122.1,198,Unhealthy,109.0,UG/M3,1 Hr,Valid
Phora Durbar Kathmandu,PM2.5 - Principal,2024-05-05 05:00 AM,2024,05,05,05,93.5,178,Unhealthy,65.0,UG/M3,1 Hr,Valid
Phora Durbar Kathmandu,PM2.5 - Principal,2024-05-05 06:00 AM,2024,05,05,06,117.7,195,Unhealthy,142.0,UG/M3,1 Hr,Valid
Phora Durbar Kathmandu,PM2.5 - Principal,2024-05-05 07:00 AM,2024,05,05,07,122.9,198,Unhealthy,128.0,UG/M3,1 Hr,Valid
Phora Durbar Kathmandu,PM2.5 - Principal,2024-05-05 08:00 AM,2024,05,05,08,147.4,223,Very Unhealthy,172.0,UG/M3,1 Hr,Valid
Phora Durbar Kathmandu,PM2.5 - Principal,2024-05-05 09:00 AM,2024,05,05,09,157.2,232,Very Unhealthy,167.0,UG/M3,1 Hr,Valid
Phora Durbar Kathmandu,PM2.5 - Principal,2024-05-05 10:00 AM,2024,05,05,10,147.1,222,Very Unhealthy,137.0,UG/M3,1 Hr,Valid
Phora Durbar Kathmandu,PM2.5 - Principal,2024-05-05 11:00 AM,2024,05,05,11,135.0,210,Very Unhealthy,123.0,UG/M3,1 Hr,Valid
Phora Durbar Kathmandu,PM2.5 - Principal,2024-05-05 12:00 PM,2024,05,05,12,130.0,205,Very Unhealthy,125.0,UG/M3,1 Hr,Valid
Phora Durbar Kathmandu,PM2.5 - Principal,2024-05-05 01:00 PM,2024,05,05,13,83.4,171,Unhealthy,37.0,UG/M3,1 Hr,Valid
Phora Durbar Kathmandu,PM2.5 - Principal,2024-05-05 02:00 PM,2024,05,05,14,81.2,169,Unhealthy,79.0,UG/M3,1 Hr,Valid
Phora Durbar Kathmandu,PM2.5 - Principal,2024-05-05 03:00 PM,2024,05,05,15,93.1,177,Unhealthy,105.0,UG/M3,1 Hr,Valid
Phora Durbar Kathmandu,PM2.5 - Principal,2024-05-05 04:00 PM,2024,05,05,16,95.5,179,Unhealthy,98.0,UG/M3,1 Hr,Valid
Phora Durbar Kathmandu,PM2.5 - Principal,2024-05-05 05:00 PM,2024,05,05,17,96.7,180,Unhealthy,98.0,UG/M3,1 Hr,Valid
Phora Durbar Kathmandu,PM2.5 - Principal,2024-05-05 06:00 PM,2024,05,05,18,102.8,184,Unhealthy,109.0,UG/M3,1 Hr,Valid
Phora Durbar Kathmandu,PM2.5 - Principal,2024-05-05 07:00 PM,2024,05,05,19,101.4,183,Unhealthy,100.0,UG/M3,1 Hr,Valid
Phora Durbar Kathmandu,PM2.5 - Principal,2024-05-05 08:00 PM,2024,05,05,20,77.2,166,Unhealthy,53.0,UG/M3,1 Hr,Valid
Phora Durbar Kathmandu,PM2.5 - Principal,2024-05-05 09:00 PM,2024,05,05,21,96.5,180,Unhealthy,116.0,UG/M3,1 Hr,Valid
Phora Durbar Kathmandu,PM2.5 - Principal,2024-05-05 10:00 PM,2024,05,05,22,104.2,185,Unhealthy,112.0,UG/M3,1 Hr,Valid
Phora Durbar Kathmandu,PM2.5 - Principal,2024-05-05 11:00 PM,2024,05,05,23,104.6,185,Unhealthy,105.0,UG/M3,1 Hr,Valid
Phora Durbar Kathmandu,PM2.5 - Principal,2024-05-06 12:00 AM,2024,05,06,00,89.8,175,Unhealthy,75.0,UG/M3,1 Hr,Valid
Phora Durbar Kathmandu,PM2.5 - Principal,2024-05-06 01:00 AM,2024,05,06,01,90.9,176,Unhealthy,92.0,UG/M3,1 Hr,Valid
Phora Durbar Kathmandu,PM2.5 - Principal,2024-05-06 02:00 AM,2024,05,06,02,121.4,197,Unhealthy,152.0,UG/M3,1 Hr,Valid
Phora Durbar Kathmandu,PM2.5 - Principal,2024-05-06 03:00 AM,2024,05,06,03,113.7,192,Unhealthy,106.0,UG/M3,1 Hr,Valid
Phora Durbar Kathmandu,PM2.5 - Principal,2024-05-06 04:00 AM,2024,05,06,04,113.8,192,Unhealthy,114.0,UG/M3,1 Hr,Valid
Phora Durbar Kathmandu,PM2.5 - Principal,2024-05-06 05:00 AM,2024,05,06,05,103.9,185,Unhealthy,94.0,UG/M3,1 Hr,Valid
Phora Durbar Kathmandu,PM2.5 - Principal,2024-05-06 06:00 AM,2024,05,06,06,110.9,190,Unhealthy,118.0,UG/M3,1 Hr,Valid
Phora Durbar Kathmandu,PM2.5 - Principal,2024-05-06 07:00 AM,2024,05,06,07,121.9,198,Unhealthy,133.0,UG/M3,1 Hr,Valid
Phora Durbar Kathmandu,PM2.5 - Principal,2024-05-06 08:00 AM,2024,05,06,08,113.5,192,Unhealthy,105.0,UG/M3,1 Hr,Valid
Phora Durbar Kathmandu,PM2.5 - Principal,2024-05-06 09:00 AM,2024,05,06,09,141.2,217,Very Unhealthy,169.0,UG/M3,1 Hr,Valid
Phora Durbar Kathmandu,PM2.5 - Principal,2024-05-06 10:00 AM,2024,05,06,10,120.1,196,Unhealthy,99.0,UG/M3,1 Hr,Valid
Phora Durbar Kathmandu,PM2.5 - Principal,2024-05-06 11:00 AM,2024,05,06,11,119.0,196,Unhealthy,118.0,UG/M3,1 Hr,Valid
Phora Durbar Kathmandu,PM2.5 - Principal,2024-05-06 12:00 PM,2024,05,06,12,89.0,174,Unhealthy,59.0,UG/M3,1 Hr,Valid
Phora Durbar Kathmandu,PM2.5 - Principal,2024-05-06 01:00 PM,2024,05,06,13,77.5,166,Unhealthy,66.0,UG/M3,1 Hr,Valid
Phora Durbar Kathmandu,PM2.5 - Principal,2024-05-06 02:00 PM,2024,05,06,14,94.7,178,Unhealthy,112.0,UG/M3,1 Hr,Valid
Phora Durbar Kathmandu,PM2.5 - Principal,2024-05-06 03:00 PM,2024,05,06,15,96.3,180,Unhealthy,98.0,UG/M3,1 Hr,Valid
Phora Durbar Kathmandu,PM2.5 - Principal,2024-05-06 04:00 PM,2024,05,06,16,80.1,168,Unhealthy,64.0,UG/M3,1 Hr,Valid
Phora Durbar Kathmandu,PM2.5 - Principal,2024-05-06 05:00 PM,2024,05,06,17,80.1,168,Unhealthy,-999.0,UG/M3,1 Hr,Missing
Phora Durbar Kathmandu,PM2.5 - Principal,2024-05-06 08:00 PM,2024,05,06,20,-999.0,-999,N/A,90.0,UG/M3,1 Hr,Valid
Phora Durbar Kathmandu,PM2.5 - Principal,2024-05-06 10:00 PM,2024,05,06,22,52.2,142,Unhealthy for Sensitive Groups,42.0,UG/M3,1 Hr,Valid
Phora Durbar Kathmandu,PM2.5 - Principal,2024-05-06 11:00 PM,2024,05,06,23,40.5,113,Unhealthy for Sensitive Groups,33.0,UG/M3,1 Hr,Valid
Phora Durbar Kathmandu,PM2.5 - Principal,2024-05-07 12:00 AM,2024,05,07,00,34.7,99,Moderate,30.0,UG/M3,1 Hr,Valid
Phora Durbar Kathmandu,PM2.5 - Principal,2024-05-07 01:00 AM,2024,05,07,01,31.7,93,Moderate,29.0,UG/M3,1 Hr,Valid
Phora Durbar Kathmandu,PM2.5 - Principal,2024-05-07 02:00 AM,2024,05,07,02,49.7,136,Unhealthy for Sensitive Groups,67.0,UG/M3,1 Hr,Valid
Phora Durbar Kathmandu,PM2.5 - Principal,2024-05-07 03:00 AM,2024,05,07,03,63.0,156,Unhealthy,76.0,UG/M3,1 Hr,Valid
Phora Durbar Kathmandu,PM2.5 - Principal,2024-05-07 04:00 AM,2024,05,07,04,50.9,139,Unhealthy for Sensitive Groups,39.0,UG/M3,1 Hr,Valid
Phora Durbar Kathmandu,PM2.5 - Principal,2024-05-07 05:00 AM,2024,05,07,05,39.9,112,Unhealthy for Sensitive Groups,29.0,UG/M3,1 Hr,Valid
Phora Durbar Kathmandu,PM2.5 - Principal,2024-05-07 06:00 AM,2024,05,07,06,19.9,71,Moderate,0.0,UG/M3,1 Hr,Valid
Phora Durbar Kathmandu,PM2.5 - Principal,2024-05-07 07:00 AM,2024,05,07,07,37.9,107,Unhealthy for Sensitive Groups,56.0,UG/M3,1 Hr,Valid
Phora Durbar Kathmandu,PM2.5 - Principal,2024-05-07 08:00 AM,2024,05,07,08,45.9,127,Unhealthy for Sensitive Groups,54.0,UG/M3,1 Hr,Valid
Phora Durbar Kathmandu,PM2.5 - Principal,2024-05-07 09:00 AM,2024,05,07,09,43.9,122,Unhealthy for Sensitive Groups,42.0,UG/M3,1 Hr,Valid
Phora Durbar Kathmandu,PM2.5 - Principal,2024-05-07 10:00 AM,2024,05,07,10,45.4,125,Unhealthy for Sensitive Groups,47.0,UG/M3,1 Hr,Valid
Phora Durbar Kathmandu,PM2.5 - Principal,2024-05-07 11:00 AM,2024,05,07,11,44.2,122,Unhealthy for Sensitive Groups,43.0,UG/M3,1 Hr,Valid
Phora Durbar Kathmandu,PM2.5 - Principal,2024-05-07 12:00 PM,2024,05,07,12,76.6,166,Unhealthy,109.0,UG/M3,1 Hr,Valid
Phora Durbar Kathmandu,PM2.5 - Principal,2024-05-07 01:00 PM,2024,05,07,13,60.3,154,Unhealthy,44.0,UG/M3,1 Hr,Valid
Phora Durbar Kathmandu,PM2.5 - Principal,2024-05-07 02:00 PM,2024,05,07,14,52.6,143,Unhealthy for Sensitive Groups,45.0,UG/M3,1 Hr,Valid
Phora Durbar Kathmandu,PM2.5 - Principal,2024-05-07 03:00 PM,2024,05,07,15,73.8,164,Unhealthy,95.0,UG/M3,1 Hr,Valid
Phora Durbar Kathmandu,PM2.5 - Principal,2024-05-07 04:00 PM,2024,05,07,16,73.8,164,Unhealthy,-11.0,UG/M3,1 Hr,Invalid
Phora Durbar Kathmandu,PM2.5 - Principal,2024-05-07 05:00 PM,2024,05,07,17,49.2,135,Unhealthy for Sensitive Groups,37.0,UG/M3,1 Hr,Valid
Phora Durbar Kathmandu,PM2.5 - Principal,2024-05-07 06:00 PM,2024,05,07,18,21.6,74,Moderate,1.0,UG/M3,1 Hr,Valid
Phora Durbar Kathmandu,PM2.5 - Principal,2024-05-07 07:00 PM,2024,05,07,19,41.5,116,Unhealthy for Sensitive Groups,59.0,UG/M3,1 Hr,Valid
Phora Durbar Kathmandu,PM2.5 - Principal,2024-05-07 08:00 PM,2024,05,07,20,38.7,109,Unhealthy for Sensitive Groups,36.0,UG/M3,1 Hr,Valid
Phora Durbar Kathmandu,PM2.5 - Principal,2024-05-07 09:00 PM,2024,05,07,21,42.9,119,Unhealthy for Sensitive Groups,47.0,UG/M3,1 Hr,Valid
Phora Durbar Kathmandu,PM2.5 - Principal,2024-05-07 10:00 PM,2024,05,07,22,38.4,108,Unhealthy for Sensitive Groups,34.0,UG/M3,1 Hr,Valid
Phora Durbar Kathmandu,PM2.5 - Principal,2024-05-07 11:00 PM,2024,05,07,23,42.7,119,Unhealthy for Sensitive Groups,47.0,UG/M3,1 Hr,Valid
Phora Durbar Kathmandu,PM2.5 - Principal,2024-05-08 12:00 AM,2024,05,08,00,70.9,162,Unhealthy,99.0,UG/M3,1 Hr,Valid
Phora Durbar Kathmandu,PM2.5 - Principal,2024-05-08 01:00 AM,2024,05,08,01,58.9,153,Unhealthy,47.0,UG/M3,1 Hr,Valid
Phora Durbar Kathmandu,PM2.5 - Principal,2024-05-08 02:00 AM,2024,05,08,02,57.9,153,Unhealthy,57.0,UG/M3,1 Hr,Valid
Phora Durbar Kathmandu,PM2.5 - Principal,2024-05-08 03:00 AM,2024,05,08,03,57.4,152,Unhealthy,57.0,UG/M3,1 Hr,Valid
Phora Durbar Kathmandu,PM2.5 - Principal,2024-05-08 04:00 AM,2024,05,08,04,57.4,152,Unhealthy,-999.0,UG/M3,1 Hr,Missing
Phora Durbar Kathmandu,PM2.5 - Principal,2024-05-08 05:00 AM,2024,05,08,05,50.4,138,Unhealthy for Sensitive Groups,47.0,UG/M3,1 Hr,Valid
Phora Durbar Kathmandu,PM2.5 - Principal,2024-05-08 06:00 AM,2024,05,08,06,53.6,146,Unhealthy for Sensitive Groups,56.0,UG/M3,1 Hr,Valid
Phora Durbar Kathmandu,PM2.5 - Principal,2024-05-08 07:00 AM,2024,05,08,07,71.4,162,Unhealthy,87.0,UG/M3,1 Hr,Valid
Phora Durbar Kathmandu,PM2.5 - Principal,2024-05-08 08:00 AM,2024,05,08,08,55.2,150,Unhealthy for Sensitive Groups,40.0,UG/M3,1 Hr,Valid
Phora Durbar Kathmandu,PM2.5 - Principal,2024-05-08 09:00 AM,2024,05,08,09,72.3,163,Unhealthy,89.0,UG/M3,1 Hr,Valid
Phora Durbar Kathmandu,PM2.5 - Principal,2024-05-08 10:00 AM,2024,05,08,10,67.6,159,Unhealthy,63.0,UG/M3,1 Hr,Valid
Phora Durbar Kathmandu,PM2.5 - Principal,2024-05-08 11:00 AM,2024,05,08,11,88.4,174,Unhealthy,109.0,UG/M3,1 Hr,Valid
Phora Durbar Kathmandu,PM2.5 - Principal,2024-05-08 12:00 PM,2024,05,08,12,73.1,163,Unhealthy,58.0,UG/M3,1 Hr,Valid
Phora Durbar Kathmandu,PM2.5 - Principal,2024-05-08 01:00 PM,2024,05,08,13,73.1,163,Unhealthy,-15.0,UG/M3,1 Hr,Invalid
Phora Durbar Kathmandu,PM2.5 - Principal,2024-05-08 02:00 PM,2024,05,08,14,29.0,88,Moderate,7.0,UG/M3,1 Hr,Valid
Phora Durbar Kathmandu,PM2.5 - Principal,2024-05-08 03:00 PM,2024,05,08,15,45.5,126,Unhealthy for Sensitive Groups,58.0,UG/M3,1 Hr,Valid
Phora Durbar Kathmandu,PM2.5 - Principal,2024-05-08 04:00 PM,2024,05,08,16,42.0,117,Unhealthy for Sensitive Groups,39.0,UG/M3,1 Hr,Valid
Phora Durbar Kathmandu,PM2.5 - Principal,2024-05-08 05:00 PM,2024,05,08,17,41.5,116,Unhealthy for Sensitive Groups,41.0,UG/M3,1 Hr,Valid
Phora Durbar Kathmandu,PM2.5 - Principal,2024-05-08 06:00 PM,2024,05,08,18,38.7,109,Unhealthy for Sensitive Groups,36.0,UG/M3,1 Hr,Valid
Phora Durbar Kathmandu,PM2.5 - Principal,2024-05-08 07:00 PM,2024,05,08,19,43.8,121,Unhealthy for Sensitive Groups,49.0,UG/M3,1 Hr,Valid
Phora Durbar Kathmandu,PM2.5 - Principal,2024-05-08 08:00 PM,2024,05,08,20,44.9,124,Unhealthy for Sensitive Groups,46.0,UG/M3,1 Hr,Valid
Phora Durbar Kathmandu,PM2.5 - Principal,2024-05-08 09:00 PM,2024,05,08,21,59.0,153,Unhealthy,73.0,UG/M3,1 Hr,Valid
Phora Durbar Kathmandu,PM2.5 - Principal,2024-05-08 10:00 PM,2024,05,08,22,56.9,152,Unhealthy,55.0,UG/M3,1 Hr,Valid
Phora Durbar Kathmandu,PM2.5 - Principal,2024-05-08 11:00 PM,2024,05,08,23,28.9,88,Moderate,1.0,UG/M3,1 Hr,Valid
Phora Durbar Kathmandu,PM2.5 - Principal,2024-05-09 12:00 AM,2024,05,09,00,17.9,67,Moderate,7.0,UG/M3,1 Hr,Valid
Phora Durbar Kathmandu,PM2.5 - Principal,2024-05-09 01:00 AM,2024,05,09,01,27.4,85,Moderate,37.0,UG/M3,1 Hr,Valid
Phora Durbar Kathmandu,PM2.5 - Principal,2024-05-09 02:00 AM,2024,05,09,02,50.7,138,Unhealthy for Sensitive Groups,74.0,UG/M3,1 Hr,Valid
Phora Durbar Kathmandu,PM2.5 - Principal,2024-05-09 03:00 AM,2024,05,09,03,57.8,153,Unhealthy,65.0,UG/M3,1 Hr,Valid
Phora Durbar Kathmandu,PM2.5 - Principal,2024-05-09 04:00 AM,2024,05,09,04,32.9,95,Moderate,8.0,UG/M3,1 Hr,Valid
Phora Durbar Kathmandu,PM2.5 - Principal,2024-05-09 05:00 AM,2024,05,09,05,36.4,103,Unhealthy for Sensitive Groups,40.0,UG/M3,1 Hr,Valid
Phora Durbar Kathmandu,PM2.5 - Principal,2024-05-09 06:00 AM,2024,05,09,06,46.2,127,Unhealthy for Sensitive Groups,56.0,UG/M3,1 Hr,Valid
Phora Durbar Kathmandu,PM2.5 - Principal,2024-05-09 07:00 AM,2024,05,09,07,29.6,89,Moderate,13.0,UG/M3,1 Hr,Valid
Phora Durbar Kathmandu,PM2.5 - Principal,2024-05-09 08:00 AM,2024,05,09,08,67.3,159,Unhealthy,105.0,UG/M3,1 Hr,Valid
Phora Durbar Kathmandu,PM2.5 - Principal,2024-05-09 09:00 AM,2024,05,09,09,72.6,163,Unhealthy,78.0,UG/M3,1 Hr,Valid
Phora Durbar Kathmandu,PM2.5 - Principal,2024-05-09 10:00 AM,2024,05,09,10,72.6,163,Unhealthy,-15.0,UG/M3,1 Hr,Invalid
Phora Durbar Kathmandu,PM2.5 - Principal,2024-05-09 11:00 AM,2024,05,09,11,74.2,164,Unhealthy,75.0,UG/M3,1 Hr,Valid
Phora Durbar Kathmandu,PM2.5 - Principal,2024-05-09 12:00 PM,2024,05,09,12,91.2,176,Unhealthy,104.0,UG/M3,1 Hr,Valid
Phora Durbar Kathmandu,PM2.5 - Principal,2024-05-09 01:00 PM,2024,05,09,13,65.5,158,Unhealthy,43.0,UG/M3,1 Hr,Valid
Phora Durbar Kathmandu,PM2.5 - Principal,2024-05-09 02:00 PM,2024,05,09,14,47.6,131,Unhealthy for Sensitive Groups,31.0,UG/M3,1 Hr,Valid
Phora Durbar Kathmandu,PM2.5 - Principal,2024-05-09 03:00 PM,2024,05,09,15,47.6,131,Unhealthy for Sensitive Groups,-15.0,UG/M3,1 Hr,Invalid
Phora Durbar Kathmandu,PM2.5 - Principal,2024-05-09 04:00 PM,2024,05,09,16,58.0,153,Unhealthy,63.0,UG/M3,1 Hr,Valid
Phora Durbar Kathmandu,PM2.5 - Principal,2024-05-09 05:00 PM,2024,05,09,17,50.5,138,Unhealthy for Sensitive Groups,45.0,UG/M3,1 Hr,Valid
Phora Durbar Kathmandu,PM2.5 - Principal,2024-05-09 06:00 PM,2024,05,09,18,51.3,140,Unhealthy for Sensitive Groups,52.0,UG/M3,1 Hr,Valid
Phora Durbar Kathmandu,PM2.5 - Principal,2024-05-09 07:00 PM,2024,05,09,19,72.8,163,Unhealthy,93.0,UG/M3,1 Hr,Valid
Phora Durbar Kathmandu,PM2.5 - Principal,2024-05-09 08:00 PM,2024,05,09,20,70.8,162,Unhealthy,69.0,UG/M3,1 Hr,Valid
Phora Durbar Kathmandu,PM2.5 - Principal,2024-05-09 09:00 PM,2024,05,09,21,75.4,165,Unhealthy,80.0,UG/M3,1 Hr,Valid
Phora Durbar Kathmandu,PM2.5 - Principal,2024-05-09 10:00 PM,2024,05,09,22,76.2,166,Unhealthy,77.0,UG/M3,1 Hr,Valid
Phora Durbar Kathmandu,PM2.5 - Principal,2024-05-09 11:00 PM,2024,05,09,23,70.6,162,Unhealthy,65.0,UG/M3,1 Hr,Valid
Phora Durbar Kathmandu,PM2.5 - Principal,2024-05-10 12:00 AM,2024,05,10,00,68.2,160,Unhealthy,66.0,UG/M3,1 Hr,Valid
Phora Durbar Kathmandu,PM2.5 - Principal,2024-05-10 01:00 AM,2024,05,10,01,60.6,155,Unhealthy,53.0,UG/M3,1 Hr,Valid
Phora Durbar Kathmandu,PM2.5 - Principal,2024-05-10 02:00 AM,2024,05,10,02,73.8,164,Unhealthy,87.0,UG/M3,1 Hr,Valid
Phora Durbar Kathmandu,PM2.5 - Principal,2024-05-10 03:00 AM,2024,05,10,03,52.4,143,Unhealthy for Sensitive Groups,31.0,UG/M3,1 Hr,Valid
Phora Durbar Kathmandu,PM2.5 - Principal,2024-05-10 04:00 AM,2024,05,10,04,40.7,114,Unhealthy for Sensitive Groups,29.0,UG/M3,1 Hr,Valid
Phora Durbar Kathmandu,PM2.5 - Principal,2024-05-10 05:00 AM,2024,05,10,05,34.3,98,Moderate,28.0,UG/M3,1 Hr,Valid
Phora Durbar Kathmandu,PM2.5 - Principal,2024-05-10 06:00 AM,2024,05,10,06,39.1,110,Unhealthy for Sensitive Groups,44.0,UG/M3,1 Hr,Valid
Phora Durbar Kathmandu,PM2.5 - Principal,2024-05-10 07:00 AM,2024,05,10,07,39.1,110,Unhealthy for Sensitive Groups,-15.0,UG/M3,1 Hr,Invalid
Phora Durbar Kathmandu,PM2.5 - Principal,2024-05-10 08:00 AM,2024,05,10,08,42.3,118,Unhealthy for Sensitive Groups,44.0,UG/M3,1 Hr,Valid
Phora Durbar Kathmandu,PM2.5 - Principal,2024-05-10 09:00 AM,2024,05,10,09,50.1,137,Unhealthy for Sensitive Groups,56.0,UG/M3,1 Hr,Valid
Phora Durbar Kathmandu,PM2.5 - Principal,2024-05-10 10:00 AM,2024,05,10,10,42.6,118,Unhealthy for Sensitive Groups,36.0,UG/M3,1 Hr,Valid
Phora Durbar Kathmandu,PM2.5 - Principal,2024-05-10 11:00 AM,2024,05,10,11,61.3,155,Unhealthy,79.0,UG/M3,1 Hr,Valid
Phora Durbar Kathmandu,PM2.5 - Principal,2024-05-10 12:00 PM,2024,05,10,12,73.8,164,Unhealthy,86.0,UG/M3,1 Hr,Valid
Phora Durbar Kathmandu,PM2.5 - Principal,2024-05-10 01:00 PM,2024,05,10,13,36.6,104,Unhealthy for Sensitive Groups,0.0,UG/M3,1 Hr,Valid
Phora Durbar Kathmandu,PM2.5 - Principal,2024-05-10 02:00 PM,2024,05,10,14,39.3,110,Unhealthy for Sensitive Groups,42.0,UG/M3,1 Hr,Valid
Phora Durbar Kathmandu,PM2.5 - Principal,2024-05-10 03:00 PM,2024,05,10,15,39.6,111,Unhealthy for Sensitive Groups,40.0,UG/M3,1 Hr,Valid
Phora Durbar Kathmandu,PM2.5 - Principal,2024-05-10 04:00 PM,2024,05,10,16,27.3,85,Moderate,15.0,UG/M3,1 Hr,Valid
Phora Durbar Kathmandu,PM2.5 - Principal,2024-05-10 05:00 PM,2024,05,10,17,39.1,110,Unhealthy for Sensitive Groups,51.0,UG/M3,1 Hr,Valid
Phora Durbar Kathmandu,PM2.5 - Principal,2024-05-10 06:00 PM,2024,05,10,18,39.5,111,Unhealthy for Sensitive Groups,40.0,UG/M3,1 Hr,Valid
Phora Durbar Kathmandu,PM2.5 - Principal,2024-05-10 07:00 PM,2024,05,10,19,39.5,111,Unhealthy for Sensitive Groups,-15.0,UG/M3,1 Hr,Invalid
Phora Durbar Kathmandu,PM2.5 - Principal,2024-05-10 08:00 PM,2024,05,10,20,44.5,123,Unhealthy for Sensitive Groups,47.0,UG/M3,1 Hr,Valid
Phora Durbar Kathmandu,PM2.5 - Principal,2024-05-10 09:00 PM,2024,05,10,21,61.9,155,Unhealthy,75.0,UG/M3,1 Hr,Valid
Phora Durbar Kathmandu,PM2.5 - Principal,2024-05-10 10:00 PM,2024,05,10,22,55.5,151,Unhealthy,50.0,UG/M3,1 Hr,Valid
Phora Durbar Kathmandu,PM2.5 - Principal,2024-05-10 11:00 PM,2024,05,10,23,74.8,165,Unhealthy,93.0,UG/M3,1 Hr,Valid
Phora Durbar Kathmandu,PM2.5 - Principal,2024-05-11 12:00 AM,2024,05,11,00,53.6,146,Unhealthy for Sensitive Groups,33.0,UG/M3,1 Hr,Valid
Phora Durbar Kathmandu,PM2.5 - Principal,2024-05-11 01:00 AM,2024,05,11,01,56.3,152,Unhealthy,59.0,UG/M3,1 Hr,Valid
Phora Durbar Kathmandu,PM2.5 - Principal,2024-05-11 02:00 AM,2024,05,11,02,68.2,160,Unhealthy,80.0,UG/M3,1 Hr,Valid
Phora Durbar Kathmandu,PM2.5 - Principal,2024-05-11 03:00 AM,2024,05,11,03,56.5,152,Unhealthy,45.0,UG/M3,1 Hr,Valid
Phora Durbar Kathmandu,PM2.5 - Principal,2024-05-11 04:00 AM,2024,05,11,04,51.2,140,Unhealthy for Sensitive Groups,46.0,UG/M3,1 Hr,Valid
Phora Durbar Kathmandu,PM2.5 - Principal,2024-05-11 05:00 AM,2024,05,11,05,63.6,157,Unhealthy,76.0,UG/M3,1 Hr,Valid
Phora Durbar Kathmandu,PM2.5 - Principal,2024-05-11 06:00 AM,2024,05,11,06,63.6,157,Unhealthy,-14.0,UG/M3,1 Hr,Invalid
Phora Durbar Kathmandu,PM2.5 - Principal,2024-05-11 07:00 AM,2024,05,11,07,61.8,155,Unhealthy,61.0,UG/M3,1 Hr,Valid
Phora Durbar Kathmandu,PM2.5 - Principal,2024-05-11 08:00 AM,2024,05,11,08,93.9,178,Unhealthy,118.0,UG/M3,1 Hr,Valid
Phora Durbar Kathmandu,PM2.5 - Principal,2024-05-11 09:00 AM,2024,05,11,09,106.7,187,Unhealthy,118.0,UG/M3,1 Hr,Valid
Phora Durbar Kathmandu,PM2.5 - Principal,2024-05-11 10:00 AM,2024,05,11,10,106.8,187,Unhealthy,-999.0,UG/M3,1 Hr,Missing
Phora Durbar Kathmandu,PM2.5 - Principal,2024-05-11 11:00 AM,2024,05,11,11,71.5,162,Unhealthy,55.0,UG/M3,1 Hr,Valid
Phora Durbar Kathmandu,PM2.5 - Principal,2024-05-11 12:00 PM,2024,05,11,12,65.4,158,Unhealthy,61.0,UG/M3,1 Hr,Valid
Phora Durbar Kathmandu,PM2.5 - Principal,2024-05-11 01:00 PM,2024,05,11,13,39.5,111,Unhealthy for Sensitive Groups,17.0,UG/M3,1 Hr,Valid
Phora Durbar Kathmandu,PM2.5 - Principal,2024-05-11 02:00 PM,2024,05,11,14,30.9,92,Moderate,23.0,UG/M3,1 Hr,Valid
Phora Durbar Kathmandu,PM2.5 - Principal,2024-05-11 03:00 PM,2024,05,11,15,30.4,91,Moderate,30.0,UG/M3,1 Hr,Valid
Phora Durbar Kathmandu,PM2.5 - Principal,2024-05-11 04:00 PM,2024,05,11,16,53.9,146,Unhealthy for Sensitive Groups,77.0,UG/M3,1 Hr,Valid
Phora Durbar Kathmandu,PM2.5 - Principal,2024-05-11 05:00 PM,2024,05,11,17,45.4,125,Unhealthy for Sensitive Groups,37.0,UG/M3,1 Hr,Valid
Phora Durbar Kathmandu,PM2.5 - Principal,2024-05-11 06:00 PM,2024,05,11,18,53.7,146,Unhealthy for Sensitive Groups,62.0,UG/M3,1 Hr,Valid
Phora Durbar Kathmandu,PM2.5 - Principal,2024-05-11 07:00 PM,2024,05,11,19,45.8,126,Unhealthy for Sensitive Groups,38.0,UG/M3,1 Hr,Valid
Phora Durbar Kathmandu,PM2.5 - Principal,2024-05-11 08:00 PM,2024,05,11,20,46.4,128,Unhealthy for Sensitive Groups,47.0,UG/M3,1 Hr,Valid
Phora Durbar Kathmandu,PM2.5 - Principal,2024-05-11 09:00 PM,2024,05,11,21,40.6,114,Unhealthy for Sensitive Groups,35.0,UG/M3,1 Hr,Valid
Phora Durbar Kathmandu,PM2.5 - Principal,2024-05-11 10:00 PM,2024,05,11,22,63.8,157,Unhealthy,87.0,UG/M3,1 Hr,Valid
Phora Durbar Kathmandu,PM2.5 - Principal,2024-05-11 11:00 PM,2024,05,11,23,51.9,141,Unhealthy for Sensitive Groups,40.0,UG/M3,1 Hr,Valid
Phora Durbar Kathmandu,PM2.5 - Principal,2024-05-12 12:00 AM,2024,05,12,00,47.9,132,Unhealthy for Sensitive Groups,44.0,UG/M3,1 Hr,Valid
Phora Durbar Kathmandu,PM2.5 - Principal,2024-05-12 01:00 AM,2024,05,12,01,51.4,140,Unhealthy for Sensitive Groups,55.0,UG/M3,1 Hr,Valid
Phora Durbar Kathmandu,PM2.5 - Principal,2024-05-12 02:00 AM,2024,05,12,02,24.7,80,Moderate,-2.0,UG/M3,1 Hr,Valid
Phora Durbar Kathmandu,PM2.5 - Principal,2024-05-12 03:00 AM,2024,05,12,03,50.8,139,Unhealthy for Sensitive Groups,77.0,UG/M3,1 Hr,Valid
Phora Durbar Kathmandu,PM2.5 - Principal,2024-05-12 04:00 AM,2024,05,12,04,50.8,139,Unhealthy for Sensitive Groups,-15.0,UG/M3,1 Hr,Invalid
Phora Durbar Kathmandu,PM2.5 - Principal,2024-05-12 05:00 AM,2024,05,12,05,68.2,160,Unhealthy,77.0,UG/M3,1 Hr,Valid
Phora Durbar Kathmandu,PM2.5 - Principal,2024-05-12 06:00 AM,2024,05,12,06,50.9,139,Unhealthy for Sensitive Groups,38.0,UG/M3,1 Hr,Valid
Phora Durbar Kathmandu,PM2.5 - Principal,2024-05-12 07:00 AM,2024,05,12,07,44.5,123,Unhealthy for Sensitive Groups,39.0,UG/M3,1 Hr,Valid
Phora Durbar Kathmandu,PM2.5 - Principal,2024-05-12 08:00 AM,2024,05,12,08,67.0,159,Unhealthy,88.0,UG/M3,1 Hr,Valid
Phora Durbar Kathmandu,PM2.5 - Principal,2024-05-12 09:00 AM,2024,05,12,09,65.4,158,Unhealthy,64.0,UG/M3,1 Hr,Valid
Phora Durbar Kathmandu,PM2.5 - Principal,2024-05-12 10:00 AM,2024,05,12,10,40.5,113,Unhealthy for Sensitive Groups,16.0,UG/M3,1 Hr,Valid
Phora Durbar Kathmandu,PM2.5 - Principal,2024-05-12 11:00 AM,2024,05,12,11,28.7,88,Moderate,17.0,UG/M3,1 Hr,Valid
Phora Durbar Kathmandu,PM2.5 - Principal,2024-05-12 12:00 PM,2024,05,12,12,28.7,88,Moderate,-15.0,UG/M3,1 Hr,Invalid
Phora Durbar Kathmandu,PM2.5 - Principal,2024-05-12 01:00 PM,2024,05,12,13,22.8,77,Moderate,20.0,UG/M3,1 Hr,Valid
Phora Durbar Kathmandu,PM2.5 - Principal,2024-05-12 02:00 PM,2024,05,12,14,24.6,80,Moderate,26.0,UG/M3,1 Hr,Valid
Phora Durbar Kathmandu,PM2.5 - Principal,2024-05-12 03:00 PM,2024,05,12,15,25.3,81,Moderate,26.0,UG/M3,1 Hr,Valid
Phora Durbar Kathmandu,PM2.5 - Principal,2024-05-12 04:00 PM,2024,05,12,16,37.5,106,Unhealthy for Sensitive Groups,49.0,UG/M3,1 Hr,Valid
Phora Durbar Kathmandu,PM2.5 - Principal,2024-05-12 05:00 PM,2024,05,12,17,33.7,97,Moderate,30.0,UG/M3,1 Hr,Valid
Phora Durbar Kathmandu,PM2.5 - Principal,2024-05-12 06:00 PM,2024,05,12,18,55.0,149,Unhealthy for Sensitive Groups,76.0,UG/M3,1 Hr,Valid
Phora Durbar Kathmandu,PM2.5 - Principal,2024-05-12 07:00 PM,2024,05,12,19,52.5,143,Unhealthy for Sensitive Groups,50.0,UG/M3,1 Hr,Valid
Phora Durbar Kathmandu,PM2.5 - Principal,2024-05-12 08:00 PM,2024,05,12,20,73.7,164,Unhealthy,95.0,UG/M3,1 Hr,Valid
Phora Durbar Kathmandu,PM2.5 - Principal,2024-05-12 09:00 PM,2024,05,12,21,73.8,164,Unhealthy,74.0,UG/M3,1 Hr,Valid
Phora Durbar Kathmandu,PM2.5 - Principal,2024-05-12 10:00 PM,2024,05,12,22,73.9,164,Unhealthy,74.0,UG/M3,1 Hr,Valid
Phora Durbar Kathmandu,PM2.5 - Principal,2024-05-12 11:00 PM,2024,05,12,23,50.4,138,Unhealthy for Sensitive Groups,27.0,UG/M3,1 Hr,Valid
Phora Durbar Kathmandu,PM2.5 - Principal,2024-05-13 12:00 AM,2024,05,13,00,51.2,140,Unhealthy for Sensitive Groups,52.0,UG/M3,1 Hr,Valid
Phora Durbar Kathmandu,PM2.5 - Principal,2024-05-13 01:00 AM,2024,05,13,01,56.1,151,Unhealthy,61.0,UG/M3,1 Hr,Valid
Phora Durbar Kathmandu,PM2.5 - Principal,2024-05-13 02:00 AM,2024,05,13,02,58.0,153,Unhealthy,60.0,UG/M3,1 Hr,Valid
Phora Durbar Kathmandu,PM2.5 - Principal,2024-05-13 03:00 AM,2024,05,13,03,28.0,86,Moderate,-2.0,UG/M3,1 Hr,Valid
Phora Durbar Kathmandu,PM2.5 - Principal,2024-05-13 04:00 AM,2024,05,13,04,36.5,103,Unhealthy for Sensitive Groups,45.0,UG/M3,1 Hr,Valid
Phora Durbar Kathmandu,PM2.5 - Principal,2024-05-13 05:00 AM,2024,05,13,05,40.2,113,Unhealthy for Sensitive Groups,44.0,UG/M3,1 Hr,Valid
Phora Durbar Kathmandu,PM2.5 - Principal,2024-05-13 06:00 AM,2024,05,13,06,45.1,125,Unhealthy for Sensitive Groups,50.0,UG/M3,1 Hr,Valid
Phora Durbar Kathmandu,PM2.5 - Principal,2024-05-13 07:00 AM,2024,05,13,07,58.5,153,Unhealthy,72.0,UG/M3,1 Hr,Valid
Phora Durbar Kathmandu,PM2.5 - Principal,2024-05-13 08:00 AM,2024,05,13,08,54.2,147,Unhealthy for Sensitive Groups,50.0,UG/M3,1 Hr,Valid
Phora Durbar Kathmandu,PM2.5 - Principal,2024-05-13 09:00 AM,2024,05,13,09,91.1,176,Unhealthy,128.0,UG/M3,1 Hr,Valid
Phora Durbar Kathmandu,PM2.5 - Principal,2024-05-13 10:00 AM,2024,05,13,10,63.5,157,Unhealthy,36.0,UG/M3,1 Hr,Valid
Phora Durbar Kathmandu,PM2.5 - Principal,2024-05-13 11:00 AM,2024,05,13,11,82.7,170,Unhealthy,102.0,UG/M3,1 Hr,Valid
Phora Durbar Kathmandu,PM2.5 - Principal,2024-05-13 12:00 PM,2024,05,13,12,42.8,119,Unhealthy for Sensitive Groups,3.0,UG/M3,1 Hr,Valid
Phora Durbar Kathmandu,PM2.5 - Principal,2024-05-13 01:00 PM,2024,05,13,13,47.4,130,Unhealthy for Sensitive Groups,52.0,UG/M3,1 Hr,Valid
Phora Durbar Kathmandu,PM2.5 - Principal,2024-05-13 02:00 PM,2024,05,13,14,51.7,141,Unhealthy for Sensitive Groups,56.0,UG/M3,1 Hr,Valid
Phora Durbar Kathmandu,PM2.5 - Principal,2024-05-13 03:00 PM,2024,05,13,15,63.3,156,Unhealthy,75.0,UG/M3,1 Hr,Valid
Phora Durbar Kathmandu,PM2.5 - Principal,2024-05-13 04:00 PM,2024,05,13,16,51.1,139,Unhealthy for Sensitive Groups,39.0,UG/M3,1 Hr,Valid
Phora Durbar Kathmandu,PM2.5 - Principal,2024-05-13 05:00 PM,2024,05,13,17,28.5,87,Moderate,6.0,UG/M3,1 Hr,Valid
Phora Durbar Kathmandu,PM2.5 - Principal,2024-05-13 06:00 PM,2024,05,13,18,37.7,106,Unhealthy for Sensitive Groups,47.0,UG/M3,1 Hr,Valid
Phora Durbar Kathmandu,PM2.5 - Principal,2024-05-13 07:00 PM,2024,05,13,19,37.7,106,Unhealthy for Sensitive Groups,-5.0,UG/M3,1 Hr,Invalid
Phora Durbar Kathmandu,PM2.5 - Principal,2024-05-13 08:00 PM,2024,05,13,20,33.9,97,Moderate,32.0,UG/M3,1 Hr,Valid
Phora Durbar Kathmandu,PM2.5 - Principal,2024-05-13 09:00 PM,2024,05,13,21,24.2,79,Moderate,17.0,UG/M3,1 Hr,Valid
Phora Durbar Kathmandu,PM2.5 - Principal,2024-05-13 10:00 PM,2024,05,13,22,55.0,149,Unhealthy for Sensitive Groups,82.0,UG/M3,1 Hr,Valid
Phora Durbar Kathmandu,PM2.5 - Principal,2024-05-13 11:00 PM,2024,05,13,23,60.1,154,Unhealthy,65.0,UG/M3,1 Hr,Valid
Phora Durbar Kathmandu,PM2.5 - Principal,2024-05-14 12:00 AM,2024,05,14,00,62.6,156,Unhealthy,65.0,UG/M3,1 Hr,Valid
Phora Durbar Kathmandu,PM2.5 - Principal,2024-05-14 01:00 AM,2024,05,14,01,62.6,156,Unhealthy,-999.0,UG/M3,1 Hr,Missing
Phora Durbar Kathmandu,PM2.5 - Principal,2024-05-14 12:00 PM,2024,05,14,12,-999.0,-999,N/A,36.0,UG/M3,1 Hr,Valid
Phora Durbar Kathmandu,PM2.5 - Principal,2024-05-14 01:00 PM,2024,05,14,13,49.5,135,Unhealthy for Sensitive Groups,58.0,UG/M3,1 Hr,Valid
Phora Durbar Kathmandu,PM2.5 - Principal,2024-05-14 02:00 PM,2024,05,14,14,40.3,113,Unhealthy for Sensitive Groups,32.0,UG/M3,1 Hr,Valid
Phora Durbar Kathmandu,PM2.5 - Principal,2024-05-14 03:00 PM,2024,05,14,15,48.0,132,Unhealthy for Sensitive Groups,56.0,UG/M3,1 Hr,Valid
Phora Durbar Kathmandu,PM2.5 - Principal,2024-05-14 04:00 PM,2024,05,14,16,43.3,120,Unhealthy for Sensitive Groups,38.0,UG/M3,1 Hr,Valid
Phora Durbar Kathmandu,PM2.5 - Principal,2024-05-14 05:00 PM,2024,05,14,17,43.3,120,Unhealthy for Sensitive Groups,-9.0,UG/M3,1 Hr,Invalid
Phora Durbar Kathmandu,PM2.5 - Principal,2024-05-14 06:00 PM,2024,05,14,18,43.7,121,Unhealthy for Sensitive Groups,44.0,UG/M3,1 Hr,Valid
Phora Durbar Kathmandu,PM2.5 - Principal,2024-05-14 07:00 PM,2024,05,14,19,59.3,154,Unhealthy,71.0,UG/M3,1 Hr,Valid
Phora Durbar Kathmandu,PM2.5 - Principal,2024-05-14 08:00 PM,2024,05,14,20,39.9,112,Unhealthy for Sensitive Groups,23.0,UG/M3,1 Hr,Valid
Phora Durbar Kathmandu,PM2.5 - Principal,2024-05-14 09:00 PM,2024,05,14,21,52.3,142,Unhealthy for Sensitive Groups,64.0,UG/M3,1 Hr,Valid
Phora Durbar Kathmandu,PM2.5 - Principal,2024-05-14 10:00 PM,2024,05,14,22,64.8,158,Unhealthy,77.0,UG/M3,1 Hr,Valid
Phora Durbar Kathmandu,PM2.5 - Principal,2024-05-14 11:00 PM,2024,05,14,23,56.8,152,Unhealthy,49.0,UG/M3,1 Hr,Valid
Phora Durbar Kathmandu,PM2.5 - Principal,2024-05-15 12:00 AM,2024,05,15,00,65.4,158,Unhealthy,74.0,UG/M3,1 Hr,Valid
Phora Durbar Kathmandu,PM2.5 - Principal,2024-05-15 01:00 AM,2024,05,15,01,68.7,160,Unhealthy,72.0,UG/M3,1 Hr,Valid
Phora Durbar Kathmandu,PM2.5 - Principal,2024-05-15 02:00 AM,2024,05,15,02,65.3,158,Unhealthy,62.0,UG/M3,1 Hr,Valid
Phora Durbar Kathmandu,PM2.5 - Principal,2024-05-15 03:00 AM,2024,05,15,03,63.6,157,Unhealthy,62.0,UG/M3,1 Hr,Valid
Phora Durbar Kathmandu,PM2.5 - Principal,2024-05-15 04:00 AM,2024,05,15,04,63.6,157,Unhealthy,-999.0,UG/M3,1 Hr,Missing
Phora Durbar Kathmandu,PM2.5 - Principal,2024-05-15 05:00 AM,2024,05,15,05,65.2,158,Unhealthy,66.0,UG/M3,1 Hr,Valid
Phora Durbar Kathmandu,PM2.5 - Principal,2024-05-15 06:00 AM,2024,05,15,06,70.8,162,Unhealthy,75.0,UG/M3,1 Hr,Valid
Phora Durbar Kathmandu,PM2.5 - Principal,2024-05-15 07:00 AM,2024,05,15,07,66.6,159,Unhealthy,63.0,UG/M3,1 Hr,Valid
Phora Durbar Kathmandu,PM2.5 - Principal,2024-05-15 08:00 AM,2024,05,15,08,68.0,160,Unhealthy,70.0,UG/M3,1 Hr,Valid
Phora Durbar Kathmandu,PM2.5 - Principal,2024-05-15 09:00 AM,2024,05,15,09,70.7,162,Unhealthy,75.0,UG/M3,1 Hr,Valid
Phora Durbar Kathmandu,PM2.5 - Principal,2024-05-15 10:00 AM,2024,05,15,10,74.5,164,Unhealthy,80.0,UG/M3,1 Hr,Valid
Phora Durbar Kathmandu,PM2.5 - Principal,2024-05-15 11:00 AM,2024,05,15,11,55.3,150,Unhealthy for Sensitive Groups,35.0,UG/M3,1 Hr,Valid
Phora Durbar Kathmandu,PM2.5 - Principal,2024-05-15 12:00 PM,2024,05,15,12,46.6,128,Unhealthy for Sensitive Groups,38.0,UG/M3,1 Hr,Valid
Phora Durbar Kathmandu,PM2.5 - Principal,2024-05-15 01:00 PM,2024,05,15,13,44.3,123,Unhealthy for Sensitive Groups,42.0,UG/M3,1 Hr,Valid
Phora Durbar Kathmandu,PM2.5 - Principal,2024-05-15 02:00 PM,2024,05,15,14,47.1,130,Unhealthy for Sensitive Groups,50.0,UG/M3,1 Hr,Valid
Phora Durbar Kathmandu,PM2.5 - Principal,2024-05-15 03:00 PM,2024,05,15,15,50.0,137,Unhealthy for Sensitive Groups,53.0,UG/M3,1 Hr,Valid
Phora Durbar Kathmandu,PM2.5 - Principal,2024-05-15 04:00 PM,2024,05,15,16,55.5,151,Unhealthy,61.0,UG/M3,1 Hr,Valid
Phora Durbar Kathmandu,PM2.5 - Principal,2024-05-15 05:00 PM,2024,05,15,17,49.2,135,Unhealthy for Sensitive Groups,43.0,UG/M3,1 Hr,Valid
Phora Durbar Kathmandu,PM2.5 - Principal,2024-05-15 06:00 PM,2024,05,15,18,47.1,130,Unhealthy for Sensitive Groups,45.0,UG/M3,1 Hr,Valid
Phora Durbar Kathmandu,PM2.5 - Principal,2024-05-15 07:00 PM,2024,05,15,19,46.5,128,Unhealthy for Sensitive Groups,46.0,UG/M3,1 Hr,Valid
Phora Durbar Kathmandu,PM2.5 - Principal,2024-05-15 08:00 PM,2024,05,15,20,51.7,141,Unhealthy for Sensitive Groups,57.0,UG/M3,1 Hr,Valid
Phora Durbar Kathmandu,PM2.5 - Principal,2024-05-15 09:00 PM,2024,05,15,21,45.3,125,Unhealthy for Sensitive Groups,39.0,UG/M3,1 Hr,Valid
Phora Durbar Kathmandu,PM2.5 - Principal,2024-05-15 10:00 PM,2024,05,15,22,44.2,122,Unhealthy for Sensitive Groups,42.0,UG/M3,1 Hr,Valid
Phora Durbar Kathmandu,PM2.5 - Principal,2024-05-15 11:00 PM,2024,05,15,23,42.5,118,Unhealthy for Sensitive Groups,39.0,UG/M3,1 Hr,Valid
Phora Durbar Kathmandu,PM2.5 - Principal,2024-05-16 12:00 AM,2024,05,16,00,42.1,117,Unhealthy for Sensitive Groups,41.0,UG/M3,1 Hr,Valid
Phora Durbar Kathmandu,PM2.5 - Principal,2024-05-16 01:00 AM,2024,05,16,01,33.5,96,Moderate,26.0,UG/M3,1 Hr,Valid
Phora Durbar Kathmandu,PM2.5 - Principal,2024-05-16 02:00 AM,2024,05,16,02,28.2,87,Moderate,23.0,UG/M3,1 Hr,Valid
Phora Durbar Kathmandu,PM2.5 - Principal,2024-05-16 03:00 AM,2024,05,16,03,25.1,81,Moderate,22.0,UG/M3,1 Hr,Valid
Phora Durbar Kathmandu,PM2.5 - Principal,2024-05-16 04:00 AM,2024,05,16,04,26.5,83,Moderate,28.0,UG/M3,1 Hr,Valid
Phora Durbar Kathmandu,PM2.5 - Principal,2024-05-16 05:00 AM,2024,05,16,05,28.2,87,Moderate,30.0,UG/M3,1 Hr,Valid
Phora Durbar Kathmandu,PM2.5 - Principal,2024-05-16 06:00 AM,2024,05,16,06,32.1,94,Moderate,36.0,UG/M3,1 Hr,Valid
Phora Durbar Kathmandu,PM2.5 - Principal,2024-05-16 07:00 AM,2024,05,16,07,39.5,111,Unhealthy for Sensitive Groups,47.0,UG/M3,1 Hr,Valid
Phora Durbar Kathmandu,PM2.5 - Principal,2024-05-16 08:00 AM,2024,05,16,08,46.2,127,Unhealthy for Sensitive Groups,53.0,UG/M3,1 Hr,Valid
Phora Durbar Kathmandu,PM2.5 - Principal,2024-05-16 09:00 AM,2024,05,16,09,54.6,148,Unhealthy for Sensitive Groups,63.0,UG/M3,1 Hr,Valid
Phora Durbar Kathmandu,PM2.5 - Principal,2024-05-16 10:00 AM,2024,05,16,10,51.3,140,Unhealthy for Sensitive Groups,48.0,UG/M3,1 Hr,Valid
Phora Durbar Kathmandu,PM2.5 - Principal,2024-05-16 11:00 AM,2024,05,16,11,49.6,136,Unhealthy for Sensitive Groups,48.0,UG/M3,1 Hr,Valid
Phora Durbar Kathmandu,PM2.5 - Principal,2024-05-16 12:00 PM,2024,05,16,12,35.8,102,Unhealthy for Sensitive Groups,22.0,UG/M3,1 Hr,Valid
Phora Durbar Kathmandu,PM2.5 - Principal,2024-05-16 01:00 PM,2024,05,16,13,37.9,107,Unhealthy for Sensitive Groups,40.0,UG/M3,1 Hr,Valid
Phora Durbar Kathmandu,PM2.5 - Principal,2024-05-16 02:00 PM,2024,05,16,14,28.4,87,Moderate,19.0,UG/M3,1 Hr,Valid
Phora Durbar Kathmandu,PM2.5 - Principal,2024-05-16 03:00 PM,2024,05,16,15,30.7,91,Moderate,33.0,UG/M3,1 Hr,Valid
Phora Durbar Kathmandu,PM2.5 - Principal,2024-05-16 04:00 PM,2024,05,16,16,33.8,97,Moderate,37.0,UG/M3,1 Hr,Valid
Phora Durbar Kathmandu,PM2.5 - Principal,2024-05-16 05:00 PM,2024,05,16,17,39.9,112,Unhealthy for Sensitive Groups,46.0,UG/M3,1 Hr,Valid
Phora Durbar Kathmandu,PM2.5 - Principal,2024-05-16 06:00 PM,2024,05,16,18,40.9,114,Unhealthy for Sensitive Groups,42.0,UG/M3,1 Hr,Valid
Phora Durbar Kathmandu,PM2.5 - Principal,2024-05-16 07:00 PM,2024,05,16,19,44.9,124,Unhealthy for Sensitive Groups,49.0,UG/M3,1 Hr,Valid
Phora Durbar Kathmandu,PM2.5 - Principal,2024-05-16 08:00 PM,2024,05,16,20,45.4,125,Unhealthy for Sensitive Groups,46.0,UG/M3,1 Hr,Valid
Phora Durbar Kathmandu,PM2.5 - Principal,2024-05-16 09:00 PM,2024,05,16,21,50.2,137,Unhealthy for Sensitive Groups,55.0,UG/M3,1 Hr,Valid
Phora Durbar Kathmandu,PM2.5 - Principal,2024-05-16 10:00 PM,2024,05,16,22,63.6,157,Unhealthy,77.0,UG/M3,1 Hr,Valid
Phora Durbar Kathmandu,PM2.5 - Principal,2024-05-16 11:00 PM,2024,05,16,23,62.8,156,Unhealthy,62.0,UG/M3,1 Hr,Valid
Phora Durbar Kathmandu,PM2.5 - Principal,2024-05-17 12:00 AM,2024,05,17,00,64.9,158,Unhealthy,67.0,UG/M3,1 Hr,Valid
Phora Durbar Kathmandu,PM2.5 - Principal,2024-05-17 01:00 AM,2024,05,17,01,60.4,154,Unhealthy,56.0,UG/M3,1 Hr,Valid
Phora Durbar Kathmandu,PM2.5 - Principal,2024-05-17 02:00 AM,2024,05,17,02,78.2,167,Unhealthy,96.0,UG/M3,1 Hr,Valid
Phora Durbar Kathmandu,PM2.5 - Principal,2024-05-17 03:00 AM,2024,05,17,03,69.6,161,Unhealthy,61.0,UG/M3,1 Hr,Valid
Phora Durbar Kathmandu,PM2.5 - Principal,2024-05-17 04:00 AM,2024,05,17,04,65.8,158,Unhealthy,62.0,UG/M3,1 Hr,Valid
Phora Durbar Kathmandu,PM2.5 - Principal,2024-05-17 05:00 AM,2024,05,17,05,63.4,157,Unhealthy,61.0,UG/M3,1 Hr,Valid
Phora Durbar Kathmandu,PM2.5 - Principal,2024-05-17 06:00 AM,2024,05,17,06,67.7,160,Unhealthy,72.0,UG/M3,1 Hr,Valid
Phora Durbar Kathmandu,PM2.5 - Principal,2024-05-17 07:00 AM,2024,05,17,07,81.8,169,Unhealthy,96.0,UG/M3,1 Hr,Valid
Phora Durbar Kathmandu,PM2.5 - Principal,2024-05-17 08:00 AM,2024,05,17,08,75.9,165,Unhealthy,71.0,UG/M3,1 Hr,Valid
Phora Durbar Kathmandu,PM2.5 - Principal,2024-05-17 09:00 AM,2024,05,17,09,81.7,169,Unhealthy,90.0,UG/M3,1 Hr,Valid
Phora Durbar Kathmandu,PM2.5 - Principal,2024-05-17 10:00 AM,2024,05,17,10,79.3,168,Unhealthy,76.0,UG/M3,1 Hr,Valid
Phora Durbar Kathmandu,PM2.5 - Principal,2024-05-17 11:00 AM,2024,05,17,11,75.0,165,Unhealthy,69.0,UG/M3,1 Hr,Valid
Phora Durbar Kathmandu,PM2.5 - Principal,2024-05-17 12:00 PM,2024,05,17,12,69.1,161,Unhealthy,61.0,UG/M3,1 Hr,Valid
Phora Durbar Kathmandu,PM2.5 - Principal,2024-05-17 01:00 PM,2024,05,17,13,58.6,153,Unhealthy,49.0,UG/M3,1 Hr,Valid
Phora Durbar Kathmandu,PM2.5 - Principal,2024-05-17 02:00 PM,2024,05,17,14,52.1,142,Unhealthy for Sensitive Groups,46.0,UG/M3,1 Hr,Valid
Phora Durbar Kathmandu,PM2.5 - Principal,2024-05-17 03:00 PM,2024,05,17,15,50.5,138,Unhealthy for Sensitive Groups,49.0,UG/M3,1 Hr,Valid
Phora Durbar Kathmandu,PM2.5 - Principal,2024-05-17 04:00 PM,2024,05,17,16,47.2,130,Unhealthy for Sensitive Groups,44.0,UG/M3,1 Hr,Valid
Phora Durbar Kathmandu,PM2.5 - Principal,2024-05-17 05:00 PM,2024,05,17,17,50.1,137,Unhealthy for Sensitive Groups,53.0,UG/M3,1 Hr,Valid
Phora Durbar Kathmandu,PM2.5 - Principal,2024-05-17 06:00 PM,2024,05,17,18,54.5,148,Unhealthy for Sensitive Groups,59.0,UG/M3,1 Hr,Valid
Phora Durbar Kathmandu,PM2.5 - Principal,2024-05-17 07:00 PM,2024,05,17,19,58.7,153,Unhealthy,63.0,UG/M3,1 Hr,Valid
Phora Durbar Kathmandu,PM2.5 - Principal,2024-05-17 08:00 PM,2024,05,17,20,64.3,157,Unhealthy,70.0,UG/M3,1 Hr,Valid
Phora Durbar Kathmandu,PM2.5 - Principal,2024-05-17 09:00 PM,2024,05,17,21,72.8,163,Unhealthy,83.0,UG/M3,1 Hr,Valid
Phora Durbar Kathmandu,PM2.5 - Principal,2024-05-17 10:00 PM,2024,05,17,22,78.8,167,Unhealthy,85.0,UG/M3,1 Hr,Valid
Phora Durbar Kathmandu,PM2.5 - Principal,2024-05-17 11:00 PM,2024,05,17,23,90.6,176,Unhealthy,102.0,UG/M3,1 Hr,Valid
Phora Durbar Kathmandu,PM2.5 - Principal,2024-05-18 12:00 AM,2024,05,18,00,87.3,173,Unhealthy,84.0,UG/M3,1 Hr,Valid
Phora Durbar Kathmandu,PM2.5 - Principal,2024-05-18 01:00 AM,2024,05,18,01,88.6,174,Unhealthy,90.0,UG/M3,1 Hr,Valid
Phora Durbar Kathmandu,PM2.5 - Principal,2024-05-18 02:00 AM,2024,05,18,02,89.8,175,Unhealthy,91.0,UG/M3,1 Hr,Valid
Phora Durbar Kathmandu,PM2.5 - Principal,2024-05-18 03:00 AM,2024,05,18,03,90.4,175,Unhealthy,91.0,UG/M3,1 Hr,Valid
Phora Durbar Kathmandu,PM2.5 - Principal,2024-05-18 04:00 AM,2024,05,18,04,85.3,172,Unhealthy,80.0,UG/M3,1 Hr,Valid
Phora Durbar Kathmandu,PM2.5 - Principal,2024-05-18 05:00 AM,2024,05,18,05,94.1,178,Unhealthy,105.0,UG/M3,1 Hr,Valid
Phora Durbar Kathmandu,PM2.5 - Principal,2024-05-18 06:00 AM,2024,05,18,06,107.3,187,Unhealthy,121.0,UG/M3,1 Hr,Valid
Phora Durbar Kathmandu,PM2.5 - Principal,2024-05-18 07:00 AM,2024,05,18,07,106.9,187,Unhealthy,109.0,UG/M3,1 Hr,Valid
Phora Durbar Kathmandu,PM2.5 - Principal,2024-05-18 08:00 AM,2024,05,18,08,110.0,189,Unhealthy,120.0,UG/M3,1 Hr,Valid
Phora Durbar Kathmandu,PM2.5 - Principal,2024-05-18 09:00 AM,2024,05,18,09,111.0,190,Unhealthy,113.0,UG/M3,1 Hr,Valid
Phora Durbar Kathmandu,PM2.5 - Principal,2024-05-18 10:00 AM,2024,05,18,10,108.3,188,Unhealthy,103.0,UG/M3,1 Hr,Valid
Phora Durbar Kathmandu,PM2.5 - Principal,2024-05-18 11:00 AM,2024,05,18,11,104.1,185,Unhealthy,96.0,UG/M3,1 Hr,Valid
Phora Durbar Kathmandu,PM2.5 - Principal,2024-05-18 12:00 PM,2024,05,18,12,96.6,180,Unhealthy,82.0,UG/M3,1 Hr,Valid
Phora Durbar Kathmandu,PM2.5 - Principal,2024-05-18 01:00 PM,2024,05,18,13,76.7,166,Unhealthy,61.0,UG/M3,1 Hr,Valid
Phora Durbar Kathmandu,PM2.5 - Principal,2024-05-18 02:00 PM,2024,05,18,14,70.9,162,Unhealthy,65.0,UG/M3,1 Hr,Valid
Phora Durbar Kathmandu,PM2.5 - Principal,2024-05-18 03:00 PM,2024,05,18,15,58.8,153,Unhealthy,47.0,UG/M3,1 Hr,Valid
Phora Durbar Kathmandu,PM2.5 - Principal,2024-05-18 04:00 PM,2024,05,18,16,62.9,156,Unhealthy,67.0,UG/M3,1 Hr,Valid
Phora Durbar Kathmandu,PM2.5 - Principal,2024-05-18 05:00 PM,2024,05,18,17,67.9,160,Unhealthy,73.0,UG/M3,1 Hr,Valid
Phora Durbar Kathmandu,PM2.5 - Principal,2024-05-18 06:00 PM,2024,05,18,18,84.9,172,Unhealthy,102.0,UG/M3,1 Hr,Valid
Phora Durbar Kathmandu,PM2.5 - Principal,2024-05-18 07:00 PM,2024,05,18,19,77.9,167,Unhealthy,71.0,UG/M3,1 Hr,Valid
Phora Durbar Kathmandu,PM2.5 - Principal,2024-05-18 08:00 PM,2024,05,18,20,89.9,175,Unhealthy,102.0,UG/M3,1 Hr,Valid
Phora Durbar Kathmandu,PM2.5 - Principal,2024-05-18 09:00 PM,2024,05,18,21,91.4,176,Unhealthy,93.0,UG/M3,1 Hr,Valid
Phora Durbar Kathmandu,PM2.5 - Principal,2024-05-18 10:00 PM,2024,05,18,22,90.7,176,Unhealthy,90.0,UG/M3,1 Hr,Valid
Phora Durbar Kathmandu,PM2.5 - Principal,2024-05-18 11:00 PM,2024,05,18,23,101.8,183,Unhealthy,113.0,UG/M3,1 Hr,Valid
Phora Durbar Kathmandu,PM2.5 - Principal,2024-05-19 12:00 AM,2024,05,19,00,97.9,181,Unhealthy,94.0,UG/M3,1 Hr,Valid
Phora Durbar Kathmandu,PM2.5 - Principal,2024-05-19 01:00 AM,2024,05,19,01,89.4,175,Unhealthy,81.0,UG/M3,1 Hr,Valid
Phora Durbar Kathmandu,PM2.5 - Principal,2024-05-19 02:00 AM,2024,05,19,02,71.7,162,Unhealthy,54.0,UG/M3,1 Hr,Valid
Phora Durbar Kathmandu,PM2.5 - Principal,2024-05-19 03:00 AM,2024,05,19,03,53.3,145,Unhealthy for Sensitive Groups,35.0,UG/M3,1 Hr,Valid
Phora Durbar Kathmandu,PM2.5 - Principal,2024-05-19 04:00 AM,2024,05,19,04,45.6,126,Unhealthy for Sensitive Groups,38.0,UG/M3,1 Hr,Valid
Phora Durbar Kathmandu,PM2.5 - Principal,2024-05-19 05:00 AM,2024,05,19,05,51.3,140,Unhealthy for Sensitive Groups,57.0,UG/M3,1 Hr,Valid
Phora Durbar Kathmandu,PM2.5 - Principal,2024-05-19 06:00 AM,2024,05,19,06,55.6,151,Unhealthy,60.0,UG/M3,1 Hr,Valid
Phora Durbar Kathmandu,PM2.5 - Principal,2024-05-19 07:00 AM,2024,05,19,07,64.3,157,Unhealthy,73.0,UG/M3,1 Hr,Valid
Phora Durbar Kathmandu,PM2.5 - Principal,2024-05-19 08:00 AM,2024,05,19,08,65.6,158,Unhealthy,67.0,UG/M3,1 Hr,Valid
Phora Durbar Kathmandu,PM2.5 - Principal,2024-05-19 09:00 AM,2024,05,19,09,71.3,162,Unhealthy,77.0,UG/M3,1 Hr,Valid
Phora Durbar Kathmandu,PM2.5 - Principal,2024-05-19 10:00 AM,2024,05,19,10,40.6,114,Unhealthy for Sensitive Groups,10.0,UG/M3,1 Hr,Valid
Phora Durbar Kathmandu,PM2.5 - Principal,2024-05-19 11:00 AM,2024,05,19,11,62.3,156,Unhealthy,84.0,UG/M3,1 Hr,Valid
Phora Durbar Kathmandu,PM2.5 - Principal,2024-05-19 12:00 PM,2024,05,19,12,74.6,164,Unhealthy,87.0,UG/M3,1 Hr,Valid
Phora Durbar Kathmandu,PM2.5 - Principal,2024-05-19 01:00 PM,2024,05,19,13,72.3,163,Unhealthy,70.0,UG/M3,1 Hr,Valid
Phora Durbar Kathmandu,PM2.5 - Principal,2024-05-19 02:00 PM,2024,05,19,14,64.6,157,Unhealthy,57.0,UG/M3,1 Hr,Valid
Phora Durbar Kathmandu,PM2.5 - Principal,2024-05-19 03:00 PM,2024,05,19,15,64.8,158,Unhealthy,65.0,UG/M3,1 Hr,Valid
Phora Durbar Kathmandu,PM2.5 - Principal,2024-05-19 04:00 PM,2024,05,19,16,55.9,151,Unhealthy,47.0,UG/M3,1 Hr,Valid
Phora Durbar Kathmandu,PM2.5 - Principal,2024-05-19 05:00 PM,2024,05,19,17,58.9,153,Unhealthy,62.0,UG/M3,1 Hr,Valid
Phora Durbar Kathmandu,PM2.5 - Principal,2024-05-19 06:00 PM,2024,05,19,18,58.4,153,Unhealthy,58.0,UG/M3,1 Hr,Valid
Phora Durbar Kathmandu,PM2.5 - Principal,2024-05-19 07:00 PM,2024,05,19,19,73.7,164,Unhealthy,89.0,UG/M3,1 Hr,Valid
Phora Durbar Kathmandu,PM2.5 - Principal,2024-05-19 08:00 PM,2024,05,19,20,100.8,183,Unhealthy,128.0,UG/M3,1 Hr,Valid
Phora Durbar Kathmandu,PM2.5 - Principal,2024-05-19 09:00 PM,2024,05,19,21,91.4,176,Unhealthy,82.0,UG/M3,1 Hr,Valid
Phora Durbar Kathmandu,PM2.5 - Principal,2024-05-19 10:00 PM,2024,05,19,22,82.7,170,Unhealthy,74.0,UG/M3,1 Hr,Valid
Phora Durbar Kathmandu,PM2.5 - Principal,2024-05-19 11:00 PM,2024,05,19,23,74.3,164,Unhealthy,66.0,UG/M3,1 Hr,Valid
Phora Durbar Kathmandu,PM2.5 - Principal,2024-05-20 12:00 AM,2024,05,20,00,70.1,161,Unhealthy,66.0,UG/M3,1 Hr,Valid
Phora Durbar Kathmandu,PM2.5 - Principal,2024-05-20 01:00 AM,2024,05,20,01,75.0,165,Unhealthy,80.0,UG/M3,1 Hr,Valid
Phora Durbar Kathmandu,PM2.5 - Principal,2024-05-20 02:00 AM,2024,05,20,02,73.0,163,Unhealthy,71.0,UG/M3,1 Hr,Valid
Phora Durbar Kathmandu,PM2.5 - Principal,2024-05-20 03:00 AM,2024,05,20,03,82.5,170,Unhealthy,92.0,UG/M3,1 Hr,Valid
Phora Durbar Kathmandu,PM2.5 - Principal,2024-05-20 04:00 AM,2024,05,20,04,81.2,169,Unhealthy,80.0,UG/M3,1 Hr,Valid
Phora Durbar Kathmandu,PM2.5 - Principal,2024-05-20 05:00 AM,2024,05,20,05,82.1,170,Unhealthy,83.0,UG/M3,1 Hr,Valid
Phora Durbar Kathmandu,PM2.5 - Principal,2024-05-20 06:00 AM,2024,05,20,06,84.4,171,Unhealthy,87.0,UG/M3,1 Hr,Valid
Phora Durbar Kathmandu,PM2.5 - Principal,2024-05-20 07:00 AM,2024,05,20,07,93.9,178,Unhealthy,104.0,UG/M3,1 Hr,Valid
Phora Durbar Kathmandu,PM2.5 - Principal,2024-05-20 08:00 AM,2024,05,20,08,63.6,157,Unhealthy,33.0,UG/M3,1 Hr,Valid
Phora Durbar Kathmandu,PM2.5 - Principal,2024-05-20 09:00 AM,2024,05,20,09,61.8,155,Unhealthy,60.0,UG/M3,1 Hr,Valid
Phora Durbar Kathmandu,PM2.5 - Principal,2024-05-20 10:00 AM,2024,05,20,10,55.4,150,Unhealthy for Sensitive Groups,49.0,UG/M3,1 Hr,Valid
Phora Durbar Kathmandu,PM2.5 - Principal,2024-05-20 11:00 AM,2024,05,20,11,57.7,153,Unhealthy,60.0,UG/M3,1 Hr,Valid
Phora Durbar Kathmandu,PM2.5 - Principal,2024-05-20 12:00 PM,2024,05,20,12,73.8,164,Unhealthy,90.0,UG/M3,1 Hr,Valid
Phora Durbar Kathmandu,PM2.5 - Principal,2024-05-20 01:00 PM,2024,05,20,13,81.9,170,Unhealthy,90.0,UG/M3,1 Hr,Valid
Phora Durbar Kathmandu,PM2.5 - Principal,2024-05-20 02:00 PM,2024,05,20,14,63.9,157,Unhealthy,46.0,UG/M3,1 Hr,Valid
Phora Durbar Kathmandu,PM2.5 - Principal,2024-05-20 03:00 PM,2024,05,20,15,54.9,149,Unhealthy for Sensitive Groups,46.0,UG/M3,1 Hr,Valid
Phora Durbar Kathmandu,PM2.5 - Principal,2024-05-20 04:00 PM,2024,05,20,16,54.9,149,Unhealthy for Sensitive Groups,-999.0,UG/M3,1 Hr,Missing
Phora Durbar Kathmandu,PM2.5 - Principal,2024-05-20 05:00 PM,2024,05,20,17,34.3,98,Moderate,24.0,UG/M3,1 Hr,Valid
Phora Durbar Kathmandu,PM2.5 - Principal,2024-05-20 06:00 PM,2024,05,20,18,43.8,121,Unhealthy for Sensitive Groups,51.0,UG/M3,1 Hr,Valid
Phora Durbar Kathmandu,PM2.5 - Principal,2024-05-20 07:00 PM,2024,05,20,19,48.7,134,Unhealthy for Sensitive Groups,53.0,UG/M3,1 Hr,Valid
Phora Durbar Kathmandu,PM2.5 - Principal,2024-05-20 08:00 PM,2024,05,20,20,56.0,151,Unhealthy,63.0,UG/M3,1 Hr,Valid
Phora Durbar Kathmandu,PM2.5 - Principal,2024-05-20 09:00 PM,2024,05,20,21,63.1,156,Unhealthy,70.0,UG/M3,1 Hr,Valid
Phora Durbar Kathmandu,PM2.5 - Principal,2024-05-20 10:00 PM,2024,05,20,22,72.1,163,Unhealthy,81.0,UG/M3,1 Hr,Valid
Phora Durbar Kathmandu,PM2.5 - Principal,2024-05-20 11:00 PM,2024,05,20,23,65.5,158,Unhealthy,59.0,UG/M3,1 Hr,Valid
Phora Durbar Kathmandu,PM2.5 - Principal,2024-05-21 12:00 AM,2024,05,21,00,72.2,163,Unhealthy,79.0,UG/M3,1 Hr,Valid
Phora Durbar Kathmandu,PM2.5 - Principal,2024-05-21 01:00 AM,2024,05,21,01,65.1,158,Unhealthy,58.0,UG/M3,1 Hr,Valid
Phora Durbar Kathmandu,PM2.5 - Principal,2024-05-21 02:00 AM,2024,05,21,02,64.5,157,Unhealthy,64.0,UG/M3,1 Hr,Valid
Phora Durbar Kathmandu,PM2.5 - Principal,2024-05-21 03:00 AM,2024,05,21,03,64.7,157,Unhealthy,65.0,UG/M3,1 Hr,Valid
Phora Durbar Kathmandu,PM2.5 - Principal,2024-05-21 04:00 AM,2024,05,21,04,62.8,156,Unhealthy,61.0,UG/M3,1 Hr,Valid
Phora Durbar Kathmandu,PM2.5 - Principal,2024-05-21 05:00 AM,2024,05,21,05,60.0,154,Unhealthy,54.0,UG/M3,1 Hr,Valid
Phora Durbar Kathmandu,PM2.5 - Principal,2024-05-21 06:00 AM,2024,05,21,06,60.2,154,Unhealthy,60.0,UG/M3,1 Hr,Valid
Phora Durbar Kathmandu,PM2.5 - Principal,2024-05-21 07:00 AM,2024,05,21,07,82.2,170,Unhealthy,106.0,UG/M3,1 Hr,Valid
Phora Durbar Kathmandu,PM2.5 - Principal,2024-05-21 08:00 AM,2024,05,21,08,79.6,168,Unhealthy,77.0,UG/M3,1 Hr,Valid
Phora Durbar Kathmandu,PM2.5 - Principal,2024-05-21 09:00 AM,2024,05,21,09,65.9,158,Unhealthy,52.0,UG/M3,1 Hr,Valid
Phora Durbar Kathmandu,PM2.5 - Principal,2024-05-21 10:00 AM,2024,05,21,10,55.9,151,Unhealthy,46.0,UG/M3,1 Hr,Valid
Phora Durbar Kathmandu,PM2.5 - Principal,2024-05-21 11:00 AM,2024,05,21,11,57.4,152,Unhealthy,59.0,UG/M3,1 Hr,Valid
Phora Durbar Kathmandu,PM2.5 - Principal,2024-05-21 12:00 PM,2024,05,21,12,50.2,137,Unhealthy for Sensitive Groups,43.0,UG/M3,1 Hr,Valid
Phora Durbar Kathmandu,PM2.5 - Principal,2024-05-21 01:00 PM,2024,05,21,13,41.1,115,Unhealthy for Sensitive Groups,32.0,UG/M3,1 Hr,Valid
Phora Durbar Kathmandu,PM2.5 - Principal,2024-05-21 02:00 PM,2024,05,21,14,38.0,107,Unhealthy for Sensitive Groups,35.0,UG/M3,1 Hr,Valid
Phora Durbar Kathmandu,PM2.5 - Principal,2024-05-21 03:00 PM,2024,05,21,15,40.0,112,Unhealthy for Sensitive Groups,42.0,UG/M3,1 Hr,Valid
Phora Durbar Kathmandu,PM2.5 - Principal,2024-05-21 04:00 PM,2024,05,21,16,37.0,105,Unhealthy for Sensitive Groups,34.0,UG/M3,1 Hr,Valid
Phora Durbar Kathmandu,PM2.5 - Principal,2024-05-21 05:00 PM,2024,05,21,17,35.5,101,Unhealthy for Sensitive Groups,34.0,UG/M3,1 Hr,Valid
Phora Durbar Kathmandu,PM2.5 - Principal,2024-05-21 06:00 PM,2024,05,21,18,28.7,88,Moderate,22.0,UG/M3,1 Hr,Valid
Phora Durbar Kathmandu,PM2.5 - Principal,2024-05-21 07:00 PM,2024,05,21,19,27.8,86,Moderate,27.0,UG/M3,1 Hr,Valid
Phora Durbar Kathmandu,PM2.5 - Principal,2024-05-21 08:00 PM,2024,05,21,20,32.4,94,Moderate,37.0,UG/M3,1 Hr,Valid
Phora Durbar Kathmandu,PM2.5 - Principal,2024-05-21 09:00 PM,2024,05,21,21,48.7,134,Unhealthy for Sensitive Groups,65.0,UG/M3,1 Hr,Valid
Phora Durbar Kathmandu,PM2.5 - Principal,2024-05-21 10:00 PM,2024,05,21,22,42.3,118,Unhealthy for Sensitive Groups,36.0,UG/M3,1 Hr,Valid
Phora Durbar Kathmandu,PM2.5 - Principal,2024-05-21 11:00 PM,2024,05,21,23,36.1,102,Unhealthy for Sensitive Groups,30.0,UG/M3,1 Hr,Valid
Phora Durbar Kathmandu,PM2.5 - Principal,2024-05-22 12:00 AM,2024,05,22,00,37.5,106,Unhealthy for Sensitive Groups,39.0,UG/M3,1 Hr,Valid
Phora Durbar Kathmandu,PM2.5 - Principal,2024-05-22 01:00 AM,2024,05,22,01,36.2,103,Unhealthy for Sensitive Groups,35.0,UG/M3,1 Hr,Valid
Phora Durbar Kathmandu,PM2.5 - Principal,2024-05-22 02:00 AM,2024,05,22,02,43.1,120,Unhealthy for Sensitive Groups,50.0,UG/M3,1 Hr,Valid
Phora Durbar Kathmandu,PM2.5 - Principal,2024-05-22 03:00 AM,2024,05,22,03,46.5,128,Unhealthy for Sensitive Groups,50.0,UG/M3,1 Hr,Valid
Phora Durbar Kathmandu,PM2.5 - Principal,2024-05-22 04:00 AM,2024,05,22,04,46.5,128,Unhealthy for Sensitive Groups,-999.0,UG/M3,1 Hr,Missing
Phora Durbar Kathmandu,PM2.5 - Principal,2024-05-22 05:00 AM,2024,05,22,05,48.8,134,Unhealthy for Sensitive Groups,50.0,UG/M3,1 Hr,Valid
Phora Durbar Kathmandu,PM2.5 - Principal,2024-05-22 06:00 AM,2024,05,22,06,44.3,123,Unhealthy for Sensitive Groups,41.0,UG/M3,1 Hr,Valid
Phora Durbar Kathmandu,PM2.5 - Principal,2024-05-22 07:00 AM,2024,05,22,07,51.1,139,Unhealthy for Sensitive Groups,57.0,UG/M3,1 Hr,Valid
Phora Durbar Kathmandu,PM2.5 - Principal,2024-05-22 08:00 AM,2024,05,22,08,51.0,139,Unhealthy for Sensitive Groups,51.0,UG/M3,1 Hr,Valid
Phora Durbar Kathmandu,PM2.5 - Principal,2024-05-22 09:00 AM,2024,05,22,09,50.4,138,Unhealthy for Sensitive Groups,50.0,UG/M3,1 Hr,Valid
Phora Durbar Kathmandu,PM2.5 - Principal,2024-05-22 10:00 AM,2024,05,22,10,49.2,135,Unhealthy for Sensitive Groups,48.0,UG/M3,1 Hr,Valid
Phora Durbar Kathmandu,PM2.5 - Principal,2024-05-22 11:00 AM,2024,05,22,11,45.7,126,Unhealthy for Sensitive Groups,40.0,UG/M3,1 Hr,Valid
Phora Durbar Kathmandu,PM2.5 - Principal,2024-05-22 12:00 PM,2024,05,22,12,41.5,116,Unhealthy for Sensitive Groups,35.0,UG/M3,1 Hr,Valid
Phora Durbar Kathmandu,PM2.5 - Principal,2024-05-22 01:00 PM,2024,05,22,13,39.0,110,Unhealthy for Sensitive Groups,35.0,UG/M3,1 Hr,Valid
Phora Durbar Kathmandu,PM2.5 - Principal,2024-05-22 02:00 PM,2024,05,22,14,24.6,80,Moderate,12.0,UG/M3,1 Hr,Valid
Phora Durbar Kathmandu,PM2.5 - Principal,2024-05-22 03:00 PM,2024,05,22,15,35.8,102,Unhealthy for Sensitive Groups,47.0,UG/M3,1 Hr,Valid
Phora Durbar Kathmandu,PM2.5 - Principal,2024-05-22 04:00 PM,2024,05,22,16,17.9,67,Moderate,0.0,UG/M3,1 Hr,Valid
Phora Durbar Kathmandu,PM2.5 - Principal,2024-05-22 05:00 PM,2024,05,22,17,17.9,67,Moderate,-999.0,UG/M3,1 Hr,Missing
Phora Durbar Kathmandu,PM2.5 - Principal,2024-05-22 08:00 PM,2024,05,22,20,-999.0,-999,N/A,39.0,UG/M3,1 Hr,Valid
Phora Durbar Kathmandu,PM2.5 - Principal,2024-05-22 09:00 PM,2024,05,22,21,49.6,136,Unhealthy for Sensitive Groups,57.0,UG/M3,1 Hr,Valid
Phora Durbar Kathmandu,PM2.5 - Principal,2024-05-22 10:00 PM,2024,05,22,22,53.2,145,Unhealthy for Sensitive Groups,56.0,UG/M3,1 Hr,Valid
Phora Durbar Kathmandu,PM2.5 - Principal,2024-05-22 11:00 PM,2024,05,22,23,45.1,125,Unhealthy for Sensitive Groups,38.0,UG/M3,1 Hr,Valid
Phora Durbar Kathmandu,PM2.5 - Principal,2024-05-23 12:00 AM,2024,05,23,00,37.8,107,Unhealthy for Sensitive Groups,31.0,UG/M3,1 Hr,Valid
Phora Durbar Kathmandu,PM2.5 - Principal,2024-05-23 01:00 AM,2024,05,23,01,29.8,90,Moderate,22.0,UG/M3,1 Hr,Valid
Phora Durbar Kathmandu,PM2.5 - Principal,2024-05-23 02:00 AM,2024,05,23,02,34.9,99,Moderate,40.0,UG/M3,1 Hr,Valid
Phora Durbar Kathmandu,PM2.5 - Principal,2024-05-23 03:00 AM,2024,05,23,03,30.9,92,Moderate,27.0,UG/M3,1 Hr,Valid
Phora Durbar Kathmandu,PM2.5 - Principal,2024-05-23 04:00 AM,2024,05,23,04,32.9,95,Moderate,35.0,UG/M3,1 Hr,Valid
Phora Durbar Kathmandu,PM2.5 - Principal,2024-05-23 05:00 AM,2024,05,23,05,40.5,113,Unhealthy for Sensitive Groups,48.0,UG/M3,1 Hr,Valid
Phora Durbar Kathmandu,PM2.5 - Principal,2024-05-23 06:00 AM,2024,05,23,06,42.2,117,Unhealthy for Sensitive Groups,44.0,UG/M3,1 Hr,Valid
Phora Durbar Kathmandu,PM2.5 - Principal,2024-05-23 07:00 AM,2024,05,23,07,23.1,77,Moderate,4.0,UG/M3,1 Hr,Valid
Phora Durbar Kathmandu,PM2.5 - Principal,2024-05-23 08:00 AM,2024,05,23,08,30.0,90,Moderate,37.0,UG/M3,1 Hr,Valid
Phora Durbar Kathmandu,PM2.5 - Principal,2024-05-23 09:00 AM,2024,05,23,09,33.5,96,Moderate,37.0,UG/M3,1 Hr,Valid
Phora Durbar Kathmandu,PM2.5 - Principal,2024-05-23 10:00 AM,2024,05,23,10,44.2,122,Unhealthy for Sensitive Groups,55.0,UG/M3,1 Hr,Valid
Phora Durbar Kathmandu,PM2.5 - Principal,2024-05-23 11:00 AM,2024,05,23,11,28.1,86,Moderate,12.0,UG/M3,1 Hr,Valid
Phora Durbar Kathmandu,PM2.5 - Principal,2024-05-23 12:00 PM,2024,05,23,12,40.0,112,Unhealthy for Sensitive Groups,52.0,UG/M3,1 Hr,Valid
Phora Durbar Kathmandu,PM2.5 - Principal,2024-05-23 01:00 PM,2024,05,23,13,43.0,119,Unhealthy for Sensitive Groups,46.0,UG/M3,1 Hr,Valid
Phora Durbar Kathmandu,PM2.5 - Principal,2024-05-23 02:00 PM,2024,05,23,14,42.0,117,Unhealthy for Sensitive Groups,41.0,UG/M3,1 Hr,Valid
Phora Durbar Kathmandu,PM2.5 - Principal,2024-05-23 03:00 PM,2024,05,23,15,42.0,117,Unhealthy for Sensitive Groups,-999.0,UG/M3,1 Hr,Missing
Phora Durbar Kathmandu,PM2.5 - Principal,2024-05-23 06:00 PM,2024,05,23,18,-999.0,-999,N/A,43.0,UG/M3,1 Hr,Valid
Phora Durbar Kathmandu,PM2.5 - Principal,2024-05-23 07:00 PM,2024,05,23,19,45.5,126,Unhealthy for Sensitive Groups,47.0,UG/M3,1 Hr,Valid
Phora Durbar Kathmandu,PM2.5 - Principal,2024-05-23 08:00 PM,2024,05,23,20,48.6,133,Unhealthy for Sensitive Groups,51.0,UG/M3,1 Hr,Valid
Phora Durbar Kathmandu,PM2.5 - Principal,2024-05-23 09:00 PM,2024,05,23,21,54.1,147,Unhealthy for Sensitive Groups,59.0,UG/M3,1 Hr,Valid
Phora Durbar Kathmandu,PM2.5 - Principal,2024-05-23 10:00 PM,2024,05,23,22,60.7,155,Unhealthy,67.0,UG/M3,1 Hr,Valid
Phora Durbar Kathmandu,PM2.5 - Principal,2024-05-23 11:00 PM,2024,05,23,23,56.8,152,Unhealthy,54.0,UG/M3,1 Hr,Valid
Phora Durbar Kathmandu,PM2.5 - Principal,2024-05-24 12:00 AM,2024,05,24,00,58.5,153,Unhealthy,61.0,UG/M3,1 Hr,Valid
Phora Durbar Kathmandu,PM2.5 - Principal,2024-05-24 01:00 AM,2024,05,24,01,54.7,148,Unhealthy for Sensitive Groups,49.0,UG/M3,1 Hr,Valid
Phora Durbar Kathmandu,PM2.5 - Principal,2024-05-24 02:00 AM,2024,05,24,02,49.9,136,Unhealthy for Sensitive Groups,42.0,UG/M3,1 Hr,Valid
Phora Durbar Kathmandu,PM2.5 - Principal,2024-05-24 03:00 AM,2024,05,24,03,41.9,117,Unhealthy for Sensitive Groups,35.0,UG/M3,1 Hr,Valid
Phora Durbar Kathmandu,PM2.5 - Principal,2024-05-24 04:00 AM,2024,05,24,04,36.7,104,Unhealthy for Sensitive Groups,32.0,UG/M3,1 Hr,Valid
Phora Durbar Kathmandu,PM2.5 - Principal,2024-05-24 05:00 AM,2024,05,24,05,41.3,115,Unhealthy for Sensitive Groups,46.0,UG/M3,1 Hr,Valid
Phora Durbar Kathmandu,PM2.5 - Principal,2024-05-24 06:00 AM,2024,05,24,06,49.6,136,Unhealthy for Sensitive Groups,58.0,UG/M3,1 Hr,Valid
Phora Durbar Kathmandu,PM2.5 - Principal,2024-05-24 07:00 AM,2024,05,24,07,59.8,154,Unhealthy,70.0,UG/M3,1 Hr,Valid
Phora Durbar Kathmandu,PM2.5 - Principal,2024-05-24 08:00 AM,2024,05,24,08,74.4,164,Unhealthy,89.0,UG/M3,1 Hr,Valid
Phora Durbar Kathmandu,PM2.5 - Principal,2024-05-24 09:00 AM,2024,05,24,09,75.2,165,Unhealthy,76.0,UG/M3,1 Hr,Valid
Phora Durbar Kathmandu,PM2.5 - Principal,2024-05-24 10:00 AM,2024,05,24,10,59.6,154,Unhealthy,44.0,UG/M3,1 Hr,Valid
Phora Durbar Kathmandu,PM2.5 - Principal,2024-05-24 11:00 AM,2024,05,24,11,49.8,136,Unhealthy for Sensitive Groups,40.0,UG/M3,1 Hr,Valid
Phora Durbar Kathmandu,PM2.5 - Principal,2024-05-24 12:00 PM,2024,05,24,12,49.7,136,Unhealthy for Sensitive Groups,-999.0,UG/M3,1 Hr,Missing
Phora Durbar Kathmandu,PM2.5 - Principal,2024-05-24 02:00 PM,2024,05,24,14,-999.0,-999,N/A,43.0,UG/M3,1 Hr,Valid
Phora Durbar Kathmandu,PM2.5 - Principal,2024-05-24 05:00 PM,2024,05,24,17,-999.0,-999,N/A,39.0,UG/M3,1 Hr,Valid
Phora Durbar Kathmandu,PM2.5 - Principal,2024-05-24 06:00 PM,2024,05,24,18,40.5,113,Unhealthy for Sensitive Groups,41.0,UG/M3,1 Hr,Valid
Phora Durbar Kathmandu,PM2.5 - Principal,2024-05-24 07:00 PM,2024,05,24,19,42.4,118,Unhealthy for Sensitive Groups,44.0,UG/M3,1 Hr,Valid
Phora Durbar Kathmandu,PM2.5 - Principal,2024-05-24 08:00 PM,2024,05,24,20,46.8,129,Unhealthy for Sensitive Groups,51.0,UG/M3,1 Hr,Valid
Phora Durbar Kathmandu,PM2.5 - Principal,2024-05-24 09:00 PM,2024,05,24,21,45.1,125,Unhealthy for Sensitive Groups,46.0,UG/M3,1 Hr,Valid
Phora Durbar Kathmandu,PM2.5 - Principal,2024-05-24 10:00 PM,2024,05,24,22,49.0,134,Unhealthy for Sensitive Groups,56.0,UG/M3,1 Hr,Valid
Phora Durbar Kathmandu,PM2.5 - Principal,2024-05-24 11:00 PM,2024,05,24,23,54.5,148,Unhealthy for Sensitive Groups,62.0,UG/M3,1 Hr,Valid
Phora Durbar Kathmandu,PM2.5 - Principal,2024-05-25 12:00 AM,2024,05,25,00,61.5,155,Unhealthy,69.0,UG/M3,1 Hr,Valid
Phora Durbar Kathmandu,PM2.5 - Principal,2024-05-25 01:00 AM,2024,05,25,01,90.4,175,Unhealthy,118.0,UG/M3,1 Hr,Valid
Phora Durbar Kathmandu,PM2.5 - Principal,2024-05-25 02:00 AM,2024,05,25,02,50.7,138,Unhealthy for Sensitive Groups,11.0,UG/M3,1 Hr,Valid
Phora Durbar Kathmandu,PM2.5 - Principal,2024-05-25 03:00 AM,2024,05,25,03,70.3,161,Unhealthy,90.0,UG/M3,1 Hr,Valid
Phora Durbar Kathmandu,PM2.5 - Principal,2024-05-25 04:00 AM,2024,05,25,04,57.6,152,Unhealthy,45.0,UG/M3,1 Hr,Valid
Phora Durbar Kathmandu,PM2.5 - Principal,2024-05-25 05:00 AM,2024,05,25,05,53.8,146,Unhealthy for Sensitive Groups,50.0,UG/M3,1 Hr,Valid
Phora Durbar Kathmandu,PM2.5 - Principal,2024-05-25 06:00 AM,2024,05,25,06,46.4,128,Unhealthy for Sensitive Groups,39.0,UG/M3,1 Hr,Valid
Phora Durbar Kathmandu,PM2.5 - Principal,2024-05-25 07:00 AM,2024,05,25,07,51.7,141,Unhealthy for Sensitive Groups,57.0,UG/M3,1 Hr,Valid
Phora Durbar Kathmandu,PM2.5 - Principal,2024-05-25 08:00 AM,2024,05,25,08,53.3,145,Unhealthy for Sensitive Groups,55.0,UG/M3,1 Hr,Valid
Phora Durbar Kathmandu,PM2.5 - Principal,2024-05-25 09:00 AM,2024,05,25,09,57.6,152,Unhealthy,62.0,UG/M3,1 Hr,Valid
Phora Durbar Kathmandu,PM2.5 - Principal,2024-05-25 10:00 AM,2024,05,25,10,46.3,128,Unhealthy for Sensitive Groups,35.0,UG/M3,1 Hr,Valid
Phora Durbar Kathmandu,PM2.5 - Principal,2024-05-25 11:00 AM,2024,05,25,11,35.1,99,Moderate,24.0,UG/M3,1 Hr,Valid
Phora Durbar Kathmandu,PM2.5 - Principal,2024-05-25 12:00 PM,2024,05,25,12,34.0,97,Moderate,33.0,UG/M3,1 Hr,Valid
Phora Durbar Kathmandu,PM2.5 - Principal,2024-05-25 01:00 PM,2024,05,25,13,29.0,88,Moderate,24.0,UG/M3,1 Hr,Valid
Phora Durbar Kathmandu,PM2.5 - Principal,2024-05-25 02:00 PM,2024,05,25,14,28.0,86,Moderate,27.0,UG/M3,1 Hr,Valid
Phora Durbar Kathmandu,PM2.5 - Principal,2024-05-25 03:00 PM,2024,05,25,15,20.4,72,Moderate,13.0,UG/M3,1 Hr,Valid
Phora Durbar Kathmandu,PM2.5 - Principal,2024-05-25 04:00 PM,2024,05,25,16,12.7,58,Moderate,5.0,UG/M3,1 Hr,Valid
Phora Durbar Kathmandu,PM2.5 - Principal,2024-05-25 05:00 PM,2024,05,25,17,53.8,146,Unhealthy for Sensitive Groups,95.0,UG/M3,1 Hr,Valid
Phora Durbar Kathmandu,PM2.5 - Principal,2024-05-25 06:00 PM,2024,05,25,18,53.9,146,Unhealthy for Sensitive Groups,54.0,UG/M3,1 Hr,Valid
Phora Durbar Kathmandu,PM2.5 - Principal,2024-05-25 07:00 PM,2024,05,25,19,61.9,155,Unhealthy,70.0,UG/M3,1 Hr,Valid
Phora Durbar Kathmandu,PM2.5 - Principal,2024-05-25 08:00 PM,2024,05,25,20,62.4,156,Unhealthy,63.0,UG/M3,1 Hr,Valid
Phora Durbar Kathmandu,PM2.5 - Principal,2024-05-25 09:00 PM,2024,05,25,21,65.2,158,Unhealthy,68.0,UG/M3,1 Hr,Valid
Phora Durbar Kathmandu,PM2.5 - Principal,2024-05-25 10:00 PM,2024,05,25,22,69.6,161,Unhealthy,74.0,UG/M3,1 Hr,Valid
Phora Durbar Kathmandu,PM2.5 - Principal,2024-05-25 11:00 PM,2024,05,25,23,45.8,126,Unhealthy for Sensitive Groups,22.0,UG/M3,1 Hr,Valid
Phora Durbar Kathmandu,PM2.5 - Principal,2024-05-26 12:00 AM,2024,05,26,00,65.4,158,Unhealthy,85.0,UG/M3,1 Hr,Valid
Phora Durbar Kathmandu,PM2.5 - Principal,2024-05-26 01:00 AM,2024,05,26,01,57.2,152,Unhealthy,49.0,UG/M3,1 Hr,Valid
Phora Durbar Kathmandu,PM2.5 - Principal,2024-05-26 02:00 AM,2024,05,26,02,48.6,133,Unhealthy for Sensitive Groups,40.0,UG/M3,1 Hr,Valid
Phora Durbar Kathmandu,PM2.5 - Principal,2024-05-26 03:00 AM,2024,05,26,03,42.3,118,Unhealthy for Sensitive Groups,36.0,UG/M3,1 Hr,Valid
Phora Durbar Kathmandu,PM2.5 - Principal,2024-05-26 04:00 AM,2024,05,26,04,37.6,106,Unhealthy for Sensitive Groups,33.0,UG/M3,1 Hr,Valid
Phora Durbar Kathmandu,PM2.5 - Principal,2024-05-26 05:00 AM,2024,05,26,05,38.3,108,Unhealthy for Sensitive Groups,39.0,UG/M3,1 Hr,Valid
Phora Durbar Kathmandu,PM2.5 - Principal,2024-05-26 06:00 AM,2024,05,26,06,37.6,106,Unhealthy for Sensitive Groups,37.0,UG/M3,1 Hr,Valid
Phora Durbar Kathmandu,PM2.5 - Principal,2024-05-26 07:00 AM,2024,05,26,07,48.3,133,Unhealthy for Sensitive Groups,59.0,UG/M3,1 Hr,Valid
Phora Durbar Kathmandu,PM2.5 - Principal,2024-05-26 08:00 AM,2024,05,26,08,55.1,149,Unhealthy for Sensitive Groups,62.0,UG/M3,1 Hr,Valid
Phora Durbar Kathmandu,PM2.5 - Principal,2024-05-26 09:00 AM,2024,05,26,09,54.5,148,Unhealthy for Sensitive Groups,54.0,UG/M3,1 Hr,Valid
Phora Durbar Kathmandu,PM2.5 - Principal,2024-05-26 10:00 AM,2024,05,26,10,36.2,103,Unhealthy for Sensitive Groups,18.0,UG/M3,1 Hr,Valid
Phora Durbar Kathmandu,PM2.5 - Principal,2024-05-26 11:00 AM,2024,05,26,11,48.1,132,Unhealthy for Sensitive Groups,60.0,UG/M3,1 Hr,Valid
Phora Durbar Kathmandu,PM2.5 - Principal,2024-05-26 12:00 PM,2024,05,26,12,42.0,117,Unhealthy for Sensitive Groups,36.0,UG/M3,1 Hr,Valid
Phora Durbar Kathmandu,PM2.5 - Principal,2024-05-26 01:00 PM,2024,05,26,13,38.0,107,Unhealthy for Sensitive Groups,34.0,UG/M3,1 Hr,Valid
Phora Durbar Kathmandu,PM2.5 - Principal,2024-05-26 02:00 PM,2024,05,26,14,27.5,85,Moderate,17.0,UG/M3,1 Hr,Valid
Phora Durbar Kathmandu,PM2.5 - Principal,2024-05-26 03:00 PM,2024,05,26,15,43.7,121,Unhealthy for Sensitive Groups,60.0,UG/M3,1 Hr,Valid
Phora Durbar Kathmandu,PM2.5 - Principal,2024-05-26 04:00 PM,2024,05,26,16,51.8,141,Unhealthy for Sensitive Groups,60.0,UG/M3,1 Hr,Valid
Phora Durbar Kathmandu,PM2.5 - Principal,2024-05-26 05:00 PM,2024,05,26,17,51.8,141,Unhealthy for Sensitive Groups,-999.0,UG/M3,1 Hr,Missing
Phora Durbar Kathmandu,PM2.5 - Principal,2024-05-26 06:00 PM,2024,05,26,18,24.6,80,Moderate,11.0,UG/M3,1 Hr,Valid
Phora Durbar Kathmandu,PM2.5 - Principal,2024-05-26 07:00 PM,2024,05,26,19,16.8,65,Moderate,11.0,UG/M3,1 Hr,Valid
Phora Durbar Kathmandu,PM2.5 - Principal,2024-05-26 08:00 PM,2024,05,26,20,16.8,65,Moderate,-999.0,UG/M3,1 Hr,Missing
Phora Durbar Kathmandu,PM2.5 - Principal,2024-05-26 09:00 PM,2024,05,26,21,69.8,161,Unhealthy,93.0,UG/M3,1 Hr,Valid
Phora Durbar Kathmandu,PM2.5 - Principal,2024-05-26 10:00 PM,2024,05,26,22,58.2,153,Unhealthy,50.0,UG/M3,1 Hr,Valid
Phora Durbar Kathmandu,PM2.5 - Principal,2024-05-26 11:00 PM,2024,05,26,23,79.1,168,Unhealthy,97.0,UG/M3,1 Hr,Valid
Phora Durbar Kathmandu,PM2.5 - Principal,2024-05-27 12:00 AM,2024,05,27,00,66.6,159,Unhealthy,55.0,UG/M3,1 Hr,Valid
Phora Durbar Kathmandu,PM2.5 - Principal,2024-05-27 01:00 AM,2024,05,27,01,62.2,156,Unhealthy,58.0,UG/M3,1 Hr,Valid
Phora Durbar Kathmandu,PM2.5 - Principal,2024-05-27 02:00 AM,2024,05,27,02,54.5,148,Unhealthy for Sensitive Groups,47.0,UG/M3,1 Hr,Valid
Phora Durbar Kathmandu,PM2.5 - Principal,2024-05-27 03:00 AM,2024,05,27,03,49.2,135,Unhealthy for Sensitive Groups,44.0,UG/M3,1 Hr,Valid
Phora Durbar Kathmandu,PM2.5 - Principal,2024-05-27 04:00 AM,2024,05,27,04,43.6,121,Unhealthy for Sensitive Groups,38.0,UG/M3,1 Hr,Valid
Phora Durbar Kathmandu,PM2.5 - Principal,2024-05-27 05:00 AM,2024,05,27,05,43.6,121,Unhealthy for Sensitive Groups,-999.0,UG/M3,1 Hr,Missing
Phora Durbar Kathmandu,PM2.5 - Principal,2024-05-27 08:00 AM,2024,05,27,08,-999.0,-999,N/A,96.0,UG/M3,1 Hr,Valid
Phora Durbar Kathmandu,PM2.5 - Principal,2024-05-27 09:00 AM,2024,05,27,09,65.7,158,Unhealthy,52.0,UG/M3,1 Hr,Valid
Phora Durbar Kathmandu,PM2.5 - Principal,2024-05-27 10:00 AM,2024,05,27,10,56.3,152,Unhealthy,49.0,UG/M3,1 Hr,Valid
Phora Durbar Kathmandu,PM2.5 - Principal,2024-05-27 11:00 AM,2024,05,27,11,50.3,137,Unhealthy for Sensitive Groups,45.0,UG/M3,1 Hr,Valid
Phora Durbar Kathmandu,PM2.5 - Principal,2024-05-27 12:00 PM,2024,05,27,12,46.5,128,Unhealthy for Sensitive Groups,43.0,UG/M3,1 Hr,Valid
Phora Durbar Kathmandu,PM2.5 - Principal,2024-05-27 01:00 PM,2024,05,27,13,37.6,106,Unhealthy for Sensitive Groups,29.0,UG/M3,1 Hr,Valid
Phora Durbar Kathmandu,PM2.5 - Principal,2024-05-27 02:00 PM,2024,05,27,14,30.7,91,Moderate,24.0,UG/M3,1 Hr,Valid
Phora Durbar Kathmandu,PM2.5 - Principal,2024-05-27 03:00 PM,2024,05,27,15,38.9,109,Unhealthy for Sensitive Groups,47.0,UG/M3,1 Hr,Valid
Phora Durbar Kathmandu,PM2.5 - Principal,2024-05-27 04:00 PM,2024,05,27,16,31.4,93,Moderate,24.0,UG/M3,1 Hr,Valid
Phora Durbar Kathmandu,PM2.5 - Principal,2024-05-27 05:00 PM,2024,05,27,17,27.2,85,Moderate,23.0,UG/M3,1 Hr,Valid
Phora Durbar Kathmandu,PM2.5 - Principal,2024-05-27 06:00 PM,2024,05,27,18,28.1,86,Moderate,29.0,UG/M3,1 Hr,Valid
Phora Durbar Kathmandu,PM2.5 - Principal,2024-05-27 07:00 PM,2024,05,27,19,36.5,103,Unhealthy for Sensitive Groups,45.0,UG/M3,1 Hr,Valid
Phora Durbar Kathmandu,PM2.5 - Principal,2024-05-27 08:00 PM,2024,05,27,20,16.2,64,Moderate,-4.0,UG/M3,1 Hr,Valid
Phora Durbar Kathmandu,PM2.5 - Principal,2024-05-27 09:00 PM,2024,05,27,21,32.6,95,Moderate,49.0,UG/M3,1 Hr,Valid
Phora Durbar Kathmandu,PM2.5 - Principal,2024-05-27 10:00 PM,2024,05,27,22,31.3,92,Moderate,30.0,UG/M3,1 Hr,Valid
Phora Durbar Kathmandu,PM2.5 - Principal,2024-05-27 11:00 PM,2024,05,27,23,29.1,88,Moderate,27.0,UG/M3,1 Hr,Valid
Phora Durbar Kathmandu,PM2.5 - Principal,2024-05-28 12:00 AM,2024,05,28,00,12.5,57,Moderate,-4.0,UG/M3,1 Hr,Valid
Phora Durbar Kathmandu,PM2.5 - Principal,2024-05-28 01:00 AM,2024,05,28,01,20.2,72,Moderate,28.0,UG/M3,1 Hr,Valid
Phora Durbar Kathmandu,PM2.5 - Principal,2024-05-28 02:00 AM,2024,05,28,02,26.1,83,Moderate,32.0,UG/M3,1 Hr,Valid
Phora Durbar Kathmandu,PM2.5 - Principal,2024-05-28 03:00 AM,2024,05,28,03,34.0,97,Moderate,42.0,UG/M3,1 Hr,Valid
Phora Durbar Kathmandu,PM2.5 - Principal,2024-05-28 04:00 AM,2024,05,28,04,31.0,92,Moderate,28.0,UG/M3,1 Hr,Valid
Phora Durbar Kathmandu,PM2.5 - Principal,2024-05-28 05:00 AM,2024,05,28,05,33.5,96,Moderate,36.0,UG/M3,1 Hr,Valid
Phora Durbar Kathmandu,PM2.5 - Principal,2024-05-28 06:00 AM,2024,05,28,06,33.5,96,Moderate,-999.0,UG/M3,1 Hr,Missing
Phora Durbar Kathmandu,PM2.5 - Principal,2024-05-28 09:00 AM,2024,05,28,09,-999.0,-999,N/A,36.0,UG/M3,1 Hr,Valid
Phora Durbar Kathmandu,PM2.5 - Principal,2024-05-28 10:00 AM,2024,05,28,10,42.3,118,Unhealthy for Sensitive Groups,46.0,UG/M3,1 Hr,Valid
Phora Durbar Kathmandu,PM2.5 - Principal,2024-05-28 11:00 AM,2024,05,28,11,39.8,112,Unhealthy for Sensitive Groups,38.0,UG/M3,1 Hr,Valid
Phora Durbar Kathmandu,PM2.5 - Principal,2024-05-28 12:00 PM,2024,05,28,12,38.9,109,Unhealthy for Sensitive Groups,38.0,UG/M3,1 Hr,Valid
Phora Durbar Kathmandu,PM2.5 - Principal,2024-05-28 01:00 PM,2024,05,28,13,38.5,108,Unhealthy for Sensitive Groups,38.0,UG/M3,1 Hr,Valid
Phora Durbar Kathmandu,PM2.5 - Principal,2024-05-28 02:00 PM,2024,05,28,14,37.5,106,Unhealthy for Sensitive Groups,36.0,UG/M3,1 Hr,Valid
Phora Durbar Kathmandu,PM2.5 - Principal,2024-05-28 03:00 PM,2024,05,28,15,37.7,106,Unhealthy for Sensitive Groups,38.0,UG/M3,1 Hr,Valid
Phora Durbar Kathmandu,PM2.5 - Principal,2024-05-28 04:00 PM,2024,05,28,16,38.7,109,Unhealthy for Sensitive Groups,41.0,UG/M3,1 Hr,Valid
Phora Durbar Kathmandu,PM2.5 - Principal,2024-05-28 05:00 PM,2024,05,28,17,38.8,109,Unhealthy for Sensitive Groups,-15.0,UG/M3,1 Hr,Invalid
Phora Durbar Kathmandu,PM2.5 - Principal,2024-05-28 06:00 PM,2024,05,28,18,40.6,114,Unhealthy for Sensitive Groups,45.0,UG/M3,1 Hr,Valid
Phora Durbar Kathmandu,PM2.5 - Principal,2024-05-28 07:00 PM,2024,05,28,19,41.5,116,Unhealthy for Sensitive Groups,44.0,UG/M3,1 Hr,Valid
Phora Durbar Kathmandu,PM2.5 - Principal,2024-05-28 08:00 PM,2024,05,28,20,43.6,121,Unhealthy for Sensitive Groups,48.0,UG/M3,1 Hr,Valid
Phora Durbar Kathmandu,PM2.5 - Principal,2024-05-28 09:00 PM,2024,05,28,21,57.3,152,Unhealthy,69.0,UG/M3,1 Hr,Valid
Phora Durbar Kathmandu,PM2.5 - Principal,2024-05-28 10:00 PM,2024,05,28,22,54.7,148,Unhealthy for Sensitive Groups,52.0,UG/M3,1 Hr,Valid
Phora Durbar Kathmandu,PM2.5 - Principal,2024-05-28 11:00 PM,2024,05,28,23,60.6,155,Unhealthy,67.0,UG/M3,1 Hr,Valid
Phora Durbar Kathmandu,PM2.5 - Principal,2024-05-29 12:00 AM,2024,05,29,00,56.5,152,Unhealthy,52.0,UG/M3,1 Hr,Valid
Phora Durbar Kathmandu,PM2.5 - Principal,2024-05-29 01:00 AM,2024,05,29,01,62.5,156,Unhealthy,69.0,UG/M3,1 Hr,Valid
Phora Durbar Kathmandu,PM2.5 - Principal,2024-05-29 02:00 AM,2024,05,29,02,62.5,156,Unhealthy,63.0,UG/M3,1 Hr,Valid
Phora Durbar Kathmandu,PM2.5 - Principal,2024-05-29 03:00 AM,2024,05,29,03,62.5,156,Unhealthy,63.0,UG/M3,1 Hr,Valid
Phora Durbar Kathmandu,PM2.5 - Principal,2024-05-29 04:00 AM,2024,05,29,04,62.2,156,Unhealthy,-999.0,UG/M3,1 Hr,Missing
Phora Durbar Kathmandu,PM2.5 - Principal,2024-05-29 05:00 AM,2024,05,29,05,61.1,155,Unhealthy,60.0,UG/M3,1 Hr,Valid
Phora Durbar Kathmandu,PM2.5 - Principal,2024-05-29 06:00 AM,2024,05,29,06,65.0,158,Unhealthy,70.0,UG/M3,1 Hr,Valid
Phora Durbar Kathmandu,PM2.5 - Principal,2024-05-29 07:00 AM,2024,05,29,07,63.6,157,Unhealthy,62.0,UG/M3,1 Hr,Valid
Phora Durbar Kathmandu,PM2.5 - Principal,2024-05-29 08:00 AM,2024,05,29,08,79.9,168,Unhealthy,97.0,UG/M3,1 Hr,Valid
Phora Durbar Kathmandu,PM2.5 - Principal,2024-05-29 09:00 AM,2024,05,29,09,80.4,168,Unhealthy,81.0,UG/M3,1 Hr,Valid
Phora Durbar Kathmandu,PM2.5 - Principal,2024-05-29 10:00 AM,2024,05,29,10,75.0,165,Unhealthy,69.0,UG/M3,1 Hr,Valid
Phora Durbar Kathmandu,PM2.5 - Principal,2024-05-29 11:00 AM,2024,05,29,11,55.3,150,Unhealthy for Sensitive Groups,36.0,UG/M3,1 Hr,Valid
Phora Durbar Kathmandu,PM2.5 - Principal,2024-05-29 12:00 PM,2024,05,29,12,61.2,155,Unhealthy,67.0,UG/M3,1 Hr,Valid
Phora Durbar Kathmandu,PM2.5 - Principal,2024-05-29 01:00 PM,2024,05,29,13,52.5,143,Unhealthy for Sensitive Groups,44.0,UG/M3,1 Hr,Valid
Phora Durbar Kathmandu,PM2.5 - Principal,2024-05-29 02:00 PM,2024,05,29,14,39.7,111,Unhealthy for Sensitive Groups,27.0,UG/M3,1 Hr,Valid
Phora Durbar Kathmandu,PM2.5 - Principal,2024-05-29 03:00 PM,2024,05,29,15,38.3,108,Unhealthy for Sensitive Groups,37.0,UG/M3,1 Hr,Valid
Phora Durbar Kathmandu,PM2.5 - Principal,2024-05-29 04:00 PM,2024,05,29,16,43.1,120,Unhealthy for Sensitive Groups,48.0,UG/M3,1 Hr,Valid
Phora Durbar Kathmandu,PM2.5 - Principal,2024-05-29 05:00 PM,2024,05,29,17,36.0,102,Unhealthy for Sensitive Groups,29.0,UG/M3,1 Hr,Valid
Phora Durbar Kathmandu,PM2.5 - Principal,2024-05-29 06:00 PM,2024,05,29,18,57.5,152,Unhealthy,79.0,UG/M3,1 Hr,Valid
Phora Durbar Kathmandu,PM2.5 - Principal,2024-05-29 07:00 PM,2024,05,29,19,57.5,152,Unhealthy,-999.0,UG/M3,1 Hr,Missing
Phora Durbar Kathmandu,PM2.5 - Principal,2024-05-29 10:00 PM,2024,05,29,22,-999.0,-999,N/A,57.0,UG/M3,1 Hr,Valid
Phora Durbar Kathmandu,PM2.5 - Principal,2024-05-29 11:00 PM,2024,05,29,23,68.5,160,Unhealthy,75.0,UG/M3,1 Hr,Valid
Phora Durbar Kathmandu,PM2.5 - Principal,2024-05-30 12:00 AM,2024,05,30,00,65.4,158,Unhealthy,63.0,UG/M3,1 Hr,Valid
Phora Durbar Kathmandu,PM2.5 - Principal,2024-05-30 01:00 AM,2024,05,30,01,63.6,157,Unhealthy,62.0,UG/M3,1 Hr,Valid
Phora Durbar Kathmandu,PM2.5 - Principal,2024-05-30 02:00 AM,2024,05,30,02,65.3,158,Unhealthy,67.0,UG/M3,1 Hr,Valid
Phora Durbar Kathmandu,PM2.5 - Principal,2024-05-30 03:00 AM,2024,05,30,03,62.1,156,Unhealthy,59.0,UG/M3,1 Hr,Valid
Phora Durbar Kathmandu,PM2.5 - Principal,2024-05-30 04:00 AM,2024,05,30,04,63.0,156,Unhealthy,64.0,UG/M3,1 Hr,Valid
Phora Durbar Kathmandu,PM2.5 - Principal,2024-05-30 05:00 AM,2024,05,30,05,64.3,157,Unhealthy,66.0,UG/M3,1 Hr,Valid
Phora Durbar Kathmandu,PM2.5 - Principal,2024-05-30 06:00 AM,2024,05,30,06,59.3,154,Unhealthy,50.0,UG/M3,1 Hr,Valid
Phora Durbar Kathmandu,PM2.5 - Principal,2024-05-30 07:00 AM,2024,05,30,07,65.4,158,Unhealthy,77.0,UG/M3,1 Hr,Valid
Phora Durbar Kathmandu,PM2.5 - Principal,2024-05-30 08:00 AM,2024,05,30,08,77.5,166,Unhealthy,91.0,UG/M3,1 Hr,Valid
Phora Durbar Kathmandu,PM2.5 - Principal,2024-05-30 09:00 AM,2024,05,30,09,70.9,162,Unhealthy,63.0,UG/M3,1 Hr,Valid
Phora Durbar Kathmandu,PM2.5 - Principal,2024-05-30 10:00 AM,2024,05,30,10,58.0,153,Unhealthy,45.0,UG/M3,1 Hr,Valid
Phora Durbar Kathmandu,PM2.5 - Principal,2024-05-30 11:00 AM,2024,05,30,11,55.0,149,Unhealthy for Sensitive Groups,52.0,UG/M3,1 Hr,Valid
Phora Durbar Kathmandu,PM2.5 - Principal,2024-05-30 12:00 PM,2024,05,30,12,54.0,147,Unhealthy for Sensitive Groups,53.0,UG/M3,1 Hr,Valid
Phora Durbar Kathmandu,PM2.5 - Principal,2024-05-30 01:00 PM,2024,05,30,13,49.9,136,Unhealthy for Sensitive Groups,46.0,UG/M3,1 Hr,Valid
Phora Durbar Kathmandu,PM2.5 - Principal,2024-05-30 02:00 PM,2024,05,30,14,45.4,125,Unhealthy for Sensitive Groups,41.0,UG/M3,1 Hr,Valid
Phora Durbar Kathmandu,PM2.5 - Principal,2024-05-30 03:00 PM,2024,05,30,15,46.7,129,Unhealthy for Sensitive Groups,48.0,UG/M3,1 Hr,Valid
Phora Durbar Kathmandu,PM2.5 - Principal,2024-05-30 04:00 PM,2024,05,30,16,50.8,139,Unhealthy for Sensitive Groups,55.0,UG/M3,1 Hr,Valid
Phora Durbar Kathmandu,PM2.5 - Principal,2024-05-30 05:00 PM,2024,05,30,17,51.9,141,Unhealthy for Sensitive Groups,53.0,UG/M3,1 Hr,Valid
Phora Durbar Kathmandu,PM2.5 - Principal,2024-05-30 06:00 PM,2024,05,30,18,55.4,150,Unhealthy for Sensitive Groups,59.0,UG/M3,1 Hr,Valid
Phora Durbar Kathmandu,PM2.5 - Principal,2024-05-30 07:00 PM,2024,05,30,19,55.4,150,Unhealthy for Sensitive Groups,-999.0,UG/M3,1 Hr,Missing
Phora Durbar Kathmandu,PM2.5 - Principal,2024-05-31 12:00 AM,2024,05,31,00,-999.0,-999,N/A,55.0,UG/M3,1 Hr,Valid
Phora Durbar Kathmandu,PM2.5 - Principal,2024-05-31 03:00 AM,2024,05,31,03,-999.0,-999,N/A,39.0,UG/M3,1 Hr,Valid
Phora Durbar Kathmandu,PM2.5 - Principal,2024-05-31 04:00 AM,2024,05,31,04,33.2,96,Moderate,29.0,UG/M3,1 Hr,Valid
Phora Durbar Kathmandu,PM2.5 - Principal,2024-05-31 05:00 AM,2024,05,31,05,33.6,97,Moderate,34.0,UG/M3,1 Hr,Valid
Phora Durbar Kathmandu,PM2.5 - Principal,2024-05-31 06:00 AM,2024,05,31,06,38.9,109,Unhealthy for Sensitive Groups,44.0,UG/M3,1 Hr,Valid
Phora Durbar Kathmandu,PM2.5 - Principal,2024-05-31 07:00 AM,2024,05,31,07,41.9,117,Unhealthy for Sensitive Groups,45.0,UG/M3,1 Hr,Valid
Phora Durbar Kathmandu,PM2.5 - Principal,2024-05-31 08:00 AM,2024,05,31,08,48.2,132,Unhealthy for Sensitive Groups,55.0,UG/M3,1 Hr,Valid
Phora Durbar Kathmandu,PM2.5 - Principal,2024-05-31 09:00 AM,2024,05,31,09,44.7,124,Unhealthy for Sensitive Groups,41.0,UG/M3,1 Hr,Valid
Phora Durbar Kathmandu,PM2.5 - Principal,2024-05-31 10:00 AM,2024,05,31,10,63.9,157,Unhealthy,83.0,UG/M3,1 Hr,Valid
Phora Durbar Kathmandu,PM2.5 - Principal,2024-05-31 11:00 AM,2024,05,31,11,61.4,155,Unhealthy,59.0,UG/M3,1 Hr,Valid
Phora Durbar Kathmandu,PM2.5 - Principal,2024-05-31 12:00 PM,2024,05,31,12,60.7,155,Unhealthy,60.0,UG/M3,1 Hr,Valid
Phora Durbar Kathmandu,PM2.5 - Principal,2024-05-31 01:00 PM,2024,05,31,13,63.8,157,Unhealthy,67.0,UG/M3,1 Hr,Valid
Phora Durbar Kathmandu,PM2.5 - Principal,2024-05-31 02:00 PM,2024,05,31,14,47.9,132,Unhealthy for Sensitive Groups,32.0,UG/M3,1 Hr,Valid
Phora Durbar Kathmandu,PM2.5 - Principal,2024-05-31 03:00 PM,2024,05,31,15,44.9,124,Unhealthy for Sensitive Groups,42.0,UG/M3,1 Hr,Valid
Phora Durbar Kathmandu,PM2.5 - Principal,2024-05-31 04:00 PM,2024,05,31,16,55.4,150,Unhealthy for Sensitive Groups,66.0,UG/M3,1 Hr,Valid
Phora Durbar Kathmandu,PM2.5 - Principal,2024-05-31 05:00 PM,2024,05,31,17,66.7,159,Unhealthy,78.0,UG/M3,1 Hr,Valid
Phora Durbar Kathmandu,PM2.5 - Principal,2024-05-31 06:00 PM,2024,05,31,18,57.8,153,Unhealthy,49.0,UG/M3,1 Hr,Valid
Phora Durbar Kathmandu,PM2.5 - Principal,2024-05-31 07:00 PM,2024,05,31,19,45.4,125,Unhealthy for Sensitive Groups,33.0,UG/M3,1 Hr,Valid
Phora Durbar Kathmandu,PM2.5 - Principal,2024-05-31 08:00 PM,2024,05,31,20,73.7,164,Unhealthy,102.0,UG/M3,1 Hr,Valid
Phora Durbar Kathmandu,PM2.5 - Principal,2024-05-31 09:00 PM,2024,05,31,21,55.3,150,Unhealthy for Sensitive Groups,37.0,UG/M3,1 Hr,Valid
Phora Durbar Kathmandu,PM2.5 - Principal,2024-05-31 10:00 PM,2024,05,31,22,44.6,123,Unhealthy for Sensitive Groups,34.0,UG/M3,1 Hr,Valid
Phora Durbar Kathmandu,PM2.5 - Principal,2024-05-31 11:00 PM,2024,05,31,23,41.8,117,Unhealthy for Sensitive Groups,39.0,UG/M3,1 Hr,Valid
Phora Durbar Kathmandu,PM2.5 - Principal,2024-06-01 12:00 AM,2024,06,01,00,44.9,124,Unhealthy for Sensitive Groups,48.0,UG/M3,1 Hr,Valid
Phora Durbar Kathmandu,PM2.5 - Principal,2024-06-01 01:00 AM,2024,06,01,01,40.9,114,Unhealthy for Sensitive Groups,37.0,UG/M3,1 Hr,Valid
Phora Durbar Kathmandu,PM2.5 - Principal,2024-06-01 02:00 AM,2024,06,01,02,44.9,124,Unhealthy for Sensitive Groups,49.0,UG/M3,1 Hr,Valid
Phora Durbar Kathmandu,PM2.5 - Principal,2024-06-01 03:00 AM,2024,06,01,03,39.9,112,Unhealthy for Sensitive Groups,35.0,UG/M3,1 Hr,Valid
Phora Durbar Kathmandu,PM2.5 - Principal,2024-06-01 04:00 AM,2024,06,01,04,43.4,120,Unhealthy for Sensitive Groups,47.0,UG/M3,1 Hr,Valid
Phora Durbar Kathmandu,PM2.5 - Principal,2024-06-01 05:00 AM,2024,06,01,05,19.7,71,Moderate,-4.0,UG/M3,1 Hr,Valid
Phora Durbar Kathmandu,PM2.5 - Principal,2024-06-01 06:00 AM,2024,06,01,06,39.8,112,Unhealthy for Sensitive Groups,60.0,UG/M3,1 Hr,Valid
Phora Durbar Kathmandu,PM2.5 - Principal,2024-06-01 07:00 AM,2024,06,01,07,17.9,67,Moderate,-4.0,UG/M3,1 Hr,Valid
Phora Durbar Kathmandu,PM2.5 - Principal,2024-06-01 08:00 AM,2024,06,01,08,30.9,92,Moderate,44.0,UG/M3,1 Hr,Valid
Phora Durbar Kathmandu,PM2.5 - Principal,2024-06-01 09:00 AM,2024,06,01,09,35.4,100,Moderate,40.0,UG/M3,1 Hr,Valid
Phora Durbar Kathmandu,PM2.5 - Principal,2024-06-01 10:00 AM,2024,06,01,10,42.2,117,Unhealthy for Sensitive Groups,49.0,UG/M3,1 Hr,Valid
Phora Durbar Kathmandu,PM2.5 - Principal,2024-06-01 11:00 AM,2024,06,01,11,65.6,158,Unhealthy,89.0,UG/M3,1 Hr,Valid
Phora Durbar Kathmandu,PM2.5 - Principal,2024-06-01 12:00 PM,2024,06,01,12,51.8,141,Unhealthy for Sensitive Groups,38.0,UG/M3,1 Hr,Valid
Phora Durbar Kathmandu,PM2.5 - Principal,2024-06-01 01:00 PM,2024,06,01,13,61.9,155,Unhealthy,72.0,UG/M3,1 Hr,Valid
Phora Durbar Kathmandu,PM2.5 - Principal,2024-06-01 02:00 PM,2024,06,01,14,53.4,145,Unhealthy for Sensitive Groups,45.0,UG/M3,1 Hr,Valid
Phora Durbar Kathmandu,PM2.5 - Principal,2024-06-01 03:00 PM,2024,06,01,15,48.2,132,Unhealthy for Sensitive Groups,43.0,UG/M3,1 Hr,Valid
Phora Durbar Kathmandu,PM2.5 - Principal,2024-06-01 04:00 PM,2024,06,01,16,49.1,134,Unhealthy for Sensitive Groups,50.0,UG/M3,1 Hr,Valid
Phora Durbar Kathmandu,PM2.5 - Principal,2024-06-01 05:00 PM,2024,06,01,17,49.0,134,Unhealthy for Sensitive Groups,49.0,UG/M3,1 Hr,Valid
Phora Durbar Kathmandu,PM2.5 - Principal,2024-06-01 06:00 PM,2024,06,01,18,49.0,134,Unhealthy for Sensitive Groups,-999.0,UG/M3,1 Hr,Missing
Phora Durbar Kathmandu,PM2.5 - Principal,2024-06-01 08:00 PM,2024,06,01,20,-999.0,-999,N/A,53.0,UG/M3,1 Hr,Valid
Phora Durbar Kathmandu,PM2.5 - Principal,2024-06-01 09:00 PM,2024,06,01,21,53.3,145,Unhealthy for Sensitive Groups,54.0,UG/M3,1 Hr,Valid
Phora Durbar Kathmandu,PM2.5 - Principal,2024-06-01 10:00 PM,2024,06,01,22,59.2,154,Unhealthy,64.0,UG/M3,1 Hr,Valid
Phora Durbar Kathmandu,PM2.5 - Principal,2024-06-01 11:00 PM,2024,06,01,23,59.4,154,Unhealthy,60.0,UG/M3,1 Hr,Valid
Phora Durbar Kathmandu,PM2.5 - Principal,2024-06-02 12:00 AM,2024,06,02,00,61.9,155,Unhealthy,66.0,UG/M3,1 Hr,Valid
Phora Durbar Kathmandu,PM2.5 - Principal,2024-06-02 01:00 AM,2024,06,02,01,57.1,152,Unhealthy,50.0,UG/M3,1 Hr,Valid
Phora Durbar Kathmandu,PM2.5 - Principal,2024-06-02 02:00 AM,2024,06,02,02,52.7,143,Unhealthy for Sensitive Groups,45.0,UG/M3,1 Hr,Valid
Phora Durbar Kathmandu,PM2.5 - Principal,2024-06-02 03:00 AM,2024,06,02,03,52.1,142,Unhealthy for Sensitive Groups,50.0,UG/M3,1 Hr,Valid
Phora Durbar Kathmandu,PM2.5 - Principal,2024-06-02 04:00 AM,2024,06,02,04,55.3,150,Unhealthy for Sensitive Groups,62.0,UG/M3,1 Hr,Valid
Phora Durbar Kathmandu,PM2.5 - Principal,2024-06-02 05:00 AM,2024,06,02,05,39.5,111,Unhealthy for Sensitive Groups,23.0,UG/M3,1 Hr,Valid
Phora Durbar Kathmandu,PM2.5 - Principal,2024-06-02 06:00 AM,2024,06,02,06,57.2,152,Unhealthy,75.0,UG/M3,1 Hr,Valid
Phora Durbar Kathmandu,PM2.5 - Principal,2024-06-02 07:00 AM,2024,06,02,07,53.6,146,Unhealthy for Sensitive Groups,50.0,UG/M3,1 Hr,Valid
Phora Durbar Kathmandu,PM2.5 - Principal,2024-06-02 08:00 AM,2024,06,02,08,56.3,152,Unhealthy,59.0,UG/M3,1 Hr,Valid
Phora Durbar Kathmandu,PM2.5 - Principal,2024-06-02 09:00 AM,2024,06,02,09,66.1,158,Unhealthy,76.0,UG/M3,1 Hr,Valid
Phora Durbar Kathmandu,PM2.5 - Principal,2024-06-02 10:00 AM,2024,06,02,10,84.0,171,Unhealthy,102.0,UG/M3,1 Hr,Valid
Phora Durbar Kathmandu,PM2.5 - Principal,2024-06-02 11:00 AM,2024,06,02,11,84.0,171,Unhealthy,-999.0,UG/M3,1 Hr,Missing
Phora Durbar Kathmandu,PM2.5 - Principal,2024-06-02 01:00 PM,2024,06,02,13,-999.0,-999,N/A,59.0,UG/M3,1 Hr,Valid
Phora Durbar Kathmandu,PM2.5 - Principal,2024-06-02 02:00 PM,2024,06,02,14,48.0,132,Unhealthy for Sensitive Groups,38.0,UG/M3,1 Hr,Valid
Phora Durbar Kathmandu,PM2.5 - Principal,2024-06-02 03:00 PM,2024,06,02,15,43.5,121,Unhealthy for Sensitive Groups,40.0,UG/M3,1 Hr,Valid
Phora Durbar Kathmandu,PM2.5 - Principal,2024-06-02 04:00 PM,2024,06,02,16,40.6,114,Unhealthy for Sensitive Groups,38.0,UG/M3,1 Hr,Valid
Phora Durbar Kathmandu,PM2.5 - Principal,2024-06-02 05:00 PM,2024,06,02,17,48.5,133,Unhealthy for Sensitive Groups,56.0,UG/M3,1 Hr,Valid
Phora Durbar Kathmandu,PM2.5 - Principal,2024-06-02 06:00 PM,2024,06,02,18,52.2,142,Unhealthy for Sensitive Groups,56.0,UG/M3,1 Hr,Valid
Phora Durbar Kathmandu,PM2.5 - Principal,2024-06-02 07:00 PM,2024,06,02,19,52.3,142,Unhealthy for Sensitive Groups,-999.0,UG/M3,1 Hr,Missing
Phora Durbar Kathmandu,PM2.5 - Principal,2024-06-02 08:00 PM,2024,06,02,20,52.0,142,Unhealthy for Sensitive Groups,52.0,UG/M3,1 Hr,Valid
Phora Durbar Kathmandu,PM2.5 - Principal,2024-06-02 09:00 PM,2024,06,02,21,68.6,160,Unhealthy,81.0,UG/M3,1 Hr,Valid
Phora Durbar Kathmandu,PM2.5 - Principal,2024-06-02 10:00 PM,2024,06,02,22,61.3,155,Unhealthy,55.0,UG/M3,1 Hr,Valid
Phora Durbar Kathmandu,PM2.5 - Principal,2024-06-02 11:00 PM,2024,06,02,23,56.5,152,Unhealthy,52.0,UG/M3,1 Hr,Valid
Phora Durbar Kathmandu,PM2.5 - Principal,2024-06-03 12:00 AM,2024,06,03,00,53.7,146,Unhealthy for Sensitive Groups,51.0,UG/M3,1 Hr,Valid
Phora Durbar Kathmandu,PM2.5 - Principal,2024-06-03 01:00 AM,2024,06,03,01,43.7,121,Unhealthy for Sensitive Groups,34.0,UG/M3,1 Hr,Valid
Phora Durbar Kathmandu,PM2.5 - Principal,2024-06-03 02:00 AM,2024,06,03,02,60.4,154,Unhealthy,77.0,UG/M3,1 Hr,Valid
Phora Durbar Kathmandu,PM2.5 - Principal,2024-06-03 03:00 AM,2024,06,03,03,52.2,142,Unhealthy for Sensitive Groups,44.0,UG/M3,1 Hr,Valid
Phora Durbar Kathmandu,PM2.5 - Principal,2024-06-03 04:00 AM,2024,06,03,04,45.0,124,Unhealthy for Sensitive Groups,38.0,UG/M3,1 Hr,Valid
Phora Durbar Kathmandu,PM2.5 - Principal,2024-06-03 05:00 AM,2024,06,03,05,47.5,131,Unhealthy for Sensitive Groups,50.0,UG/M3,1 Hr,Valid
Phora Durbar Kathmandu,PM2.5 - Principal,2024-06-03 06:00 AM,2024,06,03,06,69.2,161,Unhealthy,91.0,UG/M3,1 Hr,Valid
Phora Durbar Kathmandu,PM2.5 - Principal,2024-06-03 07:00 AM,2024,06,03,07,65.6,158,Unhealthy,62.0,UG/M3,1 Hr,Valid
Phora Durbar Kathmandu,PM2.5 - Principal,2024-06-03 08:00 AM,2024,06,03,08,66.3,159,Unhealthy,67.0,UG/M3,1 Hr,Valid
Phora Durbar Kathmandu,PM2.5 - Principal,2024-06-03 09:00 AM,2024,06,03,09,66.6,159,Unhealthy,67.0,UG/M3,1 Hr,Valid
Phora Durbar Kathmandu,PM2.5 - Principal,2024-06-03 10:00 AM,2024,06,03,10,63.8,157,Unhealthy,61.0,UG/M3,1 Hr,Valid
Phora Durbar Kathmandu,PM2.5 - Principal,2024-06-03 11:00 AM,2024,06,03,11,57.4,152,Unhealthy,51.0,UG/M3,1 Hr,Valid
Phora Durbar Kathmandu,PM2.5 - Principal,2024-06-03 12:00 PM,2024,06,03,12,55.2,150,Unhealthy for Sensitive Groups,53.0,UG/M3,1 Hr,Valid
Phora Durbar Kathmandu,PM2.5 - Principal,2024-06-03 01:00 PM,2024,06,03,13,44.1,122,Unhealthy for Sensitive Groups,33.0,UG/M3,1 Hr,Valid
Phora Durbar Kathmandu,PM2.5 - Principal,2024-06-03 02:00 PM,2024,06,03,14,31.5,93,Moderate,19.0,UG/M3,1 Hr,Valid
Phora Durbar Kathmandu,PM2.5 - Principal,2024-06-03 03:00 PM,2024,06,03,15,37.7,106,Unhealthy for Sensitive Groups,44.0,UG/M3,1 Hr,Valid
Phora Durbar Kathmandu,PM2.5 - Principal,2024-06-03 04:00 PM,2024,06,03,16,37.7,106,Unhealthy for Sensitive Groups,-15.0,UG/M3,1 Hr,Invalid
Phora Durbar Kathmandu,PM2.5 - Principal,2024-06-03 05:00 PM,2024,06,03,17,57.9,153,Unhealthy,68.0,UG/M3,1 Hr,Valid
Phora Durbar Kathmandu,PM2.5 - Principal,2024-06-03 06:00 PM,2024,06,03,18,41.3,115,Unhealthy for Sensitive Groups,29.0,UG/M3,1 Hr,Valid
Phora Durbar Kathmandu,PM2.5 - Principal,2024-06-03 07:00 PM,2024,06,03,19,45.9,127,Unhealthy for Sensitive Groups,50.0,UG/M3,1 Hr,Valid
Phora Durbar Kathmandu,PM2.5 - Principal,2024-06-03 08:00 PM,2024,06,03,20,50.6,138,Unhealthy for Sensitive Groups,55.0,UG/M3,1 Hr,Valid
Phora Durbar Kathmandu,PM2.5 - Principal,2024-06-03 09:00 PM,2024,06,03,21,48.7,134,Unhealthy for Sensitive Groups,47.0,UG/M3,1 Hr,Valid
Phora Durbar Kathmandu,PM2.5 - Principal,2024-06-03 10:00 PM,2024,06,03,22,58.9,153,Unhealthy,69.0,UG/M3,1 Hr,Valid
Phora Durbar Kathmandu,PM2.5 - Principal,2024-06-03 11:00 PM,2024,06,03,23,47.4,130,Unhealthy for Sensitive Groups,36.0,UG/M3,1 Hr,Valid
Phora Durbar Kathmandu,PM2.5 - Principal,2024-06-04 12:00 AM,2024,06,04,00,60.2,154,Unhealthy,73.0,UG/M3,1 Hr,Valid
Phora Durbar Kathmandu,PM2.5 - Principal,2024-06-04 01:00 AM,2024,06,04,01,43.6,121,Unhealthy for Sensitive Groups,27.0,UG/M3,1 Hr,Valid
Phora Durbar Kathmandu,PM2.5 - Principal,2024-06-04 02:00 AM,2024,06,04,02,57.8,153,Unhealthy,72.0,UG/M3,1 Hr,Valid
Phora Durbar Kathmandu,PM2.5 - Principal,2024-06-04 03:00 AM,2024,06,04,03,40.9,114,Unhealthy for Sensitive Groups,24.0,UG/M3,1 Hr,Valid
Phora Durbar Kathmandu,PM2.5 - Principal,2024-06-04 04:00 AM,2024,06,04,04,51.4,140,Unhealthy for Sensitive Groups,62.0,UG/M3,1 Hr,Valid
Phora Durbar Kathmandu,PM2.5 - Principal,2024-06-04 05:00 AM,2024,06,04,05,79.2,168,Unhealthy,107.0,UG/M3,1 Hr,Valid
Phora Durbar Kathmandu,PM2.5 - Principal,2024-06-04 06:00 AM,2024,06,04,06,86.6,173,Unhealthy,94.0,UG/M3,1 Hr,Valid
Phora Durbar Kathmandu,PM2.5 - Principal,2024-06-04 07:00 AM,2024,06,04,07,90.3,175,Unhealthy,94.0,UG/M3,1 Hr,Valid
Phora Durbar Kathmandu,PM2.5 - Principal,2024-06-04 08:00 AM,2024,06,04,08,92.1,177,Unhealthy,94.0,UG/M3,1 Hr,Valid
Phora Durbar Kathmandu,PM2.5 - Principal,2024-06-04 09:00 AM,2024,06,04,09,92.1,177,Unhealthy,-999.0,UG/M3,1 Hr,Missing
Phora Durbar Kathmandu,PM2.5 - Principal,2024-06-04 10:00 AM,2024,06,04,10,80.0,168,Unhealthy,74.0,UG/M3,1 Hr,Valid
Phora Durbar Kathmandu,PM2.5 - Principal,2024-06-04 11:00 AM,2024,06,04,11,73.1,163,Unhealthy,68.0,UG/M3,1 Hr,Valid
Phora Durbar Kathmandu,PM2.5 - Principal,2024-06-04 12:00 PM,2024,06,04,12,54.9,149,Unhealthy for Sensitive Groups,39.0,UG/M3,1 Hr,Valid
Phora Durbar Kathmandu,PM2.5 - Principal,2024-06-04 01:00 PM,2024,06,04,13,54.9,149,Unhealthy for Sensitive Groups,-15.0,UG/M3,1 Hr,Invalid
Phora Durbar Kathmandu,PM2.5 - Principal,2024-06-04 02:00 PM,2024,06,04,14,53.6,146,Unhealthy for Sensitive Groups,53.0,UG/M3,1 Hr,Valid
Phora Durbar Kathmandu,PM2.5 - Principal,2024-06-04 03:00 PM,2024,06,04,15,26.1,83,Moderate,6.0,UG/M3,1 Hr,Valid
Phora Durbar Kathmandu,PM2.5 - Principal,2024-06-04 04:00 PM,2024,06,04,16,30.3,90,Moderate,34.0,UG/M3,1 Hr,Valid
Phora Durbar Kathmandu,PM2.5 - Principal,2024-06-04 05:00 PM,2024,06,04,17,27.5,85,Moderate,25.0,UG/M3,1 Hr,Valid
Phora Durbar Kathmandu,PM2.5 - Principal,2024-06-04 06:00 PM,2024,06,04,18,32.3,94,Moderate,37.0,UG/M3,1 Hr,Valid
Phora Durbar Kathmandu,PM2.5 - Principal,2024-06-04 07:00 PM,2024,06,04,19,39.2,110,Unhealthy for Sensitive Groups,46.0,UG/M3,1 Hr,Valid
Phora Durbar Kathmandu,PM2.5 - Principal,2024-06-04 08:00 PM,2024,06,04,20,46.1,127,Unhealthy for Sensitive Groups,53.0,UG/M3,1 Hr,Valid
Phora Durbar Kathmandu,PM2.5 - Principal,2024-06-04 09:00 PM,2024,06,04,21,60.6,155,Unhealthy,75.0,UG/M3,1 Hr,Valid
Phora Durbar Kathmandu,PM2.5 - Principal,2024-06-04 10:00 PM,2024,06,04,22,58.2,153,Unhealthy,56.0,UG/M3,1 Hr,Valid
Phora Durbar Kathmandu,PM2.5 - Principal,2024-06-04 11:00 PM,2024,06,04,23,37.1,105,Unhealthy for Sensitive Groups,16.0,UG/M3,1 Hr,Valid
Phora Durbar Kathmandu,PM2.5 - Principal,2024-06-05 12:00 AM,2024,06,05,00,49.5,135,Unhealthy for Sensitive Groups,62.0,UG/M3,1 Hr,Valid
Phora Durbar Kathmandu,PM2.5 - Principal,2024-06-05 01:00 AM,2024,06,05,01,44.7,124,Unhealthy for Sensitive Groups,40.0,UG/M3,1 Hr,Valid
Phora Durbar Kathmandu,PM2.5 - Principal,2024-06-05 02:00 AM,2024,06,05,02,39.3,110,Unhealthy for Sensitive Groups,34.0,UG/M3,1 Hr,Valid
Phora Durbar Kathmandu,PM2.5 - Principal,2024-06-05 03:00 AM,2024,06,05,03,36.6,104,Unhealthy for Sensitive Groups,34.0,UG/M3,1 Hr,Valid
Phora Durbar Kathmandu,PM2.5 - Principal,2024-06-05 04:00 AM,2024,06,05,04,36.6,104,Unhealthy for Sensitive Groups,-999.0,UG/M3,1 Hr,Missing
Phora Durbar Kathmandu,PM2.5 - Principal,2024-06-05 05:00 AM,2024,06,05,05,42.2,117,Unhealthy for Sensitive Groups,45.0,UG/M3,1 Hr,Valid
Phora Durbar Kathmandu,PM2.5 - Principal,2024-06-05 06:00 AM,2024,06,05,06,28.9,88,Moderate,19.0,UG/M3,1 Hr,Valid
Phora Durbar Kathmandu,PM2.5 - Principal,2024-06-05 07:00 AM,2024,06,05,07,31.6,93,Moderate,34.0,UG/M3,1 Hr,Valid
Phora Durbar Kathmandu,PM2.5 - Principal,2024-06-05 08:00 AM,2024,06,05,08,47.3,130,Unhealthy for Sensitive Groups,62.0,UG/M3,1 Hr,Valid
Phora Durbar Kathmandu,PM2.5 - Principal,2024-06-05 09:00 AM,2024,06,05,09,48.6,133,Unhealthy for Sensitive Groups,50.0,UG/M3,1 Hr,Valid
Phora Durbar Kathmandu,PM2.5 - Principal,2024-06-05 10:00 AM,2024,06,05,10,48.6,133,Unhealthy for Sensitive Groups,-15.0,UG/M3,1 Hr,Invalid
Phora Durbar Kathmandu,PM2.5 - Principal,2024-06-05 11:00 AM,2024,06,05,11,42.1,117,Unhealthy for Sensitive Groups,39.0,UG/M3,1 Hr,Valid
Phora Durbar Kathmandu,PM2.5 - Principal,2024-06-05 12:00 PM,2024,06,05,12,38.6,109,Unhealthy for Sensitive Groups,36.0,UG/M3,1 Hr,Valid
Phora Durbar Kathmandu,PM2.5 - Principal,2024-06-05 01:00 PM,2024,06,05,13,34.0,97,Moderate,30.0,UG/M3,1 Hr,Valid
Phora Durbar Kathmandu,PM2.5 - Principal,2024-06-05 02:00 PM,2024,06,05,14,30.9,92,Moderate,28.0,UG/M3,1 Hr,Valid
Phora Durbar Kathmandu,PM2.5 - Principal,2024-06-05 03:00 PM,2024,06,05,15,35.5,101,Unhealthy for Sensitive Groups,40.0,UG/M3,1 Hr,Valid
Phora Durbar Kathmandu,PM2.5 - Principal,2024-06-05 04:00 PM,2024,06,05,16,39.2,110,Unhealthy for Sensitive Groups,43.0,UG/M3,1 Hr,Valid
Phora Durbar Kathmandu,PM2.5 - Principal,2024-06-05 05:00 PM,2024,06,05,17,40.6,114,Unhealthy for Sensitive Groups,42.0,UG/M3,1 Hr,Valid
Phora Durbar Kathmandu,PM2.5 - Principal,2024-06-05 06:00 PM,2024,06,05,18,63.3,156,Unhealthy,86.0,UG/M3,1 Hr,Valid
Phora Durbar Kathmandu,PM2.5 - Principal,2024-06-05 07:00 PM,2024,06,05,19,53.1,144,Unhealthy for Sensitive Groups,43.0,UG/M3,1 Hr,Valid
Phora Durbar Kathmandu,PM2.5 - Principal,2024-06-05 08:00 PM,2024,06,05,20,58.5,153,Unhealthy,64.0,UG/M3,1 Hr,Valid
Phora Durbar Kathmandu,PM2.5 - Principal,2024-06-05 09:00 PM,2024,06,05,21,54.7,148,Unhealthy for Sensitive Groups,51.0,UG/M3,1 Hr,Valid
Phora Durbar Kathmandu,PM2.5 - Principal,2024-06-05 10:00 PM,2024,06,05,22,83.4,171,Unhealthy,112.0,UG/M3,1 Hr,Valid
Phora Durbar Kathmandu,PM2.5 - Principal,2024-06-05 11:00 PM,2024,06,05,23,69.2,161,Unhealthy,55.0,UG/M3,1 Hr,Valid
Phora Durbar Kathmandu,PM2.5 - Principal,2024-06-06 12:00 AM,2024,06,06,00,85.6,172,Unhealthy,102.0,UG/M3,1 Hr,Valid
Phora Durbar Kathmandu,PM2.5 - Principal,2024-06-06 01:00 AM,2024,06,06,01,71.3,162,Unhealthy,57.0,UG/M3,1 Hr,Valid
Phora Durbar Kathmandu,PM2.5 - Principal,2024-06-06 02:00 AM,2024,06,06,02,52.6,143,Unhealthy for Sensitive Groups,34.0,UG/M3,1 Hr,Valid
Phora Durbar Kathmandu,PM2.5 - Principal,2024-06-06 03:00 AM,2024,06,06,03,32.3,94,Moderate,12.0,UG/M3,1 Hr,Valid
Phora Durbar Kathmandu,PM2.5 - Principal,2024-06-06 04:00 AM,2024,06,06,04,30.6,91,Moderate,29.0,UG/M3,1 Hr,Valid
Phora Durbar Kathmandu,PM2.5 - Principal,2024-06-06 05:00 AM,2024,06,06,05,18.3,68,Moderate,6.0,UG/M3,1 Hr,Valid
Phora Durbar Kathmandu,PM2.5 - Principal,2024-06-06 06:00 AM,2024,06,06,06,31.1,92,Moderate,44.0,UG/M3,1 Hr,Valid
Phora Durbar Kathmandu,PM2.5 - Principal,2024-06-06 07:00 AM,2024,06,06,07,36.5,103,Unhealthy for Sensitive Groups,42.0,UG/M3,1 Hr,Valid
Phora Durbar Kathmandu,PM2.5 - Principal,2024-06-06 08:00 AM,2024,06,06,08,40.2,113,Unhealthy for Sensitive Groups,44.0,UG/M3,1 Hr,Valid
Phora Durbar Kathmandu,PM2.5 - Principal,2024-06-06 09:00 AM,2024,06,06,09,35.1,99,Moderate,30.0,UG/M3,1 Hr,Valid
Phora Durbar Kathmandu,PM2.5 - Principal,2024-06-06 10:00 AM,2024,06,06,10,46.0,127,Unhealthy for Sensitive Groups,57.0,UG/M3,1 Hr,Valid
Phora Durbar Kathmandu,PM2.5 - Principal,2024-06-06 11:00 AM,2024,06,06,11,30.0,90,Moderate,14.0,UG/M3,1 Hr,Valid
Phora Durbar Kathmandu,PM2.5 - Principal,2024-06-06 12:00 PM,2024,06,06,12,35.0,99,Moderate,40.0,UG/M3,1 Hr,Valid
Phora Durbar Kathmandu,PM2.5 - Principal,2024-06-06 01:00 PM,2024,06,06,13,39.0,110,Unhealthy for Sensitive Groups,43.0,UG/M3,1 Hr,Valid
Phora Durbar Kathmandu,PM2.5 - Principal,2024-06-06 02:00 PM,2024,06,06,14,34.5,98,Moderate,30.0,UG/M3,1 Hr,Valid
Phora Durbar Kathmandu,PM2.5 - Principal,2024-06-06 03:00 PM,2024,06,06,15,54.7,148,Unhealthy for Sensitive Groups,75.0,UG/M3,1 Hr,Valid
Phora Durbar Kathmandu,PM2.5 - Principal,2024-06-06 04:00 PM,2024,06,06,16,46.3,128,Unhealthy for Sensitive Groups,38.0,UG/M3,1 Hr,Valid
Phora Durbar Kathmandu,PM2.5 - Principal,2024-06-06 05:00 PM,2024,06,06,17,43.6,121,Unhealthy for Sensitive Groups,41.0,UG/M3,1 Hr,Valid
Phora Durbar Kathmandu,PM2.5 - Principal,2024-06-06 06:00 PM,2024,06,06,18,40.3,113,Unhealthy for Sensitive Groups,37.0,UG/M3,1 Hr,Valid
Phora Durbar Kathmandu,PM2.5 - Principal,2024-06-06 07:00 PM,2024,06,06,19,35.6,101,Unhealthy for Sensitive Groups,31.0,UG/M3,1 Hr,Valid
Phora Durbar Kathmandu,PM2.5 - Principal,2024-06-06 08:00 PM,2024,06,06,20,38.3,108,Unhealthy for Sensitive Groups,41.0,UG/M3,1 Hr,Valid
Phora Durbar Kathmandu,PM2.5 - Principal,2024-06-06 09:00 PM,2024,06,06,21,34.6,99,Moderate,31.0,UG/M3,1 Hr,Valid
Phora Durbar Kathmandu,PM2.5 - Principal,2024-06-06 10:00 PM,2024,06,06,22,36.3,103,Unhealthy for Sensitive Groups,38.0,UG/M3,1 Hr,Valid
Phora Durbar Kathmandu,PM2.5 - Principal,2024-06-06 11:00 PM,2024,06,06,23,36.6,104,Unhealthy for Sensitive Groups,37.0,UG/M3,1 Hr,Valid
Phora Durbar Kathmandu,PM2.5 - Principal,2024-06-07 12:00 AM,2024,06,07,00,31.8,93,Moderate,27.0,UG/M3,1 Hr,Valid
Phora Durbar Kathmandu,PM2.5 - Principal,2024-06-07 01:00 AM,2024,06,07,01,35.9,102,Unhealthy for Sensitive Groups,40.0,UG/M3,1 Hr,Valid
Phora Durbar Kathmandu,PM2.5 - Principal,2024-06-07 02:00 AM,2024,06,07,02,34.9,99,Moderate,34.0,UG/M3,1 Hr,Valid
Phora Durbar Kathmandu,PM2.5 - Principal,2024-06-07 03:00 AM,2024,06,07,03,34.9,99,Moderate,35.0,UG/M3,1 Hr,Valid
Phora Durbar Kathmandu,PM2.5 - Principal,2024-06-07 04:00 AM,2024,06,07,04,36.0,102,Unhealthy for Sensitive Groups,38.0,UG/M3,1 Hr,Valid
Phora Durbar Kathmandu,PM2.5 - Principal,2024-06-07 05:00 AM,2024,06,07,05,32.9,95,Moderate,27.0,UG/M3,1 Hr,Valid
Phora Durbar Kathmandu,PM2.5 - Principal,2024-06-07 06:00 AM,2024,06,07,06,38.5,108,Unhealthy for Sensitive Groups,47.0,UG/M3,1 Hr,Valid
Phora Durbar Kathmandu,PM2.5 - Principal,2024-06-07 07:00 AM,2024,06,07,07,38.5,108,Unhealthy for Sensitive Groups,-999.0,UG/M3,1 Hr,Missing
Phora Durbar Kathmandu,PM2.5 - Principal,2024-06-07 07:00 PM,2024,06,07,19,-999.0,-999,N/A,56.0,UG/M3,1 Hr,Valid
Phora Durbar Kathmandu,PM2.5 - Principal,2024-06-07 08:00 PM,2024,06,07,20,48.0,132,Unhealthy for Sensitive Groups,42.0,UG/M3,1 Hr,Valid
Phora Durbar Kathmandu,PM2.5 - Principal,2024-06-07 09:00 PM,2024,06,07,21,36.0,102,Unhealthy for Sensitive Groups,28.0,UG/M3,1 Hr,Valid
Phora Durbar Kathmandu,PM2.5 - Principal,2024-06-07 10:00 PM,2024,06,07,22,31.7,93,Moderate,28.0,UG/M3,1 Hr,Valid
Phora Durbar Kathmandu,PM2.5 - Principal,2024-06-07 11:00 PM,2024,06,07,23,19.4,70,Moderate,8.0,UG/M3,1 Hr,Valid
Phora Durbar Kathmandu,PM2.5 - Principal,2024-06-08 12:00 AM,2024,06,08,00,31.4,93,Moderate,43.0,UG/M3,1 Hr,Valid
Phora Durbar Kathmandu,PM2.5 - Principal,2024-06-08 01:00 AM,2024,06,08,01,38.2,108,Unhealthy for Sensitive Groups,45.0,UG/M3,1 Hr,Valid
Phora Durbar Kathmandu,PM2.5 - Principal,2024-06-08 02:00 AM,2024,06,08,02,41.6,116,Unhealthy for Sensitive Groups,45.0,UG/M3,1 Hr,Valid
Phora Durbar Kathmandu,PM2.5 - Principal,2024-06-08 03:00 AM,2024,06,08,03,41.6,116,Unhealthy for Sensitive Groups,-999.0,UG/M3,1 Hr,Missing
Phora Durbar Kathmandu,PM2.5 - Principal,2024-06-08 04:00 AM,2024,06,08,04,29.1,88,Moderate,23.0,UG/M3,1 Hr,Valid
Phora Durbar Kathmandu,PM2.5 - Principal,2024-06-08 05:00 AM,2024,06,08,05,22.7,76,Moderate,18.0,UG/M3,1 Hr,Valid
Phora Durbar Kathmandu,PM2.5 - Principal,2024-06-08 06:00 AM,2024,06,08,06,25.5,82,Moderate,28.0,UG/M3,1 Hr,Valid
Phora Durbar Kathmandu,PM2.5 - Principal,2024-06-08 07:00 AM,2024,06,08,07,30.4,91,Moderate,35.0,UG/M3,1 Hr,Valid
Phora Durbar Kathmandu,PM2.5 - Principal,2024-06-08 08:00 AM,2024,06,08,08,35.8,102,Unhealthy for Sensitive Groups,41.0,UG/M3,1 Hr,Valid
Phora Durbar Kathmandu,PM2.5 - Principal,2024-06-08 09:00 AM,2024,06,08,09,44.4,123,Unhealthy for Sensitive Groups,53.0,UG/M3,1 Hr,Valid
Phora Durbar Kathmandu,PM2.5 - Principal,2024-06-08 10:00 AM,2024,06,08,10,44.7,124,Unhealthy for Sensitive Groups,45.0,UG/M3,1 Hr,Valid
Phora Durbar Kathmandu,PM2.5 - Principal,2024-06-08 11:00 AM,2024,06,08,11,75.9,165,Unhealthy,107.0,UG/M3,1 Hr,Valid
Phora Durbar Kathmandu,PM2.5 - Principal,2024-06-08 12:00 PM,2024,06,08,12,55.9,151,Unhealthy,36.0,UG/M3,1 Hr,Valid
Phora Durbar Kathmandu,PM2.5 - Principal,2024-06-08 01:00 PM,2024,06,08,13,39.9,112,Unhealthy for Sensitive Groups,24.0,UG/M3,1 Hr,Valid
Phora Durbar Kathmandu,PM2.5 - Principal,2024-06-08 02:00 PM,2024,06,08,14,42.9,119,Unhealthy for Sensitive Groups,46.0,UG/M3,1 Hr,Valid
Phora Durbar Kathmandu,PM2.5 - Principal,2024-06-08 03:00 PM,2024,06,08,15,58.9,153,Unhealthy,75.0,UG/M3,1 Hr,Valid
Phora Durbar Kathmandu,PM2.5 - Principal,2024-06-08 04:00 PM,2024,06,08,16,54.5,148,Unhealthy for Sensitive Groups,50.0,UG/M3,1 Hr,Valid
Phora Durbar Kathmandu,PM2.5 - Principal,2024-06-08 05:00 PM,2024,06,08,17,48.2,132,Unhealthy for Sensitive Groups,42.0,UG/M3,1 Hr,Valid
Phora Durbar Kathmandu,PM2.5 - Principal,2024-06-08 06:00 PM,2024,06,08,18,51.6,141,Unhealthy for Sensitive Groups,55.0,UG/M3,1 Hr,Valid
Phora Durbar Kathmandu,PM2.5 - Principal,2024-06-08 07:00 PM,2024,06,08,19,46.3,128,Unhealthy for Sensitive Groups,41.0,UG/M3,1 Hr,Valid
Phora Durbar Kathmandu,PM2.5 - Principal,2024-06-08 08:00 PM,2024,06,08,20,52.6,143,Unhealthy for Sensitive Groups,59.0,UG/M3,1 Hr,Valid
Phora Durbar Kathmandu,PM2.5 - Principal,2024-06-08 09:00 PM,2024,06,08,21,47.8,131,Unhealthy for Sensitive Groups,43.0,UG/M3,1 Hr,Valid
Phora Durbar Kathmandu,PM2.5 - Principal,2024-06-08 10:00 PM,2024,06,08,22,47.4,130,Unhealthy for Sensitive Groups,47.0,UG/M3,1 Hr,Valid
Phora Durbar Kathmandu,PM2.5 - Principal,2024-06-08 11:00 PM,2024,06,08,23,51.2,140,Unhealthy for Sensitive Groups,55.0,UG/M3,1 Hr,Valid
Phora Durbar Kathmandu,PM2.5 - Principal,2024-06-09 12:00 AM,2024,06,09,00,57.1,152,Unhealthy,63.0,UG/M3,1 Hr,Valid
Phora Durbar Kathmandu,PM2.5 - Principal,2024-06-09 01:00 AM,2024,06,09,01,55.7,151,Unhealthy,55.0,UG/M3,1 Hr,Valid
Phora Durbar Kathmandu,PM2.5 - Principal,2024-06-09 02:00 AM,2024,06,09,02,73.5,164,Unhealthy,91.0,UG/M3,1 Hr,Valid
Phora Durbar Kathmandu,PM2.5 - Principal,2024-06-09 03:00 AM,2024,06,09,03,71.7,162,Unhealthy,70.0,UG/M3,1 Hr,Valid
Phora Durbar Kathmandu,PM2.5 - Principal,2024-06-09 04:00 AM,2024,06,09,04,61.8,155,Unhealthy,52.0,UG/M3,1 Hr,Valid
Phora Durbar Kathmandu,PM2.5 - Principal,2024-06-09 05:00 AM,2024,06,09,05,57.4,152,Unhealthy,53.0,UG/M3,1 Hr,Valid
Phora Durbar Kathmandu,PM2.5 - Principal,2024-06-09 06:00 AM,2024,06,09,06,56.2,151,Unhealthy,55.0,UG/M3,1 Hr,Valid
Phora Durbar Kathmandu,PM2.5 - Principal,2024-06-09 07:00 AM,2024,06,09,07,63.1,156,Unhealthy,70.0,UG/M3,1 Hr,Valid
Phora Durbar Kathmandu,PM2.5 - Principal,2024-06-09 08:00 AM,2024,06,09,08,70.5,162,Unhealthy,78.0,UG/M3,1 Hr,Valid
Phora Durbar Kathmandu,PM2.5 - Principal,2024-06-09 09:00 AM,2024,06,09,09,72.5,163,Unhealthy,75.0,UG/M3,1 Hr,Valid
Phora Durbar Kathmandu,PM2.5 - Principal,2024-06-09 10:00 AM,2024,06,09,10,68.4,160,Unhealthy,64.0,UG/M3,1 Hr,Valid
Phora Durbar Kathmandu,PM2.5 - Principal,2024-06-09 11:00 AM,2024,06,09,11,51.6,141,Unhealthy for Sensitive Groups,35.0,UG/M3,1 Hr,Valid
Phora Durbar Kathmandu,PM2.5 - Principal,2024-06-09 12:00 PM,2024,06,09,12,43.3,120,Unhealthy for Sensitive Groups,35.0,UG/M3,1 Hr,Valid
Phora Durbar Kathmandu,PM2.5 - Principal,2024-06-09 01:00 PM,2024,06,09,13,40.1,112,Unhealthy for Sensitive Groups,37.0,UG/M3,1 Hr,Valid
Phora Durbar Kathmandu,PM2.5 - Principal,2024-06-09 02:00 PM,2024,06,09,14,38.5,108,Unhealthy for Sensitive Groups,37.0,UG/M3,1 Hr,Valid
Phora Durbar Kathmandu,PM2.5 - Principal,2024-06-09 03:00 PM,2024,06,09,15,38.5,108,Unhealthy for Sensitive Groups,-999.0,UG/M3,1 Hr,Missing
Phora Durbar Kathmandu,PM2.5 - Principal,2024-06-09 04:00 PM,2024,06,09,16,44.8,124,Unhealthy for Sensitive Groups,48.0,UG/M3,1 Hr,Valid
Phora Durbar Kathmandu,PM2.5 - Principal,2024-06-09 05:00 PM,2024,06,09,17,35.7,101,Unhealthy for Sensitive Groups,29.0,UG/M3,1 Hr,Valid
Phora Durbar Kathmandu,PM2.5 - Principal,2024-06-09 06:00 PM,2024,06,09,18,43.9,122,Unhealthy for Sensitive Groups,51.0,UG/M3,1 Hr,Valid
Phora Durbar Kathmandu,PM2.5 - Principal,2024-06-09 07:00 PM,2024,06,09,19,50.6,138,Unhealthy for Sensitive Groups,57.0,UG/M3,1 Hr,Valid
Phora Durbar Kathmandu,PM2.5 - Principal,2024-06-09 08:00 PM,2024,06,09,20,53.3,145,Unhealthy for Sensitive Groups,56.0,UG/M3,1 Hr,Valid
Phora Durbar Kathmandu,PM2.5 - Principal,2024-06-09 09:00 PM,2024,06,09,21,76.8,166,Unhealthy,100.0,UG/M3,1 Hr,Valid
Phora Durbar Kathmandu,PM2.5 - Principal,2024-06-09 10:00 PM,2024,06,09,22,70.4,161,Unhealthy,64.0,UG/M3,1 Hr,Valid
Phora Durbar Kathmandu,PM2.5 - Principal,2024-06-09 11:00 PM,2024,06,09,23,58.1,153,Unhealthy,46.0,UG/M3,1 Hr,Valid
Phora Durbar Kathmandu,PM2.5 - Principal,2024-06-10 12:00 AM,2024,06,10,00,62.0,156,Unhealthy,66.0,UG/M3,1 Hr,Valid
Phora Durbar Kathmandu,PM2.5 - Principal,2024-06-10 01:00 AM,2024,06,10,01,65.5,158,Unhealthy,69.0,UG/M3,1 Hr,Valid
Phora Durbar Kathmandu,PM2.5 - Principal,2024-06-10 02:00 AM,2024,06,10,02,79.7,168,Unhealthy,94.0,UG/M3,1 Hr,Valid
Phora Durbar Kathmandu,PM2.5 - Principal,2024-06-10 03:00 AM,2024,06,10,03,79.3,168,Unhealthy,79.0,UG/M3,1 Hr,Valid
Phora Durbar Kathmandu,PM2.5 - Principal,2024-06-10 04:00 AM,2024,06,10,04,82.7,170,Unhealthy,86.0,UG/M3,1 Hr,Valid
Phora Durbar Kathmandu,PM2.5 - Principal,2024-06-10 05:00 AM,2024,06,10,05,74.8,165,Unhealthy,67.0,UG/M3,1 Hr,Valid
Phora Durbar Kathmandu,PM2.5 - Principal,2024-06-10 06:00 AM,2024,06,10,06,66.9,159,Unhealthy,59.0,UG/M3,1 Hr,Valid
Phora Durbar Kathmandu,PM2.5 - Principal,2024-06-10 07:00 AM,2024,06,10,07,70.4,161,Unhealthy,74.0,UG/M3,1 Hr,Valid
Phora Durbar Kathmandu,PM2.5 - Principal,2024-06-10 08:00 AM,2024,06,10,08,69.7,161,Unhealthy,69.0,UG/M3,1 Hr,Valid
Phora Durbar Kathmandu,PM2.5 - Principal,2024-06-10 09:00 AM,2024,06,10,09,74.8,165,Unhealthy,80.0,UG/M3,1 Hr,Valid
Phora Durbar Kathmandu,PM2.5 - Principal,2024-06-10 10:00 AM,2024,06,10,10,81.9,170,Unhealthy,89.0,UG/M3,1 Hr,Valid
Phora Durbar Kathmandu,PM2.5 - Principal,2024-06-10 11:00 AM,2024,06,10,11,62.4,156,Unhealthy,43.0,UG/M3,1 Hr,Valid
Phora Durbar Kathmandu,PM2.5 - Principal,2024-06-10 12:00 PM,2024,06,10,12,53.7,146,Unhealthy for Sensitive Groups,45.0,UG/M3,1 Hr,Valid
Phora Durbar Kathmandu,PM2.5 - Principal,2024-06-10 01:00 PM,2024,06,10,13,57.8,153,Unhealthy,62.0,UG/M3,1 Hr,Valid
Phora Durbar Kathmandu,PM2.5 - Principal,2024-06-10 02:00 PM,2024,06,10,14,42.4,118,Unhealthy for Sensitive Groups,27.0,UG/M3,1 Hr,Valid
Phora Durbar Kathmandu,PM2.5 - Principal,2024-06-10 03:00 PM,2024,06,10,15,36.7,104,Unhealthy for Sensitive Groups,31.0,UG/M3,1 Hr,Valid
Phora Durbar Kathmandu,PM2.5 - Principal,2024-06-10 04:00 PM,2024,06,10,16,39.3,110,Unhealthy for Sensitive Groups,42.0,UG/M3,1 Hr,Valid
Phora Durbar Kathmandu,PM2.5 - Principal,2024-06-10 05:00 PM,2024,06,10,17,47.6,131,Unhealthy for Sensitive Groups,56.0,UG/M3,1 Hr,Valid
Phora Durbar Kathmandu,PM2.5 - Principal,2024-06-10 06:00 PM,2024,06,10,18,39.3,110,Unhealthy for Sensitive Groups,31.0,UG/M3,1 Hr,Valid
Phora Durbar Kathmandu,PM2.5 - Principal,2024-06-10 07:00 PM,2024,06,10,19,50.1,137,Unhealthy for Sensitive Groups,61.0,UG/M3,1 Hr,Valid
Phora Durbar Kathmandu,PM2.5 - Principal,2024-06-10 08:00 PM,2024,06,10,20,54.0,147,Unhealthy for Sensitive Groups,58.0,UG/M3,1 Hr,Valid
Phora Durbar Kathmandu,PM2.5 - Principal,2024-06-10 09:00 PM,2024,06,10,21,58.5,153,Unhealthy,63.0,UG/M3,1 Hr,Valid
Phora Durbar Kathmandu,PM2.5 - Principal,2024-06-10 10:00 PM,2024,06,10,22,67.2,159,Unhealthy,76.0,UG/M3,1 Hr,Valid
Phora Durbar Kathmandu,PM2.5 - Principal,2024-06-10 11:00 PM,2024,06,10,23,69.6,161,Unhealthy,72.0,UG/M3,1 Hr,Valid
Phora Durbar Kathmandu,PM2.5 - Principal,2024-06-11 12:00 AM,2024,06,11,00,61.8,155,Unhealthy,54.0,UG/M3,1 Hr,Valid
Phora Durbar Kathmandu,PM2.5 - Principal,2024-06-11 01:00 AM,2024,06,11,01,66.9,159,Unhealthy,72.0,UG/M3,1 Hr,Valid
Phora Durbar Kathmandu,PM2.5 - Principal,2024-06-11 02:00 AM,2024,06,11,02,65.4,158,Unhealthy,64.0,UG/M3,1 Hr,Valid
Phora Durbar Kathmandu,PM2.5 - Principal,2024-06-11 03:00 AM,2024,06,11,03,66.7,159,Unhealthy,68.0,UG/M3,1 Hr,Valid
Phora Durbar Kathmandu,PM2.5 - Principal,2024-06-11 04:00 AM,2024,06,11,04,65.3,158,Unhealthy,64.0,UG/M3,1 Hr,Valid
Phora Durbar Kathmandu,PM2.5 - Principal,2024-06-11 05:00 AM,2024,06,11,05,53.6,146,Unhealthy for Sensitive Groups,42.0,UG/M3,1 Hr,Valid
Phora Durbar Kathmandu,PM2.5 - Principal,2024-06-11 06:00 AM,2024,06,11,06,53.6,146,Unhealthy for Sensitive Groups,52.0,UG/M3,1 Hr,Valid
Phora Durbar Kathmandu,PM2.5 - Principal,2024-06-11 07:00 AM,2024,06,11,07,56.0,151,Unhealthy,59.0,UG/M3,1 Hr,Valid
Phora Durbar Kathmandu,PM2.5 - Principal,2024-06-11 08:00 AM,2024,06,11,08,59.1,154,Unhealthy,63.0,UG/M3,1 Hr,Valid
Phora Durbar Kathmandu,PM2.5 - Principal,2024-06-11 09:00 AM,2024,06,11,09,74.7,164,Unhealthy,90.0,UG/M3,1 Hr,Valid
Phora Durbar Kathmandu,PM2.5 - Principal,2024-06-11 10:00 AM,2024,06,11,10,63.3,156,Unhealthy,52.0,UG/M3,1 Hr,Valid
Phora Durbar Kathmandu,PM2.5 - Principal,2024-06-11 11:00 AM,2024,06,11,11,66.1,158,Unhealthy,69.0,UG/M3,1 Hr,Valid
Phora Durbar Kathmandu,PM2.5 - Principal,2024-06-11 12:00 PM,2024,06,11,12,59.5,154,Unhealthy,53.0,UG/M3,1 Hr,Valid
Phora Durbar Kathmandu,PM2.5 - Principal,2024-06-11 01:00 PM,2024,06,11,13,55.7,151,Unhealthy,52.0,UG/M3,1 Hr,Valid
Phora Durbar Kathmandu,PM2.5 - Principal,2024-06-11 02:00 PM,2024,06,11,14,53.8,146,Unhealthy for Sensitive Groups,52.0,UG/M3,1 Hr,Valid
Phora Durbar Kathmandu,PM2.5 - Principal,2024-06-11 03:00 PM,2024,06,11,15,51.4,140,Unhealthy for Sensitive Groups,49.0,UG/M3,1 Hr,Valid
Phora Durbar Kathmandu,PM2.5 - Principal,2024-06-11 04:00 PM,2024,06,11,16,65.2,158,Unhealthy,79.0,UG/M3,1 Hr,Valid
Phora Durbar Kathmandu,PM2.5 - Principal,2024-06-11 05:00 PM,2024,06,11,17,56.2,151,Unhealthy,47.0,UG/M3,1 Hr,Valid
Phora Durbar Kathmandu,PM2.5 - Principal,2024-06-11 06:00 PM,2024,06,11,18,51.8,141,Unhealthy for Sensitive Groups,47.0,UG/M3,1 Hr,Valid
Phora Durbar Kathmandu,PM2.5 - Principal,2024-06-11 07:00 PM,2024,06,11,19,51.8,141,Unhealthy for Sensitive Groups,-999.0,UG/M3,1 Hr,Missing
Phora Durbar Kathmandu,PM2.5 - Principal,2024-06-11 08:00 PM,2024,06,11,20,58.9,153,Unhealthy,63.0,UG/M3,1 Hr,Valid
Phora Durbar Kathmandu,PM2.5 - Principal,2024-06-11 09:00 PM,2024,06,11,21,84.2,171,Unhealthy,103.0,UG/M3,1 Hr,Valid
Phora Durbar Kathmandu,PM2.5 - Principal,2024-06-11 10:00 PM,2024,06,11,22,78.2,167,Unhealthy,73.0,UG/M3,1 Hr,Valid
Phora Durbar Kathmandu,PM2.5 - Principal,2024-06-11 11:00 PM,2024,06,11,23,76.5,166,Unhealthy,75.0,UG/M3,1 Hr,Valid
Phora Durbar Kathmandu,PM2.5 - Principal,2024-06-12 12:00 AM,2024,06,12,00,73.2,163,Unhealthy,70.0,UG/M3,1 Hr,Valid
Phora Durbar Kathmandu,PM2.5 - Principal,2024-06-12 01:00 AM,2024,06,12,01,72.1,163,Unhealthy,71.0,UG/M3,1 Hr,Valid
Phora Durbar Kathmandu,PM2.5 - Principal,2024-06-12 02:00 AM,2024,06,12,02,73.5,164,Unhealthy,75.0,UG/M3,1 Hr,Valid
Phora Durbar Kathmandu,PM2.5 - Principal,2024-06-12 03:00 AM,2024,06,12,03,73.5,164,Unhealthy,-999.0,UG/M3,1 Hr,Missing
Phora Durbar Kathmandu,PM2.5 - Principal,2024-06-12 04:00 AM,2024,06,12,04,52.4,143,Unhealthy for Sensitive Groups,42.0,UG/M3,1 Hr,Valid
Phora Durbar Kathmandu,PM2.5 - Principal,2024-06-12 05:00 AM,2024,06,12,05,61.3,155,Unhealthy,68.0,UG/M3,1 Hr,Valid
Phora Durbar Kathmandu,PM2.5 - Principal,2024-06-12 06:00 AM,2024,06,12,06,107.0,187,Unhealthy,147.0,UG/M3,1 Hr,Valid
Phora Durbar Kathmandu,PM2.5 - Principal,2024-06-12 07:00 AM,2024,06,12,07,85.8,172,Unhealthy,66.0,UG/M3,1 Hr,Valid
Phora Durbar Kathmandu,PM2.5 - Principal,2024-06-12 08:00 AM,2024,06,12,08,78.3,167,Unhealthy,71.0,UG/M3,1 Hr,Valid
Phora Durbar Kathmandu,PM2.5 - Principal,2024-06-12 09:00 AM,2024,06,12,09,83.1,170,Unhealthy,88.0,UG/M3,1 Hr,Valid
Phora Durbar Kathmandu,PM2.5 - Principal,2024-06-12 10:00 AM,2024,06,12,10,63.0,156,Unhealthy,43.0,UG/M3,1 Hr,Valid
Phora Durbar Kathmandu,PM2.5 - Principal,2024-06-12 11:00 AM,2024,06,12,11,58.9,153,Unhealthy,55.0,UG/M3,1 Hr,Valid
Phora Durbar Kathmandu,PM2.5 - Principal,2024-06-12 12:00 PM,2024,06,12,12,65.0,158,Unhealthy,71.0,UG/M3,1 Hr,Valid
Phora Durbar Kathmandu,PM2.5 - Principal,2024-06-12 01:00 PM,2024,06,12,13,65.0,158,Unhealthy,-999.0,UG/M3,1 Hr,Missing
Phora Durbar Kathmandu,PM2.5 - Principal,2024-06-12 03:00 PM,2024,06,12,15,-999.0,-999,N/A,55.0,UG/M3,1 Hr,Valid
Phora Durbar Kathmandu,PM2.5 - Principal,2024-06-12 04:00 PM,2024,06,12,16,51.4,140,Unhealthy for Sensitive Groups,48.0,UG/M3,1 Hr,Valid
Phora Durbar Kathmandu,PM2.5 - Principal,2024-06-12 05:00 PM,2024,06,12,17,52.8,144,Unhealthy for Sensitive Groups,54.0,UG/M3,1 Hr,Valid
Phora Durbar Kathmandu,PM2.5 - Principal,2024-06-12 06:00 PM,2024,06,12,18,53.9,146,Unhealthy for Sensitive Groups,55.0,UG/M3,1 Hr,Valid
Phora Durbar Kathmandu,PM2.5 - Principal,2024-06-12 07:00 PM,2024,06,12,19,57.5,152,Unhealthy,61.0,UG/M3,1 Hr,Valid
Phora Durbar Kathmandu,PM2.5 - Principal,2024-06-12 08:00 PM,2024,06,12,20,58.2,153,Unhealthy,59.0,UG/M3,1 Hr,Valid
Phora Durbar Kathmandu,PM2.5 - Principal,2024-06-12 09:00 PM,2024,06,12,21,58.6,153,Unhealthy,60.0,UG/M3,1 Hr,Valid
Phora Durbar Kathmandu,PM2.5 - Principal,2024-06-12 10:00 PM,2024,06,12,22,61.8,155,Unhealthy,69.0,UG/M3,1 Hr,Valid
Phora Durbar Kathmandu,PM2.5 - Principal,2024-06-12 11:00 PM,2024,06,12,23,58.9,153,Unhealthy,53.0,UG/M3,1 Hr,Valid
Phora Durbar Kathmandu,PM2.5 - Principal,2024-06-13 12:00 AM,2024,06,13,00,62.0,156,Unhealthy,69.0,UG/M3,1 Hr,Valid
Phora Durbar Kathmandu,PM2.5 - Principal,2024-06-13 01:00 AM,2024,06,13,01,57.6,152,Unhealthy,48.0,UG/M3,1 Hr,Valid
Phora Durbar Kathmandu,PM2.5 - Principal,2024-06-13 02:00 AM,2024,06,13,02,60.5,155,Unhealthy,67.0,UG/M3,1 Hr,Valid
Phora Durbar Kathmandu,PM2.5 - Principal,2024-06-13 03:00 AM,2024,06,13,03,62.2,156,Unhealthy,66.0,UG/M3,1 Hr,Valid
Phora Durbar Kathmandu,PM2.5 - Principal,2024-06-13 04:00 AM,2024,06,13,04,63.4,157,Unhealthy,66.0,UG/M3,1 Hr,Valid
Phora Durbar Kathmandu,PM2.5 - Principal,2024-06-13 05:00 AM,2024,06,13,05,54.8,149,Unhealthy for Sensitive Groups,41.0,UG/M3,1 Hr,Valid
Phora Durbar Kathmandu,PM2.5 - Principal,2024-06-13 06:00 AM,2024,06,13,06,64.5,157,Unhealthy,77.0,UG/M3,1 Hr,Valid
Phora Durbar Kathmandu,PM2.5 - Principal,2024-06-13 07:00 AM,2024,06,13,07,95.4,179,Unhealthy,126.0,UG/M3,1 Hr,Valid
Phora Durbar Kathmandu,PM2.5 - Principal,2024-06-13 08:00 AM,2024,06,13,08,82.7,170,Unhealthy,70.0,UG/M3,1 Hr,Valid
Phora Durbar Kathmandu,PM2.5 - Principal,2024-06-13 09:00 AM,2024,06,13,09,68.3,160,Unhealthy,54.0,UG/M3,1 Hr,Valid
Phora Durbar Kathmandu,PM2.5 - Principal,2024-06-13 10:00 AM,2024,06,13,10,65.6,158,Unhealthy,63.0,UG/M3,1 Hr,Valid
Phora Durbar Kathmandu,PM2.5 - Principal,2024-06-13 11:00 AM,2024,06,13,11,65.6,158,Unhealthy,-999.0,UG/M3,1 Hr,Missing
Phora Durbar Kathmandu,PM2.5 - Principal,2024-06-13 01:00 PM,2024,06,13,13,-999.0,-999,N/A,48.0,UG/M3,1 Hr,Valid
Phora Durbar Kathmandu,PM2.5 - Principal,2024-06-13 02:00 PM,2024,06,13,14,36.4,103,Unhealthy for Sensitive Groups,27.0,UG/M3,1 Hr,Valid
Phora Durbar Kathmandu,PM2.5 - Principal,2024-06-13 03:00 PM,2024,06,13,15,50.5,138,Unhealthy for Sensitive Groups,62.0,UG/M3,1 Hr,Valid
Phora Durbar Kathmandu,PM2.5 - Principal,2024-06-13 04:00 PM,2024,06,13,16,71.2,162,Unhealthy,90.0,UG/M3,1 Hr,Valid
Phora Durbar Kathmandu,PM2.5 - Principal,2024-06-13 05:00 PM,2024,06,13,17,68.0,160,Unhealthy,65.0,UG/M3,1 Hr,Valid
Phora Durbar Kathmandu,PM2.5 - Principal,2024-06-13 06:00 PM,2024,06,13,18,62.9,156,Unhealthy,58.0,UG/M3,1 Hr,Valid
Phora Durbar Kathmandu,PM2.5 - Principal,2024-06-13 07:00 PM,2024,06,13,19,55.4,150,Unhealthy for Sensitive Groups,48.0,UG/M3,1 Hr,Valid
Phora Durbar Kathmandu,PM2.5 - Principal,2024-06-13 08:00 PM,2024,06,13,20,74.7,164,Unhealthy,94.0,UG/M3,1 Hr,Valid
Phora Durbar Kathmandu,PM2.5 - Principal,2024-06-13 09:00 PM,2024,06,13,21,66.8,159,Unhealthy,59.0,UG/M3,1 Hr,Valid
Phora Durbar Kathmandu,PM2.5 - Principal,2024-06-13 10:00 PM,2024,06,13,22,73.4,164,Unhealthy,80.0,UG/M3,1 Hr,Valid
Phora Durbar Kathmandu,PM2.5 - Principal,2024-06-13 11:00 PM,2024,06,13,23,72.7,163,Unhealthy,72.0,UG/M3,1 Hr,Valid
Phora Durbar Kathmandu,PM2.5 - Principal,2024-06-14 12:00 AM,2024,06,14,00,73.3,163,Unhealthy,74.0,UG/M3,1 Hr,Valid
Phora Durbar Kathmandu,PM2.5 - Principal,2024-06-14 01:00 AM,2024,06,14,01,40.6,114,Unhealthy for Sensitive Groups,8.0,UG/M3,1 Hr,Valid
Phora Durbar Kathmandu,PM2.5 - Principal,2024-06-14 02:00 AM,2024,06,14,02,59.8,154,Unhealthy,79.0,UG/M3,1 Hr,Valid
Phora Durbar Kathmandu,PM2.5 - Principal,2024-06-14 03:00 AM,2024,06,14,03,73.4,164,Unhealthy,87.0,UG/M3,1 Hr,Valid
Phora Durbar Kathmandu,PM2.5 - Principal,2024-06-14 04:00 AM,2024,06,14,04,74.2,164,Unhealthy,75.0,UG/M3,1 Hr,Valid
Phora Durbar Kathmandu,PM2.5 - Principal,2024-06-14 05:00 AM,2024,06,14,05,59.6,154,Unhealthy,45.0,UG/M3,1 Hr,Valid
Phora Durbar Kathmandu,PM2.5 - Principal,2024-06-14 06:00 AM,2024,06,14,06,59.3,154,Unhealthy,59.0,UG/M3,1 Hr,Valid
Phora Durbar Kathmandu,PM2.5 - Principal,2024-06-14 07:00 AM,2024,06,14,07,75.1,165,Unhealthy,91.0,UG/M3,1 Hr,Valid
Phora Durbar Kathmandu,PM2.5 - Principal,2024-06-14 08:00 AM,2024,06,14,08,75.0,165,Unhealthy,75.0,UG/M3,1 Hr,Valid
Phora Durbar Kathmandu,PM2.5 - Principal,2024-06-14 09:00 AM,2024,06,14,09,95.0,179,Unhealthy,115.0,UG/M3,1 Hr,Valid
Phora Durbar Kathmandu,PM2.5 - Principal,2024-06-14 10:00 AM,2024,06,14,10,81.0,169,Unhealthy,67.0,UG/M3,1 Hr,Valid
Phora Durbar Kathmandu,PM2.5 - Principal,2024-06-14 11:00 AM,2024,06,14,11,76.5,166,Unhealthy,72.0,UG/M3,1 Hr,Valid
Phora Durbar Kathmandu,PM2.5 - Principal,2024-06-14 12:00 PM,2024,06,14,12,59.7,154,Unhealthy,43.0,UG/M3,1 Hr,Valid
Phora Durbar Kathmandu,PM2.5 - Principal,2024-06-14 01:00 PM,2024,06,14,13,56.3,152,Unhealthy,53.0,UG/M3,1 Hr,Valid
Phora Durbar Kathmandu,PM2.5 - Principal,2024-06-14 02:00 PM,2024,06,14,14,58.1,153,Unhealthy,60.0,UG/M3,1 Hr,Valid
Phora Durbar Kathmandu,PM2.5 - Principal,2024-06-14 03:00 PM,2024,06,14,15,81.0,169,Unhealthy,104.0,UG/M3,1 Hr,Valid
Phora Durbar Kathmandu,PM2.5 - Principal,2024-06-14 04:00 PM,2024,06,14,16,71.5,162,Unhealthy,62.0,UG/M3,1 Hr,Valid
Phora Durbar Kathmandu,PM2.5 - Principal,2024-06-14 05:00 PM,2024,06,14,17,71.2,162,Unhealthy,71.0,UG/M3,1 Hr,Valid
Phora Durbar Kathmandu,PM2.5 - Principal,2024-06-14 06:00 PM,2024,06,14,18,74.6,164,Unhealthy,78.0,UG/M3,1 Hr,Valid
Phora Durbar Kathmandu,PM2.5 - Principal,2024-06-14 07:00 PM,2024,06,14,19,81.8,169,Unhealthy,89.0,UG/M3,1 Hr,Valid
Phora Durbar Kathmandu,PM2.5 - Principal,2024-06-14 08:00 PM,2024,06,14,20,69.9,161,Unhealthy,58.0,UG/M3,1 Hr,Valid
Phora Durbar Kathmandu,PM2.5 - Principal,2024-06-14 09:00 PM,2024,06,14,21,66.4,159,Unhealthy,63.0,UG/M3,1 Hr,Valid
Phora Durbar Kathmandu,PM2.5 - Principal,2024-06-14 10:00 PM,2024,06,14,22,61.7,155,Unhealthy,57.0,UG/M3,1 Hr,Valid
Phora Durbar Kathmandu,PM2.5 - Principal,2024-06-14 11:00 PM,2024,06,14,23,72.8,163,Unhealthy,84.0,UG/M3,1 Hr,Valid
Phora Durbar Kathmandu,PM2.5 - Principal,2024-06-15 12:00 AM,2024,06,15,00,65.5,158,Unhealthy,58.0,UG/M3,1 Hr,Valid
Phora Durbar Kathmandu,PM2.5 - Principal,2024-06-15 01:00 AM,2024,06,15,01,63.1,156,Unhealthy,60.0,UG/M3,1 Hr,Valid
Phora Durbar Kathmandu,PM2.5 - Principal,2024-06-15 02:00 AM,2024,06,15,02,97.3,180,Unhealthy,132.0,UG/M3,1 Hr,Valid
Phora Durbar Kathmandu,PM2.5 - Principal,2024-06-15 03:00 AM,2024,06,15,03,84.6,171,Unhealthy,72.0,UG/M3,1 Hr,Valid
Phora Durbar Kathmandu,PM2.5 - Principal,2024-06-15 04:00 AM,2024,06,15,04,50.8,139,Unhealthy for Sensitive Groups,17.0,UG/M3,1 Hr,Valid
Phora Durbar Kathmandu,PM2.5 - Principal,2024-06-15 05:00 AM,2024,06,15,05,60.4,154,Unhealthy,70.0,UG/M3,1 Hr,Valid
Phora Durbar Kathmandu,PM2.5 - Principal,2024-06-15 06:00 AM,2024,06,15,06,72.2,163,Unhealthy,84.0,UG/M3,1 Hr,Valid
Phora Durbar Kathmandu,PM2.5 - Principal,2024-06-15 07:00 AM,2024,06,15,07,69.1,161,Unhealthy,66.0,UG/M3,1 Hr,Valid
Phora Durbar Kathmandu,PM2.5 - Principal,2024-06-15 08:00 AM,2024,06,15,08,82.5,170,Unhealthy,96.0,UG/M3,1 Hr,Valid
Phora Durbar Kathmandu,PM2.5 - Principal,2024-06-15 09:00 AM,2024,06,15,09,76.2,166,Unhealthy,70.0,UG/M3,1 Hr,Valid
Phora Durbar Kathmandu,PM2.5 - Principal,2024-06-15 10:00 AM,2024,06,15,10,64.6,157,Unhealthy,53.0,UG/M3,1 Hr,Valid
Phora Durbar Kathmandu,PM2.5 - Principal,2024-06-15 11:00 AM,2024,06,15,11,70.8,162,Unhealthy,77.0,UG/M3,1 Hr,Valid
Phora Durbar Kathmandu,PM2.5 - Principal,2024-06-15 12:00 PM,2024,06,15,12,65.9,158,Unhealthy,61.0,UG/M3,1 Hr,Valid
Phora Durbar Kathmandu,PM2.5 - Principal,2024-06-15 01:00 PM,2024,06,15,13,69.9,161,Unhealthy,74.0,UG/M3,1 Hr,Valid
Phora Durbar Kathmandu,PM2.5 - Principal,2024-06-15 02:00 PM,2024,06,15,14,69.9,161,Unhealthy,-9.0,UG/M3,1 Hr,Invalid
Phora Durbar Kathmandu,PM2.5 - Principal,2024-06-15 03:00 PM,2024,06,15,15,74.6,164,Unhealthy,77.0,UG/M3,1 Hr,Valid
Phora Durbar Kathmandu,PM2.5 - Principal,2024-06-15 04:00 PM,2024,06,15,16,61.7,155,Unhealthy,51.0,UG/M3,1 Hr,Valid
Phora Durbar Kathmandu,PM2.5 - Principal,2024-06-15 05:00 PM,2024,06,15,17,62.8,156,Unhealthy,64.0,UG/M3,1 Hr,Valid
Phora Durbar Kathmandu,PM2.5 - Principal,2024-06-15 06:00 PM,2024,06,15,18,72.6,163,Unhealthy,83.0,UG/M3,1 Hr,Valid
Phora Durbar Kathmandu,PM2.5 - Principal,2024-06-15 07:00 PM,2024,06,15,19,58.3,153,Unhealthy,44.0,UG/M3,1 Hr,Valid
Phora Durbar Kathmandu,PM2.5 - Principal,2024-06-15 08:00 PM,2024,06,15,20,51.8,141,Unhealthy for Sensitive Groups,44.0,UG/M3,1 Hr,Valid
Phora Durbar Kathmandu,PM2.5 - Principal,2024-06-15 09:00 PM,2024,06,15,21,61.8,155,Unhealthy,73.0,UG/M3,1 Hr,Valid
Phora Durbar Kathmandu,PM2.5 - Principal,2024-06-15 10:00 PM,2024,06,15,22,57.6,152,Unhealthy,53.0,UG/M3,1 Hr,Valid
Phora Durbar Kathmandu,PM2.5 - Principal,2024-06-15 11:00 PM,2024,06,15,23,68.1,160,Unhealthy,80.0,UG/M3,1 Hr,Valid
Phora Durbar Kathmandu,PM2.5 - Principal,2024-06-16 12:00 AM,2024,06,16,00,75.1,165,Unhealthy,83.0,UG/M3,1 Hr,Valid
Phora Durbar Kathmandu,PM2.5 - Principal,2024-06-16 01:00 AM,2024,06,16,01,74.1,164,Unhealthy,73.0,UG/M3,1 Hr,Valid
Phora Durbar Kathmandu,PM2.5 - Principal,2024-06-16 02:00 AM,2024,06,16,02,86.2,173,Unhealthy,98.0,UG/M3,1 Hr,Valid
Phora Durbar Kathmandu,PM2.5 - Principal,2024-06-16 03:00 AM,2024,06,16,03,86.2,173,Unhealthy,-999.0,UG/M3,1 Hr,Missing
Phora Durbar Kathmandu,PM2.5 - Principal,2024-06-16 05:00 AM,2024,06,16,05,-999.0,-999,N/A,21.0,UG/M3,1 Hr,Valid
Phora Durbar Kathmandu,PM2.5 - Principal,2024-06-16 06:00 AM,2024,06,16,06,36.4,103,Unhealthy for Sensitive Groups,38.0,UG/M3,1 Hr,Valid
Phora Durbar Kathmandu,PM2.5 - Principal,2024-06-16 07:00 AM,2024,06,16,07,15.7,63,Moderate,-1.0,UG/M3,1 Hr,Valid
Phora Durbar Kathmandu,PM2.5 - Principal,2024-06-16 08:00 AM,2024,06,16,08,31.1,92,Moderate,45.0,UG/M3,1 Hr,Valid
Phora Durbar Kathmandu,PM2.5 - Principal,2024-06-16 09:00 AM,2024,06,16,09,45.9,127,Unhealthy for Sensitive Groups,60.0,UG/M3,1 Hr,Valid
Phora Durbar Kathmandu,PM2.5 - Principal,2024-06-16 10:00 AM,2024,06,16,10,57.5,152,Unhealthy,69.0,UG/M3,1 Hr,Valid
Phora Durbar Kathmandu,PM2.5 - Principal,2024-06-16 11:00 AM,2024,06,16,11,45.7,126,Unhealthy for Sensitive Groups,34.0,UG/M3,1 Hr,Valid
Phora Durbar Kathmandu,PM2.5 - Principal,2024-06-16 12:00 PM,2024,06,16,12,39.8,112,Unhealthy for Sensitive Groups,34.0,UG/M3,1 Hr,Valid
Phora Durbar Kathmandu,PM2.5 - Principal,2024-06-16 01:00 PM,2024,06,16,13,39.9,112,Unhealthy for Sensitive Groups,40.0,UG/M3,1 Hr,Valid
Phora Durbar Kathmandu,PM2.5 - Principal,2024-06-16 02:00 PM,2024,06,16,14,39.9,112,Unhealthy for Sensitive Groups,40.0,UG/M3,1 Hr,Valid
Phora Durbar Kathmandu,PM2.5 - Principal,2024-06-16 03:00 PM,2024,06,16,15,39.9,112,Unhealthy for Sensitive Groups,-999.0,UG/M3,1 Hr,Missing
Phora Durbar Kathmandu,PM2.5 - Principal,2024-06-16 04:00 PM,2024,06,16,16,78.6,167,Unhealthy,98.0,UG/M3,1 Hr,Valid
Phora Durbar Kathmandu,PM2.5 - Principal,2024-06-16 05:00 PM,2024,06,16,17,42.8,119,Unhealthy for Sensitive Groups,16.0,UG/M3,1 Hr,Valid
Phora Durbar Kathmandu,PM2.5 - Principal,2024-06-16 06:00 PM,2024,06,16,18,56.8,152,Unhealthy,69.0,UG/M3,1 Hr,Valid
Phora Durbar Kathmandu,PM2.5 - Principal,2024-06-16 07:00 PM,2024,06,16,19,61.5,155,Unhealthy,66.0,UG/M3,1 Hr,Valid
Phora Durbar Kathmandu,PM2.5 - Principal,2024-06-16 08:00 PM,2024,06,16,20,29.7,89,Moderate,-1.0,UG/M3,1 Hr,Valid
Phora Durbar Kathmandu,PM2.5 - Principal,2024-06-16 09:00 PM,2024,06,16,21,41.4,116,Unhealthy for Sensitive Groups,53.0,UG/M3,1 Hr,Valid
Phora Durbar Kathmandu,PM2.5 - Principal,2024-06-16 10:00 PM,2024,06,16,22,57.3,152,Unhealthy,73.0,UG/M3,1 Hr,Valid
Phora Durbar Kathmandu,PM2.5 - Principal,2024-06-16 11:00 PM,2024,06,16,23,56.6,152,Unhealthy,56.0,UG/M3,1 Hr,Valid
Phora Durbar Kathmandu,PM2.5 - Principal,2024-06-17 12:00 AM,2024,06,17,00,75.8,165,Unhealthy,95.0,UG/M3,1 Hr,Valid
Phora Durbar Kathmandu,PM2.5 - Principal,2024-06-17 01:00 AM,2024,06,17,01,72.4,163,Unhealthy,69.0,UG/M3,1 Hr,Valid
Phora Durbar Kathmandu,PM2.5 - Principal,2024-06-17 02:00 AM,2024,06,17,02,52.7,143,Unhealthy for Sensitive Groups,33.0,UG/M3,1 Hr,Valid
Phora Durbar Kathmandu,PM2.5 - Principal,2024-06-17 03:00 AM,2024,06,17,03,45.8,126,Unhealthy for Sensitive Groups,39.0,UG/M3,1 Hr,Valid
Phora Durbar Kathmandu,PM2.5 - Principal,2024-06-17 04:00 AM,2024,06,17,04,37.4,106,Unhealthy for Sensitive Groups,29.0,UG/M3,1 Hr,Valid
Phora Durbar Kathmandu,PM2.5 - Principal,2024-06-17 05:00 AM,2024,06,17,05,16.7,65,Moderate,-4.0,UG/M3,1 Hr,Valid
Phora Durbar Kathmandu,PM2.5 - Principal,2024-06-17 06:00 AM,2024,06,17,06,6.3,35,Good,-4.0,UG/M3,1 Hr,Valid
Phora Durbar Kathmandu,PM2.5 - Principal,2024-06-17 07:00 AM,2024,06,17,07,6.3,35,Good,-999.0,UG/M3,1 Hr,Missing
Phora Durbar Kathmandu,PM2.5 - Principal,2024-06-17 08:00 AM,2024,06,17,08,26.7,84,Moderate,37.0,UG/M3,1 Hr,Valid
Phora Durbar Kathmandu,PM2.5 - Principal,2024-06-17 09:00 AM,2024,06,17,09,36.6,104,Unhealthy for Sensitive Groups,44.0,UG/M3,1 Hr,Valid
Phora Durbar Kathmandu,PM2.5 - Principal,2024-06-17 10:00 AM,2024,06,17,10,36.2,103,Unhealthy for Sensitive Groups,36.0,UG/M3,1 Hr,Valid
Phora Durbar Kathmandu,PM2.5 - Principal,2024-06-17 11:00 AM,2024,06,17,11,47.4,130,Unhealthy for Sensitive Groups,58.0,UG/M3,1 Hr,Valid
Phora Durbar Kathmandu,PM2.5 - Principal,2024-06-17 12:00 PM,2024,06,17,12,41.6,116,Unhealthy for Sensitive Groups,36.0,UG/M3,1 Hr,Valid
Phora Durbar Kathmandu,PM2.5 - Principal,2024-06-17 01:00 PM,2024,06,17,13,54.4,148,Unhealthy for Sensitive Groups,67.0,UG/M3,1 Hr,Valid
Phora Durbar Kathmandu,PM2.5 - Principal,2024-06-17 02:00 PM,2024,06,17,14,54.2,147,Unhealthy for Sensitive Groups,54.0,UG/M3,1 Hr,Valid
Phora Durbar Kathmandu,PM2.5 - Principal,2024-06-17 03:00 PM,2024,06,17,15,50.6,138,Unhealthy for Sensitive Groups,47.0,UG/M3,1 Hr,Valid
Phora Durbar Kathmandu,PM2.5 - Principal,2024-06-17 04:00 PM,2024,06,17,16,47.7,131,Unhealthy for Sensitive Groups,45.0,UG/M3,1 Hr,Valid
Phora Durbar Kathmandu,PM2.5 - Principal,2024-06-17 05:00 PM,2024,06,17,17,58.9,153,Unhealthy,70.0,UG/M3,1 Hr,Valid
Phora Durbar Kathmandu,PM2.5 - Principal,2024-06-17 06:00 PM,2024,06,17,18,63.6,157,Unhealthy,69.0,UG/M3,1 Hr,Valid
Phora Durbar Kathmandu,PM2.5 - Principal,2024-06-17 07:00 PM,2024,06,17,19,69.4,161,Unhealthy,75.0,UG/M3,1 Hr,Valid
Phora Durbar Kathmandu,PM2.5 - Principal,2024-06-17 08:00 PM,2024,06,17,20,71.7,162,Unhealthy,74.0,UG/M3,1 Hr,Valid
Phora Durbar Kathmandu,PM2.5 - Principal,2024-06-17 09:00 PM,2024,06,17,21,58.3,153,Unhealthy,45.0,UG/M3,1 Hr,Valid
Phora Durbar Kathmandu,PM2.5 - Principal,2024-06-17 10:00 PM,2024,06,17,22,63.6,157,Unhealthy,69.0,UG/M3,1 Hr,Valid
Phora Durbar Kathmandu,PM2.5 - Principal,2024-06-17 11:00 PM,2024,06,17,23,77.8,167,Unhealthy,92.0,UG/M3,1 Hr,Valid
Phora Durbar Kathmandu,PM2.5 - Principal,2024-06-18 12:00 AM,2024,06,18,00,72.4,163,Unhealthy,67.0,UG/M3,1 Hr,Valid
Phora Durbar Kathmandu,PM2.5 - Principal,2024-06-18 01:00 AM,2024,06,18,01,74.7,164,Unhealthy,77.0,UG/M3,1 Hr,Valid
Phora Durbar Kathmandu,PM2.5 - Principal,2024-06-18 02:00 AM,2024,06,18,02,39.8,112,Unhealthy for Sensitive Groups,5.0,UG/M3,1 Hr,Valid
Phora Durbar Kathmandu,PM2.5 - Principal,2024-06-18 03:00 AM,2024,06,18,03,33.9,97,Moderate,28.0,UG/M3,1 Hr,Valid
Phora Durbar Kathmandu,PM2.5 - Principal,2024-06-18 04:00 AM,2024,06,18,04,34.9,99,Moderate,36.0,UG/M3,1 Hr,Valid
Phora Durbar Kathmandu,PM2.5 - Principal,2024-06-18 05:00 AM,2024,06,18,05,35.4,100,Moderate,36.0,UG/M3,1 Hr,Valid
Phora Durbar Kathmandu,PM2.5 - Principal,2024-06-18 06:00 AM,2024,06,18,06,44.2,122,Unhealthy for Sensitive Groups,53.0,UG/M3,1 Hr,Valid
Phora Durbar Kathmandu,PM2.5 - Principal,2024-06-18 07:00 AM,2024,06,18,07,46.1,127,Unhealthy for Sensitive Groups,48.0,UG/M3,1 Hr,Valid
Phora Durbar Kathmandu,PM2.5 - Principal,2024-06-18 08:00 AM,2024,06,18,08,78.0,167,Unhealthy,110.0,UG/M3,1 Hr,Valid
Phora Durbar Kathmandu,PM2.5 - Principal,2024-06-18 09:00 AM,2024,06,18,09,61.0,155,Unhealthy,44.0,UG/M3,1 Hr,Valid
Phora Durbar Kathmandu,PM2.5 - Principal,2024-06-18 10:00 AM,2024,06,18,10,56.5,152,Unhealthy,52.0,UG/M3,1 Hr,Valid
Phora Durbar Kathmandu,PM2.5 - Principal,2024-06-18 11:00 AM,2024,06,18,11,46.2,127,Unhealthy for Sensitive Groups,36.0,UG/M3,1 Hr,Valid
Phora Durbar Kathmandu,PM2.5 - Principal,2024-06-18 12:00 PM,2024,06,18,12,62.1,156,Unhealthy,78.0,UG/M3,1 Hr,Valid
Phora Durbar Kathmandu,PM2.5 - Principal,2024-06-18 01:00 PM,2024,06,18,13,60.5,155,Unhealthy,59.0,UG/M3,1 Hr,Valid
Phora Durbar Kathmandu,PM2.5 - Principal,2024-06-18 02:00 PM,2024,06,18,14,59.7,154,Unhealthy,59.0,UG/M3,1 Hr,Valid
Phora Durbar Kathmandu,PM2.5 - Principal,2024-06-18 03:00 PM,2024,06,18,15,59.7,154,Unhealthy,-999.0,UG/M3,1 Hr,Missing
Phora Durbar Kathmandu,PM2.5 - Principal,2024-06-18 05:00 PM,2024,06,18,17,-999.0,-999,N/A,49.0,UG/M3,1 Hr,Valid
Phora Durbar Kathmandu,PM2.5 - Principal,2024-06-18 06:00 PM,2024,06,18,18,89.2,175,Unhealthy,113.0,UG/M3,1 Hr,Valid
Phora Durbar Kathmandu,PM2.5 - Principal,2024-06-18 07:00 PM,2024,06,18,19,72.5,163,Unhealthy,59.0,UG/M3,1 Hr,Valid
Phora Durbar Kathmandu,PM2.5 - Principal,2024-06-18 08:00 PM,2024,06,18,20,72.5,163,Unhealthy,-7.0,UG/M3,1 Hr,Invalid
Phora Durbar Kathmandu,PM2.5 - Principal,2024-06-18 09:00 PM,2024,06,18,21,57.7,153,Unhealthy,51.0,UG/M3,1 Hr,Valid
Phora Durbar Kathmandu,PM2.5 - Principal,2024-06-18 10:00 PM,2024,06,18,22,71.7,162,Unhealthy,82.0,UG/M3,1 Hr,Valid
Phora Durbar Kathmandu,PM2.5 - Principal,2024-06-18 11:00 PM,2024,06,18,23,74.0,164,Unhealthy,76.0,UG/M3,1 Hr,Valid
Phora Durbar Kathmandu,PM2.5 - Principal,2024-06-19 12:00 AM,2024,06,19,00,72.4,163,Unhealthy,71.0,UG/M3,1 Hr,Valid
Phora Durbar Kathmandu,PM2.5 - Principal,2024-06-19 01:00 AM,2024,06,19,01,72.4,163,Unhealthy,-999.0,UG/M3,1 Hr,Missing
Phora Durbar Kathmandu,PM2.5 - Principal,2024-06-19 05:00 AM,2024,06,19,05,-999.0,-999,N/A,29.0,UG/M3,1 Hr,Valid
Phora Durbar Kathmandu,PM2.5 - Principal,2024-06-19 06:00 AM,2024,06,19,06,40.9,114,Unhealthy for Sensitive Groups,46.0,UG/M3,1 Hr,Valid
Phora Durbar Kathmandu,PM2.5 - Principal,2024-06-19 07:00 AM,2024,06,19,07,47.7,131,Unhealthy for Sensitive Groups,53.0,UG/M3,1 Hr,Valid
Phora Durbar Kathmandu,PM2.5 - Principal,2024-06-19 08:00 AM,2024,06,19,08,53.7,146,Unhealthy for Sensitive Groups,59.0,UG/M3,1 Hr,Valid
Phora Durbar Kathmandu,PM2.5 - Principal,2024-06-19 09:00 AM,2024,06,19,09,48.2,132,Unhealthy for Sensitive Groups,43.0,UG/M3,1 Hr,Valid
Phora Durbar Kathmandu,PM2.5 - Principal,2024-06-19 10:00 AM,2024,06,19,10,42.0,117,Unhealthy for Sensitive Groups,36.0,UG/M3,1 Hr,Valid
Phora Durbar Kathmandu,PM2.5 - Principal,2024-06-19 11:00 AM,2024,06,19,11,39.4,111,Unhealthy for Sensitive Groups,37.0,UG/M3,1 Hr,Valid
Phora Durbar Kathmandu,PM2.5 - Principal,2024-06-19 12:00 PM,2024,06,19,12,49.2,135,Unhealthy for Sensitive Groups,59.0,UG/M3,1 Hr,Valid
Phora Durbar Kathmandu,PM2.5 - Principal,2024-06-19 01:00 PM,2024,06,19,13,40.6,114,Unhealthy for Sensitive Groups,32.0,UG/M3,1 Hr,Valid
Phora Durbar Kathmandu,PM2.5 - Principal,2024-06-19 02:00 PM,2024,06,19,14,71.3,162,Unhealthy,102.0,UG/M3,1 Hr,Valid
Phora Durbar Kathmandu,PM2.5 - Principal,2024-06-19 03:00 PM,2024,06,19,15,66.1,158,Unhealthy,61.0,UG/M3,1 Hr,Valid
Phora Durbar Kathmandu,PM2.5 - Principal,2024-06-19 04:00 PM,2024,06,19,16,48.0,132,Unhealthy for Sensitive Groups,30.0,UG/M3,1 Hr,Valid
Phora Durbar Kathmandu,PM2.5 - Principal,2024-06-19 05:00 PM,2024,06,19,17,48.5,133,Unhealthy for Sensitive Groups,49.0,UG/M3,1 Hr,Valid
Phora Durbar Kathmandu,PM2.5 - Principal,2024-06-19 06:00 PM,2024,06,19,18,46.2,127,Unhealthy for Sensitive Groups,44.0,UG/M3,1 Hr,Valid
Phora Durbar Kathmandu,PM2.5 - Principal,2024-06-19 07:00 PM,2024,06,19,19,52.6,143,Unhealthy for Sensitive Groups,59.0,UG/M3,1 Hr,Valid
Phora Durbar Kathmandu,PM2.5 - Principal,2024-06-19 08:00 PM,2024,06,19,20,57.3,152,Unhealthy,62.0,UG/M3,1 Hr,Valid
Phora Durbar Kathmandu,PM2.5 - Principal,2024-06-19 09:00 PM,2024,06,19,21,61.6,155,Unhealthy,66.0,UG/M3,1 Hr,Valid
Phora Durbar Kathmandu,PM2.5 - Principal,2024-06-19 10:00 PM,2024,06,19,22,47.8,131,Unhealthy for Sensitive Groups,34.0,UG/M3,1 Hr,Valid
Phora Durbar Kathmandu,PM2.5 - Principal,2024-06-19 11:00 PM,2024,06,19,23,34.4,98,Moderate,21.0,UG/M3,1 Hr,Valid
Phora Durbar Kathmandu,PM2.5 - Principal,2024-06-20 12:00 AM,2024,06,20,00,25.2,81,Moderate,16.0,UG/M3,1 Hr,Valid
Phora Durbar Kathmandu,PM2.5 - Principal,2024-06-20 01:00 AM,2024,06,20,01,29.1,88,Moderate,33.0,UG/M3,1 Hr,Valid
Phora Durbar Kathmandu,PM2.5 - Principal,2024-06-20 02:00 AM,2024,06,20,02,23.5,78,Moderate,18.0,UG/M3,1 Hr,Valid
Phora Durbar Kathmandu,PM2.5 - Principal,2024-06-20 03:00 AM,2024,06,20,03,24.2,79,Moderate,25.0,UG/M3,1 Hr,Valid
Phora Durbar Kathmandu,PM2.5 - Principal,2024-06-20 04:00 AM,2024,06,20,04,17.1,66,Moderate,10.0,UG/M3,1 Hr,Valid
Phora Durbar Kathmandu,PM2.5 - Principal,2024-06-20 05:00 AM,2024,06,20,05,11.0,55,Moderate,5.0,UG/M3,1 Hr,Valid
Phora Durbar Kathmandu,PM2.5 - Principal,2024-06-20 06:00 AM,2024,06,20,06,21.5,74,Moderate,32.0,UG/M3,1 Hr,Valid
Phora Durbar Kathmandu,PM2.5 - Principal,2024-06-20 07:00 AM,2024,06,20,07,40.2,113,Unhealthy for Sensitive Groups,59.0,UG/M3,1 Hr,Valid
Phora Durbar Kathmandu,PM2.5 - Principal,2024-06-20 08:00 AM,2024,06,20,08,39.1,110,Unhealthy for Sensitive Groups,38.0,UG/M3,1 Hr,Valid
Phora Durbar Kathmandu,PM2.5 - Principal,2024-06-20 09:00 AM,2024,06,20,09,36.0,102,Unhealthy for Sensitive Groups,33.0,UG/M3,1 Hr,Valid
Phora Durbar Kathmandu,PM2.5 - Principal,2024-06-20 10:00 AM,2024,06,20,10,38.0,107,Unhealthy for Sensitive Groups,40.0,UG/M3,1 Hr,Valid
Phora Durbar Kathmandu,PM2.5 - Principal,2024-06-20 11:00 AM,2024,06,20,11,48.5,133,Unhealthy for Sensitive Groups,59.0,UG/M3,1 Hr,Valid
Phora Durbar Kathmandu,PM2.5 - Principal,2024-06-20 12:00 PM,2024,06,20,12,53.7,146,Unhealthy for Sensitive Groups,59.0,UG/M3,1 Hr,Valid
Phora Durbar Kathmandu,PM2.5 - Principal,2024-06-20 01:00 PM,2024,06,20,13,53.7,146,Unhealthy for Sensitive Groups,-999.0,UG/M3,1 Hr,Missing
Phora Durbar Kathmandu,PM2.5 - Principal,2024-06-20 02:00 PM,2024,06,20,14,53.2,145,Unhealthy for Sensitive Groups,53.0,UG/M3,1 Hr,Valid
Phora Durbar Kathmandu,PM2.5 - Principal,2024-06-20 03:00 PM,2024,06,20,15,26.2,83,Moderate,6.0,UG/M3,1 Hr,Valid
Phora Durbar Kathmandu,PM2.5 - Principal,2024-06-20 04:00 PM,2024,06,20,16,34.1,98,Moderate,41.0,UG/M3,1 Hr,Valid
Phora Durbar Kathmandu,PM2.5 - Principal,2024-06-20 05:00 PM,2024,06,20,17,44.3,123,Unhealthy for Sensitive Groups,54.0,UG/M3,1 Hr,Valid
Phora Durbar Kathmandu,PM2.5 - Principal,2024-06-20 06:00 PM,2024,06,20,18,30.4,91,Moderate,17.0,UG/M3,1 Hr,Valid
Phora Durbar Kathmandu,PM2.5 - Principal,2024-06-20 07:00 PM,2024,06,20,19,42.8,119,Unhealthy for Sensitive Groups,55.0,UG/M3,1 Hr,Valid
Phora Durbar Kathmandu,PM2.5 - Principal,2024-06-20 08:00 PM,2024,06,20,20,31.8,93,Moderate,21.0,UG/M3,1 Hr,Valid
Phora Durbar Kathmandu,PM2.5 - Principal,2024-06-20 09:00 PM,2024,06,20,21,41.9,117,Unhealthy for Sensitive Groups,52.0,UG/M3,1 Hr,Valid
Phora Durbar Kathmandu,PM2.5 - Principal,2024-06-20 10:00 PM,2024,06,20,22,38.4,108,Unhealthy for Sensitive Groups,35.0,UG/M3,1 Hr,Valid
Phora Durbar Kathmandu,PM2.5 - Principal,2024-06-20 11:00 PM,2024,06,20,23,38.7,109,Unhealthy for Sensitive Groups,39.0,UG/M3,1 Hr,Valid
Phora Durbar Kathmandu,PM2.5 - Principal,2024-06-21 12:00 AM,2024,06,21,00,19.3,70,Moderate,0.0,UG/M3,1 Hr,Valid
Phora Durbar Kathmandu,PM2.5 - Principal,2024-06-21 01:00 AM,2024,06,21,01,19.3,70,Moderate,-999.0,UG/M3,1 Hr,Missing
Phora Durbar Kathmandu,PM2.5 - Principal,2024-06-21 04:00 AM,2024,06,21,04,-999.0,-999,N/A,24.0,UG/M3,1 Hr,Valid
Phora Durbar Kathmandu,PM2.5 - Principal,2024-06-21 05:00 AM,2024,06,21,05,11.0,55,Moderate,4.0,UG/M3,1 Hr,Valid
Phora Durbar Kathmandu,PM2.5 - Principal,2024-06-21 06:00 AM,2024,06,21,06,27.8,86,Moderate,41.0,UG/M3,1 Hr,Valid
Phora Durbar Kathmandu,PM2.5 - Principal,2024-06-21 07:00 AM,2024,06,21,07,34.8,99,Moderate,41.0,UG/M3,1 Hr,Valid
Phora Durbar Kathmandu,PM2.5 - Principal,2024-06-21 08:00 AM,2024,06,21,08,34.8,99,Moderate,-999.0,UG/M3,1 Hr,Missing
Phora Durbar Kathmandu,PM2.5 - Principal,2024-06-21 09:00 AM,2024,06,21,09,32.2,94,Moderate,31.0,UG/M3,1 Hr,Valid
Phora Durbar Kathmandu,PM2.5 - Principal,2024-06-21 10:00 AM,2024,06,21,10,41.3,115,Unhealthy for Sensitive Groups,48.0,UG/M3,1 Hr,Valid
Phora Durbar Kathmandu,PM2.5 - Principal,2024-06-21 11:00 AM,2024,06,21,11,32.0,94,Moderate,24.0,UG/M3,1 Hr,Valid
Phora Durbar Kathmandu,PM2.5 - Principal,2024-06-21 12:00 PM,2024,06,21,12,27.8,86,Moderate,24.0,UG/M3,1 Hr,Valid
Phora Durbar Kathmandu,PM2.5 - Principal,2024-06-21 01:00 PM,2024,06,21,13,27.8,86,Moderate,-999.0,UG/M3,1 Hr,Missing
Phora Durbar Kathmandu,PM2.5 - Principal,2024-06-21 02:00 PM,2024,06,21,14,24.5,80,Moderate,23.0,UG/M3,1 Hr,Valid
Phora Durbar Kathmandu,PM2.5 - Principal,2024-06-21 03:00 PM,2024,06,21,15,34.5,98,Moderate,42.0,UG/M3,1 Hr,Valid
Phora Durbar Kathmandu,PM2.5 - Principal,2024-06-21 04:00 PM,2024,06,21,16,23.5,78,Moderate,14.0,UG/M3,1 Hr,Valid
Phora Durbar Kathmandu,PM2.5 - Principal,2024-06-21 05:00 PM,2024,06,21,17,46.5,128,Unhealthy for Sensitive Groups,68.0,UG/M3,1 Hr,Valid
Phora Durbar Kathmandu,PM2.5 - Principal,2024-06-21 06:00 PM,2024,06,21,18,38.6,109,Unhealthy for Sensitive Groups,31.0,UG/M3,1 Hr,Valid
Phora Durbar Kathmandu,PM2.5 - Principal,2024-06-21 07:00 PM,2024,06,21,19,20.6,72,Moderate,3.0,UG/M3,1 Hr,Valid
Phora Durbar Kathmandu,PM2.5 - Principal,2024-06-21 08:00 PM,2024,06,21,20,23.8,78,Moderate,27.0,UG/M3,1 Hr,Valid
Phora Durbar Kathmandu,PM2.5 - Principal,2024-06-21 09:00 PM,2024,06,21,21,39.4,111,Unhealthy for Sensitive Groups,55.0,UG/M3,1 Hr,Valid
Phora Durbar Kathmandu,PM2.5 - Principal,2024-06-21 10:00 PM,2024,06,21,22,32.7,95,Moderate,26.0,UG/M3,1 Hr,Valid
Phora Durbar Kathmandu,PM2.5 - Principal,2024-06-21 11:00 PM,2024,06,21,23,48.3,133,Unhealthy for Sensitive Groups,64.0,UG/M3,1 Hr,Valid
Phora Durbar Kathmandu,PM2.5 - Principal,2024-06-22 12:00 AM,2024,06,22,00,38.1,107,Unhealthy for Sensitive Groups,28.0,UG/M3,1 Hr,Valid
Phora Durbar Kathmandu,PM2.5 - Principal,2024-06-22 01:00 AM,2024,06,22,01,30.0,90,Moderate,22.0,UG/M3,1 Hr,Valid
Phora Durbar Kathmandu,PM2.5 - Principal,2024-06-22 02:00 AM,2024,06,22,02,33.5,96,Moderate,37.0,UG/M3,1 Hr,Valid
Phora Durbar Kathmandu,PM2.5 - Principal,2024-06-22 03:00 AM,2024,06,22,03,34.2,98,Moderate,35.0,UG/M3,1 Hr,Valid
Phora Durbar Kathmandu,PM2.5 - Principal,2024-06-22 04:00 AM,2024,06,22,04,31.6,93,Moderate,29.0,UG/M3,1 Hr,Valid
Phora Durbar Kathmandu,PM2.5 - Principal,2024-06-22 05:00 AM,2024,06,22,05,38.3,108,Unhealthy for Sensitive Groups,45.0,UG/M3,1 Hr,Valid
Phora Durbar Kathmandu,PM2.5 - Principal,2024-06-22 06:00 AM,2024,06,22,06,43.1,120,Unhealthy for Sensitive Groups,48.0,UG/M3,1 Hr,Valid
Phora Durbar Kathmandu,PM2.5 - Principal,2024-06-22 07:00 AM,2024,06,22,07,48.0,132,Unhealthy for Sensitive Groups,53.0,UG/M3,1 Hr,Valid
Phora Durbar Kathmandu,PM2.5 - Principal,2024-06-22 08:00 AM,2024,06,22,08,44.5,123,Unhealthy for Sensitive Groups,41.0,UG/M3,1 Hr,Valid
Phora Durbar Kathmandu,PM2.5 - Principal,2024-06-22 09:00 AM,2024,06,22,09,43.7,121,Unhealthy for Sensitive Groups,43.0,UG/M3,1 Hr,Valid
Phora Durbar Kathmandu,PM2.5 - Principal,2024-06-22 10:00 AM,2024,06,22,10,47.8,131,Unhealthy for Sensitive Groups,52.0,UG/M3,1 Hr,Valid
Phora Durbar Kathmandu,PM2.5 - Principal,2024-06-22 11:00 AM,2024,06,22,11,35.4,100,Moderate,23.0,UG/M3,1 Hr,Valid
Phora Durbar Kathmandu,PM2.5 - Principal,2024-06-22 12:00 PM,2024,06,22,12,38.2,108,Unhealthy for Sensitive Groups,41.0,UG/M3,1 Hr,Valid
Phora Durbar Kathmandu,PM2.5 - Principal,2024-06-22 01:00 PM,2024,06,22,13,31.6,93,Moderate,25.0,UG/M3,1 Hr,Valid
Phora Durbar Kathmandu,PM2.5 - Principal,2024-06-22 02:00 PM,2024,06,22,14,35.8,102,Unhealthy for Sensitive Groups,40.0,UG/M3,1 Hr,Valid
Phora Durbar Kathmandu,PM2.5 - Principal,2024-06-22 03:00 PM,2024,06,22,15,32.4,94,Moderate,29.0,UG/M3,1 Hr,Valid
Phora Durbar Kathmandu,PM2.5 - Principal,2024-06-22 04:00 PM,2024,06,22,16,39.7,111,Unhealthy for Sensitive Groups,47.0,UG/M3,1 Hr,Valid
Phora Durbar Kathmandu,PM2.5 - Principal,2024-06-22 05:00 PM,2024,06,22,17,37.8,107,Unhealthy for Sensitive Groups,36.0,UG/M3,1 Hr,Valid
Phora Durbar Kathmandu,PM2.5 - Principal,2024-06-22 06:00 PM,2024,06,22,18,40.9,114,Unhealthy for Sensitive Groups,44.0,UG/M3,1 Hr,Valid
Phora Durbar Kathmandu,PM2.5 - Principal,2024-06-22 07:00 PM,2024,06,22,19,33.9,97,Moderate,27.0,UG/M3,1 Hr,Valid
Phora Durbar Kathmandu,PM2.5 - Principal,2024-06-22 08:00 PM,2024,06,22,20,40.9,114,Unhealthy for Sensitive Groups,48.0,UG/M3,1 Hr,Valid
Phora Durbar Kathmandu,PM2.5 - Principal,2024-06-22 09:00 PM,2024,06,22,21,45.4,125,Unhealthy for Sensitive Groups,50.0,UG/M3,1 Hr,Valid
Phora Durbar Kathmandu,PM2.5 - Principal,2024-06-22 10:00 PM,2024,06,22,22,25.7,82,Moderate,6.0,UG/M3,1 Hr,Valid
Phora Durbar Kathmandu,PM2.5 - Principal,2024-06-22 11:00 PM,2024,06,22,23,35.8,102,Unhealthy for Sensitive Groups,46.0,UG/M3,1 Hr,Valid
Phora Durbar Kathmandu,PM2.5 - Principal,2024-06-23 12:00 AM,2024,06,23,00,43.9,122,Unhealthy for Sensitive Groups,52.0,UG/M3,1 Hr,Valid
Phora Durbar Kathmandu,PM2.5 - Principal,2024-06-23 01:00 AM,2024,06,23,01,40.4,113,Unhealthy for Sensitive Groups,37.0,UG/M3,1 Hr,Valid
Phora Durbar Kathmandu,PM2.5 - Principal,2024-06-23 02:00 AM,2024,06,23,02,46.7,129,Unhealthy for Sensitive Groups,53.0,UG/M3,1 Hr,Valid
Phora Durbar Kathmandu,PM2.5 - Principal,2024-06-23 03:00 AM,2024,06,23,03,49.8,136,Unhealthy for Sensitive Groups,53.0,UG/M3,1 Hr,Valid
Phora Durbar Kathmandu,PM2.5 - Principal,2024-06-23 04:00 AM,2024,06,23,04,49.8,136,Unhealthy for Sensitive Groups,-999.0,UG/M3,1 Hr,Missing
Phora Durbar Kathmandu,PM2.5 - Principal,2024-06-23 05:00 AM,2024,06,23,05,35.9,102,Unhealthy for Sensitive Groups,29.0,UG/M3,1 Hr,Valid
Phora Durbar Kathmandu,PM2.5 - Principal,2024-06-23 06:00 AM,2024,06,23,06,25.1,81,Moderate,17.0,UG/M3,1 Hr,Valid
Phora Durbar Kathmandu,PM2.5 - Principal,2024-06-23 07:00 AM,2024,06,23,07,30.9,92,Moderate,36.0,UG/M3,1 Hr,Valid
Phora Durbar Kathmandu,PM2.5 - Principal,2024-06-23 08:00 AM,2024,06,23,08,17.0,66,Moderate,4.0,UG/M3,1 Hr,Valid
Phora Durbar Kathmandu,PM2.5 - Principal,2024-06-23 09:00 AM,2024,06,23,09,28.1,86,Moderate,39.0,UG/M3,1 Hr,Valid
Phora Durbar Kathmandu,PM2.5 - Principal,2024-06-23 10:00 AM,2024,06,23,10,20.5,72,Moderate,13.0,UG/M3,1 Hr,Valid
Phora Durbar Kathmandu,PM2.5 - Principal,2024-06-23 11:00 AM,2024,06,23,11,29.2,88,Moderate,38.0,UG/M3,1 Hr,Valid
Phora Durbar Kathmandu,PM2.5 - Principal,2024-06-23 12:00 PM,2024,06,23,12,17.1,66,Moderate,5.0,UG/M3,1 Hr,Valid
Phora Durbar Kathmandu,PM2.5 - Principal,2024-06-23 01:00 PM,2024,06,23,13,35.5,101,Unhealthy for Sensitive Groups,54.0,UG/M3,1 Hr,Valid
Phora Durbar Kathmandu,PM2.5 - Principal,2024-06-23 02:00 PM,2024,06,23,14,35.5,101,Unhealthy for Sensitive Groups,-15.0,UG/M3,1 Hr,Invalid
Phora Durbar Kathmandu,PM2.5 - Principal,2024-06-23 03:00 PM,2024,06,23,15,26.5,83,Moderate,22.0,UG/M3,1 Hr,Valid
Phora Durbar Kathmandu,PM2.5 - Principal,2024-06-23 04:00 PM,2024,06,23,16,15.3,63,Moderate,7.0,UG/M3,1 Hr,Valid
Phora Durbar Kathmandu,PM2.5 - Principal,2024-06-23 05:00 PM,2024,06,23,17,23.1,77,Moderate,30.0,UG/M3,1 Hr,Valid
Phora Durbar Kathmandu,PM2.5 - Principal,2024-06-23 06:00 PM,2024,06,23,18,31.3,92,Moderate,39.0,UG/M3,1 Hr,Valid
Phora Durbar Kathmandu,PM2.5 - Principal,2024-06-23 07:00 PM,2024,06,23,19,35.7,101,Unhealthy for Sensitive Groups,40.0,UG/M3,1 Hr,Valid
Phora Durbar Kathmandu,PM2.5 - Principal,2024-06-23 08:00 PM,2024,06,23,20,58.0,153,Unhealthy,80.0,UG/M3,1 Hr,Valid
Phora Durbar Kathmandu,PM2.5 - Principal,2024-06-23 09:00 PM,2024,06,23,21,52.5,143,Unhealthy for Sensitive Groups,47.0,UG/M3,1 Hr,Valid
Phora Durbar Kathmandu,PM2.5 - Principal,2024-06-23 10:00 PM,2024,06,23,22,54.7,148,Unhealthy for Sensitive Groups,57.0,UG/M3,1 Hr,Valid
Phora Durbar Kathmandu,PM2.5 - Principal,2024-06-23 11:00 PM,2024,06,23,23,41.3,115,Unhealthy for Sensitive Groups,28.0,UG/M3,1 Hr,Valid
Phora Durbar Kathmandu,PM2.5 - Principal,2024-06-24 12:00 AM,2024,06,24,00,40.6,114,Unhealthy for Sensitive Groups,40.0,UG/M3,1 Hr,Valid
Phora Durbar Kathmandu,PM2.5 - Principal,2024-06-24 01:00 AM,2024,06,24,01,37.8,107,Unhealthy for Sensitive Groups,35.0,UG/M3,1 Hr,Valid
Phora Durbar Kathmandu,PM2.5 - Principal,2024-06-24 02:00 AM,2024,06,24,02,33.9,97,Moderate,30.0,UG/M3,1 Hr,Valid
Phora Durbar Kathmandu,PM2.5 - Principal,2024-06-24 03:00 AM,2024,06,24,03,31.4,93,Moderate,29.0,UG/M3,1 Hr,Valid
Phora Durbar Kathmandu,PM2.5 - Principal,2024-06-24 04:00 AM,2024,06,24,04,29.2,88,Moderate,27.0,UG/M3,1 Hr,Valid
Phora Durbar Kathmandu,PM2.5 - Principal,2024-06-24 05:00 AM,2024,06,24,05,27.6,85,Moderate,26.0,UG/M3,1 Hr,Valid
Phora Durbar Kathmandu,PM2.5 - Principal,2024-06-24 06:00 AM,2024,06,24,06,34.3,98,Moderate,41.0,UG/M3,1 Hr,Valid
Phora Durbar Kathmandu,PM2.5 - Principal,2024-06-24 07:00 AM,2024,06,24,07,33.1,96,Moderate,32.0,UG/M3,1 Hr,Valid
Phora Durbar Kathmandu,PM2.5 - Principal,2024-06-24 08:00 AM,2024,06,24,08,28.5,87,Moderate,24.0,UG/M3,1 Hr,Valid
Phora Durbar Kathmandu,PM2.5 - Principal,2024-06-24 09:00 AM,2024,06,24,09,47.7,131,Unhealthy for Sensitive Groups,67.0,UG/M3,1 Hr,Valid
Phora Durbar Kathmandu,PM2.5 - Principal,2024-06-24 10:00 AM,2024,06,24,10,28.8,88,Moderate,10.0,UG/M3,1 Hr,Valid
Phora Durbar Kathmandu,PM2.5 - Principal,2024-06-24 11:00 AM,2024,06,24,11,18.4,68,Moderate,8.0,UG/M3,1 Hr,Valid
Phora Durbar Kathmandu,PM2.5 - Principal,2024-06-24 12:00 PM,2024,06,24,12,18.2,68,Moderate,18.0,UG/M3,1 Hr,Valid
Phora Durbar Kathmandu,PM2.5 - Principal,2024-06-24 01:00 PM,2024,06,24,13,18.1,68,Moderate,18.0,UG/M3,1 Hr,Valid
Phora Durbar Kathmandu,PM2.5 - Principal,2024-06-24 02:00 PM,2024,06,24,14,18.1,68,Moderate,-999.0,UG/M3,1 Hr,Missing
Phora Durbar Kathmandu,PM2.5 - Principal,2024-06-24 03:00 PM,2024,06,24,15,23.3,77,Moderate,26.0,UG/M3,1 Hr,Valid
Phora Durbar Kathmandu,PM2.5 - Principal,2024-06-24 04:00 PM,2024,06,24,16,28.8,88,Moderate,33.0,UG/M3,1 Hr,Valid
Phora Durbar Kathmandu,PM2.5 - Principal,2024-06-24 05:00 PM,2024,06,24,17,22.5,76,Moderate,17.0,UG/M3,1 Hr,Valid
Phora Durbar Kathmandu,PM2.5 - Principal,2024-06-24 06:00 PM,2024,06,24,18,28.4,87,Moderate,34.0,UG/M3,1 Hr,Valid
Phora Durbar Kathmandu,PM2.5 - Principal,2024-06-24 07:00 PM,2024,06,24,19,28.7,88,Moderate,29.0,UG/M3,1 Hr,Valid
Phora Durbar Kathmandu,PM2.5 - Principal,2024-06-24 08:00 PM,2024,06,24,20,28.8,88,Moderate,29.0,UG/M3,1 Hr,Valid
Phora Durbar Kathmandu,PM2.5 - Principal,2024-06-24 09:00 PM,2024,06,24,21,32.9,95,Moderate,37.0,UG/M3,1 Hr,Valid
Phora Durbar Kathmandu,PM2.5 - Principal,2024-06-24 10:00 PM,2024,06,24,22,35.9,102,Unhealthy for Sensitive Groups,39.0,UG/M3,1 Hr,Valid
Phora Durbar Kathmandu,PM2.5 - Principal,2024-06-24 11:00 PM,2024,06,24,23,37.4,106,Unhealthy for Sensitive Groups,39.0,UG/M3,1 Hr,Valid
Phora Durbar Kathmandu,PM2.5 - Principal,2024-06-25 12:00 AM,2024,06,25,00,37.5,106,Unhealthy for Sensitive Groups,-999.0,UG/M3,1 Hr,Missing
Phora Durbar Kathmandu,PM2.5 - Principal,2024-06-25 01:00 AM,2024,06,25,01,59.8,154,Unhealthy,71.0,UG/M3,1 Hr,Valid
Phora Durbar Kathmandu,PM2.5 - Principal,2024-06-25 02:00 AM,2024,06,25,02,49.6,136,Unhealthy for Sensitive Groups,42.0,UG/M3,1 Hr,Valid
Phora Durbar Kathmandu,PM2.5 - Principal,2024-06-25 03:00 AM,2024,06,25,03,32.2,94,Moderate,17.0,UG/M3,1 Hr,Valid
Phora Durbar Kathmandu,PM2.5 - Principal,2024-06-25 04:00 AM,2024,06,25,04,33.6,97,Moderate,35.0,UG/M3,1 Hr,Valid
Phora Durbar Kathmandu,PM2.5 - Principal,2024-06-25 05:00 AM,2024,06,25,05,62.2,156,Unhealthy,90.0,UG/M3,1 Hr,Valid
Phora Durbar Kathmandu,PM2.5 - Principal,2024-06-25 06:00 AM,2024,06,25,06,62.2,156,Unhealthy,-999.0,UG/M3,1 Hr,Missing
Phora Durbar Kathmandu,PM2.5 - Principal,2024-06-25 09:00 AM,2024,06,25,09,-999.0,-999,N/A,69.0,UG/M3,1 Hr,Valid
Phora Durbar Kathmandu,PM2.5 - Principal,2024-06-25 10:00 AM,2024,06,25,10,61.6,155,Unhealthy,58.0,UG/M3,1 Hr,Valid
Phora Durbar Kathmandu,PM2.5 - Principal,2024-06-25 11:00 AM,2024,06,25,11,45.5,126,Unhealthy for Sensitive Groups,33.0,UG/M3,1 Hr,Valid
Phora Durbar Kathmandu,PM2.5 - Principal,2024-06-25 12:00 PM,2024,06,25,12,35.2,100,Moderate,26.0,UG/M3,1 Hr,Valid
Phora Durbar Kathmandu,PM2.5 - Principal,2024-06-25 01:00 PM,2024,06,25,13,69.0,160,Unhealthy,101.0,UG/M3,1 Hr,Valid
Phora Durbar Kathmandu,PM2.5 - Principal,2024-06-25 02:00 PM,2024,06,25,14,48.2,132,Unhealthy for Sensitive Groups,28.0,UG/M3,1 Hr,Valid
Phora Durbar Kathmandu,PM2.5 - Principal,2024-06-25 03:00 PM,2024,06,25,15,42.0,117,Unhealthy for Sensitive Groups,36.0,UG/M3,1 Hr,Valid
Phora Durbar Kathmandu,PM2.5 - Principal,2024-06-25 04:00 PM,2024,06,25,16,41.0,115,Unhealthy for Sensitive Groups,40.0,UG/M3,1 Hr,Valid
Phora Durbar Kathmandu,PM2.5 - Principal,2024-06-25 05:00 PM,2024,06,25,17,49.0,134,Unhealthy for Sensitive Groups,57.0,UG/M3,1 Hr,Valid
Phora Durbar Kathmandu,PM2.5 - Principal,2024-06-25 06:00 PM,2024,06,25,18,49.5,135,Unhealthy for Sensitive Groups,50.0,UG/M3,1 Hr,Valid
Phora Durbar Kathmandu,PM2.5 - Principal,2024-06-25 07:00 PM,2024,06,25,19,36.7,104,Unhealthy for Sensitive Groups,24.0,UG/M3,1 Hr,Valid
Phora Durbar Kathmandu,PM2.5 - Principal,2024-06-25 08:00 PM,2024,06,25,20,33.3,96,Moderate,30.0,UG/M3,1 Hr,Valid
Phora Durbar Kathmandu,PM2.5 - Principal,2024-06-25 09:00 PM,2024,06,25,21,45.1,125,Unhealthy for Sensitive Groups,57.0,UG/M3,1 Hr,Valid
Phora Durbar Kathmandu,PM2.5 - Principal,2024-06-25 10:00 PM,2024,06,25,22,43.0,119,Unhealthy for Sensitive Groups,41.0,UG/M3,1 Hr,Valid
Phora Durbar Kathmandu,PM2.5 - Principal,2024-06-25 11:00 PM,2024,06,25,23,29.0,88,Moderate,15.0,UG/M3,1 Hr,Valid
Phora Durbar Kathmandu,PM2.5 - Principal,2024-06-26 12:00 AM,2024,06,26,00,31.0,92,Moderate,33.0,UG/M3,1 Hr,Valid
Phora Durbar Kathmandu,PM2.5 - Principal,2024-06-26 01:00 AM,2024,06,26,01,31.0,92,Moderate,-999.0,UG/M3,1 Hr,Missing
Phora Durbar Kathmandu,PM2.5 - Principal,2024-06-26 05:00 AM,2024,06,26,05,-999.0,-999,N/A,54.0,UG/M3,1 Hr,Valid
Phora Durbar Kathmandu,PM2.5 - Principal,2024-06-26 06:00 AM,2024,06,26,06,36.5,103,Unhealthy for Sensitive Groups,28.0,UG/M3,1 Hr,Valid
Phora Durbar Kathmandu,PM2.5 - Principal,2024-06-26 07:00 AM,2024,06,26,07,32.2,94,Moderate,29.0,UG/M3,1 Hr,Valid
Phora Durbar Kathmandu,PM2.5 - Principal,2024-06-26 08:00 AM,2024,06,26,08,39.5,111,Unhealthy for Sensitive Groups,46.0,UG/M3,1 Hr,Valid
Phora Durbar Kathmandu,PM2.5 - Principal,2024-06-26 09:00 AM,2024,06,26,09,39.5,111,Unhealthy for Sensitive Groups,-999.0,UG/M3,1 Hr,Missing
Phora Durbar Kathmandu,PM2.5 - Principal,2024-06-26 11:00 AM,2024,06,26,11,-999.0,-999,N/A,24.0,UG/M3,1 Hr,Valid
Phora Durbar Kathmandu,PM2.5 - Principal,2024-06-26 12:00 PM,2024,06,26,12,21.4,74,Moderate,18.0,UG/M3,1 Hr,Valid
Phora Durbar Kathmandu,PM2.5 - Principal,2024-06-26 01:00 PM,2024,06,26,13,25.0,81,Moderate,28.0,UG/M3,1 Hr,Valid
Phora Durbar Kathmandu,PM2.5 - Principal,2024-06-26 02:00 PM,2024,06,26,14,46.5,128,Unhealthy for Sensitive Groups,66.0,UG/M3,1 Hr,Valid
Phora Durbar Kathmandu,PM2.5 - Principal,2024-06-26 03:00 PM,2024,06,26,15,35.5,101,Unhealthy for Sensitive Groups,25.0,UG/M3,1 Hr,Valid
Phora Durbar Kathmandu,PM2.5 - Principal,2024-06-26 04:00 PM,2024,06,26,16,35.5,101,Unhealthy for Sensitive Groups,-15.0,UG/M3,1 Hr,Invalid
Phora Durbar Kathmandu,PM2.5 - Principal,2024-06-26 05:00 PM,2024,06,26,17,25.7,82,Moderate,21.0,UG/M3,1 Hr,Valid
Phora Durbar Kathmandu,PM2.5 - Principal,2024-06-26 06:00 PM,2024,06,26,18,34.4,98,Moderate,41.0,UG/M3,1 Hr,Valid
Phora Durbar Kathmandu,PM2.5 - Principal,2024-06-26 07:00 PM,2024,06,26,19,39.5,111,Unhealthy for Sensitive Groups,44.0,UG/M3,1 Hr,Valid
Phora Durbar Kathmandu,PM2.5 - Principal,2024-06-26 08:00 PM,2024,06,26,20,36.1,102,Unhealthy for Sensitive Groups,33.0,UG/M3,1 Hr,Valid
Phora Durbar Kathmandu,PM2.5 - Principal,2024-06-26 09:00 PM,2024,06,26,21,37.6,106,Unhealthy for Sensitive Groups,39.0,UG/M3,1 Hr,Valid
Phora Durbar Kathmandu,PM2.5 - Principal,2024-06-26 10:00 PM,2024,06,26,22,20.6,72,Moderate,4.0,UG/M3,1 Hr,Valid
Phora Durbar Kathmandu,PM2.5 - Principal,2024-06-26 11:00 PM,2024,06,26,23,39.9,112,Unhealthy for Sensitive Groups,59.0,UG/M3,1 Hr,Valid
Phora Durbar Kathmandu,PM2.5 - Principal,2024-06-27 12:00 AM,2024,06,27,00,32.4,94,Moderate,25.0,UG/M3,1 Hr,Valid
Phora Durbar Kathmandu,PM2.5 - Principal,2024-06-27 01:00 AM,2024,06,27,01,36.7,104,Unhealthy for Sensitive Groups,41.0,UG/M3,1 Hr,Valid
Phora Durbar Kathmandu,PM2.5 - Principal,2024-06-27 02:00 AM,2024,06,27,02,43.3,120,Unhealthy for Sensitive Groups,50.0,UG/M3,1 Hr,Valid
Phora Durbar Kathmandu,PM2.5 - Principal,2024-06-27 03:00 AM,2024,06,27,03,43.3,120,Unhealthy for Sensitive Groups,-9.0,UG/M3,1 Hr,Invalid
Phora Durbar Kathmandu,PM2.5 - Principal,2024-06-27 04:00 AM,2024,06,27,04,27.1,85,Moderate,19.0,UG/M3,1 Hr,Valid
Phora Durbar Kathmandu,PM2.5 - Principal,2024-06-27 05:00 AM,2024,06,27,05,35.0,99,Moderate,41.0,UG/M3,1 Hr,Valid
Phora Durbar Kathmandu,PM2.5 - Principal,2024-06-27 06:00 AM,2024,06,27,06,24.8,80,Moderate,16.0,UG/M3,1 Hr,Valid
Phora Durbar Kathmandu,PM2.5 - Principal,2024-06-27 07:00 AM,2024,06,27,07,24.8,80,Moderate,-999.0,UG/M3,1 Hr,Missing
Phora Durbar Kathmandu,PM2.5 - Principal,2024-06-27 10:00 AM,2024,06,27,10,-999.0,-999,N/A,37.0,UG/M3,1 Hr,Valid
Phora Durbar Kathmandu,PM2.5 - Principal,2024-06-27 11:00 AM,2024,06,27,11,44.2,122,Unhealthy for Sensitive Groups,49.0,UG/M3,1 Hr,Valid
Phora Durbar Kathmandu,PM2.5 - Principal,2024-06-27 12:00 PM,2024,06,27,12,36.2,103,Unhealthy for Sensitive Groups,30.0,UG/M3,1 Hr,Valid
Phora Durbar Kathmandu,PM2.5 - Principal,2024-06-27 01:00 PM,2024,06,27,13,27.1,85,Moderate,19.0,UG/M3,1 Hr,Valid
Phora Durbar Kathmandu,PM2.5 - Principal,2024-06-27 02:00 PM,2024,06,27,14,20.8,73,Moderate,15.0,UG/M3,1 Hr,Valid
Phora Durbar Kathmandu,PM2.5 - Principal,2024-06-27 03:00 PM,2024,06,27,15,21.4,74,Moderate,22.0,UG/M3,1 Hr,Valid
Phora Durbar Kathmandu,PM2.5 - Principal,2024-06-27 04:00 PM,2024,06,27,16,21.4,74,Moderate,-15.0,UG/M3,1 Hr,Invalid
Phora Durbar Kathmandu,PM2.5 - Principal,2024-06-27 07:00 PM,2024,06,27,19,-999.0,-999,N/A,34.0,UG/M3,1 Hr,Valid
Phora Durbar Kathmandu,PM2.5 - Principal,2024-06-27 10:00 PM,2024,06,27,22,-999.0,-999,N/A,38.0,UG/M3,1 Hr,Valid
Phora Durbar Kathmandu,PM2.5 - Principal,2024-06-27 11:00 PM,2024,06,27,23,35.8,102,Unhealthy for Sensitive Groups,35.0,UG/M3,1 Hr,Valid
Phora Durbar Kathmandu,PM2.5 - Principal,2024-06-28 12:00 AM,2024,06,28,00,27.5,85,Moderate,21.0,UG/M3,1 Hr,Valid
Phora Durbar Kathmandu,PM2.5 - Principal,2024-06-28 01:00 AM,2024,06,28,01,24.6,80,Moderate,22.0,UG/M3,1 Hr,Valid
Phora Durbar Kathmandu,PM2.5 - Principal,2024-06-28 02:00 AM,2024,06,28,02,18.1,68,Moderate,12.0,UG/M3,1 Hr,Valid
Phora Durbar Kathmandu,PM2.5 - Principal,2024-06-28 03:00 AM,2024,06,28,03,15.5,63,Moderate,13.0,UG/M3,1 Hr,Valid
Phora Durbar Kathmandu,PM2.5 - Principal,2024-06-28 04:00 AM,2024,06,28,04,13.7,60,Moderate,12.0,UG/M3,1 Hr,Valid
Phora Durbar Kathmandu,PM2.5 - Principal,2024-06-28 05:00 AM,2024,06,28,05,13.8,60,Moderate,14.0,UG/M3,1 Hr,Valid
Phora Durbar Kathmandu,PM2.5 - Principal,2024-06-28 06:00 AM,2024,06,28,06,13.8,60,Moderate,-999.0,UG/M3,1 Hr,Missing
Phora Durbar Kathmandu,PM2.5 - Principal,2024-06-28 07:00 AM,2024,06,28,07,11.9,56,Moderate,11.0,UG/M3,1 Hr,Valid
Phora Durbar Kathmandu,PM2.5 - Principal,2024-06-28 08:00 AM,2024,06,28,08,26.2,83,Moderate,37.0,UG/M3,1 Hr,Valid
Phora Durbar Kathmandu,PM2.5 - Principal,2024-06-28 09:00 AM,2024,06,28,09,25.0,81,Moderate,24.0,UG/M3,1 Hr,Valid
Phora Durbar Kathmandu,PM2.5 - Principal,2024-06-28 10:00 AM,2024,06,28,10,25.0,81,Moderate,-999.0,UG/M3,1 Hr,Missing
Phora Durbar Kathmandu,PM2.5 - Principal,2024-06-28 11:00 AM,2024,06,28,11,29.1,88,Moderate,31.0,UG/M3,1 Hr,Valid
Phora Durbar Kathmandu,PM2.5 - Principal,2024-06-28 12:00 PM,2024,06,28,12,27.3,85,Moderate,26.0,UG/M3,1 Hr,Valid
Phora Durbar Kathmandu,PM2.5 - Principal,2024-06-28 01:00 PM,2024,06,28,13,51.2,140,Unhealthy for Sensitive Groups,72.0,UG/M3,1 Hr,Valid
Phora Durbar Kathmandu,PM2.5 - Principal,2024-06-28 02:00 PM,2024,06,28,14,26.8,84,Moderate,4.0,UG/M3,1 Hr,Valid
Phora Durbar Kathmandu,PM2.5 - Principal,2024-06-28 03:00 PM,2024,06,28,15,26.8,84,Moderate,-999.0,UG/M3,1 Hr,Missing
Phora Durbar Kathmandu,PM2.5 - Principal,2024-06-28 05:00 PM,2024,06,28,17,-999.0,-999,N/A,22.0,UG/M3,1 Hr,Valid
Phora Durbar Kathmandu,PM2.5 - Principal,2024-06-28 06:00 PM,2024,06,28,18,29.1,88,Moderate,33.0,UG/M3,1 Hr,Valid
Phora Durbar Kathmandu,PM2.5 - Principal,2024-06-28 07:00 PM,2024,06,28,19,25.2,81,Moderate,22.0,UG/M3,1 Hr,Valid
Phora Durbar Kathmandu,PM2.5 - Principal,2024-06-28 08:00 PM,2024,06,28,20,25.1,81,Moderate,-10.0,UG/M3,1 Hr,Invalid
Phora Durbar Kathmandu,PM2.5 - Principal,2024-06-28 09:00 PM,2024,06,28,21,27.1,85,Moderate,28.0,UG/M3,1 Hr,Valid
Phora Durbar Kathmandu,PM2.5 - Principal,2024-06-28 10:00 PM,2024,06,28,22,-999.0,-999,N/A,-13.0,UG/M3,1 Hr,Invalid
Phora Durbar Kathmandu,PM2.5 - Principal,2024-06-28 11:00 PM,2024,06,28,23,16.7,65,Moderate,13.0,UG/M3,1 Hr,Valid
Phora Durbar Kathmandu,PM2.5 - Principal,2024-06-29 12:00 AM,2024,06,29,00,44.8,124,Unhealthy for Sensitive Groups,64.0,UG/M3,1 Hr,Valid
Phora Durbar Kathmandu,PM2.5 - Principal,2024-06-29 01:00 AM,2024,06,29,01,19.3,70,Moderate,-2.0,UG/M3,1 Hr,Valid
Phora Durbar Kathmandu,PM2.5 - Principal,2024-06-29 02:00 AM,2024,06,29,02,19.7,71,Moderate,20.0,UG/M3,1 Hr,Valid
Phora Durbar Kathmandu,PM2.5 - Principal,2024-06-29 03:00 AM,2024,06,29,03,25.4,81,Moderate,31.0,UG/M3,1 Hr,Valid
Phora Durbar Kathmandu,PM2.5 - Principal,2024-06-29 04:00 AM,2024,06,29,04,18.1,68,Moderate,11.0,UG/M3,1 Hr,Valid
Phora Durbar Kathmandu,PM2.5 - Principal,2024-06-29 05:00 AM,2024,06,29,05,15.0,62,Moderate,12.0,UG/M3,1 Hr,Valid
Phora Durbar Kathmandu,PM2.5 - Principal,2024-06-29 06:00 AM,2024,06,29,06,18.5,69,Moderate,22.0,UG/M3,1 Hr,Valid
Phora Durbar Kathmandu,PM2.5 - Principal,2024-06-29 07:00 AM,2024,06,29,07,10.2,53,Moderate,2.0,UG/M3,1 Hr,Valid
Phora Durbar Kathmandu,PM2.5 - Principal,2024-06-29 08:00 AM,2024,06,29,08,24.1,79,Moderate,38.0,UG/M3,1 Hr,Valid
Phora Durbar Kathmandu,PM2.5 - Principal,2024-06-29 09:00 AM,2024,06,29,09,24.1,79,Moderate,-999.0,UG/M3,1 Hr,Missing
Phora Durbar Kathmandu,PM2.5 - Principal,2024-06-29 10:00 AM,2024,06,29,10,51.3,140,Unhealthy for Sensitive Groups,65.0,UG/M3,1 Hr,Valid
Phora Durbar Kathmandu,PM2.5 - Principal,2024-06-29 11:00 AM,2024,06,29,11,-999.0,-999,N/A,-14.0,UG/M3,1 Hr,Invalid
Phora Durbar Kathmandu,PM2.5 - Principal,2024-06-29 12:00 PM,2024,06,29,12,30.0,90,Moderate,22.0,UG/M3,1 Hr,Valid
Phora Durbar Kathmandu,PM2.5 - Principal,2024-06-29 01:00 PM,2024,06,29,13,10.4,53,Moderate,-3.0,UG/M3,1 Hr,Valid
Phora Durbar Kathmandu,PM2.5 - Principal,2024-06-29 02:00 PM,2024,06,29,14,12.3,57,Moderate,14.0,UG/M3,1 Hr,Valid
Phora Durbar Kathmandu,PM2.5 - Principal,2024-06-29 03:00 PM,2024,06,29,15,9.5,52,Moderate,7.0,UG/M3,1 Hr,Valid
Phora Durbar Kathmandu,PM2.5 - Principal,2024-06-29 04:00 PM,2024,06,29,16,17.9,67,Moderate,26.0,UG/M3,1 Hr,Valid
Phora Durbar Kathmandu,PM2.5 - Principal,2024-06-29 05:00 PM,2024,06,29,17,17.9,67,Moderate,-999.0,UG/M3,1 Hr,Missing
Phora Durbar Kathmandu,PM2.5 - Principal,2024-06-29 06:00 PM,2024,06,29,18,27.3,85,Moderate,32.0,UG/M3,1 Hr,Valid
Phora Durbar Kathmandu,PM2.5 - Principal,2024-06-29 07:00 PM,2024,06,29,19,10.5,54,Moderate,-2.0,UG/M3,1 Hr,Valid
Phora Durbar Kathmandu,PM2.5 - Principal,2024-06-29 08:00 PM,2024,06,29,20,20.3,72,Moderate,29.0,UG/M3,1 Hr,Valid
Phora Durbar Kathmandu,PM2.5 - Principal,2024-06-29 09:00 PM,2024,06,29,21,22.2,75,Moderate,24.0,UG/M3,1 Hr,Valid
Phora Durbar Kathmandu,PM2.5 - Principal,2024-06-29 10:00 PM,2024,06,29,22,18.5,69,Moderate,15.0,UG/M3,1 Hr,Valid
Phora Durbar Kathmandu,PM2.5 - Principal,2024-06-29 11:00 PM,2024,06,29,23,17.7,67,Moderate,17.0,UG/M3,1 Hr,Valid
Phora Durbar Kathmandu,PM2.5 - Principal,2024-06-30 12:00 AM,2024,06,30,00,17.8,67,Moderate,18.0,UG/M3,1 Hr,Valid
Phora Durbar Kathmandu,PM2.5 - Principal,2024-06-30 01:00 AM,2024,06,30,01,17.9,67,Moderate,18.0,UG/M3,1 Hr,Valid
Phora Durbar Kathmandu,PM2.5 - Principal,2024-06-30 02:00 AM,2024,06,30,02,35.4,100,Moderate,53.0,UG/M3,1 Hr,Valid
Phora Durbar Kathmandu,PM2.5 - Principal,2024-06-30 03:00 AM,2024,06,30,03,26.2,83,Moderate,17.0,UG/M3,1 Hr,Valid
Phora Durbar Kathmandu,PM2.5 - Principal,2024-06-30 04:00 AM,2024,06,30,04,44.1,122,Unhealthy for Sensitive Groups,62.0,UG/M3,1 Hr,Valid
Phora Durbar Kathmandu,PM2.5 - Principal,2024-06-30 05:00 AM,2024,06,30,05,32.0,94,Moderate,20.0,UG/M3,1 Hr,Valid
Phora Durbar Kathmandu,PM2.5 - Principal,2024-06-30 06:00 AM,2024,06,30,06,22.5,76,Moderate,13.0,UG/M3,1 Hr,Valid
Phora Durbar Kathmandu,PM2.5 - Principal,2024-06-30 07:00 AM,2024,06,30,07,21.2,74,Moderate,20.0,UG/M3,1 Hr,Valid
Phora Durbar Kathmandu,PM2.5 - Principal,2024-06-30 08:00 AM,2024,06,30,08,21.2,74,Moderate,-999.0,UG/M3,1 Hr,Missing
Phora Durbar Kathmandu,PM2.5 - Principal,2024-06-30 09:00 AM,2024,06,30,09,23.7,78,Moderate,25.0,UG/M3,1 Hr,Valid
Phora Durbar Kathmandu,PM2.5 - Principal,2024-06-30 10:00 AM,2024,06,30,10,16.4,65,Moderate,11.0,UG/M3,1 Hr,Valid
Phora Durbar Kathmandu,PM2.5 - Principal,2024-06-30 11:00 AM,2024,06,30,11,37.5,106,Unhealthy for Sensitive Groups,56.0,UG/M3,1 Hr,Valid
Phora Durbar Kathmandu,PM2.5 - Principal,2024-06-30 12:00 PM,2024,06,30,12,37.5,106,Unhealthy for Sensitive Groups,-999.0,UG/M3,1 Hr,Missing
Phora Durbar Kathmandu,PM2.5 - Principal,2024-06-30 02:00 PM,2024,06,30,14,-999.0,-999,N/A,17.0,UG/M3,1 Hr,Valid
Phora Durbar Kathmandu,PM2.5 - Principal,2024-06-30 03:00 PM,2024,06,30,15,37.0,105,Unhealthy for Sensitive Groups,47.0,UG/M3,1 Hr,Valid
Phora Durbar Kathmandu,PM2.5 - Principal,2024-06-30 04:00 PM,2024,06,30,16,31.4,93,Moderate,27.0,UG/M3,1 Hr,Valid
Phora Durbar Kathmandu,PM2.5 - Principal,2024-06-30 05:00 PM,2024,06,30,17,23.8,78,Moderate,17.0,UG/M3,1 Hr,Valid
Phora Durbar Kathmandu,PM2.5 - Principal,2024-06-30 06:00 PM,2024,06,30,18,23.8,78,Moderate,123.0,UG/M3,1 Hr,Invalid
Phora Durbar Kathmandu,PM2.5 - Principal,2024-06-30 07:00 PM,2024,06,30,19,29.3,89,Moderate,32.0,UG/M3,1 Hr,Valid
Phora Durbar Kathmandu,PM2.5 - Principal,2024-06-30 08:00 PM,2024,06,30,20,18.8,69,Moderate,11.0,UG/M3,1 Hr,Valid
Phora Durbar Kathmandu,PM2.5 - Principal,2024-06-30 09:00 PM,2024,06,30,21,26.9,84,Moderate,34.0,UG/M3,1 Hr,Valid
Phora Durbar Kathmandu,PM2.5 - Principal,2024-06-30 10:00 PM,2024,06,30,22,28.0,86,Moderate,29.0,UG/M3,1 Hr,Valid
Phora Durbar Kathmandu,PM2.5 - Principal,2024-06-30 11:00 PM,2024,06,30,23,42.2,117,Unhealthy for Sensitive Groups,56.0,UG/M3,1 Hr,Valid
Phora Durbar Kathmandu,PM2.5 - Principal,2024-07-01 12:00 AM,2024,07,01,00,42.2,117,Unhealthy for Sensitive Groups,-15.0,UG/M3,1 Hr,Invalid
Phora Durbar Kathmandu,PM2.5 - Principal,2024-07-01 01:00 AM,2024,07,01,01,27.9,86,Moderate,21.0,UG/M3,1 Hr,Valid
Phora Durbar Kathmandu,PM2.5 - Principal,2024-07-01 02:00 AM,2024,07,01,02,24.5,80,Moderate,22.0,UG/M3,1 Hr,Valid
Phora Durbar Kathmandu,PM2.5 - Principal,2024-07-01 03:00 AM,2024,07,01,03,22.6,76,Moderate,21.0,UG/M3,1 Hr,Valid
Phora Durbar Kathmandu,PM2.5 - Principal,2024-07-01 04:00 AM,2024,07,01,04,28.5,87,Moderate,34.0,UG/M3,1 Hr,Valid
Phora Durbar Kathmandu,PM2.5 - Principal,2024-07-01 05:00 AM,2024,07,01,05,21.6,74,Moderate,15.0,UG/M3,1 Hr,Valid
Phora Durbar Kathmandu,PM2.5 - Principal,2024-07-01 06:00 AM,2024,07,01,06,17.2,66,Moderate,13.0,UG/M3,1 Hr,Valid
Phora Durbar Kathmandu,PM2.5 - Principal,2024-07-01 07:00 AM,2024,07,01,07,16.6,65,Moderate,16.0,UG/M3,1 Hr,Valid
Phora Durbar Kathmandu,PM2.5 - Principal,2024-07-01 08:00 AM,2024,07,01,08,16.8,65,Moderate,17.0,UG/M3,1 Hr,Valid
Phora Durbar Kathmandu,PM2.5 - Principal,2024-07-01 09:00 AM,2024,07,01,09,16.8,65,Moderate,-15.0,UG/M3,1 Hr,Invalid
Phora Durbar Kathmandu,PM2.5 - Principal,2024-07-01 10:00 AM,2024,07,01,10,18.9,69,Moderate,20.0,UG/M3,1 Hr,Valid
Phora Durbar Kathmandu,PM2.5 - Principal,2024-07-01 11:00 AM,2024,07,01,11,38.9,109,Unhealthy for Sensitive Groups,54.0,UG/M3,1 Hr,Valid
Phora Durbar Kathmandu,PM2.5 - Principal,2024-07-01 12:00 PM,2024,07,01,12,37.9,107,Unhealthy for Sensitive Groups,37.0,UG/M3,1 Hr,Valid
Phora Durbar Kathmandu,PM2.5 - Principal,2024-07-01 01:00 PM,2024,07,01,13,37.9,107,Unhealthy for Sensitive Groups,-10.0,UG/M3,1 Hr,Invalid
Phora Durbar Kathmandu,PM2.5 - Principal,2024-07-01 02:00 PM,2024,07,01,14,28.4,87,Moderate,24.0,UG/M3,1 Hr,Valid
Phora Durbar Kathmandu,PM2.5 - Principal,2024-07-01 03:00 PM,2024,07,01,15,10.3,53,Moderate,-3.0,UG/M3,1 Hr,Valid
Phora Durbar Kathmandu,PM2.5 - Principal,2024-07-01 04:00 PM,2024,07,01,16,19.2,70,Moderate,27.0,UG/M3,1 Hr,Valid
Phora Durbar Kathmandu,PM2.5 - Principal,2024-07-01 05:00 PM,2024,07,01,17,29.9,90,Moderate,40.0,UG/M3,1 Hr,Valid
Phora Durbar Kathmandu,PM2.5 - Principal,2024-07-01 06:00 PM,2024,07,01,18,34.5,98,Moderate,39.0,UG/M3,1 Hr,Valid
Phora Durbar Kathmandu,PM2.5 - Principal,2024-07-01 07:00 PM,2024,07,01,19,26.7,84,Moderate,19.0,UG/M3,1 Hr,Valid
Phora Durbar Kathmandu,PM2.5 - Principal,2024-07-01 08:00 PM,2024,07,01,20,20.3,72,Moderate,14.0,UG/M3,1 Hr,Valid
Phora Durbar Kathmandu,PM2.5 - Principal,2024-07-01 09:00 PM,2024,07,01,21,17.6,67,Moderate,15.0,UG/M3,1 Hr,Valid
Phora Durbar Kathmandu,PM2.5 - Principal,2024-07-01 10:00 PM,2024,07,01,22,23.8,78,Moderate,30.0,UG/M3,1 Hr,Valid
Phora Durbar Kathmandu,PM2.5 - Principal,2024-07-01 11:00 PM,2024,07,01,23,24.9,80,Moderate,26.0,UG/M3,1 Hr,Valid
Phora Durbar Kathmandu,PM2.5 - Principal,2024-07-02 12:00 AM,2024,07,02,00,25.9,82,Moderate,27.0,UG/M3,1 Hr,Valid
Phora Durbar Kathmandu,PM2.5 - Principal,2024-07-02 01:00 AM,2024,07,02,01,19.4,70,Moderate,13.0,UG/M3,1 Hr,Valid
Phora Durbar Kathmandu,PM2.5 - Principal,2024-07-02 02:00 AM,2024,07,02,02,8.7,48,Good,-2.0,UG/M3,1 Hr,Valid
Phora Durbar Kathmandu,PM2.5 - Principal,2024-07-02 03:00 AM,2024,07,02,03,9.8,52,Moderate,11.0,UG/M3,1 Hr,Valid
Phora Durbar Kathmandu,PM2.5 - Principal,2024-07-02 04:00 AM,2024,07,02,04,33.9,97,Moderate,58.0,UG/M3,1 Hr,Valid
Phora Durbar Kathmandu,PM2.5 - Principal,2024-07-02 05:00 AM,2024,07,02,05,48.4,133,Unhealthy for Sensitive Groups,63.0,UG/M3,1 Hr,Valid
Phora Durbar Kathmandu,PM2.5 - Principal,2024-07-02 06:00 AM,2024,07,02,06,48.4,133,Unhealthy for Sensitive Groups,-15.0,UG/M3,1 Hr,Invalid
Phora Durbar Kathmandu,PM2.5 - Principal,2024-07-02 07:00 AM,2024,07,02,07,30.8,91,Moderate,22.0,UG/M3,1 Hr,Valid
Phora Durbar Kathmandu,PM2.5 - Principal,2024-07-02 08:00 AM,2024,07,02,08,28.0,86,Moderate,26.0,UG/M3,1 Hr,Valid
Phora Durbar Kathmandu,PM2.5 - Principal,2024-07-02 09:00 AM,2024,07,02,09,28.5,87,Moderate,29.0,UG/M3,1 Hr,Valid
Phora Durbar Kathmandu,PM2.5 - Principal,2024-07-02 10:00 AM,2024,07,02,10,15.8,63,Moderate,4.0,UG/M3,1 Hr,Valid
Phora Durbar Kathmandu,PM2.5 - Principal,2024-07-02 11:00 AM,2024,07,02,11,17.4,66,Moderate,19.0,UG/M3,1 Hr,Valid
Phora Durbar Kathmandu,PM2.5 - Principal,2024-07-02 12:00 PM,2024,07,02,12,17.4,66,Moderate,-999.0,UG/M3,1 Hr,Missing
Phora Durbar Kathmandu,PM2.5 - Principal,2024-07-02 01:00 PM,2024,07,02,13,23.8,78,Moderate,27.0,UG/M3,1 Hr,Valid
Phora Durbar Kathmandu,PM2.5 - Principal,2024-07-02 04:00 PM,2024,07,02,16,-999.0,-999,N/A,23.0,UG/M3,1 Hr,Valid
Phora Durbar Kathmandu,PM2.5 - Principal,2024-07-02 05:00 PM,2024,07,02,17,-999.0,-999,N/A,-15.0,UG/M3,1 Hr,Invalid
Phora Durbar Kathmandu,PM2.5 - Principal,2024-07-02 06:00 PM,2024,07,02,18,26.1,83,Moderate,27.0,UG/M3,1 Hr,Valid
Phora Durbar Kathmandu,PM2.5 - Principal,2024-07-02 07:00 PM,2024,07,02,19,64.8,158,Unhealthy,90.0,UG/M3,1 Hr,Valid
Phora Durbar Kathmandu,PM2.5 - Principal,2024-07-02 08:00 PM,2024,07,02,20,38.6,109,Unhealthy for Sensitive Groups,17.0,UG/M3,1 Hr,Valid
Phora Durbar Kathmandu,PM2.5 - Principal,2024-07-02 09:00 PM,2024,07,02,21,25.7,82,Moderate,14.0,UG/M3,1 Hr,Valid
Phora Durbar Kathmandu,PM2.5 - Principal,2024-07-02 10:00 PM,2024,07,02,22,25.3,81,Moderate,25.0,UG/M3,1 Hr,Valid
Phora Durbar Kathmandu,PM2.5 - Principal,2024-07-02 11:00 PM,2024,07,02,23,18.1,68,Moderate,11.0,UG/M3,1 Hr,Valid
Phora Durbar Kathmandu,PM2.5 - Principal,2024-07-03 12:00 AM,2024,07,03,00,21.5,74,Moderate,25.0,UG/M3,1 Hr,Valid
Phora Durbar Kathmandu,PM2.5 - Principal,2024-07-03 01:00 AM,2024,07,03,01,18.7,69,Moderate,16.0,UG/M3,1 Hr,Valid
Phora Durbar Kathmandu,PM2.5 - Principal,2024-07-03 02:00 AM,2024,07,03,02,19.3,70,Moderate,20.0,UG/M3,1 Hr,Valid
Phora Durbar Kathmandu,PM2.5 - Principal,2024-07-03 03:00 AM,2024,07,03,03,19.3,70,Moderate,-999.0,UG/M3,1 Hr,Missing
Phora Durbar Kathmandu,PM2.5 - Principal,2024-07-03 04:00 AM,2024,07,03,04,24.4,80,Moderate,27.0,UG/M3,1 Hr,Valid
Phora Durbar Kathmandu,PM2.5 - Principal,2024-07-03 05:00 AM,2024,07,03,05,23.6,78,Moderate,23.0,UG/M3,1 Hr,Valid
Phora Durbar Kathmandu,PM2.5 - Principal,2024-07-03 06:00 AM,2024,07,03,06,20.0,71,Moderate,17.0,UG/M3,1 Hr,Valid
Phora Durbar Kathmandu,PM2.5 - Principal,2024-07-03 07:00 AM,2024,07,03,07,22.1,75,Moderate,24.0,UG/M3,1 Hr,Valid
Phora Durbar Kathmandu,PM2.5 - Principal,2024-07-03 08:00 AM,2024,07,03,08,19.5,70,Moderate,17.0,UG/M3,1 Hr,Valid
Phora Durbar Kathmandu,PM2.5 - Principal,2024-07-03 09:00 AM,2024,07,03,09,24.2,79,Moderate,29.0,UG/M3,1 Hr,Valid
Phora Durbar Kathmandu,PM2.5 - Principal,2024-07-03 10:00 AM,2024,07,03,10,30.1,90,Moderate,36.0,UG/M3,1 Hr,Valid
Phora Durbar Kathmandu,PM2.5 - Principal,2024-07-03 11:00 AM,2024,07,03,11,21.0,73,Moderate,12.0,UG/M3,1 Hr,Valid
Phora Durbar Kathmandu,PM2.5 - Principal,2024-07-03 12:00 PM,2024,07,03,12,10.0,53,Moderate,-1.0,UG/M3,1 Hr,Valid
Phora Durbar Kathmandu,PM2.5 - Principal,2024-07-03 01:00 PM,2024,07,03,13,22.0,75,Moderate,34.0,UG/M3,1 Hr,Valid
Phora Durbar Kathmandu,PM2.5 - Principal,2024-07-03 02:00 PM,2024,07,03,14,44.5,123,Unhealthy for Sensitive Groups,67.0,UG/M3,1 Hr,Valid
Phora Durbar Kathmandu,PM2.5 - Principal,2024-07-03 03:00 PM,2024,07,03,15,34.2,98,Moderate,24.0,UG/M3,1 Hr,Valid
Phora Durbar Kathmandu,PM2.5 - Principal,2024-07-03 04:00 PM,2024,07,03,16,30.6,91,Moderate,27.0,UG/M3,1 Hr,Valid
Phora Durbar Kathmandu,PM2.5 - Principal,2024-07-03 05:00 PM,2024,07,03,17,16.3,64,Moderate,2.0,UG/M3,1 Hr,Valid
Phora Durbar Kathmandu,PM2.5 - Principal,2024-07-03 06:00 PM,2024,07,03,18,16.3,64,Moderate,-14.0,UG/M3,1 Hr,Invalid
Phora Durbar Kathmandu,PM2.5 - Principal,2024-07-03 07:00 PM,2024,07,03,19,-999.0,-999,N/A,-15.0,UG/M3,1 Hr,Invalid
Phora Durbar Kathmandu,PM2.5 - Principal,2024-07-03 08:00 PM,2024,07,03,20,-999.0,-999,N/A,66.0,UG/M3,1 Hr,Valid
Phora Durbar Kathmandu,PM2.5 - Principal,2024-07-03 09:00 PM,2024,07,03,21,26.4,83,Moderate,8.0,UG/M3,1 Hr,Valid
Phora Durbar Kathmandu,PM2.5 - Principal,2024-07-03 10:00 PM,2024,07,03,22,40.0,112,Unhealthy for Sensitive Groups,51.0,UG/M3,1 Hr,Valid
Phora Durbar Kathmandu,PM2.5 - Principal,2024-07-03 11:00 PM,2024,07,03,23,18.4,68,Moderate,-1.0,UG/M3,1 Hr,Valid
Phora Durbar Kathmandu,PM2.5 - Principal,2024-07-04 12:00 AM,2024,07,04,00,22.8,77,Moderate,27.0,UG/M3,1 Hr,Valid
Phora Durbar Kathmandu,PM2.5 - Principal,2024-07-04 01:00 AM,2024,07,04,01,21.4,74,Moderate,20.0,UG/M3,1 Hr,Valid
Phora Durbar Kathmandu,PM2.5 - Principal,2024-07-04 02:00 AM,2024,07,04,02,20.6,72,Moderate,20.0,UG/M3,1 Hr,Valid
Phora Durbar Kathmandu,PM2.5 - Principal,2024-07-04 03:00 AM,2024,07,04,03,17.3,66,Moderate,14.0,UG/M3,1 Hr,Valid
Phora Durbar Kathmandu,PM2.5 - Principal,2024-07-04 04:00 AM,2024,07,04,04,16.6,65,Moderate,16.0,UG/M3,1 Hr,Valid
Phora Durbar Kathmandu,PM2.5 - Principal,2024-07-04 05:00 AM,2024,07,04,05,17.8,67,Moderate,19.0,UG/M3,1 Hr,Valid
Phora Durbar Kathmandu,PM2.5 - Principal,2024-07-04 06:00 AM,2024,07,04,06,17.4,66,Moderate,17.0,UG/M3,1 Hr,Valid
Phora Durbar Kathmandu,PM2.5 - Principal,2024-07-04 07:00 AM,2024,07,04,07,16.7,65,Moderate,16.0,UG/M3,1 Hr,Valid
Phora Durbar Kathmandu,PM2.5 - Principal,2024-07-04 08:00 AM,2024,07,04,08,17.3,66,Moderate,18.0,UG/M3,1 Hr,Valid
Phora Durbar Kathmandu,PM2.5 - Principal,2024-07-04 09:00 AM,2024,07,04,09,24.6,80,Moderate,32.0,UG/M3,1 Hr,Valid
Phora Durbar Kathmandu,PM2.5 - Principal,2024-07-04 10:00 AM,2024,07,04,10,32.8,95,Moderate,41.0,UG/M3,1 Hr,Valid
Phora Durbar Kathmandu,PM2.5 - Principal,2024-07-04 11:00 AM,2024,07,04,11,18.4,68,Moderate,4.0,UG/M3,1 Hr,Valid
Phora Durbar Kathmandu,PM2.5 - Principal,2024-07-04 12:00 PM,2024,07,04,12,18.2,68,Moderate,18.0,UG/M3,1 Hr,Valid
Phora Durbar Kathmandu,PM2.5 - Principal,2024-07-04 01:00 PM,2024,07,04,13,18.2,68,Moderate,-15.0,UG/M3,1 Hr,Invalid
Phora Durbar Kathmandu,PM2.5 - Principal,2024-07-04 02:00 PM,2024,07,04,14,18.7,69,Moderate,19.0,UG/M3,1 Hr,Valid
Phora Durbar Kathmandu,PM2.5 - Principal,2024-07-04 03:00 PM,2024,07,04,15,17.7,67,Moderate,17.0,UG/M3,1 Hr,Valid
Phora Durbar Kathmandu,PM2.5 - Principal,2024-07-04 04:00 PM,2024,07,04,16,18.9,69,Moderate,20.0,UG/M3,1 Hr,Valid
Phora Durbar Kathmandu,PM2.5 - Principal,2024-07-04 05:00 PM,2024,07,04,17,57.6,152,Unhealthy,94.0,UG/M3,1 Hr,Valid
Phora Durbar Kathmandu,PM2.5 - Principal,2024-07-04 06:00 PM,2024,07,04,18,34.4,98,Moderate,12.0,UG/M3,1 Hr,Valid
Phora Durbar Kathmandu,PM2.5 - Principal,2024-07-04 07:00 PM,2024,07,04,19,19.6,71,Moderate,5.0,UG/M3,1 Hr,Valid
Phora Durbar Kathmandu,PM2.5 - Principal,2024-07-04 08:00 PM,2024,07,04,20,31.8,93,Moderate,44.0,UG/M3,1 Hr,Valid
Phora Durbar Kathmandu,PM2.5 - Principal,2024-07-04 09:00 PM,2024,07,04,21,26.9,84,Moderate,22.0,UG/M3,1 Hr,Valid
Phora Durbar Kathmandu,PM2.5 - Principal,2024-07-04 10:00 PM,2024,07,04,22,16.9,66,Moderate,7.0,UG/M3,1 Hr,Valid
Phora Durbar Kathmandu,PM2.5 - Principal,2024-07-04 11:00 PM,2024,07,04,23,13.4,59,Moderate,10.0,UG/M3,1 Hr,Valid
Phora Durbar Kathmandu,PM2.5 - Principal,2024-07-05 12:00 AM,2024,07,05,00,20.7,73,Moderate,28.0,UG/M3,1 Hr,Valid
Phora Durbar Kathmandu,PM2.5 - Principal,2024-07-05 01:00 AM,2024,07,05,01,14.8,62,Moderate,9.0,UG/M3,1 Hr,Valid
Phora Durbar Kathmandu,PM2.5 - Principal,2024-07-05 02:00 AM,2024,07,05,02,14.8,62,Moderate,-999.0,UG/M3,1 Hr,Missing
Phora Durbar Kathmandu,PM2.5 - Principal,2024-07-05 04:00 AM,2024,07,05,04,-999.0,-999,N/A,48.0,UG/M3,1 Hr,Valid
Phora Durbar Kathmandu,PM2.5 - Principal,2024-07-05 05:00 AM,2024,07,05,05,28.2,87,Moderate,20.0,UG/M3,1 Hr,Valid
Phora Durbar Kathmandu,PM2.5 - Principal,2024-07-05 06:00 AM,2024,07,05,06,23.1,77,Moderate,19.0,UG/M3,1 Hr,Valid
Phora Durbar Kathmandu,PM2.5 - Principal,2024-07-05 07:00 AM,2024,07,05,07,17.2,66,Moderate,12.0,UG/M3,1 Hr,Valid
Phora Durbar Kathmandu,PM2.5 - Principal,2024-07-05 08:00 AM,2024,07,05,08,17.2,66,Moderate,-999.0,UG/M3,1 Hr,Missing
Phora Durbar Kathmandu,PM2.5 - Principal,2024-07-05 09:00 AM,2024,07,05,09,26.5,83,Moderate,31.0,UG/M3,1 Hr,Valid
Phora Durbar Kathmandu,PM2.5 - Principal,2024-07-05 10:00 AM,2024,07,05,10,33.1,96,Moderate,38.0,UG/M3,1 Hr,Valid
Phora Durbar Kathmandu,PM2.5 - Principal,2024-07-05 11:00 AM,2024,07,05,11,33.1,96,Moderate,-999.0,UG/M3,1 Hr,Missing
Phora Durbar Kathmandu,PM2.5 - Principal,2024-07-05 12:00 PM,2024,07,05,12,33.0,96,Moderate,33.0,UG/M3,1 Hr,Valid
Phora Durbar Kathmandu,PM2.5 - Principal,2024-07-05 01:00 PM,2024,07,05,13,26.6,84,Moderate,22.0,UG/M3,1 Hr,Valid
Phora Durbar Kathmandu,PM2.5 - Principal,2024-07-05 02:00 PM,2024,07,05,14,23.0,77,Moderate,20.0,UG/M3,1 Hr,Valid
Phora Durbar Kathmandu,PM2.5 - Principal,2024-07-05 03:00 PM,2024,07,05,15,20.4,72,Moderate,18.0,UG/M3,1 Hr,Valid
Phora Durbar Kathmandu,PM2.5 - Principal,2024-07-05 04:00 PM,2024,07,05,16,20.4,72,Moderate,-999.0,UG/M3,1 Hr,Missing
Phora Durbar Kathmandu,PM2.5 - Principal,2024-07-05 06:00 PM,2024,07,05,18,-999.0,-999,N/A,16.0,UG/M3,1 Hr,Valid
Phora Durbar Kathmandu,PM2.5 - Principal,2024-07-05 07:00 PM,2024,07,05,19,21.2,74,Moderate,24.0,UG/M3,1 Hr,Valid
Phora Durbar Kathmandu,PM2.5 - Principal,2024-07-05 08:00 PM,2024,07,05,20,21.2,74,Moderate,-14.0,UG/M3,1 Hr,Invalid
Phora Durbar Kathmandu,PM2.5 - Principal,2024-07-05 09:00 PM,2024,07,05,21,23.2,77,Moderate,24.0,UG/M3,1 Hr,Valid
Phora Durbar Kathmandu,PM2.5 - Principal,2024-07-05 10:00 PM,2024,07,05,22,28.3,87,Moderate,32.0,UG/M3,1 Hr,Valid
Phora Durbar Kathmandu,PM2.5 - Principal,2024-07-05 11:00 PM,2024,07,05,23,30.3,90,Moderate,32.0,UG/M3,1 Hr,Valid
Phora Durbar Kathmandu,PM2.5 - Principal,2024-07-06 12:00 AM,2024,07,06,00,30.3,90,Moderate,-999.0,UG/M3,1 Hr,Missing
Phora Durbar Kathmandu,PM2.5 - Principal,2024-07-06 01:00 AM,2024,07,06,01,17.1,66,Moderate,11.0,UG/M3,1 Hr,Valid
Phora Durbar Kathmandu,PM2.5 - Principal,2024-07-06 02:00 AM,2024,07,06,02,23.4,78,Moderate,28.0,UG/M3,1 Hr,Valid
Phora Durbar Kathmandu,PM2.5 - Principal,2024-07-06 03:00 AM,2024,07,06,03,17.8,67,Moderate,13.0,UG/M3,1 Hr,Valid
Phora Durbar Kathmandu,PM2.5 - Principal,2024-07-06 04:00 AM,2024,07,06,04,15.3,63,Moderate,13.0,UG/M3,1 Hr,Valid
Phora Durbar Kathmandu,PM2.5 - Principal,2024-07-06 05:00 AM,2024,07,06,05,7.0,39,Good,-1.0,UG/M3,1 Hr,Valid
Phora Durbar Kathmandu,PM2.5 - Principal,2024-07-06 06:00 AM,2024,07,06,06,5.4,30,Good,4.0,UG/M3,1 Hr,Valid
Phora Durbar Kathmandu,PM2.5 - Principal,2024-07-06 07:00 AM,2024,07,06,07,20.3,72,Moderate,35.0,UG/M3,1 Hr,Valid
Phora Durbar Kathmandu,PM2.5 - Principal,2024-07-06 08:00 AM,2024,07,06,08,20.1,71,Moderate,20.0,UG/M3,1 Hr,Valid
Phora Durbar Kathmandu,PM2.5 - Principal,2024-07-06 09:00 AM,2024,07,06,09,45.6,126,Unhealthy for Sensitive Groups,71.0,UG/M3,1 Hr,Valid
Phora Durbar Kathmandu,PM2.5 - Principal,2024-07-06 10:00 AM,2024,07,06,10,30.2,90,Moderate,15.0,UG/M3,1 Hr,Valid
Phora Durbar Kathmandu,PM2.5 - Principal,2024-07-06 11:00 AM,2024,07,06,11,22.6,76,Moderate,15.0,UG/M3,1 Hr,Valid
Phora Durbar Kathmandu,PM2.5 - Principal,2024-07-06 12:00 PM,2024,07,06,12,22.6,76,Moderate,-999.0,UG/M3,1 Hr,Missing
Phora Durbar Kathmandu,PM2.5 - Principal,2024-07-08 09:00 PM,2024,07,08,21,-999.0,-999,N/A,58.0,UG/M3,1 Hr,Valid
Phora Durbar Kathmandu,PM2.5 - Principal,2024-07-08 10:00 PM,2024,07,08,22,-999.0,-999,N/A,-15.0,UG/M3,1 Hr,Invalid
Phora Durbar Kathmandu,PM2.5 - Principal,2024-07-08 11:00 PM,2024,07,08,23,47.5,131,Unhealthy for Sensitive Groups,42.0,UG/M3,1 Hr,Valid
Phora Durbar Kathmandu,PM2.5 - Principal,2024-07-09 12:00 AM,2024,07,09,00,52.4,143,Unhealthy for Sensitive Groups,58.0,UG/M3,1 Hr,Valid
Phora Durbar Kathmandu,PM2.5 - Principal,2024-07-09 01:00 AM,2024,07,09,01,44.9,124,Unhealthy for Sensitive Groups,36.0,UG/M3,1 Hr,Valid
Phora Durbar Kathmandu,PM2.5 - Principal,2024-07-09 02:00 AM,2024,07,09,02,39.0,110,Unhealthy for Sensitive Groups,33.0,UG/M3,1 Hr,Valid
Phora Durbar Kathmandu,PM2.5 - Principal,2024-07-09 03:00 AM,2024,07,09,03,39.0,110,Unhealthy for Sensitive Groups,-15.0,UG/M3,1 Hr,Invalid
Phora Durbar Kathmandu,PM2.5 - Principal,2024-07-09 04:00 AM,2024,07,09,04,25.1,81,Moderate,19.0,UG/M3,1 Hr,Valid
Phora Durbar Kathmandu,PM2.5 - Principal,2024-07-09 05:00 AM,2024,07,09,05,32.5,95,Moderate,38.0,UG/M3,1 Hr,Valid
Phora Durbar Kathmandu,PM2.5 - Principal,2024-07-09 06:00 AM,2024,07,09,06,33.3,96,Moderate,34.0,UG/M3,1 Hr,Valid
Phora Durbar Kathmandu,PM2.5 - Principal,2024-07-09 07:00 AM,2024,07,09,07,42.9,119,Unhealthy for Sensitive Groups,52.0,UG/M3,1 Hr,Valid
Phora Durbar Kathmandu,PM2.5 - Principal,2024-07-09 08:00 AM,2024,07,09,08,39.9,112,Unhealthy for Sensitive Groups,37.0,UG/M3,1 Hr,Valid
Phora Durbar Kathmandu,PM2.5 - Principal,2024-07-09 09:00 AM,2024,07,09,09,61.1,155,Unhealthy,82.0,UG/M3,1 Hr,Valid
Phora Durbar Kathmandu,PM2.5 - Principal,2024-07-09 10:00 AM,2024,07,09,10,46.5,128,Unhealthy for Sensitive Groups,32.0,UG/M3,1 Hr,Valid
Phora Durbar Kathmandu,PM2.5 - Principal,2024-07-09 11:00 AM,2024,07,09,11,55.7,151,Unhealthy,65.0,UG/M3,1 Hr,Valid
Phora Durbar Kathmandu,PM2.5 - Principal,2024-07-09 12:00 PM,2024,07,09,12,39.3,110,Unhealthy for Sensitive Groups,23.0,UG/M3,1 Hr,Valid
Phora Durbar Kathmandu,PM2.5 - Principal,2024-07-09 01:00 PM,2024,07,09,13,39.6,111,Unhealthy for Sensitive Groups,40.0,UG/M3,1 Hr,Valid
Phora Durbar Kathmandu,PM2.5 - Principal,2024-07-09 02:00 PM,2024,07,09,14,34.3,98,Moderate,29.0,UG/M3,1 Hr,Valid
Phora Durbar Kathmandu,PM2.5 - Principal,2024-07-09 03:00 PM,2024,07,09,15,29.6,89,Moderate,25.0,UG/M3,1 Hr,Valid
Phora Durbar Kathmandu,PM2.5 - Principal,2024-07-09 04:00 PM,2024,07,09,16,21.8,75,Moderate,14.0,UG/M3,1 Hr,Valid
Phora Durbar Kathmandu,PM2.5 - Principal,2024-07-09 05:00 PM,2024,07,09,17,23.9,79,Moderate,26.0,UG/M3,1 Hr,Valid
Phora Durbar Kathmandu,PM2.5 - Principal,2024-07-09 06:00 PM,2024,07,09,18,30.4,91,Moderate,37.0,UG/M3,1 Hr,Valid
Phora Durbar Kathmandu,PM2.5 - Principal,2024-07-09 07:00 PM,2024,07,09,19,22.7,76,Moderate,15.0,UG/M3,1 Hr,Valid
Phora Durbar Kathmandu,PM2.5 - Principal,2024-07-09 08:00 PM,2024,07,09,20,29.3,89,Moderate,36.0,UG/M3,1 Hr,Valid
Phora Durbar Kathmandu,PM2.5 - Principal,2024-07-09 09:00 PM,2024,07,09,21,31.6,93,Moderate,34.0,UG/M3,1 Hr,Valid
Phora Durbar Kathmandu,PM2.5 - Principal,2024-07-09 10:00 PM,2024,07,09,22,29.8,90,Moderate,28.0,UG/M3,1 Hr,Valid
Phora Durbar Kathmandu,PM2.5 - Principal,2024-07-09 11:00 PM,2024,07,09,23,48.9,134,Unhealthy for Sensitive Groups,68.0,UG/M3,1 Hr,Valid
Phora Durbar Kathmandu,PM2.5 - Principal,2024-07-10 12:00 AM,2024,07,10,00,38.4,108,Unhealthy for Sensitive Groups,28.0,UG/M3,1 Hr,Valid
Phora Durbar Kathmandu,PM2.5 - Principal,2024-07-10 01:00 AM,2024,07,10,01,30.2,90,Moderate,22.0,UG/M3,1 Hr,Valid
Phora Durbar Kathmandu,PM2.5 - Principal,2024-07-10 02:00 AM,2024,07,10,02,16.6,65,Moderate,3.0,UG/M3,1 Hr,Valid
Phora Durbar Kathmandu,PM2.5 - Principal,2024-07-10 03:00 AM,2024,07,10,03,26.8,84,Moderate,37.0,UG/M3,1 Hr,Valid
Phora Durbar Kathmandu,PM2.5 - Principal,2024-07-10 04:00 AM,2024,07,10,04,26.8,84,Moderate,-15.0,UG/M3,1 Hr,Invalid
Phora Durbar Kathmandu,PM2.5 - Principal,2024-07-10 05:00 AM,2024,07,10,05,28.2,87,Moderate,29.0,UG/M3,1 Hr,Valid
Phora Durbar Kathmandu,PM2.5 - Principal,2024-07-10 06:00 AM,2024,07,10,06,45.8,126,Unhealthy for Sensitive Groups,59.0,UG/M3,1 Hr,Valid
Phora Durbar Kathmandu,PM2.5 - Principal,2024-07-10 07:00 AM,2024,07,10,07,35.7,101,Unhealthy for Sensitive Groups,27.0,UG/M3,1 Hr,Valid
Phora Durbar Kathmandu,PM2.5 - Principal,2024-07-10 08:00 AM,2024,07,10,08,19.3,70,Moderate,4.0,UG/M3,1 Hr,Valid
Phora Durbar Kathmandu,PM2.5 - Principal,2024-07-10 09:00 AM,2024,07,10,09,34.4,98,Moderate,49.0,UG/M3,1 Hr,Valid
Phora Durbar Kathmandu,PM2.5 - Principal,2024-07-10 10:00 AM,2024,07,10,10,36.2,103,Unhealthy for Sensitive Groups,38.0,UG/M3,1 Hr,Valid
Phora Durbar Kathmandu,PM2.5 - Principal,2024-07-10 11:00 AM,2024,07,10,11,34.1,98,Moderate,32.0,UG/M3,1 Hr,Valid
Phora Durbar Kathmandu,PM2.5 - Principal,2024-07-10 12:00 PM,2024,07,10,12,41.5,116,Unhealthy for Sensitive Groups,49.0,UG/M3,1 Hr,Valid
Phora Durbar Kathmandu,PM2.5 - Principal,2024-07-10 01:00 PM,2024,07,10,13,49.2,135,Unhealthy for Sensitive Groups,57.0,UG/M3,1 Hr,Valid
Phora Durbar Kathmandu,PM2.5 - Principal,2024-07-10 02:00 PM,2024,07,10,14,46.1,127,Unhealthy for Sensitive Groups,43.0,UG/M3,1 Hr,Valid
Phora Durbar Kathmandu,PM2.5 - Principal,2024-07-10 03:00 PM,2024,07,10,15,39.5,111,Unhealthy for Sensitive Groups,33.0,UG/M3,1 Hr,Valid
Phora Durbar Kathmandu,PM2.5 - Principal,2024-07-10 04:00 PM,2024,07,10,16,39.5,111,Unhealthy for Sensitive Groups,-15.0,UG/M3,1 Hr,Invalid
Phora Durbar Kathmandu,PM2.5 - Principal,2024-07-10 05:00 PM,2024,07,10,17,32.5,95,Moderate,29.0,UG/M3,1 Hr,Valid
Phora Durbar Kathmandu,PM2.5 - Principal,2024-07-10 06:00 PM,2024,07,10,18,50.5,138,Unhealthy for Sensitive Groups,64.0,UG/M3,1 Hr,Valid
Phora Durbar Kathmandu,PM2.5 - Principal,2024-07-10 07:00 PM,2024,07,10,19,44.9,124,Unhealthy for Sensitive Groups,40.0,UG/M3,1 Hr,Valid
Phora Durbar Kathmandu,PM2.5 - Principal,2024-07-10 08:00 PM,2024,07,10,20,29.4,89,Moderate,15.0,UG/M3,1 Hr,Valid
Phora Durbar Kathmandu,PM2.5 - Principal,2024-07-10 09:00 PM,2024,07,10,21,25.1,81,Moderate,21.0,UG/M3,1 Hr,Valid
Phora Durbar Kathmandu,PM2.5 - Principal,2024-07-10 10:00 PM,2024,07,10,22,17.0,66,Moderate,9.0,UG/M3,1 Hr,Valid
Phora Durbar Kathmandu,PM2.5 - Principal,2024-07-10 11:00 PM,2024,07,10,23,32.5,95,Moderate,48.0,UG/M3,1 Hr,Valid
Phora Durbar Kathmandu,PM2.5 - Principal,2024-07-11 12:00 AM,2024,07,11,00,22.7,76,Moderate,13.0,UG/M3,1 Hr,Valid
Phora Durbar Kathmandu,PM2.5 - Principal,2024-07-11 01:00 AM,2024,07,11,01,22.8,77,Moderate,23.0,UG/M3,1 Hr,Valid
Phora Durbar Kathmandu,PM2.5 - Principal,2024-07-11 02:00 AM,2024,07,11,02,25.4,81,Moderate,28.0,UG/M3,1 Hr,Valid
Phora Durbar Kathmandu,PM2.5 - Principal,2024-07-11 03:00 AM,2024,07,11,03,37.2,105,Unhealthy for Sensitive Groups,49.0,UG/M3,1 Hr,Valid
Phora Durbar Kathmandu,PM2.5 - Principal,2024-07-11 04:00 AM,2024,07,11,04,40.1,112,Unhealthy for Sensitive Groups,43.0,UG/M3,1 Hr,Valid
Phora Durbar Kathmandu,PM2.5 - Principal,2024-07-11 05:00 AM,2024,07,11,05,23.5,78,Moderate,7.0,UG/M3,1 Hr,Valid
Phora Durbar Kathmandu,PM2.5 - Principal,2024-07-11 06:00 AM,2024,07,11,06,37.7,106,Unhealthy for Sensitive Groups,52.0,UG/M3,1 Hr,Valid
Phora Durbar Kathmandu,PM2.5 - Principal,2024-07-11 07:00 AM,2024,07,11,07,46.3,128,Unhealthy for Sensitive Groups,55.0,UG/M3,1 Hr,Valid
Phora Durbar Kathmandu,PM2.5 - Principal,2024-07-11 08:00 AM,2024,07,11,08,41.6,116,Unhealthy for Sensitive Groups,37.0,UG/M3,1 Hr,Valid
Phora Durbar Kathmandu,PM2.5 - Principal,2024-07-11 09:00 AM,2024,07,11,09,41.7,116,Unhealthy for Sensitive Groups,-14.0,UG/M3,1 Hr,Invalid
Phora Durbar Kathmandu,PM2.5 - Principal,2024-07-11 10:00 AM,2024,07,11,10,45.9,127,Unhealthy for Sensitive Groups,48.0,UG/M3,1 Hr,Valid
Phora Durbar Kathmandu,PM2.5 - Principal,2024-07-11 11:00 AM,2024,07,11,11,40.8,114,Unhealthy for Sensitive Groups,37.0,UG/M3,1 Hr,Valid
Phora Durbar Kathmandu,PM2.5 - Principal,2024-07-11 12:00 PM,2024,07,11,12,28.6,87,Moderate,18.0,UG/M3,1 Hr,Valid
Phora Durbar Kathmandu,PM2.5 - Principal,2024-07-11 01:00 PM,2024,07,11,13,43.8,121,Unhealthy for Sensitive Groups,58.0,UG/M3,1 Hr,Valid
Phora Durbar Kathmandu,PM2.5 - Principal,2024-07-11 02:00 PM,2024,07,11,14,40.3,113,Unhealthy for Sensitive Groups,37.0,UG/M3,1 Hr,Valid
Phora Durbar Kathmandu,PM2.5 - Principal,2024-07-11 03:00 PM,2024,07,11,15,28.5,87,Moderate,17.0,UG/M3,1 Hr,Valid
Phora Durbar Kathmandu,PM2.5 - Principal,2024-07-11 04:00 PM,2024,07,11,16,37.8,107,Unhealthy for Sensitive Groups,47.0,UG/M3,1 Hr,Valid
Phora Durbar Kathmandu,PM2.5 - Principal,2024-07-11 05:00 PM,2024,07,11,17,32.9,95,Moderate,28.0,UG/M3,1 Hr,Valid
Phora Durbar Kathmandu,PM2.5 - Principal,2024-07-11 06:00 PM,2024,07,11,18,43.4,120,Unhealthy for Sensitive Groups,54.0,UG/M3,1 Hr,Valid
Phora Durbar Kathmandu,PM2.5 - Principal,2024-07-11 07:00 PM,2024,07,11,19,40.2,113,Unhealthy for Sensitive Groups,37.0,UG/M3,1 Hr,Valid
Phora Durbar Kathmandu,PM2.5 - Principal,2024-07-11 08:00 PM,2024,07,11,20,50.1,137,Unhealthy for Sensitive Groups,60.0,UG/M3,1 Hr,Valid
Phora Durbar Kathmandu,PM2.5 - Principal,2024-07-11 09:00 PM,2024,07,11,21,72.5,163,Unhealthy,95.0,UG/M3,1 Hr,Valid
Phora Durbar Kathmandu,PM2.5 - Principal,2024-07-11 10:00 PM,2024,07,11,22,50.7,138,Unhealthy for Sensitive Groups,29.0,UG/M3,1 Hr,Valid
Phora Durbar Kathmandu,PM2.5 - Principal,2024-07-11 11:00 PM,2024,07,11,23,35.3,100,Moderate,20.0,UG/M3,1 Hr,Valid
Phora Durbar Kathmandu,PM2.5 - Principal,2024-07-12 12:00 AM,2024,07,12,00,42.6,118,Unhealthy for Sensitive Groups,50.0,UG/M3,1 Hr,Valid
Phora Durbar Kathmandu,PM2.5 - Principal,2024-07-12 01:00 AM,2024,07,12,01,32.8,95,Moderate,23.0,UG/M3,1 Hr,Valid
Phora Durbar Kathmandu,PM2.5 - Principal,2024-07-12 02:00 AM,2024,07,12,02,18.4,68,Moderate,4.0,UG/M3,1 Hr,Valid
Phora Durbar Kathmandu,PM2.5 - Principal,2024-07-12 03:00 AM,2024,07,12,03,23.7,78,Moderate,29.0,UG/M3,1 Hr,Valid
Phora Durbar Kathmandu,PM2.5 - Principal,2024-07-12 04:00 AM,2024,07,12,04,23.7,78,Moderate,-6.0,UG/M3,1 Hr,Invalid
Phora Durbar Kathmandu,PM2.5 - Principal,2024-07-12 05:00 AM,2024,07,12,05,27.2,85,Moderate,29.0,UG/M3,1 Hr,Valid
Phora Durbar Kathmandu,PM2.5 - Principal,2024-07-12 06:00 AM,2024,07,12,06,-999.0,-999,N/A,-15.0,UG/M3,1 Hr,Invalid
Phora Durbar Kathmandu,PM2.5 - Principal,2024-07-12 07:00 AM,2024,07,12,07,25.6,82,Moderate,25.0,UG/M3,1 Hr,Valid
Phora Durbar Kathmandu,PM2.5 - Principal,2024-07-12 08:00 AM,2024,07,12,08,19.9,71,Moderate,16.0,UG/M3,1 Hr,Valid
Phora Durbar Kathmandu,PM2.5 - Principal,2024-07-12 09:00 AM,2024,07,12,09,29.7,89,Moderate,38.0,UG/M3,1 Hr,Valid
Phora Durbar Kathmandu,PM2.5 - Principal,2024-07-12 10:00 AM,2024,07,12,10,12.1,57,Moderate,-4.0,UG/M3,1 Hr,Valid
Phora Durbar Kathmandu,PM2.5 - Principal,2024-07-12 11:00 AM,2024,07,12,11,15.6,63,Moderate,19.0,UG/M3,1 Hr,Valid
Phora Durbar Kathmandu,PM2.5 - Principal,2024-07-12 12:00 PM,2024,07,12,12,7.2,40,Good,-1.0,UG/M3,1 Hr,Valid
Phora Durbar Kathmandu,PM2.5 - Principal,2024-07-12 01:00 PM,2024,07,12,13,2.5,14,Good,-2.0,UG/M3,1 Hr,Valid
Phora Durbar Kathmandu,PM2.5 - Principal,2024-07-12 02:00 PM,2024,07,12,14,17.8,67,Moderate,33.0,UG/M3,1 Hr,Valid
Phora Durbar Kathmandu,PM2.5 - Principal,2024-07-12 03:00 PM,2024,07,12,15,11.9,56,Moderate,6.0,UG/M3,1 Hr,Valid
Phora Durbar Kathmandu,PM2.5 - Principal,2024-07-12 04:00 PM,2024,07,12,16,19.9,71,Moderate,28.0,UG/M3,1 Hr,Valid
Phora Durbar Kathmandu,PM2.5 - Principal,2024-07-12 05:00 PM,2024,07,12,17,35.9,102,Unhealthy for Sensitive Groups,52.0,UG/M3,1 Hr,Valid
Phora Durbar Kathmandu,PM2.5 - Principal,2024-07-12 06:00 PM,2024,07,12,18,30.9,92,Moderate,26.0,UG/M3,1 Hr,Valid
Phora Durbar Kathmandu,PM2.5 - Principal,2024-07-12 07:00 PM,2024,07,12,19,30.9,92,Moderate,-9.0,UG/M3,1 Hr,Invalid
Phora Durbar Kathmandu,PM2.5 - Principal,2024-07-12 08:00 PM,2024,07,12,20,31.0,92,Moderate,31.0,UG/M3,1 Hr,Valid
Phora Durbar Kathmandu,PM2.5 - Principal,2024-07-12 09:00 PM,2024,07,12,21,24.1,79,Moderate,19.0,UG/M3,1 Hr,Valid
Phora Durbar Kathmandu,PM2.5 - Principal,2024-07-12 10:00 PM,2024,07,12,22,11.2,55,Moderate,0.0,UG/M3,1 Hr,Valid
Phora Durbar Kathmandu,PM2.5 - Principal,2024-07-12 11:00 PM,2024,07,12,23,15.2,62,Moderate,19.0,UG/M3,1 Hr,Valid
Phora Durbar Kathmandu,PM2.5 - Principal,2024-07-13 12:00 AM,2024,07,13,00,15.2,62,Moderate,-15.0,UG/M3,1 Hr,Invalid
Phora Durbar Kathmandu,PM2.5 - Principal,2024-07-13 01:00 AM,2024,07,13,01,7.6,42,Good,4.0,UG/M3,1 Hr,Valid
Phora Durbar Kathmandu,PM2.5 - Principal,2024-07-13 02:00 AM,2024,07,13,02,17.0,66,Moderate,24.0,UG/M3,1 Hr,Valid
Phora Durbar Kathmandu,PM2.5 - Principal,2024-07-13 03:00 AM,2024,07,13,03,6.8,38,Good,-2.0,UG/M3,1 Hr,Valid
Phora Durbar Kathmandu,PM2.5 - Principal,2024-07-13 04:00 AM,2024,07,13,04,14.1,60,Moderate,21.0,UG/M3,1 Hr,Valid
Phora Durbar Kathmandu,PM2.5 - Principal,2024-07-13 05:00 AM,2024,07,13,05,18.6,69,Moderate,23.0,UG/M3,1 Hr,Valid
Phora Durbar Kathmandu,PM2.5 - Principal,2024-07-13 06:00 AM,2024,07,13,06,33.9,97,Moderate,49.0,UG/M3,1 Hr,Valid
Phora Durbar Kathmandu,PM2.5 - Principal,2024-07-13 07:00 AM,2024,07,13,07,33.9,97,Moderate,-15.0,UG/M3,1 Hr,Invalid
Phora Durbar Kathmandu,PM2.5 - Principal,2024-07-13 08:00 AM,2024,07,13,08,25.9,82,Moderate,22.0,UG/M3,1 Hr,Valid
Phora Durbar Kathmandu,PM2.5 - Principal,2024-07-13 09:00 AM,2024,07,13,09,50.0,137,Unhealthy for Sensitive Groups,68.0,UG/M3,1 Hr,Valid
Phora Durbar Kathmandu,PM2.5 - Principal,2024-07-13 10:00 AM,2024,07,13,10,30.7,91,Moderate,14.0,UG/M3,1 Hr,Valid
Phora Durbar Kathmandu,PM2.5 - Principal,2024-07-13 11:00 AM,2024,07,13,11,41.7,116,Unhealthy for Sensitive Groups,52.0,UG/M3,1 Hr,Valid
Phora Durbar Kathmandu,PM2.5 - Principal,2024-07-13 12:00 PM,2024,07,13,12,36.2,103,Unhealthy for Sensitive Groups,31.0,UG/M3,1 Hr,Valid
Phora Durbar Kathmandu,PM2.5 - Principal,2024-07-13 01:00 PM,2024,07,13,13,32.1,94,Moderate,28.0,UG/M3,1 Hr,Valid
Phora Durbar Kathmandu,PM2.5 - Principal,2024-07-13 02:00 PM,2024,07,13,14,13.9,60,Moderate,-4.0,UG/M3,1 Hr,Valid
Phora Durbar Kathmandu,PM2.5 - Principal,2024-07-13 03:00 PM,2024,07,13,15,27.0,84,Moderate,40.0,UG/M3,1 Hr,Valid
Phora Durbar Kathmandu,PM2.5 - Principal,2024-07-13 04:00 PM,2024,07,13,16,25.0,81,Moderate,23.0,UG/M3,1 Hr,Valid
Phora Durbar Kathmandu,PM2.5 - Principal,2024-07-13 05:00 PM,2024,07,13,17,10.4,53,Moderate,-4.0,UG/M3,1 Hr,Valid
Phora Durbar Kathmandu,PM2.5 - Principal,2024-07-13 06:00 PM,2024,07,13,18,3.7,21,Good,-3.0,UG/M3,1 Hr,Valid
Phora Durbar Kathmandu,PM2.5 - Principal,2024-07-13 07:00 PM,2024,07,13,19,13.8,60,Moderate,24.0,UG/M3,1 Hr,Valid
Phora Durbar Kathmandu,PM2.5 - Principal,2024-07-13 08:00 PM,2024,07,13,20,30.9,92,Moderate,48.0,UG/M3,1 Hr,Valid
Phora Durbar Kathmandu,PM2.5 - Principal,2024-07-13 09:00 PM,2024,07,13,21,48.9,134,Unhealthy for Sensitive Groups,67.0,UG/M3,1 Hr,Valid
Phora Durbar Kathmandu,PM2.5 - Principal,2024-07-13 10:00 PM,2024,07,13,22,38.4,108,Unhealthy for Sensitive Groups,28.0,UG/M3,1 Hr,Valid
Phora Durbar Kathmandu,PM2.5 - Principal,2024-07-13 11:00 PM,2024,07,13,23,60.7,155,Unhealthy,83.0,UG/M3,1 Hr,Valid
Phora Durbar Kathmandu,PM2.5 - Principal,2024-07-14 12:00 AM,2024,07,14,00,44.3,123,Unhealthy for Sensitive Groups,28.0,UG/M3,1 Hr,Valid
Phora Durbar Kathmandu,PM2.5 - Principal,2024-07-14 01:00 AM,2024,07,14,01,34.1,98,Moderate,24.0,UG/M3,1 Hr,Valid
Phora Durbar Kathmandu,PM2.5 - Principal,2024-07-14 02:00 AM,2024,07,14,02,34.1,98,Moderate,-10.0,UG/M3,1 Hr,Invalid
Phora Durbar Kathmandu,PM2.5 - Principal,2024-07-14 03:00 AM,2024,07,14,03,39.3,110,Unhealthy for Sensitive Groups,42.0,UG/M3,1 Hr,Valid
Phora Durbar Kathmandu,PM2.5 - Principal,2024-07-14 04:00 AM,2024,07,14,04,30.5,91,Moderate,24.0,UG/M3,1 Hr,Valid
Phora Durbar Kathmandu,PM2.5 - Principal,2024-07-14 05:00 AM,2024,07,14,05,22.2,75,Moderate,15.0,UG/M3,1 Hr,Valid
Phora Durbar Kathmandu,PM2.5 - Principal,2024-07-14 06:00 AM,2024,07,14,06,22.2,75,Moderate,-15.0,UG/M3,1 Hr,Invalid
Phora Durbar Kathmandu,PM2.5 - Principal,2024-07-14 07:00 AM,2024,07,14,07,25.4,81,Moderate,27.0,UG/M3,1 Hr,Valid
Phora Durbar Kathmandu,PM2.5 - Principal,2024-07-14 08:00 AM,2024,07,14,08,54.6,148,Unhealthy for Sensitive Groups,76.0,UG/M3,1 Hr,Valid
Phora Durbar Kathmandu,PM2.5 - Principal,2024-07-14 09:00 AM,2024,07,14,09,42.5,118,Unhealthy for Sensitive Groups,32.0,UG/M3,1 Hr,Valid
Phora Durbar Kathmandu,PM2.5 - Principal,2024-07-14 10:00 AM,2024,07,14,10,38.1,107,Unhealthy for Sensitive Groups,34.0,UG/M3,1 Hr,Valid
Phora Durbar Kathmandu,PM2.5 - Principal,2024-07-14 11:00 AM,2024,07,14,11,30.4,91,Moderate,23.0,UG/M3,1 Hr,Valid
Phora Durbar Kathmandu,PM2.5 - Principal,2024-07-14 12:00 PM,2024,07,14,12,30.4,91,Moderate,-15.0,UG/M3,1 Hr,Invalid
Phora Durbar Kathmandu,PM2.5 - Principal,2024-07-14 01:00 PM,2024,07,14,13,42.2,117,Unhealthy for Sensitive Groups,48.0,UG/M3,1 Hr,Valid
Phora Durbar Kathmandu,PM2.5 - Principal,2024-07-14 02:00 PM,2024,07,14,14,21.4,74,Moderate,6.0,UG/M3,1 Hr,Valid
Phora Durbar Kathmandu,PM2.5 - Principal,2024-07-14 03:00 PM,2024,07,14,15,19.0,69,Moderate,17.0,UG/M3,1 Hr,Valid
Phora Durbar Kathmandu,PM2.5 - Principal,2024-07-14 04:00 PM,2024,07,14,16,46.4,128,Unhealthy for Sensitive Groups,72.0,UG/M3,1 Hr,Valid
Phora Durbar Kathmandu,PM2.5 - Principal,2024-07-14 05:00 PM,2024,07,14,17,38.5,108,Unhealthy for Sensitive Groups,31.0,UG/M3,1 Hr,Valid
Phora Durbar Kathmandu,PM2.5 - Principal,2024-07-14 06:00 PM,2024,07,14,18,27.7,86,Moderate,17.0,UG/M3,1 Hr,Valid
Phora Durbar Kathmandu,PM2.5 - Principal,2024-07-14 07:00 PM,2024,07,14,19,32.3,94,Moderate,37.0,UG/M3,1 Hr,Valid
Phora Durbar Kathmandu,PM2.5 - Principal,2024-07-14 08:00 PM,2024,07,14,20,28.1,86,Moderate,24.0,UG/M3,1 Hr,Valid
Phora Durbar Kathmandu,PM2.5 - Principal,2024-07-14 09:00 PM,2024,07,14,21,30.5,91,Moderate,33.0,UG/M3,1 Hr,Valid
Phora Durbar Kathmandu,PM2.5 - Principal,2024-07-14 10:00 PM,2024,07,14,22,41.3,115,Unhealthy for Sensitive Groups,52.0,UG/M3,1 Hr,Valid
Phora Durbar Kathmandu,PM2.5 - Principal,2024-07-14 11:00 PM,2024,07,14,23,38.1,107,Unhealthy for Sensitive Groups,35.0,UG/M3,1 Hr,Valid
Phora Durbar Kathmandu,PM2.5 - Principal,2024-07-15 12:00 AM,2024,07,15,00,45.0,124,Unhealthy for Sensitive Groups,52.0,UG/M3,1 Hr,Valid
Phora Durbar Kathmandu,PM2.5 - Principal,2024-07-15 01:00 AM,2024,07,15,01,37.5,106,Unhealthy for Sensitive Groups,30.0,UG/M3,1 Hr,Valid
Phora Durbar Kathmandu,PM2.5 - Principal,2024-07-15 02:00 AM,2024,07,15,02,32.7,95,Moderate,28.0,UG/M3,1 Hr,Valid
Phora Durbar Kathmandu,PM2.5 - Principal,2024-07-15 03:00 AM,2024,07,15,03,36.3,103,Unhealthy for Sensitive Groups,40.0,UG/M3,1 Hr,Valid
Phora Durbar Kathmandu,PM2.5 - Principal,2024-07-15 04:00 AM,2024,07,15,04,37.1,105,Unhealthy for Sensitive Groups,38.0,UG/M3,1 Hr,Valid
Phora Durbar Kathmandu,PM2.5 - Principal,2024-07-15 05:00 AM,2024,07,15,05,17.0,66,Moderate,-3.0,UG/M3,1 Hr,Valid
Phora Durbar Kathmandu,PM2.5 - Principal,2024-07-15 06:00 AM,2024,07,15,06,24.0,79,Moderate,31.0,UG/M3,1 Hr,Valid
Phora Durbar Kathmandu,PM2.5 - Principal,2024-07-15 07:00 AM,2024,07,15,07,21.0,73,Moderate,18.0,UG/M3,1 Hr,Valid
Phora Durbar Kathmandu,PM2.5 - Principal,2024-07-15 08:00 AM,2024,07,15,08,28.0,86,Moderate,35.0,UG/M3,1 Hr,Valid
Phora Durbar Kathmandu,PM2.5 - Principal,2024-07-15 09:00 AM,2024,07,15,09,52.5,143,Unhealthy for Sensitive Groups,77.0,UG/M3,1 Hr,Valid
Phora Durbar Kathmandu,PM2.5 - Principal,2024-07-15 10:00 AM,2024,07,15,10,34.2,98,Moderate,16.0,UG/M3,1 Hr,Valid
Phora Durbar Kathmandu,PM2.5 - Principal,2024-07-15 11:00 AM,2024,07,15,11,37.6,106,Unhealthy for Sensitive Groups,41.0,UG/M3,1 Hr,Valid
Phora Durbar Kathmandu,PM2.5 - Principal,2024-07-15 12:00 PM,2024,07,15,12,30.3,90,Moderate,23.0,UG/M3,1 Hr,Valid
Phora Durbar Kathmandu,PM2.5 - Principal,2024-07-15 01:00 PM,2024,07,15,13,40.1,112,Unhealthy for Sensitive Groups,50.0,UG/M3,1 Hr,Valid
Phora Durbar Kathmandu,PM2.5 - Principal,2024-07-15 02:00 PM,2024,07,15,14,42.0,117,Unhealthy for Sensitive Groups,44.0,UG/M3,1 Hr,Valid
Phora Durbar Kathmandu,PM2.5 - Principal,2024-07-15 03:00 PM,2024,07,15,15,33.0,96,Moderate,24.0,UG/M3,1 Hr,Valid
Phora Durbar Kathmandu,PM2.5 - Principal,2024-07-15 04:00 PM,2024,07,15,16,35.0,99,Moderate,37.0,UG/M3,1 Hr,Valid
Phora Durbar Kathmandu,PM2.5 - Principal,2024-07-15 05:00 PM,2024,07,15,17,21.5,74,Moderate,8.0,UG/M3,1 Hr,Valid
Phora Durbar Kathmandu,PM2.5 - Principal,2024-07-15 06:00 PM,2024,07,15,18,22.7,76,Moderate,24.0,UG/M3,1 Hr,Valid
Phora Durbar Kathmandu,PM2.5 - Principal,2024-07-15 07:00 PM,2024,07,15,19,26.3,83,Moderate,30.0,UG/M3,1 Hr,Valid
Phora Durbar Kathmandu,PM2.5 - Principal,2024-07-15 08:00 PM,2024,07,15,20,30.1,90,Moderate,34.0,UG/M3,1 Hr,Valid
Phora Durbar Kathmandu,PM2.5 - Principal,2024-07-15 09:00 PM,2024,07,15,21,29.5,89,Moderate,29.0,UG/M3,1 Hr,Valid
Phora Durbar Kathmandu,PM2.5 - Principal,2024-07-15 10:00 PM,2024,07,15,22,13.7,60,Moderate,-2.0,UG/M3,1 Hr,Valid
Phora Durbar Kathmandu,PM2.5 - Principal,2024-07-15 11:00 PM,2024,07,15,23,75.4,165,Unhealthy,137.0,UG/M3,1 Hr,Valid
Phora Durbar Kathmandu,PM2.5 - Principal,2024-07-16 12:00 AM,2024,07,16,00,51.7,141,Unhealthy for Sensitive Groups,28.0,UG/M3,1 Hr,Valid
Phora Durbar Kathmandu,PM2.5 - Principal,2024-07-16 01:00 AM,2024,07,16,01,37.8,107,Unhealthy for Sensitive Groups,24.0,UG/M3,1 Hr,Valid
Phora Durbar Kathmandu,PM2.5 - Principal,2024-07-16 02:00 AM,2024,07,16,02,24.4,80,Moderate,11.0,UG/M3,1 Hr,Valid
Phora Durbar Kathmandu,PM2.5 - Principal,2024-07-16 03:00 AM,2024,07,16,03,30.2,90,Moderate,36.0,UG/M3,1 Hr,Valid
Phora Durbar Kathmandu,PM2.5 - Principal,2024-07-16 04:00 AM,2024,07,16,04,14.1,60,Moderate,-2.0,UG/M3,1 Hr,Valid
Phora Durbar Kathmandu,PM2.5 - Principal,2024-07-16 05:00 AM,2024,07,16,05,7.0,39,Good,0.0,UG/M3,1 Hr,Valid
Phora Durbar Kathmandu,PM2.5 - Principal,2024-07-16 06:00 AM,2024,07,16,06,11.0,55,Moderate,15.0,UG/M3,1 Hr,Valid
Phora Durbar Kathmandu,PM2.5 - Principal,2024-07-16 07:00 AM,2024,07,16,07,23.5,78,Moderate,36.0,UG/M3,1 Hr,Valid
Phora Durbar Kathmandu,PM2.5 - Principal,2024-07-16 08:00 AM,2024,07,16,08,14.2,61,Moderate,5.0,UG/M3,1 Hr,Valid
Phora Durbar Kathmandu,PM2.5 - Principal,2024-07-16 09:00 AM,2024,07,16,09,20.6,72,Moderate,27.0,UG/M3,1 Hr,Valid
Phora Durbar Kathmandu,PM2.5 - Principal,2024-07-16 10:00 AM,2024,07,16,10,18.8,69,Moderate,17.0,UG/M3,1 Hr,Valid
Phora Durbar Kathmandu,PM2.5 - Principal,2024-07-16 11:00 AM,2024,07,16,11,16.3,64,Moderate,14.0,UG/M3,1 Hr,Valid
Phora Durbar Kathmandu,PM2.5 - Principal,2024-07-16 12:00 PM,2024,07,16,12,13.6,59,Moderate,11.0,UG/M3,1 Hr,Valid
Phora Durbar Kathmandu,PM2.5 - Principal,2024-07-16 01:00 PM,2024,07,16,13,26.8,84,Moderate,40.0,UG/M3,1 Hr,Valid
Phora Durbar Kathmandu,PM2.5 - Principal,2024-07-16 02:00 PM,2024,07,16,14,26.8,84,Moderate,-15.0,UG/M3,1 Hr,Invalid
Phora Durbar Kathmandu,PM2.5 - Principal,2024-07-16 03:00 PM,2024,07,16,15,34.2,98,Moderate,38.0,UG/M3,1 Hr,Valid
Phora Durbar Kathmandu,PM2.5 - Principal,2024-07-16 04:00 PM,2024,07,16,16,23.8,78,Moderate,16.0,UG/M3,1 Hr,Valid
Phora Durbar Kathmandu,PM2.5 - Principal,2024-07-16 05:00 PM,2024,07,16,17,18.0,68,Moderate,13.0,UG/M3,1 Hr,Valid
Phora Durbar Kathmandu,PM2.5 - Principal,2024-07-16 06:00 PM,2024,07,16,18,36.6,104,Unhealthy for Sensitive Groups,54.0,UG/M3,1 Hr,Valid
Phora Durbar Kathmandu,PM2.5 - Principal,2024-07-16 07:00 PM,2024,07,16,19,25.6,82,Moderate,15.0,UG/M3,1 Hr,Valid
Phora Durbar Kathmandu,PM2.5 - Principal,2024-07-16 08:00 PM,2024,07,16,20,32.3,94,Moderate,39.0,UG/M3,1 Hr,Valid
Phora Durbar Kathmandu,PM2.5 - Principal,2024-07-16 09:00 PM,2024,07,16,21,28.1,86,Moderate,24.0,UG/M3,1 Hr,Valid
Phora Durbar Kathmandu,PM2.5 - Principal,2024-07-16 10:00 PM,2024,07,16,22,22.5,76,Moderate,17.0,UG/M3,1 Hr,Valid
Phora Durbar Kathmandu,PM2.5 - Principal,2024-07-16 11:00 PM,2024,07,16,23,20.2,72,Moderate,18.0,UG/M3,1 Hr,Valid
Phora Durbar Kathmandu,PM2.5 - Principal,2024-07-17 12:00 AM,2024,07,17,00,26.1,83,Moderate,32.0,UG/M3,1 Hr,Valid
Phora Durbar Kathmandu,PM2.5 - Principal,2024-07-17 01:00 AM,2024,07,17,01,22.5,76,Moderate,19.0,UG/M3,1 Hr,Valid
Phora Durbar Kathmandu,PM2.5 - Principal,2024-07-17 02:00 AM,2024,07,17,02,31.7,93,Moderate,41.0,UG/M3,1 Hr,Valid
Phora Durbar Kathmandu,PM2.5 - Principal,2024-07-17 03:00 AM,2024,07,17,03,41.3,115,Unhealthy for Sensitive Groups,51.0,UG/M3,1 Hr,Valid
Phora Durbar Kathmandu,PM2.5 - Principal,2024-07-17 04:00 AM,2024,07,17,04,29.1,88,Moderate,17.0,UG/M3,1 Hr,Valid
Phora Durbar Kathmandu,PM2.5 - Principal,2024-07-17 05:00 AM,2024,07,17,05,13.0,58,Moderate,-3.0,UG/M3,1 Hr,Valid
Phora Durbar Kathmandu,PM2.5 - Principal,2024-07-17 06:00 AM,2024,07,17,06,16.5,65,Moderate,20.0,UG/M3,1 Hr,Valid
Phora Durbar Kathmandu,PM2.5 - Principal,2024-07-17 07:00 AM,2024,07,17,07,44.2,122,Unhealthy for Sensitive Groups,72.0,UG/M3,1 Hr,Valid
Phora Durbar Kathmandu,PM2.5 - Principal,2024-07-17 08:00 AM,2024,07,17,08,34.1,98,Moderate,24.0,UG/M3,1 Hr,Valid
Phora Durbar Kathmandu,PM2.5 - Principal,2024-07-17 09:00 AM,2024,07,17,09,34.1,98,Moderate,-9.0,UG/M3,1 Hr,Invalid
Phora Durbar Kathmandu,PM2.5 - Principal,2024-07-17 10:00 AM,2024,07,17,10,38.7,109,Unhealthy for Sensitive Groups,41.0,UG/M3,1 Hr,Valid
Phora Durbar Kathmandu,PM2.5 - Principal,2024-07-17 11:00 AM,2024,07,17,11,17.1,66,Moderate,1.0,UG/M3,1 Hr,Valid
Phora Durbar Kathmandu,PM2.5 - Principal,2024-07-17 12:00 PM,2024,07,17,12,31.4,93,Moderate,44.0,UG/M3,1 Hr,Valid
Phora Durbar Kathmandu,PM2.5 - Principal,2024-07-17 01:00 PM,2024,07,17,13,13.1,58,Moderate,-4.0,UG/M3,1 Hr,Valid
Phora Durbar Kathmandu,PM2.5 - Principal,2024-07-17 02:00 PM,2024,07,17,14,25.7,82,Moderate,38.0,UG/M3,1 Hr,Valid
Phora Durbar Kathmandu,PM2.5 - Principal,2024-07-17 03:00 PM,2024,07,17,15,21.3,74,Moderate,17.0,UG/M3,1 Hr,Valid
Phora Durbar Kathmandu,PM2.5 - Principal,2024-07-17 04:00 PM,2024,07,17,16,30.2,90,Moderate,39.0,UG/M3,1 Hr,Valid
Phora Durbar Kathmandu,PM2.5 - Principal,2024-07-17 05:00 PM,2024,07,17,17,21.0,73,Moderate,12.0,UG/M3,1 Hr,Valid
Phora Durbar Kathmandu,PM2.5 - Principal,2024-07-17 06:00 PM,2024,07,17,18,23.5,78,Moderate,26.0,UG/M3,1 Hr,Valid
Phora Durbar Kathmandu,PM2.5 - Principal,2024-07-17 07:00 PM,2024,07,17,19,11.2,55,Moderate,-1.0,UG/M3,1 Hr,Valid
Phora Durbar Kathmandu,PM2.5 - Principal,2024-07-17 08:00 PM,2024,07,17,20,29.6,89,Moderate,48.0,UG/M3,1 Hr,Valid
Phora Durbar Kathmandu,PM2.5 - Principal,2024-07-17 09:00 PM,2024,07,17,21,51.8,141,Unhealthy for Sensitive Groups,74.0,UG/M3,1 Hr,Valid
Phora Durbar Kathmandu,PM2.5 - Principal,2024-07-17 10:00 PM,2024,07,17,22,42.4,118,Unhealthy for Sensitive Groups,33.0,UG/M3,1 Hr,Valid
Phora Durbar Kathmandu,PM2.5 - Principal,2024-07-17 11:00 PM,2024,07,17,23,31.7,93,Moderate,21.0,UG/M3,1 Hr,Valid
Phora Durbar Kathmandu,PM2.5 - Principal,2024-07-18 12:00 AM,2024,07,18,00,18.8,69,Moderate,6.0,UG/M3,1 Hr,Valid
Phora Durbar Kathmandu,PM2.5 - Principal,2024-07-18 01:00 AM,2024,07,18,01,18.9,69,Moderate,19.0,UG/M3,1 Hr,Valid
Phora Durbar Kathmandu,PM2.5 - Principal,2024-07-18 02:00 AM,2024,07,18,02,58.9,153,Unhealthy,99.0,UG/M3,1 Hr,Valid
Phora Durbar Kathmandu,PM2.5 - Principal,2024-07-18 03:00 AM,2024,07,18,03,40.4,113,Unhealthy for Sensitive Groups,22.0,UG/M3,1 Hr,Valid
Phora Durbar Kathmandu,PM2.5 - Principal,2024-07-18 04:00 AM,2024,07,18,04,41.2,115,Unhealthy for Sensitive Groups,42.0,UG/M3,1 Hr,Valid
Phora Durbar Kathmandu,PM2.5 - Principal,2024-07-18 05:00 AM,2024,07,18,05,26.1,83,Moderate,11.0,UG/M3,1 Hr,Valid
Phora Durbar Kathmandu,PM2.5 - Principal,2024-07-18 06:00 AM,2024,07,18,06,15.5,63,Moderate,5.0,UG/M3,1 Hr,Valid
Phora Durbar Kathmandu,PM2.5 - Principal,2024-07-18 07:00 AM,2024,07,18,07,15.7,63,Moderate,16.0,UG/M3,1 Hr,Valid
Phora Durbar Kathmandu,PM2.5 - Principal,2024-07-18 08:00 AM,2024,07,18,08,15.7,63,Moderate,-15.0,UG/M3,1 Hr,Invalid
Phora Durbar Kathmandu,PM2.5 - Principal,2024-07-18 09:00 AM,2024,07,18,09,27.9,86,Moderate,34.0,UG/M3,1 Hr,Valid
Phora Durbar Kathmandu,PM2.5 - Principal,2024-07-18 10:00 AM,2024,07,18,10,14.8,62,Moderate,5.0,UG/M3,1 Hr,Valid
Phora Durbar Kathmandu,PM2.5 - Principal,2024-07-18 11:00 AM,2024,07,18,11,25.0,81,Moderate,34.0,UG/M3,1 Hr,Valid
Phora Durbar Kathmandu,PM2.5 - Principal,2024-07-18 12:00 PM,2024,07,18,12,22.9,77,Moderate,21.0,UG/M3,1 Hr,Valid
Phora Durbar Kathmandu,PM2.5 - Principal,2024-07-18 01:00 PM,2024,07,18,13,19.4,70,Moderate,16.0,UG/M3,1 Hr,Valid
Phora Durbar Kathmandu,PM2.5 - Principal,2024-07-18 02:00 PM,2024,07,18,14,19.4,70,Moderate,-15.0,UG/M3,1 Hr,Invalid
Phora Durbar Kathmandu,PM2.5 - Principal,2024-07-18 03:00 PM,2024,07,18,15,36.5,103,Unhealthy for Sensitive Groups,45.0,UG/M3,1 Hr,Valid
Phora Durbar Kathmandu,PM2.5 - Principal,2024-07-18 04:00 PM,2024,07,18,16,27.0,84,Moderate,20.0,UG/M3,1 Hr,Valid
Phora Durbar Kathmandu,PM2.5 - Principal,2024-07-18 05:00 PM,2024,07,18,17,22.7,76,Moderate,19.0,UG/M3,1 Hr,Valid
Phora Durbar Kathmandu,PM2.5 - Principal,2024-07-18 06:00 PM,2024,07,18,18,22.7,76,Moderate,-15.0,UG/M3,1 Hr,Invalid
Phora Durbar Kathmandu,PM2.5 - Principal,2024-07-18 07:00 PM,2024,07,18,19,29.7,89,Moderate,33.0,UG/M3,1 Hr,Valid
Phora Durbar Kathmandu,PM2.5 - Principal,2024-07-18 08:00 PM,2024,07,18,20,57.5,152,Unhealthy,78.0,UG/M3,1 Hr,Valid
Phora Durbar Kathmandu,PM2.5 - Principal,2024-07-18 09:00 PM,2024,07,18,21,48.6,133,Unhealthy for Sensitive Groups,41.0,UG/M3,1 Hr,Valid
Phora Durbar Kathmandu,PM2.5 - Principal,2024-07-18 10:00 PM,2024,07,18,22,48.7,134,Unhealthy for Sensitive Groups,-15.0,UG/M3,1 Hr,Invalid
Phora Durbar Kathmandu,PM2.5 - Principal,2024-07-18 11:00 PM,2024,07,18,23,37.9,107,Unhealthy for Sensitive Groups,33.0,UG/M3,1 Hr,Valid
Phora Durbar Kathmandu,PM2.5 - Principal,2024-07-19 12:00 AM,2024,07,19,00,17.2,66,Moderate,2.0,UG/M3,1 Hr,Valid
Phora Durbar Kathmandu,PM2.5 - Principal,2024-07-19 01:00 AM,2024,07,19,01,17.6,67,Moderate,18.0,UG/M3,1 Hr,Valid
Phora Durbar Kathmandu,PM2.5 - Principal,2024-07-19 02:00 AM,2024,07,19,02,15.7,63,Moderate,14.0,UG/M3,1 Hr,Valid
Phora Durbar Kathmandu,PM2.5 - Principal,2024-07-19 03:00 AM,2024,07,19,03,20.9,73,Moderate,26.0,UG/M3,1 Hr,Valid
Phora Durbar Kathmandu,PM2.5 - Principal,2024-07-19 04:00 AM,2024,07,19,04,17.9,67,Moderate,15.0,UG/M3,1 Hr,Valid
Phora Durbar Kathmandu,PM2.5 - Principal,2024-07-19 05:00 AM,2024,07,19,05,11.4,55,Moderate,5.0,UG/M3,1 Hr,Valid
Phora Durbar Kathmandu,PM2.5 - Principal,2024-07-19 06:00 AM,2024,07,19,06,7.2,40,Good,3.0,UG/M3,1 Hr,Valid
Phora Durbar Kathmandu,PM2.5 - Principal,2024-07-19 07:00 AM,2024,07,19,07,44.6,123,Unhealthy for Sensitive Groups,82.0,UG/M3,1 Hr,Valid
Phora Durbar Kathmandu,PM2.5 - Principal,2024-07-19 08:00 AM,2024,07,19,08,33.8,97,Moderate,23.0,UG/M3,1 Hr,Valid
Phora Durbar Kathmandu,PM2.5 - Principal,2024-07-19 09:00 AM,2024,07,19,09,36.4,103,Unhealthy for Sensitive Groups,39.0,UG/M3,1 Hr,Valid
Phora Durbar Kathmandu,PM2.5 - Principal,2024-07-19 10:00 AM,2024,07,19,10,27.7,86,Moderate,19.0,UG/M3,1 Hr,Valid
Phora Durbar Kathmandu,PM2.5 - Principal,2024-07-19 11:00 AM,2024,07,19,11,21.8,75,Moderate,16.0,UG/M3,1 Hr,Valid
Phora Durbar Kathmandu,PM2.5 - Principal,2024-07-19 12:00 PM,2024,07,19,12,22.4,76,Moderate,23.0,UG/M3,1 Hr,Valid
Phora Durbar Kathmandu,PM2.5 - Principal,2024-07-19 01:00 PM,2024,07,19,13,11.7,56,Moderate,1.0,UG/M3,1 Hr,Valid
Phora Durbar Kathmandu,PM2.5 - Principal,2024-07-19 02:00 PM,2024,07,19,14,16.3,64,Moderate,21.0,UG/M3,1 Hr,Valid
Phora Durbar Kathmandu,PM2.5 - Principal,2024-07-19 03:00 PM,2024,07,19,15,16.6,65,Moderate,17.0,UG/M3,1 Hr,Valid
Phora Durbar Kathmandu,PM2.5 - Principal,2024-07-19 04:00 PM,2024,07,19,16,13.8,60,Moderate,11.0,UG/M3,1 Hr,Valid
Phora Durbar Kathmandu,PM2.5 - Principal,2024-07-19 05:00 PM,2024,07,19,17,5.4,30,Good,-3.0,UG/M3,1 Hr,Valid
Phora Durbar Kathmandu,PM2.5 - Principal,2024-07-19 06:00 PM,2024,07,19,18,10.2,53,Moderate,15.0,UG/M3,1 Hr,Valid
Phora Durbar Kathmandu,PM2.5 - Principal,2024-07-19 07:00 PM,2024,07,19,19,21.5,74,Moderate,33.0,UG/M3,1 Hr,Valid
Phora Durbar Kathmandu,PM2.5 - Principal,2024-07-19 08:00 PM,2024,07,19,20,8.7,48,Good,-4.0,UG/M3,1 Hr,Valid
Phora Durbar Kathmandu,PM2.5 - Principal,2024-07-19 09:00 PM,2024,07,19,21,29.3,89,Moderate,50.0,UG/M3,1 Hr,Valid
Phora Durbar Kathmandu,PM2.5 - Principal,2024-07-19 10:00 PM,2024,07,19,22,22.6,76,Moderate,16.0,UG/M3,1 Hr,Valid
Phora Durbar Kathmandu,PM2.5 - Principal,2024-07-19 11:00 PM,2024,07,19,23,17.8,67,Moderate,13.0,UG/M3,1 Hr,Valid
Phora Durbar Kathmandu,PM2.5 - Principal,2024-07-20 12:00 AM,2024,07,20,00,14.4,61,Moderate,11.0,UG/M3,1 Hr,Valid
Phora Durbar Kathmandu,PM2.5 - Principal,2024-07-20 01:00 AM,2024,07,20,01,17.2,66,Moderate,20.0,UG/M3,1 Hr,Valid
Phora Durbar Kathmandu,PM2.5 - Principal,2024-07-20 02:00 AM,2024,07,20,02,17.2,66,Moderate,-15.0,UG/M3,1 Hr,Invalid
Phora Durbar Kathmandu,PM2.5 - Principal,2024-07-20 03:00 AM,2024,07,20,03,23.0,77,Moderate,26.0,UG/M3,1 Hr,Valid
Phora Durbar Kathmandu,PM2.5 - Principal,2024-07-20 04:00 AM,2024,07,20,04,20.7,73,Moderate,19.0,UG/M3,1 Hr,Valid
Phora Durbar Kathmandu,PM2.5 - Principal,2024-07-20 05:00 AM,2024,07,20,05,30.4,91,Moderate,39.0,UG/M3,1 Hr,Valid
Phora Durbar Kathmandu,PM2.5 - Principal,2024-07-20 06:00 AM,2024,07,20,06,35.9,102,Unhealthy for Sensitive Groups,41.0,UG/M3,1 Hr,Valid
Phora Durbar Kathmandu,PM2.5 - Principal,2024-07-20 07:00 AM,2024,07,20,07,23.7,78,Moderate,12.0,UG/M3,1 Hr,Valid
Phora Durbar Kathmandu,PM2.5 - Principal,2024-07-20 08:00 AM,2024,07,20,08,67.7,160,Unhealthy,111.0,UG/M3,1 Hr,Valid
Phora Durbar Kathmandu,PM2.5 - Principal,2024-07-20 09:00 AM,2024,07,20,09,46.7,129,Unhealthy for Sensitive Groups,26.0,UG/M3,1 Hr,Valid
Phora Durbar Kathmandu,PM2.5 - Principal,2024-07-20 10:00 AM,2024,07,20,10,40.8,114,Unhealthy for Sensitive Groups,35.0,UG/M3,1 Hr,Valid
Phora Durbar Kathmandu,PM2.5 - Principal,2024-07-20 11:00 AM,2024,07,20,11,28.9,88,Moderate,17.0,UG/M3,1 Hr,Valid
Phora Durbar Kathmandu,PM2.5 - Principal,2024-07-20 12:00 PM,2024,07,20,12,27.4,85,Moderate,26.0,UG/M3,1 Hr,Valid
Phora Durbar Kathmandu,PM2.5 - Principal,2024-07-20 01:00 PM,2024,07,20,13,27.2,85,Moderate,27.0,UG/M3,1 Hr,Valid
Phora Durbar Kathmandu,PM2.5 - Principal,2024-07-20 02:00 PM,2024,07,20,14,11.6,56,Moderate,-4.0,UG/M3,1 Hr,Valid
Phora Durbar Kathmandu,PM2.5 - Principal,2024-07-20 03:00 PM,2024,07,20,15,18.3,68,Moderate,25.0,UG/M3,1 Hr,Valid
Phora Durbar Kathmandu,PM2.5 - Principal,2024-07-20 04:00 PM,2024,07,20,16,11.6,56,Moderate,5.0,UG/M3,1 Hr,Valid
Phora Durbar Kathmandu,PM2.5 - Principal,2024-07-20 05:00 PM,2024,07,20,17,12.3,57,Moderate,13.0,UG/M3,1 Hr,Valid
Phora Durbar Kathmandu,PM2.5 - Principal,2024-07-20 06:00 PM,2024,07,20,18,11.6,56,Moderate,11.0,UG/M3,1 Hr,Valid
Phora Durbar Kathmandu,PM2.5 - Principal,2024-07-20 07:00 PM,2024,07,20,19,16.8,65,Moderate,22.0,UG/M3,1 Hr,Valid
Phora Durbar Kathmandu,PM2.5 - Principal,2024-07-20 08:00 PM,2024,07,20,20,19.4,70,Moderate,22.0,UG/M3,1 Hr,Valid
Phora Durbar Kathmandu,PM2.5 - Principal,2024-07-20 09:00 PM,2024,07,20,21,31.7,93,Moderate,44.0,UG/M3,1 Hr,Valid
Phora Durbar Kathmandu,PM2.5 - Principal,2024-07-20 10:00 PM,2024,07,20,22,31.7,93,Moderate,-15.0,UG/M3,1 Hr,Invalid
Phora Durbar Kathmandu,PM2.5 - Principal,2024-07-20 11:00 PM,2024,07,20,23,23.2,77,Moderate,19.0,UG/M3,1 Hr,Valid
Phora Durbar Kathmandu,PM2.5 - Principal,2024-07-21 12:00 AM,2024,07,21,00,19.6,71,Moderate,17.0,UG/M3,1 Hr,Valid
Phora Durbar Kathmandu,PM2.5 - Principal,2024-07-21 01:00 AM,2024,07,21,01,19.8,71,Moderate,20.0,UG/M3,1 Hr,Valid
Phora Durbar Kathmandu,PM2.5 - Principal,2024-07-21 02:00 AM,2024,07,21,02,20.9,73,Moderate,22.0,UG/M3,1 Hr,Valid
Phora Durbar Kathmandu,PM2.5 - Principal,2024-07-21 03:00 AM,2024,07,21,03,20.9,73,Moderate,-15.0,UG/M3,1 Hr,Invalid
Phora Durbar Kathmandu,PM2.5 - Principal,2024-07-21 04:00 AM,2024,07,21,04,20.3,72,Moderate,20.0,UG/M3,1 Hr,Valid
Phora Durbar Kathmandu,PM2.5 - Principal,2024-07-21 05:00 AM,2024,07,21,05,-999.0,-999,N/A,-15.0,UG/M3,1 Hr,Invalid
Phora Durbar Kathmandu,PM2.5 - Principal,2024-07-21 06:00 AM,2024,07,21,06,23.7,78,Moderate,25.0,UG/M3,1 Hr,Valid
Phora Durbar Kathmandu,PM2.5 - Principal,2024-07-21 07:00 AM,2024,07,21,07,26.2,83,Moderate,28.0,UG/M3,1 Hr,Valid
Phora Durbar Kathmandu,PM2.5 - Principal,2024-07-21 08:00 AM,2024,07,21,08,26.6,84,Moderate,27.0,UG/M3,1 Hr,Valid
Phora Durbar Kathmandu,PM2.5 - Principal,2024-07-21 09:00 AM,2024,07,21,09,29.8,90,Moderate,33.0,UG/M3,1 Hr,Valid
Phora Durbar Kathmandu,PM2.5 - Principal,2024-07-21 10:00 AM,2024,07,21,10,35.0,99,Moderate,40.0,UG/M3,1 Hr,Valid
Phora Durbar Kathmandu,PM2.5 - Principal,2024-07-21 11:00 AM,2024,07,21,11,43.6,121,Unhealthy for Sensitive Groups,52.0,UG/M3,1 Hr,Valid
Phora Durbar Kathmandu,PM2.5 - Principal,2024-07-21 12:00 PM,2024,07,21,12,35.2,100,Moderate,27.0,UG/M3,1 Hr,Valid
Phora Durbar Kathmandu,PM2.5 - Principal,2024-07-21 01:00 PM,2024,07,21,13,35.2,100,Moderate,-15.0,UG/M3,1 Hr,Invalid
Phora Durbar Kathmandu,PM2.5 - Principal,2024-07-21 02:00 PM,2024,07,21,14,26.4,83,Moderate,22.0,UG/M3,1 Hr,Valid
Phora Durbar Kathmandu,PM2.5 - Principal,2024-07-21 03:00 PM,2024,07,21,15,11.8,56,Moderate,1.0,UG/M3,1 Hr,Valid
Phora Durbar Kathmandu,PM2.5 - Principal,2024-07-21 04:00 PM,2024,07,21,16,6.6,37,Good,2.0,UG/M3,1 Hr,Valid
Phora Durbar Kathmandu,PM2.5 - Principal,2024-07-21 05:00 PM,2024,07,21,17,35.2,100,Moderate,62.0,UG/M3,1 Hr,Valid
Phora Durbar Kathmandu,PM2.5 - Principal,2024-07-21 06:00 PM,2024,07,21,18,23.4,78,Moderate,12.0,UG/M3,1 Hr,Valid
Phora Durbar Kathmandu,PM2.5 - Principal,2024-07-21 07:00 PM,2024,07,21,19,22.7,76,Moderate,22.0,UG/M3,1 Hr,Valid
Phora Durbar Kathmandu,PM2.5 - Principal,2024-07-21 08:00 PM,2024,07,21,20,20.3,72,Moderate,18.0,UG/M3,1 Hr,Valid
Phora Durbar Kathmandu,PM2.5 - Principal,2024-07-21 09:00 PM,2024,07,21,21,8.6,48,Good,-3.0,UG/M3,1 Hr,Valid
Phora Durbar Kathmandu,PM2.5 - Principal,2024-07-21 10:00 PM,2024,07,21,22,29.8,90,Moderate,51.0,UG/M3,1 Hr,Valid
Phora Durbar Kathmandu,PM2.5 - Principal,2024-07-21 11:00 PM,2024,07,21,23,37.4,106,Unhealthy for Sensitive Groups,45.0,UG/M3,1 Hr,Valid
Phora Durbar Kathmandu,PM2.5 - Principal,2024-07-22 12:00 AM,2024,07,22,00,34.7,99,Moderate,32.0,UG/M3,1 Hr,Valid
Phora Durbar Kathmandu,PM2.5 - Principal,2024-07-22 01:00 AM,2024,07,22,01,27.3,85,Moderate,20.0,UG/M3,1 Hr,Valid
Phora Durbar Kathmandu,PM2.5 - Principal,2024-07-22 02:00 AM,2024,07,22,02,27.3,85,Moderate,-7.0,UG/M3,1 Hr,Invalid
Phora Durbar Kathmandu,PM2.5 - Principal,2024-07-22 03:00 AM,2024,07,22,03,25.1,81,Moderate,24.0,UG/M3,1 Hr,Valid
Phora Durbar Kathmandu,PM2.5 - Principal,2024-07-22 04:00 AM,2024,07,22,04,-999.0,-999,N/A,-15.0,UG/M3,1 Hr,Invalid
Phora Durbar Kathmandu,PM2.5 - Principal,2024-07-22 05:00 AM,2024,07,22,05,-999.0,-999,N/A,-12.0,UG/M3,1 Hr,Invalid
Phora Durbar Kathmandu,PM2.5 - Principal,2024-07-22 06:00 AM,2024,07,22,06,-999.0,-999,N/A,-9.0,UG/M3,1 Hr,Invalid
Phora Durbar Kathmandu,PM2.5 - Principal,2024-07-22 07:00 AM,2024,07,22,07,-999.0,-999,N/A,27.0,UG/M3,1 Hr,Valid
Phora Durbar Kathmandu,PM2.5 - Principal,2024-07-22 08:00 AM,2024,07,22,08,26.2,83,Moderate,26.0,UG/M3,1 Hr,Valid
Phora Durbar Kathmandu,PM2.5 - Principal,2024-07-22 09:00 AM,2024,07,22,09,27.2,85,Moderate,28.0,UG/M3,1 Hr,Valid
Phora Durbar Kathmandu,PM2.5 - Principal,2024-07-22 10:00 AM,2024,07,22,10,21.8,75,Moderate,17.0,UG/M3,1 Hr,Valid
Phora Durbar Kathmandu,PM2.5 - Principal,2024-07-22 11:00 AM,2024,07,22,11,21.0,73,Moderate,20.0,UG/M3,1 Hr,Valid
Phora Durbar Kathmandu,PM2.5 - Principal,2024-07-22 12:00 PM,2024,07,22,12,15.8,63,Moderate,11.0,UG/M3,1 Hr,Valid
Phora Durbar Kathmandu,PM2.5 - Principal,2024-07-22 01:00 PM,2024,07,22,13,27.0,84,Moderate,38.0,UG/M3,1 Hr,Valid
Phora Durbar Kathmandu,PM2.5 - Principal,2024-07-22 02:00 PM,2024,07,22,14,30.0,90,Moderate,33.0,UG/M3,1 Hr,Valid
Phora Durbar Kathmandu,PM2.5 - Principal,2024-07-22 03:00 PM,2024,07,22,15,41.5,116,Unhealthy for Sensitive Groups,53.0,UG/M3,1 Hr,Valid
Phora Durbar Kathmandu,PM2.5 - Principal,2024-07-22 04:00 PM,2024,07,22,16,41.5,116,Unhealthy for Sensitive Groups,-15.0,UG/M3,1 Hr,Invalid
Phora Durbar Kathmandu,PM2.5 - Principal,2024-07-22 05:00 PM,2024,07,22,17,27.8,86,Moderate,21.0,UG/M3,1 Hr,Valid
Phora Durbar Kathmandu,PM2.5 - Principal,2024-07-22 06:00 PM,2024,07,22,18,10.7,54,Moderate,-2.0,UG/M3,1 Hr,Valid
Phora Durbar Kathmandu,PM2.5 - Principal,2024-07-22 07:00 PM,2024,07,22,19,34.3,98,Moderate,55.0,UG/M3,1 Hr,Valid
Phora Durbar Kathmandu,PM2.5 - Principal,2024-07-22 08:00 PM,2024,07,22,20,39.3,110,Unhealthy for Sensitive Groups,44.0,UG/M3,1 Hr,Valid
Phora Durbar Kathmandu,PM2.5 - Principal,2024-07-22 09:00 PM,2024,07,22,21,37.6,106,Unhealthy for Sensitive Groups,36.0,UG/M3,1 Hr,Valid
Phora Durbar Kathmandu,PM2.5 - Principal,2024-07-22 10:00 PM,2024,07,22,22,33.2,96,Moderate,29.0,UG/M3,1 Hr,Valid
Phora Durbar Kathmandu,PM2.5 - Principal,2024-07-22 11:00 PM,2024,07,22,23,27.1,85,Moderate,21.0,UG/M3,1 Hr,Valid
Phora Durbar Kathmandu,PM2.5 - Principal,2024-07-23 12:00 AM,2024,07,23,00,66.6,159,Unhealthy,106.0,UG/M3,1 Hr,Valid
Phora Durbar Kathmandu,PM2.5 - Principal,2024-07-23 01:00 AM,2024,07,23,01,40.2,113,Unhealthy for Sensitive Groups,14.0,UG/M3,1 Hr,Valid
Phora Durbar Kathmandu,PM2.5 - Principal,2024-07-23 02:00 AM,2024,07,23,02,23.6,78,Moderate,7.0,UG/M3,1 Hr,Valid
Phora Durbar Kathmandu,PM2.5 - Principal,2024-07-23 03:00 AM,2024,07,23,03,10.3,53,Moderate,-3.0,UG/M3,1 Hr,Valid
Phora Durbar Kathmandu,PM2.5 - Principal,2024-07-23 04:00 AM,2024,07,23,04,3.1,17,Good,-4.0,UG/M3,1 Hr,Valid
Phora Durbar Kathmandu,PM2.5 - Principal,2024-07-23 05:00 AM,2024,07,23,05,3.5,19,Good,4.0,UG/M3,1 Hr,Valid
Phora Durbar Kathmandu,PM2.5 - Principal,2024-07-23 06:00 AM,2024,07,23,06,3.5,19,Good,-8.0,UG/M3,1 Hr,Invalid
Phora Durbar Kathmandu,PM2.5 - Principal,2024-07-23 07:00 AM,2024,07,23,07,19.1,70,Moderate,27.0,UG/M3,1 Hr,Valid
Phora Durbar Kathmandu,PM2.5 - Principal,2024-07-23 08:00 AM,2024,07,23,08,11.6,56,Moderate,6.0,UG/M3,1 Hr,Valid
Phora Durbar Kathmandu,PM2.5 - Principal,2024-07-23 09:00 AM,2024,07,23,09,15.0,62,Moderate,18.0,UG/M3,1 Hr,Valid
Phora Durbar Kathmandu,PM2.5 - Principal,2024-07-23 10:00 AM,2024,07,23,10,19.6,71,Moderate,24.0,UG/M3,1 Hr,Valid
Phora Durbar Kathmandu,PM2.5 - Principal,2024-07-23 11:00 AM,2024,07,23,11,19.6,71,Moderate,-7.0,UG/M3,1 Hr,Invalid
Phora Durbar Kathmandu,PM2.5 - Principal,2024-07-23 12:00 PM,2024,07,23,12,21.8,75,Moderate,23.0,UG/M3,1 Hr,Valid
Phora Durbar Kathmandu,PM2.5 - Principal,2024-07-23 01:00 PM,2024,07,23,13,-999.0,-999,N/A,-15.0,UG/M3,1 Hr,Invalid
Phora Durbar Kathmandu,PM2.5 - Principal,2024-07-23 02:00 PM,2024,07,23,14,18.3,68,Moderate,17.0,UG/M3,1 Hr,Valid
Phora Durbar Kathmandu,PM2.5 - Principal,2024-07-23 03:00 PM,2024,07,23,15,-999.0,-999,N/A,-15.0,UG/M3,1 Hr,Invalid
Phora Durbar Kathmandu,PM2.5 - Principal,2024-07-23 04:00 PM,2024,07,23,16,15.8,63,Moderate,15.0,UG/M3,1 Hr,Valid
Phora Durbar Kathmandu,PM2.5 - Principal,2024-07-23 05:00 PM,2024,07,23,17,42.8,119,Unhealthy for Sensitive Groups,61.0,UG/M3,1 Hr,Valid
Phora Durbar Kathmandu,PM2.5 - Principal,2024-07-23 06:00 PM,2024,07,23,18,34.7,99,Moderate,28.0,UG/M3,1 Hr,Valid
Phora Durbar Kathmandu,PM2.5 - Principal,2024-07-23 07:00 PM,2024,07,23,19,25.5,82,Moderate,17.0,UG/M3,1 Hr,Valid
Phora Durbar Kathmandu,PM2.5 - Principal,2024-07-23 08:00 PM,2024,07,23,20,39.5,111,Unhealthy for Sensitive Groups,53.0,UG/M3,1 Hr,Valid
Phora Durbar Kathmandu,PM2.5 - Principal,2024-07-23 09:00 PM,2024,07,23,21,31.1,92,Moderate,23.0,UG/M3,1 Hr,Valid
Phora Durbar Kathmandu,PM2.5 - Principal,2024-07-23 10:00 PM,2024,07,23,22,30.0,90,Moderate,29.0,UG/M3,1 Hr,Valid
Phora Durbar Kathmandu,PM2.5 - Principal,2024-07-23 11:00 PM,2024,07,23,23,30.0,90,Moderate,-7.0,UG/M3,1 Hr,Invalid
Phora Durbar Kathmandu,PM2.5 - Principal,2024-07-24 12:00 AM,2024,07,24,00,23.3,77,Moderate,20.0,UG/M3,1 Hr,Valid
Phora Durbar Kathmandu,PM2.5 - Principal,2024-07-24 01:00 AM,2024,07,24,01,15.1,62,Moderate,9.0,UG/M3,1 Hr,Valid
Phora Durbar Kathmandu,PM2.5 - Principal,2024-07-24 02:00 AM,2024,07,24,02,16.1,64,Moderate,17.0,UG/M3,1 Hr,Valid
Phora Durbar Kathmandu,PM2.5 - Principal,2024-07-24 03:00 AM,2024,07,24,03,13.4,59,Moderate,11.0,UG/M3,1 Hr,Valid
Phora Durbar Kathmandu,PM2.5 - Principal,2024-07-24 04:00 AM,2024,07,24,04,13.4,59,Moderate,-6.0,UG/M3,1 Hr,Invalid
Phora Durbar Kathmandu,PM2.5 - Principal,2024-07-24 05:00 AM,2024,07,24,05,50.8,139,Unhealthy for Sensitive Groups,69.0,UG/M3,1 Hr,Valid
Phora Durbar Kathmandu,PM2.5 - Principal,2024-07-24 06:00 AM,2024,07,24,06,24.5,80,Moderate,5.0,UG/M3,1 Hr,Valid
Phora Durbar Kathmandu,PM2.5 - Principal,2024-07-24 07:00 AM,2024,07,24,07,20.5,72,Moderate,17.0,UG/M3,1 Hr,Valid
Phora Durbar Kathmandu,PM2.5 - Principal,2024-07-24 08:00 AM,2024,07,24,08,14.0,60,Moderate,8.0,UG/M3,1 Hr,Valid
Phora Durbar Kathmandu,PM2.5 - Principal,2024-07-24 09:00 AM,2024,07,24,09,21.6,74,Moderate,29.0,UG/M3,1 Hr,Valid
Phora Durbar Kathmandu,PM2.5 - Principal,2024-07-24 10:00 AM,2024,07,24,10,21.6,74,Moderate,-15.0,UG/M3,1 Hr,Invalid
Phora Durbar Kathmandu,PM2.5 - Principal,2024-07-24 11:00 AM,2024,07,24,11,-999.0,-999,N/A,-15.0,UG/M3,1 Hr,Invalid
Phora Durbar Kathmandu,PM2.5 - Principal,2024-07-24 02:00 PM,2024,07,24,14,-999.0,-999,N/A,14.0,UG/M3,1 Hr,Valid
Phora Durbar Kathmandu,PM2.5 - Principal,2024-07-24 03:00 PM,2024,07,24,15,-999.0,-999,N/A,153.0,UG/M3,1 Hr,Invalid
Phora Durbar Kathmandu,PM2.5 - Principal,2024-07-24 04:00 PM,2024,07,24,16,-999.0,-999,N/A,-5.0,UG/M3,1 Hr,Invalid
Phora Durbar Kathmandu,PM2.5 - Principal,2024-07-24 05:00 PM,2024,07,24,17,-999.0,-999,N/A,17.0,UG/M3,1 Hr,Valid
Phora Durbar Kathmandu,PM2.5 - Principal,2024-07-24 06:00 PM,2024,07,24,18,14.9,62,Moderate,14.0,UG/M3,1 Hr,Valid
Phora Durbar Kathmandu,PM2.5 - Principal,2024-07-24 07:00 PM,2024,07,24,19,13.3,59,Moderate,12.0,UG/M3,1 Hr,Valid
Phora Durbar Kathmandu,PM2.5 - Principal,2024-07-24 08:00 PM,2024,07,24,20,32.1,94,Moderate,49.0,UG/M3,1 Hr,Valid
Phora Durbar Kathmandu,PM2.5 - Principal,2024-07-24 09:00 PM,2024,07,24,21,36.7,104,Unhealthy for Sensitive Groups,41.0,UG/M3,1 Hr,Valid
Phora Durbar Kathmandu,PM2.5 - Principal,2024-07-24 10:00 PM,2024,07,24,22,37.8,107,Unhealthy for Sensitive Groups,39.0,UG/M3,1 Hr,Valid
Phora Durbar Kathmandu,PM2.5 - Principal,2024-07-24 11:00 PM,2024,07,24,23,30.3,90,Moderate,23.0,UG/M3,1 Hr,Valid
Phora Durbar Kathmandu,PM2.5 - Principal,2024-07-25 12:00 AM,2024,07,25,00,33.2,96,Moderate,36.0,UG/M3,1 Hr,Valid
Phora Durbar Kathmandu,PM2.5 - Principal,2024-07-25 01:00 AM,2024,07,25,01,31.0,92,Moderate,29.0,UG/M3,1 Hr,Valid
Phora Durbar Kathmandu,PM2.5 - Principal,2024-07-25 02:00 AM,2024,07,25,02,18.5,69,Moderate,6.0,UG/M3,1 Hr,Valid
Phora Durbar Kathmandu,PM2.5 - Principal,2024-07-25 03:00 AM,2024,07,25,03,8.2,46,Good,-2.0,UG/M3,1 Hr,Valid
Phora Durbar Kathmandu,PM2.5 - Principal,2024-07-25 04:00 AM,2024,07,25,04,29.1,88,Moderate,50.0,UG/M3,1 Hr,Valid
Phora Durbar Kathmandu,PM2.5 - Principal,2024-07-25 05:00 AM,2024,07,25,05,37.5,106,Unhealthy for Sensitive Groups,46.0,UG/M3,1 Hr,Valid
Phora Durbar Kathmandu,PM2.5 - Principal,2024-07-25 06:00 AM,2024,07,25,06,23.2,77,Moderate,9.0,UG/M3,1 Hr,Valid
Phora Durbar Kathmandu,PM2.5 - Principal,2024-07-25 07:00 AM,2024,07,25,07,37.6,106,Unhealthy for Sensitive Groups,52.0,UG/M3,1 Hr,Valid
Phora Durbar Kathmandu,PM2.5 - Principal,2024-07-25 08:00 AM,2024,07,25,08,44.8,124,Unhealthy for Sensitive Groups,52.0,UG/M3,1 Hr,Valid
Phora Durbar Kathmandu,PM2.5 - Principal,2024-07-25 09:00 AM,2024,07,25,09,49.9,136,Unhealthy for Sensitive Groups,55.0,UG/M3,1 Hr,Valid
Phora Durbar Kathmandu,PM2.5 - Principal,2024-07-25 10:00 AM,2024,07,25,10,33.9,97,Moderate,18.0,UG/M3,1 Hr,Valid
Phora Durbar Kathmandu,PM2.5 - Principal,2024-07-25 11:00 AM,2024,07,25,11,18.9,69,Moderate,4.0,UG/M3,1 Hr,Valid
Phora Durbar Kathmandu,PM2.5 - Principal,2024-07-25 12:00 PM,2024,07,25,12,10.4,53,Moderate,2.0,UG/M3,1 Hr,Valid
Phora Durbar Kathmandu,PM2.5 - Principal,2024-07-25 01:00 PM,2024,07,25,13,4.2,23,Good,-2.0,UG/M3,1 Hr,Valid
Phora Durbar Kathmandu,PM2.5 - Principal,2024-07-25 02:00 PM,2024,07,25,14,23.1,77,Moderate,42.0,UG/M3,1 Hr,Valid
Phora Durbar Kathmandu,PM2.5 - Principal,2024-07-25 03:00 PM,2024,07,25,15,30.5,91,Moderate,38.0,UG/M3,1 Hr,Valid
Phora Durbar Kathmandu,PM2.5 - Principal,2024-07-25 04:00 PM,2024,07,25,16,39.2,110,Unhealthy for Sensitive Groups,48.0,UG/M3,1 Hr,Valid
Phora Durbar Kathmandu,PM2.5 - Principal,2024-07-25 05:00 PM,2024,07,25,17,39.2,110,Unhealthy for Sensitive Groups,-15.0,UG/M3,1 Hr,Invalid
Phora Durbar Kathmandu,PM2.5 - Principal,2024-07-25 06:00 PM,2024,07,25,18,15.0,62,Moderate,3.0,UG/M3,1 Hr,Valid
Phora Durbar Kathmandu,PM2.5 - Principal,2024-07-25 07:00 PM,2024,07,25,19,19.0,69,Moderate,22.0,UG/M3,1 Hr,Valid
Phora Durbar Kathmandu,PM2.5 - Principal,2024-07-25 08:00 PM,2024,07,25,20,34.4,98,Moderate,48.0,UG/M3,1 Hr,Valid
Phora Durbar Kathmandu,PM2.5 - Principal,2024-07-25 09:00 PM,2024,07,25,21,34.4,98,Moderate,-15.0,UG/M3,1 Hr,Invalid
Phora Durbar Kathmandu,PM2.5 - Principal,2024-07-25 10:00 PM,2024,07,25,22,21.2,74,Moderate,15.0,UG/M3,1 Hr,Valid
Phora Durbar Kathmandu,PM2.5 - Principal,2024-07-25 11:00 PM,2024,07,25,23,32.0,94,Moderate,40.0,UG/M3,1 Hr,Valid
Phora Durbar Kathmandu,PM2.5 - Principal,2024-07-26 12:00 AM,2024,07,26,00,25.0,81,Moderate,19.0,UG/M3,1 Hr,Valid
Phora Durbar Kathmandu,PM2.5 - Principal,2024-07-26 01:00 AM,2024,07,26,01,18.3,68,Moderate,12.0,UG/M3,1 Hr,Valid
Phora Durbar Kathmandu,PM2.5 - Principal,2024-07-26 02:00 AM,2024,07,26,02,22.7,76,Moderate,27.0,UG/M3,1 Hr,Valid
Phora Durbar Kathmandu,PM2.5 - Principal,2024-07-26 03:00 AM,2024,07,26,03,23.3,77,Moderate,24.0,UG/M3,1 Hr,Valid
Phora Durbar Kathmandu,PM2.5 - Principal,2024-07-26 04:00 AM,2024,07,26,04,23.3,77,Moderate,-15.0,UG/M3,1 Hr,Invalid
Phora Durbar Kathmandu,PM2.5 - Principal,2024-07-26 05:00 AM,2024,07,26,05,25.1,81,Moderate,26.0,UG/M3,1 Hr,Valid
Phora Durbar Kathmandu,PM2.5 - Principal,2024-07-26 06:00 AM,2024,07,26,06,22.1,75,Moderate,20.0,UG/M3,1 Hr,Valid
Phora Durbar Kathmandu,PM2.5 - Principal,2024-07-26 07:00 AM,2024,07,26,07,34.3,98,Moderate,45.0,UG/M3,1 Hr,Valid
Phora Durbar Kathmandu,PM2.5 - Principal,2024-07-26 08:00 AM,2024,07,26,08,18.6,69,Moderate,4.0,UG/M3,1 Hr,Valid
Phora Durbar Kathmandu,PM2.5 - Principal,2024-07-26 09:00 AM,2024,07,26,09,30.0,90,Moderate,41.0,UG/M3,1 Hr,Valid
Phora Durbar Kathmandu,PM2.5 - Principal,2024-07-26 10:00 AM,2024,07,26,10,22.4,76,Moderate,15.0,UG/M3,1 Hr,Valid
Phora Durbar Kathmandu,PM2.5 - Principal,2024-07-26 11:00 AM,2024,07,26,11,11.1,55,Moderate,0.0,UG/M3,1 Hr,Valid
Phora Durbar Kathmandu,PM2.5 - Principal,2024-07-26 12:00 PM,2024,07,26,12,26.6,84,Moderate,42.0,UG/M3,1 Hr,Valid
Phora Durbar Kathmandu,PM2.5 - Principal,2024-07-26 01:00 PM,2024,07,26,13,23.8,78,Moderate,21.0,UG/M3,1 Hr,Valid
Phora Durbar Kathmandu,PM2.5 - Principal,2024-07-26 02:00 PM,2024,07,26,14,23.8,78,Moderate,-15.0,UG/M3,1 Hr,Invalid
Phora Durbar Kathmandu,PM2.5 - Principal,2024-07-26 03:00 PM,2024,07,26,15,11.9,56,Moderate,6.0,UG/M3,1 Hr,Valid
Phora Durbar Kathmandu,PM2.5 - Principal,2024-07-26 04:00 PM,2024,07,26,16,29.1,88,Moderate,42.0,UG/M3,1 Hr,Valid
Phora Durbar Kathmandu,PM2.5 - Principal,2024-07-26 05:00 PM,2024,07,26,17,42.3,118,Unhealthy for Sensitive Groups,54.0,UG/M3,1 Hr,Valid
Phora Durbar Kathmandu,PM2.5 - Principal,2024-07-26 06:00 PM,2024,07,26,18,42.3,118,Unhealthy for Sensitive Groups,-15.0,UG/M3,1 Hr,Invalid
Phora Durbar Kathmandu,PM2.5 - Principal,2024-07-26 07:00 PM,2024,07,26,19,31.2,92,Moderate,26.0,UG/M3,1 Hr,Valid
Phora Durbar Kathmandu,PM2.5 - Principal,2024-07-26 08:00 PM,2024,07,26,20,44.9,124,Unhealthy for Sensitive Groups,55.0,UG/M3,1 Hr,Valid
Phora Durbar Kathmandu,PM2.5 - Principal,2024-07-26 09:00 PM,2024,07,26,21,44.9,124,Unhealthy for Sensitive Groups,-12.0,UG/M3,1 Hr,Invalid
Phora Durbar Kathmandu,PM2.5 - Principal,2024-07-26 10:00 PM,2024,07,26,22,54.0,147,Unhealthy for Sensitive Groups,58.0,UG/M3,1 Hr,Valid
Phora Durbar Kathmandu,PM2.5 - Principal,2024-07-26 11:00 PM,2024,07,26,23,47.6,131,Unhealthy for Sensitive Groups,43.0,UG/M3,1 Hr,Valid
Phora Durbar Kathmandu,PM2.5 - Principal,2024-07-27 12:00 AM,2024,07,27,00,47.6,131,Unhealthy for Sensitive Groups,-15.0,UG/M3,1 Hr,Invalid
Phora Durbar Kathmandu,PM2.5 - Principal,2024-07-27 01:00 AM,2024,07,27,01,30.3,90,Moderate,23.0,UG/M3,1 Hr,Valid
Phora Durbar Kathmandu,PM2.5 - Principal,2024-07-27 02:00 AM,2024,07,27,02,14.9,62,Moderate,4.0,UG/M3,1 Hr,Valid
Phora Durbar Kathmandu,PM2.5 - Principal,2024-07-27 03:00 AM,2024,07,27,03,15.0,62,Moderate,-10.0,UG/M3,1 Hr,Invalid
Phora Durbar Kathmandu,PM2.5 - Principal,2024-07-27 04:00 AM,2024,07,27,04,16.3,64,Moderate,17.0,UG/M3,1 Hr,Valid
Phora Durbar Kathmandu,PM2.5 - Principal,2024-07-27 05:00 AM,2024,07,27,05,-999.0,-999,N/A,-9.0,UG/M3,1 Hr,Invalid
Phora Durbar Kathmandu,PM2.5 - Principal,2024-07-27 06:00 AM,2024,07,27,06,55.1,149,Unhealthy for Sensitive Groups,69.0,UG/M3,1 Hr,Valid
Phora Durbar Kathmandu,PM2.5 - Principal,2024-07-27 07:00 AM,2024,07,27,07,27.6,85,Moderate,9.0,UG/M3,1 Hr,Valid
Phora Durbar Kathmandu,PM2.5 - Principal,2024-07-27 08:00 AM,2024,07,27,08,19.1,70,Moderate,12.0,UG/M3,1 Hr,Valid
Phora Durbar Kathmandu,PM2.5 - Principal,2024-07-27 09:00 AM,2024,07,27,09,8.6,48,Good,-1.0,UG/M3,1 Hr,Valid
Phora Durbar Kathmandu,PM2.5 - Principal,2024-07-27 10:00 AM,2024,07,27,10,26.6,84,Moderate,44.0,UG/M3,1 Hr,Valid
Phora Durbar Kathmandu,PM2.5 - Principal,2024-07-27 11:00 AM,2024,07,27,11,28.3,87,Moderate,30.0,UG/M3,1 Hr,Valid
Phora Durbar Kathmandu,PM2.5 - Principal,2024-07-27 12:00 PM,2024,07,27,12,30.6,91,Moderate,33.0,UG/M3,1 Hr,Valid
Phora Durbar Kathmandu,PM2.5 - Principal,2024-07-27 01:00 PM,2024,07,27,13,30.6,91,Moderate,-15.0,UG/M3,1 Hr,Invalid
Phora Durbar Kathmandu,PM2.5 - Principal,2024-07-27 02:00 PM,2024,07,27,14,8.8,49,Good,-2.0,UG/M3,1 Hr,Valid
Phora Durbar Kathmandu,PM2.5 - Principal,2024-07-27 03:00 PM,2024,07,27,15,56.9,152,Unhealthy,93.0,UG/M3,1 Hr,Valid
Phora Durbar Kathmandu,PM2.5 - Principal,2024-07-27 04:00 PM,2024,07,27,16,56.9,152,Unhealthy,-15.0,UG/M3,1 Hr,Invalid
Phora Durbar Kathmandu,PM2.5 - Principal,2024-07-27 05:00 PM,2024,07,27,17,36.8,104,Unhealthy for Sensitive Groups,28.0,UG/M3,1 Hr,Valid
Phora Durbar Kathmandu,PM2.5 - Principal,2024-07-27 06:00 PM,2024,07,27,18,27.0,84,Moderate,20.0,UG/M3,1 Hr,Valid
Phora Durbar Kathmandu,PM2.5 - Principal,2024-07-27 07:00 PM,2024,07,27,19,18.9,69,Moderate,12.0,UG/M3,1 Hr,Valid
Phora Durbar Kathmandu,PM2.5 - Principal,2024-07-27 08:00 PM,2024,07,27,20,14.8,62,Moderate,11.0,UG/M3,1 Hr,Valid
Phora Durbar Kathmandu,PM2.5 - Principal,2024-07-27 09:00 PM,2024,07,27,21,18.9,69,Moderate,23.0,UG/M3,1 Hr,Valid
Phora Durbar Kathmandu,PM2.5 - Principal,2024-07-27 10:00 PM,2024,07,27,22,23.0,77,Moderate,27.0,UG/M3,1 Hr,Valid
Phora Durbar Kathmandu,PM2.5 - Principal,2024-07-27 11:00 PM,2024,07,27,23,23.0,77,Moderate,-15.0,UG/M3,1 Hr,Invalid
Phora Durbar Kathmandu,PM2.5 - Principal,2024-07-28 12:00 AM,2024,07,28,00,19.6,71,Moderate,18.0,UG/M3,1 Hr,Valid
Phora Durbar Kathmandu,PM2.5 - Principal,2024-07-28 01:00 AM,2024,07,28,01,18.7,69,Moderate,18.0,UG/M3,1 Hr,Valid
Phora Durbar Kathmandu,PM2.5 - Principal,2024-07-28 02:00 AM,2024,07,28,02,15.1,62,Moderate,12.0,UG/M3,1 Hr,Valid
Phora Durbar Kathmandu,PM2.5 - Principal,2024-07-28 03:00 AM,2024,07,28,03,10.4,53,Moderate,6.0,UG/M3,1 Hr,Valid
Phora Durbar Kathmandu,PM2.5 - Principal,2024-07-28 04:00 AM,2024,07,28,04,8.1,45,Good,6.0,UG/M3,1 Hr,Valid
Phora Durbar Kathmandu,PM2.5 - Principal,2024-07-28 05:00 AM,2024,07,28,05,14.1,60,Moderate,20.0,UG/M3,1 Hr,Valid
Phora Durbar Kathmandu,PM2.5 - Principal,2024-07-28 06:00 AM,2024,07,28,06,14.1,60,Moderate,-12.0,UG/M3,1 Hr,Invalid
Phora Durbar Kathmandu,PM2.5 - Principal,2024-07-28 07:00 AM,2024,07,28,07,23.4,78,Moderate,28.0,UG/M3,1 Hr,Valid
Phora Durbar Kathmandu,PM2.5 - Principal,2024-07-28 08:00 AM,2024,07,28,08,44.9,124,Unhealthy for Sensitive Groups,61.0,UG/M3,1 Hr,Valid
Phora Durbar Kathmandu,PM2.5 - Principal,2024-07-28 09:00 AM,2024,07,28,09,33.2,96,Moderate,23.0,UG/M3,1 Hr,Valid
Phora Durbar Kathmandu,PM2.5 - Principal,2024-07-28 10:00 AM,2024,07,28,10,30.5,91,Moderate,28.0,UG/M3,1 Hr,Valid
Phora Durbar Kathmandu,PM2.5 - Principal,2024-07-28 11:00 AM,2024,07,28,11,21.6,74,Moderate,13.0,UG/M3,1 Hr,Valid
Phora Durbar Kathmandu,PM2.5 - Principal,2024-07-28 12:00 PM,2024,07,28,12,46.5,128,Unhealthy for Sensitive Groups,71.0,UG/M3,1 Hr,Valid
Phora Durbar Kathmandu,PM2.5 - Principal,2024-07-28 01:00 PM,2024,07,28,13,31.1,92,Moderate,16.0,UG/M3,1 Hr,Valid
Phora Durbar Kathmandu,PM2.5 - Principal,2024-07-28 02:00 PM,2024,07,28,14,64.6,157,Unhealthy,98.0,UG/M3,1 Hr,Valid
Phora Durbar Kathmandu,PM2.5 - Principal,2024-07-28 03:00 PM,2024,07,28,15,44.8,124,Unhealthy for Sensitive Groups,25.0,UG/M3,1 Hr,Valid
Phora Durbar Kathmandu,PM2.5 - Principal,2024-07-28 04:00 PM,2024,07,28,16,44.8,124,Unhealthy for Sensitive Groups,-15.0,UG/M3,1 Hr,Invalid
Phora Durbar Kathmandu,PM2.5 - Principal,2024-07-28 05:00 PM,2024,07,28,17,43.6,121,Unhealthy for Sensitive Groups,43.0,UG/M3,1 Hr,Valid
Phora Durbar Kathmandu,PM2.5 - Principal,2024-07-28 06:00 PM,2024,07,28,18,-999.0,-999,N/A,-15.0,UG/M3,1 Hr,Invalid
Phora Durbar Kathmandu,PM2.5 - Principal,2024-07-28 07:00 PM,2024,07,28,19,30.8,91,Moderate,26.0,UG/M3,1 Hr,Valid
Phora Durbar Kathmandu,PM2.5 - Principal,2024-07-28 08:00 PM,2024,07,28,20,-999.0,-999,N/A,-15.0,UG/M3,1 Hr,Invalid
Phora Durbar Kathmandu,PM2.5 - Principal,2024-07-28 09:00 PM,2024,07,28,21,5.6,31,Good,-3.0,UG/M3,1 Hr,Valid
Phora Durbar Kathmandu,PM2.5 - Principal,2024-07-28 10:00 PM,2024,07,28,22,10.0,53,Moderate,13.0,UG/M3,1 Hr,Valid
Phora Durbar Kathmandu,PM2.5 - Principal,2024-07-28 11:00 PM,2024,07,28,23,8.3,46,Good,7.0,UG/M3,1 Hr,Valid
Phora Durbar Kathmandu,PM2.5 - Principal,2024-07-29 12:00 AM,2024,07,29,00,56.1,151,Unhealthy,100.0,UG/M3,1 Hr,Valid
Phora Durbar Kathmandu,PM2.5 - Principal,2024-07-29 01:00 AM,2024,07,29,01,30.0,90,Moderate,5.0,UG/M3,1 Hr,Valid
Phora Durbar Kathmandu,PM2.5 - Principal,2024-07-29 02:00 AM,2024,07,29,02,15.8,63,Moderate,2.0,UG/M3,1 Hr,Valid
Phora Durbar Kathmandu,PM2.5 - Principal,2024-07-29 03:00 AM,2024,07,29,03,49.6,136,Unhealthy for Sensitive Groups,83.0,UG/M3,1 Hr,Valid
Phora Durbar Kathmandu,PM2.5 - Principal,2024-07-29 04:00 AM,2024,07,29,04,49.6,136,Unhealthy for Sensitive Groups,-15.0,UG/M3,1 Hr,Invalid
Phora Durbar Kathmandu,PM2.5 - Principal,2024-07-29 05:00 AM,2024,07,29,05,29.8,90,Moderate,20.0,UG/M3,1 Hr,Valid
Phora Durbar Kathmandu,PM2.5 - Principal,2024-07-29 06:00 AM,2024,07,29,06,27.0,84,Moderate,25.0,UG/M3,1 Hr,Valid
Phora Durbar Kathmandu,PM2.5 - Principal,2024-07-29 07:00 AM,2024,07,29,07,21.6,74,Moderate,17.0,UG/M3,1 Hr,Valid
Phora Durbar Kathmandu,PM2.5 - Principal,2024-07-29 08:00 AM,2024,07,29,08,19.7,71,Moderate,18.0,UG/M3,1 Hr,Valid
Phora Durbar Kathmandu,PM2.5 - Principal,2024-07-29 09:00 AM,2024,07,29,09,44.2,122,Unhealthy for Sensitive Groups,68.0,UG/M3,1 Hr,Valid
Phora Durbar Kathmandu,PM2.5 - Principal,2024-07-29 10:00 AM,2024,07,29,10,33.5,96,Moderate,23.0,UG/M3,1 Hr,Valid
Phora Durbar Kathmandu,PM2.5 - Principal,2024-07-29 11:00 AM,2024,07,29,11,36.7,104,Unhealthy for Sensitive Groups,40.0,UG/M3,1 Hr,Valid
Phora Durbar Kathmandu,PM2.5 - Principal,2024-07-29 12:00 PM,2024,07,29,12,36.7,104,Unhealthy for Sensitive Groups,-15.0,UG/M3,1 Hr,Invalid
Phora Durbar Kathmandu,PM2.5 - Principal,2024-07-29 01:00 PM,2024,07,29,13,47.6,131,Unhealthy for Sensitive Groups,53.0,UG/M3,1 Hr,Valid
Phora Durbar Kathmandu,PM2.5 - Principal,2024-07-29 02:00 PM,2024,07,29,14,34.6,99,Moderate,25.0,UG/M3,1 Hr,Valid
Phora Durbar Kathmandu,PM2.5 - Principal,2024-07-29 03:00 PM,2024,07,29,15,26.3,83,Moderate,19.0,UG/M3,1 Hr,Valid
Phora Durbar Kathmandu,PM2.5 - Principal,2024-07-29 04:00 PM,2024,07,29,16,16.8,65,Moderate,8.0,UG/M3,1 Hr,Valid
Phora Durbar Kathmandu,PM2.5 - Principal,2024-07-29 05:00 PM,2024,07,29,17,29.6,89,Moderate,42.0,UG/M3,1 Hr,Valid
Phora Durbar Kathmandu,PM2.5 - Principal,2024-07-29 06:00 PM,2024,07,29,18,35.8,102,Unhealthy for Sensitive Groups,42.0,UG/M3,1 Hr,Valid
Phora Durbar Kathmandu,PM2.5 - Principal,2024-07-29 07:00 PM,2024,07,29,19,35.8,102,Unhealthy for Sensitive Groups,-999.0,UG/M3,1 Hr,Missing
Phora Durbar Kathmandu,PM2.5 - Principal,2024-07-29 08:00 PM,2024,07,29,20,37.9,107,Unhealthy for Sensitive Groups,39.0,UG/M3,1 Hr,Valid
Phora Durbar Kathmandu,PM2.5 - Principal,2024-07-29 09:00 PM,2024,07,29,21,16.2,64,Moderate,0.0,UG/M3,1 Hr,Valid
Phora Durbar Kathmandu,PM2.5 - Principal,2024-07-29 10:00 PM,2024,07,29,22,23.5,78,Moderate,30.0,UG/M3,1 Hr,Valid
Phora Durbar Kathmandu,PM2.5 - Principal,2024-07-29 11:00 PM,2024,07,29,23,23.5,78,Moderate,-15.0,UG/M3,1 Hr,Invalid
Phora Durbar Kathmandu,PM2.5 - Principal,2024-07-30 12:00 AM,2024,07,30,00,15.0,62,Moderate,11.0,UG/M3,1 Hr,Valid
Phora Durbar Kathmandu,PM2.5 - Principal,2024-07-30 01:00 AM,2024,07,30,01,16.7,65,Moderate,18.0,UG/M3,1 Hr,Valid
Phora Durbar Kathmandu,PM2.5 - Principal,2024-07-30 02:00 AM,2024,07,30,02,16.7,65,Moderate,-15.0,UG/M3,1 Hr,Invalid
Phora Durbar Kathmandu,PM2.5 - Principal,2024-07-30 03:00 AM,2024,07,30,03,11.3,55,Moderate,9.0,UG/M3,1 Hr,Valid
Phora Durbar Kathmandu,PM2.5 - Principal,2024-07-30 04:00 AM,2024,07,30,04,29.7,89,Moderate,43.0,UG/M3,1 Hr,Valid
Phora Durbar Kathmandu,PM2.5 - Principal,2024-07-30 05:00 AM,2024,07,30,05,22.3,76,Moderate,16.0,UG/M3,1 Hr,Valid
Phora Durbar Kathmandu,PM2.5 - Principal,2024-07-30 06:00 AM,2024,07,30,06,22.3,76,Moderate,-15.0,UG/M3,1 Hr,Invalid
Phora Durbar Kathmandu,PM2.5 - Principal,2024-07-30 07:00 AM,2024,07,30,07,55.5,151,Unhealthy,71.0,UG/M3,1 Hr,Valid
Phora Durbar Kathmandu,PM2.5 - Principal,2024-07-30 08:00 AM,2024,07,30,08,26.9,84,Moderate,6.0,UG/M3,1 Hr,Valid
Phora Durbar Kathmandu,PM2.5 - Principal,2024-07-30 09:00 AM,2024,07,30,09,16.7,65,Moderate,8.0,UG/M3,1 Hr,Valid
Phora Durbar Kathmandu,PM2.5 - Principal,2024-07-30 10:00 AM,2024,07,30,10,16.3,64,Moderate,16.0,UG/M3,1 Hr,Valid
Phora Durbar Kathmandu,PM2.5 - Principal,2024-07-30 11:00 AM,2024,07,30,11,22.2,75,Moderate,28.0,UG/M3,1 Hr,Valid
Phora Durbar Kathmandu,PM2.5 - Principal,2024-07-30 12:00 PM,2024,07,30,12,22.2,75,Moderate,-6.0,UG/M3,1 Hr,Invalid
Phora Durbar Kathmandu,PM2.5 - Principal,2024-07-30 04:00 PM,2024,07,30,16,-999.0,-999,N/A,19.0,UG/M3,1 Hr,Valid
Phora Durbar Kathmandu,PM2.5 - Principal,2024-07-30 05:00 PM,2024,07,30,17,21.6,74,Moderate,23.0,UG/M3,1 Hr,Valid
Phora Durbar Kathmandu,PM2.5 - Principal,2024-07-30 06:00 PM,2024,07,30,18,21.6,74,Moderate,-999.0,UG/M3,1 Hr,Missing
Phora Durbar Kathmandu,PM2.5 - Principal,2024-07-30 07:00 PM,2024,07,30,19,23.3,77,Moderate,24.0,UG/M3,1 Hr,Valid
Phora Durbar Kathmandu,PM2.5 - Principal,2024-07-30 08:00 PM,2024,07,30,20,23.1,77,Moderate,23.0,UG/M3,1 Hr,Valid
Phora Durbar Kathmandu,PM2.5 - Principal,2024-07-30 09:00 PM,2024,07,30,21,26.6,84,Moderate,30.0,UG/M3,1 Hr,Valid
Phora Durbar Kathmandu,PM2.5 - Principal,2024-07-30 10:00 PM,2024,07,30,22,28.8,88,Moderate,32.0,UG/M3,1 Hr,Valid
Phora Durbar Kathmandu,PM2.5 - Principal,2024-07-30 11:00 PM,2024,07,30,23,28.8,88,Moderate,-15.0,UG/M3,1 Hr,Invalid
Phora Durbar Kathmandu,PM2.5 - Principal,2024-07-31 12:00 AM,2024,07,31,00,30.0,90,Moderate,31.0,UG/M3,1 Hr,Valid
Phora Durbar Kathmandu,PM2.5 - Principal,2024-07-31 01:00 AM,2024,07,31,01,27.1,85,Moderate,24.0,UG/M3,1 Hr,Valid
Phora Durbar Kathmandu,PM2.5 - Principal,2024-07-31 02:00 AM,2024,07,31,02,35.4,100,Moderate,43.0,UG/M3,1 Hr,Valid
Phora Durbar Kathmandu,PM2.5 - Principal,2024-07-31 03:00 AM,2024,07,31,03,35.4,100,Moderate,-15.0,UG/M3,1 Hr,Invalid
Phora Durbar Kathmandu,PM2.5 - Principal,2024-07-31 04:00 AM,2024,07,31,04,32.4,94,Moderate,31.0,UG/M3,1 Hr,Valid
Phora Durbar Kathmandu,PM2.5 - Principal,2024-07-31 05:00 AM,2024,07,31,05,-999.0,-999,N/A,-15.0,UG/M3,1 Hr,Invalid
Phora Durbar Kathmandu,PM2.5 - Principal,2024-07-31 06:00 AM,2024,07,31,06,-999.0,-999,N/A,-7.0,UG/M3,1 Hr,Invalid
Phora Durbar Kathmandu,PM2.5 - Principal,2024-07-31 07:00 AM,2024,07,31,07,-999.0,-999,N/A,17.0,UG/M3,1 Hr,Valid
Phora Durbar Kathmandu,PM2.5 - Principal,2024-07-31 08:00 AM,2024,07,31,08,8.4,47,Good,2.0,UG/M3,1 Hr,Valid
Phora Durbar Kathmandu,PM2.5 - Principal,2024-07-31 09:00 AM,2024,07,31,09,11.5,55,Moderate,14.0,UG/M3,1 Hr,Valid
Phora Durbar Kathmandu,PM2.5 - Principal,2024-07-31 10:00 AM,2024,07,31,10,16.5,65,Moderate,21.0,UG/M3,1 Hr,Valid
Phora Durbar Kathmandu,PM2.5 - Principal,2024-07-31 11:00 AM,2024,07,31,11,29.0,88,Moderate,41.0,UG/M3,1 Hr,Valid
Phora Durbar Kathmandu,PM2.5 - Principal,2024-07-31 12:00 PM,2024,07,31,12,38.6,109,Unhealthy for Sensitive Groups,48.0,UG/M3,1 Hr,Valid
Phora Durbar Kathmandu,PM2.5 - Principal,2024-07-31 01:00 PM,2024,07,31,13,38.6,109,Unhealthy for Sensitive Groups,-6.0,UG/M3,1 Hr,Invalid
Phora Durbar Kathmandu,PM2.5 - Principal,2024-07-31 02:00 PM,2024,07,31,14,-999.0,-999,N/A,-15.0,UG/M3,1 Hr,Invalid
Phora Durbar Kathmandu,PM2.5 - Principal,2024-07-31 03:00 PM,2024,07,31,15,-999.0,-999,N/A,1.0,UG/M3,1 Hr,Valid
Phora Durbar Kathmandu,PM2.5 - Principal,2024-07-31 04:00 PM,2024,07,31,16,-999.0,-999,N/A,-7.0,UG/M3,1 Hr,Invalid
Phora Durbar Kathmandu,PM2.5 - Principal,2024-07-31 05:00 PM,2024,07,31,17,48.5,133,Unhealthy for Sensitive Groups,61.0,UG/M3,1 Hr,Valid
Phora Durbar Kathmandu,PM2.5 - Principal,2024-07-31 06:00 PM,2024,07,31,18,31.8,93,Moderate,21.0,UG/M3,1 Hr,Valid
Phora Durbar Kathmandu,PM2.5 - Principal,2024-07-31 07:00 PM,2024,07,31,19,31.9,93,Moderate,-15.0,UG/M3,1 Hr,Invalid
Phora Durbar Kathmandu,PM2.5 - Principal,2024-07-31 08:00 PM,2024,07,31,20,39.7,111,Unhealthy for Sensitive Groups,43.0,UG/M3,1 Hr,Valid
Phora Durbar Kathmandu,PM2.5 - Principal,2024-07-31 09:00 PM,2024,07,31,21,28.1,86,Moderate,20.0,UG/M3,1 Hr,Valid
Phora Durbar Kathmandu,PM2.5 - Principal,2024-07-31 10:00 PM,2024,07,31,22,41.5,116,Unhealthy for Sensitive Groups,53.0,UG/M3,1 Hr,Valid
Phora Durbar Kathmandu,PM2.5 - Principal,2024-07-31 11:00 PM,2024,07,31,23,35.5,101,Unhealthy for Sensitive Groups,30.0,UG/M3,1 Hr,Valid
Phora Durbar Kathmandu,PM2.5 - Principal,2024-08-01 12:00 AM,2024,08,01,00,35.5,101,Unhealthy for Sensitive Groups,-9.0,UG/M3,1 Hr,Invalid
Phora Durbar Kathmandu,PM2.5 - Principal,2024-08-01 01:00 AM,2024,08,01,01,48.6,133,Unhealthy for Sensitive Groups,55.0,UG/M3,1 Hr,Valid
Phora Durbar Kathmandu,PM2.5 - Principal,2024-08-01 02:00 AM,2024,08,01,02,33.9,97,Moderate,23.0,UG/M3,1 Hr,Valid
Phora Durbar Kathmandu,PM2.5 - Principal,2024-08-01 03:00 AM,2024,08,01,03,20.0,71,Moderate,8.0,UG/M3,1 Hr,Valid
Phora Durbar Kathmandu,PM2.5 - Principal,2024-08-01 04:00 AM,2024,08,01,04,21.0,73,Moderate,22.0,UG/M3,1 Hr,Valid
Phora Durbar Kathmandu,PM2.5 - Principal,2024-08-01 05:00 AM,2024,08,01,05,40.3,113,Unhealthy for Sensitive Groups,59.0,UG/M3,1 Hr,Valid
Phora Durbar Kathmandu,PM2.5 - Principal,2024-08-01 06:00 AM,2024,08,01,06,27.0,84,Moderate,14.0,UG/M3,1 Hr,Valid
Phora Durbar Kathmandu,PM2.5 - Principal,2024-08-01 07:00 AM,2024,08,01,07,33.5,96,Moderate,40.0,UG/M3,1 Hr,Valid
Phora Durbar Kathmandu,PM2.5 - Principal,2024-08-01 08:00 AM,2024,08,01,08,28.2,87,Moderate,23.0,UG/M3,1 Hr,Valid
Phora Durbar Kathmandu,PM2.5 - Principal,2024-08-01 09:00 AM,2024,08,01,09,28.2,87,Moderate,-11.0,UG/M3,1 Hr,Invalid
Phora Durbar Kathmandu,PM2.5 - Principal,2024-08-01 10:00 AM,2024,08,01,10,47.4,130,Unhealthy for Sensitive Groups,57.0,UG/M3,1 Hr,Valid
Phora Durbar Kathmandu,PM2.5 - Principal,2024-08-01 11:00 AM,2024,08,01,11,21.4,74,Moderate,2.0,UG/M3,1 Hr,Valid
Phora Durbar Kathmandu,PM2.5 - Principal,2024-08-01 12:00 PM,2024,08,01,12,24.4,80,Moderate,27.0,UG/M3,1 Hr,Valid
Phora Durbar Kathmandu,PM2.5 - Principal,2024-08-01 01:00 PM,2024,08,01,13,12.3,57,Moderate,1.0,UG/M3,1 Hr,Valid
Phora Durbar Kathmandu,PM2.5 - Principal,2024-08-01 02:00 PM,2024,08,01,14,14.1,60,Moderate,16.0,UG/M3,1 Hr,Valid
Phora Durbar Kathmandu,PM2.5 - Principal,2024-08-01 03:00 PM,2024,08,01,15,15.6,63,Moderate,17.0,UG/M3,1 Hr,Valid
Phora Durbar Kathmandu,PM2.5 - Principal,2024-08-01 04:00 PM,2024,08,01,16,15.6,63,Moderate,-5.0,UG/M3,1 Hr,Invalid
Phora Durbar Kathmandu,PM2.5 - Principal,2024-08-01 05:00 PM,2024,08,01,17,44.6,123,Unhealthy for Sensitive Groups,59.0,UG/M3,1 Hr,Valid
Phora Durbar Kathmandu,PM2.5 - Principal,2024-08-01 06:00 PM,2024,08,01,18,25.9,82,Moderate,12.0,UG/M3,1 Hr,Valid
Phora Durbar Kathmandu,PM2.5 - Principal,2024-08-01 07:00 PM,2024,08,01,19,54.7,148,Unhealthy for Sensitive Groups,80.0,UG/M3,1 Hr,Valid
Phora Durbar Kathmandu,PM2.5 - Principal,2024-08-01 08:00 PM,2024,08,01,20,39.4,111,Unhealthy for Sensitive Groups,25.0,UG/M3,1 Hr,Valid
Phora Durbar Kathmandu,PM2.5 - Principal,2024-08-01 09:00 PM,2024,08,01,21,39.4,111,Unhealthy for Sensitive Groups,-15.0,UG/M3,1 Hr,Invalid
Phora Durbar Kathmandu,PM2.5 - Principal,2024-08-01 10:00 PM,2024,08,01,22,22.2,75,Moderate,14.0,UG/M3,1 Hr,Valid
Phora Durbar Kathmandu,PM2.5 - Principal,2024-08-01 11:00 PM,2024,08,01,23,20.4,72,Moderate,19.0,UG/M3,1 Hr,Valid
Phora Durbar Kathmandu,PM2.5 - Principal,2024-08-02 12:00 AM,2024,08,02,00,15.9,64,Moderate,12.0,UG/M3,1 Hr,Valid
Phora Durbar Kathmandu,PM2.5 - Principal,2024-08-02 01:00 AM,2024,08,02,01,11.8,56,Moderate,8.0,UG/M3,1 Hr,Valid
Phora Durbar Kathmandu,PM2.5 - Principal,2024-08-02 02:00 AM,2024,08,02,02,9.8,52,Moderate,8.0,UG/M3,1 Hr,Valid
Phora Durbar Kathmandu,PM2.5 - Principal,2024-08-02 03:00 AM,2024,08,02,03,7.9,44,Good,6.0,UG/M3,1 Hr,Valid
Phora Durbar Kathmandu,PM2.5 - Principal,2024-08-02 04:00 AM,2024,08,02,04,19.0,69,Moderate,30.0,UG/M3,1 Hr,Valid
Phora Durbar Kathmandu,PM2.5 - Principal,2024-08-02 05:00 AM,2024,08,02,05,18.9,69,Moderate,-12.0,UG/M3,1 Hr,Invalid
Phora Durbar Kathmandu,PM2.5 - Principal,2024-08-02 06:00 AM,2024,08,02,06,38.3,108,Unhealthy for Sensitive Groups,48.0,UG/M3,1 Hr,Valid
Phora Durbar Kathmandu,PM2.5 - Principal,2024-08-02 07:00 AM,2024,08,02,07,29.0,88,Moderate,22.0,UG/M3,1 Hr,Valid
Phora Durbar Kathmandu,PM2.5 - Principal,2024-08-02 08:00 AM,2024,08,02,08,22.5,76,Moderate,17.0,UG/M3,1 Hr,Valid
Phora Durbar Kathmandu,PM2.5 - Principal,2024-08-02 09:00 AM,2024,08,02,09,21.2,74,Moderate,20.0,UG/M3,1 Hr,Valid
Phora Durbar Kathmandu,PM2.5 - Principal,2024-08-02 10:00 AM,2024,08,02,10,15.0,62,Moderate,9.0,UG/M3,1 Hr,Valid
Phora Durbar Kathmandu,PM2.5 - Principal,2024-08-02 11:00 AM,2024,08,02,11,19.5,70,Moderate,24.0,UG/M3,1 Hr,Valid
Phora Durbar Kathmandu,PM2.5 - Principal,2024-08-02 12:00 PM,2024,08,02,12,19.5,70,Moderate,-15.0,UG/M3,1 Hr,Invalid
Phora Durbar Kathmandu,PM2.5 - Principal,2024-08-02 01:00 PM,2024,08,02,13,22.5,76,Moderate,24.0,UG/M3,1 Hr,Valid
Phora Durbar Kathmandu,PM2.5 - Principal,2024-08-02 02:00 PM,2024,08,02,14,26.2,83,Moderate,29.0,UG/M3,1 Hr,Valid
Phora Durbar Kathmandu,PM2.5 - Principal,2024-08-02 03:00 PM,2024,08,02,15,16.5,65,Moderate,8.0,UG/M3,1 Hr,Valid
Phora Durbar Kathmandu,PM2.5 - Principal,2024-08-02 04:00 PM,2024,08,02,16,12.1,57,Moderate,8.0,UG/M3,1 Hr,Valid
Phora Durbar Kathmandu,PM2.5 - Principal,2024-08-02 05:00 PM,2024,08,02,17,12.1,57,Moderate,-999.0,UG/M3,1 Hr,Missing
Phora Durbar Kathmandu,PM2.5 - Principal,2024-08-02 06:00 PM,2024,08,02,18,19.4,70,Moderate,23.0,UG/M3,1 Hr,Valid
Phora Durbar Kathmandu,PM2.5 - Principal,2024-08-02 07:00 PM,2024,08,02,19,-999.0,-999,N/A,-15.0,UG/M3,1 Hr,Invalid
Phora Durbar Kathmandu,PM2.5 - Principal,2024-08-02 08:00 PM,2024,08,02,20,35.1,99,Moderate,41.0,UG/M3,1 Hr,Valid
Phora Durbar Kathmandu,PM2.5 - Principal,2024-08-02 09:00 PM,2024,08,02,21,13.7,60,Moderate,-1.0,UG/M3,1 Hr,Valid
Phora Durbar Kathmandu,PM2.5 - Principal,2024-08-02 10:00 PM,2024,08,02,22,27.4,85,Moderate,39.0,UG/M3,1 Hr,Valid
Phora Durbar Kathmandu,PM2.5 - Principal,2024-08-02 11:00 PM,2024,08,02,23,27.4,85,Moderate,-15.0,UG/M3,1 Hr,Invalid
Phora Durbar Kathmandu,PM2.5 - Principal,2024-08-03 12:00 AM,2024,08,03,00,31.9,93,Moderate,34.0,UG/M3,1 Hr,Valid
Phora Durbar Kathmandu,PM2.5 - Principal,2024-08-03 01:00 AM,2024,08,03,01,23.8,78,Moderate,18.0,UG/M3,1 Hr,Valid
Phora Durbar Kathmandu,PM2.5 - Principal,2024-08-03 02:00 AM,2024,08,03,02,12.6,58,Moderate,3.0,UG/M3,1 Hr,Valid
Phora Durbar Kathmandu,PM2.5 - Principal,2024-08-03 03:00 AM,2024,08,03,03,10.2,53,Moderate,8.0,UG/M3,1 Hr,Valid
Phora Durbar Kathmandu,PM2.5 - Principal,2024-08-03 04:00 AM,2024,08,03,04,3.0,17,Good,-4.0,UG/M3,1 Hr,Valid
Phora Durbar Kathmandu,PM2.5 - Principal,2024-08-03 05:00 AM,2024,08,03,05,19.6,71,Moderate,36.0,UG/M3,1 Hr,Valid
Phora Durbar Kathmandu,PM2.5 - Principal,2024-08-03 06:00 AM,2024,08,03,06,22.3,76,Moderate,25.0,UG/M3,1 Hr,Valid
Phora Durbar Kathmandu,PM2.5 - Principal,2024-08-03 07:00 AM,2024,08,03,07,12.1,57,Moderate,2.0,UG/M3,1 Hr,Valid
Phora Durbar Kathmandu,PM2.5 - Principal,2024-08-03 08:00 AM,2024,08,03,08,12.1,57,Moderate,-15.0,UG/M3,1 Hr,Invalid
Phora Durbar Kathmandu,PM2.5 - Principal,2024-08-03 09:00 AM,2024,08,03,09,8.0,44,Good,6.0,UG/M3,1 Hr,Valid
Phora Durbar Kathmandu,PM2.5 - Principal,2024-08-03 10:00 AM,2024,08,03,10,7.4,41,Good,7.0,UG/M3,1 Hr,Valid
Phora Durbar Kathmandu,PM2.5 - Principal,2024-08-03 11:00 AM,2024,08,03,11,7.4,41,Good,-7.0,UG/M3,1 Hr,Invalid
Phora Durbar Kathmandu,PM2.5 - Principal,2024-08-03 12:00 PM,2024,08,03,12,53.7,146,Unhealthy for Sensitive Groups,74.0,UG/M3,1 Hr,Valid
Phora Durbar Kathmandu,PM2.5 - Principal,2024-08-03 01:00 PM,2024,08,03,13,-999.0,-999,N/A,-14.0,UG/M3,1 Hr,Invalid
Phora Durbar Kathmandu,PM2.5 - Principal,2024-08-03 02:00 PM,2024,08,03,14,-999.0,-999,N/A,-13.0,UG/M3,1 Hr,Invalid
Phora Durbar Kathmandu,PM2.5 - Principal,2024-08-03 03:00 PM,2024,08,03,15,-999.0,-999,N/A,6.0,UG/M3,1 Hr,Valid
Phora Durbar Kathmandu,PM2.5 - Principal,2024-08-03 04:00 PM,2024,08,03,16,11.2,55,Moderate,10.0,UG/M3,1 Hr,Valid
Phora Durbar Kathmandu,PM2.5 - Principal,2024-08-03 05:00 PM,2024,08,03,17,12.7,58,Moderate,14.0,UG/M3,1 Hr,Valid
Phora Durbar Kathmandu,PM2.5 - Principal,2024-08-03 06:00 PM,2024,08,03,18,10.7,54,Moderate,9.0,UG/M3,1 Hr,Valid
Phora Durbar Kathmandu,PM2.5 - Principal,2024-08-03 07:00 PM,2024,08,03,19,5.7,32,Good,1.0,UG/M3,1 Hr,Valid
Phora Durbar Kathmandu,PM2.5 - Principal,2024-08-03 08:00 PM,2024,08,03,20,5.7,32,Good,-15.0,UG/M3,1 Hr,Invalid
Phora Durbar Kathmandu,PM2.5 - Principal,2024-08-03 09:00 PM,2024,08,03,21,6.5,36,Good,7.0,UG/M3,1 Hr,Valid
Phora Durbar Kathmandu,PM2.5 - Principal,2024-08-03 10:00 PM,2024,08,03,22,6.2,34,Good,6.0,UG/M3,1 Hr,Valid
Phora Durbar Kathmandu,PM2.5 - Principal,2024-08-03 11:00 PM,2024,08,03,23,19.4,70,Moderate,31.0,UG/M3,1 Hr,Valid
Phora Durbar Kathmandu,PM2.5 - Principal,2024-08-04 12:00 AM,2024,08,04,00,14.5,61,Moderate,10.0,UG/M3,1 Hr,Valid
Phora Durbar Kathmandu,PM2.5 - Principal,2024-08-04 01:00 AM,2024,08,04,01,10.2,53,Moderate,6.0,UG/M3,1 Hr,Valid
Phora Durbar Kathmandu,PM2.5 - Principal,2024-08-04 02:00 AM,2024,08,04,02,6.0,33,Good,2.0,UG/M3,1 Hr,Valid
Phora Durbar Kathmandu,PM2.5 - Principal,2024-08-04 03:00 AM,2024,08,04,03,7.5,42,Good,9.0,UG/M3,1 Hr,Valid
Phora Durbar Kathmandu,PM2.5 - Principal,2024-08-04 04:00 AM,2024,08,04,04,9.2,51,Moderate,11.0,UG/M3,1 Hr,Valid
Phora Durbar Kathmandu,PM2.5 - Principal,2024-08-04 05:00 AM,2024,08,04,05,9.2,51,Moderate,-15.0,UG/M3,1 Hr,Invalid
Phora Durbar Kathmandu,PM2.5 - Principal,2024-08-04 06:00 AM,2024,08,04,06,19.7,71,Moderate,25.0,UG/M3,1 Hr,Valid
Phora Durbar Kathmandu,PM2.5 - Principal,2024-08-04 07:00 AM,2024,08,04,07,-999.0,-999,N/A,-15.0,UG/M3,1 Hr,Invalid
Phora Durbar Kathmandu,PM2.5 - Principal,2024-08-04 08:00 AM,2024,08,04,08,33.0,96,Moderate,38.0,UG/M3,1 Hr,Valid
Phora Durbar Kathmandu,PM2.5 - Principal,2024-08-04 09:00 AM,2024,08,04,09,28.8,88,Moderate,26.0,UG/M3,1 Hr,Valid
Phora Durbar Kathmandu,PM2.5 - Principal,2024-08-04 10:00 AM,2024,08,04,10,19.1,70,Moderate,11.0,UG/M3,1 Hr,Valid
Phora Durbar Kathmandu,PM2.5 - Principal,2024-08-04 11:00 AM,2024,08,04,11,19.6,71,Moderate,20.0,UG/M3,1 Hr,Valid
Phora Durbar Kathmandu,PM2.5 - Principal,2024-08-04 12:00 PM,2024,08,04,12,25.9,82,Moderate,32.0,UG/M3,1 Hr,Valid
Phora Durbar Kathmandu,PM2.5 - Principal,2024-08-04 01:00 PM,2024,08,04,13,25.9,82,Moderate,-15.0,UG/M3,1 Hr,Invalid
Phora Durbar Kathmandu,PM2.5 - Principal,2024-08-04 02:00 PM,2024,08,04,14,15.9,64,Moderate,11.0,UG/M3,1 Hr,Valid
Phora Durbar Kathmandu,PM2.5 - Principal,2024-08-04 03:00 PM,2024,08,04,15,21.6,74,Moderate,26.0,UG/M3,1 Hr,Valid
Phora Durbar Kathmandu,PM2.5 - Principal,2024-08-04 04:00 PM,2024,08,04,16,21.6,74,Moderate,-12.0,UG/M3,1 Hr,Invalid
Phora Durbar Kathmandu,PM2.5 - Principal,2024-08-04 05:00 PM,2024,08,04,17,23.3,77,Moderate,24.0,UG/M3,1 Hr,Valid
Phora Durbar Kathmandu,PM2.5 - Principal,2024-08-04 06:00 PM,2024,08,04,18,29.5,89,Moderate,34.0,UG/M3,1 Hr,Valid
Phora Durbar Kathmandu,PM2.5 - Principal,2024-08-04 07:00 PM,2024,08,04,19,14.7,61,Moderate,2.0,UG/M3,1 Hr,Valid
Phora Durbar Kathmandu,PM2.5 - Principal,2024-08-04 08:00 PM,2024,08,04,20,22.1,75,Moderate,29.0,UG/M3,1 Hr,Valid
Phora Durbar Kathmandu,PM2.5 - Principal,2024-08-04 09:00 PM,2024,08,04,21,8.8,49,Good,-4.0,UG/M3,1 Hr,Valid
Phora Durbar Kathmandu,PM2.5 - Principal,2024-08-04 10:00 PM,2024,08,04,22,16.9,66,Moderate,25.0,UG/M3,1 Hr,Valid
Phora Durbar Kathmandu,PM2.5 - Principal,2024-08-04 11:00 PM,2024,08,04,23,13.4,59,Moderate,10.0,UG/M3,1 Hr,Valid
Phora Durbar Kathmandu,PM2.5 - Principal,2024-08-05 12:00 AM,2024,08,05,00,13.2,59,Moderate,13.0,UG/M3,1 Hr,Valid
Phora Durbar Kathmandu,PM2.5 - Principal,2024-08-05 01:00 AM,2024,08,05,01,14.1,60,Moderate,15.0,UG/M3,1 Hr,Valid
Phora Durbar Kathmandu,PM2.5 - Principal,2024-08-05 02:00 AM,2024,08,05,02,13.0,58,Moderate,12.0,UG/M3,1 Hr,Valid
Phora Durbar Kathmandu,PM2.5 - Principal,2024-08-05 03:00 AM,2024,08,05,03,15.0,62,Moderate,17.0,UG/M3,1 Hr,Valid
Phora Durbar Kathmandu,PM2.5 - Principal,2024-08-05 04:00 AM,2024,08,05,04,15.0,62,Moderate,15.0,UG/M3,1 Hr,Valid
Phora Durbar Kathmandu,PM2.5 - Principal,2024-08-05 05:00 AM,2024,08,05,05,13.0,58,Moderate,11.0,UG/M3,1 Hr,Valid
Phora Durbar Kathmandu,PM2.5 - Principal,2024-08-05 06:00 AM,2024,08,05,06,15.5,63,Moderate,18.0,UG/M3,1 Hr,Valid
Phora Durbar Kathmandu,PM2.5 - Principal,2024-08-05 07:00 AM,2024,08,05,07,27.7,86,Moderate,40.0,UG/M3,1 Hr,Valid
Phora Durbar Kathmandu,PM2.5 - Principal,2024-08-05 08:00 AM,2024,08,05,08,14.8,62,Moderate,2.0,UG/M3,1 Hr,Valid
Phora Durbar Kathmandu,PM2.5 - Principal,2024-08-05 09:00 AM,2024,08,05,09,39.4,111,Unhealthy for Sensitive Groups,64.0,UG/M3,1 Hr,Valid
Phora Durbar Kathmandu,PM2.5 - Principal,2024-08-05 10:00 AM,2024,08,05,10,23.7,78,Moderate,8.0,UG/M3,1 Hr,Valid
Phora Durbar Kathmandu,PM2.5 - Principal,2024-08-05 11:00 AM,2024,08,05,11,44.8,124,Unhealthy for Sensitive Groups,66.0,UG/M3,1 Hr,Valid
Phora Durbar Kathmandu,PM2.5 - Principal,2024-08-05 12:00 PM,2024,08,05,12,31.9,93,Moderate,19.0,UG/M3,1 Hr,Valid
Phora Durbar Kathmandu,PM2.5 - Principal,2024-08-05 01:00 PM,2024,08,05,13,25.9,82,Moderate,20.0,UG/M3,1 Hr,Valid
Phora Durbar Kathmandu,PM2.5 - Principal,2024-08-05 02:00 PM,2024,08,05,14,32.4,94,Moderate,39.0,UG/M3,1 Hr,Valid
Phora Durbar Kathmandu,PM2.5 - Principal,2024-08-05 03:00 PM,2024,08,05,15,22.2,75,Moderate,12.0,UG/M3,1 Hr,Valid
Phora Durbar Kathmandu,PM2.5 - Principal,2024-08-05 04:00 PM,2024,08,05,16,22.2,75,Moderate,-10.0,UG/M3,1 Hr,Invalid
Phora Durbar Kathmandu,PM2.5 - Principal,2024-08-05 05:00 PM,2024,08,05,17,28.0,86,Moderate,31.0,UG/M3,1 Hr,Valid
Phora Durbar Kathmandu,PM2.5 - Principal,2024-08-05 06:00 PM,2024,08,05,18,20.0,71,Moderate,14.0,UG/M3,1 Hr,Valid
Phora Durbar Kathmandu,PM2.5 - Principal,2024-08-05 07:00 PM,2024,08,05,19,19.4,70,Moderate,19.0,UG/M3,1 Hr,Valid
Phora Durbar Kathmandu,PM2.5 - Principal,2024-08-05 08:00 PM,2024,08,05,20,49.1,134,Unhealthy for Sensitive Groups,77.0,UG/M3,1 Hr,Valid
Phora Durbar Kathmandu,PM2.5 - Principal,2024-08-05 09:00 PM,2024,08,05,21,42.9,119,Unhealthy for Sensitive Groups,37.0,UG/M3,1 Hr,Valid
Phora Durbar Kathmandu,PM2.5 - Principal,2024-08-05 10:00 PM,2024,08,05,22,25.3,81,Moderate,8.0,UG/M3,1 Hr,Valid
Phora Durbar Kathmandu,PM2.5 - Principal,2024-08-05 11:00 PM,2024,08,05,23,31.1,92,Moderate,37.0,UG/M3,1 Hr,Valid
Phora Durbar Kathmandu,PM2.5 - Principal,2024-08-06 12:00 AM,2024,08,06,00,36.1,102,Unhealthy for Sensitive Groups,41.0,UG/M3,1 Hr,Valid
Phora Durbar Kathmandu,PM2.5 - Principal,2024-08-06 01:00 AM,2024,08,06,01,22.0,75,Moderate,8.0,UG/M3,1 Hr,Valid
Phora Durbar Kathmandu,PM2.5 - Principal,2024-08-06 02:00 AM,2024,08,06,02,22.0,75,Moderate,22.0,UG/M3,1 Hr,Valid
Phora Durbar Kathmandu,PM2.5 - Principal,2024-08-06 03:00 AM,2024,08,06,03,28.5,87,Moderate,35.0,UG/M3,1 Hr,Valid
Phora Durbar Kathmandu,PM2.5 - Principal,2024-08-06 04:00 AM,2024,08,06,04,24.2,79,Moderate,20.0,UG/M3,1 Hr,Valid
Phora Durbar Kathmandu,PM2.5 - Principal,2024-08-06 05:00 AM,2024,08,06,05,19.6,71,Moderate,15.0,UG/M3,1 Hr,Valid
Phora Durbar Kathmandu,PM2.5 - Principal,2024-08-06 06:00 AM,2024,08,06,06,14.8,62,Moderate,10.0,UG/M3,1 Hr,Valid
Phora Durbar Kathmandu,PM2.5 - Principal,2024-08-06 07:00 AM,2024,08,06,07,12.4,57,Moderate,10.0,UG/M3,1 Hr,Valid
Phora Durbar Kathmandu,PM2.5 - Principal,2024-08-06 08:00 AM,2024,08,06,08,23.1,77,Moderate,34.0,UG/M3,1 Hr,Valid
Phora Durbar Kathmandu,PM2.5 - Principal,2024-08-06 09:00 AM,2024,08,06,09,20.0,71,Moderate,17.0,UG/M3,1 Hr,Valid
Phora Durbar Kathmandu,PM2.5 - Principal,2024-08-06 10:00 AM,2024,08,06,10,18.5,69,Moderate,17.0,UG/M3,1 Hr,Valid
Phora Durbar Kathmandu,PM2.5 - Principal,2024-08-06 11:00 AM,2024,08,06,11,7.2,40,Good,-4.0,UG/M3,1 Hr,Valid
Phora Durbar Kathmandu,PM2.5 - Principal,2024-08-06 12:00 PM,2024,08,06,12,20.6,72,Moderate,34.0,UG/M3,1 Hr,Valid
Phora Durbar Kathmandu,PM2.5 - Principal,2024-08-06 01:00 PM,2024,08,06,13,13.8,60,Moderate,7.0,UG/M3,1 Hr,Valid
Phora Durbar Kathmandu,PM2.5 - Principal,2024-08-06 02:00 PM,2024,08,06,14,15.9,64,Moderate,18.0,UG/M3,1 Hr,Valid
Phora Durbar Kathmandu,PM2.5 - Principal,2024-08-06 03:00 PM,2024,08,06,15,37.9,107,Unhealthy for Sensitive Groups,60.0,UG/M3,1 Hr,Valid
Phora Durbar Kathmandu,PM2.5 - Principal,2024-08-06 04:00 PM,2024,08,06,16,29.9,90,Moderate,22.0,UG/M3,1 Hr,Valid
Phora Durbar Kathmandu,PM2.5 - Principal,2024-08-06 05:00 PM,2024,08,06,17,16.9,66,Moderate,4.0,UG/M3,1 Hr,Valid
Phora Durbar Kathmandu,PM2.5 - Principal,2024-08-06 06:00 PM,2024,08,06,18,16.9,66,Moderate,17.0,UG/M3,1 Hr,Valid
Phora Durbar Kathmandu,PM2.5 - Principal,2024-08-06 07:00 PM,2024,08,06,19,21.9,75,Moderate,27.0,UG/M3,1 Hr,Valid
Phora Durbar Kathmandu,PM2.5 - Principal,2024-08-06 08:00 PM,2024,08,06,20,17.9,67,Moderate,14.0,UG/M3,1 Hr,Valid
Phora Durbar Kathmandu,PM2.5 - Principal,2024-08-06 09:00 PM,2024,08,06,21,17.9,67,Moderate,18.0,UG/M3,1 Hr,Valid
Phora Durbar Kathmandu,PM2.5 - Principal,2024-08-06 10:00 PM,2024,08,06,22,20.0,71,Moderate,22.0,UG/M3,1 Hr,Valid
Phora Durbar Kathmandu,PM2.5 - Principal,2024-08-06 11:00 PM,2024,08,06,23,20.0,71,Moderate,-15.0,UG/M3,1 Hr,Invalid
Phora Durbar Kathmandu,PM2.5 - Principal,2024-08-07 12:00 AM,2024,08,07,00,30.0,90,Moderate,35.0,UG/M3,1 Hr,Valid
Phora Durbar Kathmandu,PM2.5 - Principal,2024-08-07 01:00 AM,2024,08,07,01,39.1,110,Unhealthy for Sensitive Groups,46.0,UG/M3,1 Hr,Valid
Phora Durbar Kathmandu,PM2.5 - Principal,2024-08-07 02:00 AM,2024,08,07,02,39.1,110,Unhealthy for Sensitive Groups,-999.0,UG/M3,1 Hr,Missing
Phora Durbar Kathmandu,PM2.5 - Principal,2024-08-07 03:00 AM,2024,08,07,03,-999.0,-999,N/A,-15.0,UG/M3,1 Hr,Invalid
Phora Durbar Kathmandu,PM2.5 - Principal,2024-08-07 04:00 AM,2024,08,07,04,-999.0,-999,N/A,6.0,UG/M3,1 Hr,Valid
Phora Durbar Kathmandu,PM2.5 - Principal,2024-08-07 05:00 AM,2024,08,07,05,12.6,58,Moderate,13.0,UG/M3,1 Hr,Valid
Phora Durbar Kathmandu,PM2.5 - Principal,2024-08-07 06:00 AM,2024,08,07,06,12.5,57,Moderate,-11.0,UG/M3,1 Hr,Invalid
Phora Durbar Kathmandu,PM2.5 - Principal,2024-08-07 07:00 AM,2024,08,07,07,5.0,28,Good,2.0,UG/M3,1 Hr,Valid
Phora Durbar Kathmandu,PM2.5 - Principal,2024-08-07 08:00 AM,2024,08,07,08,13.2,59,Moderate,19.0,UG/M3,1 Hr,Valid
Phora Durbar Kathmandu,PM2.5 - Principal,2024-08-07 09:00 AM,2024,08,07,09,16.3,64,Moderate,19.0,UG/M3,1 Hr,Valid
Phora Durbar Kathmandu,PM2.5 - Principal,2024-08-07 10:00 AM,2024,08,07,10,47.8,131,Unhealthy for Sensitive Groups,77.0,UG/M3,1 Hr,Valid
Phora Durbar Kathmandu,PM2.5 - Principal,2024-08-07 11:00 AM,2024,08,07,11,29.0,88,Moderate,11.0,UG/M3,1 Hr,Valid
Phora Durbar Kathmandu,PM2.5 - Principal,2024-08-07 12:00 PM,2024,08,07,12,50.7,138,Unhealthy for Sensitive Groups,72.0,UG/M3,1 Hr,Valid
Phora Durbar Kathmandu,PM2.5 - Principal,2024-08-07 01:00 PM,2024,08,07,13,28.2,87,Moderate,6.0,UG/M3,1 Hr,Valid
Phora Durbar Kathmandu,PM2.5 - Principal,2024-08-07 02:00 PM,2024,08,07,14,21.6,74,Moderate,15.0,UG/M3,1 Hr,Valid
Phora Durbar Kathmandu,PM2.5 - Principal,2024-08-07 03:00 PM,2024,08,07,15,14.2,61,Moderate,7.0,UG/M3,1 Hr,Valid
Phora Durbar Kathmandu,PM2.5 - Principal,2024-08-07 04:00 PM,2024,08,07,16,14.1,60,Moderate,14.0,UG/M3,1 Hr,Valid
Phora Durbar Kathmandu,PM2.5 - Principal,2024-08-07 05:00 PM,2024,08,07,17,15.5,63,Moderate,17.0,UG/M3,1 Hr,Valid
Phora Durbar Kathmandu,PM2.5 - Principal,2024-08-07 06:00 PM,2024,08,07,18,15.5,63,Moderate,-8.0,UG/M3,1 Hr,Invalid
Phora Durbar Kathmandu,PM2.5 - Principal,2024-08-07 07:00 PM,2024,08,07,19,19.1,70,Moderate,21.0,UG/M3,1 Hr,Valid
Phora Durbar Kathmandu,PM2.5 - Principal,2024-08-07 08:00 PM,2024,08,07,20,16.7,65,Moderate,15.0,UG/M3,1 Hr,Valid
Phora Durbar Kathmandu,PM2.5 - Principal,2024-08-07 09:00 PM,2024,08,07,21,19.5,70,Moderate,22.0,UG/M3,1 Hr,Valid
Phora Durbar Kathmandu,PM2.5 - Principal,2024-08-07 10:00 PM,2024,08,07,22,19.5,70,Moderate,-15.0,UG/M3,1 Hr,Invalid
Phora Durbar Kathmandu,PM2.5 - Principal,2024-08-07 11:00 PM,2024,08,07,23,3.5,19,Good,-4.0,UG/M3,1 Hr,Valid
Phora Durbar Kathmandu,PM2.5 - Principal,2024-08-08 12:00 AM,2024,08,08,00,5.5,31,Good,7.0,UG/M3,1 Hr,Valid
Phora Durbar Kathmandu,PM2.5 - Principal,2024-08-08 01:00 AM,2024,08,08,01,0.4,2,Good,-4.0,UG/M3,1 Hr,Valid
Phora Durbar Kathmandu,PM2.5 - Principal,2024-08-08 02:00 AM,2024,08,08,02,0.4,2,Good,-8.0,UG/M3,1 Hr,Invalid
Phora Durbar Kathmandu,PM2.5 - Principal,2024-08-08 03:00 AM,2024,08,08,03,26.7,84,Moderate,39.0,UG/M3,1 Hr,Valid
Phora Durbar Kathmandu,PM2.5 - Principal,2024-08-08 04:00 AM,2024,08,08,04,17.0,66,Moderate,10.0,UG/M3,1 Hr,Valid
Phora Durbar Kathmandu,PM2.5 - Principal,2024-08-08 05:00 AM,2024,08,08,05,10.0,53,Moderate,4.0,UG/M3,1 Hr,Valid
Phora Durbar Kathmandu,PM2.5 - Principal,2024-08-08 06:00 AM,2024,08,08,06,17.2,66,Moderate,24.0,UG/M3,1 Hr,Valid
Phora Durbar Kathmandu,PM2.5 - Principal,2024-08-08 07:00 AM,2024,08,08,07,19.6,71,Moderate,22.0,UG/M3,1 Hr,Valid
Phora Durbar Kathmandu,PM2.5 - Principal,2024-08-08 08:00 AM,2024,08,08,08,22.8,77,Moderate,26.0,UG/M3,1 Hr,Valid
Phora Durbar Kathmandu,PM2.5 - Principal,2024-08-08 09:00 AM,2024,08,08,09,12.8,58,Moderate,3.0,UG/M3,1 Hr,Valid
Phora Durbar Kathmandu,PM2.5 - Principal,2024-08-08 10:00 AM,2024,08,08,10,26.4,83,Moderate,40.0,UG/M3,1 Hr,Valid
Phora Durbar Kathmandu,PM2.5 - Principal,2024-08-08 11:00 AM,2024,08,08,11,44.7,124,Unhealthy for Sensitive Groups,63.0,UG/M3,1 Hr,Valid
Phora Durbar Kathmandu,PM2.5 - Principal,2024-08-08 12:00 PM,2024,08,08,12,38.3,108,Unhealthy for Sensitive Groups,32.0,UG/M3,1 Hr,Valid
Phora Durbar Kathmandu,PM2.5 - Principal,2024-08-08 01:00 PM,2024,08,08,13,39.1,110,Unhealthy for Sensitive Groups,40.0,UG/M3,1 Hr,Valid
Phora Durbar Kathmandu,PM2.5 - Principal,2024-08-08 02:00 PM,2024,08,08,14,29.5,89,Moderate,20.0,UG/M3,1 Hr,Valid
Phora Durbar Kathmandu,PM2.5 - Principal,2024-08-08 03:00 PM,2024,08,08,15,29.5,89,Moderate,-14.0,UG/M3,1 Hr,Invalid
Phora Durbar Kathmandu,PM2.5 - Principal,2024-08-08 04:00 PM,2024,08,08,16,-999.0,-999,N/A,-12.0,UG/M3,1 Hr,Invalid
Phora Durbar Kathmandu,PM2.5 - Principal,2024-08-08 05:00 PM,2024,08,08,17,-999.0,-999,N/A,-15.0,UG/M3,1 Hr,Invalid
Phora Durbar Kathmandu,PM2.5 - Principal,2024-08-08 06:00 PM,2024,08,08,18,-999.0,-999,N/A,17.0,UG/M3,1 Hr,Valid
Phora Durbar Kathmandu,PM2.5 - Principal,2024-08-08 07:00 PM,2024,08,08,19,59.1,154,Unhealthy,82.0,UG/M3,1 Hr,Valid
Phora Durbar Kathmandu,PM2.5 - Principal,2024-08-08 08:00 PM,2024,08,08,20,29.8,90,Moderate,7.0,UG/M3,1 Hr,Valid
Phora Durbar Kathmandu,PM2.5 - Principal,2024-08-08 09:00 PM,2024,08,08,21,24.1,79,Moderate,19.0,UG/M3,1 Hr,Valid
Phora Durbar Kathmandu,PM2.5 - Principal,2024-08-08 10:00 PM,2024,08,08,22,18.3,68,Moderate,13.0,UG/M3,1 Hr,Valid
Phora Durbar Kathmandu,PM2.5 - Principal,2024-08-08 11:00 PM,2024,08,08,23,12.1,57,Moderate,6.0,UG/M3,1 Hr,Valid
Phora Durbar Kathmandu,PM2.5 - Principal,2024-08-09 12:00 AM,2024,08,09,00,24.1,79,Moderate,36.0,UG/M3,1 Hr,Valid
Phora Durbar Kathmandu,PM2.5 - Principal,2024-08-09 01:00 AM,2024,08,09,01,10.0,53,Moderate,-4.0,UG/M3,1 Hr,Valid
Phora Durbar Kathmandu,PM2.5 - Principal,2024-08-09 02:00 AM,2024,08,09,02,10.0,53,Moderate,-15.0,UG/M3,1 Hr,Invalid
Phora Durbar Kathmandu,PM2.5 - Principal,2024-08-09 03:00 AM,2024,08,09,03,0.6,3,Good,-4.0,UG/M3,1 Hr,Valid
Phora Durbar Kathmandu,PM2.5 - Principal,2024-08-09 04:00 AM,2024,08,09,04,7.7,43,Good,13.0,UG/M3,1 Hr,Valid
Phora Durbar Kathmandu,PM2.5 - Principal,2024-08-09 05:00 AM,2024,08,09,05,5.7,32,Good,4.0,UG/M3,1 Hr,Valid
Phora Durbar Kathmandu,PM2.5 - Principal,2024-08-09 06:00 AM,2024,08,09,06,5.7,32,Good,-15.0,UG/M3,1 Hr,Invalid
Phora Durbar Kathmandu,PM2.5 - Principal,2024-08-09 07:00 AM,2024,08,09,07,33.8,97,Moderate,47.0,UG/M3,1 Hr,Valid
Phora Durbar Kathmandu,PM2.5 - Principal,2024-08-09 08:00 AM,2024,08,09,08,-999.0,-999,N/A,-11.0,UG/M3,1 Hr,Invalid
Phora Durbar Kathmandu,PM2.5 - Principal,2024-08-09 09:00 AM,2024,08,09,09,31.7,93,Moderate,31.0,UG/M3,1 Hr,Valid
Phora Durbar Kathmandu,PM2.5 - Principal,2024-08-09 10:00 AM,2024,08,09,10,29.5,89,Moderate,28.0,UG/M3,1 Hr,Valid
Phora Durbar Kathmandu,PM2.5 - Principal,2024-08-09 11:00 AM,2024,08,09,11,37.9,107,Unhealthy for Sensitive Groups,45.0,UG/M3,1 Hr,Valid
Phora Durbar Kathmandu,PM2.5 - Principal,2024-08-09 12:00 PM,2024,08,09,12,37.9,107,Unhealthy for Sensitive Groups,-13.0,UG/M3,1 Hr,Invalid
Phora Durbar Kathmandu,PM2.5 - Principal,2024-08-09 01:00 PM,2024,08,09,13,56.4,152,Unhealthy,65.0,UG/M3,1 Hr,Valid
Phora Durbar Kathmandu,PM2.5 - Principal,2024-08-09 02:00 PM,2024,08,09,14,37.7,106,Unhealthy for Sensitive Groups,24.0,UG/M3,1 Hr,Valid
Phora Durbar Kathmandu,PM2.5 - Principal,2024-08-09 03:00 PM,2024,08,09,15,35.7,101,Unhealthy for Sensitive Groups,34.0,UG/M3,1 Hr,Valid
Phora Durbar Kathmandu,PM2.5 - Principal,2024-08-09 04:00 PM,2024,08,09,16,35.7,101,Unhealthy for Sensitive Groups,-7.0,UG/M3,1 Hr,Invalid
Phora Durbar Kathmandu,PM2.5 - Principal,2024-08-09 05:00 PM,2024,08,09,17,18.8,69,Moderate,11.0,UG/M3,1 Hr,Valid
Phora Durbar Kathmandu,PM2.5 - Principal,2024-08-09 06:00 PM,2024,08,09,18,16.0,64,Moderate,14.0,UG/M3,1 Hr,Valid
Phora Durbar Kathmandu,PM2.5 - Principal,2024-08-09 07:00 PM,2024,08,09,19,31.5,93,Moderate,45.0,UG/M3,1 Hr,Valid
Phora Durbar Kathmandu,PM2.5 - Principal,2024-08-09 08:00 PM,2024,08,09,20,29.2,88,Moderate,27.0,UG/M3,1 Hr,Valid
Phora Durbar Kathmandu,PM2.5 - Principal,2024-08-09 09:00 PM,2024,08,09,21,45.3,125,Unhealthy for Sensitive Groups,61.0,UG/M3,1 Hr,Valid
Phora Durbar Kathmandu,PM2.5 - Principal,2024-08-09 10:00 PM,2024,08,09,22,30.5,91,Moderate,16.0,UG/M3,1 Hr,Valid
Phora Durbar Kathmandu,PM2.5 - Principal,2024-08-09 11:00 PM,2024,08,09,23,20.7,73,Moderate,11.0,UG/M3,1 Hr,Valid
Phora Durbar Kathmandu,PM2.5 - Principal,2024-08-10 12:00 AM,2024,08,10,00,29.8,90,Moderate,39.0,UG/M3,1 Hr,Valid
Phora Durbar Kathmandu,PM2.5 - Principal,2024-08-10 01:00 AM,2024,08,10,01,20.9,73,Moderate,12.0,UG/M3,1 Hr,Valid
Phora Durbar Kathmandu,PM2.5 - Principal,2024-08-10 02:00 AM,2024,08,10,02,14.9,62,Moderate,9.0,UG/M3,1 Hr,Valid
Phora Durbar Kathmandu,PM2.5 - Principal,2024-08-10 03:00 AM,2024,08,10,03,13.9,60,Moderate,13.0,UG/M3,1 Hr,Valid
Phora Durbar Kathmandu,PM2.5 - Principal,2024-08-10 04:00 AM,2024,08,10,04,20.4,72,Moderate,27.0,UG/M3,1 Hr,Valid
Phora Durbar Kathmandu,PM2.5 - Principal,2024-08-10 05:00 AM,2024,08,10,05,18.7,69,Moderate,17.0,UG/M3,1 Hr,Valid
Phora Durbar Kathmandu,PM2.5 - Principal,2024-08-10 06:00 AM,2024,08,10,06,15.3,63,Moderate,12.0,UG/M3,1 Hr,Valid
Phora Durbar Kathmandu,PM2.5 - Principal,2024-08-10 07:00 AM,2024,08,10,07,40.1,112,Unhealthy for Sensitive Groups,65.0,UG/M3,1 Hr,Valid
Phora Durbar Kathmandu,PM2.5 - Principal,2024-08-10 08:00 AM,2024,08,10,08,28.5,87,Moderate,17.0,UG/M3,1 Hr,Valid
Phora Durbar Kathmandu,PM2.5 - Principal,2024-08-10 09:00 AM,2024,08,10,09,18.7,69,Moderate,9.0,UG/M3,1 Hr,Valid
Phora Durbar Kathmandu,PM2.5 - Principal,2024-08-10 10:00 AM,2024,08,10,10,19.3,70,Moderate,20.0,UG/M3,1 Hr,Valid
Phora Durbar Kathmandu,PM2.5 - Principal,2024-08-10 11:00 AM,2024,08,10,11,23.1,77,Moderate,27.0,UG/M3,1 Hr,Valid
Phora Durbar Kathmandu,PM2.5 - Principal,2024-08-10 12:00 PM,2024,08,10,12,27.5,85,Moderate,32.0,UG/M3,1 Hr,Valid
Phora Durbar Kathmandu,PM2.5 - Principal,2024-08-10 01:00 PM,2024,08,10,13,27.6,85,Moderate,-15.0,UG/M3,1 Hr,Invalid
Phora Durbar Kathmandu,PM2.5 - Principal,2024-08-10 02:00 PM,2024,08,10,14,7.8,43,Good,-2.0,UG/M3,1 Hr,Valid
Phora Durbar Kathmandu,PM2.5 - Principal,2024-08-10 03:00 PM,2024,08,10,15,12.5,57,Moderate,16.0,UG/M3,1 Hr,Valid
Phora Durbar Kathmandu,PM2.5 - Principal,2024-08-10 04:00 PM,2024,08,10,16,12.5,57,Moderate,-15.0,UG/M3,1 Hr,Invalid
Phora Durbar Kathmandu,PM2.5 - Principal,2024-08-10 05:00 PM,2024,08,10,17,-999.0,-999,N/A,-15.0,UG/M3,1 Hr,Invalid
Phora Durbar Kathmandu,PM2.5 - Principal,2024-08-10 06:00 PM,2024,08,10,18,-999.0,-999,N/A,21.0,UG/M3,1 Hr,Valid
Phora Durbar Kathmandu,PM2.5 - Principal,2024-08-10 07:00 PM,2024,08,10,19,12.3,57,Moderate,8.0,UG/M3,1 Hr,Valid
Phora Durbar Kathmandu,PM2.5 - Principal,2024-08-10 08:00 PM,2024,08,10,20,13.8,60,Moderate,15.0,UG/M3,1 Hr,Valid
Phora Durbar Kathmandu,PM2.5 - Principal,2024-08-10 09:00 PM,2024,08,10,21,13.8,60,Moderate,-9.0,UG/M3,1 Hr,Invalid
Phora Durbar Kathmandu,PM2.5 - Principal,2024-08-10 10:00 PM,2024,08,10,22,40.8,114,Unhealthy for Sensitive Groups,53.0,UG/M3,1 Hr,Valid
Phora Durbar Kathmandu,PM2.5 - Principal,2024-08-10 11:00 PM,2024,08,10,23,-999.0,-999,N/A,-15.0,UG/M3,1 Hr,Invalid
Phora Durbar Kathmandu,PM2.5 - Principal,2024-08-11 12:00 AM,2024,08,11,00,38.0,107,Unhealthy for Sensitive Groups,37.0,UG/M3,1 Hr,Valid
Phora Durbar Kathmandu,PM2.5 - Principal,2024-08-11 01:00 AM,2024,08,11,01,29.6,89,Moderate,24.0,UG/M3,1 Hr,Valid
Phora Durbar Kathmandu,PM2.5 - Principal,2024-08-11 02:00 AM,2024,08,11,02,22.2,75,Moderate,16.0,UG/M3,1 Hr,Valid
Phora Durbar Kathmandu,PM2.5 - Principal,2024-08-11 03:00 AM,2024,08,11,03,16.9,66,Moderate,12.0,UG/M3,1 Hr,Valid
Phora Durbar Kathmandu,PM2.5 - Principal,2024-08-11 04:00 AM,2024,08,11,04,16.9,66,Moderate,-14.0,UG/M3,1 Hr,Invalid
Phora Durbar Kathmandu,PM2.5 - Principal,2024-08-11 05:00 AM,2024,08,11,05,17.6,67,Moderate,18.0,UG/M3,1 Hr,Valid
Phora Durbar Kathmandu,PM2.5 - Principal,2024-08-11 06:00 AM,2024,08,11,06,10.9,54,Moderate,6.0,UG/M3,1 Hr,Valid
Phora Durbar Kathmandu,PM2.5 - Principal,2024-08-11 07:00 AM,2024,08,11,07,14.1,60,Moderate,17.0,UG/M3,1 Hr,Valid
Phora Durbar Kathmandu,PM2.5 - Principal,2024-08-11 08:00 AM,2024,08,11,08,14.1,60,Moderate,-15.0,UG/M3,1 Hr,Invalid
Phora Durbar Kathmandu,PM2.5 - Principal,2024-08-11 09:00 AM,2024,08,11,09,24.2,79,Moderate,29.0,UG/M3,1 Hr,Valid
Phora Durbar Kathmandu,PM2.5 - Principal,2024-08-11 10:00 AM,2024,08,11,10,25.2,81,Moderate,26.0,UG/M3,1 Hr,Valid
Phora Durbar Kathmandu,PM2.5 - Principal,2024-08-11 11:00 AM,2024,08,11,11,26.7,84,Moderate,28.0,UG/M3,1 Hr,Valid
Phora Durbar Kathmandu,PM2.5 - Principal,2024-08-11 12:00 PM,2024,08,11,12,26.7,84,Moderate,-15.0,UG/M3,1 Hr,Invalid
Phora Durbar Kathmandu,PM2.5 - Principal,2024-08-11 01:00 PM,2024,08,11,13,26.2,83,Moderate,26.0,UG/M3,1 Hr,Valid
Phora Durbar Kathmandu,PM2.5 - Principal,2024-08-11 02:00 PM,2024,08,11,14,21.4,74,Moderate,18.0,UG/M3,1 Hr,Valid
Phora Durbar Kathmandu,PM2.5 - Principal,2024-08-11 03:00 PM,2024,08,11,15,20.1,71,Moderate,19.0,UG/M3,1 Hr,Valid
Phora Durbar Kathmandu,PM2.5 - Principal,2024-08-11 04:00 PM,2024,08,11,16,19.0,69,Moderate,18.0,UG/M3,1 Hr,Valid
Phora Durbar Kathmandu,PM2.5 - Principal,2024-08-11 05:00 PM,2024,08,11,17,15.9,64,Moderate,13.0,UG/M3,1 Hr,Valid
Phora Durbar Kathmandu,PM2.5 - Principal,2024-08-11 06:00 PM,2024,08,11,18,6.9,38,Good,-2.0,UG/M3,1 Hr,Valid
Phora Durbar Kathmandu,PM2.5 - Principal,2024-08-11 07:00 PM,2024,08,11,19,19.0,69,Moderate,31.0,UG/M3,1 Hr,Valid
Phora Durbar Kathmandu,PM2.5 - Principal,2024-08-11 08:00 PM,2024,08,11,20,19.0,69,Moderate,-15.0,UG/M3,1 Hr,Invalid
Phora Durbar Kathmandu,PM2.5 - Principal,2024-08-11 09:00 PM,2024,08,11,21,29.6,89,Moderate,35.0,UG/M3,1 Hr,Valid
Phora Durbar Kathmandu,PM2.5 - Principal,2024-08-11 10:00 PM,2024,08,11,22,-999.0,-999,N/A,-8.0,UG/M3,1 Hr,Invalid
Phora Durbar Kathmandu,PM2.5 - Principal,2024-08-11 11:00 PM,2024,08,11,23,33.5,96,Moderate,35.0,UG/M3,1 Hr,Valid
Phora Durbar Kathmandu,PM2.5 - Principal,2024-08-12 12:00 AM,2024,08,12,00,30.8,91,Moderate,29.0,UG/M3,1 Hr,Valid
Phora Durbar Kathmandu,PM2.5 - Principal,2024-08-12 01:00 AM,2024,08,12,01,23.8,78,Moderate,18.0,UG/M3,1 Hr,Valid
Phora Durbar Kathmandu,PM2.5 - Principal,2024-08-12 02:00 AM,2024,08,12,02,23.4,78,Moderate,23.0,UG/M3,1 Hr,Valid
Phora Durbar Kathmandu,PM2.5 - Principal,2024-08-12 03:00 AM,2024,08,12,03,23.7,78,Moderate,24.0,UG/M3,1 Hr,Valid
Phora Durbar Kathmandu,PM2.5 - Principal,2024-08-12 04:00 AM,2024,08,12,04,23.7,78,Moderate,-5.0,UG/M3,1 Hr,Invalid
Phora Durbar Kathmandu,PM2.5 - Principal,2024-08-12 05:00 AM,2024,08,12,05,23.2,77,Moderate,23.0,UG/M3,1 Hr,Valid
Phora Durbar Kathmandu,PM2.5 - Principal,2024-08-12 06:00 AM,2024,08,12,06,28.1,86,Moderate,32.0,UG/M3,1 Hr,Valid
Phora Durbar Kathmandu,PM2.5 - Principal,2024-08-12 07:00 AM,2024,08,12,07,28.0,86,Moderate,28.0,UG/M3,1 Hr,Valid
Phora Durbar Kathmandu,PM2.5 - Principal,2024-08-12 08:00 AM,2024,08,12,08,16.6,65,Moderate,6.0,UG/M3,1 Hr,Valid
Phora Durbar Kathmandu,PM2.5 - Principal,2024-08-12 09:00 AM,2024,08,12,09,33.1,96,Moderate,49.0,UG/M3,1 Hr,Valid
Phora Durbar Kathmandu,PM2.5 - Principal,2024-08-12 10:00 AM,2024,08,12,10,32.5,95,Moderate,32.0,UG/M3,1 Hr,Valid
Phora Durbar Kathmandu,PM2.5 - Principal,2024-08-12 11:00 AM,2024,08,12,11,31.7,93,Moderate,31.0,UG/M3,1 Hr,Valid
Phora Durbar Kathmandu,PM2.5 - Principal,2024-08-12 12:00 PM,2024,08,12,12,33.8,97,Moderate,36.0,UG/M3,1 Hr,Valid
Phora Durbar Kathmandu,PM2.5 - Principal,2024-08-12 01:00 PM,2024,08,12,13,34.9,99,Moderate,36.0,UG/M3,1 Hr,Valid
Phora Durbar Kathmandu,PM2.5 - Principal,2024-08-12 02:00 PM,2024,08,12,14,34.9,99,Moderate,-15.0,UG/M3,1 Hr,Invalid
Phora Durbar Kathmandu,PM2.5 - Principal,2024-08-12 03:00 PM,2024,08,12,15,-999.0,-999,N/A,-15.0,UG/M3,1 Hr,Invalid
Phora Durbar Kathmandu,PM2.5 - Principal,2024-08-12 04:00 PM,2024,08,12,16,-999.0,-999,N/A,15.0,UG/M3,1 Hr,Valid
Phora Durbar Kathmandu,PM2.5 - Principal,2024-08-12 05:00 PM,2024,08,12,17,84.2,171,Unhealthy,125.0,UG/M3,1 Hr,Valid
Phora Durbar Kathmandu,PM2.5 - Principal,2024-08-12 06:00 PM,2024,08,12,18,56.5,152,Unhealthy,34.0,UG/M3,1 Hr,Valid
Phora Durbar Kathmandu,PM2.5 - Principal,2024-08-12 07:00 PM,2024,08,12,19,56.5,152,Unhealthy,-15.0,UG/M3,1 Hr,Invalid
Phora Durbar Kathmandu,PM2.5 - Principal,2024-08-12 08:00 PM,2024,08,12,20,33.4,96,Moderate,23.0,UG/M3,1 Hr,Valid
Phora Durbar Kathmandu,PM2.5 - Principal,2024-08-12 09:00 PM,2024,08,12,21,27.3,85,Moderate,23.0,UG/M3,1 Hr,Valid
Phora Durbar Kathmandu,PM2.5 - Principal,2024-08-12 10:00 PM,2024,08,12,22,31.4,93,Moderate,35.0,UG/M3,1 Hr,Valid
Phora Durbar Kathmandu,PM2.5 - Principal,2024-08-12 11:00 PM,2024,08,12,23,22.9,77,Moderate,15.0,UG/M3,1 Hr,Valid
Phora Durbar Kathmandu,PM2.5 - Principal,2024-08-13 12:00 AM,2024,08,13,00,16.8,65,Moderate,11.0,UG/M3,1 Hr,Valid
Phora Durbar Kathmandu,PM2.5 - Principal,2024-08-13 01:00 AM,2024,08,13,01,18.4,68,Moderate,20.0,UG/M3,1 Hr,Valid
Phora Durbar Kathmandu,PM2.5 - Principal,2024-08-13 02:00 AM,2024,08,13,02,14.2,61,Moderate,10.0,UG/M3,1 Hr,Valid
Phora Durbar Kathmandu,PM2.5 - Principal,2024-08-13 03:00 AM,2024,08,13,03,14.6,61,Moderate,15.0,UG/M3,1 Hr,Valid
Phora Durbar Kathmandu,PM2.5 - Principal,2024-08-13 04:00 AM,2024,08,13,04,14.8,62,Moderate,15.0,UG/M3,1 Hr,Valid
Phora Durbar Kathmandu,PM2.5 - Principal,2024-08-13 05:00 AM,2024,08,13,05,32.9,95,Moderate,51.0,UG/M3,1 Hr,Valid
Phora Durbar Kathmandu,PM2.5 - Principal,2024-08-13 06:00 AM,2024,08,13,06,24.9,80,Moderate,17.0,UG/M3,1 Hr,Valid
Phora Durbar Kathmandu,PM2.5 - Principal,2024-08-13 07:00 AM,2024,08,13,07,13.9,60,Moderate,3.0,UG/M3,1 Hr,Valid
Phora Durbar Kathmandu,PM2.5 - Principal,2024-08-13 08:00 AM,2024,08,13,08,23.4,78,Moderate,33.0,UG/M3,1 Hr,Valid
Phora Durbar Kathmandu,PM2.5 - Principal,2024-08-13 09:00 AM,2024,08,13,09,28.2,87,Moderate,33.0,UG/M3,1 Hr,Valid
Phora Durbar Kathmandu,PM2.5 - Principal,2024-08-13 10:00 AM,2024,08,13,10,29.6,89,Moderate,31.0,UG/M3,1 Hr,Valid
Phora Durbar Kathmandu,PM2.5 - Principal,2024-08-13 11:00 AM,2024,08,13,11,27.3,85,Moderate,25.0,UG/M3,1 Hr,Valid
Phora Durbar Kathmandu,PM2.5 - Principal,2024-08-13 12:00 PM,2024,08,13,12,27.3,85,Moderate,-15.0,UG/M3,1 Hr,Invalid
Phora Durbar Kathmandu,PM2.5 - Principal,2024-08-13 01:00 PM,2024,08,13,13,26.4,83,Moderate,26.0,UG/M3,1 Hr,Valid
Phora Durbar Kathmandu,PM2.5 - Principal,2024-08-13 02:00 PM,2024,08,13,14,24.4,80,Moderate,23.0,UG/M3,1 Hr,Valid
Phora Durbar Kathmandu,PM2.5 - Principal,2024-08-13 03:00 PM,2024,08,13,15,23.6,78,Moderate,23.0,UG/M3,1 Hr,Valid
Phora Durbar Kathmandu,PM2.5 - Principal,2024-08-13 04:00 PM,2024,08,13,16,52.7,143,Unhealthy for Sensitive Groups,80.0,UG/M3,1 Hr,Valid
Phora Durbar Kathmandu,PM2.5 - Principal,2024-08-13 05:00 PM,2024,08,13,17,29.0,88,Moderate,6.0,UG/M3,1 Hr,Valid
Phora Durbar Kathmandu,PM2.5 - Principal,2024-08-13 06:00 PM,2024,08,13,18,22.9,77,Moderate,17.0,UG/M3,1 Hr,Valid
Phora Durbar Kathmandu,PM2.5 - Principal,2024-08-13 07:00 PM,2024,08,13,19,21.9,75,Moderate,21.0,UG/M3,1 Hr,Valid
Phora Durbar Kathmandu,PM2.5 - Principal,2024-08-13 08:00 PM,2024,08,13,20,31.5,93,Moderate,41.0,UG/M3,1 Hr,Valid
Phora Durbar Kathmandu,PM2.5 - Principal,2024-08-13 09:00 PM,2024,08,13,21,29.7,89,Moderate,28.0,UG/M3,1 Hr,Valid
Phora Durbar Kathmandu,PM2.5 - Principal,2024-08-13 10:00 PM,2024,08,13,22,12.8,58,Moderate,-4.0,UG/M3,1 Hr,Valid
Phora Durbar Kathmandu,PM2.5 - Principal,2024-08-13 11:00 PM,2024,08,13,23,26.4,83,Moderate,40.0,UG/M3,1 Hr,Valid
Phora Durbar Kathmandu,PM2.5 - Principal,2024-08-14 12:00 AM,2024,08,14,00,22.2,75,Moderate,18.0,UG/M3,1 Hr,Valid
Phora Durbar Kathmandu,PM2.5 - Principal,2024-08-14 01:00 AM,2024,08,14,01,17.1,66,Moderate,12.0,UG/M3,1 Hr,Valid
Phora Durbar Kathmandu,PM2.5 - Principal,2024-08-14 02:00 AM,2024,08,14,02,14.0,60,Moderate,11.0,UG/M3,1 Hr,Valid
Phora Durbar Kathmandu,PM2.5 - Principal,2024-08-14 03:00 AM,2024,08,14,03,11.0,55,Moderate,8.0,UG/M3,1 Hr,Valid
Phora Durbar Kathmandu,PM2.5 - Principal,2024-08-14 04:00 AM,2024,08,14,04,7.0,39,Good,3.0,UG/M3,1 Hr,Valid
Phora Durbar Kathmandu,PM2.5 - Principal,2024-08-14 05:00 AM,2024,08,14,05,9.0,50,Good,11.0,UG/M3,1 Hr,Valid
Phora Durbar Kathmandu,PM2.5 - Principal,2024-08-14 06:00 AM,2024,08,14,06,11.5,55,Moderate,14.0,UG/M3,1 Hr,Valid
Phora Durbar Kathmandu,PM2.5 - Principal,2024-08-14 07:00 AM,2024,08,14,07,24.2,79,Moderate,37.0,UG/M3,1 Hr,Valid
Phora Durbar Kathmandu,PM2.5 - Principal,2024-08-14 08:00 AM,2024,08,14,08,16.1,64,Moderate,8.0,UG/M3,1 Hr,Valid
Phora Durbar Kathmandu,PM2.5 - Principal,2024-08-14 09:00 AM,2024,08,14,09,16.0,64,Moderate,16.0,UG/M3,1 Hr,Valid
Phora Durbar Kathmandu,PM2.5 - Principal,2024-08-14 10:00 AM,2024,08,14,10,37.0,105,Unhealthy for Sensitive Groups,58.0,UG/M3,1 Hr,Valid
Phora Durbar Kathmandu,PM2.5 - Principal,2024-08-14 11:00 AM,2024,08,14,11,37.0,105,Unhealthy for Sensitive Groups,-15.0,UG/M3,1 Hr,Invalid
Phora Durbar Kathmandu,PM2.5 - Principal,2024-08-14 12:00 PM,2024,08,14,12,28.3,87,Moderate,24.0,UG/M3,1 Hr,Valid
Phora Durbar Kathmandu,PM2.5 - Principal,2024-08-14 01:00 PM,2024,08,14,13,-999.0,-999,N/A,-15.0,UG/M3,1 Hr,Invalid
Phora Durbar Kathmandu,PM2.5 - Principal,2024-08-14 02:00 PM,2024,08,14,14,-999.0,-999,N/A,-15.0,UG/M3,1 Hr,Invalid
Phora Durbar Kathmandu,PM2.5 - Principal,2024-08-14 03:00 PM,2024,08,14,15,-999.0,-999,N/A,108.0,UG/M3,1 Hr,Valid
Phora Durbar Kathmandu,PM2.5 - Principal,2024-08-14 04:00 PM,2024,08,14,16,49.3,135,Unhealthy for Sensitive Groups,22.0,UG/M3,1 Hr,Valid
Phora Durbar Kathmandu,PM2.5 - Principal,2024-08-14 05:00 PM,2024,08,14,17,30.2,90,Moderate,15.0,UG/M3,1 Hr,Valid
Phora Durbar Kathmandu,PM2.5 - Principal,2024-08-14 06:00 PM,2024,08,14,18,50.6,138,Unhealthy for Sensitive Groups,69.0,UG/M3,1 Hr,Valid
Phora Durbar Kathmandu,PM2.5 - Principal,2024-08-14 07:00 PM,2024,08,14,19,50.6,138,Unhealthy for Sensitive Groups,-15.0,UG/M3,1 Hr,Invalid
Phora Durbar Kathmandu,PM2.5 - Principal,2024-08-14 08:00 PM,2024,08,14,20,37.3,105,Unhealthy for Sensitive Groups,31.0,UG/M3,1 Hr,Valid
Phora Durbar Kathmandu,PM2.5 - Principal,2024-08-14 09:00 PM,2024,08,14,21,33.6,97,Moderate,31.0,UG/M3,1 Hr,Valid
Phora Durbar Kathmandu,PM2.5 - Principal,2024-08-14 10:00 PM,2024,08,14,22,42.4,118,Unhealthy for Sensitive Groups,50.0,UG/M3,1 Hr,Valid
Phora Durbar Kathmandu,PM2.5 - Principal,2024-08-14 11:00 PM,2024,08,14,23,42.4,118,Unhealthy for Sensitive Groups,-15.0,UG/M3,1 Hr,Invalid
Phora Durbar Kathmandu,PM2.5 - Principal,2024-08-15 12:00 AM,2024,08,15,00,16.2,64,Moderate,4.0,UG/M3,1 Hr,Valid
Phora Durbar Kathmandu,PM2.5 - Principal,2024-08-15 01:00 AM,2024,08,15,01,12.0,56,Moderate,9.0,UG/M3,1 Hr,Valid
Phora Durbar Kathmandu,PM2.5 - Principal,2024-08-15 02:00 AM,2024,08,15,02,15.2,62,Moderate,18.0,UG/M3,1 Hr,Valid
Phora Durbar Kathmandu,PM2.5 - Principal,2024-08-15 03:00 AM,2024,08,15,03,13.0,58,Moderate,11.0,UG/M3,1 Hr,Valid
Phora Durbar Kathmandu,PM2.5 - Principal,2024-08-15 04:00 AM,2024,08,15,04,15.0,62,Moderate,17.0,UG/M3,1 Hr,Valid
Phora Durbar Kathmandu,PM2.5 - Principal,2024-08-15 05:00 AM,2024,08,15,05,11.4,55,Moderate,8.0,UG/M3,1 Hr,Valid
Phora Durbar Kathmandu,PM2.5 - Principal,2024-08-15 06:00 AM,2024,08,15,06,8.7,48,Good,6.0,UG/M3,1 Hr,Valid
Phora Durbar Kathmandu,PM2.5 - Principal,2024-08-15 07:00 AM,2024,08,15,07,10.3,53,Moderate,12.0,UG/M3,1 Hr,Valid
Phora Durbar Kathmandu,PM2.5 - Principal,2024-08-15 08:00 AM,2024,08,15,08,14.6,61,Moderate,19.0,UG/M3,1 Hr,Valid
Phora Durbar Kathmandu,PM2.5 - Principal,2024-08-15 09:00 AM,2024,08,15,09,19.3,70,Moderate,24.0,UG/M3,1 Hr,Valid
Phora Durbar Kathmandu,PM2.5 - Principal,2024-08-15 10:00 AM,2024,08,15,10,34.6,99,Moderate,50.0,UG/M3,1 Hr,Valid
Phora Durbar Kathmandu,PM2.5 - Principal,2024-08-15 11:00 AM,2024,08,15,11,25.3,81,Moderate,16.0,UG/M3,1 Hr,Valid
Phora Durbar Kathmandu,PM2.5 - Principal,2024-08-15 12:00 PM,2024,08,15,12,28.6,87,Moderate,32.0,UG/M3,1 Hr,Valid
Phora Durbar Kathmandu,PM2.5 - Principal,2024-08-15 01:00 PM,2024,08,15,13,21.3,74,Moderate,14.0,UG/M3,1 Hr,Valid
Phora Durbar Kathmandu,PM2.5 - Principal,2024-08-15 02:00 PM,2024,08,15,14,19.6,71,Moderate,18.0,UG/M3,1 Hr,Valid
Phora Durbar Kathmandu,PM2.5 - Principal,2024-08-15 03:00 PM,2024,08,15,15,17.3,66,Moderate,15.0,UG/M3,1 Hr,Valid
Phora Durbar Kathmandu,PM2.5 - Principal,2024-08-15 04:00 PM,2024,08,15,16,24.1,79,Moderate,31.0,UG/M3,1 Hr,Valid
Phora Durbar Kathmandu,PM2.5 - Principal,2024-08-15 05:00 PM,2024,08,15,17,25.5,82,Moderate,27.0,UG/M3,1 Hr,Valid
Phora Durbar Kathmandu,PM2.5 - Principal,2024-08-15 06:00 PM,2024,08,15,18,25.5,82,Moderate,-15.0,UG/M3,1 Hr,Invalid
Phora Durbar Kathmandu,PM2.5 - Principal,2024-08-15 07:00 PM,2024,08,15,19,27.8,86,Moderate,29.0,UG/M3,1 Hr,Valid
Phora Durbar Kathmandu,PM2.5 - Principal,2024-08-15 08:00 PM,2024,08,15,20,-999.0,-999,N/A,-15.0,UG/M3,1 Hr,Invalid
Phora Durbar Kathmandu,PM2.5 - Principal,2024-08-15 09:00 PM,2024,08,15,21,4.6,26,Good,-4.0,UG/M3,1 Hr,Valid
Phora Durbar Kathmandu,PM2.5 - Principal,2024-08-15 10:00 PM,2024,08,15,22,9.6,52,Moderate,13.0,UG/M3,1 Hr,Valid
Phora Durbar Kathmandu,PM2.5 - Principal,2024-08-15 11:00 PM,2024,08,15,23,10.3,53,Moderate,11.0,UG/M3,1 Hr,Valid
Phora Durbar Kathmandu,PM2.5 - Principal,2024-08-16 12:00 AM,2024,08,16,00,7.0,39,Good,4.0,UG/M3,1 Hr,Valid
Phora Durbar Kathmandu,PM2.5 - Principal,2024-08-16 01:00 AM,2024,08,16,01,7.0,39,Good,-15.0,UG/M3,1 Hr,Invalid
Phora Durbar Kathmandu,PM2.5 - Principal,2024-08-16 02:00 AM,2024,08,16,02,24.5,80,Moderate,33.0,UG/M3,1 Hr,Valid
Phora Durbar Kathmandu,PM2.5 - Principal,2024-08-16 03:00 AM,2024,08,16,03,-999.0,-999,N/A,-15.0,UG/M3,1 Hr,Invalid
Phora Durbar Kathmandu,PM2.5 - Principal,2024-08-16 04:00 AM,2024,08,16,04,21.9,75,Moderate,21.0,UG/M3,1 Hr,Valid
Phora Durbar Kathmandu,PM2.5 - Principal,2024-08-16 05:00 AM,2024,08,16,05,45.7,126,Unhealthy for Sensitive Groups,62.0,UG/M3,1 Hr,Valid
Phora Durbar Kathmandu,PM2.5 - Principal,2024-08-16 06:00 AM,2024,08,16,06,28.5,87,Moderate,14.0,UG/M3,1 Hr,Valid
Phora Durbar Kathmandu,PM2.5 - Principal,2024-08-16 07:00 AM,2024,08,16,07,49.0,134,Unhealthy for Sensitive Groups,68.0,UG/M3,1 Hr,Valid
Phora Durbar Kathmandu,PM2.5 - Principal,2024-08-16 08:00 AM,2024,08,16,08,37.8,107,Unhealthy for Sensitive Groups,27.0,UG/M3,1 Hr,Valid
Phora Durbar Kathmandu,PM2.5 - Principal,2024-08-16 09:00 AM,2024,08,16,09,19.7,71,Moderate,2.0,UG/M3,1 Hr,Valid
Phora Durbar Kathmandu,PM2.5 - Principal,2024-08-16 10:00 AM,2024,08,16,10,14.8,62,Moderate,10.0,UG/M3,1 Hr,Valid
Phora Durbar Kathmandu,PM2.5 - Principal,2024-08-16 11:00 AM,2024,08,16,11,15.9,64,Moderate,17.0,UG/M3,1 Hr,Valid
Phora Durbar Kathmandu,PM2.5 - Principal,2024-08-16 12:00 PM,2024,08,16,12,30.4,91,Moderate,45.0,UG/M3,1 Hr,Valid
Phora Durbar Kathmandu,PM2.5 - Principal,2024-08-16 01:00 PM,2024,08,16,13,30.4,91,Moderate,-15.0,UG/M3,1 Hr,Invalid
Phora Durbar Kathmandu,PM2.5 - Principal,2024-08-16 02:00 PM,2024,08,16,14,44.8,124,Unhealthy for Sensitive Groups,52.0,UG/M3,1 Hr,Valid
Phora Durbar Kathmandu,PM2.5 - Principal,2024-08-16 03:00 PM,2024,08,16,15,31.7,93,Moderate,22.0,UG/M3,1 Hr,Valid
Phora Durbar Kathmandu,PM2.5 - Principal,2024-08-16 04:00 PM,2024,08,16,16,21.7,74,Moderate,13.0,UG/M3,1 Hr,Valid
Phora Durbar Kathmandu,PM2.5 - Principal,2024-08-16 05:00 PM,2024,08,16,17,12.0,56,Moderate,3.0,UG/M3,1 Hr,Valid
Phora Durbar Kathmandu,PM2.5 - Principal,2024-08-16 06:00 PM,2024,08,16,18,10.0,53,Moderate,8.0,UG/M3,1 Hr,Valid
Phora Durbar Kathmandu,PM2.5 - Principal,2024-08-16 07:00 PM,2024,08,16,19,19.0,69,Moderate,28.0,UG/M3,1 Hr,Valid
Phora Durbar Kathmandu,PM2.5 - Principal,2024-08-16 08:00 PM,2024,08,16,20,23.0,77,Moderate,27.0,UG/M3,1 Hr,Valid
Phora Durbar Kathmandu,PM2.5 - Principal,2024-08-16 09:00 PM,2024,08,16,21,14.5,61,Moderate,6.0,UG/M3,1 Hr,Valid
Phora Durbar Kathmandu,PM2.5 - Principal,2024-08-16 10:00 PM,2024,08,16,22,16.7,65,Moderate,19.0,UG/M3,1 Hr,Valid
Phora Durbar Kathmandu,PM2.5 - Principal,2024-08-16 11:00 PM,2024,08,16,23,18.8,69,Moderate,21.0,UG/M3,1 Hr,Valid
Phora Durbar Kathmandu,PM2.5 - Principal,2024-08-17 12:00 AM,2024,08,17,00,34.4,98,Moderate,50.0,UG/M3,1 Hr,Valid
Phora Durbar Kathmandu,PM2.5 - Principal,2024-08-17 01:00 AM,2024,08,17,01,18.7,69,Moderate,3.0,UG/M3,1 Hr,Valid
Phora Durbar Kathmandu,PM2.5 - Principal,2024-08-17 02:00 AM,2024,08,17,02,16.3,64,Moderate,14.0,UG/M3,1 Hr,Valid
Phora Durbar Kathmandu,PM2.5 - Principal,2024-08-17 03:00 AM,2024,08,17,03,13.1,58,Moderate,10.0,UG/M3,1 Hr,Valid
Phora Durbar Kathmandu,PM2.5 - Principal,2024-08-17 04:00 AM,2024,08,17,04,17.5,67,Moderate,22.0,UG/M3,1 Hr,Valid
Phora Durbar Kathmandu,PM2.5 - Principal,2024-08-17 05:00 AM,2024,08,17,05,13.7,60,Moderate,10.0,UG/M3,1 Hr,Valid
Phora Durbar Kathmandu,PM2.5 - Principal,2024-08-17 06:00 AM,2024,08,17,06,20.9,73,Moderate,28.0,UG/M3,1 Hr,Valid
Phora Durbar Kathmandu,PM2.5 - Principal,2024-08-17 07:00 AM,2024,08,17,07,20.9,73,Moderate,21.0,UG/M3,1 Hr,Valid
Phora Durbar Kathmandu,PM2.5 - Principal,2024-08-17 08:00 AM,2024,08,17,08,18.4,68,Moderate,16.0,UG/M3,1 Hr,Valid
Phora Durbar Kathmandu,PM2.5 - Principal,2024-08-17 09:00 AM,2024,08,17,09,20.2,72,Moderate,22.0,UG/M3,1 Hr,Valid
Phora Durbar Kathmandu,PM2.5 - Principal,2024-08-17 10:00 AM,2024,08,17,10,9.6,52,Moderate,-1.0,UG/M3,1 Hr,Valid
Phora Durbar Kathmandu,PM2.5 - Principal,2024-08-17 11:00 AM,2024,08,17,11,3.8,21,Good,-2.0,UG/M3,1 Hr,Valid
Phora Durbar Kathmandu,PM2.5 - Principal,2024-08-17 12:00 PM,2024,08,17,12,3.7,21,Good,-15.0,UG/M3,1 Hr,Invalid
Phora Durbar Kathmandu,PM2.5 - Principal,2024-08-17 01:00 PM,2024,08,17,13,38.6,109,Unhealthy for Sensitive Groups,56.0,UG/M3,1 Hr,Valid
Phora Durbar Kathmandu,PM2.5 - Principal,2024-08-17 02:00 PM,2024,08,17,14,-999.0,-999,N/A,-15.0,UG/M3,1 Hr,Invalid
Phora Durbar Kathmandu,PM2.5 - Principal,2024-08-17 03:00 PM,2024,08,17,15,17.8,67,Moderate,10.0,UG/M3,1 Hr,Valid
Phora Durbar Kathmandu,PM2.5 - Principal,2024-08-17 04:00 PM,2024,08,17,16,9.0,50,Good,3.0,UG/M3,1 Hr,Valid
Phora Durbar Kathmandu,PM2.5 - Principal,2024-08-17 05:00 PM,2024,08,17,17,22.5,76,Moderate,34.0,UG/M3,1 Hr,Valid
Phora Durbar Kathmandu,PM2.5 - Principal,2024-08-17 06:00 PM,2024,08,17,18,22.5,76,Moderate,-15.0,UG/M3,1 Hr,Invalid
Phora Durbar Kathmandu,PM2.5 - Principal,2024-08-17 07:00 PM,2024,08,17,19,22.8,77,Moderate,23.0,UG/M3,1 Hr,Valid
Phora Durbar Kathmandu,PM2.5 - Principal,2024-08-17 08:00 PM,2024,08,17,20,44.9,124,Unhealthy for Sensitive Groups,61.0,UG/M3,1 Hr,Valid
Phora Durbar Kathmandu,PM2.5 - Principal,2024-08-17 09:00 PM,2024,08,17,21,42.8,119,Unhealthy for Sensitive Groups,41.0,UG/M3,1 Hr,Valid
Phora Durbar Kathmandu,PM2.5 - Principal,2024-08-17 10:00 PM,2024,08,17,22,42.8,119,Unhealthy for Sensitive Groups,-10.0,UG/M3,1 Hr,Invalid
Phora Durbar Kathmandu,PM2.5 - Principal,2024-08-17 11:00 PM,2024,08,17,23,36.8,104,Unhealthy for Sensitive Groups,34.0,UG/M3,1 Hr,Valid
Phora Durbar Kathmandu,PM2.5 - Principal,2024-08-18 12:00 AM,2024,08,18,00,28.8,88,Moderate,23.0,UG/M3,1 Hr,Valid
Phora Durbar Kathmandu,PM2.5 - Principal,2024-08-18 01:00 AM,2024,08,18,01,17.6,67,Moderate,8.0,UG/M3,1 Hr,Valid
Phora Durbar Kathmandu,PM2.5 - Principal,2024-08-18 02:00 AM,2024,08,18,02,12.6,58,Moderate,8.0,UG/M3,1 Hr,Valid
Phora Durbar Kathmandu,PM2.5 - Principal,2024-08-18 03:00 AM,2024,08,18,03,9.2,51,Moderate,6.0,UG/M3,1 Hr,Valid
Phora Durbar Kathmandu,PM2.5 - Principal,2024-08-18 04:00 AM,2024,08,18,04,5.1,28,Good,1.0,UG/M3,1 Hr,Valid
Phora Durbar Kathmandu,PM2.5 - Principal,2024-08-18 05:00 AM,2024,08,18,05,5.0,28,Good,-14.0,UG/M3,1 Hr,Invalid
Phora Durbar Kathmandu,PM2.5 - Principal,2024-08-18 06:00 AM,2024,08,18,06,20.4,72,Moderate,28.0,UG/M3,1 Hr,Valid
Phora Durbar Kathmandu,PM2.5 - Principal,2024-08-18 07:00 AM,2024,08,18,07,8.7,48,Good,0.0,UG/M3,1 Hr,Valid
Phora Durbar Kathmandu,PM2.5 - Principal,2024-08-18 08:00 AM,2024,08,18,08,29.6,89,Moderate,48.0,UG/M3,1 Hr,Valid
Phora Durbar Kathmandu,PM2.5 - Principal,2024-08-18 09:00 AM,2024,08,18,09,19.5,70,Moderate,10.0,UG/M3,1 Hr,Valid
Phora Durbar Kathmandu,PM2.5 - Principal,2024-08-18 10:00 AM,2024,08,18,10,18.2,68,Moderate,17.0,UG/M3,1 Hr,Valid
Phora Durbar Kathmandu,PM2.5 - Principal,2024-08-18 11:00 AM,2024,08,18,11,18.2,68,Moderate,-15.0,UG/M3,1 Hr,Invalid
Phora Durbar Kathmandu,PM2.5 - Principal,2024-08-18 12:00 PM,2024,08,18,12,24.1,79,Moderate,27.0,UG/M3,1 Hr,Valid
Phora Durbar Kathmandu,PM2.5 - Principal,2024-08-18 01:00 PM,2024,08,18,13,18.8,69,Moderate,15.0,UG/M3,1 Hr,Valid
Phora Durbar Kathmandu,PM2.5 - Principal,2024-08-18 02:00 PM,2024,08,18,14,12.5,57,Moderate,7.0,UG/M3,1 Hr,Valid
Phora Durbar Kathmandu,PM2.5 - Principal,2024-08-18 03:00 PM,2024,08,18,15,16.3,64,Moderate,20.0,UG/M3,1 Hr,Valid
Phora Durbar Kathmandu,PM2.5 - Principal,2024-08-18 04:00 PM,2024,08,18,16,8.5,47,Good,1.0,UG/M3,1 Hr,Valid
Phora Durbar Kathmandu,PM2.5 - Principal,2024-08-18 05:00 PM,2024,08,18,17,13.3,59,Moderate,18.0,UG/M3,1 Hr,Valid
Phora Durbar Kathmandu,PM2.5 - Principal,2024-08-18 06:00 PM,2024,08,18,18,11.1,55,Moderate,9.0,UG/M3,1 Hr,Valid
Phora Durbar Kathmandu,PM2.5 - Principal,2024-08-18 07:00 PM,2024,08,18,19,39.1,110,Unhealthy for Sensitive Groups,67.0,UG/M3,1 Hr,Valid
Phora Durbar Kathmandu,PM2.5 - Principal,2024-08-18 08:00 PM,2024,08,18,20,31.5,93,Moderate,24.0,UG/M3,1 Hr,Valid
Phora Durbar Kathmandu,PM2.5 - Principal,2024-08-18 09:00 PM,2024,08,18,21,31.5,93,Moderate,-6.0,UG/M3,1 Hr,Invalid
Phora Durbar Kathmandu,PM2.5 - Principal,2024-08-18 10:00 PM,2024,08,18,22,23.8,78,Moderate,20.0,UG/M3,1 Hr,Valid
Phora Durbar Kathmandu,PM2.5 - Principal,2024-08-18 11:00 PM,2024,08,18,23,25.0,81,Moderate,26.0,UG/M3,1 Hr,Valid
Phora Durbar Kathmandu,PM2.5 - Principal,2024-08-19 12:00 AM,2024,08,19,00,25.0,81,Moderate,-15.0,UG/M3,1 Hr,Invalid
Phora Durbar Kathmandu,PM2.5 - Principal,2024-08-19 01:00 AM,2024,08,19,01,-999.0,-999,N/A,-7.0,UG/M3,1 Hr,Invalid
Phora Durbar Kathmandu,PM2.5 - Principal,2024-08-19 02:00 AM,2024,08,19,02,-999.0,-999,N/A,19.0,UG/M3,1 Hr,Valid
Phora Durbar Kathmandu,PM2.5 - Principal,2024-08-19 03:00 AM,2024,08,19,03,11.9,56,Moderate,7.0,UG/M3,1 Hr,Valid
Phora Durbar Kathmandu,PM2.5 - Principal,2024-08-19 04:00 AM,2024,08,19,04,8.6,48,Good,6.0,UG/M3,1 Hr,Valid
Phora Durbar Kathmandu,PM2.5 - Principal,2024-08-19 05:00 AM,2024,08,19,05,12.5,57,Moderate,16.0,UG/M3,1 Hr,Valid
Phora Durbar Kathmandu,PM2.5 - Principal,2024-08-19 06:00 AM,2024,08,19,06,9.1,51,Moderate,6.0,UG/M3,1 Hr,Valid
Phora Durbar Kathmandu,PM2.5 - Principal,2024-08-19 07:00 AM,2024,08,19,07,13.6,59,Moderate,18.0,UG/M3,1 Hr,Valid
Phora Durbar Kathmandu,PM2.5 - Principal,2024-08-19 08:00 AM,2024,08,19,08,14.8,62,Moderate,16.0,UG/M3,1 Hr,Valid
Phora Durbar Kathmandu,PM2.5 - Principal,2024-08-19 09:00 AM,2024,08,19,09,25.4,81,Moderate,36.0,UG/M3,1 Hr,Valid
Phora Durbar Kathmandu,PM2.5 - Principal,2024-08-19 10:00 AM,2024,08,19,10,32.7,95,Moderate,40.0,UG/M3,1 Hr,Valid
Phora Durbar Kathmandu,PM2.5 - Principal,2024-08-19 11:00 AM,2024,08,19,11,20.3,72,Moderate,8.0,UG/M3,1 Hr,Valid
Phora Durbar Kathmandu,PM2.5 - Principal,2024-08-19 12:00 PM,2024,08,19,12,40.6,114,Unhealthy for Sensitive Groups,61.0,UG/M3,1 Hr,Valid
Phora Durbar Kathmandu,PM2.5 - Principal,2024-08-19 01:00 PM,2024,08,19,13,23.8,78,Moderate,7.0,UG/M3,1 Hr,Valid
Phora Durbar Kathmandu,PM2.5 - Principal,2024-08-19 02:00 PM,2024,08,19,14,30.9,92,Moderate,38.0,UG/M3,1 Hr,Valid
Phora Durbar Kathmandu,PM2.5 - Principal,2024-08-19 03:00 PM,2024,08,19,15,28.4,87,Moderate,26.0,UG/M3,1 Hr,Valid
Phora Durbar Kathmandu,PM2.5 - Principal,2024-08-19 04:00 PM,2024,08,19,16,28.4,87,Moderate,-15.0,UG/M3,1 Hr,Invalid
Phora Durbar Kathmandu,PM2.5 - Principal,2024-08-19 05:00 PM,2024,08,19,17,34.8,99,Moderate,38.0,UG/M3,1 Hr,Valid
Phora Durbar Kathmandu,PM2.5 - Principal,2024-08-19 06:00 PM,2024,08,19,18,-999.0,-999,N/A,-15.0,UG/M3,1 Hr,Invalid
Phora Durbar Kathmandu,PM2.5 - Principal,2024-08-19 07:00 PM,2024,08,19,19,34.9,99,Moderate,35.0,UG/M3,1 Hr,Valid
Phora Durbar Kathmandu,PM2.5 - Principal,2024-08-19 08:00 PM,2024,08,19,20,56.3,152,Unhealthy,71.0,UG/M3,1 Hr,Valid
Phora Durbar Kathmandu,PM2.5 - Principal,2024-08-19 09:00 PM,2024,08,19,21,39.3,110,Unhealthy for Sensitive Groups,25.0,UG/M3,1 Hr,Valid
Phora Durbar Kathmandu,PM2.5 - Principal,2024-08-19 10:00 PM,2024,08,19,22,39.3,110,Unhealthy for Sensitive Groups,-15.0,UG/M3,1 Hr,Invalid
Phora Durbar Kathmandu,PM2.5 - Principal,2024-08-19 11:00 PM,2024,08,19,23,-999.0,-999,N/A,-15.0,UG/M3,1 Hr,Invalid
Phora Durbar Kathmandu,PM2.5 - Principal,2024-08-20 12:00 AM,2024,08,20,00,-999.0,-999,N/A,6.0,UG/M3,1 Hr,Valid
Phora Durbar Kathmandu,PM2.5 - Principal,2024-08-20 01:00 AM,2024,08,20,01,9.6,52,Moderate,8.0,UG/M3,1 Hr,Valid
Phora Durbar Kathmandu,PM2.5 - Principal,2024-08-20 02:00 AM,2024,08,20,02,2.6,14,Good,-3.0,UG/M3,1 Hr,Valid
Phora Durbar Kathmandu,PM2.5 - Principal,2024-08-20 03:00 AM,2024,08,20,03,31.1,92,Moderate,57.0,UG/M3,1 Hr,Valid
Phora Durbar Kathmandu,PM2.5 - Principal,2024-08-20 04:00 AM,2024,08,20,04,20.8,73,Moderate,11.0,UG/M3,1 Hr,Valid
Phora Durbar Kathmandu,PM2.5 - Principal,2024-08-20 05:00 AM,2024,08,20,05,16.8,65,Moderate,13.0,UG/M3,1 Hr,Valid
Phora Durbar Kathmandu,PM2.5 - Principal,2024-08-20 06:00 AM,2024,08,20,06,10.8,54,Moderate,5.0,UG/M3,1 Hr,Valid
Phora Durbar Kathmandu,PM2.5 - Principal,2024-08-20 07:00 AM,2024,08,20,07,23.4,78,Moderate,36.0,UG/M3,1 Hr,Valid
Phora Durbar Kathmandu,PM2.5 - Principal,2024-08-20 08:00 AM,2024,08,20,08,23.4,78,Moderate,-15.0,UG/M3,1 Hr,Invalid
Phora Durbar Kathmandu,PM2.5 - Principal,2024-08-20 09:00 AM,2024,08,20,09,38.5,108,Unhealthy for Sensitive Groups,46.0,UG/M3,1 Hr,Valid
Phora Durbar Kathmandu,PM2.5 - Principal,2024-08-20 10:00 AM,2024,08,20,10,45.0,124,Unhealthy for Sensitive Groups,50.0,UG/M3,1 Hr,Valid
Phora Durbar Kathmandu,PM2.5 - Principal,2024-08-20 11:00 AM,2024,08,20,11,45.0,124,Unhealthy for Sensitive Groups,-7.0,UG/M3,1 Hr,Invalid
Phora Durbar Kathmandu,PM2.5 - Principal,2024-08-20 12:00 PM,2024,08,20,12,33.2,96,Moderate,28.0,UG/M3,1 Hr,Valid
Phora Durbar Kathmandu,PM2.5 - Principal,2024-08-20 01:00 PM,2024,08,20,13,37.7,106,Unhealthy for Sensitive Groups,41.0,UG/M3,1 Hr,Valid
Phora Durbar Kathmandu,PM2.5 - Principal,2024-08-20 02:00 PM,2024,08,20,14,34.1,98,Moderate,31.0,UG/M3,1 Hr,Valid
Phora Durbar Kathmandu,PM2.5 - Principal,2024-08-20 03:00 PM,2024,08,20,15,23.1,77,Moderate,13.0,UG/M3,1 Hr,Valid
Phora Durbar Kathmandu,PM2.5 - Principal,2024-08-20 04:00 PM,2024,08,20,16,25.1,81,Moderate,27.0,UG/M3,1 Hr,Valid
Phora Durbar Kathmandu,PM2.5 - Principal,2024-08-20 05:00 PM,2024,08,20,17,20.0,71,Moderate,15.0,UG/M3,1 Hr,Valid
Phora Durbar Kathmandu,PM2.5 - Principal,2024-08-20 06:00 PM,2024,08,20,18,23.0,77,Moderate,26.0,UG/M3,1 Hr,Valid
Phora Durbar Kathmandu,PM2.5 - Principal,2024-08-20 07:00 PM,2024,08,20,19,23.0,77,Moderate,-15.0,UG/M3,1 Hr,Invalid
Phora Durbar Kathmandu,PM2.5 - Principal,2024-08-20 08:00 PM,2024,08,20,20,41.0,115,Unhealthy for Sensitive Groups,50.0,UG/M3,1 Hr,Valid
Phora Durbar Kathmandu,PM2.5 - Principal,2024-08-20 09:00 PM,2024,08,20,21,21.5,74,Moderate,7.0,UG/M3,1 Hr,Valid
Phora Durbar Kathmandu,PM2.5 - Principal,2024-08-20 10:00 PM,2024,08,20,22,20.7,73,Moderate,20.0,UG/M3,1 Hr,Valid
Phora Durbar Kathmandu,PM2.5 - Principal,2024-08-20 11:00 PM,2024,08,20,23,20.7,73,Moderate,-15.0,UG/M3,1 Hr,Invalid
Phora Durbar Kathmandu,PM2.5 - Principal,2024-08-21 12:00 AM,2024,08,21,00,50.8,139,Unhealthy for Sensitive Groups,65.0,UG/M3,1 Hr,Valid
Phora Durbar Kathmandu,PM2.5 - Principal,2024-08-21 01:00 AM,2024,08,21,01,45.7,126,Unhealthy for Sensitive Groups,42.0,UG/M3,1 Hr,Valid
Phora Durbar Kathmandu,PM2.5 - Principal,2024-08-21 02:00 AM,2024,08,21,02,45.7,126,Unhealthy for Sensitive Groups,-15.0,UG/M3,1 Hr,Invalid
Phora Durbar Kathmandu,PM2.5 - Principal,2024-08-21 03:00 AM,2024,08,21,03,47.3,130,Unhealthy for Sensitive Groups,48.0,UG/M3,1 Hr,Valid
Phora Durbar Kathmandu,PM2.5 - Principal,2024-08-21 04:00 AM,2024,08,21,04,23.2,77,Moderate,6.0,UG/M3,1 Hr,Valid
Phora Durbar Kathmandu,PM2.5 - Principal,2024-08-21 05:00 AM,2024,08,21,05,16.1,64,Moderate,10.0,UG/M3,1 Hr,Valid
Phora Durbar Kathmandu,PM2.5 - Principal,2024-08-21 06:00 AM,2024,08,21,06,11.9,56,Moderate,8.0,UG/M3,1 Hr,Valid
Phora Durbar Kathmandu,PM2.5 - Principal,2024-08-21 07:00 AM,2024,08,21,07,27.2,85,Moderate,42.0,UG/M3,1 Hr,Valid
Phora Durbar Kathmandu,PM2.5 - Principal,2024-08-21 08:00 AM,2024,08,21,08,27.2,85,Moderate,-15.0,UG/M3,1 Hr,Invalid
Phora Durbar Kathmandu,PM2.5 - Principal,2024-08-21 09:00 AM,2024,08,21,09,33.7,97,Moderate,37.0,UG/M3,1 Hr,Valid
Phora Durbar Kathmandu,PM2.5 - Principal,2024-08-21 10:00 AM,2024,08,21,10,13.8,60,Moderate,-1.0,UG/M3,1 Hr,Valid
Phora Durbar Kathmandu,PM2.5 - Principal,2024-08-21 11:00 AM,2024,08,21,11,24.0,79,Moderate,33.0,UG/M3,1 Hr,Valid
Phora Durbar Kathmandu,PM2.5 - Principal,2024-08-21 12:00 PM,2024,08,21,12,33.8,97,Moderate,43.0,UG/M3,1 Hr,Valid
Phora Durbar Kathmandu,PM2.5 - Principal,2024-08-21 01:00 PM,2024,08,21,13,27.3,85,Moderate,21.0,UG/M3,1 Hr,Valid
Phora Durbar Kathmandu,PM2.5 - Principal,2024-08-21 02:00 PM,2024,08,21,14,27.3,85,Moderate,-15.0,UG/M3,1 Hr,Invalid
Phora Durbar Kathmandu,PM2.5 - Principal,2024-08-21 03:00 PM,2024,08,21,15,20.3,72,Moderate,17.0,UG/M3,1 Hr,Valid
Phora Durbar Kathmandu,PM2.5 - Principal,2024-08-21 04:00 PM,2024,08,21,16,42.5,118,Unhealthy for Sensitive Groups,59.0,UG/M3,1 Hr,Valid
Phora Durbar Kathmandu,PM2.5 - Principal,2024-08-21 05:00 PM,2024,08,21,17,38.5,108,Unhealthy for Sensitive Groups,35.0,UG/M3,1 Hr,Valid
Phora Durbar Kathmandu,PM2.5 - Principal,2024-08-21 06:00 PM,2024,08,21,18,55.8,151,Unhealthy,72.0,UG/M3,1 Hr,Valid
Phora Durbar Kathmandu,PM2.5 - Principal,2024-08-21 07:00 PM,2024,08,21,19,40.1,112,Unhealthy for Sensitive Groups,25.0,UG/M3,1 Hr,Valid
Phora Durbar Kathmandu,PM2.5 - Principal,2024-08-21 08:00 PM,2024,08,21,20,45.6,126,Unhealthy for Sensitive Groups,51.0,UG/M3,1 Hr,Valid
Phora Durbar Kathmandu,PM2.5 - Principal,2024-08-21 09:00 PM,2024,08,21,21,45.6,126,Unhealthy for Sensitive Groups,-13.0,UG/M3,1 Hr,Invalid
Phora Durbar Kathmandu,PM2.5 - Principal,2024-08-21 10:00 PM,2024,08,21,22,-999.0,-999,N/A,-15.0,UG/M3,1 Hr,Invalid
Phora Durbar Kathmandu,PM2.5 - Principal,2024-08-21 11:00 PM,2024,08,21,23,-999.0,-999,N/A,62.0,UG/M3,1 Hr,Valid
Phora Durbar Kathmandu,PM2.5 - Principal,2024-08-22 12:00 AM,2024,08,22,00,-999.0,-999,N/A,-15.0,UG/M3,1 Hr,Invalid
Phora Durbar Kathmandu,PM2.5 - Principal,2024-08-22 01:00 AM,2024,08,22,01,35.3,100,Moderate,28.0,UG/M3,1 Hr,Valid
Phora Durbar Kathmandu,PM2.5 - Principal,2024-08-22 02:00 AM,2024,08,22,02,25.4,81,Moderate,19.0,UG/M3,1 Hr,Valid
Phora Durbar Kathmandu,PM2.5 - Principal,2024-08-22 03:00 AM,2024,08,22,03,25.4,81,Moderate,-13.0,UG/M3,1 Hr,Invalid
Phora Durbar Kathmandu,PM2.5 - Principal,2024-08-22 04:00 AM,2024,08,22,04,11.6,56,Moderate,6.0,UG/M3,1 Hr,Valid
Phora Durbar Kathmandu,PM2.5 - Principal,2024-08-22 05:00 AM,2024,08,22,05,8.9,49,Good,7.0,UG/M3,1 Hr,Valid
Phora Durbar Kathmandu,PM2.5 - Principal,2024-08-22 06:00 AM,2024,08,22,06,9.5,52,Moderate,10.0,UG/M3,1 Hr,Valid
Phora Durbar Kathmandu,PM2.5 - Principal,2024-08-22 07:00 AM,2024,08,22,07,14.9,62,Moderate,20.0,UG/M3,1 Hr,Valid
Phora Durbar Kathmandu,PM2.5 - Principal,2024-08-22 08:00 AM,2024,08,22,08,8.3,46,Good,2.0,UG/M3,1 Hr,Valid
Phora Durbar Kathmandu,PM2.5 - Principal,2024-08-22 09:00 AM,2024,08,22,09,21.2,74,Moderate,34.0,UG/M3,1 Hr,Valid
Phora Durbar Kathmandu,PM2.5 - Principal,2024-08-22 10:00 AM,2024,08,22,10,21.2,74,Moderate,-15.0,UG/M3,1 Hr,Invalid
Phora Durbar Kathmandu,PM2.5 - Principal,2024-08-22 11:00 AM,2024,08,22,11,85.2,172,Unhealthy,117.0,UG/M3,1 Hr,Valid
Phora Durbar Kathmandu,PM2.5 - Principal,2024-08-22 12:00 PM,2024,08,22,12,47.9,132,Unhealthy for Sensitive Groups,20.0,UG/M3,1 Hr,Valid
Phora Durbar Kathmandu,PM2.5 - Principal,2024-08-22 01:00 PM,2024,08,22,13,37.2,105,Unhealthy for Sensitive Groups,28.0,UG/M3,1 Hr,Valid
Phora Durbar Kathmandu,PM2.5 - Principal,2024-08-22 02:00 PM,2024,08,22,14,32.4,94,Moderate,28.0,UG/M3,1 Hr,Valid
Phora Durbar Kathmandu,PM2.5 - Principal,2024-08-22 03:00 PM,2024,08,22,15,32.4,94,Moderate,-15.0,UG/M3,1 Hr,Invalid
Phora Durbar Kathmandu,PM2.5 - Principal,2024-08-22 04:00 PM,2024,08,22,16,23.4,78,Moderate,19.0,UG/M3,1 Hr,Valid
Phora Durbar Kathmandu,PM2.5 - Principal,2024-08-22 05:00 PM,2024,08,22,17,13.4,59,Moderate,6.0,UG/M3,1 Hr,Valid
Phora Durbar Kathmandu,PM2.5 - Principal,2024-08-22 06:00 PM,2024,08,22,18,9.4,52,Moderate,6.0,UG/M3,1 Hr,Valid
Phora Durbar Kathmandu,PM2.5 - Principal,2024-08-22 07:00 PM,2024,08,22,19,51.5,140,Unhealthy for Sensitive Groups,91.0,UG/M3,1 Hr,Valid
Phora Durbar Kathmandu,PM2.5 - Principal,2024-08-22 08:00 PM,2024,08,22,20,44.1,122,Unhealthy for Sensitive Groups,37.0,UG/M3,1 Hr,Valid
Phora Durbar Kathmandu,PM2.5 - Principal,2024-08-22 09:00 PM,2024,08,22,21,69.8,161,Unhealthy,95.0,UG/M3,1 Hr,Valid
Phora Durbar Kathmandu,PM2.5 - Principal,2024-08-22 10:00 PM,2024,08,22,22,33.2,96,Moderate,-3.0,UG/M3,1 Hr,Valid
Phora Durbar Kathmandu,PM2.5 - Principal,2024-08-22 11:00 PM,2024,08,22,23,33.2,96,Moderate,-11.0,UG/M3,1 Hr,Invalid
Phora Durbar Kathmandu,PM2.5 - Principal,2024-08-23 12:00 AM,2024,08,23,00,30.4,91,Moderate,29.0,UG/M3,1 Hr,Valid
Phora Durbar Kathmandu,PM2.5 - Principal,2024-08-23 01:00 AM,2024,08,23,01,34.1,98,Moderate,37.0,UG/M3,1 Hr,Valid
Phora Durbar Kathmandu,PM2.5 - Principal,2024-08-23 02:00 AM,2024,08,23,02,34.1,98,Moderate,-15.0,UG/M3,1 Hr,Invalid
Phora Durbar Kathmandu,PM2.5 - Principal,2024-08-23 03:00 AM,2024,08,23,03,20.8,73,Moderate,15.0,UG/M3,1 Hr,Valid
Phora Durbar Kathmandu,PM2.5 - Principal,2024-08-23 04:00 AM,2024,08,23,04,-999.0,-999,N/A,-15.0,UG/M3,1 Hr,Invalid
Phora Durbar Kathmandu,PM2.5 - Principal,2024-08-23 05:00 AM,2024,08,23,05,42.2,117,Unhealthy for Sensitive Groups,50.0,UG/M3,1 Hr,Valid
Phora Durbar Kathmandu,PM2.5 - Principal,2024-08-23 06:00 AM,2024,08,23,06,-999.0,-999,N/A,-15.0,UG/M3,1 Hr,Invalid
Phora Durbar Kathmandu,PM2.5 - Principal,2024-08-23 07:00 AM,2024,08,23,07,59.2,154,Unhealthy,65.0,UG/M3,1 Hr,Valid
Phora Durbar Kathmandu,PM2.5 - Principal,2024-08-23 08:00 AM,2024,08,23,08,50.7,138,Unhealthy for Sensitive Groups,45.0,UG/M3,1 Hr,Valid
Phora Durbar Kathmandu,PM2.5 - Principal,2024-08-23 09:00 AM,2024,08,23,09,50.7,138,Unhealthy for Sensitive Groups,-9.0,UG/M3,1 Hr,Invalid
Phora Durbar Kathmandu,PM2.5 - Principal,2024-08-23 10:00 AM,2024,08,23,10,26.9,84,Moderate,17.0,UG/M3,1 Hr,Valid
Phora Durbar Kathmandu,PM2.5 - Principal,2024-08-23 11:00 AM,2024,08,23,11,29.8,90,Moderate,32.0,UG/M3,1 Hr,Valid
Phora Durbar Kathmandu,PM2.5 - Principal,2024-08-23 12:00 PM,2024,08,23,12,17.5,67,Moderate,7.0,UG/M3,1 Hr,Valid
Phora Durbar Kathmandu,PM2.5 - Principal,2024-08-23 01:00 PM,2024,08,23,13,11.5,55,Moderate,6.0,UG/M3,1 Hr,Valid
Phora Durbar Kathmandu,PM2.5 - Principal,2024-08-23 02:00 PM,2024,08,23,14,27.0,84,Moderate,42.0,UG/M3,1 Hr,Valid
Phora Durbar Kathmandu,PM2.5 - Principal,2024-08-23 03:00 PM,2024,08,23,15,14.9,62,Moderate,3.0,UG/M3,1 Hr,Valid
Phora Durbar Kathmandu,PM2.5 - Principal,2024-08-23 04:00 PM,2024,08,23,16,37.0,105,Unhealthy for Sensitive Groups,59.0,UG/M3,1 Hr,Valid
Phora Durbar Kathmandu,PM2.5 - Principal,2024-08-23 05:00 PM,2024,08,23,17,37.0,105,Unhealthy for Sensitive Groups,-15.0,UG/M3,1 Hr,Invalid
Phora Durbar Kathmandu,PM2.5 - Principal,2024-08-23 06:00 PM,2024,08,23,18,-999.0,-999,N/A,-13.0,UG/M3,1 Hr,Invalid
Phora Durbar Kathmandu,PM2.5 - Principal,2024-08-23 07:00 PM,2024,08,23,19,-999.0,-999,N/A,21.0,UG/M3,1 Hr,Valid
Phora Durbar Kathmandu,PM2.5 - Principal,2024-08-23 08:00 PM,2024,08,23,20,65.3,158,Unhealthy,91.0,UG/M3,1 Hr,Valid
Phora Durbar Kathmandu,PM2.5 - Principal,2024-08-23 09:00 PM,2024,08,23,21,45.8,126,Unhealthy for Sensitive Groups,30.0,UG/M3,1 Hr,Valid
Phora Durbar Kathmandu,PM2.5 - Principal,2024-08-23 10:00 PM,2024,08,23,22,34.9,99,Moderate,25.0,UG/M3,1 Hr,Valid
Phora Durbar Kathmandu,PM2.5 - Principal,2024-08-23 11:00 PM,2024,08,23,23,30.3,90,Moderate,26.0,UG/M3,1 Hr,Valid
Phora Durbar Kathmandu,PM2.5 - Principal,2024-08-24 12:00 AM,2024,08,24,00,23.5,78,Moderate,17.0,UG/M3,1 Hr,Valid
Phora Durbar Kathmandu,PM2.5 - Principal,2024-08-24 01:00 AM,2024,08,24,01,43.4,120,Unhealthy for Sensitive Groups,63.0,UG/M3,1 Hr,Valid
Phora Durbar Kathmandu,PM2.5 - Principal,2024-08-24 02:00 AM,2024,08,24,02,22.6,76,Moderate,2.0,UG/M3,1 Hr,Valid
Phora Durbar Kathmandu,PM2.5 - Principal,2024-08-24 03:00 AM,2024,08,24,03,31.3,92,Moderate,40.0,UG/M3,1 Hr,Valid
Phora Durbar Kathmandu,PM2.5 - Principal,2024-08-24 04:00 AM,2024,08,24,04,36.1,102,Unhealthy for Sensitive Groups,41.0,UG/M3,1 Hr,Valid
Phora Durbar Kathmandu,PM2.5 - Principal,2024-08-24 05:00 AM,2024,08,24,05,36.1,102,Unhealthy for Sensitive Groups,-15.0,UG/M3,1 Hr,Invalid
Phora Durbar Kathmandu,PM2.5 - Principal,2024-08-24 06:00 AM,2024,08,24,06,44.7,124,Unhealthy for Sensitive Groups,49.0,UG/M3,1 Hr,Valid
Phora Durbar Kathmandu,PM2.5 - Principal,2024-08-24 07:00 AM,2024,08,24,07,-999.0,-999,N/A,-15.0,UG/M3,1 Hr,Invalid
Phora Durbar Kathmandu,PM2.5 - Principal,2024-08-24 08:00 AM,2024,08,24,08,20.9,73,Moderate,12.0,UG/M3,1 Hr,Valid
Phora Durbar Kathmandu,PM2.5 - Principal,2024-08-24 09:00 AM,2024,08,24,09,64.8,158,Unhealthy,95.0,UG/M3,1 Hr,Valid
Phora Durbar Kathmandu,PM2.5 - Principal,2024-08-24 10:00 AM,2024,08,24,10,40.5,113,Unhealthy for Sensitive Groups,20.0,UG/M3,1 Hr,Valid
Phora Durbar Kathmandu,PM2.5 - Principal,2024-08-24 11:00 AM,2024,08,24,11,28.2,87,Moderate,17.0,UG/M3,1 Hr,Valid
Phora Durbar Kathmandu,PM2.5 - Principal,2024-08-24 12:00 PM,2024,08,24,12,28.2,87,Moderate,-5.0,UG/M3,1 Hr,Invalid
Phora Durbar Kathmandu,PM2.5 - Principal,2024-08-24 01:00 PM,2024,08,24,13,55.7,151,Unhealthy,69.0,UG/M3,1 Hr,Valid
Phora Durbar Kathmandu,PM2.5 - Principal,2024-08-24 02:00 PM,2024,08,24,14,35.7,101,Unhealthy for Sensitive Groups,21.0,UG/M3,1 Hr,Valid
Phora Durbar Kathmandu,PM2.5 - Principal,2024-08-24 03:00 PM,2024,08,24,15,16.6,65,Moderate,0.0,UG/M3,1 Hr,Valid
Phora Durbar Kathmandu,PM2.5 - Principal,2024-08-24 04:00 PM,2024,08,24,16,35.9,102,Unhealthy for Sensitive Groups,54.0,UG/M3,1 Hr,Valid
Phora Durbar Kathmandu,PM2.5 - Principal,2024-08-24 05:00 PM,2024,08,24,17,35.9,102,Unhealthy for Sensitive Groups,-15.0,UG/M3,1 Hr,Invalid
Phora Durbar Kathmandu,PM2.5 - Principal,2024-08-24 06:00 PM,2024,08,24,18,27.8,86,Moderate,24.0,UG/M3,1 Hr,Valid
Phora Durbar Kathmandu,PM2.5 - Principal,2024-08-24 07:00 PM,2024,08,24,19,24.5,80,Moderate,22.0,UG/M3,1 Hr,Valid
Phora Durbar Kathmandu,PM2.5 - Principal,2024-08-24 08:00 PM,2024,08,24,20,39.7,111,Unhealthy for Sensitive Groups,53.0,UG/M3,1 Hr,Valid
Phora Durbar Kathmandu,PM2.5 - Principal,2024-08-24 09:00 PM,2024,08,24,21,39.7,111,Unhealthy for Sensitive Groups,-15.0,UG/M3,1 Hr,Invalid
Phora Durbar Kathmandu,PM2.5 - Principal,2024-08-24 10:00 PM,2024,08,24,22,37.1,105,Unhealthy for Sensitive Groups,36.0,UG/M3,1 Hr,Valid
Phora Durbar Kathmandu,PM2.5 - Principal,2024-08-24 11:00 PM,2024,08,24,23,24.9,80,Moderate,16.0,UG/M3,1 Hr,Valid
Phora Durbar Kathmandu,PM2.5 - Principal,2024-08-25 12:00 AM,2024,08,25,00,15.8,63,Moderate,8.0,UG/M3,1 Hr,Valid
Phora Durbar Kathmandu,PM2.5 - Principal,2024-08-25 01:00 AM,2024,08,25,01,15.8,63,Moderate,-5.0,UG/M3,1 Hr,Invalid
Phora Durbar Kathmandu,PM2.5 - Principal,2024-08-25 02:00 AM,2024,08,25,02,55.5,151,Unhealthy,74.0,UG/M3,1 Hr,Valid
Phora Durbar Kathmandu,PM2.5 - Principal,2024-08-25 03:00 AM,2024,08,25,03,37.9,107,Unhealthy for Sensitive Groups,25.0,UG/M3,1 Hr,Valid
Phora Durbar Kathmandu,PM2.5 - Principal,2024-08-25 04:00 AM,2024,08,25,04,36.3,103,Unhealthy for Sensitive Groups,35.0,UG/M3,1 Hr,Valid
Phora Durbar Kathmandu,PM2.5 - Principal,2024-08-25 05:00 AM,2024,08,25,05,15.4,63,Moderate,-4.0,UG/M3,1 Hr,Valid
Phora Durbar Kathmandu,PM2.5 - Principal,2024-08-25 06:00 AM,2024,08,25,06,6.0,33,Good,-3.0,UG/M3,1 Hr,Valid
Phora Durbar Kathmandu,PM2.5 - Principal,2024-08-25 07:00 AM,2024,08,25,07,14.1,60,Moderate,22.0,UG/M3,1 Hr,Valid
Phora Durbar Kathmandu,PM2.5 - Principal,2024-08-25 08:00 AM,2024,08,25,08,53.7,146,Unhealthy for Sensitive Groups,93.0,UG/M3,1 Hr,Valid
Phora Durbar Kathmandu,PM2.5 - Principal,2024-08-25 09:00 AM,2024,08,25,09,36.8,104,Unhealthy for Sensitive Groups,20.0,UG/M3,1 Hr,Valid
Phora Durbar Kathmandu,PM2.5 - Principal,2024-08-25 10:00 AM,2024,08,25,10,17.8,67,Moderate,-1.0,UG/M3,1 Hr,Valid
Phora Durbar Kathmandu,PM2.5 - Principal,2024-08-25 11:00 AM,2024,08,25,11,13.9,60,Moderate,10.0,UG/M3,1 Hr,Valid
Phora Durbar Kathmandu,PM2.5 - Principal,2024-08-25 12:00 PM,2024,08,25,12,14.4,61,Moderate,15.0,UG/M3,1 Hr,Valid
Phora Durbar Kathmandu,PM2.5 - Principal,2024-08-25 01:00 PM,2024,08,25,13,14.7,61,Moderate,15.0,UG/M3,1 Hr,Valid
Phora Durbar Kathmandu,PM2.5 - Principal,2024-08-25 02:00 PM,2024,08,25,14,6.8,38,Good,-1.0,UG/M3,1 Hr,Valid
Phora Durbar Kathmandu,PM2.5 - Principal,2024-08-25 03:00 PM,2024,08,25,15,6.8,38,Good,-12.0,UG/M3,1 Hr,Invalid
Phora Durbar Kathmandu,PM2.5 - Principal,2024-08-25 04:00 PM,2024,08,25,16,22.9,77,Moderate,31.0,UG/M3,1 Hr,Valid
Phora Durbar Kathmandu,PM2.5 - Principal,2024-08-25 05:00 PM,2024,08,25,17,26.9,84,Moderate,30.0,UG/M3,1 Hr,Valid
Phora Durbar Kathmandu,PM2.5 - Principal,2024-08-25 06:00 PM,2024,08,25,18,20.0,71,Moderate,14.0,UG/M3,1 Hr,Valid
Phora Durbar Kathmandu,PM2.5 - Principal,2024-08-25 07:00 PM,2024,08,25,19,17.9,67,Moderate,16.0,UG/M3,1 Hr,Valid
Phora Durbar Kathmandu,PM2.5 - Principal,2024-08-25 08:00 PM,2024,08,25,20,22.5,76,Moderate,27.0,UG/M3,1 Hr,Valid
Phora Durbar Kathmandu,PM2.5 - Principal,2024-08-25 09:00 PM,2024,08,25,21,22.5,76,Moderate,-15.0,UG/M3,1 Hr,Invalid
Phora Durbar Kathmandu,PM2.5 - Principal,2024-08-25 10:00 PM,2024,08,25,22,83.1,170,Unhealthy,113.0,UG/M3,1 Hr,Valid
Phora Durbar Kathmandu,PM2.5 - Principal,2024-08-25 11:00 PM,2024,08,25,23,-999.0,-999,N/A,12.0,UG/M3,1 Hr,Invalid
Phora Durbar Kathmandu,PM2.5 - Principal,2024-08-26 12:00 AM,2024,08,26,00,43.7,121,Unhealthy for Sensitive Groups,29.0,UG/M3,1 Hr,Valid
Phora Durbar Kathmandu,PM2.5 - Principal,2024-08-26 01:00 AM,2024,08,26,01,21.3,74,Moderate,6.0,UG/M3,1 Hr,Valid
Phora Durbar Kathmandu,PM2.5 - Principal,2024-08-26 02:00 AM,2024,08,26,02,11.9,56,Moderate,4.0,UG/M3,1 Hr,Valid
Phora Durbar Kathmandu,PM2.5 - Principal,2024-08-26 03:00 AM,2024,08,26,03,31.2,92,Moderate,49.0,UG/M3,1 Hr,Valid
Phora Durbar Kathmandu,PM2.5 - Principal,2024-08-26 04:00 AM,2024,08,26,04,31.2,92,Moderate,-15.0,UG/M3,1 Hr,Invalid
Phora Durbar Kathmandu,PM2.5 - Principal,2024-08-26 05:00 AM,2024,08,26,05,72.9,163,Unhealthy,93.0,UG/M3,1 Hr,Valid
Phora Durbar Kathmandu,PM2.5 - Principal,2024-08-26 06:00 AM,2024,08,26,06,33.3,96,Moderate,4.0,UG/M3,1 Hr,Valid
Phora Durbar Kathmandu,PM2.5 - Principal,2024-08-26 07:00 AM,2024,08,26,07,31.0,92,Moderate,29.0,UG/M3,1 Hr,Valid
Phora Durbar Kathmandu,PM2.5 - Principal,2024-08-26 08:00 AM,2024,08,26,08,26.8,84,Moderate,23.0,UG/M3,1 Hr,Valid
Phora Durbar Kathmandu,PM2.5 - Principal,2024-08-26 09:00 AM,2024,08,26,09,48.2,132,Unhealthy for Sensitive Groups,69.0,UG/M3,1 Hr,Valid
Phora Durbar Kathmandu,PM2.5 - Principal,2024-08-26 10:00 AM,2024,08,26,10,58.7,153,Unhealthy,69.0,UG/M3,1 Hr,Valid
Phora Durbar Kathmandu,PM2.5 - Principal,2024-08-26 11:00 AM,2024,08,26,11,58.7,153,Unhealthy,-999.0,UG/M3,1 Hr,Missing
Phora Durbar Kathmandu,PM2.5 - Principal,2024-08-26 12:00 PM,2024,08,26,12,-999.0,-999,N/A,-15.0,UG/M3,1 Hr,Invalid
Phora Durbar Kathmandu,PM2.5 - Principal,2024-08-26 01:00 PM,2024,08,26,13,-999.0,-999,N/A,53.0,UG/M3,1 Hr,Valid
Phora Durbar Kathmandu,PM2.5 - Principal,2024-08-26 02:00 PM,2024,08,26,14,28.1,86,Moderate,12.0,UG/M3,1 Hr,Valid
Phora Durbar Kathmandu,PM2.5 - Principal,2024-08-26 03:00 PM,2024,08,26,15,28.1,86,Moderate,-7.0,UG/M3,1 Hr,Invalid
Phora Durbar Kathmandu,PM2.5 - Principal,2024-08-26 04:00 PM,2024,08,26,16,-999.0,-999,N/A,-7.0,UG/M3,1 Hr,Invalid
Phora Durbar Kathmandu,PM2.5 - Principal,2024-08-26 06:00 PM,2024,08,26,18,-999.0,-999,N/A,0.0,UG/M3,1 Hr,Valid
Phora Durbar Kathmandu,PM2.5 - Principal,2024-08-26 07:00 PM,2024,08,26,19,6.0,33,Good,8.0,UG/M3,1 Hr,Valid
Phora Durbar Kathmandu,PM2.5 - Principal,2024-08-26 08:00 PM,2024,08,26,20,28.5,87,Moderate,46.0,UG/M3,1 Hr,Valid
Phora Durbar Kathmandu,PM2.5 - Principal,2024-08-26 09:00 PM,2024,08,26,21,30.9,92,Moderate,33.0,UG/M3,1 Hr,Valid
Phora Durbar Kathmandu,PM2.5 - Principal,2024-08-26 10:00 PM,2024,08,26,22,30.9,92,Moderate,-15.0,UG/M3,1 Hr,Invalid
Phora Durbar Kathmandu,PM2.5 - Principal,2024-08-26 11:00 PM,2024,08,26,23,-999.0,-999,N/A,-15.0,UG/M3,1 Hr,Invalid
Phora Durbar Kathmandu,PM2.5 - Principal,2024-08-27 12:00 AM,2024,08,27,00,-999.0,-999,N/A,0.0,UG/M3,1 Hr,Valid
Phora Durbar Kathmandu,PM2.5 - Principal,2024-08-27 01:00 AM,2024,08,27,01,-999.0,-999,N/A,105.0,UG/M3,1 Hr,Invalid
Phora Durbar Kathmandu,PM2.5 - Principal,2024-08-27 02:00 AM,2024,08,27,02,22.7,76,Moderate,28.0,UG/M3,1 Hr,Valid
Phora Durbar Kathmandu,PM2.5 - Principal,2024-08-27 03:00 AM,2024,08,27,03,-999.0,-999,N/A,-15.0,UG/M3,1 Hr,Invalid
Phora Durbar Kathmandu,PM2.5 - Principal,2024-08-27 04:00 AM,2024,08,27,04,24.4,80,Moderate,25.0,UG/M3,1 Hr,Valid
Phora Durbar Kathmandu,PM2.5 - Principal,2024-08-27 05:00 AM,2024,08,27,05,18.1,68,Moderate,14.0,UG/M3,1 Hr,Valid
Phora Durbar Kathmandu,PM2.5 - Principal,2024-08-27 06:00 AM,2024,08,27,06,17.5,67,Moderate,17.0,UG/M3,1 Hr,Valid
Phora Durbar Kathmandu,PM2.5 - Principal,2024-08-27 07:00 AM,2024,08,27,07,64.7,157,Unhealthy,108.0,UG/M3,1 Hr,Valid
Phora Durbar Kathmandu,PM2.5 - Principal,2024-08-27 08:00 AM,2024,08,27,08,64.7,157,Unhealthy,-13.0,UG/M3,1 Hr,Invalid
Phora Durbar Kathmandu,PM2.5 - Principal,2024-08-27 09:00 AM,2024,08,27,09,54.7,148,Unhealthy for Sensitive Groups,50.0,UG/M3,1 Hr,Valid
Phora Durbar Kathmandu,PM2.5 - Principal,2024-08-27 10:00 AM,2024,08,27,10,66.4,159,Unhealthy,75.0,UG/M3,1 Hr,Valid
Phora Durbar Kathmandu,PM2.5 - Principal,2024-08-27 11:00 AM,2024,08,27,11,48.0,132,Unhealthy for Sensitive Groups,32.0,UG/M3,1 Hr,Valid
Phora Durbar Kathmandu,PM2.5 - Principal,2024-08-27 12:00 PM,2024,08,27,12,49.5,135,Unhealthy for Sensitive Groups,51.0,UG/M3,1 Hr,Valid
Phora Durbar Kathmandu,PM2.5 - Principal,2024-08-27 01:00 PM,2024,08,27,13,49.5,135,Unhealthy for Sensitive Groups,-15.0,UG/M3,1 Hr,Invalid
Phora Durbar Kathmandu,PM2.5 - Principal,2024-08-27 02:00 PM,2024,08,27,14,51.2,140,Unhealthy for Sensitive Groups,52.0,UG/M3,1 Hr,Valid
Phora Durbar Kathmandu,PM2.5 - Principal,2024-08-27 03:00 PM,2024,08,27,15,-999.0,-999,N/A,-7.0,UG/M3,1 Hr,Invalid
Phora Durbar Kathmandu,PM2.5 - Principal,2024-08-27 04:00 PM,2024,08,27,16,-999.0,-999,N/A,-7.0,UG/M3,1 Hr,Invalid
Phora Durbar Kathmandu,PM2.5 - Principal,2024-08-27 05:00 PM,2024,08,27,17,-999.0,-999,N/A,-6.0,UG/M3,1 Hr,Invalid
Phora Durbar Kathmandu,PM2.5 - Principal,2024-08-27 06:00 PM,2024,08,27,18,-999.0,-999,N/A,7.0,UG/M3,1 Hr,Valid
Phora Durbar Kathmandu,PM2.5 - Principal,2024-08-27 07:00 PM,2024,08,27,19,1.1,6,Good,-4.0,UG/M3,1 Hr,Valid
Phora Durbar Kathmandu,PM2.5 - Principal,2024-08-27 08:00 PM,2024,08,27,20,28.7,88,Moderate,50.0,UG/M3,1 Hr,Valid
Phora Durbar Kathmandu,PM2.5 - Principal,2024-08-27 09:00 PM,2024,08,27,21,28.7,88,Moderate,-15.0,UG/M3,1 Hr,Invalid
Phora Durbar Kathmandu,PM2.5 - Principal,2024-08-27 10:00 PM,2024,08,27,22,34.4,98,Moderate,37.0,UG/M3,1 Hr,Valid
Phora Durbar Kathmandu,PM2.5 - Principal,2024-08-27 11:00 PM,2024,08,27,23,16.1,64,Moderate,3.0,UG/M3,1 Hr,Valid
Phora Durbar Kathmandu,PM2.5 - Principal,2024-08-28 12:00 AM,2024,08,28,00,13.9,60,Moderate,12.0,UG/M3,1 Hr,Valid
Phora Durbar Kathmandu,PM2.5 - Principal,2024-08-28 01:00 AM,2024,08,28,01,32.0,94,Moderate,49.0,UG/M3,1 Hr,Valid
Phora Durbar Kathmandu,PM2.5 - Principal,2024-08-28 02:00 AM,2024,08,28,02,32.0,94,Moderate,-15.0,UG/M3,1 Hr,Invalid
Phora Durbar Kathmandu,PM2.5 - Principal,2024-08-28 03:00 AM,2024,08,28,03,32.0,94,Moderate,32.0,UG/M3,1 Hr,Valid
Phora Durbar Kathmandu,PM2.5 - Principal,2024-08-28 04:00 AM,2024,08,28,04,-999.0,-999,N/A,-15.0,UG/M3,1 Hr,Invalid
Phora Durbar Kathmandu,PM2.5 - Principal,2024-08-28 05:00 AM,2024,08,28,05,10.1,53,Moderate,2.0,UG/M3,1 Hr,Valid
Phora Durbar Kathmandu,PM2.5 - Principal,2024-08-28 06:00 AM,2024,08,28,06,-999.0,-999,N/A,-13.0,UG/M3,1 Hr,Invalid
Phora Durbar Kathmandu,PM2.5 - Principal,2024-08-28 07:00 AM,2024,08,28,07,40.5,113,Unhealthy for Sensitive Groups,51.0,UG/M3,1 Hr,Valid
Phora Durbar Kathmandu,PM2.5 - Principal,2024-08-28 08:00 AM,2024,08,28,08,13.8,60,Moderate,-4.0,UG/M3,1 Hr,Valid
Phora Durbar Kathmandu,PM2.5 - Principal,2024-08-28 09:00 AM,2024,08,28,09,19.9,71,Moderate,25.0,UG/M3,1 Hr,Valid
Phora Durbar Kathmandu,PM2.5 - Principal,2024-08-28 10:00 AM,2024,08,28,10,44.4,123,Unhealthy for Sensitive Groups,67.0,UG/M3,1 Hr,Valid
Phora Durbar Kathmandu,PM2.5 - Principal,2024-08-28 11:00 AM,2024,08,28,11,37.0,105,Unhealthy for Sensitive Groups,30.0,UG/M3,1 Hr,Valid
Phora Durbar Kathmandu,PM2.5 - Principal,2024-08-28 12:00 PM,2024,08,28,12,57.7,153,Unhealthy,78.0,UG/M3,1 Hr,Valid
Phora Durbar Kathmandu,PM2.5 - Principal,2024-08-28 01:00 PM,2024,08,28,13,38.7,109,Unhealthy for Sensitive Groups,20.0,UG/M3,1 Hr,Valid
Phora Durbar Kathmandu,PM2.5 - Principal,2024-08-28 02:00 PM,2024,08,28,14,66.9,159,Unhealthy,95.0,UG/M3,1 Hr,Valid
Phora Durbar Kathmandu,PM2.5 - Principal,2024-08-28 03:00 PM,2024,08,28,15,51.4,140,Unhealthy for Sensitive Groups,36.0,UG/M3,1 Hr,Valid
Phora Durbar Kathmandu,PM2.5 - Principal,2024-08-28 04:00 PM,2024,08,28,16,51.4,140,Unhealthy for Sensitive Groups,-15.0,UG/M3,1 Hr,Invalid
Phora Durbar Kathmandu,PM2.5 - Principal,2024-08-28 05:00 PM,2024,08,28,17,31.1,92,Moderate,21.0,UG/M3,1 Hr,Valid
Phora Durbar Kathmandu,PM2.5 - Principal,2024-08-28 06:00 PM,2024,08,28,18,-999.0,-999,N/A,-14.0,UG/M3,1 Hr,Invalid
Phora Durbar Kathmandu,PM2.5 - Principal,2024-08-28 07:00 PM,2024,08,28,19,28.1,86,Moderate,27.0,UG/M3,1 Hr,Valid
Phora Durbar Kathmandu,PM2.5 - Principal,2024-08-28 08:00 PM,2024,08,28,20,25.6,82,Moderate,24.0,UG/M3,1 Hr,Valid
Phora Durbar Kathmandu,PM2.5 - Principal,2024-08-28 09:00 PM,2024,08,28,21,31.8,93,Moderate,37.0,UG/M3,1 Hr,Valid
Phora Durbar Kathmandu,PM2.5 - Principal,2024-08-28 10:00 PM,2024,08,28,22,31.8,93,Moderate,-15.0,UG/M3,1 Hr,Invalid
Phora Durbar Kathmandu,PM2.5 - Principal,2024-08-28 11:00 PM,2024,08,28,23,31.2,92,Moderate,31.0,UG/M3,1 Hr,Valid
Phora Durbar Kathmandu,PM2.5 - Principal,2024-08-29 12:00 AM,2024,08,29,00,-999.0,-999,N/A,-15.0,UG/M3,1 Hr,Invalid
Phora Durbar Kathmandu,PM2.5 - Principal,2024-08-29 01:00 AM,2024,08,29,01,-999.0,-999,N/A,-15.0,UG/M3,1 Hr,Invalid
Phora Durbar Kathmandu,PM2.5 - Principal,2024-08-29 02:00 AM,2024,08,29,02,-999.0,-999,N/A,-15.0,UG/M3,1 Hr,Invalid
Phora Durbar Kathmandu,PM2.5 - Principal,2024-08-29 03:00 AM,2024,08,29,03,-999.0,-999,N/A,30.0,UG/M3,1 Hr,Valid
Phora Durbar Kathmandu,PM2.5 - Principal,2024-08-29 04:00 AM,2024,08,29,04,24.6,80,Moderate,21.0,UG/M3,1 Hr,Valid
Phora Durbar Kathmandu,PM2.5 - Principal,2024-08-29 05:00 AM,2024,08,29,05,9.9,52,Moderate,-1.0,UG/M3,1 Hr,Valid
Phora Durbar Kathmandu,PM2.5 - Principal,2024-08-29 06:00 AM,2024,08,29,06,17.4,66,Moderate,24.0,UG/M3,1 Hr,Valid
Phora Durbar Kathmandu,PM2.5 - Principal,2024-08-29 07:00 AM,2024,08,29,07,17.4,66,Moderate,-15.0,UG/M3,1 Hr,Invalid
Phora Durbar Kathmandu,PM2.5 - Principal,2024-08-29 08:00 AM,2024,08,29,08,38.2,108,Unhealthy for Sensitive Groups,48.0,UG/M3,1 Hr,Valid
Phora Durbar Kathmandu,PM2.5 - Principal,2024-08-29 09:00 AM,2024,08,29,09,22.5,76,Moderate,11.0,UG/M3,1 Hr,Valid
Phora Durbar Kathmandu,PM2.5 - Principal,2024-08-29 10:00 AM,2024,08,29,10,30.2,90,Moderate,37.0,UG/M3,1 Hr,Valid
Phora Durbar Kathmandu,PM2.5 - Principal,2024-08-29 11:00 AM,2024,08,29,11,87.5,173,Unhealthy,141.0,UG/M3,1 Hr,Valid
Phora Durbar Kathmandu,PM2.5 - Principal,2024-08-29 12:00 PM,2024,08,29,12,87.5,173,Unhealthy,-5.0,UG/M3,1 Hr,Invalid
Phora Durbar Kathmandu,PM2.5 - Principal,2024-08-29 01:00 PM,2024,08,29,13,85.1,172,Unhealthy,84.0,UG/M3,1 Hr,Valid
Phora Durbar Kathmandu,PM2.5 - Principal,2024-08-29 02:00 PM,2024,08,29,14,55.2,150,Unhealthy for Sensitive Groups,33.0,UG/M3,1 Hr,Valid
Phora Durbar Kathmandu,PM2.5 - Principal,2024-08-29 03:00 PM,2024,08,29,15,25.1,81,Moderate,-1.0,UG/M3,1 Hr,Valid
Phora Durbar Kathmandu,PM2.5 - Principal,2024-08-29 04:00 PM,2024,08,29,16,27.6,85,Moderate,30.0,UG/M3,1 Hr,Valid
Phora Durbar Kathmandu,PM2.5 - Principal,2024-08-29 05:00 PM,2024,08,29,17,26.3,83,Moderate,25.0,UG/M3,1 Hr,Valid
Phora Durbar Kathmandu,PM2.5 - Principal,2024-08-29 06:00 PM,2024,08,29,18,29.1,88,Moderate,32.0,UG/M3,1 Hr,Valid
Phora Durbar Kathmandu,PM2.5 - Principal,2024-08-29 07:00 PM,2024,08,29,19,21.5,74,Moderate,14.0,UG/M3,1 Hr,Valid
Phora Durbar Kathmandu,PM2.5 - Principal,2024-08-29 08:00 PM,2024,08,29,20,14.2,61,Moderate,7.0,UG/M3,1 Hr,Valid
Phora Durbar Kathmandu,PM2.5 - Principal,2024-08-29 09:00 PM,2024,08,29,21,40.1,112,Unhealthy for Sensitive Groups,66.0,UG/M3,1 Hr,Valid
Phora Durbar Kathmandu,PM2.5 - Principal,2024-08-29 10:00 PM,2024,08,29,22,37.5,106,Unhealthy for Sensitive Groups,35.0,UG/M3,1 Hr,Valid
Phora Durbar Kathmandu,PM2.5 - Principal,2024-08-29 11:00 PM,2024,08,29,23,37.5,106,Unhealthy for Sensitive Groups,-15.0,UG/M3,1 Hr,Invalid
Phora Durbar Kathmandu,PM2.5 - Principal,2024-08-30 12:00 AM,2024,08,30,00,45.8,126,Unhealthy for Sensitive Groups,50.0,UG/M3,1 Hr,Valid
Phora Durbar Kathmandu,PM2.5 - Principal,2024-08-30 01:00 AM,2024,08,30,01,23.0,77,Moderate,6.0,UG/M3,1 Hr,Valid
Phora Durbar Kathmandu,PM2.5 - Principal,2024-08-30 02:00 AM,2024,08,30,02,28.8,88,Moderate,34.0,UG/M3,1 Hr,Valid
Phora Durbar Kathmandu,PM2.5 - Principal,2024-08-30 03:00 AM,2024,08,30,03,37.2,105,Unhealthy for Sensitive Groups,45.0,UG/M3,1 Hr,Valid
Phora Durbar Kathmandu,PM2.5 - Principal,2024-08-30 04:00 AM,2024,08,30,04,37.2,105,Unhealthy for Sensitive Groups,-15.0,UG/M3,1 Hr,Invalid
Phora Durbar Kathmandu,PM2.5 - Principal,2024-08-30 05:00 AM,2024,08,30,05,28.3,87,Moderate,24.0,UG/M3,1 Hr,Valid
Phora Durbar Kathmandu,PM2.5 - Principal,2024-08-30 06:00 AM,2024,08,30,06,43.0,119,Unhealthy for Sensitive Groups,54.0,UG/M3,1 Hr,Valid
Phora Durbar Kathmandu,PM2.5 - Principal,2024-08-30 07:00 AM,2024,08,30,07,30.2,90,Moderate,19.0,UG/M3,1 Hr,Valid
Phora Durbar Kathmandu,PM2.5 - Principal,2024-08-30 08:00 AM,2024,08,30,08,28.0,86,Moderate,26.0,UG/M3,1 Hr,Valid
Phora Durbar Kathmandu,PM2.5 - Principal,2024-08-30 09:00 AM,2024,08,30,09,12.2,57,Moderate,-3.0,UG/M3,1 Hr,Valid
Phora Durbar Kathmandu,PM2.5 - Principal,2024-08-30 10:00 AM,2024,08,30,10,21.7,74,Moderate,31.0,UG/M3,1 Hr,Valid
Phora Durbar Kathmandu,PM2.5 - Principal,2024-08-30 11:00 AM,2024,08,30,11,29.3,89,Moderate,37.0,UG/M3,1 Hr,Valid
Phora Durbar Kathmandu,PM2.5 - Principal,2024-08-30 12:00 PM,2024,08,30,12,28.6,87,Moderate,28.0,UG/M3,1 Hr,Valid
Phora Durbar Kathmandu,PM2.5 - Principal,2024-08-30 01:00 PM,2024,08,30,13,20.3,72,Moderate,12.0,UG/M3,1 Hr,Valid
Phora Durbar Kathmandu,PM2.5 - Principal,2024-08-30 02:00 PM,2024,08,30,14,29.1,88,Moderate,38.0,UG/M3,1 Hr,Valid
Phora Durbar Kathmandu,PM2.5 - Principal,2024-08-30 03:00 PM,2024,08,30,15,20.5,72,Moderate,12.0,UG/M3,1 Hr,Valid
Phora Durbar Kathmandu,PM2.5 - Principal,2024-08-30 04:00 PM,2024,08,30,16,34.2,98,Moderate,48.0,UG/M3,1 Hr,Valid
Phora Durbar Kathmandu,PM2.5 - Principal,2024-08-30 05:00 PM,2024,08,30,17,24.1,79,Moderate,14.0,UG/M3,1 Hr,Valid
Phora Durbar Kathmandu,PM2.5 - Principal,2024-08-30 06:00 PM,2024,08,30,18,33.0,96,Moderate,42.0,UG/M3,1 Hr,Valid
Phora Durbar Kathmandu,PM2.5 - Principal,2024-08-30 07:00 PM,2024,08,30,19,33.0,96,Moderate,-14.0,UG/M3,1 Hr,Invalid
Phora Durbar Kathmandu,PM2.5 - Principal,2024-08-30 08:00 PM,2024,08,30,20,56.3,152,Unhealthy,68.0,UG/M3,1 Hr,Valid
Phora Durbar Kathmandu,PM2.5 - Principal,2024-08-30 09:00 PM,2024,08,30,21,51.5,140,Unhealthy for Sensitive Groups,48.0,UG/M3,1 Hr,Valid
Phora Durbar Kathmandu,PM2.5 - Principal,2024-08-30 10:00 PM,2024,08,30,22,36.8,104,Unhealthy for Sensitive Groups,24.0,UG/M3,1 Hr,Valid
Phora Durbar Kathmandu,PM2.5 - Principal,2024-08-30 11:00 PM,2024,08,30,23,31.7,93,Moderate,27.0,UG/M3,1 Hr,Valid
Phora Durbar Kathmandu,PM2.5 - Principal,2024-08-31 12:00 AM,2024,08,31,00,22.7,76,Moderate,14.0,UG/M3,1 Hr,Valid
Phora Durbar Kathmandu,PM2.5 - Principal,2024-08-31 01:00 AM,2024,08,31,01,22.8,77,Moderate,23.0,UG/M3,1 Hr,Valid
Phora Durbar Kathmandu,PM2.5 - Principal,2024-08-31 02:00 AM,2024,08,31,02,20.9,73,Moderate,19.0,UG/M3,1 Hr,Valid
Phora Durbar Kathmandu,PM2.5 - Principal,2024-08-31 03:00 AM,2024,08,31,03,19.9,71,Moderate,19.0,UG/M3,1 Hr,Valid
Phora Durbar Kathmandu,PM2.5 - Principal,2024-08-31 04:00 AM,2024,08,31,04,22.4,76,Moderate,25.0,UG/M3,1 Hr,Valid
Phora Durbar Kathmandu,PM2.5 - Principal,2024-08-31 05:00 AM,2024,08,31,05,51.7,141,Unhealthy for Sensitive Groups,81.0,UG/M3,1 Hr,Valid
Phora Durbar Kathmandu,PM2.5 - Principal,2024-08-31 06:00 AM,2024,08,31,06,41.8,117,Unhealthy for Sensitive Groups,32.0,UG/M3,1 Hr,Valid
Phora Durbar Kathmandu,PM2.5 - Principal,2024-08-31 07:00 AM,2024,08,31,07,46.9,129,Unhealthy for Sensitive Groups,52.0,UG/M3,1 Hr,Valid
Phora Durbar Kathmandu,PM2.5 - Principal,2024-08-31 08:00 AM,2024,08,31,08,42.4,118,Unhealthy for Sensitive Groups,38.0,UG/M3,1 Hr,Valid
Phora Durbar Kathmandu,PM2.5 - Principal,2024-08-31 09:00 AM,2024,08,31,09,58.7,153,Unhealthy,75.0,UG/M3,1 Hr,Valid
Phora Durbar Kathmandu,PM2.5 - Principal,2024-08-31 10:00 AM,2024,08,31,10,34.3,98,Moderate,10.0,UG/M3,1 Hr,Valid
Phora Durbar Kathmandu,PM2.5 - Principal,2024-08-31 11:00 AM,2024,08,31,11,66.6,159,Unhealthy,99.0,UG/M3,1 Hr,Valid
Phora Durbar Kathmandu,PM2.5 - Principal,2024-08-31 12:00 PM,2024,08,31,12,44.3,123,Unhealthy for Sensitive Groups,22.0,UG/M3,1 Hr,Valid
Phora Durbar Kathmandu,PM2.5 - Principal,2024-08-31 01:00 PM,2024,08,31,13,44.3,123,Unhealthy for Sensitive Groups,-15.0,UG/M3,1 Hr,Invalid
Phora Durbar Kathmandu,PM2.5 - Principal,2024-08-31 02:00 PM,2024,08,31,14,22.1,75,Moderate,11.0,UG/M3,1 Hr,Valid
Phora Durbar Kathmandu,PM2.5 - Principal,2024-08-31 03:00 PM,2024,08,31,15,24.9,80,Moderate,27.0,UG/M3,1 Hr,Valid
Phora Durbar Kathmandu,PM2.5 - Principal,2024-08-31 04:00 PM,2024,08,31,16,27.0,84,Moderate,29.0,UG/M3,1 Hr,Valid
Phora Durbar Kathmandu,PM2.5 - Principal,2024-08-31 05:00 PM,2024,08,31,17,13.0,58,Moderate,0.0,UG/M3,1 Hr,Valid
Phora Durbar Kathmandu,PM2.5 - Principal,2024-08-31 06:00 PM,2024,08,31,18,12.0,56,Moderate,11.0,UG/M3,1 Hr,Valid
Phora Durbar Kathmandu,PM2.5 - Principal,2024-08-31 07:00 PM,2024,08,31,19,34.6,99,Moderate,57.0,UG/M3,1 Hr,Valid
Phora Durbar Kathmandu,PM2.5 - Principal,2024-08-31 08:00 PM,2024,08,31,20,27.8,86,Moderate,21.0,UG/M3,1 Hr,Valid
Phora Durbar Kathmandu,PM2.5 - Principal,2024-08-31 09:00 PM,2024,08,31,21,15.8,63,Moderate,4.0,UG/M3,1 Hr,Valid
Phora Durbar Kathmandu,PM2.5 - Principal,2024-08-31 10:00 PM,2024,08,31,22,8.9,49,Good,2.0,UG/M3,1 Hr,Valid
Phora Durbar Kathmandu,PM2.5 - Principal,2024-08-31 11:00 PM,2024,08,31,23,8.9,49,Good,-15.0,UG/M3,1 Hr,Invalid
Phora Durbar Kathmandu,PM2.5 - Principal,2024-09-01 12:00 AM,2024,09,01,00,25.6,82,Moderate,34.0,UG/M3,1 Hr,Valid
Phora Durbar Kathmandu,PM2.5 - Principal,2024-09-01 01:00 AM,2024,09,01,01,23.5,78,Moderate,22.0,UG/M3,1 Hr,Valid
Phora Durbar Kathmandu,PM2.5 - Principal,2024-09-01 02:00 AM,2024,09,01,02,23.5,78,Moderate,-15.0,UG/M3,1 Hr,Invalid
Phora Durbar Kathmandu,PM2.5 - Principal,2024-09-01 03:00 AM,2024,09,01,03,41.9,117,Unhealthy for Sensitive Groups,50.0,UG/M3,1 Hr,Valid
Phora Durbar Kathmandu,PM2.5 - Principal,2024-09-01 04:00 AM,2024,09,01,04,-999.0,-999,N/A,-15.0,UG/M3,1 Hr,Invalid
Phora Durbar Kathmandu,PM2.5 - Principal,2024-09-01 05:00 AM,2024,09,01,05,48.6,133,Unhealthy for Sensitive Groups,51.0,UG/M3,1 Hr,Valid
Phora Durbar Kathmandu,PM2.5 - Principal,2024-09-01 06:00 AM,2024,09,01,06,-999.0,-999,N/A,-15.0,UG/M3,1 Hr,Invalid
Phora Durbar Kathmandu,PM2.5 - Principal,2024-09-01 07:00 AM,2024,09,01,07,37.7,106,Unhealthy for Sensitive Groups,34.0,UG/M3,1 Hr,Valid
Phora Durbar Kathmandu,PM2.5 - Principal,2024-09-01 08:00 AM,2024,09,01,08,12.7,58,Moderate,-4.0,UG/M3,1 Hr,Valid
Phora Durbar Kathmandu,PM2.5 - Principal,2024-09-01 09:00 AM,2024,09,01,09,15.6,63,Moderate,18.0,UG/M3,1 Hr,Valid
Phora Durbar Kathmandu,PM2.5 - Principal,2024-09-01 10:00 AM,2024,09,01,10,13.2,59,Moderate,11.0,UG/M3,1 Hr,Valid
Phora Durbar Kathmandu,PM2.5 - Principal,2024-09-01 11:00 AM,2024,09,01,11,29.9,90,Moderate,46.0,UG/M3,1 Hr,Valid
Phora Durbar Kathmandu,PM2.5 - Principal,2024-09-01 12:00 PM,2024,09,01,12,29.9,90,Moderate,-12.0,UG/M3,1 Hr,Invalid
Phora Durbar Kathmandu,PM2.5 - Principal,2024-09-01 01:00 PM,2024,09,01,13,-999.0,-999,N/A,-13.0,UG/M3,1 Hr,Invalid
Phora Durbar Kathmandu,PM2.5 - Principal,2024-09-01 02:00 PM,2024,09,01,14,-999.0,-999,N/A,16.0,UG/M3,1 Hr,Valid
Phora Durbar Kathmandu,PM2.5 - Principal,2024-09-01 03:00 PM,2024,09,01,15,19.5,70,Moderate,20.0,UG/M3,1 Hr,Valid
Phora Durbar Kathmandu,PM2.5 - Principal,2024-09-01 04:00 PM,2024,09,01,16,31.9,93,Moderate,42.0,UG/M3,1 Hr,Valid
Phora Durbar Kathmandu,PM2.5 - Principal,2024-09-01 05:00 PM,2024,09,01,17,23.0,77,Moderate,15.0,UG/M3,1 Hr,Valid
Phora Durbar Kathmandu,PM2.5 - Principal,2024-09-01 06:00 PM,2024,09,01,18,45.5,126,Unhealthy for Sensitive Groups,67.0,UG/M3,1 Hr,Valid
Phora Durbar Kathmandu,PM2.5 - Principal,2024-09-01 07:00 PM,2024,09,01,19,26.5,83,Moderate,8.0,UG/M3,1 Hr,Valid
Phora Durbar Kathmandu,PM2.5 - Principal,2024-09-01 08:00 PM,2024,09,01,20,14.7,61,Moderate,3.0,UG/M3,1 Hr,Valid
Phora Durbar Kathmandu,PM2.5 - Principal,2024-09-01 09:00 PM,2024,09,01,21,27.3,85,Moderate,40.0,UG/M3,1 Hr,Valid
Phora Durbar Kathmandu,PM2.5 - Principal,2024-09-01 10:00 PM,2024,09,01,22,36.2,103,Unhealthy for Sensitive Groups,45.0,UG/M3,1 Hr,Valid
Phora Durbar Kathmandu,PM2.5 - Principal,2024-09-01 11:00 PM,2024,09,01,23,38.1,107,Unhealthy for Sensitive Groups,40.0,UG/M3,1 Hr,Valid
Phora Durbar Kathmandu,PM2.5 - Principal,2024-09-02 12:00 AM,2024,09,02,00,29.0,88,Moderate,20.0,UG/M3,1 Hr,Valid
Phora Durbar Kathmandu,PM2.5 - Principal,2024-09-02 01:00 AM,2024,09,02,01,17.0,66,Moderate,5.0,UG/M3,1 Hr,Valid
Phora Durbar Kathmandu,PM2.5 - Principal,2024-09-02 02:00 AM,2024,09,02,02,33.0,96,Moderate,49.0,UG/M3,1 Hr,Valid
Phora Durbar Kathmandu,PM2.5 - Principal,2024-09-02 03:00 AM,2024,09,02,03,33.0,96,Moderate,-15.0,UG/M3,1 Hr,Invalid
Phora Durbar Kathmandu,PM2.5 - Principal,2024-09-02 04:00 AM,2024,09,02,04,27.0,84,Moderate,24.0,UG/M3,1 Hr,Valid
Phora Durbar Kathmandu,PM2.5 - Principal,2024-09-02 05:00 AM,2024,09,02,05,-999.0,-999,N/A,-15.0,UG/M3,1 Hr,Invalid
Phora Durbar Kathmandu,PM2.5 - Principal,2024-09-02 06:00 AM,2024,09,02,06,32.0,94,Moderate,34.0,UG/M3,1 Hr,Valid
Phora Durbar Kathmandu,PM2.5 - Principal,2024-09-02 07:00 AM,2024,09,02,07,37.9,107,Unhealthy for Sensitive Groups,42.0,UG/M3,1 Hr,Valid
Phora Durbar Kathmandu,PM2.5 - Principal,2024-09-02 08:00 AM,2024,09,02,08,49.3,135,Unhealthy for Sensitive Groups,59.0,UG/M3,1 Hr,Valid
Phora Durbar Kathmandu,PM2.5 - Principal,2024-09-02 09:00 AM,2024,09,02,09,53.8,146,Unhealthy for Sensitive Groups,58.0,UG/M3,1 Hr,Valid
Phora Durbar Kathmandu,PM2.5 - Principal,2024-09-02 10:00 AM,2024,09,02,10,41.6,116,Unhealthy for Sensitive Groups,30.0,UG/M3,1 Hr,Valid
Phora Durbar Kathmandu,PM2.5 - Principal,2024-09-02 11:00 AM,2024,09,02,11,37.8,107,Unhealthy for Sensitive Groups,34.0,UG/M3,1 Hr,Valid
Phora Durbar Kathmandu,PM2.5 - Principal,2024-09-02 12:00 PM,2024,09,02,12,28.8,88,Moderate,20.0,UG/M3,1 Hr,Valid
Phora Durbar Kathmandu,PM2.5 - Principal,2024-09-02 01:00 PM,2024,09,02,13,51.4,140,Unhealthy for Sensitive Groups,74.0,UG/M3,1 Hr,Valid
Phora Durbar Kathmandu,PM2.5 - Principal,2024-09-02 02:00 PM,2024,09,02,14,33.7,97,Moderate,16.0,UG/M3,1 Hr,Valid
Phora Durbar Kathmandu,PM2.5 - Principal,2024-09-02 03:00 PM,2024,09,02,15,33.7,97,Moderate,-15.0,UG/M3,1 Hr,Invalid
Phora Durbar Kathmandu,PM2.5 - Principal,2024-09-02 04:00 PM,2024,09,02,16,13.8,60,Moderate,4.0,UG/M3,1 Hr,Valid
Phora Durbar Kathmandu,PM2.5 - Principal,2024-09-02 05:00 PM,2024,09,02,17,64.2,157,Unhealthy,102.0,UG/M3,1 Hr,Valid
Phora Durbar Kathmandu,PM2.5 - Principal,2024-09-02 06:00 PM,2024,09,02,18,46.5,128,Unhealthy for Sensitive Groups,31.0,UG/M3,1 Hr,Valid
Phora Durbar Kathmandu,PM2.5 - Principal,2024-09-02 07:00 PM,2024,09,02,19,46.5,128,Unhealthy for Sensitive Groups,-15.0,UG/M3,1 Hr,Invalid
Phora Durbar Kathmandu,PM2.5 - Principal,2024-09-02 08:00 PM,2024,09,02,20,35.9,102,Unhealthy for Sensitive Groups,31.0,UG/M3,1 Hr,Valid
Phora Durbar Kathmandu,PM2.5 - Principal,2024-09-02 09:00 PM,2024,09,02,21,-999.0,-999,N/A,-9.0,UG/M3,1 Hr,Invalid
Phora Durbar Kathmandu,PM2.5 - Principal,2024-09-02 10:00 PM,2024,09,02,22,47.6,131,Unhealthy for Sensitive Groups,52.0,UG/M3,1 Hr,Valid
Phora Durbar Kathmandu,PM2.5 - Principal,2024-09-02 11:00 PM,2024,09,02,23,-999.0,-999,N/A,-15.0,UG/M3,1 Hr,Invalid
Phora Durbar Kathmandu,PM2.5 - Principal,2024-09-03 12:00 AM,2024,09,03,00,-999.0,-999,N/A,-15.0,UG/M3,1 Hr,Invalid
Phora Durbar Kathmandu,PM2.5 - Principal,2024-09-03 01:00 AM,2024,09,03,01,-999.0,-999,N/A,14.0,UG/M3,1 Hr,Valid
Phora Durbar Kathmandu,PM2.5 - Principal,2024-09-03 02:00 AM,2024,09,03,02,20.8,73,Moderate,22.0,UG/M3,1 Hr,Valid
Phora Durbar Kathmandu,PM2.5 - Principal,2024-09-03 03:00 AM,2024,09,03,03,29.3,89,Moderate,36.0,UG/M3,1 Hr,Valid
Phora Durbar Kathmandu,PM2.5 - Principal,2024-09-03 04:00 AM,2024,09,03,04,29.3,89,Moderate,-15.0,UG/M3,1 Hr,Invalid
Phora Durbar Kathmandu,PM2.5 - Principal,2024-09-03 05:00 AM,2024,09,03,05,20.7,73,Moderate,17.0,UG/M3,1 Hr,Valid
Phora Durbar Kathmandu,PM2.5 - Principal,2024-09-03 06:00 AM,2024,09,03,06,10.4,53,Moderate,3.0,UG/M3,1 Hr,Valid
Phora Durbar Kathmandu,PM2.5 - Principal,2024-09-03 07:00 AM,2024,09,03,07,22.0,75,Moderate,32.0,UG/M3,1 Hr,Valid
Phora Durbar Kathmandu,PM2.5 - Principal,2024-09-03 08:00 AM,2024,09,03,08,17.8,67,Moderate,14.0,UG/M3,1 Hr,Valid
Phora Durbar Kathmandu,PM2.5 - Principal,2024-09-03 09:00 AM,2024,09,03,09,12.8,58,Moderate,8.0,UG/M3,1 Hr,Valid
Phora Durbar Kathmandu,PM2.5 - Principal,2024-09-03 10:00 AM,2024,09,03,10,16.9,66,Moderate,21.0,UG/M3,1 Hr,Valid
Phora Durbar Kathmandu,PM2.5 - Principal,2024-09-03 11:00 AM,2024,09,03,11,12.4,57,Moderate,8.0,UG/M3,1 Hr,Valid
Phora Durbar Kathmandu,PM2.5 - Principal,2024-09-03 12:00 PM,2024,09,03,12,12.4,57,Moderate,120.0,UG/M3,1 Hr,Invalid
Phora Durbar Kathmandu,PM2.5 - Principal,2024-09-03 01:00 PM,2024,09,03,13,2.8,16,Good,-2.0,UG/M3,1 Hr,Valid
Phora Durbar Kathmandu,PM2.5 - Principal,2024-09-03 02:00 PM,2024,09,03,14,17.2,66,Moderate,28.0,UG/M3,1 Hr,Valid
Phora Durbar Kathmandu,PM2.5 - Principal,2024-09-03 03:00 PM,2024,09,03,15,11.2,55,Moderate,6.0,UG/M3,1 Hr,Valid
Phora Durbar Kathmandu,PM2.5 - Principal,2024-09-03 04:00 PM,2024,09,03,16,31.7,93,Moderate,51.0,UG/M3,1 Hr,Valid
Phora Durbar Kathmandu,PM2.5 - Principal,2024-09-03 05:00 PM,2024,09,03,17,31.7,93,Moderate,-5.0,UG/M3,1 Hr,Invalid
Phora Durbar Kathmandu,PM2.5 - Principal,2024-09-03 06:00 PM,2024,09,03,18,13.7,60,Moderate,5.0,UG/M3,1 Hr,Valid
Phora Durbar Kathmandu,PM2.5 - Principal,2024-09-03 07:00 PM,2024,09,03,19,24.7,80,Moderate,33.0,UG/M3,1 Hr,Valid
Phora Durbar Kathmandu,PM2.5 - Principal,2024-09-03 08:00 PM,2024,09,03,20,24.7,80,Moderate,-15.0,UG/M3,1 Hr,Invalid
Phora Durbar Kathmandu,PM2.5 - Principal,2024-09-03 09:00 PM,2024,09,03,21,-999.0,-999,N/A,-15.0,UG/M3,1 Hr,Invalid
Phora Durbar Kathmandu,PM2.5 - Principal,2024-09-03 10:00 PM,2024,09,03,22,-999.0,-999,N/A,20.0,UG/M3,1 Hr,Valid
Phora Durbar Kathmandu,PM2.5 - Principal,2024-09-03 11:00 PM,2024,09,03,23,12.2,57,Moderate,7.0,UG/M3,1 Hr,Valid
Phora Durbar Kathmandu,PM2.5 - Principal,2024-09-04 12:00 AM,2024,09,04,00,10.4,53,Moderate,9.0,UG/M3,1 Hr,Valid
Phora Durbar Kathmandu,PM2.5 - Principal,2024-09-04 01:00 AM,2024,09,04,01,10.4,53,Moderate,-7.0,UG/M3,1 Hr,Invalid
Phora Durbar Kathmandu,PM2.5 - Principal,2024-09-04 02:00 AM,2024,09,04,02,28.0,86,Moderate,36.0,UG/M3,1 Hr,Valid
Phora Durbar Kathmandu,PM2.5 - Principal,2024-09-04 03:00 AM,2024,09,04,03,19.9,71,Moderate,14.0,UG/M3,1 Hr,Valid
Phora Durbar Kathmandu,PM2.5 - Principal,2024-09-04 04:00 AM,2024,09,04,04,12.9,58,Moderate,7.0,UG/M3,1 Hr,Valid
Phora Durbar Kathmandu,PM2.5 - Principal,2024-09-04 05:00 AM,2024,09,04,05,31.1,92,Moderate,48.0,UG/M3,1 Hr,Valid
Phora Durbar Kathmandu,PM2.5 - Principal,2024-09-04 06:00 AM,2024,09,04,06,21.8,75,Moderate,13.0,UG/M3,1 Hr,Valid
Phora Durbar Kathmandu,PM2.5 - Principal,2024-09-04 07:00 AM,2024,09,04,07,9.8,52,Moderate,-2.0,UG/M3,1 Hr,Valid
Phora Durbar Kathmandu,PM2.5 - Principal,2024-09-04 08:00 AM,2024,09,04,08,21.4,74,Moderate,33.0,UG/M3,1 Hr,Valid
Phora Durbar Kathmandu,PM2.5 - Principal,2024-09-04 09:00 AM,2024,09,04,09,51.3,140,Unhealthy for Sensitive Groups,81.0,UG/M3,1 Hr,Valid
Phora Durbar Kathmandu,PM2.5 - Principal,2024-09-04 10:00 AM,2024,09,04,10,29.6,89,Moderate,8.0,UG/M3,1 Hr,Valid
Phora Durbar Kathmandu,PM2.5 - Principal,2024-09-04 11:00 AM,2024,09,04,11,19.8,71,Moderate,10.0,UG/M3,1 Hr,Valid
Phora Durbar Kathmandu,PM2.5 - Principal,2024-09-04 12:00 PM,2024,09,04,12,24.4,80,Moderate,29.0,UG/M3,1 Hr,Valid
Phora Durbar Kathmandu,PM2.5 - Principal,2024-09-04 01:00 PM,2024,09,04,13,24.4,80,Moderate,-15.0,UG/M3,1 Hr,Invalid
Phora Durbar Kathmandu,PM2.5 - Principal,2024-09-04 02:00 PM,2024,09,04,14,-999.0,-999,N/A,-11.0,UG/M3,1 Hr,Invalid
Phora Durbar Kathmandu,PM2.5 - Principal,2024-09-04 03:00 PM,2024,09,04,15,-999.0,-999,N/A,57.0,UG/M3,1 Hr,Valid
Phora Durbar Kathmandu,PM2.5 - Principal,2024-09-04 04:00 PM,2024,09,04,16,36.0,102,Unhealthy for Sensitive Groups,27.0,UG/M3,1 Hr,Valid
Phora Durbar Kathmandu,PM2.5 - Principal,2024-09-04 05:00 PM,2024,09,04,17,23.8,78,Moderate,14.0,UG/M3,1 Hr,Valid
Phora Durbar Kathmandu,PM2.5 - Principal,2024-09-04 06:00 PM,2024,09,04,18,15.5,63,Moderate,8.0,UG/M3,1 Hr,Valid
Phora Durbar Kathmandu,PM2.5 - Principal,2024-09-04 07:00 PM,2024,09,04,19,20.3,72,Moderate,25.0,UG/M3,1 Hr,Valid
Phora Durbar Kathmandu,PM2.5 - Principal,2024-09-04 08:00 PM,2024,09,04,20,20.6,72,Moderate,21.0,UG/M3,1 Hr,Valid
Phora Durbar Kathmandu,PM2.5 - Principal,2024-09-04 09:00 PM,2024,09,04,21,19.8,71,Moderate,19.0,UG/M3,1 Hr,Valid
Phora Durbar Kathmandu,PM2.5 - Principal,2024-09-04 10:00 PM,2024,09,04,22,31.9,93,Moderate,44.0,UG/M3,1 Hr,Valid
Phora Durbar Kathmandu,PM2.5 - Principal,2024-09-04 11:00 PM,2024,09,04,23,24.4,80,Moderate,17.0,UG/M3,1 Hr,Valid
Phora Durbar Kathmandu,PM2.5 - Principal,2024-09-05 12:00 AM,2024,09,05,00,24.4,80,Moderate,-14.0,UG/M3,1 Hr,Invalid
Phora Durbar Kathmandu,PM2.5 - Principal,2024-09-05 01:00 AM,2024,09,05,01,11.4,55,Moderate,5.0,UG/M3,1 Hr,Valid
Phora Durbar Kathmandu,PM2.5 - Principal,2024-09-05 02:00 AM,2024,09,05,02,54.6,148,Unhealthy for Sensitive Groups,87.0,UG/M3,1 Hr,Valid
Phora Durbar Kathmandu,PM2.5 - Principal,2024-09-05 03:00 AM,2024,09,05,03,32.9,95,Moderate,14.0,UG/M3,1 Hr,Valid
Phora Durbar Kathmandu,PM2.5 - Principal,2024-09-05 04:00 AM,2024,09,05,04,32.9,95,Moderate,-15.0,UG/M3,1 Hr,Invalid
Phora Durbar Kathmandu,PM2.5 - Principal,2024-09-05 05:00 AM,2024,09,05,05,23.4,78,Moderate,19.0,UG/M3,1 Hr,Valid
Phora Durbar Kathmandu,PM2.5 - Principal,2024-09-05 06:00 AM,2024,09,05,06,26.0,82,Moderate,28.0,UG/M3,1 Hr,Valid
Phora Durbar Kathmandu,PM2.5 - Principal,2024-09-05 07:00 AM,2024,09,05,07,40.5,113,Unhealthy for Sensitive Groups,53.0,UG/M3,1 Hr,Valid
Phora Durbar Kathmandu,PM2.5 - Principal,2024-09-05 08:00 AM,2024,09,05,08,31.4,93,Moderate,23.0,UG/M3,1 Hr,Valid
Phora Durbar Kathmandu,PM2.5 - Principal,2024-09-05 09:00 AM,2024,09,05,09,19.0,69,Moderate,7.0,UG/M3,1 Hr,Valid
Phora Durbar Kathmandu,PM2.5 - Principal,2024-09-05 10:00 AM,2024,09,05,10,29.0,88,Moderate,39.0,UG/M3,1 Hr,Valid
Phora Durbar Kathmandu,PM2.5 - Principal,2024-09-05 11:00 AM,2024,09,05,11,27.0,84,Moderate,25.0,UG/M3,1 Hr,Valid
Phora Durbar Kathmandu,PM2.5 - Principal,2024-09-05 12:00 PM,2024,09,05,12,46.5,128,Unhealthy for Sensitive Groups,66.0,UG/M3,1 Hr,Valid
Phora Durbar Kathmandu,PM2.5 - Principal,2024-09-05 01:00 PM,2024,09,05,13,34.7,99,Moderate,23.0,UG/M3,1 Hr,Valid
Phora Durbar Kathmandu,PM2.5 - Principal,2024-09-05 02:00 PM,2024,09,05,14,38.8,109,Unhealthy for Sensitive Groups,43.0,UG/M3,1 Hr,Valid
Phora Durbar Kathmandu,PM2.5 - Principal,2024-09-05 03:00 PM,2024,09,05,15,24.4,80,Moderate,10.0,UG/M3,1 Hr,Valid
Phora Durbar Kathmandu,PM2.5 - Principal,2024-09-05 04:00 PM,2024,09,05,16,11.2,55,Moderate,-2.0,UG/M3,1 Hr,Valid
Phora Durbar Kathmandu,PM2.5 - Principal,2024-09-05 05:00 PM,2024,09,05,17,14.1,60,Moderate,17.0,UG/M3,1 Hr,Valid
Phora Durbar Kathmandu,PM2.5 - Principal,2024-09-05 06:00 PM,2024,09,05,18,9.5,52,Moderate,5.0,UG/M3,1 Hr,Valid
Phora Durbar Kathmandu,PM2.5 - Principal,2024-09-05 07:00 PM,2024,09,05,19,21.2,74,Moderate,33.0,UG/M3,1 Hr,Valid
Phora Durbar Kathmandu,PM2.5 - Principal,2024-09-05 08:00 PM,2024,09,05,20,21.2,74,Moderate,-6.0,UG/M3,1 Hr,Invalid
Phora Durbar Kathmandu,PM2.5 - Principal,2024-09-05 09:00 PM,2024,09,05,21,21.7,74,Moderate,22.0,UG/M3,1 Hr,Valid
Phora Durbar Kathmandu,PM2.5 - Principal,2024-09-05 10:00 PM,2024,09,05,22,15.6,63,Moderate,11.0,UG/M3,1 Hr,Valid
Phora Durbar Kathmandu,PM2.5 - Principal,2024-09-05 11:00 PM,2024,09,05,23,28.0,86,Moderate,39.0,UG/M3,1 Hr,Valid
Phora Durbar Kathmandu,PM2.5 - Principal,2024-09-06 12:00 AM,2024,09,06,00,28.0,86,Moderate,-15.0,UG/M3,1 Hr,Invalid
Phora Durbar Kathmandu,PM2.5 - Principal,2024-09-06 01:00 AM,2024,09,06,01,21.8,75,Moderate,19.0,UG/M3,1 Hr,Valid
Phora Durbar Kathmandu,PM2.5 - Principal,2024-09-06 02:00 AM,2024,09,06,02,21.3,74,Moderate,21.0,UG/M3,1 Hr,Valid
Phora Durbar Kathmandu,PM2.5 - Principal,2024-09-06 03:00 AM,2024,09,06,03,16.3,64,Moderate,12.0,UG/M3,1 Hr,Valid
Phora Durbar Kathmandu,PM2.5 - Principal,2024-09-06 04:00 AM,2024,09,06,04,10.4,53,Moderate,5.0,UG/M3,1 Hr,Valid
Phora Durbar Kathmandu,PM2.5 - Principal,2024-09-06 05:00 AM,2024,09,06,05,40.7,114,Unhealthy for Sensitive Groups,70.0,UG/M3,1 Hr,Valid
Phora Durbar Kathmandu,PM2.5 - Principal,2024-09-06 06:00 AM,2024,09,06,06,19.1,70,Moderate,-2.0,UG/M3,1 Hr,Valid
Phora Durbar Kathmandu,PM2.5 - Principal,2024-09-06 07:00 AM,2024,09,06,07,25.1,81,Moderate,31.0,UG/M3,1 Hr,Valid
Phora Durbar Kathmandu,PM2.5 - Principal,2024-09-06 08:00 AM,2024,09,06,08,24.0,79,Moderate,23.0,UG/M3,1 Hr,Valid
Phora Durbar Kathmandu,PM2.5 - Principal,2024-09-06 09:00 AM,2024,09,06,09,37.5,106,Unhealthy for Sensitive Groups,51.0,UG/M3,1 Hr,Valid
Phora Durbar Kathmandu,PM2.5 - Principal,2024-09-06 10:00 AM,2024,09,06,10,31.7,93,Moderate,26.0,UG/M3,1 Hr,Valid
Phora Durbar Kathmandu,PM2.5 - Principal,2024-09-06 11:00 AM,2024,09,06,11,31.8,93,Moderate,32.0,UG/M3,1 Hr,Valid
Phora Durbar Kathmandu,PM2.5 - Principal,2024-09-06 12:00 PM,2024,09,06,12,21.9,75,Moderate,12.0,UG/M3,1 Hr,Valid
Phora Durbar Kathmandu,PM2.5 - Principal,2024-09-06 01:00 PM,2024,09,06,13,18.4,68,Moderate,15.0,UG/M3,1 Hr,Valid
Phora Durbar Kathmandu,PM2.5 - Principal,2024-09-06 02:00 PM,2024,09,06,14,11.7,56,Moderate,5.0,UG/M3,1 Hr,Valid
Phora Durbar Kathmandu,PM2.5 - Principal,2024-09-06 03:00 PM,2024,09,06,15,11.8,56,Moderate,12.0,UG/M3,1 Hr,Valid
Phora Durbar Kathmandu,PM2.5 - Principal,2024-09-06 04:00 PM,2024,09,06,16,19.9,71,Moderate,28.0,UG/M3,1 Hr,Valid
Phora Durbar Kathmandu,PM2.5 - Principal,2024-09-06 05:00 PM,2024,09,06,17,19.9,71,Moderate,-15.0,UG/M3,1 Hr,Invalid
Phora Durbar Kathmandu,PM2.5 - Principal,2024-09-06 06:00 PM,2024,09,06,18,24.6,80,Moderate,27.0,UG/M3,1 Hr,Valid
Phora Durbar Kathmandu,PM2.5 - Principal,2024-09-06 07:00 PM,2024,09,06,19,31.7,93,Moderate,37.0,UG/M3,1 Hr,Valid
Phora Durbar Kathmandu,PM2.5 - Principal,2024-09-06 08:00 PM,2024,09,06,20,22.2,75,Moderate,14.0,UG/M3,1 Hr,Valid
Phora Durbar Kathmandu,PM2.5 - Principal,2024-09-06 09:00 PM,2024,09,06,21,22.2,75,Moderate,-15.0,UG/M3,1 Hr,Invalid
Phora Durbar Kathmandu,PM2.5 - Principal,2024-09-06 10:00 PM,2024,09,06,22,37.0,105,Unhealthy for Sensitive Groups,44.0,UG/M3,1 Hr,Valid
Phora Durbar Kathmandu,PM2.5 - Principal,2024-09-06 11:00 PM,2024,09,06,23,-999.0,-999,N/A,-15.0,UG/M3,1 Hr,Invalid
Phora Durbar Kathmandu,PM2.5 - Principal,2024-09-07 12:00 AM,2024,09,07,00,-999.0,-999,N/A,-15.0,UG/M3,1 Hr,Invalid
Phora Durbar Kathmandu,PM2.5 - Principal,2024-09-07 01:00 AM,2024,09,07,01,-999.0,-999,N/A,2.0,UG/M3,1 Hr,Valid
Phora Durbar Kathmandu,PM2.5 - Principal,2024-09-07 02:00 AM,2024,09,07,02,10.9,54,Moderate,13.0,UG/M3,1 Hr,Valid
Phora Durbar Kathmandu,PM2.5 - Principal,2024-09-07 03:00 AM,2024,09,07,03,10.4,53,Moderate,10.0,UG/M3,1 Hr,Valid
Phora Durbar Kathmandu,PM2.5 - Principal,2024-09-07 04:00 AM,2024,09,07,04,13.8,60,Moderate,17.0,UG/M3,1 Hr,Valid
Phora Durbar Kathmandu,PM2.5 - Principal,2024-09-07 05:00 AM,2024,09,07,05,11.3,55,Moderate,9.0,UG/M3,1 Hr,Valid
Phora Durbar Kathmandu,PM2.5 - Principal,2024-09-07 06:00 AM,2024,09,07,06,32.9,95,Moderate,54.0,UG/M3,1 Hr,Valid
Phora Durbar Kathmandu,PM2.5 - Principal,2024-09-07 07:00 AM,2024,09,07,07,35.4,100,Moderate,38.0,UG/M3,1 Hr,Valid
Phora Durbar Kathmandu,PM2.5 - Principal,2024-09-07 08:00 AM,2024,09,07,08,41.7,116,Unhealthy for Sensitive Groups,48.0,UG/M3,1 Hr,Valid
Phora Durbar Kathmandu,PM2.5 - Principal,2024-09-07 09:00 AM,2024,09,07,09,27.3,85,Moderate,13.0,UG/M3,1 Hr,Valid
Phora Durbar Kathmandu,PM2.5 - Principal,2024-09-07 10:00 AM,2024,09,07,10,16.1,64,Moderate,5.0,UG/M3,1 Hr,Valid
Phora Durbar Kathmandu,PM2.5 - Principal,2024-09-07 11:00 AM,2024,09,07,11,18.0,68,Moderate,20.0,UG/M3,1 Hr,Valid
Phora Durbar Kathmandu,PM2.5 - Principal,2024-09-07 12:00 PM,2024,09,07,12,25.5,82,Moderate,33.0,UG/M3,1 Hr,Valid
Phora Durbar Kathmandu,PM2.5 - Principal,2024-09-07 01:00 PM,2024,09,07,13,21.7,74,Moderate,18.0,UG/M3,1 Hr,Valid
Phora Durbar Kathmandu,PM2.5 - Principal,2024-09-07 02:00 PM,2024,09,07,14,39.8,112,Unhealthy for Sensitive Groups,58.0,UG/M3,1 Hr,Valid
Phora Durbar Kathmandu,PM2.5 - Principal,2024-09-07 03:00 PM,2024,09,07,15,39.8,112,Unhealthy for Sensitive Groups,-15.0,UG/M3,1 Hr,Invalid
Phora Durbar Kathmandu,PM2.5 - Principal,2024-09-07 04:00 PM,2024,09,07,16,58.6,153,Unhealthy,68.0,UG/M3,1 Hr,Valid
Phora Durbar Kathmandu,PM2.5 - Principal,2024-09-07 05:00 PM,2024,09,07,17,30.8,91,Moderate,10.0,UG/M3,1 Hr,Valid
Phora Durbar Kathmandu,PM2.5 - Principal,2024-09-07 06:00 PM,2024,09,07,18,15.9,64,Moderate,3.0,UG/M3,1 Hr,Valid
Phora Durbar Kathmandu,PM2.5 - Principal,2024-09-07 07:00 PM,2024,09,07,19,27.8,86,Moderate,39.0,UG/M3,1 Hr,Valid
Phora Durbar Kathmandu,PM2.5 - Principal,2024-09-07 08:00 PM,2024,09,07,20,19.8,71,Moderate,12.0,UG/M3,1 Hr,Valid
Phora Durbar Kathmandu,PM2.5 - Principal,2024-09-07 09:00 PM,2024,09,07,21,27.9,86,Moderate,36.0,UG/M3,1 Hr,Valid
Phora Durbar Kathmandu,PM2.5 - Principal,2024-09-07 10:00 PM,2024,09,07,22,27.9,86,Moderate,-15.0,UG/M3,1 Hr,Invalid
Phora Durbar Kathmandu,PM2.5 - Principal,2024-09-07 11:00 PM,2024,09,07,23,50.0,137,Unhealthy for Sensitive Groups,61.0,UG/M3,1 Hr,Valid
Phora Durbar Kathmandu,PM2.5 - Principal,2024-09-08 12:00 AM,2024,09,08,00,-999.0,-999,N/A,-15.0,UG/M3,1 Hr,Invalid
Phora Durbar Kathmandu,PM2.5 - Principal,2024-09-08 01:00 AM,2024,09,08,01,-999.0,-999,N/A,-15.0,UG/M3,1 Hr,Invalid
Phora Durbar Kathmandu,PM2.5 - Principal,2024-09-08 02:00 AM,2024,09,08,02,-999.0,-999,N/A,34.0,UG/M3,1 Hr,Valid
Phora Durbar Kathmandu,PM2.5 - Principal,2024-09-08 03:00 AM,2024,09,08,03,49.3,135,Unhealthy for Sensitive Groups,57.0,UG/M3,1 Hr,Valid
Phora Durbar Kathmandu,PM2.5 - Principal,2024-09-08 04:00 AM,2024,09,08,04,48.0,132,Unhealthy for Sensitive Groups,47.0,UG/M3,1 Hr,Valid
Phora Durbar Kathmandu,PM2.5 - Principal,2024-09-08 05:00 AM,2024,09,08,05,48.0,132,Unhealthy for Sensitive Groups,-15.0,UG/M3,1 Hr,Invalid
Phora Durbar Kathmandu,PM2.5 - Principal,2024-09-08 06:00 AM,2024,09,08,06,21.7,74,Moderate,10.0,UG/M3,1 Hr,Valid
Phora Durbar Kathmandu,PM2.5 - Principal,2024-09-08 07:00 AM,2024,09,08,07,22.4,76,Moderate,23.0,UG/M3,1 Hr,Valid
Phora Durbar Kathmandu,PM2.5 - Principal,2024-09-08 08:00 AM,2024,09,08,08,25.4,81,Moderate,28.0,UG/M3,1 Hr,Valid
Phora Durbar Kathmandu,PM2.5 - Principal,2024-09-08 09:00 AM,2024,09,08,09,25.4,81,Moderate,-15.0,UG/M3,1 Hr,Invalid
Phora Durbar Kathmandu,PM2.5 - Principal,2024-09-08 10:00 AM,2024,09,08,10,18.3,68,Moderate,15.0,UG/M3,1 Hr,Valid
Phora Durbar Kathmandu,PM2.5 - Principal,2024-09-08 11:00 AM,2024,09,08,11,50.4,138,Unhealthy for Sensitive Groups,74.0,UG/M3,1 Hr,Valid
Phora Durbar Kathmandu,PM2.5 - Principal,2024-09-08 12:00 PM,2024,09,08,12,28.2,87,Moderate,9.0,UG/M3,1 Hr,Valid
Phora Durbar Kathmandu,PM2.5 - Principal,2024-09-08 01:00 PM,2024,09,08,13,16.7,65,Moderate,6.0,UG/M3,1 Hr,Valid
Phora Durbar Kathmandu,PM2.5 - Principal,2024-09-08 02:00 PM,2024,09,08,14,11.2,55,Moderate,6.0,UG/M3,1 Hr,Valid
Phora Durbar Kathmandu,PM2.5 - Principal,2024-09-08 03:00 PM,2024,09,08,15,33.8,97,Moderate,56.0,UG/M3,1 Hr,Valid
Phora Durbar Kathmandu,PM2.5 - Principal,2024-09-08 04:00 PM,2024,09,08,16,28.3,87,Moderate,23.0,UG/M3,1 Hr,Valid
Phora Durbar Kathmandu,PM2.5 - Principal,2024-09-08 05:00 PM,2024,09,08,17,28.3,87,Moderate,-15.0,UG/M3,1 Hr,Invalid
Phora Durbar Kathmandu,PM2.5 - Principal,2024-09-08 06:00 PM,2024,09,08,18,49.4,135,Unhealthy for Sensitive Groups,60.0,UG/M3,1 Hr,Valid
Phora Durbar Kathmandu,PM2.5 - Principal,2024-09-08 07:00 PM,2024,09,08,19,-999.0,-999,N/A,-15.0,UG/M3,1 Hr,Invalid
Phora Durbar Kathmandu,PM2.5 - Principal,2024-09-08 08:00 PM,2024,09,08,20,32.4,94,Moderate,26.0,UG/M3,1 Hr,Valid
Phora Durbar Kathmandu,PM2.5 - Principal,2024-09-08 09:00 PM,2024,09,08,21,14.3,61,Moderate,2.0,UG/M3,1 Hr,Valid
Phora Durbar Kathmandu,PM2.5 - Principal,2024-09-08 10:00 PM,2024,09,08,22,28.8,88,Moderate,41.0,UG/M3,1 Hr,Valid
Phora Durbar Kathmandu,PM2.5 - Principal,2024-09-08 11:00 PM,2024,09,08,23,28.8,88,Moderate,-15.0,UG/M3,1 Hr,Invalid
Phora Durbar Kathmandu,PM2.5 - Principal,2024-09-09 12:00 AM,2024,09,09,00,22.7,76,Moderate,20.0,UG/M3,1 Hr,Valid
Phora Durbar Kathmandu,PM2.5 - Principal,2024-09-09 01:00 AM,2024,09,09,01,19.4,70,Moderate,17.0,UG/M3,1 Hr,Valid
Phora Durbar Kathmandu,PM2.5 - Principal,2024-09-09 02:00 AM,2024,09,09,02,13.3,59,Moderate,8.0,UG/M3,1 Hr,Valid
Phora Durbar Kathmandu,PM2.5 - Principal,2024-09-09 03:00 AM,2024,09,09,03,15.2,62,Moderate,17.0,UG/M3,1 Hr,Valid
Phora Durbar Kathmandu,PM2.5 - Principal,2024-09-09 04:00 AM,2024,09,09,04,15.2,62,Moderate,-15.0,UG/M3,1 Hr,Invalid
Phora Durbar Kathmandu,PM2.5 - Principal,2024-09-09 05:00 AM,2024,09,09,05,40.0,112,Unhealthy for Sensitive Groups,52.0,UG/M3,1 Hr,Valid
Phora Durbar Kathmandu,PM2.5 - Principal,2024-09-09 06:00 AM,2024,09,09,06,-999.0,-999,N/A,-15.0,UG/M3,1 Hr,Invalid
Phora Durbar Kathmandu,PM2.5 - Principal,2024-09-09 07:00 AM,2024,09,09,07,35.6,101,Unhealthy for Sensitive Groups,34.0,UG/M3,1 Hr,Valid
Phora Durbar Kathmandu,PM2.5 - Principal,2024-09-09 08:00 AM,2024,09,09,08,61.3,155,Unhealthy,79.0,UG/M3,1 Hr,Valid
Phora Durbar Kathmandu,PM2.5 - Principal,2024-09-09 09:00 AM,2024,09,09,09,61.3,155,Unhealthy,-15.0,UG/M3,1 Hr,Invalid
Phora Durbar Kathmandu,PM2.5 - Principal,2024-09-09 10:00 AM,2024,09,09,10,-999.0,-999,N/A,-15.0,UG/M3,1 Hr,Invalid
Phora Durbar Kathmandu,PM2.5 - Principal,2024-09-09 11:00 AM,2024,09,09,11,-999.0,-999,N/A,46.0,UG/M3,1 Hr,Valid
Phora Durbar Kathmandu,PM2.5 - Principal,2024-09-09 12:00 PM,2024,09,09,12,53.8,146,Unhealthy for Sensitive Groups,57.0,UG/M3,1 Hr,Valid
Phora Durbar Kathmandu,PM2.5 - Principal,2024-09-09 01:00 PM,2024,09,09,13,40.6,114,Unhealthy for Sensitive Groups,30.0,UG/M3,1 Hr,Valid
Phora Durbar Kathmandu,PM2.5 - Principal,2024-09-09 02:00 PM,2024,09,09,14,40.6,114,Unhealthy for Sensitive Groups,-15.0,UG/M3,1 Hr,Invalid
Phora Durbar Kathmandu,PM2.5 - Principal,2024-09-09 03:00 PM,2024,09,09,15,-999.0,-999,N/A,-11.0,UG/M3,1 Hr,Invalid
Phora Durbar Kathmandu,PM2.5 - Principal,2024-09-09 04:00 PM,2024,09,09,16,-999.0,-999,N/A,-6.0,UG/M3,1 Hr,Invalid
Phora Durbar Kathmandu,PM2.5 - Principal,2024-09-09 05:00 PM,2024,09,09,17,-999.0,-999,N/A,52.0,UG/M3,1 Hr,Valid
Phora Durbar Kathmandu,PM2.5 - Principal,2024-09-09 06:00 PM,2024,09,09,18,29.0,88,Moderate,17.0,UG/M3,1 Hr,Valid
Phora Durbar Kathmandu,PM2.5 - Principal,2024-09-09 07:00 PM,2024,09,09,19,21.1,73,Moderate,15.0,UG/M3,1 Hr,Valid
Phora Durbar Kathmandu,PM2.5 - Principal,2024-09-09 08:00 PM,2024,09,09,20,16.8,65,Moderate,13.0,UG/M3,1 Hr,Valid
Phora Durbar Kathmandu,PM2.5 - Principal,2024-09-09 09:00 PM,2024,09,09,21,26.1,83,Moderate,35.0,UG/M3,1 Hr,Valid
Phora Durbar Kathmandu,PM2.5 - Principal,2024-09-09 10:00 PM,2024,09,09,22,24.5,80,Moderate,23.0,UG/M3,1 Hr,Valid
Phora Durbar Kathmandu,PM2.5 - Principal,2024-09-09 11:00 PM,2024,09,09,23,18.7,69,Moderate,13.0,UG/M3,1 Hr,Valid
Phora Durbar Kathmandu,PM2.5 - Principal,2024-09-10 12:00 AM,2024,09,10,00,23.8,78,Moderate,29.0,UG/M3,1 Hr,Valid
Phora Durbar Kathmandu,PM2.5 - Principal,2024-09-10 01:00 AM,2024,09,10,01,22.4,76,Moderate,21.0,UG/M3,1 Hr,Valid
Phora Durbar Kathmandu,PM2.5 - Principal,2024-09-10 02:00 AM,2024,09,10,02,21.2,74,Moderate,20.0,UG/M3,1 Hr,Valid
Phora Durbar Kathmandu,PM2.5 - Principal,2024-09-10 03:00 AM,2024,09,10,03,29.6,89,Moderate,38.0,UG/M3,1 Hr,Valid
Phora Durbar Kathmandu,PM2.5 - Principal,2024-09-10 04:00 AM,2024,09,10,04,23.3,77,Moderate,17.0,UG/M3,1 Hr,Valid
Phora Durbar Kathmandu,PM2.5 - Principal,2024-09-10 05:00 AM,2024,09,10,05,54.1,147,Unhealthy for Sensitive Groups,85.0,UG/M3,1 Hr,Valid
Phora Durbar Kathmandu,PM2.5 - Principal,2024-09-10 06:00 AM,2024,09,10,06,35.0,99,Moderate,16.0,UG/M3,1 Hr,Valid
Phora Durbar Kathmandu,PM2.5 - Principal,2024-09-10 07:00 AM,2024,09,10,07,36.0,102,Unhealthy for Sensitive Groups,37.0,UG/M3,1 Hr,Valid
Phora Durbar Kathmandu,PM2.5 - Principal,2024-09-10 08:00 AM,2024,09,10,08,38.0,107,Unhealthy for Sensitive Groups,40.0,UG/M3,1 Hr,Valid
Phora Durbar Kathmandu,PM2.5 - Principal,2024-09-10 09:00 AM,2024,09,10,09,38.0,107,Unhealthy for Sensitive Groups,-15.0,UG/M3,1 Hr,Invalid
Phora Durbar Kathmandu,PM2.5 - Principal,2024-09-10 10:00 AM,2024,09,10,10,52.0,142,Unhealthy for Sensitive Groups,59.0,UG/M3,1 Hr,Valid
Phora Durbar Kathmandu,PM2.5 - Principal,2024-09-10 11:00 AM,2024,09,10,11,57.7,153,Unhealthy,62.0,UG/M3,1 Hr,Valid
Phora Durbar Kathmandu,PM2.5 - Principal,2024-09-10 12:00 PM,2024,09,10,12,24.8,80,Moderate,-4.0,UG/M3,1 Hr,Valid
Phora Durbar Kathmandu,PM2.5 - Principal,2024-09-10 01:00 PM,2024,09,10,13,33.1,96,Moderate,41.0,UG/M3,1 Hr,Valid
Phora Durbar Kathmandu,PM2.5 - Principal,2024-09-10 02:00 PM,2024,09,10,14,48.3,133,Unhealthy for Sensitive Groups,63.0,UG/M3,1 Hr,Valid
Phora Durbar Kathmandu,PM2.5 - Principal,2024-09-10 03:00 PM,2024,09,10,15,48.3,133,Unhealthy for Sensitive Groups,-15.0,UG/M3,1 Hr,Invalid
Phora Durbar Kathmandu,PM2.5 - Principal,2024-09-10 04:00 PM,2024,09,10,16,31.3,92,Moderate,23.0,UG/M3,1 Hr,Valid
Phora Durbar Kathmandu,PM2.5 - Principal,2024-09-10 05:00 PM,2024,09,10,17,44.3,123,Unhealthy for Sensitive Groups,54.0,UG/M3,1 Hr,Valid
Phora Durbar Kathmandu,PM2.5 - Principal,2024-09-10 06:00 PM,2024,09,10,18,22.2,75,Moderate,3.0,UG/M3,1 Hr,Valid
Phora Durbar Kathmandu,PM2.5 - Principal,2024-09-10 07:00 PM,2024,09,10,19,49.4,135,Unhealthy for Sensitive Groups,75.0,UG/M3,1 Hr,Valid
Phora Durbar Kathmandu,PM2.5 - Principal,2024-09-10 08:00 PM,2024,09,10,20,33.4,96,Moderate,18.0,UG/M3,1 Hr,Valid
Phora Durbar Kathmandu,PM2.5 - Principal,2024-09-10 09:00 PM,2024,09,10,21,33.4,96,Moderate,-11.0,UG/M3,1 Hr,Invalid
Phora Durbar Kathmandu,PM2.5 - Principal,2024-09-10 10:00 PM,2024,09,10,22,45.2,125,Unhealthy for Sensitive Groups,51.0,UG/M3,1 Hr,Valid
Phora Durbar Kathmandu,PM2.5 - Principal,2024-09-10 11:00 PM,2024,09,10,23,-999.0,-999,N/A,-15.0,UG/M3,1 Hr,Invalid
Phora Durbar Kathmandu,PM2.5 - Principal,2024-09-11 12:00 AM,2024,09,11,00,31.9,93,Moderate,27.0,UG/M3,1 Hr,Valid
Phora Durbar Kathmandu,PM2.5 - Principal,2024-09-11 01:00 AM,2024,09,11,01,-999.0,-999,N/A,-15.0,UG/M3,1 Hr,Invalid
Phora Durbar Kathmandu,PM2.5 - Principal,2024-09-11 02:00 AM,2024,09,11,02,74.4,164,Unhealthy,89.0,UG/M3,1 Hr,Valid
Phora Durbar Kathmandu,PM2.5 - Principal,2024-09-11 03:00 AM,2024,09,11,03,40.0,112,Unhealthy for Sensitive Groups,17.0,UG/M3,1 Hr,Valid
Phora Durbar Kathmandu,PM2.5 - Principal,2024-09-11 04:00 AM,2024,09,11,04,28.0,86,Moderate,18.0,UG/M3,1 Hr,Valid
Phora Durbar Kathmandu,PM2.5 - Principal,2024-09-11 05:00 AM,2024,09,11,05,18.1,68,Moderate,9.0,UG/M3,1 Hr,Valid
Phora Durbar Kathmandu,PM2.5 - Principal,2024-09-11 06:00 AM,2024,09,11,06,25.7,82,Moderate,33.0,UG/M3,1 Hr,Valid
Phora Durbar Kathmandu,PM2.5 - Principal,2024-09-11 07:00 AM,2024,09,11,07,27.8,86,Moderate,30.0,UG/M3,1 Hr,Valid
Phora Durbar Kathmandu,PM2.5 - Principal,2024-09-11 08:00 AM,2024,09,11,08,20.3,72,Moderate,13.0,UG/M3,1 Hr,Valid
Phora Durbar Kathmandu,PM2.5 - Principal,2024-09-11 09:00 AM,2024,09,11,09,26.7,84,Moderate,33.0,UG/M3,1 Hr,Valid
Phora Durbar Kathmandu,PM2.5 - Principal,2024-09-11 10:00 AM,2024,09,11,10,23.8,78,Moderate,21.0,UG/M3,1 Hr,Valid
Phora Durbar Kathmandu,PM2.5 - Principal,2024-09-11 11:00 AM,2024,09,11,11,23.9,79,Moderate,24.0,UG/M3,1 Hr,Valid
Phora Durbar Kathmandu,PM2.5 - Principal,2024-09-11 12:00 PM,2024,09,11,12,24.9,80,Moderate,26.0,UG/M3,1 Hr,Valid
Phora Durbar Kathmandu,PM2.5 - Principal,2024-09-11 01:00 PM,2024,09,11,13,24.9,80,Moderate,-15.0,UG/M3,1 Hr,Invalid
Phora Durbar Kathmandu,PM2.5 - Principal,2024-09-11 02:00 PM,2024,09,11,14,10.3,53,Moderate,3.0,UG/M3,1 Hr,Valid
Phora Durbar Kathmandu,PM2.5 - Principal,2024-09-11 03:00 PM,2024,09,11,15,10.1,53,Moderate,10.0,UG/M3,1 Hr,Valid
Phora Durbar Kathmandu,PM2.5 - Principal,2024-09-11 04:00 PM,2024,09,11,16,15.3,63,Moderate,20.0,UG/M3,1 Hr,Valid
Phora Durbar Kathmandu,PM2.5 - Principal,2024-09-11 05:00 PM,2024,09,11,17,29.6,89,Moderate,43.0,UG/M3,1 Hr,Valid
Phora Durbar Kathmandu,PM2.5 - Principal,2024-09-11 06:00 PM,2024,09,11,18,45.5,126,Unhealthy for Sensitive Groups,61.0,UG/M3,1 Hr,Valid
Phora Durbar Kathmandu,PM2.5 - Principal,2024-09-11 07:00 PM,2024,09,11,19,28.1,86,Moderate,11.0,UG/M3,1 Hr,Valid
Phora Durbar Kathmandu,PM2.5 - Principal,2024-09-11 08:00 PM,2024,09,11,20,28.1,86,Moderate,-10.0,UG/M3,1 Hr,Invalid
Phora Durbar Kathmandu,PM2.5 - Principal,2024-09-11 09:00 PM,2024,09,11,21,-999.0,-999,N/A,-15.0,UG/M3,1 Hr,Invalid
Phora Durbar Kathmandu,PM2.5 - Principal,2024-09-11 10:00 PM,2024,09,11,22,-999.0,-999,N/A,7.0,UG/M3,1 Hr,Valid
Phora Durbar Kathmandu,PM2.5 - Principal,2024-09-11 11:00 PM,2024,09,11,23,25.8,82,Moderate,35.0,UG/M3,1 Hr,Valid
Phora Durbar Kathmandu,PM2.5 - Principal,2024-09-12 12:00 AM,2024,09,12,00,13.7,60,Moderate,4.0,UG/M3,1 Hr,Valid
Phora Durbar Kathmandu,PM2.5 - Principal,2024-09-12 01:00 AM,2024,09,12,01,27.5,85,Moderate,40.0,UG/M3,1 Hr,Valid
Phora Durbar Kathmandu,PM2.5 - Principal,2024-09-12 02:00 AM,2024,09,12,02,12.9,58,Moderate,-1.0,UG/M3,1 Hr,Valid
Phora Durbar Kathmandu,PM2.5 - Principal,2024-09-12 03:00 AM,2024,09,12,03,20.5,72,Moderate,28.0,UG/M3,1 Hr,Valid
Phora Durbar Kathmandu,PM2.5 - Principal,2024-09-12 04:00 AM,2024,09,12,04,24.3,79,Moderate,28.0,UG/M3,1 Hr,Valid
Phora Durbar Kathmandu,PM2.5 - Principal,2024-09-12 05:00 AM,2024,09,12,05,24.2,79,Moderate,-15.0,UG/M3,1 Hr,Invalid
Phora Durbar Kathmandu,PM2.5 - Principal,2024-09-12 06:00 AM,2024,09,12,06,50.8,139,Unhealthy for Sensitive Groups,64.0,UG/M3,1 Hr,Valid
Phora Durbar Kathmandu,PM2.5 - Principal,2024-09-12 07:00 AM,2024,09,12,07,-999.0,-999,N/A,-15.0,UG/M3,1 Hr,Invalid
Phora Durbar Kathmandu,PM2.5 - Principal,2024-09-12 08:00 AM,2024,09,12,08,26.9,84,Moderate,18.0,UG/M3,1 Hr,Valid
Phora Durbar Kathmandu,PM2.5 - Principal,2024-09-12 09:00 AM,2024,09,12,09,13.3,59,Moderate,4.0,UG/M3,1 Hr,Valid
Phora Durbar Kathmandu,PM2.5 - Principal,2024-09-12 10:00 AM,2024,09,12,10,19.1,70,Moderate,24.0,UG/M3,1 Hr,Valid
Phora Durbar Kathmandu,PM2.5 - Principal,2024-09-12 11:00 AM,2024,09,12,11,40.3,113,Unhealthy for Sensitive Groups,60.0,UG/M3,1 Hr,Valid
Phora Durbar Kathmandu,PM2.5 - Principal,2024-09-12 12:00 PM,2024,09,12,12,40.4,113,Unhealthy for Sensitive Groups,-15.0,UG/M3,1 Hr,Invalid
Phora Durbar Kathmandu,PM2.5 - Principal,2024-09-12 01:00 PM,2024,09,12,13,21.2,74,Moderate,12.0,UG/M3,1 Hr,Valid
Phora Durbar Kathmandu,PM2.5 - Principal,2024-09-12 02:00 PM,2024,09,12,14,19.9,71,Moderate,19.0,UG/M3,1 Hr,Valid
Phora Durbar Kathmandu,PM2.5 - Principal,2024-09-12 03:00 PM,2024,09,12,15,22.1,75,Moderate,24.0,UG/M3,1 Hr,Valid
Phora Durbar Kathmandu,PM2.5 - Principal,2024-09-12 04:00 PM,2024,09,12,16,23.6,78,Moderate,25.0,UG/M3,1 Hr,Valid
Phora Durbar Kathmandu,PM2.5 - Principal,2024-09-12 05:00 PM,2024,09,12,17,23.6,78,Moderate,-15.0,UG/M3,1 Hr,Invalid
Phora Durbar Kathmandu,PM2.5 - Principal,2024-09-12 06:00 PM,2024,09,12,18,35.9,102,Unhealthy for Sensitive Groups,42.0,UG/M3,1 Hr,Valid
Phora Durbar Kathmandu,PM2.5 - Principal,2024-09-12 07:00 PM,2024,09,12,19,33.1,96,Moderate,31.0,UG/M3,1 Hr,Valid
Phora Durbar Kathmandu,PM2.5 - Principal,2024-09-12 08:00 PM,2024,09,12,20,37.3,105,Unhealthy for Sensitive Groups,41.0,UG/M3,1 Hr,Valid
Phora Durbar Kathmandu,PM2.5 - Principal,2024-09-12 09:00 PM,2024,09,12,21,37.3,105,Unhealthy for Sensitive Groups,-15.0,UG/M3,1 Hr,Invalid
Phora Durbar Kathmandu,PM2.5 - Principal,2024-09-12 10:00 PM,2024,09,12,22,25.5,82,Moderate,20.0,UG/M3,1 Hr,Valid
Phora Durbar Kathmandu,PM2.5 - Principal,2024-09-12 11:00 PM,2024,09,12,23,-999.0,-999,N/A,-15.0,UG/M3,1 Hr,Invalid
Phora Durbar Kathmandu,PM2.5 - Principal,2024-09-13 12:00 AM,2024,09,13,00,33.9,97,Moderate,37.0,UG/M3,1 Hr,Valid
Phora Durbar Kathmandu,PM2.5 - Principal,2024-09-13 01:00 AM,2024,09,13,01,24.4,80,Moderate,18.0,UG/M3,1 Hr,Valid
Phora Durbar Kathmandu,PM2.5 - Principal,2024-09-13 02:00 AM,2024,09,13,02,10.6,54,Moderate,-1.0,UG/M3,1 Hr,Valid
Phora Durbar Kathmandu,PM2.5 - Principal,2024-09-13 03:00 AM,2024,09,13,03,24.3,79,Moderate,37.0,UG/M3,1 Hr,Valid
Phora Durbar Kathmandu,PM2.5 - Principal,2024-09-13 04:00 AM,2024,09,13,04,24.3,79,Moderate,-5.0,UG/M3,1 Hr,Invalid
Phora Durbar Kathmandu,PM2.5 - Principal,2024-09-13 05:00 AM,2024,09,13,05,27.4,85,Moderate,29.0,UG/M3,1 Hr,Valid
Phora Durbar Kathmandu,PM2.5 - Principal,2024-09-13 06:00 AM,2024,09,13,06,-999.0,-999,N/A,-15.0,UG/M3,1 Hr,Invalid
Phora Durbar Kathmandu,PM2.5 - Principal,2024-09-13 07:00 AM,2024,09,13,07,31.5,93,Moderate,33.0,UG/M3,1 Hr,Valid
Phora Durbar Kathmandu,PM2.5 - Principal,2024-09-13 08:00 AM,2024,09,13,08,-999.0,-999,N/A,-15.0,UG/M3,1 Hr,Invalid
Phora Durbar Kathmandu,PM2.5 - Principal,2024-09-13 09:00 AM,2024,09,13,09,45.2,125,Unhealthy for Sensitive Groups,50.0,UG/M3,1 Hr,Valid
Phora Durbar Kathmandu,PM2.5 - Principal,2024-09-13 10:00 AM,2024,09,13,10,-999.0,-999,N/A,-14.0,UG/M3,1 Hr,Invalid
Phora Durbar Kathmandu,PM2.5 - Principal,2024-09-13 11:00 AM,2024,09,13,11,46.5,128,Unhealthy for Sensitive Groups,47.0,UG/M3,1 Hr,Valid
Phora Durbar Kathmandu,PM2.5 - Principal,2024-09-13 12:00 PM,2024,09,13,12,-999.0,-999,N/A,-15.0,UG/M3,1 Hr,Invalid
Phora Durbar Kathmandu,PM2.5 - Principal,2024-09-13 01:00 PM,2024,09,13,13,10.1,53,Moderate,-2.0,UG/M3,1 Hr,Valid
Phora Durbar Kathmandu,PM2.5 - Principal,2024-09-13 02:00 PM,2024,09,13,14,25.6,82,Moderate,36.0,UG/M3,1 Hr,Valid
Phora Durbar Kathmandu,PM2.5 - Principal,2024-09-13 03:00 PM,2024,09,13,15,11.6,56,Moderate,0.0,UG/M3,1 Hr,Valid
Phora Durbar Kathmandu,PM2.5 - Principal,2024-09-13 04:00 PM,2024,09,13,16,18.0,68,Moderate,24.0,UG/M3,1 Hr,Valid
Phora Durbar Kathmandu,PM2.5 - Principal,2024-09-13 05:00 PM,2024,09,13,17,21.6,74,Moderate,25.0,UG/M3,1 Hr,Valid
Phora Durbar Kathmandu,PM2.5 - Principal,2024-09-13 06:00 PM,2024,09,13,18,22.8,77,Moderate,24.0,UG/M3,1 Hr,Valid
Phora Durbar Kathmandu,PM2.5 - Principal,2024-09-13 07:00 PM,2024,09,13,19,25.4,81,Moderate,28.0,UG/M3,1 Hr,Valid
Phora Durbar Kathmandu,PM2.5 - Principal,2024-09-13 08:00 PM,2024,09,13,20,58.3,153,Unhealthy,91.0,UG/M3,1 Hr,Valid
Phora Durbar Kathmandu,PM2.5 - Principal,2024-09-13 09:00 PM,2024,09,13,21,37.1,105,Unhealthy for Sensitive Groups,16.0,UG/M3,1 Hr,Valid
Phora Durbar Kathmandu,PM2.5 - Principal,2024-09-13 10:00 PM,2024,09,13,22,18.0,68,Moderate,-1.0,UG/M3,1 Hr,Valid
Phora Durbar Kathmandu,PM2.5 - Principal,2024-09-13 11:00 PM,2024,09,13,23,24.5,80,Moderate,31.0,UG/M3,1 Hr,Valid
Phora Durbar Kathmandu,PM2.5 - Principal,2024-09-14 12:00 AM,2024,09,14,00,27.2,85,Moderate,30.0,UG/M3,1 Hr,Valid
Phora Durbar Kathmandu,PM2.5 - Principal,2024-09-14 01:00 AM,2024,09,14,01,27.1,85,Moderate,27.0,UG/M3,1 Hr,Valid
Phora Durbar Kathmandu,PM2.5 - Principal,2024-09-14 02:00 AM,2024,09,14,02,23.5,78,Moderate,20.0,UG/M3,1 Hr,Valid
Phora Durbar Kathmandu,PM2.5 - Principal,2024-09-14 03:00 AM,2024,09,14,03,21.2,74,Moderate,19.0,UG/M3,1 Hr,Valid
Phora Durbar Kathmandu,PM2.5 - Principal,2024-09-14 04:00 AM,2024,09,14,04,24.1,79,Moderate,27.0,UG/M3,1 Hr,Valid
Phora Durbar Kathmandu,PM2.5 - Principal,2024-09-14 05:00 AM,2024,09,14,05,26.0,82,Moderate,28.0,UG/M3,1 Hr,Valid
Phora Durbar Kathmandu,PM2.5 - Principal,2024-09-14 06:00 AM,2024,09,14,06,24.5,80,Moderate,23.0,UG/M3,1 Hr,Valid
Phora Durbar Kathmandu,PM2.5 - Principal,2024-09-14 07:00 AM,2024,09,14,07,31.2,92,Moderate,38.0,UG/M3,1 Hr,Valid
Phora Durbar Kathmandu,PM2.5 - Principal,2024-09-14 08:00 AM,2024,09,14,08,29.6,89,Moderate,28.0,UG/M3,1 Hr,Valid
Phora Durbar Kathmandu,PM2.5 - Principal,2024-09-14 09:00 AM,2024,09,14,09,31.8,93,Moderate,34.0,UG/M3,1 Hr,Valid
Phora Durbar Kathmandu,PM2.5 - Principal,2024-09-14 10:00 AM,2024,09,14,10,35.9,102,Unhealthy for Sensitive Groups,40.0,UG/M3,1 Hr,Valid
Phora Durbar Kathmandu,PM2.5 - Principal,2024-09-14 11:00 AM,2024,09,14,11,71.9,162,Unhealthy,108.0,UG/M3,1 Hr,Valid
Phora Durbar Kathmandu,PM2.5 - Principal,2024-09-14 12:00 PM,2024,09,14,12,47.9,132,Unhealthy for Sensitive Groups,24.0,UG/M3,1 Hr,Valid
Phora Durbar Kathmandu,PM2.5 - Principal,2024-09-14 01:00 PM,2024,09,14,13,40.4,113,Unhealthy for Sensitive Groups,33.0,UG/M3,1 Hr,Valid
Phora Durbar Kathmandu,PM2.5 - Principal,2024-09-14 02:00 PM,2024,09,14,14,22.2,75,Moderate,4.0,UG/M3,1 Hr,Valid
Phora Durbar Kathmandu,PM2.5 - Principal,2024-09-14 03:00 PM,2024,09,14,15,32.1,94,Moderate,42.0,UG/M3,1 Hr,Valid
Phora Durbar Kathmandu,PM2.5 - Principal,2024-09-14 04:00 PM,2024,09,14,16,32.1,94,Moderate,-7.0,UG/M3,1 Hr,Invalid
Phora Durbar Kathmandu,PM2.5 - Principal,2024-09-14 05:00 PM,2024,09,14,17,-999.0,-999,N/A,-14.0,UG/M3,1 Hr,Invalid
Phora Durbar Kathmandu,PM2.5 - Principal,2024-09-14 06:00 PM,2024,09,14,18,-999.0,-999,N/A,54.0,UG/M3,1 Hr,Valid
Phora Durbar Kathmandu,PM2.5 - Principal,2024-09-14 07:00 PM,2024,09,14,19,32.0,94,Moderate,21.0,UG/M3,1 Hr,Valid
Phora Durbar Kathmandu,PM2.5 - Principal,2024-09-14 08:00 PM,2024,09,14,20,13.2,59,Moderate,-2.0,UG/M3,1 Hr,Valid
Phora Durbar Kathmandu,PM2.5 - Principal,2024-09-14 09:00 PM,2024,09,14,21,45.1,125,Unhealthy for Sensitive Groups,74.0,UG/M3,1 Hr,Valid
Phora Durbar Kathmandu,PM2.5 - Principal,2024-09-14 10:00 PM,2024,09,14,22,19.9,71,Moderate,-4.0,UG/M3,1 Hr,Valid
Phora Durbar Kathmandu,PM2.5 - Principal,2024-09-14 11:00 PM,2024,09,14,23,19.9,71,Moderate,106.0,UG/M3,1 Hr,Invalid
Phora Durbar Kathmandu,PM2.5 - Principal,2024-09-15 12:00 AM,2024,09,15,00,15.2,62,Moderate,13.0,UG/M3,1 Hr,Valid
Phora Durbar Kathmandu,PM2.5 - Principal,2024-09-15 01:00 AM,2024,09,15,01,-999.0,-999,N/A,-11.0,UG/M3,1 Hr,Invalid
Phora Durbar Kathmandu,PM2.5 - Principal,2024-09-15 02:00 AM,2024,09,15,02,55.9,151,Unhealthy,71.0,UG/M3,1 Hr,Valid
Phora Durbar Kathmandu,PM2.5 - Principal,2024-09-15 03:00 AM,2024,09,15,03,29.2,88,Moderate,11.0,UG/M3,1 Hr,Valid
Phora Durbar Kathmandu,PM2.5 - Principal,2024-09-15 04:00 AM,2024,09,15,04,22.6,76,Moderate,17.0,UG/M3,1 Hr,Valid
Phora Durbar Kathmandu,PM2.5 - Principal,2024-09-15 05:00 AM,2024,09,15,05,22.8,77,Moderate,23.0,UG/M3,1 Hr,Valid
Phora Durbar Kathmandu,PM2.5 - Principal,2024-09-15 06:00 AM,2024,09,15,06,24.9,80,Moderate,27.0,UG/M3,1 Hr,Valid
Phora Durbar Kathmandu,PM2.5 - Principal,2024-09-15 07:00 AM,2024,09,15,07,36.0,102,Unhealthy for Sensitive Groups,47.0,UG/M3,1 Hr,Valid
Phora Durbar Kathmandu,PM2.5 - Principal,2024-09-15 08:00 AM,2024,09,15,08,61.6,155,Unhealthy,87.0,UG/M3,1 Hr,Valid
Phora Durbar Kathmandu,PM2.5 - Principal,2024-09-15 09:00 AM,2024,09,15,09,49.8,136,Unhealthy for Sensitive Groups,38.0,UG/M3,1 Hr,Valid
Phora Durbar Kathmandu,PM2.5 - Principal,2024-09-15 10:00 AM,2024,09,15,10,35.8,102,Unhealthy for Sensitive Groups,22.0,UG/M3,1 Hr,Valid
Phora Durbar Kathmandu,PM2.5 - Principal,2024-09-15 11:00 AM,2024,09,15,11,38.4,108,Unhealthy for Sensitive Groups,41.0,UG/M3,1 Hr,Valid
Phora Durbar Kathmandu,PM2.5 - Principal,2024-09-15 12:00 PM,2024,09,15,12,38.4,108,Unhealthy for Sensitive Groups,-15.0,UG/M3,1 Hr,Invalid
Phora Durbar Kathmandu,PM2.5 - Principal,2024-09-15 01:00 PM,2024,09,15,13,-999.0,-999,N/A,-15.0,UG/M3,1 Hr,Invalid
Phora Durbar Kathmandu,PM2.5 - Principal,2024-09-15 02:00 PM,2024,09,15,14,-999.0,-999,N/A,10.0,UG/M3,1 Hr,Valid
Phora Durbar Kathmandu,PM2.5 - Principal,2024-09-15 03:00 PM,2024,09,15,15,15.2,62,Moderate,15.0,UG/M3,1 Hr,Valid
Phora Durbar Kathmandu,PM2.5 - Principal,2024-09-15 04:00 PM,2024,09,15,16,33.8,97,Moderate,49.0,UG/M3,1 Hr,Valid
Phora Durbar Kathmandu,PM2.5 - Principal,2024-09-15 05:00 PM,2024,09,15,17,30.2,90,Moderate,27.0,UG/M3,1 Hr,Valid
Phora Durbar Kathmandu,PM2.5 - Principal,2024-09-15 06:00 PM,2024,09,15,18,30.2,90,Moderate,-15.0,UG/M3,1 Hr,Invalid
Phora Durbar Kathmandu,PM2.5 - Principal,2024-09-15 07:00 PM,2024,09,15,19,35.5,101,Unhealthy for Sensitive Groups,38.0,UG/M3,1 Hr,Valid
Phora Durbar Kathmandu,PM2.5 - Principal,2024-09-15 08:00 PM,2024,09,15,20,24.2,79,Moderate,16.0,UG/M3,1 Hr,Valid
Phora Durbar Kathmandu,PM2.5 - Principal,2024-09-15 09:00 PM,2024,09,15,21,21.9,75,Moderate,20.0,UG/M3,1 Hr,Valid
Phora Durbar Kathmandu,PM2.5 - Principal,2024-09-15 10:00 PM,2024,09,15,22,21.9,75,Moderate,-15.0,UG/M3,1 Hr,Invalid
Phora Durbar Kathmandu,PM2.5 - Principal,2024-09-15 11:00 PM,2024,09,15,23,29.4,89,Moderate,33.0,UG/M3,1 Hr,Valid
Phora Durbar Kathmandu,PM2.5 - Principal,2024-09-16 12:00 AM,2024,09,16,00,-999.0,-999,N/A,-15.0,UG/M3,1 Hr,Invalid
Phora Durbar Kathmandu,PM2.5 - Principal,2024-09-16 01:00 AM,2024,09,16,01,102.3,184,Unhealthy,129.0,UG/M3,1 Hr,Valid
Phora Durbar Kathmandu,PM2.5 - Principal,2024-09-16 02:00 AM,2024,09,16,02,-999.0,-999,N/A,-15.0,UG/M3,1 Hr,Invalid
Phora Durbar Kathmandu,PM2.5 - Principal,2024-09-16 03:00 AM,2024,09,16,03,43.9,122,Unhealthy for Sensitive Groups,24.0,UG/M3,1 Hr,Valid
Phora Durbar Kathmandu,PM2.5 - Principal,2024-09-16 04:00 AM,2024,09,16,04,25.4,81,Moderate,13.0,UG/M3,1 Hr,Valid
Phora Durbar Kathmandu,PM2.5 - Principal,2024-09-16 05:00 AM,2024,09,16,05,35.0,99,Moderate,43.0,UG/M3,1 Hr,Valid
Phora Durbar Kathmandu,PM2.5 - Principal,2024-09-16 06:00 AM,2024,09,16,06,28.7,88,Moderate,23.0,UG/M3,1 Hr,Valid
Phora Durbar Kathmandu,PM2.5 - Principal,2024-09-16 07:00 AM,2024,09,16,07,24.7,80,Moderate,21.0,UG/M3,1 Hr,Valid
Phora Durbar Kathmandu,PM2.5 - Principal,2024-09-16 08:00 AM,2024,09,16,08,26.9,84,Moderate,29.0,UG/M3,1 Hr,Valid
Phora Durbar Kathmandu,PM2.5 - Principal,2024-09-16 09:00 AM,2024,09,16,09,26.9,84,Moderate,-15.0,UG/M3,1 Hr,Invalid
Phora Durbar Kathmandu,PM2.5 - Principal,2024-09-16 10:00 AM,2024,09,16,10,35.0,99,Moderate,39.0,UG/M3,1 Hr,Valid
Phora Durbar Kathmandu,PM2.5 - Principal,2024-09-16 11:00 AM,2024,09,16,11,15.5,63,Moderate,1.0,UG/M3,1 Hr,Valid
Phora Durbar Kathmandu,PM2.5 - Principal,2024-09-16 12:00 PM,2024,09,16,12,38.7,109,Unhealthy for Sensitive Groups,59.0,UG/M3,1 Hr,Valid
Phora Durbar Kathmandu,PM2.5 - Principal,2024-09-16 01:00 PM,2024,09,16,13,38.7,109,Unhealthy for Sensitive Groups,-15.0,UG/M3,1 Hr,Invalid
Phora Durbar Kathmandu,PM2.5 - Principal,2024-09-16 02:00 PM,2024,09,16,14,11.6,56,Moderate,-1.0,UG/M3,1 Hr,Valid
Phora Durbar Kathmandu,PM2.5 - Principal,2024-09-16 03:00 PM,2024,09,16,15,21.0,73,Moderate,28.0,UG/M3,1 Hr,Valid
Phora Durbar Kathmandu,PM2.5 - Principal,2024-09-16 04:00 PM,2024,09,16,16,23.7,78,Moderate,26.0,UG/M3,1 Hr,Valid
Phora Durbar Kathmandu,PM2.5 - Principal,2024-09-16 05:00 PM,2024,09,16,17,61.6,155,Unhealthy,97.0,UG/M3,1 Hr,Valid
Phora Durbar Kathmandu,PM2.5 - Principal,2024-09-16 06:00 PM,2024,09,16,18,61.6,155,Unhealthy,-15.0,UG/M3,1 Hr,Invalid
Phora Durbar Kathmandu,PM2.5 - Principal,2024-09-16 07:00 PM,2024,09,16,19,-999.0,-999,N/A,-15.0,UG/M3,1 Hr,Invalid
Phora Durbar Kathmandu,PM2.5 - Principal,2024-09-16 08:00 PM,2024,09,16,20,-999.0,-999,N/A,45.0,UG/M3,1 Hr,Valid
Phora Durbar Kathmandu,PM2.5 - Principal,2024-09-16 09:00 PM,2024,09,16,21,27.7,86,Moderate,15.0,UG/M3,1 Hr,Valid
Phora Durbar Kathmandu,PM2.5 - Principal,2024-09-16 10:00 PM,2024,09,16,22,30.6,91,Moderate,33.0,UG/M3,1 Hr,Valid
Phora Durbar Kathmandu,PM2.5 - Principal,2024-09-16 11:00 PM,2024,09,16,23,26.1,83,Moderate,22.0,UG/M3,1 Hr,Valid
Phora Durbar Kathmandu,PM2.5 - Principal,2024-09-17 12:00 AM,2024,09,17,00,15.2,62,Moderate,5.0,UG/M3,1 Hr,Valid
Phora Durbar Kathmandu,PM2.5 - Principal,2024-09-17 01:00 AM,2024,09,17,01,39.4,111,Unhealthy for Sensitive Groups,63.0,UG/M3,1 Hr,Valid
Phora Durbar Kathmandu,PM2.5 - Principal,2024-09-17 02:00 AM,2024,09,17,02,38.7,109,Unhealthy for Sensitive Groups,38.0,UG/M3,1 Hr,Valid
Phora Durbar Kathmandu,PM2.5 - Principal,2024-09-17 03:00 AM,2024,09,17,03,29.3,89,Moderate,20.0,UG/M3,1 Hr,Valid
Phora Durbar Kathmandu,PM2.5 - Principal,2024-09-17 04:00 AM,2024,09,17,04,55.2,150,Unhealthy for Sensitive Groups,81.0,UG/M3,1 Hr,Valid
Phora Durbar Kathmandu,PM2.5 - Principal,2024-09-17 05:00 AM,2024,09,17,05,38.5,108,Unhealthy for Sensitive Groups,22.0,UG/M3,1 Hr,Valid
Phora Durbar Kathmandu,PM2.5 - Principal,2024-09-17 06:00 AM,2024,09,17,06,35.7,101,Unhealthy for Sensitive Groups,33.0,UG/M3,1 Hr,Valid
Phora Durbar Kathmandu,PM2.5 - Principal,2024-09-17 07:00 AM,2024,09,17,07,28.3,87,Moderate,21.0,UG/M3,1 Hr,Valid
Phora Durbar Kathmandu,PM2.5 - Principal,2024-09-17 08:00 AM,2024,09,17,08,27.6,85,Moderate,27.0,UG/M3,1 Hr,Valid
Phora Durbar Kathmandu,PM2.5 - Principal,2024-09-17 09:00 AM,2024,09,17,09,29.3,89,Moderate,31.0,UG/M3,1 Hr,Valid
Phora Durbar Kathmandu,PM2.5 - Principal,2024-09-17 10:00 AM,2024,09,17,10,33.6,97,Moderate,38.0,UG/M3,1 Hr,Valid
Phora Durbar Kathmandu,PM2.5 - Principal,2024-09-17 11:00 AM,2024,09,17,11,29.8,90,Moderate,26.0,UG/M3,1 Hr,Valid
Phora Durbar Kathmandu,PM2.5 - Principal,2024-09-17 12:00 PM,2024,09,17,12,27.4,85,Moderate,25.0,UG/M3,1 Hr,Valid
Phora Durbar Kathmandu,PM2.5 - Principal,2024-09-17 01:00 PM,2024,09,17,13,14.2,61,Moderate,1.0,UG/M3,1 Hr,Valid
Phora Durbar Kathmandu,PM2.5 - Principal,2024-09-17 02:00 PM,2024,09,17,14,31.6,93,Moderate,49.0,UG/M3,1 Hr,Valid
Phora Durbar Kathmandu,PM2.5 - Principal,2024-09-17 03:00 PM,2024,09,17,15,19.8,71,Moderate,8.0,UG/M3,1 Hr,Valid
Phora Durbar Kathmandu,PM2.5 - Principal,2024-09-17 04:00 PM,2024,09,17,16,43.3,120,Unhealthy for Sensitive Groups,67.0,UG/M3,1 Hr,Valid
Phora Durbar Kathmandu,PM2.5 - Principal,2024-09-17 05:00 PM,2024,09,17,17,35.1,99,Moderate,27.0,UG/M3,1 Hr,Valid
Phora Durbar Kathmandu,PM2.5 - Principal,2024-09-17 06:00 PM,2024,09,17,18,18.0,68,Moderate,1.0,UG/M3,1 Hr,Valid
Phora Durbar Kathmandu,PM2.5 - Principal,2024-09-17 07:00 PM,2024,09,17,19,26.5,83,Moderate,35.0,UG/M3,1 Hr,Valid
Phora Durbar Kathmandu,PM2.5 - Principal,2024-09-17 08:00 PM,2024,09,17,20,26.5,83,Moderate,-15.0,UG/M3,1 Hr,Invalid
Phora Durbar Kathmandu,PM2.5 - Principal,2024-09-17 09:00 PM,2024,09,17,21,26.1,83,Moderate,26.0,UG/M3,1 Hr,Valid
Phora Durbar Kathmandu,PM2.5 - Principal,2024-09-17 10:00 PM,2024,09,17,22,14.6,61,Moderate,6.0,UG/M3,1 Hr,Valid
Phora Durbar Kathmandu,PM2.5 - Principal,2024-09-17 11:00 PM,2024,09,17,23,22.3,76,Moderate,29.0,UG/M3,1 Hr,Valid
Phora Durbar Kathmandu,PM2.5 - Principal,2024-09-18 12:00 AM,2024,09,18,00,22.3,76,Moderate,-15.0,UG/M3,1 Hr,Invalid
Phora Durbar Kathmandu,PM2.5 - Principal,2024-09-18 01:00 AM,2024,09,18,01,73.1,163,Unhealthy,97.0,UG/M3,1 Hr,Valid
Phora Durbar Kathmandu,PM2.5 - Principal,2024-09-18 02:00 AM,2024,09,18,02,45.9,127,Unhealthy for Sensitive Groups,26.0,UG/M3,1 Hr,Valid
Phora Durbar Kathmandu,PM2.5 - Principal,2024-09-18 03:00 AM,2024,09,18,03,20.8,73,Moderate,-1.0,UG/M3,1 Hr,Valid
Phora Durbar Kathmandu,PM2.5 - Principal,2024-09-18 04:00 AM,2024,09,18,04,24.5,80,Moderate,28.0,UG/M3,1 Hr,Valid
Phora Durbar Kathmandu,PM2.5 - Principal,2024-09-18 05:00 AM,2024,09,18,05,30.3,90,Moderate,36.0,UG/M3,1 Hr,Valid
Phora Durbar Kathmandu,PM2.5 - Principal,2024-09-18 06:00 AM,2024,09,18,06,26.1,83,Moderate,22.0,UG/M3,1 Hr,Valid
Phora Durbar Kathmandu,PM2.5 - Principal,2024-09-18 07:00 AM,2024,09,18,07,30.0,90,Moderate,34.0,UG/M3,1 Hr,Valid
Phora Durbar Kathmandu,PM2.5 - Principal,2024-09-18 08:00 AM,2024,09,18,08,41.0,115,Unhealthy for Sensitive Groups,52.0,UG/M3,1 Hr,Valid
Phora Durbar Kathmandu,PM2.5 - Principal,2024-09-18 09:00 AM,2024,09,18,09,18.5,69,Moderate,-4.0,UG/M3,1 Hr,Valid
Phora Durbar Kathmandu,PM2.5 - Principal,2024-09-18 10:00 AM,2024,09,18,10,28.2,87,Moderate,38.0,UG/M3,1 Hr,Valid
Phora Durbar Kathmandu,PM2.5 - Principal,2024-09-18 11:00 AM,2024,09,18,11,28.2,87,Moderate,-15.0,UG/M3,1 Hr,Invalid
Phora Durbar Kathmandu,PM2.5 - Principal,2024-09-18 12:00 PM,2024,09,18,12,-999.0,-999,N/A,-15.0,UG/M3,1 Hr,Invalid
Phora Durbar Kathmandu,PM2.5 - Principal,2024-09-18 01:00 PM,2024,09,18,13,-999.0,-999,N/A,49.0,UG/M3,1 Hr,Valid
Phora Durbar Kathmandu,PM2.5 - Principal,2024-09-18 02:00 PM,2024,09,18,14,17.2,66,Moderate,0.0,UG/M3,1 Hr,Valid
Phora Durbar Kathmandu,PM2.5 - Principal,2024-09-18 03:00 PM,2024,09,18,15,17.2,66,Moderate,158.0,UG/M3,1 Hr,Invalid
Phora Durbar Kathmandu,PM2.5 - Principal,2024-09-18 04:00 PM,2024,09,18,16,3.5,19,Good,-2.0,UG/M3,1 Hr,Valid
Phora Durbar Kathmandu,PM2.5 - Principal,2024-09-18 05:00 PM,2024,09,18,17,-999.0,-999,N/A,111.0,UG/M3,1 Hr,Invalid
Phora Durbar Kathmandu,PM2.5 - Principal,2024-09-18 06:00 PM,2024,09,18,18,25.3,81,Moderate,33.0,UG/M3,1 Hr,Valid
Phora Durbar Kathmandu,PM2.5 - Principal,2024-09-18 07:00 PM,2024,09,18,19,19.1,70,Moderate,15.0,UG/M3,1 Hr,Valid
Phora Durbar Kathmandu,PM2.5 - Principal,2024-09-18 08:00 PM,2024,09,18,20,17.4,66,Moderate,16.0,UG/M3,1 Hr,Valid
Phora Durbar Kathmandu,PM2.5 - Principal,2024-09-18 09:00 PM,2024,09,18,21,22.9,77,Moderate,28.0,UG/M3,1 Hr,Valid
Phora Durbar Kathmandu,PM2.5 - Principal,2024-09-18 10:00 PM,2024,09,18,22,22.9,77,Moderate,23.0,UG/M3,1 Hr,Valid
Phora Durbar Kathmandu,PM2.5 - Principal,2024-09-18 11:00 PM,2024,09,18,23,22.9,77,Moderate,-15.0,UG/M3,1 Hr,Invalid
Phora Durbar Kathmandu,PM2.5 - Principal,2024-09-19 12:00 AM,2024,09,19,00,43.1,120,Unhealthy for Sensitive Groups,53.0,UG/M3,1 Hr,Valid
Phora Durbar Kathmandu,PM2.5 - Principal,2024-09-19 01:00 AM,2024,09,19,01,41.9,117,Unhealthy for Sensitive Groups,41.0,UG/M3,1 Hr,Valid
Phora Durbar Kathmandu,PM2.5 - Principal,2024-09-19 02:00 AM,2024,09,19,02,17.9,67,Moderate,-3.0,UG/M3,1 Hr,Valid
Phora Durbar Kathmandu,PM2.5 - Principal,2024-09-19 03:00 AM,2024,09,19,03,18.4,68,Moderate,19.0,UG/M3,1 Hr,Valid
Phora Durbar Kathmandu,PM2.5 - Principal,2024-09-19 04:00 AM,2024,09,19,04,26.3,83,Moderate,34.0,UG/M3,1 Hr,Valid
Phora Durbar Kathmandu,PM2.5 - Principal,2024-09-19 05:00 AM,2024,09,19,05,14.5,61,Moderate,3.0,UG/M3,1 Hr,Valid
Phora Durbar Kathmandu,PM2.5 - Principal,2024-09-19 06:00 AM,2024,09,19,06,67.5,159,Unhealthy,120.0,UG/M3,1 Hr,Valid
Phora Durbar Kathmandu,PM2.5 - Principal,2024-09-19 07:00 AM,2024,09,19,07,54.7,148,Unhealthy for Sensitive Groups,42.0,UG/M3,1 Hr,Valid
Phora Durbar Kathmandu,PM2.5 - Principal,2024-09-19 08:00 AM,2024,09,19,08,54.7,148,Unhealthy for Sensitive Groups,-15.0,UG/M3,1 Hr,Invalid
Phora Durbar Kathmandu,PM2.5 - Principal,2024-09-19 09:00 AM,2024,09,19,09,52.2,142,Unhealthy for Sensitive Groups,51.0,UG/M3,1 Hr,Valid
Phora Durbar Kathmandu,PM2.5 - Principal,2024-09-19 10:00 AM,2024,09,19,10,49.2,135,Unhealthy for Sensitive Groups,47.0,UG/M3,1 Hr,Valid
Phora Durbar Kathmandu,PM2.5 - Principal,2024-09-19 11:00 AM,2024,09,19,11,34.7,99,Moderate,22.0,UG/M3,1 Hr,Valid
Phora Durbar Kathmandu,PM2.5 - Principal,2024-09-19 12:00 PM,2024,09,19,12,17.8,67,Moderate,2.0,UG/M3,1 Hr,Valid
Phora Durbar Kathmandu,PM2.5 - Principal,2024-09-19 01:00 PM,2024,09,19,13,27.5,85,Moderate,37.0,UG/M3,1 Hr,Valid
Phora Durbar Kathmandu,PM2.5 - Principal,2024-09-19 02:00 PM,2024,09,19,14,14.6,61,Moderate,2.0,UG/M3,1 Hr,Valid
Phora Durbar Kathmandu,PM2.5 - Principal,2024-09-19 03:00 PM,2024,09,19,15,18.3,68,Moderate,22.0,UG/M3,1 Hr,Valid
Phora Durbar Kathmandu,PM2.5 - Principal,2024-09-19 04:00 PM,2024,09,19,16,11.6,56,Moderate,5.0,UG/M3,1 Hr,Valid
Phora Durbar Kathmandu,PM2.5 - Principal,2024-09-19 05:00 PM,2024,09,19,17,19.8,71,Moderate,28.0,UG/M3,1 Hr,Valid
Phora Durbar Kathmandu,PM2.5 - Principal,2024-09-19 06:00 PM,2024,09,19,18,20.4,72,Moderate,21.0,UG/M3,1 Hr,Valid
Phora Durbar Kathmandu,PM2.5 - Principal,2024-09-19 07:00 PM,2024,09,19,19,25.7,82,Moderate,31.0,UG/M3,1 Hr,Valid
Phora Durbar Kathmandu,PM2.5 - Principal,2024-09-19 08:00 PM,2024,09,19,20,25.7,82,Moderate,-15.0,UG/M3,1 Hr,Invalid
Phora Durbar Kathmandu,PM2.5 - Principal,2024-09-19 09:00 PM,2024,09,19,21,45.9,127,Unhealthy for Sensitive Groups,56.0,UG/M3,1 Hr,Valid
Phora Durbar Kathmandu,PM2.5 - Principal,2024-09-19 10:00 PM,2024,09,19,22,63.1,156,Unhealthy,76.0,UG/M3,1 Hr,Valid
Phora Durbar Kathmandu,PM2.5 - Principal,2024-09-19 11:00 PM,2024,09,19,23,63.1,156,Unhealthy,-10.0,UG/M3,1 Hr,Invalid
Phora Durbar Kathmandu,PM2.5 - Principal,2024-09-20 12:00 AM,2024,09,20,00,49.8,136,Unhealthy for Sensitive Groups,44.0,UG/M3,1 Hr,Valid
Phora Durbar Kathmandu,PM2.5 - Principal,2024-09-20 01:00 AM,2024,09,20,01,34.2,98,Moderate,23.0,UG/M3,1 Hr,Valid
Phora Durbar Kathmandu,PM2.5 - Principal,2024-09-20 02:00 AM,2024,09,20,02,29.2,88,Moderate,25.0,UG/M3,1 Hr,Valid
Phora Durbar Kathmandu,PM2.5 - Principal,2024-09-20 03:00 AM,2024,09,20,03,28.6,87,Moderate,28.0,UG/M3,1 Hr,Valid
Phora Durbar Kathmandu,PM2.5 - Principal,2024-09-20 04:00 AM,2024,09,20,04,41.5,116,Unhealthy for Sensitive Groups,54.0,UG/M3,1 Hr,Valid
Phora Durbar Kathmandu,PM2.5 - Principal,2024-09-20 05:00 AM,2024,09,20,05,41.5,116,Unhealthy for Sensitive Groups,-15.0,UG/M3,1 Hr,Invalid
Phora Durbar Kathmandu,PM2.5 - Principal,2024-09-20 06:00 AM,2024,09,20,06,25.7,82,Moderate,18.0,UG/M3,1 Hr,Valid
Phora Durbar Kathmandu,PM2.5 - Principal,2024-09-20 07:00 AM,2024,09,20,07,24.7,80,Moderate,24.0,UG/M3,1 Hr,Valid
Phora Durbar Kathmandu,PM2.5 - Principal,2024-09-20 08:00 AM,2024,09,20,08,33.4,96,Moderate,41.0,UG/M3,1 Hr,Valid
Phora Durbar Kathmandu,PM2.5 - Principal,2024-09-20 09:00 AM,2024,09,20,09,33.4,96,Moderate,-15.0,UG/M3,1 Hr,Invalid
Phora Durbar Kathmandu,PM2.5 - Principal,2024-09-20 10:00 AM,2024,09,20,10,35.8,102,Unhealthy for Sensitive Groups,37.0,UG/M3,1 Hr,Valid
Phora Durbar Kathmandu,PM2.5 - Principal,2024-09-20 11:00 AM,2024,09,20,11,90.1,175,Unhealthy,130.0,UG/M3,1 Hr,Valid
Phora Durbar Kathmandu,PM2.5 - Principal,2024-09-20 12:00 PM,2024,09,20,12,61.6,155,Unhealthy,37.0,UG/M3,1 Hr,Valid
Phora Durbar Kathmandu,PM2.5 - Principal,2024-09-20 01:00 PM,2024,09,20,13,44.7,124,Unhealthy for Sensitive Groups,29.0,UG/M3,1 Hr,Valid
Phora Durbar Kathmandu,PM2.5 - Principal,2024-09-20 02:00 PM,2024,09,20,14,30.6,91,Moderate,17.0,UG/M3,1 Hr,Valid
Phora Durbar Kathmandu,PM2.5 - Principal,2024-09-20 03:00 PM,2024,09,20,15,30.6,91,Moderate,-15.0,UG/M3,1 Hr,Invalid
Phora Durbar Kathmandu,PM2.5 - Principal,2024-09-20 04:00 PM,2024,09,20,16,46.9,129,Unhealthy for Sensitive Groups,55.0,UG/M3,1 Hr,Valid
Phora Durbar Kathmandu,PM2.5 - Principal,2024-09-20 05:00 PM,2024,09,20,17,33.2,96,Moderate,23.0,UG/M3,1 Hr,Valid
Phora Durbar Kathmandu,PM2.5 - Principal,2024-09-20 06:00 PM,2024,09,20,18,44.3,123,Unhealthy for Sensitive Groups,54.0,UG/M3,1 Hr,Valid
Phora Durbar Kathmandu,PM2.5 - Principal,2024-09-20 07:00 PM,2024,09,20,19,51.3,140,Unhealthy for Sensitive Groups,58.0,UG/M3,1 Hr,Valid
Phora Durbar Kathmandu,PM2.5 - Principal,2024-09-20 08:00 PM,2024,09,20,20,45.6,126,Unhealthy for Sensitive Groups,40.0,UG/M3,1 Hr,Valid
Phora Durbar Kathmandu,PM2.5 - Principal,2024-09-20 09:00 PM,2024,09,20,21,45.6,126,Unhealthy for Sensitive Groups,-15.0,UG/M3,1 Hr,Invalid
Phora Durbar Kathmandu,PM2.5 - Principal,2024-09-20 10:00 PM,2024,09,20,22,42.5,118,Unhealthy for Sensitive Groups,41.0,UG/M3,1 Hr,Valid
Phora Durbar Kathmandu,PM2.5 - Principal,2024-09-20 11:00 PM,2024,09,20,23,-999.0,-999,N/A,-15.0,UG/M3,1 Hr,Invalid
Phora Durbar Kathmandu,PM2.5 - Principal,2024-09-21 12:00 AM,2024,09,21,00,39.2,110,Unhealthy for Sensitive Groups,38.0,UG/M3,1 Hr,Valid
Phora Durbar Kathmandu,PM2.5 - Principal,2024-09-21 01:00 AM,2024,09,21,01,37.3,105,Unhealthy for Sensitive Groups,36.0,UG/M3,1 Hr,Valid
Phora Durbar Kathmandu,PM2.5 - Principal,2024-09-21 02:00 AM,2024,09,21,02,37.3,105,Unhealthy for Sensitive Groups,-15.0,UG/M3,1 Hr,Invalid
Phora Durbar Kathmandu,PM2.5 - Principal,2024-09-21 03:00 AM,2024,09,21,03,42.7,119,Unhealthy for Sensitive Groups,45.0,UG/M3,1 Hr,Valid
Phora Durbar Kathmandu,PM2.5 - Principal,2024-09-21 04:00 AM,2024,09,21,04,33.5,96,Moderate,27.0,UG/M3,1 Hr,Valid
Phora Durbar Kathmandu,PM2.5 - Principal,2024-09-21 05:00 AM,2024,09,21,05,14.9,62,Moderate,-1.0,UG/M3,1 Hr,Valid
Phora Durbar Kathmandu,PM2.5 - Principal,2024-09-21 06:00 AM,2024,09,21,06,24.8,80,Moderate,34.0,UG/M3,1 Hr,Valid
Phora Durbar Kathmandu,PM2.5 - Principal,2024-09-21 07:00 AM,2024,09,21,07,18.7,69,Moderate,13.0,UG/M3,1 Hr,Valid
Phora Durbar Kathmandu,PM2.5 - Principal,2024-09-21 08:00 AM,2024,09,21,08,18.7,69,Moderate,-12.0,UG/M3,1 Hr,Invalid
Phora Durbar Kathmandu,PM2.5 - Principal,2024-09-21 09:00 AM,2024,09,21,09,29.6,89,Moderate,35.0,UG/M3,1 Hr,Valid
Phora Durbar Kathmandu,PM2.5 - Principal,2024-09-21 10:00 AM,2024,09,21,10,15.5,63,Moderate,5.0,UG/M3,1 Hr,Valid
Phora Durbar Kathmandu,PM2.5 - Principal,2024-09-21 11:00 AM,2024,09,21,11,38.7,109,Unhealthy for Sensitive Groups,59.0,UG/M3,1 Hr,Valid
Phora Durbar Kathmandu,PM2.5 - Principal,2024-09-21 12:00 PM,2024,09,21,12,38.7,109,Unhealthy for Sensitive Groups,-15.0,UG/M3,1 Hr,Invalid
Phora Durbar Kathmandu,PM2.5 - Principal,2024-09-21 01:00 PM,2024,09,21,13,36.8,104,Unhealthy for Sensitive Groups,36.0,UG/M3,1 Hr,Valid
Phora Durbar Kathmandu,PM2.5 - Principal,2024-09-21 02:00 PM,2024,09,21,14,13.3,59,Moderate,-4.0,UG/M3,1 Hr,Valid
Phora Durbar Kathmandu,PM2.5 - Principal,2024-09-21 03:00 PM,2024,09,21,15,4.5,25,Good,-3.0,UG/M3,1 Hr,Valid
Phora Durbar Kathmandu,PM2.5 - Principal,2024-09-21 04:00 PM,2024,09,21,16,14.6,61,Moderate,24.0,UG/M3,1 Hr,Valid
Phora Durbar Kathmandu,PM2.5 - Principal,2024-09-21 05:00 PM,2024,09,21,17,20.4,72,Moderate,26.0,UG/M3,1 Hr,Valid
Phora Durbar Kathmandu,PM2.5 - Principal,2024-09-21 06:00 PM,2024,09,21,18,24.2,79,Moderate,28.0,UG/M3,1 Hr,Valid
Phora Durbar Kathmandu,PM2.5 - Principal,2024-09-21 07:00 PM,2024,09,21,19,36.6,104,Unhealthy for Sensitive Groups,49.0,UG/M3,1 Hr,Valid
Phora Durbar Kathmandu,PM2.5 - Principal,2024-09-21 08:00 PM,2024,09,21,20,26.3,83,Moderate,16.0,UG/M3,1 Hr,Valid
Phora Durbar Kathmandu,PM2.5 - Principal,2024-09-21 09:00 PM,2024,09,21,21,35.1,99,Moderate,44.0,UG/M3,1 Hr,Valid
Phora Durbar Kathmandu,PM2.5 - Principal,2024-09-21 10:00 PM,2024,09,21,22,66.6,159,Unhealthy,98.0,UG/M3,1 Hr,Valid
Phora Durbar Kathmandu,PM2.5 - Principal,2024-09-21 11:00 PM,2024,09,21,23,44.2,122,Unhealthy for Sensitive Groups,22.0,UG/M3,1 Hr,Valid
Phora Durbar Kathmandu,PM2.5 - Principal,2024-09-22 12:00 AM,2024,09,22,00,58.6,153,Unhealthy,73.0,UG/M3,1 Hr,Valid
Phora Durbar Kathmandu,PM2.5 - Principal,2024-09-22 01:00 AM,2024,09,22,01,58.6,153,Unhealthy,-15.0,UG/M3,1 Hr,Invalid
Phora Durbar Kathmandu,PM2.5 - Principal,2024-09-22 02:00 AM,2024,09,22,02,38.8,109,Unhealthy for Sensitive Groups,29.0,UG/M3,1 Hr,Valid
Phora Durbar Kathmandu,PM2.5 - Principal,2024-09-22 03:00 AM,2024,09,22,03,30.9,92,Moderate,25.0,UG/M3,1 Hr,Valid
Phora Durbar Kathmandu,PM2.5 - Principal,2024-09-22 04:00 AM,2024,09,22,04,34.1,98,Moderate,37.0,UG/M3,1 Hr,Valid
Phora Durbar Kathmandu,PM2.5 - Principal,2024-09-22 05:00 AM,2024,09,22,05,24.2,79,Moderate,15.0,UG/M3,1 Hr,Valid
Phora Durbar Kathmandu,PM2.5 - Principal,2024-09-22 06:00 AM,2024,09,22,06,37.8,107,Unhealthy for Sensitive Groups,51.0,UG/M3,1 Hr,Valid
Phora Durbar Kathmandu,PM2.5 - Principal,2024-09-22 07:00 AM,2024,09,22,07,37.8,107,Unhealthy for Sensitive Groups,-15.0,UG/M3,1 Hr,Invalid
Phora Durbar Kathmandu,PM2.5 - Principal,2024-09-22 08:00 AM,2024,09,22,08,36.6,104,Unhealthy for Sensitive Groups,36.0,UG/M3,1 Hr,Valid
Phora Durbar Kathmandu,PM2.5 - Principal,2024-09-22 09:00 AM,2024,09,22,09,75.7,165,Unhealthy,105.0,UG/M3,1 Hr,Valid
Phora Durbar Kathmandu,PM2.5 - Principal,2024-09-22 10:00 AM,2024,09,22,10,52.4,143,Unhealthy for Sensitive Groups,32.0,UG/M3,1 Hr,Valid
Phora Durbar Kathmandu,PM2.5 - Principal,2024-09-22 11:00 AM,2024,09,22,11,63.5,157,Unhealthy,74.0,UG/M3,1 Hr,Valid
Phora Durbar Kathmandu,PM2.5 - Principal,2024-09-22 12:00 PM,2024,09,22,12,47.5,131,Unhealthy for Sensitive Groups,32.0,UG/M3,1 Hr,Valid
Phora Durbar Kathmandu,PM2.5 - Principal,2024-09-22 01:00 PM,2024,09,22,13,59.3,154,Unhealthy,71.0,UG/M3,1 Hr,Valid
Phora Durbar Kathmandu,PM2.5 - Principal,2024-09-22 02:00 PM,2024,09,22,14,41.1,115,Unhealthy for Sensitive Groups,23.0,UG/M3,1 Hr,Valid
Phora Durbar Kathmandu,PM2.5 - Principal,2024-09-22 03:00 PM,2024,09,22,15,31.0,92,Moderate,21.0,UG/M3,1 Hr,Valid
Phora Durbar Kathmandu,PM2.5 - Principal,2024-09-22 04:00 PM,2024,09,22,16,29.0,88,Moderate,27.0,UG/M3,1 Hr,Valid
Phora Durbar Kathmandu,PM2.5 - Principal,2024-09-22 05:00 PM,2024,09,22,17,62.5,156,Unhealthy,96.0,UG/M3,1 Hr,Valid
Phora Durbar Kathmandu,PM2.5 - Principal,2024-09-22 06:00 PM,2024,09,22,18,50.2,137,Unhealthy for Sensitive Groups,38.0,UG/M3,1 Hr,Valid
Phora Durbar Kathmandu,PM2.5 - Principal,2024-09-22 07:00 PM,2024,09,22,19,93.1,177,Unhealthy,136.0,UG/M3,1 Hr,Valid
Phora Durbar Kathmandu,PM2.5 - Principal,2024-09-22 08:00 PM,2024,09,22,20,93.1,177,Unhealthy,-5.0,UG/M3,1 Hr,Invalid
Phora Durbar Kathmandu,PM2.5 - Principal,2024-09-22 09:00 PM,2024,09,22,21,50.3,137,Unhealthy for Sensitive Groups,29.0,UG/M3,1 Hr,Valid
Phora Durbar Kathmandu,PM2.5 - Principal,2024-09-22 10:00 PM,2024,09,22,22,55.3,150,Unhealthy for Sensitive Groups,59.0,UG/M3,1 Hr,Valid
Phora Durbar Kathmandu,PM2.5 - Principal,2024-09-22 11:00 PM,2024,09,22,23,33.8,97,Moderate,15.0,UG/M3,1 Hr,Valid
Phora Durbar Kathmandu,PM2.5 - Principal,2024-09-23 12:00 AM,2024,09,23,00,46.8,129,Unhealthy for Sensitive Groups,59.0,UG/M3,1 Hr,Valid
Phora Durbar Kathmandu,PM2.5 - Principal,2024-09-23 01:00 AM,2024,09,23,01,40.2,113,Unhealthy for Sensitive Groups,34.0,UG/M3,1 Hr,Valid
Phora Durbar Kathmandu,PM2.5 - Principal,2024-09-23 02:00 AM,2024,09,23,02,40.3,113,Unhealthy for Sensitive Groups,-15.0,UG/M3,1 Hr,Invalid
Phora Durbar Kathmandu,PM2.5 - Principal,2024-09-23 03:00 AM,2024,09,23,03,-999.0,-999,N/A,-15.0,UG/M3,1 Hr,Invalid
Phora Durbar Kathmandu,PM2.5 - Principal,2024-09-23 04:00 AM,2024,09,23,04,-999.0,-999,N/A,105.0,UG/M3,1 Hr,Valid
Phora Durbar Kathmandu,PM2.5 - Principal,2024-09-23 05:00 AM,2024,09,23,05,72.9,163,Unhealthy,61.0,UG/M3,1 Hr,Valid
Phora Durbar Kathmandu,PM2.5 - Principal,2024-09-23 06:00 AM,2024,09,23,06,30.4,91,Moderate,-4.0,UG/M3,1 Hr,Valid
Phora Durbar Kathmandu,PM2.5 - Principal,2024-09-23 07:00 AM,2024,09,23,07,36.5,103,Unhealthy for Sensitive Groups,42.0,UG/M3,1 Hr,Valid
Phora Durbar Kathmandu,PM2.5 - Principal,2024-09-23 08:00 AM,2024,09,23,08,29.5,89,Moderate,23.0,UG/M3,1 Hr,Valid
Phora Durbar Kathmandu,PM2.5 - Principal,2024-09-23 09:00 AM,2024,09,23,09,38.4,108,Unhealthy for Sensitive Groups,47.0,UG/M3,1 Hr,Valid
Phora Durbar Kathmandu,PM2.5 - Principal,2024-09-23 10:00 AM,2024,09,23,10,60.3,154,Unhealthy,82.0,UG/M3,1 Hr,Valid
Phora Durbar Kathmandu,PM2.5 - Principal,2024-09-23 11:00 AM,2024,09,23,11,45.6,126,Unhealthy for Sensitive Groups,31.0,UG/M3,1 Hr,Valid
Phora Durbar Kathmandu,PM2.5 - Principal,2024-09-23 12:00 PM,2024,09,23,12,54.3,147,Unhealthy for Sensitive Groups,63.0,UG/M3,1 Hr,Valid
Phora Durbar Kathmandu,PM2.5 - Principal,2024-09-23 01:00 PM,2024,09,23,13,36.1,102,Unhealthy for Sensitive Groups,18.0,UG/M3,1 Hr,Valid
Phora Durbar Kathmandu,PM2.5 - Principal,2024-09-23 02:00 PM,2024,09,23,14,36.1,102,Unhealthy for Sensitive Groups,-15.0,UG/M3,1 Hr,Invalid
Phora Durbar Kathmandu,PM2.5 - Principal,2024-09-23 03:00 PM,2024,09,23,15,36.0,102,Unhealthy for Sensitive Groups,36.0,UG/M3,1 Hr,Valid
Phora Durbar Kathmandu,PM2.5 - Principal,2024-09-23 04:00 PM,2024,09,23,16,40.5,113,Unhealthy for Sensitive Groups,44.0,UG/M3,1 Hr,Valid
Phora Durbar Kathmandu,PM2.5 - Principal,2024-09-23 05:00 PM,2024,09,23,17,32.8,95,Moderate,26.0,UG/M3,1 Hr,Valid
Phora Durbar Kathmandu,PM2.5 - Principal,2024-09-23 06:00 PM,2024,09,23,18,32.8,95,Moderate,-15.0,UG/M3,1 Hr,Invalid
Phora Durbar Kathmandu,PM2.5 - Principal,2024-09-23 07:00 PM,2024,09,23,19,56.0,151,Unhealthy,67.0,UG/M3,1 Hr,Valid
Phora Durbar Kathmandu,PM2.5 - Principal,2024-09-23 08:00 PM,2024,09,23,20,49.7,136,Unhealthy for Sensitive Groups,45.0,UG/M3,1 Hr,Valid
Phora Durbar Kathmandu,PM2.5 - Principal,2024-09-23 09:00 PM,2024,09,23,21,34.8,99,Moderate,22.0,UG/M3,1 Hr,Valid
Phora Durbar Kathmandu,PM2.5 - Principal,2024-09-23 10:00 PM,2024,09,23,22,98.0,181,Unhealthy,157.0,UG/M3,1 Hr,Valid
Phora Durbar Kathmandu,PM2.5 - Principal,2024-09-23 11:00 PM,2024,09,23,23,64.9,158,Unhealthy,33.0,UG/M3,1 Hr,Valid
Phora Durbar Kathmandu,PM2.5 - Principal,2024-09-24 12:00 AM,2024,09,24,00,64.9,158,Unhealthy,-15.0,UG/M3,1 Hr,Invalid
Phora Durbar Kathmandu,PM2.5 - Principal,2024-09-24 01:00 AM,2024,09,24,01,31.4,93,Moderate,15.0,UG/M3,1 Hr,Valid
Phora Durbar Kathmandu,PM2.5 - Principal,2024-09-24 02:00 AM,2024,09,24,02,23.1,77,Moderate,17.0,UG/M3,1 Hr,Valid
Phora Durbar Kathmandu,PM2.5 - Principal,2024-09-24 03:00 AM,2024,09,24,03,23.6,78,Moderate,24.0,UG/M3,1 Hr,Valid
Phora Durbar Kathmandu,PM2.5 - Principal,2024-09-24 04:00 AM,2024,09,24,04,31.0,92,Moderate,38.0,UG/M3,1 Hr,Valid
Phora Durbar Kathmandu,PM2.5 - Principal,2024-09-24 05:00 AM,2024,09,24,05,47.2,130,Unhealthy for Sensitive Groups,63.0,UG/M3,1 Hr,Valid
Phora Durbar Kathmandu,PM2.5 - Principal,2024-09-24 06:00 AM,2024,09,24,06,43.6,121,Unhealthy for Sensitive Groups,40.0,UG/M3,1 Hr,Valid
Phora Durbar Kathmandu,PM2.5 - Principal,2024-09-24 07:00 AM,2024,09,24,07,22.7,76,Moderate,2.0,UG/M3,1 Hr,Valid
Phora Durbar Kathmandu,PM2.5 - Principal,2024-09-24 08:00 AM,2024,09,24,08,35.3,100,Moderate,48.0,UG/M3,1 Hr,Valid
Phora Durbar Kathmandu,PM2.5 - Principal,2024-09-24 09:00 AM,2024,09,24,09,72.2,163,Unhealthy,109.0,UG/M3,1 Hr,Valid
Phora Durbar Kathmandu,PM2.5 - Principal,2024-09-24 10:00 AM,2024,09,24,10,39.0,110,Unhealthy for Sensitive Groups,6.0,UG/M3,1 Hr,Valid
Phora Durbar Kathmandu,PM2.5 - Principal,2024-09-24 11:00 AM,2024,09,24,11,95.5,179,Unhealthy,152.0,UG/M3,1 Hr,Valid
Phora Durbar Kathmandu,PM2.5 - Principal,2024-09-24 12:00 PM,2024,09,24,12,58.2,153,Unhealthy,21.0,UG/M3,1 Hr,Valid
Phora Durbar Kathmandu,PM2.5 - Principal,2024-09-24 01:00 PM,2024,09,24,13,59.6,154,Unhealthy,61.0,UG/M3,1 Hr,Valid
Phora Durbar Kathmandu,PM2.5 - Principal,2024-09-24 02:00 PM,2024,09,24,14,41.3,115,Unhealthy for Sensitive Groups,23.0,UG/M3,1 Hr,Valid
Phora Durbar Kathmandu,PM2.5 - Principal,2024-09-24 03:00 PM,2024,09,24,15,49.1,134,Unhealthy for Sensitive Groups,57.0,UG/M3,1 Hr,Valid
Phora Durbar Kathmandu,PM2.5 - Principal,2024-09-24 04:00 PM,2024,09,24,16,41.5,116,Unhealthy for Sensitive Groups,34.0,UG/M3,1 Hr,Valid
Phora Durbar Kathmandu,PM2.5 - Principal,2024-09-24 05:00 PM,2024,09,24,17,41.5,116,Unhealthy for Sensitive Groups,-12.0,UG/M3,1 Hr,Invalid
Phora Durbar Kathmandu,PM2.5 - Principal,2024-09-24 06:00 PM,2024,09,24,18,36.5,103,Unhealthy for Sensitive Groups,34.0,UG/M3,1 Hr,Valid
Phora Durbar Kathmandu,PM2.5 - Principal,2024-09-24 07:00 PM,2024,09,24,19,31.0,92,Moderate,27.0,UG/M3,1 Hr,Valid
Phora Durbar Kathmandu,PM2.5 - Principal,2024-09-24 08:00 PM,2024,09,24,20,30.5,91,Moderate,30.0,UG/M3,1 Hr,Valid
Phora Durbar Kathmandu,PM2.5 - Principal,2024-09-24 09:00 PM,2024,09,24,21,26.6,84,Moderate,23.0,UG/M3,1 Hr,Valid
Phora Durbar Kathmandu,PM2.5 - Principal,2024-09-24 10:00 PM,2024,09,24,22,25.7,82,Moderate,25.0,UG/M3,1 Hr,Valid
Phora Durbar Kathmandu,PM2.5 - Principal,2024-09-24 11:00 PM,2024,09,24,23,46.0,127,Unhealthy for Sensitive Groups,66.0,UG/M3,1 Hr,Valid
Phora Durbar Kathmandu,PM2.5 - Principal,2024-09-25 12:00 AM,2024,09,25,00,34.9,99,Moderate,24.0,UG/M3,1 Hr,Valid
Phora Durbar Kathmandu,PM2.5 - Principal,2024-09-25 01:00 AM,2024,09,25,01,25.9,82,Moderate,17.0,UG/M3,1 Hr,Valid
Phora Durbar Kathmandu,PM2.5 - Principal,2024-09-25 02:00 AM,2024,09,25,02,25.9,82,Moderate,-9.0,UG/M3,1 Hr,Invalid
Phora Durbar Kathmandu,PM2.5 - Principal,2024-09-25 03:00 AM,2024,09,25,03,30.6,91,Moderate,33.0,UG/M3,1 Hr,Valid
Phora Durbar Kathmandu,PM2.5 - Principal,2024-09-25 04:00 AM,2024,09,25,04,-999.0,-999,N/A,-15.0,UG/M3,1 Hr,Invalid
Phora Durbar Kathmandu,PM2.5 - Principal,2024-09-25 05:00 AM,2024,09,25,05,27.9,86,Moderate,27.0,UG/M3,1 Hr,Valid
Phora Durbar Kathmandu,PM2.5 - Principal,2024-09-25 06:00 AM,2024,09,25,06,39.2,110,Unhealthy for Sensitive Groups,47.0,UG/M3,1 Hr,Valid
Phora Durbar Kathmandu,PM2.5 - Principal,2024-09-25 07:00 AM,2024,09,25,07,42.3,118,Unhealthy for Sensitive Groups,45.0,UG/M3,1 Hr,Valid
Phora Durbar Kathmandu,PM2.5 - Principal,2024-09-25 08:00 AM,2024,09,25,08,38.0,107,Unhealthy for Sensitive Groups,34.0,UG/M3,1 Hr,Valid
Phora Durbar Kathmandu,PM2.5 - Principal,2024-09-25 09:00 AM,2024,09,25,09,35.4,100,Moderate,33.0,UG/M3,1 Hr,Valid
Phora Durbar Kathmandu,PM2.5 - Principal,2024-09-25 10:00 AM,2024,09,25,10,35.4,100,Moderate,-9.0,UG/M3,1 Hr,Invalid
Phora Durbar Kathmandu,PM2.5 - Principal,2024-09-25 11:00 AM,2024,09,25,11,-999.0,-999,N/A,-12.0,UG/M3,1 Hr,Invalid
Phora Durbar Kathmandu,PM2.5 - Principal,2024-09-25 12:00 PM,2024,09,25,12,-999.0,-999,N/A,40.0,UG/M3,1 Hr,Valid
Phora Durbar Kathmandu,PM2.5 - Principal,2024-09-25 01:00 PM,2024,09,25,13,26.0,82,Moderate,18.0,UG/M3,1 Hr,Valid
Phora Durbar Kathmandu,PM2.5 - Principal,2024-09-25 02:00 PM,2024,09,25,14,26.0,82,Moderate,-15.0,UG/M3,1 Hr,Invalid
Phora Durbar Kathmandu,PM2.5 - Principal,2024-09-25 03:00 PM,2024,09,25,15,36.7,104,Unhealthy for Sensitive Groups,41.0,UG/M3,1 Hr,Valid
Phora Durbar Kathmandu,PM2.5 - Principal,2024-09-25 04:00 PM,2024,09,25,16,23.3,77,Moderate,14.0,UG/M3,1 Hr,Valid
Phora Durbar Kathmandu,PM2.5 - Principal,2024-09-25 05:00 PM,2024,09,25,17,21.5,74,Moderate,20.0,UG/M3,1 Hr,Valid
Phora Durbar Kathmandu,PM2.5 - Principal,2024-09-25 06:00 PM,2024,09,25,18,21.5,74,Moderate,-7.0,UG/M3,1 Hr,Invalid
Phora Durbar Kathmandu,PM2.5 - Principal,2024-09-25 07:00 PM,2024,09,25,19,29.3,89,Moderate,33.0,UG/M3,1 Hr,Valid
Phora Durbar Kathmandu,PM2.5 - Principal,2024-09-25 08:00 PM,2024,09,25,20,62.0,156,Unhealthy,86.0,UG/M3,1 Hr,Valid
Phora Durbar Kathmandu,PM2.5 - Principal,2024-09-25 09:00 PM,2024,09,25,21,47.0,129,Unhealthy for Sensitive Groups,34.0,UG/M3,1 Hr,Valid
Phora Durbar Kathmandu,PM2.5 - Principal,2024-09-25 10:00 PM,2024,09,25,22,54.2,147,Unhealthy for Sensitive Groups,61.0,UG/M3,1 Hr,Valid
Phora Durbar Kathmandu,PM2.5 - Principal,2024-09-25 11:00 PM,2024,09,25,23,25.6,82,Moderate,-2.0,UG/M3,1 Hr,Valid
Phora Durbar Kathmandu,PM2.5 - Principal,2024-09-26 12:00 AM,2024,09,26,00,28.8,88,Moderate,32.0,UG/M3,1 Hr,Valid
Phora Durbar Kathmandu,PM2.5 - Principal,2024-09-26 01:00 AM,2024,09,26,01,64.0,157,Unhealthy,99.0,UG/M3,1 Hr,Valid
Phora Durbar Kathmandu,PM2.5 - Principal,2024-09-26 02:00 AM,2024,09,26,02,64.0,157,Unhealthy,-4.0,UG/M3,1 Hr,Invalid
Phora Durbar Kathmandu,PM2.5 - Principal,2024-09-26 03:00 AM,2024,09,26,03,29.3,89,Moderate,12.0,UG/M3,1 Hr,Valid
Phora Durbar Kathmandu,PM2.5 - Principal,2024-09-26 04:00 AM,2024,09,26,04,17.6,67,Moderate,9.0,UG/M3,1 Hr,Valid
Phora Durbar Kathmandu,PM2.5 - Principal,2024-09-26 05:00 AM,2024,09,26,05,46.6,128,Unhealthy for Sensitive Groups,72.0,UG/M3,1 Hr,Valid
Phora Durbar Kathmandu,PM2.5 - Principal,2024-09-26 06:00 AM,2024,09,26,06,34.9,99,Moderate,24.0,UG/M3,1 Hr,Valid
Phora Durbar Kathmandu,PM2.5 - Principal,2024-09-26 07:00 AM,2024,09,26,07,34.9,99,Moderate,-14.0,UG/M3,1 Hr,Invalid
Phora Durbar Kathmandu,PM2.5 - Principal,2024-09-26 08:00 AM,2024,09,26,08,30.2,90,Moderate,28.0,UG/M3,1 Hr,Valid
Phora Durbar Kathmandu,PM2.5 - Principal,2024-09-26 09:00 AM,2024,09,26,09,61.6,155,Unhealthy,85.0,UG/M3,1 Hr,Valid
Phora Durbar Kathmandu,PM2.5 - Principal,2024-09-26 10:00 AM,2024,09,26,10,35.6,101,Unhealthy for Sensitive Groups,13.0,UG/M3,1 Hr,Valid
Phora Durbar Kathmandu,PM2.5 - Principal,2024-09-26 11:00 AM,2024,09,26,11,33.2,96,Moderate,31.0,UG/M3,1 Hr,Valid
Phora Durbar Kathmandu,PM2.5 - Principal,2024-09-26 12:00 PM,2024,09,26,12,35.6,101,Unhealthy for Sensitive Groups,38.0,UG/M3,1 Hr,Valid
Phora Durbar Kathmandu,PM2.5 - Principal,2024-09-26 01:00 PM,2024,09,26,13,35.6,101,Unhealthy for Sensitive Groups,-15.0,UG/M3,1 Hr,Invalid
Phora Durbar Kathmandu,PM2.5 - Principal,2024-09-26 02:00 PM,2024,09,26,14,23.8,78,Moderate,18.0,UG/M3,1 Hr,Valid
Phora Durbar Kathmandu,PM2.5 - Principal,2024-09-26 03:00 PM,2024,09,26,15,-999.0,-999,N/A,-15.0,UG/M3,1 Hr,Invalid
Phora Durbar Kathmandu,PM2.5 - Principal,2024-09-26 04:00 PM,2024,09,26,16,15.2,62,Moderate,12.0,UG/M3,1 Hr,Valid
Phora Durbar Kathmandu,PM2.5 - Principal,2024-09-26 05:00 PM,2024,09,26,17,36.4,103,Unhealthy for Sensitive Groups,51.0,UG/M3,1 Hr,Valid
Phora Durbar Kathmandu,PM2.5 - Principal,2024-09-26 06:00 PM,2024,09,26,18,20.4,72,Moderate,7.0,UG/M3,1 Hr,Valid
Phora Durbar Kathmandu,PM2.5 - Principal,2024-09-26 07:00 PM,2024,09,26,19,41.5,116,Unhealthy for Sensitive Groups,61.0,UG/M3,1 Hr,Valid
Phora Durbar Kathmandu,PM2.5 - Principal,2024-09-26 08:00 PM,2024,09,26,20,32.0,94,Moderate,23.0,UG/M3,1 Hr,Valid
Phora Durbar Kathmandu,PM2.5 - Principal,2024-09-26 09:00 PM,2024,09,26,21,32.0,94,Moderate,-15.0,UG/M3,1 Hr,Invalid
Phora Durbar Kathmandu,PM2.5 - Principal,2024-09-26 10:00 PM,2024,09,26,22,-999.0,-999,N/A,-15.0,UG/M3,1 Hr,Invalid
Phora Durbar Kathmandu,PM2.5 - Principal,2024-09-26 11:00 PM,2024,09,26,23,-999.0,-999,N/A,77.0,UG/M3,1 Hr,Valid
Phora Durbar Kathmandu,PM2.5 - Principal,2024-09-27 12:00 AM,2024,09,27,00,55.1,149,Unhealthy for Sensitive Groups,47.0,UG/M3,1 Hr,Valid
Phora Durbar Kathmandu,PM2.5 - Principal,2024-09-27 01:00 AM,2024,09,27,01,29.6,89,Moderate,9.0,UG/M3,1 Hr,Valid
Phora Durbar Kathmandu,PM2.5 - Principal,2024-09-27 02:00 AM,2024,09,27,02,46.6,128,Unhealthy for Sensitive Groups,62.0,UG/M3,1 Hr,Valid
Phora Durbar Kathmandu,PM2.5 - Principal,2024-09-27 03:00 AM,2024,09,27,03,29.9,90,Moderate,14.0,UG/M3,1 Hr,Valid
Phora Durbar Kathmandu,PM2.5 - Principal,2024-09-27 04:00 AM,2024,09,27,04,12.7,58,Moderate,-4.0,UG/M3,1 Hr,Valid
Phora Durbar Kathmandu,PM2.5 - Principal,2024-09-27 05:00 AM,2024,09,27,05,9.8,52,Moderate,7.0,UG/M3,1 Hr,Valid
Phora Durbar Kathmandu,PM2.5 - Principal,2024-09-27 06:00 AM,2024,09,27,06,9.8,52,Moderate,-15.0,UG/M3,1 Hr,Invalid
Phora Durbar Kathmandu,PM2.5 - Principal,2024-09-27 07:00 AM,2024,09,27,07,48.6,133,Unhealthy for Sensitive Groups,68.0,UG/M3,1 Hr,Valid
Phora Durbar Kathmandu,PM2.5 - Principal,2024-09-27 08:00 AM,2024,09,27,08,-999.0,-999,N/A,-15.0,UG/M3,1 Hr,Invalid
Phora Durbar Kathmandu,PM2.5 - Principal,2024-09-27 09:00 AM,2024,09,27,09,-999.0,-999,N/A,-14.0,UG/M3,1 Hr,Invalid
Phora Durbar Kathmandu,PM2.5 - Principal,2024-09-27 10:00 AM,2024,09,27,10,-999.0,-999,N/A,-15.0,UG/M3,1 Hr,Invalid
Phora Durbar Kathmandu,PM2.5 - Principal,2024-09-27 11:00 AM,2024,09,27,11,-999.0,-999,N/A,17.0,UG/M3,1 Hr,Valid
Phora Durbar Kathmandu,PM2.5 - Principal,2024-09-27 12:00 PM,2024,09,27,12,29.5,89,Moderate,35.0,UG/M3,1 Hr,Valid
Phora Durbar Kathmandu,PM2.5 - Principal,2024-09-27 01:00 PM,2024,09,27,13,21.9,75,Moderate,16.0,UG/M3,1 Hr,Valid
Phora Durbar Kathmandu,PM2.5 - Principal,2024-09-27 02:00 PM,2024,09,27,14,43.6,121,Unhealthy for Sensitive Groups,63.0,UG/M3,1 Hr,Valid
Phora Durbar Kathmandu,PM2.5 - Principal,2024-09-27 03:00 PM,2024,09,27,15,21.2,74,Moderate,0.0,UG/M3,1 Hr,Valid
Phora Durbar Kathmandu,PM2.5 - Principal,2024-09-27 04:00 PM,2024,09,27,16,26.6,84,Moderate,32.0,UG/M3,1 Hr,Valid
Phora Durbar Kathmandu,PM2.5 - Principal,2024-09-27 05:00 PM,2024,09,27,17,23.8,78,Moderate,21.0,UG/M3,1 Hr,Valid
Phora Durbar Kathmandu,PM2.5 - Principal,2024-09-27 06:00 PM,2024,09,27,18,57.5,152,Unhealthy,91.0,UG/M3,1 Hr,Valid
Phora Durbar Kathmandu,PM2.5 - Principal,2024-09-27 07:00 PM,2024,09,27,19,57.5,152,Unhealthy,-13.0,UG/M3,1 Hr,Invalid
Phora Durbar Kathmandu,PM2.5 - Principal,2024-09-27 08:00 PM,2024,09,27,20,29.1,88,Moderate,15.0,UG/M3,1 Hr,Valid
Phora Durbar Kathmandu,PM2.5 - Principal,2024-09-27 09:00 PM,2024,09,27,21,27.9,86,Moderate,27.0,UG/M3,1 Hr,Valid
Phora Durbar Kathmandu,PM2.5 - Principal,2024-09-27 10:00 PM,2024,09,27,22,25.2,81,Moderate,23.0,UG/M3,1 Hr,Valid
Phora Durbar Kathmandu,PM2.5 - Principal,2024-09-27 11:00 PM,2024,09,27,23,25.2,81,Moderate,-15.0,UG/M3,1 Hr,Invalid
Phora Durbar Kathmandu,PM2.5 - Principal,2024-09-28 12:00 AM,2024,09,28,00,54.3,147,Unhealthy for Sensitive Groups,68.0,UG/M3,1 Hr,Valid
Phora Durbar Kathmandu,PM2.5 - Principal,2024-09-28 01:00 AM,2024,09,28,01,26.4,83,Moderate,6.0,UG/M3,1 Hr,Valid
Phora Durbar Kathmandu,PM2.5 - Principal,2024-09-28 02:00 AM,2024,09,28,02,24.6,80,Moderate,23.0,UG/M3,1 Hr,Valid
Phora Durbar Kathmandu,PM2.5 - Principal,2024-09-28 03:00 AM,2024,09,28,03,24.6,80,Moderate,-15.0,UG/M3,1 Hr,Invalid
Phora Durbar Kathmandu,PM2.5 - Principal,2024-09-28 04:00 AM,2024,09,28,04,22.1,75,Moderate,21.0,UG/M3,1 Hr,Valid
Phora Durbar Kathmandu,PM2.5 - Principal,2024-09-28 05:00 AM,2024,09,28,05,-999.0,-999,N/A,-15.0,UG/M3,1 Hr,Invalid
Phora Durbar Kathmandu,PM2.5 - Principal,2024-09-28 06:00 AM,2024,09,28,06,19.1,70,Moderate,18.0,UG/M3,1 Hr,Valid
Phora Durbar Kathmandu,PM2.5 - Principal,2024-09-28 07:00 AM,2024,09,28,07,19.6,71,Moderate,20.0,UG/M3,1 Hr,Valid
Phora Durbar Kathmandu,PM2.5 - Principal,2024-09-28 08:00 AM,2024,09,28,08,18.2,68,Moderate,17.0,UG/M3,1 Hr,Valid
Phora Durbar Kathmandu,PM2.5 - Principal,2024-09-28 09:00 AM,2024,09,28,09,18.2,68,Moderate,-15.0,UG/M3,1 Hr,Invalid
Phora Durbar Kathmandu,PM2.5 - Principal,2024-09-28 10:00 AM,2024,09,28,10,22.1,75,Moderate,24.0,UG/M3,1 Hr,Valid
Phora Durbar Kathmandu,PM2.5 - Principal,2024-09-28 11:00 AM,2024,09,28,11,-999.0,-999,N/A,-15.0,UG/M3,1 Hr,Invalid
Phora Durbar Kathmandu,PM2.5 - Principal,2024-09-28 12:00 PM,2024,09,28,12,31.5,93,Moderate,35.0,UG/M3,1 Hr,Valid
Phora Durbar Kathmandu,PM2.5 - Principal,2024-09-28 01:00 PM,2024,09,28,13,-999.0,-999,N/A,-15.0,UG/M3,1 Hr,Invalid
Phora Durbar Kathmandu,PM2.5 - Principal,2024-09-28 02:00 PM,2024,09,28,14,43.8,121,Unhealthy for Sensitive Groups,48.0,UG/M3,1 Hr,Valid
Phora Durbar Kathmandu,PM2.5 - Principal,2024-09-28 03:00 PM,2024,09,28,15,18.1,68,Moderate,1.0,UG/M3,1 Hr,Valid
Phora Durbar Kathmandu,PM2.5 - Principal,2024-09-28 04:00 PM,2024,09,28,16,27.3,85,Moderate,35.0,UG/M3,1 Hr,Valid
Phora Durbar Kathmandu,PM2.5 - Principal,2024-09-28 05:00 PM,2024,09,28,17,27.3,85,Moderate,-15.0,UG/M3,1 Hr,Invalid
Phora Durbar Kathmandu,PM2.5 - Principal,2024-09-28 06:00 PM,2024,09,28,18,-999.0,-999,N/A,-15.0,UG/M3,1 Hr,Invalid
Phora Durbar Kathmandu,PM2.5 - Principal,2024-09-28 07:00 PM,2024,09,28,19,-999.0,-999,N/A,114.0,UG/M3,1 Hr,Valid
Phora Durbar Kathmandu,PM2.5 - Principal,2024-09-28 08:00 PM,2024,09,28,20,62.6,156,Unhealthy,41.0,UG/M3,1 Hr,Valid
Phora Durbar Kathmandu,PM2.5 - Principal,2024-09-28 09:00 PM,2024,09,28,21,62.6,156,Unhealthy,-15.0,UG/M3,1 Hr,Invalid
Phora Durbar Kathmandu,PM2.5 - Principal,2024-09-28 10:00 PM,2024,09,28,22,67.1,159,Unhealthy,69.0,UG/M3,1 Hr,Valid
Phora Durbar Kathmandu,PM2.5 - Principal,2024-09-28 11:00 PM,2024,09,28,23,54.7,148,Unhealthy for Sensitive Groups,46.0,UG/M3,1 Hr,Valid
Phora Durbar Kathmandu,PM2.5 - Principal,2024-09-29 12:00 AM,2024,09,29,00,54.7,148,Unhealthy for Sensitive Groups,-7.0,UG/M3,1 Hr,Invalid
Phora Durbar Kathmandu,PM2.5 - Principal,2024-09-29 01:00 AM,2024,09,29,01,35.2,100,Moderate,27.0,UG/M3,1 Hr,Valid
Phora Durbar Kathmandu,PM2.5 - Principal,2024-09-29 02:00 AM,2024,09,29,02,67.2,159,Unhealthy,90.0,UG/M3,1 Hr,Valid
Phora Durbar Kathmandu,PM2.5 - Principal,2024-09-29 03:00 AM,2024,09,29,03,48.2,132,Unhealthy for Sensitive Groups,32.0,UG/M3,1 Hr,Valid
Phora Durbar Kathmandu,PM2.5 - Principal,2024-09-29 04:00 AM,2024,09,29,04,61.0,155,Unhealthy,73.0,UG/M3,1 Hr,Valid
Phora Durbar Kathmandu,PM2.5 - Principal,2024-09-29 05:00 AM,2024,09,29,05,61.0,155,Unhealthy,-11.0,UG/M3,1 Hr,Invalid
Phora Durbar Kathmandu,PM2.5 - Principal,2024-09-29 06:00 AM,2024,09,29,06,102.1,184,Unhealthy,122.0,UG/M3,1 Hr,Valid
Phora Durbar Kathmandu,PM2.5 - Principal,2024-09-29 07:00 AM,2024,09,29,07,72.2,163,Unhealthy,50.0,UG/M3,1 Hr,Valid
Phora Durbar Kathmandu,PM2.5 - Principal,2024-09-29 08:00 AM,2024,09,29,08,72.2,163,Unhealthy,-15.0,UG/M3,1 Hr,Invalid
Phora Durbar Kathmandu,PM2.5 - Principal,2024-09-29 09:00 AM,2024,09,29,09,59.5,154,Unhealthy,54.0,UG/M3,1 Hr,Valid
Phora Durbar Kathmandu,PM2.5 - Principal,2024-09-29 10:00 AM,2024,09,29,10,70.2,161,Unhealthy,78.0,UG/M3,1 Hr,Valid
Phora Durbar Kathmandu,PM2.5 - Principal,2024-09-29 11:00 AM,2024,09,29,11,64.2,157,Unhealthy,59.0,UG/M3,1 Hr,Valid
Phora Durbar Kathmandu,PM2.5 - Principal,2024-09-29 12:00 PM,2024,09,29,12,64.2,157,Unhealthy,-12.0,UG/M3,1 Hr,Invalid
Phora Durbar Kathmandu,PM2.5 - Principal,2024-09-29 01:00 PM,2024,09,29,13,40.8,114,Unhealthy for Sensitive Groups,30.0,UG/M3,1 Hr,Valid
Phora Durbar Kathmandu,PM2.5 - Principal,2024-09-29 02:00 PM,2024,09,29,14,-999.0,-999,N/A,-15.0,UG/M3,1 Hr,Invalid
Phora Durbar Kathmandu,PM2.5 - Principal,2024-09-29 03:00 PM,2024,09,29,15,32.9,95,Moderate,30.0,UG/M3,1 Hr,Valid
Phora Durbar Kathmandu,PM2.5 - Principal,2024-09-29 04:00 PM,2024,09,29,16,-999.0,-999,N/A,-5.0,UG/M3,1 Hr,Invalid
Phora Durbar Kathmandu,PM2.5 - Principal,2024-09-29 05:00 PM,2024,09,29,17,46.3,128,Unhealthy for Sensitive Groups,51.0,UG/M3,1 Hr,Valid
Phora Durbar Kathmandu,PM2.5 - Principal,2024-09-29 06:00 PM,2024,09,29,18,49.1,134,Unhealthy for Sensitive Groups,51.0,UG/M3,1 Hr,Valid
Phora Durbar Kathmandu,PM2.5 - Principal,2024-09-29 07:00 PM,2024,09,29,19,49.1,134,Unhealthy for Sensitive Groups,-9.0,UG/M3,1 Hr,Invalid
Phora Durbar Kathmandu,PM2.5 - Principal,2024-09-29 08:00 PM,2024,09,29,20,47.6,131,Unhealthy for Sensitive Groups,47.0,UG/M3,1 Hr,Valid
Phora Durbar Kathmandu,PM2.5 - Principal,2024-09-29 09:00 PM,2024,09,29,21,35.5,101,Unhealthy for Sensitive Groups,27.0,UG/M3,1 Hr,Valid
Phora Durbar Kathmandu,PM2.5 - Principal,2024-09-29 10:00 PM,2024,09,29,22,35.5,101,Unhealthy for Sensitive Groups,-15.0,UG/M3,1 Hr,Invalid
Phora Durbar Kathmandu,PM2.5 - Principal,2024-09-29 11:00 PM,2024,09,29,23,29.0,88,Moderate,26.0,UG/M3,1 Hr,Valid
Phora Durbar Kathmandu,PM2.5 - Principal,2024-09-30 12:00 AM,2024,09,30,00,22.5,76,Moderate,18.0,UG/M3,1 Hr,Valid
Phora Durbar Kathmandu,PM2.5 - Principal,2024-09-30 01:00 AM,2024,09,30,01,49.1,134,Unhealthy for Sensitive Groups,72.0,UG/M3,1 Hr,Valid
Phora Durbar Kathmandu,PM2.5 - Principal,2024-09-30 02:00 AM,2024,09,30,02,29.8,90,Moderate,12.0,UG/M3,1 Hr,Valid
Phora Durbar Kathmandu,PM2.5 - Principal,2024-09-30 03:00 AM,2024,09,30,03,12.6,58,Moderate,-4.0,UG/M3,1 Hr,Valid
Phora Durbar Kathmandu,PM2.5 - Principal,2024-09-30 04:00 AM,2024,09,30,04,18.8,69,Moderate,25.0,UG/M3,1 Hr,Valid
Phora Durbar Kathmandu,PM2.5 - Principal,2024-09-30 05:00 AM,2024,09,30,05,12.9,58,Moderate,7.0,UG/M3,1 Hr,Valid
Phora Durbar Kathmandu,PM2.5 - Principal,2024-09-30 06:00 AM,2024,09,30,06,24.9,80,Moderate,37.0,UG/M3,1 Hr,Valid
Phora Durbar Kathmandu,PM2.5 - Principal,2024-09-30 07:00 AM,2024,09,30,07,24.9,80,Moderate,-13.0,UG/M3,1 Hr,Invalid
Phora Durbar Kathmandu,PM2.5 - Principal,2024-09-30 08:00 AM,2024,09,30,08,10.9,54,Moderate,4.0,UG/M3,1 Hr,Valid
Phora Durbar Kathmandu,PM2.5 - Principal,2024-09-30 09:00 AM,2024,09,30,09,-999.0,-999,N/A,122.0,UG/M3,1 Hr,Invalid
Phora Durbar Kathmandu,PM2.5 - Principal,2024-09-30 10:00 AM,2024,09,30,10,37.9,107,Unhealthy for Sensitive Groups,48.0,UG/M3,1 Hr,Valid
Phora Durbar Kathmandu,PM2.5 - Principal,2024-09-30 11:00 AM,2024,09,30,11,35.0,99,Moderate,33.0,UG/M3,1 Hr,Valid
Phora Durbar Kathmandu,PM2.5 - Principal,2024-09-30 12:00 PM,2024,09,30,12,20.3,72,Moderate,8.0,UG/M3,1 Hr,Valid
Phora Durbar Kathmandu,PM2.5 - Principal,2024-09-30 01:00 PM,2024,09,30,13,44.6,123,Unhealthy for Sensitive Groups,67.0,UG/M3,1 Hr,Valid
Phora Durbar Kathmandu,PM2.5 - Principal,2024-09-30 02:00 PM,2024,09,30,14,35.1,99,Moderate,26.0,UG/M3,1 Hr,Valid
Phora Durbar Kathmandu,PM2.5 - Principal,2024-09-30 03:00 PM,2024,09,30,15,19.9,71,Moderate,5.0,UG/M3,1 Hr,Valid
Phora Durbar Kathmandu,PM2.5 - Principal,2024-09-30 04:00 PM,2024,09,30,16,22.9,77,Moderate,26.0,UG/M3,1 Hr,Valid
Phora Durbar Kathmandu,PM2.5 - Principal,2024-09-30 05:00 PM,2024,09,30,17,22.9,77,Moderate,-15.0,UG/M3,1 Hr,Invalid
Phora Durbar Kathmandu,PM2.5 - Principal,2024-09-30 06:00 PM,2024,09,30,18,35.6,101,Unhealthy for Sensitive Groups,42.0,UG/M3,1 Hr,Valid
Phora Durbar Kathmandu,PM2.5 - Principal,2024-09-30 07:00 PM,2024,09,30,19,-999.0,-999,N/A,-15.0,UG/M3,1 Hr,Invalid
Phora Durbar Kathmandu,PM2.5 - Principal,2024-09-30 08:00 PM,2024,09,30,20,38.1,107,Unhealthy for Sensitive Groups,39.0,UG/M3,1 Hr,Valid
Phora Durbar Kathmandu,PM2.5 - Principal,2024-09-30 09:00 PM,2024,09,30,21,80.1,168,Unhealthy,109.0,UG/M3,1 Hr,Valid
Phora Durbar Kathmandu,PM2.5 - Principal,2024-09-30 10:00 PM,2024,09,30,22,38.8,109,Unhealthy for Sensitive Groups,4.0,UG/M3,1 Hr,Valid
Phora Durbar Kathmandu,PM2.5 - Principal,2024-09-30 11:00 PM,2024,09,30,23,38.8,109,Unhealthy for Sensitive Groups,-15.0,UG/M3,1 Hr,Invalid
Phora Durbar Kathmandu,PM2.5 - Principal,2024-10-01 12:00 AM,2024,10,01,00,41.6,116,Unhealthy for Sensitive Groups,43.0,UG/M3,1 Hr,Valid
Phora Durbar Kathmandu,PM2.5 - Principal,2024-10-01 01:00 AM,2024,10,01,01,27.4,85,Moderate,17.0,UG/M3,1 Hr,Valid
Phora Durbar Kathmandu,PM2.5 - Principal,2024-10-01 02:00 AM,2024,10,01,02,35.2,100,Moderate,42.0,UG/M3,1 Hr,Valid
Phora Durbar Kathmandu,PM2.5 - Principal,2024-10-01 03:00 AM,2024,10,01,03,29.9,90,Moderate,25.0,UG/M3,1 Hr,Valid
Phora Durbar Kathmandu,PM2.5 - Principal,2024-10-01 04:00 AM,2024,10,01,04,14.2,61,Moderate,-1.0,UG/M3,1 Hr,Valid
Phora Durbar Kathmandu,PM2.5 - Principal,2024-10-01 05:00 AM,2024,10,01,05,20.6,72,Moderate,27.0,UG/M3,1 Hr,Valid
Phora Durbar Kathmandu,PM2.5 - Principal,2024-10-01 06:00 AM,2024,10,01,06,20.6,72,Moderate,-5.0,UG/M3,1 Hr,Invalid
Phora Durbar Kathmandu,PM2.5 - Principal,2024-10-01 07:00 AM,2024,10,01,07,26.2,83,Moderate,29.0,UG/M3,1 Hr,Valid
Phora Durbar Kathmandu,PM2.5 - Principal,2024-10-01 08:00 AM,2024,10,01,08,26.6,84,Moderate,27.0,UG/M3,1 Hr,Valid
Phora Durbar Kathmandu,PM2.5 - Principal,2024-10-01 09:00 AM,2024,10,01,09,22.5,76,Moderate,19.0,UG/M3,1 Hr,Valid
Phora Durbar Kathmandu,PM2.5 - Principal,2024-10-01 10:00 AM,2024,10,01,10,22.5,76,Moderate,-15.0,UG/M3,1 Hr,Invalid
Phora Durbar Kathmandu,PM2.5 - Principal,2024-10-01 11:00 AM,2024,10,01,11,45.3,125,Unhealthy for Sensitive Groups,56.0,UG/M3,1 Hr,Valid
Phora Durbar Kathmandu,PM2.5 - Principal,2024-10-01 12:00 PM,2024,10,01,12,38.7,109,Unhealthy for Sensitive Groups,34.0,UG/M3,1 Hr,Valid
Phora Durbar Kathmandu,PM2.5 - Principal,2024-10-01 01:00 PM,2024,10,01,13,23.3,77,Moderate,10.0,UG/M3,1 Hr,Valid
Phora Durbar Kathmandu,PM2.5 - Principal,2024-10-01 02:00 PM,2024,10,01,14,48.0,132,Unhealthy for Sensitive Groups,71.0,UG/M3,1 Hr,Valid
Phora Durbar Kathmandu,PM2.5 - Principal,2024-10-01 03:00 PM,2024,10,01,15,48.0,132,Unhealthy for Sensitive Groups,-15.0,UG/M3,1 Hr,Invalid
Phora Durbar Kathmandu,PM2.5 - Principal,2024-10-01 04:00 PM,2024,10,01,16,35.8,102,Unhealthy for Sensitive Groups,30.0,UG/M3,1 Hr,Valid
Phora Durbar Kathmandu,PM2.5 - Principal,2024-10-01 05:00 PM,2024,10,01,17,37.6,106,Unhealthy for Sensitive Groups,39.0,UG/M3,1 Hr,Valid
Phora Durbar Kathmandu,PM2.5 - Principal,2024-10-01 06:00 PM,2024,10,01,18,16.9,66,Moderate,-1.0,UG/M3,1 Hr,Valid
Phora Durbar Kathmandu,PM2.5 - Principal,2024-10-01 07:00 PM,2024,10,01,19,16.4,65,Moderate,16.0,UG/M3,1 Hr,Valid
Phora Durbar Kathmandu,PM2.5 - Principal,2024-10-01 08:00 PM,2024,10,01,20,18.7,69,Moderate,21.0,UG/M3,1 Hr,Valid
Phora Durbar Kathmandu,PM2.5 - Principal,2024-10-01 09:00 PM,2024,10,01,21,24.9,80,Moderate,31.0,UG/M3,1 Hr,Valid
Phora Durbar Kathmandu,PM2.5 - Principal,2024-10-01 10:00 PM,2024,10,01,22,39.0,110,Unhealthy for Sensitive Groups,53.0,UG/M3,1 Hr,Valid
Phora Durbar Kathmandu,PM2.5 - Principal,2024-10-01 11:00 PM,2024,10,01,23,37.5,106,Unhealthy for Sensitive Groups,36.0,UG/M3,1 Hr,Valid
Phora Durbar Kathmandu,PM2.5 - Principal,2024-10-02 12:00 AM,2024,10,02,00,27.2,85,Moderate,17.0,UG/M3,1 Hr,Valid
Phora Durbar Kathmandu,PM2.5 - Principal,2024-10-02 01:00 AM,2024,10,02,01,28.6,87,Moderate,30.0,UG/M3,1 Hr,Valid
Phora Durbar Kathmandu,PM2.5 - Principal,2024-10-02 02:00 AM,2024,10,02,02,27.3,85,Moderate,26.0,UG/M3,1 Hr,Valid
Phora Durbar Kathmandu,PM2.5 - Principal,2024-10-02 03:00 AM,2024,10,02,03,27.3,85,Moderate,-15.0,UG/M3,1 Hr,Invalid
Phora Durbar Kathmandu,PM2.5 - Principal,2024-10-02 04:00 AM,2024,10,02,04,31.1,92,Moderate,33.0,UG/M3,1 Hr,Valid
Phora Durbar Kathmandu,PM2.5 - Principal,2024-10-02 05:00 AM,2024,10,02,05,63.6,157,Unhealthy,88.0,UG/M3,1 Hr,Valid
Phora Durbar Kathmandu,PM2.5 - Principal,2024-10-02 06:00 AM,2024,10,02,06,27.5,85,Moderate,-4.0,UG/M3,1 Hr,Valid
Phora Durbar Kathmandu,PM2.5 - Principal,2024-10-02 07:00 AM,2024,10,02,07,71.1,162,Unhealthy,112.0,UG/M3,1 Hr,Valid
Phora Durbar Kathmandu,PM2.5 - Principal,2024-10-02 08:00 AM,2024,10,02,08,53.8,146,Unhealthy for Sensitive Groups,37.0,UG/M3,1 Hr,Valid
Phora Durbar Kathmandu,PM2.5 - Principal,2024-10-02 09:00 AM,2024,10,02,09,57.9,153,Unhealthy,62.0,UG/M3,1 Hr,Valid
Phora Durbar Kathmandu,PM2.5 - Principal,2024-10-02 10:00 AM,2024,10,02,10,57.9,153,Unhealthy,58.0,UG/M3,1 Hr,Valid
Phora Durbar Kathmandu,PM2.5 - Principal,2024-10-02 11:00 AM,2024,10,02,11,28.9,88,Moderate,0.0,UG/M3,1 Hr,Valid
Phora Durbar Kathmandu,PM2.5 - Principal,2024-10-02 12:00 PM,2024,10,02,12,24.4,80,Moderate,20.0,UG/M3,1 Hr,Valid
Phora Durbar Kathmandu,PM2.5 - Principal,2024-10-02 01:00 PM,2024,10,02,13,24.7,80,Moderate,25.0,UG/M3,1 Hr,Valid
Phora Durbar Kathmandu,PM2.5 - Principal,2024-10-02 02:00 PM,2024,10,02,14,19.8,71,Moderate,15.0,UG/M3,1 Hr,Valid
Phora Durbar Kathmandu,PM2.5 - Principal,2024-10-02 03:00 PM,2024,10,02,15,20.9,73,Moderate,22.0,UG/M3,1 Hr,Valid
Phora Durbar Kathmandu,PM2.5 - Principal,2024-10-02 04:00 PM,2024,10,02,16,20.9,73,Moderate,21.0,UG/M3,1 Hr,Valid
Phora Durbar Kathmandu,PM2.5 - Principal,2024-10-02 05:00 PM,2024,10,02,17,67.4,159,Unhealthy,114.0,UG/M3,1 Hr,Valid
Phora Durbar Kathmandu,PM2.5 - Principal,2024-10-02 06:00 PM,2024,10,02,18,38.7,109,Unhealthy for Sensitive Groups,10.0,UG/M3,1 Hr,Valid
Phora Durbar Kathmandu,PM2.5 - Principal,2024-10-02 07:00 PM,2024,10,02,19,35.8,102,Unhealthy for Sensitive Groups,33.0,UG/M3,1 Hr,Valid
Phora Durbar Kathmandu,PM2.5 - Principal,2024-10-02 08:00 PM,2024,10,02,20,39.4,111,Unhealthy for Sensitive Groups,43.0,UG/M3,1 Hr,Valid
Phora Durbar Kathmandu,PM2.5 - Principal,2024-10-02 09:00 PM,2024,10,02,21,35.7,101,Unhealthy for Sensitive Groups,32.0,UG/M3,1 Hr,Valid
Phora Durbar Kathmandu,PM2.5 - Principal,2024-10-02 10:00 PM,2024,10,02,22,20.3,72,Moderate,5.0,UG/M3,1 Hr,Valid
Phora Durbar Kathmandu,PM2.5 - Principal,2024-10-02 11:00 PM,2024,10,02,23,62.1,156,Unhealthy,104.0,UG/M3,1 Hr,Valid
Phora Durbar Kathmandu,PM2.5 - Principal,2024-10-03 12:00 AM,2024,10,03,00,50.0,137,Unhealthy for Sensitive Groups,38.0,UG/M3,1 Hr,Valid
Phora Durbar Kathmandu,PM2.5 - Principal,2024-10-03 01:00 AM,2024,10,03,01,36.0,102,Unhealthy for Sensitive Groups,22.0,UG/M3,1 Hr,Valid
Phora Durbar Kathmandu,PM2.5 - Principal,2024-10-03 02:00 AM,2024,10,03,02,38.0,107,Unhealthy for Sensitive Groups,40.0,UG/M3,1 Hr,Valid
Phora Durbar Kathmandu,PM2.5 - Principal,2024-10-03 03:00 AM,2024,10,03,03,39.0,110,Unhealthy for Sensitive Groups,40.0,UG/M3,1 Hr,Valid
Phora Durbar Kathmandu,PM2.5 - Principal,2024-10-03 04:00 AM,2024,10,03,04,39.5,111,Unhealthy for Sensitive Groups,40.0,UG/M3,1 Hr,Valid
Phora Durbar Kathmandu,PM2.5 - Principal,2024-10-03 05:00 AM,2024,10,03,05,32.2,94,Moderate,25.0,UG/M3,1 Hr,Valid
Phora Durbar Kathmandu,PM2.5 - Principal,2024-10-03 06:00 AM,2024,10,03,06,39.1,110,Unhealthy for Sensitive Groups,46.0,UG/M3,1 Hr,Valid
Phora Durbar Kathmandu,PM2.5 - Principal,2024-10-03 07:00 AM,2024,10,03,07,28.5,87,Moderate,18.0,UG/M3,1 Hr,Valid
Phora Durbar Kathmandu,PM2.5 - Principal,2024-10-03 08:00 AM,2024,10,03,08,34.2,98,Moderate,40.0,UG/M3,1 Hr,Valid
Phora Durbar Kathmandu,PM2.5 - Principal,2024-10-03 09:00 AM,2024,10,03,09,33.1,96,Moderate,32.0,UG/M3,1 Hr,Valid
Phora Durbar Kathmandu,PM2.5 - Principal,2024-10-03 10:00 AM,2024,10,03,10,33.1,96,Moderate,-15.0,UG/M3,1 Hr,Invalid
Phora Durbar Kathmandu,PM2.5 - Principal,2024-10-03 11:00 AM,2024,10,03,11,19.6,71,Moderate,13.0,UG/M3,1 Hr,Valid
Phora Durbar Kathmandu,PM2.5 - Principal,2024-10-03 12:00 PM,2024,10,03,12,29.5,89,Moderate,37.0,UG/M3,1 Hr,Valid
Phora Durbar Kathmandu,PM2.5 - Principal,2024-10-03 01:00 PM,2024,10,03,13,20.2,72,Moderate,12.0,UG/M3,1 Hr,Valid
Phora Durbar Kathmandu,PM2.5 - Principal,2024-10-03 02:00 PM,2024,10,03,14,9.2,51,Moderate,-1.0,UG/M3,1 Hr,Valid
Phora Durbar Kathmandu,PM2.5 - Principal,2024-10-03 03:00 PM,2024,10,03,15,13.6,59,Moderate,18.0,UG/M3,1 Hr,Valid
Phora Durbar Kathmandu,PM2.5 - Principal,2024-10-03 04:00 PM,2024,10,03,16,13.6,59,Moderate,-5.0,UG/M3,1 Hr,Invalid
Phora Durbar Kathmandu,PM2.5 - Principal,2024-10-03 05:00 PM,2024,10,03,17,25.9,82,Moderate,32.0,UG/M3,1 Hr,Valid
Phora Durbar Kathmandu,PM2.5 - Principal,2024-10-03 06:00 PM,2024,10,03,18,-999.0,-999,N/A,-14.0,UG/M3,1 Hr,Invalid
Phora Durbar Kathmandu,PM2.5 - Principal,2024-10-03 07:00 PM,2024,10,03,19,33.2,96,Moderate,36.0,UG/M3,1 Hr,Valid
Phora Durbar Kathmandu,PM2.5 - Principal,2024-10-03 08:00 PM,2024,10,03,20,-999.0,-999,N/A,-15.0,UG/M3,1 Hr,Invalid
Phora Durbar Kathmandu,PM2.5 - Principal,2024-10-03 09:00 PM,2024,10,03,21,-999.0,-999,N/A,-7.0,UG/M3,1 Hr,Invalid
Phora Durbar Kathmandu,PM2.5 - Principal,2024-10-03 10:00 PM,2024,10,03,22,-999.0,-999,N/A,101.0,UG/M3,1 Hr,Valid
Phora Durbar Kathmandu,PM2.5 - Principal,2024-10-03 11:00 PM,2024,10,03,23,42.4,118,Unhealthy for Sensitive Groups,14.0,UG/M3,1 Hr,Valid
Phora Durbar Kathmandu,PM2.5 - Principal,2024-10-04 12:00 AM,2024,10,04,00,77.3,166,Unhealthy,105.0,UG/M3,1 Hr,Valid
Phora Durbar Kathmandu,PM2.5 - Principal,2024-10-04 01:00 AM,2024,10,04,01,46.0,127,Unhealthy for Sensitive Groups,18.0,UG/M3,1 Hr,Valid
Phora Durbar Kathmandu,PM2.5 - Principal,2024-10-04 02:00 AM,2024,10,04,02,34.7,99,Moderate,24.0,UG/M3,1 Hr,Valid
Phora Durbar Kathmandu,PM2.5 - Principal,2024-10-04 03:00 AM,2024,10,04,03,34.7,99,Moderate,-15.0,UG/M3,1 Hr,Invalid
Phora Durbar Kathmandu,PM2.5 - Principal,2024-10-04 04:00 AM,2024,10,04,04,24.1,79,Moderate,19.0,UG/M3,1 Hr,Valid
Phora Durbar Kathmandu,PM2.5 - Principal,2024-10-04 05:00 AM,2024,10,04,05,-999.0,-999,N/A,-15.0,UG/M3,1 Hr,Invalid
Phora Durbar Kathmandu,PM2.5 - Principal,2024-10-04 06:00 AM,2024,10,04,06,32.0,94,Moderate,35.0,UG/M3,1 Hr,Valid
Phora Durbar Kathmandu,PM2.5 - Principal,2024-10-04 07:00 AM,2024,10,04,07,-999.0,-999,N/A,-15.0,UG/M3,1 Hr,Invalid
Phora Durbar Kathmandu,PM2.5 - Principal,2024-10-04 08:00 AM,2024,10,04,08,35.7,101,Unhealthy for Sensitive Groups,37.0,UG/M3,1 Hr,Valid
Phora Durbar Kathmandu,PM2.5 - Principal,2024-10-04 09:00 AM,2024,10,04,09,15.5,63,Moderate,2.0,UG/M3,1 Hr,Valid
Phora Durbar Kathmandu,PM2.5 - Principal,2024-10-04 10:00 AM,2024,10,04,10,15.5,63,Moderate,-8.0,UG/M3,1 Hr,Invalid
Phora Durbar Kathmandu,PM2.5 - Principal,2024-10-04 11:00 AM,2024,10,04,11,46.1,127,Unhealthy for Sensitive Groups,59.0,UG/M3,1 Hr,Valid
Phora Durbar Kathmandu,PM2.5 - Principal,2024-10-04 12:00 PM,2024,10,04,12,39.6,111,Unhealthy for Sensitive Groups,35.0,UG/M3,1 Hr,Valid
Phora Durbar Kathmandu,PM2.5 - Principal,2024-10-04 01:00 PM,2024,10,04,13,41.9,117,Unhealthy for Sensitive Groups,44.0,UG/M3,1 Hr,Valid
Phora Durbar Kathmandu,PM2.5 - Principal,2024-10-04 02:00 PM,2024,10,04,14,41.9,117,Unhealthy for Sensitive Groups,-15.0,UG/M3,1 Hr,Invalid
Phora Durbar Kathmandu,PM2.5 - Principal,2024-10-04 03:00 PM,2024,10,04,15,-999.0,-999,N/A,-15.0,UG/M3,1 Hr,Invalid
Phora Durbar Kathmandu,PM2.5 - Principal,2024-10-04 04:00 PM,2024,10,04,16,-999.0,-999,N/A,41.0,UG/M3,1 Hr,Valid
Phora Durbar Kathmandu,PM2.5 - Principal,2024-10-04 05:00 PM,2024,10,04,17,41.6,116,Unhealthy for Sensitive Groups,42.0,UG/M3,1 Hr,Valid
Phora Durbar Kathmandu,PM2.5 - Principal,2024-10-04 06:00 PM,2024,10,04,18,16.9,66,Moderate,-3.0,UG/M3,1 Hr,Valid
Phora Durbar Kathmandu,PM2.5 - Principal,2024-10-04 07:00 PM,2024,10,04,19,56.3,152,Unhealthy,92.0,UG/M3,1 Hr,Valid
Phora Durbar Kathmandu,PM2.5 - Principal,2024-10-04 08:00 PM,2024,10,04,20,56.3,152,Unhealthy,-15.0,UG/M3,1 Hr,Invalid
Phora Durbar Kathmandu,PM2.5 - Principal,2024-10-04 09:00 PM,2024,10,04,21,55.4,150,Unhealthy for Sensitive Groups,55.0,UG/M3,1 Hr,Valid
Phora Durbar Kathmandu,PM2.5 - Principal,2024-10-04 10:00 PM,2024,10,04,22,51.1,139,Unhealthy for Sensitive Groups,48.0,UG/M3,1 Hr,Valid
Phora Durbar Kathmandu,PM2.5 - Principal,2024-10-04 11:00 PM,2024,10,04,23,51.1,139,Unhealthy for Sensitive Groups,-15.0,UG/M3,1 Hr,Invalid
Phora Durbar Kathmandu,PM2.5 - Principal,2024-10-05 12:00 AM,2024,10,05,00,41.9,117,Unhealthy for Sensitive Groups,38.0,UG/M3,1 Hr,Valid
Phora Durbar Kathmandu,PM2.5 - Principal,2024-10-05 01:00 AM,2024,10,05,01,26.2,83,Moderate,15.0,UG/M3,1 Hr,Valid
Phora Durbar Kathmandu,PM2.5 - Principal,2024-10-05 02:00 AM,2024,10,05,02,26.2,83,Moderate,-15.0,UG/M3,1 Hr,Invalid
Phora Durbar Kathmandu,PM2.5 - Principal,2024-10-05 03:00 AM,2024,10,05,03,47.0,129,Unhealthy for Sensitive Groups,56.0,UG/M3,1 Hr,Valid
Phora Durbar Kathmandu,PM2.5 - Principal,2024-10-05 04:00 AM,2024,10,05,04,26.6,84,Moderate,12.0,UG/M3,1 Hr,Valid
Phora Durbar Kathmandu,PM2.5 - Principal,2024-10-05 05:00 AM,2024,10,05,05,40.8,114,Unhealthy for Sensitive Groups,53.0,UG/M3,1 Hr,Valid
Phora Durbar Kathmandu,PM2.5 - Principal,2024-10-05 06:00 AM,2024,10,05,06,40.9,114,Unhealthy for Sensitive Groups,41.0,UG/M3,1 Hr,Valid
Phora Durbar Kathmandu,PM2.5 - Principal,2024-10-05 07:00 AM,2024,10,05,07,34.8,99,Moderate,29.0,UG/M3,1 Hr,Valid
Phora Durbar Kathmandu,PM2.5 - Principal,2024-10-05 08:00 AM,2024,10,05,08,34.8,99,Moderate,-15.0,UG/M3,1 Hr,Invalid
Phora Durbar Kathmandu,PM2.5 - Principal,2024-10-05 09:00 AM,2024,10,05,09,-999.0,-999,N/A,-15.0,UG/M3,1 Hr,Invalid
Phora Durbar Kathmandu,PM2.5 - Principal,2024-10-05 10:00 AM,2024,10,05,10,-999.0,-999,N/A,86.0,UG/M3,1 Hr,Valid
Phora Durbar Kathmandu,PM2.5 - Principal,2024-10-05 11:00 AM,2024,10,05,11,45.7,126,Unhealthy for Sensitive Groups,27.0,UG/M3,1 Hr,Valid
Phora Durbar Kathmandu,PM2.5 - Principal,2024-10-05 12:00 PM,2024,10,05,12,25.4,81,Moderate,9.0,UG/M3,1 Hr,Valid
Phora Durbar Kathmandu,PM2.5 - Principal,2024-10-05 01:00 PM,2024,10,05,13,26.2,83,Moderate,27.0,UG/M3,1 Hr,Valid
Phora Durbar Kathmandu,PM2.5 - Principal,2024-10-05 02:00 PM,2024,10,05,14,32.2,94,Moderate,38.0,UG/M3,1 Hr,Valid
Phora Durbar Kathmandu,PM2.5 - Principal,2024-10-05 03:00 PM,2024,10,05,15,34.6,99,Moderate,37.0,UG/M3,1 Hr,Valid
Phora Durbar Kathmandu,PM2.5 - Principal,2024-10-05 04:00 PM,2024,10,05,16,17.2,66,Moderate,0.0,UG/M3,1 Hr,Valid
Phora Durbar Kathmandu,PM2.5 - Principal,2024-10-05 05:00 PM,2024,10,05,17,27.6,85,Moderate,38.0,UG/M3,1 Hr,Valid
Phora Durbar Kathmandu,PM2.5 - Principal,2024-10-05 06:00 PM,2024,10,05,18,27.6,85,Moderate,-15.0,UG/M3,1 Hr,Invalid
Phora Durbar Kathmandu,PM2.5 - Principal,2024-10-05 07:00 PM,2024,10,05,19,41.8,117,Unhealthy for Sensitive Groups,49.0,UG/M3,1 Hr,Valid
Phora Durbar Kathmandu,PM2.5 - Principal,2024-10-05 08:00 PM,2024,10,05,20,81.4,169,Unhealthy,111.0,UG/M3,1 Hr,Valid
Phora Durbar Kathmandu,PM2.5 - Principal,2024-10-05 09:00 PM,2024,10,05,21,81.4,169,Unhealthy,3.0,UG/M3,1 Hr,Invalid
Phora Durbar Kathmandu,PM2.5 - Principal,2024-10-05 10:00 PM,2024,10,05,22,73.4,164,Unhealthy,70.0,UG/M3,1 Hr,Valid
Phora Durbar Kathmandu,PM2.5 - Principal,2024-10-05 11:00 PM,2024,10,05,23,37.7,106,Unhealthy for Sensitive Groups,12.0,UG/M3,1 Hr,Valid
Phora Durbar Kathmandu,PM2.5 - Principal,2024-10-06 12:00 AM,2024,10,06,00,69.6,161,Unhealthy,97.0,UG/M3,1 Hr,Valid
Phora Durbar Kathmandu,PM2.5 - Principal,2024-10-06 01:00 AM,2024,10,06,01,35.0,99,Moderate,3.0,UG/M3,1 Hr,Valid
Phora Durbar Kathmandu,PM2.5 - Principal,2024-10-06 02:00 AM,2024,10,06,02,22.8,77,Moderate,11.0,UG/M3,1 Hr,Valid
Phora Durbar Kathmandu,PM2.5 - Principal,2024-10-06 03:00 AM,2024,10,06,03,11.8,56,Moderate,1.0,UG/M3,1 Hr,Valid
Phora Durbar Kathmandu,PM2.5 - Principal,2024-10-06 04:00 AM,2024,10,06,04,15.4,63,Moderate,19.0,UG/M3,1 Hr,Valid
Phora Durbar Kathmandu,PM2.5 - Principal,2024-10-06 05:00 AM,2024,10,06,05,15.4,63,Moderate,-15.0,UG/M3,1 Hr,Invalid
Phora Durbar Kathmandu,PM2.5 - Principal,2024-10-06 06:00 AM,2024,10,06,06,45.1,125,Unhealthy for Sensitive Groups,60.0,UG/M3,1 Hr,Valid
Phora Durbar Kathmandu,PM2.5 - Principal,2024-10-06 07:00 AM,2024,10,06,07,-999.0,-999,N/A,-15.0,UG/M3,1 Hr,Invalid
Phora Durbar Kathmandu,PM2.5 - Principal,2024-10-06 08:00 AM,2024,10,06,08,33.3,96,Moderate,29.0,UG/M3,1 Hr,Valid
Phora Durbar Kathmandu,PM2.5 - Principal,2024-10-06 09:00 AM,2024,10,06,09,83.5,171,Unhealthy,118.0,UG/M3,1 Hr,Valid
Phora Durbar Kathmandu,PM2.5 - Principal,2024-10-06 10:00 AM,2024,10,06,10,49.0,134,Unhealthy for Sensitive Groups,20.0,UG/M3,1 Hr,Valid
Phora Durbar Kathmandu,PM2.5 - Principal,2024-10-06 11:00 AM,2024,10,06,11,29.2,88,Moderate,11.0,UG/M3,1 Hr,Valid
Phora Durbar Kathmandu,PM2.5 - Principal,2024-10-06 12:00 PM,2024,10,06,12,24.5,80,Moderate,20.0,UG/M3,1 Hr,Valid
Phora Durbar Kathmandu,PM2.5 - Principal,2024-10-06 01:00 PM,2024,10,06,13,24.5,80,Moderate,128.0,UG/M3,1 Hr,Invalid
Phora Durbar Kathmandu,PM2.5 - Principal,2024-10-06 02:00 PM,2024,10,06,14,-999.0,-999,N/A,-15.0,UG/M3,1 Hr,Invalid
Phora Durbar Kathmandu,PM2.5 - Principal,2024-10-06 03:00 PM,2024,10,06,15,-999.0,-999,N/A,120.0,UG/M3,1 Hr,Valid
Phora Durbar Kathmandu,PM2.5 - Principal,2024-10-06 04:00 PM,2024,10,06,16,-999.0,-999,N/A,16.0,UG/M3,1 Hr,Invalid
Phora Durbar Kathmandu,PM2.5 - Principal,2024-10-06 05:00 PM,2024,10,06,17,73.6,164,Unhealthy,65.0,UG/M3,1 Hr,Valid
Phora Durbar Kathmandu,PM2.5 - Principal,2024-10-06 06:00 PM,2024,10,06,18,40.0,112,Unhealthy for Sensitive Groups,18.0,UG/M3,1 Hr,Valid
Phora Durbar Kathmandu,PM2.5 - Principal,2024-10-06 07:00 PM,2024,10,06,19,26.8,84,Moderate,16.0,UG/M3,1 Hr,Valid
Phora Durbar Kathmandu,PM2.5 - Principal,2024-10-06 08:00 PM,2024,10,06,20,26.4,83,Moderate,26.0,UG/M3,1 Hr,Valid
Phora Durbar Kathmandu,PM2.5 - Principal,2024-10-06 09:00 PM,2024,10,06,21,42.0,117,Unhealthy for Sensitive Groups,57.0,UG/M3,1 Hr,Valid
Phora Durbar Kathmandu,PM2.5 - Principal,2024-10-06 10:00 PM,2024,10,06,22,33.9,97,Moderate,26.0,UG/M3,1 Hr,Valid
Phora Durbar Kathmandu,PM2.5 - Principal,2024-10-06 11:00 PM,2024,10,06,23,33.9,97,Moderate,-10.0,UG/M3,1 Hr,Invalid
Phora Durbar Kathmandu,PM2.5 - Principal,2024-10-07 12:00 AM,2024,10,07,00,29.9,90,Moderate,28.0,UG/M3,1 Hr,Valid
Phora Durbar Kathmandu,PM2.5 - Principal,2024-10-07 01:00 AM,2024,10,07,01,22.5,76,Moderate,17.0,UG/M3,1 Hr,Valid
Phora Durbar Kathmandu,PM2.5 - Principal,2024-10-07 02:00 AM,2024,10,07,02,53.2,145,Unhealthy for Sensitive Groups,80.0,UG/M3,1 Hr,Valid
Phora Durbar Kathmandu,PM2.5 - Principal,2024-10-07 03:00 AM,2024,10,07,03,33.9,97,Moderate,16.0,UG/M3,1 Hr,Valid
Phora Durbar Kathmandu,PM2.5 - Principal,2024-10-07 04:00 AM,2024,10,07,04,33.9,97,Moderate,-15.0,UG/M3,1 Hr,Invalid
Phora Durbar Kathmandu,PM2.5 - Principal,2024-10-07 05:00 AM,2024,10,07,05,58.2,153,Unhealthy,70.0,UG/M3,1 Hr,Valid
Phora Durbar Kathmandu,PM2.5 - Principal,2024-10-07 06:00 AM,2024,10,07,06,-999.0,-999,N/A,-15.0,UG/M3,1 Hr,Invalid
Phora Durbar Kathmandu,PM2.5 - Principal,2024-10-07 07:00 AM,2024,10,07,07,63.9,157,Unhealthy,66.0,UG/M3,1 Hr,Valid
Phora Durbar Kathmandu,PM2.5 - Principal,2024-10-07 08:00 AM,2024,10,07,08,33.7,97,Moderate,13.0,UG/M3,1 Hr,Valid
Phora Durbar Kathmandu,PM2.5 - Principal,2024-10-07 09:00 AM,2024,10,07,09,32.2,94,Moderate,31.0,UG/M3,1 Hr,Valid
Phora Durbar Kathmandu,PM2.5 - Principal,2024-10-07 10:00 AM,2024,10,07,10,46.1,127,Unhealthy for Sensitive Groups,59.0,UG/M3,1 Hr,Valid
Phora Durbar Kathmandu,PM2.5 - Principal,2024-10-07 11:00 AM,2024,10,07,11,35.3,100,Moderate,25.0,UG/M3,1 Hr,Valid
Phora Durbar Kathmandu,PM2.5 - Principal,2024-10-07 12:00 PM,2024,10,07,12,36.1,102,Unhealthy for Sensitive Groups,37.0,UG/M3,1 Hr,Valid
Phora Durbar Kathmandu,PM2.5 - Principal,2024-10-07 01:00 PM,2024,10,07,13,15.9,64,Moderate,-4.0,UG/M3,1 Hr,Valid
Phora Durbar Kathmandu,PM2.5 - Principal,2024-10-07 02:00 PM,2024,10,07,14,13.4,59,Moderate,11.0,UG/M3,1 Hr,Valid
Phora Durbar Kathmandu,PM2.5 - Principal,2024-10-07 03:00 PM,2024,10,07,15,32.2,94,Moderate,51.0,UG/M3,1 Hr,Valid
Phora Durbar Kathmandu,PM2.5 - Principal,2024-10-07 04:00 PM,2024,10,07,16,32.2,94,Moderate,-15.0,UG/M3,1 Hr,Invalid
Phora Durbar Kathmandu,PM2.5 - Principal,2024-10-07 05:00 PM,2024,10,07,17,52.0,142,Unhealthy for Sensitive Groups,62.0,UG/M3,1 Hr,Valid
Phora Durbar Kathmandu,PM2.5 - Principal,2024-10-07 06:00 PM,2024,10,07,18,80.0,168,Unhealthy,101.0,UG/M3,1 Hr,Valid
Phora Durbar Kathmandu,PM2.5 - Principal,2024-10-07 07:00 PM,2024,10,07,19,51.7,141,Unhealthy for Sensitive Groups,27.0,UG/M3,1 Hr,Valid
Phora Durbar Kathmandu,PM2.5 - Principal,2024-10-07 08:00 PM,2024,10,07,20,47.2,130,Unhealthy for Sensitive Groups,43.0,UG/M3,1 Hr,Valid
Phora Durbar Kathmandu,PM2.5 - Principal,2024-10-07 09:00 PM,2024,10,07,21,29.3,89,Moderate,12.0,UG/M3,1 Hr,Valid
Phora Durbar Kathmandu,PM2.5 - Principal,2024-10-07 10:00 PM,2024,10,07,22,29.3,89,Moderate,-15.0,UG/M3,1 Hr,Invalid
Phora Durbar Kathmandu,PM2.5 - Principal,2024-10-07 11:00 PM,2024,10,07,23,8.3,46,Good,-2.0,UG/M3,1 Hr,Valid
Phora Durbar Kathmandu,PM2.5 - Principal,2024-10-08 12:00 AM,2024,10,08,00,-999.0,-999,N/A,-6.0,UG/M3,1 Hr,Invalid
Phora Durbar Kathmandu,PM2.5 - Principal,2024-10-08 01:00 AM,2024,10,08,01,5.9,33,Good,5.0,UG/M3,1 Hr,Valid
Phora Durbar Kathmandu,PM2.5 - Principal,2024-10-08 02:00 AM,2024,10,08,02,29.6,89,Moderate,46.0,UG/M3,1 Hr,Valid
Phora Durbar Kathmandu,PM2.5 - Principal,2024-10-08 03:00 AM,2024,10,08,03,23.8,78,Moderate,19.0,UG/M3,1 Hr,Valid
Phora Durbar Kathmandu,PM2.5 - Principal,2024-10-08 04:00 AM,2024,10,08,04,23.4,78,Moderate,23.0,UG/M3,1 Hr,Valid
Phora Durbar Kathmandu,PM2.5 - Principal,2024-10-08 05:00 AM,2024,10,08,05,43.0,119,Unhealthy for Sensitive Groups,62.0,UG/M3,1 Hr,Valid
Phora Durbar Kathmandu,PM2.5 - Principal,2024-10-08 06:00 AM,2024,10,08,06,23.8,78,Moderate,5.0,UG/M3,1 Hr,Valid
Phora Durbar Kathmandu,PM2.5 - Principal,2024-10-08 07:00 AM,2024,10,08,07,39.0,110,Unhealthy for Sensitive Groups,54.0,UG/M3,1 Hr,Valid
Phora Durbar Kathmandu,PM2.5 - Principal,2024-10-08 08:00 AM,2024,10,08,08,53.0,144,Unhealthy for Sensitive Groups,67.0,UG/M3,1 Hr,Valid
Phora Durbar Kathmandu,PM2.5 - Principal,2024-10-08 09:00 AM,2024,10,08,09,24.9,80,Moderate,-3.0,UG/M3,1 Hr,Valid
Phora Durbar Kathmandu,PM2.5 - Principal,2024-10-08 10:00 AM,2024,10,08,10,29.9,90,Moderate,35.0,UG/M3,1 Hr,Valid
Phora Durbar Kathmandu,PM2.5 - Principal,2024-10-08 11:00 AM,2024,10,08,11,67.0,159,Unhealthy,104.0,UG/M3,1 Hr,Valid
Phora Durbar Kathmandu,PM2.5 - Principal,2024-10-08 12:00 PM,2024,10,08,12,39.0,110,Unhealthy for Sensitive Groups,11.0,UG/M3,1 Hr,Valid
Phora Durbar Kathmandu,PM2.5 - Principal,2024-10-08 01:00 PM,2024,10,08,13,22.5,76,Moderate,6.0,UG/M3,1 Hr,Valid
Phora Durbar Kathmandu,PM2.5 - Principal,2024-10-08 02:00 PM,2024,10,08,14,18.7,69,Moderate,15.0,UG/M3,1 Hr,Valid
Phora Durbar Kathmandu,PM2.5 - Principal,2024-10-08 03:00 PM,2024,10,08,15,24.3,79,Moderate,30.0,UG/M3,1 Hr,Valid
Phora Durbar Kathmandu,PM2.5 - Principal,2024-10-08 04:00 PM,2024,10,08,16,15.1,62,Moderate,6.0,UG/M3,1 Hr,Valid
Phora Durbar Kathmandu,PM2.5 - Principal,2024-10-08 05:00 PM,2024,10,08,17,15.1,62,Moderate,-10.0,UG/M3,1 Hr,Invalid
Phora Durbar Kathmandu,PM2.5 - Principal,2024-10-08 06:00 PM,2024,10,08,18,39.0,110,Unhealthy for Sensitive Groups,51.0,UG/M3,1 Hr,Valid
Phora Durbar Kathmandu,PM2.5 - Principal,2024-10-08 07:00 PM,2024,10,08,19,16.7,65,Moderate,0.0,UG/M3,1 Hr,Valid
Phora Durbar Kathmandu,PM2.5 - Principal,2024-10-08 08:00 PM,2024,10,08,20,16.3,64,Moderate,16.0,UG/M3,1 Hr,Valid
Phora Durbar Kathmandu,PM2.5 - Principal,2024-10-08 09:00 PM,2024,10,08,21,52.8,144,Unhealthy for Sensitive Groups,87.0,UG/M3,1 Hr,Valid
Phora Durbar Kathmandu,PM2.5 - Principal,2024-10-08 10:00 PM,2024,10,08,22,39.1,110,Unhealthy for Sensitive Groups,26.0,UG/M3,1 Hr,Valid
Phora Durbar Kathmandu,PM2.5 - Principal,2024-10-08 11:00 PM,2024,10,08,23,45.1,125,Unhealthy for Sensitive Groups,51.0,UG/M3,1 Hr,Valid
Phora Durbar Kathmandu,PM2.5 - Principal,2024-10-09 12:00 AM,2024,10,09,00,36.5,103,Unhealthy for Sensitive Groups,28.0,UG/M3,1 Hr,Valid
Phora Durbar Kathmandu,PM2.5 - Principal,2024-10-09 01:00 AM,2024,10,09,01,26.2,83,Moderate,16.0,UG/M3,1 Hr,Valid
Phora Durbar Kathmandu,PM2.5 - Principal,2024-10-09 02:00 AM,2024,10,09,02,65.6,158,Unhealthy,105.0,UG/M3,1 Hr,Valid
Phora Durbar Kathmandu,PM2.5 - Principal,2024-10-09 03:00 AM,2024,10,09,03,53.8,146,Unhealthy for Sensitive Groups,42.0,UG/M3,1 Hr,Valid
Phora Durbar Kathmandu,PM2.5 - Principal,2024-10-09 04:00 AM,2024,10,09,04,53.8,146,Unhealthy for Sensitive Groups,-15.0,UG/M3,1 Hr,Invalid
Phora Durbar Kathmandu,PM2.5 - Principal,2024-10-09 05:00 AM,2024,10,09,05,55.9,151,Unhealthy,57.0,UG/M3,1 Hr,Valid
Phora Durbar Kathmandu,PM2.5 - Principal,2024-10-09 06:00 AM,2024,10,09,06,42.8,119,Unhealthy for Sensitive Groups,33.0,UG/M3,1 Hr,Valid
Phora Durbar Kathmandu,PM2.5 - Principal,2024-10-09 07:00 AM,2024,10,09,07,42.8,119,Unhealthy for Sensitive Groups,-7.0,UG/M3,1 Hr,Invalid
Phora Durbar Kathmandu,PM2.5 - Principal,2024-10-09 08:00 AM,2024,10,09,08,39.4,111,Unhealthy for Sensitive Groups,38.0,UG/M3,1 Hr,Valid
Phora Durbar Kathmandu,PM2.5 - Principal,2024-10-09 09:00 AM,2024,10,09,09,47.3,130,Unhealthy for Sensitive Groups,53.0,UG/M3,1 Hr,Valid
Phora Durbar Kathmandu,PM2.5 - Principal,2024-10-09 10:00 AM,2024,10,09,10,26.7,84,Moderate,9.0,UG/M3,1 Hr,Valid
Phora Durbar Kathmandu,PM2.5 - Principal,2024-10-09 11:00 AM,2024,10,09,11,34.6,99,Moderate,42.0,UG/M3,1 Hr,Valid
Phora Durbar Kathmandu,PM2.5 - Principal,2024-10-09 12:00 PM,2024,10,09,12,14.9,62,Moderate,-4.0,UG/M3,1 Hr,Valid
Phora Durbar Kathmandu,PM2.5 - Principal,2024-10-09 01:00 PM,2024,10,09,13,9.4,52,Moderate,4.0,UG/M3,1 Hr,Valid
Phora Durbar Kathmandu,PM2.5 - Principal,2024-10-09 02:00 PM,2024,10,09,14,45.8,126,Unhealthy for Sensitive Groups,82.0,UG/M3,1 Hr,Valid
Phora Durbar Kathmandu,PM2.5 - Principal,2024-10-09 03:00 PM,2024,10,09,15,39.4,111,Unhealthy for Sensitive Groups,33.0,UG/M3,1 Hr,Valid
Phora Durbar Kathmandu,PM2.5 - Principal,2024-10-09 04:00 PM,2024,10,09,16,53.7,146,Unhealthy for Sensitive Groups,68.0,UG/M3,1 Hr,Valid
Phora Durbar Kathmandu,PM2.5 - Principal,2024-10-09 05:00 PM,2024,10,09,17,53.7,146,Unhealthy for Sensitive Groups,-8.0,UG/M3,1 Hr,Invalid
Phora Durbar Kathmandu,PM2.5 - Principal,2024-10-09 06:00 PM,2024,10,09,18,93.2,177,Unhealthy,113.0,UG/M3,1 Hr,Valid
Phora Durbar Kathmandu,PM2.5 - Principal,2024-10-09 07:00 PM,2024,10,09,19,58.8,153,Unhealthy,33.0,UG/M3,1 Hr,Valid
Phora Durbar Kathmandu,PM2.5 - Principal,2024-10-09 08:00 PM,2024,10,09,20,35.9,102,Unhealthy for Sensitive Groups,16.0,UG/M3,1 Hr,Valid
Phora Durbar Kathmandu,PM2.5 - Principal,2024-10-09 09:00 PM,2024,10,09,21,37.5,106,Unhealthy for Sensitive Groups,39.0,UG/M3,1 Hr,Valid
Phora Durbar Kathmandu,PM2.5 - Principal,2024-10-09 10:00 PM,2024,10,09,22,57.5,152,Unhealthy,77.0,UG/M3,1 Hr,Valid
Phora Durbar Kathmandu,PM2.5 - Principal,2024-10-09 11:00 PM,2024,10,09,23,31.0,92,Moderate,5.0,UG/M3,1 Hr,Valid
Phora Durbar Kathmandu,PM2.5 - Principal,2024-10-10 12:00 AM,2024,10,10,00,54.1,147,Unhealthy for Sensitive Groups,77.0,UG/M3,1 Hr,Valid
Phora Durbar Kathmandu,PM2.5 - Principal,2024-10-10 01:00 AM,2024,10,10,01,43.0,119,Unhealthy for Sensitive Groups,32.0,UG/M3,1 Hr,Valid
Phora Durbar Kathmandu,PM2.5 - Principal,2024-10-10 02:00 AM,2024,10,10,02,22.9,77,Moderate,3.0,UG/M3,1 Hr,Valid
Phora Durbar Kathmandu,PM2.5 - Principal,2024-10-10 03:00 AM,2024,10,10,03,42.5,118,Unhealthy for Sensitive Groups,62.0,UG/M3,1 Hr,Valid
Phora Durbar Kathmandu,PM2.5 - Principal,2024-10-10 04:00 AM,2024,10,10,04,42.5,118,Unhealthy for Sensitive Groups,-5.0,UG/M3,1 Hr,Invalid
Phora Durbar Kathmandu,PM2.5 - Principal,2024-10-10 05:00 AM,2024,10,10,05,102.1,184,Unhealthy,132.0,UG/M3,1 Hr,Valid
Phora Durbar Kathmandu,PM2.5 - Principal,2024-10-10 06:00 AM,2024,10,10,06,90.0,175,Unhealthy,81.0,UG/M3,1 Hr,Valid
Phora Durbar Kathmandu,PM2.5 - Principal,2024-10-10 07:00 AM,2024,10,10,07,90.0,175,Unhealthy,-15.0,UG/M3,1 Hr,Invalid
Phora Durbar Kathmandu,PM2.5 - Principal,2024-10-10 08:00 AM,2024,10,10,08,54.5,148,Unhealthy for Sensitive Groups,39.0,UG/M3,1 Hr,Valid
Phora Durbar Kathmandu,PM2.5 - Principal,2024-10-10 09:00 AM,2024,10,10,09,-999.0,-999,N/A,-15.0,UG/M3,1 Hr,Invalid
Phora Durbar Kathmandu,PM2.5 - Principal,2024-10-10 10:00 AM,2024,10,10,10,87.9,174,Unhealthy,100.0,UG/M3,1 Hr,Valid
Phora Durbar Kathmandu,PM2.5 - Principal,2024-10-10 11:00 AM,2024,10,10,11,-999.0,-999,N/A,-8.0,UG/M3,1 Hr,Invalid
Phora Durbar Kathmandu,PM2.5 - Principal,2024-10-10 12:00 PM,2024,10,10,12,34.2,98,Moderate,16.0,UG/M3,1 Hr,Valid
Phora Durbar Kathmandu,PM2.5 - Principal,2024-10-10 01:00 PM,2024,10,10,13,61.0,155,Unhealthy,79.0,UG/M3,1 Hr,Valid
Phora Durbar Kathmandu,PM2.5 - Principal,2024-10-10 02:00 PM,2024,10,10,14,61.0,155,Unhealthy,-7.0,UG/M3,1 Hr,Invalid
Phora Durbar Kathmandu,PM2.5 - Principal,2024-10-10 03:00 PM,2024,10,10,15,-999.0,-999,N/A,-15.0,UG/M3,1 Hr,Invalid
Phora Durbar Kathmandu,PM2.5 - Principal,2024-10-10 04:00 PM,2024,10,10,16,-999.0,-999,N/A,72.0,UG/M3,1 Hr,Valid
Phora Durbar Kathmandu,PM2.5 - Principal,2024-10-10 05:00 PM,2024,10,10,17,-999.0,-999,N/A,-15.0,UG/M3,1 Hr,Invalid
Phora Durbar Kathmandu,PM2.5 - Principal,2024-10-10 06:00 PM,2024,10,10,18,48.5,133,Unhealthy for Sensitive Groups,42.0,UG/M3,1 Hr,Valid
Phora Durbar Kathmandu,PM2.5 - Principal,2024-10-10 07:00 PM,2024,10,10,19,17.9,67,Moderate,-2.0,UG/M3,1 Hr,Valid
Phora Durbar Kathmandu,PM2.5 - Principal,2024-10-10 08:00 PM,2024,10,10,20,20.6,72,Moderate,23.0,UG/M3,1 Hr,Valid
Phora Durbar Kathmandu,PM2.5 - Principal,2024-10-10 09:00 PM,2024,10,10,21,64.7,157,Unhealthy,105.0,UG/M3,1 Hr,Valid
Phora Durbar Kathmandu,PM2.5 - Principal,2024-10-10 10:00 PM,2024,10,10,22,58.7,153,Unhealthy,53.0,UG/M3,1 Hr,Valid
Phora Durbar Kathmandu,PM2.5 - Principal,2024-10-10 11:00 PM,2024,10,10,23,53.8,146,Unhealthy for Sensitive Groups,49.0,UG/M3,1 Hr,Valid
Phora Durbar Kathmandu,PM2.5 - Principal,2024-10-11 12:00 AM,2024,10,11,00,50.3,137,Unhealthy for Sensitive Groups,47.0,UG/M3,1 Hr,Valid
Phora Durbar Kathmandu,PM2.5 - Principal,2024-10-11 01:00 AM,2024,10,11,01,44.6,123,Unhealthy for Sensitive Groups,39.0,UG/M3,1 Hr,Valid
Phora Durbar Kathmandu,PM2.5 - Principal,2024-10-11 02:00 AM,2024,10,11,02,34.3,98,Moderate,24.0,UG/M3,1 Hr,Valid
Phora Durbar Kathmandu,PM2.5 - Principal,2024-10-11 03:00 AM,2024,10,11,03,39.1,110,Unhealthy for Sensitive Groups,44.0,UG/M3,1 Hr,Valid
Phora Durbar Kathmandu,PM2.5 - Principal,2024-10-11 04:00 AM,2024,10,11,04,43.5,121,Unhealthy for Sensitive Groups,48.0,UG/M3,1 Hr,Valid
Phora Durbar Kathmandu,PM2.5 - Principal,2024-10-11 05:00 AM,2024,10,11,05,50.2,137,Unhealthy for Sensitive Groups,57.0,UG/M3,1 Hr,Valid
Phora Durbar Kathmandu,PM2.5 - Principal,2024-10-11 06:00 AM,2024,10,11,06,28.1,86,Moderate,6.0,UG/M3,1 Hr,Valid
Phora Durbar Kathmandu,PM2.5 - Principal,2024-10-11 07:00 AM,2024,10,11,07,31.5,93,Moderate,35.0,UG/M3,1 Hr,Valid
Phora Durbar Kathmandu,PM2.5 - Principal,2024-10-11 08:00 AM,2024,10,11,08,40.2,113,Unhealthy for Sensitive Groups,49.0,UG/M3,1 Hr,Valid
Phora Durbar Kathmandu,PM2.5 - Principal,2024-10-11 09:00 AM,2024,10,11,09,41.6,116,Unhealthy for Sensitive Groups,43.0,UG/M3,1 Hr,Valid
Phora Durbar Kathmandu,PM2.5 - Principal,2024-10-11 10:00 AM,2024,10,11,10,40.8,114,Unhealthy for Sensitive Groups,40.0,UG/M3,1 Hr,Valid
Phora Durbar Kathmandu,PM2.5 - Principal,2024-10-11 11:00 AM,2024,10,11,11,38.9,109,Unhealthy for Sensitive Groups,37.0,UG/M3,1 Hr,Valid
Phora Durbar Kathmandu,PM2.5 - Principal,2024-10-11 12:00 PM,2024,10,11,12,38.9,109,Unhealthy for Sensitive Groups,-5.0,UG/M3,1 Hr,Invalid
Phora Durbar Kathmandu,PM2.5 - Principal,2024-10-11 01:00 PM,2024,10,11,13,43.6,121,Unhealthy for Sensitive Groups,46.0,UG/M3,1 Hr,Valid
Phora Durbar Kathmandu,PM2.5 - Principal,2024-10-11 02:00 PM,2024,10,11,14,47.8,131,Unhealthy for Sensitive Groups,51.0,UG/M3,1 Hr,Valid
Phora Durbar Kathmandu,PM2.5 - Principal,2024-10-11 03:00 PM,2024,10,11,15,60.7,155,Unhealthy,72.0,UG/M3,1 Hr,Valid
Phora Durbar Kathmandu,PM2.5 - Principal,2024-10-11 04:00 PM,2024,10,11,16,60.7,155,Unhealthy,-15.0,UG/M3,1 Hr,Invalid
Phora Durbar Kathmandu,PM2.5 - Principal,2024-10-11 05:00 PM,2024,10,11,17,42.5,118,Unhealthy for Sensitive Groups,34.0,UG/M3,1 Hr,Valid
Phora Durbar Kathmandu,PM2.5 - Principal,2024-10-11 06:00 PM,2024,10,11,18,33.5,96,Moderate,27.0,UG/M3,1 Hr,Valid
Phora Durbar Kathmandu,PM2.5 - Principal,2024-10-11 07:00 PM,2024,10,11,19,35.9,102,Unhealthy for Sensitive Groups,38.0,UG/M3,1 Hr,Valid
Phora Durbar Kathmandu,PM2.5 - Principal,2024-10-11 08:00 PM,2024,10,11,20,40.1,112,Unhealthy for Sensitive Groups,44.0,UG/M3,1 Hr,Valid
Phora Durbar Kathmandu,PM2.5 - Principal,2024-10-11 09:00 PM,2024,10,11,21,49.7,136,Unhealthy for Sensitive Groups,59.0,UG/M3,1 Hr,Valid
Phora Durbar Kathmandu,PM2.5 - Principal,2024-10-11 10:00 PM,2024,10,11,22,49.7,136,Unhealthy for Sensitive Groups,-15.0,UG/M3,1 Hr,Invalid
Phora Durbar Kathmandu,PM2.5 - Principal,2024-10-11 11:00 PM,2024,10,11,23,51.9,141,Unhealthy for Sensitive Groups,53.0,UG/M3,1 Hr,Valid
Phora Durbar Kathmandu,PM2.5 - Principal,2024-10-12 12:00 AM,2024,10,12,00,63.9,157,Unhealthy,73.0,UG/M3,1 Hr,Valid
Phora Durbar Kathmandu,PM2.5 - Principal,2024-10-12 01:00 AM,2024,10,12,01,50.1,137,Unhealthy for Sensitive Groups,38.0,UG/M3,1 Hr,Valid
Phora Durbar Kathmandu,PM2.5 - Principal,2024-10-12 02:00 AM,2024,10,12,02,43.3,120,Unhealthy for Sensitive Groups,37.0,UG/M3,1 Hr,Valid
Phora Durbar Kathmandu,PM2.5 - Principal,2024-10-12 03:00 AM,2024,10,12,03,42.6,118,Unhealthy for Sensitive Groups,42.0,UG/M3,1 Hr,Valid
Phora Durbar Kathmandu,PM2.5 - Principal,2024-10-12 04:00 AM,2024,10,12,04,40.3,113,Unhealthy for Sensitive Groups,38.0,UG/M3,1 Hr,Valid
Phora Durbar Kathmandu,PM2.5 - Principal,2024-10-12 05:00 AM,2024,10,12,05,44.6,123,Unhealthy for Sensitive Groups,49.0,UG/M3,1 Hr,Valid
Phora Durbar Kathmandu,PM2.5 - Principal,2024-10-12 06:00 AM,2024,10,12,06,45.3,125,Unhealthy for Sensitive Groups,46.0,UG/M3,1 Hr,Valid
Phora Durbar Kathmandu,PM2.5 - Principal,2024-10-12 07:00 AM,2024,10,12,07,30.1,90,Moderate,15.0,UG/M3,1 Hr,Valid
Phora Durbar Kathmandu,PM2.5 - Principal,2024-10-12 08:00 AM,2024,10,12,08,49.5,135,Unhealthy for Sensitive Groups,69.0,UG/M3,1 Hr,Valid
Phora Durbar Kathmandu,PM2.5 - Principal,2024-10-12 09:00 AM,2024,10,12,09,47.2,130,Unhealthy for Sensitive Groups,45.0,UG/M3,1 Hr,Valid
Phora Durbar Kathmandu,PM2.5 - Principal,2024-10-12 10:00 AM,2024,10,12,10,42.6,118,Unhealthy for Sensitive Groups,38.0,UG/M3,1 Hr,Valid
Phora Durbar Kathmandu,PM2.5 - Principal,2024-10-12 11:00 AM,2024,10,12,11,62.8,156,Unhealthy,83.0,UG/M3,1 Hr,Valid
Phora Durbar Kathmandu,PM2.5 - Principal,2024-10-12 12:00 PM,2024,10,12,12,44.9,124,Unhealthy for Sensitive Groups,27.0,UG/M3,1 Hr,Valid
Phora Durbar Kathmandu,PM2.5 - Principal,2024-10-12 01:00 PM,2024,10,12,13,72.9,163,Unhealthy,101.0,UG/M3,1 Hr,Valid
Phora Durbar Kathmandu,PM2.5 - Principal,2024-10-12 02:00 PM,2024,10,12,14,38.4,108,Unhealthy for Sensitive Groups,4.0,UG/M3,1 Hr,Valid
Phora Durbar Kathmandu,PM2.5 - Principal,2024-10-12 03:00 PM,2024,10,12,15,18.7,69,Moderate,-1.0,UG/M3,1 Hr,Valid
Phora Durbar Kathmandu,PM2.5 - Principal,2024-10-12 04:00 PM,2024,10,12,16,19.8,71,Moderate,21.0,UG/M3,1 Hr,Valid
Phora Durbar Kathmandu,PM2.5 - Principal,2024-10-12 05:00 PM,2024,10,12,17,44.4,123,Unhealthy for Sensitive Groups,69.0,UG/M3,1 Hr,Valid
Phora Durbar Kathmandu,PM2.5 - Principal,2024-10-12 06:00 PM,2024,10,12,18,30.7,91,Moderate,17.0,UG/M3,1 Hr,Valid
Phora Durbar Kathmandu,PM2.5 - Principal,2024-10-12 07:00 PM,2024,10,12,19,36.3,103,Unhealthy for Sensitive Groups,42.0,UG/M3,1 Hr,Valid
Phora Durbar Kathmandu,PM2.5 - Principal,2024-10-12 08:00 PM,2024,10,12,20,38.1,107,Unhealthy for Sensitive Groups,40.0,UG/M3,1 Hr,Valid
Phora Durbar Kathmandu,PM2.5 - Principal,2024-10-12 09:00 PM,2024,10,12,21,37.5,106,Unhealthy for Sensitive Groups,37.0,UG/M3,1 Hr,Valid
Phora Durbar Kathmandu,PM2.5 - Principal,2024-10-12 10:00 PM,2024,10,12,22,53.2,145,Unhealthy for Sensitive Groups,69.0,UG/M3,1 Hr,Valid
Phora Durbar Kathmandu,PM2.5 - Principal,2024-10-12 11:00 PM,2024,10,12,23,53.2,145,Unhealthy for Sensitive Groups,-15.0,UG/M3,1 Hr,Invalid
Phora Durbar Kathmandu,PM2.5 - Principal,2024-10-13 12:00 AM,2024,10,13,00,58.4,153,Unhealthy,61.0,UG/M3,1 Hr,Valid
Phora Durbar Kathmandu,PM2.5 - Principal,2024-10-13 01:00 AM,2024,10,13,01,43.8,121,Unhealthy for Sensitive Groups,33.0,UG/M3,1 Hr,Valid
Phora Durbar Kathmandu,PM2.5 - Principal,2024-10-13 02:00 AM,2024,10,13,02,30.6,91,Moderate,19.0,UG/M3,1 Hr,Valid
Phora Durbar Kathmandu,PM2.5 - Principal,2024-10-13 03:00 AM,2024,10,13,03,21.5,74,Moderate,13.0,UG/M3,1 Hr,Valid
Phora Durbar Kathmandu,PM2.5 - Principal,2024-10-13 04:00 AM,2024,10,13,04,21.2,74,Moderate,21.0,UG/M3,1 Hr,Valid
Phora Durbar Kathmandu,PM2.5 - Principal,2024-10-13 05:00 AM,2024,10,13,05,30.1,90,Moderate,39.0,UG/M3,1 Hr,Valid
Phora Durbar Kathmandu,PM2.5 - Principal,2024-10-13 06:00 AM,2024,10,13,06,37.6,106,Unhealthy for Sensitive Groups,45.0,UG/M3,1 Hr,Valid
Phora Durbar Kathmandu,PM2.5 - Principal,2024-10-13 07:00 AM,2024,10,13,07,40.8,114,Unhealthy for Sensitive Groups,44.0,UG/M3,1 Hr,Valid
Phora Durbar Kathmandu,PM2.5 - Principal,2024-10-13 08:00 AM,2024,10,13,08,34.9,99,Moderate,29.0,UG/M3,1 Hr,Valid
Phora Durbar Kathmandu,PM2.5 - Principal,2024-10-13 09:00 AM,2024,10,13,09,37.9,107,Unhealthy for Sensitive Groups,41.0,UG/M3,1 Hr,Valid
Phora Durbar Kathmandu,PM2.5 - Principal,2024-10-13 10:00 AM,2024,10,13,10,17.4,66,Moderate,-3.0,UG/M3,1 Hr,Valid
Phora Durbar Kathmandu,PM2.5 - Principal,2024-10-13 11:00 AM,2024,10,13,11,45.7,126,Unhealthy for Sensitive Groups,74.0,UG/M3,1 Hr,Valid
Phora Durbar Kathmandu,PM2.5 - Principal,2024-10-13 12:00 PM,2024,10,13,12,45.7,126,Unhealthy for Sensitive Groups,-15.0,UG/M3,1 Hr,Invalid
Phora Durbar Kathmandu,PM2.5 - Principal,2024-10-13 01:00 PM,2024,10,13,13,46.5,128,Unhealthy for Sensitive Groups,47.0,UG/M3,1 Hr,Valid
Phora Durbar Kathmandu,PM2.5 - Principal,2024-10-13 02:00 PM,2024,10,13,14,73.1,163,Unhealthy,93.0,UG/M3,1 Hr,Valid
Phora Durbar Kathmandu,PM2.5 - Principal,2024-10-13 03:00 PM,2024,10,13,15,39.9,112,Unhealthy for Sensitive Groups,11.0,UG/M3,1 Hr,Valid
Phora Durbar Kathmandu,PM2.5 - Principal,2024-10-13 04:00 PM,2024,10,13,16,39.9,112,Unhealthy for Sensitive Groups,174.0,UG/M3,1 Hr,Invalid
Phora Durbar Kathmandu,PM2.5 - Principal,2024-10-13 05:00 PM,2024,10,13,17,23.6,78,Moderate,16.0,UG/M3,1 Hr,Valid
Phora Durbar Kathmandu,PM2.5 - Principal,2024-10-13 06:00 PM,2024,10,13,18,30.7,91,Moderate,36.0,UG/M3,1 Hr,Valid
Phora Durbar Kathmandu,PM2.5 - Principal,2024-10-13 07:00 PM,2024,10,13,19,27.1,85,Moderate,24.0,UG/M3,1 Hr,Valid
Phora Durbar Kathmandu,PM2.5 - Principal,2024-10-13 08:00 PM,2024,10,13,20,26.0,82,Moderate,25.0,UG/M3,1 Hr,Valid
Phora Durbar Kathmandu,PM2.5 - Principal,2024-10-13 09:00 PM,2024,10,13,21,35.1,99,Moderate,44.0,UG/M3,1 Hr,Valid
Phora Durbar Kathmandu,PM2.5 - Principal,2024-10-13 10:00 PM,2024,10,13,22,57.7,153,Unhealthy,80.0,UG/M3,1 Hr,Valid
Phora Durbar Kathmandu,PM2.5 - Principal,2024-10-13 11:00 PM,2024,10,13,23,48.3,133,Unhealthy for Sensitive Groups,39.0,UG/M3,1 Hr,Valid
Phora Durbar Kathmandu,PM2.5 - Principal,2024-10-14 12:00 AM,2024,10,14,00,44.1,122,Unhealthy for Sensitive Groups,40.0,UG/M3,1 Hr,Valid
Phora Durbar Kathmandu,PM2.5 - Principal,2024-10-14 01:00 AM,2024,10,14,01,39.0,110,Unhealthy for Sensitive Groups,34.0,UG/M3,1 Hr,Valid
Phora Durbar Kathmandu,PM2.5 - Principal,2024-10-14 02:00 AM,2024,10,14,02,28.0,86,Moderate,17.0,UG/M3,1 Hr,Valid
Phora Durbar Kathmandu,PM2.5 - Principal,2024-10-14 03:00 AM,2024,10,14,03,23.0,77,Moderate,18.0,UG/M3,1 Hr,Valid
Phora Durbar Kathmandu,PM2.5 - Principal,2024-10-14 04:00 AM,2024,10,14,04,34.5,98,Moderate,46.0,UG/M3,1 Hr,Valid
Phora Durbar Kathmandu,PM2.5 - Principal,2024-10-14 05:00 AM,2024,10,14,05,34.5,98,Moderate,-10.0,UG/M3,1 Hr,Invalid
Phora Durbar Kathmandu,PM2.5 - Principal,2024-10-14 06:00 AM,2024,10,14,06,46.1,127,Unhealthy for Sensitive Groups,52.0,UG/M3,1 Hr,Valid
Phora Durbar Kathmandu,PM2.5 - Principal,2024-10-14 07:00 AM,2024,10,14,07,56.3,152,Unhealthy,64.0,UG/M3,1 Hr,Valid
Phora Durbar Kathmandu,PM2.5 - Principal,2024-10-14 08:00 AM,2024,10,14,08,46.5,128,Unhealthy for Sensitive Groups,38.0,UG/M3,1 Hr,Valid
Phora Durbar Kathmandu,PM2.5 - Principal,2024-10-14 09:00 AM,2024,10,14,09,43.6,121,Unhealthy for Sensitive Groups,41.0,UG/M3,1 Hr,Valid
Phora Durbar Kathmandu,PM2.5 - Principal,2024-10-14 10:00 AM,2024,10,14,10,51.9,141,Unhealthy for Sensitive Groups,60.0,UG/M3,1 Hr,Valid
Phora Durbar Kathmandu,PM2.5 - Principal,2024-10-14 11:00 AM,2024,10,14,11,40.8,114,Unhealthy for Sensitive Groups,30.0,UG/M3,1 Hr,Valid
Phora Durbar Kathmandu,PM2.5 - Principal,2024-10-14 12:00 PM,2024,10,14,12,37.4,106,Unhealthy for Sensitive Groups,34.0,UG/M3,1 Hr,Valid
Phora Durbar Kathmandu,PM2.5 - Principal,2024-10-14 01:00 PM,2024,10,14,13,32.7,95,Moderate,28.0,UG/M3,1 Hr,Valid
Phora Durbar Kathmandu,PM2.5 - Principal,2024-10-14 02:00 PM,2024,10,14,14,36.8,104,Unhealthy for Sensitive Groups,41.0,UG/M3,1 Hr,Valid
Phora Durbar Kathmandu,PM2.5 - Principal,2024-10-14 03:00 PM,2024,10,14,15,25.4,81,Moderate,14.0,UG/M3,1 Hr,Valid
Phora Durbar Kathmandu,PM2.5 - Principal,2024-10-14 04:00 PM,2024,10,14,16,38.7,109,Unhealthy for Sensitive Groups,52.0,UG/M3,1 Hr,Valid
Phora Durbar Kathmandu,PM2.5 - Principal,2024-10-14 05:00 PM,2024,10,14,17,31.8,93,Moderate,25.0,UG/M3,1 Hr,Valid
Phora Durbar Kathmandu,PM2.5 - Principal,2024-10-14 06:00 PM,2024,10,14,18,25.4,81,Moderate,19.0,UG/M3,1 Hr,Valid
Phora Durbar Kathmandu,PM2.5 - Principal,2024-10-14 07:00 PM,2024,10,14,19,25.4,81,Moderate,174.0,UG/M3,1 Hr,Invalid
Phora Durbar Kathmandu,PM2.5 - Principal,2024-10-14 08:00 PM,2024,10,14,20,19.1,70,Moderate,16.0,UG/M3,1 Hr,Valid
Phora Durbar Kathmandu,PM2.5 - Principal,2024-10-14 09:00 PM,2024,10,14,21,-999.0,-999,N/A,-15.0,UG/M3,1 Hr,Invalid
Phora Durbar Kathmandu,PM2.5 - Principal,2024-10-14 10:00 PM,2024,10,14,22,77.9,167,Unhealthy,100.0,UG/M3,1 Hr,Valid
Phora Durbar Kathmandu,PM2.5 - Principal,2024-10-14 11:00 PM,2024,10,14,23,-999.0,-999,N/A,-3.0,UG/M3,1 Hr,Invalid
Phora Durbar Kathmandu,PM2.5 - Principal,2024-10-15 12:00 AM,2024,10,15,00,24.4,80,Moderate,6.0,UG/M3,1 Hr,Valid
Phora Durbar Kathmandu,PM2.5 - Principal,2024-10-15 01:00 AM,2024,10,15,01,27.7,86,Moderate,30.0,UG/M3,1 Hr,Valid
Phora Durbar Kathmandu,PM2.5 - Principal,2024-10-15 02:00 AM,2024,10,15,02,72.0,163,Unhealthy,109.0,UG/M3,1 Hr,Valid
Phora Durbar Kathmandu,PM2.5 - Principal,2024-10-15 03:00 AM,2024,10,15,03,44.8,124,Unhealthy for Sensitive Groups,20.0,UG/M3,1 Hr,Valid
Phora Durbar Kathmandu,PM2.5 - Principal,2024-10-15 04:00 AM,2024,10,15,04,72.5,163,Unhealthy,99.0,UG/M3,1 Hr,Valid
Phora Durbar Kathmandu,PM2.5 - Principal,2024-10-15 05:00 AM,2024,10,15,05,54.5,148,Unhealthy for Sensitive Groups,37.0,UG/M3,1 Hr,Valid
Phora Durbar Kathmandu,PM2.5 - Principal,2024-10-15 06:00 AM,2024,10,15,06,63.8,157,Unhealthy,73.0,UG/M3,1 Hr,Valid
Phora Durbar Kathmandu,PM2.5 - Principal,2024-10-15 07:00 AM,2024,10,15,07,53.3,145,Unhealthy for Sensitive Groups,43.0,UG/M3,1 Hr,Valid
Phora Durbar Kathmandu,PM2.5 - Principal,2024-10-15 08:00 AM,2024,10,15,08,41.1,115,Unhealthy for Sensitive Groups,29.0,UG/M3,1 Hr,Valid
Phora Durbar Kathmandu,PM2.5 - Principal,2024-10-15 09:00 AM,2024,10,15,09,57.1,152,Unhealthy,73.0,UG/M3,1 Hr,Valid
Phora Durbar Kathmandu,PM2.5 - Principal,2024-10-15 10:00 AM,2024,10,15,10,65.0,158,Unhealthy,73.0,UG/M3,1 Hr,Valid
Phora Durbar Kathmandu,PM2.5 - Principal,2024-10-15 11:00 AM,2024,10,15,11,61.5,155,Unhealthy,58.0,UG/M3,1 Hr,Valid
Phora Durbar Kathmandu,PM2.5 - Principal,2024-10-15 12:00 PM,2024,10,15,12,33.7,97,Moderate,6.0,UG/M3,1 Hr,Valid
Phora Durbar Kathmandu,PM2.5 - Principal,2024-10-15 01:00 PM,2024,10,15,13,30.8,91,Moderate,28.0,UG/M3,1 Hr,Valid
Phora Durbar Kathmandu,PM2.5 - Principal,2024-10-15 02:00 PM,2024,10,15,14,61.9,155,Unhealthy,93.0,UG/M3,1 Hr,Valid
Phora Durbar Kathmandu,PM2.5 - Principal,2024-10-15 03:00 PM,2024,10,15,15,40.4,113,Unhealthy for Sensitive Groups,19.0,UG/M3,1 Hr,Valid
Phora Durbar Kathmandu,PM2.5 - Principal,2024-10-15 04:00 PM,2024,10,15,16,62.2,156,Unhealthy,84.0,UG/M3,1 Hr,Valid
Phora Durbar Kathmandu,PM2.5 - Principal,2024-10-15 05:00 PM,2024,10,15,17,47.1,130,Unhealthy for Sensitive Groups,32.0,UG/M3,1 Hr,Valid
Phora Durbar Kathmandu,PM2.5 - Principal,2024-10-15 06:00 PM,2024,10,15,18,57.5,152,Unhealthy,68.0,UG/M3,1 Hr,Valid
Phora Durbar Kathmandu,PM2.5 - Principal,2024-10-15 07:00 PM,2024,10,15,19,34.2,98,Moderate,11.0,UG/M3,1 Hr,Valid
Phora Durbar Kathmandu,PM2.5 - Principal,2024-10-15 08:00 PM,2024,10,15,20,65.1,158,Unhealthy,96.0,UG/M3,1 Hr,Valid
Phora Durbar Kathmandu,PM2.5 - Principal,2024-10-15 09:00 PM,2024,10,15,21,67.5,159,Unhealthy,70.0,UG/M3,1 Hr,Valid
Phora Durbar Kathmandu,PM2.5 - Principal,2024-10-15 10:00 PM,2024,10,15,22,67.5,159,Unhealthy,-6.0,UG/M3,1 Hr,Invalid
Phora Durbar Kathmandu,PM2.5 - Principal,2024-10-15 11:00 PM,2024,10,15,23,73.1,163,Unhealthy,76.0,UG/M3,1 Hr,Valid
Phora Durbar Kathmandu,PM2.5 - Principal,2024-10-16 12:00 AM,2024,10,16,00,56.5,152,Unhealthy,44.0,UG/M3,1 Hr,Valid
Phora Durbar Kathmandu,PM2.5 - Principal,2024-10-16 01:00 AM,2024,10,16,01,54.1,147,Unhealthy for Sensitive Groups,52.0,UG/M3,1 Hr,Valid
Phora Durbar Kathmandu,PM2.5 - Principal,2024-10-16 02:00 AM,2024,10,16,02,28.2,87,Moderate,4.0,UG/M3,1 Hr,Valid
Phora Durbar Kathmandu,PM2.5 - Principal,2024-10-16 03:00 AM,2024,10,16,03,28.2,87,Moderate,-5.0,UG/M3,1 Hr,Invalid
Phora Durbar Kathmandu,PM2.5 - Principal,2024-10-16 04:00 AM,2024,10,16,04,53.0,144,Unhealthy for Sensitive Groups,65.0,UG/M3,1 Hr,Valid
Phora Durbar Kathmandu,PM2.5 - Principal,2024-10-16 05:00 AM,2024,10,16,05,63.9,157,Unhealthy,72.0,UG/M3,1 Hr,Valid
Phora Durbar Kathmandu,PM2.5 - Principal,2024-10-16 06:00 AM,2024,10,16,06,58.6,153,Unhealthy,54.0,UG/M3,1 Hr,Valid
Phora Durbar Kathmandu,PM2.5 - Principal,2024-10-16 07:00 AM,2024,10,16,07,58.6,153,Unhealthy,-15.0,UG/M3,1 Hr,Invalid
Phora Durbar Kathmandu,PM2.5 - Principal,2024-10-16 08:00 AM,2024,10,16,08,53.4,145,Unhealthy for Sensitive Groups,51.0,UG/M3,1 Hr,Valid
Phora Durbar Kathmandu,PM2.5 - Principal,2024-10-16 09:00 AM,2024,10,16,09,42.2,117,Unhealthy for Sensitive Groups,34.0,UG/M3,1 Hr,Valid
Phora Durbar Kathmandu,PM2.5 - Principal,2024-10-16 10:00 AM,2024,10,16,10,54.9,149,Unhealthy for Sensitive Groups,66.0,UG/M3,1 Hr,Valid
Phora Durbar Kathmandu,PM2.5 - Principal,2024-10-16 11:00 AM,2024,10,16,11,68.9,160,Unhealthy,82.0,UG/M3,1 Hr,Valid
Phora Durbar Kathmandu,PM2.5 - Principal,2024-10-16 12:00 PM,2024,10,16,12,69.4,161,Unhealthy,70.0,UG/M3,1 Hr,Valid
Phora Durbar Kathmandu,PM2.5 - Principal,2024-10-16 01:00 PM,2024,10,16,13,69.4,161,Unhealthy,-15.0,UG/M3,1 Hr,Invalid
Phora Durbar Kathmandu,PM2.5 - Principal,2024-10-16 02:00 PM,2024,10,16,14,49.0,134,Unhealthy for Sensitive Groups,39.0,UG/M3,1 Hr,Valid
Phora Durbar Kathmandu,PM2.5 - Principal,2024-10-16 03:00 PM,2024,10,16,15,-999.0,-999,N/A,-15.0,UG/M3,1 Hr,Invalid
Phora Durbar Kathmandu,PM2.5 - Principal,2024-10-16 04:00 PM,2024,10,16,16,91.9,177,Unhealthy,108.0,UG/M3,1 Hr,Valid
Phora Durbar Kathmandu,PM2.5 - Principal,2024-10-16 05:00 PM,2024,10,16,17,40.4,113,Unhealthy for Sensitive Groups,5.0,UG/M3,1 Hr,Valid
Phora Durbar Kathmandu,PM2.5 - Principal,2024-10-16 06:00 PM,2024,10,16,18,65.1,158,Unhealthy,86.0,UG/M3,1 Hr,Valid
Phora Durbar Kathmandu,PM2.5 - Principal,2024-10-16 07:00 PM,2024,10,16,19,51.5,140,Unhealthy for Sensitive Groups,39.0,UG/M3,1 Hr,Valid
Phora Durbar Kathmandu,PM2.5 - Principal,2024-10-16 08:00 PM,2024,10,16,20,64.0,157,Unhealthy,76.0,UG/M3,1 Hr,Valid
Phora Durbar Kathmandu,PM2.5 - Principal,2024-10-16 09:00 PM,2024,10,16,21,64.5,157,Unhealthy,65.0,UG/M3,1 Hr,Valid
Phora Durbar Kathmandu,PM2.5 - Principal,2024-10-16 10:00 PM,2024,10,16,22,63.2,156,Unhealthy,62.0,UG/M3,1 Hr,Valid
Phora Durbar Kathmandu,PM2.5 - Principal,2024-10-16 11:00 PM,2024,10,16,23,64.6,157,Unhealthy,66.0,UG/M3,1 Hr,Valid
Phora Durbar Kathmandu,PM2.5 - Principal,2024-10-17 12:00 AM,2024,10,17,00,55.8,151,Unhealthy,47.0,UG/M3,1 Hr,Valid
Phora Durbar Kathmandu,PM2.5 - Principal,2024-10-17 01:00 AM,2024,10,17,01,63.4,157,Unhealthy,71.0,UG/M3,1 Hr,Valid
Phora Durbar Kathmandu,PM2.5 - Principal,2024-10-17 02:00 AM,2024,10,17,02,40.1,112,Unhealthy for Sensitive Groups,17.0,UG/M3,1 Hr,Valid
Phora Durbar Kathmandu,PM2.5 - Principal,2024-10-17 03:00 AM,2024,10,17,03,69.6,161,Unhealthy,99.0,UG/M3,1 Hr,Valid
Phora Durbar Kathmandu,PM2.5 - Principal,2024-10-17 04:00 AM,2024,10,17,04,69.5,161,Unhealthy,-13.0,UG/M3,1 Hr,Invalid
Phora Durbar Kathmandu,PM2.5 - Principal,2024-10-17 05:00 AM,2024,10,17,05,72.5,163,Unhealthy,74.0,UG/M3,1 Hr,Valid
Phora Durbar Kathmandu,PM2.5 - Principal,2024-10-17 06:00 AM,2024,10,17,06,108.8,188,Unhealthy,136.0,UG/M3,1 Hr,Valid
Phora Durbar Kathmandu,PM2.5 - Principal,2024-10-17 07:00 AM,2024,10,17,07,84.9,172,Unhealthy,64.0,UG/M3,1 Hr,Valid
Phora Durbar Kathmandu,PM2.5 - Principal,2024-10-17 08:00 AM,2024,10,17,08,82.8,170,Unhealthy,81.0,UG/M3,1 Hr,Valid
Phora Durbar Kathmandu,PM2.5 - Principal,2024-10-17 09:00 AM,2024,10,17,09,78.3,167,Unhealthy,74.0,UG/M3,1 Hr,Valid
Phora Durbar Kathmandu,PM2.5 - Principal,2024-10-17 10:00 AM,2024,10,17,10,78.3,167,Unhealthy,-15.0,UG/M3,1 Hr,Invalid
Phora Durbar Kathmandu,PM2.5 - Principal,2024-10-17 11:00 AM,2024,10,17,11,76.1,165,Unhealthy,75.0,UG/M3,1 Hr,Valid
Phora Durbar Kathmandu,PM2.5 - Principal,2024-10-17 12:00 PM,2024,10,17,12,78.9,167,Unhealthy,81.0,UG/M3,1 Hr,Valid
Phora Durbar Kathmandu,PM2.5 - Principal,2024-10-17 01:00 PM,2024,10,17,13,59.2,154,Unhealthy,42.0,UG/M3,1 Hr,Valid
Phora Durbar Kathmandu,PM2.5 - Principal,2024-10-17 02:00 PM,2024,10,17,14,94.7,178,Unhealthy,128.0,UG/M3,1 Hr,Valid
Phora Durbar Kathmandu,PM2.5 - Principal,2024-10-17 03:00 PM,2024,10,17,15,94.7,178,Unhealthy,-2.0,UG/M3,1 Hr,Invalid
Phora Durbar Kathmandu,PM2.5 - Principal,2024-10-17 04:00 PM,2024,10,17,16,102.3,184,Unhealthy,106.0,UG/M3,1 Hr,Valid
Phora Durbar Kathmandu,PM2.5 - Principal,2024-10-17 05:00 PM,2024,10,17,17,44.7,124,Unhealthy for Sensitive Groups,2.0,UG/M3,1 Hr,Valid
Phora Durbar Kathmandu,PM2.5 - Principal,2024-10-17 06:00 PM,2024,10,17,18,110.6,190,Unhealthy,168.0,UG/M3,1 Hr,Valid
Phora Durbar Kathmandu,PM2.5 - Principal,2024-10-17 07:00 PM,2024,10,17,19,79.2,168,Unhealthy,50.0,UG/M3,1 Hr,Valid
Phora Durbar Kathmandu,PM2.5 - Principal,2024-10-17 08:00 PM,2024,10,17,20,89.8,175,Unhealthy,100.0,UG/M3,1 Hr,Valid
Phora Durbar Kathmandu,PM2.5 - Principal,2024-10-17 09:00 PM,2024,10,17,21,80.8,169,Unhealthy,72.0,UG/M3,1 Hr,Valid
Phora Durbar Kathmandu,PM2.5 - Principal,2024-10-17 10:00 PM,2024,10,17,22,92.9,177,Unhealthy,105.0,UG/M3,1 Hr,Valid
Phora Durbar Kathmandu,PM2.5 - Principal,2024-10-17 11:00 PM,2024,10,17,23,87.4,173,Unhealthy,82.0,UG/M3,1 Hr,Valid
Phora Durbar Kathmandu,PM2.5 - Principal,2024-10-18 12:00 AM,2024,10,18,00,90.7,176,Unhealthy,94.0,UG/M3,1 Hr,Valid
Phora Durbar Kathmandu,PM2.5 - Principal,2024-10-18 01:00 AM,2024,10,18,01,73.8,164,Unhealthy,57.0,UG/M3,1 Hr,Valid
Phora Durbar Kathmandu,PM2.5 - Principal,2024-10-18 02:00 AM,2024,10,18,02,58.4,153,Unhealthy,43.0,UG/M3,1 Hr,Valid
Phora Durbar Kathmandu,PM2.5 - Principal,2024-10-18 03:00 AM,2024,10,18,03,97.7,181,Unhealthy,137.0,UG/M3,1 Hr,Valid
Phora Durbar Kathmandu,PM2.5 - Principal,2024-10-18 04:00 AM,2024,10,18,04,57.8,153,Unhealthy,18.0,UG/M3,1 Hr,Valid
Phora Durbar Kathmandu,PM2.5 - Principal,2024-10-18 05:00 AM,2024,10,18,05,84.9,172,Unhealthy,112.0,UG/M3,1 Hr,Valid
Phora Durbar Kathmandu,PM2.5 - Principal,2024-10-18 06:00 AM,2024,10,18,06,70.4,161,Unhealthy,56.0,UG/M3,1 Hr,Valid
Phora Durbar Kathmandu,PM2.5 - Principal,2024-10-18 07:00 AM,2024,10,18,07,64.7,157,Unhealthy,59.0,UG/M3,1 Hr,Valid
Phora Durbar Kathmandu,PM2.5 - Principal,2024-10-18 08:00 AM,2024,10,18,08,84.3,171,Unhealthy,104.0,UG/M3,1 Hr,Valid
Phora Durbar Kathmandu,PM2.5 - Principal,2024-10-18 09:00 AM,2024,10,18,09,86.6,173,Unhealthy,89.0,UG/M3,1 Hr,Valid
Phora Durbar Kathmandu,PM2.5 - Principal,2024-10-18 10:00 AM,2024,10,18,10,107.8,188,Unhealthy,129.0,UG/M3,1 Hr,Valid
Phora Durbar Kathmandu,PM2.5 - Principal,2024-10-18 11:00 AM,2024,10,18,11,107.8,188,Unhealthy,-15.0,UG/M3,1 Hr,Invalid
Phora Durbar Kathmandu,PM2.5 - Principal,2024-10-18 12:00 PM,2024,10,18,12,85.2,172,Unhealthy,74.0,UG/M3,1 Hr,Valid
Phora Durbar Kathmandu,PM2.5 - Principal,2024-10-18 01:00 PM,2024,10,18,13,91.9,177,Unhealthy,97.0,UG/M3,1 Hr,Valid
Phora Durbar Kathmandu,PM2.5 - Principal,2024-10-18 02:00 PM,2024,10,18,14,61.0,155,Unhealthy,34.0,UG/M3,1 Hr,Valid
Phora Durbar Kathmandu,PM2.5 - Principal,2024-10-18 03:00 PM,2024,10,18,15,61.0,155,Unhealthy,-15.0,UG/M3,1 Hr,Invalid
Phora Durbar Kathmandu,PM2.5 - Principal,2024-10-18 04:00 PM,2024,10,18,16,68.5,160,Unhealthy,72.0,UG/M3,1 Hr,Valid
Phora Durbar Kathmandu,PM2.5 - Principal,2024-10-18 05:00 PM,2024,10,18,17,100.5,183,Unhealthy,124.0,UG/M3,1 Hr,Valid
Phora Durbar Kathmandu,PM2.5 - Principal,2024-10-18 06:00 PM,2024,10,18,18,100.5,183,Unhealthy,-11.0,UG/M3,1 Hr,Invalid
Phora Durbar Kathmandu,PM2.5 - Principal,2024-10-18 07:00 PM,2024,10,18,19,94.5,178,Unhealthy,92.0,UG/M3,1 Hr,Valid
Phora Durbar Kathmandu,PM2.5 - Principal,2024-10-18 08:00 PM,2024,10,18,20,84.9,172,Unhealthy,78.0,UG/M3,1 Hr,Valid
Phora Durbar Kathmandu,PM2.5 - Principal,2024-10-18 09:00 PM,2024,10,18,21,132.3,208,Very Unhealthy,173.0,UG/M3,1 Hr,Valid
Phora Durbar Kathmandu,PM2.5 - Principal,2024-10-18 10:00 PM,2024,10,18,22,92.7,177,Unhealthy,56.0,UG/M3,1 Hr,Valid
Phora Durbar Kathmandu,PM2.5 - Principal,2024-10-18 11:00 PM,2024,10,18,23,123.9,199,Unhealthy,154.0,UG/M3,1 Hr,Valid
Phora Durbar Kathmandu,PM2.5 - Principal,2024-10-19 12:00 AM,2024,10,19,00,108.8,188,Unhealthy,94.0,UG/M3,1 Hr,Valid
Phora Durbar Kathmandu,PM2.5 - Principal,2024-10-19 01:00 AM,2024,10,19,01,82.2,170,Unhealthy,56.0,UG/M3,1 Hr,Valid
Phora Durbar Kathmandu,PM2.5 - Principal,2024-10-19 02:00 AM,2024,10,19,02,66.1,158,Unhealthy,50.0,UG/M3,1 Hr,Valid
Phora Durbar Kathmandu,PM2.5 - Principal,2024-10-19 03:00 AM,2024,10,19,03,55.0,149,Unhealthy for Sensitive Groups,44.0,UG/M3,1 Hr,Valid
Phora Durbar Kathmandu,PM2.5 - Principal,2024-10-19 04:00 AM,2024,10,19,04,59.0,153,Unhealthy,63.0,UG/M3,1 Hr,Valid
Phora Durbar Kathmandu,PM2.5 - Principal,2024-10-19 05:00 AM,2024,10,19,05,75.0,165,Unhealthy,91.0,UG/M3,1 Hr,Valid
Phora Durbar Kathmandu,PM2.5 - Principal,2024-10-19 06:00 AM,2024,10,19,06,61.5,155,Unhealthy,48.0,UG/M3,1 Hr,Valid
Phora Durbar Kathmandu,PM2.5 - Principal,2024-10-19 07:00 AM,2024,10,19,07,43.7,121,Unhealthy for Sensitive Groups,26.0,UG/M3,1 Hr,Valid
Phora Durbar Kathmandu,PM2.5 - Principal,2024-10-19 08:00 AM,2024,10,19,08,68.3,160,Unhealthy,93.0,UG/M3,1 Hr,Valid
Phora Durbar Kathmandu,PM2.5 - Principal,2024-10-19 09:00 AM,2024,10,19,09,43.1,120,Unhealthy for Sensitive Groups,18.0,UG/M3,1 Hr,Valid
Phora Durbar Kathmandu,PM2.5 - Principal,2024-10-19 10:00 AM,2024,10,19,10,59.5,154,Unhealthy,76.0,UG/M3,1 Hr,Valid
Phora Durbar Kathmandu,PM2.5 - Principal,2024-10-19 11:00 AM,2024,10,19,11,47.2,130,Unhealthy for Sensitive Groups,35.0,UG/M3,1 Hr,Valid
Phora Durbar Kathmandu,PM2.5 - Principal,2024-10-19 12:00 PM,2024,10,19,12,67.6,159,Unhealthy,88.0,UG/M3,1 Hr,Valid
Phora Durbar Kathmandu,PM2.5 - Principal,2024-10-19 01:00 PM,2024,10,19,13,76.8,166,Unhealthy,86.0,UG/M3,1 Hr,Valid
Phora Durbar Kathmandu,PM2.5 - Principal,2024-10-19 02:00 PM,2024,10,19,14,53.4,145,Unhealthy for Sensitive Groups,30.0,UG/M3,1 Hr,Valid
Phora Durbar Kathmandu,PM2.5 - Principal,2024-10-19 03:00 PM,2024,10,19,15,38.2,108,Unhealthy for Sensitive Groups,23.0,UG/M3,1 Hr,Valid
Phora Durbar Kathmandu,PM2.5 - Principal,2024-10-19 04:00 PM,2024,10,19,16,37.0,105,Unhealthy for Sensitive Groups,36.0,UG/M3,1 Hr,Valid
Phora Durbar Kathmandu,PM2.5 - Principal,2024-10-19 05:00 PM,2024,10,19,17,39.5,111,Unhealthy for Sensitive Groups,42.0,UG/M3,1 Hr,Valid
Phora Durbar Kathmandu,PM2.5 - Principal,2024-10-19 06:00 PM,2024,10,19,18,64.7,157,Unhealthy,90.0,UG/M3,1 Hr,Valid
Phora Durbar Kathmandu,PM2.5 - Principal,2024-10-19 07:00 PM,2024,10,19,19,54.3,147,Unhealthy for Sensitive Groups,44.0,UG/M3,1 Hr,Valid
Phora Durbar Kathmandu,PM2.5 - Principal,2024-10-19 08:00 PM,2024,10,19,20,79.6,168,Unhealthy,105.0,UG/M3,1 Hr,Valid
Phora Durbar Kathmandu,PM2.5 - Principal,2024-10-19 09:00 PM,2024,10,19,21,72.3,163,Unhealthy,65.0,UG/M3,1 Hr,Valid
Phora Durbar Kathmandu,PM2.5 - Principal,2024-10-19 10:00 PM,2024,10,19,22,73.1,163,Unhealthy,74.0,UG/M3,1 Hr,Valid
Phora Durbar Kathmandu,PM2.5 - Principal,2024-10-19 11:00 PM,2024,10,19,23,57.0,152,Unhealthy,41.0,UG/M3,1 Hr,Valid
Phora Durbar Kathmandu,PM2.5 - Principal,2024-10-20 12:00 AM,2024,10,20,00,68.5,160,Unhealthy,80.0,UG/M3,1 Hr,Valid
Phora Durbar Kathmandu,PM2.5 - Principal,2024-10-20 01:00 AM,2024,10,20,01,63.2,156,Unhealthy,58.0,UG/M3,1 Hr,Valid
Phora Durbar Kathmandu,PM2.5 - Principal,2024-10-20 02:00 AM,2024,10,20,02,50.1,137,Unhealthy for Sensitive Groups,37.0,UG/M3,1 Hr,Valid
Phora Durbar Kathmandu,PM2.5 - Principal,2024-10-20 03:00 AM,2024,10,20,03,82.5,170,Unhealthy,115.0,UG/M3,1 Hr,Valid
Phora Durbar Kathmandu,PM2.5 - Principal,2024-10-20 04:00 AM,2024,10,20,04,67.7,160,Unhealthy,53.0,UG/M3,1 Hr,Valid
Phora Durbar Kathmandu,PM2.5 - Principal,2024-10-20 05:00 AM,2024,10,20,05,61.8,155,Unhealthy,56.0,UG/M3,1 Hr,Valid
Phora Durbar Kathmandu,PM2.5 - Principal,2024-10-20 06:00 AM,2024,10,20,06,59.4,154,Unhealthy,57.0,UG/M3,1 Hr,Valid
Phora Durbar Kathmandu,PM2.5 - Principal,2024-10-20 07:00 AM,2024,10,20,07,35.2,100,Moderate,11.0,UG/M3,1 Hr,Valid
Phora Durbar Kathmandu,PM2.5 - Principal,2024-10-20 08:00 AM,2024,10,20,08,49.1,134,Unhealthy for Sensitive Groups,63.0,UG/M3,1 Hr,Valid
Phora Durbar Kathmandu,PM2.5 - Principal,2024-10-20 09:00 AM,2024,10,20,09,54.0,147,Unhealthy for Sensitive Groups,59.0,UG/M3,1 Hr,Valid
Phora Durbar Kathmandu,PM2.5 - Principal,2024-10-20 10:00 AM,2024,10,20,10,63.5,157,Unhealthy,73.0,UG/M3,1 Hr,Valid
Phora Durbar Kathmandu,PM2.5 - Principal,2024-10-20 11:00 AM,2024,10,20,11,52.7,143,Unhealthy for Sensitive Groups,42.0,UG/M3,1 Hr,Valid
Phora Durbar Kathmandu,PM2.5 - Principal,2024-10-20 12:00 PM,2024,10,20,12,55.3,150,Unhealthy for Sensitive Groups,58.0,UG/M3,1 Hr,Valid
Phora Durbar Kathmandu,PM2.5 - Principal,2024-10-20 01:00 PM,2024,10,20,13,55.3,150,Unhealthy for Sensitive Groups,-15.0,UG/M3,1 Hr,Invalid
Phora Durbar Kathmandu,PM2.5 - Principal,2024-10-20 02:00 PM,2024,10,20,14,79.8,168,Unhealthy,92.0,UG/M3,1 Hr,Valid
Phora Durbar Kathmandu,PM2.5 - Principal,2024-10-20 03:00 PM,2024,10,20,15,-999.0,-999,N/A,-15.0,UG/M3,1 Hr,Invalid
Phora Durbar Kathmandu,PM2.5 - Principal,2024-10-20 04:00 PM,2024,10,20,16,95.9,179,Unhealthy,102.0,UG/M3,1 Hr,Valid
Phora Durbar Kathmandu,PM2.5 - Principal,2024-10-20 05:00 PM,2024,10,20,17,110.2,189,Unhealthy,120.0,UG/M3,1 Hr,Valid
Phora Durbar Kathmandu,PM2.5 - Principal,2024-10-20 06:00 PM,2024,10,20,18,80.2,168,Unhealthy,55.0,UG/M3,1 Hr,Valid
Phora Durbar Kathmandu,PM2.5 - Principal,2024-10-20 07:00 PM,2024,10,20,19,80.2,168,Unhealthy,-15.0,UG/M3,1 Hr,Invalid
Phora Durbar Kathmandu,PM2.5 - Principal,2024-10-20 08:00 PM,2024,10,20,20,69.1,161,Unhealthy,64.0,UG/M3,1 Hr,Valid
Phora Durbar Kathmandu,PM2.5 - Principal,2024-10-20 09:00 PM,2024,10,20,21,106.0,186,Unhealthy,133.0,UG/M3,1 Hr,Valid
Phora Durbar Kathmandu,PM2.5 - Principal,2024-10-20 10:00 PM,2024,10,20,22,79.2,168,Unhealthy,56.0,UG/M3,1 Hr,Valid
Phora Durbar Kathmandu,PM2.5 - Principal,2024-10-20 11:00 PM,2024,10,20,23,71.8,162,Unhealthy,65.0,UG/M3,1 Hr,Valid
Phora Durbar Kathmandu,PM2.5 - Principal,2024-10-21 12:00 AM,2024,10,21,00,78.5,167,Unhealthy,85.0,UG/M3,1 Hr,Valid
Phora Durbar Kathmandu,PM2.5 - Principal,2024-10-21 01:00 AM,2024,10,21,01,65.1,158,Unhealthy,52.0,UG/M3,1 Hr,Valid
Phora Durbar Kathmandu,PM2.5 - Principal,2024-10-21 02:00 AM,2024,10,21,02,102.7,184,Unhealthy,140.0,UG/M3,1 Hr,Valid
Phora Durbar Kathmandu,PM2.5 - Principal,2024-10-21 03:00 AM,2024,10,21,03,60.7,155,Unhealthy,19.0,UG/M3,1 Hr,Valid
Phora Durbar Kathmandu,PM2.5 - Principal,2024-10-21 04:00 AM,2024,10,21,04,102.9,184,Unhealthy,145.0,UG/M3,1 Hr,Valid
Phora Durbar Kathmandu,PM2.5 - Principal,2024-10-21 05:00 AM,2024,10,21,05,64.4,157,Unhealthy,26.0,UG/M3,1 Hr,Valid
Phora Durbar Kathmandu,PM2.5 - Principal,2024-10-21 06:00 AM,2024,10,21,06,51.7,141,Unhealthy for Sensitive Groups,39.0,UG/M3,1 Hr,Valid
Phora Durbar Kathmandu,PM2.5 - Principal,2024-10-21 07:00 AM,2024,10,21,07,53.3,145,Unhealthy for Sensitive Groups,55.0,UG/M3,1 Hr,Valid
Phora Durbar Kathmandu,PM2.5 - Principal,2024-10-21 08:00 AM,2024,10,21,08,66.1,158,Unhealthy,79.0,UG/M3,1 Hr,Valid
Phora Durbar Kathmandu,PM2.5 - Principal,2024-10-21 09:00 AM,2024,10,21,09,87.5,173,Unhealthy,109.0,UG/M3,1 Hr,Valid
Phora Durbar Kathmandu,PM2.5 - Principal,2024-10-21 10:00 AM,2024,10,21,10,64.7,157,Unhealthy,42.0,UG/M3,1 Hr,Valid
Phora Durbar Kathmandu,PM2.5 - Principal,2024-10-21 11:00 AM,2024,10,21,11,33.8,97,Moderate,3.0,UG/M3,1 Hr,Valid
Phora Durbar Kathmandu,PM2.5 - Principal,2024-10-21 12:00 PM,2024,10,21,12,55.9,151,Unhealthy,78.0,UG/M3,1 Hr,Valid
Phora Durbar Kathmandu,PM2.5 - Principal,2024-10-21 01:00 PM,2024,10,21,13,57.4,152,Unhealthy,59.0,UG/M3,1 Hr,Valid
Phora Durbar Kathmandu,PM2.5 - Principal,2024-10-21 02:00 PM,2024,10,21,14,57.4,152,Unhealthy,-7.0,UG/M3,1 Hr,Invalid
Phora Durbar Kathmandu,PM2.5 - Principal,2024-10-21 03:00 PM,2024,10,21,15,48.4,133,Unhealthy for Sensitive Groups,44.0,UG/M3,1 Hr,Valid
Phora Durbar Kathmandu,PM2.5 - Principal,2024-10-21 04:00 PM,2024,10,21,16,63.6,157,Unhealthy,75.0,UG/M3,1 Hr,Valid
Phora Durbar Kathmandu,PM2.5 - Principal,2024-10-21 05:00 PM,2024,10,21,17,43.0,119,Unhealthy for Sensitive Groups,25.0,UG/M3,1 Hr,Valid
Phora Durbar Kathmandu,PM2.5 - Principal,2024-10-21 06:00 PM,2024,10,21,18,68.3,160,Unhealthy,92.0,UG/M3,1 Hr,Valid
Phora Durbar Kathmandu,PM2.5 - Principal,2024-10-21 07:00 PM,2024,10,21,19,91.0,176,Unhealthy,113.0,UG/M3,1 Hr,Valid
Phora Durbar Kathmandu,PM2.5 - Principal,2024-10-21 08:00 PM,2024,10,21,20,99.5,182,Unhealthy,108.0,UG/M3,1 Hr,Valid
Phora Durbar Kathmandu,PM2.5 - Principal,2024-10-21 09:00 PM,2024,10,21,21,84.2,171,Unhealthy,69.0,UG/M3,1 Hr,Valid
Phora Durbar Kathmandu,PM2.5 - Principal,2024-10-21 10:00 PM,2024,10,21,22,43.0,119,Unhealthy for Sensitive Groups,2.0,UG/M3,1 Hr,Valid
Phora Durbar Kathmandu,PM2.5 - Principal,2024-10-21 11:00 PM,2024,10,21,23,37.0,105,Unhealthy for Sensitive Groups,31.0,UG/M3,1 Hr,Valid
Phora Durbar Kathmandu,PM2.5 - Principal,2024-10-22 12:00 AM,2024,10,22,00,61.0,155,Unhealthy,85.0,UG/M3,1 Hr,Valid
Phora Durbar Kathmandu,PM2.5 - Principal,2024-10-22 01:00 AM,2024,10,22,01,57.5,152,Unhealthy,54.0,UG/M3,1 Hr,Valid
Phora Durbar Kathmandu,PM2.5 - Principal,2024-10-22 02:00 AM,2024,10,22,02,49.7,136,Unhealthy for Sensitive Groups,42.0,UG/M3,1 Hr,Valid
Phora Durbar Kathmandu,PM2.5 - Principal,2024-10-22 03:00 AM,2024,10,22,03,71.8,162,Unhealthy,94.0,UG/M3,1 Hr,Valid
Phora Durbar Kathmandu,PM2.5 - Principal,2024-10-22 04:00 AM,2024,10,22,04,43.4,120,Unhealthy for Sensitive Groups,15.0,UG/M3,1 Hr,Valid
Phora Durbar Kathmandu,PM2.5 - Principal,2024-10-22 05:00 AM,2024,10,22,05,53.2,145,Unhealthy for Sensitive Groups,63.0,UG/M3,1 Hr,Valid
Phora Durbar Kathmandu,PM2.5 - Principal,2024-10-22 06:00 AM,2024,10,22,06,54.6,148,Unhealthy for Sensitive Groups,56.0,UG/M3,1 Hr,Valid
Phora Durbar Kathmandu,PM2.5 - Principal,2024-10-22 07:00 AM,2024,10,22,07,54.2,147,Unhealthy for Sensitive Groups,54.0,UG/M3,1 Hr,Valid
Phora Durbar Kathmandu,PM2.5 - Principal,2024-10-22 08:00 AM,2024,10,22,08,73.6,164,Unhealthy,93.0,UG/M3,1 Hr,Valid
Phora Durbar Kathmandu,PM2.5 - Principal,2024-10-22 09:00 AM,2024,10,22,09,43.3,120,Unhealthy for Sensitive Groups,13.0,UG/M3,1 Hr,Valid
Phora Durbar Kathmandu,PM2.5 - Principal,2024-10-22 10:00 AM,2024,10,22,10,62.1,156,Unhealthy,81.0,UG/M3,1 Hr,Valid
Phora Durbar Kathmandu,PM2.5 - Principal,2024-10-22 11:00 AM,2024,10,22,11,76.5,166,Unhealthy,91.0,UG/M3,1 Hr,Valid
Phora Durbar Kathmandu,PM2.5 - Principal,2024-10-22 12:00 PM,2024,10,22,12,73.7,164,Unhealthy,71.0,UG/M3,1 Hr,Valid
Phora Durbar Kathmandu,PM2.5 - Principal,2024-10-22 01:00 PM,2024,10,22,13,35.8,102,Unhealthy for Sensitive Groups,-2.0,UG/M3,1 Hr,Valid
Phora Durbar Kathmandu,PM2.5 - Principal,2024-10-22 02:00 PM,2024,10,22,14,31.4,93,Moderate,27.0,UG/M3,1 Hr,Valid
Phora Durbar Kathmandu,PM2.5 - Principal,2024-10-22 03:00 PM,2024,10,22,15,22.7,76,Moderate,14.0,UG/M3,1 Hr,Valid
Phora Durbar Kathmandu,PM2.5 - Principal,2024-10-22 04:00 PM,2024,10,22,16,38.3,108,Unhealthy for Sensitive Groups,54.0,UG/M3,1 Hr,Valid
Phora Durbar Kathmandu,PM2.5 - Principal,2024-10-22 05:00 PM,2024,10,22,17,51.6,141,Unhealthy for Sensitive Groups,65.0,UG/M3,1 Hr,Valid
Phora Durbar Kathmandu,PM2.5 - Principal,2024-10-22 06:00 PM,2024,10,22,18,32.8,95,Moderate,14.0,UG/M3,1 Hr,Valid
Phora Durbar Kathmandu,PM2.5 - Principal,2024-10-22 07:00 PM,2024,10,22,19,20.9,73,Moderate,9.0,UG/M3,1 Hr,Valid
Phora Durbar Kathmandu,PM2.5 - Principal,2024-10-22 08:00 PM,2024,10,22,20,36.9,104,Unhealthy for Sensitive Groups,53.0,UG/M3,1 Hr,Valid
Phora Durbar Kathmandu,PM2.5 - Principal,2024-10-22 09:00 PM,2024,10,22,21,36.9,104,Unhealthy for Sensitive Groups,-13.0,UG/M3,1 Hr,Invalid
Phora Durbar Kathmandu,PM2.5 - Principal,2024-10-22 10:00 PM,2024,10,22,22,50.3,137,Unhealthy for Sensitive Groups,57.0,UG/M3,1 Hr,Valid
Phora Durbar Kathmandu,PM2.5 - Principal,2024-10-22 11:00 PM,2024,10,22,23,-999.0,-999,N/A,-15.0,UG/M3,1 Hr,Invalid
Phora Durbar Kathmandu,PM2.5 - Principal,2024-10-23 12:00 AM,2024,10,23,00,41.3,115,Unhealthy for Sensitive Groups,38.0,UG/M3,1 Hr,Valid
Phora Durbar Kathmandu,PM2.5 - Principal,2024-10-23 01:00 AM,2024,10,23,01,44.7,124,Unhealthy for Sensitive Groups,47.0,UG/M3,1 Hr,Valid
Phora Durbar Kathmandu,PM2.5 - Principal,2024-10-23 02:00 AM,2024,10,23,02,56.2,151,Unhealthy,66.0,UG/M3,1 Hr,Valid
Phora Durbar Kathmandu,PM2.5 - Principal,2024-10-23 03:00 AM,2024,10,23,03,57.6,152,Unhealthy,59.0,UG/M3,1 Hr,Valid
Phora Durbar Kathmandu,PM2.5 - Principal,2024-10-23 04:00 AM,2024,10,23,04,38.9,109,Unhealthy for Sensitive Groups,21.0,UG/M3,1 Hr,Valid
Phora Durbar Kathmandu,PM2.5 - Principal,2024-10-23 05:00 AM,2024,10,23,05,46.0,127,Unhealthy for Sensitive Groups,53.0,UG/M3,1 Hr,Valid
Phora Durbar Kathmandu,PM2.5 - Principal,2024-10-23 06:00 AM,2024,10,23,06,40.0,112,Unhealthy for Sensitive Groups,34.0,UG/M3,1 Hr,Valid
Phora Durbar Kathmandu,PM2.5 - Principal,2024-10-23 07:00 AM,2024,10,23,07,30.4,91,Moderate,21.0,UG/M3,1 Hr,Valid
Phora Durbar Kathmandu,PM2.5 - Principal,2024-10-23 08:00 AM,2024,10,23,08,41.7,116,Unhealthy for Sensitive Groups,53.0,UG/M3,1 Hr,Valid
Phora Durbar Kathmandu,PM2.5 - Principal,2024-10-23 09:00 AM,2024,10,23,09,79.4,168,Unhealthy,117.0,UG/M3,1 Hr,Valid
Phora Durbar Kathmandu,PM2.5 - Principal,2024-10-23 10:00 AM,2024,10,23,10,79.4,168,Unhealthy,-15.0,UG/M3,1 Hr,Invalid
Phora Durbar Kathmandu,PM2.5 - Principal,2024-10-23 11:00 AM,2024,10,23,11,92.4,177,Unhealthy,99.0,UG/M3,1 Hr,Valid
Phora Durbar Kathmandu,PM2.5 - Principal,2024-10-23 12:00 PM,2024,10,23,12,-999.0,-999,N/A,-15.0,UG/M3,1 Hr,Invalid
Phora Durbar Kathmandu,PM2.5 - Principal,2024-10-23 01:00 PM,2024,10,23,13,-999.0,-999,N/A,-15.0,UG/M3,1 Hr,Invalid
Phora Durbar Kathmandu,PM2.5 - Principal,2024-10-23 02:00 PM,2024,10,23,14,-999.0,-999,N/A,97.0,UG/M3,1 Hr,Valid
Phora Durbar Kathmandu,PM2.5 - Principal,2024-10-23 03:00 PM,2024,10,23,15,58.4,153,Unhealthy,36.0,UG/M3,1 Hr,Valid
Phora Durbar Kathmandu,PM2.5 - Principal,2024-10-23 04:00 PM,2024,10,23,16,27.5,85,Moderate,3.0,UG/M3,1 Hr,Valid
Phora Durbar Kathmandu,PM2.5 - Principal,2024-10-23 05:00 PM,2024,10,23,17,34.6,99,Moderate,41.0,UG/M3,1 Hr,Valid
Phora Durbar Kathmandu,PM2.5 - Principal,2024-10-23 06:00 PM,2024,10,23,18,39.9,112,Unhealthy for Sensitive Groups,45.0,UG/M3,1 Hr,Valid
Phora Durbar Kathmandu,PM2.5 - Principal,2024-10-23 07:00 PM,2024,10,23,19,33.3,96,Moderate,27.0,UG/M3,1 Hr,Valid
Phora Durbar Kathmandu,PM2.5 - Principal,2024-10-23 08:00 PM,2024,10,23,20,28.6,87,Moderate,24.0,UG/M3,1 Hr,Valid
Phora Durbar Kathmandu,PM2.5 - Principal,2024-10-23 09:00 PM,2024,10,23,21,41.3,115,Unhealthy for Sensitive Groups,54.0,UG/M3,1 Hr,Valid
Phora Durbar Kathmandu,PM2.5 - Principal,2024-10-23 10:00 PM,2024,10,23,22,51.1,139,Unhealthy for Sensitive Groups,61.0,UG/M3,1 Hr,Valid
Phora Durbar Kathmandu,PM2.5 - Principal,2024-10-23 11:00 PM,2024,10,23,23,45.0,124,Unhealthy for Sensitive Groups,39.0,UG/M3,1 Hr,Valid
Phora Durbar Kathmandu,PM2.5 - Principal,2024-10-24 12:00 AM,2024,10,24,00,68.0,160,Unhealthy,91.0,UG/M3,1 Hr,Valid
Phora Durbar Kathmandu,PM2.5 - Principal,2024-10-24 01:00 AM,2024,10,24,01,52.5,143,Unhealthy for Sensitive Groups,37.0,UG/M3,1 Hr,Valid
Phora Durbar Kathmandu,PM2.5 - Principal,2024-10-24 02:00 AM,2024,10,24,02,50.7,138,Unhealthy for Sensitive Groups,49.0,UG/M3,1 Hr,Valid
Phora Durbar Kathmandu,PM2.5 - Principal,2024-10-24 03:00 AM,2024,10,24,03,50.3,137,Unhealthy for Sensitive Groups,50.0,UG/M3,1 Hr,Valid
Phora Durbar Kathmandu,PM2.5 - Principal,2024-10-24 04:00 AM,2024,10,24,04,31.1,92,Moderate,12.0,UG/M3,1 Hr,Valid
Phora Durbar Kathmandu,PM2.5 - Principal,2024-10-24 05:00 AM,2024,10,24,05,15.5,63,Moderate,0.0,UG/M3,1 Hr,Valid
Phora Durbar Kathmandu,PM2.5 - Principal,2024-10-24 06:00 AM,2024,10,24,06,20.7,73,Moderate,26.0,UG/M3,1 Hr,Valid
Phora Durbar Kathmandu,PM2.5 - Principal,2024-10-24 07:00 AM,2024,10,24,07,20.7,73,Moderate,-15.0,UG/M3,1 Hr,Invalid
Phora Durbar Kathmandu,PM2.5 - Principal,2024-10-24 08:00 AM,2024,10,24,08,38.9,109,Unhealthy for Sensitive Groups,48.0,UG/M3,1 Hr,Valid
Phora Durbar Kathmandu,PM2.5 - Principal,2024-10-24 09:00 AM,2024,10,24,09,125.8,201,Very Unhealthy,191.0,UG/M3,1 Hr,Valid
Phora Durbar Kathmandu,PM2.5 - Principal,2024-10-24 10:00 AM,2024,10,24,10,85.9,172,Unhealthy,51.0,UG/M3,1 Hr,Valid
Phora Durbar Kathmandu,PM2.5 - Principal,2024-10-24 11:00 AM,2024,10,24,11,65.8,158,Unhealthy,47.0,UG/M3,1 Hr,Valid
Phora Durbar Kathmandu,PM2.5 - Principal,2024-10-24 12:00 PM,2024,10,24,12,41.5,116,Unhealthy for Sensitive Groups,18.0,UG/M3,1 Hr,Valid
Phora Durbar Kathmandu,PM2.5 - Principal,2024-10-24 01:00 PM,2024,10,24,13,41.5,116,Unhealthy for Sensitive Groups,-15.0,UG/M3,1 Hr,Invalid
Phora Durbar Kathmandu,PM2.5 - Principal,2024-10-24 02:00 PM,2024,10,24,14,-999.0,-999,N/A,-15.0,UG/M3,1 Hr,Invalid
Phora Durbar Kathmandu,PM2.5 - Principal,2024-10-24 03:00 PM,2024,10,24,15,-999.0,-999,N/A,73.0,UG/M3,1 Hr,Valid
Phora Durbar Kathmandu,PM2.5 - Principal,2024-10-24 04:00 PM,2024,10,24,16,33.6,97,Moderate,13.0,UG/M3,1 Hr,Valid
Phora Durbar Kathmandu,PM2.5 - Principal,2024-10-24 05:00 PM,2024,10,24,17,36.0,102,Unhealthy for Sensitive Groups,38.0,UG/M3,1 Hr,Valid
Phora Durbar Kathmandu,PM2.5 - Principal,2024-10-24 06:00 PM,2024,10,24,18,30.7,91,Moderate,26.0,UG/M3,1 Hr,Valid
Phora Durbar Kathmandu,PM2.5 - Principal,2024-10-24 07:00 PM,2024,10,24,19,38.0,107,Unhealthy for Sensitive Groups,45.0,UG/M3,1 Hr,Valid
Phora Durbar Kathmandu,PM2.5 - Principal,2024-10-24 08:00 PM,2024,10,24,20,56.2,151,Unhealthy,74.0,UG/M3,1 Hr,Valid
Phora Durbar Kathmandu,PM2.5 - Principal,2024-10-24 09:00 PM,2024,10,24,21,31.4,93,Moderate,7.0,UG/M3,1 Hr,Valid
Phora Durbar Kathmandu,PM2.5 - Principal,2024-10-24 10:00 PM,2024,10,24,22,45.2,125,Unhealthy for Sensitive Groups,59.0,UG/M3,1 Hr,Valid
Phora Durbar Kathmandu,PM2.5 - Principal,2024-10-24 11:00 PM,2024,10,24,23,49.6,136,Unhealthy for Sensitive Groups,54.0,UG/M3,1 Hr,Valid
Phora Durbar Kathmandu,PM2.5 - Principal,2024-10-25 12:00 AM,2024,10,25,00,38.8,109,Unhealthy for Sensitive Groups,28.0,UG/M3,1 Hr,Valid
Phora Durbar Kathmandu,PM2.5 - Principal,2024-10-25 01:00 AM,2024,10,25,01,32.4,94,Moderate,26.0,UG/M3,1 Hr,Valid
Phora Durbar Kathmandu,PM2.5 - Principal,2024-10-25 02:00 AM,2024,10,25,02,52.7,143,Unhealthy for Sensitive Groups,73.0,UG/M3,1 Hr,Valid
Phora Durbar Kathmandu,PM2.5 - Principal,2024-10-25 03:00 AM,2024,10,25,03,36.3,103,Unhealthy for Sensitive Groups,20.0,UG/M3,1 Hr,Valid
Phora Durbar Kathmandu,PM2.5 - Principal,2024-10-25 04:00 AM,2024,10,25,04,69.6,161,Unhealthy,103.0,UG/M3,1 Hr,Valid
Phora Durbar Kathmandu,PM2.5 - Principal,2024-10-25 05:00 AM,2024,10,25,05,69.6,161,Unhealthy,2.0,UG/M3,1 Hr,Invalid
Phora Durbar Kathmandu,PM2.5 - Principal,2024-10-25 06:00 AM,2024,10,25,06,76.5,166,Unhealthy,80.0,UG/M3,1 Hr,Valid
Phora Durbar Kathmandu,PM2.5 - Principal,2024-10-25 07:00 AM,2024,10,25,07,57.3,152,Unhealthy,43.0,UG/M3,1 Hr,Valid
Phora Durbar Kathmandu,PM2.5 - Principal,2024-10-25 08:00 AM,2024,10,25,08,58.7,153,Unhealthy,60.0,UG/M3,1 Hr,Valid
Phora Durbar Kathmandu,PM2.5 - Principal,2024-10-25 09:00 AM,2024,10,25,09,54.7,148,Unhealthy for Sensitive Groups,51.0,UG/M3,1 Hr,Valid
Phora Durbar Kathmandu,PM2.5 - Principal,2024-10-25 10:00 AM,2024,10,25,10,55.3,150,Unhealthy for Sensitive Groups,56.0,UG/M3,1 Hr,Valid
Phora Durbar Kathmandu,PM2.5 - Principal,2024-10-25 11:00 AM,2024,10,25,11,52.1,142,Unhealthy for Sensitive Groups,49.0,UG/M3,1 Hr,Valid
Phora Durbar Kathmandu,PM2.5 - Principal,2024-10-25 12:00 PM,2024,10,25,12,52.1,142,Unhealthy for Sensitive Groups,-13.0,UG/M3,1 Hr,Invalid
Phora Durbar Kathmandu,PM2.5 - Principal,2024-10-25 01:00 PM,2024,10,25,13,45.3,125,Unhealthy for Sensitive Groups,42.0,UG/M3,1 Hr,Valid
Phora Durbar Kathmandu,PM2.5 - Principal,2024-10-25 02:00 PM,2024,10,25,14,58.8,153,Unhealthy,69.0,UG/M3,1 Hr,Valid
Phora Durbar Kathmandu,PM2.5 - Principal,2024-10-25 03:00 PM,2024,10,25,15,34.9,99,Moderate,14.0,UG/M3,1 Hr,Valid
Phora Durbar Kathmandu,PM2.5 - Principal,2024-10-25 04:00 PM,2024,10,25,16,57.6,152,Unhealthy,79.0,UG/M3,1 Hr,Valid
Phora Durbar Kathmandu,PM2.5 - Principal,2024-10-25 05:00 PM,2024,10,25,17,46.6,128,Unhealthy for Sensitive Groups,36.0,UG/M3,1 Hr,Valid
Phora Durbar Kathmandu,PM2.5 - Principal,2024-10-25 06:00 PM,2024,10,25,18,46.6,128,Unhealthy for Sensitive Groups,-15.0,UG/M3,1 Hr,Invalid
Phora Durbar Kathmandu,PM2.5 - Principal,2024-10-25 07:00 PM,2024,10,25,19,52.2,142,Unhealthy for Sensitive Groups,55.0,UG/M3,1 Hr,Valid
Phora Durbar Kathmandu,PM2.5 - Principal,2024-10-25 08:00 PM,2024,10,25,20,36.0,102,Unhealthy for Sensitive Groups,24.0,UG/M3,1 Hr,Valid
Phora Durbar Kathmandu,PM2.5 - Principal,2024-10-25 09:00 PM,2024,10,25,21,41.3,115,Unhealthy for Sensitive Groups,46.0,UG/M3,1 Hr,Valid
Phora Durbar Kathmandu,PM2.5 - Principal,2024-10-25 10:00 PM,2024,10,25,22,29.8,90,Moderate,19.0,UG/M3,1 Hr,Valid
Phora Durbar Kathmandu,PM2.5 - Principal,2024-10-25 11:00 PM,2024,10,25,23,23.8,78,Moderate,18.0,UG/M3,1 Hr,Valid
Phora Durbar Kathmandu,PM2.5 - Principal,2024-10-26 12:00 AM,2024,10,26,00,20.3,72,Moderate,17.0,UG/M3,1 Hr,Valid
Phora Durbar Kathmandu,PM2.5 - Principal,2024-10-26 01:00 AM,2024,10,26,01,27.7,86,Moderate,35.0,UG/M3,1 Hr,Valid
Phora Durbar Kathmandu,PM2.5 - Principal,2024-10-26 02:00 AM,2024,10,26,02,48.8,134,Unhealthy for Sensitive Groups,70.0,UG/M3,1 Hr,Valid
Phora Durbar Kathmandu,PM2.5 - Principal,2024-10-26 03:00 AM,2024,10,26,03,48.9,134,Unhealthy for Sensitive Groups,-15.0,UG/M3,1 Hr,Invalid
Phora Durbar Kathmandu,PM2.5 - Principal,2024-10-26 04:00 AM,2024,10,26,04,54.9,149,Unhealthy for Sensitive Groups,58.0,UG/M3,1 Hr,Valid
Phora Durbar Kathmandu,PM2.5 - Principal,2024-10-26 05:00 AM,2024,10,26,05,66.9,159,Unhealthy,76.0,UG/M3,1 Hr,Valid
Phora Durbar Kathmandu,PM2.5 - Principal,2024-10-26 06:00 AM,2024,10,26,06,41.3,115,Unhealthy for Sensitive Groups,19.0,UG/M3,1 Hr,Valid
Phora Durbar Kathmandu,PM2.5 - Principal,2024-10-26 07:00 AM,2024,10,26,07,41.7,116,Unhealthy for Sensitive Groups,42.0,UG/M3,1 Hr,Valid
Phora Durbar Kathmandu,PM2.5 - Principal,2024-10-26 08:00 AM,2024,10,26,08,35.2,100,Moderate,29.0,UG/M3,1 Hr,Valid
Phora Durbar Kathmandu,PM2.5 - Principal,2024-10-26 09:00 AM,2024,10,26,09,32.0,94,Moderate,29.0,UG/M3,1 Hr,Valid
Phora Durbar Kathmandu,PM2.5 - Principal,2024-10-26 10:00 AM,2024,10,26,10,45.1,125,Unhealthy for Sensitive Groups,58.0,UG/M3,1 Hr,Valid
Phora Durbar Kathmandu,PM2.5 - Principal,2024-10-26 11:00 AM,2024,10,26,11,50.5,138,Unhealthy for Sensitive Groups,56.0,UG/M3,1 Hr,Valid
Phora Durbar Kathmandu,PM2.5 - Principal,2024-10-26 12:00 PM,2024,10,26,12,37.7,106,Unhealthy for Sensitive Groups,25.0,UG/M3,1 Hr,Valid
Phora Durbar Kathmandu,PM2.5 - Principal,2024-10-26 01:00 PM,2024,10,26,13,29.3,89,Moderate,21.0,UG/M3,1 Hr,Valid
Phora Durbar Kathmandu,PM2.5 - Principal,2024-10-26 02:00 PM,2024,10,26,14,27.1,85,Moderate,25.0,UG/M3,1 Hr,Valid
Phora Durbar Kathmandu,PM2.5 - Principal,2024-10-26 03:00 PM,2024,10,26,15,27.1,85,Moderate,-7.0,UG/M3,1 Hr,Invalid
Phora Durbar Kathmandu,PM2.5 - Principal,2024-10-26 04:00 PM,2024,10,26,16,22.3,76,Moderate,20.0,UG/M3,1 Hr,Valid
Phora Durbar Kathmandu,PM2.5 - Principal,2024-10-26 05:00 PM,2024,10,26,17,26.7,84,Moderate,30.0,UG/M3,1 Hr,Valid
Phora Durbar Kathmandu,PM2.5 - Principal,2024-10-26 06:00 PM,2024,10,26,18,39.1,110,Unhealthy for Sensitive Groups,50.0,UG/M3,1 Hr,Valid
Phora Durbar Kathmandu,PM2.5 - Principal,2024-10-26 07:00 PM,2024,10,26,19,36.4,103,Unhealthy for Sensitive Groups,34.0,UG/M3,1 Hr,Valid
Phora Durbar Kathmandu,PM2.5 - Principal,2024-10-26 08:00 PM,2024,10,26,20,36.4,103,Unhealthy for Sensitive Groups,-15.0,UG/M3,1 Hr,Invalid
Phora Durbar Kathmandu,PM2.5 - Principal,2024-10-26 09:00 PM,2024,10,26,21,13.9,60,Moderate,3.0,UG/M3,1 Hr,Valid
Phora Durbar Kathmandu,PM2.5 - Principal,2024-10-26 10:00 PM,2024,10,26,22,17.9,67,Moderate,21.0,UG/M3,1 Hr,Valid
Phora Durbar Kathmandu,PM2.5 - Principal,2024-10-26 11:00 PM,2024,10,26,23,17.9,67,Moderate,146.0,UG/M3,1 Hr,Invalid
Phora Durbar Kathmandu,PM2.5 - Principal,2024-10-27 12:00 AM,2024,10,27,00,30.5,91,Moderate,36.0,UG/M3,1 Hr,Valid
Phora Durbar Kathmandu,PM2.5 - Principal,2024-10-27 01:00 AM,2024,10,27,01,34.2,98,Moderate,37.0,UG/M3,1 Hr,Valid
Phora Durbar Kathmandu,PM2.5 - Principal,2024-10-27 02:00 AM,2024,10,27,02,37.9,107,Unhealthy for Sensitive Groups,41.0,UG/M3,1 Hr,Valid
Phora Durbar Kathmandu,PM2.5 - Principal,2024-10-27 03:00 AM,2024,10,27,03,21.3,74,Moderate,6.0,UG/M3,1 Hr,Valid
Phora Durbar Kathmandu,PM2.5 - Principal,2024-10-27 04:00 AM,2024,10,27,04,42.5,118,Unhealthy for Sensitive Groups,63.0,UG/M3,1 Hr,Valid
Phora Durbar Kathmandu,PM2.5 - Principal,2024-10-27 05:00 AM,2024,10,27,05,39.2,110,Unhealthy for Sensitive Groups,36.0,UG/M3,1 Hr,Valid
Phora Durbar Kathmandu,PM2.5 - Principal,2024-10-27 06:00 AM,2024,10,27,06,39.2,110,Unhealthy for Sensitive Groups,-15.0,UG/M3,1 Hr,Invalid
Phora Durbar Kathmandu,PM2.5 - Principal,2024-10-27 07:00 AM,2024,10,27,07,80.5,169,Unhealthy,101.0,UG/M3,1 Hr,Valid
Phora Durbar Kathmandu,PM2.5 - Principal,2024-10-27 08:00 AM,2024,10,27,08,92.2,177,Unhealthy,101.0,UG/M3,1 Hr,Valid
Phora Durbar Kathmandu,PM2.5 - Principal,2024-10-27 09:00 AM,2024,10,27,09,52.0,142,Unhealthy for Sensitive Groups,17.0,UG/M3,1 Hr,Valid
Phora Durbar Kathmandu,PM2.5 - Principal,2024-10-27 10:00 AM,2024,10,27,10,52.1,142,Unhealthy for Sensitive Groups,-15.0,UG/M3,1 Hr,Invalid
Phora Durbar Kathmandu,PM2.5 - Principal,2024-10-27 11:00 AM,2024,10,27,11,71.1,162,Unhealthy,80.0,UG/M3,1 Hr,Valid
Phora Durbar Kathmandu,PM2.5 - Principal,2024-10-27 12:00 PM,2024,10,27,12,47.4,130,Unhealthy for Sensitive Groups,30.0,UG/M3,1 Hr,Valid
Phora Durbar Kathmandu,PM2.5 - Principal,2024-10-27 01:00 PM,2024,10,27,13,47.4,130,Unhealthy for Sensitive Groups,-8.0,UG/M3,1 Hr,Invalid
Phora Durbar Kathmandu,PM2.5 - Principal,2024-10-27 02:00 PM,2024,10,27,14,144.8,220,Very Unhealthy,187.0,UG/M3,1 Hr,Valid
Phora Durbar Kathmandu,PM2.5 - Principal,2024-10-27 03:00 PM,2024,10,27,15,-999.0,-999,N/A,4.0,UG/M3,1 Hr,Invalid
Phora Durbar Kathmandu,PM2.5 - Principal,2024-10-27 04:00 PM,2024,10,27,16,-999.0,-999,N/A,-7.0,UG/M3,1 Hr,Invalid
Phora Durbar Kathmandu,PM2.5 - Principal,2024-10-27 05:00 PM,2024,10,27,17,-999.0,-999,N/A,42.0,UG/M3,1 Hr,Valid
Phora Durbar Kathmandu,PM2.5 - Principal,2024-10-27 06:00 PM,2024,10,27,18,47.7,131,Unhealthy for Sensitive Groups,42.0,UG/M3,1 Hr,Valid
Phora Durbar Kathmandu,PM2.5 - Principal,2024-10-27 07:00 PM,2024,10,27,19,47.7,131,Unhealthy for Sensitive Groups,-999.0,UG/M3,1 Hr,Missing
Phora Durbar Kathmandu,PM2.5 - Principal,2024-11-05 07:00 PM,2024,11,05,19,-999.0,-999,N/A,37.0,UG/M3,1 Hr,Valid
Phora Durbar Kathmandu,PM2.5 - Principal,2024-11-05 08:00 PM,2024,11,05,20,40.8,114,Unhealthy for Sensitive Groups,44.0,UG/M3,1 Hr,Valid
Phora Durbar Kathmandu,PM2.5 - Principal,2024-11-05 09:00 PM,2024,11,05,21,79.5,168,Unhealthy,108.0,UG/M3,1 Hr,Valid
Phora Durbar Kathmandu,PM2.5 - Principal,2024-11-05 10:00 PM,2024,11,05,22,59.0,153,Unhealthy,41.0,UG/M3,1 Hr,Valid
Phora Durbar Kathmandu,PM2.5 - Principal,2024-11-05 11:00 PM,2024,11,05,23,99.7,182,Unhealthy,138.0,UG/M3,1 Hr,Valid
Phora Durbar Kathmandu,PM2.5 - Principal,2024-11-06 12:00 AM,2024,11,06,00,68.3,160,Unhealthy,38.0,UG/M3,1 Hr,Valid
Phora Durbar Kathmandu,PM2.5 - Principal,2024-11-06 01:00 AM,2024,11,06,01,48.0,132,Unhealthy for Sensitive Groups,28.0,UG/M3,1 Hr,Valid
Phora Durbar Kathmandu,PM2.5 - Principal,2024-11-06 02:00 AM,2024,11,06,02,51.0,139,Unhealthy for Sensitive Groups,54.0,UG/M3,1 Hr,Valid
Phora Durbar Kathmandu,PM2.5 - Principal,2024-11-06 03:00 AM,2024,11,06,03,51.0,139,Unhealthy for Sensitive Groups,-13.0,UG/M3,1 Hr,Invalid
Phora Durbar Kathmandu,PM2.5 - Principal,2024-11-06 04:00 AM,2024,11,06,04,36.9,104,Unhealthy for Sensitive Groups,30.0,UG/M3,1 Hr,Valid
Phora Durbar Kathmandu,PM2.5 - Principal,2024-11-06 05:00 AM,2024,11,06,05,53.5,145,Unhealthy for Sensitive Groups,66.0,UG/M3,1 Hr,Valid
Phora Durbar Kathmandu,PM2.5 - Principal,2024-11-06 06:00 AM,2024,11,06,06,54.3,147,Unhealthy for Sensitive Groups,55.0,UG/M3,1 Hr,Valid
Phora Durbar Kathmandu,PM2.5 - Principal,2024-11-06 07:00 AM,2024,11,06,07,43.8,121,Unhealthy for Sensitive Groups,34.0,UG/M3,1 Hr,Valid
Phora Durbar Kathmandu,PM2.5 - Principal,2024-11-06 08:00 AM,2024,11,06,08,43.8,121,Unhealthy for Sensitive Groups,-15.0,UG/M3,1 Hr,Invalid
Phora Durbar Kathmandu,PM2.5 - Principal,2024-11-06 09:00 AM,2024,11,06,09,47.3,130,Unhealthy for Sensitive Groups,49.0,UG/M3,1 Hr,Valid
Phora Durbar Kathmandu,PM2.5 - Principal,2024-11-06 10:00 AM,2024,11,06,10,62.0,156,Unhealthy,73.0,UG/M3,1 Hr,Valid
Phora Durbar Kathmandu,PM2.5 - Principal,2024-11-06 11:00 AM,2024,11,06,11,49.1,134,Unhealthy for Sensitive Groups,38.0,UG/M3,1 Hr,Valid
Phora Durbar Kathmandu,PM2.5 - Principal,2024-11-06 12:00 PM,2024,11,06,12,49.1,134,Unhealthy for Sensitive Groups,-15.0,UG/M3,1 Hr,Invalid
Phora Durbar Kathmandu,PM2.5 - Principal,2024-11-06 01:00 PM,2024,11,06,13,36.1,102,Unhealthy for Sensitive Groups,30.0,UG/M3,1 Hr,Valid
Phora Durbar Kathmandu,PM2.5 - Principal,2024-11-06 02:00 PM,2024,11,06,14,-999.0,-999,N/A,-15.0,UG/M3,1 Hr,Invalid
Phora Durbar Kathmandu,PM2.5 - Principal,2024-11-06 03:00 PM,2024,11,06,15,38.2,108,Unhealthy for Sensitive Groups,39.0,UG/M3,1 Hr,Valid
Phora Durbar Kathmandu,PM2.5 - Principal,2024-11-06 04:00 PM,2024,11,06,16,16.7,65,Moderate,2.0,UG/M3,1 Hr,Valid
Phora Durbar Kathmandu,PM2.5 - Principal,2024-11-06 05:00 PM,2024,11,06,17,31.5,93,Moderate,44.0,UG/M3,1 Hr,Valid
Phora Durbar Kathmandu,PM2.5 - Principal,2024-11-06 06:00 PM,2024,11,06,18,45.8,126,Unhealthy for Sensitive Groups,59.0,UG/M3,1 Hr,Valid
Phora Durbar Kathmandu,PM2.5 - Principal,2024-11-06 07:00 PM,2024,11,06,19,38.2,108,Unhealthy for Sensitive Groups,31.0,UG/M3,1 Hr,Valid
Phora Durbar Kathmandu,PM2.5 - Principal,2024-11-06 08:00 PM,2024,11,06,20,48.7,134,Unhealthy for Sensitive Groups,59.0,UG/M3,1 Hr,Valid
Phora Durbar Kathmandu,PM2.5 - Principal,2024-11-06 09:00 PM,2024,11,06,21,53.8,146,Unhealthy for Sensitive Groups,59.0,UG/M3,1 Hr,Valid
Phora Durbar Kathmandu,PM2.5 - Principal,2024-11-06 10:00 PM,2024,11,06,22,69.9,161,Unhealthy,86.0,UG/M3,1 Hr,Valid
Phora Durbar Kathmandu,PM2.5 - Principal,2024-11-06 11:00 PM,2024,11,06,23,59.4,154,Unhealthy,49.0,UG/M3,1 Hr,Valid
Phora Durbar Kathmandu,PM2.5 - Principal,2024-11-07 12:00 AM,2024,11,07,00,50.7,138,Unhealthy for Sensitive Groups,42.0,UG/M3,1 Hr,Valid
Phora Durbar Kathmandu,PM2.5 - Principal,2024-11-07 01:00 AM,2024,11,07,01,86.3,173,Unhealthy,122.0,UG/M3,1 Hr,Valid
Phora Durbar Kathmandu,PM2.5 - Principal,2024-11-07 02:00 AM,2024,11,07,02,50.1,137,Unhealthy for Sensitive Groups,14.0,UG/M3,1 Hr,Valid
Phora Durbar Kathmandu,PM2.5 - Principal,2024-11-07 03:00 AM,2024,11,07,03,40.0,112,Unhealthy for Sensitive Groups,30.0,UG/M3,1 Hr,Valid
Phora Durbar Kathmandu,PM2.5 - Principal,2024-11-07 04:00 AM,2024,11,07,04,33.0,96,Moderate,26.0,UG/M3,1 Hr,Valid
Phora Durbar Kathmandu,PM2.5 - Principal,2024-11-07 05:00 AM,2024,11,07,05,30.5,91,Moderate,28.0,UG/M3,1 Hr,Valid
Phora Durbar Kathmandu,PM2.5 - Principal,2024-11-07 06:00 AM,2024,11,07,06,30.2,90,Moderate,30.0,UG/M3,1 Hr,Valid
Phora Durbar Kathmandu,PM2.5 - Principal,2024-11-07 07:00 AM,2024,11,07,07,36.6,104,Unhealthy for Sensitive Groups,43.0,UG/M3,1 Hr,Valid
Phora Durbar Kathmandu,PM2.5 - Principal,2024-11-07 08:00 AM,2024,11,07,08,57.8,153,Unhealthy,79.0,UG/M3,1 Hr,Valid
Phora Durbar Kathmandu,PM2.5 - Principal,2024-11-07 09:00 AM,2024,11,07,09,50.9,139,Unhealthy for Sensitive Groups,44.0,UG/M3,1 Hr,Valid
Phora Durbar Kathmandu,PM2.5 - Principal,2024-11-07 10:00 AM,2024,11,07,10,61.4,155,Unhealthy,72.0,UG/M3,1 Hr,Valid
Phora Durbar Kathmandu,PM2.5 - Principal,2024-11-07 11:00 AM,2024,11,07,11,34.2,98,Moderate,7.0,UG/M3,1 Hr,Valid
Phora Durbar Kathmandu,PM2.5 - Principal,2024-11-07 12:00 PM,2024,11,07,12,34.6,99,Moderate,35.0,UG/M3,1 Hr,Valid
Phora Durbar Kathmandu,PM2.5 - Principal,2024-11-07 01:00 PM,2024,11,07,13,36.2,103,Unhealthy for Sensitive Groups,38.0,UG/M3,1 Hr,Valid
Phora Durbar Kathmandu,PM2.5 - Principal,2024-11-07 02:00 PM,2024,11,07,14,25.1,81,Moderate,14.0,UG/M3,1 Hr,Valid
Phora Durbar Kathmandu,PM2.5 - Principal,2024-11-07 03:00 PM,2024,11,07,15,96.0,179,Unhealthy,167.0,UG/M3,1 Hr,Valid
Phora Durbar Kathmandu,PM2.5 - Principal,2024-11-07 04:00 PM,2024,11,07,16,60.5,155,Unhealthy,25.0,UG/M3,1 Hr,Valid
Phora Durbar Kathmandu,PM2.5 - Principal,2024-11-07 05:00 PM,2024,11,07,17,60.5,155,Unhealthy,-15.0,UG/M3,1 Hr,Invalid
Phora Durbar Kathmandu,PM2.5 - Principal,2024-11-07 06:00 PM,2024,11,07,18,40.8,114,Unhealthy for Sensitive Groups,31.0,UG/M3,1 Hr,Valid
Phora Durbar Kathmandu,PM2.5 - Principal,2024-11-07 07:00 PM,2024,11,07,19,16.3,64,Moderate,-2.0,UG/M3,1 Hr,Valid
Phora Durbar Kathmandu,PM2.5 - Principal,2024-11-07 08:00 PM,2024,11,07,20,36.4,103,Unhealthy for Sensitive Groups,54.0,UG/M3,1 Hr,Valid
Phora Durbar Kathmandu,PM2.5 - Principal,2024-11-07 09:00 PM,2024,11,07,21,44.4,123,Unhealthy for Sensitive Groups,52.0,UG/M3,1 Hr,Valid
Phora Durbar Kathmandu,PM2.5 - Principal,2024-11-07 10:00 PM,2024,11,07,22,52.8,144,Unhealthy for Sensitive Groups,61.0,UG/M3,1 Hr,Valid
Phora Durbar Kathmandu,PM2.5 - Principal,2024-11-07 11:00 PM,2024,11,07,23,55.9,151,Unhealthy,59.0,UG/M3,1 Hr,Valid
Phora Durbar Kathmandu,PM2.5 - Principal,2024-11-08 12:00 AM,2024,11,08,00,46.4,128,Unhealthy for Sensitive Groups,37.0,UG/M3,1 Hr,Valid
Phora Durbar Kathmandu,PM2.5 - Principal,2024-11-08 01:00 AM,2024,11,08,01,38.7,109,Unhealthy for Sensitive Groups,31.0,UG/M3,1 Hr,Valid
Phora Durbar Kathmandu,PM2.5 - Principal,2024-11-08 02:00 AM,2024,11,08,02,36.8,104,Unhealthy for Sensitive Groups,35.0,UG/M3,1 Hr,Valid
Phora Durbar Kathmandu,PM2.5 - Principal,2024-11-08 03:00 AM,2024,11,08,03,28.9,88,Moderate,21.0,UG/M3,1 Hr,Valid
Phora Durbar Kathmandu,PM2.5 - Principal,2024-11-08 04:00 AM,2024,11,08,04,30.4,91,Moderate,32.0,UG/M3,1 Hr,Valid
Phora Durbar Kathmandu,PM2.5 - Principal,2024-11-08 05:00 AM,2024,11,08,05,27.2,85,Moderate,24.0,UG/M3,1 Hr,Valid
Phora Durbar Kathmandu,PM2.5 - Principal,2024-11-08 06:00 AM,2024,11,08,06,27.2,85,Moderate,-15.0,UG/M3,1 Hr,Invalid
Phora Durbar Kathmandu,PM2.5 - Principal,2024-11-08 07:00 AM,2024,11,08,07,36.4,103,Unhealthy for Sensitive Groups,41.0,UG/M3,1 Hr,Valid
Phora Durbar Kathmandu,PM2.5 - Principal,2024-11-08 08:00 AM,2024,11,08,08,119.6,196,Unhealthy,182.0,UG/M3,1 Hr,Valid
Phora Durbar Kathmandu,PM2.5 - Principal,2024-11-08 09:00 AM,2024,11,08,09,82.4,170,Unhealthy,50.0,UG/M3,1 Hr,Valid
Phora Durbar Kathmandu,PM2.5 - Principal,2024-11-08 10:00 AM,2024,11,08,10,78.6,167,Unhealthy,75.0,UG/M3,1 Hr,Valid
Phora Durbar Kathmandu,PM2.5 - Principal,2024-11-08 11:00 AM,2024,11,08,11,53.9,146,Unhealthy for Sensitive Groups,30.0,UG/M3,1 Hr,Valid
Phora Durbar Kathmandu,PM2.5 - Principal,2024-11-08 12:00 PM,2024,11,08,12,53.9,146,Unhealthy for Sensitive Groups,-11.0,UG/M3,1 Hr,Invalid
Phora Durbar Kathmandu,PM2.5 - Principal,2024-11-08 01:00 PM,2024,11,08,13,25.8,82,Moderate,12.0,UG/M3,1 Hr,Valid
Phora Durbar Kathmandu,PM2.5 - Principal,2024-11-08 02:00 PM,2024,11,08,14,27.0,84,Moderate,28.0,UG/M3,1 Hr,Valid
Phora Durbar Kathmandu,PM2.5 - Principal,2024-11-08 03:00 PM,2024,11,08,15,21.1,73,Moderate,16.0,UG/M3,1 Hr,Valid
Phora Durbar Kathmandu,PM2.5 - Principal,2024-11-08 04:00 PM,2024,11,08,16,26.2,83,Moderate,31.0,UG/M3,1 Hr,Valid
Phora Durbar Kathmandu,PM2.5 - Principal,2024-11-08 05:00 PM,2024,11,08,17,30.6,91,Moderate,35.0,UG/M3,1 Hr,Valid
Phora Durbar Kathmandu,PM2.5 - Principal,2024-11-08 06:00 PM,2024,11,08,18,30.6,91,Moderate,-15.0,UG/M3,1 Hr,Invalid
Phora Durbar Kathmandu,PM2.5 - Principal,2024-11-08 07:00 PM,2024,11,08,19,73.1,163,Unhealthy,94.0,UG/M3,1 Hr,Valid
Phora Durbar Kathmandu,PM2.5 - Principal,2024-11-08 08:00 PM,2024,11,08,20,87.9,174,Unhealthy,99.0,UG/M3,1 Hr,Valid
Phora Durbar Kathmandu,PM2.5 - Principal,2024-11-08 09:00 PM,2024,11,08,21,67.1,159,Unhealthy,49.0,UG/M3,1 Hr,Valid
Phora Durbar Kathmandu,PM2.5 - Principal,2024-11-08 10:00 PM,2024,11,08,22,67.1,159,Unhealthy,-14.0,UG/M3,1 Hr,Invalid
Phora Durbar Kathmandu,PM2.5 - Principal,2024-11-08 11:00 PM,2024,11,08,23,67.7,160,Unhealthy,68.0,UG/M3,1 Hr,Valid
Phora Durbar Kathmandu,PM2.5 - Principal,2024-11-09 12:00 AM,2024,11,09,00,78.2,167,Unhealthy,86.0,UG/M3,1 Hr,Valid
Phora Durbar Kathmandu,PM2.5 - Principal,2024-11-09 01:00 AM,2024,11,09,01,92.5,177,Unhealthy,105.0,UG/M3,1 Hr,Valid
Phora Durbar Kathmandu,PM2.5 - Principal,2024-11-09 02:00 AM,2024,11,09,02,59.7,154,Unhealthy,29.0,UG/M3,1 Hr,Valid
Phora Durbar Kathmandu,PM2.5 - Principal,2024-11-09 03:00 AM,2024,11,09,03,51.2,140,Unhealthy for Sensitive Groups,43.0,UG/M3,1 Hr,Valid
Phora Durbar Kathmandu,PM2.5 - Principal,2024-11-09 04:00 AM,2024,11,09,04,54.1,147,Unhealthy for Sensitive Groups,57.0,UG/M3,1 Hr,Valid
Phora Durbar Kathmandu,PM2.5 - Principal,2024-11-09 05:00 AM,2024,11,09,05,54.1,147,Unhealthy for Sensitive Groups,-15.0,UG/M3,1 Hr,Invalid
Phora Durbar Kathmandu,PM2.5 - Principal,2024-11-09 06:00 AM,2024,11,09,06,50.7,138,Unhealthy for Sensitive Groups,49.0,UG/M3,1 Hr,Valid
Phora Durbar Kathmandu,PM2.5 - Principal,2024-11-09 07:00 AM,2024,11,09,07,-999.0,-999,N/A,-15.0,UG/M3,1 Hr,Invalid
Phora Durbar Kathmandu,PM2.5 - Principal,2024-11-09 08:00 AM,2024,11,09,08,79.3,168,Unhealthy,90.0,UG/M3,1 Hr,Valid
Phora Durbar Kathmandu,PM2.5 - Principal,2024-11-09 09:00 AM,2024,11,09,09,63.7,157,Unhealthy,53.0,UG/M3,1 Hr,Valid
Phora Durbar Kathmandu,PM2.5 - Principal,2024-11-09 10:00 AM,2024,11,09,10,71.4,162,Unhealthy,78.0,UG/M3,1 Hr,Valid
Phora Durbar Kathmandu,PM2.5 - Principal,2024-11-09 11:00 AM,2024,11,09,11,88.9,174,Unhealthy,105.0,UG/M3,1 Hr,Valid
Phora Durbar Kathmandu,PM2.5 - Principal,2024-11-09 12:00 PM,2024,11,09,12,71.6,162,Unhealthy,55.0,UG/M3,1 Hr,Valid
Phora Durbar Kathmandu,PM2.5 - Principal,2024-11-09 01:00 PM,2024,11,09,13,71.6,162,Unhealthy,-9.0,UG/M3,1 Hr,Invalid
Phora Durbar Kathmandu,PM2.5 - Principal,2024-11-09 02:00 PM,2024,11,09,14,45.6,126,Unhealthy for Sensitive Groups,33.0,UG/M3,1 Hr,Valid
Phora Durbar Kathmandu,PM2.5 - Principal,2024-11-09 03:00 PM,2024,11,09,15,25.2,81,Moderate,10.0,UG/M3,1 Hr,Valid
Phora Durbar Kathmandu,PM2.5 - Principal,2024-11-09 04:00 PM,2024,11,09,16,33.1,96,Moderate,40.0,UG/M3,1 Hr,Valid
Phora Durbar Kathmandu,PM2.5 - Principal,2024-11-09 05:00 PM,2024,11,09,17,33.1,96,Moderate,-15.0,UG/M3,1 Hr,Invalid
Phora Durbar Kathmandu,PM2.5 - Principal,2024-11-09 06:00 PM,2024,11,09,18,40.5,113,Unhealthy for Sensitive Groups,44.0,UG/M3,1 Hr,Valid
Phora Durbar Kathmandu,PM2.5 - Principal,2024-11-09 07:00 PM,2024,11,09,19,40.2,113,Unhealthy for Sensitive Groups,40.0,UG/M3,1 Hr,Valid
Phora Durbar Kathmandu,PM2.5 - Principal,2024-11-09 08:00 PM,2024,11,09,20,52.4,143,Unhealthy for Sensitive Groups,63.0,UG/M3,1 Hr,Valid
Phora Durbar Kathmandu,PM2.5 - Principal,2024-11-09 09:00 PM,2024,11,09,21,72.8,163,Unhealthy,92.0,UG/M3,1 Hr,Valid
Phora Durbar Kathmandu,PM2.5 - Principal,2024-11-09 10:00 PM,2024,11,09,22,92.7,177,Unhealthy,112.0,UG/M3,1 Hr,Valid
Phora Durbar Kathmandu,PM2.5 - Principal,2024-11-09 11:00 PM,2024,11,09,23,72.2,163,Unhealthy,52.0,UG/M3,1 Hr,Valid
Phora Durbar Kathmandu,PM2.5 - Principal,2024-11-10 12:00 AM,2024,11,10,00,68.5,160,Unhealthy,65.0,UG/M3,1 Hr,Valid
Phora Durbar Kathmandu,PM2.5 - Principal,2024-11-10 01:00 AM,2024,11,10,01,66.7,159,Unhealthy,65.0,UG/M3,1 Hr,Valid
Phora Durbar Kathmandu,PM2.5 - Principal,2024-11-10 02:00 AM,2024,11,10,02,62.8,156,Unhealthy,59.0,UG/M3,1 Hr,Valid
Phora Durbar Kathmandu,PM2.5 - Principal,2024-11-10 03:00 AM,2024,11,10,03,68.9,160,Unhealthy,75.0,UG/M3,1 Hr,Valid
Phora Durbar Kathmandu,PM2.5 - Principal,2024-11-10 04:00 AM,2024,11,10,04,32.4,94,Moderate,-4.0,UG/M3,1 Hr,Valid
Phora Durbar Kathmandu,PM2.5 - Principal,2024-11-10 05:00 AM,2024,11,10,05,39.2,110,Unhealthy for Sensitive Groups,46.0,UG/M3,1 Hr,Valid
Phora Durbar Kathmandu,PM2.5 - Principal,2024-11-10 06:00 AM,2024,11,10,06,46.1,127,Unhealthy for Sensitive Groups,53.0,UG/M3,1 Hr,Valid
Phora Durbar Kathmandu,PM2.5 - Principal,2024-11-10 07:00 AM,2024,11,10,07,54.5,148,Unhealthy for Sensitive Groups,63.0,UG/M3,1 Hr,Valid
Phora Durbar Kathmandu,PM2.5 - Principal,2024-11-10 08:00 AM,2024,11,10,08,85.7,172,Unhealthy,117.0,UG/M3,1 Hr,Valid
Phora Durbar Kathmandu,PM2.5 - Principal,2024-11-10 09:00 AM,2024,11,10,09,55.8,151,Unhealthy,26.0,UG/M3,1 Hr,Valid
Phora Durbar Kathmandu,PM2.5 - Principal,2024-11-10 10:00 AM,2024,11,10,10,27.4,85,Moderate,-1.0,UG/M3,1 Hr,Valid
Phora Durbar Kathmandu,PM2.5 - Principal,2024-11-10 11:00 AM,2024,11,10,11,43.7,121,Unhealthy for Sensitive Groups,60.0,UG/M3,1 Hr,Valid
Phora Durbar Kathmandu,PM2.5 - Principal,2024-11-10 12:00 PM,2024,11,10,12,43.7,121,Unhealthy for Sensitive Groups,-6.0,UG/M3,1 Hr,Invalid
Phora Durbar Kathmandu,PM2.5 - Principal,2024-11-10 01:00 PM,2024,11,10,13,57.2,152,Unhealthy,64.0,UG/M3,1 Hr,Valid
Phora Durbar Kathmandu,PM2.5 - Principal,2024-11-10 02:00 PM,2024,11,10,14,39.9,112,Unhealthy for Sensitive Groups,27.0,UG/M3,1 Hr,Valid
Phora Durbar Kathmandu,PM2.5 - Principal,2024-11-10 03:00 PM,2024,11,10,15,38.3,108,Unhealthy for Sensitive Groups,37.0,UG/M3,1 Hr,Valid
Phora Durbar Kathmandu,PM2.5 - Principal,2024-11-10 04:00 PM,2024,11,10,16,67.6,159,Unhealthy,95.0,UG/M3,1 Hr,Valid
Phora Durbar Kathmandu,PM2.5 - Principal,2024-11-10 05:00 PM,2024,11,10,17,52.5,143,Unhealthy for Sensitive Groups,38.0,UG/M3,1 Hr,Valid
Phora Durbar Kathmandu,PM2.5 - Principal,2024-11-10 06:00 PM,2024,11,10,18,62.3,156,Unhealthy,72.0,UG/M3,1 Hr,Valid
Phora Durbar Kathmandu,PM2.5 - Principal,2024-11-10 07:00 PM,2024,11,10,19,57.1,152,Unhealthy,52.0,UG/M3,1 Hr,Valid
Phora Durbar Kathmandu,PM2.5 - Principal,2024-11-10 08:00 PM,2024,11,10,20,64.0,157,Unhealthy,71.0,UG/M3,1 Hr,Valid
Phora Durbar Kathmandu,PM2.5 - Principal,2024-11-10 09:00 PM,2024,11,10,21,78.5,167,Unhealthy,93.0,UG/M3,1 Hr,Valid
Phora Durbar Kathmandu,PM2.5 - Principal,2024-11-10 10:00 PM,2024,11,10,22,68.7,160,Unhealthy,59.0,UG/M3,1 Hr,Valid
Phora Durbar Kathmandu,PM2.5 - Principal,2024-11-10 11:00 PM,2024,11,10,23,69.3,161,Unhealthy,70.0,UG/M3,1 Hr,Valid
Phora Durbar Kathmandu,PM2.5 - Principal,2024-11-11 12:00 AM,2024,11,11,00,69.3,161,Unhealthy,-15.0,UG/M3,1 Hr,Invalid
Phora Durbar Kathmandu,PM2.5 - Principal,2024-11-11 01:00 AM,2024,11,11,01,87.8,174,Unhealthy,97.0,UG/M3,1 Hr,Valid
Phora Durbar Kathmandu,PM2.5 - Principal,2024-11-11 02:00 AM,2024,11,11,02,50.2,137,Unhealthy for Sensitive Groups,22.0,UG/M3,1 Hr,Valid
Phora Durbar Kathmandu,PM2.5 - Principal,2024-11-11 03:00 AM,2024,11,11,03,52.2,142,Unhealthy for Sensitive Groups,54.0,UG/M3,1 Hr,Valid
Phora Durbar Kathmandu,PM2.5 - Principal,2024-11-11 04:00 AM,2024,11,11,04,43.3,120,Unhealthy for Sensitive Groups,35.0,UG/M3,1 Hr,Valid
Phora Durbar Kathmandu,PM2.5 - Principal,2024-11-11 05:00 AM,2024,11,11,05,50.2,137,Unhealthy for Sensitive Groups,57.0,UG/M3,1 Hr,Valid
Phora Durbar Kathmandu,PM2.5 - Principal,2024-11-11 06:00 AM,2024,11,11,06,51.1,139,Unhealthy for Sensitive Groups,52.0,UG/M3,1 Hr,Valid
Phora Durbar Kathmandu,PM2.5 - Principal,2024-11-11 07:00 AM,2024,11,11,07,90.2,175,Unhealthy,129.0,UG/M3,1 Hr,Valid
Phora Durbar Kathmandu,PM2.5 - Principal,2024-11-11 08:00 AM,2024,11,11,08,70.0,161,Unhealthy,50.0,UG/M3,1 Hr,Valid
Phora Durbar Kathmandu,PM2.5 - Principal,2024-11-11 09:00 AM,2024,11,11,09,47.0,129,Unhealthy for Sensitive Groups,24.0,UG/M3,1 Hr,Valid
Phora Durbar Kathmandu,PM2.5 - Principal,2024-11-11 10:00 AM,2024,11,11,10,67.0,159,Unhealthy,87.0,UG/M3,1 Hr,Valid
Phora Durbar Kathmandu,PM2.5 - Principal,2024-11-11 11:00 AM,2024,11,11,11,60.0,154,Unhealthy,53.0,UG/M3,1 Hr,Valid
Phora Durbar Kathmandu,PM2.5 - Principal,2024-11-11 12:00 PM,2024,11,11,12,36.9,104,Unhealthy for Sensitive Groups,14.0,UG/M3,1 Hr,Valid
Phora Durbar Kathmandu,PM2.5 - Principal,2024-11-11 01:00 PM,2024,11,11,13,66.9,159,Unhealthy,97.0,UG/M3,1 Hr,Valid
Phora Durbar Kathmandu,PM2.5 - Principal,2024-11-11 02:00 PM,2024,11,11,14,67.0,159,Unhealthy,-15.0,UG/M3,1 Hr,Invalid
Phora Durbar Kathmandu,PM2.5 - Principal,2024-11-11 03:00 PM,2024,11,11,15,46.3,128,Unhealthy for Sensitive Groups,36.0,UG/M3,1 Hr,Valid
Phora Durbar Kathmandu,PM2.5 - Principal,2024-11-11 04:00 PM,2024,11,11,16,43.2,120,Unhealthy for Sensitive Groups,41.0,UG/M3,1 Hr,Valid
Phora Durbar Kathmandu,PM2.5 - Principal,2024-11-11 05:00 PM,2024,11,11,17,43.2,120,Unhealthy for Sensitive Groups,-15.0,UG/M3,1 Hr,Invalid
Phora Durbar Kathmandu,PM2.5 - Principal,2024-11-11 06:00 PM,2024,11,11,18,45.8,126,Unhealthy for Sensitive Groups,47.0,UG/M3,1 Hr,Valid
Phora Durbar Kathmandu,PM2.5 - Principal,2024-11-11 07:00 PM,2024,11,11,19,31.3,92,Moderate,21.0,UG/M3,1 Hr,Valid
Phora Durbar Kathmandu,PM2.5 - Principal,2024-11-11 08:00 PM,2024,11,11,20,34.4,98,Moderate,37.0,UG/M3,1 Hr,Valid
Phora Durbar Kathmandu,PM2.5 - Principal,2024-11-11 09:00 PM,2024,11,11,21,55.4,150,Unhealthy for Sensitive Groups,75.0,UG/M3,1 Hr,Valid
Phora Durbar Kathmandu,PM2.5 - Principal,2024-11-11 10:00 PM,2024,11,11,22,53.6,146,Unhealthy for Sensitive Groups,52.0,UG/M3,1 Hr,Valid
Phora Durbar Kathmandu,PM2.5 - Principal,2024-11-11 11:00 PM,2024,11,11,23,119.4,196,Unhealthy,184.0,UG/M3,1 Hr,Valid
Phora Durbar Kathmandu,PM2.5 - Principal,2024-11-12 12:00 AM,2024,11,12,00,72.5,163,Unhealthy,26.0,UG/M3,1 Hr,Valid
Phora Durbar Kathmandu,PM2.5 - Principal,2024-11-12 01:00 AM,2024,11,12,01,56.7,152,Unhealthy,41.0,UG/M3,1 Hr,Valid
Phora Durbar Kathmandu,PM2.5 - Principal,2024-11-12 02:00 AM,2024,11,12,02,51.3,140,Unhealthy for Sensitive Groups,46.0,UG/M3,1 Hr,Valid
Phora Durbar Kathmandu,PM2.5 - Principal,2024-11-12 03:00 AM,2024,11,12,03,46.1,127,Unhealthy for Sensitive Groups,41.0,UG/M3,1 Hr,Valid
Phora Durbar Kathmandu,PM2.5 - Principal,2024-11-12 04:00 AM,2024,11,12,04,40.5,113,Unhealthy for Sensitive Groups,35.0,UG/M3,1 Hr,Valid
Phora Durbar Kathmandu,PM2.5 - Principal,2024-11-12 05:00 AM,2024,11,12,05,43.2,120,Unhealthy for Sensitive Groups,46.0,UG/M3,1 Hr,Valid
Phora Durbar Kathmandu,PM2.5 - Principal,2024-11-12 06:00 AM,2024,11,12,06,47.6,131,Unhealthy for Sensitive Groups,52.0,UG/M3,1 Hr,Valid
Phora Durbar Kathmandu,PM2.5 - Principal,2024-11-12 07:00 AM,2024,11,12,07,45.3,125,Unhealthy for Sensitive Groups,43.0,UG/M3,1 Hr,Valid
Phora Durbar Kathmandu,PM2.5 - Principal,2024-11-12 08:00 AM,2024,11,12,08,53.1,144,Unhealthy for Sensitive Groups,61.0,UG/M3,1 Hr,Valid
Phora Durbar Kathmandu,PM2.5 - Principal,2024-11-12 09:00 AM,2024,11,12,09,59.5,154,Unhealthy,66.0,UG/M3,1 Hr,Valid
Phora Durbar Kathmandu,PM2.5 - Principal,2024-11-12 10:00 AM,2024,11,12,10,69.2,161,Unhealthy,79.0,UG/M3,1 Hr,Valid
Phora Durbar Kathmandu,PM2.5 - Principal,2024-11-12 11:00 AM,2024,11,12,11,64.6,157,Unhealthy,60.0,UG/M3,1 Hr,Valid
Phora Durbar Kathmandu,PM2.5 - Principal,2024-11-12 12:00 PM,2024,11,12,12,32.3,94,Moderate,0.0,UG/M3,1 Hr,Valid
Phora Durbar Kathmandu,PM2.5 - Principal,2024-11-12 01:00 PM,2024,11,12,13,39.1,110,Unhealthy for Sensitive Groups,46.0,UG/M3,1 Hr,Valid
Phora Durbar Kathmandu,PM2.5 - Principal,2024-11-12 02:00 PM,2024,11,12,14,65.0,158,Unhealthy,91.0,UG/M3,1 Hr,Valid
Phora Durbar Kathmandu,PM2.5 - Principal,2024-11-12 03:00 PM,2024,11,12,15,62.0,156,Unhealthy,59.0,UG/M3,1 Hr,Valid
Phora Durbar Kathmandu,PM2.5 - Principal,2024-11-12 04:00 PM,2024,11,12,16,52.0,142,Unhealthy for Sensitive Groups,42.0,UG/M3,1 Hr,Valid
Phora Durbar Kathmandu,PM2.5 - Principal,2024-11-12 05:00 PM,2024,11,12,17,54.5,148,Unhealthy for Sensitive Groups,57.0,UG/M3,1 Hr,Valid
Phora Durbar Kathmandu,PM2.5 - Principal,2024-11-12 06:00 PM,2024,11,12,18,94.2,178,Unhealthy,134.0,UG/M3,1 Hr,Valid
Phora Durbar Kathmandu,PM2.5 - Principal,2024-11-12 07:00 PM,2024,11,12,19,79.6,168,Unhealthy,65.0,UG/M3,1 Hr,Valid
Phora Durbar Kathmandu,PM2.5 - Principal,2024-11-12 08:00 PM,2024,11,12,20,117.3,194,Unhealthy,155.0,UG/M3,1 Hr,Valid
Phora Durbar Kathmandu,PM2.5 - Principal,2024-11-12 09:00 PM,2024,11,12,21,107.1,187,Unhealthy,97.0,UG/M3,1 Hr,Valid
Phora Durbar Kathmandu,PM2.5 - Principal,2024-11-12 10:00 PM,2024,11,12,22,93.0,177,Unhealthy,79.0,UG/M3,1 Hr,Valid
Phora Durbar Kathmandu,PM2.5 - Principal,2024-11-12 11:00 PM,2024,11,12,23,80.5,169,Unhealthy,68.0,UG/M3,1 Hr,Valid
Phora Durbar Kathmandu,PM2.5 - Principal,2024-11-13 12:00 AM,2024,11,13,00,80.5,169,Unhealthy,268.0,UG/M3,1 Hr,Invalid
Phora Durbar Kathmandu,PM2.5 - Principal,2024-11-13 01:00 AM,2024,11,13,01,-999.0,-999,N/A,-15.0,UG/M3,1 Hr,Invalid
Phora Durbar Kathmandu,PM2.5 - Principal,2024-11-13 02:00 AM,2024,11,13,02,-999.0,-999,N/A,81.0,UG/M3,1 Hr,Valid
Phora Durbar Kathmandu,PM2.5 - Principal,2024-11-13 03:00 AM,2024,11,13,03,68.0,160,Unhealthy,60.0,UG/M3,1 Hr,Valid
Phora Durbar Kathmandu,PM2.5 - Principal,2024-11-13 04:00 AM,2024,11,13,04,59.1,154,Unhealthy,52.0,UG/M3,1 Hr,Valid
Phora Durbar Kathmandu,PM2.5 - Principal,2024-11-13 05:00 AM,2024,11,13,05,27.0,84,Moderate,-2.0,UG/M3,1 Hr,Valid
Phora Durbar Kathmandu,PM2.5 - Principal,2024-11-13 06:00 AM,2024,11,13,06,40.3,113,Unhealthy for Sensitive Groups,53.0,UG/M3,1 Hr,Valid
Phora Durbar Kathmandu,PM2.5 - Principal,2024-11-13 07:00 AM,2024,11,13,07,83.6,171,Unhealthy,126.0,UG/M3,1 Hr,Valid
Phora Durbar Kathmandu,PM2.5 - Principal,2024-11-13 08:00 AM,2024,11,13,08,77.2,166,Unhealthy,71.0,UG/M3,1 Hr,Valid
Phora Durbar Kathmandu,PM2.5 - Principal,2024-11-13 09:00 AM,2024,11,13,09,109.7,189,Unhealthy,142.0,UG/M3,1 Hr,Valid
Phora Durbar Kathmandu,PM2.5 - Principal,2024-11-13 10:00 AM,2024,11,13,10,92.8,177,Unhealthy,76.0,UG/M3,1 Hr,Valid
Phora Durbar Kathmandu,PM2.5 - Principal,2024-11-13 11:00 AM,2024,11,13,11,77.9,167,Unhealthy,63.0,UG/M3,1 Hr,Valid
Phora Durbar Kathmandu,PM2.5 - Principal,2024-11-13 12:00 PM,2024,11,13,12,62.9,156,Unhealthy,48.0,UG/M3,1 Hr,Valid
Phora Durbar Kathmandu,PM2.5 - Principal,2024-11-13 01:00 PM,2024,11,13,13,55.4,150,Unhealthy for Sensitive Groups,48.0,UG/M3,1 Hr,Valid
Phora Durbar Kathmandu,PM2.5 - Principal,2024-11-13 02:00 PM,2024,11,13,14,52.2,142,Unhealthy for Sensitive Groups,49.0,UG/M3,1 Hr,Valid
Phora Durbar Kathmandu,PM2.5 - Principal,2024-11-13 03:00 PM,2024,11,13,15,60.1,154,Unhealthy,68.0,UG/M3,1 Hr,Valid
Phora Durbar Kathmandu,PM2.5 - Principal,2024-11-13 04:00 PM,2024,11,13,16,58.5,153,Unhealthy,57.0,UG/M3,1 Hr,Valid
Phora Durbar Kathmandu,PM2.5 - Principal,2024-11-13 05:00 PM,2024,11,13,17,44.2,122,Unhealthy for Sensitive Groups,30.0,UG/M3,1 Hr,Valid
Phora Durbar Kathmandu,PM2.5 - Principal,2024-11-13 06:00 PM,2024,11,13,18,74.6,164,Unhealthy,105.0,UG/M3,1 Hr,Valid
Phora Durbar Kathmandu,PM2.5 - Principal,2024-11-13 07:00 PM,2024,11,13,19,53.3,145,Unhealthy for Sensitive Groups,32.0,UG/M3,1 Hr,Valid
Phora Durbar Kathmandu,PM2.5 - Principal,2024-11-13 08:00 PM,2024,11,13,20,77.6,166,Unhealthy,102.0,UG/M3,1 Hr,Valid
Phora Durbar Kathmandu,PM2.5 - Principal,2024-11-13 09:00 PM,2024,11,13,21,65.3,158,Unhealthy,53.0,UG/M3,1 Hr,Valid
Phora Durbar Kathmandu,PM2.5 - Principal,2024-11-13 10:00 PM,2024,11,13,22,85.6,172,Unhealthy,106.0,UG/M3,1 Hr,Valid
Phora Durbar Kathmandu,PM2.5 - Principal,2024-11-13 11:00 PM,2024,11,13,23,109.8,189,Unhealthy,134.0,UG/M3,1 Hr,Valid
Phora Durbar Kathmandu,PM2.5 - Principal,2024-11-14 12:00 AM,2024,11,14,00,104.9,186,Unhealthy,100.0,UG/M3,1 Hr,Valid
Phora Durbar Kathmandu,PM2.5 - Principal,2024-11-14 01:00 AM,2024,11,14,01,100.9,183,Unhealthy,97.0,UG/M3,1 Hr,Valid
Phora Durbar Kathmandu,PM2.5 - Principal,2024-11-14 02:00 AM,2024,11,14,02,102.4,184,Unhealthy,104.0,UG/M3,1 Hr,Valid
Phora Durbar Kathmandu,PM2.5 - Principal,2024-11-14 03:00 AM,2024,11,14,03,98.2,181,Unhealthy,94.0,UG/M3,1 Hr,Valid
Phora Durbar Kathmandu,PM2.5 - Principal,2024-11-14 04:00 AM,2024,11,14,04,70.1,161,Unhealthy,42.0,UG/M3,1 Hr,Valid
Phora Durbar Kathmandu,PM2.5 - Principal,2024-11-14 05:00 AM,2024,11,14,05,80.0,168,Unhealthy,90.0,UG/M3,1 Hr,Valid
Phora Durbar Kathmandu,PM2.5 - Principal,2024-11-14 06:00 AM,2024,11,14,06,73.0,163,Unhealthy,66.0,UG/M3,1 Hr,Valid
Phora Durbar Kathmandu,PM2.5 - Principal,2024-11-14 07:00 AM,2024,11,14,07,84.0,171,Unhealthy,95.0,UG/M3,1 Hr,Valid
Phora Durbar Kathmandu,PM2.5 - Principal,2024-11-14 08:00 AM,2024,11,14,08,91.5,176,Unhealthy,99.0,UG/M3,1 Hr,Valid
Phora Durbar Kathmandu,PM2.5 - Principal,2024-11-14 09:00 AM,2024,11,14,09,98.7,181,Unhealthy,106.0,UG/M3,1 Hr,Valid
Phora Durbar Kathmandu,PM2.5 - Principal,2024-11-14 10:00 AM,2024,11,14,10,95.8,179,Unhealthy,93.0,UG/M3,1 Hr,Valid
Phora Durbar Kathmandu,PM2.5 - Principal,2024-11-14 11:00 AM,2024,11,14,11,100.9,183,Unhealthy,106.0,UG/M3,1 Hr,Valid
Phora Durbar Kathmandu,PM2.5 - Principal,2024-11-14 12:00 PM,2024,11,14,12,90.4,175,Unhealthy,80.0,UG/M3,1 Hr,Valid
Phora Durbar Kathmandu,PM2.5 - Principal,2024-11-14 01:00 PM,2024,11,14,13,78.7,167,Unhealthy,67.0,UG/M3,1 Hr,Valid
Phora Durbar Kathmandu,PM2.5 - Principal,2024-11-14 02:00 PM,2024,11,14,14,88.8,174,Unhealthy,99.0,UG/M3,1 Hr,Valid
Phora Durbar Kathmandu,PM2.5 - Principal,2024-11-14 03:00 PM,2024,11,14,15,73.4,164,Unhealthy,58.0,UG/M3,1 Hr,Valid
Phora Durbar Kathmandu,PM2.5 - Principal,2024-11-14 04:00 PM,2024,11,14,16,55.7,151,Unhealthy,38.0,UG/M3,1 Hr,Valid
Phora Durbar Kathmandu,PM2.5 - Principal,2024-11-14 05:00 PM,2024,11,14,17,53.3,145,Unhealthy for Sensitive Groups,51.0,UG/M3,1 Hr,Valid
Phora Durbar Kathmandu,PM2.5 - Principal,2024-11-14 06:00 PM,2024,11,14,18,40.6,114,Unhealthy for Sensitive Groups,28.0,UG/M3,1 Hr,Valid
Phora Durbar Kathmandu,PM2.5 - Principal,2024-11-14 07:00 PM,2024,11,14,19,64.3,157,Unhealthy,88.0,UG/M3,1 Hr,Valid
Phora Durbar Kathmandu,PM2.5 - Principal,2024-11-14 08:00 PM,2024,11,14,20,86.1,172,Unhealthy,108.0,UG/M3,1 Hr,Valid
Phora Durbar Kathmandu,PM2.5 - Principal,2024-11-14 09:00 PM,2024,11,14,21,88.5,174,Unhealthy,91.0,UG/M3,1 Hr,Valid
Phora Durbar Kathmandu,PM2.5 - Principal,2024-11-14 10:00 PM,2024,11,14,22,112.2,191,Unhealthy,136.0,UG/M3,1 Hr,Valid
Phora Durbar Kathmandu,PM2.5 - Principal,2024-11-14 11:00 PM,2024,11,14,23,103.6,185,Unhealthy,95.0,UG/M3,1 Hr,Valid
Phora Durbar Kathmandu,PM2.5 - Principal,2024-11-15 12:00 AM,2024,11,15,00,105.8,186,Unhealthy,108.0,UG/M3,1 Hr,Valid
Phora Durbar Kathmandu,PM2.5 - Principal,2024-11-15 01:00 AM,2024,11,15,01,93.9,178,Unhealthy,82.0,UG/M3,1 Hr,Valid
Phora Durbar Kathmandu,PM2.5 - Principal,2024-11-15 02:00 AM,2024,11,15,02,83.9,171,Unhealthy,74.0,UG/M3,1 Hr,Valid
Phora Durbar Kathmandu,PM2.5 - Principal,2024-11-15 03:00 AM,2024,11,15,03,79.9,168,Unhealthy,76.0,UG/M3,1 Hr,Valid
Phora Durbar Kathmandu,PM2.5 - Principal,2024-11-15 04:00 AM,2024,11,15,04,73.9,164,Unhealthy,68.0,UG/M3,1 Hr,Valid
Phora Durbar Kathmandu,PM2.5 - Principal,2024-11-15 05:00 AM,2024,11,15,05,91.0,176,Unhealthy,108.0,UG/M3,1 Hr,Valid
Phora Durbar Kathmandu,PM2.5 - Principal,2024-11-15 06:00 AM,2024,11,15,06,80.5,169,Unhealthy,70.0,UG/M3,1 Hr,Valid
Phora Durbar Kathmandu,PM2.5 - Principal,2024-11-15 07:00 AM,2024,11,15,07,77.2,166,Unhealthy,74.0,UG/M3,1 Hr,Valid
Phora Durbar Kathmandu,PM2.5 - Principal,2024-11-15 08:00 AM,2024,11,15,08,82.1,170,Unhealthy,87.0,UG/M3,1 Hr,Valid
Phora Durbar Kathmandu,PM2.5 - Principal,2024-11-15 09:00 AM,2024,11,15,09,100.5,183,Unhealthy,119.0,UG/M3,1 Hr,Valid
Phora Durbar Kathmandu,PM2.5 - Principal,2024-11-15 10:00 AM,2024,11,15,10,89.3,175,Unhealthy,78.0,UG/M3,1 Hr,Valid
Phora Durbar Kathmandu,PM2.5 - Principal,2024-11-15 11:00 AM,2024,11,15,11,67.1,159,Unhealthy,45.0,UG/M3,1 Hr,Valid
Phora Durbar Kathmandu,PM2.5 - Principal,2024-11-15 12:00 PM,2024,11,15,12,68.0,160,Unhealthy,69.0,UG/M3,1 Hr,Valid
Phora Durbar Kathmandu,PM2.5 - Principal,2024-11-15 01:00 PM,2024,11,15,13,97.0,180,Unhealthy,126.0,UG/M3,1 Hr,Valid
Phora Durbar Kathmandu,PM2.5 - Principal,2024-11-15 02:00 PM,2024,11,15,14,61.0,155,Unhealthy,25.0,UG/M3,1 Hr,Valid
Phora Durbar Kathmandu,PM2.5 - Principal,2024-11-15 03:00 PM,2024,11,15,15,80.0,168,Unhealthy,99.0,UG/M3,1 Hr,Valid
Phora Durbar Kathmandu,PM2.5 - Principal,2024-11-15 04:00 PM,2024,11,15,16,65.5,158,Unhealthy,51.0,UG/M3,1 Hr,Valid
Phora Durbar Kathmandu,PM2.5 - Principal,2024-11-15 05:00 PM,2024,11,15,17,65.7,158,Unhealthy,66.0,UG/M3,1 Hr,Valid
Phora Durbar Kathmandu,PM2.5 - Principal,2024-11-15 06:00 PM,2024,11,15,18,64.3,157,Unhealthy,63.0,UG/M3,1 Hr,Valid
Phora Durbar Kathmandu,PM2.5 - Principal,2024-11-15 07:00 PM,2024,11,15,19,89.1,175,Unhealthy,114.0,UG/M3,1 Hr,Valid
Phora Durbar Kathmandu,PM2.5 - Principal,2024-11-15 08:00 PM,2024,11,15,20,88.0,174,Unhealthy,87.0,UG/M3,1 Hr,Valid
Phora Durbar Kathmandu,PM2.5 - Principal,2024-11-15 09:00 PM,2024,11,15,21,137.0,212,Very Unhealthy,186.0,UG/M3,1 Hr,Valid
Phora Durbar Kathmandu,PM2.5 - Principal,2024-11-15 10:00 PM,2024,11,15,22,118.5,195,Unhealthy,100.0,UG/M3,1 Hr,Valid
Phora Durbar Kathmandu,PM2.5 - Principal,2024-11-15 11:00 PM,2024,11,15,23,121.2,197,Unhealthy,124.0,UG/M3,1 Hr,Valid
Phora Durbar Kathmandu,PM2.5 - Principal,2024-11-16 12:00 AM,2024,11,16,00,101.6,183,Unhealthy,82.0,UG/M3,1 Hr,Valid
Phora Durbar Kathmandu,PM2.5 - Principal,2024-11-16 01:00 AM,2024,11,16,01,84.3,171,Unhealthy,67.0,UG/M3,1 Hr,Valid
Phora Durbar Kathmandu,PM2.5 - Principal,2024-11-16 02:00 AM,2024,11,16,02,74.6,164,Unhealthy,65.0,UG/M3,1 Hr,Valid
Phora Durbar Kathmandu,PM2.5 - Principal,2024-11-16 03:00 AM,2024,11,16,03,65.8,158,Unhealthy,57.0,UG/M3,1 Hr,Valid
Phora Durbar Kathmandu,PM2.5 - Principal,2024-11-16 04:00 AM,2024,11,16,04,99.9,182,Unhealthy,134.0,UG/M3,1 Hr,Valid
Phora Durbar Kathmandu,PM2.5 - Principal,2024-11-16 05:00 AM,2024,11,16,05,81.9,170,Unhealthy,64.0,UG/M3,1 Hr,Valid
Phora Durbar Kathmandu,PM2.5 - Principal,2024-11-16 06:00 AM,2024,11,16,06,73.9,164,Unhealthy,66.0,UG/M3,1 Hr,Valid
Phora Durbar Kathmandu,PM2.5 - Principal,2024-11-16 07:00 AM,2024,11,16,07,88.9,174,Unhealthy,104.0,UG/M3,1 Hr,Valid
Phora Durbar Kathmandu,PM2.5 - Principal,2024-11-16 08:00 AM,2024,11,16,08,99.4,182,Unhealthy,110.0,UG/M3,1 Hr,Valid
Phora Durbar Kathmandu,PM2.5 - Principal,2024-11-16 09:00 AM,2024,11,16,09,86.2,173,Unhealthy,73.0,UG/M3,1 Hr,Valid
Phora Durbar Kathmandu,PM2.5 - Principal,2024-11-16 10:00 AM,2024,11,16,10,113.6,192,Unhealthy,141.0,UG/M3,1 Hr,Valid
Phora Durbar Kathmandu,PM2.5 - Principal,2024-11-16 11:00 AM,2024,11,16,11,79.8,168,Unhealthy,46.0,UG/M3,1 Hr,Valid
Phora Durbar Kathmandu,PM2.5 - Principal,2024-11-16 12:00 PM,2024,11,16,12,100.4,182,Unhealthy,121.0,UG/M3,1 Hr,Valid
Phora Durbar Kathmandu,PM2.5 - Principal,2024-11-16 01:00 PM,2024,11,16,13,80.2,168,Unhealthy,60.0,UG/M3,1 Hr,Valid
Phora Durbar Kathmandu,PM2.5 - Principal,2024-11-16 02:00 PM,2024,11,16,14,79.1,168,Unhealthy,78.0,UG/M3,1 Hr,Valid
Phora Durbar Kathmandu,PM2.5 - Principal,2024-11-16 03:00 PM,2024,11,16,15,65.5,158,Unhealthy,52.0,UG/M3,1 Hr,Valid
Phora Durbar Kathmandu,PM2.5 - Principal,2024-11-16 04:00 PM,2024,11,16,16,69.2,161,Unhealthy,73.0,UG/M3,1 Hr,Valid
Phora Durbar Kathmandu,PM2.5 - Principal,2024-11-16 05:00 PM,2024,11,16,17,71.1,162,Unhealthy,73.0,UG/M3,1 Hr,Valid
Phora Durbar Kathmandu,PM2.5 - Principal,2024-11-16 06:00 PM,2024,11,16,18,64.0,157,Unhealthy,57.0,UG/M3,1 Hr,Valid
Phora Durbar Kathmandu,PM2.5 - Principal,2024-11-16 07:00 PM,2024,11,16,19,67.5,159,Unhealthy,71.0,UG/M3,1 Hr,Valid
Phora Durbar Kathmandu,PM2.5 - Principal,2024-11-16 08:00 PM,2024,11,16,20,110.7,190,Unhealthy,154.0,UG/M3,1 Hr,Valid
Phora Durbar Kathmandu,PM2.5 - Principal,2024-11-16 09:00 PM,2024,11,16,21,93.8,178,Unhealthy,77.0,UG/M3,1 Hr,Valid
Phora Durbar Kathmandu,PM2.5 - Principal,2024-11-16 10:00 PM,2024,11,16,22,72.9,163,Unhealthy,52.0,UG/M3,1 Hr,Valid
Phora Durbar Kathmandu,PM2.5 - Principal,2024-11-16 11:00 PM,2024,11,16,23,85.4,172,Unhealthy,98.0,UG/M3,1 Hr,Valid
Phora Durbar Kathmandu,PM2.5 - Principal,2024-11-17 12:00 AM,2024,11,17,00,111.7,190,Unhealthy,138.0,UG/M3,1 Hr,Valid
Phora Durbar Kathmandu,PM2.5 - Principal,2024-11-17 01:00 AM,2024,11,17,01,111.7,190,Unhealthy,28.0,UG/M3,1 Hr,Invalid
Phora Durbar Kathmandu,PM2.5 - Principal,2024-11-17 02:00 AM,2024,11,17,02,99.2,182,Unhealthy,93.0,UG/M3,1 Hr,Valid
Phora Durbar Kathmandu,PM2.5 - Principal,2024-11-17 03:00 AM,2024,11,17,03,82.5,170,Unhealthy,70.0,UG/M3,1 Hr,Valid
Phora Durbar Kathmandu,PM2.5 - Principal,2024-11-17 04:00 AM,2024,11,17,04,69.9,161,Unhealthy,59.0,UG/M3,1 Hr,Valid
Phora Durbar Kathmandu,PM2.5 - Principal,2024-11-17 05:00 AM,2024,11,17,05,90.1,175,Unhealthy,109.0,UG/M3,1 Hr,Valid
Phora Durbar Kathmandu,PM2.5 - Principal,2024-11-17 06:00 AM,2024,11,17,06,83.4,171,Unhealthy,77.0,UG/M3,1 Hr,Valid
Phora Durbar Kathmandu,PM2.5 - Principal,2024-11-17 07:00 AM,2024,11,17,07,107.9,188,Unhealthy,132.0,UG/M3,1 Hr,Valid
Phora Durbar Kathmandu,PM2.5 - Principal,2024-11-17 08:00 AM,2024,11,17,08,83.8,171,Unhealthy,60.0,UG/M3,1 Hr,Valid
Phora Durbar Kathmandu,PM2.5 - Principal,2024-11-17 09:00 AM,2024,11,17,09,74.9,165,Unhealthy,66.0,UG/M3,1 Hr,Valid
Phora Durbar Kathmandu,PM2.5 - Principal,2024-11-17 10:00 AM,2024,11,17,10,74.4,164,Unhealthy,74.0,UG/M3,1 Hr,Valid
Phora Durbar Kathmandu,PM2.5 - Principal,2024-11-17 11:00 AM,2024,11,17,11,54.2,147,Unhealthy for Sensitive Groups,34.0,UG/M3,1 Hr,Valid
Phora Durbar Kathmandu,PM2.5 - Principal,2024-11-17 12:00 PM,2024,11,17,12,52.0,142,Unhealthy for Sensitive Groups,50.0,UG/M3,1 Hr,Valid
Phora Durbar Kathmandu,PM2.5 - Principal,2024-11-17 01:00 PM,2024,11,17,13,48.5,133,Unhealthy for Sensitive Groups,45.0,UG/M3,1 Hr,Valid
Phora Durbar Kathmandu,PM2.5 - Principal,2024-11-17 02:00 PM,2024,11,17,14,51.2,140,Unhealthy for Sensitive Groups,54.0,UG/M3,1 Hr,Valid
Phora Durbar Kathmandu,PM2.5 - Principal,2024-11-17 03:00 PM,2024,11,17,15,67.1,159,Unhealthy,83.0,UG/M3,1 Hr,Valid
Phora Durbar Kathmandu,PM2.5 - Principal,2024-11-17 04:00 PM,2024,11,17,16,47.5,131,Unhealthy for Sensitive Groups,28.0,UG/M3,1 Hr,Valid
Phora Durbar Kathmandu,PM2.5 - Principal,2024-11-17 05:00 PM,2024,11,17,17,58.2,153,Unhealthy,69.0,UG/M3,1 Hr,Valid
Phora Durbar Kathmandu,PM2.5 - Principal,2024-11-17 06:00 PM,2024,11,17,18,55.1,149,Unhealthy for Sensitive Groups,52.0,UG/M3,1 Hr,Valid
Phora Durbar Kathmandu,PM2.5 - Principal,2024-11-17 07:00 PM,2024,11,17,19,124.5,199,Unhealthy,194.0,UG/M3,1 Hr,Valid
Phora Durbar Kathmandu,PM2.5 - Principal,2024-11-17 08:00 PM,2024,11,17,20,100.7,183,Unhealthy,77.0,UG/M3,1 Hr,Valid
Phora Durbar Kathmandu,PM2.5 - Principal,2024-11-17 09:00 PM,2024,11,17,21,130.4,206,Very Unhealthy,160.0,UG/M3,1 Hr,Valid
Phora Durbar Kathmandu,PM2.5 - Principal,2024-11-17 10:00 PM,2024,11,17,22,101.7,183,Unhealthy,73.0,UG/M3,1 Hr,Valid
Phora Durbar Kathmandu,PM2.5 - Principal,2024-11-17 11:00 PM,2024,11,17,23,73.8,164,Unhealthy,46.0,UG/M3,1 Hr,Valid
Phora Durbar Kathmandu,PM2.5 - Principal,2024-11-18 12:00 AM,2024,11,18,00,57.4,152,Unhealthy,41.0,UG/M3,1 Hr,Valid
Phora Durbar Kathmandu,PM2.5 - Principal,2024-11-18 01:00 AM,2024,11,18,01,49.7,136,Unhealthy for Sensitive Groups,42.0,UG/M3,1 Hr,Valid
Phora Durbar Kathmandu,PM2.5 - Principal,2024-11-18 02:00 AM,2024,11,18,02,65.3,158,Unhealthy,81.0,UG/M3,1 Hr,Valid
Phora Durbar Kathmandu,PM2.5 - Principal,2024-11-18 03:00 AM,2024,11,18,03,56.1,151,Unhealthy,47.0,UG/M3,1 Hr,Valid
Phora Durbar Kathmandu,PM2.5 - Principal,2024-11-18 04:00 AM,2024,11,18,04,57.5,152,Unhealthy,59.0,UG/M3,1 Hr,Valid
Phora Durbar Kathmandu,PM2.5 - Principal,2024-11-18 05:00 AM,2024,11,18,05,39.7,111,Unhealthy for Sensitive Groups,22.0,UG/M3,1 Hr,Valid
Phora Durbar Kathmandu,PM2.5 - Principal,2024-11-18 06:00 AM,2024,11,18,06,65.8,158,Unhealthy,92.0,UG/M3,1 Hr,Valid
Phora Durbar Kathmandu,PM2.5 - Principal,2024-11-18 07:00 AM,2024,11,18,07,70.4,161,Unhealthy,75.0,UG/M3,1 Hr,Valid
Phora Durbar Kathmandu,PM2.5 - Principal,2024-11-18 08:00 AM,2024,11,18,08,61.2,155,Unhealthy,52.0,UG/M3,1 Hr,Valid
Phora Durbar Kathmandu,PM2.5 - Principal,2024-11-18 09:00 AM,2024,11,18,09,70.5,162,Unhealthy,80.0,UG/M3,1 Hr,Valid
Phora Durbar Kathmandu,PM2.5 - Principal,2024-11-18 10:00 AM,2024,11,18,10,63.2,156,Unhealthy,56.0,UG/M3,1 Hr,Valid
Phora Durbar Kathmandu,PM2.5 - Principal,2024-11-18 11:00 AM,2024,11,18,11,80.1,168,Unhealthy,97.0,UG/M3,1 Hr,Valid
Phora Durbar Kathmandu,PM2.5 - Principal,2024-11-18 12:00 PM,2024,11,18,12,54.5,148,Unhealthy for Sensitive Groups,29.0,UG/M3,1 Hr,Valid
Phora Durbar Kathmandu,PM2.5 - Principal,2024-11-18 01:00 PM,2024,11,18,13,46.7,129,Unhealthy for Sensitive Groups,39.0,UG/M3,1 Hr,Valid
Phora Durbar Kathmandu,PM2.5 - Principal,2024-11-18 02:00 PM,2024,11,18,14,56.3,152,Unhealthy,66.0,UG/M3,1 Hr,Valid
Phora Durbar Kathmandu,PM2.5 - Principal,2024-11-18 03:00 PM,2024,11,18,15,52.1,142,Unhealthy for Sensitive Groups,48.0,UG/M3,1 Hr,Valid
Phora Durbar Kathmandu,PM2.5 - Principal,2024-11-18 04:00 PM,2024,11,18,16,40.5,113,Unhealthy for Sensitive Groups,29.0,UG/M3,1 Hr,Valid
Phora Durbar Kathmandu,PM2.5 - Principal,2024-11-18 05:00 PM,2024,11,18,17,71.3,162,Unhealthy,102.0,UG/M3,1 Hr,Valid
Phora Durbar Kathmandu,PM2.5 - Principal,2024-11-18 06:00 PM,2024,11,18,18,53.1,144,Unhealthy for Sensitive Groups,35.0,UG/M3,1 Hr,Valid
Phora Durbar Kathmandu,PM2.5 - Principal,2024-11-18 07:00 PM,2024,11,18,19,56.0,151,Unhealthy,59.0,UG/M3,1 Hr,Valid
Phora Durbar Kathmandu,PM2.5 - Principal,2024-11-18 08:00 PM,2024,11,18,20,61.5,155,Unhealthy,67.0,UG/M3,1 Hr,Valid
Phora Durbar Kathmandu,PM2.5 - Principal,2024-11-18 09:00 PM,2024,11,18,21,64.2,157,Unhealthy,67.0,UG/M3,1 Hr,Valid
Phora Durbar Kathmandu,PM2.5 - Principal,2024-11-18 10:00 PM,2024,11,18,22,49.6,136,Unhealthy for Sensitive Groups,35.0,UG/M3,1 Hr,Valid
Phora Durbar Kathmandu,PM2.5 - Principal,2024-11-18 11:00 PM,2024,11,18,23,80.8,169,Unhealthy,112.0,UG/M3,1 Hr,Valid
Phora Durbar Kathmandu,PM2.5 - Principal,2024-11-19 12:00 AM,2024,11,19,00,59.9,154,Unhealthy,39.0,UG/M3,1 Hr,Valid
Phora Durbar Kathmandu,PM2.5 - Principal,2024-11-19 01:00 AM,2024,11,19,01,53.9,146,Unhealthy for Sensitive Groups,48.0,UG/M3,1 Hr,Valid
Phora Durbar Kathmandu,PM2.5 - Principal,2024-11-19 02:00 AM,2024,11,19,02,55.4,150,Unhealthy for Sensitive Groups,57.0,UG/M3,1 Hr,Valid
Phora Durbar Kathmandu,PM2.5 - Principal,2024-11-19 03:00 AM,2024,11,19,03,61.2,155,Unhealthy,67.0,UG/M3,1 Hr,Valid
Phora Durbar Kathmandu,PM2.5 - Principal,2024-11-19 04:00 AM,2024,11,19,04,61.1,155,Unhealthy,61.0,UG/M3,1 Hr,Valid
Phora Durbar Kathmandu,PM2.5 - Principal,2024-11-19 05:00 AM,2024,11,19,05,33.0,96,Moderate,5.0,UG/M3,1 Hr,Valid
Phora Durbar Kathmandu,PM2.5 - Principal,2024-11-19 06:00 AM,2024,11,19,06,73.5,164,Unhealthy,114.0,UG/M3,1 Hr,Valid
Phora Durbar Kathmandu,PM2.5 - Principal,2024-11-19 07:00 AM,2024,11,19,07,69.7,161,Unhealthy,66.0,UG/M3,1 Hr,Valid
Phora Durbar Kathmandu,PM2.5 - Principal,2024-11-19 08:00 AM,2024,11,19,08,73.8,164,Unhealthy,78.0,UG/M3,1 Hr,Valid
Phora Durbar Kathmandu,PM2.5 - Principal,2024-11-19 09:00 AM,2024,11,19,09,107.4,187,Unhealthy,141.0,UG/M3,1 Hr,Valid
Phora Durbar Kathmandu,PM2.5 - Principal,2024-11-19 10:00 AM,2024,11,19,10,98.2,181,Unhealthy,89.0,UG/M3,1 Hr,Valid
Phora Durbar Kathmandu,PM2.5 - Principal,2024-11-19 11:00 AM,2024,11,19,11,73.1,163,Unhealthy,48.0,UG/M3,1 Hr,Valid
Phora Durbar Kathmandu,PM2.5 - Principal,2024-11-19 12:00 PM,2024,11,19,12,71.0,162,Unhealthy,69.0,UG/M3,1 Hr,Valid
Phora Durbar Kathmandu,PM2.5 - Principal,2024-11-19 01:00 PM,2024,11,19,13,47.0,129,Unhealthy for Sensitive Groups,23.0,UG/M3,1 Hr,Valid
Phora Durbar Kathmandu,PM2.5 - Principal,2024-11-19 02:00 PM,2024,11,19,14,45.0,124,Unhealthy for Sensitive Groups,43.0,UG/M3,1 Hr,Valid
Phora Durbar Kathmandu,PM2.5 - Principal,2024-11-19 03:00 PM,2024,11,19,15,34.0,97,Moderate,23.0,UG/M3,1 Hr,Valid
Phora Durbar Kathmandu,PM2.5 - Principal,2024-11-19 04:00 PM,2024,11,19,16,31.4,93,Moderate,29.0,UG/M3,1 Hr,Valid
Phora Durbar Kathmandu,PM2.5 - Principal,2024-11-19 05:00 PM,2024,11,19,17,23.7,78,Moderate,16.0,UG/M3,1 Hr,Valid
Phora Durbar Kathmandu,PM2.5 - Principal,2024-11-19 06:00 PM,2024,11,19,18,34.3,98,Moderate,45.0,UG/M3,1 Hr,Valid
Phora Durbar Kathmandu,PM2.5 - Principal,2024-11-19 07:00 PM,2024,11,19,19,69.6,161,Unhealthy,105.0,UG/M3,1 Hr,Valid
Phora Durbar Kathmandu,PM2.5 - Principal,2024-11-19 08:00 PM,2024,11,19,20,55.8,151,Unhealthy,42.0,UG/M3,1 Hr,Valid
Phora Durbar Kathmandu,PM2.5 - Principal,2024-11-19 09:00 PM,2024,11,19,21,96.9,180,Unhealthy,138.0,UG/M3,1 Hr,Valid
Phora Durbar Kathmandu,PM2.5 - Principal,2024-11-19 10:00 PM,2024,11,19,22,72.9,163,Unhealthy,49.0,UG/M3,1 Hr,Valid
Phora Durbar Kathmandu,PM2.5 - Principal,2024-11-19 11:00 PM,2024,11,19,23,72.9,163,Unhealthy,-15.0,UG/M3,1 Hr,Invalid
Phora Durbar Kathmandu,PM2.5 - Principal,2024-11-20 12:00 AM,2024,11,20,00,91.6,176,Unhealthy,101.0,UG/M3,1 Hr,Valid
Phora Durbar Kathmandu,PM2.5 - Principal,2024-11-20 01:00 AM,2024,11,20,01,63.8,157,Unhealthy,43.0,UG/M3,1 Hr,Valid
Phora Durbar Kathmandu,PM2.5 - Principal,2024-11-20 02:00 AM,2024,11,20,02,57.0,152,Unhealthy,51.0,UG/M3,1 Hr,Valid
Phora Durbar Kathmandu,PM2.5 - Principal,2024-11-20 03:00 AM,2024,11,20,03,53.3,145,Unhealthy for Sensitive Groups,50.0,UG/M3,1 Hr,Valid
Phora Durbar Kathmandu,PM2.5 - Principal,2024-11-20 04:00 AM,2024,11,20,04,51.1,139,Unhealthy for Sensitive Groups,49.0,UG/M3,1 Hr,Valid
Phora Durbar Kathmandu,PM2.5 - Principal,2024-11-20 05:00 AM,2024,11,20,05,49.5,135,Unhealthy for Sensitive Groups,48.0,UG/M3,1 Hr,Valid
Phora Durbar Kathmandu,PM2.5 - Principal,2024-11-20 06:00 AM,2024,11,20,06,43.7,121,Unhealthy for Sensitive Groups,38.0,UG/M3,1 Hr,Valid
Phora Durbar Kathmandu,PM2.5 - Principal,2024-11-20 07:00 AM,2024,11,20,07,57.9,153,Unhealthy,72.0,UG/M3,1 Hr,Valid
Phora Durbar Kathmandu,PM2.5 - Principal,2024-11-20 08:00 AM,2024,11,20,08,60.9,155,Unhealthy,64.0,UG/M3,1 Hr,Valid
Phora Durbar Kathmandu,PM2.5 - Principal,2024-11-20 09:00 AM,2024,11,20,09,77.4,166,Unhealthy,94.0,UG/M3,1 Hr,Valid
Phora Durbar Kathmandu,PM2.5 - Principal,2024-11-20 10:00 AM,2024,11,20,10,51.2,140,Unhealthy for Sensitive Groups,25.0,UG/M3,1 Hr,Valid
Phora Durbar Kathmandu,PM2.5 - Principal,2024-11-20 11:00 AM,2024,11,20,11,61.1,155,Unhealthy,71.0,UG/M3,1 Hr,Valid
Phora Durbar Kathmandu,PM2.5 - Principal,2024-11-20 12:00 PM,2024,11,20,12,48.0,132,Unhealthy for Sensitive Groups,35.0,UG/M3,1 Hr,Valid
Phora Durbar Kathmandu,PM2.5 - Principal,2024-11-20 01:00 PM,2024,11,20,13,33.5,96,Moderate,19.0,UG/M3,1 Hr,Valid
Phora Durbar Kathmandu,PM2.5 - Principal,2024-11-20 02:00 PM,2024,11,20,14,47.2,130,Unhealthy for Sensitive Groups,61.0,UG/M3,1 Hr,Valid
Phora Durbar Kathmandu,PM2.5 - Principal,2024-11-20 03:00 PM,2024,11,20,15,34.6,99,Moderate,22.0,UG/M3,1 Hr,Valid
Phora Durbar Kathmandu,PM2.5 - Principal,2024-11-20 04:00 PM,2024,11,20,16,34.6,99,Moderate,-15.0,UG/M3,1 Hr,Invalid
Phora Durbar Kathmandu,PM2.5 - Principal,2024-11-20 05:00 PM,2024,11,20,17,44.8,124,Unhealthy for Sensitive Groups,50.0,UG/M3,1 Hr,Valid
Phora Durbar Kathmandu,PM2.5 - Principal,2024-11-20 06:00 PM,2024,11,20,18,94.6,178,Unhealthy,132.0,UG/M3,1 Hr,Valid
Phora Durbar Kathmandu,PM2.5 - Principal,2024-11-20 07:00 PM,2024,11,20,19,62.3,156,Unhealthy,34.0,UG/M3,1 Hr,Valid
Phora Durbar Kathmandu,PM2.5 - Principal,2024-11-20 08:00 PM,2024,11,20,20,61.6,155,Unhealthy,61.0,UG/M3,1 Hr,Valid
Phora Durbar Kathmandu,PM2.5 - Principal,2024-11-20 09:00 PM,2024,11,20,21,57.2,152,Unhealthy,53.0,UG/M3,1 Hr,Valid
Phora Durbar Kathmandu,PM2.5 - Principal,2024-11-20 10:00 PM,2024,11,20,22,40.4,113,Unhealthy for Sensitive Groups,24.0,UG/M3,1 Hr,Valid
Phora Durbar Kathmandu,PM2.5 - Principal,2024-11-20 11:00 PM,2024,11,20,23,54.2,147,Unhealthy for Sensitive Groups,68.0,UG/M3,1 Hr,Valid
Phora Durbar Kathmandu,PM2.5 - Principal,2024-11-21 12:00 AM,2024,11,21,00,47.1,130,Unhealthy for Sensitive Groups,40.0,UG/M3,1 Hr,Valid
Phora Durbar Kathmandu,PM2.5 - Principal,2024-11-21 01:00 AM,2024,11,21,01,31.5,93,Moderate,16.0,UG/M3,1 Hr,Valid
Phora Durbar Kathmandu,PM2.5 - Principal,2024-11-21 02:00 AM,2024,11,21,02,34.7,99,Moderate,38.0,UG/M3,1 Hr,Valid
Phora Durbar Kathmandu,PM2.5 - Principal,2024-11-21 03:00 AM,2024,11,21,03,37.3,105,Unhealthy for Sensitive Groups,40.0,UG/M3,1 Hr,Valid
Phora Durbar Kathmandu,PM2.5 - Principal,2024-11-21 04:00 AM,2024,11,21,04,54.1,147,Unhealthy for Sensitive Groups,71.0,UG/M3,1 Hr,Valid
Phora Durbar Kathmandu,PM2.5 - Principal,2024-11-21 05:00 AM,2024,11,21,05,66.1,158,Unhealthy,78.0,UG/M3,1 Hr,Valid
Phora Durbar Kathmandu,PM2.5 - Principal,2024-11-21 06:00 AM,2024,11,21,06,72.5,163,Unhealthy,79.0,UG/M3,1 Hr,Valid
Phora Durbar Kathmandu,PM2.5 - Principal,2024-11-21 07:00 AM,2024,11,21,07,35.2,100,Moderate,-2.0,UG/M3,1 Hr,Valid
Phora Durbar Kathmandu,PM2.5 - Principal,2024-11-21 08:00 AM,2024,11,21,08,51.1,139,Unhealthy for Sensitive Groups,67.0,UG/M3,1 Hr,Valid
Phora Durbar Kathmandu,PM2.5 - Principal,2024-11-21 09:00 AM,2024,11,21,09,73.5,164,Unhealthy,96.0,UG/M3,1 Hr,Valid
Phora Durbar Kathmandu,PM2.5 - Principal,2024-11-21 10:00 AM,2024,11,21,10,73.5,164,Unhealthy,-8.0,UG/M3,1 Hr,Invalid
Phora Durbar Kathmandu,PM2.5 - Principal,2024-11-21 11:00 AM,2024,11,21,11,91.8,176,Unhealthy,101.0,UG/M3,1 Hr,Valid
Phora Durbar Kathmandu,PM2.5 - Principal,2024-11-21 12:00 PM,2024,11,21,12,58.2,153,Unhealthy,33.0,UG/M3,1 Hr,Valid
Phora Durbar Kathmandu,PM2.5 - Principal,2024-11-21 01:00 PM,2024,11,21,13,106.6,187,Unhealthy,149.0,UG/M3,1 Hr,Valid
Phora Durbar Kathmandu,PM2.5 - Principal,2024-11-21 02:00 PM,2024,11,21,14,66.5,159,Unhealthy,29.0,UG/M3,1 Hr,Valid
Phora Durbar Kathmandu,PM2.5 - Principal,2024-11-21 03:00 PM,2024,11,21,15,66.5,159,Unhealthy,-15.0,UG/M3,1 Hr,Invalid
Phora Durbar Kathmandu,PM2.5 - Principal,2024-11-21 04:00 PM,2024,11,21,16,63.4,157,Unhealthy,62.0,UG/M3,1 Hr,Valid
Phora Durbar Kathmandu,PM2.5 - Principal,2024-11-21 05:00 PM,2024,11,21,17,-999.0,-999,N/A,-15.0,UG/M3,1 Hr,Invalid
Phora Durbar Kathmandu,PM2.5 - Principal,2024-11-21 06:00 PM,2024,11,21,18,45.6,126,Unhealthy for Sensitive Groups,39.0,UG/M3,1 Hr,Valid
Phora Durbar Kathmandu,PM2.5 - Principal,2024-11-21 07:00 PM,2024,11,21,19,55.3,150,Unhealthy for Sensitive Groups,62.0,UG/M3,1 Hr,Valid
Phora Durbar Kathmandu,PM2.5 - Principal,2024-11-21 08:00 PM,2024,11,21,20,68.7,160,Unhealthy,80.0,UG/M3,1 Hr,Valid
Phora Durbar Kathmandu,PM2.5 - Principal,2024-11-21 09:00 PM,2024,11,21,21,68.7,160,Unhealthy,-15.0,UG/M3,1 Hr,Invalid
Phora Durbar Kathmandu,PM2.5 - Principal,2024-11-21 10:00 PM,2024,11,21,22,131.2,207,Very Unhealthy,160.0,UG/M3,1 Hr,Valid
Phora Durbar Kathmandu,PM2.5 - Principal,2024-11-21 11:00 PM,2024,11,21,23,80.2,168,Unhealthy,43.0,UG/M3,1 Hr,Valid
Phora Durbar Kathmandu,PM2.5 - Principal,2024-11-22 12:00 AM,2024,11,22,00,62.9,156,Unhealthy,48.0,UG/M3,1 Hr,Valid
Phora Durbar Kathmandu,PM2.5 - Principal,2024-11-22 01:00 AM,2024,11,22,01,80.5,169,Unhealthy,97.0,UG/M3,1 Hr,Valid
Phora Durbar Kathmandu,PM2.5 - Principal,2024-11-22 02:00 AM,2024,11,22,02,80.5,169,Unhealthy,-15.0,UG/M3,1 Hr,Invalid
Phora Durbar Kathmandu,PM2.5 - Principal,2024-11-22 03:00 AM,2024,11,22,03,53.2,145,Unhealthy for Sensitive Groups,40.0,UG/M3,1 Hr,Valid
Phora Durbar Kathmandu,PM2.5 - Principal,2024-11-22 04:00 AM,2024,11,22,04,110.5,190,Unhealthy,153.0,UG/M3,1 Hr,Valid
Phora Durbar Kathmandu,PM2.5 - Principal,2024-11-22 05:00 AM,2024,11,22,05,68.5,160,Unhealthy,32.0,UG/M3,1 Hr,Valid
Phora Durbar Kathmandu,PM2.5 - Principal,2024-11-22 06:00 AM,2024,11,22,06,68.5,160,Unhealthy,-12.0,UG/M3,1 Hr,Invalid
Phora Durbar Kathmandu,PM2.5 - Principal,2024-11-22 07:00 AM,2024,11,22,07,111.1,190,Unhealthy,131.0,UG/M3,1 Hr,Valid
Phora Durbar Kathmandu,PM2.5 - Principal,2024-11-22 08:00 AM,2024,11,22,08,-999.0,-999,N/A,-15.0,UG/M3,1 Hr,Invalid
Phora Durbar Kathmandu,PM2.5 - Principal,2024-11-22 09:00 AM,2024,11,22,09,106.6,187,Unhealthy,105.0,UG/M3,1 Hr,Valid
Phora Durbar Kathmandu,PM2.5 - Principal,2024-11-22 10:00 AM,2024,11,22,10,91.3,176,Unhealthy,81.0,UG/M3,1 Hr,Valid
Phora Durbar Kathmandu,PM2.5 - Principal,2024-11-22 11:00 AM,2024,11,22,11,75.4,165,Unhealthy,62.0,UG/M3,1 Hr,Valid
Phora Durbar Kathmandu,PM2.5 - Principal,2024-11-22 12:00 PM,2024,11,22,12,77.2,166,Unhealthy,79.0,UG/M3,1 Hr,Valid
Phora Durbar Kathmandu,PM2.5 - Principal,2024-11-22 01:00 PM,2024,11,22,13,36.8,104,Unhealthy for Sensitive Groups,-2.0,UG/M3,1 Hr,Valid
Phora Durbar Kathmandu,PM2.5 - Principal,2024-11-22 02:00 PM,2024,11,22,14,60.6,155,Unhealthy,84.0,UG/M3,1 Hr,Valid
Phora Durbar Kathmandu,PM2.5 - Principal,2024-11-22 03:00 PM,2024,11,22,15,60.6,155,Unhealthy,-15.0,UG/M3,1 Hr,Invalid
Phora Durbar Kathmandu,PM2.5 - Principal,2024-11-22 04:00 PM,2024,11,22,16,121.0,197,Unhealthy,151.0,UG/M3,1 Hr,Valid
Phora Durbar Kathmandu,PM2.5 - Principal,2024-11-22 05:00 PM,2024,11,22,17,81.5,169,Unhealthy,52.0,UG/M3,1 Hr,Valid
Phora Durbar Kathmandu,PM2.5 - Principal,2024-11-22 06:00 PM,2024,11,22,18,58.8,153,Unhealthy,39.0,UG/M3,1 Hr,Valid
Phora Durbar Kathmandu,PM2.5 - Principal,2024-11-22 07:00 PM,2024,11,22,19,41.8,117,Unhealthy for Sensitive Groups,26.0,UG/M3,1 Hr,Valid
Phora Durbar Kathmandu,PM2.5 - Principal,2024-11-22 08:00 PM,2024,11,22,20,43.9,122,Unhealthy for Sensitive Groups,46.0,UG/M3,1 Hr,Valid
Phora Durbar Kathmandu,PM2.5 - Principal,2024-11-22 09:00 PM,2024,11,22,21,57.5,152,Unhealthy,71.0,UG/M3,1 Hr,Valid
Phora Durbar Kathmandu,PM2.5 - Principal,2024-11-22 10:00 PM,2024,11,22,22,73.8,164,Unhealthy,90.0,UG/M3,1 Hr,Valid
Phora Durbar Kathmandu,PM2.5 - Principal,2024-11-22 11:00 PM,2024,11,22,23,67.4,159,Unhealthy,61.0,UG/M3,1 Hr,Valid
Phora Durbar Kathmandu,PM2.5 - Principal,2024-11-23 12:00 AM,2024,11,23,00,67.4,159,Unhealthy,-15.0,UG/M3,1 Hr,Invalid
Phora Durbar Kathmandu,PM2.5 - Principal,2024-11-23 01:00 AM,2024,11,23,01,53.8,146,Unhealthy for Sensitive Groups,47.0,UG/M3,1 Hr,Valid
Phora Durbar Kathmandu,PM2.5 - Principal,2024-11-23 02:00 AM,2024,11,23,02,63.6,157,Unhealthy,71.0,UG/M3,1 Hr,Valid
Phora Durbar Kathmandu,PM2.5 - Principal,2024-11-23 03:00 AM,2024,11,23,03,63.6,157,Unhealthy,-12.0,UG/M3,1 Hr,Invalid
Phora Durbar Kathmandu,PM2.5 - Principal,2024-11-23 04:00 AM,2024,11,23,04,38.1,107,Unhealthy for Sensitive Groups,27.0,UG/M3,1 Hr,Valid
Phora Durbar Kathmandu,PM2.5 - Principal,2024-11-23 05:00 AM,2024,11,23,05,38.6,109,Unhealthy for Sensitive Groups,39.0,UG/M3,1 Hr,Valid
Phora Durbar Kathmandu,PM2.5 - Principal,2024-11-23 06:00 AM,2024,11,23,06,42.0,117,Unhealthy for Sensitive Groups,45.0,UG/M3,1 Hr,Valid
Phora Durbar Kathmandu,PM2.5 - Principal,2024-11-23 07:00 AM,2024,11,23,07,51.8,141,Unhealthy for Sensitive Groups,61.0,UG/M3,1 Hr,Valid
Phora Durbar Kathmandu,PM2.5 - Principal,2024-11-23 08:00 AM,2024,11,23,08,53.4,145,Unhealthy for Sensitive Groups,55.0,UG/M3,1 Hr,Valid
Phora Durbar Kathmandu,PM2.5 - Principal,2024-11-23 09:00 AM,2024,11,23,09,87.5,173,Unhealthy,121.0,UG/M3,1 Hr,Valid
Phora Durbar Kathmandu,PM2.5 - Principal,2024-11-23 10:00 AM,2024,11,23,10,79.2,168,Unhealthy,71.0,UG/M3,1 Hr,Valid
Phora Durbar Kathmandu,PM2.5 - Principal,2024-11-23 11:00 AM,2024,11,23,11,80.1,168,Unhealthy,81.0,UG/M3,1 Hr,Valid
Phora Durbar Kathmandu,PM2.5 - Principal,2024-11-23 12:00 PM,2024,11,23,12,57.5,152,Unhealthy,35.0,UG/M3,1 Hr,Valid
Phora Durbar Kathmandu,PM2.5 - Principal,2024-11-23 01:00 PM,2024,11,23,13,66.2,159,Unhealthy,75.0,UG/M3,1 Hr,Valid
Phora Durbar Kathmandu,PM2.5 - Principal,2024-11-23 02:00 PM,2024,11,23,14,57.1,152,Unhealthy,48.0,UG/M3,1 Hr,Valid
Phora Durbar Kathmandu,PM2.5 - Principal,2024-11-23 03:00 PM,2024,11,23,15,57.1,152,Unhealthy,-15.0,UG/M3,1 Hr,Invalid
Phora Durbar Kathmandu,PM2.5 - Principal,2024-11-23 04:00 PM,2024,11,23,16,39.7,111,Unhealthy for Sensitive Groups,31.0,UG/M3,1 Hr,Valid
Phora Durbar Kathmandu,PM2.5 - Principal,2024-11-23 05:00 PM,2024,11,23,17,32.4,94,Moderate,27.0,UG/M3,1 Hr,Valid
Phora Durbar Kathmandu,PM2.5 - Principal,2024-11-23 06:00 PM,2024,11,23,18,30.6,91,Moderate,29.0,UG/M3,1 Hr,Valid
Phora Durbar Kathmandu,PM2.5 - Principal,2024-11-23 07:00 PM,2024,11,23,19,27.1,85,Moderate,24.0,UG/M3,1 Hr,Valid
Phora Durbar Kathmandu,PM2.5 - Principal,2024-11-23 08:00 PM,2024,11,23,20,39.7,111,Unhealthy for Sensitive Groups,52.0,UG/M3,1 Hr,Valid
Phora Durbar Kathmandu,PM2.5 - Principal,2024-11-23 09:00 PM,2024,11,23,21,71.1,162,Unhealthy,102.0,UG/M3,1 Hr,Valid
Phora Durbar Kathmandu,PM2.5 - Principal,2024-11-23 10:00 PM,2024,11,23,22,68.0,160,Unhealthy,65.0,UG/M3,1 Hr,Valid
Phora Durbar Kathmandu,PM2.5 - Principal,2024-11-23 11:00 PM,2024,11,23,23,82.5,170,Unhealthy,97.0,UG/M3,1 Hr,Valid
Phora Durbar Kathmandu,PM2.5 - Principal,2024-11-24 12:00 AM,2024,11,24,00,48.2,132,Unhealthy for Sensitive Groups,14.0,UG/M3,1 Hr,Valid
Phora Durbar Kathmandu,PM2.5 - Principal,2024-11-24 01:00 AM,2024,11,24,01,44.6,123,Unhealthy for Sensitive Groups,41.0,UG/M3,1 Hr,Valid
Phora Durbar Kathmandu,PM2.5 - Principal,2024-11-24 02:00 AM,2024,11,24,02,29.2,88,Moderate,14.0,UG/M3,1 Hr,Valid
Phora Durbar Kathmandu,PM2.5 - Principal,2024-11-24 03:00 AM,2024,11,24,03,36.6,104,Unhealthy for Sensitive Groups,44.0,UG/M3,1 Hr,Valid
Phora Durbar Kathmandu,PM2.5 - Principal,2024-11-24 04:00 AM,2024,11,24,04,74.8,165,Unhealthy,113.0,UG/M3,1 Hr,Valid
Phora Durbar Kathmandu,PM2.5 - Principal,2024-11-24 05:00 AM,2024,11,24,05,41.9,117,Unhealthy for Sensitive Groups,9.0,UG/M3,1 Hr,Valid
Phora Durbar Kathmandu,PM2.5 - Principal,2024-11-24 06:00 AM,2024,11,24,06,60.9,155,Unhealthy,80.0,UG/M3,1 Hr,Valid
Phora Durbar Kathmandu,PM2.5 - Principal,2024-11-24 07:00 AM,2024,11,24,07,44.4,123,Unhealthy for Sensitive Groups,28.0,UG/M3,1 Hr,Valid
Phora Durbar Kathmandu,PM2.5 - Principal,2024-11-24 08:00 AM,2024,11,24,08,57.2,152,Unhealthy,70.0,UG/M3,1 Hr,Valid
Phora Durbar Kathmandu,PM2.5 - Principal,2024-11-24 09:00 AM,2024,11,24,09,64.6,157,Unhealthy,72.0,UG/M3,1 Hr,Valid
Phora Durbar Kathmandu,PM2.5 - Principal,2024-11-24 10:00 AM,2024,11,24,10,79.3,168,Unhealthy,94.0,UG/M3,1 Hr,Valid
Phora Durbar Kathmandu,PM2.5 - Principal,2024-11-24 11:00 AM,2024,11,24,11,73.6,164,Unhealthy,68.0,UG/M3,1 Hr,Valid
Phora Durbar Kathmandu,PM2.5 - Principal,2024-11-24 12:00 PM,2024,11,24,12,68.8,160,Unhealthy,64.0,UG/M3,1 Hr,Valid
Phora Durbar Kathmandu,PM2.5 - Principal,2024-11-24 01:00 PM,2024,11,24,13,45.4,125,Unhealthy for Sensitive Groups,22.0,UG/M3,1 Hr,Valid
Phora Durbar Kathmandu,PM2.5 - Principal,2024-11-24 02:00 PM,2024,11,24,14,48.7,134,Unhealthy for Sensitive Groups,52.0,UG/M3,1 Hr,Valid
Phora Durbar Kathmandu,PM2.5 - Principal,2024-11-24 03:00 PM,2024,11,24,15,49.3,135,Unhealthy for Sensitive Groups,50.0,UG/M3,1 Hr,Valid
Phora Durbar Kathmandu,PM2.5 - Principal,2024-11-24 04:00 PM,2024,11,24,16,49.3,135,Unhealthy for Sensitive Groups,-15.0,UG/M3,1 Hr,Invalid
Phora Durbar Kathmandu,PM2.5 - Principal,2024-11-24 05:00 PM,2024,11,24,17,51.7,141,Unhealthy for Sensitive Groups,53.0,UG/M3,1 Hr,Valid
Phora Durbar Kathmandu,PM2.5 - Principal,2024-11-24 06:00 PM,2024,11,24,18,51.3,140,Unhealthy for Sensitive Groups,51.0,UG/M3,1 Hr,Valid
Phora Durbar Kathmandu,PM2.5 - Principal,2024-11-24 07:00 PM,2024,11,24,19,47.4,130,Unhealthy for Sensitive Groups,44.0,UG/M3,1 Hr,Valid
Phora Durbar Kathmandu,PM2.5 - Principal,2024-11-24 08:00 PM,2024,11,24,20,69.4,161,Unhealthy,90.0,UG/M3,1 Hr,Valid
Phora Durbar Kathmandu,PM2.5 - Principal,2024-11-24 09:00 PM,2024,11,24,21,91.0,176,Unhealthy,112.0,UG/M3,1 Hr,Valid
Phora Durbar Kathmandu,PM2.5 - Principal,2024-11-24 10:00 PM,2024,11,24,22,90.5,176,Unhealthy,90.0,UG/M3,1 Hr,Valid
Phora Durbar Kathmandu,PM2.5 - Principal,2024-11-24 11:00 PM,2024,11,24,23,78.7,167,Unhealthy,67.0,UG/M3,1 Hr,Valid
Phora Durbar Kathmandu,PM2.5 - Principal,2024-11-25 12:00 AM,2024,11,25,00,42.7,119,Unhealthy for Sensitive Groups,7.0,UG/M3,1 Hr,Valid
Phora Durbar Kathmandu,PM2.5 - Principal,2024-11-25 01:00 AM,2024,11,25,01,24.3,79,Moderate,6.0,UG/M3,1 Hr,Valid
Phora Durbar Kathmandu,PM2.5 - Principal,2024-11-25 02:00 AM,2024,11,25,02,34.1,98,Moderate,44.0,UG/M3,1 Hr,Valid
Phora Durbar Kathmandu,PM2.5 - Principal,2024-11-25 03:00 AM,2024,11,25,03,45.0,124,Unhealthy for Sensitive Groups,56.0,UG/M3,1 Hr,Valid
Phora Durbar Kathmandu,PM2.5 - Principal,2024-11-25 04:00 AM,2024,11,25,04,64.0,157,Unhealthy,83.0,UG/M3,1 Hr,Valid
Phora Durbar Kathmandu,PM2.5 - Principal,2024-11-25 05:00 AM,2024,11,25,05,57.0,152,Unhealthy,50.0,UG/M3,1 Hr,Valid
Phora Durbar Kathmandu,PM2.5 - Principal,2024-11-25 06:00 AM,2024,11,25,06,57.0,152,Unhealthy,57.0,UG/M3,1 Hr,Valid
Phora Durbar Kathmandu,PM2.5 - Principal,2024-11-25 07:00 AM,2024,11,25,07,37.5,106,Unhealthy for Sensitive Groups,18.0,UG/M3,1 Hr,Valid
Phora Durbar Kathmandu,PM2.5 - Principal,2024-11-25 08:00 AM,2024,11,25,08,46.2,127,Unhealthy for Sensitive Groups,55.0,UG/M3,1 Hr,Valid
Phora Durbar Kathmandu,PM2.5 - Principal,2024-11-25 09:00 AM,2024,11,25,09,46.2,127,Unhealthy for Sensitive Groups,-15.0,UG/M3,1 Hr,Invalid
Phora Durbar Kathmandu,PM2.5 - Principal,2024-11-25 10:00 AM,2024,11,25,10,62.0,156,Unhealthy,70.0,UG/M3,1 Hr,Valid
Phora Durbar Kathmandu,PM2.5 - Principal,2024-11-25 11:00 AM,2024,11,25,11,62.6,156,Unhealthy,63.0,UG/M3,1 Hr,Valid
Phora Durbar Kathmandu,PM2.5 - Principal,2024-11-25 12:00 PM,2024,11,25,12,67.6,159,Unhealthy,72.0,UG/M3,1 Hr,Valid
Phora Durbar Kathmandu,PM2.5 - Principal,2024-11-25 01:00 PM,2024,11,25,13,75.5,165,Unhealthy,83.0,UG/M3,1 Hr,Valid
Phora Durbar Kathmandu,PM2.5 - Principal,2024-11-25 02:00 PM,2024,11,25,14,49.8,136,Unhealthy for Sensitive Groups,25.0,UG/M3,1 Hr,Valid
Phora Durbar Kathmandu,PM2.5 - Principal,2024-11-25 03:00 PM,2024,11,25,15,49.8,136,Unhealthy for Sensitive Groups,-12.0,UG/M3,1 Hr,Invalid
Phora Durbar Kathmandu,PM2.5 - Principal,2024-11-25 04:00 PM,2024,11,25,16,47.2,130,Unhealthy for Sensitive Groups,46.0,UG/M3,1 Hr,Valid
Phora Durbar Kathmandu,PM2.5 - Principal,2024-11-25 05:00 PM,2024,11,25,17,47.1,130,Unhealthy for Sensitive Groups,47.0,UG/M3,1 Hr,Valid
Phora Durbar Kathmandu,PM2.5 - Principal,2024-11-25 06:00 PM,2024,11,25,18,45.9,127,Unhealthy for Sensitive Groups,45.0,UG/M3,1 Hr,Valid
Phora Durbar Kathmandu,PM2.5 - Principal,2024-11-25 07:00 PM,2024,11,25,19,95.0,179,Unhealthy,141.0,UG/M3,1 Hr,Valid
Phora Durbar Kathmandu,PM2.5 - Principal,2024-11-25 08:00 PM,2024,11,25,20,94.0,178,Unhealthy,93.0,UG/M3,1 Hr,Valid
Phora Durbar Kathmandu,PM2.5 - Principal,2024-11-25 09:00 PM,2024,11,25,21,103.5,185,Unhealthy,113.0,UG/M3,1 Hr,Valid
Phora Durbar Kathmandu,PM2.5 - Principal,2024-11-25 10:00 PM,2024,11,25,22,114.8,193,Unhealthy,126.0,UG/M3,1 Hr,Valid
Phora Durbar Kathmandu,PM2.5 - Principal,2024-11-25 11:00 PM,2024,11,25,23,126.4,202,Very Unhealthy,138.0,UG/M3,1 Hr,Valid
Phora Durbar Kathmandu,PM2.5 - Principal,2024-11-26 12:00 AM,2024,11,26,00,118.2,195,Unhealthy,110.0,UG/M3,1 Hr,Valid
Phora Durbar Kathmandu,PM2.5 - Principal,2024-11-26 01:00 AM,2024,11,26,01,97.1,180,Unhealthy,76.0,UG/M3,1 Hr,Valid
Phora Durbar Kathmandu,PM2.5 - Principal,2024-11-26 02:00 AM,2024,11,26,02,118.5,195,Unhealthy,140.0,UG/M3,1 Hr,Valid
Phora Durbar Kathmandu,PM2.5 - Principal,2024-11-26 03:00 AM,2024,11,26,03,117.2,194,Unhealthy,116.0,UG/M3,1 Hr,Valid
Phora Durbar Kathmandu,PM2.5 - Principal,2024-11-26 04:00 AM,2024,11,26,04,115.6,193,Unhealthy,114.0,UG/M3,1 Hr,Valid
Phora Durbar Kathmandu,PM2.5 - Principal,2024-11-26 05:00 AM,2024,11,26,05,99.3,182,Unhealthy,83.0,UG/M3,1 Hr,Valid
Phora Durbar Kathmandu,PM2.5 - Principal,2024-11-26 06:00 AM,2024,11,26,06,104.9,186,Unhealthy,110.0,UG/M3,1 Hr,Valid
Phora Durbar Kathmandu,PM2.5 - Principal,2024-11-26 07:00 AM,2024,11,26,07,102.2,184,Unhealthy,99.0,UG/M3,1 Hr,Valid
Phora Durbar Kathmandu,PM2.5 - Principal,2024-11-26 08:00 AM,2024,11,26,08,100.7,183,Unhealthy,99.0,UG/M3,1 Hr,Valid
Phora Durbar Kathmandu,PM2.5 - Principal,2024-11-26 09:00 AM,2024,11,26,09,94.9,179,Unhealthy,88.0,UG/M3,1 Hr,Valid
Phora Durbar Kathmandu,PM2.5 - Principal,2024-11-26 10:00 AM,2024,11,26,10,120.4,196,Unhealthy,148.0,UG/M3,1 Hr,Valid
Phora Durbar Kathmandu,PM2.5 - Principal,2024-11-26 11:00 AM,2024,11,26,11,113.9,192,Unhealthy,107.0,UG/M3,1 Hr,Valid
Phora Durbar Kathmandu,PM2.5 - Principal,2024-11-26 12:00 PM,2024,11,26,12,103.7,185,Unhealthy,93.0,UG/M3,1 Hr,Valid
Phora Durbar Kathmandu,PM2.5 - Principal,2024-11-26 01:00 PM,2024,11,26,13,77.2,166,Unhealthy,51.0,UG/M3,1 Hr,Valid
Phora Durbar Kathmandu,PM2.5 - Principal,2024-11-26 02:00 PM,2024,11,26,14,40.6,114,Unhealthy for Sensitive Groups,4.0,UG/M3,1 Hr,Valid
Phora Durbar Kathmandu,PM2.5 - Principal,2024-11-26 03:00 PM,2024,11,26,15,32.7,95,Moderate,25.0,UG/M3,1 Hr,Valid
Phora Durbar Kathmandu,PM2.5 - Principal,2024-11-26 04:00 PM,2024,11,26,16,36.3,103,Unhealthy for Sensitive Groups,40.0,UG/M3,1 Hr,Valid
Phora Durbar Kathmandu,PM2.5 - Principal,2024-11-26 05:00 PM,2024,11,26,17,31.1,92,Moderate,26.0,UG/M3,1 Hr,Valid
Phora Durbar Kathmandu,PM2.5 - Principal,2024-11-26 06:00 PM,2024,11,26,18,44.5,123,Unhealthy for Sensitive Groups,58.0,UG/M3,1 Hr,Valid
Phora Durbar Kathmandu,PM2.5 - Principal,2024-11-26 07:00 PM,2024,11,26,19,75.7,165,Unhealthy,107.0,UG/M3,1 Hr,Valid
Phora Durbar Kathmandu,PM2.5 - Principal,2024-11-26 08:00 PM,2024,11,26,20,80.3,168,Unhealthy,85.0,UG/M3,1 Hr,Valid
Phora Durbar Kathmandu,PM2.5 - Principal,2024-11-26 09:00 PM,2024,11,26,21,122.7,198,Unhealthy,165.0,UG/M3,1 Hr,Valid
Phora Durbar Kathmandu,PM2.5 - Principal,2024-11-26 10:00 PM,2024,11,26,22,171.8,247,Very Unhealthy,221.0,UG/M3,1 Hr,Valid
Phora Durbar Kathmandu,PM2.5 - Principal,2024-11-26 11:00 PM,2024,11,26,23,159.4,235,Very Unhealthy,147.0,UG/M3,1 Hr,Valid
Phora Durbar Kathmandu,PM2.5 - Principal,2024-11-27 12:00 AM,2024,11,27,00,131.2,207,Very Unhealthy,103.0,UG/M3,1 Hr,Valid
Phora Durbar Kathmandu,PM2.5 - Principal,2024-11-27 01:00 AM,2024,11,27,01,131.2,207,Very Unhealthy,-15.0,UG/M3,1 Hr,Invalid
Phora Durbar Kathmandu,PM2.5 - Principal,2024-11-27 02:00 AM,2024,11,27,02,104.4,185,Unhealthy,91.0,UG/M3,1 Hr,Valid
Phora Durbar Kathmandu,PM2.5 - Principal,2024-11-27 03:00 AM,2024,11,27,03,78.4,167,Unhealthy,59.0,UG/M3,1 Hr,Valid
Phora Durbar Kathmandu,PM2.5 - Principal,2024-11-27 04:00 AM,2024,11,27,04,99.0,181,Unhealthy,117.0,UG/M3,1 Hr,Valid
Phora Durbar Kathmandu,PM2.5 - Principal,2024-11-27 05:00 AM,2024,11,27,05,60.8,155,Unhealthy,25.0,UG/M3,1 Hr,Valid
Phora Durbar Kathmandu,PM2.5 - Principal,2024-11-27 06:00 AM,2024,11,27,06,75.6,165,Unhealthy,90.0,UG/M3,1 Hr,Valid
Phora Durbar Kathmandu,PM2.5 - Principal,2024-11-27 07:00 AM,2024,11,27,07,108.5,188,Unhealthy,141.0,UG/M3,1 Hr,Valid
Phora Durbar Kathmandu,PM2.5 - Principal,2024-11-27 08:00 AM,2024,11,27,08,74.6,164,Unhealthy,41.0,UG/M3,1 Hr,Valid
Phora Durbar Kathmandu,PM2.5 - Principal,2024-11-27 09:00 AM,2024,11,27,09,73.3,163,Unhealthy,72.0,UG/M3,1 Hr,Valid
Phora Durbar Kathmandu,PM2.5 - Principal,2024-11-27 10:00 AM,2024,11,27,10,98.1,181,Unhealthy,123.0,UG/M3,1 Hr,Valid
Phora Durbar Kathmandu,PM2.5 - Principal,2024-11-27 11:00 AM,2024,11,27,11,95.0,179,Unhealthy,92.0,UG/M3,1 Hr,Valid
Phora Durbar Kathmandu,PM2.5 - Principal,2024-11-27 12:00 PM,2024,11,27,12,112.0,191,Unhealthy,129.0,UG/M3,1 Hr,Valid
Phora Durbar Kathmandu,PM2.5 - Principal,2024-11-27 01:00 PM,2024,11,27,13,76.5,166,Unhealthy,41.0,UG/M3,1 Hr,Valid
Phora Durbar Kathmandu,PM2.5 - Principal,2024-11-27 02:00 PM,2024,11,27,14,63.2,156,Unhealthy,50.0,UG/M3,1 Hr,Valid
Phora Durbar Kathmandu,PM2.5 - Principal,2024-11-27 03:00 PM,2024,11,27,15,52.6,143,Unhealthy for Sensitive Groups,42.0,UG/M3,1 Hr,Valid
Phora Durbar Kathmandu,PM2.5 - Principal,2024-11-27 04:00 PM,2024,11,27,16,66.8,159,Unhealthy,81.0,UG/M3,1 Hr,Valid
Phora Durbar Kathmandu,PM2.5 - Principal,2024-11-27 05:00 PM,2024,11,27,17,68.9,160,Unhealthy,71.0,UG/M3,1 Hr,Valid
Phora Durbar Kathmandu,PM2.5 - Principal,2024-11-27 06:00 PM,2024,11,27,18,88.9,174,Unhealthy,109.0,UG/M3,1 Hr,Valid
Phora Durbar Kathmandu,PM2.5 - Principal,2024-11-27 07:00 PM,2024,11,27,19,117.9,195,Unhealthy,147.0,UG/M3,1 Hr,Valid
Phora Durbar Kathmandu,PM2.5 - Principal,2024-11-27 08:00 PM,2024,11,27,20,146.0,221,Very Unhealthy,174.0,UG/M3,1 Hr,Valid
Phora Durbar Kathmandu,PM2.5 - Principal,2024-11-27 09:00 PM,2024,11,27,21,155.5,231,Very Unhealthy,165.0,UG/M3,1 Hr,Valid
Phora Durbar Kathmandu,PM2.5 - Principal,2024-11-27 10:00 PM,2024,11,27,22,135.2,211,Very Unhealthy,115.0,UG/M3,1 Hr,Valid
Phora Durbar Kathmandu,PM2.5 - Principal,2024-11-27 11:00 PM,2024,11,27,23,123.1,198,Unhealthy,111.0,UG/M3,1 Hr,Valid
Phora Durbar Kathmandu,PM2.5 - Principal,2024-11-28 12:00 AM,2024,11,28,00,84.0,171,Unhealthy,45.0,UG/M3,1 Hr,Valid
Phora Durbar Kathmandu,PM2.5 - Principal,2024-11-28 01:00 AM,2024,11,28,01,90.5,176,Unhealthy,97.0,UG/M3,1 Hr,Valid
Phora Durbar Kathmandu,PM2.5 - Principal,2024-11-28 02:00 AM,2024,11,28,02,60.2,154,Unhealthy,30.0,UG/M3,1 Hr,Valid
Phora Durbar Kathmandu,PM2.5 - Principal,2024-11-28 03:00 AM,2024,11,28,03,70.6,162,Unhealthy,81.0,UG/M3,1 Hr,Valid
Phora Durbar Kathmandu,PM2.5 - Principal,2024-11-28 04:00 AM,2024,11,28,04,96.3,180,Unhealthy,122.0,UG/M3,1 Hr,Valid
Phora Durbar Kathmandu,PM2.5 - Principal,2024-11-28 05:00 AM,2024,11,28,05,82.6,170,Unhealthy,69.0,UG/M3,1 Hr,Valid
Phora Durbar Kathmandu,PM2.5 - Principal,2024-11-28 06:00 AM,2024,11,28,06,55.8,151,Unhealthy,29.0,UG/M3,1 Hr,Valid
Phora Durbar Kathmandu,PM2.5 - Principal,2024-11-28 07:00 AM,2024,11,28,07,81.4,169,Unhealthy,107.0,UG/M3,1 Hr,Valid
Phora Durbar Kathmandu,PM2.5 - Principal,2024-11-28 08:00 AM,2024,11,28,08,88.6,174,Unhealthy,96.0,UG/M3,1 Hr,Valid
Phora Durbar Kathmandu,PM2.5 - Principal,2024-11-28 09:00 AM,2024,11,28,09,85.3,172,Unhealthy,82.0,UG/M3,1 Hr,Valid
Phora Durbar Kathmandu,PM2.5 - Principal,2024-11-28 10:00 AM,2024,11,28,10,110.6,190,Unhealthy,136.0,UG/M3,1 Hr,Valid
Phora Durbar Kathmandu,PM2.5 - Principal,2024-11-28 11:00 AM,2024,11,28,11,105.8,186,Unhealthy,101.0,UG/M3,1 Hr,Valid
Phora Durbar Kathmandu,PM2.5 - Principal,2024-11-28 12:00 PM,2024,11,28,12,79.9,168,Unhealthy,54.0,UG/M3,1 Hr,Valid
Phora Durbar Kathmandu,PM2.5 - Principal,2024-11-28 01:00 PM,2024,11,28,13,75.9,165,Unhealthy,72.0,UG/M3,1 Hr,Valid
Phora Durbar Kathmandu,PM2.5 - Principal,2024-11-28 02:00 PM,2024,11,28,14,36.9,104,Unhealthy for Sensitive Groups,-2.0,UG/M3,1 Hr,Valid
Phora Durbar Kathmandu,PM2.5 - Principal,2024-11-28 03:00 PM,2024,11,28,15,83.9,171,Unhealthy,131.0,UG/M3,1 Hr,Valid
Phora Durbar Kathmandu,PM2.5 - Principal,2024-11-28 04:00 PM,2024,11,28,16,83.9,171,Unhealthy,-12.0,UG/M3,1 Hr,Invalid
Phora Durbar Kathmandu,PM2.5 - Principal,2024-11-28 05:00 PM,2024,11,28,17,67.9,160,Unhealthy,60.0,UG/M3,1 Hr,Valid
Phora Durbar Kathmandu,PM2.5 - Principal,2024-11-28 06:00 PM,2024,11,28,18,78.8,167,Unhealthy,87.0,UG/M3,1 Hr,Valid
Phora Durbar Kathmandu,PM2.5 - Principal,2024-11-28 07:00 PM,2024,11,28,19,55.9,151,Unhealthy,36.0,UG/M3,1 Hr,Valid
Phora Durbar Kathmandu,PM2.5 - Principal,2024-11-28 08:00 PM,2024,11,28,20,74.0,164,Unhealthy,91.0,UG/M3,1 Hr,Valid
Phora Durbar Kathmandu,PM2.5 - Principal,2024-11-28 09:00 PM,2024,11,28,21,73.5,164,Unhealthy,73.0,UG/M3,1 Hr,Valid
Phora Durbar Kathmandu,PM2.5 - Principal,2024-11-28 10:00 PM,2024,11,28,22,85.8,172,Unhealthy,98.0,UG/M3,1 Hr,Valid
Phora Durbar Kathmandu,PM2.5 - Principal,2024-11-28 11:00 PM,2024,11,28,23,63.3,156,Unhealthy,41.0,UG/M3,1 Hr,Valid
Phora Durbar Kathmandu,PM2.5 - Principal,2024-11-29 12:00 AM,2024,11,29,00,79.2,168,Unhealthy,95.0,UG/M3,1 Hr,Valid
Phora Durbar Kathmandu,PM2.5 - Principal,2024-11-29 01:00 AM,2024,11,29,01,83.6,171,Unhealthy,88.0,UG/M3,1 Hr,Valid
Phora Durbar Kathmandu,PM2.5 - Principal,2024-11-29 02:00 AM,2024,11,29,02,75.8,165,Unhealthy,68.0,UG/M3,1 Hr,Valid
Phora Durbar Kathmandu,PM2.5 - Principal,2024-11-29 03:00 AM,2024,11,29,03,95.9,179,Unhealthy,116.0,UG/M3,1 Hr,Valid
Phora Durbar Kathmandu,PM2.5 - Principal,2024-11-29 04:00 AM,2024,11,29,04,64.9,158,Unhealthy,34.0,UG/M3,1 Hr,Valid
Phora Durbar Kathmandu,PM2.5 - Principal,2024-11-29 05:00 AM,2024,11,29,05,106.9,187,Unhealthy,149.0,UG/M3,1 Hr,Valid
Phora Durbar Kathmandu,PM2.5 - Principal,2024-11-29 06:00 AM,2024,11,29,06,93.4,178,Unhealthy,80.0,UG/M3,1 Hr,Valid
Phora Durbar Kathmandu,PM2.5 - Principal,2024-11-29 07:00 AM,2024,11,29,07,95.7,179,Unhealthy,98.0,UG/M3,1 Hr,Valid
Phora Durbar Kathmandu,PM2.5 - Principal,2024-11-29 08:00 AM,2024,11,29,08,98.3,181,Unhealthy,101.0,UG/M3,1 Hr,Valid
Phora Durbar Kathmandu,PM2.5 - Principal,2024-11-29 09:00 AM,2024,11,29,09,115.6,193,Unhealthy,133.0,UG/M3,1 Hr,Valid
Phora Durbar Kathmandu,PM2.5 - Principal,2024-11-29 10:00 AM,2024,11,29,10,114.8,193,Unhealthy,114.0,UG/M3,1 Hr,Valid
Phora Durbar Kathmandu,PM2.5 - Principal,2024-11-29 11:00 AM,2024,11,29,11,83.9,171,Unhealthy,53.0,UG/M3,1 Hr,Valid
Phora Durbar Kathmandu,PM2.5 - Principal,2024-11-29 12:00 PM,2024,11,29,12,80.9,169,Unhealthy,78.0,UG/M3,1 Hr,Valid
Phora Durbar Kathmandu,PM2.5 - Principal,2024-11-29 01:00 PM,2024,11,29,13,63.4,157,Unhealthy,46.0,UG/M3,1 Hr,Valid
Phora Durbar Kathmandu,PM2.5 - Principal,2024-11-29 02:00 PM,2024,11,29,14,35.7,101,Unhealthy for Sensitive Groups,8.0,UG/M3,1 Hr,Valid
Phora Durbar Kathmandu,PM2.5 - Principal,2024-11-29 03:00 PM,2024,11,29,15,33.3,96,Moderate,31.0,UG/M3,1 Hr,Valid
Phora Durbar Kathmandu,PM2.5 - Principal,2024-11-29 04:00 PM,2024,11,29,16,56.6,152,Unhealthy,80.0,UG/M3,1 Hr,Valid
Phora Durbar Kathmandu,PM2.5 - Principal,2024-11-29 05:00 PM,2024,11,29,17,26.8,84,Moderate,-3.0,UG/M3,1 Hr,Valid
Phora Durbar Kathmandu,PM2.5 - Principal,2024-11-29 06:00 PM,2024,11,29,18,36.4,103,Unhealthy for Sensitive Groups,46.0,UG/M3,1 Hr,Valid
Phora Durbar Kathmandu,PM2.5 - Principal,2024-11-29 07:00 PM,2024,11,29,19,38.1,107,Unhealthy for Sensitive Groups,40.0,UG/M3,1 Hr,Valid
Phora Durbar Kathmandu,PM2.5 - Principal,2024-11-29 08:00 PM,2024,11,29,20,66.0,158,Unhealthy,94.0,UG/M3,1 Hr,Valid
Phora Durbar Kathmandu,PM2.5 - Principal,2024-11-29 09:00 PM,2024,11,29,21,58.0,153,Unhealthy,50.0,UG/M3,1 Hr,Valid
Phora Durbar Kathmandu,PM2.5 - Principal,2024-11-29 10:00 PM,2024,11,29,22,64.0,157,Unhealthy,70.0,UG/M3,1 Hr,Valid
Phora Durbar Kathmandu,PM2.5 - Principal,2024-11-29 11:00 PM,2024,11,29,23,67.5,159,Unhealthy,71.0,UG/M3,1 Hr,Valid
Phora Durbar Kathmandu,PM2.5 - Principal,2024-11-30 12:00 AM,2024,11,30,00,71.7,162,Unhealthy,76.0,UG/M3,1 Hr,Valid
Phora Durbar Kathmandu,PM2.5 - Principal,2024-11-30 01:00 AM,2024,11,30,01,71.3,162,Unhealthy,71.0,UG/M3,1 Hr,Valid
Phora Durbar Kathmandu,PM2.5 - Principal,2024-11-30 02:00 AM,2024,11,30,02,46.6,128,Unhealthy for Sensitive Groups,22.0,UG/M3,1 Hr,Valid
Phora Durbar Kathmandu,PM2.5 - Principal,2024-11-30 03:00 AM,2024,11,30,03,55.3,150,Unhealthy for Sensitive Groups,64.0,UG/M3,1 Hr,Valid
Phora Durbar Kathmandu,PM2.5 - Principal,2024-11-30 04:00 AM,2024,11,30,04,71.1,162,Unhealthy,87.0,UG/M3,1 Hr,Valid
Phora Durbar Kathmandu,PM2.5 - Principal,2024-11-30 05:00 AM,2024,11,30,05,60.0,154,Unhealthy,49.0,UG/M3,1 Hr,Valid
Phora Durbar Kathmandu,PM2.5 - Principal,2024-11-30 06:00 AM,2024,11,30,06,56.5,152,Unhealthy,53.0,UG/M3,1 Hr,Valid
Phora Durbar Kathmandu,PM2.5 - Principal,2024-11-30 07:00 AM,2024,11,30,07,64.7,157,Unhealthy,73.0,UG/M3,1 Hr,Valid
Phora Durbar Kathmandu,PM2.5 - Principal,2024-11-30 08:00 AM,2024,11,30,08,67.8,160,Unhealthy,71.0,UG/M3,1 Hr,Valid
Phora Durbar Kathmandu,PM2.5 - Principal,2024-11-30 09:00 AM,2024,11,30,09,82.9,170,Unhealthy,98.0,UG/M3,1 Hr,Valid
Phora Durbar Kathmandu,PM2.5 - Principal,2024-11-30 10:00 AM,2024,11,30,10,117.4,194,Unhealthy,152.0,UG/M3,1 Hr,Valid
Phora Durbar Kathmandu,PM2.5 - Principal,2024-11-30 11:00 AM,2024,11,30,11,107.2,187,Unhealthy,97.0,UG/M3,1 Hr,Valid
Phora Durbar Kathmandu,PM2.5 - Principal,2024-11-30 12:00 PM,2024,11,30,12,77.6,166,Unhealthy,48.0,UG/M3,1 Hr,Valid
Phora Durbar Kathmandu,PM2.5 - Principal,2024-11-30 01:00 PM,2024,11,30,13,58.3,153,Unhealthy,39.0,UG/M3,1 Hr,Valid
Phora Durbar Kathmandu,PM2.5 - Principal,2024-11-30 02:00 PM,2024,11,30,14,59.6,154,Unhealthy,61.0,UG/M3,1 Hr,Valid
Phora Durbar Kathmandu,PM2.5 - Principal,2024-11-30 03:00 PM,2024,11,30,15,50.8,139,Unhealthy for Sensitive Groups,42.0,UG/M3,1 Hr,Valid
Phora Durbar Kathmandu,PM2.5 - Principal,2024-11-30 04:00 PM,2024,11,30,16,30.4,91,Moderate,10.0,UG/M3,1 Hr,Valid
Phora Durbar Kathmandu,PM2.5 - Principal,2024-11-30 05:00 PM,2024,11,30,17,51.7,141,Unhealthy for Sensitive Groups,73.0,UG/M3,1 Hr,Valid
Phora Durbar Kathmandu,PM2.5 - Principal,2024-11-30 06:00 PM,2024,11,30,18,34.3,98,Moderate,17.0,UG/M3,1 Hr,Valid
Phora Durbar Kathmandu,PM2.5 - Principal,2024-11-30 07:00 PM,2024,11,30,19,58.6,153,Unhealthy,83.0,UG/M3,1 Hr,Valid
Phora Durbar Kathmandu,PM2.5 - Principal,2024-11-30 08:00 PM,2024,11,30,20,77.3,166,Unhealthy,96.0,UG/M3,1 Hr,Valid
Phora Durbar Kathmandu,PM2.5 - Principal,2024-11-30 09:00 PM,2024,11,30,21,95.6,179,Unhealthy,114.0,UG/M3,1 Hr,Valid
Phora Durbar Kathmandu,PM2.5 - Principal,2024-11-30 10:00 PM,2024,11,30,22,89.3,175,Unhealthy,83.0,UG/M3,1 Hr,Valid
Phora Durbar Kathmandu,PM2.5 - Principal,2024-11-30 11:00 PM,2024,11,30,23,81.1,169,Unhealthy,73.0,UG/M3,1 Hr,Valid
Phora Durbar Kathmandu,PM2.5 - Principal,2024-12-01 12:00 AM,2024,12,01,00,74.5,164,Unhealthy,68.0,UG/M3,1 Hr,Valid
Phora Durbar Kathmandu,PM2.5 - Principal,2024-12-01 01:00 AM,2024,12,01,01,60.2,154,Unhealthy,46.0,UG/M3,1 Hr,Valid
Phora Durbar Kathmandu,PM2.5 - Principal,2024-12-01 02:00 AM,2024,12,01,02,68.1,160,Unhealthy,76.0,UG/M3,1 Hr,Valid
Phora Durbar Kathmandu,PM2.5 - Principal,2024-12-01 03:00 AM,2024,12,01,03,70.0,161,Unhealthy,72.0,UG/M3,1 Hr,Valid
Phora Durbar Kathmandu,PM2.5 - Principal,2024-12-01 04:00 AM,2024,12,01,04,100.0,182,Unhealthy,130.0,UG/M3,1 Hr,Valid
Phora Durbar Kathmandu,PM2.5 - Principal,2024-12-01 05:00 AM,2024,12,01,05,100.0,182,Unhealthy,100.0,UG/M3,1 Hr,Valid
Phora Durbar Kathmandu,PM2.5 - Principal,2024-12-01 06:00 AM,2024,12,01,06,80.0,168,Unhealthy,60.0,UG/M3,1 Hr,Valid
Phora Durbar Kathmandu,PM2.5 - Principal,2024-12-01 07:00 AM,2024,12,01,07,81.5,169,Unhealthy,83.0,UG/M3,1 Hr,Valid
Phora Durbar Kathmandu,PM2.5 - Principal,2024-12-01 08:00 AM,2024,12,01,08,95.7,179,Unhealthy,110.0,UG/M3,1 Hr,Valid
Phora Durbar Kathmandu,PM2.5 - Principal,2024-12-01 09:00 AM,2024,12,01,09,98.8,181,Unhealthy,102.0,UG/M3,1 Hr,Valid
Phora Durbar Kathmandu,PM2.5 - Principal,2024-12-01 10:00 AM,2024,12,01,10,69.9,161,Unhealthy,41.0,UG/M3,1 Hr,Valid
Phora Durbar Kathmandu,PM2.5 - Principal,2024-12-01 11:00 AM,2024,12,01,11,106.4,187,Unhealthy,143.0,UG/M3,1 Hr,Valid
Phora Durbar Kathmandu,PM2.5 - Principal,2024-12-01 12:00 PM,2024,12,01,12,97.2,180,Unhealthy,88.0,UG/M3,1 Hr,Valid
Phora Durbar Kathmandu,PM2.5 - Principal,2024-12-01 01:00 PM,2024,12,01,13,93.6,178,Unhealthy,90.0,UG/M3,1 Hr,Valid
Phora Durbar Kathmandu,PM2.5 - Principal,2024-12-01 02:00 PM,2024,12,01,14,63.3,156,Unhealthy,33.0,UG/M3,1 Hr,Valid
Phora Durbar Kathmandu,PM2.5 - Principal,2024-12-01 03:00 PM,2024,12,01,15,57.6,152,Unhealthy,52.0,UG/M3,1 Hr,Valid
Phora Durbar Kathmandu,PM2.5 - Principal,2024-12-01 04:00 PM,2024,12,01,16,47.3,130,Unhealthy for Sensitive Groups,37.0,UG/M3,1 Hr,Valid
Phora Durbar Kathmandu,PM2.5 - Principal,2024-12-01 05:00 PM,2024,12,01,17,47.3,130,Unhealthy for Sensitive Groups,-15.0,UG/M3,1 Hr,Invalid
Phora Durbar Kathmandu,PM2.5 - Principal,2024-12-01 06:00 PM,2024,12,01,18,59.7,154,Unhealthy,66.0,UG/M3,1 Hr,Valid
Phora Durbar Kathmandu,PM2.5 - Principal,2024-12-01 07:00 PM,2024,12,01,19,65.0,158,Unhealthy,69.0,UG/M3,1 Hr,Valid
Phora Durbar Kathmandu,PM2.5 - Principal,2024-12-01 08:00 PM,2024,12,01,20,74.0,164,Unhealthy,82.0,UG/M3,1 Hr,Valid
Phora Durbar Kathmandu,PM2.5 - Principal,2024-12-01 09:00 PM,2024,12,01,21,87.4,173,Unhealthy,100.0,UG/M3,1 Hr,Valid
Phora Durbar Kathmandu,PM2.5 - Principal,2024-12-01 10:00 PM,2024,12,01,22,99.4,182,Unhealthy,111.0,UG/M3,1 Hr,Valid
Phora Durbar Kathmandu,PM2.5 - Principal,2024-12-01 11:00 PM,2024,12,01,23,129.9,205,Very Unhealthy,160.0,UG/M3,1 Hr,Valid
Phora Durbar Kathmandu,PM2.5 - Principal,2024-12-02 12:00 AM,2024,12,02,00,116.9,194,Unhealthy,104.0,UG/M3,1 Hr,Valid
Phora Durbar Kathmandu,PM2.5 - Principal,2024-12-02 01:00 AM,2024,12,02,01,108.9,188,Unhealthy,101.0,UG/M3,1 Hr,Valid
Phora Durbar Kathmandu,PM2.5 - Principal,2024-12-02 02:00 AM,2024,12,02,02,92.9,177,Unhealthy,77.0,UG/M3,1 Hr,Valid
Phora Durbar Kathmandu,PM2.5 - Principal,2024-12-02 03:00 AM,2024,12,02,03,84.9,172,Unhealthy,77.0,UG/M3,1 Hr,Valid
Phora Durbar Kathmandu,PM2.5 - Principal,2024-12-02 04:00 AM,2024,12,02,04,94.5,178,Unhealthy,104.0,UG/M3,1 Hr,Valid
Phora Durbar Kathmandu,PM2.5 - Principal,2024-12-02 05:00 AM,2024,12,02,05,104.7,185,Unhealthy,115.0,UG/M3,1 Hr,Valid
Phora Durbar Kathmandu,PM2.5 - Principal,2024-12-02 06:00 AM,2024,12,02,06,82.8,170,Unhealthy,61.0,UG/M3,1 Hr,Valid
Phora Durbar Kathmandu,PM2.5 - Principal,2024-12-02 07:00 AM,2024,12,02,07,83.4,171,Unhealthy,84.0,UG/M3,1 Hr,Valid
Phora Durbar Kathmandu,PM2.5 - Principal,2024-12-02 08:00 AM,2024,12,02,08,80.2,168,Unhealthy,77.0,UG/M3,1 Hr,Valid
Phora Durbar Kathmandu,PM2.5 - Principal,2024-12-02 09:00 AM,2024,12,02,09,114.6,192,Unhealthy,149.0,UG/M3,1 Hr,Valid
Phora Durbar Kathmandu,PM2.5 - Principal,2024-12-02 10:00 AM,2024,12,02,10,92.3,177,Unhealthy,70.0,UG/M3,1 Hr,Valid
Phora Durbar Kathmandu,PM2.5 - Principal,2024-12-02 11:00 AM,2024,12,02,11,99.1,182,Unhealthy,106.0,UG/M3,1 Hr,Valid
Phora Durbar Kathmandu,PM2.5 - Principal,2024-12-02 12:00 PM,2024,12,02,12,115.5,193,Unhealthy,132.0,UG/M3,1 Hr,Valid
Phora Durbar Kathmandu,PM2.5 - Principal,2024-12-02 01:00 PM,2024,12,02,13,115.5,193,Unhealthy,-5.0,UG/M3,1 Hr,Invalid
Phora Durbar Kathmandu,PM2.5 - Principal,2024-12-02 02:00 PM,2024,12,02,14,87.8,174,Unhealthy,74.0,UG/M3,1 Hr,Valid
Phora Durbar Kathmandu,PM2.5 - Principal,2024-12-02 03:00 PM,2024,12,02,15,55.3,150,Unhealthy for Sensitive Groups,31.0,UG/M3,1 Hr,Valid
Phora Durbar Kathmandu,PM2.5 - Principal,2024-12-02 04:00 PM,2024,12,02,16,42.8,119,Unhealthy for Sensitive Groups,32.0,UG/M3,1 Hr,Valid
Phora Durbar Kathmandu,PM2.5 - Principal,2024-12-02 05:00 PM,2024,12,02,17,37.2,105,Unhealthy for Sensitive Groups,32.0,UG/M3,1 Hr,Valid
Phora Durbar Kathmandu,PM2.5 - Principal,2024-12-02 06:00 PM,2024,12,02,18,41.1,115,Unhealthy for Sensitive Groups,45.0,UG/M3,1 Hr,Valid
Phora Durbar Kathmandu,PM2.5 - Principal,2024-12-02 07:00 PM,2024,12,02,19,55.2,150,Unhealthy for Sensitive Groups,69.0,UG/M3,1 Hr,Valid
Phora Durbar Kathmandu,PM2.5 - Principal,2024-12-02 08:00 PM,2024,12,02,20,129.4,205,Very Unhealthy,203.0,UG/M3,1 Hr,Valid
Phora Durbar Kathmandu,PM2.5 - Principal,2024-12-02 09:00 PM,2024,12,02,21,114.1,192,Unhealthy,99.0,UG/M3,1 Hr,Valid
Phora Durbar Kathmandu,PM2.5 - Principal,2024-12-02 10:00 PM,2024,12,02,22,107.5,187,Unhealthy,101.0,UG/M3,1 Hr,Valid
Phora Durbar Kathmandu,PM2.5 - Principal,2024-12-02 11:00 PM,2024,12,02,23,119.7,196,Unhealthy,132.0,UG/M3,1 Hr,Valid
Phora Durbar Kathmandu,PM2.5 - Principal,2024-12-03 12:00 AM,2024,12,03,00,104.8,186,Unhealthy,90.0,UG/M3,1 Hr,Valid
Phora Durbar Kathmandu,PM2.5 - Principal,2024-12-03 01:00 AM,2024,12,03,01,90.4,175,Unhealthy,76.0,UG/M3,1 Hr,Valid
Phora Durbar Kathmandu,PM2.5 - Principal,2024-12-03 02:00 AM,2024,12,03,02,81.7,169,Unhealthy,73.0,UG/M3,1 Hr,Valid
Phora Durbar Kathmandu,PM2.5 - Principal,2024-12-03 03:00 AM,2024,12,03,03,73.8,164,Unhealthy,66.0,UG/M3,1 Hr,Valid
Phora Durbar Kathmandu,PM2.5 - Principal,2024-12-03 04:00 AM,2024,12,03,04,73.8,164,Unhealthy,-6.0,UG/M3,1 Hr,Invalid
Phora Durbar Kathmandu,PM2.5 - Principal,2024-12-03 05:00 AM,2024,12,03,05,134.6,210,Very Unhealthy,165.0,UG/M3,1 Hr,Valid
Phora Durbar Kathmandu,PM2.5 - Principal,2024-12-03 06:00 AM,2024,12,03,06,91.9,177,Unhealthy,60.0,UG/M3,1 Hr,Valid
Phora Durbar Kathmandu,PM2.5 - Principal,2024-12-03 07:00 AM,2024,12,03,07,114.9,193,Unhealthy,135.0,UG/M3,1 Hr,Valid
Phora Durbar Kathmandu,PM2.5 - Principal,2024-12-03 08:00 AM,2024,12,03,08,95.3,179,Unhealthy,77.0,UG/M3,1 Hr,Valid
Phora Durbar Kathmandu,PM2.5 - Principal,2024-12-03 09:00 AM,2024,12,03,09,89.5,175,Unhealthy,84.0,UG/M3,1 Hr,Valid
Phora Durbar Kathmandu,PM2.5 - Principal,2024-12-03 10:00 AM,2024,12,03,10,95.8,179,Unhealthy,102.0,UG/M3,1 Hr,Valid
Phora Durbar Kathmandu,PM2.5 - Principal,2024-12-03 11:00 AM,2024,12,03,11,51.7,141,Unhealthy for Sensitive Groups,8.0,UG/M3,1 Hr,Valid
Phora Durbar Kathmandu,PM2.5 - Principal,2024-12-03 12:00 PM,2024,12,03,12,69.9,161,Unhealthy,88.0,UG/M3,1 Hr,Valid
Phora Durbar Kathmandu,PM2.5 - Principal,2024-12-03 01:00 PM,2024,12,03,13,61.9,155,Unhealthy,54.0,UG/M3,1 Hr,Valid
Phora Durbar Kathmandu,PM2.5 - Principal,2024-12-03 02:00 PM,2024,12,03,14,33.4,96,Moderate,5.0,UG/M3,1 Hr,Valid
Phora Durbar Kathmandu,PM2.5 - Principal,2024-12-03 03:00 PM,2024,12,03,15,78.2,167,Unhealthy,123.0,UG/M3,1 Hr,Valid
Phora Durbar Kathmandu,PM2.5 - Principal,2024-12-03 04:00 PM,2024,12,03,16,40.6,114,Unhealthy for Sensitive Groups,3.0,UG/M3,1 Hr,Valid
Phora Durbar Kathmandu,PM2.5 - Principal,2024-12-03 05:00 PM,2024,12,03,17,46.2,127,Unhealthy for Sensitive Groups,52.0,UG/M3,1 Hr,Valid
Phora Durbar Kathmandu,PM2.5 - Principal,2024-12-03 06:00 PM,2024,12,03,18,45.1,125,Unhealthy for Sensitive Groups,44.0,UG/M3,1 Hr,Valid
Phora Durbar Kathmandu,PM2.5 - Principal,2024-12-03 07:00 PM,2024,12,03,19,59.5,154,Unhealthy,74.0,UG/M3,1 Hr,Valid
Phora Durbar Kathmandu,PM2.5 - Principal,2024-12-03 08:00 PM,2024,12,03,20,61.2,155,Unhealthy,63.0,UG/M3,1 Hr,Valid
Phora Durbar Kathmandu,PM2.5 - Principal,2024-12-03 09:00 PM,2024,12,03,21,127.6,203,Very Unhealthy,194.0,UG/M3,1 Hr,Valid
Phora Durbar Kathmandu,PM2.5 - Principal,2024-12-03 10:00 PM,2024,12,03,22,111.8,190,Unhealthy,96.0,UG/M3,1 Hr,Valid
Phora Durbar Kathmandu,PM2.5 - Principal,2024-12-03 11:00 PM,2024,12,03,23,101.9,184,Unhealthy,92.0,UG/M3,1 Hr,Valid
Phora Durbar Kathmandu,PM2.5 - Principal,2024-12-04 12:00 AM,2024,12,04,00,75.9,165,Unhealthy,50.0,UG/M3,1 Hr,Valid
Phora Durbar Kathmandu,PM2.5 - Principal,2024-12-04 01:00 AM,2024,12,04,01,83.4,171,Unhealthy,91.0,UG/M3,1 Hr,Valid
Phora Durbar Kathmandu,PM2.5 - Principal,2024-12-04 02:00 AM,2024,12,04,02,103.2,184,Unhealthy,123.0,UG/M3,1 Hr,Valid
Phora Durbar Kathmandu,PM2.5 - Principal,2024-12-04 03:00 AM,2024,12,04,03,80.6,169,Unhealthy,58.0,UG/M3,1 Hr,Valid
Phora Durbar Kathmandu,PM2.5 - Principal,2024-12-04 04:00 AM,2024,12,04,04,66.3,159,Unhealthy,52.0,UG/M3,1 Hr,Valid
Phora Durbar Kathmandu,PM2.5 - Principal,2024-12-04 05:00 AM,2024,12,04,05,51.1,139,Unhealthy for Sensitive Groups,36.0,UG/M3,1 Hr,Valid
Phora Durbar Kathmandu,PM2.5 - Principal,2024-12-04 06:00 AM,2024,12,04,06,91.0,176,Unhealthy,131.0,UG/M3,1 Hr,Valid
Phora Durbar Kathmandu,PM2.5 - Principal,2024-12-04 07:00 AM,2024,12,04,07,81.0,169,Unhealthy,71.0,UG/M3,1 Hr,Valid
Phora Durbar Kathmandu,PM2.5 - Principal,2024-12-04 08:00 AM,2024,12,04,08,93.5,178,Unhealthy,106.0,UG/M3,1 Hr,Valid
Phora Durbar Kathmandu,PM2.5 - Principal,2024-12-04 09:00 AM,2024,12,04,09,90.7,176,Unhealthy,88.0,UG/M3,1 Hr,Valid
Phora Durbar Kathmandu,PM2.5 - Principal,2024-12-04 10:00 AM,2024,12,04,10,97.8,181,Unhealthy,105.0,UG/M3,1 Hr,Valid
Phora Durbar Kathmandu,PM2.5 - Principal,2024-12-04 11:00 AM,2024,12,04,11,89.9,175,Unhealthy,82.0,UG/M3,1 Hr,Valid
Phora Durbar Kathmandu,PM2.5 - Principal,2024-12-04 12:00 PM,2024,12,04,12,75.4,165,Unhealthy,61.0,UG/M3,1 Hr,Valid
Phora Durbar Kathmandu,PM2.5 - Principal,2024-12-04 01:00 PM,2024,12,04,13,91.2,176,Unhealthy,107.0,UG/M3,1 Hr,Valid
Phora Durbar Kathmandu,PM2.5 - Principal,2024-12-04 02:00 PM,2024,12,04,14,91.2,176,Unhealthy,-15.0,UG/M3,1 Hr,Invalid
Phora Durbar Kathmandu,PM2.5 - Principal,2024-12-04 03:00 PM,2024,12,04,15,68.4,160,Unhealthy,57.0,UG/M3,1 Hr,Valid
Phora Durbar Kathmandu,PM2.5 - Principal,2024-12-04 04:00 PM,2024,12,04,16,30.4,91,Moderate,2.0,UG/M3,1 Hr,Valid
Phora Durbar Kathmandu,PM2.5 - Principal,2024-12-04 05:00 PM,2024,12,04,17,44.6,123,Unhealthy for Sensitive Groups,57.0,UG/M3,1 Hr,Valid
Phora Durbar Kathmandu,PM2.5 - Principal,2024-12-04 06:00 PM,2024,12,04,18,45.3,125,Unhealthy for Sensitive Groups,46.0,UG/M3,1 Hr,Valid
Phora Durbar Kathmandu,PM2.5 - Principal,2024-12-04 07:00 PM,2024,12,04,19,49.2,135,Unhealthy for Sensitive Groups,53.0,UG/M3,1 Hr,Valid
Phora Durbar Kathmandu,PM2.5 - Principal,2024-12-04 08:00 PM,2024,12,04,20,116.6,194,Unhealthy,183.0,UG/M3,1 Hr,Valid
Phora Durbar Kathmandu,PM2.5 - Principal,2024-12-04 09:00 PM,2024,12,04,21,105.7,186,Unhealthy,95.0,UG/M3,1 Hr,Valid
Phora Durbar Kathmandu,PM2.5 - Principal,2024-12-04 10:00 PM,2024,12,04,22,87.3,173,Unhealthy,69.0,UG/M3,1 Hr,Valid
Phora Durbar Kathmandu,PM2.5 - Principal,2024-12-04 11:00 PM,2024,12,04,23,87.3,173,Unhealthy,-999.0,UG/M3,1 Hr,Missing
Phora Durbar Kathmandu,PM2.5 - Principal,2024-12-05 12:00 AM,2024,12,05,00,67.1,159,Unhealthy,57.0,UG/M3,1 Hr,Valid
Phora Durbar Kathmandu,PM2.5 - Principal,2024-12-05 01:00 AM,2024,12,05,01,59.6,154,Unhealthy,54.0,UG/M3,1 Hr,Valid
Phora Durbar Kathmandu,PM2.5 - Principal,2024-12-05 02:00 AM,2024,12,05,02,72.0,163,Unhealthy,83.0,UG/M3,1 Hr,Valid
Phora Durbar Kathmandu,PM2.5 - Principal,2024-12-05 03:00 AM,2024,12,05,03,89.0,174,Unhealthy,105.0,UG/M3,1 Hr,Valid
Phora Durbar Kathmandu,PM2.5 - Principal,2024-12-05 04:00 AM,2024,12,05,04,72.7,163,Unhealthy,57.0,UG/M3,1 Hr,Valid
Phora Durbar Kathmandu,PM2.5 - Principal,2024-12-05 05:00 AM,2024,12,05,05,37.6,106,Unhealthy for Sensitive Groups,3.0,UG/M3,1 Hr,Valid
Phora Durbar Kathmandu,PM2.5 - Principal,2024-12-05 06:00 AM,2024,12,05,06,60.9,155,Unhealthy,84.0,UG/M3,1 Hr,Valid
Phora Durbar Kathmandu,PM2.5 - Principal,2024-12-05 07:00 AM,2024,12,05,07,79.4,168,Unhealthy,98.0,UG/M3,1 Hr,Valid
Phora Durbar Kathmandu,PM2.5 - Principal,2024-12-05 08:00 AM,2024,12,05,08,95.2,179,Unhealthy,111.0,UG/M3,1 Hr,Valid
Phora Durbar Kathmandu,PM2.5 - Principal,2024-12-05 09:00 AM,2024,12,05,09,102.6,184,Unhealthy,110.0,UG/M3,1 Hr,Valid
Phora Durbar Kathmandu,PM2.5 - Principal,2024-12-05 10:00 AM,2024,12,05,10,93.3,177,Unhealthy,84.0,UG/M3,1 Hr,Valid
Phora Durbar Kathmandu,PM2.5 - Principal,2024-12-05 11:00 AM,2024,12,05,11,85.6,172,Unhealthy,78.0,UG/M3,1 Hr,Valid
Phora Durbar Kathmandu,PM2.5 - Principal,2024-12-05 12:00 PM,2024,12,05,12,68.8,160,Unhealthy,52.0,UG/M3,1 Hr,Valid
Phora Durbar Kathmandu,PM2.5 - Principal,2024-12-05 01:00 PM,2024,12,05,13,81.4,169,Unhealthy,94.0,UG/M3,1 Hr,Valid
Phora Durbar Kathmandu,PM2.5 - Principal,2024-12-05 02:00 PM,2024,12,05,14,56.7,152,Unhealthy,32.0,UG/M3,1 Hr,Valid
Phora Durbar Kathmandu,PM2.5 - Principal,2024-12-05 03:00 PM,2024,12,05,15,56.6,152,Unhealthy,-15.0,UG/M3,1 Hr,Invalid
Phora Durbar Kathmandu,PM2.5 - Principal,2024-12-05 04:00 PM,2024,12,05,16,50.2,137,Unhealthy for Sensitive Groups,47.0,UG/M3,1 Hr,Valid
Phora Durbar Kathmandu,PM2.5 - Principal,2024-12-05 05:00 PM,2024,12,05,17,37.5,106,Unhealthy for Sensitive Groups,28.0,UG/M3,1 Hr,Valid
Phora Durbar Kathmandu,PM2.5 - Principal,2024-12-05 06:00 PM,2024,12,05,18,82.5,170,Unhealthy,122.0,UG/M3,1 Hr,Valid
Phora Durbar Kathmandu,PM2.5 - Principal,2024-12-05 07:00 PM,2024,12,05,19,82.5,170,Unhealthy,-15.0,UG/M3,1 Hr,Invalid
Phora Durbar Kathmandu,PM2.5 - Principal,2024-12-05 08:00 PM,2024,12,05,20,84.9,172,Unhealthy,86.0,UG/M3,1 Hr,Valid
Phora Durbar Kathmandu,PM2.5 - Principal,2024-12-05 09:00 PM,2024,12,05,21,164.5,240,Very Unhealthy,223.0,UG/M3,1 Hr,Valid
Phora Durbar Kathmandu,PM2.5 - Principal,2024-12-05 10:00 PM,2024,12,05,22,128.3,204,Very Unhealthy,97.0,UG/M3,1 Hr,Valid
Phora Durbar Kathmandu,PM2.5 - Principal,2024-12-05 11:00 PM,2024,12,05,23,178.3,253,Very Unhealthy,225.0,UG/M3,1 Hr,Valid
Phora Durbar Kathmandu,PM2.5 - Principal,2024-12-06 12:00 AM,2024,12,06,00,126.3,202,Very Unhealthy,76.0,UG/M3,1 Hr,Valid
Phora Durbar Kathmandu,PM2.5 - Principal,2024-12-06 01:00 AM,2024,12,06,01,127.1,203,Very Unhealthy,128.0,UG/M3,1 Hr,Valid
Phora Durbar Kathmandu,PM2.5 - Principal,2024-12-06 02:00 AM,2024,12,06,02,105.5,186,Unhealthy,84.0,UG/M3,1 Hr,Valid
Phora Durbar Kathmandu,PM2.5 - Principal,2024-12-06 03:00 AM,2024,12,06,03,87.2,173,Unhealthy,69.0,UG/M3,1 Hr,Valid
Phora Durbar Kathmandu,PM2.5 - Principal,2024-12-06 04:00 AM,2024,12,06,04,104.6,185,Unhealthy,122.0,UG/M3,1 Hr,Valid
Phora Durbar Kathmandu,PM2.5 - Principal,2024-12-06 05:00 AM,2024,12,06,05,108.3,188,Unhealthy,112.0,UG/M3,1 Hr,Valid
Phora Durbar Kathmandu,PM2.5 - Principal,2024-12-06 06:00 AM,2024,12,06,06,73.1,163,Unhealthy,38.0,UG/M3,1 Hr,Valid
Phora Durbar Kathmandu,PM2.5 - Principal,2024-12-06 07:00 AM,2024,12,06,07,105.0,186,Unhealthy,137.0,UG/M3,1 Hr,Valid
Phora Durbar Kathmandu,PM2.5 - Principal,2024-12-06 08:00 AM,2024,12,06,08,111.0,190,Unhealthy,117.0,UG/M3,1 Hr,Valid
Phora Durbar Kathmandu,PM2.5 - Principal,2024-12-06 09:00 AM,2024,12,06,09,100.5,183,Unhealthy,90.0,UG/M3,1 Hr,Valid
Phora Durbar Kathmandu,PM2.5 - Principal,2024-12-06 10:00 AM,2024,12,06,10,92.2,177,Unhealthy,84.0,UG/M3,1 Hr,Valid
Phora Durbar Kathmandu,PM2.5 - Principal,2024-12-06 11:00 AM,2024,12,06,11,85.1,172,Unhealthy,78.0,UG/M3,1 Hr,Valid
Phora Durbar Kathmandu,PM2.5 - Principal,2024-12-06 12:00 PM,2024,12,06,12,115.5,193,Unhealthy,146.0,UG/M3,1 Hr,Valid
Phora Durbar Kathmandu,PM2.5 - Principal,2024-12-06 01:00 PM,2024,12,06,13,106.2,187,Unhealthy,97.0,UG/M3,1 Hr,Valid
Phora Durbar Kathmandu,PM2.5 - Principal,2024-12-06 02:00 PM,2024,12,06,14,106.2,187,Unhealthy,-15.0,UG/M3,1 Hr,Invalid
Phora Durbar Kathmandu,PM2.5 - Principal,2024-12-06 03:00 PM,2024,12,06,15,76.7,166,Unhealthy,62.0,UG/M3,1 Hr,Valid
Phora Durbar Kathmandu,PM2.5 - Principal,2024-12-06 04:00 PM,2024,12,06,16,70.6,162,Unhealthy,66.0,UG/M3,1 Hr,Valid
Phora Durbar Kathmandu,PM2.5 - Principal,2024-12-06 05:00 PM,2024,12,06,17,54.2,147,Unhealthy for Sensitive Groups,40.0,UG/M3,1 Hr,Valid
Phora Durbar Kathmandu,PM2.5 - Principal,2024-12-06 06:00 PM,2024,12,06,18,95.9,179,Unhealthy,135.0,UG/M3,1 Hr,Valid
Phora Durbar Kathmandu,PM2.5 - Principal,2024-12-06 07:00 PM,2024,12,06,19,86.3,173,Unhealthy,77.0,UG/M3,1 Hr,Valid
Phora Durbar Kathmandu,PM2.5 - Principal,2024-12-06 08:00 PM,2024,12,06,20,135.0,210,Very Unhealthy,183.0,UG/M3,1 Hr,Valid
Phora Durbar Kathmandu,PM2.5 - Principal,2024-12-06 09:00 PM,2024,12,06,21,110.9,190,Unhealthy,87.0,UG/M3,1 Hr,Valid
Phora Durbar Kathmandu,PM2.5 - Principal,2024-12-06 10:00 PM,2024,12,06,22,114.4,192,Unhealthy,118.0,UG/M3,1 Hr,Valid
Phora Durbar Kathmandu,PM2.5 - Principal,2024-12-06 11:00 PM,2024,12,06,23,126.2,202,Very Unhealthy,138.0,UG/M3,1 Hr,Valid
Phora Durbar Kathmandu,PM2.5 - Principal,2024-12-07 12:00 AM,2024,12,07,00,165.6,241,Very Unhealthy,205.0,UG/M3,1 Hr,Valid
Phora Durbar Kathmandu,PM2.5 - Principal,2024-12-07 01:00 AM,2024,12,07,01,138.3,214,Very Unhealthy,111.0,UG/M3,1 Hr,Valid
Phora Durbar Kathmandu,PM2.5 - Principal,2024-12-07 02:00 AM,2024,12,07,02,134.6,210,Very Unhealthy,131.0,UG/M3,1 Hr,Valid
Phora Durbar Kathmandu,PM2.5 - Principal,2024-12-07 03:00 AM,2024,12,07,03,97.3,180,Unhealthy,60.0,UG/M3,1 Hr,Valid
Phora Durbar Kathmandu,PM2.5 - Principal,2024-12-07 04:00 AM,2024,12,07,04,118.6,195,Unhealthy,140.0,UG/M3,1 Hr,Valid
Phora Durbar Kathmandu,PM2.5 - Principal,2024-12-07 05:00 AM,2024,12,07,05,115.8,193,Unhealthy,113.0,UG/M3,1 Hr,Valid
Phora Durbar Kathmandu,PM2.5 - Principal,2024-12-07 06:00 AM,2024,12,07,06,116.4,194,Unhealthy,117.0,UG/M3,1 Hr,Valid
Phora Durbar Kathmandu,PM2.5 - Principal,2024-12-07 07:00 AM,2024,12,07,07,96.2,180,Unhealthy,76.0,UG/M3,1 Hr,Valid
Phora Durbar Kathmandu,PM2.5 - Principal,2024-12-07 08:00 AM,2024,12,07,08,105.5,186,Unhealthy,115.0,UG/M3,1 Hr,Valid
Phora Durbar Kathmandu,PM2.5 - Principal,2024-12-07 09:00 AM,2024,12,07,09,76.7,166,Unhealthy,48.0,UG/M3,1 Hr,Valid
Phora Durbar Kathmandu,PM2.5 - Principal,2024-12-07 10:00 AM,2024,12,07,10,76.7,166,Unhealthy,155.0,UG/M3,1 Hr,Invalid
Phora Durbar Kathmandu,PM2.5 - Principal,2024-12-07 11:00 AM,2024,12,07,11,86.2,173,Unhealthy,91.0,UG/M3,1 Hr,Valid
Phora Durbar Kathmandu,PM2.5 - Principal,2024-12-07 12:00 PM,2024,12,07,12,90.6,176,Unhealthy,94.0,UG/M3,1 Hr,Valid
Phora Durbar Kathmandu,PM2.5 - Principal,2024-12-07 01:00 PM,2024,12,07,13,56.6,152,Unhealthy,27.0,UG/M3,1 Hr,Valid
Phora Durbar Kathmandu,PM2.5 - Principal,2024-12-07 02:00 PM,2024,12,07,14,65.6,158,Unhealthy,74.0,UG/M3,1 Hr,Valid
Phora Durbar Kathmandu,PM2.5 - Principal,2024-12-07 03:00 PM,2024,12,07,15,95.2,179,Unhealthy,124.0,UG/M3,1 Hr,Valid
Phora Durbar Kathmandu,PM2.5 - Principal,2024-12-07 04:00 PM,2024,12,07,16,79.0,167,Unhealthy,63.0,UG/M3,1 Hr,Valid
Phora Durbar Kathmandu,PM2.5 - Principal,2024-12-07 05:00 PM,2024,12,07,17,72.4,163,Unhealthy,66.0,UG/M3,1 Hr,Valid
Phora Durbar Kathmandu,PM2.5 - Principal,2024-12-07 06:00 PM,2024,12,07,18,88.2,174,Unhealthy,104.0,UG/M3,1 Hr,Valid
Phora Durbar Kathmandu,PM2.5 - Principal,2024-12-07 07:00 PM,2024,12,07,19,145.7,221,Very Unhealthy,203.0,UG/M3,1 Hr,Valid
Phora Durbar Kathmandu,PM2.5 - Principal,2024-12-07 08:00 PM,2024,12,07,20,123.8,199,Unhealthy,102.0,UG/M3,1 Hr,Valid
Phora Durbar Kathmandu,PM2.5 - Principal,2024-12-07 09:00 PM,2024,12,07,21,146.9,222,Very Unhealthy,170.0,UG/M3,1 Hr,Valid
Phora Durbar Kathmandu,PM2.5 - Principal,2024-12-07 10:00 PM,2024,12,07,22,96.4,180,Unhealthy,46.0,UG/M3,1 Hr,Valid
Phora Durbar Kathmandu,PM2.5 - Principal,2024-12-07 11:00 PM,2024,12,07,23,101.2,183,Unhealthy,106.0,UG/M3,1 Hr,Valid
Phora Durbar Kathmandu,PM2.5 - Principal,2024-12-08 12:00 AM,2024,12,08,00,100.1,182,Unhealthy,99.0,UG/M3,1 Hr,Valid
Phora Durbar Kathmandu,PM2.5 - Principal,2024-12-08 01:00 AM,2024,12,08,01,97.0,180,Unhealthy,94.0,UG/M3,1 Hr,Valid
Phora Durbar Kathmandu,PM2.5 - Principal,2024-12-08 02:00 AM,2024,12,08,02,92.5,177,Unhealthy,88.0,UG/M3,1 Hr,Valid
Phora Durbar Kathmandu,PM2.5 - Principal,2024-12-08 03:00 AM,2024,12,08,03,86.2,173,Unhealthy,80.0,UG/M3,1 Hr,Valid
Phora Durbar Kathmandu,PM2.5 - Principal,2024-12-08 04:00 AM,2024,12,08,04,79.1,168,Unhealthy,72.0,UG/M3,1 Hr,Valid
Phora Durbar Kathmandu,PM2.5 - Principal,2024-12-08 05:00 AM,2024,12,08,05,62.5,156,Unhealthy,46.0,UG/M3,1 Hr,Valid
Phora Durbar Kathmandu,PM2.5 - Principal,2024-12-08 06:00 AM,2024,12,08,06,74.7,164,Unhealthy,87.0,UG/M3,1 Hr,Valid
Phora Durbar Kathmandu,PM2.5 - Principal,2024-12-08 07:00 AM,2024,12,08,07,86.8,173,Unhealthy,99.0,UG/M3,1 Hr,Valid
Phora Durbar Kathmandu,PM2.5 - Principal,2024-12-08 08:00 AM,2024,12,08,08,86.9,173,Unhealthy,87.0,UG/M3,1 Hr,Valid
Phora Durbar Kathmandu,PM2.5 - Principal,2024-12-08 09:00 AM,2024,12,08,09,87.4,173,Unhealthy,88.0,UG/M3,1 Hr,Valid
Phora Durbar Kathmandu,PM2.5 - Principal,2024-12-08 10:00 AM,2024,12,08,10,151.7,227,Very Unhealthy,216.0,UG/M3,1 Hr,Valid
Phora Durbar Kathmandu,PM2.5 - Principal,2024-12-08 11:00 AM,2024,12,08,11,138.3,214,Very Unhealthy,125.0,UG/M3,1 Hr,Valid
Phora Durbar Kathmandu,PM2.5 - Principal,2024-12-08 12:00 PM,2024,12,08,12,168.2,243,Very Unhealthy,198.0,UG/M3,1 Hr,Valid
Phora Durbar Kathmandu,PM2.5 - Principal,2024-12-08 01:00 PM,2024,12,08,13,117.5,194,Unhealthy,67.0,UG/M3,1 Hr,Valid
Phora Durbar Kathmandu,PM2.5 - Principal,2024-12-08 02:00 PM,2024,12,08,14,83.2,170,Unhealthy,49.0,UG/M3,1 Hr,Valid
Phora Durbar Kathmandu,PM2.5 - Principal,2024-12-08 03:00 PM,2024,12,08,15,77.1,166,Unhealthy,71.0,UG/M3,1 Hr,Valid
Phora Durbar Kathmandu,PM2.5 - Principal,2024-12-08 04:00 PM,2024,12,08,16,74.5,164,Unhealthy,72.0,UG/M3,1 Hr,Valid
Phora Durbar Kathmandu,PM2.5 - Principal,2024-12-08 05:00 PM,2024,12,08,17,72.2,163,Unhealthy,70.0,UG/M3,1 Hr,Valid
Phora Durbar Kathmandu,PM2.5 - Principal,2024-12-08 06:00 PM,2024,12,08,18,79.6,168,Unhealthy,87.0,UG/M3,1 Hr,Valid
Phora Durbar Kathmandu,PM2.5 - Principal,2024-12-08 07:00 PM,2024,12,08,19,84.8,172,Unhealthy,90.0,UG/M3,1 Hr,Valid
Phora Durbar Kathmandu,PM2.5 - Principal,2024-12-08 08:00 PM,2024,12,08,20,129.9,205,Very Unhealthy,175.0,UG/M3,1 Hr,Valid
Phora Durbar Kathmandu,PM2.5 - Principal,2024-12-08 09:00 PM,2024,12,08,21,135.4,211,Very Unhealthy,141.0,UG/M3,1 Hr,Valid
Phora Durbar Kathmandu,PM2.5 - Principal,2024-12-08 10:00 PM,2024,12,08,22,138.2,214,Very Unhealthy,141.0,UG/M3,1 Hr,Valid
Phora Durbar Kathmandu,PM2.5 - Principal,2024-12-08 11:00 PM,2024,12,08,23,142.6,218,Very Unhealthy,147.0,UG/M3,1 Hr,Valid
Phora Durbar Kathmandu,PM2.5 - Principal,2024-12-09 12:00 AM,2024,12,09,00,122.7,198,Unhealthy,103.0,UG/M3,1 Hr,Valid
Phora Durbar Kathmandu,PM2.5 - Principal,2024-12-09 01:00 AM,2024,12,09,01,107.4,187,Unhealthy,92.0,UG/M3,1 Hr,Valid
Phora Durbar Kathmandu,PM2.5 - Principal,2024-12-09 02:00 AM,2024,12,09,02,106.7,187,Unhealthy,106.0,UG/M3,1 Hr,Valid
Phora Durbar Kathmandu,PM2.5 - Principal,2024-12-09 03:00 AM,2024,12,09,03,108.8,188,Unhealthy,111.0,UG/M3,1 Hr,Valid
Phora Durbar Kathmandu,PM2.5 - Principal,2024-12-09 04:00 AM,2024,12,09,04,123.9,199,Unhealthy,139.0,UG/M3,1 Hr,Valid
Phora Durbar Kathmandu,PM2.5 - Principal,2024-12-09 05:00 AM,2024,12,09,05,128.9,204,Very Unhealthy,134.0,UG/M3,1 Hr,Valid
Phora Durbar Kathmandu,PM2.5 - Principal,2024-12-09 06:00 AM,2024,12,09,06,97.4,180,Unhealthy,66.0,UG/M3,1 Hr,Valid
Phora Durbar Kathmandu,PM2.5 - Principal,2024-12-09 07:00 AM,2024,12,09,07,93.2,177,Unhealthy,89.0,UG/M3,1 Hr,Valid
Phora Durbar Kathmandu,PM2.5 - Principal,2024-12-09 08:00 AM,2024,12,09,08,103.6,185,Unhealthy,114.0,UG/M3,1 Hr,Valid
Phora Durbar Kathmandu,PM2.5 - Principal,2024-12-09 09:00 AM,2024,12,09,09,104.3,185,Unhealthy,105.0,UG/M3,1 Hr,Valid
Phora Durbar Kathmandu,PM2.5 - Principal,2024-12-09 10:00 AM,2024,12,09,10,103.1,184,Unhealthy,102.0,UG/M3,1 Hr,Valid
Phora Durbar Kathmandu,PM2.5 - Principal,2024-12-09 11:00 AM,2024,12,09,11,149.5,225,Very Unhealthy,196.0,UG/M3,1 Hr,Valid
Phora Durbar Kathmandu,PM2.5 - Principal,2024-12-09 12:00 PM,2024,12,09,12,113.7,192,Unhealthy,78.0,UG/M3,1 Hr,Valid
Phora Durbar Kathmandu,PM2.5 - Principal,2024-12-09 01:00 PM,2024,12,09,13,88.8,174,Unhealthy,64.0,UG/M3,1 Hr,Valid
Phora Durbar Kathmandu,PM2.5 - Principal,2024-12-09 02:00 PM,2024,12,09,14,64.9,158,Unhealthy,41.0,UG/M3,1 Hr,Valid
Phora Durbar Kathmandu,PM2.5 - Principal,2024-12-09 03:00 PM,2024,12,09,15,64.9,158,Unhealthy,-15.0,UG/M3,1 Hr,Invalid
Phora Durbar Kathmandu,PM2.5 - Principal,2024-12-09 04:00 PM,2024,12,09,16,74.9,165,Unhealthy,80.0,UG/M3,1 Hr,Valid
Phora Durbar Kathmandu,PM2.5 - Principal,2024-12-09 05:00 PM,2024,12,09,17,81.8,169,Unhealthy,87.0,UG/M3,1 Hr,Valid
Phora Durbar Kathmandu,PM2.5 - Principal,2024-12-09 06:00 PM,2024,12,09,18,112.8,191,Unhealthy,140.0,UG/M3,1 Hr,Valid
Phora Durbar Kathmandu,PM2.5 - Principal,2024-12-09 07:00 PM,2024,12,09,19,124.8,200,Unhealthy,136.0,UG/M3,1 Hr,Valid
Phora Durbar Kathmandu,PM2.5 - Principal,2024-12-09 08:00 PM,2024,12,09,20,103.0,184,Unhealthy,82.0,UG/M3,1 Hr,Valid
Phora Durbar Kathmandu,PM2.5 - Principal,2024-12-09 09:00 PM,2024,12,09,21,179.6,255,Very Unhealthy,255.0,UG/M3,1 Hr,Valid
Phora Durbar Kathmandu,PM2.5 - Principal,2024-12-09 10:00 PM,2024,12,09,22,126.6,202,Very Unhealthy,74.0,UG/M3,1 Hr,Valid
Phora Durbar Kathmandu,PM2.5 - Principal,2024-12-09 11:00 PM,2024,12,09,23,158.3,234,Very Unhealthy,190.0,UG/M3,1 Hr,Valid
Phora Durbar Kathmandu,PM2.5 - Principal,2024-12-10 12:00 AM,2024,12,10,00,124.6,199,Unhealthy,91.0,UG/M3,1 Hr,Valid
Phora Durbar Kathmandu,PM2.5 - Principal,2024-12-10 01:00 AM,2024,12,10,01,128.8,204,Very Unhealthy,133.0,UG/M3,1 Hr,Valid
Phora Durbar Kathmandu,PM2.5 - Principal,2024-12-10 02:00 AM,2024,12,10,02,119.4,196,Unhealthy,110.0,UG/M3,1 Hr,Valid
Phora Durbar Kathmandu,PM2.5 - Principal,2024-12-10 03:00 AM,2024,12,10,03,109.7,189,Unhealthy,100.0,UG/M3,1 Hr,Valid
Phora Durbar Kathmandu,PM2.5 - Principal,2024-12-10 04:00 AM,2024,12,10,04,66.8,159,Unhealthy,24.0,UG/M3,1 Hr,Valid
Phora Durbar Kathmandu,PM2.5 - Principal,2024-12-10 05:00 AM,2024,12,10,05,70.4,161,Unhealthy,74.0,UG/M3,1 Hr,Valid
Phora Durbar Kathmandu,PM2.5 - Principal,2024-12-10 06:00 AM,2024,12,10,06,80.2,168,Unhealthy,90.0,UG/M3,1 Hr,Valid
Phora Durbar Kathmandu,PM2.5 - Principal,2024-12-10 07:00 AM,2024,12,10,07,92.5,177,Unhealthy,105.0,UG/M3,1 Hr,Valid
Phora Durbar Kathmandu,PM2.5 - Principal,2024-12-10 08:00 AM,2024,12,10,08,97.3,180,Unhealthy,102.0,UG/M3,1 Hr,Valid
Phora Durbar Kathmandu,PM2.5 - Principal,2024-12-10 09:00 AM,2024,12,10,09,95.1,179,Unhealthy,93.0,UG/M3,1 Hr,Valid
Phora Durbar Kathmandu,PM2.5 - Principal,2024-12-10 10:00 AM,2024,12,10,10,147.0,222,Very Unhealthy,199.0,UG/M3,1 Hr,Valid
Phora Durbar Kathmandu,PM2.5 - Principal,2024-12-10 11:00 AM,2024,12,10,11,81.0,169,Unhealthy,15.0,UG/M3,1 Hr,Valid
Phora Durbar Kathmandu,PM2.5 - Principal,2024-12-10 12:00 PM,2024,12,10,12,93.0,177,Unhealthy,105.0,UG/M3,1 Hr,Valid
Phora Durbar Kathmandu,PM2.5 - Principal,2024-12-10 01:00 PM,2024,12,10,13,68.9,160,Unhealthy,45.0,UG/M3,1 Hr,Valid
Phora Durbar Kathmandu,PM2.5 - Principal,2024-12-10 02:00 PM,2024,12,10,14,54.9,149,Unhealthy for Sensitive Groups,41.0,UG/M3,1 Hr,Valid
Phora Durbar Kathmandu,PM2.5 - Principal,2024-12-10 03:00 PM,2024,12,10,15,48.9,134,Unhealthy for Sensitive Groups,43.0,UG/M3,1 Hr,Valid
Phora Durbar Kathmandu,PM2.5 - Principal,2024-12-10 04:00 PM,2024,12,10,16,63.5,157,Unhealthy,78.0,UG/M3,1 Hr,Valid
Phora Durbar Kathmandu,PM2.5 - Principal,2024-12-10 05:00 PM,2024,12,10,17,47.2,130,Unhealthy for Sensitive Groups,31.0,UG/M3,1 Hr,Valid
Phora Durbar Kathmandu,PM2.5 - Principal,2024-12-10 06:00 PM,2024,12,10,18,78.1,167,Unhealthy,109.0,UG/M3,1 Hr,Valid
Phora Durbar Kathmandu,PM2.5 - Principal,2024-12-10 07:00 PM,2024,12,10,19,71.5,162,Unhealthy,65.0,UG/M3,1 Hr,Valid
Phora Durbar Kathmandu,PM2.5 - Principal,2024-12-10 08:00 PM,2024,12,10,20,100.7,183,Unhealthy,130.0,UG/M3,1 Hr,Valid
Phora Durbar Kathmandu,PM2.5 - Principal,2024-12-10 09:00 PM,2024,12,10,21,134.9,210,Very Unhealthy,169.0,UG/M3,1 Hr,Valid
Phora Durbar Kathmandu,PM2.5 - Principal,2024-12-10 10:00 PM,2024,12,10,22,149.4,225,Very Unhealthy,164.0,UG/M3,1 Hr,Valid
Phora Durbar Kathmandu,PM2.5 - Principal,2024-12-10 11:00 PM,2024,12,10,23,146.7,222,Very Unhealthy,144.0,UG/M3,1 Hr,Valid
Phora Durbar Kathmandu,PM2.5 - Principal,2024-12-11 12:00 AM,2024,12,11,00,158.8,234,Very Unhealthy,171.0,UG/M3,1 Hr,Valid
Phora Durbar Kathmandu,PM2.5 - Principal,2024-12-11 01:00 AM,2024,12,11,01,109.4,189,Unhealthy,60.0,UG/M3,1 Hr,Valid
Phora Durbar Kathmandu,PM2.5 - Principal,2024-12-11 02:00 AM,2024,12,11,02,89.2,175,Unhealthy,69.0,UG/M3,1 Hr,Valid
Phora Durbar Kathmandu,PM2.5 - Principal,2024-12-11 03:00 AM,2024,12,11,03,61.1,155,Unhealthy,33.0,UG/M3,1 Hr,Valid
Phora Durbar Kathmandu,PM2.5 - Principal,2024-12-11 04:00 AM,2024,12,11,04,57.5,152,Unhealthy,54.0,UG/M3,1 Hr,Valid
Phora Durbar Kathmandu,PM2.5 - Principal,2024-12-11 05:00 AM,2024,12,11,05,60.7,155,Unhealthy,64.0,UG/M3,1 Hr,Valid
Phora Durbar Kathmandu,PM2.5 - Principal,2024-12-11 06:00 AM,2024,12,11,06,59.3,154,Unhealthy,58.0,UG/M3,1 Hr,Valid
Phora Durbar Kathmandu,PM2.5 - Principal,2024-12-11 07:00 AM,2024,12,11,07,66.6,159,Unhealthy,74.0,UG/M3,1 Hr,Valid
Phora Durbar Kathmandu,PM2.5 - Principal,2024-12-11 08:00 AM,2024,12,11,08,82.8,170,Unhealthy,99.0,UG/M3,1 Hr,Valid
Phora Durbar Kathmandu,PM2.5 - Principal,2024-12-11 09:00 AM,2024,12,11,09,92.4,177,Unhealthy,102.0,UG/M3,1 Hr,Valid
Phora Durbar Kathmandu,PM2.5 - Principal,2024-12-11 10:00 AM,2024,12,11,10,127.2,203,Very Unhealthy,162.0,UG/M3,1 Hr,Valid
Phora Durbar Kathmandu,PM2.5 - Principal,2024-12-11 11:00 AM,2024,12,11,11,115.5,193,Unhealthy,104.0,UG/M3,1 Hr,Valid
Phora Durbar Kathmandu,PM2.5 - Principal,2024-12-11 12:00 PM,2024,12,11,12,101.2,183,Unhealthy,87.0,UG/M3,1 Hr,Valid
Phora Durbar Kathmandu,PM2.5 - Principal,2024-12-11 01:00 PM,2024,12,11,13,87.6,174,Unhealthy,74.0,UG/M3,1 Hr,Valid
Phora Durbar Kathmandu,PM2.5 - Principal,2024-12-11 02:00 PM,2024,12,11,14,49.8,136,Unhealthy for Sensitive Groups,12.0,UG/M3,1 Hr,Valid
Phora Durbar Kathmandu,PM2.5 - Principal,2024-12-11 03:00 PM,2024,12,11,15,89.4,175,Unhealthy,129.0,UG/M3,1 Hr,Valid
Phora Durbar Kathmandu,PM2.5 - Principal,2024-12-11 04:00 PM,2024,12,11,16,88.2,174,Unhealthy,87.0,UG/M3,1 Hr,Valid
Phora Durbar Kathmandu,PM2.5 - Principal,2024-12-11 05:00 PM,2024,12,11,17,88.2,174,Unhealthy,-15.0,UG/M3,1 Hr,Invalid
Phora Durbar Kathmandu,PM2.5 - Principal,2024-12-11 06:00 PM,2024,12,11,18,80.7,169,Unhealthy,77.0,UG/M3,1 Hr,Valid
Phora Durbar Kathmandu,PM2.5 - Principal,2024-12-11 07:00 PM,2024,12,11,19,95.7,179,Unhealthy,107.0,UG/M3,1 Hr,Valid
Phora Durbar Kathmandu,PM2.5 - Principal,2024-12-11 08:00 PM,2024,12,11,20,83.0,170,Unhealthy,72.0,UG/M3,1 Hr,Valid
Phora Durbar Kathmandu,PM2.5 - Principal,2024-12-11 09:00 PM,2024,12,11,21,141.3,217,Very Unhealthy,196.0,UG/M3,1 Hr,Valid
Phora Durbar Kathmandu,PM2.5 - Principal,2024-12-11 10:00 PM,2024,12,11,22,123.9,199,Unhealthy,107.0,UG/M3,1 Hr,Valid
Phora Durbar Kathmandu,PM2.5 - Principal,2024-12-11 11:00 PM,2024,12,11,23,209.1,284,Very Unhealthy,293.0,UG/M3,1 Hr,Valid
Phora Durbar Kathmandu,PM2.5 - Principal,2024-12-12 12:00 AM,2024,12,12,00,155.3,231,Very Unhealthy,102.0,UG/M3,1 Hr,Valid
Phora Durbar Kathmandu,PM2.5 - Principal,2024-12-12 01:00 AM,2024,12,12,01,126.1,202,Very Unhealthy,97.0,UG/M3,1 Hr,Valid
Phora Durbar Kathmandu,PM2.5 - Principal,2024-12-12 02:00 AM,2024,12,12,02,84.0,171,Unhealthy,42.0,UG/M3,1 Hr,Valid
Phora Durbar Kathmandu,PM2.5 - Principal,2024-12-12 03:00 AM,2024,12,12,03,97.5,180,Unhealthy,111.0,UG/M3,1 Hr,Valid
Phora Durbar Kathmandu,PM2.5 - Principal,2024-12-12 04:00 AM,2024,12,12,04,108.2,188,Unhealthy,119.0,UG/M3,1 Hr,Valid
Phora Durbar Kathmandu,PM2.5 - Principal,2024-12-12 05:00 AM,2024,12,12,05,97.6,181,Unhealthy,87.0,UG/M3,1 Hr,Valid
Phora Durbar Kathmandu,PM2.5 - Principal,2024-12-12 06:00 AM,2024,12,12,06,67.8,160,Unhealthy,38.0,UG/M3,1 Hr,Valid
Phora Durbar Kathmandu,PM2.5 - Principal,2024-12-12 07:00 AM,2024,12,12,07,104.9,186,Unhealthy,142.0,UG/M3,1 Hr,Valid
Phora Durbar Kathmandu,PM2.5 - Principal,2024-12-12 08:00 AM,2024,12,12,08,164.4,240,Very Unhealthy,224.0,UG/M3,1 Hr,Valid
Phora Durbar Kathmandu,PM2.5 - Principal,2024-12-12 09:00 AM,2024,12,12,09,144.7,220,Very Unhealthy,125.0,UG/M3,1 Hr,Valid
Phora Durbar Kathmandu,PM2.5 - Principal,2024-12-12 10:00 AM,2024,12,12,10,144.3,220,Very Unhealthy,144.0,UG/M3,1 Hr,Valid
Phora Durbar Kathmandu,PM2.5 - Principal,2024-12-12 11:00 AM,2024,12,12,11,116.1,193,Unhealthy,88.0,UG/M3,1 Hr,Valid
Phora Durbar Kathmandu,PM2.5 - Principal,2024-12-12 12:00 PM,2024,12,12,12,72.0,163,Unhealthy,28.0,UG/M3,1 Hr,Valid
Phora Durbar Kathmandu,PM2.5 - Principal,2024-12-12 01:00 PM,2024,12,12,13,90.5,176,Unhealthy,109.0,UG/M3,1 Hr,Valid
Phora Durbar Kathmandu,PM2.5 - Principal,2024-12-12 02:00 PM,2024,12,12,14,61.2,155,Unhealthy,32.0,UG/M3,1 Hr,Valid
Phora Durbar Kathmandu,PM2.5 - Principal,2024-12-12 03:00 PM,2024,12,12,15,54.1,147,Unhealthy for Sensitive Groups,47.0,UG/M3,1 Hr,Valid
Phora Durbar Kathmandu,PM2.5 - Principal,2024-12-12 04:00 PM,2024,12,12,16,119.5,196,Unhealthy,185.0,UG/M3,1 Hr,Valid
Phora Durbar Kathmandu,PM2.5 - Principal,2024-12-12 05:00 PM,2024,12,12,17,79.7,168,Unhealthy,40.0,UG/M3,1 Hr,Valid
Phora Durbar Kathmandu,PM2.5 - Principal,2024-12-12 06:00 PM,2024,12,12,18,60.8,155,Unhealthy,42.0,UG/M3,1 Hr,Valid
Phora Durbar Kathmandu,PM2.5 - Principal,2024-12-12 07:00 PM,2024,12,12,19,87.4,173,Unhealthy,114.0,UG/M3,1 Hr,Valid
Phora Durbar Kathmandu,PM2.5 - Principal,2024-12-12 08:00 PM,2024,12,12,20,85.2,172,Unhealthy,83.0,UG/M3,1 Hr,Valid
Phora Durbar Kathmandu,PM2.5 - Principal,2024-12-12 09:00 PM,2024,12,12,21,98.1,181,Unhealthy,111.0,UG/M3,1 Hr,Valid
Phora Durbar Kathmandu,PM2.5 - Principal,2024-12-12 10:00 PM,2024,12,12,22,173.0,248,Very Unhealthy,248.0,UG/M3,1 Hr,Valid
Phora Durbar Kathmandu,PM2.5 - Principal,2024-12-12 11:00 PM,2024,12,12,23,141.0,216,Very Unhealthy,109.0,UG/M3,1 Hr,Valid
Phora Durbar Kathmandu,PM2.5 - Principal,2024-12-13 12:00 AM,2024,12,13,00,140.5,216,Very Unhealthy,140.0,UG/M3,1 Hr,Valid
Phora Durbar Kathmandu,PM2.5 - Principal,2024-12-13 01:00 AM,2024,12,13,01,141.2,217,Very Unhealthy,142.0,UG/M3,1 Hr,Valid
Phora Durbar Kathmandu,PM2.5 - Principal,2024-12-13 02:00 AM,2024,12,13,02,118.6,195,Unhealthy,96.0,UG/M3,1 Hr,Valid
Phora Durbar Kathmandu,PM2.5 - Principal,2024-12-13 03:00 AM,2024,12,13,03,108.8,188,Unhealthy,99.0,UG/M3,1 Hr,Valid
Phora Durbar Kathmandu,PM2.5 - Principal,2024-12-13 04:00 AM,2024,12,13,04,93.9,178,Unhealthy,79.0,UG/M3,1 Hr,Valid
Phora Durbar Kathmandu,PM2.5 - Principal,2024-12-13 05:00 AM,2024,12,13,05,74.4,164,Unhealthy,55.0,UG/M3,1 Hr,Valid
Phora Durbar Kathmandu,PM2.5 - Principal,2024-12-13 06:00 AM,2024,12,13,06,77.2,166,Unhealthy,80.0,UG/M3,1 Hr,Valid
Phora Durbar Kathmandu,PM2.5 - Principal,2024-12-13 07:00 AM,2024,12,13,07,76.6,166,Unhealthy,76.0,UG/M3,1 Hr,Valid
Phora Durbar Kathmandu,PM2.5 - Principal,2024-12-13 08:00 AM,2024,12,13,08,93.3,177,Unhealthy,110.0,UG/M3,1 Hr,Valid
Phora Durbar Kathmandu,PM2.5 - Principal,2024-12-13 09:00 AM,2024,12,13,09,95.6,179,Unhealthy,98.0,UG/M3,1 Hr,Valid
Phora Durbar Kathmandu,PM2.5 - Principal,2024-12-13 10:00 AM,2024,12,13,10,121.8,197,Unhealthy,148.0,UG/M3,1 Hr,Valid
Phora Durbar Kathmandu,PM2.5 - Principal,2024-12-13 11:00 AM,2024,12,13,11,82.8,170,Unhealthy,44.0,UG/M3,1 Hr,Valid
Phora Durbar Kathmandu,PM2.5 - Principal,2024-12-13 12:00 PM,2024,12,13,12,103.4,185,Unhealthy,124.0,UG/M3,1 Hr,Valid
Phora Durbar Kathmandu,PM2.5 - Principal,2024-12-13 01:00 PM,2024,12,13,13,88.2,174,Unhealthy,73.0,UG/M3,1 Hr,Valid
Phora Durbar Kathmandu,PM2.5 - Principal,2024-12-13 02:00 PM,2024,12,13,14,75.1,165,Unhealthy,62.0,UG/M3,1 Hr,Valid
Phora Durbar Kathmandu,PM2.5 - Principal,2024-12-13 03:00 PM,2024,12,13,15,75.0,165,Unhealthy,-15.0,UG/M3,1 Hr,Invalid
Phora Durbar Kathmandu,PM2.5 - Principal,2024-12-13 04:00 PM,2024,12,13,16,45.0,124,Unhealthy for Sensitive Groups,30.0,UG/M3,1 Hr,Valid
Phora Durbar Kathmandu,PM2.5 - Principal,2024-12-13 05:00 PM,2024,12,13,17,31.8,93,Moderate,22.0,UG/M3,1 Hr,Valid
Phora Durbar Kathmandu,PM2.5 - Principal,2024-12-13 06:00 PM,2024,12,13,18,46.3,128,Unhealthy for Sensitive Groups,59.0,UG/M3,1 Hr,Valid
Phora Durbar Kathmandu,PM2.5 - Principal,2024-12-13 07:00 PM,2024,12,13,19,46.3,128,Unhealthy for Sensitive Groups,-10.0,UG/M3,1 Hr,Invalid
Phora Durbar Kathmandu,PM2.5 - Principal,2024-12-13 08:00 PM,2024,12,13,20,63.1,156,Unhealthy,71.0,UG/M3,1 Hr,Valid
Phora Durbar Kathmandu,PM2.5 - Principal,2024-12-13 09:00 PM,2024,12,13,21,58.4,153,Unhealthy,55.0,UG/M3,1 Hr,Valid
Phora Durbar Kathmandu,PM2.5 - Principal,2024-12-13 10:00 PM,2024,12,13,22,92.4,177,Unhealthy,122.0,UG/M3,1 Hr,Valid
Phora Durbar Kathmandu,PM2.5 - Principal,2024-12-13 11:00 PM,2024,12,13,23,162.0,237,Very Unhealthy,227.0,UG/M3,1 Hr,Valid
Phora Durbar Kathmandu,PM2.5 - Principal,2024-12-14 12:00 AM,2024,12,14,00,121.8,197,Unhealthy,83.0,UG/M3,1 Hr,Valid
Phora Durbar Kathmandu,PM2.5 - Principal,2024-12-14 01:00 AM,2024,12,14,01,107.8,188,Unhealthy,94.0,UG/M3,1 Hr,Valid
Phora Durbar Kathmandu,PM2.5 - Principal,2024-12-14 02:00 AM,2024,12,14,02,82.8,170,Unhealthy,58.0,UG/M3,1 Hr,Valid
Phora Durbar Kathmandu,PM2.5 - Principal,2024-12-14 03:00 AM,2024,12,14,03,69.3,161,Unhealthy,56.0,UG/M3,1 Hr,Valid
Phora Durbar Kathmandu,PM2.5 - Principal,2024-12-14 04:00 AM,2024,12,14,04,100.7,183,Unhealthy,132.0,UG/M3,1 Hr,Valid
Phora Durbar Kathmandu,PM2.5 - Principal,2024-12-14 05:00 AM,2024,12,14,05,100.7,183,Unhealthy,6.0,UG/M3,1 Hr,Invalid
Phora Durbar Kathmandu,PM2.5 - Principal,2024-12-14 06:00 AM,2024,12,14,06,106.2,187,Unhealthy,109.0,UG/M3,1 Hr,Valid
Phora Durbar Kathmandu,PM2.5 - Principal,2024-12-14 07:00 AM,2024,12,14,07,100.3,182,Unhealthy,96.0,UG/M3,1 Hr,Valid
Phora Durbar Kathmandu,PM2.5 - Principal,2024-12-14 08:00 AM,2024,12,14,08,91.6,176,Unhealthy,84.0,UG/M3,1 Hr,Valid
Phora Durbar Kathmandu,PM2.5 - Principal,2024-12-14 09:00 AM,2024,12,14,09,92.8,177,Unhealthy,94.0,UG/M3,1 Hr,Valid
Phora Durbar Kathmandu,PM2.5 - Principal,2024-12-14 10:00 AM,2024,12,14,10,125.9,201,Very Unhealthy,158.0,UG/M3,1 Hr,Valid
Phora Durbar Kathmandu,PM2.5 - Principal,2024-12-14 11:00 AM,2024,12,14,11,94.7,178,Unhealthy,64.0,UG/M3,1 Hr,Valid
Phora Durbar Kathmandu,PM2.5 - Principal,2024-12-14 12:00 PM,2024,12,14,12,86.3,173,Unhealthy,78.0,UG/M3,1 Hr,Valid
Phora Durbar Kathmandu,PM2.5 - Principal,2024-12-14 01:00 PM,2024,12,14,13,92.6,177,Unhealthy,99.0,UG/M3,1 Hr,Valid
Phora Durbar Kathmandu,PM2.5 - Principal,2024-12-14 02:00 PM,2024,12,14,14,49.7,136,Unhealthy for Sensitive Groups,7.0,UG/M3,1 Hr,Valid
Phora Durbar Kathmandu,PM2.5 - Principal,2024-12-14 03:00 PM,2024,12,14,15,65.4,158,Unhealthy,81.0,UG/M3,1 Hr,Valid
Phora Durbar Kathmandu,PM2.5 - Principal,2024-12-14 04:00 PM,2024,12,14,16,65.3,158,Unhealthy,-15.0,UG/M3,1 Hr,Invalid
Phora Durbar Kathmandu,PM2.5 - Principal,2024-12-14 05:00 PM,2024,12,14,17,74.4,164,Unhealthy,79.0,UG/M3,1 Hr,Valid
Phora Durbar Kathmandu,PM2.5 - Principal,2024-12-14 06:00 PM,2024,12,14,18,63.3,156,Unhealthy,55.0,UG/M3,1 Hr,Valid
Phora Durbar Kathmandu,PM2.5 - Principal,2024-12-14 07:00 PM,2024,12,14,19,93.5,178,Unhealthy,120.0,UG/M3,1 Hr,Valid
Phora Durbar Kathmandu,PM2.5 - Principal,2024-12-14 08:00 PM,2024,12,14,20,74.6,164,Unhealthy,57.0,UG/M3,1 Hr,Valid
Phora Durbar Kathmandu,PM2.5 - Principal,2024-12-14 09:00 PM,2024,12,14,21,106.3,187,Unhealthy,137.0,UG/M3,1 Hr,Valid
Phora Durbar Kathmandu,PM2.5 - Principal,2024-12-14 10:00 PM,2024,12,14,22,188.3,263,Very Unhealthy,269.0,UG/M3,1 Hr,Valid
Phora Durbar Kathmandu,PM2.5 - Principal,2024-12-14 11:00 PM,2024,12,14,23,155.5,231,Very Unhealthy,123.0,UG/M3,1 Hr,Valid
Phora Durbar Kathmandu,PM2.5 - Principal,2024-12-15 12:00 AM,2024,12,15,00,165.3,240,Very Unhealthy,175.0,UG/M3,1 Hr,Valid
Phora Durbar Kathmandu,PM2.5 - Principal,2024-12-15 01:00 AM,2024,12,15,01,154.6,230,Very Unhealthy,144.0,UG/M3,1 Hr,Valid
Phora Durbar Kathmandu,PM2.5 - Principal,2024-12-15 02:00 AM,2024,12,15,02,122.8,198,Unhealthy,91.0,UG/M3,1 Hr,Valid
Phora Durbar Kathmandu,PM2.5 - Principal,2024-12-15 03:00 AM,2024,12,15,03,112.9,191,Unhealthy,103.0,UG/M3,1 Hr,Valid
Phora Durbar Kathmandu,PM2.5 - Principal,2024-12-15 04:00 AM,2024,12,15,04,98.9,181,Unhealthy,85.0,UG/M3,1 Hr,Valid
Phora Durbar Kathmandu,PM2.5 - Principal,2024-12-15 05:00 AM,2024,12,15,05,78.9,167,Unhealthy,59.0,UG/M3,1 Hr,Valid
Phora Durbar Kathmandu,PM2.5 - Principal,2024-12-15 06:00 AM,2024,12,15,06,75.9,165,Unhealthy,73.0,UG/M3,1 Hr,Valid
Phora Durbar Kathmandu,PM2.5 - Principal,2024-12-15 07:00 AM,2024,12,15,07,103.4,185,Unhealthy,131.0,UG/M3,1 Hr,Valid
Phora Durbar Kathmandu,PM2.5 - Principal,2024-12-15 08:00 AM,2024,12,15,08,103.7,185,Unhealthy,104.0,UG/M3,1 Hr,Valid
Phora Durbar Kathmandu,PM2.5 - Principal,2024-12-15 09:00 AM,2024,12,15,09,109.8,189,Unhealthy,116.0,UG/M3,1 Hr,Valid
Phora Durbar Kathmandu,PM2.5 - Principal,2024-12-15 10:00 AM,2024,12,15,10,119.9,196,Unhealthy,130.0,UG/M3,1 Hr,Valid
Phora Durbar Kathmandu,PM2.5 - Principal,2024-12-15 11:00 AM,2024,12,15,11,175.4,250,Very Unhealthy,231.0,UG/M3,1 Hr,Valid
Phora Durbar Kathmandu,PM2.5 - Principal,2024-12-15 12:00 PM,2024,12,15,12,142.7,218,Very Unhealthy,110.0,UG/M3,1 Hr,Valid
Phora Durbar Kathmandu,PM2.5 - Principal,2024-12-15 01:00 PM,2024,12,15,13,106.3,187,Unhealthy,70.0,UG/M3,1 Hr,Valid
Phora Durbar Kathmandu,PM2.5 - Principal,2024-12-15 02:00 PM,2024,12,15,14,87.1,173,Unhealthy,68.0,UG/M3,1 Hr,Valid
Phora Durbar Kathmandu,PM2.5 - Principal,2024-12-15 03:00 PM,2024,12,15,15,78.5,167,Unhealthy,70.0,UG/M3,1 Hr,Valid
Phora Durbar Kathmandu,PM2.5 - Principal,2024-12-15 04:00 PM,2024,12,15,16,71.7,162,Unhealthy,65.0,UG/M3,1 Hr,Valid
Phora Durbar Kathmandu,PM2.5 - Principal,2024-12-15 05:00 PM,2024,12,15,17,55.3,150,Unhealthy for Sensitive Groups,39.0,UG/M3,1 Hr,Valid
Phora Durbar Kathmandu,PM2.5 - Principal,2024-12-15 06:00 PM,2024,12,15,18,74.1,164,Unhealthy,93.0,UG/M3,1 Hr,Valid
Phora Durbar Kathmandu,PM2.5 - Principal,2024-12-15 07:00 PM,2024,12,15,19,132.6,208,Very Unhealthy,191.0,UG/M3,1 Hr,Valid
Phora Durbar Kathmandu,PM2.5 - Principal,2024-12-15 08:00 PM,2024,12,15,20,135.8,211,Very Unhealthy,139.0,UG/M3,1 Hr,Valid
Phora Durbar Kathmandu,PM2.5 - Principal,2024-12-15 09:00 PM,2024,12,15,21,138.9,214,Very Unhealthy,142.0,UG/M3,1 Hr,Valid
Phora Durbar Kathmandu,PM2.5 - Principal,2024-12-15 10:00 PM,2024,12,15,22,146.9,222,Very Unhealthy,155.0,UG/M3,1 Hr,Valid
Phora Durbar Kathmandu,PM2.5 - Principal,2024-12-15 11:00 PM,2024,12,15,23,123.9,199,Unhealthy,101.0,UG/M3,1 Hr,Valid
Phora Durbar Kathmandu,PM2.5 - Principal,2024-12-16 12:00 AM,2024,12,16,00,124.9,200,Unhealthy,126.0,UG/M3,1 Hr,Valid
Phora Durbar Kathmandu,PM2.5 - Principal,2024-12-16 01:00 AM,2024,12,16,01,123.4,199,Unhealthy,122.0,UG/M3,1 Hr,Valid
Phora Durbar Kathmandu,PM2.5 - Principal,2024-12-16 02:00 AM,2024,12,16,02,150.7,226,Very Unhealthy,178.0,UG/M3,1 Hr,Valid
Phora Durbar Kathmandu,PM2.5 - Principal,2024-12-16 03:00 AM,2024,12,16,03,122.8,198,Unhealthy,95.0,UG/M3,1 Hr,Valid
Phora Durbar Kathmandu,PM2.5 - Principal,2024-12-16 04:00 AM,2024,12,16,04,101.4,183,Unhealthy,80.0,UG/M3,1 Hr,Valid
Phora Durbar Kathmandu,PM2.5 - Principal,2024-12-16 05:00 AM,2024,12,16,05,88.7,174,Unhealthy,76.0,UG/M3,1 Hr,Valid
Phora Durbar Kathmandu,PM2.5 - Principal,2024-12-16 06:00 AM,2024,12,16,06,92.3,177,Unhealthy,96.0,UG/M3,1 Hr,Valid
Phora Durbar Kathmandu,PM2.5 - Principal,2024-12-16 07:00 AM,2024,12,16,07,102.1,184,Unhealthy,112.0,UG/M3,1 Hr,Valid
Phora Durbar Kathmandu,PM2.5 - Principal,2024-12-16 08:00 AM,2024,12,16,08,101.5,183,Unhealthy,101.0,UG/M3,1 Hr,Valid
Phora Durbar Kathmandu,PM2.5 - Principal,2024-12-16 09:00 AM,2024,12,16,09,116.2,194,Unhealthy,131.0,UG/M3,1 Hr,Valid
Phora Durbar Kathmandu,PM2.5 - Principal,2024-12-16 10:00 AM,2024,12,16,10,144.1,219,Very Unhealthy,172.0,UG/M3,1 Hr,Valid
Phora Durbar Kathmandu,PM2.5 - Principal,2024-12-16 11:00 AM,2024,12,16,11,162.5,238,Very Unhealthy,181.0,UG/M3,1 Hr,Valid
Phora Durbar Kathmandu,PM2.5 - Principal,2024-12-16 12:00 PM,2024,12,16,12,116.2,194,Unhealthy,70.0,UG/M3,1 Hr,Valid
Phora Durbar Kathmandu,PM2.5 - Principal,2024-12-16 01:00 PM,2024,12,16,13,106.1,186,Unhealthy,96.0,UG/M3,1 Hr,Valid
Phora Durbar Kathmandu,PM2.5 - Principal,2024-12-16 02:00 PM,2024,12,16,14,127.0,202,Very Unhealthy,148.0,UG/M3,1 Hr,Valid
Phora Durbar Kathmandu,PM2.5 - Principal,2024-12-16 03:00 PM,2024,12,16,15,71.5,162,Unhealthy,16.0,UG/M3,1 Hr,Valid
Phora Durbar Kathmandu,PM2.5 - Principal,2024-12-16 04:00 PM,2024,12,16,16,62.7,156,Unhealthy,54.0,UG/M3,1 Hr,Valid
Phora Durbar Kathmandu,PM2.5 - Principal,2024-12-16 05:00 PM,2024,12,16,17,62.7,156,Unhealthy,-5.0,UG/M3,1 Hr,Invalid
Phora Durbar Kathmandu,PM2.5 - Principal,2024-12-16 06:00 PM,2024,12,16,18,90.2,175,Unhealthy,104.0,UG/M3,1 Hr,Valid
Phora Durbar Kathmandu,PM2.5 - Principal,2024-12-16 07:00 PM,2024,12,16,19,86.6,173,Unhealthy,84.0,UG/M3,1 Hr,Valid
Phora Durbar Kathmandu,PM2.5 - Principal,2024-12-16 08:00 PM,2024,12,16,20,110.8,190,Unhealthy,132.0,UG/M3,1 Hr,Valid
Phora Durbar Kathmandu,PM2.5 - Principal,2024-12-16 09:00 PM,2024,12,16,21,148.6,224,Very Unhealthy,184.0,UG/M3,1 Hr,Valid
Phora Durbar Kathmandu,PM2.5 - Principal,2024-12-16 10:00 PM,2024,12,16,22,124.9,200,Unhealthy,102.0,UG/M3,1 Hr,Valid
Phora Durbar Kathmandu,PM2.5 - Principal,2024-12-16 11:00 PM,2024,12,16,23,146.6,222,Very Unhealthy,168.0,UG/M3,1 Hr,Valid
Phora Durbar Kathmandu,PM2.5 - Principal,2024-12-17 12:00 AM,2024,12,17,00,113.1,191,Unhealthy,80.0,UG/M3,1 Hr,Valid
Phora Durbar Kathmandu,PM2.5 - Principal,2024-12-17 01:00 AM,2024,12,17,01,163.2,238,Very Unhealthy,213.0,UG/M3,1 Hr,Valid
Phora Durbar Kathmandu,PM2.5 - Principal,2024-12-17 02:00 AM,2024,12,17,02,135.5,211,Very Unhealthy,108.0,UG/M3,1 Hr,Valid
Phora Durbar Kathmandu,PM2.5 - Principal,2024-12-17 03:00 AM,2024,12,17,03,91.7,176,Unhealthy,48.0,UG/M3,1 Hr,Valid
Phora Durbar Kathmandu,PM2.5 - Principal,2024-12-17 04:00 AM,2024,12,17,04,99.8,182,Unhealthy,108.0,UG/M3,1 Hr,Valid
Phora Durbar Kathmandu,PM2.5 - Principal,2024-12-17 05:00 AM,2024,12,17,05,73.4,164,Unhealthy,47.0,UG/M3,1 Hr,Valid
Phora Durbar Kathmandu,PM2.5 - Principal,2024-12-17 06:00 AM,2024,12,17,06,99.2,182,Unhealthy,125.0,UG/M3,1 Hr,Valid
Phora Durbar Kathmandu,PM2.5 - Principal,2024-12-17 07:00 AM,2024,12,17,07,110.1,189,Unhealthy,121.0,UG/M3,1 Hr,Valid
Phora Durbar Kathmandu,PM2.5 - Principal,2024-12-17 08:00 AM,2024,12,17,08,113.5,192,Unhealthy,117.0,UG/M3,1 Hr,Valid
Phora Durbar Kathmandu,PM2.5 - Principal,2024-12-17 09:00 AM,2024,12,17,09,99.2,182,Unhealthy,85.0,UG/M3,1 Hr,Valid
Phora Durbar Kathmandu,PM2.5 - Principal,2024-12-17 10:00 AM,2024,12,17,10,129.1,205,Very Unhealthy,159.0,UG/M3,1 Hr,Valid
Phora Durbar Kathmandu,PM2.5 - Principal,2024-12-17 11:00 AM,2024,12,17,11,196.5,271,Very Unhealthy,264.0,UG/M3,1 Hr,Valid
Phora Durbar Kathmandu,PM2.5 - Principal,2024-12-17 12:00 PM,2024,12,17,12,122.7,198,Unhealthy,49.0,UG/M3,1 Hr,Valid
Phora Durbar Kathmandu,PM2.5 - Principal,2024-12-17 01:00 PM,2024,12,17,13,152.8,228,Very Unhealthy,183.0,UG/M3,1 Hr,Valid
Phora Durbar Kathmandu,PM2.5 - Principal,2024-12-17 02:00 PM,2024,12,17,14,98.4,181,Unhealthy,44.0,UG/M3,1 Hr,Valid
Phora Durbar Kathmandu,PM2.5 - Principal,2024-12-17 03:00 PM,2024,12,17,15,56.7,152,Unhealthy,15.0,UG/M3,1 Hr,Valid
Phora Durbar Kathmandu,PM2.5 - Principal,2024-12-17 04:00 PM,2024,12,17,16,43.8,121,Unhealthy for Sensitive Groups,31.0,UG/M3,1 Hr,Valid
Phora Durbar Kathmandu,PM2.5 - Principal,2024-12-17 05:00 PM,2024,12,17,17,64.4,157,Unhealthy,85.0,UG/M3,1 Hr,Valid
Phora Durbar Kathmandu,PM2.5 - Principal,2024-12-17 06:00 PM,2024,12,17,18,52.7,143,Unhealthy for Sensitive Groups,41.0,UG/M3,1 Hr,Valid
Phora Durbar Kathmandu,PM2.5 - Principal,2024-12-17 07:00 PM,2024,12,17,19,95.3,179,Unhealthy,138.0,UG/M3,1 Hr,Valid
Phora Durbar Kathmandu,PM2.5 - Principal,2024-12-17 08:00 PM,2024,12,17,20,112.6,191,Unhealthy,130.0,UG/M3,1 Hr,Valid
Phora Durbar Kathmandu,PM2.5 - Principal,2024-12-17 09:00 PM,2024,12,17,21,142.3,218,Very Unhealthy,172.0,UG/M3,1 Hr,Valid
Phora Durbar Kathmandu,PM2.5 - Principal,2024-12-17 10:00 PM,2024,12,17,22,144.1,219,Very Unhealthy,146.0,UG/M3,1 Hr,Valid
Phora Durbar Kathmandu,PM2.5 - Principal,2024-12-17 11:00 PM,2024,12,17,23,183.0,258,Very Unhealthy,222.0,UG/M3,1 Hr,Valid
Phora Durbar Kathmandu,PM2.5 - Principal,2024-12-18 12:00 AM,2024,12,18,00,168.5,244,Very Unhealthy,154.0,UG/M3,1 Hr,Valid
Phora Durbar Kathmandu,PM2.5 - Principal,2024-12-18 01:00 AM,2024,12,18,01,138.2,214,Very Unhealthy,108.0,UG/M3,1 Hr,Valid
Phora Durbar Kathmandu,PM2.5 - Principal,2024-12-18 02:00 AM,2024,12,18,02,128.6,204,Very Unhealthy,119.0,UG/M3,1 Hr,Valid
Phora Durbar Kathmandu,PM2.5 - Principal,2024-12-18 03:00 AM,2024,12,18,03,95.3,179,Unhealthy,62.0,UG/M3,1 Hr,Valid
Phora Durbar Kathmandu,PM2.5 - Principal,2024-12-18 04:00 AM,2024,12,18,04,136.6,212,Very Unhealthy,178.0,UG/M3,1 Hr,Valid
Phora Durbar Kathmandu,PM2.5 - Principal,2024-12-18 05:00 AM,2024,12,18,05,100.3,182,Unhealthy,64.0,UG/M3,1 Hr,Valid
Phora Durbar Kathmandu,PM2.5 - Principal,2024-12-18 06:00 AM,2024,12,18,06,98.1,181,Unhealthy,96.0,UG/M3,1 Hr,Valid
Phora Durbar Kathmandu,PM2.5 - Principal,2024-12-18 07:00 AM,2024,12,18,07,110.0,189,Unhealthy,122.0,UG/M3,1 Hr,Valid
Phora Durbar Kathmandu,PM2.5 - Principal,2024-12-18 08:00 AM,2024,12,18,08,115.5,193,Unhealthy,121.0,UG/M3,1 Hr,Valid
Phora Durbar Kathmandu,PM2.5 - Principal,2024-12-18 09:00 AM,2024,12,18,09,139.7,215,Very Unhealthy,164.0,UG/M3,1 Hr,Valid
Phora Durbar Kathmandu,PM2.5 - Principal,2024-12-18 10:00 AM,2024,12,18,10,100.3,182,Unhealthy,61.0,UG/M3,1 Hr,Valid
Phora Durbar Kathmandu,PM2.5 - Principal,2024-12-18 11:00 AM,2024,12,18,11,103.6,185,Unhealthy,107.0,UG/M3,1 Hr,Valid
Phora Durbar Kathmandu,PM2.5 - Principal,2024-12-18 12:00 PM,2024,12,18,12,86.3,173,Unhealthy,69.0,UG/M3,1 Hr,Valid
Phora Durbar Kathmandu,PM2.5 - Principal,2024-12-18 01:00 PM,2024,12,18,13,78.1,167,Unhealthy,70.0,UG/M3,1 Hr,Valid
Phora Durbar Kathmandu,PM2.5 - Principal,2024-12-18 02:00 PM,2024,12,18,14,77.5,166,Unhealthy,77.0,UG/M3,1 Hr,Valid
Phora Durbar Kathmandu,PM2.5 - Principal,2024-12-18 03:00 PM,2024,12,18,15,54.2,147,Unhealthy for Sensitive Groups,31.0,UG/M3,1 Hr,Valid
Phora Durbar Kathmandu,PM2.5 - Principal,2024-12-18 04:00 PM,2024,12,18,16,54.2,147,Unhealthy for Sensitive Groups,-15.0,UG/M3,1 Hr,Invalid
Phora Durbar Kathmandu,PM2.5 - Principal,2024-12-18 05:00 PM,2024,12,18,17,50.7,138,Unhealthy for Sensitive Groups,49.0,UG/M3,1 Hr,Valid
Phora Durbar Kathmandu,PM2.5 - Principal,2024-12-18 06:00 PM,2024,12,18,18,73.1,163,Unhealthy,90.0,UG/M3,1 Hr,Valid
Phora Durbar Kathmandu,PM2.5 - Principal,2024-12-18 07:00 PM,2024,12,18,19,75.7,165,Unhealthy,78.0,UG/M3,1 Hr,Valid
Phora Durbar Kathmandu,PM2.5 - Principal,2024-12-18 08:00 PM,2024,12,18,20,86.1,172,Unhealthy,96.0,UG/M3,1 Hr,Valid
Phora Durbar Kathmandu,PM2.5 - Principal,2024-12-18 09:00 PM,2024,12,18,21,98.7,181,Unhealthy,111.0,UG/M3,1 Hr,Valid
Phora Durbar Kathmandu,PM2.5 - Principal,2024-12-18 10:00 PM,2024,12,18,22,98.7,181,Unhealthy,252.0,UG/M3,1 Hr,Invalid
Phora Durbar Kathmandu,PM2.5 - Principal,2024-12-18 11:00 PM,2024,12,18,23,112.3,191,Unhealthy,119.0,UG/M3,1 Hr,Valid
Phora Durbar Kathmandu,PM2.5 - Principal,2024-12-19 12:00 AM,2024,12,19,00,159.1,234,Very Unhealthy,194.0,UG/M3,1 Hr,Valid
Phora Durbar Kathmandu,PM2.5 - Principal,2024-12-19 01:00 AM,2024,12,19,01,150.5,226,Very Unhealthy,143.0,UG/M3,1 Hr,Valid
Phora Durbar Kathmandu,PM2.5 - Principal,2024-12-19 02:00 AM,2024,12,19,02,120.8,197,Unhealthy,93.0,UG/M3,1 Hr,Valid
Phora Durbar Kathmandu,PM2.5 - Principal,2024-12-19 03:00 AM,2024,12,19,03,146.3,222,Very Unhealthy,171.0,UG/M3,1 Hr,Valid
Phora Durbar Kathmandu,PM2.5 - Principal,2024-12-19 04:00 AM,2024,12,19,04,93.2,177,Unhealthy,41.0,UG/M3,1 Hr,Valid
Phora Durbar Kathmandu,PM2.5 - Principal,2024-12-19 05:00 AM,2024,12,19,05,85.0,172,Unhealthy,77.0,UG/M3,1 Hr,Valid
Phora Durbar Kathmandu,PM2.5 - Principal,2024-12-19 06:00 AM,2024,12,19,06,71.5,162,Unhealthy,58.0,UG/M3,1 Hr,Valid
Phora Durbar Kathmandu,PM2.5 - Principal,2024-12-19 07:00 AM,2024,12,19,07,68.2,160,Unhealthy,65.0,UG/M3,1 Hr,Valid
Phora Durbar Kathmandu,PM2.5 - Principal,2024-12-19 08:00 AM,2024,12,19,08,95.1,179,Unhealthy,122.0,UG/M3,1 Hr,Valid
Phora Durbar Kathmandu,PM2.5 - Principal,2024-12-19 09:00 AM,2024,12,19,09,95.1,179,Unhealthy,-12.0,UG/M3,1 Hr,Invalid
Phora Durbar Kathmandu,PM2.5 - Principal,2024-12-19 10:00 AM,2024,12,19,10,111.0,190,Unhealthy,119.0,UG/M3,1 Hr,Valid
Phora Durbar Kathmandu,PM2.5 - Principal,2024-12-19 11:00 AM,2024,12,19,11,57.2,152,Unhealthy,17.0,UG/M3,1 Hr,Valid
Phora Durbar Kathmandu,PM2.5 - Principal,2024-12-19 12:00 PM,2024,12,19,12,52.8,144,Unhealthy for Sensitive Groups,49.0,UG/M3,1 Hr,Valid
Phora Durbar Kathmandu,PM2.5 - Principal,2024-12-19 01:00 PM,2024,12,19,13,53.4,145,Unhealthy for Sensitive Groups,54.0,UG/M3,1 Hr,Valid
Phora Durbar Kathmandu,PM2.5 - Principal,2024-12-19 02:00 PM,2024,12,19,14,31.8,93,Moderate,11.0,UG/M3,1 Hr,Valid
Phora Durbar Kathmandu,PM2.5 - Principal,2024-12-19 03:00 PM,2024,12,19,15,79.8,168,Unhealthy,127.0,UG/M3,1 Hr,Valid
Phora Durbar Kathmandu,PM2.5 - Principal,2024-12-19 04:00 PM,2024,12,19,16,79.8,168,Unhealthy,-15.0,UG/M3,1 Hr,Invalid
Phora Durbar Kathmandu,PM2.5 - Principal,2024-12-19 05:00 PM,2024,12,19,17,52.5,143,Unhealthy for Sensitive Groups,39.0,UG/M3,1 Hr,Valid
Phora Durbar Kathmandu,PM2.5 - Principal,2024-12-19 06:00 PM,2024,12,19,18,47.6,131,Unhealthy for Sensitive Groups,44.0,UG/M3,1 Hr,Valid
Phora Durbar Kathmandu,PM2.5 - Principal,2024-12-19 07:00 PM,2024,12,19,19,91.0,176,Unhealthy,129.0,UG/M3,1 Hr,Valid
Phora Durbar Kathmandu,PM2.5 - Principal,2024-12-19 08:00 PM,2024,12,19,20,87.9,174,Unhealthy,85.0,UG/M3,1 Hr,Valid
Phora Durbar Kathmandu,PM2.5 - Principal,2024-12-19 09:00 PM,2024,12,19,21,90.5,176,Unhealthy,93.0,UG/M3,1 Hr,Valid
Phora Durbar Kathmandu,PM2.5 - Principal,2024-12-19 10:00 PM,2024,12,19,22,123.0,198,Unhealthy,155.0,UG/M3,1 Hr,Valid
Phora Durbar Kathmandu,PM2.5 - Principal,2024-12-19 11:00 PM,2024,12,19,23,99.4,182,Unhealthy,76.0,UG/M3,1 Hr,Valid
Phora Durbar Kathmandu,PM2.5 - Principal,2024-12-20 12:00 AM,2024,12,20,00,87.1,173,Unhealthy,75.0,UG/M3,1 Hr,Valid
Phora Durbar Kathmandu,PM2.5 - Principal,2024-12-20 01:00 AM,2024,12,20,01,110.1,189,Unhealthy,133.0,UG/M3,1 Hr,Valid
Phora Durbar Kathmandu,PM2.5 - Principal,2024-12-20 02:00 AM,2024,12,20,02,101.0,183,Unhealthy,92.0,UG/M3,1 Hr,Valid
Phora Durbar Kathmandu,PM2.5 - Principal,2024-12-20 03:00 AM,2024,12,20,03,76.5,166,Unhealthy,52.0,UG/M3,1 Hr,Valid
Phora Durbar Kathmandu,PM2.5 - Principal,2024-12-20 04:00 AM,2024,12,20,04,51.2,140,Unhealthy for Sensitive Groups,26.0,UG/M3,1 Hr,Valid
Phora Durbar Kathmandu,PM2.5 - Principal,2024-12-20 05:00 AM,2024,12,20,05,60.6,155,Unhealthy,70.0,UG/M3,1 Hr,Valid
Phora Durbar Kathmandu,PM2.5 - Principal,2024-12-20 06:00 AM,2024,12,20,06,70.3,161,Unhealthy,80.0,UG/M3,1 Hr,Valid
Phora Durbar Kathmandu,PM2.5 - Principal,2024-12-20 07:00 AM,2024,12,20,07,91.1,176,Unhealthy,112.0,UG/M3,1 Hr,Valid
Phora Durbar Kathmandu,PM2.5 - Principal,2024-12-20 08:00 AM,2024,12,20,08,71.0,162,Unhealthy,51.0,UG/M3,1 Hr,Valid
Phora Durbar Kathmandu,PM2.5 - Principal,2024-12-20 09:00 AM,2024,12,20,09,113.5,192,Unhealthy,156.0,UG/M3,1 Hr,Valid
Phora Durbar Kathmandu,PM2.5 - Principal,2024-12-20 10:00 AM,2024,12,20,10,76.7,166,Unhealthy,40.0,UG/M3,1 Hr,Valid
Phora Durbar Kathmandu,PM2.5 - Principal,2024-12-20 11:00 AM,2024,12,20,11,69.8,161,Unhealthy,63.0,UG/M3,1 Hr,Valid
Phora Durbar Kathmandu,PM2.5 - Principal,2024-12-20 12:00 PM,2024,12,20,12,139.4,215,Very Unhealthy,209.0,UG/M3,1 Hr,Valid
Phora Durbar Kathmandu,PM2.5 - Principal,2024-12-20 01:00 PM,2024,12,20,13,99.7,182,Unhealthy,60.0,UG/M3,1 Hr,Valid
Phora Durbar Kathmandu,PM2.5 - Principal,2024-12-20 02:00 PM,2024,12,20,14,110.3,189,Unhealthy,121.0,UG/M3,1 Hr,Valid
Phora Durbar Kathmandu,PM2.5 - Principal,2024-12-20 03:00 PM,2024,12,20,15,72.1,163,Unhealthy,34.0,UG/M3,1 Hr,Valid
Phora Durbar Kathmandu,PM2.5 - Principal,2024-12-20 04:00 PM,2024,12,20,16,87.5,173,Unhealthy,103.0,UG/M3,1 Hr,Valid
Phora Durbar Kathmandu,PM2.5 - Principal,2024-12-20 05:00 PM,2024,12,20,17,69.7,161,Unhealthy,52.0,UG/M3,1 Hr,Valid
Phora Durbar Kathmandu,PM2.5 - Principal,2024-12-20 06:00 PM,2024,12,20,18,75.3,165,Unhealthy,81.0,UG/M3,1 Hr,Valid
Phora Durbar Kathmandu,PM2.5 - Principal,2024-12-20 07:00 PM,2024,12,20,19,89.1,175,Unhealthy,103.0,UG/M3,1 Hr,Valid
Phora Durbar Kathmandu,PM2.5 - Principal,2024-12-20 08:00 PM,2024,12,20,20,89.2,175,Unhealthy,282.0,UG/M3,1 Hr,Invalid
Phora Durbar Kathmandu,PM2.5 - Principal,2024-12-20 09:00 PM,2024,12,20,21,116.4,194,Unhealthy,130.0,UG/M3,1 Hr,Valid
Phora Durbar Kathmandu,PM2.5 - Principal,2024-12-20 10:00 PM,2024,12,20,22,135.0,210,Very Unhealthy,149.0,UG/M3,1 Hr,Valid
Phora Durbar Kathmandu,PM2.5 - Principal,2024-12-20 11:00 PM,2024,12,20,23,154.7,230,Very Unhealthy,172.0,UG/M3,1 Hr,Valid
Phora Durbar Kathmandu,PM2.5 - Principal,2024-12-21 12:00 AM,2024,12,21,00,149.7,225,Very Unhealthy,145.0,UG/M3,1 Hr,Valid
Phora Durbar Kathmandu,PM2.5 - Principal,2024-12-21 01:00 AM,2024,12,21,01,149.7,225,Very Unhealthy,-10.0,UG/M3,1 Hr,Invalid
Phora Durbar Kathmandu,PM2.5 - Principal,2024-12-21 02:00 AM,2024,12,21,02,101.3,183,Unhealthy,78.0,UG/M3,1 Hr,Valid
Phora Durbar Kathmandu,PM2.5 - Principal,2024-12-21 03:00 AM,2024,12,21,03,93.7,178,Unhealthy,88.0,UG/M3,1 Hr,Valid
Phora Durbar Kathmandu,PM2.5 - Principal,2024-12-21 04:00 AM,2024,12,21,04,98.6,181,Unhealthy,103.0,UG/M3,1 Hr,Valid
Phora Durbar Kathmandu,PM2.5 - Principal,2024-12-21 05:00 AM,2024,12,21,05,47.6,131,Unhealthy for Sensitive Groups,0.0,UG/M3,1 Hr,Valid
Phora Durbar Kathmandu,PM2.5 - Principal,2024-12-21 06:00 AM,2024,12,21,06,90.0,175,Unhealthy,131.0,UG/M3,1 Hr,Valid
Phora Durbar Kathmandu,PM2.5 - Principal,2024-12-21 07:00 AM,2024,12,21,07,58.7,153,Unhealthy,28.0,UG/M3,1 Hr,Valid
Phora Durbar Kathmandu,PM2.5 - Principal,2024-12-21 08:00 AM,2024,12,21,08,113.1,191,Unhealthy,167.0,UG/M3,1 Hr,Valid
Phora Durbar Kathmandu,PM2.5 - Principal,2024-12-21 09:00 AM,2024,12,21,09,77.4,166,Unhealthy,42.0,UG/M3,1 Hr,Valid
Phora Durbar Kathmandu,PM2.5 - Principal,2024-12-21 10:00 AM,2024,12,21,10,144.3,220,Very Unhealthy,211.0,UG/M3,1 Hr,Valid
Phora Durbar Kathmandu,PM2.5 - Principal,2024-12-21 11:00 AM,2024,12,21,11,120.6,197,Unhealthy,97.0,UG/M3,1 Hr,Valid
Phora Durbar Kathmandu,PM2.5 - Principal,2024-12-21 12:00 PM,2024,12,21,12,88.2,174,Unhealthy,56.0,UG/M3,1 Hr,Valid
Phora Durbar Kathmandu,PM2.5 - Principal,2024-12-21 01:00 PM,2024,12,21,13,71.6,162,Unhealthy,55.0,UG/M3,1 Hr,Valid
Phora Durbar Kathmandu,PM2.5 - Principal,2024-12-21 02:00 PM,2024,12,21,14,76.8,166,Unhealthy,82.0,UG/M3,1 Hr,Valid
Phora Durbar Kathmandu,PM2.5 - Principal,2024-12-21 03:00 PM,2024,12,21,15,41.9,117,Unhealthy for Sensitive Groups,7.0,UG/M3,1 Hr,Valid
Phora Durbar Kathmandu,PM2.5 - Principal,2024-12-21 04:00 PM,2024,12,21,16,31.9,93,Moderate,22.0,UG/M3,1 Hr,Valid
Phora Durbar Kathmandu,PM2.5 - Principal,2024-12-21 05:00 PM,2024,12,21,17,35.9,102,Unhealthy for Sensitive Groups,40.0,UG/M3,1 Hr,Valid
Phora Durbar Kathmandu,PM2.5 - Principal,2024-12-21 06:00 PM,2024,12,21,18,47.4,130,Unhealthy for Sensitive Groups,59.0,UG/M3,1 Hr,Valid
Phora Durbar Kathmandu,PM2.5 - Principal,2024-12-21 07:00 PM,2024,12,21,19,83.2,170,Unhealthy,119.0,UG/M3,1 Hr,Valid
Phora Durbar Kathmandu,PM2.5 - Principal,2024-12-21 08:00 PM,2024,12,21,20,105.1,186,Unhealthy,127.0,UG/M3,1 Hr,Valid
Phora Durbar Kathmandu,PM2.5 - Principal,2024-12-21 09:00 PM,2024,12,21,21,128.0,203,Very Unhealthy,151.0,UG/M3,1 Hr,Valid
Phora Durbar Kathmandu,PM2.5 - Principal,2024-12-21 10:00 PM,2024,12,21,22,106.5,187,Unhealthy,85.0,UG/M3,1 Hr,Valid
Phora Durbar Kathmandu,PM2.5 - Principal,2024-12-21 11:00 PM,2024,12,21,23,127.7,203,Very Unhealthy,149.0,UG/M3,1 Hr,Valid
Phora Durbar Kathmandu,PM2.5 - Principal,2024-12-22 12:00 AM,2024,12,22,00,131.3,207,Very Unhealthy,135.0,UG/M3,1 Hr,Valid
Phora Durbar Kathmandu,PM2.5 - Principal,2024-12-22 01:00 AM,2024,12,22,01,120.2,196,Unhealthy,109.0,UG/M3,1 Hr,Valid
Phora Durbar Kathmandu,PM2.5 - Principal,2024-12-22 02:00 AM,2024,12,22,02,70.0,161,Unhealthy,20.0,UG/M3,1 Hr,Valid
Phora Durbar Kathmandu,PM2.5 - Principal,2024-12-22 03:00 AM,2024,12,22,03,71.0,162,Unhealthy,72.0,UG/M3,1 Hr,Valid
Phora Durbar Kathmandu,PM2.5 - Principal,2024-12-22 04:00 AM,2024,12,22,04,73.0,163,Unhealthy,75.0,UG/M3,1 Hr,Valid
Phora Durbar Kathmandu,PM2.5 - Principal,2024-12-22 05:00 AM,2024,12,22,05,73.5,164,Unhealthy,74.0,UG/M3,1 Hr,Valid
Phora Durbar Kathmandu,PM2.5 - Principal,2024-12-22 06:00 AM,2024,12,22,06,53.7,146,Unhealthy for Sensitive Groups,34.0,UG/M3,1 Hr,Valid
Phora Durbar Kathmandu,PM2.5 - Principal,2024-12-22 07:00 AM,2024,12,22,07,68.3,160,Unhealthy,83.0,UG/M3,1 Hr,Valid
Phora Durbar Kathmandu,PM2.5 - Principal,2024-12-22 08:00 AM,2024,12,22,08,86.6,173,Unhealthy,105.0,UG/M3,1 Hr,Valid
Phora Durbar Kathmandu,PM2.5 - Principal,2024-12-22 09:00 AM,2024,12,22,09,84.8,172,Unhealthy,83.0,UG/M3,1 Hr,Valid
Phora Durbar Kathmandu,PM2.5 - Principal,2024-12-22 10:00 AM,2024,12,22,10,118.4,195,Unhealthy,152.0,UG/M3,1 Hr,Valid
Phora Durbar Kathmandu,PM2.5 - Principal,2024-12-22 11:00 AM,2024,12,22,11,103.7,185,Unhealthy,89.0,UG/M3,1 Hr,Valid
Phora Durbar Kathmandu,PM2.5 - Principal,2024-12-22 12:00 PM,2024,12,22,12,93.8,178,Unhealthy,84.0,UG/M3,1 Hr,Valid
Phora Durbar Kathmandu,PM2.5 - Principal,2024-12-22 01:00 PM,2024,12,22,13,82.9,170,Unhealthy,72.0,UG/M3,1 Hr,Valid
Phora Durbar Kathmandu,PM2.5 - Principal,2024-12-22 02:00 PM,2024,12,22,14,140.9,216,Very Unhealthy,199.0,UG/M3,1 Hr,Valid
Phora Durbar Kathmandu,PM2.5 - Principal,2024-12-22 03:00 PM,2024,12,22,15,72.4,163,Unhealthy,4.0,UG/M3,1 Hr,Valid
Phora Durbar Kathmandu,PM2.5 - Principal,2024-12-22 04:00 PM,2024,12,22,16,149.7,225,Very Unhealthy,227.0,UG/M3,1 Hr,Valid
Phora Durbar Kathmandu,PM2.5 - Principal,2024-12-22 05:00 PM,2024,12,22,17,82.8,170,Unhealthy,16.0,UG/M3,1 Hr,Valid
Phora Durbar Kathmandu,PM2.5 - Principal,2024-12-22 06:00 PM,2024,12,22,18,50.9,139,Unhealthy for Sensitive Groups,19.0,UG/M3,1 Hr,Valid
Phora Durbar Kathmandu,PM2.5 - Principal,2024-12-22 07:00 PM,2024,12,22,19,62.9,156,Unhealthy,75.0,UG/M3,1 Hr,Valid
Phora Durbar Kathmandu,PM2.5 - Principal,2024-12-22 08:00 PM,2024,12,22,20,93.4,178,Unhealthy,124.0,UG/M3,1 Hr,Valid
Phora Durbar Kathmandu,PM2.5 - Principal,2024-12-22 09:00 PM,2024,12,22,21,154.2,229,Very Unhealthy,215.0,UG/M3,1 Hr,Valid
Phora Durbar Kathmandu,PM2.5 - Principal,2024-12-22 10:00 PM,2024,12,22,22,164.1,239,Very Unhealthy,174.0,UG/M3,1 Hr,Valid
Phora Durbar Kathmandu,PM2.5 - Principal,2024-12-22 11:00 PM,2024,12,22,23,148.5,224,Very Unhealthy,133.0,UG/M3,1 Hr,Valid
Phora Durbar Kathmandu,PM2.5 - Principal,2024-12-23 12:00 AM,2024,12,23,00,113.2,191,Unhealthy,78.0,UG/M3,1 Hr,Valid
Phora Durbar Kathmandu,PM2.5 - Principal,2024-12-23 01:00 AM,2024,12,23,01,117.1,194,Unhealthy,121.0,UG/M3,1 Hr,Valid
Phora Durbar Kathmandu,PM2.5 - Principal,2024-12-23 02:00 AM,2024,12,23,02,109.5,189,Unhealthy,102.0,UG/M3,1 Hr,Valid
Phora Durbar Kathmandu,PM2.5 - Principal,2024-12-23 03:00 AM,2024,12,23,03,100.2,182,Unhealthy,91.0,UG/M3,1 Hr,Valid
Phora Durbar Kathmandu,PM2.5 - Principal,2024-12-23 04:00 AM,2024,12,23,04,91.6,176,Unhealthy,83.0,UG/M3,1 Hr,Valid
Phora Durbar Kathmandu,PM2.5 - Principal,2024-12-23 05:00 AM,2024,12,23,05,107.3,187,Unhealthy,123.0,UG/M3,1 Hr,Valid
Phora Durbar Kathmandu,PM2.5 - Principal,2024-12-23 06:00 AM,2024,12,23,06,105.1,186,Unhealthy,103.0,UG/M3,1 Hr,Valid
Phora Durbar Kathmandu,PM2.5 - Principal,2024-12-23 07:00 AM,2024,12,23,07,102.0,184,Unhealthy,99.0,UG/M3,1 Hr,Valid
Phora Durbar Kathmandu,PM2.5 - Principal,2024-12-23 08:00 AM,2024,12,23,08,90.0,175,Unhealthy,78.0,UG/M3,1 Hr,Valid
Phora Durbar Kathmandu,PM2.5 - Principal,2024-12-23 09:00 AM,2024,12,23,09,60.4,154,Unhealthy,31.0,UG/M3,1 Hr,Valid
Phora Durbar Kathmandu,PM2.5 - Principal,2024-12-23 10:00 AM,2024,12,23,10,119.2,196,Unhealthy,178.0,UG/M3,1 Hr,Valid
Phora Durbar Kathmandu,PM2.5 - Principal,2024-12-23 11:00 AM,2024,12,23,11,119.6,196,Unhealthy,120.0,UG/M3,1 Hr,Valid
Phora Durbar Kathmandu,PM2.5 - Principal,2024-12-23 12:00 PM,2024,12,23,12,95.8,179,Unhealthy,72.0,UG/M3,1 Hr,Valid
Phora Durbar Kathmandu,PM2.5 - Principal,2024-12-23 01:00 PM,2024,12,23,13,80.8,169,Unhealthy,66.0,UG/M3,1 Hr,Valid
Phora Durbar Kathmandu,PM2.5 - Principal,2024-12-23 02:00 PM,2024,12,23,14,73.4,164,Unhealthy,66.0,UG/M3,1 Hr,Valid
Phora Durbar Kathmandu,PM2.5 - Principal,2024-12-23 03:00 PM,2024,12,23,15,66.7,159,Unhealthy,60.0,UG/M3,1 Hr,Valid
Phora Durbar Kathmandu,PM2.5 - Principal,2024-12-23 04:00 PM,2024,12,23,16,82.8,170,Unhealthy,99.0,UG/M3,1 Hr,Valid
Phora Durbar Kathmandu,PM2.5 - Principal,2024-12-23 05:00 PM,2024,12,23,17,60.9,155,Unhealthy,39.0,UG/M3,1 Hr,Valid
Phora Durbar Kathmandu,PM2.5 - Principal,2024-12-23 06:00 PM,2024,12,23,18,73.9,164,Unhealthy,87.0,UG/M3,1 Hr,Valid
Phora Durbar Kathmandu,PM2.5 - Principal,2024-12-23 07:00 PM,2024,12,23,19,68.4,160,Unhealthy,63.0,UG/M3,1 Hr,Valid
Phora Durbar Kathmandu,PM2.5 - Principal,2024-12-23 08:00 PM,2024,12,23,20,96.2,180,Unhealthy,124.0,UG/M3,1 Hr,Valid
Phora Durbar Kathmandu,PM2.5 - Principal,2024-12-23 09:00 PM,2024,12,23,21,116.1,193,Unhealthy,136.0,UG/M3,1 Hr,Valid
Phora Durbar Kathmandu,PM2.5 - Principal,2024-12-23 10:00 PM,2024,12,23,22,119.0,196,Unhealthy,122.0,UG/M3,1 Hr,Valid
Phora Durbar Kathmandu,PM2.5 - Principal,2024-12-23 11:00 PM,2024,12,23,23,115.0,193,Unhealthy,111.0,UG/M3,1 Hr,Valid
Phora Durbar Kathmandu,PM2.5 - Principal,2024-12-24 12:00 AM,2024,12,24,00,116.0,193,Unhealthy,117.0,UG/M3,1 Hr,Valid
Phora Durbar Kathmandu,PM2.5 - Principal,2024-12-24 01:00 AM,2024,12,24,01,104.0,185,Unhealthy,92.0,UG/M3,1 Hr,Valid
Phora Durbar Kathmandu,PM2.5 - Principal,2024-12-24 02:00 AM,2024,12,24,02,102.5,184,Unhealthy,101.0,UG/M3,1 Hr,Valid
Phora Durbar Kathmandu,PM2.5 - Principal,2024-12-24 03:00 AM,2024,12,24,03,132.2,208,Very Unhealthy,162.0,UG/M3,1 Hr,Valid
Phora Durbar Kathmandu,PM2.5 - Principal,2024-12-24 04:00 AM,2024,12,24,04,132.2,208,Very Unhealthy,45.0,UG/M3,1 Hr,Invalid
Phora Durbar Kathmandu,PM2.5 - Principal,2024-12-24 05:00 AM,2024,12,24,05,78.0,167,Unhealthy,51.0,UG/M3,1 Hr,Valid
Phora Durbar Kathmandu,PM2.5 - Principal,2024-12-24 06:00 AM,2024,12,24,06,-999.0,-999,N/A,247.0,UG/M3,1 Hr,Invalid
Phora Durbar Kathmandu,PM2.5 - Principal,2024-12-24 07:00 AM,2024,12,24,07,60.5,155,Unhealthy,54.0,UG/M3,1 Hr,Valid
Phora Durbar Kathmandu,PM2.5 - Principal,2024-12-24 08:00 AM,2024,12,24,08,-999.0,-999,N/A,234.0,UG/M3,1 Hr,Invalid
Phora Durbar Kathmandu,PM2.5 - Principal,2024-12-24 09:00 AM,2024,12,24,09,101.8,183,Unhealthy,116.0,UG/M3,1 Hr,Valid
Phora Durbar Kathmandu,PM2.5 - Principal,2024-12-24 10:00 AM,2024,12,24,10,152.1,227,Very Unhealthy,186.0,UG/M3,1 Hr,Valid
Phora Durbar Kathmandu,PM2.5 - Principal,2024-12-24 11:00 AM,2024,12,24,11,133.5,209,Very Unhealthy,118.0,UG/M3,1 Hr,Valid
Phora Durbar Kathmandu,PM2.5 - Principal,2024-12-24 12:00 PM,2024,12,24,12,104.0,185,Unhealthy,77.0,UG/M3,1 Hr,Valid
Phora Durbar Kathmandu,PM2.5 - Principal,2024-12-24 01:00 PM,2024,12,24,13,76.9,166,Unhealthy,51.0,UG/M3,1 Hr,Valid
Phora Durbar Kathmandu,PM2.5 - Principal,2024-12-24 02:00 PM,2024,12,24,14,56.2,151,Unhealthy,36.0,UG/M3,1 Hr,Valid
Phora Durbar Kathmandu,PM2.5 - Principal,2024-12-24 03:00 PM,2024,12,24,15,50.0,137,Unhealthy for Sensitive Groups,44.0,UG/M3,1 Hr,Valid
Phora Durbar Kathmandu,PM2.5 - Principal,2024-12-24 04:00 PM,2024,12,24,16,118.2,195,Unhealthy,186.0,UG/M3,1 Hr,Valid
Phora Durbar Kathmandu,PM2.5 - Principal,2024-12-24 05:00 PM,2024,12,24,17,69.5,161,Unhealthy,21.0,UG/M3,1 Hr,Valid
Phora Durbar Kathmandu,PM2.5 - Principal,2024-12-24 06:00 PM,2024,12,24,18,69.2,161,Unhealthy,69.0,UG/M3,1 Hr,Valid
Phora Durbar Kathmandu,PM2.5 - Principal,2024-12-24 07:00 PM,2024,12,24,19,91.1,176,Unhealthy,113.0,UG/M3,1 Hr,Valid
Phora Durbar Kathmandu,PM2.5 - Principal,2024-12-24 08:00 PM,2024,12,24,20,140.0,215,Very Unhealthy,189.0,UG/M3,1 Hr,Valid
Phora Durbar Kathmandu,PM2.5 - Principal,2024-12-24 09:00 PM,2024,12,24,21,94.5,178,Unhealthy,49.0,UG/M3,1 Hr,Valid
Phora Durbar Kathmandu,PM2.5 - Principal,2024-12-24 10:00 PM,2024,12,24,22,145.2,221,Very Unhealthy,196.0,UG/M3,1 Hr,Valid
Phora Durbar Kathmandu,PM2.5 - Principal,2024-12-24 11:00 PM,2024,12,24,23,150.6,226,Very Unhealthy,156.0,UG/M3,1 Hr,Valid
Phora Durbar Kathmandu,PM2.5 - Principal,2024-12-25 12:00 AM,2024,12,25,00,178.3,253,Very Unhealthy,206.0,UG/M3,1 Hr,Valid
Phora Durbar Kathmandu,PM2.5 - Principal,2024-12-25 01:00 AM,2024,12,25,01,86.1,172,Unhealthy,-6.0,UG/M3,1 Hr,Valid
Phora Durbar Kathmandu,PM2.5 - Principal,2024-12-25 02:00 AM,2024,12,25,02,138.0,213,Very Unhealthy,190.0,UG/M3,1 Hr,Valid
Phora Durbar Kathmandu,PM2.5 - Principal,2024-12-25 03:00 AM,2024,12,25,03,160.5,236,Very Unhealthy,183.0,UG/M3,1 Hr,Valid
Phora Durbar Kathmandu,PM2.5 - Principal,2024-12-25 04:00 AM,2024,12,25,04,104.2,185,Unhealthy,48.0,UG/M3,1 Hr,Valid
Phora Durbar Kathmandu,PM2.5 - Principal,2024-12-25 05:00 AM,2024,12,25,05,147.6,223,Very Unhealthy,191.0,UG/M3,1 Hr,Valid
Phora Durbar Kathmandu,PM2.5 - Principal,2024-12-25 06:00 AM,2024,12,25,06,114.8,193,Unhealthy,82.0,UG/M3,1 Hr,Valid
Phora Durbar Kathmandu,PM2.5 - Principal,2024-12-25 07:00 AM,2024,12,25,07,130.9,206,Very Unhealthy,147.0,UG/M3,1 Hr,Valid
Phora Durbar Kathmandu,PM2.5 - Principal,2024-12-25 08:00 AM,2024,12,25,08,119.4,196,Unhealthy,108.0,UG/M3,1 Hr,Valid
Phora Durbar Kathmandu,PM2.5 - Principal,2024-12-25 09:00 AM,2024,12,25,09,116.7,194,Unhealthy,114.0,UG/M3,1 Hr,Valid
Phora Durbar Kathmandu,PM2.5 - Principal,2024-12-25 10:00 AM,2024,12,25,10,135.8,211,Very Unhealthy,155.0,UG/M3,1 Hr,Valid
Phora Durbar Kathmandu,PM2.5 - Principal,2024-12-25 11:00 AM,2024,12,25,11,103.9,185,Unhealthy,72.0,UG/M3,1 Hr,Valid
Phora Durbar Kathmandu,PM2.5 - Principal,2024-12-25 12:00 PM,2024,12,25,12,92.9,177,Unhealthy,82.0,UG/M3,1 Hr,Valid
Phora Durbar Kathmandu,PM2.5 - Principal,2024-12-25 01:00 PM,2024,12,25,13,117.4,194,Unhealthy,142.0,UG/M3,1 Hr,Valid
Phora Durbar Kathmandu,PM2.5 - Principal,2024-12-25 02:00 PM,2024,12,25,14,71.2,162,Unhealthy,25.0,UG/M3,1 Hr,Valid
Phora Durbar Kathmandu,PM2.5 - Principal,2024-12-25 03:00 PM,2024,12,25,15,49.0,134,Unhealthy for Sensitive Groups,27.0,UG/M3,1 Hr,Valid
Phora Durbar Kathmandu,PM2.5 - Principal,2024-12-25 04:00 PM,2024,12,25,16,41.0,115,Unhealthy for Sensitive Groups,33.0,UG/M3,1 Hr,Valid
Phora Durbar Kathmandu,PM2.5 - Principal,2024-12-25 05:00 PM,2024,12,25,17,53.0,144,Unhealthy for Sensitive Groups,65.0,UG/M3,1 Hr,Valid
Phora Durbar Kathmandu,PM2.5 - Principal,2024-12-25 06:00 PM,2024,12,25,18,53.0,144,Unhealthy for Sensitive Groups,-15.0,UG/M3,1 Hr,Invalid
Phora Durbar Kathmandu,PM2.5 - Principal,2024-12-25 07:00 PM,2024,12,25,19,167.6,243,Very Unhealthy,225.0,UG/M3,1 Hr,Valid
Phora Durbar Kathmandu,PM2.5 - Principal,2024-12-25 08:00 PM,2024,12,25,20,123.2,198,Unhealthy,90.0,UG/M3,1 Hr,Valid
Phora Durbar Kathmandu,PM2.5 - Principal,2024-12-25 09:00 PM,2024,12,25,21,92.7,177,Unhealthy,66.0,UG/M3,1 Hr,Valid
Phora Durbar Kathmandu,PM2.5 - Principal,2024-12-25 10:00 PM,2024,12,25,22,128.9,204,Very Unhealthy,163.0,UG/M3,1 Hr,Valid
Phora Durbar Kathmandu,PM2.5 - Principal,2024-12-25 11:00 PM,2024,12,25,23,163.5,239,Very Unhealthy,197.0,UG/M3,1 Hr,Valid
Phora Durbar Kathmandu,PM2.5 - Principal,2024-12-26 12:00 AM,2024,12,26,00,170.3,245,Very Unhealthy,177.0,UG/M3,1 Hr,Valid
Phora Durbar Kathmandu,PM2.5 - Principal,2024-12-26 01:00 AM,2024,12,26,01,132.0,207,Very Unhealthy,94.0,UG/M3,1 Hr,Valid
Phora Durbar Kathmandu,PM2.5 - Principal,2024-12-26 02:00 AM,2024,12,26,02,117.9,195,Unhealthy,104.0,UG/M3,1 Hr,Valid
Phora Durbar Kathmandu,PM2.5 - Principal,2024-12-26 03:00 AM,2024,12,26,03,104.4,185,Unhealthy,91.0,UG/M3,1 Hr,Valid
Phora Durbar Kathmandu,PM2.5 - Principal,2024-12-26 04:00 AM,2024,12,26,04,58.7,153,Unhealthy,13.0,UG/M3,1 Hr,Valid
Phora Durbar Kathmandu,PM2.5 - Principal,2024-12-26 05:00 AM,2024,12,26,05,71.3,162,Unhealthy,84.0,UG/M3,1 Hr,Valid
Phora Durbar Kathmandu,PM2.5 - Principal,2024-12-26 06:00 AM,2024,12,26,06,77.1,166,Unhealthy,83.0,UG/M3,1 Hr,Valid
Phora Durbar Kathmandu,PM2.5 - Principal,2024-12-26 07:00 AM,2024,12,26,07,80.0,168,Unhealthy,83.0,UG/M3,1 Hr,Valid
Phora Durbar Kathmandu,PM2.5 - Principal,2024-12-26 08:00 AM,2024,12,26,08,62.5,156,Unhealthy,45.0,UG/M3,1 Hr,Valid
Phora Durbar Kathmandu,PM2.5 - Principal,2024-12-26 09:00 AM,2024,12,26,09,99.7,182,Unhealthy,137.0,UG/M3,1 Hr,Valid
Phora Durbar Kathmandu,PM2.5 - Principal,2024-12-26 10:00 AM,2024,12,26,10,176.8,252,Very Unhealthy,254.0,UG/M3,1 Hr,Valid
Phora Durbar Kathmandu,PM2.5 - Principal,2024-12-26 11:00 AM,2024,12,26,11,152.9,228,Very Unhealthy,129.0,UG/M3,1 Hr,Valid
Phora Durbar Kathmandu,PM2.5 - Principal,2024-12-26 12:00 PM,2024,12,26,12,100.9,183,Unhealthy,49.0,UG/M3,1 Hr,Valid
Phora Durbar Kathmandu,PM2.5 - Principal,2024-12-26 01:00 PM,2024,12,26,13,77.9,167,Unhealthy,55.0,UG/M3,1 Hr,Valid
Phora Durbar Kathmandu,PM2.5 - Principal,2024-12-26 02:00 PM,2024,12,26,14,77.9,167,Unhealthy,-15.0,UG/M3,1 Hr,Invalid
Phora Durbar Kathmandu,PM2.5 - Principal,2024-12-26 03:00 PM,2024,12,26,15,61.3,155,Unhealthy,53.0,UG/M3,1 Hr,Valid
Phora Durbar Kathmandu,PM2.5 - Principal,2024-12-26 04:00 PM,2024,12,26,16,69.7,161,Unhealthy,76.0,UG/M3,1 Hr,Valid
Phora Durbar Kathmandu,PM2.5 - Principal,2024-12-26 05:00 PM,2024,12,26,17,69.7,161,Unhealthy,-9.0,UG/M3,1 Hr,Invalid
Phora Durbar Kathmandu,PM2.5 - Principal,2024-12-26 06:00 PM,2024,12,26,18,134.6,210,Very Unhealthy,163.0,UG/M3,1 Hr,Valid
Phora Durbar Kathmandu,PM2.5 - Principal,2024-12-26 07:00 PM,2024,12,26,19,102.8,184,Unhealthy,80.0,UG/M3,1 Hr,Valid
Phora Durbar Kathmandu,PM2.5 - Principal,2024-12-26 08:00 PM,2024,12,26,20,97.5,180,Unhealthy,93.0,UG/M3,1 Hr,Valid
Phora Durbar Kathmandu,PM2.5 - Principal,2024-12-26 09:00 PM,2024,12,26,21,138.2,214,Very Unhealthy,176.0,UG/M3,1 Hr,Valid
Phora Durbar Kathmandu,PM2.5 - Principal,2024-12-26 10:00 PM,2024,12,26,22,150.3,226,Very Unhealthy,162.0,UG/M3,1 Hr,Valid
Phora Durbar Kathmandu,PM2.5 - Principal,2024-12-26 11:00 PM,2024,12,26,23,158.2,233,Very Unhealthy,166.0,UG/M3,1 Hr,Valid
Phora Durbar Kathmandu,PM2.5 - Principal,2024-12-27 12:00 AM,2024,12,27,00,155.6,231,Very Unhealthy,153.0,UG/M3,1 Hr,Valid
Phora Durbar Kathmandu,PM2.5 - Principal,2024-12-27 01:00 AM,2024,12,27,01,119.7,196,Unhealthy,84.0,UG/M3,1 Hr,Valid
Phora Durbar Kathmandu,PM2.5 - Principal,2024-12-27 02:00 AM,2024,12,27,02,108.3,188,Unhealthy,97.0,UG/M3,1 Hr,Valid
Phora Durbar Kathmandu,PM2.5 - Principal,2024-12-27 03:00 AM,2024,12,27,03,75.6,165,Unhealthy,43.0,UG/M3,1 Hr,Valid
Phora Durbar Kathmandu,PM2.5 - Principal,2024-12-27 04:00 AM,2024,12,27,04,114.3,192,Unhealthy,153.0,UG/M3,1 Hr,Valid
Phora Durbar Kathmandu,PM2.5 - Principal,2024-12-27 05:00 AM,2024,12,27,05,151.1,226,Very Unhealthy,188.0,UG/M3,1 Hr,Valid
Phora Durbar Kathmandu,PM2.5 - Principal,2024-12-27 06:00 AM,2024,12,27,06,119.5,196,Unhealthy,88.0,UG/M3,1 Hr,Valid
Phora Durbar Kathmandu,PM2.5 - Principal,2024-12-27 07:00 AM,2024,12,27,07,88.7,174,Unhealthy,58.0,UG/M3,1 Hr,Valid
Phora Durbar Kathmandu,PM2.5 - Principal,2024-12-27 08:00 AM,2024,12,27,08,109.3,189,Unhealthy,130.0,UG/M3,1 Hr,Valid
Phora Durbar Kathmandu,PM2.5 - Principal,2024-12-27 09:00 AM,2024,12,27,09,180.7,256,Very Unhealthy,252.0,UG/M3,1 Hr,Valid
Phora Durbar Kathmandu,PM2.5 - Principal,2024-12-27 10:00 AM,2024,12,27,10,145.8,221,Very Unhealthy,111.0,UG/M3,1 Hr,Valid
Phora Durbar Kathmandu,PM2.5 - Principal,2024-12-27 11:00 AM,2024,12,27,11,103.9,185,Unhealthy,62.0,UG/M3,1 Hr,Valid
Phora Durbar Kathmandu,PM2.5 - Principal,2024-12-27 12:00 PM,2024,12,27,12,106.4,187,Unhealthy,109.0,UG/M3,1 Hr,Valid
Phora Durbar Kathmandu,PM2.5 - Principal,2024-12-27 01:00 PM,2024,12,27,13,117.2,194,Unhealthy,128.0,UG/M3,1 Hr,Valid
Phora Durbar Kathmandu,PM2.5 - Principal,2024-12-27 02:00 PM,2024,12,27,14,117.2,194,Unhealthy,-15.0,UG/M3,1 Hr,Invalid
Phora Durbar Kathmandu,PM2.5 - Principal,2024-12-27 03:00 PM,2024,12,27,15,84.4,171,Unhealthy,68.0,UG/M3,1 Hr,Valid
Phora Durbar Kathmandu,PM2.5 - Principal,2024-12-27 04:00 PM,2024,12,27,16,44.1,122,Unhealthy for Sensitive Groups,14.0,UG/M3,1 Hr,Valid
Phora Durbar Kathmandu,PM2.5 - Principal,2024-12-27 05:00 PM,2024,12,27,17,70.1,161,Unhealthy,93.0,UG/M3,1 Hr,Valid
Phora Durbar Kathmandu,PM2.5 - Principal,2024-12-27 06:00 PM,2024,12,27,18,79.3,168,Unhealthy,88.0,UG/M3,1 Hr,Valid
Phora Durbar Kathmandu,PM2.5 - Principal,2024-12-27 07:00 PM,2024,12,27,19,105.1,186,Unhealthy,130.0,UG/M3,1 Hr,Valid
Phora Durbar Kathmandu,PM2.5 - Principal,2024-12-27 08:00 PM,2024,12,27,20,112.6,191,Unhealthy,120.0,UG/M3,1 Hr,Valid
Phora Durbar Kathmandu,PM2.5 - Principal,2024-12-27 09:00 PM,2024,12,27,21,144.4,220,Very Unhealthy,176.0,UG/M3,1 Hr,Valid
Phora Durbar Kathmandu,PM2.5 - Principal,2024-12-27 10:00 PM,2024,12,27,22,151.7,227,Very Unhealthy,159.0,UG/M3,1 Hr,Valid
Phora Durbar Kathmandu,PM2.5 - Principal,2024-12-27 11:00 PM,2024,12,27,23,142.8,218,Very Unhealthy,134.0,UG/M3,1 Hr,Valid
Phora Durbar Kathmandu,PM2.5 - Principal,2024-12-28 12:00 AM,2024,12,28,00,144.9,220,Very Unhealthy,147.0,UG/M3,1 Hr,Valid
Phora Durbar Kathmandu,PM2.5 - Principal,2024-12-28 01:00 AM,2024,12,28,01,142.4,218,Very Unhealthy,140.0,UG/M3,1 Hr,Valid
Phora Durbar Kathmandu,PM2.5 - Principal,2024-12-28 02:00 AM,2024,12,28,02,138.7,214,Very Unhealthy,135.0,UG/M3,1 Hr,Valid
Phora Durbar Kathmandu,PM2.5 - Principal,2024-12-28 03:00 AM,2024,12,28,03,125.8,201,Very Unhealthy,113.0,UG/M3,1 Hr,Valid
Phora Durbar Kathmandu,PM2.5 - Principal,2024-12-28 04:00 AM,2024,12,28,04,112.4,191,Unhealthy,99.0,UG/M3,1 Hr,Valid
Phora Durbar Kathmandu,PM2.5 - Principal,2024-12-28 05:00 AM,2024,12,28,05,95.2,179,Unhealthy,78.0,UG/M3,1 Hr,Valid
Phora Durbar Kathmandu,PM2.5 - Principal,2024-12-28 06:00 AM,2024,12,28,06,75.6,165,Unhealthy,56.0,UG/M3,1 Hr,Valid
Phora Durbar Kathmandu,PM2.5 - Principal,2024-12-28 07:00 AM,2024,12,28,07,83.2,170,Unhealthy,91.0,UG/M3,1 Hr,Valid
Phora Durbar Kathmandu,PM2.5 - Principal,2024-12-28 08:00 AM,2024,12,28,08,123.6,199,Unhealthy,164.0,UG/M3,1 Hr,Valid
Phora Durbar Kathmandu,PM2.5 - Principal,2024-12-28 09:00 AM,2024,12,28,09,162.8,238,Very Unhealthy,202.0,UG/M3,1 Hr,Valid
Phora Durbar Kathmandu,PM2.5 - Principal,2024-12-28 10:00 AM,2024,12,28,10,183.9,259,Very Unhealthy,205.0,UG/M3,1 Hr,Valid
Phora Durbar Kathmandu,PM2.5 - Principal,2024-12-28 11:00 AM,2024,12,28,11,168.4,244,Very Unhealthy,153.0,UG/M3,1 Hr,Valid
Phora Durbar Kathmandu,PM2.5 - Principal,2024-12-28 12:00 PM,2024,12,28,12,221.7,296,Very Unhealthy,275.0,UG/M3,1 Hr,Valid
Phora Durbar Kathmandu,PM2.5 - Principal,2024-12-28 01:00 PM,2024,12,28,13,161.8,237,Very Unhealthy,102.0,UG/M3,1 Hr,Valid
Phora Durbar Kathmandu,PM2.5 - Principal,2024-12-28 02:00 PM,2024,12,28,14,153.4,229,Very Unhealthy,145.0,UG/M3,1 Hr,Valid
Phora Durbar Kathmandu,PM2.5 - Principal,2024-12-28 03:00 PM,2024,12,28,15,115.7,193,Unhealthy,78.0,UG/M3,1 Hr,Valid
Phora Durbar Kathmandu,PM2.5 - Principal,2024-12-28 04:00 PM,2024,12,28,16,116.3,194,Unhealthy,117.0,UG/M3,1 Hr,Valid
Phora Durbar Kathmandu,PM2.5 - Principal,2024-12-28 05:00 PM,2024,12,28,17,125.6,201,Very Unhealthy,135.0,UG/M3,1 Hr,Valid
Phora Durbar Kathmandu,PM2.5 - Principal,2024-12-28 06:00 PM,2024,12,28,18,167.8,243,Very Unhealthy,210.0,UG/M3,1 Hr,Valid
Phora Durbar Kathmandu,PM2.5 - Principal,2024-12-28 07:00 PM,2024,12,28,19,217.9,293,Very Unhealthy,268.0,UG/M3,1 Hr,Valid
Phora Durbar Kathmandu,PM2.5 - Principal,2024-12-28 08:00 PM,2024,12,28,20,240.4,331,Hazardous,263.0,UG/M3,1 Hr,Valid
Phora Durbar Kathmandu,PM2.5 - Principal,2024-12-28 09:00 PM,2024,12,28,21,213.7,288,Very Unhealthy,187.0,UG/M3,1 Hr,Valid
Phora Durbar Kathmandu,PM2.5 - Principal,2024-12-28 10:00 PM,2024,12,28,22,214.3,289,Very Unhealthy,215.0,UG/M3,1 Hr,Valid
Phora Durbar Kathmandu,PM2.5 - Principal,2024-12-28 11:00 PM,2024,12,28,23,229.1,308,Hazardous,244.0,UG/M3,1 Hr,Valid
Phora Durbar Kathmandu,PM2.5 - Principal,2024-12-29 12:00 AM,2024,12,29,00,237.5,325,Hazardous,246.0,UG/M3,1 Hr,Valid
Phora Durbar Kathmandu,PM2.5 - Principal,2024-12-29 01:00 AM,2024,12,29,01,216.8,291,Very Unhealthy,196.0,UG/M3,1 Hr,Valid
Phora Durbar Kathmandu,PM2.5 - Principal,2024-12-29 02:00 AM,2024,12,29,02,176.9,252,Very Unhealthy,137.0,UG/M3,1 Hr,Valid
Phora Durbar Kathmandu,PM2.5 - Principal,2024-12-29 03:00 AM,2024,12,29,03,166.9,242,Very Unhealthy,157.0,UG/M3,1 Hr,Valid
Phora Durbar Kathmandu,PM2.5 - Principal,2024-12-29 04:00 AM,2024,12,29,04,141.4,217,Very Unhealthy,116.0,UG/M3,1 Hr,Valid
Phora Durbar Kathmandu,PM2.5 - Principal,2024-12-29 05:00 AM,2024,12,29,05,120.7,197,Unhealthy,100.0,UG/M3,1 Hr,Valid
Phora Durbar Kathmandu,PM2.5 - Principal,2024-12-29 06:00 AM,2024,12,29,06,78.3,167,Unhealthy,36.0,UG/M3,1 Hr,Valid
Phora Durbar Kathmandu,PM2.5 - Principal,2024-12-29 07:00 AM,2024,12,29,07,78.3,167,Unhealthy,259.0,UG/M3,1 Hr,Invalid
Phora Durbar Kathmandu,PM2.5 - Principal,2024-12-29 08:00 AM,2024,12,29,08,96.0,179,Unhealthy,105.0,UG/M3,1 Hr,Valid
Phora Durbar Kathmandu,PM2.5 - Principal,2024-12-29 09:00 AM,2024,12,29,09,181.7,257,Very Unhealthy,246.0,UG/M3,1 Hr,Valid
Phora Durbar Kathmandu,PM2.5 - Principal,2024-12-29 10:00 AM,2024,12,29,10,178.1,253,Very Unhealthy,175.0,UG/M3,1 Hr,Valid
Phora Durbar Kathmandu,PM2.5 - Principal,2024-12-29 11:00 AM,2024,12,29,11,123.3,199,Unhealthy,72.0,UG/M3,1 Hr,Valid
Phora Durbar Kathmandu,PM2.5 - Principal,2024-12-29 12:00 PM,2024,12,29,12,116.5,194,Unhealthy,110.0,UG/M3,1 Hr,Valid
Phora Durbar Kathmandu,PM2.5 - Principal,2024-12-29 01:00 PM,2024,12,29,13,150.5,226,Very Unhealthy,184.0,UG/M3,1 Hr,Valid
Phora Durbar Kathmandu,PM2.5 - Principal,2024-12-29 02:00 PM,2024,12,29,14,97.5,180,Unhealthy,45.0,UG/M3,1 Hr,Valid
Phora Durbar Kathmandu,PM2.5 - Principal,2024-12-29 03:00 PM,2024,12,29,15,97.5,180,Unhealthy,-15.0,UG/M3,1 Hr,Invalid
Phora Durbar Kathmandu,PM2.5 - Principal,2024-12-29 04:00 PM,2024,12,29,16,84.4,171,Unhealthy,78.0,UG/M3,1 Hr,Valid
Phora Durbar Kathmandu,PM2.5 - Principal,2024-12-29 05:00 PM,2024,12,29,17,71.0,162,Unhealthy,61.0,UG/M3,1 Hr,Valid
Phora Durbar Kathmandu,PM2.5 - Principal,2024-12-29 06:00 PM,2024,12,29,18,50.7,138,Unhealthy for Sensitive Groups,33.0,UG/M3,1 Hr,Valid
Phora Durbar Kathmandu,PM2.5 - Principal,2024-12-29 07:00 PM,2024,12,29,19,55.5,151,Unhealthy,60.0,UG/M3,1 Hr,Valid
Phora Durbar Kathmandu,PM2.5 - Principal,2024-12-29 08:00 PM,2024,12,29,20,85.2,172,Unhealthy,114.0,UG/M3,1 Hr,Valid
Phora Durbar Kathmandu,PM2.5 - Principal,2024-12-29 09:00 PM,2024,12,29,21,131.9,207,Very Unhealthy,178.0,UG/M3,1 Hr,Valid
Phora Durbar Kathmandu,PM2.5 - Principal,2024-12-29 10:00 PM,2024,12,29,22,142.5,218,Very Unhealthy,153.0,UG/M3,1 Hr,Valid
Phora Durbar Kathmandu,PM2.5 - Principal,2024-12-29 11:00 PM,2024,12,29,23,169.3,244,Very Unhealthy,196.0,UG/M3,1 Hr,Valid
Phora Durbar Kathmandu,PM2.5 - Principal,2024-12-30 12:00 AM,2024,12,30,00,167.1,242,Very Unhealthy,165.0,UG/M3,1 Hr,Valid
Phora Durbar Kathmandu,PM2.5 - Principal,2024-12-30 01:00 AM,2024,12,30,01,137.5,213,Very Unhealthy,108.0,UG/M3,1 Hr,Valid
Phora Durbar Kathmandu,PM2.5 - Principal,2024-12-30 02:00 AM,2024,12,30,02,153.2,228,Very Unhealthy,169.0,UG/M3,1 Hr,Valid
Phora Durbar Kathmandu,PM2.5 - Principal,2024-12-30 03:00 AM,2024,12,30,03,153.2,228,Very Unhealthy,-14.0,UG/M3,1 Hr,Invalid
Phora Durbar Kathmandu,PM2.5 - Principal,2024-12-30 04:00 AM,2024,12,30,04,146.4,222,Very Unhealthy,143.0,UG/M3,1 Hr,Valid
Phora Durbar Kathmandu,PM2.5 - Principal,2024-12-30 05:00 AM,2024,12,30,05,97.0,180,Unhealthy,60.0,UG/M3,1 Hr,Valid
Phora Durbar Kathmandu,PM2.5 - Principal,2024-12-30 06:00 AM,2024,12,30,06,76.2,166,Unhealthy,58.0,UG/M3,1 Hr,Valid
Phora Durbar Kathmandu,PM2.5 - Principal,2024-12-30 07:00 AM,2024,12,30,07,82.8,170,Unhealthy,89.0,UG/M3,1 Hr,Valid
Phora Durbar Kathmandu,PM2.5 - Principal,2024-12-30 08:00 AM,2024,12,30,08,82.8,170,Unhealthy,219.0,UG/M3,1 Hr,Invalid
Phora Durbar Kathmandu,PM2.5 - Principal,2024-12-30 09:00 AM,2024,12,30,09,108.5,188,Unhealthy,121.0,UG/M3,1 Hr,Valid
Phora Durbar Kathmandu,PM2.5 - Principal,2024-12-30 10:00 AM,2024,12,30,10,131.1,207,Very Unhealthy,148.0,UG/M3,1 Hr,Valid
Phora Durbar Kathmandu,PM2.5 - Principal,2024-12-30 11:00 AM,2024,12,30,11,130.0,205,Very Unhealthy,129.0,UG/M3,1 Hr,Valid
Phora Durbar Kathmandu,PM2.5 - Principal,2024-12-30 12:00 PM,2024,12,30,12,130.0,205,Very Unhealthy,-15.0,UG/M3,1 Hr,Invalid
Phora Durbar Kathmandu,PM2.5 - Principal,2024-12-30 01:00 PM,2024,12,30,13,77.5,166,Unhealthy,53.0,UG/M3,1 Hr,Valid
Phora Durbar Kathmandu,PM2.5 - Principal,2024-12-30 02:00 PM,2024,12,30,14,-999.0,-999,N/A,-15.0,UG/M3,1 Hr,Invalid
Phora Durbar Kathmandu,PM2.5 - Principal,2024-12-30 03:00 PM,2024,12,30,15,68.3,160,Unhealthy,65.0,UG/M3,1 Hr,Valid
Phora Durbar Kathmandu,PM2.5 - Principal,2024-12-30 04:00 PM,2024,12,30,16,44.3,123,Unhealthy for Sensitive Groups,28.0,UG/M3,1 Hr,Valid
Phora Durbar Kathmandu,PM2.5 - Principal,2024-12-30 05:00 PM,2024,12,30,17,41.4,116,Unhealthy for Sensitive Groups,39.0,UG/M3,1 Hr,Valid
Phora Durbar Kathmandu,PM2.5 - Principal,2024-12-30 06:00 PM,2024,12,30,18,27.1,85,Moderate,14.0,UG/M3,1 Hr,Valid
Phora Durbar Kathmandu,PM2.5 - Principal,2024-12-30 07:00 PM,2024,12,30,19,63.8,157,Unhealthy,99.0,UG/M3,1 Hr,Valid
Phora Durbar Kathmandu,PM2.5 - Principal,2024-12-30 08:00 PM,2024,12,30,20,77.5,166,Unhealthy,91.0,UG/M3,1 Hr,Valid
Phora Durbar Kathmandu,PM2.5 - Principal,2024-12-30 09:00 PM,2024,12,30,21,99.3,182,Unhealthy,121.0,UG/M3,1 Hr,Valid
Phora Durbar Kathmandu,PM2.5 - Principal,2024-12-30 10:00 PM,2024,12,30,22,110.2,189,Unhealthy,121.0,UG/M3,1 Hr,Valid
Phora Durbar Kathmandu,PM2.5 - Principal,2024-12-30 11:00 PM,2024,12,30,23,112.6,191,Unhealthy,115.0,UG/M3,1 Hr,Valid
Phora Durbar Kathmandu,PM2.5 - Principal,2024-12-31 12:00 AM,2024,12,31,00,130.3,206,Very Unhealthy,148.0,UG/M3,1 Hr,Valid
Phora Durbar Kathmandu,PM2.5 - Principal,2024-12-31 01:00 AM,2024,12,31,01,112.6,191,Unhealthy,95.0,UG/M3,1 Hr,Valid
Phora Durbar Kathmandu,PM2.5 - Principal,2024-12-31 02:00 AM,2024,12,31,02,90.8,176,Unhealthy,69.0,UG/M3,1 Hr,Valid
Phora Durbar Kathmandu,PM2.5 - Principal,2024-12-31 03:00 AM,2024,12,31,03,99.4,182,Unhealthy,108.0,UG/M3,1 Hr,Valid
Phora Durbar Kathmandu,PM2.5 - Principal,2024-12-31 04:00 AM,2024,12,31,04,95.7,179,Unhealthy,92.0,UG/M3,1 Hr,Valid
Phora Durbar Kathmandu,PM2.5 - Principal,2024-12-31 05:00 AM,2024,12,31,05,97.3,180,Unhealthy,99.0,UG/M3,1 Hr,Valid
Phora Durbar Kathmandu,PM2.5 - Principal,2024-12-31 06:00 AM,2024,12,31,06,93.6,178,Unhealthy,90.0,UG/M3,1 Hr,Valid
Phora Durbar Kathmandu,PM2.5 - Principal,2024-12-31 07:00 AM,2024,12,31,07,112.8,191,Unhealthy,132.0,UG/M3,1 Hr,Valid
Phora Durbar Kathmandu,PM2.5 - Principal,2024-12-31 08:00 AM,2024,12,31,08,110.4,189,Unhealthy,108.0,UG/M3,1 Hr,Valid
Phora Durbar Kathmandu,PM2.5 - Principal,2024-12-31 09:00 AM,2024,12,31,09,102.2,184,Unhealthy,94.0,UG/M3,1 Hr,Valid
Phora Durbar Kathmandu,PM2.5 - Principal,2024-12-31 10:00 AM,2024,12,31,10,94.6,178,Unhealthy,87.0,UG/M3,1 Hr,Valid
Phora Durbar Kathmandu,PM2.5 - Principal,2024-12-31 11:00 AM,2024,12,31,11,129.3,205,Very Unhealthy,164.0,UG/M3,1 Hr,Valid
Phora Durbar Kathmandu,PM2.5 - Principal,2024-12-31 12:00 PM,2024,12,31,12,94.6,178,Unhealthy,60.0,UG/M3,1 Hr,Valid
Phora Durbar Kathmandu,PM2.5 - Principal,2024-12-31 01:00 PM,2024,12,31,13,52.3,142,Unhealthy for Sensitive Groups,10.0,UG/M3,1 Hr,Valid
Phora Durbar Kathmandu,PM2.5 - Principal,2024-12-31 02:00 PM,2024,12,31,14,63.1,156,Unhealthy,74.0,UG/M3,1 Hr,Valid
Phora Durbar Kathmandu,PM2.5 - Principal,2024-12-31 03:00 PM,2024,12,31,15,63.1,156,Unhealthy,-15.0,UG/M3,1 Hr,Invalid
Phora Durbar Kathmandu,PM2.5 - Principal,2024-12-31 04:00 PM,2024,12,31,16,51.0,139,Unhealthy for Sensitive Groups,45.0,UG/M3,1 Hr,Valid
Phora Durbar Kathmandu,PM2.5 - Principal,2024-12-31 05:00 PM,2024,12,31,17,46.4,128,Unhealthy for Sensitive Groups,43.0,UG/M3,1 Hr,Valid
Phora Durbar Kathmandu,PM2.5 - Principal,2024-12-31 06:00 PM,2024,12,31,18,27.5,85,Moderate,11.0,UG/M3,1 Hr,Valid
Phora Durbar Kathmandu,PM2.5 - Principal,2024-12-31 07:00 PM,2024,12,31,19,40.6,114,Unhealthy for Sensitive Groups,53.0,UG/M3,1 Hr,Valid
Phora Durbar Kathmandu,PM2.5 - Principal,2024-12-31 08:00 PM,2024,12,31,20,81.9,170,Unhealthy,122.0,UG/M3,1 Hr,Valid
Phora Durbar Kathmandu,PM2.5 - Principal,2024-12-31 09:00 PM,2024,12,31,21,119.7,196,Unhealthy,157.0,UG/M3,1 Hr,Valid
Phora Durbar Kathmandu,PM2.5 - Principal,2024-12-31 10:00 PM,2024,12,31,22,124.4,199,Unhealthy,129.0,UG/M3,1 Hr,Valid
Phora Durbar Kathmandu,PM2.5 - Principal,2024-12-31 11:00 PM,2024,12,31,23,124.4,199,Unhealthy,281.0,UG/M3,1 Hr,Invalid
Phora Durbar Kathmandu,PM2.5 - Principal,2025-01-01 12:00 AM,2025,01,01,00,83.4,171,Unhealthy,63.0,UG/M3,1 Hr,Valid
Phora Durbar Kathmandu,PM2.5 - Principal,2025-01-01 01:00 AM,2025,01,01,01,110.0,189,Unhealthy,130.0,UG/M3,1 Hr,Valid
