Site,Parameter,Date (LT),Year,Month,Day,Hour,NowCast Conc.,AQI,AQI Category,Raw Conc.,Conc. Unit,Duration,QC Name
Tashkent,PM2.5 - Principal,2018-05-21 03:00 PM,2018,05,21,15,-999.0,-999,N/A,5.0,UG/M3,1 Hr,Valid
Tashkent,PM2.5 - Principal,2018-05-21 05:00 PM,2018,05,21,17,5.0,21,Good,5.0,UG/M3,1 Hr,Valid
Tashkent,PM2.5 - Principal,2018-05-21 06:00 PM,2018,05,21,18,5.9,25,Good,7.0,UG/M3,1 Hr,Valid
Tashkent,PM2.5 - Principal,2018-05-21 07:00 PM,2018,05,21,19,5.9,25,Good,6.0,UG/M3,1 Hr,Valid
Tashkent,PM2.5 - Principal,2018-05-21 08:00 PM,2018,05,21,20,6.3,26,Good,7.0,UG/M3,1 Hr,Valid
Tashkent,PM2.5 - Principal,2018-05-21 09:00 PM,2018,05,21,21,5.8,24,Good,5.0,UG/M3,1 Hr,Valid
Tashkent,PM2.5 - Principal,2018-05-21 10:00 PM,2018,05,21,22,4.3,18,Good,3.0,UG/M3,1 Hr,Valid
Tashkent,PM2.5 - Principal,2018-05-21 11:00 PM,2018,05,21,23,3.6,15,Good,3.0,UG/M3,1 Hr,Valid
Tashkent,PM2.5 - Principal,2018-05-22 12:00 AM,2018,05,22,00,5.8,24,Good,8.0,UG/M3,1 Hr,Valid
Tashkent,PM2.5 - Principal,2018-05-22 01:00 AM,2018,05,22,01,6.4,27,Good,7.0,UG/M3,1 Hr,Valid
Tashkent,PM2.5 - Principal,2018-05-22 02:00 AM,2018,05,22,02,7.2,30,Good,8.0,UG/M3,1 Hr,Valid
Tashkent,PM2.5 - Principal,2018-05-22 03:00 AM,2018,05,22,03,6.6,28,Good,6.0,UG/M3,1 Hr,Valid
Tashkent,PM2.5 - Principal,2018-05-22 04:00 AM,2018,05,22,04,7.8,33,Good,9.0,UG/M3,1 Hr,Valid
Tashkent,PM2.5 - Principal,2018-05-22 05:00 AM,2018,05,22,05,9.4,39,Good,11.0,UG/M3,1 Hr,Valid
Tashkent,PM2.5 - Principal,2018-05-22 06:00 AM,2018,05,22,06,8.7,36,Good,8.0,UG/M3,1 Hr,Valid
Tashkent,PM2.5 - Principal,2018-05-22 07:00 AM,2018,05,22,07,7.8,33,Good,7.0,UG/M3,1 Hr,Valid
Tashkent,PM2.5 - Principal,2018-05-22 08:00 AM,2018,05,22,08,7.9,33,Good,8.0,UG/M3,1 Hr,Valid
Tashkent,PM2.5 - Principal,2018-05-22 09:00 AM,2018,05,22,09,7.4,31,Good,7.0,UG/M3,1 Hr,Valid
Tashkent,PM2.5 - Principal,2018-05-22 10:00 AM,2018,05,22,10,6.2,26,Good,5.0,UG/M3,1 Hr,Valid
Tashkent,PM2.5 - Principal,2018-05-22 11:00 AM,2018,05,22,11,4.1,17,Good,2.0,UG/M3,1 Hr,Valid
Tashkent,PM2.5 - Principal,2018-05-22 12:00 PM,2018,05,22,12,8.5,35,Good,13.0,UG/M3,1 Hr,Valid
Tashkent,PM2.5 - Principal,2018-05-22 01:00 PM,2018,05,22,13,10.7,45,Good,13.0,UG/M3,1 Hr,Valid
Tashkent,PM2.5 - Principal,2018-05-22 02:00 PM,2018,05,22,14,9.8,41,Good,9.0,UG/M3,1 Hr,Valid
Tashkent,PM2.5 - Principal,2018-05-22 03:00 PM,2018,05,22,15,9.8,41,Good,-7.0,UG/M3,1 Hr,Invalid
Tashkent,PM2.5 - Principal,2018-05-22 04:00 PM,2018,05,22,16,2.6,11,Good,-1.0,UG/M3,1 Hr,Valid
Tashkent,PM2.5 - Principal,2018-05-22 05:00 PM,2018,05,22,17,5.1,21,Good,7.0,UG/M3,1 Hr,Valid
Tashkent,PM2.5 - Principal,2018-05-22 06:00 PM,2018,05,22,18,6.1,25,Good,7.0,UG/M3,1 Hr,Valid
Tashkent,PM2.5 - Principal,2018-05-22 07:00 PM,2018,05,22,19,6.5,27,Good,7.0,UG/M3,1 Hr,Valid
Tashkent,PM2.5 - Principal,2018-05-22 08:00 PM,2018,05,22,20,8.3,35,Good,10.0,UG/M3,1 Hr,Valid
Tashkent,PM2.5 - Principal,2018-05-22 09:00 PM,2018,05,22,21,11.1,46,Good,14.0,UG/M3,1 Hr,Valid
Tashkent,PM2.5 - Principal,2018-05-22 10:00 PM,2018,05,22,22,10.5,44,Good,10.0,UG/M3,1 Hr,Valid
Tashkent,PM2.5 - Principal,2018-05-22 11:00 PM,2018,05,22,23,9.2,38,Good,8.0,UG/M3,1 Hr,Valid
Tashkent,PM2.5 - Principal,2018-05-23 12:00 AM,2018,05,23,00,9.6,40,Good,10.0,UG/M3,1 Hr,Valid
Tashkent,PM2.5 - Principal,2018-05-23 01:00 AM,2018,05,23,01,9.3,39,Good,9.0,UG/M3,1 Hr,Valid
Tashkent,PM2.5 - Principal,2018-05-23 02:00 AM,2018,05,23,02,8.6,36,Good,8.0,UG/M3,1 Hr,Valid
Tashkent,PM2.5 - Principal,2018-05-23 03:00 AM,2018,05,23,03,8.3,35,Good,8.0,UG/M3,1 Hr,Valid
Tashkent,PM2.5 - Principal,2018-05-23 04:00 AM,2018,05,23,04,8.6,36,Good,9.0,UG/M3,1 Hr,Valid
Tashkent,PM2.5 - Principal,2018-05-23 05:00 AM,2018,05,23,05,7.8,33,Good,7.0,UG/M3,1 Hr,Valid
Tashkent,PM2.5 - Principal,2018-05-23 06:00 AM,2018,05,23,06,7.4,31,Good,7.0,UG/M3,1 Hr,Valid
Tashkent,PM2.5 - Principal,2018-05-23 07:00 AM,2018,05,23,07,7.7,32,Good,8.0,UG/M3,1 Hr,Valid
Tashkent,PM2.5 - Principal,2018-05-23 08:00 AM,2018,05,23,08,6.8,28,Good,6.0,UG/M3,1 Hr,Valid
Tashkent,PM2.5 - Principal,2018-05-23 09:00 AM,2018,05,23,09,5.9,25,Good,5.0,UG/M3,1 Hr,Valid
Tashkent,PM2.5 - Principal,2018-05-23 10:00 AM,2018,05,23,10,6.9,29,Good,8.0,UG/M3,1 Hr,Valid
Tashkent,PM2.5 - Principal,2018-05-23 11:00 AM,2018,05,23,11,6.4,27,Good,6.0,UG/M3,1 Hr,Valid
Tashkent,PM2.5 - Principal,2018-05-23 12:00 PM,2018,05,23,12,6.2,26,Good,6.0,UG/M3,1 Hr,Valid
Tashkent,PM2.5 - Principal,2018-05-23 01:00 PM,2018,05,23,13,4.6,19,Good,3.0,UG/M3,1 Hr,Valid
Tashkent,PM2.5 - Principal,2018-05-23 02:00 PM,2018,05,23,14,4.3,18,Good,4.0,UG/M3,1 Hr,Valid
Tashkent,PM2.5 - Principal,2018-05-23 03:00 PM,2018,05,23,15,6.1,25,Good,8.0,UG/M3,1 Hr,Valid
Tashkent,PM2.5 - Principal,2018-05-23 04:00 PM,2018,05,23,16,5.5,23,Good,5.0,UG/M3,1 Hr,Valid
Tashkent,PM2.5 - Principal,2018-05-23 05:00 PM,2018,05,23,17,4.2,18,Good,3.0,UG/M3,1 Hr,Valid
Tashkent,PM2.5 - Principal,2018-05-23 06:00 PM,2018,05,23,18,4.6,19,Good,5.0,UG/M3,1 Hr,Valid
Tashkent,PM2.5 - Principal,2018-05-23 07:00 PM,2018,05,23,19,6.3,26,Good,8.0,UG/M3,1 Hr,Valid
Tashkent,PM2.5 - Principal,2018-05-23 08:00 PM,2018,05,23,20,9.1,38,Good,12.0,UG/M3,1 Hr,Valid
Tashkent,PM2.5 - Principal,2018-05-23 09:00 PM,2018,05,23,21,9.0,38,Good,9.0,UG/M3,1 Hr,Valid
Tashkent,PM2.5 - Principal,2018-05-23 10:00 PM,2018,05,23,22,10.0,42,Good,11.0,UG/M3,1 Hr,Valid
Tashkent,PM2.5 - Principal,2018-05-23 11:00 PM,2018,05,23,23,10.0,42,Good,10.0,UG/M3,1 Hr,Valid
Tashkent,PM2.5 - Principal,2018-05-24 12:00 AM,2018,05,24,00,8.5,35,Good,7.0,UG/M3,1 Hr,Valid
Tashkent,PM2.5 - Principal,2018-05-24 01:00 AM,2018,05,24,01,8.7,36,Good,9.0,UG/M3,1 Hr,Valid
Tashkent,PM2.5 - Principal,2018-05-24 02:00 AM,2018,05,24,02,9.8,41,Good,11.0,UG/M3,1 Hr,Valid
Tashkent,PM2.5 - Principal,2018-05-24 03:00 AM,2018,05,24,03,9.9,41,Good,10.0,UG/M3,1 Hr,Valid
Tashkent,PM2.5 - Principal,2018-05-24 04:00 AM,2018,05,24,04,9.9,41,Good,10.0,UG/M3,1 Hr,Valid
Tashkent,PM2.5 - Principal,2018-05-24 05:00 AM,2018,05,24,05,10.4,43,Good,11.0,UG/M3,1 Hr,Valid
Tashkent,PM2.5 - Principal,2018-05-24 06:00 AM,2018,05,24,06,10.2,43,Good,10.0,UG/M3,1 Hr,Valid
Tashkent,PM2.5 - Principal,2018-05-24 07:00 AM,2018,05,24,07,8.1,34,Good,6.0,UG/M3,1 Hr,Valid
Tashkent,PM2.5 - Principal,2018-05-24 08:00 AM,2018,05,24,08,5.5,23,Good,3.0,UG/M3,1 Hr,Valid
Tashkent,PM2.5 - Principal,2018-05-24 09:00 AM,2018,05,24,09,5.2,22,Good,5.0,UG/M3,1 Hr,Valid
Tashkent,PM2.5 - Principal,2018-05-24 10:00 AM,2018,05,24,10,5.2,22,Good,-999.0,UG/M3,1 Hr,Missing
Tashkent,PM2.5 - Principal,2018-05-24 11:00 AM,2018,05,24,11,13.7,54,Moderate,18.0,UG/M3,1 Hr,Valid
Tashkent,PM2.5 - Principal,2018-05-24 12:00 PM,2018,05,24,12,20.1,68,Moderate,25.0,UG/M3,1 Hr,Valid
Tashkent,PM2.5 - Principal,2018-05-24 01:00 PM,2018,05,24,13,20.6,69,Moderate,21.0,UG/M3,1 Hr,Valid
Tashkent,PM2.5 - Principal,2018-05-24 02:00 PM,2018,05,24,14,20.3,68,Moderate,20.0,UG/M3,1 Hr,Valid
Tashkent,PM2.5 - Principal,2018-05-24 03:00 PM,2018,05,24,15,20.1,68,Moderate,20.0,UG/M3,1 Hr,Valid
Tashkent,PM2.5 - Principal,2018-05-24 04:00 PM,2018,05,24,16,20.5,69,Moderate,21.0,UG/M3,1 Hr,Valid
Tashkent,PM2.5 - Principal,2018-05-24 05:00 PM,2018,05,24,17,23.3,75,Moderate,26.0,UG/M3,1 Hr,Valid
Tashkent,PM2.5 - Principal,2018-05-24 06:00 PM,2018,05,24,18,23.6,75,Moderate,24.0,UG/M3,1 Hr,Valid
Tashkent,PM2.5 - Principal,2018-05-24 07:00 PM,2018,05,24,19,20.8,69,Moderate,18.0,UG/M3,1 Hr,Valid
Tashkent,PM2.5 - Principal,2018-05-24 08:00 PM,2018,05,24,20,22.9,74,Moderate,25.0,UG/M3,1 Hr,Valid
Tashkent,PM2.5 - Principal,2018-05-24 09:00 PM,2018,05,24,21,24.5,77,Moderate,28.0,UG/M3,1 Hr,Valid
Tashkent,PM2.5 - Principal,2018-05-24 10:00 PM,2018,05,24,22,31.7,92,Moderate,38.0,UG/M3,1 Hr,Valid
Tashkent,PM2.5 - Principal,2018-05-24 11:00 PM,2018,05,24,23,36.3,103,Unhealthy for Sensitive Groups,41.0,UG/M3,1 Hr,Valid
Tashkent,PM2.5 - Principal,2018-05-25 12:00 AM,2018,05,25,00,38.6,109,Unhealthy for Sensitive Groups,41.0,UG/M3,1 Hr,Valid
Tashkent,PM2.5 - Principal,2018-05-25 01:00 AM,2018,05,25,01,38.3,108,Unhealthy for Sensitive Groups,38.0,UG/M3,1 Hr,Valid
Tashkent,PM2.5 - Principal,2018-05-25 02:00 AM,2018,05,25,02,35.1,99,Moderate,32.0,UG/M3,1 Hr,Valid
Tashkent,PM2.5 - Principal,2018-05-25 03:00 AM,2018,05,25,03,28.0,84,Moderate,21.0,UG/M3,1 Hr,Valid
Tashkent,PM2.5 - Principal,2018-05-25 04:00 AM,2018,05,25,04,24.0,76,Moderate,20.0,UG/M3,1 Hr,Valid
Tashkent,PM2.5 - Principal,2018-05-25 05:00 AM,2018,05,25,05,19.5,67,Moderate,15.0,UG/M3,1 Hr,Valid
Tashkent,PM2.5 - Principal,2018-05-25 06:00 AM,2018,05,25,06,19.2,66,Moderate,19.0,UG/M3,1 Hr,Valid
Tashkent,PM2.5 - Principal,2018-05-25 07:00 AM,2018,05,25,07,14.1,55,Moderate,9.0,UG/M3,1 Hr,Valid
Tashkent,PM2.5 - Principal,2018-05-25 08:00 AM,2018,05,25,08,11.0,46,Good,8.0,UG/M3,1 Hr,Valid
Tashkent,PM2.5 - Principal,2018-05-25 09:00 AM,2018,05,25,09,11.0,46,Good,11.0,UG/M3,1 Hr,Valid
Tashkent,PM2.5 - Principal,2018-05-25 10:00 AM,2018,05,25,10,13.5,54,Moderate,16.0,UG/M3,1 Hr,Valid
Tashkent,PM2.5 - Principal,2018-05-25 11:00 AM,2018,05,25,11,15.7,59,Moderate,18.0,UG/M3,1 Hr,Valid
Tashkent,PM2.5 - Principal,2018-05-25 12:00 PM,2018,05,25,12,16.8,61,Moderate,18.0,UG/M3,1 Hr,Valid
Tashkent,PM2.5 - Principal,2018-05-25 01:00 PM,2018,05,25,13,15.9,59,Moderate,15.0,UG/M3,1 Hr,Valid
Tashkent,PM2.5 - Principal,2018-05-25 02:00 PM,2018,05,25,14,14.4,56,Moderate,13.0,UG/M3,1 Hr,Valid
Tashkent,PM2.5 - Principal,2018-05-25 03:00 PM,2018,05,25,15,14.7,56,Moderate,15.0,UG/M3,1 Hr,Valid
Tashkent,PM2.5 - Principal,2018-05-25 04:00 PM,2018,05,25,16,14.3,56,Moderate,14.0,UG/M3,1 Hr,Valid
Tashkent,PM2.5 - Principal,2018-05-25 05:00 PM,2018,05,25,17,12.1,51,Moderate,10.0,UG/M3,1 Hr,Valid
Tashkent,PM2.5 - Principal,2018-05-25 06:00 PM,2018,05,25,18,11.0,46,Good,10.0,UG/M3,1 Hr,Valid
Tashkent,PM2.5 - Principal,2018-05-25 07:00 PM,2018,05,25,19,13.5,54,Moderate,16.0,UG/M3,1 Hr,Valid
Tashkent,PM2.5 - Principal,2018-05-25 08:00 PM,2018,05,25,20,19.7,67,Moderate,26.0,UG/M3,1 Hr,Valid
Tashkent,PM2.5 - Principal,2018-05-25 09:00 PM,2018,05,25,21,27.8,84,Moderate,36.0,UG/M3,1 Hr,Valid
Tashkent,PM2.5 - Principal,2018-05-25 10:00 PM,2018,05,25,22,31.4,92,Moderate,35.0,UG/M3,1 Hr,Valid
Tashkent,PM2.5 - Principal,2018-05-25 11:00 PM,2018,05,25,23,49.7,136,Unhealthy for Sensitive Groups,68.0,UG/M3,1 Hr,Valid
Tashkent,PM2.5 - Principal,2018-05-26 12:00 AM,2018,05,26,00,45.8,126,Unhealthy for Sensitive Groups,42.0,UG/M3,1 Hr,Valid
Tashkent,PM2.5 - Principal,2018-05-26 01:00 AM,2018,05,26,01,39.4,111,Unhealthy for Sensitive Groups,33.0,UG/M3,1 Hr,Valid
Tashkent,PM2.5 - Principal,2018-05-26 02:00 AM,2018,05,26,02,32.7,94,Moderate,26.0,UG/M3,1 Hr,Valid
Tashkent,PM2.5 - Principal,2018-05-26 03:00 AM,2018,05,26,03,25.8,80,Moderate,19.0,UG/M3,1 Hr,Valid
Tashkent,PM2.5 - Principal,2018-05-26 04:00 AM,2018,05,26,04,20.4,68,Moderate,15.0,UG/M3,1 Hr,Valid
Tashkent,PM2.5 - Principal,2018-05-26 05:00 AM,2018,05,26,05,17.2,62,Moderate,14.0,UG/M3,1 Hr,Valid
Tashkent,PM2.5 - Principal,2018-05-26 06:00 AM,2018,05,26,06,16.1,59,Moderate,15.0,UG/M3,1 Hr,Valid
Tashkent,PM2.5 - Principal,2018-05-26 07:00 AM,2018,05,26,07,15.5,58,Moderate,15.0,UG/M3,1 Hr,Valid
Tashkent,PM2.5 - Principal,2018-05-26 08:00 AM,2018,05,26,08,17.2,62,Moderate,19.0,UG/M3,1 Hr,Valid
Tashkent,PM2.5 - Principal,2018-05-26 09:00 AM,2018,05,26,09,19.6,67,Moderate,22.0,UG/M3,1 Hr,Valid
Tashkent,PM2.5 - Principal,2018-05-26 10:00 AM,2018,05,26,10,20.8,69,Moderate,22.0,UG/M3,1 Hr,Valid
Tashkent,PM2.5 - Principal,2018-05-26 11:00 AM,2018,05,26,11,21.9,72,Moderate,23.0,UG/M3,1 Hr,Valid
Tashkent,PM2.5 - Principal,2018-05-26 12:00 PM,2018,05,26,12,21.4,71,Moderate,21.0,UG/M3,1 Hr,Valid
Tashkent,PM2.5 - Principal,2018-05-26 01:00 PM,2018,05,26,13,22.1,72,Moderate,23.0,UG/M3,1 Hr,Valid
Tashkent,PM2.5 - Principal,2018-05-26 02:00 PM,2018,05,26,14,21.5,71,Moderate,21.0,UG/M3,1 Hr,Valid
Tashkent,PM2.5 - Principal,2018-05-26 03:00 PM,2018,05,26,15,16.3,60,Moderate,11.0,UG/M3,1 Hr,Valid
Tashkent,PM2.5 - Principal,2018-05-26 04:00 PM,2018,05,26,16,15.1,57,Moderate,14.0,UG/M3,1 Hr,Valid
Tashkent,PM2.5 - Principal,2018-05-26 05:00 PM,2018,05,26,17,14.5,56,Moderate,14.0,UG/M3,1 Hr,Valid
Tashkent,PM2.5 - Principal,2018-05-26 06:00 PM,2018,05,26,18,13.2,53,Moderate,12.0,UG/M3,1 Hr,Valid
Tashkent,PM2.5 - Principal,2018-05-26 07:00 PM,2018,05,26,19,14.1,55,Moderate,15.0,UG/M3,1 Hr,Valid
Tashkent,PM2.5 - Principal,2018-05-26 08:00 PM,2018,05,26,20,22.5,73,Moderate,31.0,UG/M3,1 Hr,Valid
Tashkent,PM2.5 - Principal,2018-05-26 09:00 PM,2018,05,26,21,33.2,95,Moderate,44.0,UG/M3,1 Hr,Valid
Tashkent,PM2.5 - Principal,2018-05-26 10:00 PM,2018,05,26,22,36.1,102,Unhealthy for Sensitive Groups,39.0,UG/M3,1 Hr,Valid
Tashkent,PM2.5 - Principal,2018-05-26 11:00 PM,2018,05,26,23,36.0,102,Unhealthy for Sensitive Groups,36.0,UG/M3,1 Hr,Valid
Tashkent,PM2.5 - Principal,2018-05-27 12:00 AM,2018,05,27,00,33.5,96,Moderate,31.0,UG/M3,1 Hr,Valid
Tashkent,PM2.5 - Principal,2018-05-27 01:00 AM,2018,05,27,01,28.7,86,Moderate,24.0,UG/M3,1 Hr,Valid
Tashkent,PM2.5 - Principal,2018-05-27 02:00 AM,2018,05,27,02,21.8,71,Moderate,15.0,UG/M3,1 Hr,Valid
Tashkent,PM2.5 - Principal,2018-05-27 03:00 AM,2018,05,27,03,18.9,65,Moderate,16.0,UG/M3,1 Hr,Valid
Tashkent,PM2.5 - Principal,2018-05-27 04:00 AM,2018,05,27,04,15.4,58,Moderate,12.0,UG/M3,1 Hr,Valid
Tashkent,PM2.5 - Principal,2018-05-27 05:00 AM,2018,05,27,05,14.2,55,Moderate,13.0,UG/M3,1 Hr,Valid
Tashkent,PM2.5 - Principal,2018-05-27 06:00 AM,2018,05,27,06,16.1,59,Moderate,18.0,UG/M3,1 Hr,Valid
Tashkent,PM2.5 - Principal,2018-05-27 07:00 AM,2018,05,27,07,19.0,66,Moderate,22.0,UG/M3,1 Hr,Valid
Tashkent,PM2.5 - Principal,2018-05-27 08:00 AM,2018,05,27,08,22.0,72,Moderate,25.0,UG/M3,1 Hr,Valid
Tashkent,PM2.5 - Principal,2018-05-27 09:00 AM,2018,05,27,09,20.0,68,Moderate,18.0,UG/M3,1 Hr,Valid
Tashkent,PM2.5 - Principal,2018-05-27 10:00 AM,2018,05,27,10,24.0,76,Moderate,28.0,UG/M3,1 Hr,Valid
Tashkent,PM2.5 - Principal,2018-05-27 11:00 AM,2018,05,27,11,23.5,75,Moderate,23.0,UG/M3,1 Hr,Valid
Tashkent,PM2.5 - Principal,2018-05-27 12:00 PM,2018,05,27,12,18.2,64,Moderate,13.0,UG/M3,1 Hr,Valid
Tashkent,PM2.5 - Principal,2018-05-27 01:00 PM,2018,05,27,13,16.1,59,Moderate,14.0,UG/M3,1 Hr,Valid
Tashkent,PM2.5 - Principal,2018-05-27 02:00 PM,2018,05,27,14,14.5,56,Moderate,13.0,UG/M3,1 Hr,Valid
Tashkent,PM2.5 - Principal,2018-05-27 03:00 PM,2018,05,27,15,13.7,54,Moderate,13.0,UG/M3,1 Hr,Valid
Tashkent,PM2.5 - Principal,2018-05-27 04:00 PM,2018,05,27,16,11.3,47,Good,9.0,UG/M3,1 Hr,Valid
Tashkent,PM2.5 - Principal,2018-05-27 05:00 PM,2018,05,27,17,24.6,77,Moderate,38.0,UG/M3,1 Hr,Valid
Tashkent,PM2.5 - Principal,2018-05-27 06:00 PM,2018,05,27,18,23.8,76,Moderate,23.0,UG/M3,1 Hr,Valid
Tashkent,PM2.5 - Principal,2018-05-27 07:00 PM,2018,05,27,19,28.9,86,Moderate,34.0,UG/M3,1 Hr,Valid
Tashkent,PM2.5 - Principal,2018-05-27 08:00 PM,2018,05,27,20,35.9,102,Unhealthy for Sensitive Groups,43.0,UG/M3,1 Hr,Valid
Tashkent,PM2.5 - Principal,2018-05-27 09:00 PM,2018,05,27,21,38.4,108,Unhealthy for Sensitive Groups,41.0,UG/M3,1 Hr,Valid
Tashkent,PM2.5 - Principal,2018-05-27 10:00 PM,2018,05,27,22,43.2,120,Unhealthy for Sensitive Groups,48.0,UG/M3,1 Hr,Valid
Tashkent,PM2.5 - Principal,2018-05-27 11:00 PM,2018,05,27,23,32.6,94,Moderate,22.0,UG/M3,1 Hr,Valid
Tashkent,PM2.5 - Principal,2018-05-28 12:00 AM,2018,05,28,00,26.3,81,Moderate,20.0,UG/M3,1 Hr,Valid
Tashkent,PM2.5 - Principal,2018-05-28 01:00 AM,2018,05,28,01,16.6,60,Moderate,7.0,UG/M3,1 Hr,Valid
Tashkent,PM2.5 - Principal,2018-05-28 02:00 AM,2018,05,28,02,12.8,52,Moderate,9.0,UG/M3,1 Hr,Valid
Tashkent,PM2.5 - Principal,2018-05-28 03:00 AM,2018,05,28,03,9.9,41,Good,7.0,UG/M3,1 Hr,Valid
Tashkent,PM2.5 - Principal,2018-05-28 04:00 AM,2018,05,28,04,9.4,39,Good,9.0,UG/M3,1 Hr,Valid
Tashkent,PM2.5 - Principal,2018-05-28 05:00 AM,2018,05,28,05,8.7,36,Good,8.0,UG/M3,1 Hr,Valid
Tashkent,PM2.5 - Principal,2018-05-28 06:00 AM,2018,05,28,06,18.8,65,Moderate,29.0,UG/M3,1 Hr,Valid
Tashkent,PM2.5 - Principal,2018-05-28 07:00 AM,2018,05,28,07,46.9,129,Unhealthy for Sensitive Groups,75.0,UG/M3,1 Hr,Valid
Tashkent,PM2.5 - Principal,2018-05-28 08:00 AM,2018,05,28,08,62.9,155,Unhealthy,79.0,UG/M3,1 Hr,Valid
Tashkent,PM2.5 - Principal,2018-05-28 09:00 AM,2018,05,28,09,71.4,159,Unhealthy,80.0,UG/M3,1 Hr,Valid
Tashkent,PM2.5 - Principal,2018-05-28 10:00 AM,2018,05,28,10,67.7,157,Unhealthy,64.0,UG/M3,1 Hr,Valid
Tashkent,PM2.5 - Principal,2018-05-28 11:00 AM,2018,05,28,11,56.3,151,Unhealthy,45.0,UG/M3,1 Hr,Valid
Tashkent,PM2.5 - Principal,2018-05-28 12:00 PM,2018,05,28,12,53.6,146,Unhealthy for Sensitive Groups,51.0,UG/M3,1 Hr,Valid
Tashkent,PM2.5 - Principal,2018-05-28 01:00 PM,2018,05,28,13,55.3,150,Unhealthy for Sensitive Groups,57.0,UG/M3,1 Hr,Valid
Tashkent,PM2.5 - Principal,2018-05-28 02:00 PM,2018,05,28,14,56.6,152,Unhealthy,58.0,UG/M3,1 Hr,Valid
Tashkent,PM2.5 - Principal,2018-05-28 03:00 PM,2018,05,28,15,55.3,150,Unhealthy for Sensitive Groups,54.0,UG/M3,1 Hr,Valid
Tashkent,PM2.5 - Principal,2018-05-28 04:00 PM,2018,05,28,16,48.6,133,Unhealthy for Sensitive Groups,42.0,UG/M3,1 Hr,Valid
Tashkent,PM2.5 - Principal,2018-05-28 05:00 PM,2018,05,28,17,45.3,125,Unhealthy for Sensitive Groups,42.0,UG/M3,1 Hr,Valid
Tashkent,PM2.5 - Principal,2018-05-28 06:00 PM,2018,05,28,18,41.6,116,Unhealthy for Sensitive Groups,38.0,UG/M3,1 Hr,Valid
Tashkent,PM2.5 - Principal,2018-05-28 07:00 PM,2018,05,28,19,38.8,109,Unhealthy for Sensitive Groups,36.0,UG/M3,1 Hr,Valid
Tashkent,PM2.5 - Principal,2018-05-28 08:00 PM,2018,05,28,20,34.9,99,Moderate,31.0,UG/M3,1 Hr,Valid
Tashkent,PM2.5 - Principal,2018-05-28 09:00 PM,2018,05,28,21,36.4,103,Unhealthy for Sensitive Groups,38.0,UG/M3,1 Hr,Valid
Tashkent,PM2.5 - Principal,2018-05-28 10:00 PM,2018,05,28,22,42.3,118,Unhealthy for Sensitive Groups,49.0,UG/M3,1 Hr,Valid
Tashkent,PM2.5 - Principal,2018-05-28 11:00 PM,2018,05,28,23,44.5,123,Unhealthy for Sensitive Groups,47.0,UG/M3,1 Hr,Valid
Tashkent,PM2.5 - Principal,2018-05-29 12:00 AM,2018,05,29,00,39.1,110,Unhealthy for Sensitive Groups,33.0,UG/M3,1 Hr,Valid
Tashkent,PM2.5 - Principal,2018-05-29 01:00 AM,2018,05,29,01,31.4,92,Moderate,24.0,UG/M3,1 Hr,Valid
Tashkent,PM2.5 - Principal,2018-05-29 02:00 AM,2018,05,29,02,30.7,90,Moderate,30.0,UG/M3,1 Hr,Valid
Tashkent,PM2.5 - Principal,2018-05-29 03:00 AM,2018,05,29,03,30.3,89,Moderate,30.0,UG/M3,1 Hr,Valid
Tashkent,PM2.5 - Principal,2018-05-29 04:00 AM,2018,05,29,04,28.6,86,Moderate,27.0,UG/M3,1 Hr,Valid
Tashkent,PM2.5 - Principal,2018-05-29 05:00 AM,2018,05,29,05,24.8,78,Moderate,21.0,UG/M3,1 Hr,Valid
Tashkent,PM2.5 - Principal,2018-05-29 06:00 AM,2018,05,29,06,21.9,72,Moderate,19.0,UG/M3,1 Hr,Valid
Tashkent,PM2.5 - Principal,2018-05-29 07:00 AM,2018,05,29,07,21.9,72,Moderate,22.0,UG/M3,1 Hr,Valid
Tashkent,PM2.5 - Principal,2018-05-29 08:00 AM,2018,05,29,08,19.4,66,Moderate,17.0,UG/M3,1 Hr,Valid
Tashkent,PM2.5 - Principal,2018-05-29 09:00 AM,2018,05,29,09,17.2,62,Moderate,15.0,UG/M3,1 Hr,Valid
Tashkent,PM2.5 - Principal,2018-05-29 10:00 AM,2018,05,29,10,20.6,69,Moderate,24.0,UG/M3,1 Hr,Valid
Tashkent,PM2.5 - Principal,2018-05-29 11:00 AM,2018,05,29,11,19.3,66,Moderate,18.0,UG/M3,1 Hr,Valid
Tashkent,PM2.5 - Principal,2018-05-29 12:00 PM,2018,05,29,12,18.1,64,Moderate,17.0,UG/M3,1 Hr,Valid
Tashkent,PM2.5 - Principal,2018-05-29 01:00 PM,2018,05,29,13,19.5,67,Moderate,21.0,UG/M3,1 Hr,Valid
Tashkent,PM2.5 - Principal,2018-05-29 02:00 PM,2018,05,29,14,19.7,67,Moderate,20.0,UG/M3,1 Hr,Valid
Tashkent,PM2.5 - Principal,2018-05-29 03:00 PM,2018,05,29,15,18.0,63,Moderate,16.0,UG/M3,1 Hr,Valid
Tashkent,PM2.5 - Principal,2018-05-29 04:00 PM,2018,05,29,16,14.4,56,Moderate,11.0,UG/M3,1 Hr,Valid
Tashkent,PM2.5 - Principal,2018-05-29 05:00 PM,2018,05,29,17,16.2,60,Moderate,18.0,UG/M3,1 Hr,Valid
Tashkent,PM2.5 - Principal,2018-05-29 06:00 PM,2018,05,29,18,19.1,66,Moderate,22.0,UG/M3,1 Hr,Valid
Tashkent,PM2.5 - Principal,2018-05-29 07:00 PM,2018,05,29,19,26.0,80,Moderate,33.0,UG/M3,1 Hr,Valid
Tashkent,PM2.5 - Principal,2018-05-29 08:00 PM,2018,05,29,20,30.0,89,Moderate,34.0,UG/M3,1 Hr,Valid
Tashkent,PM2.5 - Principal,2018-05-29 09:00 PM,2018,05,29,21,35.5,101,Unhealthy for Sensitive Groups,41.0,UG/M3,1 Hr,Valid
Tashkent,PM2.5 - Principal,2018-05-29 10:00 PM,2018,05,29,22,38.2,108,Unhealthy for Sensitive Groups,41.0,UG/M3,1 Hr,Valid
Tashkent,PM2.5 - Principal,2018-05-29 11:00 PM,2018,05,29,23,32.6,94,Moderate,27.0,UG/M3,1 Hr,Valid
Tashkent,PM2.5 - Principal,2018-05-30 12:00 AM,2018,05,30,00,29.8,88,Moderate,27.0,UG/M3,1 Hr,Valid
Tashkent,PM2.5 - Principal,2018-05-30 01:00 AM,2018,05,30,01,29.4,87,Moderate,29.0,UG/M3,1 Hr,Valid
Tashkent,PM2.5 - Principal,2018-05-30 02:00 AM,2018,05,30,02,29.2,87,Moderate,29.0,UG/M3,1 Hr,Valid
Tashkent,PM2.5 - Principal,2018-05-30 03:00 AM,2018,05,30,03,34.1,97,Moderate,39.0,UG/M3,1 Hr,Valid
Tashkent,PM2.5 - Principal,2018-05-30 04:00 AM,2018,05,30,04,30.0,89,Moderate,26.0,UG/M3,1 Hr,Valid
Tashkent,PM2.5 - Principal,2018-05-30 05:00 AM,2018,05,30,05,21.0,70,Moderate,12.0,UG/M3,1 Hr,Valid
Tashkent,PM2.5 - Principal,2018-05-30 06:00 AM,2018,05,30,06,19.0,66,Moderate,17.0,UG/M3,1 Hr,Valid
Tashkent,PM2.5 - Principal,2018-05-30 07:00 AM,2018,05,30,07,17.5,62,Moderate,16.0,UG/M3,1 Hr,Valid
Tashkent,PM2.5 - Principal,2018-05-30 08:00 AM,2018,05,30,08,17.7,63,Moderate,18.0,UG/M3,1 Hr,Valid
Tashkent,PM2.5 - Principal,2018-05-30 09:00 AM,2018,05,30,09,26.8,82,Moderate,36.0,UG/M3,1 Hr,Valid
Tashkent,PM2.5 - Principal,2018-05-30 10:00 AM,2018,05,30,10,30.9,91,Moderate,35.0,UG/M3,1 Hr,Valid
Tashkent,PM2.5 - Principal,2018-05-30 11:00 AM,2018,05,30,11,37.4,106,Unhealthy for Sensitive Groups,44.0,UG/M3,1 Hr,Valid
Tashkent,PM2.5 - Principal,2018-05-30 12:00 PM,2018,05,30,12,41.7,116,Unhealthy for Sensitive Groups,46.0,UG/M3,1 Hr,Valid
Tashkent,PM2.5 - Principal,2018-05-30 01:00 PM,2018,05,30,13,54.8,149,Unhealthy for Sensitive Groups,68.0,UG/M3,1 Hr,Valid
Tashkent,PM2.5 - Principal,2018-05-30 02:00 PM,2018,05,30,14,51.9,141,Unhealthy for Sensitive Groups,49.0,UG/M3,1 Hr,Valid
Tashkent,PM2.5 - Principal,2018-05-30 03:00 PM,2018,05,30,15,41.9,117,Unhealthy for Sensitive Groups,32.0,UG/M3,1 Hr,Valid
Tashkent,PM2.5 - Principal,2018-05-30 04:00 PM,2018,05,30,16,35.9,102,Unhealthy for Sensitive Groups,30.0,UG/M3,1 Hr,Valid
Tashkent,PM2.5 - Principal,2018-05-30 05:00 PM,2018,05,30,17,28.4,85,Moderate,21.0,UG/M3,1 Hr,Valid
Tashkent,PM2.5 - Principal,2018-05-30 06:00 PM,2018,05,30,18,26.2,81,Moderate,24.0,UG/M3,1 Hr,Valid
Tashkent,PM2.5 - Principal,2018-05-30 07:00 PM,2018,05,30,19,23.6,75,Moderate,21.0,UG/M3,1 Hr,Valid
Tashkent,PM2.5 - Principal,2018-05-30 08:00 PM,2018,05,30,20,20.3,68,Moderate,17.0,UG/M3,1 Hr,Valid
Tashkent,PM2.5 - Principal,2018-05-30 09:00 PM,2018,05,30,21,15.6,58,Moderate,11.0,UG/M3,1 Hr,Valid
Tashkent,PM2.5 - Principal,2018-05-30 10:00 PM,2018,05,30,22,11.8,49,Good,8.0,UG/M3,1 Hr,Valid
Tashkent,PM2.5 - Principal,2018-05-30 11:00 PM,2018,05,30,23,9.9,41,Good,8.0,UG/M3,1 Hr,Valid
Tashkent,PM2.5 - Principal,2018-05-31 12:00 AM,2018,05,31,00,7.9,33,Good,6.0,UG/M3,1 Hr,Valid
Tashkent,PM2.5 - Principal,2018-05-31 01:00 AM,2018,05,31,01,7.4,31,Good,7.0,UG/M3,1 Hr,Valid
Tashkent,PM2.5 - Principal,2018-05-31 02:00 AM,2018,05,31,02,6.7,28,Good,6.0,UG/M3,1 Hr,Valid
Tashkent,PM2.5 - Principal,2018-05-31 03:00 AM,2018,05,31,03,8.8,37,Good,11.0,UG/M3,1 Hr,Valid
Tashkent,PM2.5 - Principal,2018-05-31 04:00 AM,2018,05,31,04,8.9,37,Good,9.0,UG/M3,1 Hr,Valid
Tashkent,PM2.5 - Principal,2018-05-31 05:00 AM,2018,05,31,05,11.4,48,Good,14.0,UG/M3,1 Hr,Valid
Tashkent,PM2.5 - Principal,2018-05-31 06:00 AM,2018,05,31,06,14.7,56,Moderate,18.0,UG/M3,1 Hr,Valid
Tashkent,PM2.5 - Principal,2018-05-31 07:00 AM,2018,05,31,07,15.8,59,Moderate,17.0,UG/M3,1 Hr,Valid
Tashkent,PM2.5 - Principal,2018-05-31 08:00 AM,2018,05,31,08,20.4,68,Moderate,25.0,UG/M3,1 Hr,Valid
Tashkent,PM2.5 - Principal,2018-05-31 09:00 AM,2018,05,31,09,21.2,70,Moderate,22.0,UG/M3,1 Hr,Valid
Tashkent,PM2.5 - Principal,2018-05-31 10:00 AM,2018,05,31,10,18.6,65,Moderate,16.0,UG/M3,1 Hr,Valid
Tashkent,PM2.5 - Principal,2018-05-31 11:00 AM,2018,05,31,11,17.3,62,Moderate,16.0,UG/M3,1 Hr,Valid
Tashkent,PM2.5 - Principal,2018-05-31 12:00 PM,2018,05,31,12,17.6,63,Moderate,18.0,UG/M3,1 Hr,Valid
Tashkent,PM2.5 - Principal,2018-05-31 01:00 PM,2018,05,31,13,18.8,65,Moderate,20.0,UG/M3,1 Hr,Valid
Tashkent,PM2.5 - Principal,2018-05-31 02:00 PM,2018,05,31,14,19.9,67,Moderate,21.0,UG/M3,1 Hr,Valid
Tashkent,PM2.5 - Principal,2018-05-31 03:00 PM,2018,05,31,15,20.4,68,Moderate,21.0,UG/M3,1 Hr,Valid
Tashkent,PM2.5 - Principal,2018-05-31 04:00 PM,2018,05,31,16,21.9,72,Moderate,24.0,UG/M3,1 Hr,Valid
Tashkent,PM2.5 - Principal,2018-05-31 05:00 PM,2018,05,31,17,20.2,68,Moderate,18.0,UG/M3,1 Hr,Valid
Tashkent,PM2.5 - Principal,2018-05-31 06:00 PM,2018,05,31,18,20.8,69,Moderate,22.0,UG/M3,1 Hr,Valid
Tashkent,PM2.5 - Principal,2018-05-31 07:00 PM,2018,05,31,19,21.6,71,Moderate,23.0,UG/M3,1 Hr,Valid
Tashkent,PM2.5 - Principal,2018-05-31 08:00 PM,2018,05,31,20,25.0,78,Moderate,29.0,UG/M3,1 Hr,Valid
Tashkent,PM2.5 - Principal,2018-05-31 09:00 PM,2018,05,31,21,30.2,89,Moderate,35.0,UG/M3,1 Hr,Valid
Tashkent,PM2.5 - Principal,2018-05-31 10:00 PM,2018,05,31,22,35.6,101,Unhealthy for Sensitive Groups,41.0,UG/M3,1 Hr,Valid
Tashkent,PM2.5 - Principal,2018-05-31 11:00 PM,2018,05,31,23,42.8,119,Unhealthy for Sensitive Groups,50.0,UG/M3,1 Hr,Valid
Tashkent,PM2.5 - Principal,2018-06-01 12:00 AM,2018,06,01,00,39.9,112,Unhealthy for Sensitive Groups,37.0,UG/M3,1 Hr,Valid
Tashkent,PM2.5 - Principal,2018-06-01 01:00 AM,2018,06,01,01,33.4,96,Moderate,27.0,UG/M3,1 Hr,Valid
Tashkent,PM2.5 - Principal,2018-06-01 02:00 AM,2018,06,01,02,28.2,85,Moderate,23.0,UG/M3,1 Hr,Valid
Tashkent,PM2.5 - Principal,2018-06-01 03:00 AM,2018,06,01,03,25.6,79,Moderate,23.0,UG/M3,1 Hr,Valid
Tashkent,PM2.5 - Principal,2018-06-01 04:00 AM,2018,06,01,04,23.8,76,Moderate,22.0,UG/M3,1 Hr,Valid
Tashkent,PM2.5 - Principal,2018-06-01 05:00 AM,2018,06,01,05,20.4,68,Moderate,17.0,UG/M3,1 Hr,Valid
Tashkent,PM2.5 - Principal,2018-06-01 06:00 AM,2018,06,01,06,18.2,64,Moderate,16.0,UG/M3,1 Hr,Valid
Tashkent,PM2.5 - Principal,2018-06-01 07:00 AM,2018,06,01,07,18.0,63,Moderate,18.0,UG/M3,1 Hr,Valid
Tashkent,PM2.5 - Principal,2018-06-01 08:00 AM,2018,06,01,08,25.0,78,Moderate,32.0,UG/M3,1 Hr,Valid
Tashkent,PM2.5 - Principal,2018-06-01 09:00 AM,2018,06,01,09,23.5,75,Moderate,22.0,UG/M3,1 Hr,Valid
Tashkent,PM2.5 - Principal,2018-06-01 10:00 AM,2018,06,01,10,24.2,76,Moderate,25.0,UG/M3,1 Hr,Valid
Tashkent,PM2.5 - Principal,2018-06-01 11:00 AM,2018,06,01,11,24.6,77,Moderate,25.0,UG/M3,1 Hr,Valid
Tashkent,PM2.5 - Principal,2018-06-01 12:00 PM,2018,06,01,12,22.8,74,Moderate,21.0,UG/M3,1 Hr,Valid
Tashkent,PM2.5 - Principal,2018-06-01 01:00 PM,2018,06,01,13,24.4,77,Moderate,26.0,UG/M3,1 Hr,Valid
Tashkent,PM2.5 - Principal,2018-06-01 02:00 PM,2018,06,01,14,25.7,80,Moderate,27.0,UG/M3,1 Hr,Valid
Tashkent,PM2.5 - Principal,2018-06-01 03:00 PM,2018,06,01,15,22.8,74,Moderate,20.0,UG/M3,1 Hr,Valid
Tashkent,PM2.5 - Principal,2018-06-01 04:00 PM,2018,06,01,16,21.4,71,Moderate,20.0,UG/M3,1 Hr,Valid
Tashkent,PM2.5 - Principal,2018-06-01 05:00 PM,2018,06,01,17,22.7,73,Moderate,24.0,UG/M3,1 Hr,Valid
Tashkent,PM2.5 - Principal,2018-06-01 06:00 PM,2018,06,01,18,23.2,74,Moderate,24.0,UG/M3,1 Hr,Valid
Tashkent,PM2.5 - Principal,2018-06-01 07:00 PM,2018,06,01,19,27.1,83,Moderate,33.0,UG/M3,1 Hr,Valid
Tashkent,PM2.5 - Principal,2018-06-01 08:00 PM,2018,06,01,20,34.0,97,Moderate,40.0,UG/M3,1 Hr,Valid
Tashkent,PM2.5 - Principal,2018-06-01 09:00 PM,2018,06,01,21,41.0,115,Unhealthy for Sensitive Groups,48.0,UG/M3,1 Hr,Valid
Tashkent,PM2.5 - Principal,2018-06-01 10:00 PM,2018,06,01,22,41.5,116,Unhealthy for Sensitive Groups,42.0,UG/M3,1 Hr,Valid
Tashkent,PM2.5 - Principal,2018-06-01 11:00 PM,2018,06,01,23,39.7,111,Unhealthy for Sensitive Groups,38.0,UG/M3,1 Hr,Valid
Tashkent,PM2.5 - Principal,2018-06-02 12:00 AM,2018,06,02,00,31.3,91,Moderate,23.0,UG/M3,1 Hr,Valid
Tashkent,PM2.5 - Principal,2018-06-02 01:00 AM,2018,06,02,01,25.1,78,Moderate,19.0,UG/M3,1 Hr,Valid
Tashkent,PM2.5 - Principal,2018-06-02 02:00 AM,2018,06,02,02,19.5,67,Moderate,14.0,UG/M3,1 Hr,Valid
Tashkent,PM2.5 - Principal,2018-06-02 03:00 AM,2018,06,02,03,14.2,55,Moderate,9.0,UG/M3,1 Hr,Valid
Tashkent,PM2.5 - Principal,2018-06-02 04:00 AM,2018,06,02,04,13.6,54,Moderate,13.0,UG/M3,1 Hr,Valid
Tashkent,PM2.5 - Principal,2018-06-02 05:00 AM,2018,06,02,05,15.8,59,Moderate,18.0,UG/M3,1 Hr,Valid
Tashkent,PM2.5 - Principal,2018-06-02 06:00 AM,2018,06,02,06,13.9,55,Moderate,12.0,UG/M3,1 Hr,Valid
Tashkent,PM2.5 - Principal,2018-06-02 07:00 AM,2018,06,02,07,13.9,55,Moderate,19.0,UG/M3,1 Hr,Invalid
Tashkent,PM2.5 - Principal,2018-06-02 08:00 AM,2018,06,02,08,-999.0,-999,N/A,19.0,UG/M3,1 Hr,Invalid
Tashkent,PM2.5 - Principal,2018-06-02 09:00 AM,2018,06,02,09,-999.0,-999,N/A,19.0,UG/M3,1 Hr,Invalid
Tashkent,PM2.5 - Principal,2018-06-02 10:00 AM,2018,06,02,10,-999.0,-999,N/A,19.0,UG/M3,1 Hr,Invalid
Tashkent,PM2.5 - Principal,2018-06-02 11:00 AM,2018,06,02,11,-999.0,-999,N/A,27.0,UG/M3,1 Hr,Valid
Tashkent,PM2.5 - Principal,2018-06-02 12:00 PM,2018,06,02,12,28.0,84,Moderate,29.0,UG/M3,1 Hr,Valid
Tashkent,PM2.5 - Principal,2018-06-02 01:00 PM,2018,06,02,13,28.0,84,Moderate,28.0,UG/M3,1 Hr,Valid
Tashkent,PM2.5 - Principal,2018-06-02 02:00 PM,2018,06,02,14,28.5,85,Moderate,29.0,UG/M3,1 Hr,Valid
Tashkent,PM2.5 - Principal,2018-06-02 03:00 PM,2018,06,02,15,29.8,88,Moderate,31.0,UG/M3,1 Hr,Valid
Tashkent,PM2.5 - Principal,2018-06-02 04:00 PM,2018,06,02,16,27.3,83,Moderate,25.0,UG/M3,1 Hr,Valid
Tashkent,PM2.5 - Principal,2018-06-02 05:00 PM,2018,06,02,17,31.2,91,Moderate,35.0,UG/M3,1 Hr,Valid
Tashkent,PM2.5 - Principal,2018-06-02 06:00 PM,2018,06,02,18,30.7,90,Moderate,32.0,UG/M3,1 Hr,Valid
Tashkent,PM2.5 - Principal,2018-06-02 07:00 PM,2018,06,02,19,30.8,90,Moderate,31.0,UG/M3,1 Hr,Valid
Tashkent,PM2.5 - Principal,2018-06-02 08:00 PM,2018,06,02,20,27.6,84,Moderate,22.0,UG/M3,1 Hr,Valid
Tashkent,PM2.5 - Principal,2018-06-02 09:00 PM,2018,06,02,21,21.3,70,Moderate,16.0,UG/M3,1 Hr,Valid
Tashkent,PM2.5 - Principal,2018-06-02 10:00 PM,2018,06,02,22,17.6,63,Moderate,14.0,UG/M3,1 Hr,Valid
Tashkent,PM2.5 - Principal,2018-06-02 11:00 PM,2018,06,02,23,14.3,56,Moderate,11.0,UG/M3,1 Hr,Valid
Tashkent,PM2.5 - Principal,2018-06-03 12:00 AM,2018,06,03,00,14.6,56,Moderate,15.0,UG/M3,1 Hr,Valid
Tashkent,PM2.5 - Principal,2018-06-03 01:00 AM,2018,06,03,01,17.3,62,Moderate,20.0,UG/M3,1 Hr,Valid
Tashkent,PM2.5 - Principal,2018-06-03 02:00 AM,2018,06,03,02,14.6,56,Moderate,12.0,UG/M3,1 Hr,Valid
Tashkent,PM2.5 - Principal,2018-06-03 03:00 AM,2018,06,03,03,17.3,62,Moderate,20.0,UG/M3,1 Hr,Valid
Tashkent,PM2.5 - Principal,2018-06-03 04:00 AM,2018,06,03,04,15.1,57,Moderate,13.0,UG/M3,1 Hr,Valid
Tashkent,PM2.5 - Principal,2018-06-03 05:00 AM,2018,06,03,05,15.0,57,Moderate,15.0,UG/M3,1 Hr,Valid
Tashkent,PM2.5 - Principal,2018-06-03 06:00 AM,2018,06,03,06,12.5,52,Moderate,10.0,UG/M3,1 Hr,Valid
Tashkent,PM2.5 - Principal,2018-06-03 07:00 AM,2018,06,03,07,10.2,43,Good,8.0,UG/M3,1 Hr,Valid
Tashkent,PM2.5 - Principal,2018-06-03 08:00 AM,2018,06,03,08,10.6,44,Good,11.0,UG/M3,1 Hr,Valid
Tashkent,PM2.5 - Principal,2018-06-03 09:00 AM,2018,06,03,09,11.3,47,Good,12.0,UG/M3,1 Hr,Valid
Tashkent,PM2.5 - Principal,2018-06-03 10:00 AM,2018,06,03,10,12.1,51,Moderate,13.0,UG/M3,1 Hr,Valid
Tashkent,PM2.5 - Principal,2018-06-03 11:00 AM,2018,06,03,11,19.5,67,Moderate,27.0,UG/M3,1 Hr,Valid
Tashkent,PM2.5 - Principal,2018-06-03 12:00 PM,2018,06,03,12,19.7,67,Moderate,20.0,UG/M3,1 Hr,Valid
Tashkent,PM2.5 - Principal,2018-06-03 01:00 PM,2018,06,03,13,17.3,62,Moderate,15.0,UG/M3,1 Hr,Valid
Tashkent,PM2.5 - Principal,2018-06-03 02:00 PM,2018,06,03,14,16.6,60,Moderate,16.0,UG/M3,1 Hr,Valid
Tashkent,PM2.5 - Principal,2018-06-03 03:00 PM,2018,06,03,15,19.8,67,Moderate,23.0,UG/M3,1 Hr,Valid
Tashkent,PM2.5 - Principal,2018-06-03 04:00 PM,2018,06,03,16,21.4,71,Moderate,23.0,UG/M3,1 Hr,Valid
Tashkent,PM2.5 - Principal,2018-06-03 05:00 PM,2018,06,03,17,26.7,82,Moderate,32.0,UG/M3,1 Hr,Valid
Tashkent,PM2.5 - Principal,2018-06-03 06:00 PM,2018,06,03,18,28.8,86,Moderate,31.0,UG/M3,1 Hr,Valid
Tashkent,PM2.5 - Principal,2018-06-03 07:00 PM,2018,06,03,19,30.9,91,Moderate,33.0,UG/M3,1 Hr,Valid
Tashkent,PM2.5 - Principal,2018-06-03 08:00 PM,2018,06,03,20,35.4,100,Moderate,40.0,UG/M3,1 Hr,Valid
Tashkent,PM2.5 - Principal,2018-06-03 09:00 PM,2018,06,03,21,45.7,126,Unhealthy for Sensitive Groups,56.0,UG/M3,1 Hr,Valid
Tashkent,PM2.5 - Principal,2018-06-03 10:00 PM,2018,06,03,22,48.3,133,Unhealthy for Sensitive Groups,51.0,UG/M3,1 Hr,Valid
Tashkent,PM2.5 - Principal,2018-06-03 11:00 PM,2018,06,03,23,50.1,137,Unhealthy for Sensitive Groups,52.0,UG/M3,1 Hr,Valid
Tashkent,PM2.5 - Principal,2018-06-04 12:00 AM,2018,06,04,00,38.0,107,Unhealthy for Sensitive Groups,26.0,UG/M3,1 Hr,Valid
Tashkent,PM2.5 - Principal,2018-06-04 01:00 AM,2018,06,04,01,26.5,81,Moderate,15.0,UG/M3,1 Hr,Valid
Tashkent,PM2.5 - Principal,2018-06-04 02:00 AM,2018,06,04,02,20.7,69,Moderate,15.0,UG/M3,1 Hr,Valid
Tashkent,PM2.5 - Principal,2018-06-04 03:00 AM,2018,06,04,03,22.3,72,Moderate,24.0,UG/M3,1 Hr,Valid
Tashkent,PM2.5 - Principal,2018-06-04 04:00 AM,2018,06,04,04,22.1,72,Moderate,22.0,UG/M3,1 Hr,Valid
Tashkent,PM2.5 - Principal,2018-06-04 05:00 AM,2018,06,04,05,25.5,79,Moderate,29.0,UG/M3,1 Hr,Valid
Tashkent,PM2.5 - Principal,2018-06-04 06:00 AM,2018,06,04,06,37.3,105,Unhealthy for Sensitive Groups,49.0,UG/M3,1 Hr,Valid
Tashkent,PM2.5 - Principal,2018-06-04 07:00 AM,2018,06,04,07,40.1,112,Unhealthy for Sensitive Groups,43.0,UG/M3,1 Hr,Valid
Tashkent,PM2.5 - Principal,2018-06-04 08:00 AM,2018,06,04,08,40.0,112,Unhealthy for Sensitive Groups,40.0,UG/M3,1 Hr,Valid
Tashkent,PM2.5 - Principal,2018-06-04 09:00 AM,2018,06,04,09,46.0,127,Unhealthy for Sensitive Groups,52.0,UG/M3,1 Hr,Valid
Tashkent,PM2.5 - Principal,2018-06-04 10:00 AM,2018,06,04,10,45.0,124,Unhealthy for Sensitive Groups,44.0,UG/M3,1 Hr,Valid
Tashkent,PM2.5 - Principal,2018-06-04 11:00 AM,2018,06,04,11,40.0,112,Unhealthy for Sensitive Groups,35.0,UG/M3,1 Hr,Valid
Tashkent,PM2.5 - Principal,2018-06-04 12:00 PM,2018,06,04,12,33.0,95,Moderate,26.0,UG/M3,1 Hr,Valid
Tashkent,PM2.5 - Principal,2018-06-04 01:00 PM,2018,06,04,13,30.5,90,Moderate,28.0,UG/M3,1 Hr,Valid
Tashkent,PM2.5 - Principal,2018-06-04 02:00 PM,2018,06,04,14,26.7,82,Moderate,23.0,UG/M3,1 Hr,Valid
Tashkent,PM2.5 - Principal,2018-06-04 03:00 PM,2018,06,04,15,24.3,77,Moderate,22.0,UG/M3,1 Hr,Valid
Tashkent,PM2.5 - Principal,2018-06-04 04:00 PM,2018,06,04,16,22.1,72,Moderate,20.0,UG/M3,1 Hr,Valid
Tashkent,PM2.5 - Principal,2018-06-04 05:00 PM,2018,06,04,17,19.5,67,Moderate,17.0,UG/M3,1 Hr,Valid
Tashkent,PM2.5 - Principal,2018-06-04 06:00 PM,2018,06,04,18,21.2,70,Moderate,23.0,UG/M3,1 Hr,Valid
Tashkent,PM2.5 - Principal,2018-06-04 07:00 PM,2018,06,04,19,24.1,76,Moderate,27.0,UG/M3,1 Hr,Valid
Tashkent,PM2.5 - Principal,2018-06-04 08:00 PM,2018,06,04,20,29.5,88,Moderate,35.0,UG/M3,1 Hr,Valid
Tashkent,PM2.5 - Principal,2018-06-04 09:00 PM,2018,06,04,21,43.7,121,Unhealthy for Sensitive Groups,58.0,UG/M3,1 Hr,Valid
Tashkent,PM2.5 - Principal,2018-06-04 10:00 PM,2018,06,04,22,53.8,146,Unhealthy for Sensitive Groups,64.0,UG/M3,1 Hr,Valid
Tashkent,PM2.5 - Principal,2018-06-04 11:00 PM,2018,06,04,23,59.4,153,Unhealthy,65.0,UG/M3,1 Hr,Valid
Tashkent,PM2.5 - Principal,2018-06-05 12:00 AM,2018,06,05,00,51.7,141,Unhealthy for Sensitive Groups,44.0,UG/M3,1 Hr,Valid
Tashkent,PM2.5 - Principal,2018-06-05 01:00 AM,2018,06,05,01,46.8,129,Unhealthy for Sensitive Groups,42.0,UG/M3,1 Hr,Valid
Tashkent,PM2.5 - Principal,2018-06-05 02:00 AM,2018,06,05,02,43.9,122,Unhealthy for Sensitive Groups,41.0,UG/M3,1 Hr,Valid
Tashkent,PM2.5 - Principal,2018-06-05 03:00 AM,2018,06,05,03,40.4,113,Unhealthy for Sensitive Groups,37.0,UG/M3,1 Hr,Valid
Tashkent,PM2.5 - Principal,2018-06-05 04:00 AM,2018,06,05,04,38.2,108,Unhealthy for Sensitive Groups,36.0,UG/M3,1 Hr,Valid
Tashkent,PM2.5 - Principal,2018-06-05 05:00 AM,2018,06,05,05,37.1,105,Unhealthy for Sensitive Groups,36.0,UG/M3,1 Hr,Valid
Tashkent,PM2.5 - Principal,2018-06-05 06:00 AM,2018,06,05,06,33.0,95,Moderate,29.0,UG/M3,1 Hr,Valid
Tashkent,PM2.5 - Principal,2018-06-05 07:00 AM,2018,06,05,07,29.5,88,Moderate,26.0,UG/M3,1 Hr,Valid
Tashkent,PM2.5 - Principal,2018-06-05 08:00 AM,2018,06,05,08,35.7,101,Unhealthy for Sensitive Groups,42.0,UG/M3,1 Hr,Valid
Tashkent,PM2.5 - Principal,2018-06-05 09:00 AM,2018,06,05,09,29.8,88,Moderate,24.0,UG/M3,1 Hr,Valid
Tashkent,PM2.5 - Principal,2018-06-05 10:00 AM,2018,06,05,10,26.9,82,Moderate,24.0,UG/M3,1 Hr,Valid
Tashkent,PM2.5 - Principal,2018-06-05 11:00 AM,2018,06,05,11,24.4,77,Moderate,22.0,UG/M3,1 Hr,Valid
Tashkent,PM2.5 - Principal,2018-06-05 12:00 PM,2018,06,05,12,22.2,72,Moderate,20.0,UG/M3,1 Hr,Valid
Tashkent,PM2.5 - Principal,2018-06-05 01:00 PM,2018,06,05,13,21.6,71,Moderate,21.0,UG/M3,1 Hr,Valid
Tashkent,PM2.5 - Principal,2018-06-05 02:00 PM,2018,06,05,14,18.8,65,Moderate,16.0,UG/M3,1 Hr,Valid
Tashkent,PM2.5 - Principal,2018-06-05 03:00 PM,2018,06,05,15,14.8,57,Moderate,11.0,UG/M3,1 Hr,Valid
Tashkent,PM2.5 - Principal,2018-06-05 04:00 PM,2018,06,05,16,13.9,55,Moderate,13.0,UG/M3,1 Hr,Valid
Tashkent,PM2.5 - Principal,2018-06-05 05:00 PM,2018,06,05,17,12.9,53,Moderate,12.0,UG/M3,1 Hr,Valid
Tashkent,PM2.5 - Principal,2018-06-05 06:00 PM,2018,06,05,18,10.4,43,Good,8.0,UG/M3,1 Hr,Valid
Tashkent,PM2.5 - Principal,2018-06-05 07:00 PM,2018,06,05,19,9.7,40,Good,9.0,UG/M3,1 Hr,Valid
Tashkent,PM2.5 - Principal,2018-06-05 08:00 PM,2018,06,05,20,15.8,59,Moderate,22.0,UG/M3,1 Hr,Valid
Tashkent,PM2.5 - Principal,2018-06-05 09:00 PM,2018,06,05,21,25.4,79,Moderate,35.0,UG/M3,1 Hr,Valid
Tashkent,PM2.5 - Principal,2018-06-05 10:00 PM,2018,06,05,22,47.2,130,Unhealthy for Sensitive Groups,69.0,UG/M3,1 Hr,Valid
Tashkent,PM2.5 - Principal,2018-06-05 11:00 PM,2018,06,05,23,50.6,138,Unhealthy for Sensitive Groups,54.0,UG/M3,1 Hr,Valid
Tashkent,PM2.5 - Principal,2018-06-06 12:00 AM,2018,06,06,00,43.3,120,Unhealthy for Sensitive Groups,36.0,UG/M3,1 Hr,Valid
Tashkent,PM2.5 - Principal,2018-06-06 01:00 AM,2018,06,06,01,33.1,95,Moderate,23.0,UG/M3,1 Hr,Valid
Tashkent,PM2.5 - Principal,2018-06-06 02:00 AM,2018,06,06,02,24.0,76,Moderate,15.0,UG/M3,1 Hr,Valid
Tashkent,PM2.5 - Principal,2018-06-06 03:00 AM,2018,06,06,03,19.0,66,Moderate,14.0,UG/M3,1 Hr,Valid
Tashkent,PM2.5 - Principal,2018-06-06 04:00 AM,2018,06,06,04,19.0,66,Moderate,19.0,UG/M3,1 Hr,Valid
Tashkent,PM2.5 - Principal,2018-06-06 05:00 AM,2018,06,06,05,17.0,61,Moderate,15.0,UG/M3,1 Hr,Valid
Tashkent,PM2.5 - Principal,2018-06-06 06:00 AM,2018,06,06,06,17.5,62,Moderate,18.0,UG/M3,1 Hr,Valid
Tashkent,PM2.5 - Principal,2018-06-06 07:00 AM,2018,06,06,07,16.7,61,Moderate,16.0,UG/M3,1 Hr,Valid
Tashkent,PM2.5 - Principal,2018-06-06 08:00 AM,2018,06,06,08,12.3,51,Moderate,8.0,UG/M3,1 Hr,Valid
Tashkent,PM2.5 - Principal,2018-06-06 09:00 AM,2018,06,06,09,11.1,46,Good,10.0,UG/M3,1 Hr,Valid
Tashkent,PM2.5 - Principal,2018-06-06 10:00 AM,2018,06,06,10,10.5,44,Good,10.0,UG/M3,1 Hr,Valid
Tashkent,PM2.5 - Principal,2018-06-06 11:00 AM,2018,06,06,11,10.2,43,Good,10.0,UG/M3,1 Hr,Valid
Tashkent,PM2.5 - Principal,2018-06-06 12:00 PM,2018,06,06,12,26.6,81,Moderate,43.0,UG/M3,1 Hr,Valid
Tashkent,PM2.5 - Principal,2018-06-06 01:00 PM,2018,06,06,13,28.3,85,Moderate,30.0,UG/M3,1 Hr,Valid
Tashkent,PM2.5 - Principal,2018-06-06 02:00 PM,2018,06,06,14,29.6,88,Moderate,31.0,UG/M3,1 Hr,Valid
Tashkent,PM2.5 - Principal,2018-06-06 03:00 PM,2018,06,06,15,29.3,87,Moderate,29.0,UG/M3,1 Hr,Valid
Tashkent,PM2.5 - Principal,2018-06-06 04:00 PM,2018,06,06,16,27.1,83,Moderate,25.0,UG/M3,1 Hr,Valid
Tashkent,PM2.5 - Principal,2018-06-06 05:00 PM,2018,06,06,17,24.5,77,Moderate,22.0,UG/M3,1 Hr,Valid
Tashkent,PM2.5 - Principal,2018-06-06 06:00 PM,2018,06,06,18,18.2,64,Moderate,12.0,UG/M3,1 Hr,Valid
Tashkent,PM2.5 - Principal,2018-06-06 07:00 PM,2018,06,06,19,15.1,57,Moderate,12.0,UG/M3,1 Hr,Valid
Tashkent,PM2.5 - Principal,2018-06-06 08:00 PM,2018,06,06,20,17.5,62,Moderate,20.0,UG/M3,1 Hr,Valid
Tashkent,PM2.5 - Principal,2018-06-06 09:00 PM,2018,06,06,21,21.2,70,Moderate,25.0,UG/M3,1 Hr,Valid
Tashkent,PM2.5 - Principal,2018-06-06 10:00 PM,2018,06,06,22,23.6,75,Moderate,26.0,UG/M3,1 Hr,Valid
Tashkent,PM2.5 - Principal,2018-06-06 11:00 PM,2018,06,06,23,21.8,71,Moderate,20.0,UG/M3,1 Hr,Valid
Tashkent,PM2.5 - Principal,2018-06-07 12:00 AM,2018,06,07,00,22.4,73,Moderate,23.0,UG/M3,1 Hr,Valid
Tashkent,PM2.5 - Principal,2018-06-07 01:00 AM,2018,06,07,01,22.2,72,Moderate,22.0,UG/M3,1 Hr,Valid
Tashkent,PM2.5 - Principal,2018-06-07 02:00 AM,2018,06,07,02,18.0,63,Moderate,14.0,UG/M3,1 Hr,Valid
Tashkent,PM2.5 - Principal,2018-06-07 03:00 AM,2018,06,07,03,15.5,58,Moderate,13.0,UG/M3,1 Hr,Valid
Tashkent,PM2.5 - Principal,2018-06-07 04:00 AM,2018,06,07,04,13.7,54,Moderate,12.0,UG/M3,1 Hr,Valid
Tashkent,PM2.5 - Principal,2018-06-07 05:00 AM,2018,06,07,05,14.3,56,Moderate,15.0,UG/M3,1 Hr,Valid
Tashkent,PM2.5 - Principal,2018-06-07 06:00 AM,2018,06,07,06,13.1,53,Moderate,12.0,UG/M3,1 Hr,Valid
Tashkent,PM2.5 - Principal,2018-06-07 07:00 AM,2018,06,07,07,10.5,44,Good,8.0,UG/M3,1 Hr,Valid
Tashkent,PM2.5 - Principal,2018-06-07 08:00 AM,2018,06,07,08,9.7,40,Good,9.0,UG/M3,1 Hr,Valid
Tashkent,PM2.5 - Principal,2018-06-07 09:00 AM,2018,06,07,09,11.8,49,Good,14.0,UG/M3,1 Hr,Valid
Tashkent,PM2.5 - Principal,2018-06-07 10:00 AM,2018,06,07,10,10.9,45,Good,10.0,UG/M3,1 Hr,Valid
Tashkent,PM2.5 - Principal,2018-06-07 11:00 AM,2018,06,07,11,11.4,48,Good,12.0,UG/M3,1 Hr,Valid
Tashkent,PM2.5 - Principal,2018-06-07 12:00 PM,2018,06,07,12,12.2,51,Moderate,13.0,UG/M3,1 Hr,Valid
Tashkent,PM2.5 - Principal,2018-06-07 01:00 PM,2018,06,07,13,14.1,55,Moderate,16.0,UG/M3,1 Hr,Valid
Tashkent,PM2.5 - Principal,2018-06-07 02:00 PM,2018,06,07,14,14.0,55,Moderate,14.0,UG/M3,1 Hr,Valid
Tashkent,PM2.5 - Principal,2018-06-07 03:00 PM,2018,06,07,15,14.5,56,Moderate,15.0,UG/M3,1 Hr,Valid
Tashkent,PM2.5 - Principal,2018-06-07 04:00 PM,2018,06,07,16,13.2,53,Moderate,12.0,UG/M3,1 Hr,Valid
Tashkent,PM2.5 - Principal,2018-06-07 05:00 PM,2018,06,07,17,16.1,59,Moderate,19.0,UG/M3,1 Hr,Valid
Tashkent,PM2.5 - Principal,2018-06-07 06:00 PM,2018,06,07,18,15.5,58,Moderate,15.0,UG/M3,1 Hr,Valid
Tashkent,PM2.5 - Principal,2018-06-07 07:00 PM,2018,06,07,19,18.2,64,Moderate,21.0,UG/M3,1 Hr,Valid
Tashkent,PM2.5 - Principal,2018-06-07 08:00 PM,2018,06,07,20,29.6,88,Moderate,41.0,UG/M3,1 Hr,Valid
Tashkent,PM2.5 - Principal,2018-06-07 09:00 PM,2018,06,07,21,28.8,86,Moderate,28.0,UG/M3,1 Hr,Valid
Tashkent,PM2.5 - Principal,2018-06-07 10:00 PM,2018,06,07,22,21.9,72,Moderate,15.0,UG/M3,1 Hr,Valid
Tashkent,PM2.5 - Principal,2018-06-07 11:00 PM,2018,06,07,23,20.4,68,Moderate,19.0,UG/M3,1 Hr,Valid
Tashkent,PM2.5 - Principal,2018-06-08 12:00 AM,2018,06,08,00,18.7,65,Moderate,17.0,UG/M3,1 Hr,Valid
Tashkent,PM2.5 - Principal,2018-06-08 01:00 AM,2018,06,08,01,15.8,59,Moderate,13.0,UG/M3,1 Hr,Valid
Tashkent,PM2.5 - Principal,2018-06-08 02:00 AM,2018,06,08,02,12.9,53,Moderate,10.0,UG/M3,1 Hr,Valid
Tashkent,PM2.5 - Principal,2018-06-08 03:00 AM,2018,06,08,03,11.4,48,Good,10.0,UG/M3,1 Hr,Valid
Tashkent,PM2.5 - Principal,2018-06-08 04:00 AM,2018,06,08,04,19.7,67,Moderate,28.0,UG/M3,1 Hr,Valid
Tashkent,PM2.5 - Principal,2018-06-08 05:00 AM,2018,06,08,05,32.8,95,Moderate,46.0,UG/M3,1 Hr,Valid
Tashkent,PM2.5 - Principal,2018-06-08 06:00 AM,2018,06,08,06,24.4,77,Moderate,16.0,UG/M3,1 Hr,Valid
Tashkent,PM2.5 - Principal,2018-06-08 07:00 AM,2018,06,08,07,19.2,66,Moderate,14.0,UG/M3,1 Hr,Valid
Tashkent,PM2.5 - Principal,2018-06-08 08:00 AM,2018,06,08,08,17.1,62,Moderate,15.0,UG/M3,1 Hr,Valid
Tashkent,PM2.5 - Principal,2018-06-08 09:00 AM,2018,06,08,09,20.0,68,Moderate,23.0,UG/M3,1 Hr,Valid
Tashkent,PM2.5 - Principal,2018-06-08 10:00 AM,2018,06,08,10,23.5,75,Moderate,27.0,UG/M3,1 Hr,Valid
Tashkent,PM2.5 - Principal,2018-06-08 11:00 AM,2018,06,08,11,23.2,74,Moderate,23.0,UG/M3,1 Hr,Valid
Tashkent,PM2.5 - Principal,2018-06-08 12:00 PM,2018,06,08,12,23.1,74,Moderate,23.0,UG/M3,1 Hr,Valid
Tashkent,PM2.5 - Principal,2018-06-08 01:00 PM,2018,06,08,13,20.5,69,Moderate,18.0,UG/M3,1 Hr,Valid
Tashkent,PM2.5 - Principal,2018-06-08 02:00 PM,2018,06,08,14,19.2,66,Moderate,18.0,UG/M3,1 Hr,Valid
Tashkent,PM2.5 - Principal,2018-06-08 03:00 PM,2018,06,08,15,18.6,65,Moderate,18.0,UG/M3,1 Hr,Valid
Tashkent,PM2.5 - Principal,2018-06-08 04:00 PM,2018,06,08,16,17.3,62,Moderate,16.0,UG/M3,1 Hr,Valid
Tashkent,PM2.5 - Principal,2018-06-08 05:00 PM,2018,06,08,17,22.6,73,Moderate,28.0,UG/M3,1 Hr,Valid
Tashkent,PM2.5 - Principal,2018-06-08 06:00 PM,2018,06,08,18,20.8,69,Moderate,19.0,UG/M3,1 Hr,Valid
Tashkent,PM2.5 - Principal,2018-06-08 07:00 PM,2018,06,08,19,22.2,72,Moderate,24.0,UG/M3,1 Hr,Valid
Tashkent,PM2.5 - Principal,2018-06-08 08:00 PM,2018,06,08,20,25.8,80,Moderate,30.0,UG/M3,1 Hr,Valid
Tashkent,PM2.5 - Principal,2018-06-08 09:00 PM,2018,06,08,21,50.1,137,Unhealthy for Sensitive Groups,74.0,UG/M3,1 Hr,Valid
Tashkent,PM2.5 - Principal,2018-06-08 10:00 PM,2018,06,08,22,48.5,133,Unhealthy for Sensitive Groups,47.0,UG/M3,1 Hr,Valid
Tashkent,PM2.5 - Principal,2018-06-08 11:00 PM,2018,06,08,23,55.7,151,Unhealthy,63.0,UG/M3,1 Hr,Valid
Tashkent,PM2.5 - Principal,2018-06-09 12:00 AM,2018,06,09,00,58.8,153,Unhealthy,62.0,UG/M3,1 Hr,Valid
Tashkent,PM2.5 - Principal,2018-06-09 01:00 AM,2018,06,09,01,50.9,139,Unhealthy for Sensitive Groups,43.0,UG/M3,1 Hr,Valid
Tashkent,PM2.5 - Principal,2018-06-09 02:00 AM,2018,06,09,02,42.9,119,Unhealthy for Sensitive Groups,35.0,UG/M3,1 Hr,Valid
Tashkent,PM2.5 - Principal,2018-06-09 03:00 AM,2018,06,09,03,32.9,95,Moderate,23.0,UG/M3,1 Hr,Valid
Tashkent,PM2.5 - Principal,2018-06-09 04:00 AM,2018,06,09,04,29.9,88,Moderate,27.0,UG/M3,1 Hr,Valid
Tashkent,PM2.5 - Principal,2018-06-09 05:00 AM,2018,06,09,05,36.4,103,Unhealthy for Sensitive Groups,43.0,UG/M3,1 Hr,Valid
Tashkent,PM2.5 - Principal,2018-06-09 06:00 AM,2018,06,09,06,41.2,115,Unhealthy for Sensitive Groups,46.0,UG/M3,1 Hr,Valid
Tashkent,PM2.5 - Principal,2018-06-09 07:00 AM,2018,06,09,07,43.1,120,Unhealthy for Sensitive Groups,45.0,UG/M3,1 Hr,Valid
Tashkent,PM2.5 - Principal,2018-06-09 08:00 AM,2018,06,09,08,44.0,122,Unhealthy for Sensitive Groups,45.0,UG/M3,1 Hr,Valid
Tashkent,PM2.5 - Principal,2018-06-09 09:00 AM,2018,06,09,09,44.5,123,Unhealthy for Sensitive Groups,45.0,UG/M3,1 Hr,Valid
Tashkent,PM2.5 - Principal,2018-06-09 10:00 AM,2018,06,09,10,44.2,122,Unhealthy for Sensitive Groups,44.0,UG/M3,1 Hr,Valid
Tashkent,PM2.5 - Principal,2018-06-09 11:00 AM,2018,06,09,11,43.6,121,Unhealthy for Sensitive Groups,43.0,UG/M3,1 Hr,Valid
Tashkent,PM2.5 - Principal,2018-06-09 12:00 PM,2018,06,09,12,41.8,117,Unhealthy for Sensitive Groups,40.0,UG/M3,1 Hr,Valid
Tashkent,PM2.5 - Principal,2018-06-09 01:00 PM,2018,06,09,13,36.9,104,Unhealthy for Sensitive Groups,32.0,UG/M3,1 Hr,Valid
Tashkent,PM2.5 - Principal,2018-06-09 02:00 PM,2018,06,09,14,33.9,97,Moderate,31.0,UG/M3,1 Hr,Valid
Tashkent,PM2.5 - Principal,2018-06-09 03:00 PM,2018,06,09,15,32.5,94,Moderate,29.0,UG/M3,1 Hr,Valid
Tashkent,PM2.5 - Principal,2018-06-09 04:00 PM,2018,06,09,16,27.2,83,Moderate,23.0,UG/M3,1 Hr,Valid
Tashkent,PM2.5 - Principal,2018-06-09 05:00 PM,2018,06,09,17,29.1,87,Moderate,31.0,UG/M3,1 Hr,Valid
Tashkent,PM2.5 - Principal,2018-06-09 06:00 PM,2018,06,09,18,23.5,75,Moderate,18.0,UG/M3,1 Hr,Valid
Tashkent,PM2.5 - Principal,2018-06-09 07:00 PM,2018,06,09,19,29.7,88,Moderate,36.0,UG/M3,1 Hr,Valid
Tashkent,PM2.5 - Principal,2018-06-09 08:00 PM,2018,06,09,20,29.8,88,Moderate,30.0,UG/M3,1 Hr,Valid
Tashkent,PM2.5 - Principal,2018-06-09 09:00 PM,2018,06,09,21,24.9,78,Moderate,20.0,UG/M3,1 Hr,Valid
Tashkent,PM2.5 - Principal,2018-06-09 10:00 PM,2018,06,09,22,25.9,80,Moderate,27.0,UG/M3,1 Hr,Valid
Tashkent,PM2.5 - Principal,2018-06-09 11:00 PM,2018,06,09,23,21.4,71,Moderate,17.0,UG/M3,1 Hr,Valid
Tashkent,PM2.5 - Principal,2018-06-10 12:00 AM,2018,06,10,00,19.2,66,Moderate,17.0,UG/M3,1 Hr,Valid
Tashkent,PM2.5 - Principal,2018-06-10 01:00 AM,2018,06,10,01,17.1,62,Moderate,15.0,UG/M3,1 Hr,Valid
Tashkent,PM2.5 - Principal,2018-06-10 02:00 AM,2018,06,10,02,14.0,55,Moderate,11.0,UG/M3,1 Hr,Valid
Tashkent,PM2.5 - Principal,2018-06-10 03:00 AM,2018,06,10,03,14.0,55,Moderate,14.0,UG/M3,1 Hr,Valid
Tashkent,PM2.5 - Principal,2018-06-10 04:00 AM,2018,06,10,04,17.5,62,Moderate,21.0,UG/M3,1 Hr,Valid
Tashkent,PM2.5 - Principal,2018-06-10 05:00 AM,2018,06,10,05,14.2,55,Moderate,11.0,UG/M3,1 Hr,Valid
Tashkent,PM2.5 - Principal,2018-06-10 06:00 AM,2018,06,10,06,13.1,53,Moderate,12.0,UG/M3,1 Hr,Valid
Tashkent,PM2.5 - Principal,2018-06-10 07:00 AM,2018,06,10,07,15.0,57,Moderate,17.0,UG/M3,1 Hr,Valid
Tashkent,PM2.5 - Principal,2018-06-10 08:00 AM,2018,06,10,08,21.0,70,Moderate,27.0,UG/M3,1 Hr,Valid
Tashkent,PM2.5 - Principal,2018-06-10 09:00 AM,2018,06,10,09,30.5,90,Moderate,40.0,UG/M3,1 Hr,Valid
Tashkent,PM2.5 - Principal,2018-06-10 10:00 AM,2018,06,10,10,37.2,105,Unhealthy for Sensitive Groups,44.0,UG/M3,1 Hr,Valid
Tashkent,PM2.5 - Principal,2018-06-10 11:00 AM,2018,06,10,11,38.6,109,Unhealthy for Sensitive Groups,40.0,UG/M3,1 Hr,Valid
Tashkent,PM2.5 - Principal,2018-06-10 12:00 PM,2018,06,10,12,43.8,121,Unhealthy for Sensitive Groups,49.0,UG/M3,1 Hr,Valid
Tashkent,PM2.5 - Principal,2018-06-10 01:00 PM,2018,06,10,13,43.4,120,Unhealthy for Sensitive Groups,43.0,UG/M3,1 Hr,Valid
Tashkent,PM2.5 - Principal,2018-06-10 02:00 PM,2018,06,10,14,28.7,86,Moderate,14.0,UG/M3,1 Hr,Valid
Tashkent,PM2.5 - Principal,2018-06-10 03:00 PM,2018,06,10,15,32.3,93,Moderate,36.0,UG/M3,1 Hr,Valid
Tashkent,PM2.5 - Principal,2018-06-10 04:00 PM,2018,06,10,16,36.6,104,Unhealthy for Sensitive Groups,41.0,UG/M3,1 Hr,Valid
Tashkent,PM2.5 - Principal,2018-06-10 05:00 PM,2018,06,10,17,27.8,84,Moderate,19.0,UG/M3,1 Hr,Valid
Tashkent,PM2.5 - Principal,2018-06-10 06:00 PM,2018,06,10,18,24.4,77,Moderate,21.0,UG/M3,1 Hr,Valid
Tashkent,PM2.5 - Principal,2018-06-10 07:00 PM,2018,06,10,19,26.7,82,Moderate,29.0,UG/M3,1 Hr,Valid
Tashkent,PM2.5 - Principal,2018-06-10 08:00 PM,2018,06,10,20,37.3,105,Unhealthy for Sensitive Groups,48.0,UG/M3,1 Hr,Valid
Tashkent,PM2.5 - Principal,2018-06-10 09:00 PM,2018,06,10,21,38.1,107,Unhealthy for Sensitive Groups,39.0,UG/M3,1 Hr,Valid
Tashkent,PM2.5 - Principal,2018-06-10 10:00 PM,2018,06,10,22,36.5,103,Unhealthy for Sensitive Groups,35.0,UG/M3,1 Hr,Valid
Tashkent,PM2.5 - Principal,2018-06-10 11:00 PM,2018,06,10,23,27.7,84,Moderate,19.0,UG/M3,1 Hr,Valid
Tashkent,PM2.5 - Principal,2018-06-11 12:00 AM,2018,06,11,00,25.3,79,Moderate,23.0,UG/M3,1 Hr,Valid
Tashkent,PM2.5 - Principal,2018-06-11 01:00 AM,2018,06,11,01,21.1,70,Moderate,17.0,UG/M3,1 Hr,Valid
Tashkent,PM2.5 - Principal,2018-06-11 02:00 AM,2018,06,11,02,19.0,66,Moderate,17.0,UG/M3,1 Hr,Valid
Tashkent,PM2.5 - Principal,2018-06-11 03:00 AM,2018,06,11,03,18.0,63,Moderate,17.0,UG/M3,1 Hr,Valid
Tashkent,PM2.5 - Principal,2018-06-11 04:00 AM,2018,06,11,04,12.0,50,Good,6.0,UG/M3,1 Hr,Valid
Tashkent,PM2.5 - Principal,2018-06-11 05:00 AM,2018,06,11,05,14.5,56,Moderate,17.0,UG/M3,1 Hr,Valid
Tashkent,PM2.5 - Principal,2018-06-11 06:00 AM,2018,06,11,06,15.2,58,Moderate,16.0,UG/M3,1 Hr,Valid
Tashkent,PM2.5 - Principal,2018-06-11 07:00 AM,2018,06,11,07,16.6,60,Moderate,18.0,UG/M3,1 Hr,Valid
Tashkent,PM2.5 - Principal,2018-06-11 08:00 AM,2018,06,11,08,14.8,57,Moderate,13.0,UG/M3,1 Hr,Valid
Tashkent,PM2.5 - Principal,2018-06-11 09:00 AM,2018,06,11,09,13.9,55,Moderate,13.0,UG/M3,1 Hr,Valid
Tashkent,PM2.5 - Principal,2018-06-11 10:00 AM,2018,06,11,10,11.9,50,Good,10.0,UG/M3,1 Hr,Valid
Tashkent,PM2.5 - Principal,2018-06-11 11:00 AM,2018,06,11,11,12.9,53,Moderate,14.0,UG/M3,1 Hr,Valid
Tashkent,PM2.5 - Principal,2018-06-11 12:00 PM,2018,06,11,12,13.9,55,Moderate,15.0,UG/M3,1 Hr,Valid
Tashkent,PM2.5 - Principal,2018-06-11 01:00 PM,2018,06,11,13,13.9,55,Moderate,14.0,UG/M3,1 Hr,Valid
Tashkent,PM2.5 - Principal,2018-06-11 02:00 PM,2018,06,11,14,13.9,55,Moderate,14.0,UG/M3,1 Hr,Valid
Tashkent,PM2.5 - Principal,2018-06-11 03:00 PM,2018,06,11,15,15.4,58,Moderate,17.0,UG/M3,1 Hr,Valid
Tashkent,PM2.5 - Principal,2018-06-11 04:00 PM,2018,06,11,16,17.1,62,Moderate,19.0,UG/M3,1 Hr,Valid
Tashkent,PM2.5 - Principal,2018-06-11 05:00 PM,2018,06,11,17,18.6,65,Moderate,20.0,UG/M3,1 Hr,Valid
Tashkent,PM2.5 - Principal,2018-06-11 06:00 PM,2018,06,11,18,18.8,65,Moderate,19.0,UG/M3,1 Hr,Valid
Tashkent,PM2.5 - Principal,2018-06-11 07:00 PM,2018,06,11,19,22.4,73,Moderate,26.0,UG/M3,1 Hr,Valid
Tashkent,PM2.5 - Principal,2018-06-11 08:00 PM,2018,06,11,20,22.7,73,Moderate,23.0,UG/M3,1 Hr,Valid
Tashkent,PM2.5 - Principal,2018-06-11 09:00 PM,2018,06,11,21,23.8,76,Moderate,25.0,UG/M3,1 Hr,Valid
Tashkent,PM2.5 - Principal,2018-06-11 10:00 PM,2018,06,11,22,23.8,76,Moderate,24.0,UG/M3,1 Hr,Valid
Tashkent,PM2.5 - Principal,2018-06-11 11:00 PM,2018,06,11,23,59.9,153,Unhealthy,96.0,UG/M3,1 Hr,Valid
Tashkent,PM2.5 - Principal,2018-06-12 12:00 AM,2018,06,12,00,48.4,133,Unhealthy for Sensitive Groups,37.0,UG/M3,1 Hr,Valid
Tashkent,PM2.5 - Principal,2018-06-12 01:00 AM,2018,06,12,01,35.7,101,Unhealthy for Sensitive Groups,23.0,UG/M3,1 Hr,Valid
Tashkent,PM2.5 - Principal,2018-06-12 02:00 AM,2018,06,12,02,28.3,85,Moderate,21.0,UG/M3,1 Hr,Valid
Tashkent,PM2.5 - Principal,2018-06-12 03:00 AM,2018,06,12,03,21.6,71,Moderate,15.0,UG/M3,1 Hr,Valid
Tashkent,PM2.5 - Principal,2018-06-12 04:00 AM,2018,06,12,04,19.3,66,Moderate,17.0,UG/M3,1 Hr,Valid
Tashkent,PM2.5 - Principal,2018-06-12 05:00 AM,2018,06,12,05,17.6,63,Moderate,16.0,UG/M3,1 Hr,Valid
Tashkent,PM2.5 - Principal,2018-06-12 06:00 AM,2018,06,12,06,13.8,55,Moderate,10.0,UG/M3,1 Hr,Valid
Tashkent,PM2.5 - Principal,2018-06-12 07:00 AM,2018,06,12,07,30.4,89,Moderate,47.0,UG/M3,1 Hr,Valid
Tashkent,PM2.5 - Principal,2018-06-12 08:00 AM,2018,06,12,08,41.7,116,Unhealthy for Sensitive Groups,53.0,UG/M3,1 Hr,Valid
Tashkent,PM2.5 - Principal,2018-06-12 09:00 AM,2018,06,12,09,41.7,116,Unhealthy for Sensitive Groups,-15.0,UG/M3,1 Hr,Invalid
Tashkent,PM2.5 - Principal,2018-06-12 10:00 AM,2018,06,12,10,36.5,103,Unhealthy for Sensitive Groups,34.0,UG/M3,1 Hr,Valid
Tashkent,PM2.5 - Principal,2018-06-12 11:00 AM,2018,06,12,11,28.8,86,Moderate,23.0,UG/M3,1 Hr,Valid
Tashkent,PM2.5 - Principal,2018-06-12 12:00 PM,2018,06,12,12,32.1,93,Moderate,35.0,UG/M3,1 Hr,Valid
Tashkent,PM2.5 - Principal,2018-06-12 01:00 PM,2018,06,12,13,29.9,88,Moderate,28.0,UG/M3,1 Hr,Valid
Tashkent,PM2.5 - Principal,2018-06-12 02:00 PM,2018,06,12,14,25.4,79,Moderate,21.0,UG/M3,1 Hr,Valid
Tashkent,PM2.5 - Principal,2018-06-12 03:00 PM,2018,06,12,15,20.6,69,Moderate,16.0,UG/M3,1 Hr,Valid
Tashkent,PM2.5 - Principal,2018-06-12 04:00 PM,2018,06,12,16,14.3,56,Moderate,8.0,UG/M3,1 Hr,Valid
Tashkent,PM2.5 - Principal,2018-06-12 05:00 PM,2018,06,12,17,15.6,58,Moderate,17.0,UG/M3,1 Hr,Valid
Tashkent,PM2.5 - Principal,2018-06-12 06:00 PM,2018,06,12,18,15.8,59,Moderate,16.0,UG/M3,1 Hr,Valid
Tashkent,PM2.5 - Principal,2018-06-12 07:00 PM,2018,06,12,19,14.4,56,Moderate,13.0,UG/M3,1 Hr,Valid
Tashkent,PM2.5 - Principal,2018-06-12 08:00 PM,2018,06,12,20,16.2,60,Moderate,18.0,UG/M3,1 Hr,Valid
Tashkent,PM2.5 - Principal,2018-06-12 09:00 PM,2018,06,12,21,17.6,63,Moderate,19.0,UG/M3,1 Hr,Valid
Tashkent,PM2.5 - Principal,2018-06-12 10:00 PM,2018,06,12,22,19.7,67,Moderate,22.0,UG/M3,1 Hr,Valid
Tashkent,PM2.5 - Principal,2018-06-12 11:00 PM,2018,06,12,23,16.8,61,Moderate,14.0,UG/M3,1 Hr,Valid
Tashkent,PM2.5 - Principal,2018-06-13 12:00 AM,2018,06,13,00,29.4,87,Moderate,42.0,UG/M3,1 Hr,Valid
Tashkent,PM2.5 - Principal,2018-06-13 01:00 AM,2018,06,13,01,29.2,87,Moderate,29.0,UG/M3,1 Hr,Valid
Tashkent,PM2.5 - Principal,2018-06-13 02:00 AM,2018,06,13,02,19.1,66,Moderate,9.0,UG/M3,1 Hr,Valid
Tashkent,PM2.5 - Principal,2018-06-13 03:00 AM,2018,06,13,03,13.5,54,Moderate,8.0,UG/M3,1 Hr,Valid
Tashkent,PM2.5 - Principal,2018-06-13 04:00 AM,2018,06,13,04,14.7,56,Moderate,16.0,UG/M3,1 Hr,Valid
Tashkent,PM2.5 - Principal,2018-06-13 05:00 AM,2018,06,13,05,13.8,55,Moderate,13.0,UG/M3,1 Hr,Valid
Tashkent,PM2.5 - Principal,2018-06-13 06:00 AM,2018,06,13,06,22.4,73,Moderate,31.0,UG/M3,1 Hr,Valid
Tashkent,PM2.5 - Principal,2018-06-13 07:00 AM,2018,06,13,07,22.2,72,Moderate,22.0,UG/M3,1 Hr,Valid
Tashkent,PM2.5 - Principal,2018-06-13 08:00 AM,2018,06,13,08,19.6,67,Moderate,17.0,UG/M3,1 Hr,Valid
Tashkent,PM2.5 - Principal,2018-06-13 09:00 AM,2018,06,13,09,19.8,67,Moderate,20.0,UG/M3,1 Hr,Valid
Tashkent,PM2.5 - Principal,2018-06-13 10:00 AM,2018,06,13,10,13.9,55,Moderate,8.0,UG/M3,1 Hr,Valid
Tashkent,PM2.5 - Principal,2018-06-13 11:00 AM,2018,06,13,11,14.4,56,Moderate,15.0,UG/M3,1 Hr,Valid
Tashkent,PM2.5 - Principal,2018-06-13 12:00 PM,2018,06,13,12,10.7,45,Good,7.0,UG/M3,1 Hr,Valid
Tashkent,PM2.5 - Principal,2018-06-13 01:00 PM,2018,06,13,13,7.3,30,Good,4.0,UG/M3,1 Hr,Valid
Tashkent,PM2.5 - Principal,2018-06-13 02:00 PM,2018,06,13,14,10.1,42,Good,13.0,UG/M3,1 Hr,Valid
Tashkent,PM2.5 - Principal,2018-06-13 03:00 PM,2018,06,13,15,10.0,42,Good,10.0,UG/M3,1 Hr,Valid
Tashkent,PM2.5 - Principal,2018-06-13 04:00 PM,2018,06,13,16,24.5,77,Moderate,39.0,UG/M3,1 Hr,Valid
Tashkent,PM2.5 - Principal,2018-06-13 05:00 PM,2018,06,13,17,15.7,59,Moderate,7.0,UG/M3,1 Hr,Valid
Tashkent,PM2.5 - Principal,2018-06-13 06:00 PM,2018,06,13,18,10.8,45,Good,6.0,UG/M3,1 Hr,Valid
Tashkent,PM2.5 - Principal,2018-06-13 07:00 PM,2018,06,13,19,10.4,43,Good,10.0,UG/M3,1 Hr,Valid
Tashkent,PM2.5 - Principal,2018-06-13 08:00 PM,2018,06,13,20,25.2,79,Moderate,40.0,UG/M3,1 Hr,Valid
Tashkent,PM2.5 - Principal,2018-06-13 09:00 PM,2018,06,13,21,44.6,123,Unhealthy for Sensitive Groups,64.0,UG/M3,1 Hr,Valid
Tashkent,PM2.5 - Principal,2018-06-13 10:00 PM,2018,06,13,22,52.8,144,Unhealthy for Sensitive Groups,61.0,UG/M3,1 Hr,Valid
Tashkent,PM2.5 - Principal,2018-06-13 11:00 PM,2018,06,13,23,60.4,154,Unhealthy,68.0,UG/M3,1 Hr,Valid
Tashkent,PM2.5 - Principal,2018-06-14 12:00 AM,2018,06,14,00,50.2,137,Unhealthy for Sensitive Groups,40.0,UG/M3,1 Hr,Valid
Tashkent,PM2.5 - Principal,2018-06-14 01:00 AM,2018,06,14,01,39.6,111,Unhealthy for Sensitive Groups,29.0,UG/M3,1 Hr,Valid
Tashkent,PM2.5 - Principal,2018-06-14 02:00 AM,2018,06,14,02,28.3,85,Moderate,17.0,UG/M3,1 Hr,Valid
Tashkent,PM2.5 - Principal,2018-06-14 03:00 AM,2018,06,14,03,20.1,68,Moderate,12.0,UG/M3,1 Hr,Valid
Tashkent,PM2.5 - Principal,2018-06-14 04:00 AM,2018,06,14,04,25.5,79,Moderate,31.0,UG/M3,1 Hr,Valid
Tashkent,PM2.5 - Principal,2018-06-14 05:00 AM,2018,06,14,05,24.2,76,Moderate,23.0,UG/M3,1 Hr,Valid
Tashkent,PM2.5 - Principal,2018-06-14 06:00 AM,2018,06,14,06,25.1,78,Moderate,26.0,UG/M3,1 Hr,Valid
Tashkent,PM2.5 - Principal,2018-06-14 07:00 AM,2018,06,14,07,29.0,87,Moderate,33.0,UG/M3,1 Hr,Valid
Tashkent,PM2.5 - Principal,2018-06-14 08:00 AM,2018,06,14,08,28.5,85,Moderate,28.0,UG/M3,1 Hr,Valid
Tashkent,PM2.5 - Principal,2018-06-14 09:00 AM,2018,06,14,09,34.2,97,Moderate,40.0,UG/M3,1 Hr,Valid
Tashkent,PM2.5 - Principal,2018-06-14 10:00 AM,2018,06,14,10,48.1,132,Unhealthy for Sensitive Groups,62.0,UG/M3,1 Hr,Valid
Tashkent,PM2.5 - Principal,2018-06-14 11:00 AM,2018,06,14,11,59.5,153,Unhealthy,71.0,UG/M3,1 Hr,Valid
Tashkent,PM2.5 - Principal,2018-06-14 12:00 PM,2018,06,14,12,62.7,155,Unhealthy,66.0,UG/M3,1 Hr,Valid
Tashkent,PM2.5 - Principal,2018-06-14 01:00 PM,2018,06,14,13,59.8,153,Unhealthy,57.0,UG/M3,1 Hr,Valid
Tashkent,PM2.5 - Principal,2018-06-14 02:00 PM,2018,06,14,14,55.4,150,Unhealthy for Sensitive Groups,51.0,UG/M3,1 Hr,Valid
Tashkent,PM2.5 - Principal,2018-06-14 03:00 PM,2018,06,14,15,45.2,125,Unhealthy for Sensitive Groups,35.0,UG/M3,1 Hr,Valid
Tashkent,PM2.5 - Principal,2018-06-14 04:00 PM,2018,06,14,16,40.1,112,Unhealthy for Sensitive Groups,35.0,UG/M3,1 Hr,Valid
Tashkent,PM2.5 - Principal,2018-06-14 05:00 PM,2018,06,14,17,37.0,105,Unhealthy for Sensitive Groups,34.0,UG/M3,1 Hr,Valid
Tashkent,PM2.5 - Principal,2018-06-14 06:00 PM,2018,06,14,18,48.0,132,Unhealthy for Sensitive Groups,59.0,UG/M3,1 Hr,Valid
Tashkent,PM2.5 - Principal,2018-06-14 07:00 PM,2018,06,14,19,35.5,101,Unhealthy for Sensitive Groups,23.0,UG/M3,1 Hr,Valid
Tashkent,PM2.5 - Principal,2018-06-14 08:00 PM,2018,06,14,20,23.7,75,Moderate,12.0,UG/M3,1 Hr,Valid
Tashkent,PM2.5 - Principal,2018-06-14 09:00 PM,2018,06,14,21,17.8,63,Moderate,12.0,UG/M3,1 Hr,Valid
Tashkent,PM2.5 - Principal,2018-06-14 10:00 PM,2018,06,14,22,14.9,57,Moderate,12.0,UG/M3,1 Hr,Valid
Tashkent,PM2.5 - Principal,2018-06-14 11:00 PM,2018,06,14,23,14.9,57,Moderate,15.0,UG/M3,1 Hr,Valid
Tashkent,PM2.5 - Principal,2018-06-15 12:00 AM,2018,06,15,00,14.4,56,Moderate,14.0,UG/M3,1 Hr,Valid
Tashkent,PM2.5 - Principal,2018-06-15 01:00 AM,2018,06,15,01,14.7,56,Moderate,15.0,UG/M3,1 Hr,Valid
Tashkent,PM2.5 - Principal,2018-06-15 02:00 AM,2018,06,15,02,13.8,55,Moderate,13.0,UG/M3,1 Hr,Valid
Tashkent,PM2.5 - Principal,2018-06-15 03:00 AM,2018,06,15,03,14.4,56,Moderate,15.0,UG/M3,1 Hr,Valid
Tashkent,PM2.5 - Principal,2018-06-15 04:00 AM,2018,06,15,04,12.2,51,Moderate,10.0,UG/M3,1 Hr,Valid
Tashkent,PM2.5 - Principal,2018-06-15 05:00 AM,2018,06,15,05,11.1,46,Good,10.0,UG/M3,1 Hr,Valid
Tashkent,PM2.5 - Principal,2018-06-15 06:00 AM,2018,06,15,06,16.0,59,Moderate,21.0,UG/M3,1 Hr,Valid
Tashkent,PM2.5 - Principal,2018-06-15 07:00 AM,2018,06,15,07,22.5,73,Moderate,29.0,UG/M3,1 Hr,Valid
Tashkent,PM2.5 - Principal,2018-06-15 08:00 AM,2018,06,15,08,26.7,82,Moderate,31.0,UG/M3,1 Hr,Valid
Tashkent,PM2.5 - Principal,2018-06-15 09:00 AM,2018,06,15,09,16.8,61,Moderate,7.0,UG/M3,1 Hr,Valid
Tashkent,PM2.5 - Principal,2018-06-15 10:00 AM,2018,06,15,10,13.4,54,Moderate,10.0,UG/M3,1 Hr,Valid
Tashkent,PM2.5 - Principal,2018-06-15 11:00 AM,2018,06,15,11,12.7,52,Moderate,12.0,UG/M3,1 Hr,Valid
Tashkent,PM2.5 - Principal,2018-06-15 12:00 PM,2018,06,15,12,11.3,47,Good,10.0,UG/M3,1 Hr,Valid
Tashkent,PM2.5 - Principal,2018-06-15 01:00 PM,2018,06,15,13,13.1,53,Moderate,15.0,UG/M3,1 Hr,Valid
Tashkent,PM2.5 - Principal,2018-06-15 02:00 PM,2018,06,15,14,12.5,52,Moderate,12.0,UG/M3,1 Hr,Valid
Tashkent,PM2.5 - Principal,2018-06-15 03:00 PM,2018,06,15,15,10.7,45,Good,9.0,UG/M3,1 Hr,Valid
Tashkent,PM2.5 - Principal,2018-06-15 04:00 PM,2018,06,15,16,10.8,45,Good,11.0,UG/M3,1 Hr,Valid
Tashkent,PM2.5 - Principal,2018-06-15 05:00 PM,2018,06,15,17,17.4,62,Moderate,24.0,UG/M3,1 Hr,Valid
Tashkent,PM2.5 - Principal,2018-06-15 06:00 PM,2018,06,15,18,13.7,54,Moderate,10.0,UG/M3,1 Hr,Valid
Tashkent,PM2.5 - Principal,2018-06-15 07:00 PM,2018,06,15,19,14.8,57,Moderate,16.0,UG/M3,1 Hr,Valid
Tashkent,PM2.5 - Principal,2018-06-15 08:00 PM,2018,06,15,20,18.9,65,Moderate,23.0,UG/M3,1 Hr,Valid
Tashkent,PM2.5 - Principal,2018-06-15 09:00 PM,2018,06,15,21,21.9,72,Moderate,25.0,UG/M3,1 Hr,Valid
Tashkent,PM2.5 - Principal,2018-06-15 10:00 PM,2018,06,15,22,14.4,56,Moderate,7.0,UG/M3,1 Hr,Valid
Tashkent,PM2.5 - Principal,2018-06-15 11:00 PM,2018,06,15,23,14.2,55,Moderate,14.0,UG/M3,1 Hr,Valid
Tashkent,PM2.5 - Principal,2018-06-16 12:00 AM,2018,06,16,00,11.6,48,Good,9.0,UG/M3,1 Hr,Valid
Tashkent,PM2.5 - Principal,2018-06-16 01:00 AM,2018,06,16,01,11.3,47,Good,11.0,UG/M3,1 Hr,Valid
Tashkent,PM2.5 - Principal,2018-06-16 02:00 AM,2018,06,16,02,11.1,46,Good,11.0,UG/M3,1 Hr,Valid
Tashkent,PM2.5 - Principal,2018-06-16 03:00 AM,2018,06,16,03,13.0,53,Moderate,15.0,UG/M3,1 Hr,Valid
Tashkent,PM2.5 - Principal,2018-06-16 04:00 AM,2018,06,16,04,12.0,50,Good,11.0,UG/M3,1 Hr,Valid
Tashkent,PM2.5 - Principal,2018-06-16 05:00 AM,2018,06,16,05,16.0,59,Moderate,20.0,UG/M3,1 Hr,Valid
Tashkent,PM2.5 - Principal,2018-06-16 06:00 AM,2018,06,16,06,17.5,62,Moderate,19.0,UG/M3,1 Hr,Valid
Tashkent,PM2.5 - Principal,2018-06-16 07:00 AM,2018,06,16,07,37.7,106,Unhealthy for Sensitive Groups,58.0,UG/M3,1 Hr,Valid
Tashkent,PM2.5 - Principal,2018-06-16 08:00 AM,2018,06,16,08,43.3,120,Unhealthy for Sensitive Groups,49.0,UG/M3,1 Hr,Valid
Tashkent,PM2.5 - Principal,2018-06-16 09:00 AM,2018,06,16,09,29.1,87,Moderate,15.0,UG/M3,1 Hr,Valid
Tashkent,PM2.5 - Principal,2018-06-16 10:00 AM,2018,06,16,10,58.6,153,Unhealthy,88.0,UG/M3,1 Hr,Valid
Tashkent,PM2.5 - Principal,2018-06-16 11:00 AM,2018,06,16,11,53.8,146,Unhealthy for Sensitive Groups,49.0,UG/M3,1 Hr,Valid
Tashkent,PM2.5 - Principal,2018-06-16 12:00 PM,2018,06,16,12,42.4,118,Unhealthy for Sensitive Groups,31.0,UG/M3,1 Hr,Valid
Tashkent,PM2.5 - Principal,2018-06-16 01:00 PM,2018,06,16,13,34.2,97,Moderate,26.0,UG/M3,1 Hr,Valid
Tashkent,PM2.5 - Principal,2018-06-16 02:00 PM,2018,06,16,14,47.1,130,Unhealthy for Sensitive Groups,60.0,UG/M3,1 Hr,Valid
Tashkent,PM2.5 - Principal,2018-06-16 03:00 PM,2018,06,16,15,41.5,116,Unhealthy for Sensitive Groups,36.0,UG/M3,1 Hr,Valid
Tashkent,PM2.5 - Principal,2018-06-16 04:00 PM,2018,06,16,16,34.2,97,Moderate,27.0,UG/M3,1 Hr,Valid
Tashkent,PM2.5 - Principal,2018-06-16 05:00 PM,2018,06,16,17,20.1,68,Moderate,6.0,UG/M3,1 Hr,Valid
Tashkent,PM2.5 - Principal,2018-06-16 06:00 PM,2018,06,16,18,14.5,56,Moderate,9.0,UG/M3,1 Hr,Valid
Tashkent,PM2.5 - Principal,2018-06-16 07:00 PM,2018,06,16,19,13.2,53,Moderate,12.0,UG/M3,1 Hr,Valid
Tashkent,PM2.5 - Principal,2018-06-16 08:00 PM,2018,06,16,20,33.1,95,Moderate,53.0,UG/M3,1 Hr,Valid
Tashkent,PM2.5 - Principal,2018-06-16 09:00 PM,2018,06,16,21,43.5,121,Unhealthy for Sensitive Groups,54.0,UG/M3,1 Hr,Valid
Tashkent,PM2.5 - Principal,2018-06-16 10:00 PM,2018,06,16,22,45.7,126,Unhealthy for Sensitive Groups,48.0,UG/M3,1 Hr,Valid
Tashkent,PM2.5 - Principal,2018-06-16 11:00 PM,2018,06,16,23,38.8,109,Unhealthy for Sensitive Groups,32.0,UG/M3,1 Hr,Valid
Tashkent,PM2.5 - Principal,2018-06-17 12:00 AM,2018,06,17,00,40.9,114,Unhealthy for Sensitive Groups,43.0,UG/M3,1 Hr,Valid
Tashkent,PM2.5 - Principal,2018-06-17 01:00 AM,2018,06,17,01,34.9,99,Moderate,29.0,UG/M3,1 Hr,Valid
Tashkent,PM2.5 - Principal,2018-06-17 02:00 AM,2018,06,17,02,28.9,86,Moderate,23.0,UG/M3,1 Hr,Valid
Tashkent,PM2.5 - Principal,2018-06-17 03:00 AM,2018,06,17,03,22.4,73,Moderate,16.0,UG/M3,1 Hr,Valid
Tashkent,PM2.5 - Principal,2018-06-17 04:00 AM,2018,06,17,04,16.2,60,Moderate,10.0,UG/M3,1 Hr,Valid
Tashkent,PM2.5 - Principal,2018-06-17 05:00 AM,2018,06,17,05,13.6,54,Moderate,11.0,UG/M3,1 Hr,Valid
Tashkent,PM2.5 - Principal,2018-06-17 06:00 AM,2018,06,17,06,13.3,54,Moderate,13.0,UG/M3,1 Hr,Valid
Tashkent,PM2.5 - Principal,2018-06-17 07:00 AM,2018,06,17,07,16.1,59,Moderate,19.0,UG/M3,1 Hr,Valid
Tashkent,PM2.5 - Principal,2018-06-17 08:00 AM,2018,06,17,08,24.5,77,Moderate,33.0,UG/M3,1 Hr,Valid
Tashkent,PM2.5 - Principal,2018-06-17 09:00 AM,2018,06,17,09,29.7,88,Moderate,35.0,UG/M3,1 Hr,Valid
Tashkent,PM2.5 - Principal,2018-06-17 10:00 AM,2018,06,17,10,31.3,91,Moderate,33.0,UG/M3,1 Hr,Valid
Tashkent,PM2.5 - Principal,2018-06-17 11:00 AM,2018,06,17,11,29.1,87,Moderate,27.0,UG/M3,1 Hr,Valid
Tashkent,PM2.5 - Principal,2018-06-17 12:00 PM,2018,06,17,12,26.5,81,Moderate,24.0,UG/M3,1 Hr,Valid
Tashkent,PM2.5 - Principal,2018-06-17 01:00 PM,2018,06,17,13,26.2,81,Moderate,26.0,UG/M3,1 Hr,Valid
Tashkent,PM2.5 - Principal,2018-06-17 02:00 PM,2018,06,17,14,26.1,80,Moderate,26.0,UG/M3,1 Hr,Valid
Tashkent,PM2.5 - Principal,2018-06-17 03:00 PM,2018,06,17,15,24.5,77,Moderate,23.0,UG/M3,1 Hr,Valid
Tashkent,PM2.5 - Principal,2018-06-17 04:00 PM,2018,06,17,16,21.2,70,Moderate,18.0,UG/M3,1 Hr,Valid
Tashkent,PM2.5 - Principal,2018-06-17 05:00 PM,2018,06,17,17,22.6,73,Moderate,24.0,UG/M3,1 Hr,Valid
Tashkent,PM2.5 - Principal,2018-06-17 06:00 PM,2018,06,17,18,21.8,71,Moderate,21.0,UG/M3,1 Hr,Valid
Tashkent,PM2.5 - Principal,2018-06-17 07:00 PM,2018,06,17,19,20.9,70,Moderate,20.0,UG/M3,1 Hr,Valid
Tashkent,PM2.5 - Principal,2018-06-17 08:00 PM,2018,06,17,20,21.9,72,Moderate,23.0,UG/M3,1 Hr,Valid
Tashkent,PM2.5 - Principal,2018-06-17 09:00 PM,2018,06,17,21,25.1,78,Moderate,29.0,UG/M3,1 Hr,Valid
Tashkent,PM2.5 - Principal,2018-06-17 10:00 PM,2018,06,17,22,26.2,81,Moderate,29.0,UG/M3,1 Hr,Valid
Tashkent,PM2.5 - Principal,2018-06-17 11:00 PM,2018,06,17,23,27.3,83,Moderate,29.0,UG/M3,1 Hr,Valid
Tashkent,PM2.5 - Principal,2018-06-18 12:00 AM,2018,06,18,00,25.6,79,Moderate,23.0,UG/M3,1 Hr,Valid
Tashkent,PM2.5 - Principal,2018-06-18 01:00 AM,2018,06,18,01,27.9,84,Moderate,31.0,UG/M3,1 Hr,Valid
Tashkent,PM2.5 - Principal,2018-06-18 02:00 AM,2018,06,18,02,29.2,87,Moderate,31.0,UG/M3,1 Hr,Valid
Tashkent,PM2.5 - Principal,2018-06-18 03:00 AM,2018,06,18,03,25.3,79,Moderate,20.0,UG/M3,1 Hr,Valid
Tashkent,PM2.5 - Principal,2018-06-18 04:00 AM,2018,06,18,04,23.6,75,Moderate,20.0,UG/M3,1 Hr,Valid
Tashkent,PM2.5 - Principal,2018-06-18 05:00 AM,2018,06,18,05,20.9,70,Moderate,18.0,UG/M3,1 Hr,Valid
Tashkent,PM2.5 - Principal,2018-06-18 06:00 AM,2018,06,18,06,18.9,65,Moderate,17.0,UG/M3,1 Hr,Valid
Tashkent,PM2.5 - Principal,2018-06-18 07:00 AM,2018,06,18,07,17.4,62,Moderate,16.0,UG/M3,1 Hr,Valid
Tashkent,PM2.5 - Principal,2018-06-18 08:00 AM,2018,06,18,08,19.6,67,Moderate,22.0,UG/M3,1 Hr,Valid
Tashkent,PM2.5 - Principal,2018-06-18 09:00 AM,2018,06,18,09,19.8,67,Moderate,20.0,UG/M3,1 Hr,Valid
Tashkent,PM2.5 - Principal,2018-06-18 10:00 AM,2018,06,18,10,18.4,64,Moderate,17.0,UG/M3,1 Hr,Valid
Tashkent,PM2.5 - Principal,2018-06-18 11:00 AM,2018,06,18,11,16.2,60,Moderate,14.0,UG/M3,1 Hr,Valid
Tashkent,PM2.5 - Principal,2018-06-18 12:00 PM,2018,06,18,12,30.6,90,Moderate,45.0,UG/M3,1 Hr,Valid
Tashkent,PM2.5 - Principal,2018-06-18 01:00 PM,2018,06,18,13,28.3,85,Moderate,26.0,UG/M3,1 Hr,Valid
Tashkent,PM2.5 - Principal,2018-06-18 02:00 PM,2018,06,18,14,25.6,79,Moderate,23.0,UG/M3,1 Hr,Valid
Tashkent,PM2.5 - Principal,2018-06-18 03:00 PM,2018,06,18,15,23.3,75,Moderate,21.0,UG/M3,1 Hr,Valid
Tashkent,PM2.5 - Principal,2018-06-18 04:00 PM,2018,06,18,16,18.6,65,Moderate,14.0,UG/M3,1 Hr,Valid
Tashkent,PM2.5 - Principal,2018-06-18 05:00 PM,2018,06,18,17,19.8,67,Moderate,21.0,UG/M3,1 Hr,Valid
Tashkent,PM2.5 - Principal,2018-06-18 06:00 PM,2018,06,18,18,17.4,62,Moderate,15.0,UG/M3,1 Hr,Valid
Tashkent,PM2.5 - Principal,2018-06-18 07:00 PM,2018,06,18,19,17.7,63,Moderate,18.0,UG/M3,1 Hr,Valid
Tashkent,PM2.5 - Principal,2018-06-18 08:00 PM,2018,06,18,20,27.3,83,Moderate,37.0,UG/M3,1 Hr,Valid
Tashkent,PM2.5 - Principal,2018-06-18 09:00 PM,2018,06,18,21,31.1,91,Moderate,35.0,UG/M3,1 Hr,Valid
Tashkent,PM2.5 - Principal,2018-06-18 10:00 PM,2018,06,18,22,33.0,95,Moderate,35.0,UG/M3,1 Hr,Valid
Tashkent,PM2.5 - Principal,2018-06-18 11:00 PM,2018,06,18,23,40.5,113,Unhealthy for Sensitive Groups,48.0,UG/M3,1 Hr,Valid
Tashkent,PM2.5 - Principal,2018-06-19 12:00 AM,2018,06,19,00,35.2,100,Moderate,30.0,UG/M3,1 Hr,Valid
Tashkent,PM2.5 - Principal,2018-06-19 01:00 AM,2018,06,19,01,33.1,95,Moderate,31.0,UG/M3,1 Hr,Valid
Tashkent,PM2.5 - Principal,2018-06-19 02:00 AM,2018,06,19,02,26.0,80,Moderate,19.0,UG/M3,1 Hr,Valid
Tashkent,PM2.5 - Principal,2018-06-19 03:00 AM,2018,06,19,03,20.0,68,Moderate,14.0,UG/M3,1 Hr,Valid
Tashkent,PM2.5 - Principal,2018-06-19 04:00 AM,2018,06,19,04,18.0,63,Moderate,16.0,UG/M3,1 Hr,Valid
Tashkent,PM2.5 - Principal,2018-06-19 05:00 AM,2018,06,19,05,17.0,61,Moderate,16.0,UG/M3,1 Hr,Valid
Tashkent,PM2.5 - Principal,2018-06-19 06:00 AM,2018,06,19,06,17.0,61,Moderate,17.0,UG/M3,1 Hr,Valid
Tashkent,PM2.5 - Principal,2018-06-19 07:00 AM,2018,06,19,07,17.0,61,Moderate,17.0,UG/M3,1 Hr,Valid
Tashkent,PM2.5 - Principal,2018-06-19 08:00 AM,2018,06,19,08,17.4,62,Moderate,18.0,UG/M3,1 Hr,Valid
Tashkent,PM2.5 - Principal,2018-06-19 09:00 AM,2018,06,19,09,18.7,65,Moderate,20.0,UG/M3,1 Hr,Valid
Tashkent,PM2.5 - Principal,2018-06-19 10:00 AM,2018,06,19,10,18.8,65,Moderate,19.0,UG/M3,1 Hr,Valid
Tashkent,PM2.5 - Principal,2018-06-19 11:00 AM,2018,06,19,11,19.9,67,Moderate,21.0,UG/M3,1 Hr,Valid
Tashkent,PM2.5 - Principal,2018-06-19 12:00 PM,2018,06,19,12,20.9,70,Moderate,22.0,UG/M3,1 Hr,Valid
Tashkent,PM2.5 - Principal,2018-06-19 01:00 PM,2018,06,19,13,20.2,68,Moderate,20.0,UG/M3,1 Hr,Valid
Tashkent,PM2.5 - Principal,2018-06-19 02:00 PM,2018,06,19,14,20.1,68,Moderate,20.0,UG/M3,1 Hr,Valid
Tashkent,PM2.5 - Principal,2018-06-19 03:00 PM,2018,06,19,15,20.5,69,Moderate,22.0,UG/M3,1 Hr,Valid
Tashkent,PM2.5 - Principal,2018-06-19 04:00 PM,2018,06,19,16,20.6,69,Moderate,21.0,UG/M3,1 Hr,Valid
Tashkent,PM2.5 - Principal,2018-06-19 05:00 PM,2018,06,19,17,13.5,54,Moderate,6.0,UG/M3,1 Hr,Valid
Tashkent,PM2.5 - Principal,2018-06-19 06:00 PM,2018,06,19,18,13.5,54,Moderate,80.0,UG/M3,1 Hr,Invalid
Tashkent,PM2.5 - Principal,2018-06-19 07:00 PM,2018,06,19,19,51.1,139,Unhealthy for Sensitive Groups,70.0,UG/M3,1 Hr,Valid
Tashkent,PM2.5 - Principal,2018-06-19 08:00 PM,2018,06,19,20,48.2,132,Unhealthy for Sensitive Groups,46.0,UG/M3,1 Hr,Valid
Tashkent,PM2.5 - Principal,2018-06-19 09:00 PM,2018,06,19,21,49.7,136,Unhealthy for Sensitive Groups,51.0,UG/M3,1 Hr,Valid
Tashkent,PM2.5 - Principal,2018-06-19 10:00 PM,2018,06,19,22,45.7,126,Unhealthy for Sensitive Groups,42.0,UG/M3,1 Hr,Valid
Tashkent,PM2.5 - Principal,2018-06-19 11:00 PM,2018,06,19,23,41.2,115,Unhealthy for Sensitive Groups,37.0,UG/M3,1 Hr,Valid
Tashkent,PM2.5 - Principal,2018-06-20 12:00 AM,2018,06,20,00,39.1,110,Unhealthy for Sensitive Groups,37.0,UG/M3,1 Hr,Valid
Tashkent,PM2.5 - Principal,2018-06-20 01:00 AM,2018,06,20,01,32.0,93,Moderate,25.0,UG/M3,1 Hr,Valid
Tashkent,PM2.5 - Principal,2018-06-20 02:00 AM,2018,06,20,02,36.0,102,Unhealthy for Sensitive Groups,40.0,UG/M3,1 Hr,Valid
Tashkent,PM2.5 - Principal,2018-06-20 03:00 AM,2018,06,20,03,39.5,111,Unhealthy for Sensitive Groups,43.0,UG/M3,1 Hr,Valid
Tashkent,PM2.5 - Principal,2018-06-20 04:00 AM,2018,06,20,04,44.2,122,Unhealthy for Sensitive Groups,49.0,UG/M3,1 Hr,Valid
Tashkent,PM2.5 - Principal,2018-06-20 05:00 AM,2018,06,20,05,43.1,120,Unhealthy for Sensitive Groups,42.0,UG/M3,1 Hr,Valid
Tashkent,PM2.5 - Principal,2018-06-20 06:00 AM,2018,06,20,06,39.5,111,Unhealthy for Sensitive Groups,36.0,UG/M3,1 Hr,Valid
Tashkent,PM2.5 - Principal,2018-06-20 07:00 AM,2018,06,20,07,44.2,122,Unhealthy for Sensitive Groups,49.0,UG/M3,1 Hr,Valid
Tashkent,PM2.5 - Principal,2018-06-20 08:00 AM,2018,06,20,08,51.1,139,Unhealthy for Sensitive Groups,58.0,UG/M3,1 Hr,Valid
Tashkent,PM2.5 - Principal,2018-06-20 09:00 AM,2018,06,20,09,65.0,156,Unhealthy,79.0,UG/M3,1 Hr,Valid
Tashkent,PM2.5 - Principal,2018-06-20 10:00 AM,2018,06,20,10,57.5,152,Unhealthy,50.0,UG/M3,1 Hr,Valid
Tashkent,PM2.5 - Principal,2018-06-20 11:00 AM,2018,06,20,11,59.7,153,Unhealthy,62.0,UG/M3,1 Hr,Valid
Tashkent,PM2.5 - Principal,2018-06-20 12:00 PM,2018,06,20,12,66.3,157,Unhealthy,73.0,UG/M3,1 Hr,Valid
Tashkent,PM2.5 - Principal,2018-06-20 01:00 PM,2018,06,20,13,56.1,151,Unhealthy,46.0,UG/M3,1 Hr,Valid
Tashkent,PM2.5 - Principal,2018-06-20 02:00 PM,2018,06,20,14,48.0,132,Unhealthy for Sensitive Groups,40.0,UG/M3,1 Hr,Valid
Tashkent,PM2.5 - Principal,2018-06-20 03:00 PM,2018,06,20,15,36.0,102,Unhealthy for Sensitive Groups,24.0,UG/M3,1 Hr,Valid
Tashkent,PM2.5 - Principal,2018-06-20 04:00 PM,2018,06,20,16,27.0,82,Moderate,18.0,UG/M3,1 Hr,Valid
Tashkent,PM2.5 - Principal,2018-06-20 05:00 PM,2018,06,20,17,22.5,73,Moderate,18.0,UG/M3,1 Hr,Valid
Tashkent,PM2.5 - Principal,2018-06-20 06:00 PM,2018,06,20,18,19.2,66,Moderate,16.0,UG/M3,1 Hr,Valid
Tashkent,PM2.5 - Principal,2018-06-20 07:00 PM,2018,06,20,19,19.6,67,Moderate,20.0,UG/M3,1 Hr,Valid
Tashkent,PM2.5 - Principal,2018-06-20 08:00 PM,2018,06,20,20,19.8,67,Moderate,20.0,UG/M3,1 Hr,Valid
Tashkent,PM2.5 - Principal,2018-06-20 09:00 PM,2018,06,20,21,29.8,88,Moderate,40.0,UG/M3,1 Hr,Valid
Tashkent,PM2.5 - Principal,2018-06-20 10:00 PM,2018,06,20,22,35.9,102,Unhealthy for Sensitive Groups,42.0,UG/M3,1 Hr,Valid
Tashkent,PM2.5 - Principal,2018-06-20 11:00 PM,2018,06,20,23,41.9,117,Unhealthy for Sensitive Groups,48.0,UG/M3,1 Hr,Valid
Tashkent,PM2.5 - Principal,2018-06-21 12:00 AM,2018,06,21,00,47.4,130,Unhealthy for Sensitive Groups,53.0,UG/M3,1 Hr,Valid
Tashkent,PM2.5 - Principal,2018-06-21 01:00 AM,2018,06,21,01,44.2,122,Unhealthy for Sensitive Groups,41.0,UG/M3,1 Hr,Valid
Tashkent,PM2.5 - Principal,2018-06-21 02:00 AM,2018,06,21,02,34.1,97,Moderate,24.0,UG/M3,1 Hr,Valid
Tashkent,PM2.5 - Principal,2018-06-21 03:00 AM,2018,06,21,03,23.5,75,Moderate,13.0,UG/M3,1 Hr,Valid
Tashkent,PM2.5 - Principal,2018-06-21 04:00 AM,2018,06,21,04,19.7,67,Moderate,16.0,UG/M3,1 Hr,Valid
Tashkent,PM2.5 - Principal,2018-06-21 05:00 AM,2018,06,21,05,18.8,65,Moderate,18.0,UG/M3,1 Hr,Valid
Tashkent,PM2.5 - Principal,2018-06-21 06:00 AM,2018,06,21,06,18.9,65,Moderate,19.0,UG/M3,1 Hr,Valid
Tashkent,PM2.5 - Principal,2018-06-21 07:00 AM,2018,06,21,07,23.4,75,Moderate,28.0,UG/M3,1 Hr,Valid
Tashkent,PM2.5 - Principal,2018-06-21 08:00 AM,2018,06,21,08,18.2,64,Moderate,13.0,UG/M3,1 Hr,Valid
Tashkent,PM2.5 - Principal,2018-06-21 09:00 AM,2018,06,21,09,16.6,60,Moderate,15.0,UG/M3,1 Hr,Valid
Tashkent,PM2.5 - Principal,2018-06-21 10:00 AM,2018,06,21,10,16.8,61,Moderate,17.0,UG/M3,1 Hr,Valid
Tashkent,PM2.5 - Principal,2018-06-21 11:00 AM,2018,06,21,11,20.3,68,Moderate,24.0,UG/M3,1 Hr,Valid
Tashkent,PM2.5 - Principal,2018-06-21 12:00 PM,2018,06,21,12,19.1,66,Moderate,18.0,UG/M3,1 Hr,Valid
Tashkent,PM2.5 - Principal,2018-06-21 01:00 PM,2018,06,21,13,16.0,59,Moderate,13.0,UG/M3,1 Hr,Valid
Tashkent,PM2.5 - Principal,2018-06-21 02:00 PM,2018,06,21,14,12.5,52,Moderate,9.0,UG/M3,1 Hr,Valid
Tashkent,PM2.5 - Principal,2018-06-21 03:00 PM,2018,06,21,15,9.2,38,Good,6.0,UG/M3,1 Hr,Valid
Tashkent,PM2.5 - Principal,2018-06-21 04:00 PM,2018,06,21,16,15.6,58,Moderate,22.0,UG/M3,1 Hr,Valid
Tashkent,PM2.5 - Principal,2018-06-21 05:00 PM,2018,06,21,17,22.3,72,Moderate,29.0,UG/M3,1 Hr,Valid
Tashkent,PM2.5 - Principal,2018-06-21 06:00 PM,2018,06,21,18,23.6,75,Moderate,25.0,UG/M3,1 Hr,Valid
Tashkent,PM2.5 - Principal,2018-06-21 07:00 PM,2018,06,21,19,22.3,72,Moderate,21.0,UG/M3,1 Hr,Valid
Tashkent,PM2.5 - Principal,2018-06-21 08:00 PM,2018,06,21,20,29.6,88,Moderate,37.0,UG/M3,1 Hr,Valid
Tashkent,PM2.5 - Principal,2018-06-21 09:00 PM,2018,06,21,21,45.3,125,Unhealthy for Sensitive Groups,61.0,UG/M3,1 Hr,Valid
Tashkent,PM2.5 - Principal,2018-06-21 10:00 PM,2018,06,21,22,50.6,138,Unhealthy for Sensitive Groups,56.0,UG/M3,1 Hr,Valid
Tashkent,PM2.5 - Principal,2018-06-21 11:00 PM,2018,06,21,23,58.8,153,Unhealthy,67.0,UG/M3,1 Hr,Valid
Tashkent,PM2.5 - Principal,2018-06-22 12:00 AM,2018,06,22,00,56.4,151,Unhealthy,54.0,UG/M3,1 Hr,Valid
Tashkent,PM2.5 - Principal,2018-06-22 01:00 AM,2018,06,22,01,45.7,126,Unhealthy for Sensitive Groups,35.0,UG/M3,1 Hr,Valid
Tashkent,PM2.5 - Principal,2018-06-22 02:00 AM,2018,06,22,02,29.8,88,Moderate,14.0,UG/M3,1 Hr,Valid
Tashkent,PM2.5 - Principal,2018-06-22 03:00 AM,2018,06,22,03,18.9,65,Moderate,8.0,UG/M3,1 Hr,Valid
Tashkent,PM2.5 - Principal,2018-06-22 04:00 AM,2018,06,22,04,14.4,56,Moderate,10.0,UG/M3,1 Hr,Valid
Tashkent,PM2.5 - Principal,2018-06-22 05:00 AM,2018,06,22,05,10.7,45,Good,7.0,UG/M3,1 Hr,Valid
Tashkent,PM2.5 - Principal,2018-06-22 06:00 AM,2018,06,22,06,11.8,49,Good,13.0,UG/M3,1 Hr,Valid
Tashkent,PM2.5 - Principal,2018-06-22 07:00 AM,2018,06,22,07,15.9,59,Moderate,20.0,UG/M3,1 Hr,Valid
Tashkent,PM2.5 - Principal,2018-06-22 08:00 AM,2018,06,22,08,28.4,85,Moderate,41.0,UG/M3,1 Hr,Valid
Tashkent,PM2.5 - Principal,2018-06-22 09:00 AM,2018,06,22,09,32.2,93,Moderate,36.0,UG/M3,1 Hr,Valid
Tashkent,PM2.5 - Principal,2018-06-22 10:00 AM,2018,06,22,10,19.1,66,Moderate,6.0,UG/M3,1 Hr,Valid
Tashkent,PM2.5 - Principal,2018-06-22 11:00 AM,2018,06,22,11,20.0,68,Moderate,21.0,UG/M3,1 Hr,Valid
Tashkent,PM2.5 - Principal,2018-06-22 12:00 PM,2018,06,22,12,18.0,63,Moderate,16.0,UG/M3,1 Hr,Valid
Tashkent,PM2.5 - Principal,2018-06-22 01:00 PM,2018,06,22,13,16.5,60,Moderate,15.0,UG/M3,1 Hr,Valid
Tashkent,PM2.5 - Principal,2018-06-22 02:00 PM,2018,06,22,14,13.7,54,Moderate,11.0,UG/M3,1 Hr,Valid
Tashkent,PM2.5 - Principal,2018-06-22 03:00 PM,2018,06,22,15,13.8,55,Moderate,14.0,UG/M3,1 Hr,Valid
Tashkent,PM2.5 - Principal,2018-06-22 04:00 PM,2018,06,22,16,14.9,57,Moderate,16.0,UG/M3,1 Hr,Valid
Tashkent,PM2.5 - Principal,2018-06-22 05:00 PM,2018,06,22,17,12.9,53,Moderate,11.0,UG/M3,1 Hr,Valid
Tashkent,PM2.5 - Principal,2018-06-22 06:00 PM,2018,06,22,18,13.4,54,Moderate,14.0,UG/M3,1 Hr,Valid
Tashkent,PM2.5 - Principal,2018-06-22 07:00 PM,2018,06,22,19,13.2,53,Moderate,13.0,UG/M3,1 Hr,Valid
Tashkent,PM2.5 - Principal,2018-06-22 08:00 PM,2018,06,22,20,21.1,70,Moderate,29.0,UG/M3,1 Hr,Valid
Tashkent,PM2.5 - Principal,2018-06-22 09:00 PM,2018,06,22,21,30.0,89,Moderate,39.0,UG/M3,1 Hr,Valid
Tashkent,PM2.5 - Principal,2018-06-22 10:00 PM,2018,06,22,22,36.5,103,Unhealthy for Sensitive Groups,43.0,UG/M3,1 Hr,Valid
Tashkent,PM2.5 - Principal,2018-06-22 11:00 PM,2018,06,22,23,43.2,120,Unhealthy for Sensitive Groups,50.0,UG/M3,1 Hr,Valid
Tashkent,PM2.5 - Principal,2018-06-23 12:00 AM,2018,06,23,00,41.1,115,Unhealthy for Sensitive Groups,39.0,UG/M3,1 Hr,Valid
Tashkent,PM2.5 - Principal,2018-06-23 01:00 AM,2018,06,23,01,37.5,106,Unhealthy for Sensitive Groups,34.0,UG/M3,1 Hr,Valid
Tashkent,PM2.5 - Principal,2018-06-23 02:00 AM,2018,06,23,02,38.7,109,Unhealthy for Sensitive Groups,40.0,UG/M3,1 Hr,Valid
Tashkent,PM2.5 - Principal,2018-06-23 03:00 AM,2018,06,23,03,42.3,118,Unhealthy for Sensitive Groups,46.0,UG/M3,1 Hr,Valid
Tashkent,PM2.5 - Principal,2018-06-23 04:00 AM,2018,06,23,04,34.2,97,Moderate,26.0,UG/M3,1 Hr,Valid
Tashkent,PM2.5 - Principal,2018-06-23 05:00 AM,2018,06,23,05,25.6,79,Moderate,17.0,UG/M3,1 Hr,Valid
Tashkent,PM2.5 - Principal,2018-06-23 06:00 AM,2018,06,23,06,22.8,74,Moderate,20.0,UG/M3,1 Hr,Valid
Tashkent,PM2.5 - Principal,2018-06-23 07:00 AM,2018,06,23,07,24.4,77,Moderate,26.0,UG/M3,1 Hr,Valid
Tashkent,PM2.5 - Principal,2018-06-23 08:00 AM,2018,06,23,08,22.2,72,Moderate,20.0,UG/M3,1 Hr,Valid
Tashkent,PM2.5 - Principal,2018-06-23 09:00 AM,2018,06,23,09,21.5,71,Moderate,21.0,UG/M3,1 Hr,Valid
Tashkent,PM2.5 - Principal,2018-06-23 10:00 AM,2018,06,23,10,21.2,70,Moderate,21.0,UG/M3,1 Hr,Valid
Tashkent,PM2.5 - Principal,2018-06-23 11:00 AM,2018,06,23,11,21.1,70,Moderate,21.0,UG/M3,1 Hr,Valid
Tashkent,PM2.5 - Principal,2018-06-23 12:00 PM,2018,06,23,12,22.0,72,Moderate,23.0,UG/M3,1 Hr,Valid
Tashkent,PM2.5 - Principal,2018-06-23 01:00 PM,2018,06,23,13,24.0,76,Moderate,26.0,UG/M3,1 Hr,Valid
Tashkent,PM2.5 - Principal,2018-06-23 02:00 PM,2018,06,23,14,19.0,66,Moderate,14.0,UG/M3,1 Hr,Valid
Tashkent,PM2.5 - Principal,2018-06-23 03:00 PM,2018,06,23,15,15.5,58,Moderate,12.0,UG/M3,1 Hr,Valid
Tashkent,PM2.5 - Principal,2018-06-23 04:00 PM,2018,06,23,16,15.2,58,Moderate,15.0,UG/M3,1 Hr,Valid
Tashkent,PM2.5 - Principal,2018-06-23 05:00 PM,2018,06,23,17,13.1,53,Moderate,11.0,UG/M3,1 Hr,Valid
Tashkent,PM2.5 - Principal,2018-06-23 06:00 PM,2018,06,23,18,13.5,54,Moderate,14.0,UG/M3,1 Hr,Valid
Tashkent,PM2.5 - Principal,2018-06-23 07:00 PM,2018,06,23,19,12.7,52,Moderate,12.0,UG/M3,1 Hr,Valid
Tashkent,PM2.5 - Principal,2018-06-23 08:00 PM,2018,06,23,20,17.3,62,Moderate,22.0,UG/M3,1 Hr,Valid
Tashkent,PM2.5 - Principal,2018-06-23 09:00 PM,2018,06,23,21,26.6,81,Moderate,36.0,UG/M3,1 Hr,Valid
Tashkent,PM2.5 - Principal,2018-06-23 10:00 PM,2018,06,23,22,27.8,84,Moderate,29.0,UG/M3,1 Hr,Valid
Tashkent,PM2.5 - Principal,2018-06-23 11:00 PM,2018,06,23,23,26.9,82,Moderate,26.0,UG/M3,1 Hr,Valid
Tashkent,PM2.5 - Principal,2018-06-24 12:00 AM,2018,06,24,00,20.9,70,Moderate,15.0,UG/M3,1 Hr,Valid
Tashkent,PM2.5 - Principal,2018-06-24 01:00 AM,2018,06,24,01,25.9,80,Moderate,31.0,UG/M3,1 Hr,Valid
Tashkent,PM2.5 - Principal,2018-06-24 02:00 AM,2018,06,24,02,25.9,80,Moderate,26.0,UG/M3,1 Hr,Valid
Tashkent,PM2.5 - Principal,2018-06-24 03:00 AM,2018,06,24,03,24.4,77,Moderate,23.0,UG/M3,1 Hr,Valid
Tashkent,PM2.5 - Principal,2018-06-24 04:00 AM,2018,06,24,04,24.2,76,Moderate,24.0,UG/M3,1 Hr,Valid
Tashkent,PM2.5 - Principal,2018-06-24 05:00 AM,2018,06,24,05,25.1,78,Moderate,26.0,UG/M3,1 Hr,Valid
Tashkent,PM2.5 - Principal,2018-06-24 06:00 AM,2018,06,24,06,27.5,83,Moderate,30.0,UG/M3,1 Hr,Valid
Tashkent,PM2.5 - Principal,2018-06-24 07:00 AM,2018,06,24,07,22.2,72,Moderate,17.0,UG/M3,1 Hr,Valid
Tashkent,PM2.5 - Principal,2018-06-24 08:00 AM,2018,06,24,08,28.6,86,Moderate,35.0,UG/M3,1 Hr,Valid
Tashkent,PM2.5 - Principal,2018-06-24 09:00 AM,2018,06,24,09,30.3,89,Moderate,32.0,UG/M3,1 Hr,Valid
Tashkent,PM2.5 - Principal,2018-06-24 10:00 AM,2018,06,24,10,27.1,83,Moderate,24.0,UG/M3,1 Hr,Valid
Tashkent,PM2.5 - Principal,2018-06-24 11:00 AM,2018,06,24,11,25.5,79,Moderate,24.0,UG/M3,1 Hr,Valid
Tashkent,PM2.5 - Principal,2018-06-24 12:00 PM,2018,06,24,12,19.7,67,Moderate,14.0,UG/M3,1 Hr,Valid
Tashkent,PM2.5 - Principal,2018-06-24 01:00 PM,2018,06,24,13,19.8,67,Moderate,20.0,UG/M3,1 Hr,Valid
Tashkent,PM2.5 - Principal,2018-06-24 02:00 PM,2018,06,24,14,23.4,75,Moderate,27.0,UG/M3,1 Hr,Valid
Tashkent,PM2.5 - Principal,2018-06-24 03:00 PM,2018,06,24,15,23.4,75,Moderate,-999.0,UG/M3,1 Hr,Missing
Tashkent,PM2.5 - Principal,2018-06-24 04:00 PM,2018,06,24,16,14.4,56,Moderate,10.0,UG/M3,1 Hr,Valid
Tashkent,PM2.5 - Principal,2018-06-24 05:00 PM,2018,06,24,17,10.2,43,Good,7.0,UG/M3,1 Hr,Valid
Tashkent,PM2.5 - Principal,2018-06-24 06:00 PM,2018,06,24,18,7.9,33,Good,6.0,UG/M3,1 Hr,Valid
Tashkent,PM2.5 - Principal,2018-06-24 07:00 PM,2018,06,24,19,12.6,52,Moderate,17.0,UG/M3,1 Hr,Valid
Tashkent,PM2.5 - Principal,2018-06-24 08:00 PM,2018,06,24,20,19.9,67,Moderate,27.0,UG/M3,1 Hr,Valid
Tashkent,PM2.5 - Principal,2018-06-24 09:00 PM,2018,06,24,21,23.4,75,Moderate,27.0,UG/M3,1 Hr,Valid
Tashkent,PM2.5 - Principal,2018-06-24 10:00 PM,2018,06,24,22,19.2,66,Moderate,15.0,UG/M3,1 Hr,Valid
Tashkent,PM2.5 - Principal,2018-06-24 11:00 PM,2018,06,24,23,19.1,66,Moderate,19.0,UG/M3,1 Hr,Valid
Tashkent,PM2.5 - Principal,2018-06-25 12:00 AM,2018,06,25,00,18.5,64,Moderate,18.0,UG/M3,1 Hr,Valid
Tashkent,PM2.5 - Principal,2018-06-25 01:00 AM,2018,06,25,01,17.7,63,Moderate,17.0,UG/M3,1 Hr,Valid
Tashkent,PM2.5 - Principal,2018-06-25 02:00 AM,2018,06,25,02,11.3,47,Good,5.0,UG/M3,1 Hr,Valid
Tashkent,PM2.5 - Principal,2018-06-25 03:00 AM,2018,06,25,03,8.6,36,Good,6.0,UG/M3,1 Hr,Valid
Tashkent,PM2.5 - Principal,2018-06-25 04:00 AM,2018,06,25,04,6.8,28,Good,5.0,UG/M3,1 Hr,Valid
Tashkent,PM2.5 - Principal,2018-06-25 05:00 AM,2018,06,25,05,6.4,27,Good,6.0,UG/M3,1 Hr,Valid
Tashkent,PM2.5 - Principal,2018-06-25 06:00 AM,2018,06,25,06,7.2,30,Good,8.0,UG/M3,1 Hr,Valid
Tashkent,PM2.5 - Principal,2018-06-25 07:00 AM,2018,06,25,07,9.1,38,Good,11.0,UG/M3,1 Hr,Valid
Tashkent,PM2.5 - Principal,2018-06-25 08:00 AM,2018,06,25,08,19.0,66,Moderate,29.0,UG/M3,1 Hr,Valid
Tashkent,PM2.5 - Principal,2018-06-25 09:00 AM,2018,06,25,09,17.0,61,Moderate,15.0,UG/M3,1 Hr,Valid
Tashkent,PM2.5 - Principal,2018-06-25 10:00 AM,2018,06,25,10,17.0,61,Moderate,-999.0,UG/M3,1 Hr,Missing
Tashkent,PM2.5 - Principal,2018-06-25 11:00 AM,2018,06,25,11,-999.0,-999,N/A,148.0,UG/M3,1 Hr,Invalid
Tashkent,PM2.5 - Principal,2018-06-25 12:00 PM,2018,06,25,12,-999.0,-999,N/A,38.0,UG/M3,1 Hr,Valid
Tashkent,PM2.5 - Principal,2018-06-25 01:00 PM,2018,06,25,13,39.4,111,Unhealthy for Sensitive Groups,43.0,UG/M3,1 Hr,Valid
Tashkent,PM2.5 - Principal,2018-06-25 02:00 PM,2018,06,25,14,44.1,122,Unhealthy for Sensitive Groups,48.0,UG/M3,1 Hr,Valid
Tashkent,PM2.5 - Principal,2018-06-25 03:00 PM,2018,06,25,15,41.9,117,Unhealthy for Sensitive Groups,40.0,UG/M3,1 Hr,Valid
Tashkent,PM2.5 - Principal,2018-06-25 04:00 PM,2018,06,25,16,43.5,121,Unhealthy for Sensitive Groups,45.0,UG/M3,1 Hr,Valid
Tashkent,PM2.5 - Principal,2018-06-25 05:00 PM,2018,06,25,17,31.6,92,Moderate,20.0,UG/M3,1 Hr,Valid
Tashkent,PM2.5 - Principal,2018-06-25 06:00 PM,2018,06,25,18,37.3,105,Unhealthy for Sensitive Groups,43.0,UG/M3,1 Hr,Valid
Tashkent,PM2.5 - Principal,2018-06-25 07:00 PM,2018,06,25,19,35.1,99,Moderate,33.0,UG/M3,1 Hr,Valid
Tashkent,PM2.5 - Principal,2018-06-25 08:00 PM,2018,06,25,20,30.5,90,Moderate,26.0,UG/M3,1 Hr,Valid
Tashkent,PM2.5 - Principal,2018-06-25 09:00 PM,2018,06,25,21,30.5,90,Moderate,91.0,UG/M3,1 Hr,Invalid
Tashkent,PM2.5 - Principal,2018-06-25 10:00 PM,2018,06,25,22,36.1,102,Unhealthy for Sensitive Groups,39.0,UG/M3,1 Hr,Valid
Tashkent,PM2.5 - Principal,2018-06-25 11:00 PM,2018,06,25,23,52.0,142,Unhealthy for Sensitive Groups,64.0,UG/M3,1 Hr,Valid
Tashkent,PM2.5 - Principal,2018-06-26 12:00 AM,2018,06,26,00,56.3,151,Unhealthy,60.0,UG/M3,1 Hr,Valid
Tashkent,PM2.5 - Principal,2018-06-26 01:00 AM,2018,06,26,01,54.0,147,Unhealthy for Sensitive Groups,52.0,UG/M3,1 Hr,Valid
Tashkent,PM2.5 - Principal,2018-06-26 02:00 AM,2018,06,26,02,36.2,103,Unhealthy for Sensitive Groups,19.0,UG/M3,1 Hr,Valid
Tashkent,PM2.5 - Principal,2018-06-26 03:00 AM,2018,06,26,03,25.0,78,Moderate,14.0,UG/M3,1 Hr,Valid
Tashkent,PM2.5 - Principal,2018-06-26 04:00 AM,2018,06,26,04,23.5,75,Moderate,22.0,UG/M3,1 Hr,Valid
Tashkent,PM2.5 - Principal,2018-06-26 05:00 AM,2018,06,26,05,22.7,73,Moderate,22.0,UG/M3,1 Hr,Valid
Tashkent,PM2.5 - Principal,2018-06-26 06:00 AM,2018,06,26,06,16.8,61,Moderate,11.0,UG/M3,1 Hr,Valid
Tashkent,PM2.5 - Principal,2018-06-26 07:00 AM,2018,06,26,07,24.9,78,Moderate,33.0,UG/M3,1 Hr,Valid
Tashkent,PM2.5 - Principal,2018-06-26 08:00 AM,2018,06,26,08,46.9,129,Unhealthy for Sensitive Groups,69.0,UG/M3,1 Hr,Valid
Tashkent,PM2.5 - Principal,2018-06-26 09:00 AM,2018,06,26,09,55.9,151,Unhealthy,65.0,UG/M3,1 Hr,Valid
Tashkent,PM2.5 - Principal,2018-06-26 10:00 AM,2018,06,26,10,38.4,108,Unhealthy for Sensitive Groups,21.0,UG/M3,1 Hr,Valid
Tashkent,PM2.5 - Principal,2018-06-26 11:00 AM,2018,06,26,11,22.2,72,Moderate,6.0,UG/M3,1 Hr,Valid
Tashkent,PM2.5 - Principal,2018-06-26 12:00 PM,2018,06,26,12,13.6,54,Moderate,5.0,UG/M3,1 Hr,Valid
Tashkent,PM2.5 - Principal,2018-06-26 01:00 PM,2018,06,26,13,9.8,41,Good,6.0,UG/M3,1 Hr,Valid
Tashkent,PM2.5 - Principal,2018-06-26 02:00 PM,2018,06,26,14,7.3,30,Good,5.0,UG/M3,1 Hr,Valid
Tashkent,PM2.5 - Principal,2018-06-26 03:00 PM,2018,06,26,15,4.6,19,Good,2.0,UG/M3,1 Hr,Valid
Tashkent,PM2.5 - Principal,2018-06-26 04:00 PM,2018,06,26,16,4.3,18,Good,4.0,UG/M3,1 Hr,Valid
Tashkent,PM2.5 - Principal,2018-06-26 05:00 PM,2018,06,26,17,18.1,64,Moderate,32.0,UG/M3,1 Hr,Valid
Tashkent,PM2.5 - Principal,2018-06-26 06:00 PM,2018,06,26,18,15.5,58,Moderate,13.0,UG/M3,1 Hr,Valid
Tashkent,PM2.5 - Principal,2018-06-26 07:00 PM,2018,06,26,19,18.2,64,Moderate,21.0,UG/M3,1 Hr,Valid
Tashkent,PM2.5 - Principal,2018-06-26 08:00 PM,2018,06,26,20,19.1,66,Moderate,20.0,UG/M3,1 Hr,Valid
Tashkent,PM2.5 - Principal,2018-06-26 09:00 PM,2018,06,26,21,21.5,71,Moderate,24.0,UG/M3,1 Hr,Valid
Tashkent,PM2.5 - Principal,2018-06-26 10:00 PM,2018,06,26,22,19.7,67,Moderate,18.0,UG/M3,1 Hr,Valid
Tashkent,PM2.5 - Principal,2018-06-26 11:00 PM,2018,06,26,23,16.8,61,Moderate,14.0,UG/M3,1 Hr,Valid
Tashkent,PM2.5 - Principal,2018-06-27 12:00 AM,2018,06,27,00,13.4,54,Moderate,10.0,UG/M3,1 Hr,Valid
Tashkent,PM2.5 - Principal,2018-06-27 01:00 AM,2018,06,27,01,13.2,53,Moderate,13.0,UG/M3,1 Hr,Valid
Tashkent,PM2.5 - Principal,2018-06-27 02:00 AM,2018,06,27,02,17.6,63,Moderate,22.0,UG/M3,1 Hr,Valid
Tashkent,PM2.5 - Principal,2018-06-27 03:00 AM,2018,06,27,03,23.3,75,Moderate,29.0,UG/M3,1 Hr,Valid
Tashkent,PM2.5 - Principal,2018-06-27 04:00 AM,2018,06,27,04,24.1,76,Moderate,25.0,UG/M3,1 Hr,Valid
Tashkent,PM2.5 - Principal,2018-06-27 05:00 AM,2018,06,27,05,17.5,62,Moderate,11.0,UG/M3,1 Hr,Valid
Tashkent,PM2.5 - Principal,2018-06-27 06:00 AM,2018,06,27,06,15.2,58,Moderate,13.0,UG/M3,1 Hr,Valid
Tashkent,PM2.5 - Principal,2018-06-27 07:00 AM,2018,06,27,07,21.6,71,Moderate,28.0,UG/M3,1 Hr,Valid
Tashkent,PM2.5 - Principal,2018-06-27 08:00 AM,2018,06,27,08,22.8,74,Moderate,24.0,UG/M3,1 Hr,Valid
Tashkent,PM2.5 - Principal,2018-06-27 09:00 AM,2018,06,27,09,24.9,78,Moderate,27.0,UG/M3,1 Hr,Valid
Tashkent,PM2.5 - Principal,2018-06-27 10:00 AM,2018,06,27,10,20.9,70,Moderate,17.0,UG/M3,1 Hr,Valid
Tashkent,PM2.5 - Principal,2018-06-27 11:00 AM,2018,06,27,11,20.9,70,Moderate,191.0,UG/M3,1 Hr,Invalid
Tashkent,PM2.5 - Principal,2018-06-27 12:00 PM,2018,06,27,12,18.9,65,Moderate,18.0,UG/M3,1 Hr,Valid
Tashkent,PM2.5 - Principal,2018-06-27 01:00 PM,2018,06,27,13,22.9,74,Moderate,26.0,UG/M3,1 Hr,Valid
Tashkent,PM2.5 - Principal,2018-06-27 02:00 PM,2018,06,27,14,13.9,55,Moderate,6.0,UG/M3,1 Hr,Valid
Tashkent,PM2.5 - Principal,2018-06-27 03:00 PM,2018,06,27,15,9.8,41,Good,6.0,UG/M3,1 Hr,Valid
Tashkent,PM2.5 - Principal,2018-06-27 04:00 PM,2018,06,27,16,6.8,28,Good,4.0,UG/M3,1 Hr,Valid
Tashkent,PM2.5 - Principal,2018-06-27 05:00 PM,2018,06,27,17,4.9,20,Good,3.0,UG/M3,1 Hr,Valid
Tashkent,PM2.5 - Principal,2018-06-27 06:00 PM,2018,06,27,18,4.9,20,Good,5.0,UG/M3,1 Hr,Valid
Tashkent,PM2.5 - Principal,2018-06-27 07:00 PM,2018,06,27,19,6.4,27,Good,8.0,UG/M3,1 Hr,Valid
Tashkent,PM2.5 - Principal,2018-06-27 08:00 PM,2018,06,27,20,11.7,49,Good,17.0,UG/M3,1 Hr,Valid
Tashkent,PM2.5 - Principal,2018-06-27 09:00 PM,2018,06,27,21,15.8,59,Moderate,20.0,UG/M3,1 Hr,Valid
Tashkent,PM2.5 - Principal,2018-06-27 10:00 PM,2018,06,27,22,16.9,61,Moderate,18.0,UG/M3,1 Hr,Valid
Tashkent,PM2.5 - Principal,2018-06-27 11:00 PM,2018,06,27,23,16.9,61,Moderate,17.0,UG/M3,1 Hr,Valid
Tashkent,PM2.5 - Principal,2018-06-28 12:00 AM,2018,06,28,00,15.9,59,Moderate,15.0,UG/M3,1 Hr,Valid
Tashkent,PM2.5 - Principal,2018-06-28 01:00 AM,2018,06,28,01,19.4,66,Moderate,23.0,UG/M3,1 Hr,Valid
Tashkent,PM2.5 - Principal,2018-06-28 02:00 AM,2018,06,28,02,15.7,59,Moderate,12.0,UG/M3,1 Hr,Valid
Tashkent,PM2.5 - Principal,2018-06-28 03:00 AM,2018,06,28,03,12.8,52,Moderate,10.0,UG/M3,1 Hr,Valid
Tashkent,PM2.5 - Principal,2018-06-28 04:00 AM,2018,06,28,04,10.9,45,Good,9.0,UG/M3,1 Hr,Valid
Tashkent,PM2.5 - Principal,2018-06-28 05:00 AM,2018,06,28,05,9.9,41,Good,9.0,UG/M3,1 Hr,Valid
Tashkent,PM2.5 - Principal,2018-06-28 06:00 AM,2018,06,28,06,8.4,35,Good,7.0,UG/M3,1 Hr,Valid
Tashkent,PM2.5 - Principal,2018-06-28 07:00 AM,2018,06,28,07,8.7,36,Good,9.0,UG/M3,1 Hr,Valid
Tashkent,PM2.5 - Principal,2018-06-28 08:00 AM,2018,06,28,08,10.3,43,Good,12.0,UG/M3,1 Hr,Valid
Tashkent,PM2.5 - Principal,2018-06-28 09:00 AM,2018,06,28,09,10.6,44,Good,11.0,UG/M3,1 Hr,Valid
Tashkent,PM2.5 - Principal,2018-06-28 10:00 AM,2018,06,28,10,10.3,43,Good,10.0,UG/M3,1 Hr,Valid
Tashkent,PM2.5 - Principal,2018-06-28 11:00 AM,2018,06,28,11,15.1,57,Moderate,20.0,UG/M3,1 Hr,Valid
Tashkent,PM2.5 - Principal,2018-06-28 12:00 PM,2018,06,28,12,14.5,56,Moderate,14.0,UG/M3,1 Hr,Valid
Tashkent,PM2.5 - Principal,2018-06-28 01:00 PM,2018,06,28,13,13.7,54,Moderate,13.0,UG/M3,1 Hr,Valid
Tashkent,PM2.5 - Principal,2018-06-28 02:00 PM,2018,06,28,14,11.3,47,Good,9.0,UG/M3,1 Hr,Valid
Tashkent,PM2.5 - Principal,2018-06-28 03:00 PM,2018,06,28,15,11.1,46,Good,11.0,UG/M3,1 Hr,Valid
Tashkent,PM2.5 - Principal,2018-06-28 04:00 PM,2018,06,28,16,10.0,42,Good,9.0,UG/M3,1 Hr,Valid
Tashkent,PM2.5 - Principal,2018-06-28 05:00 PM,2018,06,28,17,11.5,48,Good,13.0,UG/M3,1 Hr,Valid
Tashkent,PM2.5 - Principal,2018-06-28 06:00 PM,2018,06,28,18,10.2,43,Good,9.0,UG/M3,1 Hr,Valid
Tashkent,PM2.5 - Principal,2018-06-28 07:00 PM,2018,06,28,19,12.1,51,Moderate,14.0,UG/M3,1 Hr,Valid
Tashkent,PM2.5 - Principal,2018-06-28 08:00 PM,2018,06,28,20,12.5,52,Moderate,13.0,UG/M3,1 Hr,Valid
Tashkent,PM2.5 - Principal,2018-06-28 09:00 PM,2018,06,28,21,15.7,59,Moderate,19.0,UG/M3,1 Hr,Valid
Tashkent,PM2.5 - Principal,2018-06-28 10:00 PM,2018,06,28,22,15.8,59,Moderate,16.0,UG/M3,1 Hr,Valid
Tashkent,PM2.5 - Principal,2018-06-28 11:00 PM,2018,06,28,23,13.9,55,Moderate,12.0,UG/M3,1 Hr,Valid
Tashkent,PM2.5 - Principal,2018-06-29 12:00 AM,2018,06,29,00,17.9,63,Moderate,22.0,UG/M3,1 Hr,Valid
Tashkent,PM2.5 - Principal,2018-06-29 01:00 AM,2018,06,29,01,30.9,91,Moderate,44.0,UG/M3,1 Hr,Valid
Tashkent,PM2.5 - Principal,2018-06-29 02:00 AM,2018,06,29,02,46.5,128,Unhealthy for Sensitive Groups,62.0,UG/M3,1 Hr,Valid
Tashkent,PM2.5 - Principal,2018-06-29 03:00 AM,2018,06,29,03,34.2,97,Moderate,22.0,UG/M3,1 Hr,Valid
Tashkent,PM2.5 - Principal,2018-06-29 04:00 AM,2018,06,29,04,29.6,88,Moderate,25.0,UG/M3,1 Hr,Valid
Tashkent,PM2.5 - Principal,2018-06-29 05:00 AM,2018,06,29,05,18.8,65,Moderate,8.0,UG/M3,1 Hr,Valid
Tashkent,PM2.5 - Principal,2018-06-29 06:00 AM,2018,06,29,06,15.4,58,Moderate,12.0,UG/M3,1 Hr,Valid
Tashkent,PM2.5 - Principal,2018-06-29 07:00 AM,2018,06,29,07,11.7,49,Good,8.0,UG/M3,1 Hr,Valid
Tashkent,PM2.5 - Principal,2018-06-29 08:00 AM,2018,06,29,08,11.8,49,Good,12.0,UG/M3,1 Hr,Valid
Tashkent,PM2.5 - Principal,2018-06-29 09:00 AM,2018,06,29,09,9.9,41,Good,8.0,UG/M3,1 Hr,Valid
Tashkent,PM2.5 - Principal,2018-06-29 10:00 AM,2018,06,29,10,9.4,39,Good,9.0,UG/M3,1 Hr,Valid
Tashkent,PM2.5 - Principal,2018-06-29 11:00 AM,2018,06,29,11,7.7,32,Good,6.0,UG/M3,1 Hr,Valid
Tashkent,PM2.5 - Principal,2018-06-29 12:00 PM,2018,06,29,12,5.3,22,Good,3.0,UG/M3,1 Hr,Valid
Tashkent,PM2.5 - Principal,2018-06-29 01:00 PM,2018,06,29,13,4.1,17,Good,3.0,UG/M3,1 Hr,Valid
Tashkent,PM2.5 - Principal,2018-06-29 02:00 PM,2018,06,29,14,3.5,15,Good,3.0,UG/M3,1 Hr,Valid
Tashkent,PM2.5 - Principal,2018-06-29 03:00 PM,2018,06,29,15,4.2,18,Good,5.0,UG/M3,1 Hr,Valid
Tashkent,PM2.5 - Principal,2018-06-29 04:00 PM,2018,06,29,16,5.1,21,Good,6.0,UG/M3,1 Hr,Valid
Tashkent,PM2.5 - Principal,2018-06-29 05:00 PM,2018,06,29,17,6.0,25,Good,7.0,UG/M3,1 Hr,Valid
Tashkent,PM2.5 - Principal,2018-06-29 06:00 PM,2018,06,29,18,5.5,23,Good,5.0,UG/M3,1 Hr,Valid
Tashkent,PM2.5 - Principal,2018-06-29 07:00 PM,2018,06,29,19,7.7,32,Good,10.0,UG/M3,1 Hr,Valid
Tashkent,PM2.5 - Principal,2018-06-29 08:00 PM,2018,06,29,20,11.3,47,Good,15.0,UG/M3,1 Hr,Valid
Tashkent,PM2.5 - Principal,2018-06-29 09:00 PM,2018,06,29,21,17.6,63,Moderate,24.0,UG/M3,1 Hr,Valid
Tashkent,PM2.5 - Principal,2018-06-29 10:00 PM,2018,06,29,22,49.8,136,Unhealthy for Sensitive Groups,82.0,UG/M3,1 Hr,Valid
Tashkent,PM2.5 - Principal,2018-06-29 11:00 PM,2018,06,29,23,55.4,150,Unhealthy for Sensitive Groups,61.0,UG/M3,1 Hr,Valid
Tashkent,PM2.5 - Principal,2018-06-30 12:00 AM,2018,06,30,00,62.2,154,Unhealthy,69.0,UG/M3,1 Hr,Valid
Tashkent,PM2.5 - Principal,2018-06-30 01:00 AM,2018,06,30,01,58.1,152,Unhealthy,54.0,UG/M3,1 Hr,Valid
Tashkent,PM2.5 - Principal,2018-06-30 02:00 AM,2018,06,30,02,37.5,106,Unhealthy for Sensitive Groups,17.0,UG/M3,1 Hr,Valid
Tashkent,PM2.5 - Principal,2018-06-30 03:00 AM,2018,06,30,03,45.2,125,Unhealthy for Sensitive Groups,53.0,UG/M3,1 Hr,Valid
Tashkent,PM2.5 - Principal,2018-06-30 04:00 AM,2018,06,30,04,50.1,137,Unhealthy for Sensitive Groups,55.0,UG/M3,1 Hr,Valid
Tashkent,PM2.5 - Principal,2018-06-30 05:00 AM,2018,06,30,05,41.0,115,Unhealthy for Sensitive Groups,32.0,UG/M3,1 Hr,Valid
Tashkent,PM2.5 - Principal,2018-06-30 06:00 AM,2018,06,30,06,28.0,84,Moderate,15.0,UG/M3,1 Hr,Valid
Tashkent,PM2.5 - Principal,2018-06-30 07:00 AM,2018,06,30,07,35.5,101,Unhealthy for Sensitive Groups,43.0,UG/M3,1 Hr,Valid
Tashkent,PM2.5 - Principal,2018-06-30 08:00 AM,2018,06,30,08,31.7,92,Moderate,28.0,UG/M3,1 Hr,Valid
Tashkent,PM2.5 - Principal,2018-06-30 09:00 AM,2018,06,30,09,26.8,82,Moderate,22.0,UG/M3,1 Hr,Valid
Tashkent,PM2.5 - Principal,2018-06-30 10:00 AM,2018,06,30,10,24.9,78,Moderate,23.0,UG/M3,1 Hr,Valid
Tashkent,PM2.5 - Principal,2018-06-30 11:00 AM,2018,06,30,11,25.4,79,Moderate,26.0,UG/M3,1 Hr,Valid
Tashkent,PM2.5 - Principal,2018-06-30 12:00 PM,2018,06,30,12,34.7,99,Moderate,44.0,UG/M3,1 Hr,Valid
Tashkent,PM2.5 - Principal,2018-06-30 01:00 PM,2018,06,30,13,40.8,114,Unhealthy for Sensitive Groups,47.0,UG/M3,1 Hr,Valid
Tashkent,PM2.5 - Principal,2018-06-30 02:00 PM,2018,06,30,14,31.4,92,Moderate,22.0,UG/M3,1 Hr,Valid
Tashkent,PM2.5 - Principal,2018-06-30 03:00 PM,2018,06,30,15,30.2,89,Moderate,29.0,UG/M3,1 Hr,Valid
Tashkent,PM2.5 - Principal,2018-06-30 04:00 PM,2018,06,30,16,33.1,95,Moderate,36.0,UG/M3,1 Hr,Valid
Tashkent,PM2.5 - Principal,2018-06-30 05:00 PM,2018,06,30,17,32.5,94,Moderate,32.0,UG/M3,1 Hr,Valid
Tashkent,PM2.5 - Principal,2018-06-30 06:00 PM,2018,06,30,18,28.7,86,Moderate,25.0,UG/M3,1 Hr,Valid
Tashkent,PM2.5 - Principal,2018-06-30 07:00 PM,2018,06,30,19,41.8,117,Unhealthy for Sensitive Groups,55.0,UG/M3,1 Hr,Valid
Tashkent,PM2.5 - Principal,2018-06-30 08:00 PM,2018,06,30,20,38.9,109,Unhealthy for Sensitive Groups,36.0,UG/M3,1 Hr,Valid
Tashkent,PM2.5 - Principal,2018-06-30 09:00 PM,2018,06,30,21,36.4,103,Unhealthy for Sensitive Groups,34.0,UG/M3,1 Hr,Valid
Tashkent,PM2.5 - Principal,2018-06-30 10:00 PM,2018,06,30,22,37.7,106,Unhealthy for Sensitive Groups,39.0,UG/M3,1 Hr,Valid
Tashkent,PM2.5 - Principal,2018-06-30 11:00 PM,2018,06,30,23,28.3,85,Moderate,19.0,UG/M3,1 Hr,Valid
Tashkent,PM2.5 - Principal,2018-07-01 12:00 AM,2018,07,01,00,23.1,74,Moderate,18.0,UG/M3,1 Hr,Valid
Tashkent,PM2.5 - Principal,2018-07-01 01:00 AM,2018,07,01,01,21.5,71,Moderate,20.0,UG/M3,1 Hr,Valid
Tashkent,PM2.5 - Principal,2018-07-01 02:00 AM,2018,07,01,02,27.2,83,Moderate,33.0,UG/M3,1 Hr,Valid
Tashkent,PM2.5 - Principal,2018-07-01 03:00 AM,2018,07,01,03,22.6,73,Moderate,18.0,UG/M3,1 Hr,Valid
Tashkent,PM2.5 - Principal,2018-07-01 04:00 AM,2018,07,01,04,21.8,71,Moderate,21.0,UG/M3,1 Hr,Valid
Tashkent,PM2.5 - Principal,2018-07-01 05:00 AM,2018,07,01,05,19.4,66,Moderate,17.0,UG/M3,1 Hr,Valid
Tashkent,PM2.5 - Principal,2018-07-01 06:00 AM,2018,07,01,06,30.7,90,Moderate,42.0,UG/M3,1 Hr,Valid
Tashkent,PM2.5 - Principal,2018-07-01 07:00 AM,2018,07,01,07,31.3,91,Moderate,32.0,UG/M3,1 Hr,Valid
Tashkent,PM2.5 - Principal,2018-07-01 08:00 AM,2018,07,01,08,39.1,110,Unhealthy for Sensitive Groups,47.0,UG/M3,1 Hr,Valid
Tashkent,PM2.5 - Principal,2018-07-01 09:00 AM,2018,07,01,09,41.5,116,Unhealthy for Sensitive Groups,44.0,UG/M3,1 Hr,Valid
Tashkent,PM2.5 - Principal,2018-07-01 10:00 AM,2018,07,01,10,36.7,104,Unhealthy for Sensitive Groups,32.0,UG/M3,1 Hr,Valid
Tashkent,PM2.5 - Principal,2018-07-01 11:00 AM,2018,07,01,11,27.3,83,Moderate,18.0,UG/M3,1 Hr,Valid
Tashkent,PM2.5 - Principal,2018-07-01 12:00 PM,2018,07,01,12,20.1,68,Moderate,13.0,UG/M3,1 Hr,Valid
Tashkent,PM2.5 - Principal,2018-07-01 01:00 PM,2018,07,01,13,13.5,54,Moderate,7.0,UG/M3,1 Hr,Valid
Tashkent,PM2.5 - Principal,2018-07-01 02:00 PM,2018,07,01,14,10.7,45,Good,8.0,UG/M3,1 Hr,Valid
Tashkent,PM2.5 - Principal,2018-07-01 03:00 PM,2018,07,01,15,11.8,49,Good,13.0,UG/M3,1 Hr,Valid
Tashkent,PM2.5 - Principal,2018-07-01 04:00 PM,2018,07,01,16,15.4,58,Moderate,19.0,UG/M3,1 Hr,Valid
Tashkent,PM2.5 - Principal,2018-07-01 05:00 PM,2018,07,01,17,18.7,65,Moderate,22.0,UG/M3,1 Hr,Valid
Tashkent,PM2.5 - Principal,2018-07-01 06:00 PM,2018,07,01,18,18.8,65,Moderate,19.0,UG/M3,1 Hr,Valid
Tashkent,PM2.5 - Principal,2018-07-01 07:00 PM,2018,07,01,19,23.9,76,Moderate,29.0,UG/M3,1 Hr,Valid
Tashkent,PM2.5 - Principal,2018-07-01 08:00 PM,2018,07,01,20,28.4,85,Moderate,33.0,UG/M3,1 Hr,Valid
Tashkent,PM2.5 - Principal,2018-07-01 09:00 PM,2018,07,01,21,38.7,109,Unhealthy for Sensitive Groups,49.0,UG/M3,1 Hr,Valid
Tashkent,PM2.5 - Principal,2018-07-01 10:00 PM,2018,07,01,22,37.8,107,Unhealthy for Sensitive Groups,37.0,UG/M3,1 Hr,Valid
Tashkent,PM2.5 - Principal,2018-07-01 11:00 PM,2018,07,01,23,31.4,92,Moderate,25.0,UG/M3,1 Hr,Valid
Tashkent,PM2.5 - Principal,2018-07-02 12:00 AM,2018,07,02,00,27.2,83,Moderate,23.0,UG/M3,1 Hr,Valid
Tashkent,PM2.5 - Principal,2018-07-02 01:00 AM,2018,07,02,01,23.6,75,Moderate,20.0,UG/M3,1 Hr,Valid
Tashkent,PM2.5 - Principal,2018-07-02 02:00 AM,2018,07,02,02,14.8,57,Moderate,6.0,UG/M3,1 Hr,Valid
Tashkent,PM2.5 - Principal,2018-07-02 03:00 AM,2018,07,02,03,15.4,58,Moderate,16.0,UG/M3,1 Hr,Valid
Tashkent,PM2.5 - Principal,2018-07-02 04:00 AM,2018,07,02,04,16.7,61,Moderate,18.0,UG/M3,1 Hr,Valid
Tashkent,PM2.5 - Principal,2018-07-02 05:00 AM,2018,07,02,05,18.3,64,Moderate,20.0,UG/M3,1 Hr,Valid
Tashkent,PM2.5 - Principal,2018-07-02 06:00 AM,2018,07,02,06,21.1,70,Moderate,24.0,UG/M3,1 Hr,Valid
Tashkent,PM2.5 - Principal,2018-07-02 07:00 AM,2018,07,02,07,34.5,98,Moderate,48.0,UG/M3,1 Hr,Valid
Tashkent,PM2.5 - Principal,2018-07-02 08:00 AM,2018,07,02,08,45.2,125,Unhealthy for Sensitive Groups,56.0,UG/M3,1 Hr,Valid
Tashkent,PM2.5 - Principal,2018-07-02 09:00 AM,2018,07,02,09,43.6,121,Unhealthy for Sensitive Groups,42.0,UG/M3,1 Hr,Valid
Tashkent,PM2.5 - Principal,2018-07-02 10:00 AM,2018,07,02,10,45.8,126,Unhealthy for Sensitive Groups,48.0,UG/M3,1 Hr,Valid
Tashkent,PM2.5 - Principal,2018-07-02 11:00 AM,2018,07,02,11,34.9,99,Moderate,24.0,UG/M3,1 Hr,Valid
Tashkent,PM2.5 - Principal,2018-07-02 12:00 PM,2018,07,02,12,25.9,80,Moderate,17.0,UG/M3,1 Hr,Valid
Tashkent,PM2.5 - Principal,2018-07-02 01:00 PM,2018,07,02,13,23.4,75,Moderate,21.0,UG/M3,1 Hr,Valid
Tashkent,PM2.5 - Principal,2018-07-02 02:00 PM,2018,07,02,14,18.2,64,Moderate,13.0,UG/M3,1 Hr,Valid
Tashkent,PM2.5 - Principal,2018-07-02 03:00 PM,2018,07,02,15,50.6,138,Unhealthy for Sensitive Groups,83.0,UG/M3,1 Hr,Valid
Tashkent,PM2.5 - Principal,2018-07-02 04:00 PM,2018,07,02,16,69.3,158,Unhealthy,88.0,UG/M3,1 Hr,Valid
Tashkent,PM2.5 - Principal,2018-07-02 05:00 PM,2018,07,02,17,40.6,114,Unhealthy for Sensitive Groups,12.0,UG/M3,1 Hr,Valid
Tashkent,PM2.5 - Principal,2018-07-02 06:00 PM,2018,07,02,18,25.8,80,Moderate,11.0,UG/M3,1 Hr,Valid
Tashkent,PM2.5 - Principal,2018-07-02 07:00 PM,2018,07,02,19,85.4,166,Unhealthy,145.0,UG/M3,1 Hr,Valid
Tashkent,PM2.5 - Principal,2018-07-02 08:00 PM,2018,07,02,20,80.2,164,Unhealthy,75.0,UG/M3,1 Hr,Valid
Tashkent,PM2.5 - Principal,2018-07-02 09:00 PM,2018,07,02,21,51.1,139,Unhealthy for Sensitive Groups,22.0,UG/M3,1 Hr,Valid
Tashkent,PM2.5 - Principal,2018-07-02 10:00 PM,2018,07,02,22,39.0,110,Unhealthy for Sensitive Groups,27.0,UG/M3,1 Hr,Valid
Tashkent,PM2.5 - Principal,2018-07-02 11:00 PM,2018,07,02,23,33.0,95,Moderate,27.0,UG/M3,1 Hr,Valid
Tashkent,PM2.5 - Principal,2018-07-03 12:00 AM,2018,07,03,00,24.5,77,Moderate,16.0,UG/M3,1 Hr,Valid
Tashkent,PM2.5 - Principal,2018-07-03 01:00 AM,2018,07,03,01,18.2,64,Moderate,12.0,UG/M3,1 Hr,Valid
Tashkent,PM2.5 - Principal,2018-07-03 02:00 AM,2018,07,03,02,14.6,56,Moderate,11.0,UG/M3,1 Hr,Valid
Tashkent,PM2.5 - Principal,2018-07-03 03:00 AM,2018,07,03,03,18.3,64,Moderate,22.0,UG/M3,1 Hr,Valid
Tashkent,PM2.5 - Principal,2018-07-03 04:00 AM,2018,07,03,04,29.1,87,Moderate,40.0,UG/M3,1 Hr,Valid
Tashkent,PM2.5 - Principal,2018-07-03 05:00 AM,2018,07,03,05,29.5,88,Moderate,30.0,UG/M3,1 Hr,Valid
Tashkent,PM2.5 - Principal,2018-07-03 06:00 AM,2018,07,03,06,28.7,86,Moderate,28.0,UG/M3,1 Hr,Valid
Tashkent,PM2.5 - Principal,2018-07-03 07:00 AM,2018,07,03,07,25.3,79,Moderate,22.0,UG/M3,1 Hr,Valid
Tashkent,PM2.5 - Principal,2018-07-03 08:00 AM,2018,07,03,08,46.6,128,Unhealthy for Sensitive Groups,68.0,UG/M3,1 Hr,Valid
Tashkent,PM2.5 - Principal,2018-07-03 09:00 AM,2018,07,03,09,41.3,115,Unhealthy for Sensitive Groups,36.0,UG/M3,1 Hr,Valid
Tashkent,PM2.5 - Principal,2018-07-03 10:00 AM,2018,07,03,10,73.1,160,Unhealthy,105.0,UG/M3,1 Hr,Valid
Tashkent,PM2.5 - Principal,2018-07-03 11:00 AM,2018,07,03,11,64.5,156,Unhealthy,56.0,UG/M3,1 Hr,Valid
Tashkent,PM2.5 - Principal,2018-07-03 12:00 PM,2018,07,03,12,56.3,151,Unhealthy,48.0,UG/M3,1 Hr,Valid
Tashkent,PM2.5 - Principal,2018-07-03 01:00 PM,2018,07,03,13,52.1,142,Unhealthy for Sensitive Groups,48.0,UG/M3,1 Hr,Valid
Tashkent,PM2.5 - Principal,2018-07-03 02:00 PM,2018,07,03,14,36.5,103,Unhealthy for Sensitive Groups,21.0,UG/M3,1 Hr,Valid
Tashkent,PM2.5 - Principal,2018-07-03 03:00 PM,2018,07,03,15,32.7,94,Moderate,29.0,UG/M3,1 Hr,Valid
Tashkent,PM2.5 - Principal,2018-07-03 04:00 PM,2018,07,03,16,21.8,71,Moderate,11.0,UG/M3,1 Hr,Valid
Tashkent,PM2.5 - Principal,2018-07-03 05:00 PM,2018,07,03,17,14.9,57,Moderate,8.0,UG/M3,1 Hr,Valid
Tashkent,PM2.5 - Principal,2018-07-03 06:00 PM,2018,07,03,18,15.4,58,Moderate,16.0,UG/M3,1 Hr,Valid
Tashkent,PM2.5 - Principal,2018-07-03 07:00 PM,2018,07,03,19,21.2,70,Moderate,27.0,UG/M3,1 Hr,Valid
Tashkent,PM2.5 - Principal,2018-07-03 08:00 PM,2018,07,03,20,15.6,58,Moderate,10.0,UG/M3,1 Hr,Valid
Tashkent,PM2.5 - Principal,2018-07-03 09:00 PM,2018,07,03,21,19.8,67,Moderate,24.0,UG/M3,1 Hr,Valid
Tashkent,PM2.5 - Principal,2018-07-03 10:00 PM,2018,07,03,22,20.8,69,Moderate,22.0,UG/M3,1 Hr,Valid
Tashkent,PM2.5 - Principal,2018-07-03 11:00 PM,2018,07,03,23,23.4,75,Moderate,26.0,UG/M3,1 Hr,Valid
Tashkent,PM2.5 - Principal,2018-07-04 12:00 AM,2018,07,04,00,20.2,68,Moderate,17.0,UG/M3,1 Hr,Valid
Tashkent,PM2.5 - Principal,2018-07-04 01:00 AM,2018,07,04,01,24.1,76,Moderate,28.0,UG/M3,1 Hr,Valid
Tashkent,PM2.5 - Principal,2018-07-04 02:00 AM,2018,07,04,02,29.0,87,Moderate,34.0,UG/M3,1 Hr,Valid
Tashkent,PM2.5 - Principal,2018-07-04 03:00 AM,2018,07,04,03,36.0,102,Unhealthy for Sensitive Groups,43.0,UG/M3,1 Hr,Valid
Tashkent,PM2.5 - Principal,2018-07-04 04:00 AM,2018,07,04,04,35.5,101,Unhealthy for Sensitive Groups,35.0,UG/M3,1 Hr,Valid
Tashkent,PM2.5 - Principal,2018-07-04 05:00 AM,2018,07,04,05,42.2,117,Unhealthy for Sensitive Groups,49.0,UG/M3,1 Hr,Valid
Tashkent,PM2.5 - Principal,2018-07-04 06:00 AM,2018,07,04,06,43.1,120,Unhealthy for Sensitive Groups,44.0,UG/M3,1 Hr,Valid
Tashkent,PM2.5 - Principal,2018-07-04 07:00 AM,2018,07,04,07,40.5,113,Unhealthy for Sensitive Groups,38.0,UG/M3,1 Hr,Valid
Tashkent,PM2.5 - Principal,2018-07-04 08:00 AM,2018,07,04,08,40.2,113,Unhealthy for Sensitive Groups,40.0,UG/M3,1 Hr,Valid
Tashkent,PM2.5 - Principal,2018-07-04 09:00 AM,2018,07,04,09,35.1,99,Moderate,30.0,UG/M3,1 Hr,Valid
Tashkent,PM2.5 - Principal,2018-07-04 10:00 AM,2018,07,04,10,28.0,84,Moderate,21.0,UG/M3,1 Hr,Valid
Tashkent,PM2.5 - Principal,2018-07-04 11:00 AM,2018,07,04,11,24.5,77,Moderate,21.0,UG/M3,1 Hr,Valid
Tashkent,PM2.5 - Principal,2018-07-04 12:00 PM,2018,07,04,12,28.2,85,Moderate,32.0,UG/M3,1 Hr,Valid
Tashkent,PM2.5 - Principal,2018-07-04 01:00 PM,2018,07,04,13,24.1,76,Moderate,20.0,UG/M3,1 Hr,Valid
Tashkent,PM2.5 - Principal,2018-07-04 02:00 PM,2018,07,04,14,24.0,76,Moderate,24.0,UG/M3,1 Hr,Valid
Tashkent,PM2.5 - Principal,2018-07-04 03:00 PM,2018,07,04,15,26.5,81,Moderate,29.0,UG/M3,1 Hr,Valid
Tashkent,PM2.5 - Principal,2018-07-04 04:00 PM,2018,07,04,16,21.7,71,Moderate,17.0,UG/M3,1 Hr,Valid
Tashkent,PM2.5 - Principal,2018-07-04 05:00 PM,2018,07,04,17,21.8,71,Moderate,22.0,UG/M3,1 Hr,Valid
Tashkent,PM2.5 - Principal,2018-07-04 06:00 PM,2018,07,04,18,65.9,156,Unhealthy,110.0,UG/M3,1 Hr,Valid
Tashkent,PM2.5 - Principal,2018-07-04 07:00 PM,2018,07,04,19,61.9,154,Unhealthy,58.0,UG/M3,1 Hr,Valid
Tashkent,PM2.5 - Principal,2018-07-04 08:00 PM,2018,07,04,20,52.4,143,Unhealthy for Sensitive Groups,43.0,UG/M3,1 Hr,Valid
Tashkent,PM2.5 - Principal,2018-07-04 09:00 PM,2018,07,04,21,50.7,138,Unhealthy for Sensitive Groups,49.0,UG/M3,1 Hr,Valid
Tashkent,PM2.5 - Principal,2018-07-04 10:00 PM,2018,07,04,22,57.8,152,Unhealthy,65.0,UG/M3,1 Hr,Valid
Tashkent,PM2.5 - Principal,2018-07-04 11:00 PM,2018,07,04,23,63.4,155,Unhealthy,69.0,UG/M3,1 Hr,Valid
Tashkent,PM2.5 - Principal,2018-07-05 12:00 AM,2018,07,05,00,63.4,155,Unhealthy,25.0,UG/M3,1 Hr,Invalid
Tashkent,PM2.5 - Principal,2018-07-05 01:00 AM,2018,07,05,01,46.4,128,Unhealthy for Sensitive Groups,38.0,UG/M3,1 Hr,Valid
Tashkent,PM2.5 - Principal,2018-07-05 02:00 AM,2018,07,05,02,50.7,138,Unhealthy for Sensitive Groups,54.0,UG/M3,1 Hr,Valid
Tashkent,PM2.5 - Principal,2018-07-05 03:00 AM,2018,07,05,03,46.1,127,Unhealthy for Sensitive Groups,42.0,UG/M3,1 Hr,Valid
Tashkent,PM2.5 - Principal,2018-07-05 04:00 AM,2018,07,05,04,32.6,94,Moderate,20.0,UG/M3,1 Hr,Valid
Tashkent,PM2.5 - Principal,2018-07-05 05:00 AM,2018,07,05,05,23.6,75,Moderate,15.0,UG/M3,1 Hr,Valid
Tashkent,PM2.5 - Principal,2018-07-05 06:00 AM,2018,07,05,06,22.3,72,Moderate,21.0,UG/M3,1 Hr,Valid
Tashkent,PM2.5 - Principal,2018-07-05 07:00 AM,2018,07,05,07,22.6,73,Moderate,23.0,UG/M3,1 Hr,Valid
Tashkent,PM2.5 - Principal,2018-07-05 08:00 AM,2018,07,05,08,23.8,76,Moderate,25.0,UG/M3,1 Hr,Valid
Tashkent,PM2.5 - Principal,2018-07-05 09:00 AM,2018,07,05,09,26.4,81,Moderate,29.0,UG/M3,1 Hr,Valid
Tashkent,PM2.5 - Principal,2018-07-05 10:00 AM,2018,07,05,10,33.2,95,Moderate,40.0,UG/M3,1 Hr,Valid
Tashkent,PM2.5 - Principal,2018-07-05 11:00 AM,2018,07,05,11,35.1,99,Moderate,37.0,UG/M3,1 Hr,Valid
Tashkent,PM2.5 - Principal,2018-07-05 12:00 PM,2018,07,05,12,33.5,96,Moderate,32.0,UG/M3,1 Hr,Valid
Tashkent,PM2.5 - Principal,2018-07-05 01:00 PM,2018,07,05,13,30.7,90,Moderate,28.0,UG/M3,1 Hr,Valid
Tashkent,PM2.5 - Principal,2018-07-05 02:00 PM,2018,07,05,14,28.8,86,Moderate,27.0,UG/M3,1 Hr,Valid
Tashkent,PM2.5 - Principal,2018-07-05 03:00 PM,2018,07,05,15,20.9,70,Moderate,13.0,UG/M3,1 Hr,Valid
Tashkent,PM2.5 - Principal,2018-07-05 04:00 PM,2018,07,05,16,16.4,60,Moderate,12.0,UG/M3,1 Hr,Valid
Tashkent,PM2.5 - Principal,2018-07-05 05:00 PM,2018,07,05,17,17.2,62,Moderate,18.0,UG/M3,1 Hr,Valid
Tashkent,PM2.5 - Principal,2018-07-05 06:00 PM,2018,07,05,18,18.6,65,Moderate,20.0,UG/M3,1 Hr,Valid
Tashkent,PM2.5 - Principal,2018-07-05 07:00 PM,2018,07,05,19,22.3,72,Moderate,26.0,UG/M3,1 Hr,Valid
Tashkent,PM2.5 - Principal,2018-07-05 08:00 PM,2018,07,05,20,28.1,85,Moderate,34.0,UG/M3,1 Hr,Valid
Tashkent,PM2.5 - Principal,2018-07-05 09:00 PM,2018,07,05,21,44.0,122,Unhealthy for Sensitive Groups,60.0,UG/M3,1 Hr,Valid
Tashkent,PM2.5 - Principal,2018-07-05 10:00 PM,2018,07,05,22,59.5,153,Unhealthy,75.0,UG/M3,1 Hr,Valid
Tashkent,PM2.5 - Principal,2018-07-05 11:00 PM,2018,07,05,23,62.7,155,Unhealthy,66.0,UG/M3,1 Hr,Valid
Tashkent,PM2.5 - Principal,2018-07-06 12:00 AM,2018,07,06,00,59.8,153,Unhealthy,57.0,UG/M3,1 Hr,Valid
Tashkent,PM2.5 - Principal,2018-07-06 01:00 AM,2018,07,06,01,48.9,134,Unhealthy for Sensitive Groups,38.0,UG/M3,1 Hr,Valid
Tashkent,PM2.5 - Principal,2018-07-06 02:00 AM,2018,07,06,02,51.9,141,Unhealthy for Sensitive Groups,55.0,UG/M3,1 Hr,Valid
Tashkent,PM2.5 - Principal,2018-07-06 03:00 AM,2018,07,06,03,49.9,136,Unhealthy for Sensitive Groups,48.0,UG/M3,1 Hr,Valid
Tashkent,PM2.5 - Principal,2018-07-06 04:00 AM,2018,07,06,04,35.9,102,Unhealthy for Sensitive Groups,22.0,UG/M3,1 Hr,Valid
Tashkent,PM2.5 - Principal,2018-07-06 05:00 AM,2018,07,06,05,24.4,77,Moderate,13.0,UG/M3,1 Hr,Valid
Tashkent,PM2.5 - Principal,2018-07-06 06:00 AM,2018,07,06,06,18.2,64,Moderate,12.0,UG/M3,1 Hr,Valid
Tashkent,PM2.5 - Principal,2018-07-06 07:00 AM,2018,07,06,07,14.1,55,Moderate,10.0,UG/M3,1 Hr,Valid
Tashkent,PM2.5 - Principal,2018-07-06 08:00 AM,2018,07,06,08,17.0,61,Moderate,20.0,UG/M3,1 Hr,Valid
Tashkent,PM2.5 - Principal,2018-07-06 09:00 AM,2018,07,06,09,19.0,66,Moderate,21.0,UG/M3,1 Hr,Valid
Tashkent,PM2.5 - Principal,2018-07-06 10:00 AM,2018,07,06,10,27.0,82,Moderate,35.0,UG/M3,1 Hr,Valid
Tashkent,PM2.5 - Principal,2018-07-06 11:00 AM,2018,07,06,11,29.4,87,Moderate,32.0,UG/M3,1 Hr,Valid
Tashkent,PM2.5 - Principal,2018-07-06 12:00 PM,2018,07,06,12,30.2,89,Moderate,31.0,UG/M3,1 Hr,Valid
Tashkent,PM2.5 - Principal,2018-07-06 01:00 PM,2018,07,06,13,39.6,111,Unhealthy for Sensitive Groups,49.0,UG/M3,1 Hr,Valid
Tashkent,PM2.5 - Principal,2018-07-06 02:00 PM,2018,07,06,14,58.8,153,Unhealthy,78.0,UG/M3,1 Hr,Valid
Tashkent,PM2.5 - Principal,2018-07-06 03:00 PM,2018,07,06,15,48.4,133,Unhealthy for Sensitive Groups,38.0,UG/M3,1 Hr,Valid
Tashkent,PM2.5 - Principal,2018-07-06 04:00 PM,2018,07,06,16,36.7,104,Unhealthy for Sensitive Groups,25.0,UG/M3,1 Hr,Valid
Tashkent,PM2.5 - Principal,2018-07-06 05:00 PM,2018,07,06,17,29.8,88,Moderate,23.0,UG/M3,1 Hr,Valid
Tashkent,PM2.5 - Principal,2018-07-06 06:00 PM,2018,07,06,18,24.9,78,Moderate,20.0,UG/M3,1 Hr,Valid
Tashkent,PM2.5 - Principal,2018-07-06 07:00 PM,2018,07,06,19,21.4,71,Moderate,18.0,UG/M3,1 Hr,Valid
Tashkent,PM2.5 - Principal,2018-07-06 08:00 PM,2018,07,06,20,22.7,73,Moderate,24.0,UG/M3,1 Hr,Valid
Tashkent,PM2.5 - Principal,2018-07-06 09:00 PM,2018,07,06,21,36.3,103,Unhealthy for Sensitive Groups,50.0,UG/M3,1 Hr,Valid
Tashkent,PM2.5 - Principal,2018-07-06 10:00 PM,2018,07,06,22,47.6,131,Unhealthy for Sensitive Groups,59.0,UG/M3,1 Hr,Valid
Tashkent,PM2.5 - Principal,2018-07-06 11:00 PM,2018,07,06,23,51.8,141,Unhealthy for Sensitive Groups,56.0,UG/M3,1 Hr,Valid
Tashkent,PM2.5 - Principal,2018-07-07 12:00 AM,2018,07,07,00,52.4,143,Unhealthy for Sensitive Groups,53.0,UG/M3,1 Hr,Valid
Tashkent,PM2.5 - Principal,2018-07-07 01:00 AM,2018,07,07,01,58.7,153,Unhealthy,65.0,UG/M3,1 Hr,Valid
Tashkent,PM2.5 - Principal,2018-07-07 02:00 AM,2018,07,07,02,52.8,144,Unhealthy for Sensitive Groups,47.0,UG/M3,1 Hr,Valid
Tashkent,PM2.5 - Principal,2018-07-07 03:00 AM,2018,07,07,03,43.4,120,Unhealthy for Sensitive Groups,34.0,UG/M3,1 Hr,Valid
Tashkent,PM2.5 - Principal,2018-07-07 04:00 AM,2018,07,07,04,37.7,106,Unhealthy for Sensitive Groups,32.0,UG/M3,1 Hr,Valid
Tashkent,PM2.5 - Principal,2018-07-07 05:00 AM,2018,07,07,05,32.8,95,Moderate,28.0,UG/M3,1 Hr,Valid
Tashkent,PM2.5 - Principal,2018-07-07 06:00 AM,2018,07,07,06,30.4,89,Moderate,28.0,UG/M3,1 Hr,Valid
Tashkent,PM2.5 - Principal,2018-07-07 07:00 AM,2018,07,07,07,29.2,87,Moderate,28.0,UG/M3,1 Hr,Valid
Tashkent,PM2.5 - Principal,2018-07-07 08:00 AM,2018,07,07,08,35.6,101,Unhealthy for Sensitive Groups,42.0,UG/M3,1 Hr,Valid
Tashkent,PM2.5 - Principal,2018-07-07 09:00 AM,2018,07,07,09,37.3,105,Unhealthy for Sensitive Groups,39.0,UG/M3,1 Hr,Valid
Tashkent,PM2.5 - Principal,2018-07-07 10:00 AM,2018,07,07,10,35.6,101,Unhealthy for Sensitive Groups,34.0,UG/M3,1 Hr,Valid
Tashkent,PM2.5 - Principal,2018-07-07 11:00 AM,2018,07,07,11,28.3,85,Moderate,21.0,UG/M3,1 Hr,Valid
Tashkent,PM2.5 - Principal,2018-07-07 12:00 PM,2018,07,07,12,28.6,86,Moderate,29.0,UG/M3,1 Hr,Valid
Tashkent,PM2.5 - Principal,2018-07-07 01:00 PM,2018,07,07,13,25.8,80,Moderate,23.0,UG/M3,1 Hr,Valid
Tashkent,PM2.5 - Principal,2018-07-07 02:00 PM,2018,07,07,14,26.4,81,Moderate,27.0,UG/M3,1 Hr,Valid
Tashkent,PM2.5 - Principal,2018-07-07 03:00 PM,2018,07,07,15,24.2,76,Moderate,22.0,UG/M3,1 Hr,Valid
Tashkent,PM2.5 - Principal,2018-07-07 04:00 PM,2018,07,07,16,25.1,78,Moderate,26.0,UG/M3,1 Hr,Valid
Tashkent,PM2.5 - Principal,2018-07-07 05:00 PM,2018,07,07,17,27.0,82,Moderate,29.0,UG/M3,1 Hr,Valid
Tashkent,PM2.5 - Principal,2018-07-07 06:00 PM,2018,07,07,18,26.0,80,Moderate,25.0,UG/M3,1 Hr,Valid
Tashkent,PM2.5 - Principal,2018-07-07 07:00 PM,2018,07,07,19,31.5,92,Moderate,37.0,UG/M3,1 Hr,Valid
Tashkent,PM2.5 - Principal,2018-07-07 08:00 PM,2018,07,07,20,35.4,100,Moderate,40.0,UG/M3,1 Hr,Valid
Tashkent,PM2.5 - Principal,2018-07-07 09:00 PM,2018,07,07,21,40.8,114,Unhealthy for Sensitive Groups,46.0,UG/M3,1 Hr,Valid
Tashkent,PM2.5 - Principal,2018-07-07 10:00 PM,2018,07,07,22,42.9,119,Unhealthy for Sensitive Groups,45.0,UG/M3,1 Hr,Valid
Tashkent,PM2.5 - Principal,2018-07-07 11:00 PM,2018,07,07,23,41.9,117,Unhealthy for Sensitive Groups,41.0,UG/M3,1 Hr,Valid
Tashkent,PM2.5 - Principal,2018-07-08 12:00 AM,2018,07,08,00,41.9,117,Unhealthy for Sensitive Groups,42.0,UG/M3,1 Hr,Valid
Tashkent,PM2.5 - Principal,2018-07-08 01:00 AM,2018,07,08,01,38.9,109,Unhealthy for Sensitive Groups,36.0,UG/M3,1 Hr,Valid
Tashkent,PM2.5 - Principal,2018-07-08 02:00 AM,2018,07,08,02,31.9,93,Moderate,25.0,UG/M3,1 Hr,Valid
Tashkent,PM2.5 - Principal,2018-07-08 03:00 AM,2018,07,08,03,26.4,81,Moderate,21.0,UG/M3,1 Hr,Valid
Tashkent,PM2.5 - Principal,2018-07-08 04:00 AM,2018,07,08,04,21.7,71,Moderate,17.0,UG/M3,1 Hr,Valid
Tashkent,PM2.5 - Principal,2018-07-08 05:00 AM,2018,07,08,05,20.3,68,Moderate,19.0,UG/M3,1 Hr,Valid
Tashkent,PM2.5 - Principal,2018-07-08 06:00 AM,2018,07,08,06,21.6,71,Moderate,23.0,UG/M3,1 Hr,Valid
Tashkent,PM2.5 - Principal,2018-07-08 07:00 AM,2018,07,08,07,21.8,71,Moderate,22.0,UG/M3,1 Hr,Valid
Tashkent,PM2.5 - Principal,2018-07-08 08:00 AM,2018,07,08,08,26.9,82,Moderate,32.0,UG/M3,1 Hr,Valid
Tashkent,PM2.5 - Principal,2018-07-08 09:00 AM,2018,07,08,09,27.4,83,Moderate,28.0,UG/M3,1 Hr,Valid
Tashkent,PM2.5 - Principal,2018-07-08 10:00 AM,2018,07,08,10,24.2,76,Moderate,21.0,UG/M3,1 Hr,Valid
Tashkent,PM2.5 - Principal,2018-07-08 11:00 AM,2018,07,08,11,21.6,71,Moderate,19.0,UG/M3,1 Hr,Valid
Tashkent,PM2.5 - Principal,2018-07-08 12:00 PM,2018,07,08,12,20.8,69,Moderate,20.0,UG/M3,1 Hr,Valid
Tashkent,PM2.5 - Principal,2018-07-08 01:00 PM,2018,07,08,13,21.9,72,Moderate,23.0,UG/M3,1 Hr,Valid
Tashkent,PM2.5 - Principal,2018-07-08 02:00 PM,2018,07,08,14,19.6,67,Moderate,17.0,UG/M3,1 Hr,Valid
Tashkent,PM2.5 - Principal,2018-07-08 03:00 PM,2018,07,08,15,19.3,66,Moderate,19.0,UG/M3,1 Hr,Valid
Tashkent,PM2.5 - Principal,2018-07-08 04:00 PM,2018,07,08,16,18.7,65,Moderate,18.0,UG/M3,1 Hr,Valid
Tashkent,PM2.5 - Principal,2018-07-08 05:00 PM,2018,07,08,17,17.3,62,Moderate,16.0,UG/M3,1 Hr,Valid
Tashkent,PM2.5 - Principal,2018-07-08 06:00 PM,2018,07,08,18,19.6,67,Moderate,22.0,UG/M3,1 Hr,Valid
Tashkent,PM2.5 - Principal,2018-07-08 07:00 PM,2018,07,08,19,22.8,74,Moderate,26.0,UG/M3,1 Hr,Valid
Tashkent,PM2.5 - Principal,2018-07-08 08:00 PM,2018,07,08,20,28.9,86,Moderate,35.0,UG/M3,1 Hr,Valid
Tashkent,PM2.5 - Principal,2018-07-08 09:00 PM,2018,07,08,21,33.4,96,Moderate,38.0,UG/M3,1 Hr,Valid
Tashkent,PM2.5 - Principal,2018-07-08 10:00 PM,2018,07,08,22,33.2,95,Moderate,33.0,UG/M3,1 Hr,Valid
Tashkent,PM2.5 - Principal,2018-07-08 11:00 PM,2018,07,08,23,37.1,105,Unhealthy for Sensitive Groups,41.0,UG/M3,1 Hr,Valid
Tashkent,PM2.5 - Principal,2018-07-09 12:00 AM,2018,07,09,00,40.5,113,Unhealthy for Sensitive Groups,44.0,UG/M3,1 Hr,Valid
Tashkent,PM2.5 - Principal,2018-07-09 01:00 AM,2018,07,09,01,39.2,110,Unhealthy for Sensitive Groups,38.0,UG/M3,1 Hr,Valid
Tashkent,PM2.5 - Principal,2018-07-09 02:00 AM,2018,07,09,02,31.1,91,Moderate,23.0,UG/M3,1 Hr,Valid
Tashkent,PM2.5 - Principal,2018-07-09 03:00 AM,2018,07,09,03,27.0,82,Moderate,23.0,UG/M3,1 Hr,Valid
Tashkent,PM2.5 - Principal,2018-07-09 04:00 AM,2018,07,09,04,25.5,79,Moderate,24.0,UG/M3,1 Hr,Valid
Tashkent,PM2.5 - Principal,2018-07-09 05:00 AM,2018,07,09,05,24.7,77,Moderate,24.0,UG/M3,1 Hr,Valid
Tashkent,PM2.5 - Principal,2018-07-09 06:00 AM,2018,07,09,06,28.7,86,Moderate,33.0,UG/M3,1 Hr,Valid
Tashkent,PM2.5 - Principal,2018-07-09 07:00 AM,2018,07,09,07,37.4,106,Unhealthy for Sensitive Groups,46.0,UG/M3,1 Hr,Valid
Tashkent,PM2.5 - Principal,2018-07-09 08:00 AM,2018,07,09,08,36.2,103,Unhealthy for Sensitive Groups,35.0,UG/M3,1 Hr,Valid
Tashkent,PM2.5 - Principal,2018-07-09 09:00 AM,2018,07,09,09,38.1,107,Unhealthy for Sensitive Groups,40.0,UG/M3,1 Hr,Valid
Tashkent,PM2.5 - Principal,2018-07-09 10:00 AM,2018,07,09,10,43.0,119,Unhealthy for Sensitive Groups,48.0,UG/M3,1 Hr,Valid
Tashkent,PM2.5 - Principal,2018-07-09 11:00 AM,2018,07,09,11,44.0,122,Unhealthy for Sensitive Groups,45.0,UG/M3,1 Hr,Valid
Tashkent,PM2.5 - Principal,2018-07-09 12:00 PM,2018,07,09,12,37.5,106,Unhealthy for Sensitive Groups,31.0,UG/M3,1 Hr,Valid
Tashkent,PM2.5 - Principal,2018-07-09 01:00 PM,2018,07,09,13,36.7,104,Unhealthy for Sensitive Groups,36.0,UG/M3,1 Hr,Valid
Tashkent,PM2.5 - Principal,2018-07-09 02:00 PM,2018,07,09,14,28.8,86,Moderate,21.0,UG/M3,1 Hr,Valid
Tashkent,PM2.5 - Principal,2018-07-09 03:00 PM,2018,07,09,15,27.9,84,Moderate,27.0,UG/M3,1 Hr,Valid
Tashkent,PM2.5 - Principal,2018-07-09 04:00 PM,2018,07,09,16,23.4,75,Moderate,19.0,UG/M3,1 Hr,Valid
Tashkent,PM2.5 - Principal,2018-07-09 05:00 PM,2018,07,09,17,19.2,66,Moderate,15.0,UG/M3,1 Hr,Valid
Tashkent,PM2.5 - Principal,2018-07-09 06:00 PM,2018,07,09,18,17.6,63,Moderate,16.0,UG/M3,1 Hr,Valid
Tashkent,PM2.5 - Principal,2018-07-09 07:00 PM,2018,07,09,19,24.8,78,Moderate,32.0,UG/M3,1 Hr,Valid
Tashkent,PM2.5 - Principal,2018-07-09 08:00 PM,2018,07,09,20,29.9,88,Moderate,35.0,UG/M3,1 Hr,Valid
Tashkent,PM2.5 - Principal,2018-07-09 09:00 PM,2018,07,09,21,38.9,109,Unhealthy for Sensitive Groups,48.0,UG/M3,1 Hr,Valid
Tashkent,PM2.5 - Principal,2018-07-09 10:00 PM,2018,07,09,22,52.9,144,Unhealthy for Sensitive Groups,67.0,UG/M3,1 Hr,Valid
Tashkent,PM2.5 - Principal,2018-07-09 11:00 PM,2018,07,09,23,61.9,154,Unhealthy,71.0,UG/M3,1 Hr,Valid
Tashkent,PM2.5 - Principal,2018-07-10 12:00 AM,2018,07,10,00,100.0,174,Unhealthy,138.0,UG/M3,1 Hr,Valid
Tashkent,PM2.5 - Principal,2018-07-10 01:00 AM,2018,07,10,01,93.5,171,Unhealthy,87.0,UG/M3,1 Hr,Valid
Tashkent,PM2.5 - Principal,2018-07-10 02:00 AM,2018,07,10,02,63.7,155,Unhealthy,34.0,UG/M3,1 Hr,Valid
Tashkent,PM2.5 - Principal,2018-07-10 03:00 AM,2018,07,10,03,44.8,124,Unhealthy for Sensitive Groups,26.0,UG/M3,1 Hr,Valid
Tashkent,PM2.5 - Principal,2018-07-10 04:00 AM,2018,07,10,04,31.9,93,Moderate,19.0,UG/M3,1 Hr,Valid
Tashkent,PM2.5 - Principal,2018-07-10 05:00 AM,2018,07,10,05,23.9,76,Moderate,16.0,UG/M3,1 Hr,Valid
Tashkent,PM2.5 - Principal,2018-07-10 06:00 AM,2018,07,10,06,23.9,76,Moderate,24.0,UG/M3,1 Hr,Valid
Tashkent,PM2.5 - Principal,2018-07-10 07:00 AM,2018,07,10,07,37.9,107,Unhealthy for Sensitive Groups,52.0,UG/M3,1 Hr,Valid
Tashkent,PM2.5 - Principal,2018-07-10 08:00 AM,2018,07,10,08,78.0,163,Unhealthy,118.0,UG/M3,1 Hr,Valid
Tashkent,PM2.5 - Principal,2018-07-10 09:00 AM,2018,07,10,09,96.5,172,Unhealthy,115.0,UG/M3,1 Hr,Valid
Tashkent,PM2.5 - Principal,2018-07-10 10:00 AM,2018,07,10,10,112.7,181,Unhealthy,129.0,UG/M3,1 Hr,Valid
Tashkent,PM2.5 - Principal,2018-07-10 11:00 AM,2018,07,10,11,114.8,182,Unhealthy,117.0,UG/M3,1 Hr,Valid
Tashkent,PM2.5 - Principal,2018-07-10 12:00 PM,2018,07,10,12,104.9,177,Unhealthy,95.0,UG/M3,1 Hr,Valid
Tashkent,PM2.5 - Principal,2018-07-10 01:00 PM,2018,07,10,13,130.9,190,Unhealthy,157.0,UG/M3,1 Hr,Valid
Tashkent,PM2.5 - Principal,2018-07-10 02:00 PM,2018,07,10,14,76.4,162,Unhealthy,22.0,UG/M3,1 Hr,Valid
Tashkent,PM2.5 - Principal,2018-07-10 03:00 PM,2018,07,10,15,48.2,132,Unhealthy for Sensitive Groups,20.0,UG/M3,1 Hr,Valid
Tashkent,PM2.5 - Principal,2018-07-10 04:00 PM,2018,07,10,16,31.1,91,Moderate,14.0,UG/M3,1 Hr,Valid
Tashkent,PM2.5 - Principal,2018-07-10 05:00 PM,2018,07,10,17,22.5,73,Moderate,14.0,UG/M3,1 Hr,Valid
Tashkent,PM2.5 - Principal,2018-07-10 06:00 PM,2018,07,10,18,17.7,63,Moderate,13.0,UG/M3,1 Hr,Valid
Tashkent,PM2.5 - Principal,2018-07-10 07:00 PM,2018,07,10,19,36.8,104,Unhealthy for Sensitive Groups,56.0,UG/M3,1 Hr,Valid
Tashkent,PM2.5 - Principal,2018-07-10 08:00 PM,2018,07,10,20,55.4,150,Unhealthy for Sensitive Groups,74.0,UG/M3,1 Hr,Valid
Tashkent,PM2.5 - Principal,2018-07-10 09:00 PM,2018,07,10,21,60.7,154,Unhealthy,66.0,UG/M3,1 Hr,Valid
Tashkent,PM2.5 - Principal,2018-07-10 10:00 PM,2018,07,10,22,47.3,130,Unhealthy for Sensitive Groups,34.0,UG/M3,1 Hr,Valid
Tashkent,PM2.5 - Principal,2018-07-10 11:00 PM,2018,07,10,23,39.6,111,Unhealthy for Sensitive Groups,32.0,UG/M3,1 Hr,Valid
Tashkent,PM2.5 - Principal,2018-07-11 12:00 AM,2018,07,11,00,39.3,110,Unhealthy for Sensitive Groups,39.0,UG/M3,1 Hr,Valid
Tashkent,PM2.5 - Principal,2018-07-11 01:00 AM,2018,07,11,01,38.6,109,Unhealthy for Sensitive Groups,38.0,UG/M3,1 Hr,Valid
Tashkent,PM2.5 - Principal,2018-07-11 02:00 AM,2018,07,11,02,37.8,107,Unhealthy for Sensitive Groups,37.0,UG/M3,1 Hr,Valid
Tashkent,PM2.5 - Principal,2018-07-11 03:00 AM,2018,07,11,03,32.4,94,Moderate,27.0,UG/M3,1 Hr,Valid
Tashkent,PM2.5 - Principal,2018-07-11 04:00 AM,2018,07,11,04,25.2,79,Moderate,18.0,UG/M3,1 Hr,Valid
Tashkent,PM2.5 - Principal,2018-07-11 05:00 AM,2018,07,11,05,19.1,66,Moderate,13.0,UG/M3,1 Hr,Valid
Tashkent,PM2.5 - Principal,2018-07-11 06:00 AM,2018,07,11,06,16.0,59,Moderate,13.0,UG/M3,1 Hr,Valid
Tashkent,PM2.5 - Principal,2018-07-11 07:00 AM,2018,07,11,07,18.0,63,Moderate,20.0,UG/M3,1 Hr,Valid
Tashkent,PM2.5 - Principal,2018-07-11 08:00 AM,2018,07,11,08,20.0,68,Moderate,22.0,UG/M3,1 Hr,Valid
Tashkent,PM2.5 - Principal,2018-07-11 09:00 AM,2018,07,11,09,18.4,64,Moderate,17.0,UG/M3,1 Hr,Valid
Tashkent,PM2.5 - Principal,2018-07-11 10:00 AM,2018,07,11,10,17.7,63,Moderate,17.0,UG/M3,1 Hr,Valid
Tashkent,PM2.5 - Principal,2018-07-11 11:00 AM,2018,07,11,11,15.8,59,Moderate,14.0,UG/M3,1 Hr,Valid
Tashkent,PM2.5 - Principal,2018-07-11 12:00 PM,2018,07,11,12,13.4,54,Moderate,11.0,UG/M3,1 Hr,Valid
Tashkent,PM2.5 - Principal,2018-07-11 01:00 PM,2018,07,11,13,11.7,49,Good,10.0,UG/M3,1 Hr,Valid
Tashkent,PM2.5 - Principal,2018-07-11 02:00 PM,2018,07,11,14,11.8,49,Good,12.0,UG/M3,1 Hr,Valid
Tashkent,PM2.5 - Principal,2018-07-11 03:00 PM,2018,07,11,15,10.9,45,Good,10.0,UG/M3,1 Hr,Valid
Tashkent,PM2.5 - Principal,2018-07-11 04:00 PM,2018,07,11,16,8.9,37,Good,7.0,UG/M3,1 Hr,Valid
Tashkent,PM2.5 - Principal,2018-07-11 05:00 PM,2018,07,11,17,16.4,60,Moderate,24.0,UG/M3,1 Hr,Valid
Tashkent,PM2.5 - Principal,2018-07-11 06:00 PM,2018,07,11,18,14.7,56,Moderate,13.0,UG/M3,1 Hr,Valid
Tashkent,PM2.5 - Principal,2018-07-11 07:00 PM,2018,07,11,19,18.3,64,Moderate,22.0,UG/M3,1 Hr,Valid
Tashkent,PM2.5 - Principal,2018-07-11 08:00 PM,2018,07,11,20,18.6,65,Moderate,19.0,UG/M3,1 Hr,Valid
Tashkent,PM2.5 - Principal,2018-07-11 09:00 PM,2018,07,11,21,18.8,65,Moderate,19.0,UG/M3,1 Hr,Valid
Tashkent,PM2.5 - Principal,2018-07-11 10:00 PM,2018,07,11,22,16.4,60,Moderate,14.0,UG/M3,1 Hr,Valid
Tashkent,PM2.5 - Principal,2018-07-11 11:00 PM,2018,07,11,23,17.2,62,Moderate,18.0,UG/M3,1 Hr,Valid
Tashkent,PM2.5 - Principal,2018-07-12 12:00 AM,2018,07,12,00,17.1,62,Moderate,17.0,UG/M3,1 Hr,Valid
Tashkent,PM2.5 - Principal,2018-07-12 01:00 AM,2018,07,12,01,19.5,67,Moderate,22.0,UG/M3,1 Hr,Valid
Tashkent,PM2.5 - Principal,2018-07-12 02:00 AM,2018,07,12,02,16.7,61,Moderate,14.0,UG/M3,1 Hr,Valid
Tashkent,PM2.5 - Principal,2018-07-12 03:00 AM,2018,07,12,03,13.8,55,Moderate,11.0,UG/M3,1 Hr,Valid
Tashkent,PM2.5 - Principal,2018-07-12 04:00 AM,2018,07,12,04,16.4,60,Moderate,19.0,UG/M3,1 Hr,Valid
Tashkent,PM2.5 - Principal,2018-07-12 05:00 AM,2018,07,12,05,23.2,74,Moderate,30.0,UG/M3,1 Hr,Valid
Tashkent,PM2.5 - Principal,2018-07-12 06:00 AM,2018,07,12,06,25.6,79,Moderate,28.0,UG/M3,1 Hr,Valid
Tashkent,PM2.5 - Principal,2018-07-12 07:00 AM,2018,07,12,07,22.8,74,Moderate,20.0,UG/M3,1 Hr,Valid
Tashkent,PM2.5 - Principal,2018-07-12 08:00 AM,2018,07,12,08,59.9,153,Unhealthy,97.0,UG/M3,1 Hr,Valid
Tashkent,PM2.5 - Principal,2018-07-12 09:00 AM,2018,07,12,09,45.9,127,Unhealthy for Sensitive Groups,32.0,UG/M3,1 Hr,Valid
Tashkent,PM2.5 - Principal,2018-07-12 10:00 AM,2018,07,12,10,42.4,118,Unhealthy for Sensitive Groups,39.0,UG/M3,1 Hr,Valid
Tashkent,PM2.5 - Principal,2018-07-12 11:00 AM,2018,07,12,11,33.7,96,Moderate,25.0,UG/M3,1 Hr,Valid
Tashkent,PM2.5 - Principal,2018-07-12 12:00 PM,2018,07,12,12,21.3,70,Moderate,9.0,UG/M3,1 Hr,Valid
Tashkent,PM2.5 - Principal,2018-07-12 01:00 PM,2018,07,12,13,13.6,54,Moderate,6.0,UG/M3,1 Hr,Valid
Tashkent,PM2.5 - Principal,2018-07-12 02:00 PM,2018,07,12,14,8.3,35,Good,3.0,UG/M3,1 Hr,Valid
Tashkent,PM2.5 - Principal,2018-07-12 03:00 PM,2018,07,12,15,5.1,21,Good,2.0,UG/M3,1 Hr,Valid
Tashkent,PM2.5 - Principal,2018-07-12 04:00 PM,2018,07,12,16,5.5,23,Good,6.0,UG/M3,1 Hr,Valid
Tashkent,PM2.5 - Principal,2018-07-12 05:00 PM,2018,07,12,17,6.7,28,Good,8.0,UG/M3,1 Hr,Valid
Tashkent,PM2.5 - Principal,2018-07-12 06:00 PM,2018,07,12,18,7.8,33,Good,9.0,UG/M3,1 Hr,Valid
Tashkent,PM2.5 - Principal,2018-07-12 07:00 PM,2018,07,12,19,30.4,89,Moderate,53.0,UG/M3,1 Hr,Valid
Tashkent,PM2.5 - Principal,2018-07-12 08:00 PM,2018,07,12,20,30.2,89,Moderate,30.0,UG/M3,1 Hr,Valid
Tashkent,PM2.5 - Principal,2018-07-12 09:00 PM,2018,07,12,21,32.6,94,Moderate,35.0,UG/M3,1 Hr,Valid
Tashkent,PM2.5 - Principal,2018-07-12 10:00 PM,2018,07,12,22,28.8,86,Moderate,25.0,UG/M3,1 Hr,Valid
Tashkent,PM2.5 - Principal,2018-07-12 11:00 PM,2018,07,12,23,40.9,114,Unhealthy for Sensitive Groups,53.0,UG/M3,1 Hr,Valid
Tashkent,PM2.5 - Principal,2018-07-13 12:00 AM,2018,07,13,00,50.4,138,Unhealthy for Sensitive Groups,60.0,UG/M3,1 Hr,Valid
Tashkent,PM2.5 - Principal,2018-07-13 01:00 AM,2018,07,13,01,38.2,108,Unhealthy for Sensitive Groups,26.0,UG/M3,1 Hr,Valid
Tashkent,PM2.5 - Principal,2018-07-13 02:00 AM,2018,07,13,02,29.6,88,Moderate,21.0,UG/M3,1 Hr,Valid
Tashkent,PM2.5 - Principal,2018-07-13 03:00 AM,2018,07,13,03,18.8,65,Moderate,8.0,UG/M3,1 Hr,Valid
Tashkent,PM2.5 - Principal,2018-07-13 04:00 AM,2018,07,13,04,15.9,59,Moderate,13.0,UG/M3,1 Hr,Valid
Tashkent,PM2.5 - Principal,2018-07-13 05:00 AM,2018,07,13,05,15.4,58,Moderate,15.0,UG/M3,1 Hr,Valid
Tashkent,PM2.5 - Principal,2018-07-13 06:00 AM,2018,07,13,06,12.7,52,Moderate,10.0,UG/M3,1 Hr,Valid
Tashkent,PM2.5 - Principal,2018-07-13 07:00 AM,2018,07,13,07,12.8,52,Moderate,13.0,UG/M3,1 Hr,Valid
Tashkent,PM2.5 - Principal,2018-07-13 08:00 AM,2018,07,13,08,13.9,55,Moderate,15.0,UG/M3,1 Hr,Valid
Tashkent,PM2.5 - Principal,2018-07-13 09:00 AM,2018,07,13,09,30.4,89,Moderate,47.0,UG/M3,1 Hr,Valid
Tashkent,PM2.5 - Principal,2018-07-13 10:00 AM,2018,07,13,10,23.2,74,Moderate,16.0,UG/M3,1 Hr,Valid
Tashkent,PM2.5 - Principal,2018-07-13 11:00 AM,2018,07,13,11,25.6,79,Moderate,28.0,UG/M3,1 Hr,Valid
Tashkent,PM2.5 - Principal,2018-07-13 12:00 PM,2018,07,13,12,27.8,84,Moderate,30.0,UG/M3,1 Hr,Valid
Tashkent,PM2.5 - Principal,2018-07-13 01:00 PM,2018,07,13,13,20.8,69,Moderate,14.0,UG/M3,1 Hr,Valid
Tashkent,PM2.5 - Principal,2018-07-13 02:00 PM,2018,07,13,14,15.9,59,Moderate,11.0,UG/M3,1 Hr,Valid
Tashkent,PM2.5 - Principal,2018-07-13 03:00 PM,2018,07,13,15,14.9,57,Moderate,14.0,UG/M3,1 Hr,Valid
Tashkent,PM2.5 - Principal,2018-07-13 04:00 PM,2018,07,13,16,17.4,62,Moderate,20.0,UG/M3,1 Hr,Valid
Tashkent,PM2.5 - Principal,2018-07-13 05:00 PM,2018,07,13,17,18.2,64,Moderate,19.0,UG/M3,1 Hr,Valid
Tashkent,PM2.5 - Principal,2018-07-13 06:00 PM,2018,07,13,18,18.1,64,Moderate,18.0,UG/M3,1 Hr,Valid
Tashkent,PM2.5 - Principal,2018-07-13 07:00 PM,2018,07,13,19,19.0,66,Moderate,20.0,UG/M3,1 Hr,Valid
Tashkent,PM2.5 - Principal,2018-07-13 08:00 PM,2018,07,13,20,25.0,78,Moderate,31.0,UG/M3,1 Hr,Valid
Tashkent,PM2.5 - Principal,2018-07-13 09:00 PM,2018,07,13,21,35.0,99,Moderate,45.0,UG/M3,1 Hr,Valid
Tashkent,PM2.5 - Principal,2018-07-13 10:00 PM,2018,07,13,22,42.0,117,Unhealthy for Sensitive Groups,49.0,UG/M3,1 Hr,Valid
Tashkent,PM2.5 - Principal,2018-07-13 11:00 PM,2018,07,13,23,45.5,126,Unhealthy for Sensitive Groups,49.0,UG/M3,1 Hr,Valid
Tashkent,PM2.5 - Principal,2018-07-14 12:00 AM,2018,07,14,00,45.7,126,Unhealthy for Sensitive Groups,46.0,UG/M3,1 Hr,Valid
Tashkent,PM2.5 - Principal,2018-07-14 01:00 AM,2018,07,14,01,40.8,114,Unhealthy for Sensitive Groups,36.0,UG/M3,1 Hr,Valid
Tashkent,PM2.5 - Principal,2018-07-14 02:00 AM,2018,07,14,02,40.4,113,Unhealthy for Sensitive Groups,40.0,UG/M3,1 Hr,Valid
Tashkent,PM2.5 - Principal,2018-07-14 03:00 AM,2018,07,14,03,38.7,109,Unhealthy for Sensitive Groups,37.0,UG/M3,1 Hr,Valid
Tashkent,PM2.5 - Principal,2018-07-14 04:00 AM,2018,07,14,04,32.3,93,Moderate,26.0,UG/M3,1 Hr,Valid
Tashkent,PM2.5 - Principal,2018-07-14 05:00 AM,2018,07,14,05,27.6,84,Moderate,23.0,UG/M3,1 Hr,Valid
Tashkent,PM2.5 - Principal,2018-07-14 06:00 AM,2018,07,14,06,26.3,81,Moderate,25.0,UG/M3,1 Hr,Valid
Tashkent,PM2.5 - Principal,2018-07-14 07:00 AM,2018,07,14,07,24.1,76,Moderate,22.0,UG/M3,1 Hr,Valid
Tashkent,PM2.5 - Principal,2018-07-14 08:00 AM,2018,07,14,08,23.5,75,Moderate,23.0,UG/M3,1 Hr,Valid
Tashkent,PM2.5 - Principal,2018-07-14 09:00 AM,2018,07,14,09,22.2,72,Moderate,21.0,UG/M3,1 Hr,Valid
Tashkent,PM2.5 - Principal,2018-07-14 10:00 AM,2018,07,14,10,25.1,78,Moderate,28.0,UG/M3,1 Hr,Valid
Tashkent,PM2.5 - Principal,2018-07-14 11:00 AM,2018,07,14,11,25.0,78,Moderate,25.0,UG/M3,1 Hr,Valid
Tashkent,PM2.5 - Principal,2018-07-14 12:00 PM,2018,07,14,12,20.5,69,Moderate,16.0,UG/M3,1 Hr,Valid
Tashkent,PM2.5 - Principal,2018-07-14 01:00 PM,2018,07,14,13,17.7,63,Moderate,15.0,UG/M3,1 Hr,Valid
Tashkent,PM2.5 - Principal,2018-07-14 02:00 PM,2018,07,14,14,13.8,55,Moderate,10.0,UG/M3,1 Hr,Valid
Tashkent,PM2.5 - Principal,2018-07-14 03:00 PM,2018,07,14,15,9.9,41,Good,6.0,UG/M3,1 Hr,Valid
Tashkent,PM2.5 - Principal,2018-07-14 04:00 PM,2018,07,14,16,8.4,35,Good,7.0,UG/M3,1 Hr,Valid
Tashkent,PM2.5 - Principal,2018-07-14 05:00 PM,2018,07,14,17,9.2,38,Good,10.0,UG/M3,1 Hr,Valid
Tashkent,PM2.5 - Principal,2018-07-14 06:00 PM,2018,07,14,18,10.6,44,Good,12.0,UG/M3,1 Hr,Valid
Tashkent,PM2.5 - Principal,2018-07-14 07:00 PM,2018,07,14,19,12.8,52,Moderate,15.0,UG/M3,1 Hr,Valid
Tashkent,PM2.5 - Principal,2018-07-14 08:00 PM,2018,07,14,20,15.4,58,Moderate,18.0,UG/M3,1 Hr,Valid
Tashkent,PM2.5 - Principal,2018-07-14 09:00 PM,2018,07,14,21,22.7,73,Moderate,30.0,UG/M3,1 Hr,Valid
Tashkent,PM2.5 - Principal,2018-07-14 10:00 PM,2018,07,14,22,24.8,78,Moderate,27.0,UG/M3,1 Hr,Valid
Tashkent,PM2.5 - Principal,2018-07-14 11:00 PM,2018,07,14,23,18.9,65,Moderate,13.0,UG/M3,1 Hr,Valid
Tashkent,PM2.5 - Principal,2018-07-15 12:00 AM,2018,07,15,00,15.4,58,Moderate,12.0,UG/M3,1 Hr,Valid
Tashkent,PM2.5 - Principal,2018-07-15 01:00 AM,2018,07,15,01,13.2,53,Moderate,11.0,UG/M3,1 Hr,Valid
Tashkent,PM2.5 - Principal,2018-07-15 02:00 AM,2018,07,15,02,14.1,55,Moderate,15.0,UG/M3,1 Hr,Valid
Tashkent,PM2.5 - Principal,2018-07-15 03:00 AM,2018,07,15,03,24.5,77,Moderate,35.0,UG/M3,1 Hr,Valid
Tashkent,PM2.5 - Principal,2018-07-15 04:00 AM,2018,07,15,04,27.2,83,Moderate,30.0,UG/M3,1 Hr,Valid
Tashkent,PM2.5 - Principal,2018-07-15 05:00 AM,2018,07,15,05,21.6,71,Moderate,16.0,UG/M3,1 Hr,Valid
Tashkent,PM2.5 - Principal,2018-07-15 06:00 AM,2018,07,15,06,30.3,89,Moderate,39.0,UG/M3,1 Hr,Valid
Tashkent,PM2.5 - Principal,2018-07-15 07:00 AM,2018,07,15,07,31.6,92,Moderate,33.0,UG/M3,1 Hr,Valid
Tashkent,PM2.5 - Principal,2018-07-15 08:00 AM,2018,07,15,08,25.3,79,Moderate,19.0,UG/M3,1 Hr,Valid
Tashkent,PM2.5 - Principal,2018-07-15 09:00 AM,2018,07,15,09,19.1,66,Moderate,13.0,UG/M3,1 Hr,Valid
Tashkent,PM2.5 - Principal,2018-07-15 10:00 AM,2018,07,15,10,15.0,57,Moderate,11.0,UG/M3,1 Hr,Valid
Tashkent,PM2.5 - Principal,2018-07-15 11:00 AM,2018,07,15,11,10.5,44,Good,6.0,UG/M3,1 Hr,Valid
Tashkent,PM2.5 - Principal,2018-07-15 12:00 PM,2018,07,15,12,7.2,30,Good,4.0,UG/M3,1 Hr,Valid
Tashkent,PM2.5 - Principal,2018-07-15 01:00 PM,2018,07,15,13,5.6,23,Good,4.0,UG/M3,1 Hr,Valid
Tashkent,PM2.5 - Principal,2018-07-15 02:00 PM,2018,07,15,14,5.3,22,Good,5.0,UG/M3,1 Hr,Valid
Tashkent,PM2.5 - Principal,2018-07-15 03:00 PM,2018,07,15,15,4.6,19,Good,4.0,UG/M3,1 Hr,Valid
Tashkent,PM2.5 - Principal,2018-07-15 04:00 PM,2018,07,15,16,4.8,20,Good,5.0,UG/M3,1 Hr,Valid
Tashkent,PM2.5 - Principal,2018-07-15 05:00 PM,2018,07,15,17,4.9,20,Good,5.0,UG/M3,1 Hr,Valid
Tashkent,PM2.5 - Principal,2018-07-15 06:00 PM,2018,07,15,18,5.9,25,Good,7.0,UG/M3,1 Hr,Valid
Tashkent,PM2.5 - Principal,2018-07-15 07:00 PM,2018,07,15,19,7.4,31,Good,9.0,UG/M3,1 Hr,Valid
Tashkent,PM2.5 - Principal,2018-07-15 08:00 PM,2018,07,15,20,14.7,56,Moderate,22.0,UG/M3,1 Hr,Valid
Tashkent,PM2.5 - Principal,2018-07-15 09:00 PM,2018,07,15,21,24.8,78,Moderate,35.0,UG/M3,1 Hr,Valid
Tashkent,PM2.5 - Principal,2018-07-15 10:00 PM,2018,07,15,22,20.4,68,Moderate,16.0,UG/M3,1 Hr,Valid
Tashkent,PM2.5 - Principal,2018-07-15 11:00 PM,2018,07,15,23,16.2,60,Moderate,12.0,UG/M3,1 Hr,Valid
Tashkent,PM2.5 - Principal,2018-07-16 12:00 AM,2018,07,16,00,13.1,53,Moderate,10.0,UG/M3,1 Hr,Valid
Tashkent,PM2.5 - Principal,2018-07-16 01:00 AM,2018,07,16,01,18.0,63,Moderate,23.0,UG/M3,1 Hr,Valid
Tashkent,PM2.5 - Principal,2018-07-16 02:00 AM,2018,07,16,02,14.0,55,Moderate,10.0,UG/M3,1 Hr,Valid
Tashkent,PM2.5 - Principal,2018-07-16 03:00 AM,2018,07,16,03,12.0,50,Good,10.0,UG/M3,1 Hr,Valid
Tashkent,PM2.5 - Principal,2018-07-16 04:00 AM,2018,07,16,04,9.5,40,Good,7.0,UG/M3,1 Hr,Valid
Tashkent,PM2.5 - Principal,2018-07-16 05:00 AM,2018,07,16,05,12.7,52,Moderate,16.0,UG/M3,1 Hr,Valid
Tashkent,PM2.5 - Principal,2018-07-16 06:00 AM,2018,07,16,06,23.8,76,Moderate,35.0,UG/M3,1 Hr,Valid
Tashkent,PM2.5 - Principal,2018-07-16 07:00 AM,2018,07,16,07,35.9,102,Unhealthy for Sensitive Groups,48.0,UG/M3,1 Hr,Valid
Tashkent,PM2.5 - Principal,2018-07-16 08:00 AM,2018,07,16,08,49.9,136,Unhealthy for Sensitive Groups,64.0,UG/M3,1 Hr,Valid
Tashkent,PM2.5 - Principal,2018-07-16 09:00 AM,2018,07,16,09,66.4,157,Unhealthy,83.0,UG/M3,1 Hr,Valid
Tashkent,PM2.5 - Principal,2018-07-16 10:00 AM,2018,07,16,10,55.2,150,Unhealthy for Sensitive Groups,44.0,UG/M3,1 Hr,Valid
Tashkent,PM2.5 - Principal,2018-07-16 11:00 AM,2018,07,16,11,38.1,107,Unhealthy for Sensitive Groups,21.0,UG/M3,1 Hr,Valid
Tashkent,PM2.5 - Principal,2018-07-16 12:00 PM,2018,07,16,12,30.5,90,Moderate,23.0,UG/M3,1 Hr,Valid
Tashkent,PM2.5 - Principal,2018-07-16 01:00 PM,2018,07,16,13,30.2,89,Moderate,30.0,UG/M3,1 Hr,Valid
Tashkent,PM2.5 - Principal,2018-07-16 02:00 PM,2018,07,16,14,24.1,76,Moderate,18.0,UG/M3,1 Hr,Valid
Tashkent,PM2.5 - Principal,2018-07-16 03:00 PM,2018,07,16,15,21.0,70,Moderate,18.0,UG/M3,1 Hr,Valid
Tashkent,PM2.5 - Principal,2018-07-16 04:00 PM,2018,07,16,16,18.5,64,Moderate,16.0,UG/M3,1 Hr,Valid
Tashkent,PM2.5 - Principal,2018-07-16 05:00 PM,2018,07,16,17,13.2,53,Moderate,8.0,UG/M3,1 Hr,Valid
Tashkent,PM2.5 - Principal,2018-07-16 06:00 PM,2018,07,16,18,11.6,48,Good,10.0,UG/M3,1 Hr,Valid
Tashkent,PM2.5 - Principal,2018-07-16 07:00 PM,2018,07,16,19,16.3,60,Moderate,21.0,UG/M3,1 Hr,Valid
Tashkent,PM2.5 - Principal,2018-07-16 08:00 PM,2018,07,16,20,35.1,99,Moderate,54.0,UG/M3,1 Hr,Valid
Tashkent,PM2.5 - Principal,2018-07-16 09:00 PM,2018,07,16,21,44.5,123,Unhealthy for Sensitive Groups,54.0,UG/M3,1 Hr,Valid
Tashkent,PM2.5 - Principal,2018-07-16 10:00 PM,2018,07,16,22,34.7,99,Moderate,25.0,UG/M3,1 Hr,Valid
Tashkent,PM2.5 - Principal,2018-07-16 11:00 PM,2018,07,16,23,34.8,99,Moderate,35.0,UG/M3,1 Hr,Valid
Tashkent,PM2.5 - Principal,2018-07-17 12:00 AM,2018,07,17,00,34.4,98,Moderate,34.0,UG/M3,1 Hr,Valid
Tashkent,PM2.5 - Principal,2018-07-17 01:00 AM,2018,07,17,01,31.7,92,Moderate,29.0,UG/M3,1 Hr,Valid
Tashkent,PM2.5 - Principal,2018-07-17 02:00 AM,2018,07,17,02,29.3,87,Moderate,27.0,UG/M3,1 Hr,Valid
Tashkent,PM2.5 - Principal,2018-07-17 03:00 AM,2018,07,17,03,32.6,94,Moderate,36.0,UG/M3,1 Hr,Valid
Tashkent,PM2.5 - Principal,2018-07-17 04:00 AM,2018,07,17,04,40.3,113,Unhealthy for Sensitive Groups,48.0,UG/M3,1 Hr,Valid
Tashkent,PM2.5 - Principal,2018-07-17 05:00 AM,2018,07,17,05,53.1,144,Unhealthy for Sensitive Groups,66.0,UG/M3,1 Hr,Valid
Tashkent,PM2.5 - Principal,2018-07-17 06:00 AM,2018,07,17,06,49.5,135,Unhealthy for Sensitive Groups,46.0,UG/M3,1 Hr,Valid
Tashkent,PM2.5 - Principal,2018-07-17 07:00 AM,2018,07,17,07,49.8,136,Unhealthy for Sensitive Groups,50.0,UG/M3,1 Hr,Valid
Tashkent,PM2.5 - Principal,2018-07-17 08:00 AM,2018,07,17,08,63.9,155,Unhealthy,78.0,UG/M3,1 Hr,Valid
Tashkent,PM2.5 - Principal,2018-07-17 09:00 AM,2018,07,17,09,65.9,156,Unhealthy,68.0,UG/M3,1 Hr,Valid
Tashkent,PM2.5 - Principal,2018-07-17 10:00 AM,2018,07,17,10,65.9,156,Unhealthy,985.0,UG/M3,1 Hr,Invalid
Tashkent,PM2.5 - Principal,2018-07-17 11:00 AM,2018,07,17,11,43.3,120,Unhealthy for Sensitive Groups,32.0,UG/M3,1 Hr,Valid
Tashkent,PM2.5 - Principal,2018-07-17 12:00 PM,2018,07,17,12,32.8,95,Moderate,25.0,UG/M3,1 Hr,Valid
Tashkent,PM2.5 - Principal,2018-07-17 01:00 PM,2018,07,17,13,20.6,69,Moderate,10.0,UG/M3,1 Hr,Valid
Tashkent,PM2.5 - Principal,2018-07-17 02:00 PM,2018,07,17,14,25.9,80,Moderate,31.0,UG/M3,1 Hr,Valid
Tashkent,PM2.5 - Principal,2018-07-17 03:00 PM,2018,07,17,15,20.4,68,Moderate,15.0,UG/M3,1 Hr,Valid
Tashkent,PM2.5 - Principal,2018-07-17 04:00 PM,2018,07,17,16,13.1,53,Moderate,6.0,UG/M3,1 Hr,Valid
Tashkent,PM2.5 - Principal,2018-07-17 05:00 PM,2018,07,17,17,9.0,38,Good,5.0,UG/M3,1 Hr,Valid
Tashkent,PM2.5 - Principal,2018-07-17 06:00 PM,2018,07,17,18,6.5,27,Good,4.0,UG/M3,1 Hr,Valid
Tashkent,PM2.5 - Principal,2018-07-17 07:00 PM,2018,07,17,19,6.7,28,Good,7.0,UG/M3,1 Hr,Valid
Tashkent,PM2.5 - Principal,2018-07-17 08:00 PM,2018,07,17,20,14.8,57,Moderate,23.0,UG/M3,1 Hr,Valid
Tashkent,PM2.5 - Principal,2018-07-17 09:00 PM,2018,07,17,21,23.9,76,Moderate,33.0,UG/M3,1 Hr,Valid
Tashkent,PM2.5 - Principal,2018-07-17 10:00 PM,2018,07,17,22,22.9,74,Moderate,22.0,UG/M3,1 Hr,Valid
Tashkent,PM2.5 - Principal,2018-07-17 11:00 PM,2018,07,17,23,20.4,68,Moderate,18.0,UG/M3,1 Hr,Valid
Tashkent,PM2.5 - Principal,2018-07-18 12:00 AM,2018,07,18,00,17.7,63,Moderate,15.0,UG/M3,1 Hr,Valid
Tashkent,PM2.5 - Principal,2018-07-18 01:00 AM,2018,07,18,01,16.8,61,Moderate,16.0,UG/M3,1 Hr,Valid
Tashkent,PM2.5 - Principal,2018-07-18 02:00 AM,2018,07,18,02,15.9,59,Moderate,15.0,UG/M3,1 Hr,Valid
Tashkent,PM2.5 - Principal,2018-07-18 03:00 AM,2018,07,18,03,13.9,55,Moderate,12.0,UG/M3,1 Hr,Valid
Tashkent,PM2.5 - Principal,2018-07-18 04:00 AM,2018,07,18,04,12.9,53,Moderate,12.0,UG/M3,1 Hr,Valid
Tashkent,PM2.5 - Principal,2018-07-18 05:00 AM,2018,07,18,05,16.4,60,Moderate,20.0,UG/M3,1 Hr,Valid
Tashkent,PM2.5 - Principal,2018-07-18 06:00 AM,2018,07,18,06,16.2,60,Moderate,16.0,UG/M3,1 Hr,Valid
Tashkent,PM2.5 - Principal,2018-07-18 07:00 AM,2018,07,18,07,19.6,67,Moderate,23.0,UG/M3,1 Hr,Valid
Tashkent,PM2.5 - Principal,2018-07-18 08:00 AM,2018,07,18,08,29.3,87,Moderate,39.0,UG/M3,1 Hr,Valid
Tashkent,PM2.5 - Principal,2018-07-18 09:00 AM,2018,07,18,09,42.6,118,Unhealthy for Sensitive Groups,56.0,UG/M3,1 Hr,Valid
Tashkent,PM2.5 - Principal,2018-07-18 10:00 AM,2018,07,18,10,44.8,124,Unhealthy for Sensitive Groups,47.0,UG/M3,1 Hr,Valid
Tashkent,PM2.5 - Principal,2018-07-18 11:00 AM,2018,07,18,11,45.9,127,Unhealthy for Sensitive Groups,47.0,UG/M3,1 Hr,Valid
Tashkent,PM2.5 - Principal,2018-07-18 12:00 PM,2018,07,18,12,43.4,120,Unhealthy for Sensitive Groups,41.0,UG/M3,1 Hr,Valid
Tashkent,PM2.5 - Principal,2018-07-18 01:00 PM,2018,07,18,13,50.2,137,Unhealthy for Sensitive Groups,57.0,UG/M3,1 Hr,Valid
Tashkent,PM2.5 - Principal,2018-07-18 02:00 PM,2018,07,18,14,43.6,121,Unhealthy for Sensitive Groups,37.0,UG/M3,1 Hr,Valid
Tashkent,PM2.5 - Principal,2018-07-18 03:00 PM,2018,07,18,15,44.3,123,Unhealthy for Sensitive Groups,45.0,UG/M3,1 Hr,Valid
Tashkent,PM2.5 - Principal,2018-07-18 04:00 PM,2018,07,18,16,40.1,112,Unhealthy for Sensitive Groups,36.0,UG/M3,1 Hr,Valid
Tashkent,PM2.5 - Principal,2018-07-18 05:00 PM,2018,07,18,17,35.5,101,Unhealthy for Sensitive Groups,31.0,UG/M3,1 Hr,Valid
Tashkent,PM2.5 - Principal,2018-07-18 06:00 PM,2018,07,18,18,34.2,97,Moderate,33.0,UG/M3,1 Hr,Valid
Tashkent,PM2.5 - Principal,2018-07-18 07:00 PM,2018,07,18,19,39.4,111,Unhealthy for Sensitive Groups,45.0,UG/M3,1 Hr,Valid
Tashkent,PM2.5 - Principal,2018-07-18 08:00 PM,2018,07,18,20,40.1,112,Unhealthy for Sensitive Groups,41.0,UG/M3,1 Hr,Valid
Tashkent,PM2.5 - Principal,2018-07-18 09:00 PM,2018,07,18,21,41.9,117,Unhealthy for Sensitive Groups,44.0,UG/M3,1 Hr,Valid
Tashkent,PM2.5 - Principal,2018-07-18 10:00 PM,2018,07,18,22,41.4,116,Unhealthy for Sensitive Groups,41.0,UG/M3,1 Hr,Valid
Tashkent,PM2.5 - Principal,2018-07-18 11:00 PM,2018,07,18,23,44.9,124,Unhealthy for Sensitive Groups,49.0,UG/M3,1 Hr,Valid
Tashkent,PM2.5 - Principal,2018-07-19 12:00 AM,2018,07,19,00,51.0,139,Unhealthy for Sensitive Groups,58.0,UG/M3,1 Hr,Valid
Tashkent,PM2.5 - Principal,2018-07-19 01:00 AM,2018,07,19,01,53.3,145,Unhealthy for Sensitive Groups,56.0,UG/M3,1 Hr,Valid
Tashkent,PM2.5 - Principal,2018-07-19 02:00 AM,2018,07,19,02,53.6,146,Unhealthy for Sensitive Groups,54.0,UG/M3,1 Hr,Valid
Tashkent,PM2.5 - Principal,2018-07-19 03:00 AM,2018,07,19,03,46.8,129,Unhealthy for Sensitive Groups,39.0,UG/M3,1 Hr,Valid
Tashkent,PM2.5 - Principal,2018-07-19 04:00 AM,2018,07,19,04,39.9,112,Unhealthy for Sensitive Groups,32.0,UG/M3,1 Hr,Valid
Tashkent,PM2.5 - Principal,2018-07-19 05:00 AM,2018,07,19,05,34.9,99,Moderate,30.0,UG/M3,1 Hr,Valid
Tashkent,PM2.5 - Principal,2018-07-19 06:00 AM,2018,07,19,06,32.5,94,Moderate,30.0,UG/M3,1 Hr,Valid
Tashkent,PM2.5 - Principal,2018-07-19 07:00 AM,2018,07,19,07,28.1,85,Moderate,24.0,UG/M3,1 Hr,Valid
Tashkent,PM2.5 - Principal,2018-07-19 08:00 AM,2018,07,19,08,24.5,77,Moderate,21.0,UG/M3,1 Hr,Valid
Tashkent,PM2.5 - Principal,2018-07-19 09:00 AM,2018,07,19,09,22.7,73,Moderate,21.0,UG/M3,1 Hr,Valid
Tashkent,PM2.5 - Principal,2018-07-19 10:00 AM,2018,07,19,10,21.3,70,Moderate,20.0,UG/M3,1 Hr,Valid
Tashkent,PM2.5 - Principal,2018-07-19 11:00 AM,2018,07,19,11,28.1,85,Moderate,35.0,UG/M3,1 Hr,Valid
Tashkent,PM2.5 - Principal,2018-07-19 12:00 PM,2018,07,19,12,25.5,79,Moderate,23.0,UG/M3,1 Hr,Valid
Tashkent,PM2.5 - Principal,2018-07-19 01:00 PM,2018,07,19,13,22.2,72,Moderate,19.0,UG/M3,1 Hr,Valid
Tashkent,PM2.5 - Principal,2018-07-19 02:00 PM,2018,07,19,14,19.1,66,Moderate,16.0,UG/M3,1 Hr,Valid
Tashkent,PM2.5 - Principal,2018-07-19 03:00 PM,2018,07,19,15,26.5,81,Moderate,34.0,UG/M3,1 Hr,Valid
Tashkent,PM2.5 - Principal,2018-07-19 04:00 PM,2018,07,19,16,40.2,113,Unhealthy for Sensitive Groups,54.0,UG/M3,1 Hr,Valid
Tashkent,PM2.5 - Principal,2018-07-19 05:00 PM,2018,07,19,17,32.1,93,Moderate,24.0,UG/M3,1 Hr,Valid
Tashkent,PM2.5 - Principal,2018-07-19 06:00 PM,2018,07,19,18,28.5,85,Moderate,25.0,UG/M3,1 Hr,Valid
Tashkent,PM2.5 - Principal,2018-07-19 07:00 PM,2018,07,19,19,22.7,73,Moderate,17.0,UG/M3,1 Hr,Valid
Tashkent,PM2.5 - Principal,2018-07-19 08:00 PM,2018,07,19,20,21.8,71,Moderate,21.0,UG/M3,1 Hr,Valid
Tashkent,PM2.5 - Principal,2018-07-19 09:00 PM,2018,07,19,21,28.9,86,Moderate,36.0,UG/M3,1 Hr,Valid
Tashkent,PM2.5 - Principal,2018-07-19 10:00 PM,2018,07,19,22,30.9,91,Moderate,33.0,UG/M3,1 Hr,Valid
Tashkent,PM2.5 - Principal,2018-07-19 11:00 PM,2018,07,19,23,38.4,108,Unhealthy for Sensitive Groups,46.0,UG/M3,1 Hr,Valid
Tashkent,PM2.5 - Principal,2018-07-20 12:00 AM,2018,07,20,00,51.2,140,Unhealthy for Sensitive Groups,64.0,UG/M3,1 Hr,Valid
Tashkent,PM2.5 - Principal,2018-07-20 01:00 AM,2018,07,20,01,49.6,136,Unhealthy for Sensitive Groups,48.0,UG/M3,1 Hr,Valid
Tashkent,PM2.5 - Principal,2018-07-20 02:00 AM,2018,07,20,02,37.3,105,Unhealthy for Sensitive Groups,25.0,UG/M3,1 Hr,Valid
Tashkent,PM2.5 - Principal,2018-07-20 03:00 AM,2018,07,20,03,37.1,105,Unhealthy for Sensitive Groups,37.0,UG/M3,1 Hr,Valid
Tashkent,PM2.5 - Principal,2018-07-20 04:00 AM,2018,07,20,04,35.0,99,Moderate,33.0,UG/M3,1 Hr,Valid
Tashkent,PM2.5 - Principal,2018-07-20 05:00 AM,2018,07,20,05,34.0,97,Moderate,33.0,UG/M3,1 Hr,Valid
Tashkent,PM2.5 - Principal,2018-07-20 06:00 AM,2018,07,20,06,32.0,93,Moderate,30.0,UG/M3,1 Hr,Valid
Tashkent,PM2.5 - Principal,2018-07-20 07:00 AM,2018,07,20,07,29.5,88,Moderate,27.0,UG/M3,1 Hr,Valid
Tashkent,PM2.5 - Principal,2018-07-20 08:00 AM,2018,07,20,08,27.7,84,Moderate,26.0,UG/M3,1 Hr,Valid
Tashkent,PM2.5 - Principal,2018-07-20 09:00 AM,2018,07,20,09,51.3,140,Unhealthy for Sensitive Groups,75.0,UG/M3,1 Hr,Valid
Tashkent,PM2.5 - Principal,2018-07-20 10:00 AM,2018,07,20,10,56.6,152,Unhealthy,62.0,UG/M3,1 Hr,Valid
Tashkent,PM2.5 - Principal,2018-07-20 11:00 AM,2018,07,20,11,54.8,149,Unhealthy for Sensitive Groups,53.0,UG/M3,1 Hr,Valid
Tashkent,PM2.5 - Principal,2018-07-20 12:00 PM,2018,07,20,12,47.9,132,Unhealthy for Sensitive Groups,41.0,UG/M3,1 Hr,Valid
Tashkent,PM2.5 - Principal,2018-07-20 01:00 PM,2018,07,20,13,38.9,109,Unhealthy for Sensitive Groups,30.0,UG/M3,1 Hr,Valid
Tashkent,PM2.5 - Principal,2018-07-20 02:00 PM,2018,07,20,14,35.4,100,Moderate,32.0,UG/M3,1 Hr,Valid
Tashkent,PM2.5 - Principal,2018-07-20 03:00 PM,2018,07,20,15,37.2,105,Unhealthy for Sensitive Groups,39.0,UG/M3,1 Hr,Valid
Tashkent,PM2.5 - Principal,2018-07-20 04:00 PM,2018,07,20,16,30.1,89,Moderate,23.0,UG/M3,1 Hr,Valid
Tashkent,PM2.5 - Principal,2018-07-20 05:00 PM,2018,07,20,17,26.5,81,Moderate,23.0,UG/M3,1 Hr,Valid
Tashkent,PM2.5 - Principal,2018-07-20 06:00 PM,2018,07,20,18,22.2,72,Moderate,18.0,UG/M3,1 Hr,Valid
Tashkent,PM2.5 - Principal,2018-07-20 07:00 PM,2018,07,20,19,24.1,76,Moderate,26.0,UG/M3,1 Hr,Valid
Tashkent,PM2.5 - Principal,2018-07-20 08:00 PM,2018,07,20,20,33.0,95,Moderate,42.0,UG/M3,1 Hr,Valid
Tashkent,PM2.5 - Principal,2018-07-20 09:00 PM,2018,07,20,21,36.5,103,Unhealthy for Sensitive Groups,40.0,UG/M3,1 Hr,Valid
Tashkent,PM2.5 - Principal,2018-07-20 10:00 PM,2018,07,20,22,40.7,114,Unhealthy for Sensitive Groups,45.0,UG/M3,1 Hr,Valid
Tashkent,PM2.5 - Principal,2018-07-20 11:00 PM,2018,07,20,23,41.3,115,Unhealthy for Sensitive Groups,42.0,UG/M3,1 Hr,Valid
Tashkent,PM2.5 - Principal,2018-07-21 12:00 AM,2018,07,21,00,49.1,134,Unhealthy for Sensitive Groups,57.0,UG/M3,1 Hr,Valid
Tashkent,PM2.5 - Principal,2018-07-21 01:00 AM,2018,07,21,01,59.6,153,Unhealthy,70.0,UG/M3,1 Hr,Valid
Tashkent,PM2.5 - Principal,2018-07-21 02:00 AM,2018,07,21,02,51.3,140,Unhealthy for Sensitive Groups,43.0,UG/M3,1 Hr,Valid
Tashkent,PM2.5 - Principal,2018-07-21 03:00 AM,2018,07,21,03,45.1,125,Unhealthy for Sensitive Groups,39.0,UG/M3,1 Hr,Valid
Tashkent,PM2.5 - Principal,2018-07-21 04:00 AM,2018,07,21,04,52.0,142,Unhealthy for Sensitive Groups,59.0,UG/M3,1 Hr,Valid
Tashkent,PM2.5 - Principal,2018-07-21 05:00 AM,2018,07,21,05,49.0,134,Unhealthy for Sensitive Groups,46.0,UG/M3,1 Hr,Valid
Tashkent,PM2.5 - Principal,2018-07-21 06:00 AM,2018,07,21,06,39.0,110,Unhealthy for Sensitive Groups,29.0,UG/M3,1 Hr,Valid
Tashkent,PM2.5 - Principal,2018-07-21 07:00 AM,2018,07,21,07,38.0,107,Unhealthy for Sensitive Groups,37.0,UG/M3,1 Hr,Valid
Tashkent,PM2.5 - Principal,2018-07-21 08:00 AM,2018,07,21,08,44.5,123,Unhealthy for Sensitive Groups,51.0,UG/M3,1 Hr,Valid
Tashkent,PM2.5 - Principal,2018-07-21 09:00 AM,2018,07,21,09,38.7,109,Unhealthy for Sensitive Groups,33.0,UG/M3,1 Hr,Valid
Tashkent,PM2.5 - Principal,2018-07-21 10:00 AM,2018,07,21,10,33.3,96,Moderate,28.0,UG/M3,1 Hr,Valid
Tashkent,PM2.5 - Principal,2018-07-21 11:00 AM,2018,07,21,11,31.1,91,Moderate,29.0,UG/M3,1 Hr,Valid
Tashkent,PM2.5 - Principal,2018-07-21 12:00 PM,2018,07,21,12,28.0,84,Moderate,25.0,UG/M3,1 Hr,Valid
Tashkent,PM2.5 - Principal,2018-07-21 01:00 PM,2018,07,21,13,24.5,77,Moderate,21.0,UG/M3,1 Hr,Valid
Tashkent,PM2.5 - Principal,2018-07-21 02:00 PM,2018,07,21,14,20.2,68,Moderate,16.0,UG/M3,1 Hr,Valid
Tashkent,PM2.5 - Principal,2018-07-21 03:00 PM,2018,07,21,15,18.6,65,Moderate,17.0,UG/M3,1 Hr,Valid
Tashkent,PM2.5 - Principal,2018-07-21 04:00 PM,2018,07,21,16,17.3,62,Moderate,16.0,UG/M3,1 Hr,Valid
Tashkent,PM2.5 - Principal,2018-07-21 05:00 PM,2018,07,21,17,14.1,55,Moderate,11.0,UG/M3,1 Hr,Valid
Tashkent,PM2.5 - Principal,2018-07-21 06:00 PM,2018,07,21,18,11.5,48,Good,9.0,UG/M3,1 Hr,Valid
Tashkent,PM2.5 - Principal,2018-07-21 07:00 PM,2018,07,21,19,12.7,52,Moderate,14.0,UG/M3,1 Hr,Valid
Tashkent,PM2.5 - Principal,2018-07-21 08:00 PM,2018,07,21,20,45.8,126,Unhealthy for Sensitive Groups,79.0,UG/M3,1 Hr,Valid
Tashkent,PM2.5 - Principal,2018-07-21 09:00 PM,2018,07,21,21,60.4,154,Unhealthy,75.0,UG/M3,1 Hr,Valid
Tashkent,PM2.5 - Principal,2018-07-21 10:00 PM,2018,07,21,22,71.7,159,Unhealthy,83.0,UG/M3,1 Hr,Valid
Tashkent,PM2.5 - Principal,2018-07-21 11:00 PM,2018,07,21,23,74.3,161,Unhealthy,77.0,UG/M3,1 Hr,Valid
Tashkent,PM2.5 - Principal,2018-07-22 12:00 AM,2018,07,22,00,74.6,161,Unhealthy,75.0,UG/M3,1 Hr,Valid
Tashkent,PM2.5 - Principal,2018-07-22 01:00 AM,2018,07,22,01,75.8,161,Unhealthy,77.0,UG/M3,1 Hr,Valid
Tashkent,PM2.5 - Principal,2018-07-22 02:00 AM,2018,07,22,02,65.9,156,Unhealthy,56.0,UG/M3,1 Hr,Valid
Tashkent,PM2.5 - Principal,2018-07-22 03:00 AM,2018,07,22,03,55.9,151,Unhealthy,46.0,UG/M3,1 Hr,Valid
Tashkent,PM2.5 - Principal,2018-07-22 04:00 AM,2018,07,22,04,49.9,136,Unhealthy for Sensitive Groups,44.0,UG/M3,1 Hr,Valid
Tashkent,PM2.5 - Principal,2018-07-22 05:00 AM,2018,07,22,05,40.9,114,Unhealthy for Sensitive Groups,32.0,UG/M3,1 Hr,Valid
Tashkent,PM2.5 - Principal,2018-07-22 06:00 AM,2018,07,22,06,37.5,106,Unhealthy for Sensitive Groups,34.0,UG/M3,1 Hr,Valid
Tashkent,PM2.5 - Principal,2018-07-22 07:00 AM,2018,07,22,07,41.2,115,Unhealthy for Sensitive Groups,45.0,UG/M3,1 Hr,Valid
Tashkent,PM2.5 - Principal,2018-07-22 08:00 AM,2018,07,22,08,34.1,97,Moderate,27.0,UG/M3,1 Hr,Valid
Tashkent,PM2.5 - Principal,2018-07-22 09:00 AM,2018,07,22,09,37.0,105,Unhealthy for Sensitive Groups,40.0,UG/M3,1 Hr,Valid
Tashkent,PM2.5 - Principal,2018-07-22 10:00 AM,2018,07,22,10,36.5,103,Unhealthy for Sensitive Groups,36.0,UG/M3,1 Hr,Valid
Tashkent,PM2.5 - Principal,2018-07-22 11:00 AM,2018,07,22,11,35.2,100,Moderate,34.0,UG/M3,1 Hr,Valid
Tashkent,PM2.5 - Principal,2018-07-22 12:00 PM,2018,07,22,12,31.1,91,Moderate,27.0,UG/M3,1 Hr,Valid
Tashkent,PM2.5 - Principal,2018-07-22 01:00 PM,2018,07,22,13,35.5,101,Unhealthy for Sensitive Groups,40.0,UG/M3,1 Hr,Valid
Tashkent,PM2.5 - Principal,2018-07-22 02:00 PM,2018,07,22,14,35.1,99,Moderate,35.0,UG/M3,1 Hr,Valid
Tashkent,PM2.5 - Principal,2018-07-22 03:00 PM,2018,07,22,15,35.0,99,Moderate,35.0,UG/M3,1 Hr,Valid
Tashkent,PM2.5 - Principal,2018-07-22 04:00 PM,2018,07,22,16,33.0,95,Moderate,30.0,UG/M3,1 Hr,Valid
Tashkent,PM2.5 - Principal,2018-07-22 05:00 PM,2018,07,22,17,28.6,86,Moderate,24.0,UG/M3,1 Hr,Valid
Tashkent,PM2.5 - Principal,2018-07-22 06:00 PM,2018,07,22,18,22.1,72,Moderate,16.0,UG/M3,1 Hr,Valid
Tashkent,PM2.5 - Principal,2018-07-22 07:00 PM,2018,07,22,19,28.0,84,Moderate,34.0,UG/M3,1 Hr,Valid
Tashkent,PM2.5 - Principal,2018-07-22 08:00 PM,2018,07,22,20,35.5,101,Unhealthy for Sensitive Groups,43.0,UG/M3,1 Hr,Valid
Tashkent,PM2.5 - Principal,2018-07-22 09:00 PM,2018,07,22,21,55.7,151,Unhealthy,76.0,UG/M3,1 Hr,Valid
Tashkent,PM2.5 - Principal,2018-07-22 10:00 PM,2018,07,22,22,60.8,154,Unhealthy,66.0,UG/M3,1 Hr,Valid
Tashkent,PM2.5 - Principal,2018-07-22 11:00 PM,2018,07,22,23,69.9,158,Unhealthy,79.0,UG/M3,1 Hr,Valid
Tashkent,PM2.5 - Principal,2018-07-23 12:00 AM,2018,07,23,00,70.4,159,Unhealthy,71.0,UG/M3,1 Hr,Valid
Tashkent,PM2.5 - Principal,2018-07-23 01:00 AM,2018,07,23,01,67.7,157,Unhealthy,65.0,UG/M3,1 Hr,Valid
Tashkent,PM2.5 - Principal,2018-07-23 02:00 AM,2018,07,23,02,56.3,151,Unhealthy,45.0,UG/M3,1 Hr,Valid
Tashkent,PM2.5 - Principal,2018-07-23 03:00 AM,2018,07,23,03,42.6,118,Unhealthy for Sensitive Groups,29.0,UG/M3,1 Hr,Valid
Tashkent,PM2.5 - Principal,2018-07-23 04:00 AM,2018,07,23,04,34.8,99,Moderate,27.0,UG/M3,1 Hr,Valid
Tashkent,PM2.5 - Principal,2018-07-23 05:00 AM,2018,07,23,05,31.9,93,Moderate,29.0,UG/M3,1 Hr,Valid
Tashkent,PM2.5 - Principal,2018-07-23 06:00 AM,2018,07,23,06,29.4,87,Moderate,27.0,UG/M3,1 Hr,Valid
Tashkent,PM2.5 - Principal,2018-07-23 07:00 AM,2018,07,23,07,23.7,75,Moderate,18.0,UG/M3,1 Hr,Valid
Tashkent,PM2.5 - Principal,2018-07-23 08:00 AM,2018,07,23,08,19.8,67,Moderate,16.0,UG/M3,1 Hr,Valid
Tashkent,PM2.5 - Principal,2018-07-23 09:00 AM,2018,07,23,09,19.9,67,Moderate,20.0,UG/M3,1 Hr,Valid
Tashkent,PM2.5 - Principal,2018-07-23 10:00 AM,2018,07,23,10,23.9,76,Moderate,28.0,UG/M3,1 Hr,Valid
Tashkent,PM2.5 - Principal,2018-07-23 11:00 AM,2018,07,23,11,40.9,114,Unhealthy for Sensitive Groups,58.0,UG/M3,1 Hr,Valid
Tashkent,PM2.5 - Principal,2018-07-23 12:00 PM,2018,07,23,12,28.9,86,Moderate,17.0,UG/M3,1 Hr,Valid
Tashkent,PM2.5 - Principal,2018-07-23 01:00 PM,2018,07,23,13,20.9,70,Moderate,13.0,UG/M3,1 Hr,Valid
Tashkent,PM2.5 - Principal,2018-07-23 02:00 PM,2018,07,23,14,17.4,62,Moderate,14.0,UG/M3,1 Hr,Valid
Tashkent,PM2.5 - Principal,2018-07-23 03:00 PM,2018,07,23,15,14.7,56,Moderate,12.0,UG/M3,1 Hr,Valid
Tashkent,PM2.5 - Principal,2018-07-23 04:00 PM,2018,07,23,16,19.3,66,Moderate,24.0,UG/M3,1 Hr,Valid
Tashkent,PM2.5 - Principal,2018-07-23 05:00 PM,2018,07,23,17,25.6,79,Moderate,32.0,UG/M3,1 Hr,Valid
Tashkent,PM2.5 - Principal,2018-07-23 06:00 PM,2018,07,23,18,28.8,86,Moderate,32.0,UG/M3,1 Hr,Valid
Tashkent,PM2.5 - Principal,2018-07-23 07:00 PM,2018,07,23,19,23.4,75,Moderate,18.0,UG/M3,1 Hr,Valid
Tashkent,PM2.5 - Principal,2018-07-23 08:00 PM,2018,07,23,20,33.2,95,Moderate,43.0,UG/M3,1 Hr,Valid
Tashkent,PM2.5 - Principal,2018-07-23 09:00 PM,2018,07,23,21,28.6,86,Moderate,24.0,UG/M3,1 Hr,Valid
Tashkent,PM2.5 - Principal,2018-07-23 10:00 PM,2018,07,23,22,23.3,75,Moderate,18.0,UG/M3,1 Hr,Valid
Tashkent,PM2.5 - Principal,2018-07-23 11:00 PM,2018,07,23,23,21.1,70,Moderate,19.0,UG/M3,1 Hr,Valid
Tashkent,PM2.5 - Principal,2018-07-24 12:00 AM,2018,07,24,00,25.0,78,Moderate,29.0,UG/M3,1 Hr,Valid
Tashkent,PM2.5 - Principal,2018-07-24 01:00 AM,2018,07,24,01,26.5,81,Moderate,28.0,UG/M3,1 Hr,Valid
Tashkent,PM2.5 - Principal,2018-07-24 02:00 AM,2018,07,24,02,20.2,68,Moderate,14.0,UG/M3,1 Hr,Valid
Tashkent,PM2.5 - Principal,2018-07-24 03:00 AM,2018,07,24,03,24.1,76,Moderate,28.0,UG/M3,1 Hr,Valid
Tashkent,PM2.5 - Principal,2018-07-24 04:00 AM,2018,07,24,04,23.0,74,Moderate,22.0,UG/M3,1 Hr,Valid
Tashkent,PM2.5 - Principal,2018-07-24 05:00 AM,2018,07,24,05,28.0,84,Moderate,33.0,UG/M3,1 Hr,Valid
Tashkent,PM2.5 - Principal,2018-07-24 06:00 AM,2018,07,24,06,25.5,79,Moderate,23.0,UG/M3,1 Hr,Valid
Tashkent,PM2.5 - Principal,2018-07-24 07:00 AM,2018,07,24,07,28.2,85,Moderate,31.0,UG/M3,1 Hr,Valid
Tashkent,PM2.5 - Principal,2018-07-24 08:00 AM,2018,07,24,08,33.1,95,Moderate,38.0,UG/M3,1 Hr,Valid
Tashkent,PM2.5 - Principal,2018-07-24 09:00 AM,2018,07,24,09,27.0,82,Moderate,21.0,UG/M3,1 Hr,Valid
Tashkent,PM2.5 - Principal,2018-07-24 10:00 AM,2018,07,24,10,31.5,92,Moderate,36.0,UG/M3,1 Hr,Valid
Tashkent,PM2.5 - Principal,2018-07-24 11:00 AM,2018,07,24,11,30.7,90,Moderate,30.0,UG/M3,1 Hr,Valid
Tashkent,PM2.5 - Principal,2018-07-24 12:00 PM,2018,07,24,12,27.3,83,Moderate,24.0,UG/M3,1 Hr,Valid
Tashkent,PM2.5 - Principal,2018-07-24 01:00 PM,2018,07,24,13,24.6,77,Moderate,22.0,UG/M3,1 Hr,Valid
Tashkent,PM2.5 - Principal,2018-07-24 02:00 PM,2018,07,24,14,18.8,65,Moderate,13.0,UG/M3,1 Hr,Valid
Tashkent,PM2.5 - Principal,2018-07-24 03:00 PM,2018,07,24,15,23.4,75,Moderate,28.0,UG/M3,1 Hr,Valid
Tashkent,PM2.5 - Principal,2018-07-24 04:00 PM,2018,07,24,16,26.2,81,Moderate,29.0,UG/M3,1 Hr,Valid
Tashkent,PM2.5 - Principal,2018-07-24 05:00 PM,2018,07,24,17,26.6,81,Moderate,27.0,UG/M3,1 Hr,Valid
Tashkent,PM2.5 - Principal,2018-07-24 06:00 PM,2018,07,24,18,34.3,98,Moderate,42.0,UG/M3,1 Hr,Valid
Tashkent,PM2.5 - Principal,2018-07-24 07:00 PM,2018,07,24,19,36.6,104,Unhealthy for Sensitive Groups,39.0,UG/M3,1 Hr,Valid
Tashkent,PM2.5 - Principal,2018-07-24 08:00 PM,2018,07,24,20,30.3,89,Moderate,24.0,UG/M3,1 Hr,Valid
Tashkent,PM2.5 - Principal,2018-07-24 09:00 PM,2018,07,24,21,28.6,86,Moderate,27.0,UG/M3,1 Hr,Valid
Tashkent,PM2.5 - Principal,2018-07-24 10:00 PM,2018,07,24,22,23.3,75,Moderate,18.0,UG/M3,1 Hr,Valid
Tashkent,PM2.5 - Principal,2018-07-24 11:00 PM,2018,07,24,23,23.1,74,Moderate,23.0,UG/M3,1 Hr,Valid
Tashkent,PM2.5 - Principal,2018-07-25 12:00 AM,2018,07,25,00,21.5,71,Moderate,20.0,UG/M3,1 Hr,Valid
Tashkent,PM2.5 - Principal,2018-07-25 01:00 AM,2018,07,25,01,25.2,79,Moderate,29.0,UG/M3,1 Hr,Valid
Tashkent,PM2.5 - Principal,2018-07-25 02:00 AM,2018,07,25,02,27.6,84,Moderate,30.0,UG/M3,1 Hr,Valid
Tashkent,PM2.5 - Principal,2018-07-25 03:00 AM,2018,07,25,03,30.3,89,Moderate,33.0,UG/M3,1 Hr,Valid
Tashkent,PM2.5 - Principal,2018-07-25 04:00 AM,2018,07,25,04,37.6,106,Unhealthy for Sensitive Groups,45.0,UG/M3,1 Hr,Valid
Tashkent,PM2.5 - Principal,2018-07-25 05:00 AM,2018,07,25,05,40.8,114,Unhealthy for Sensitive Groups,44.0,UG/M3,1 Hr,Valid
Tashkent,PM2.5 - Principal,2018-07-25 06:00 AM,2018,07,25,06,40.4,113,Unhealthy for Sensitive Groups,40.0,UG/M3,1 Hr,Valid
Tashkent,PM2.5 - Principal,2018-07-25 07:00 AM,2018,07,25,07,35.7,101,Unhealthy for Sensitive Groups,31.0,UG/M3,1 Hr,Valid
Tashkent,PM2.5 - Principal,2018-07-25 08:00 AM,2018,07,25,08,30.8,90,Moderate,26.0,UG/M3,1 Hr,Valid
Tashkent,PM2.5 - Principal,2018-07-25 09:00 AM,2018,07,25,09,26.4,81,Moderate,22.0,UG/M3,1 Hr,Valid
Tashkent,PM2.5 - Principal,2018-07-25 10:00 AM,2018,07,25,10,24.2,76,Moderate,22.0,UG/M3,1 Hr,Valid
Tashkent,PM2.5 - Principal,2018-07-25 11:00 AM,2018,07,25,11,25.1,78,Moderate,26.0,UG/M3,1 Hr,Valid
Tashkent,PM2.5 - Principal,2018-07-25 12:00 PM,2018,07,25,12,21.0,70,Moderate,17.0,UG/M3,1 Hr,Valid
Tashkent,PM2.5 - Principal,2018-07-25 01:00 PM,2018,07,25,13,21.5,71,Moderate,22.0,UG/M3,1 Hr,Valid
Tashkent,PM2.5 - Principal,2018-07-25 02:00 PM,2018,07,25,14,19.7,67,Moderate,18.0,UG/M3,1 Hr,Valid
Tashkent,PM2.5 - Principal,2018-07-25 03:00 PM,2018,07,25,15,16.3,60,Moderate,13.0,UG/M3,1 Hr,Valid
Tashkent,PM2.5 - Principal,2018-07-25 04:00 PM,2018,07,25,16,16.6,60,Moderate,17.0,UG/M3,1 Hr,Valid
Tashkent,PM2.5 - Principal,2018-07-25 05:00 PM,2018,07,25,17,16.3,60,Moderate,16.0,UG/M3,1 Hr,Valid
Tashkent,PM2.5 - Principal,2018-07-25 06:00 PM,2018,07,25,18,19.6,67,Moderate,23.0,UG/M3,1 Hr,Valid
Tashkent,PM2.5 - Principal,2018-07-25 07:00 PM,2018,07,25,19,20.8,69,Moderate,22.0,UG/M3,1 Hr,Valid
Tashkent,PM2.5 - Principal,2018-07-25 08:00 PM,2018,07,25,20,39.9,112,Unhealthy for Sensitive Groups,59.0,UG/M3,1 Hr,Valid
Tashkent,PM2.5 - Principal,2018-07-25 09:00 PM,2018,07,25,21,30.9,91,Moderate,22.0,UG/M3,1 Hr,Valid
Tashkent,PM2.5 - Principal,2018-07-25 10:00 PM,2018,07,25,22,33.4,96,Moderate,36.0,UG/M3,1 Hr,Valid
Tashkent,PM2.5 - Principal,2018-07-25 11:00 PM,2018,07,25,23,28.7,86,Moderate,24.0,UG/M3,1 Hr,Valid
Tashkent,PM2.5 - Principal,2018-07-26 12:00 AM,2018,07,26,00,36.8,104,Unhealthy for Sensitive Groups,45.0,UG/M3,1 Hr,Valid
Tashkent,PM2.5 - Principal,2018-07-26 01:00 AM,2018,07,26,01,46.4,128,Unhealthy for Sensitive Groups,56.0,UG/M3,1 Hr,Valid
Tashkent,PM2.5 - Principal,2018-07-26 02:00 AM,2018,07,26,02,44.2,122,Unhealthy for Sensitive Groups,42.0,UG/M3,1 Hr,Valid
Tashkent,PM2.5 - Principal,2018-07-26 03:00 AM,2018,07,26,03,41.1,115,Unhealthy for Sensitive Groups,38.0,UG/M3,1 Hr,Valid
Tashkent,PM2.5 - Principal,2018-07-26 04:00 AM,2018,07,26,04,36.0,102,Unhealthy for Sensitive Groups,31.0,UG/M3,1 Hr,Valid
Tashkent,PM2.5 - Principal,2018-07-26 05:00 AM,2018,07,26,05,34.5,98,Moderate,33.0,UG/M3,1 Hr,Valid
Tashkent,PM2.5 - Principal,2018-07-26 06:00 AM,2018,07,26,06,30.2,89,Moderate,26.0,UG/M3,1 Hr,Valid
Tashkent,PM2.5 - Principal,2018-07-26 07:00 AM,2018,07,26,07,26.6,81,Moderate,23.0,UG/M3,1 Hr,Valid
Tashkent,PM2.5 - Principal,2018-07-26 08:00 AM,2018,07,26,08,22.3,72,Moderate,18.0,UG/M3,1 Hr,Valid
Tashkent,PM2.5 - Principal,2018-07-26 09:00 AM,2018,07,26,09,48.6,133,Unhealthy for Sensitive Groups,75.0,UG/M3,1 Hr,Valid
Tashkent,PM2.5 - Principal,2018-07-26 10:00 AM,2018,07,26,10,45.3,125,Unhealthy for Sensitive Groups,42.0,UG/M3,1 Hr,Valid
Tashkent,PM2.5 - Principal,2018-07-26 11:00 AM,2018,07,26,11,46.1,127,Unhealthy for Sensitive Groups,47.0,UG/M3,1 Hr,Valid
Tashkent,PM2.5 - Principal,2018-07-26 12:00 PM,2018,07,26,12,43.5,121,Unhealthy for Sensitive Groups,41.0,UG/M3,1 Hr,Valid
Tashkent,PM2.5 - Principal,2018-07-26 01:00 PM,2018,07,26,13,41.2,115,Unhealthy for Sensitive Groups,39.0,UG/M3,1 Hr,Valid
Tashkent,PM2.5 - Principal,2018-07-26 02:00 PM,2018,07,26,14,34.6,98,Moderate,28.0,UG/M3,1 Hr,Valid
Tashkent,PM2.5 - Principal,2018-07-26 03:00 PM,2018,07,26,15,24.3,77,Moderate,14.0,UG/M3,1 Hr,Valid
Tashkent,PM2.5 - Principal,2018-07-26 04:00 PM,2018,07,26,16,24.6,77,Moderate,25.0,UG/M3,1 Hr,Valid
Tashkent,PM2.5 - Principal,2018-07-26 05:00 PM,2018,07,26,17,25.8,80,Moderate,27.0,UG/M3,1 Hr,Valid
Tashkent,PM2.5 - Principal,2018-07-26 06:00 PM,2018,07,26,18,20.9,70,Moderate,16.0,UG/M3,1 Hr,Valid
Tashkent,PM2.5 - Principal,2018-07-26 07:00 PM,2018,07,26,19,26.9,82,Moderate,33.0,UG/M3,1 Hr,Valid
Tashkent,PM2.5 - Principal,2018-07-26 08:00 PM,2018,07,26,20,29.4,87,Moderate,32.0,UG/M3,1 Hr,Valid
Tashkent,PM2.5 - Principal,2018-07-26 09:00 PM,2018,07,26,21,27.2,83,Moderate,25.0,UG/M3,1 Hr,Valid
Tashkent,PM2.5 - Principal,2018-07-26 10:00 PM,2018,07,26,22,28.6,86,Moderate,30.0,UG/M3,1 Hr,Valid
Tashkent,PM2.5 - Principal,2018-07-26 11:00 PM,2018,07,26,23,29.3,87,Moderate,30.0,UG/M3,1 Hr,Valid
Tashkent,PM2.5 - Principal,2018-07-27 12:00 AM,2018,07,27,00,41.1,115,Unhealthy for Sensitive Groups,53.0,UG/M3,1 Hr,Valid
Tashkent,PM2.5 - Principal,2018-07-27 01:00 AM,2018,07,27,01,43.0,119,Unhealthy for Sensitive Groups,45.0,UG/M3,1 Hr,Valid
Tashkent,PM2.5 - Principal,2018-07-27 02:00 AM,2018,07,27,02,42.0,117,Unhealthy for Sensitive Groups,41.0,UG/M3,1 Hr,Valid
Tashkent,PM2.5 - Principal,2018-07-27 03:00 AM,2018,07,27,03,40.0,112,Unhealthy for Sensitive Groups,38.0,UG/M3,1 Hr,Valid
Tashkent,PM2.5 - Principal,2018-07-27 04:00 AM,2018,07,27,04,42.5,118,Unhealthy for Sensitive Groups,45.0,UG/M3,1 Hr,Valid
Tashkent,PM2.5 - Principal,2018-07-27 05:00 AM,2018,07,27,05,50.2,137,Unhealthy for Sensitive Groups,58.0,UG/M3,1 Hr,Valid
Tashkent,PM2.5 - Principal,2018-07-27 06:00 AM,2018,07,27,06,42.1,117,Unhealthy for Sensitive Groups,34.0,UG/M3,1 Hr,Valid
Tashkent,PM2.5 - Principal,2018-07-27 07:00 AM,2018,07,27,07,38.0,107,Unhealthy for Sensitive Groups,34.0,UG/M3,1 Hr,Valid
Tashkent,PM2.5 - Principal,2018-07-27 08:00 AM,2018,07,27,08,42.5,118,Unhealthy for Sensitive Groups,47.0,UG/M3,1 Hr,Valid
Tashkent,PM2.5 - Principal,2018-07-27 09:00 AM,2018,07,27,09,38.8,109,Unhealthy for Sensitive Groups,35.0,UG/M3,1 Hr,Valid
Tashkent,PM2.5 - Principal,2018-07-27 10:00 AM,2018,07,27,10,37.0,105,Unhealthy for Sensitive Groups,35.0,UG/M3,1 Hr,Valid
Tashkent,PM2.5 - Principal,2018-07-27 11:00 AM,2018,07,27,11,36.9,104,Unhealthy for Sensitive Groups,36.0,UG/M3,1 Hr,Valid
Tashkent,PM2.5 - Principal,2018-07-27 12:00 PM,2018,07,27,12,37.3,105,Unhealthy for Sensitive Groups,38.0,UG/M3,1 Hr,Valid
Tashkent,PM2.5 - Principal,2018-07-27 01:00 PM,2018,07,27,13,35.9,102,Unhealthy for Sensitive Groups,34.0,UG/M3,1 Hr,Valid
Tashkent,PM2.5 - Principal,2018-07-27 02:00 PM,2018,07,27,14,43.0,119,Unhealthy for Sensitive Groups,53.0,UG/M3,1 Hr,Valid
Tashkent,PM2.5 - Principal,2018-07-27 03:00 PM,2018,07,27,15,42.5,118,Unhealthy for Sensitive Groups,42.0,UG/M3,1 Hr,Valid
Tashkent,PM2.5 - Principal,2018-07-27 04:00 PM,2018,07,27,16,37.9,107,Unhealthy for Sensitive Groups,32.0,UG/M3,1 Hr,Valid
Tashkent,PM2.5 - Principal,2018-07-27 05:00 PM,2018,07,27,17,31.2,91,Moderate,25.0,UG/M3,1 Hr,Valid
Tashkent,PM2.5 - Principal,2018-07-27 06:00 PM,2018,07,27,18,25.1,78,Moderate,19.0,UG/M3,1 Hr,Valid
Tashkent,PM2.5 - Principal,2018-07-27 07:00 PM,2018,07,27,19,22.5,73,Moderate,20.0,UG/M3,1 Hr,Valid
Tashkent,PM2.5 - Principal,2018-07-27 08:00 PM,2018,07,27,20,24.7,77,Moderate,27.0,UG/M3,1 Hr,Valid
Tashkent,PM2.5 - Principal,2018-07-27 09:00 PM,2018,07,27,21,26.8,82,Moderate,29.0,UG/M3,1 Hr,Valid
Tashkent,PM2.5 - Principal,2018-07-27 10:00 PM,2018,07,27,22,32.9,95,Moderate,39.0,UG/M3,1 Hr,Valid
Tashkent,PM2.5 - Principal,2018-07-27 11:00 PM,2018,07,27,23,32.4,94,Moderate,32.0,UG/M3,1 Hr,Valid
Tashkent,PM2.5 - Principal,2018-07-28 12:00 AM,2018,07,28,00,35.2,100,Moderate,38.0,UG/M3,1 Hr,Valid
Tashkent,PM2.5 - Principal,2018-07-28 01:00 AM,2018,07,28,01,37.6,106,Unhealthy for Sensitive Groups,40.0,UG/M3,1 Hr,Valid
Tashkent,PM2.5 - Principal,2018-07-28 02:00 AM,2018,07,28,02,36.8,104,Unhealthy for Sensitive Groups,36.0,UG/M3,1 Hr,Valid
Tashkent,PM2.5 - Principal,2018-07-28 03:00 AM,2018,07,28,03,30.9,91,Moderate,25.0,UG/M3,1 Hr,Valid
Tashkent,PM2.5 - Principal,2018-07-28 04:00 AM,2018,07,28,04,26.4,81,Moderate,22.0,UG/M3,1 Hr,Valid
Tashkent,PM2.5 - Principal,2018-07-28 05:00 AM,2018,07,28,05,30.2,89,Moderate,34.0,UG/M3,1 Hr,Valid
Tashkent,PM2.5 - Principal,2018-07-28 06:00 AM,2018,07,28,06,31.1,91,Moderate,32.0,UG/M3,1 Hr,Valid
Tashkent,PM2.5 - Principal,2018-07-28 07:00 AM,2018,07,28,07,34.1,97,Moderate,38.0,UG/M3,1 Hr,Valid
Tashkent,PM2.5 - Principal,2018-07-28 08:00 AM,2018,07,28,08,47.2,130,Unhealthy for Sensitive Groups,60.0,UG/M3,1 Hr,Valid
Tashkent,PM2.5 - Principal,2018-07-28 09:00 AM,2018,07,28,09,50.6,138,Unhealthy for Sensitive Groups,54.0,UG/M3,1 Hr,Valid
Tashkent,PM2.5 - Principal,2018-07-28 10:00 AM,2018,07,28,10,50.3,137,Unhealthy for Sensitive Groups,50.0,UG/M3,1 Hr,Valid
Tashkent,PM2.5 - Principal,2018-07-28 11:00 AM,2018,07,28,11,47.6,131,Unhealthy for Sensitive Groups,45.0,UG/M3,1 Hr,Valid
Tashkent,PM2.5 - Principal,2018-07-28 12:00 PM,2018,07,28,12,43.8,121,Unhealthy for Sensitive Groups,40.0,UG/M3,1 Hr,Valid
Tashkent,PM2.5 - Principal,2018-07-28 01:00 PM,2018,07,28,13,43.4,120,Unhealthy for Sensitive Groups,43.0,UG/M3,1 Hr,Valid
Tashkent,PM2.5 - Principal,2018-07-28 02:00 PM,2018,07,28,14,36.7,104,Unhealthy for Sensitive Groups,30.0,UG/M3,1 Hr,Valid
Tashkent,PM2.5 - Principal,2018-07-28 03:00 PM,2018,07,28,15,31.8,92,Moderate,27.0,UG/M3,1 Hr,Valid
Tashkent,PM2.5 - Principal,2018-07-28 04:00 PM,2018,07,28,16,26.4,81,Moderate,21.0,UG/M3,1 Hr,Valid
Tashkent,PM2.5 - Principal,2018-07-28 05:00 PM,2018,07,28,17,25.2,79,Moderate,24.0,UG/M3,1 Hr,Valid
Tashkent,PM2.5 - Principal,2018-07-28 06:00 PM,2018,07,28,18,25.6,79,Moderate,26.0,UG/M3,1 Hr,Valid
Tashkent,PM2.5 - Principal,2018-07-28 07:00 PM,2018,07,28,19,28.8,86,Moderate,32.0,UG/M3,1 Hr,Valid
Tashkent,PM2.5 - Principal,2018-07-28 08:00 PM,2018,07,28,20,29.3,87,Moderate,30.0,UG/M3,1 Hr,Valid
Tashkent,PM2.5 - Principal,2018-07-28 09:00 PM,2018,07,28,21,33.1,95,Moderate,37.0,UG/M3,1 Hr,Valid
Tashkent,PM2.5 - Principal,2018-07-28 10:00 PM,2018,07,28,22,34.5,98,Moderate,36.0,UG/M3,1 Hr,Valid
Tashkent,PM2.5 - Principal,2018-07-28 11:00 PM,2018,07,28,23,38.7,109,Unhealthy for Sensitive Groups,43.0,UG/M3,1 Hr,Valid
Tashkent,PM2.5 - Principal,2018-07-29 12:00 AM,2018,07,29,00,42.8,119,Unhealthy for Sensitive Groups,47.0,UG/M3,1 Hr,Valid
Tashkent,PM2.5 - Principal,2018-07-29 01:00 AM,2018,07,29,01,41.4,116,Unhealthy for Sensitive Groups,40.0,UG/M3,1 Hr,Valid
Tashkent,PM2.5 - Principal,2018-07-29 02:00 AM,2018,07,29,02,34.2,97,Moderate,27.0,UG/M3,1 Hr,Valid
Tashkent,PM2.5 - Principal,2018-07-29 03:00 AM,2018,07,29,03,29.1,87,Moderate,24.0,UG/M3,1 Hr,Valid
Tashkent,PM2.5 - Principal,2018-07-29 04:00 AM,2018,07,29,04,27.1,83,Moderate,25.0,UG/M3,1 Hr,Valid
Tashkent,PM2.5 - Principal,2018-07-29 05:00 AM,2018,07,29,05,20.5,69,Moderate,14.0,UG/M3,1 Hr,Valid
Tashkent,PM2.5 - Principal,2018-07-29 06:00 AM,2018,07,29,06,17.7,63,Moderate,15.0,UG/M3,1 Hr,Valid
Tashkent,PM2.5 - Principal,2018-07-29 07:00 AM,2018,07,29,07,17.3,62,Moderate,17.0,UG/M3,1 Hr,Valid
Tashkent,PM2.5 - Principal,2018-07-29 08:00 AM,2018,07,29,08,23.6,75,Moderate,30.0,UG/M3,1 Hr,Valid
Tashkent,PM2.5 - Principal,2018-07-29 09:00 AM,2018,07,29,09,25.3,79,Moderate,27.0,UG/M3,1 Hr,Valid
Tashkent,PM2.5 - Principal,2018-07-29 10:00 AM,2018,07,29,10,26.6,81,Moderate,28.0,UG/M3,1 Hr,Valid
Tashkent,PM2.5 - Principal,2018-07-29 11:00 AM,2018,07,29,11,294.8,345,Hazardous,563.0,UG/M3,1 Hr,Valid
Tashkent,PM2.5 - Principal,2018-07-29 12:00 PM,2018,07,29,12,217.4,267,Very Unhealthy,140.0,UG/M3,1 Hr,Valid
Tashkent,PM2.5 - Principal,2018-07-29 01:00 PM,2018,07,29,13,207.7,258,Very Unhealthy,198.0,UG/M3,1 Hr,Valid
Tashkent,PM2.5 - Principal,2018-07-29 02:00 PM,2018,07,29,14,194.8,245,Very Unhealthy,182.0,UG/M3,1 Hr,Valid
Tashkent,PM2.5 - Principal,2018-07-29 03:00 PM,2018,07,29,15,244.4,294,Very Unhealthy,294.0,UG/M3,1 Hr,Valid
Tashkent,PM2.5 - Principal,2018-07-29 04:00 PM,2018,07,29,16,206.7,257,Very Unhealthy,169.0,UG/M3,1 Hr,Valid
Tashkent,PM2.5 - Principal,2018-07-29 05:00 PM,2018,07,29,17,216.9,267,Very Unhealthy,227.0,UG/M3,1 Hr,Valid
Tashkent,PM2.5 - Principal,2018-07-29 06:00 PM,2018,07,29,18,116.9,183,Unhealthy,17.0,UG/M3,1 Hr,Valid
Tashkent,PM2.5 - Principal,2018-07-29 07:00 PM,2018,07,29,19,67.4,157,Unhealthy,18.0,UG/M3,1 Hr,Valid
Tashkent,PM2.5 - Principal,2018-07-29 08:00 PM,2018,07,29,20,47.2,130,Unhealthy for Sensitive Groups,27.0,UG/M3,1 Hr,Valid
Tashkent,PM2.5 - Principal,2018-07-29 09:00 PM,2018,07,29,21,53.6,146,Unhealthy for Sensitive Groups,60.0,UG/M3,1 Hr,Valid
Tashkent,PM2.5 - Principal,2018-07-29 10:00 PM,2018,07,29,22,49.8,136,Unhealthy for Sensitive Groups,46.0,UG/M3,1 Hr,Valid
Tashkent,PM2.5 - Principal,2018-07-29 11:00 PM,2018,07,29,23,47.8,131,Unhealthy for Sensitive Groups,46.0,UG/M3,1 Hr,Valid
Tashkent,PM2.5 - Principal,2018-07-30 12:00 AM,2018,07,30,00,53.4,145,Unhealthy for Sensitive Groups,59.0,UG/M3,1 Hr,Valid
Tashkent,PM2.5 - Principal,2018-07-30 01:00 AM,2018,07,30,01,42.6,118,Unhealthy for Sensitive Groups,32.0,UG/M3,1 Hr,Valid
Tashkent,PM2.5 - Principal,2018-07-30 02:00 AM,2018,07,30,02,31.3,91,Moderate,20.0,UG/M3,1 Hr,Valid
Tashkent,PM2.5 - Principal,2018-07-30 03:00 AM,2018,07,30,03,20.6,69,Moderate,10.0,UG/M3,1 Hr,Valid
Tashkent,PM2.5 - Principal,2018-07-30 04:00 AM,2018,07,30,04,14.7,56,Moderate,9.0,UG/M3,1 Hr,Valid
Tashkent,PM2.5 - Principal,2018-07-30 05:00 AM,2018,07,30,05,12.8,52,Moderate,11.0,UG/M3,1 Hr,Valid
Tashkent,PM2.5 - Principal,2018-07-30 06:00 AM,2018,07,30,06,10.9,45,Good,9.0,UG/M3,1 Hr,Valid
Tashkent,PM2.5 - Principal,2018-07-30 07:00 AM,2018,07,30,07,9.9,41,Good,9.0,UG/M3,1 Hr,Valid
Tashkent,PM2.5 - Principal,2018-07-30 08:00 AM,2018,07,30,08,10.9,45,Good,12.0,UG/M3,1 Hr,Valid
Tashkent,PM2.5 - Principal,2018-07-30 09:00 AM,2018,07,30,09,11.9,50,Good,13.0,UG/M3,1 Hr,Valid
Tashkent,PM2.5 - Principal,2018-07-30 10:00 AM,2018,07,30,10,12.9,53,Moderate,14.0,UG/M3,1 Hr,Valid
Tashkent,PM2.5 - Principal,2018-07-30 11:00 AM,2018,07,30,11,19.9,67,Moderate,27.0,UG/M3,1 Hr,Valid
Tashkent,PM2.5 - Principal,2018-07-30 12:00 PM,2018,07,30,12,28.4,85,Moderate,37.0,UG/M3,1 Hr,Valid
Tashkent,PM2.5 - Principal,2018-07-30 01:00 PM,2018,07,30,13,63.2,155,Unhealthy,98.0,UG/M3,1 Hr,Valid
Tashkent,PM2.5 - Principal,2018-07-30 02:00 PM,2018,07,30,14,64.1,155,Unhealthy,65.0,UG/M3,1 Hr,Valid
Tashkent,PM2.5 - Principal,2018-07-30 03:00 PM,2018,07,30,15,90.5,169,Unhealthy,117.0,UG/M3,1 Hr,Valid
Tashkent,PM2.5 - Principal,2018-07-30 04:00 PM,2018,07,30,16,74.2,161,Unhealthy,58.0,UG/M3,1 Hr,Valid
Tashkent,PM2.5 - Principal,2018-07-30 05:00 PM,2018,07,30,17,50.6,138,Unhealthy for Sensitive Groups,27.0,UG/M3,1 Hr,Valid
Tashkent,PM2.5 - Principal,2018-07-30 06:00 PM,2018,07,30,18,33.8,97,Moderate,17.0,UG/M3,1 Hr,Valid
Tashkent,PM2.5 - Principal,2018-07-30 07:00 PM,2018,07,30,19,27.9,84,Moderate,22.0,UG/M3,1 Hr,Valid
Tashkent,PM2.5 - Principal,2018-07-30 08:00 PM,2018,07,30,20,29.4,87,Moderate,31.0,UG/M3,1 Hr,Valid
Tashkent,PM2.5 - Principal,2018-07-30 09:00 PM,2018,07,30,21,39.7,111,Unhealthy for Sensitive Groups,50.0,UG/M3,1 Hr,Valid
Tashkent,PM2.5 - Principal,2018-07-30 10:00 PM,2018,07,30,22,50.8,139,Unhealthy for Sensitive Groups,62.0,UG/M3,1 Hr,Valid
Tashkent,PM2.5 - Principal,2018-07-30 11:00 PM,2018,07,30,23,53.4,145,Unhealthy for Sensitive Groups,56.0,UG/M3,1 Hr,Valid
Tashkent,PM2.5 - Principal,2018-07-31 12:00 AM,2018,07,31,00,52.2,142,Unhealthy for Sensitive Groups,51.0,UG/M3,1 Hr,Valid
Tashkent,PM2.5 - Principal,2018-07-31 01:00 AM,2018,07,31,01,42.1,117,Unhealthy for Sensitive Groups,32.0,UG/M3,1 Hr,Valid
Tashkent,PM2.5 - Principal,2018-07-31 02:00 AM,2018,07,31,02,36.5,103,Unhealthy for Sensitive Groups,31.0,UG/M3,1 Hr,Valid
Tashkent,PM2.5 - Principal,2018-07-31 03:00 AM,2018,07,31,03,37.7,106,Unhealthy for Sensitive Groups,39.0,UG/M3,1 Hr,Valid
Tashkent,PM2.5 - Principal,2018-07-31 04:00 AM,2018,07,31,04,51.3,140,Unhealthy for Sensitive Groups,65.0,UG/M3,1 Hr,Valid
Tashkent,PM2.5 - Principal,2018-07-31 05:00 AM,2018,07,31,05,49.6,136,Unhealthy for Sensitive Groups,48.0,UG/M3,1 Hr,Valid
Tashkent,PM2.5 - Principal,2018-07-31 06:00 AM,2018,07,31,06,38.8,109,Unhealthy for Sensitive Groups,28.0,UG/M3,1 Hr,Valid
Tashkent,PM2.5 - Principal,2018-07-31 07:00 AM,2018,07,31,07,41.9,117,Unhealthy for Sensitive Groups,45.0,UG/M3,1 Hr,Valid
Tashkent,PM2.5 - Principal,2018-07-31 08:00 AM,2018,07,31,08,41.9,117,Unhealthy for Sensitive Groups,42.0,UG/M3,1 Hr,Valid
Tashkent,PM2.5 - Principal,2018-07-31 09:00 AM,2018,07,31,09,52.4,143,Unhealthy for Sensitive Groups,63.0,UG/M3,1 Hr,Valid
Tashkent,PM2.5 - Principal,2018-07-31 10:00 AM,2018,07,31,10,52.4,143,Unhealthy for Sensitive Groups,-999.0,UG/M3,1 Hr,Missing
Tashkent,PM2.5 - Principal,2018-07-31 11:00 AM,2018,07,31,11,34.8,99,Moderate,26.0,UG/M3,1 Hr,Valid
Tashkent,PM2.5 - Principal,2018-07-31 12:00 PM,2018,07,31,12,32.0,93,Moderate,30.0,UG/M3,1 Hr,Valid
Tashkent,PM2.5 - Principal,2018-07-31 01:00 PM,2018,07,31,13,35.2,100,Moderate,38.0,UG/M3,1 Hr,Valid
Tashkent,PM2.5 - Principal,2018-07-31 02:00 PM,2018,07,31,14,34.0,97,Moderate,33.0,UG/M3,1 Hr,Valid
Tashkent,PM2.5 - Principal,2018-07-31 03:00 PM,2018,07,31,15,33.5,96,Moderate,33.0,UG/M3,1 Hr,Valid
Tashkent,PM2.5 - Principal,2018-07-31 04:00 PM,2018,07,31,16,33.5,96,Moderate,-999.0,UG/M3,1 Hr,Missing
Tashkent,PM2.5 - Principal,2018-07-31 05:00 PM,2018,07,31,17,22.4,73,Moderate,17.0,UG/M3,1 Hr,Valid
Tashkent,PM2.5 - Principal,2018-07-31 06:00 PM,2018,07,31,18,16.4,60,Moderate,12.0,UG/M3,1 Hr,Valid
Tashkent,PM2.5 - Principal,2018-07-31 07:00 PM,2018,07,31,19,19.9,67,Moderate,23.0,UG/M3,1 Hr,Valid
Tashkent,PM2.5 - Principal,2018-07-31 08:00 PM,2018,07,31,20,27.7,84,Moderate,35.0,UG/M3,1 Hr,Valid
Tashkent,PM2.5 - Principal,2018-07-31 09:00 PM,2018,07,31,21,33.4,96,Moderate,39.0,UG/M3,1 Hr,Valid
Tashkent,PM2.5 - Principal,2018-07-31 10:00 PM,2018,07,31,22,38.7,109,Unhealthy for Sensitive Groups,44.0,UG/M3,1 Hr,Valid
Tashkent,PM2.5 - Principal,2018-07-31 11:00 PM,2018,07,31,23,39.8,112,Unhealthy for Sensitive Groups,41.0,UG/M3,1 Hr,Valid
Tashkent,PM2.5 - Principal,2018-08-01 12:00 AM,2018,08,01,00,43.9,122,Unhealthy for Sensitive Groups,48.0,UG/M3,1 Hr,Valid
Tashkent,PM2.5 - Principal,2018-08-01 01:00 AM,2018,08,01,01,48.4,133,Unhealthy for Sensitive Groups,53.0,UG/M3,1 Hr,Valid
Tashkent,PM2.5 - Principal,2018-08-01 02:00 AM,2018,08,01,02,39.2,110,Unhealthy for Sensitive Groups,30.0,UG/M3,1 Hr,Valid
Tashkent,PM2.5 - Principal,2018-08-01 03:00 AM,2018,08,01,03,33.6,96,Moderate,28.0,UG/M3,1 Hr,Valid
Tashkent,PM2.5 - Principal,2018-08-01 04:00 AM,2018,08,01,04,30.8,90,Moderate,28.0,UG/M3,1 Hr,Valid
Tashkent,PM2.5 - Principal,2018-08-01 05:00 AM,2018,08,01,05,28.9,86,Moderate,27.0,UG/M3,1 Hr,Valid
Tashkent,PM2.5 - Principal,2018-08-01 06:00 AM,2018,08,01,06,25.9,80,Moderate,23.0,UG/M3,1 Hr,Valid
Tashkent,PM2.5 - Principal,2018-08-01 07:00 AM,2018,08,01,07,21.9,72,Moderate,18.0,UG/M3,1 Hr,Valid
Tashkent,PM2.5 - Principal,2018-08-01 08:00 AM,2018,08,01,08,22.4,73,Moderate,23.0,UG/M3,1 Hr,Valid
Tashkent,PM2.5 - Principal,2018-08-01 09:00 AM,2018,08,01,09,26.2,81,Moderate,30.0,UG/M3,1 Hr,Valid
Tashkent,PM2.5 - Principal,2018-08-01 10:00 AM,2018,08,01,10,23.1,74,Moderate,20.0,UG/M3,1 Hr,Valid
Tashkent,PM2.5 - Principal,2018-08-01 11:00 AM,2018,08,01,11,20.0,68,Moderate,17.0,UG/M3,1 Hr,Valid
Tashkent,PM2.5 - Principal,2018-08-01 12:00 PM,2018,08,01,12,16.5,60,Moderate,13.0,UG/M3,1 Hr,Valid
Tashkent,PM2.5 - Principal,2018-08-01 01:00 PM,2018,08,01,13,11.7,49,Good,7.0,UG/M3,1 Hr,Valid
Tashkent,PM2.5 - Principal,2018-08-01 02:00 PM,2018,08,01,14,8.8,37,Good,6.0,UG/M3,1 Hr,Valid
Tashkent,PM2.5 - Principal,2018-08-01 03:00 PM,2018,08,01,15,7.9,33,Good,7.0,UG/M3,1 Hr,Valid
Tashkent,PM2.5 - Principal,2018-08-01 04:00 PM,2018,08,01,16,5.4,23,Good,3.0,UG/M3,1 Hr,Valid
Tashkent,PM2.5 - Principal,2018-08-01 05:00 PM,2018,08,01,17,4.7,20,Good,4.0,UG/M3,1 Hr,Valid
Tashkent,PM2.5 - Principal,2018-08-01 06:00 PM,2018,08,01,18,8.3,35,Good,12.0,UG/M3,1 Hr,Valid
Tashkent,PM2.5 - Principal,2018-08-01 07:00 PM,2018,08,01,19,8.6,36,Good,9.0,UG/M3,1 Hr,Valid
Tashkent,PM2.5 - Principal,2018-08-01 08:00 PM,2018,08,01,20,14.8,57,Moderate,21.0,UG/M3,1 Hr,Valid
Tashkent,PM2.5 - Principal,2018-08-01 09:00 PM,2018,08,01,21,20.9,70,Moderate,27.0,UG/M3,1 Hr,Valid
Tashkent,PM2.5 - Principal,2018-08-01 10:00 PM,2018,08,01,22,27.4,83,Moderate,34.0,UG/M3,1 Hr,Valid
Tashkent,PM2.5 - Principal,2018-08-01 11:00 PM,2018,08,01,23,31.2,91,Moderate,35.0,UG/M3,1 Hr,Valid
Tashkent,PM2.5 - Principal,2018-08-02 12:00 AM,2018,08,02,00,34.1,97,Moderate,37.0,UG/M3,1 Hr,Valid
Tashkent,PM2.5 - Principal,2018-08-02 01:00 AM,2018,08,02,01,31.0,91,Moderate,28.0,UG/M3,1 Hr,Valid
Tashkent,PM2.5 - Principal,2018-08-02 02:00 AM,2018,08,02,02,31.5,92,Moderate,32.0,UG/M3,1 Hr,Valid
Tashkent,PM2.5 - Principal,2018-08-02 03:00 AM,2018,08,02,03,28.2,85,Moderate,25.0,UG/M3,1 Hr,Valid
Tashkent,PM2.5 - Principal,2018-08-02 04:00 AM,2018,08,02,04,19.6,67,Moderate,11.0,UG/M3,1 Hr,Valid
Tashkent,PM2.5 - Principal,2018-08-02 05:00 AM,2018,08,02,05,15.3,58,Moderate,11.0,UG/M3,1 Hr,Valid
Tashkent,PM2.5 - Principal,2018-08-02 06:00 AM,2018,08,02,06,14.1,55,Moderate,13.0,UG/M3,1 Hr,Valid
Tashkent,PM2.5 - Principal,2018-08-02 07:00 AM,2018,08,02,07,15.0,57,Moderate,16.0,UG/M3,1 Hr,Valid
Tashkent,PM2.5 - Principal,2018-08-02 08:00 AM,2018,08,02,08,17.5,62,Moderate,20.0,UG/M3,1 Hr,Valid
Tashkent,PM2.5 - Principal,2018-08-02 09:00 AM,2018,08,02,09,14.2,55,Moderate,11.0,UG/M3,1 Hr,Valid
Tashkent,PM2.5 - Principal,2018-08-02 10:00 AM,2018,08,02,10,10.6,44,Good,7.0,UG/M3,1 Hr,Valid
Tashkent,PM2.5 - Principal,2018-08-02 11:00 AM,2018,08,02,11,12.3,51,Moderate,14.0,UG/M3,1 Hr,Valid
Tashkent,PM2.5 - Principal,2018-08-02 12:00 PM,2018,08,02,12,12.1,51,Moderate,12.0,UG/M3,1 Hr,Valid
Tashkent,PM2.5 - Principal,2018-08-02 01:00 PM,2018,08,02,13,11.5,48,Good,11.0,UG/M3,1 Hr,Valid
Tashkent,PM2.5 - Principal,2018-08-02 02:00 PM,2018,08,02,14,11.2,47,Good,11.0,UG/M3,1 Hr,Valid
Tashkent,PM2.5 - Principal,2018-08-02 03:00 PM,2018,08,02,15,11.6,48,Good,12.0,UG/M3,1 Hr,Valid
Tashkent,PM2.5 - Principal,2018-08-02 04:00 PM,2018,08,02,16,10.3,43,Good,9.0,UG/M3,1 Hr,Valid
Tashkent,PM2.5 - Principal,2018-08-02 05:00 PM,2018,08,02,17,10.6,44,Good,11.0,UG/M3,1 Hr,Valid
Tashkent,PM2.5 - Principal,2018-08-02 06:00 PM,2018,08,02,18,10.3,43,Good,10.0,UG/M3,1 Hr,Valid
Tashkent,PM2.5 - Principal,2018-08-02 07:00 PM,2018,08,02,19,15.1,57,Moderate,20.0,UG/M3,1 Hr,Valid
Tashkent,PM2.5 - Principal,2018-08-02 08:00 PM,2018,08,02,20,20.5,69,Moderate,26.0,UG/M3,1 Hr,Valid
Tashkent,PM2.5 - Principal,2018-08-02 09:00 PM,2018,08,02,21,22.2,72,Moderate,24.0,UG/M3,1 Hr,Valid
Tashkent,PM2.5 - Principal,2018-08-02 10:00 PM,2018,08,02,22,22.1,72,Moderate,22.0,UG/M3,1 Hr,Valid
Tashkent,PM2.5 - Principal,2018-08-02 11:00 PM,2018,08,02,23,21.5,71,Moderate,21.0,UG/M3,1 Hr,Valid
Tashkent,PM2.5 - Principal,2018-08-03 12:00 AM,2018,08,03,00,19.2,66,Moderate,17.0,UG/M3,1 Hr,Valid
Tashkent,PM2.5 - Principal,2018-08-03 01:00 AM,2018,08,03,01,22.6,73,Moderate,26.0,UG/M3,1 Hr,Valid
Tashkent,PM2.5 - Principal,2018-08-03 02:00 AM,2018,08,03,02,19.8,67,Moderate,17.0,UG/M3,1 Hr,Valid
Tashkent,PM2.5 - Principal,2018-08-03 03:00 AM,2018,08,03,03,22.4,73,Moderate,25.0,UG/M3,1 Hr,Valid
Tashkent,PM2.5 - Principal,2018-08-03 04:00 AM,2018,08,03,04,21.2,70,Moderate,20.0,UG/M3,1 Hr,Valid
Tashkent,PM2.5 - Principal,2018-08-03 05:00 AM,2018,08,03,05,21.6,71,Moderate,22.0,UG/M3,1 Hr,Valid
Tashkent,PM2.5 - Principal,2018-08-03 06:00 AM,2018,08,03,06,22.4,73,Moderate,24.0,UG/M3,1 Hr,Valid
Tashkent,PM2.5 - Principal,2018-08-03 07:00 AM,2018,08,03,07,25.2,79,Moderate,29.0,UG/M3,1 Hr,Valid
Tashkent,PM2.5 - Principal,2018-08-03 08:00 AM,2018,08,03,08,32.4,94,Moderate,39.0,UG/M3,1 Hr,Valid
Tashkent,PM2.5 - Principal,2018-08-03 09:00 AM,2018,08,03,09,26.2,81,Moderate,20.0,UG/M3,1 Hr,Valid
Tashkent,PM2.5 - Principal,2018-08-03 10:00 AM,2018,08,03,10,24.1,76,Moderate,22.0,UG/M3,1 Hr,Valid
Tashkent,PM2.5 - Principal,2018-08-03 11:00 AM,2018,08,03,11,21.0,70,Moderate,18.0,UG/M3,1 Hr,Valid
Tashkent,PM2.5 - Principal,2018-08-03 12:00 PM,2018,08,03,12,17.0,61,Moderate,13.0,UG/M3,1 Hr,Valid
Tashkent,PM2.5 - Principal,2018-08-03 01:00 PM,2018,08,03,13,16.0,59,Moderate,15.0,UG/M3,1 Hr,Valid
Tashkent,PM2.5 - Principal,2018-08-03 02:00 PM,2018,08,03,14,15.5,58,Moderate,15.0,UG/M3,1 Hr,Valid
Tashkent,PM2.5 - Principal,2018-08-03 03:00 PM,2018,08,03,15,13.2,53,Moderate,11.0,UG/M3,1 Hr,Valid
Tashkent,PM2.5 - Principal,2018-08-03 04:00 PM,2018,08,03,16,10.6,44,Good,8.0,UG/M3,1 Hr,Valid
Tashkent,PM2.5 - Principal,2018-08-03 05:00 PM,2018,08,03,17,9.8,41,Good,9.0,UG/M3,1 Hr,Valid
Tashkent,PM2.5 - Principal,2018-08-03 06:00 PM,2018,08,03,18,10.9,45,Good,12.0,UG/M3,1 Hr,Valid
Tashkent,PM2.5 - Principal,2018-08-03 07:00 PM,2018,08,03,19,13.9,55,Moderate,17.0,UG/M3,1 Hr,Valid
Tashkent,PM2.5 - Principal,2018-08-03 08:00 PM,2018,08,03,20,17.4,62,Moderate,21.0,UG/M3,1 Hr,Valid
Tashkent,PM2.5 - Principal,2018-08-03 09:00 PM,2018,08,03,21,21.7,71,Moderate,26.0,UG/M3,1 Hr,Valid
Tashkent,PM2.5 - Principal,2018-08-03 10:00 PM,2018,08,03,22,19.3,66,Moderate,17.0,UG/M3,1 Hr,Valid
Tashkent,PM2.5 - Principal,2018-08-03 11:00 PM,2018,08,03,23,18.6,65,Moderate,18.0,UG/M3,1 Hr,Valid
Tashkent,PM2.5 - Principal,2018-08-04 12:00 AM,2018,08,04,00,16.3,60,Moderate,14.0,UG/M3,1 Hr,Valid
Tashkent,PM2.5 - Principal,2018-08-04 01:00 AM,2018,08,04,01,15.6,58,Moderate,15.0,UG/M3,1 Hr,Valid
Tashkent,PM2.5 - Principal,2018-08-04 02:00 AM,2018,08,04,02,17.8,63,Moderate,20.0,UG/M3,1 Hr,Valid
Tashkent,PM2.5 - Principal,2018-08-04 03:00 AM,2018,08,04,03,18.4,64,Moderate,19.0,UG/M3,1 Hr,Valid
Tashkent,PM2.5 - Principal,2018-08-04 04:00 AM,2018,08,04,04,17.2,62,Moderate,16.0,UG/M3,1 Hr,Valid
Tashkent,PM2.5 - Principal,2018-08-04 05:00 AM,2018,08,04,05,16.1,59,Moderate,15.0,UG/M3,1 Hr,Valid
Tashkent,PM2.5 - Principal,2018-08-04 06:00 AM,2018,08,04,06,14.5,56,Moderate,13.0,UG/M3,1 Hr,Valid
Tashkent,PM2.5 - Principal,2018-08-04 07:00 AM,2018,08,04,07,13.7,54,Moderate,13.0,UG/M3,1 Hr,Valid
Tashkent,PM2.5 - Principal,2018-08-04 08:00 AM,2018,08,04,08,14.3,56,Moderate,15.0,UG/M3,1 Hr,Valid
Tashkent,PM2.5 - Principal,2018-08-04 09:00 AM,2018,08,04,09,13.5,54,Moderate,12.0,UG/M3,1 Hr,Valid
Tashkent,PM2.5 - Principal,2018-08-04 10:00 AM,2018,08,04,10,12.2,51,Moderate,11.0,UG/M3,1 Hr,Valid
Tashkent,PM2.5 - Principal,2018-08-04 11:00 AM,2018,08,04,11,9.0,38,Good,6.0,UG/M3,1 Hr,Valid
Tashkent,PM2.5 - Principal,2018-08-04 12:00 PM,2018,08,04,12,7.0,29,Good,5.0,UG/M3,1 Hr,Valid
Tashkent,PM2.5 - Principal,2018-08-04 01:00 PM,2018,08,04,13,5.0,21,Good,3.0,UG/M3,1 Hr,Valid
Tashkent,PM2.5 - Principal,2018-08-04 02:00 PM,2018,08,04,14,3.0,13,Good,1.0,UG/M3,1 Hr,Valid
Tashkent,PM2.5 - Principal,2018-08-04 03:00 PM,2018,08,04,15,1.9,8,Good,1.0,UG/M3,1 Hr,Valid
Tashkent,PM2.5 - Principal,2018-08-04 04:00 PM,2018,08,04,16,1.4,6,Good,1.0,UG/M3,1 Hr,Valid
Tashkent,PM2.5 - Principal,2018-08-04 05:00 PM,2018,08,04,17,1.7,7,Good,2.0,UG/M3,1 Hr,Valid
Tashkent,PM2.5 - Principal,2018-08-04 06:00 PM,2018,08,04,18,2.3,10,Good,3.0,UG/M3,1 Hr,Valid
Tashkent,PM2.5 - Principal,2018-08-04 07:00 PM,2018,08,04,19,4.1,17,Good,6.0,UG/M3,1 Hr,Valid
Tashkent,PM2.5 - Principal,2018-08-04 08:00 PM,2018,08,04,20,12.0,50,Good,20.0,UG/M3,1 Hr,Valid
Tashkent,PM2.5 - Principal,2018-08-04 09:00 PM,2018,08,04,21,20.5,69,Moderate,29.0,UG/M3,1 Hr,Valid
Tashkent,PM2.5 - Principal,2018-08-04 10:00 PM,2018,08,04,22,19.2,66,Moderate,18.0,UG/M3,1 Hr,Valid
Tashkent,PM2.5 - Principal,2018-08-04 11:00 PM,2018,08,04,23,17.1,62,Moderate,15.0,UG/M3,1 Hr,Valid
Tashkent,PM2.5 - Principal,2018-08-05 12:00 AM,2018,08,05,00,13.5,54,Moderate,10.0,UG/M3,1 Hr,Valid
Tashkent,PM2.5 - Principal,2018-08-05 01:00 AM,2018,08,05,01,13.2,53,Moderate,13.0,UG/M3,1 Hr,Valid
Tashkent,PM2.5 - Principal,2018-08-05 02:00 AM,2018,08,05,02,12.1,51,Moderate,11.0,UG/M3,1 Hr,Valid
Tashkent,PM2.5 - Principal,2018-08-05 03:00 AM,2018,08,05,03,12.5,52,Moderate,13.0,UG/M3,1 Hr,Valid
Tashkent,PM2.5 - Principal,2018-08-05 04:00 AM,2018,08,05,04,13.2,53,Moderate,14.0,UG/M3,1 Hr,Valid
Tashkent,PM2.5 - Principal,2018-08-05 05:00 AM,2018,08,05,05,12.1,51,Moderate,11.0,UG/M3,1 Hr,Valid
Tashkent,PM2.5 - Principal,2018-08-05 06:00 AM,2018,08,05,06,15.0,57,Moderate,18.0,UG/M3,1 Hr,Valid
Tashkent,PM2.5 - Principal,2018-08-05 07:00 AM,2018,08,05,07,15.0,57,Moderate,15.0,UG/M3,1 Hr,Valid
Tashkent,PM2.5 - Principal,2018-08-05 08:00 AM,2018,08,05,08,16.5,60,Moderate,18.0,UG/M3,1 Hr,Valid
Tashkent,PM2.5 - Principal,2018-08-05 09:00 AM,2018,08,05,09,17.6,63,Moderate,19.0,UG/M3,1 Hr,Valid
Tashkent,PM2.5 - Principal,2018-08-05 10:00 AM,2018,08,05,10,17.8,63,Moderate,18.0,UG/M3,1 Hr,Valid
Tashkent,PM2.5 - Principal,2018-08-05 11:00 AM,2018,08,05,11,18.9,65,Moderate,20.0,UG/M3,1 Hr,Valid
Tashkent,PM2.5 - Principal,2018-08-05 12:00 PM,2018,08,05,12,13.9,55,Moderate,9.0,UG/M3,1 Hr,Valid
Tashkent,PM2.5 - Principal,2018-08-05 01:00 PM,2018,08,05,13,12.9,53,Moderate,12.0,UG/M3,1 Hr,Valid
Tashkent,PM2.5 - Principal,2018-08-05 02:00 PM,2018,08,05,14,26.4,81,Moderate,40.0,UG/M3,1 Hr,Valid
Tashkent,PM2.5 - Principal,2018-08-05 03:00 PM,2018,08,05,15,18.7,65,Moderate,11.0,UG/M3,1 Hr,Valid
Tashkent,PM2.5 - Principal,2018-08-05 04:00 PM,2018,08,05,16,13.8,55,Moderate,9.0,UG/M3,1 Hr,Valid
Tashkent,PM2.5 - Principal,2018-08-05 05:00 PM,2018,08,05,17,30.4,89,Moderate,47.0,UG/M3,1 Hr,Valid
Tashkent,PM2.5 - Principal,2018-08-05 06:00 PM,2018,08,05,18,22.2,72,Moderate,14.0,UG/M3,1 Hr,Valid
Tashkent,PM2.5 - Principal,2018-08-05 07:00 PM,2018,08,05,19,19.6,67,Moderate,17.0,UG/M3,1 Hr,Valid
Tashkent,PM2.5 - Principal,2018-08-05 08:00 PM,2018,08,05,20,27.8,84,Moderate,36.0,UG/M3,1 Hr,Valid
Tashkent,PM2.5 - Principal,2018-08-05 09:00 PM,2018,08,05,21,30.9,91,Moderate,34.0,UG/M3,1 Hr,Valid
Tashkent,PM2.5 - Principal,2018-08-05 10:00 PM,2018,08,05,22,29.9,88,Moderate,29.0,UG/M3,1 Hr,Valid
Tashkent,PM2.5 - Principal,2018-08-05 11:00 PM,2018,08,05,23,33.9,97,Moderate,38.0,UG/M3,1 Hr,Valid
Tashkent,PM2.5 - Principal,2018-08-06 12:00 AM,2018,08,06,00,37.4,106,Unhealthy for Sensitive Groups,41.0,UG/M3,1 Hr,Valid
Tashkent,PM2.5 - Principal,2018-08-06 01:00 AM,2018,08,06,01,31.2,91,Moderate,25.0,UG/M3,1 Hr,Valid
Tashkent,PM2.5 - Principal,2018-08-06 02:00 AM,2018,08,06,02,25.1,78,Moderate,19.0,UG/M3,1 Hr,Valid
Tashkent,PM2.5 - Principal,2018-08-06 03:00 AM,2018,08,06,03,24.5,77,Moderate,24.0,UG/M3,1 Hr,Valid
Tashkent,PM2.5 - Principal,2018-08-06 04:00 AM,2018,08,06,04,23.7,75,Moderate,23.0,UG/M3,1 Hr,Valid
Tashkent,PM2.5 - Principal,2018-08-06 05:00 AM,2018,08,06,05,21.3,70,Moderate,19.0,UG/M3,1 Hr,Valid
Tashkent,PM2.5 - Principal,2018-08-06 06:00 AM,2018,08,06,06,24.1,76,Moderate,27.0,UG/M3,1 Hr,Valid
Tashkent,PM2.5 - Principal,2018-08-06 07:00 AM,2018,08,06,07,24.5,77,Moderate,25.0,UG/M3,1 Hr,Valid
Tashkent,PM2.5 - Principal,2018-08-06 08:00 AM,2018,08,06,08,23.7,75,Moderate,23.0,UG/M3,1 Hr,Valid
Tashkent,PM2.5 - Principal,2018-08-06 09:00 AM,2018,08,06,09,26.8,82,Moderate,30.0,UG/M3,1 Hr,Valid
Tashkent,PM2.5 - Principal,2018-08-06 10:00 AM,2018,08,06,10,24.4,77,Moderate,22.0,UG/M3,1 Hr,Valid
Tashkent,PM2.5 - Principal,2018-08-06 11:00 AM,2018,08,06,11,18.2,64,Moderate,12.0,UG/M3,1 Hr,Valid
Tashkent,PM2.5 - Principal,2018-08-06 12:00 PM,2018,08,06,12,16.6,60,Moderate,15.0,UG/M3,1 Hr,Valid
Tashkent,PM2.5 - Principal,2018-08-06 01:00 PM,2018,08,06,13,17.3,62,Moderate,18.0,UG/M3,1 Hr,Valid
Tashkent,PM2.5 - Principal,2018-08-06 02:00 PM,2018,08,06,14,13.6,54,Moderate,10.0,UG/M3,1 Hr,Valid
Tashkent,PM2.5 - Principal,2018-08-06 03:00 PM,2018,08,06,15,12.8,52,Moderate,12.0,UG/M3,1 Hr,Valid
Tashkent,PM2.5 - Principal,2018-08-06 04:00 PM,2018,08,06,16,13.4,54,Moderate,14.0,UG/M3,1 Hr,Valid
Tashkent,PM2.5 - Principal,2018-08-06 05:00 PM,2018,08,06,17,11.2,47,Good,9.0,UG/M3,1 Hr,Valid
Tashkent,PM2.5 - Principal,2018-08-06 06:00 PM,2018,08,06,18,10.0,42,Good,9.0,UG/M3,1 Hr,Valid
Tashkent,PM2.5 - Principal,2018-08-06 07:00 PM,2018,08,06,19,12.0,50,Good,14.0,UG/M3,1 Hr,Valid
Tashkent,PM2.5 - Principal,2018-08-06 08:00 PM,2018,08,06,20,22.5,73,Moderate,33.0,UG/M3,1 Hr,Valid
Tashkent,PM2.5 - Principal,2018-08-06 09:00 PM,2018,08,06,21,28.7,86,Moderate,35.0,UG/M3,1 Hr,Valid
Tashkent,PM2.5 - Principal,2018-08-06 10:00 PM,2018,08,06,22,30.8,90,Moderate,33.0,UG/M3,1 Hr,Valid
Tashkent,PM2.5 - Principal,2018-08-06 11:00 PM,2018,08,06,23,35.4,100,Moderate,40.0,UG/M3,1 Hr,Valid
Tashkent,PM2.5 - Principal,2018-08-07 12:00 AM,2018,08,07,00,38.7,109,Unhealthy for Sensitive Groups,42.0,UG/M3,1 Hr,Valid
Tashkent,PM2.5 - Principal,2018-08-07 01:00 AM,2018,08,07,01,30.8,90,Moderate,23.0,UG/M3,1 Hr,Valid
Tashkent,PM2.5 - Principal,2018-08-07 02:00 AM,2018,08,07,02,31.9,93,Moderate,33.0,UG/M3,1 Hr,Valid
Tashkent,PM2.5 - Principal,2018-08-07 03:00 AM,2018,08,07,03,25.9,80,Moderate,20.0,UG/M3,1 Hr,Valid
Tashkent,PM2.5 - Principal,2018-08-07 04:00 AM,2018,08,07,04,21.4,71,Moderate,17.0,UG/M3,1 Hr,Valid
Tashkent,PM2.5 - Principal,2018-08-07 05:00 AM,2018,08,07,05,19.2,66,Moderate,17.0,UG/M3,1 Hr,Valid
Tashkent,PM2.5 - Principal,2018-08-07 06:00 AM,2018,08,07,06,17.1,62,Moderate,15.0,UG/M3,1 Hr,Valid
Tashkent,PM2.5 - Principal,2018-08-07 07:00 AM,2018,08,07,07,17.0,61,Moderate,17.0,UG/M3,1 Hr,Valid
Tashkent,PM2.5 - Principal,2018-08-07 08:00 AM,2018,08,07,08,17.5,62,Moderate,18.0,UG/M3,1 Hr,Valid
Tashkent,PM2.5 - Principal,2018-08-07 09:00 AM,2018,08,07,09,24.2,76,Moderate,31.0,UG/M3,1 Hr,Valid
Tashkent,PM2.5 - Principal,2018-08-07 10:00 AM,2018,08,07,10,23.6,75,Moderate,23.0,UG/M3,1 Hr,Valid
Tashkent,PM2.5 - Principal,2018-08-07 11:00 AM,2018,08,07,11,24.8,78,Moderate,26.0,UG/M3,1 Hr,Valid
Tashkent,PM2.5 - Principal,2018-08-07 12:00 PM,2018,08,07,12,36.9,104,Unhealthy for Sensitive Groups,49.0,UG/M3,1 Hr,Valid
Tashkent,PM2.5 - Principal,2018-08-07 01:00 PM,2018,08,07,13,46.9,129,Unhealthy for Sensitive Groups,57.0,UG/M3,1 Hr,Valid
Tashkent,PM2.5 - Principal,2018-08-07 02:00 PM,2018,08,07,14,61.4,154,Unhealthy,76.0,UG/M3,1 Hr,Valid
Tashkent,PM2.5 - Principal,2018-08-07 03:00 PM,2018,08,07,15,72.2,160,Unhealthy,83.0,UG/M3,1 Hr,Valid
Tashkent,PM2.5 - Principal,2018-08-07 04:00 PM,2018,08,07,16,60.1,153,Unhealthy,48.0,UG/M3,1 Hr,Valid
Tashkent,PM2.5 - Principal,2018-08-07 05:00 PM,2018,08,07,17,54.0,147,Unhealthy for Sensitive Groups,48.0,UG/M3,1 Hr,Valid
Tashkent,PM2.5 - Principal,2018-08-07 06:00 PM,2018,08,07,18,45.0,124,Unhealthy for Sensitive Groups,36.0,UG/M3,1 Hr,Valid
Tashkent,PM2.5 - Principal,2018-08-07 07:00 PM,2018,08,07,19,43.5,121,Unhealthy for Sensitive Groups,42.0,UG/M3,1 Hr,Valid
Tashkent,PM2.5 - Principal,2018-08-07 08:00 PM,2018,08,07,20,42.7,119,Unhealthy for Sensitive Groups,42.0,UG/M3,1 Hr,Valid
Tashkent,PM2.5 - Principal,2018-08-07 09:00 PM,2018,08,07,21,41.8,117,Unhealthy for Sensitive Groups,41.0,UG/M3,1 Hr,Valid
Tashkent,PM2.5 - Principal,2018-08-07 10:00 PM,2018,08,07,22,39.9,112,Unhealthy for Sensitive Groups,38.0,UG/M3,1 Hr,Valid
Tashkent,PM2.5 - Principal,2018-08-07 11:00 PM,2018,08,07,23,38.4,108,Unhealthy for Sensitive Groups,37.0,UG/M3,1 Hr,Valid
Tashkent,PM2.5 - Principal,2018-08-08 12:00 AM,2018,08,08,00,42.2,117,Unhealthy for Sensitive Groups,46.0,UG/M3,1 Hr,Valid
Tashkent,PM2.5 - Principal,2018-08-08 01:00 AM,2018,08,08,01,46.1,127,Unhealthy for Sensitive Groups,50.0,UG/M3,1 Hr,Valid
Tashkent,PM2.5 - Principal,2018-08-08 02:00 AM,2018,08,08,02,42.0,117,Unhealthy for Sensitive Groups,38.0,UG/M3,1 Hr,Valid
Tashkent,PM2.5 - Principal,2018-08-08 03:00 AM,2018,08,08,03,42.7,119,Unhealthy for Sensitive Groups,44.0,UG/M3,1 Hr,Valid
Tashkent,PM2.5 - Principal,2018-08-08 04:00 AM,2018,08,08,04,42.7,119,Unhealthy for Sensitive Groups,43.0,UG/M3,1 Hr,Valid
Tashkent,PM2.5 - Principal,2018-08-08 05:00 AM,2018,08,08,05,41.1,115,Unhealthy for Sensitive Groups,37.0,UG/M3,1 Hr,Valid
Tashkent,PM2.5 - Principal,2018-08-08 06:00 AM,2018,08,08,06,39.6,111,Unhealthy for Sensitive Groups,36.0,UG/M3,1 Hr,Valid
Tashkent,PM2.5 - Principal,2018-08-08 07:00 AM,2018,08,08,07,38.1,107,Unhealthy for Sensitive Groups,35.0,UG/M3,1 Hr,Valid
Tashkent,PM2.5 - Principal,2018-08-08 08:00 AM,2018,08,08,08,37.1,105,Unhealthy for Sensitive Groups,35.0,UG/M3,1 Hr,Valid
Tashkent,PM2.5 - Principal,2018-08-08 09:00 AM,2018,08,08,09,38.3,108,Unhealthy for Sensitive Groups,41.0,UG/M3,1 Hr,Valid
Tashkent,PM2.5 - Principal,2018-08-08 10:00 AM,2018,08,08,10,35.9,102,Unhealthy for Sensitive Groups,32.0,UG/M3,1 Hr,Valid
Tashkent,PM2.5 - Principal,2018-08-08 11:00 AM,2018,08,08,11,35.2,100,Moderate,34.0,UG/M3,1 Hr,Valid
Tashkent,PM2.5 - Principal,2018-08-08 12:00 PM,2018,08,08,12,31.8,92,Moderate,28.0,UG/M3,1 Hr,Valid
Tashkent,PM2.5 - Principal,2018-08-08 01:00 PM,2018,08,08,13,25.1,78,Moderate,19.0,UG/M3,1 Hr,Valid
Tashkent,PM2.5 - Principal,2018-08-08 02:00 PM,2018,08,08,14,20.5,69,Moderate,16.0,UG/M3,1 Hr,Valid
Tashkent,PM2.5 - Principal,2018-08-08 03:00 PM,2018,08,08,15,33.7,96,Moderate,47.0,UG/M3,1 Hr,Valid
Tashkent,PM2.5 - Principal,2018-08-08 04:00 PM,2018,08,08,16,24.8,78,Moderate,16.0,UG/M3,1 Hr,Valid
Tashkent,PM2.5 - Principal,2018-08-08 05:00 PM,2018,08,08,17,18.4,64,Moderate,12.0,UG/M3,1 Hr,Valid
Tashkent,PM2.5 - Principal,2018-08-08 06:00 PM,2018,08,08,18,16.7,61,Moderate,15.0,UG/M3,1 Hr,Valid
Tashkent,PM2.5 - Principal,2018-08-08 07:00 PM,2018,08,08,19,18.8,65,Moderate,21.0,UG/M3,1 Hr,Valid
Tashkent,PM2.5 - Principal,2018-08-08 08:00 PM,2018,08,08,20,25.9,80,Moderate,33.0,UG/M3,1 Hr,Valid
Tashkent,PM2.5 - Principal,2018-08-08 09:00 PM,2018,08,08,21,30.9,91,Moderate,36.0,UG/M3,1 Hr,Valid
Tashkent,PM2.5 - Principal,2018-08-08 10:00 PM,2018,08,08,22,30.4,89,Moderate,30.0,UG/M3,1 Hr,Valid
Tashkent,PM2.5 - Principal,2018-08-08 11:00 PM,2018,08,08,23,32.7,94,Moderate,35.0,UG/M3,1 Hr,Valid
Tashkent,PM2.5 - Principal,2018-08-09 12:00 AM,2018,08,09,00,36.3,103,Unhealthy for Sensitive Groups,40.0,UG/M3,1 Hr,Valid
Tashkent,PM2.5 - Principal,2018-08-09 01:00 AM,2018,08,09,01,37.1,105,Unhealthy for Sensitive Groups,38.0,UG/M3,1 Hr,Valid
Tashkent,PM2.5 - Principal,2018-08-09 02:00 AM,2018,08,09,02,36.0,102,Unhealthy for Sensitive Groups,35.0,UG/M3,1 Hr,Valid
Tashkent,PM2.5 - Principal,2018-08-09 03:00 AM,2018,08,09,03,34.5,98,Moderate,33.0,UG/M3,1 Hr,Valid
Tashkent,PM2.5 - Principal,2018-08-09 04:00 AM,2018,08,09,04,27.7,84,Moderate,21.0,UG/M3,1 Hr,Valid
Tashkent,PM2.5 - Principal,2018-08-09 05:00 AM,2018,08,09,05,21.8,71,Moderate,16.0,UG/M3,1 Hr,Valid
Tashkent,PM2.5 - Principal,2018-08-09 06:00 AM,2018,08,09,06,20.4,68,Moderate,19.0,UG/M3,1 Hr,Valid
Tashkent,PM2.5 - Principal,2018-08-09 07:00 AM,2018,08,09,07,18.7,65,Moderate,17.0,UG/M3,1 Hr,Valid
Tashkent,PM2.5 - Principal,2018-08-09 08:00 AM,2018,08,09,08,22.8,74,Moderate,27.0,UG/M3,1 Hr,Valid
Tashkent,PM2.5 - Principal,2018-08-09 09:00 AM,2018,08,09,09,31.4,92,Moderate,40.0,UG/M3,1 Hr,Valid
Tashkent,PM2.5 - Principal,2018-08-09 10:00 AM,2018,08,09,10,26.7,82,Moderate,22.0,UG/M3,1 Hr,Valid
Tashkent,PM2.5 - Principal,2018-08-09 11:00 AM,2018,08,09,11,19.8,67,Moderate,13.0,UG/M3,1 Hr,Valid
Tashkent,PM2.5 - Principal,2018-08-09 12:00 PM,2018,08,09,12,26.9,82,Moderate,34.0,UG/M3,1 Hr,Valid
Tashkent,PM2.5 - Principal,2018-08-09 01:00 PM,2018,08,09,13,25.4,79,Moderate,24.0,UG/M3,1 Hr,Valid
Tashkent,PM2.5 - Principal,2018-08-09 02:00 PM,2018,08,09,14,21.7,71,Moderate,18.0,UG/M3,1 Hr,Valid
Tashkent,PM2.5 - Principal,2018-08-09 03:00 PM,2018,08,09,15,20.3,68,Moderate,19.0,UG/M3,1 Hr,Valid
Tashkent,PM2.5 - Principal,2018-08-09 04:00 PM,2018,08,09,16,16.6,60,Moderate,13.0,UG/M3,1 Hr,Valid
Tashkent,PM2.5 - Principal,2018-08-09 05:00 PM,2018,08,09,17,14.3,56,Moderate,12.0,UG/M3,1 Hr,Valid
Tashkent,PM2.5 - Principal,2018-08-09 06:00 PM,2018,08,09,18,12.6,52,Moderate,11.0,UG/M3,1 Hr,Valid
Tashkent,PM2.5 - Principal,2018-08-09 07:00 PM,2018,08,09,19,11.8,49,Good,11.0,UG/M3,1 Hr,Valid
Tashkent,PM2.5 - Principal,2018-08-09 08:00 PM,2018,08,09,20,20.4,68,Moderate,29.0,UG/M3,1 Hr,Valid
Tashkent,PM2.5 - Principal,2018-08-09 09:00 PM,2018,08,09,21,26.2,81,Moderate,32.0,UG/M3,1 Hr,Valid
Tashkent,PM2.5 - Principal,2018-08-09 10:00 PM,2018,08,09,22,33.6,96,Moderate,41.0,UG/M3,1 Hr,Valid
Tashkent,PM2.5 - Principal,2018-08-09 11:00 PM,2018,08,09,23,32.8,95,Moderate,32.0,UG/M3,1 Hr,Valid
Tashkent,PM2.5 - Principal,2018-08-10 12:00 AM,2018,08,10,00,32.9,95,Moderate,33.0,UG/M3,1 Hr,Valid
Tashkent,PM2.5 - Principal,2018-08-10 01:00 AM,2018,08,10,01,31.4,92,Moderate,30.0,UG/M3,1 Hr,Valid
Tashkent,PM2.5 - Principal,2018-08-10 02:00 AM,2018,08,10,02,30.7,90,Moderate,30.0,UG/M3,1 Hr,Valid
Tashkent,PM2.5 - Principal,2018-08-10 03:00 AM,2018,08,10,03,31.8,92,Moderate,33.0,UG/M3,1 Hr,Valid
Tashkent,PM2.5 - Principal,2018-08-10 04:00 AM,2018,08,10,04,26.9,82,Moderate,22.0,UG/M3,1 Hr,Valid
Tashkent,PM2.5 - Principal,2018-08-10 05:00 AM,2018,08,10,05,22.4,73,Moderate,18.0,UG/M3,1 Hr,Valid
Tashkent,PM2.5 - Principal,2018-08-10 06:00 AM,2018,08,10,06,20.2,68,Moderate,18.0,UG/M3,1 Hr,Valid
Tashkent,PM2.5 - Principal,2018-08-10 07:00 AM,2018,08,10,07,21.1,70,Moderate,22.0,UG/M3,1 Hr,Valid
Tashkent,PM2.5 - Principal,2018-08-10 08:00 AM,2018,08,10,08,20.5,69,Moderate,20.0,UG/M3,1 Hr,Valid
Tashkent,PM2.5 - Principal,2018-08-10 09:00 AM,2018,08,10,09,25.7,80,Moderate,31.0,UG/M3,1 Hr,Valid
Tashkent,PM2.5 - Principal,2018-08-10 10:00 AM,2018,08,10,10,26.5,81,Moderate,28.0,UG/M3,1 Hr,Valid
Tashkent,PM2.5 - Principal,2018-08-10 11:00 AM,2018,08,10,11,26.3,81,Moderate,26.0,UG/M3,1 Hr,Valid
Tashkent,PM2.5 - Principal,2018-08-10 12:00 PM,2018,08,10,12,19.7,67,Moderate,13.0,UG/M3,1 Hr,Valid
Tashkent,PM2.5 - Principal,2018-08-10 01:00 PM,2018,08,10,13,14.8,57,Moderate,10.0,UG/M3,1 Hr,Valid
Tashkent,PM2.5 - Principal,2018-08-10 02:00 PM,2018,08,10,14,15.4,58,Moderate,16.0,UG/M3,1 Hr,Valid
Tashkent,PM2.5 - Principal,2018-08-10 03:00 PM,2018,08,10,15,15.7,59,Moderate,16.0,UG/M3,1 Hr,Valid
Tashkent,PM2.5 - Principal,2018-08-10 04:00 PM,2018,08,10,16,14.3,56,Moderate,13.0,UG/M3,1 Hr,Valid
Tashkent,PM2.5 - Principal,2018-08-10 05:00 PM,2018,08,10,17,14.1,55,Moderate,14.0,UG/M3,1 Hr,Valid
Tashkent,PM2.5 - Principal,2018-08-10 06:00 PM,2018,08,10,18,16.0,59,Moderate,18.0,UG/M3,1 Hr,Valid
Tashkent,PM2.5 - Principal,2018-08-10 07:00 PM,2018,08,10,19,18.0,63,Moderate,20.0,UG/M3,1 Hr,Valid
Tashkent,PM2.5 - Principal,2018-08-10 08:00 PM,2018,08,10,20,19.0,66,Moderate,20.0,UG/M3,1 Hr,Valid
Tashkent,PM2.5 - Principal,2018-08-10 09:00 PM,2018,08,10,21,19.5,67,Moderate,20.0,UG/M3,1 Hr,Valid
Tashkent,PM2.5 - Principal,2018-08-10 10:00 PM,2018,08,10,22,20.7,69,Moderate,22.0,UG/M3,1 Hr,Valid
Tashkent,PM2.5 - Principal,2018-08-10 11:00 PM,2018,08,10,23,29.3,87,Moderate,38.0,UG/M3,1 Hr,Valid
Tashkent,PM2.5 - Principal,2018-08-11 12:00 AM,2018,08,11,00,34.1,97,Moderate,39.0,UG/M3,1 Hr,Valid
Tashkent,PM2.5 - Principal,2018-08-11 01:00 AM,2018,08,11,01,29.0,87,Moderate,24.0,UG/M3,1 Hr,Valid
Tashkent,PM2.5 - Principal,2018-08-11 02:00 AM,2018,08,11,02,29.0,87,Moderate,29.0,UG/M3,1 Hr,Valid
Tashkent,PM2.5 - Principal,2018-08-11 03:00 AM,2018,08,11,03,24.0,76,Moderate,19.0,UG/M3,1 Hr,Valid
Tashkent,PM2.5 - Principal,2018-08-11 04:00 AM,2018,08,11,04,21.0,70,Moderate,18.0,UG/M3,1 Hr,Valid
Tashkent,PM2.5 - Principal,2018-08-11 05:00 AM,2018,08,11,05,19.5,67,Moderate,18.0,UG/M3,1 Hr,Valid
Tashkent,PM2.5 - Principal,2018-08-11 06:00 AM,2018,08,11,06,19.7,67,Moderate,20.0,UG/M3,1 Hr,Valid
Tashkent,PM2.5 - Principal,2018-08-11 07:00 AM,2018,08,11,07,20.3,68,Moderate,21.0,UG/M3,1 Hr,Valid
Tashkent,PM2.5 - Principal,2018-08-11 08:00 AM,2018,08,11,08,20.6,69,Moderate,21.0,UG/M3,1 Hr,Valid
Tashkent,PM2.5 - Principal,2018-08-11 09:00 AM,2018,08,11,09,22.3,72,Moderate,24.0,UG/M3,1 Hr,Valid
Tashkent,PM2.5 - Principal,2018-08-11 10:00 AM,2018,08,11,10,21.6,71,Moderate,21.0,UG/M3,1 Hr,Valid
Tashkent,PM2.5 - Principal,2018-08-11 11:00 AM,2018,08,11,11,19.3,66,Moderate,17.0,UG/M3,1 Hr,Valid
Tashkent,PM2.5 - Principal,2018-08-11 12:00 PM,2018,08,11,12,16.1,59,Moderate,13.0,UG/M3,1 Hr,Valid
Tashkent,PM2.5 - Principal,2018-08-11 01:00 PM,2018,08,11,13,17.0,61,Moderate,18.0,UG/M3,1 Hr,Valid
Tashkent,PM2.5 - Principal,2018-08-11 02:00 PM,2018,08,11,14,14.5,56,Moderate,12.0,UG/M3,1 Hr,Valid
Tashkent,PM2.5 - Principal,2018-08-11 03:00 PM,2018,08,11,15,13.7,54,Moderate,13.0,UG/M3,1 Hr,Valid
Tashkent,PM2.5 - Principal,2018-08-11 04:00 PM,2018,08,11,16,13.3,54,Moderate,13.0,UG/M3,1 Hr,Valid
Tashkent,PM2.5 - Principal,2018-08-11 05:00 PM,2018,08,11,17,12.6,52,Moderate,12.0,UG/M3,1 Hr,Valid
Tashkent,PM2.5 - Principal,2018-08-11 06:00 PM,2018,08,11,18,37.3,105,Unhealthy for Sensitive Groups,62.0,UG/M3,1 Hr,Valid
Tashkent,PM2.5 - Principal,2018-08-11 07:00 PM,2018,08,11,19,33.1,95,Moderate,29.0,UG/M3,1 Hr,Valid
Tashkent,PM2.5 - Principal,2018-08-11 08:00 PM,2018,08,11,20,26.5,81,Moderate,20.0,UG/M3,1 Hr,Valid
Tashkent,PM2.5 - Principal,2018-08-11 09:00 PM,2018,08,11,21,23.7,75,Moderate,21.0,UG/M3,1 Hr,Valid
Tashkent,PM2.5 - Principal,2018-08-11 10:00 PM,2018,08,11,22,18.3,64,Moderate,13.0,UG/M3,1 Hr,Valid
Tashkent,PM2.5 - Principal,2018-08-11 11:00 PM,2018,08,11,23,15.1,57,Moderate,12.0,UG/M3,1 Hr,Valid
Tashkent,PM2.5 - Principal,2018-08-12 12:00 AM,2018,08,12,00,13.0,53,Moderate,11.0,UG/M3,1 Hr,Valid
Tashkent,PM2.5 - Principal,2018-08-12 01:00 AM,2018,08,12,01,10.0,42,Good,7.0,UG/M3,1 Hr,Valid
Tashkent,PM2.5 - Principal,2018-08-12 02:00 AM,2018,08,12,02,7.5,31,Good,5.0,UG/M3,1 Hr,Valid
Tashkent,PM2.5 - Principal,2018-08-12 03:00 AM,2018,08,12,03,6.2,26,Good,5.0,UG/M3,1 Hr,Valid
Tashkent,PM2.5 - Principal,2018-08-12 04:00 AM,2018,08,12,04,5.1,21,Good,4.0,UG/M3,1 Hr,Valid
Tashkent,PM2.5 - Principal,2018-08-12 05:00 AM,2018,08,12,05,4.5,19,Good,4.0,UG/M3,1 Hr,Valid
Tashkent,PM2.5 - Principal,2018-08-12 06:00 AM,2018,08,12,06,4.7,20,Good,5.0,UG/M3,1 Hr,Valid
Tashkent,PM2.5 - Principal,2018-08-12 07:00 AM,2018,08,12,07,4.3,18,Good,4.0,UG/M3,1 Hr,Valid
Tashkent,PM2.5 - Principal,2018-08-12 08:00 AM,2018,08,12,08,7.1,30,Good,10.0,UG/M3,1 Hr,Valid
Tashkent,PM2.5 - Principal,2018-08-12 09:00 AM,2018,08,12,09,12.0,50,Good,17.0,UG/M3,1 Hr,Valid
Tashkent,PM2.5 - Principal,2018-08-12 10:00 AM,2018,08,12,10,12.5,52,Moderate,13.0,UG/M3,1 Hr,Valid
Tashkent,PM2.5 - Principal,2018-08-12 11:00 AM,2018,08,12,11,14.2,55,Moderate,16.0,UG/M3,1 Hr,Valid
Tashkent,PM2.5 - Principal,2018-08-12 12:00 PM,2018,08,12,12,18.6,65,Moderate,23.0,UG/M3,1 Hr,Valid
Tashkent,PM2.5 - Principal,2018-08-12 01:00 PM,2018,08,12,13,13.3,54,Moderate,8.0,UG/M3,1 Hr,Valid
Tashkent,PM2.5 - Principal,2018-08-12 02:00 PM,2018,08,12,14,8.6,36,Good,4.0,UG/M3,1 Hr,Valid
Tashkent,PM2.5 - Principal,2018-08-12 03:00 PM,2018,08,12,15,5.3,22,Good,2.0,UG/M3,1 Hr,Valid
Tashkent,PM2.5 - Principal,2018-08-12 04:00 PM,2018,08,12,16,5.1,21,Good,5.0,UG/M3,1 Hr,Valid
Tashkent,PM2.5 - Principal,2018-08-12 05:00 PM,2018,08,12,17,4.5,19,Good,4.0,UG/M3,1 Hr,Valid
Tashkent,PM2.5 - Principal,2018-08-12 06:00 PM,2018,08,12,18,4.2,18,Good,4.0,UG/M3,1 Hr,Valid
Tashkent,PM2.5 - Principal,2018-08-12 07:00 PM,2018,08,12,19,6.6,28,Good,9.0,UG/M3,1 Hr,Valid
Tashkent,PM2.5 - Principal,2018-08-12 08:00 PM,2018,08,12,20,8.8,37,Good,11.0,UG/M3,1 Hr,Valid
Tashkent,PM2.5 - Principal,2018-08-12 09:00 PM,2018,08,12,21,26.4,81,Moderate,44.0,UG/M3,1 Hr,Valid
Tashkent,PM2.5 - Principal,2018-08-12 10:00 PM,2018,08,12,22,31.7,92,Moderate,37.0,UG/M3,1 Hr,Valid
Tashkent,PM2.5 - Principal,2018-08-12 11:00 PM,2018,08,12,23,20.3,68,Moderate,9.0,UG/M3,1 Hr,Valid
Tashkent,PM2.5 - Principal,2018-08-13 12:00 AM,2018,08,13,00,16.1,59,Moderate,12.0,UG/M3,1 Hr,Valid
Tashkent,PM2.5 - Principal,2018-08-13 01:00 AM,2018,08,13,01,22.0,72,Moderate,28.0,UG/M3,1 Hr,Valid
Tashkent,PM2.5 - Principal,2018-08-13 02:00 AM,2018,08,13,02,16.0,59,Moderate,10.0,UG/M3,1 Hr,Valid
Tashkent,PM2.5 - Principal,2018-08-13 03:00 AM,2018,08,13,03,14.0,55,Moderate,12.0,UG/M3,1 Hr,Valid
Tashkent,PM2.5 - Principal,2018-08-13 04:00 AM,2018,08,13,04,11.5,48,Good,9.0,UG/M3,1 Hr,Valid
Tashkent,PM2.5 - Principal,2018-08-13 05:00 AM,2018,08,13,05,9.7,40,Good,8.0,UG/M3,1 Hr,Valid
Tashkent,PM2.5 - Principal,2018-08-13 06:00 AM,2018,08,13,06,8.8,37,Good,8.0,UG/M3,1 Hr,Valid
Tashkent,PM2.5 - Principal,2018-08-13 07:00 AM,2018,08,13,07,9.9,41,Good,11.0,UG/M3,1 Hr,Valid
Tashkent,PM2.5 - Principal,2018-08-13 08:00 AM,2018,08,13,08,11.9,50,Good,14.0,UG/M3,1 Hr,Valid
Tashkent,PM2.5 - Principal,2018-08-13 09:00 AM,2018,08,13,09,10.4,43,Good,9.0,UG/M3,1 Hr,Valid
Tashkent,PM2.5 - Principal,2018-08-13 10:00 AM,2018,08,13,10,10.2,43,Good,10.0,UG/M3,1 Hr,Valid
Tashkent,PM2.5 - Principal,2018-08-13 11:00 AM,2018,08,13,11,9.1,38,Good,8.0,UG/M3,1 Hr,Valid
Tashkent,PM2.5 - Principal,2018-08-13 12:00 PM,2018,08,13,12,11.5,48,Good,14.0,UG/M3,1 Hr,Valid
Tashkent,PM2.5 - Principal,2018-08-13 01:00 PM,2018,08,13,13,13.1,53,Moderate,15.0,UG/M3,1 Hr,Valid
Tashkent,PM2.5 - Principal,2018-08-13 02:00 PM,2018,08,13,14,11.6,48,Good,10.0,UG/M3,1 Hr,Valid
Tashkent,PM2.5 - Principal,2018-08-13 03:00 PM,2018,08,13,15,10.4,43,Good,9.0,UG/M3,1 Hr,Valid
Tashkent,PM2.5 - Principal,2018-08-13 04:00 PM,2018,08,13,16,9.7,40,Good,9.0,UG/M3,1 Hr,Valid
Tashkent,PM2.5 - Principal,2018-08-13 05:00 PM,2018,08,13,17,8.9,37,Good,8.0,UG/M3,1 Hr,Valid
Tashkent,PM2.5 - Principal,2018-08-13 06:00 PM,2018,08,13,18,7.9,33,Good,7.0,UG/M3,1 Hr,Valid
Tashkent,PM2.5 - Principal,2018-08-13 07:00 PM,2018,08,13,19,7.9,33,Good,8.0,UG/M3,1 Hr,Valid
Tashkent,PM2.5 - Principal,2018-08-13 08:00 PM,2018,08,13,20,17.4,62,Moderate,27.0,UG/M3,1 Hr,Valid
Tashkent,PM2.5 - Principal,2018-08-13 09:00 PM,2018,08,13,21,29.7,88,Moderate,42.0,UG/M3,1 Hr,Valid
Tashkent,PM2.5 - Principal,2018-08-13 10:00 PM,2018,08,13,22,33.8,97,Moderate,38.0,UG/M3,1 Hr,Valid
Tashkent,PM2.5 - Principal,2018-08-13 11:00 PM,2018,08,13,23,38.9,109,Unhealthy for Sensitive Groups,44.0,UG/M3,1 Hr,Valid
Tashkent,PM2.5 - Principal,2018-08-14 12:00 AM,2018,08,14,00,38.4,108,Unhealthy for Sensitive Groups,38.0,UG/M3,1 Hr,Valid
Tashkent,PM2.5 - Principal,2018-08-14 01:00 AM,2018,08,14,01,36.7,104,Unhealthy for Sensitive Groups,35.0,UG/M3,1 Hr,Valid
Tashkent,PM2.5 - Principal,2018-08-14 02:00 AM,2018,08,14,02,32.3,93,Moderate,28.0,UG/M3,1 Hr,Valid
Tashkent,PM2.5 - Principal,2018-08-14 03:00 AM,2018,08,14,03,28.1,85,Moderate,24.0,UG/M3,1 Hr,Valid
Tashkent,PM2.5 - Principal,2018-08-14 04:00 AM,2018,08,14,04,28.5,85,Moderate,29.0,UG/M3,1 Hr,Valid
Tashkent,PM2.5 - Principal,2018-08-14 05:00 AM,2018,08,14,05,25.8,80,Moderate,23.0,UG/M3,1 Hr,Valid
Tashkent,PM2.5 - Principal,2018-08-14 06:00 AM,2018,08,14,06,25.4,79,Moderate,25.0,UG/M3,1 Hr,Valid
Tashkent,PM2.5 - Principal,2018-08-14 07:00 AM,2018,08,14,07,27.6,84,Moderate,30.0,UG/M3,1 Hr,Valid
Tashkent,PM2.5 - Principal,2018-08-14 08:00 AM,2018,08,14,08,26.3,81,Moderate,25.0,UG/M3,1 Hr,Valid
Tashkent,PM2.5 - Principal,2018-08-14 09:00 AM,2018,08,14,09,29.0,87,Moderate,32.0,UG/M3,1 Hr,Valid
Tashkent,PM2.5 - Principal,2018-08-14 10:00 AM,2018,08,14,10,25.5,79,Moderate,22.0,UG/M3,1 Hr,Valid
Tashkent,PM2.5 - Principal,2018-08-14 11:00 AM,2018,08,14,11,25.9,80,Moderate,26.0,UG/M3,1 Hr,Valid
Tashkent,PM2.5 - Principal,2018-08-14 12:00 PM,2018,08,14,12,25.2,79,Moderate,24.0,UG/M3,1 Hr,Valid
Tashkent,PM2.5 - Principal,2018-08-14 01:00 PM,2018,08,14,13,21.9,72,Moderate,18.0,UG/M3,1 Hr,Valid
Tashkent,PM2.5 - Principal,2018-08-14 02:00 PM,2018,08,14,14,15.2,58,Moderate,9.0,UG/M3,1 Hr,Valid
Tashkent,PM2.5 - Principal,2018-08-14 03:00 PM,2018,08,14,15,12.1,51,Moderate,9.0,UG/M3,1 Hr,Valid
Tashkent,PM2.5 - Principal,2018-08-14 04:00 PM,2018,08,14,16,9.5,40,Good,7.0,UG/M3,1 Hr,Valid
Tashkent,PM2.5 - Principal,2018-08-14 05:00 PM,2018,08,14,17,9.2,38,Good,9.0,UG/M3,1 Hr,Valid
Tashkent,PM2.5 - Principal,2018-08-14 06:00 PM,2018,08,14,18,12.1,51,Moderate,15.0,UG/M3,1 Hr,Valid
Tashkent,PM2.5 - Principal,2018-08-14 07:00 PM,2018,08,14,19,16.0,59,Moderate,20.0,UG/M3,1 Hr,Valid
Tashkent,PM2.5 - Principal,2018-08-14 08:00 PM,2018,08,14,20,19.5,67,Moderate,23.0,UG/M3,1 Hr,Valid
Tashkent,PM2.5 - Principal,2018-08-14 09:00 PM,2018,08,14,21,31.2,91,Moderate,43.0,UG/M3,1 Hr,Valid
Tashkent,PM2.5 - Principal,2018-08-14 10:00 PM,2018,08,14,22,31.1,91,Moderate,31.0,UG/M3,1 Hr,Valid
Tashkent,PM2.5 - Principal,2018-08-14 11:00 PM,2018,08,14,23,35.0,99,Moderate,39.0,UG/M3,1 Hr,Valid
Tashkent,PM2.5 - Principal,2018-08-15 12:00 AM,2018,08,15,00,35.5,101,Unhealthy for Sensitive Groups,36.0,UG/M3,1 Hr,Valid
Tashkent,PM2.5 - Principal,2018-08-15 01:00 AM,2018,08,15,01,31.2,91,Moderate,27.0,UG/M3,1 Hr,Valid
Tashkent,PM2.5 - Principal,2018-08-15 02:00 AM,2018,08,15,02,28.1,85,Moderate,25.0,UG/M3,1 Hr,Valid
Tashkent,PM2.5 - Principal,2018-08-15 03:00 AM,2018,08,15,03,24.5,77,Moderate,21.0,UG/M3,1 Hr,Valid
Tashkent,PM2.5 - Principal,2018-08-15 04:00 AM,2018,08,15,04,29.7,88,Moderate,35.0,UG/M3,1 Hr,Valid
Tashkent,PM2.5 - Principal,2018-08-15 05:00 AM,2018,08,15,05,30.3,89,Moderate,31.0,UG/M3,1 Hr,Valid
Tashkent,PM2.5 - Principal,2018-08-15 06:00 AM,2018,08,15,06,34.7,99,Moderate,39.0,UG/M3,1 Hr,Valid
Tashkent,PM2.5 - Principal,2018-08-15 07:00 AM,2018,08,15,07,36.8,104,Unhealthy for Sensitive Groups,39.0,UG/M3,1 Hr,Valid
Tashkent,PM2.5 - Principal,2018-08-15 08:00 AM,2018,08,15,08,33.9,97,Moderate,31.0,UG/M3,1 Hr,Valid
Tashkent,PM2.5 - Principal,2018-08-15 09:00 AM,2018,08,15,09,32.1,93,Moderate,30.0,UG/M3,1 Hr,Valid
Tashkent,PM2.5 - Principal,2018-08-15 10:00 AM,2018,08,15,10,26.9,82,Moderate,21.0,UG/M3,1 Hr,Valid
Tashkent,PM2.5 - Principal,2018-08-15 11:00 AM,2018,08,15,11,22.7,73,Moderate,19.0,UG/M3,1 Hr,Valid
Tashkent,PM2.5 - Principal,2018-08-15 12:00 PM,2018,08,15,12,42.8,119,Unhealthy for Sensitive Groups,63.0,UG/M3,1 Hr,Valid
Tashkent,PM2.5 - Principal,2018-08-15 01:00 PM,2018,08,15,13,33.4,96,Moderate,24.0,UG/M3,1 Hr,Valid
Tashkent,PM2.5 - Principal,2018-08-15 02:00 PM,2018,08,15,14,18.7,65,Moderate,4.0,UG/M3,1 Hr,Valid
Tashkent,PM2.5 - Principal,2018-08-15 03:00 PM,2018,08,15,15,44.3,123,Unhealthy for Sensitive Groups,70.0,UG/M3,1 Hr,Valid
Tashkent,PM2.5 - Principal,2018-08-15 04:00 PM,2018,08,15,16,25.6,79,Moderate,7.0,UG/M3,1 Hr,Valid
Tashkent,PM2.5 - Principal,2018-08-15 05:00 PM,2018,08,15,17,19.3,66,Moderate,13.0,UG/M3,1 Hr,Valid
Tashkent,PM2.5 - Principal,2018-08-15 06:00 PM,2018,08,15,18,15.1,57,Moderate,11.0,UG/M3,1 Hr,Valid
Tashkent,PM2.5 - Principal,2018-08-15 07:00 PM,2018,08,15,19,14.5,56,Moderate,14.0,UG/M3,1 Hr,Valid
Tashkent,PM2.5 - Principal,2018-08-15 08:00 PM,2018,08,15,20,36.7,104,Unhealthy for Sensitive Groups,59.0,UG/M3,1 Hr,Valid
Tashkent,PM2.5 - Principal,2018-08-15 09:00 PM,2018,08,15,21,47.4,130,Unhealthy for Sensitive Groups,58.0,UG/M3,1 Hr,Valid
Tashkent,PM2.5 - Principal,2018-08-15 10:00 PM,2018,08,15,22,54.2,147,Unhealthy for Sensitive Groups,61.0,UG/M3,1 Hr,Valid
Tashkent,PM2.5 - Principal,2018-08-15 11:00 PM,2018,08,15,23,52.1,142,Unhealthy for Sensitive Groups,50.0,UG/M3,1 Hr,Valid
Tashkent,PM2.5 - Principal,2018-08-16 12:00 AM,2018,08,16,00,49.0,134,Unhealthy for Sensitive Groups,46.0,UG/M3,1 Hr,Valid
Tashkent,PM2.5 - Principal,2018-08-16 01:00 AM,2018,08,16,01,49.0,134,Unhealthy for Sensitive Groups,49.0,UG/M3,1 Hr,Valid
Tashkent,PM2.5 - Principal,2018-08-16 02:00 AM,2018,08,16,02,46.0,127,Unhealthy for Sensitive Groups,43.0,UG/M3,1 Hr,Valid
Tashkent,PM2.5 - Principal,2018-08-16 03:00 AM,2018,08,16,03,49.5,135,Unhealthy for Sensitive Groups,53.0,UG/M3,1 Hr,Valid
Tashkent,PM2.5 - Principal,2018-08-16 04:00 AM,2018,08,16,04,39.7,111,Unhealthy for Sensitive Groups,30.0,UG/M3,1 Hr,Valid
Tashkent,PM2.5 - Principal,2018-08-16 05:00 AM,2018,08,16,05,31.8,92,Moderate,24.0,UG/M3,1 Hr,Valid
Tashkent,PM2.5 - Principal,2018-08-16 06:00 AM,2018,08,16,06,24.9,78,Moderate,18.0,UG/M3,1 Hr,Valid
Tashkent,PM2.5 - Principal,2018-08-16 07:00 AM,2018,08,16,07,21.9,72,Moderate,19.0,UG/M3,1 Hr,Valid
Tashkent,PM2.5 - Principal,2018-08-16 08:00 AM,2018,08,16,08,21.9,72,Moderate,22.0,UG/M3,1 Hr,Valid
Tashkent,PM2.5 - Principal,2018-08-16 09:00 AM,2018,08,16,09,26.4,81,Moderate,31.0,UG/M3,1 Hr,Valid
Tashkent,PM2.5 - Principal,2018-08-16 10:00 AM,2018,08,16,10,26.2,81,Moderate,26.0,UG/M3,1 Hr,Valid
Tashkent,PM2.5 - Principal,2018-08-16 11:00 AM,2018,08,16,11,34.1,97,Moderate,42.0,UG/M3,1 Hr,Valid
Tashkent,PM2.5 - Principal,2018-08-16 12:00 PM,2018,08,16,12,49.5,135,Unhealthy for Sensitive Groups,65.0,UG/M3,1 Hr,Valid
Tashkent,PM2.5 - Principal,2018-08-16 01:00 PM,2018,08,16,13,32.2,93,Moderate,15.0,UG/M3,1 Hr,Valid
Tashkent,PM2.5 - Principal,2018-08-16 02:00 PM,2018,08,16,14,20.1,68,Moderate,8.0,UG/M3,1 Hr,Valid
Tashkent,PM2.5 - Principal,2018-08-16 03:00 PM,2018,08,16,15,29.0,87,Moderate,38.0,UG/M3,1 Hr,Valid
Tashkent,PM2.5 - Principal,2018-08-16 04:00 PM,2018,08,16,16,37.0,105,Unhealthy for Sensitive Groups,45.0,UG/M3,1 Hr,Valid
Tashkent,PM2.5 - Principal,2018-08-16 05:00 PM,2018,08,16,17,27.5,83,Moderate,18.0,UG/M3,1 Hr,Valid
Tashkent,PM2.5 - Principal,2018-08-16 06:00 PM,2018,08,16,18,35.2,100,Moderate,43.0,UG/M3,1 Hr,Valid
Tashkent,PM2.5 - Principal,2018-08-16 07:00 PM,2018,08,16,19,26.6,81,Moderate,18.0,UG/M3,1 Hr,Valid
Tashkent,PM2.5 - Principal,2018-08-16 08:00 PM,2018,08,16,20,21.8,71,Moderate,17.0,UG/M3,1 Hr,Valid
Tashkent,PM2.5 - Principal,2018-08-16 09:00 PM,2018,08,16,21,17.9,63,Moderate,14.0,UG/M3,1 Hr,Valid
Tashkent,PM2.5 - Principal,2018-08-16 10:00 PM,2018,08,16,22,13.9,55,Moderate,10.0,UG/M3,1 Hr,Valid
Tashkent,PM2.5 - Principal,2018-08-16 11:00 PM,2018,08,16,23,12.4,52,Moderate,11.0,UG/M3,1 Hr,Valid
Tashkent,PM2.5 - Principal,2018-08-17 12:00 AM,2018,08,17,00,11.7,49,Good,11.0,UG/M3,1 Hr,Valid
Tashkent,PM2.5 - Principal,2018-08-17 01:00 AM,2018,08,17,01,10.8,45,Good,10.0,UG/M3,1 Hr,Valid
Tashkent,PM2.5 - Principal,2018-08-17 02:00 AM,2018,08,17,02,7.9,33,Good,5.0,UG/M3,1 Hr,Valid
Tashkent,PM2.5 - Principal,2018-08-17 03:00 AM,2018,08,17,03,7.4,31,Good,7.0,UG/M3,1 Hr,Valid
Tashkent,PM2.5 - Principal,2018-08-17 04:00 AM,2018,08,17,04,7.2,30,Good,7.0,UG/M3,1 Hr,Valid
Tashkent,PM2.5 - Principal,2018-08-17 05:00 AM,2018,08,17,05,10.1,42,Good,13.0,UG/M3,1 Hr,Valid
Tashkent,PM2.5 - Principal,2018-08-17 06:00 AM,2018,08,17,06,10.5,44,Good,11.0,UG/M3,1 Hr,Valid
Tashkent,PM2.5 - Principal,2018-08-17 07:00 AM,2018,08,17,07,11.2,47,Good,12.0,UG/M3,1 Hr,Valid
Tashkent,PM2.5 - Principal,2018-08-17 08:00 AM,2018,08,17,08,15.1,57,Moderate,19.0,UG/M3,1 Hr,Valid
Tashkent,PM2.5 - Principal,2018-08-17 09:00 AM,2018,08,17,09,40.5,113,Unhealthy for Sensitive Groups,66.0,UG/M3,1 Hr,Valid
Tashkent,PM2.5 - Principal,2018-08-17 10:00 AM,2018,08,17,10,46.7,129,Unhealthy for Sensitive Groups,53.0,UG/M3,1 Hr,Valid
Tashkent,PM2.5 - Principal,2018-08-17 11:00 AM,2018,08,17,11,42.3,118,Unhealthy for Sensitive Groups,38.0,UG/M3,1 Hr,Valid
Tashkent,PM2.5 - Principal,2018-08-17 12:00 PM,2018,08,17,12,46.7,129,Unhealthy for Sensitive Groups,51.0,UG/M3,1 Hr,Valid
Tashkent,PM2.5 - Principal,2018-08-17 01:00 PM,2018,08,17,13,50.3,137,Unhealthy for Sensitive Groups,54.0,UG/M3,1 Hr,Valid
Tashkent,PM2.5 - Principal,2018-08-17 02:00 PM,2018,08,17,14,49.1,134,Unhealthy for Sensitive Groups,48.0,UG/M3,1 Hr,Valid
Tashkent,PM2.5 - Principal,2018-08-17 03:00 PM,2018,08,17,15,51.0,139,Unhealthy for Sensitive Groups,53.0,UG/M3,1 Hr,Valid
Tashkent,PM2.5 - Principal,2018-08-17 04:00 PM,2018,08,17,16,51.5,140,Unhealthy for Sensitive Groups,52.0,UG/M3,1 Hr,Valid
Tashkent,PM2.5 - Principal,2018-08-17 05:00 PM,2018,08,17,17,52.2,142,Unhealthy for Sensitive Groups,53.0,UG/M3,1 Hr,Valid
Tashkent,PM2.5 - Principal,2018-08-17 06:00 PM,2018,08,17,18,48.6,133,Unhealthy for Sensitive Groups,45.0,UG/M3,1 Hr,Valid
Tashkent,PM2.5 - Principal,2018-08-17 07:00 PM,2018,08,17,19,37.3,105,Unhealthy for Sensitive Groups,26.0,UG/M3,1 Hr,Valid
Tashkent,PM2.5 - Principal,2018-08-17 08:00 PM,2018,08,17,20,29.1,87,Moderate,21.0,UG/M3,1 Hr,Valid
Tashkent,PM2.5 - Principal,2018-08-17 09:00 PM,2018,08,17,21,36.0,102,Unhealthy for Sensitive Groups,43.0,UG/M3,1 Hr,Valid
Tashkent,PM2.5 - Principal,2018-08-17 10:00 PM,2018,08,17,22,37.0,105,Unhealthy for Sensitive Groups,38.0,UG/M3,1 Hr,Valid
Tashkent,PM2.5 - Principal,2018-08-17 11:00 PM,2018,08,17,23,37.0,105,Unhealthy for Sensitive Groups,37.0,UG/M3,1 Hr,Valid
Tashkent,PM2.5 - Principal,2018-08-18 12:00 AM,2018,08,18,00,32.0,93,Moderate,27.0,UG/M3,1 Hr,Valid
Tashkent,PM2.5 - Principal,2018-08-18 01:00 AM,2018,08,18,01,27.4,83,Moderate,23.0,UG/M3,1 Hr,Valid
Tashkent,PM2.5 - Principal,2018-08-18 02:00 AM,2018,08,18,02,23.2,74,Moderate,19.0,UG/M3,1 Hr,Valid
Tashkent,PM2.5 - Principal,2018-08-18 03:00 AM,2018,08,18,03,21.1,70,Moderate,19.0,UG/M3,1 Hr,Valid
Tashkent,PM2.5 - Principal,2018-08-18 04:00 AM,2018,08,18,04,22.0,72,Moderate,23.0,UG/M3,1 Hr,Valid
Tashkent,PM2.5 - Principal,2018-08-18 05:00 AM,2018,08,18,05,32.0,93,Moderate,42.0,UG/M3,1 Hr,Valid
Tashkent,PM2.5 - Principal,2018-08-18 06:00 AM,2018,08,18,06,31.5,92,Moderate,31.0,UG/M3,1 Hr,Valid
Tashkent,PM2.5 - Principal,2018-08-18 07:00 AM,2018,08,18,07,29.2,87,Moderate,27.0,UG/M3,1 Hr,Valid
Tashkent,PM2.5 - Principal,2018-08-18 08:00 AM,2018,08,18,08,30.1,89,Moderate,31.0,UG/M3,1 Hr,Valid
Tashkent,PM2.5 - Principal,2018-08-18 09:00 AM,2018,08,18,09,29.0,87,Moderate,28.0,UG/M3,1 Hr,Valid
Tashkent,PM2.5 - Principal,2018-08-18 10:00 AM,2018,08,18,10,28.5,85,Moderate,28.0,UG/M3,1 Hr,Valid
Tashkent,PM2.5 - Principal,2018-08-18 11:00 AM,2018,08,18,11,31.2,91,Moderate,34.0,UG/M3,1 Hr,Valid
Tashkent,PM2.5 - Principal,2018-08-18 12:00 PM,2018,08,18,12,28.1,85,Moderate,25.0,UG/M3,1 Hr,Valid
Tashkent,PM2.5 - Principal,2018-08-18 01:00 PM,2018,08,18,13,25.5,79,Moderate,23.0,UG/M3,1 Hr,Valid
Tashkent,PM2.5 - Principal,2018-08-18 02:00 PM,2018,08,18,14,23.2,74,Moderate,21.0,UG/M3,1 Hr,Valid
Tashkent,PM2.5 - Principal,2018-08-18 03:00 PM,2018,08,18,15,19.6,67,Moderate,16.0,UG/M3,1 Hr,Valid
Tashkent,PM2.5 - Principal,2018-08-18 04:00 PM,2018,08,18,16,19.3,66,Moderate,19.0,UG/M3,1 Hr,Valid
Tashkent,PM2.5 - Principal,2018-08-18 05:00 PM,2018,08,18,17,15.1,57,Moderate,11.0,UG/M3,1 Hr,Valid
Tashkent,PM2.5 - Principal,2018-08-18 06:00 PM,2018,08,18,18,14.5,56,Moderate,14.0,UG/M3,1 Hr,Valid
Tashkent,PM2.5 - Principal,2018-08-18 07:00 PM,2018,08,18,19,19.2,66,Moderate,24.0,UG/M3,1 Hr,Valid
Tashkent,PM2.5 - Principal,2018-08-18 08:00 PM,2018,08,18,20,26.1,80,Moderate,33.0,UG/M3,1 Hr,Valid
Tashkent,PM2.5 - Principal,2018-08-18 09:00 PM,2018,08,18,21,33.0,95,Moderate,40.0,UG/M3,1 Hr,Valid
Tashkent,PM2.5 - Principal,2018-08-18 10:00 PM,2018,08,18,22,33.5,96,Moderate,34.0,UG/M3,1 Hr,Valid
Tashkent,PM2.5 - Principal,2018-08-18 11:00 PM,2018,08,18,23,40.2,113,Unhealthy for Sensitive Groups,47.0,UG/M3,1 Hr,Valid
Tashkent,PM2.5 - Principal,2018-08-19 12:00 AM,2018,08,19,00,44.1,122,Unhealthy for Sensitive Groups,48.0,UG/M3,1 Hr,Valid
Tashkent,PM2.5 - Principal,2018-08-19 01:00 AM,2018,08,19,01,40.0,112,Unhealthy for Sensitive Groups,36.0,UG/M3,1 Hr,Valid
Tashkent,PM2.5 - Principal,2018-08-19 02:00 AM,2018,08,19,02,36.5,103,Unhealthy for Sensitive Groups,33.0,UG/M3,1 Hr,Valid
Tashkent,PM2.5 - Principal,2018-08-19 03:00 AM,2018,08,19,03,32.2,93,Moderate,28.0,UG/M3,1 Hr,Valid
Tashkent,PM2.5 - Principal,2018-08-19 04:00 AM,2018,08,19,04,26.6,81,Moderate,21.0,UG/M3,1 Hr,Valid
Tashkent,PM2.5 - Principal,2018-08-19 05:00 AM,2018,08,19,05,19.3,66,Moderate,12.0,UG/M3,1 Hr,Valid
Tashkent,PM2.5 - Principal,2018-08-19 06:00 AM,2018,08,19,06,15.1,57,Moderate,11.0,UG/M3,1 Hr,Valid
Tashkent,PM2.5 - Principal,2018-08-19 07:00 AM,2018,08,19,07,15.5,58,Moderate,16.0,UG/M3,1 Hr,Valid
Tashkent,PM2.5 - Principal,2018-08-19 08:00 AM,2018,08,19,08,26.7,82,Moderate,38.0,UG/M3,1 Hr,Valid
Tashkent,PM2.5 - Principal,2018-08-19 09:00 AM,2018,08,19,09,25.8,80,Moderate,25.0,UG/M3,1 Hr,Valid
Tashkent,PM2.5 - Principal,2018-08-19 10:00 AM,2018,08,19,10,25.9,80,Moderate,26.0,UG/M3,1 Hr,Valid
Tashkent,PM2.5 - Principal,2018-08-19 11:00 AM,2018,08,19,11,35.9,102,Unhealthy for Sensitive Groups,46.0,UG/M3,1 Hr,Valid
Tashkent,PM2.5 - Principal,2018-08-19 12:00 PM,2018,08,19,12,28.9,86,Moderate,22.0,UG/M3,1 Hr,Valid
Tashkent,PM2.5 - Principal,2018-08-19 01:00 PM,2018,08,19,13,19.9,67,Moderate,11.0,UG/M3,1 Hr,Valid
Tashkent,PM2.5 - Principal,2018-08-19 02:00 PM,2018,08,19,14,16.4,60,Moderate,13.0,UG/M3,1 Hr,Valid
Tashkent,PM2.5 - Principal,2018-08-19 03:00 PM,2018,08,19,15,14.2,55,Moderate,12.0,UG/M3,1 Hr,Valid
Tashkent,PM2.5 - Principal,2018-08-19 04:00 PM,2018,08,19,16,12.1,51,Moderate,10.0,UG/M3,1 Hr,Valid
Tashkent,PM2.5 - Principal,2018-08-19 05:00 PM,2018,08,19,17,9.5,40,Good,7.0,UG/M3,1 Hr,Valid
Tashkent,PM2.5 - Principal,2018-08-19 06:00 PM,2018,08,19,18,8.7,36,Good,8.0,UG/M3,1 Hr,Valid
Tashkent,PM2.5 - Principal,2018-08-19 07:00 PM,2018,08,19,19,9.3,39,Good,10.0,UG/M3,1 Hr,Valid
Tashkent,PM2.5 - Principal,2018-08-19 08:00 PM,2018,08,19,20,17.6,63,Moderate,26.0,UG/M3,1 Hr,Valid
Tashkent,PM2.5 - Principal,2018-08-19 09:00 PM,2018,08,19,21,28.3,85,Moderate,39.0,UG/M3,1 Hr,Valid
Tashkent,PM2.5 - Principal,2018-08-19 10:00 PM,2018,08,19,22,35.1,99,Moderate,42.0,UG/M3,1 Hr,Valid
Tashkent,PM2.5 - Principal,2018-08-19 11:00 PM,2018,08,19,23,35.5,101,Unhealthy for Sensitive Groups,36.0,UG/M3,1 Hr,Valid
Tashkent,PM2.5 - Principal,2018-08-20 12:00 AM,2018,08,20,00,36.2,103,Unhealthy for Sensitive Groups,37.0,UG/M3,1 Hr,Valid
Tashkent,PM2.5 - Principal,2018-08-20 01:00 AM,2018,08,20,01,34.6,98,Moderate,33.0,UG/M3,1 Hr,Valid
Tashkent,PM2.5 - Principal,2018-08-20 02:00 AM,2018,08,20,02,26.8,82,Moderate,19.0,UG/M3,1 Hr,Valid
Tashkent,PM2.5 - Principal,2018-08-20 03:00 AM,2018,08,20,03,18.9,65,Moderate,11.0,UG/M3,1 Hr,Valid
Tashkent,PM2.5 - Principal,2018-08-20 04:00 AM,2018,08,20,04,17.4,62,Moderate,16.0,UG/M3,1 Hr,Valid
Tashkent,PM2.5 - Principal,2018-08-20 05:00 AM,2018,08,20,05,16.2,60,Moderate,15.0,UG/M3,1 Hr,Valid
Tashkent,PM2.5 - Principal,2018-08-20 06:00 AM,2018,08,20,06,14.1,55,Moderate,12.0,UG/M3,1 Hr,Valid
Tashkent,PM2.5 - Principal,2018-08-20 07:00 AM,2018,08,20,07,14.5,56,Moderate,15.0,UG/M3,1 Hr,Valid
Tashkent,PM2.5 - Principal,2018-08-20 08:00 AM,2018,08,20,08,18.7,65,Moderate,23.0,UG/M3,1 Hr,Valid
Tashkent,PM2.5 - Principal,2018-08-20 09:00 AM,2018,08,20,09,18.8,65,Moderate,19.0,UG/M3,1 Hr,Valid
Tashkent,PM2.5 - Principal,2018-08-20 10:00 AM,2018,08,20,10,22.9,74,Moderate,27.0,UG/M3,1 Hr,Valid
Tashkent,PM2.5 - Principal,2018-08-20 11:00 AM,2018,08,20,11,29.4,87,Moderate,36.0,UG/M3,1 Hr,Valid
Tashkent,PM2.5 - Principal,2018-08-20 12:00 PM,2018,08,20,12,30.7,90,Moderate,32.0,UG/M3,1 Hr,Valid
Tashkent,PM2.5 - Principal,2018-08-20 01:00 PM,2018,08,20,13,26.8,82,Moderate,23.0,UG/M3,1 Hr,Valid
Tashkent,PM2.5 - Principal,2018-08-20 02:00 PM,2018,08,20,14,30.4,89,Moderate,34.0,UG/M3,1 Hr,Valid
Tashkent,PM2.5 - Principal,2018-08-20 03:00 PM,2018,08,20,15,27.7,84,Moderate,25.0,UG/M3,1 Hr,Valid
Tashkent,PM2.5 - Principal,2018-08-20 04:00 PM,2018,08,20,16,28.3,85,Moderate,29.0,UG/M3,1 Hr,Valid
Tashkent,PM2.5 - Principal,2018-08-20 05:00 PM,2018,08,20,17,52.6,143,Unhealthy for Sensitive Groups,77.0,UG/M3,1 Hr,Valid
Tashkent,PM2.5 - Principal,2018-08-20 06:00 PM,2018,08,20,18,78.3,163,Unhealthy,104.0,UG/M3,1 Hr,Valid
Tashkent,PM2.5 - Principal,2018-08-20 07:00 PM,2018,08,20,19,116.1,182,Unhealthy,154.0,UG/M3,1 Hr,Valid
Tashkent,PM2.5 - Principal,2018-08-20 08:00 PM,2018,08,20,20,79.5,163,Unhealthy,43.0,UG/M3,1 Hr,Valid
Tashkent,PM2.5 - Principal,2018-08-20 09:00 PM,2018,08,20,21,52.3,142,Unhealthy for Sensitive Groups,25.0,UG/M3,1 Hr,Valid
Tashkent,PM2.5 - Principal,2018-08-20 10:00 PM,2018,08,20,22,40.1,112,Unhealthy for Sensitive Groups,28.0,UG/M3,1 Hr,Valid
Tashkent,PM2.5 - Principal,2018-08-20 11:00 PM,2018,08,20,23,36.0,102,Unhealthy for Sensitive Groups,32.0,UG/M3,1 Hr,Valid
Tashkent,PM2.5 - Principal,2018-08-21 12:00 AM,2018,08,21,00,32.0,93,Moderate,28.0,UG/M3,1 Hr,Valid
Tashkent,PM2.5 - Principal,2018-08-21 01:00 AM,2018,08,21,01,26.0,80,Moderate,20.0,UG/M3,1 Hr,Valid
Tashkent,PM2.5 - Principal,2018-08-21 02:00 AM,2018,08,21,02,24.5,77,Moderate,23.0,UG/M3,1 Hr,Valid
Tashkent,PM2.5 - Principal,2018-08-21 03:00 AM,2018,08,21,03,21.7,71,Moderate,19.0,UG/M3,1 Hr,Valid
Tashkent,PM2.5 - Principal,2018-08-21 04:00 AM,2018,08,21,04,19.3,66,Moderate,17.0,UG/M3,1 Hr,Valid
Tashkent,PM2.5 - Principal,2018-08-21 05:00 AM,2018,08,21,05,14.6,56,Moderate,10.0,UG/M3,1 Hr,Valid
Tashkent,PM2.5 - Principal,2018-08-21 06:00 AM,2018,08,21,06,11.8,49,Good,9.0,UG/M3,1 Hr,Valid
Tashkent,PM2.5 - Principal,2018-08-21 07:00 AM,2018,08,21,07,8.8,37,Good,6.0,UG/M3,1 Hr,Valid
Tashkent,PM2.5 - Principal,2018-08-21 08:00 AM,2018,08,21,08,9.4,39,Good,10.0,UG/M3,1 Hr,Valid
Tashkent,PM2.5 - Principal,2018-08-21 09:00 AM,2018,08,21,09,11.2,47,Good,13.0,UG/M3,1 Hr,Valid
Tashkent,PM2.5 - Principal,2018-08-21 10:00 AM,2018,08,21,10,14.1,55,Moderate,17.0,UG/M3,1 Hr,Valid
Tashkent,PM2.5 - Principal,2018-08-21 11:00 AM,2018,08,21,11,14.5,56,Moderate,15.0,UG/M3,1 Hr,Valid
Tashkent,PM2.5 - Principal,2018-08-21 12:00 PM,2018,08,21,12,16.7,61,Moderate,19.0,UG/M3,1 Hr,Valid
Tashkent,PM2.5 - Principal,2018-08-21 01:00 PM,2018,08,21,13,16.3,60,Moderate,16.0,UG/M3,1 Hr,Valid
Tashkent,PM2.5 - Principal,2018-08-21 02:00 PM,2018,08,21,14,13.6,54,Moderate,11.0,UG/M3,1 Hr,Valid
Tashkent,PM2.5 - Principal,2018-08-21 03:00 PM,2018,08,21,15,11.8,49,Good,10.0,UG/M3,1 Hr,Valid
Tashkent,PM2.5 - Principal,2018-08-21 04:00 PM,2018,08,21,16,10.9,45,Good,10.0,UG/M3,1 Hr,Valid
Tashkent,PM2.5 - Principal,2018-08-21 05:00 PM,2018,08,21,17,8.4,35,Good,6.0,UG/M3,1 Hr,Valid
Tashkent,PM2.5 - Principal,2018-08-21 06:00 PM,2018,08,21,18,7.7,32,Good,7.0,UG/M3,1 Hr,Valid
Tashkent,PM2.5 - Principal,2018-08-21 07:00 PM,2018,08,21,19,7.3,30,Good,7.0,UG/M3,1 Hr,Valid
Tashkent,PM2.5 - Principal,2018-08-21 08:00 PM,2018,08,21,20,8.1,34,Good,9.0,UG/M3,1 Hr,Valid
Tashkent,PM2.5 - Principal,2018-08-21 09:00 PM,2018,08,21,21,8.0,33,Good,8.0,UG/M3,1 Hr,Valid
Tashkent,PM2.5 - Principal,2018-08-21 10:00 PM,2018,08,21,22,7.0,29,Good,6.0,UG/M3,1 Hr,Valid
Tashkent,PM2.5 - Principal,2018-08-21 11:00 PM,2018,08,21,23,5.5,23,Good,4.0,UG/M3,1 Hr,Valid
Tashkent,PM2.5 - Principal,2018-08-22 12:00 AM,2018,08,22,00,4.7,20,Good,4.0,UG/M3,1 Hr,Valid
Tashkent,PM2.5 - Principal,2018-08-22 01:00 AM,2018,08,22,01,5.3,22,Good,6.0,UG/M3,1 Hr,Valid
Tashkent,PM2.5 - Principal,2018-08-22 02:00 AM,2018,08,22,02,5.1,21,Good,5.0,UG/M3,1 Hr,Valid
Tashkent,PM2.5 - Principal,2018-08-22 03:00 AM,2018,08,22,03,5.0,21,Good,5.0,UG/M3,1 Hr,Valid
Tashkent,PM2.5 - Principal,2018-08-22 04:00 AM,2018,08,22,04,6.0,25,Good,7.0,UG/M3,1 Hr,Valid
Tashkent,PM2.5 - Principal,2018-08-22 05:00 AM,2018,08,22,05,7.0,29,Good,8.0,UG/M3,1 Hr,Valid
Tashkent,PM2.5 - Principal,2018-08-22 06:00 AM,2018,08,22,06,8.0,33,Good,9.0,UG/M3,1 Hr,Valid
Tashkent,PM2.5 - Principal,2018-08-22 07:00 AM,2018,08,22,07,11.0,46,Good,14.0,UG/M3,1 Hr,Valid
Tashkent,PM2.5 - Principal,2018-08-22 08:00 AM,2018,08,22,08,15.0,57,Moderate,19.0,UG/M3,1 Hr,Valid
Tashkent,PM2.5 - Principal,2018-08-22 09:00 AM,2018,08,22,09,26.0,80,Moderate,37.0,UG/M3,1 Hr,Valid
Tashkent,PM2.5 - Principal,2018-08-22 10:00 AM,2018,08,22,10,40.0,112,Unhealthy for Sensitive Groups,54.0,UG/M3,1 Hr,Valid
Tashkent,PM2.5 - Principal,2018-08-22 11:00 AM,2018,08,22,11,43.0,119,Unhealthy for Sensitive Groups,46.0,UG/M3,1 Hr,Valid
Tashkent,PM2.5 - Principal,2018-08-22 12:00 PM,2018,08,22,12,36.0,102,Unhealthy for Sensitive Groups,29.0,UG/M3,1 Hr,Valid
Tashkent,PM2.5 - Principal,2018-08-22 01:00 PM,2018,08,22,13,28.5,85,Moderate,21.0,UG/M3,1 Hr,Valid
Tashkent,PM2.5 - Principal,2018-08-22 02:00 PM,2018,08,22,14,20.7,69,Moderate,13.0,UG/M3,1 Hr,Valid
Tashkent,PM2.5 - Principal,2018-08-22 03:00 PM,2018,08,22,15,16.3,60,Moderate,12.0,UG/M3,1 Hr,Valid
Tashkent,PM2.5 - Principal,2018-08-22 04:00 PM,2018,08,22,16,14.6,56,Moderate,13.0,UG/M3,1 Hr,Valid
Tashkent,PM2.5 - Principal,2018-08-22 05:00 PM,2018,08,22,17,13.3,54,Moderate,12.0,UG/M3,1 Hr,Valid
Tashkent,PM2.5 - Principal,2018-08-22 06:00 PM,2018,08,22,18,15.1,57,Moderate,17.0,UG/M3,1 Hr,Valid
Tashkent,PM2.5 - Principal,2018-08-22 07:00 PM,2018,08,22,19,15.5,58,Moderate,16.0,UG/M3,1 Hr,Valid
Tashkent,PM2.5 - Principal,2018-08-22 08:00 PM,2018,08,22,20,18.2,64,Moderate,21.0,UG/M3,1 Hr,Valid
Tashkent,PM2.5 - Principal,2018-08-22 09:00 PM,2018,08,22,21,20.6,69,Moderate,23.0,UG/M3,1 Hr,Valid
Tashkent,PM2.5 - Principal,2018-08-22 10:00 PM,2018,08,22,22,26.3,81,Moderate,32.0,UG/M3,1 Hr,Valid
Tashkent,PM2.5 - Principal,2018-08-22 11:00 PM,2018,08,22,23,26.6,81,Moderate,27.0,UG/M3,1 Hr,Valid
Tashkent,PM2.5 - Principal,2018-08-23 12:00 AM,2018,08,23,00,24.8,78,Moderate,23.0,UG/M3,1 Hr,Valid
Tashkent,PM2.5 - Principal,2018-08-23 01:00 AM,2018,08,23,01,21.4,71,Moderate,18.0,UG/M3,1 Hr,Valid
Tashkent,PM2.5 - Principal,2018-08-23 02:00 AM,2018,08,23,02,17.2,62,Moderate,13.0,UG/M3,1 Hr,Valid
Tashkent,PM2.5 - Principal,2018-08-23 03:00 AM,2018,08,23,03,17.6,63,Moderate,18.0,UG/M3,1 Hr,Valid
Tashkent,PM2.5 - Principal,2018-08-23 04:00 AM,2018,08,23,04,18.8,65,Moderate,20.0,UG/M3,1 Hr,Valid
Tashkent,PM2.5 - Principal,2018-08-23 05:00 AM,2018,08,23,05,17.9,63,Moderate,17.0,UG/M3,1 Hr,Valid
Tashkent,PM2.5 - Principal,2018-08-23 06:00 AM,2018,08,23,06,15.9,59,Moderate,14.0,UG/M3,1 Hr,Valid
Tashkent,PM2.5 - Principal,2018-08-23 07:00 AM,2018,08,23,07,15.9,59,Moderate,16.0,UG/M3,1 Hr,Valid
Tashkent,PM2.5 - Principal,2018-08-23 08:00 AM,2018,08,23,08,19.9,67,Moderate,24.0,UG/M3,1 Hr,Valid
Tashkent,PM2.5 - Principal,2018-08-23 09:00 AM,2018,08,23,09,21.4,71,Moderate,23.0,UG/M3,1 Hr,Valid
Tashkent,PM2.5 - Principal,2018-08-23 10:00 AM,2018,08,23,10,21.2,70,Moderate,21.0,UG/M3,1 Hr,Valid
Tashkent,PM2.5 - Principal,2018-08-23 11:00 AM,2018,08,23,11,19.2,66,Moderate,17.0,UG/M3,1 Hr,Valid
Tashkent,PM2.5 - Principal,2018-08-23 12:00 PM,2018,08,23,12,20.0,68,Moderate,21.0,UG/M3,1 Hr,Valid
Tashkent,PM2.5 - Principal,2018-08-23 01:00 PM,2018,08,23,13,20.9,70,Moderate,22.0,UG/M3,1 Hr,Valid
Tashkent,PM2.5 - Principal,2018-08-23 02:00 PM,2018,08,23,14,20.0,68,Moderate,19.0,UG/M3,1 Hr,Valid
Tashkent,PM2.5 - Principal,2018-08-23 03:00 PM,2018,08,23,15,19.6,67,Moderate,19.0,UG/M3,1 Hr,Valid
Tashkent,PM2.5 - Principal,2018-08-23 04:00 PM,2018,08,23,16,17.2,62,Moderate,14.0,UG/M3,1 Hr,Valid
Tashkent,PM2.5 - Principal,2018-08-23 05:00 PM,2018,08,23,17,17.5,62,Moderate,18.0,UG/M3,1 Hr,Valid
Tashkent,PM2.5 - Principal,2018-08-23 06:00 PM,2018,08,23,18,17.3,62,Moderate,17.0,UG/M3,1 Hr,Valid
Tashkent,PM2.5 - Principal,2018-08-23 07:00 PM,2018,08,23,19,17.1,62,Moderate,17.0,UG/M3,1 Hr,Valid
Tashkent,PM2.5 - Principal,2018-08-23 08:00 PM,2018,08,23,20,20.0,68,Moderate,24.0,UG/M3,1 Hr,Valid
Tashkent,PM2.5 - Principal,2018-08-23 09:00 PM,2018,08,23,21,27.2,83,Moderate,34.0,UG/M3,1 Hr,Valid
Tashkent,PM2.5 - Principal,2018-08-23 10:00 PM,2018,08,23,22,31.1,91,Moderate,35.0,UG/M3,1 Hr,Valid
Tashkent,PM2.5 - Principal,2018-08-23 11:00 PM,2018,08,23,23,35.0,99,Moderate,39.0,UG/M3,1 Hr,Valid
Tashkent,PM2.5 - Principal,2018-08-24 12:00 AM,2018,08,24,00,32.0,93,Moderate,29.0,UG/M3,1 Hr,Valid
Tashkent,PM2.5 - Principal,2018-08-24 01:00 AM,2018,08,24,01,30.0,89,Moderate,28.0,UG/M3,1 Hr,Valid
Tashkent,PM2.5 - Principal,2018-08-24 02:00 AM,2018,08,24,02,27.5,83,Moderate,25.0,UG/M3,1 Hr,Valid
Tashkent,PM2.5 - Principal,2018-08-24 03:00 AM,2018,08,24,03,26.7,82,Moderate,26.0,UG/M3,1 Hr,Valid
Tashkent,PM2.5 - Principal,2018-08-24 04:00 AM,2018,08,24,04,24.8,78,Moderate,23.0,UG/M3,1 Hr,Valid
Tashkent,PM2.5 - Principal,2018-08-24 05:00 AM,2018,08,24,05,21.4,71,Moderate,18.0,UG/M3,1 Hr,Valid
Tashkent,PM2.5 - Principal,2018-08-24 06:00 AM,2018,08,24,06,18.7,65,Moderate,16.0,UG/M3,1 Hr,Valid
Tashkent,PM2.5 - Principal,2018-08-24 07:00 AM,2018,08,24,07,18.3,64,Moderate,18.0,UG/M3,1 Hr,Valid
Tashkent,PM2.5 - Principal,2018-08-24 08:00 AM,2018,08,24,08,18.1,64,Moderate,18.0,UG/M3,1 Hr,Valid
Tashkent,PM2.5 - Principal,2018-08-24 09:00 AM,2018,08,24,09,24.0,76,Moderate,30.0,UG/M3,1 Hr,Valid
Tashkent,PM2.5 - Principal,2018-08-24 10:00 AM,2018,08,24,10,36.5,103,Unhealthy for Sensitive Groups,49.0,UG/M3,1 Hr,Valid
Tashkent,PM2.5 - Principal,2018-08-24 11:00 AM,2018,08,24,11,31.7,92,Moderate,27.0,UG/M3,1 Hr,Valid
Tashkent,PM2.5 - Principal,2018-08-24 12:00 PM,2018,08,24,12,24.3,77,Moderate,17.0,UG/M3,1 Hr,Valid
Tashkent,PM2.5 - Principal,2018-08-24 01:00 PM,2018,08,24,13,15.6,58,Moderate,7.0,UG/M3,1 Hr,Valid
Tashkent,PM2.5 - Principal,2018-08-24 02:00 PM,2018,08,24,14,9.8,41,Good,4.0,UG/M3,1 Hr,Valid
Tashkent,PM2.5 - Principal,2018-08-24 03:00 PM,2018,08,24,15,8.9,37,Good,8.0,UG/M3,1 Hr,Valid
Tashkent,PM2.5 - Principal,2018-08-24 04:00 PM,2018,08,24,16,10.4,43,Good,12.0,UG/M3,1 Hr,Valid
Tashkent,PM2.5 - Principal,2018-08-24 05:00 PM,2018,08,24,17,10.7,45,Good,11.0,UG/M3,1 Hr,Valid
Tashkent,PM2.5 - Principal,2018-08-24 06:00 PM,2018,08,24,18,10.3,43,Good,10.0,UG/M3,1 Hr,Valid
Tashkent,PM2.5 - Principal,2018-08-24 07:00 PM,2018,08,24,19,11.6,48,Good,13.0,UG/M3,1 Hr,Valid
Tashkent,PM2.5 - Principal,2018-08-24 08:00 PM,2018,08,24,20,23.8,76,Moderate,36.0,UG/M3,1 Hr,Valid
Tashkent,PM2.5 - Principal,2018-08-24 09:00 PM,2018,08,24,21,30.4,89,Moderate,37.0,UG/M3,1 Hr,Valid
Tashkent,PM2.5 - Principal,2018-08-24 10:00 PM,2018,08,24,22,41.2,115,Unhealthy for Sensitive Groups,52.0,UG/M3,1 Hr,Valid
Tashkent,PM2.5 - Principal,2018-08-24 11:00 PM,2018,08,24,23,43.1,120,Unhealthy for Sensitive Groups,45.0,UG/M3,1 Hr,Valid
Tashkent,PM2.5 - Principal,2018-08-25 12:00 AM,2018,08,25,00,39.0,110,Unhealthy for Sensitive Groups,35.0,UG/M3,1 Hr,Valid
Tashkent,PM2.5 - Principal,2018-08-25 01:00 AM,2018,08,25,01,41.5,116,Unhealthy for Sensitive Groups,44.0,UG/M3,1 Hr,Valid
Tashkent,PM2.5 - Principal,2018-08-25 02:00 AM,2018,08,25,02,35.2,100,Moderate,29.0,UG/M3,1 Hr,Valid
Tashkent,PM2.5 - Principal,2018-08-25 03:00 AM,2018,08,25,03,29.1,87,Moderate,23.0,UG/M3,1 Hr,Valid
Tashkent,PM2.5 - Principal,2018-08-25 04:00 AM,2018,08,25,04,20.5,69,Moderate,12.0,UG/M3,1 Hr,Valid
Tashkent,PM2.5 - Principal,2018-08-25 05:00 AM,2018,08,25,05,17.2,62,Moderate,14.0,UG/M3,1 Hr,Valid
Tashkent,PM2.5 - Principal,2018-08-25 06:00 AM,2018,08,25,06,16.6,60,Moderate,16.0,UG/M3,1 Hr,Valid
Tashkent,PM2.5 - Principal,2018-08-25 07:00 AM,2018,08,25,07,16.3,60,Moderate,16.0,UG/M3,1 Hr,Valid
Tashkent,PM2.5 - Principal,2018-08-25 08:00 AM,2018,08,25,08,14.1,55,Moderate,12.0,UG/M3,1 Hr,Valid
Tashkent,PM2.5 - Principal,2018-08-25 09:00 AM,2018,08,25,09,18.5,64,Moderate,23.0,UG/M3,1 Hr,Valid
Tashkent,PM2.5 - Principal,2018-08-25 10:00 AM,2018,08,25,10,25.2,79,Moderate,32.0,UG/M3,1 Hr,Valid
Tashkent,PM2.5 - Principal,2018-08-25 11:00 AM,2018,08,25,11,26.6,81,Moderate,28.0,UG/M3,1 Hr,Valid
Tashkent,PM2.5 - Principal,2018-08-25 12:00 PM,2018,08,25,12,25.3,79,Moderate,24.0,UG/M3,1 Hr,Valid
Tashkent,PM2.5 - Principal,2018-08-25 01:00 PM,2018,08,25,13,22.1,72,Moderate,19.0,UG/M3,1 Hr,Valid
Tashkent,PM2.5 - Principal,2018-08-25 02:00 PM,2018,08,25,14,17.0,61,Moderate,12.0,UG/M3,1 Hr,Valid
Tashkent,PM2.5 - Principal,2018-08-25 03:00 PM,2018,08,25,15,12.5,52,Moderate,8.0,UG/M3,1 Hr,Valid
Tashkent,PM2.5 - Principal,2018-08-25 04:00 PM,2018,08,25,16,10.2,43,Good,8.0,UG/M3,1 Hr,Valid
Tashkent,PM2.5 - Principal,2018-08-25 05:00 PM,2018,08,25,17,8.6,36,Good,7.0,UG/M3,1 Hr,Valid
Tashkent,PM2.5 - Principal,2018-08-25 06:00 PM,2018,08,25,18,7.3,30,Good,6.0,UG/M3,1 Hr,Valid
Tashkent,PM2.5 - Principal,2018-08-25 07:00 PM,2018,08,25,19,8.6,36,Good,10.0,UG/M3,1 Hr,Valid
Tashkent,PM2.5 - Principal,2018-08-25 08:00 PM,2018,08,25,20,10.8,45,Good,13.0,UG/M3,1 Hr,Valid
Tashkent,PM2.5 - Principal,2018-08-25 09:00 PM,2018,08,25,21,15.4,58,Moderate,20.0,UG/M3,1 Hr,Valid
Tashkent,PM2.5 - Principal,2018-08-25 10:00 PM,2018,08,25,22,14.7,56,Moderate,14.0,UG/M3,1 Hr,Valid
Tashkent,PM2.5 - Principal,2018-08-25 11:00 PM,2018,08,25,23,12.8,52,Moderate,11.0,UG/M3,1 Hr,Valid
Tashkent,PM2.5 - Principal,2018-08-26 12:00 AM,2018,08,26,00,10.4,43,Good,8.0,UG/M3,1 Hr,Valid
Tashkent,PM2.5 - Principal,2018-08-26 01:00 AM,2018,08,26,01,8.2,34,Good,6.0,UG/M3,1 Hr,Valid
Tashkent,PM2.5 - Principal,2018-08-26 02:00 AM,2018,08,26,02,7.1,30,Good,6.0,UG/M3,1 Hr,Valid
Tashkent,PM2.5 - Principal,2018-08-26 03:00 AM,2018,08,26,03,6.5,27,Good,6.0,UG/M3,1 Hr,Valid
Tashkent,PM2.5 - Principal,2018-08-26 04:00 AM,2018,08,26,04,5.7,24,Good,5.0,UG/M3,1 Hr,Valid
Tashkent,PM2.5 - Principal,2018-08-26 05:00 AM,2018,08,26,05,6.3,26,Good,7.0,UG/M3,1 Hr,Valid
Tashkent,PM2.5 - Principal,2018-08-26 06:00 AM,2018,08,26,06,6.6,28,Good,7.0,UG/M3,1 Hr,Valid
Tashkent,PM2.5 - Principal,2018-08-26 07:00 AM,2018,08,26,07,6.8,28,Good,7.0,UG/M3,1 Hr,Valid
Tashkent,PM2.5 - Principal,2018-08-26 08:00 AM,2018,08,26,08,6.4,27,Good,6.0,UG/M3,1 Hr,Valid
Tashkent,PM2.5 - Principal,2018-08-26 09:00 AM,2018,08,26,09,6.2,26,Good,6.0,UG/M3,1 Hr,Valid
Tashkent,PM2.5 - Principal,2018-08-26 10:00 AM,2018,08,26,10,5.1,21,Good,4.0,UG/M3,1 Hr,Valid
Tashkent,PM2.5 - Principal,2018-08-26 11:00 AM,2018,08,26,11,4.0,17,Good,3.0,UG/M3,1 Hr,Valid
Tashkent,PM2.5 - Principal,2018-08-26 12:00 PM,2018,08,26,12,3.5,15,Good,3.0,UG/M3,1 Hr,Valid
Tashkent,PM2.5 - Principal,2018-08-26 01:00 PM,2018,08,26,13,3.2,13,Good,3.0,UG/M3,1 Hr,Valid
Tashkent,PM2.5 - Principal,2018-08-26 02:00 PM,2018,08,26,14,3.6,15,Good,4.0,UG/M3,1 Hr,Valid
Tashkent,PM2.5 - Principal,2018-08-26 03:00 PM,2018,08,26,15,2.8,12,Good,2.0,UG/M3,1 Hr,Valid
Tashkent,PM2.5 - Principal,2018-08-26 04:00 PM,2018,08,26,16,1.4,6,Good,0.0,UG/M3,1 Hr,Valid
Tashkent,PM2.5 - Principal,2018-08-26 05:00 PM,2018,08,26,17,1.2,5,Good,1.0,UG/M3,1 Hr,Valid
Tashkent,PM2.5 - Principal,2018-08-26 06:00 PM,2018,08,26,18,2.6,11,Good,4.0,UG/M3,1 Hr,Valid
Tashkent,PM2.5 - Principal,2018-08-26 07:00 PM,2018,08,26,19,3.8,16,Good,5.0,UG/M3,1 Hr,Valid
Tashkent,PM2.5 - Principal,2018-08-26 08:00 PM,2018,08,26,20,9.9,41,Good,16.0,UG/M3,1 Hr,Valid
Tashkent,PM2.5 - Principal,2018-08-26 09:00 PM,2018,08,26,21,18.9,65,Moderate,28.0,UG/M3,1 Hr,Valid
Tashkent,PM2.5 - Principal,2018-08-26 10:00 PM,2018,08,26,22,16.9,61,Moderate,15.0,UG/M3,1 Hr,Valid
Tashkent,PM2.5 - Principal,2018-08-26 11:00 PM,2018,08,26,23,12.9,53,Moderate,9.0,UG/M3,1 Hr,Valid
Tashkent,PM2.5 - Principal,2018-08-27 12:00 AM,2018,08,27,00,11.4,48,Good,10.0,UG/M3,1 Hr,Valid
Tashkent,PM2.5 - Principal,2018-08-27 01:00 AM,2018,08,27,01,12.2,51,Moderate,13.0,UG/M3,1 Hr,Valid
Tashkent,PM2.5 - Principal,2018-08-27 02:00 AM,2018,08,27,02,11.6,48,Good,11.0,UG/M3,1 Hr,Valid
Tashkent,PM2.5 - Principal,2018-08-27 03:00 AM,2018,08,27,03,10.3,43,Good,9.0,UG/M3,1 Hr,Valid
Tashkent,PM2.5 - Principal,2018-08-27 04:00 AM,2018,08,27,04,10.6,44,Good,11.0,UG/M3,1 Hr,Valid
Tashkent,PM2.5 - Principal,2018-08-27 05:00 AM,2018,08,27,05,9.8,41,Good,9.0,UG/M3,1 Hr,Valid
Tashkent,PM2.5 - Principal,2018-08-27 06:00 AM,2018,08,27,06,7.9,33,Good,6.0,UG/M3,1 Hr,Valid
Tashkent,PM2.5 - Principal,2018-08-27 07:00 AM,2018,08,27,07,7.9,33,Good,8.0,UG/M3,1 Hr,Valid
Tashkent,PM2.5 - Principal,2018-08-27 08:00 AM,2018,08,27,08,11.9,50,Good,16.0,UG/M3,1 Hr,Valid
Tashkent,PM2.5 - Principal,2018-08-27 09:00 AM,2018,08,27,09,14.9,57,Moderate,18.0,UG/M3,1 Hr,Valid
Tashkent,PM2.5 - Principal,2018-08-27 10:00 AM,2018,08,27,10,14.4,56,Moderate,14.0,UG/M3,1 Hr,Valid
Tashkent,PM2.5 - Principal,2018-08-27 11:00 AM,2018,08,27,11,12.2,51,Moderate,10.0,UG/M3,1 Hr,Valid
Tashkent,PM2.5 - Principal,2018-08-27 12:00 PM,2018,08,27,12,9.1,38,Good,6.0,UG/M3,1 Hr,Valid
Tashkent,PM2.5 - Principal,2018-08-27 01:00 PM,2018,08,27,13,5.5,23,Good,2.0,UG/M3,1 Hr,Valid
Tashkent,PM2.5 - Principal,2018-08-27 02:00 PM,2018,08,27,14,5.2,22,Good,5.0,UG/M3,1 Hr,Valid
Tashkent,PM2.5 - Principal,2018-08-27 03:00 PM,2018,08,27,15,4.1,17,Good,3.0,UG/M3,1 Hr,Valid
Tashkent,PM2.5 - Principal,2018-08-27 04:00 PM,2018,08,27,16,3.0,13,Good,2.0,UG/M3,1 Hr,Valid
Tashkent,PM2.5 - Principal,2018-08-27 05:00 PM,2018,08,27,17,3.5,15,Good,4.0,UG/M3,1 Hr,Valid
Tashkent,PM2.5 - Principal,2018-08-27 06:00 PM,2018,08,27,18,4.2,18,Good,5.0,UG/M3,1 Hr,Valid
Tashkent,PM2.5 - Principal,2018-08-27 07:00 PM,2018,08,27,19,8.1,34,Good,12.0,UG/M3,1 Hr,Valid
Tashkent,PM2.5 - Principal,2018-08-27 08:00 PM,2018,08,27,20,19.5,67,Moderate,31.0,UG/M3,1 Hr,Valid
Tashkent,PM2.5 - Principal,2018-08-27 09:00 PM,2018,08,27,21,30.2,89,Moderate,41.0,UG/M3,1 Hr,Valid
Tashkent,PM2.5 - Principal,2018-08-27 10:00 PM,2018,08,27,22,28.1,85,Moderate,26.0,UG/M3,1 Hr,Valid
Tashkent,PM2.5 - Principal,2018-08-27 11:00 PM,2018,08,27,23,22.0,72,Moderate,16.0,UG/M3,1 Hr,Valid
Tashkent,PM2.5 - Principal,2018-08-28 12:00 AM,2018,08,28,00,16.0,59,Moderate,10.0,UG/M3,1 Hr,Valid
Tashkent,PM2.5 - Principal,2018-08-28 01:00 AM,2018,08,28,01,14.0,55,Moderate,12.0,UG/M3,1 Hr,Valid
Tashkent,PM2.5 - Principal,2018-08-28 02:00 AM,2018,08,28,02,15.0,57,Moderate,16.0,UG/M3,1 Hr,Valid
Tashkent,PM2.5 - Principal,2018-08-28 03:00 AM,2018,08,28,03,14.5,56,Moderate,14.0,UG/M3,1 Hr,Valid
Tashkent,PM2.5 - Principal,2018-08-28 04:00 AM,2018,08,28,04,13.2,53,Moderate,12.0,UG/M3,1 Hr,Valid
Tashkent,PM2.5 - Principal,2018-08-28 05:00 AM,2018,08,28,05,12.6,52,Moderate,12.0,UG/M3,1 Hr,Valid
Tashkent,PM2.5 - Principal,2018-08-28 06:00 AM,2018,08,28,06,10.8,45,Good,9.0,UG/M3,1 Hr,Valid
Tashkent,PM2.5 - Principal,2018-08-28 07:00 AM,2018,08,28,07,10.9,45,Good,11.0,UG/M3,1 Hr,Valid
Tashkent,PM2.5 - Principal,2018-08-28 08:00 AM,2018,08,28,08,13.4,54,Moderate,16.0,UG/M3,1 Hr,Valid
Tashkent,PM2.5 - Principal,2018-08-28 09:00 AM,2018,08,28,09,15.2,58,Moderate,17.0,UG/M3,1 Hr,Valid
Tashkent,PM2.5 - Principal,2018-08-28 10:00 AM,2018,08,28,10,12.2,51,Moderate,9.0,UG/M3,1 Hr,Valid
Tashkent,PM2.5 - Principal,2018-08-28 11:00 AM,2018,08,28,11,11.1,46,Good,10.0,UG/M3,1 Hr,Valid
Tashkent,PM2.5 - Principal,2018-08-28 12:00 PM,2018,08,28,12,8.5,35,Good,6.0,UG/M3,1 Hr,Valid
Tashkent,PM2.5 - Principal,2018-08-28 01:00 PM,2018,08,28,13,9.7,40,Good,11.0,UG/M3,1 Hr,Valid
Tashkent,PM2.5 - Principal,2018-08-28 02:00 PM,2018,08,28,14,9.8,41,Good,10.0,UG/M3,1 Hr,Valid
Tashkent,PM2.5 - Principal,2018-08-28 03:00 PM,2018,08,28,15,7.9,33,Good,6.0,UG/M3,1 Hr,Valid
Tashkent,PM2.5 - Principal,2018-08-28 04:00 PM,2018,08,28,16,7.9,33,Good,8.0,UG/M3,1 Hr,Valid
Tashkent,PM2.5 - Principal,2018-08-28 05:00 PM,2018,08,28,17,7.9,33,Good,8.0,UG/M3,1 Hr,Valid
Tashkent,PM2.5 - Principal,2018-08-28 06:00 PM,2018,08,28,18,12.4,52,Moderate,17.0,UG/M3,1 Hr,Valid
Tashkent,PM2.5 - Principal,2018-08-28 07:00 PM,2018,08,28,19,11.2,47,Good,10.0,UG/M3,1 Hr,Valid
Tashkent,PM2.5 - Principal,2018-08-28 08:00 PM,2018,08,28,20,13.6,54,Moderate,16.0,UG/M3,1 Hr,Valid
Tashkent,PM2.5 - Principal,2018-08-28 09:00 PM,2018,08,28,21,12.8,52,Moderate,12.0,UG/M3,1 Hr,Valid
Tashkent,PM2.5 - Principal,2018-08-28 10:00 PM,2018,08,28,22,12.8,52,Moderate,-999.0,UG/M3,1 Hr,Missing
Tashkent,PM2.5 - Principal,2018-08-28 11:00 PM,2018,08,28,23,12.8,52,Moderate,-999.0,UG/M3,1 Hr,Missing
Tashkent,PM2.5 - Principal,2018-08-29 12:00 AM,2018,08,29,00,12.8,52,Moderate,-999.0,UG/M3,1 Hr,Missing
Tashkent,PM2.5 - Principal,2018-08-29 01:00 AM,2018,08,29,01,12.8,52,Moderate,-999.0,UG/M3,1 Hr,Missing
Tashkent,PM2.5 - Principal,2018-08-29 01:00 PM,2018,08,29,13,-999.0,-999,N/A,6.0,UG/M3,1 Hr,Valid
Tashkent,PM2.5 - Principal,2018-08-29 02:00 PM,2018,08,29,14,4.8,20,Good,4.0,UG/M3,1 Hr,Valid
Tashkent,PM2.5 - Principal,2018-08-29 03:00 PM,2018,08,29,15,4.8,20,Good,5.0,UG/M3,1 Hr,Valid
Tashkent,PM2.5 - Principal,2018-08-29 04:00 PM,2018,08,29,16,4.9,20,Good,5.0,UG/M3,1 Hr,Valid
Tashkent,PM2.5 - Principal,2018-08-29 05:00 PM,2018,08,29,17,4.9,20,Good,5.0,UG/M3,1 Hr,Valid
Tashkent,PM2.5 - Principal,2018-08-29 06:00 PM,2018,08,29,18,4.9,20,Good,5.0,UG/M3,1 Hr,Valid
Tashkent,PM2.5 - Principal,2018-08-29 07:00 PM,2018,08,29,19,5.8,24,Good,7.0,UG/M3,1 Hr,Valid
Tashkent,PM2.5 - Principal,2018-08-29 08:00 PM,2018,08,29,20,8.0,33,Good,10.0,UG/M3,1 Hr,Valid
Tashkent,PM2.5 - Principal,2018-08-29 09:00 PM,2018,08,29,21,10.0,42,Good,12.0,UG/M3,1 Hr,Valid
Tashkent,PM2.5 - Principal,2018-08-29 10:00 PM,2018,08,29,22,12.0,50,Good,14.0,UG/M3,1 Hr,Valid
Tashkent,PM2.5 - Principal,2018-08-29 11:00 PM,2018,08,29,23,11.0,46,Good,10.0,UG/M3,1 Hr,Valid
Tashkent,PM2.5 - Principal,2018-08-30 12:00 AM,2018,08,30,00,8.5,35,Good,6.0,UG/M3,1 Hr,Valid
Tashkent,PM2.5 - Principal,2018-08-30 01:00 AM,2018,08,30,01,8.2,34,Good,8.0,UG/M3,1 Hr,Valid
Tashkent,PM2.5 - Principal,2018-08-30 02:00 AM,2018,08,30,02,7.6,32,Good,7.0,UG/M3,1 Hr,Valid
Tashkent,PM2.5 - Principal,2018-08-30 03:00 AM,2018,08,30,03,8.3,35,Good,9.0,UG/M3,1 Hr,Valid
Tashkent,PM2.5 - Principal,2018-08-30 04:00 AM,2018,08,30,04,8.1,34,Good,8.0,UG/M3,1 Hr,Valid
Tashkent,PM2.5 - Principal,2018-08-30 05:00 AM,2018,08,30,05,9.0,38,Good,10.0,UG/M3,1 Hr,Valid
Tashkent,PM2.5 - Principal,2018-08-30 06:00 AM,2018,08,30,06,11.0,46,Good,13.0,UG/M3,1 Hr,Valid
Tashkent,PM2.5 - Principal,2018-08-30 07:00 AM,2018,08,30,07,12.5,52,Moderate,14.0,UG/M3,1 Hr,Valid
Tashkent,PM2.5 - Principal,2018-08-30 08:00 AM,2018,08,30,08,17.7,63,Moderate,23.0,UG/M3,1 Hr,Valid
Tashkent,PM2.5 - Principal,2018-08-30 09:00 AM,2018,08,30,09,19.8,67,Moderate,22.0,UG/M3,1 Hr,Valid
Tashkent,PM2.5 - Principal,2018-08-30 10:00 AM,2018,08,30,10,13.4,54,Moderate,7.0,UG/M3,1 Hr,Valid
Tashkent,PM2.5 - Principal,2018-08-30 11:00 AM,2018,08,30,11,8.7,36,Good,4.0,UG/M3,1 Hr,Valid
Tashkent,PM2.5 - Principal,2018-08-30 12:00 PM,2018,08,30,12,8.3,35,Good,8.0,UG/M3,1 Hr,Valid
Tashkent,PM2.5 - Principal,2018-08-30 01:00 PM,2018,08,30,13,10.1,42,Good,12.0,UG/M3,1 Hr,Valid
Tashkent,PM2.5 - Principal,2018-08-30 02:00 PM,2018,08,30,14,9.0,38,Good,8.0,UG/M3,1 Hr,Valid
Tashkent,PM2.5 - Principal,2018-08-30 03:00 PM,2018,08,30,15,6.5,27,Good,4.0,UG/M3,1 Hr,Valid
Tashkent,PM2.5 - Principal,2018-08-30 04:00 PM,2018,08,30,16,5.2,22,Good,4.0,UG/M3,1 Hr,Valid
Tashkent,PM2.5 - Principal,2018-08-30 05:00 PM,2018,08,30,17,6.1,25,Good,7.0,UG/M3,1 Hr,Valid
Tashkent,PM2.5 - Principal,2018-08-30 06:00 PM,2018,08,30,18,7.0,29,Good,8.0,UG/M3,1 Hr,Valid
Tashkent,PM2.5 - Principal,2018-08-30 07:00 PM,2018,08,30,19,8.5,35,Good,10.0,UG/M3,1 Hr,Valid
Tashkent,PM2.5 - Principal,2018-08-30 08:00 PM,2018,08,30,20,10.7,45,Good,13.0,UG/M3,1 Hr,Valid
Tashkent,PM2.5 - Principal,2018-08-30 09:00 PM,2018,08,30,21,12.3,51,Moderate,14.0,UG/M3,1 Hr,Valid
Tashkent,PM2.5 - Principal,2018-08-30 10:00 PM,2018,08,30,22,14.6,56,Moderate,17.0,UG/M3,1 Hr,Valid
Tashkent,PM2.5 - Principal,2018-08-30 11:00 PM,2018,08,30,23,14.3,56,Moderate,14.0,UG/M3,1 Hr,Valid
Tashkent,PM2.5 - Principal,2018-08-31 12:00 AM,2018,08,31,00,15.6,58,Moderate,17.0,UG/M3,1 Hr,Valid
Tashkent,PM2.5 - Principal,2018-08-31 01:00 AM,2018,08,31,01,18.3,64,Moderate,21.0,UG/M3,1 Hr,Valid
Tashkent,PM2.5 - Principal,2018-08-31 02:00 AM,2018,08,31,02,18.1,64,Moderate,18.0,UG/M3,1 Hr,Valid
Tashkent,PM2.5 - Principal,2018-08-31 03:00 AM,2018,08,31,03,24.5,77,Moderate,31.0,UG/M3,1 Hr,Valid
Tashkent,PM2.5 - Principal,2018-08-31 04:00 AM,2018,08,31,04,21.7,71,Moderate,19.0,UG/M3,1 Hr,Valid
Tashkent,PM2.5 - Principal,2018-08-31 05:00 AM,2018,08,31,05,21.8,71,Moderate,22.0,UG/M3,1 Hr,Valid
Tashkent,PM2.5 - Principal,2018-08-31 06:00 AM,2018,08,31,06,22.9,74,Moderate,24.0,UG/M3,1 Hr,Valid
Tashkent,PM2.5 - Principal,2018-08-31 07:00 AM,2018,08,31,07,25.4,79,Moderate,28.0,UG/M3,1 Hr,Valid
Tashkent,PM2.5 - Principal,2018-08-31 08:00 AM,2018,08,31,08,23.7,75,Moderate,22.0,UG/M3,1 Hr,Valid
Tashkent,PM2.5 - Principal,2018-08-31 09:00 AM,2018,08,31,09,25.3,79,Moderate,27.0,UG/M3,1 Hr,Valid
Tashkent,PM2.5 - Principal,2018-08-31 10:00 AM,2018,08,31,10,24.1,76,Moderate,23.0,UG/M3,1 Hr,Valid
Tashkent,PM2.5 - Principal,2018-08-31 11:00 AM,2018,08,31,11,20.9,70,Moderate,17.0,UG/M3,1 Hr,Valid
Tashkent,PM2.5 - Principal,2018-08-31 12:00 PM,2018,08,31,12,20.0,68,Moderate,19.0,UG/M3,1 Hr,Valid
Tashkent,PM2.5 - Principal,2018-08-31 01:00 PM,2018,08,31,13,21.3,70,Moderate,23.0,UG/M3,1 Hr,Valid
Tashkent,PM2.5 - Principal,2018-08-31 02:00 PM,2018,08,31,14,20.3,68,Moderate,19.0,UG/M3,1 Hr,Valid
Tashkent,PM2.5 - Principal,2018-08-31 03:00 PM,2018,08,31,15,16.5,60,Moderate,13.0,UG/M3,1 Hr,Valid
Tashkent,PM2.5 - Principal,2018-08-31 04:00 PM,2018,08,31,16,15.2,58,Moderate,14.0,UG/M3,1 Hr,Valid
Tashkent,PM2.5 - Principal,2018-08-31 05:00 PM,2018,08,31,17,14.6,56,Moderate,14.0,UG/M3,1 Hr,Valid
Tashkent,PM2.5 - Principal,2018-08-31 06:00 PM,2018,08,31,18,12.8,52,Moderate,11.0,UG/M3,1 Hr,Valid
Tashkent,PM2.5 - Principal,2018-08-31 07:00 PM,2018,08,31,19,14.9,57,Moderate,17.0,UG/M3,1 Hr,Valid
Tashkent,PM2.5 - Principal,2018-08-31 08:00 PM,2018,08,31,20,26.4,81,Moderate,38.0,UG/M3,1 Hr,Valid
Tashkent,PM2.5 - Principal,2018-08-31 09:00 PM,2018,08,31,21,30.7,90,Moderate,35.0,UG/M3,1 Hr,Valid
Tashkent,PM2.5 - Principal,2018-08-31 10:00 PM,2018,08,31,22,28.3,85,Moderate,26.0,UG/M3,1 Hr,Valid
Tashkent,PM2.5 - Principal,2018-08-31 11:00 PM,2018,08,31,23,26.6,81,Moderate,25.0,UG/M3,1 Hr,Valid
Tashkent,PM2.5 - Principal,2018-09-01 12:00 AM,2018,09,01,00,30.8,90,Moderate,35.0,UG/M3,1 Hr,Valid
Tashkent,PM2.5 - Principal,2018-09-01 01:00 AM,2018,09,01,01,29.9,88,Moderate,29.0,UG/M3,1 Hr,Valid
Tashkent,PM2.5 - Principal,2018-09-01 02:00 AM,2018,09,01,02,24.9,78,Moderate,20.0,UG/M3,1 Hr,Valid
Tashkent,PM2.5 - Principal,2018-09-01 03:00 AM,2018,09,01,03,29.4,87,Moderate,34.0,UG/M3,1 Hr,Valid
Tashkent,PM2.5 - Principal,2018-09-01 04:00 AM,2018,09,01,04,31.2,91,Moderate,33.0,UG/M3,1 Hr,Valid
Tashkent,PM2.5 - Principal,2018-09-01 05:00 AM,2018,09,01,05,41.6,116,Unhealthy for Sensitive Groups,52.0,UG/M3,1 Hr,Valid
Tashkent,PM2.5 - Principal,2018-09-01 06:00 AM,2018,09,01,06,33.8,97,Moderate,26.0,UG/M3,1 Hr,Valid
Tashkent,PM2.5 - Principal,2018-09-01 07:00 AM,2018,09,01,07,27.4,83,Moderate,21.0,UG/M3,1 Hr,Valid
Tashkent,PM2.5 - Principal,2018-09-01 08:00 AM,2018,09,01,08,26.7,82,Moderate,26.0,UG/M3,1 Hr,Valid
Tashkent,PM2.5 - Principal,2018-09-01 09:00 AM,2018,09,01,09,26.3,81,Moderate,26.0,UG/M3,1 Hr,Valid
Tashkent,PM2.5 - Principal,2018-09-01 10:00 AM,2018,09,01,10,29.1,87,Moderate,32.0,UG/M3,1 Hr,Valid
Tashkent,PM2.5 - Principal,2018-09-01 11:00 AM,2018,09,01,11,26.0,80,Moderate,23.0,UG/M3,1 Hr,Valid
Tashkent,PM2.5 - Principal,2018-09-01 12:00 PM,2018,09,01,12,23.5,75,Moderate,21.0,UG/M3,1 Hr,Valid
Tashkent,PM2.5 - Principal,2018-09-01 01:00 PM,2018,09,01,13,17.7,63,Moderate,12.0,UG/M3,1 Hr,Valid
Tashkent,PM2.5 - Principal,2018-09-01 02:00 PM,2018,09,01,14,14.3,56,Moderate,11.0,UG/M3,1 Hr,Valid
Tashkent,PM2.5 - Principal,2018-09-01 03:00 PM,2018,09,01,15,11.1,46,Good,8.0,UG/M3,1 Hr,Valid
Tashkent,PM2.5 - Principal,2018-09-01 04:00 PM,2018,09,01,16,10.0,42,Good,9.0,UG/M3,1 Hr,Valid
Tashkent,PM2.5 - Principal,2018-09-01 05:00 PM,2018,09,01,17,9.5,40,Good,9.0,UG/M3,1 Hr,Valid
Tashkent,PM2.5 - Principal,2018-09-01 06:00 PM,2018,09,01,18,8.7,36,Good,8.0,UG/M3,1 Hr,Valid
Tashkent,PM2.5 - Principal,2018-09-01 07:00 PM,2018,09,01,19,11.3,47,Good,14.0,UG/M3,1 Hr,Valid
Tashkent,PM2.5 - Principal,2018-09-01 08:00 PM,2018,09,01,20,13.1,53,Moderate,15.0,UG/M3,1 Hr,Valid
Tashkent,PM2.5 - Principal,2018-09-01 09:00 PM,2018,09,01,21,17.5,62,Moderate,22.0,UG/M3,1 Hr,Valid
Tashkent,PM2.5 - Principal,2018-09-01 10:00 PM,2018,09,01,22,16.2,60,Moderate,15.0,UG/M3,1 Hr,Valid
Tashkent,PM2.5 - Principal,2018-09-01 11:00 PM,2018,09,01,23,13.1,53,Moderate,10.0,UG/M3,1 Hr,Valid
Tashkent,PM2.5 - Principal,2018-09-02 12:00 AM,2018,09,02,00,11.5,48,Good,10.0,UG/M3,1 Hr,Valid
Tashkent,PM2.5 - Principal,2018-09-02 01:00 AM,2018,09,02,01,10.7,45,Good,10.0,UG/M3,1 Hr,Valid
Tashkent,PM2.5 - Principal,2018-09-02 02:00 AM,2018,09,02,02,8.8,37,Good,7.0,UG/M3,1 Hr,Valid
Tashkent,PM2.5 - Principal,2018-09-02 03:00 AM,2018,09,02,03,10.9,45,Good,13.0,UG/M3,1 Hr,Valid
Tashkent,PM2.5 - Principal,2018-09-02 04:00 AM,2018,09,02,04,12.9,53,Moderate,15.0,UG/M3,1 Hr,Valid
Tashkent,PM2.5 - Principal,2018-09-02 05:00 AM,2018,09,02,05,14.9,57,Moderate,17.0,UG/M3,1 Hr,Valid
Tashkent,PM2.5 - Principal,2018-09-02 06:00 AM,2018,09,02,06,17.4,62,Moderate,20.0,UG/M3,1 Hr,Valid
Tashkent,PM2.5 - Principal,2018-09-02 07:00 AM,2018,09,02,07,19.7,67,Moderate,22.0,UG/M3,1 Hr,Valid
Tashkent,PM2.5 - Principal,2018-09-02 08:00 AM,2018,09,02,08,24.8,78,Moderate,30.0,UG/M3,1 Hr,Valid
Tashkent,PM2.5 - Principal,2018-09-02 09:00 AM,2018,09,02,09,23.9,76,Moderate,23.0,UG/M3,1 Hr,Valid
Tashkent,PM2.5 - Principal,2018-09-02 10:00 AM,2018,09,02,10,20.4,68,Moderate,17.0,UG/M3,1 Hr,Valid
Tashkent,PM2.5 - Principal,2018-09-02 11:00 AM,2018,09,02,11,18.2,64,Moderate,16.0,UG/M3,1 Hr,Valid
Tashkent,PM2.5 - Principal,2018-09-02 12:00 PM,2018,09,02,12,19.6,67,Moderate,21.0,UG/M3,1 Hr,Valid
Tashkent,PM2.5 - Principal,2018-09-02 01:00 PM,2018,09,02,13,26.8,82,Moderate,34.0,UG/M3,1 Hr,Valid
Tashkent,PM2.5 - Principal,2018-09-02 02:00 PM,2018,09,02,14,24.4,77,Moderate,22.0,UG/M3,1 Hr,Valid
Tashkent,PM2.5 - Principal,2018-09-02 03:00 PM,2018,09,02,15,20.2,68,Moderate,16.0,UG/M3,1 Hr,Valid
Tashkent,PM2.5 - Principal,2018-09-02 04:00 PM,2018,09,02,16,14.6,56,Moderate,9.0,UG/M3,1 Hr,Valid
Tashkent,PM2.5 - Principal,2018-09-02 05:00 PM,2018,09,02,17,12.8,52,Moderate,11.0,UG/M3,1 Hr,Valid
Tashkent,PM2.5 - Principal,2018-09-02 06:00 PM,2018,09,02,18,11.3,47,Good,10.0,UG/M3,1 Hr,Valid
Tashkent,PM2.5 - Principal,2018-09-02 07:00 PM,2018,09,02,19,18.1,64,Moderate,25.0,UG/M3,1 Hr,Valid
Tashkent,PM2.5 - Principal,2018-09-02 08:00 PM,2018,09,02,20,19.5,67,Moderate,21.0,UG/M3,1 Hr,Valid
Tashkent,PM2.5 - Principal,2018-09-02 09:00 PM,2018,09,02,21,20.7,69,Moderate,22.0,UG/M3,1 Hr,Valid
Tashkent,PM2.5 - Principal,2018-09-02 10:00 PM,2018,09,02,22,21.4,71,Moderate,22.0,UG/M3,1 Hr,Valid
Tashkent,PM2.5 - Principal,2018-09-02 11:00 PM,2018,09,02,23,22.2,72,Moderate,23.0,UG/M3,1 Hr,Valid
Tashkent,PM2.5 - Principal,2018-09-03 12:00 AM,2018,09,03,00,21.6,71,Moderate,21.0,UG/M3,1 Hr,Valid
Tashkent,PM2.5 - Principal,2018-09-03 01:00 AM,2018,09,03,01,22.2,72,Moderate,23.0,UG/M3,1 Hr,Valid
Tashkent,PM2.5 - Principal,2018-09-03 02:00 AM,2018,09,03,02,24.1,76,Moderate,26.0,UG/M3,1 Hr,Valid
Tashkent,PM2.5 - Principal,2018-09-03 03:00 AM,2018,09,03,03,32.0,93,Moderate,40.0,UG/M3,1 Hr,Valid
Tashkent,PM2.5 - Principal,2018-09-03 04:00 AM,2018,09,03,04,37.0,105,Unhealthy for Sensitive Groups,42.0,UG/M3,1 Hr,Valid
Tashkent,PM2.5 - Principal,2018-09-03 05:00 AM,2018,09,03,05,45.0,124,Unhealthy for Sensitive Groups,53.0,UG/M3,1 Hr,Valid
Tashkent,PM2.5 - Principal,2018-09-03 06:00 AM,2018,09,03,06,57.5,152,Unhealthy,70.0,UG/M3,1 Hr,Valid
Tashkent,PM2.5 - Principal,2018-09-03 07:00 AM,2018,09,03,07,76.2,162,Unhealthy,95.0,UG/M3,1 Hr,Valid
Tashkent,PM2.5 - Principal,2018-09-03 08:00 AM,2018,09,03,08,91.1,169,Unhealthy,106.0,UG/M3,1 Hr,Valid
Tashkent,PM2.5 - Principal,2018-09-03 09:00 AM,2018,09,03,09,95.5,172,Unhealthy,100.0,UG/M3,1 Hr,Valid
Tashkent,PM2.5 - Principal,2018-09-03 10:00 AM,2018,09,03,10,86.2,167,Unhealthy,77.0,UG/M3,1 Hr,Valid
Tashkent,PM2.5 - Principal,2018-09-03 11:00 AM,2018,09,03,11,77.1,162,Unhealthy,68.0,UG/M3,1 Hr,Valid
Tashkent,PM2.5 - Principal,2018-09-03 12:00 PM,2018,09,03,12,70.0,158,Unhealthy,63.0,UG/M3,1 Hr,Valid
Tashkent,PM2.5 - Principal,2018-09-03 01:00 PM,2018,09,03,13,56.5,152,Unhealthy,43.0,UG/M3,1 Hr,Valid
Tashkent,PM2.5 - Principal,2018-09-03 02:00 PM,2018,09,03,14,45.2,125,Unhealthy for Sensitive Groups,34.0,UG/M3,1 Hr,Valid
Tashkent,PM2.5 - Principal,2018-09-03 03:00 PM,2018,09,03,15,37.1,105,Unhealthy for Sensitive Groups,29.0,UG/M3,1 Hr,Valid
Tashkent,PM2.5 - Principal,2018-09-03 04:00 PM,2018,09,03,16,30.0,89,Moderate,23.0,UG/M3,1 Hr,Valid
Tashkent,PM2.5 - Principal,2018-09-03 05:00 PM,2018,09,03,17,23.0,74,Moderate,16.0,UG/M3,1 Hr,Valid
Tashkent,PM2.5 - Principal,2018-09-03 06:00 PM,2018,09,03,18,20.0,68,Moderate,17.0,UG/M3,1 Hr,Valid
Tashkent,PM2.5 - Principal,2018-09-03 07:00 PM,2018,09,03,19,22.4,73,Moderate,25.0,UG/M3,1 Hr,Valid
Tashkent,PM2.5 - Principal,2018-09-03 08:00 PM,2018,09,03,20,30.7,90,Moderate,39.0,UG/M3,1 Hr,Valid
Tashkent,PM2.5 - Principal,2018-09-03 09:00 PM,2018,09,03,21,35.8,102,Unhealthy for Sensitive Groups,41.0,UG/M3,1 Hr,Valid
Tashkent,PM2.5 - Principal,2018-09-03 10:00 PM,2018,09,03,22,33.4,96,Moderate,31.0,UG/M3,1 Hr,Valid
Tashkent,PM2.5 - Principal,2018-09-03 11:00 PM,2018,09,03,23,38.7,109,Unhealthy for Sensitive Groups,44.0,UG/M3,1 Hr,Valid
Tashkent,PM2.5 - Principal,2018-09-04 12:00 AM,2018,09,04,00,37.3,105,Unhealthy for Sensitive Groups,36.0,UG/M3,1 Hr,Valid
Tashkent,PM2.5 - Principal,2018-09-04 01:00 AM,2018,09,04,01,34.1,97,Moderate,31.0,UG/M3,1 Hr,Valid
Tashkent,PM2.5 - Principal,2018-09-04 02:00 AM,2018,09,04,02,33.0,95,Moderate,32.0,UG/M3,1 Hr,Valid
Tashkent,PM2.5 - Principal,2018-09-04 03:00 AM,2018,09,04,03,38.0,107,Unhealthy for Sensitive Groups,43.0,UG/M3,1 Hr,Valid
Tashkent,PM2.5 - Principal,2018-09-04 04:00 AM,2018,09,04,04,41.0,115,Unhealthy for Sensitive Groups,44.0,UG/M3,1 Hr,Valid
Tashkent,PM2.5 - Principal,2018-09-04 05:00 AM,2018,09,04,05,41.5,116,Unhealthy for Sensitive Groups,42.0,UG/M3,1 Hr,Valid
Tashkent,PM2.5 - Principal,2018-09-04 06:00 AM,2018,09,04,06,39.7,111,Unhealthy for Sensitive Groups,38.0,UG/M3,1 Hr,Valid
Tashkent,PM2.5 - Principal,2018-09-04 07:00 AM,2018,09,04,07,38.7,109,Unhealthy for Sensitive Groups,37.0,UG/M3,1 Hr,Valid
Tashkent,PM2.5 - Principal,2018-09-04 08:00 AM,2018,09,04,08,37.9,107,Unhealthy for Sensitive Groups,36.0,UG/M3,1 Hr,Valid
Tashkent,PM2.5 - Principal,2018-09-04 09:00 AM,2018,09,04,09,29.0,87,Moderate,21.0,UG/M3,1 Hr,Valid
Tashkent,PM2.5 - Principal,2018-09-04 10:00 AM,2018,09,04,10,21.5,71,Moderate,14.0,UG/M3,1 Hr,Valid
Tashkent,PM2.5 - Principal,2018-09-04 11:00 AM,2018,09,04,11,21.7,71,Moderate,22.0,UG/M3,1 Hr,Valid
Tashkent,PM2.5 - Principal,2018-09-04 12:00 PM,2018,09,04,12,23.3,75,Moderate,25.0,UG/M3,1 Hr,Valid
Tashkent,PM2.5 - Principal,2018-09-04 01:00 PM,2018,09,04,13,26.1,80,Moderate,29.0,UG/M3,1 Hr,Valid
Tashkent,PM2.5 - Principal,2018-09-04 02:00 PM,2018,09,04,14,24.0,76,Moderate,22.0,UG/M3,1 Hr,Valid
Tashkent,PM2.5 - Principal,2018-09-04 03:00 PM,2018,09,04,15,24.0,76,Moderate,24.0,UG/M3,1 Hr,Valid
Tashkent,PM2.5 - Principal,2018-09-04 04:00 PM,2018,09,04,16,22.5,73,Moderate,21.0,UG/M3,1 Hr,Valid
Tashkent,PM2.5 - Principal,2018-09-04 05:00 PM,2018,09,04,17,21.7,71,Moderate,21.0,UG/M3,1 Hr,Valid
Tashkent,PM2.5 - Principal,2018-09-04 06:00 PM,2018,09,04,18,21.8,71,Moderate,22.0,UG/M3,1 Hr,Valid
Tashkent,PM2.5 - Principal,2018-09-04 07:00 PM,2018,09,04,19,27.9,84,Moderate,34.0,UG/M3,1 Hr,Valid
Tashkent,PM2.5 - Principal,2018-09-04 08:00 PM,2018,09,04,20,44.9,124,Unhealthy for Sensitive Groups,62.0,UG/M3,1 Hr,Valid
Tashkent,PM2.5 - Principal,2018-09-04 09:00 PM,2018,09,04,21,55.9,151,Unhealthy,67.0,UG/M3,1 Hr,Valid
Tashkent,PM2.5 - Principal,2018-09-04 10:00 PM,2018,09,04,22,64.0,155,Unhealthy,72.0,UG/M3,1 Hr,Valid
Tashkent,PM2.5 - Principal,2018-09-04 11:00 PM,2018,09,04,23,62.5,155,Unhealthy,61.0,UG/M3,1 Hr,Valid
Tashkent,PM2.5 - Principal,2018-09-05 12:00 AM,2018,09,05,00,63.7,155,Unhealthy,65.0,UG/M3,1 Hr,Valid
Tashkent,PM2.5 - Principal,2018-09-05 01:00 AM,2018,09,05,01,61.3,154,Unhealthy,59.0,UG/M3,1 Hr,Valid
Tashkent,PM2.5 - Principal,2018-09-05 02:00 AM,2018,09,05,02,53.1,144,Unhealthy for Sensitive Groups,45.0,UG/M3,1 Hr,Valid
Tashkent,PM2.5 - Principal,2018-09-05 03:00 AM,2018,09,05,03,44.5,123,Unhealthy for Sensitive Groups,36.0,UG/M3,1 Hr,Valid
Tashkent,PM2.5 - Principal,2018-09-05 04:00 AM,2018,09,05,04,38.3,108,Unhealthy for Sensitive Groups,32.0,UG/M3,1 Hr,Valid
Tashkent,PM2.5 - Principal,2018-09-05 05:00 AM,2018,09,05,05,33.1,95,Moderate,28.0,UG/M3,1 Hr,Valid
Tashkent,PM2.5 - Principal,2018-09-05 06:00 AM,2018,09,05,06,29.5,88,Moderate,26.0,UG/M3,1 Hr,Valid
Tashkent,PM2.5 - Principal,2018-09-05 07:00 AM,2018,09,05,07,31.7,92,Moderate,34.0,UG/M3,1 Hr,Valid
Tashkent,PM2.5 - Principal,2018-09-05 08:00 AM,2018,09,05,08,31.8,92,Moderate,32.0,UG/M3,1 Hr,Valid
Tashkent,PM2.5 - Principal,2018-09-05 09:00 AM,2018,09,05,09,30.4,89,Moderate,29.0,UG/M3,1 Hr,Valid
Tashkent,PM2.5 - Principal,2018-09-05 10:00 AM,2018,09,05,10,29.7,88,Moderate,29.0,UG/M3,1 Hr,Valid
Tashkent,PM2.5 - Principal,2018-09-05 11:00 AM,2018,09,05,11,28.8,86,Moderate,28.0,UG/M3,1 Hr,Valid
Tashkent,PM2.5 - Principal,2018-09-05 12:00 PM,2018,09,05,12,28.4,85,Moderate,28.0,UG/M3,1 Hr,Valid
Tashkent,PM2.5 - Principal,2018-09-05 01:00 PM,2018,09,05,13,27.5,83,Moderate,26.0,UG/M3,1 Hr,Valid
Tashkent,PM2.5 - Principal,2018-09-05 02:00 PM,2018,09,05,14,24.1,76,Moderate,20.0,UG/M3,1 Hr,Valid
Tashkent,PM2.5 - Principal,2018-09-05 03:00 PM,2018,09,05,15,22.5,73,Moderate,20.0,UG/M3,1 Hr,Valid
Tashkent,PM2.5 - Principal,2018-09-05 04:00 PM,2018,09,05,16,19.3,66,Moderate,17.0,UG/M3,1 Hr,Valid
Tashkent,PM2.5 - Principal,2018-09-05 05:00 PM,2018,09,05,17,18.1,64,Moderate,17.0,UG/M3,1 Hr,Valid
Tashkent,PM2.5 - Principal,2018-09-05 06:00 PM,2018,09,05,18,19.5,67,Moderate,21.0,UG/M3,1 Hr,Valid
Tashkent,PM2.5 - Principal,2018-09-05 07:00 PM,2018,09,05,19,25.4,79,Moderate,32.0,UG/M3,1 Hr,Valid
Tashkent,PM2.5 - Principal,2018-09-05 08:00 PM,2018,09,05,20,37.4,106,Unhealthy for Sensitive Groups,49.0,UG/M3,1 Hr,Valid
Tashkent,PM2.5 - Principal,2018-09-05 09:00 PM,2018,09,05,21,40.2,113,Unhealthy for Sensitive Groups,43.0,UG/M3,1 Hr,Valid
Tashkent,PM2.5 - Principal,2018-09-05 10:00 PM,2018,09,05,22,56.1,151,Unhealthy,72.0,UG/M3,1 Hr,Valid
Tashkent,PM2.5 - Principal,2018-09-05 11:00 PM,2018,09,05,23,69.5,158,Unhealthy,83.0,UG/M3,1 Hr,Valid
Tashkent,PM2.5 - Principal,2018-09-06 12:00 AM,2018,09,06,00,66.2,157,Unhealthy,63.0,UG/M3,1 Hr,Valid
Tashkent,PM2.5 - Principal,2018-09-06 01:00 AM,2018,09,06,01,59.1,153,Unhealthy,52.0,UG/M3,1 Hr,Valid
Tashkent,PM2.5 - Principal,2018-09-06 02:00 AM,2018,09,06,02,48.5,133,Unhealthy for Sensitive Groups,38.0,UG/M3,1 Hr,Valid
Tashkent,PM2.5 - Principal,2018-09-06 03:00 AM,2018,09,06,03,42.7,119,Unhealthy for Sensitive Groups,37.0,UG/M3,1 Hr,Valid
Tashkent,PM2.5 - Principal,2018-09-06 04:00 AM,2018,09,06,04,34.8,99,Moderate,27.0,UG/M3,1 Hr,Valid
Tashkent,PM2.5 - Principal,2018-09-06 05:00 AM,2018,09,06,05,29.4,87,Moderate,24.0,UG/M3,1 Hr,Valid
Tashkent,PM2.5 - Principal,2018-09-06 06:00 AM,2018,09,06,06,25.2,79,Moderate,21.0,UG/M3,1 Hr,Valid
Tashkent,PM2.5 - Principal,2018-09-06 07:00 AM,2018,09,06,07,23.1,74,Moderate,21.0,UG/M3,1 Hr,Valid
Tashkent,PM2.5 - Principal,2018-09-06 08:00 AM,2018,09,06,08,31.0,91,Moderate,39.0,UG/M3,1 Hr,Valid
Tashkent,PM2.5 - Principal,2018-09-06 09:00 AM,2018,09,06,09,32.0,93,Moderate,33.0,UG/M3,1 Hr,Valid
Tashkent,PM2.5 - Principal,2018-09-06 10:00 AM,2018,09,06,10,33.0,95,Moderate,34.0,UG/M3,1 Hr,Valid
Tashkent,PM2.5 - Principal,2018-09-06 11:00 AM,2018,09,06,11,36.4,103,Unhealthy for Sensitive Groups,40.0,UG/M3,1 Hr,Valid
Tashkent,PM2.5 - Principal,2018-09-06 12:00 PM,2018,09,06,12,34.7,99,Moderate,33.0,UG/M3,1 Hr,Valid
Tashkent,PM2.5 - Principal,2018-09-06 01:00 PM,2018,09,06,13,32.4,94,Moderate,30.0,UG/M3,1 Hr,Valid
Tashkent,PM2.5 - Principal,2018-09-06 02:00 PM,2018,09,06,14,28.4,85,Moderate,24.0,UG/M3,1 Hr,Valid
Tashkent,PM2.5 - Principal,2018-09-06 03:00 PM,2018,09,06,15,33.9,97,Moderate,40.0,UG/M3,1 Hr,Valid
Tashkent,PM2.5 - Principal,2018-09-06 04:00 PM,2018,09,06,16,60.5,154,Unhealthy,87.0,UG/M3,1 Hr,Valid
Tashkent,PM2.5 - Principal,2018-09-06 05:00 PM,2018,09,06,17,60.2,153,Unhealthy,60.0,UG/M3,1 Hr,Valid
Tashkent,PM2.5 - Principal,2018-09-06 06:00 PM,2018,09,06,18,56.1,151,Unhealthy,52.0,UG/M3,1 Hr,Valid
Tashkent,PM2.5 - Principal,2018-09-06 07:00 PM,2018,09,06,19,52.0,142,Unhealthy for Sensitive Groups,48.0,UG/M3,1 Hr,Valid
Tashkent,PM2.5 - Principal,2018-09-06 08:00 PM,2018,09,06,20,47.5,131,Unhealthy for Sensitive Groups,43.0,UG/M3,1 Hr,Valid
Tashkent,PM2.5 - Principal,2018-09-06 09:00 PM,2018,09,06,21,46.7,129,Unhealthy for Sensitive Groups,46.0,UG/M3,1 Hr,Valid
Tashkent,PM2.5 - Principal,2018-09-06 10:00 PM,2018,09,06,22,33.3,96,Moderate,20.0,UG/M3,1 Hr,Valid
Tashkent,PM2.5 - Principal,2018-09-06 11:00 PM,2018,09,06,23,28.6,86,Moderate,24.0,UG/M3,1 Hr,Valid
Tashkent,PM2.5 - Principal,2018-09-07 12:00 AM,2018,09,07,00,25.3,79,Moderate,22.0,UG/M3,1 Hr,Valid
Tashkent,PM2.5 - Principal,2018-09-07 01:00 AM,2018,09,07,01,21.1,70,Moderate,17.0,UG/M3,1 Hr,Valid
Tashkent,PM2.5 - Principal,2018-09-07 02:00 AM,2018,09,07,02,17.0,61,Moderate,13.0,UG/M3,1 Hr,Valid
Tashkent,PM2.5 - Principal,2018-09-07 03:00 AM,2018,09,07,03,16.5,60,Moderate,16.0,UG/M3,1 Hr,Valid
Tashkent,PM2.5 - Principal,2018-09-07 04:00 AM,2018,09,07,04,16.7,61,Moderate,17.0,UG/M3,1 Hr,Valid
Tashkent,PM2.5 - Principal,2018-09-07 05:00 AM,2018,09,07,05,14.3,56,Moderate,12.0,UG/M3,1 Hr,Valid
Tashkent,PM2.5 - Principal,2018-09-07 06:00 AM,2018,09,07,06,17.1,62,Moderate,20.0,UG/M3,1 Hr,Valid
Tashkent,PM2.5 - Principal,2018-09-07 07:00 AM,2018,09,07,07,21.0,70,Moderate,25.0,UG/M3,1 Hr,Valid
Tashkent,PM2.5 - Principal,2018-09-07 08:00 AM,2018,09,07,08,26.5,81,Moderate,32.0,UG/M3,1 Hr,Valid
Tashkent,PM2.5 - Principal,2018-09-07 09:00 AM,2018,09,07,09,24.7,77,Moderate,23.0,UG/M3,1 Hr,Valid
Tashkent,PM2.5 - Principal,2018-09-07 10:00 AM,2018,09,07,10,21.3,70,Moderate,18.0,UG/M3,1 Hr,Valid
Tashkent,PM2.5 - Principal,2018-09-07 11:00 AM,2018,09,07,11,21.6,71,Moderate,22.0,UG/M3,1 Hr,Valid
Tashkent,PM2.5 - Principal,2018-09-07 12:00 PM,2018,09,07,12,20.8,69,Moderate,20.0,UG/M3,1 Hr,Valid
Tashkent,PM2.5 - Principal,2018-09-07 01:00 PM,2018,09,07,13,17.4,62,Moderate,14.0,UG/M3,1 Hr,Valid
Tashkent,PM2.5 - Principal,2018-09-07 02:00 PM,2018,09,07,14,14.2,55,Moderate,11.0,UG/M3,1 Hr,Valid
Tashkent,PM2.5 - Principal,2018-09-07 03:00 PM,2018,09,07,15,14.1,55,Moderate,14.0,UG/M3,1 Hr,Valid
Tashkent,PM2.5 - Principal,2018-09-07 04:00 PM,2018,09,07,16,18.5,64,Moderate,23.0,UG/M3,1 Hr,Valid
Tashkent,PM2.5 - Principal,2018-09-07 05:00 PM,2018,09,07,17,18.7,65,Moderate,19.0,UG/M3,1 Hr,Valid
Tashkent,PM2.5 - Principal,2018-09-07 06:00 PM,2018,09,07,18,13.3,54,Moderate,8.0,UG/M3,1 Hr,Valid
Tashkent,PM2.5 - Principal,2018-09-07 07:00 PM,2018,09,07,19,15.1,57,Moderate,17.0,UG/M3,1 Hr,Valid
Tashkent,PM2.5 - Principal,2018-09-07 08:00 PM,2018,09,07,20,18.5,64,Moderate,22.0,UG/M3,1 Hr,Valid
Tashkent,PM2.5 - Principal,2018-09-07 09:00 PM,2018,09,07,21,19.2,66,Moderate,20.0,UG/M3,1 Hr,Valid
Tashkent,PM2.5 - Principal,2018-09-07 10:00 PM,2018,09,07,22,16.6,60,Moderate,14.0,UG/M3,1 Hr,Valid
Tashkent,PM2.5 - Principal,2018-09-07 11:00 PM,2018,09,07,23,15.3,58,Moderate,14.0,UG/M3,1 Hr,Valid
Tashkent,PM2.5 - Principal,2018-09-08 12:00 AM,2018,09,08,00,12.1,51,Moderate,9.0,UG/M3,1 Hr,Valid
Tashkent,PM2.5 - Principal,2018-09-08 01:00 AM,2018,09,08,01,10.0,42,Good,8.0,UG/M3,1 Hr,Valid
Tashkent,PM2.5 - Principal,2018-09-08 02:00 AM,2018,09,08,02,9.0,38,Good,8.0,UG/M3,1 Hr,Valid
Tashkent,PM2.5 - Principal,2018-09-08 03:00 AM,2018,09,08,03,9.5,40,Good,10.0,UG/M3,1 Hr,Valid
Tashkent,PM2.5 - Principal,2018-09-08 04:00 AM,2018,09,08,04,9.7,40,Good,10.0,UG/M3,1 Hr,Valid
Tashkent,PM2.5 - Principal,2018-09-08 05:00 AM,2018,09,08,05,9.8,41,Good,10.0,UG/M3,1 Hr,Valid
Tashkent,PM2.5 - Principal,2018-09-08 06:00 AM,2018,09,08,06,10.9,45,Good,12.0,UG/M3,1 Hr,Valid
Tashkent,PM2.5 - Principal,2018-09-08 07:00 AM,2018,09,08,07,12.4,52,Moderate,14.0,UG/M3,1 Hr,Valid
Tashkent,PM2.5 - Principal,2018-09-08 08:00 AM,2018,09,08,08,15.2,58,Moderate,18.0,UG/M3,1 Hr,Valid
Tashkent,PM2.5 - Principal,2018-09-08 09:00 AM,2018,09,08,09,24.6,77,Moderate,34.0,UG/M3,1 Hr,Valid
Tashkent,PM2.5 - Principal,2018-09-08 10:00 AM,2018,09,08,10,25.8,80,Moderate,27.0,UG/M3,1 Hr,Valid
Tashkent,PM2.5 - Principal,2018-09-08 11:00 AM,2018,09,08,11,16.4,60,Moderate,7.0,UG/M3,1 Hr,Valid
Tashkent,PM2.5 - Principal,2018-09-08 12:00 PM,2018,09,08,12,10.7,45,Good,5.0,UG/M3,1 Hr,Valid
Tashkent,PM2.5 - Principal,2018-09-08 01:00 PM,2018,09,08,13,9.3,39,Good,8.0,UG/M3,1 Hr,Valid
Tashkent,PM2.5 - Principal,2018-09-08 02:00 PM,2018,09,08,14,9.1,38,Good,9.0,UG/M3,1 Hr,Valid
Tashkent,PM2.5 - Principal,2018-09-08 03:00 PM,2018,09,08,15,10.5,44,Good,12.0,UG/M3,1 Hr,Valid
Tashkent,PM2.5 - Principal,2018-09-08 04:00 PM,2018,09,08,16,8.2,34,Good,6.0,UG/M3,1 Hr,Valid
Tashkent,PM2.5 - Principal,2018-09-08 05:00 PM,2018,09,08,17,5.6,23,Good,3.0,UG/M3,1 Hr,Valid
Tashkent,PM2.5 - Principal,2018-09-08 06:00 PM,2018,09,08,18,7.3,30,Good,9.0,UG/M3,1 Hr,Valid
Tashkent,PM2.5 - Principal,2018-09-08 07:00 PM,2018,09,08,19,12.1,51,Moderate,17.0,UG/M3,1 Hr,Valid
Tashkent,PM2.5 - Principal,2018-09-08 08:00 PM,2018,09,08,20,12.0,50,Good,12.0,UG/M3,1 Hr,Valid
Tashkent,PM2.5 - Principal,2018-09-08 09:00 PM,2018,09,08,21,15.0,57,Moderate,18.0,UG/M3,1 Hr,Valid
Tashkent,PM2.5 - Principal,2018-09-08 10:00 PM,2018,09,08,22,14.0,55,Moderate,13.0,UG/M3,1 Hr,Valid
Tashkent,PM2.5 - Principal,2018-09-08 11:00 PM,2018,09,08,23,13.0,53,Moderate,12.0,UG/M3,1 Hr,Valid
Tashkent,PM2.5 - Principal,2018-09-09 12:00 AM,2018,09,09,00,12.5,52,Moderate,12.0,UG/M3,1 Hr,Valid
Tashkent,PM2.5 - Principal,2018-09-09 01:00 AM,2018,09,09,01,13.7,54,Moderate,15.0,UG/M3,1 Hr,Valid
Tashkent,PM2.5 - Principal,2018-09-09 02:00 AM,2018,09,09,02,12.8,52,Moderate,12.0,UG/M3,1 Hr,Valid
Tashkent,PM2.5 - Principal,2018-09-09 03:00 AM,2018,09,09,03,12.9,53,Moderate,13.0,UG/M3,1 Hr,Valid
Tashkent,PM2.5 - Principal,2018-09-09 04:00 AM,2018,09,09,04,11.9,50,Good,11.0,UG/M3,1 Hr,Valid
Tashkent,PM2.5 - Principal,2018-09-09 05:00 AM,2018,09,09,05,15.4,58,Moderate,19.0,UG/M3,1 Hr,Valid
Tashkent,PM2.5 - Principal,2018-09-09 06:00 AM,2018,09,09,06,16.2,60,Moderate,18.0,UG/M3,1 Hr,Valid
Tashkent,PM2.5 - Principal,2018-09-09 07:00 AM,2018,09,09,07,19.8,67,Moderate,23.0,UG/M3,1 Hr,Valid
Tashkent,PM2.5 - Principal,2018-09-09 08:00 AM,2018,09,09,08,24.4,77,Moderate,29.0,UG/M3,1 Hr,Valid
Tashkent,PM2.5 - Principal,2018-09-09 09:00 AM,2018,09,09,09,27.2,83,Moderate,30.0,UG/M3,1 Hr,Valid
Tashkent,PM2.5 - Principal,2018-09-09 10:00 AM,2018,09,09,10,27.6,84,Moderate,28.0,UG/M3,1 Hr,Valid
Tashkent,PM2.5 - Principal,2018-09-09 11:00 AM,2018,09,09,11,32.8,95,Moderate,38.0,UG/M3,1 Hr,Valid
Tashkent,PM2.5 - Principal,2018-09-09 12:00 PM,2018,09,09,12,33.9,97,Moderate,35.0,UG/M3,1 Hr,Valid
Tashkent,PM2.5 - Principal,2018-09-09 01:00 PM,2018,09,09,13,32.9,95,Moderate,32.0,UG/M3,1 Hr,Valid
Tashkent,PM2.5 - Principal,2018-09-09 02:00 PM,2018,09,09,14,31.9,93,Moderate,31.0,UG/M3,1 Hr,Valid
Tashkent,PM2.5 - Principal,2018-09-09 03:00 PM,2018,09,09,15,31.4,92,Moderate,31.0,UG/M3,1 Hr,Valid
Tashkent,PM2.5 - Principal,2018-09-09 04:00 PM,2018,09,09,16,22.7,73,Moderate,14.0,UG/M3,1 Hr,Valid
Tashkent,PM2.5 - Principal,2018-09-09 05:00 PM,2018,09,09,17,18.8,65,Moderate,15.0,UG/M3,1 Hr,Valid
Tashkent,PM2.5 - Principal,2018-09-09 06:00 PM,2018,09,09,18,19.4,66,Moderate,20.0,UG/M3,1 Hr,Valid
Tashkent,PM2.5 - Principal,2018-09-09 07:00 PM,2018,09,09,19,27.2,83,Moderate,35.0,UG/M3,1 Hr,Valid
Tashkent,PM2.5 - Principal,2018-09-09 08:00 PM,2018,09,09,20,40.1,112,Unhealthy for Sensitive Groups,53.0,UG/M3,1 Hr,Valid
Tashkent,PM2.5 - Principal,2018-09-09 09:00 PM,2018,09,09,21,51.0,139,Unhealthy for Sensitive Groups,62.0,UG/M3,1 Hr,Valid
Tashkent,PM2.5 - Principal,2018-09-09 10:00 PM,2018,09,09,22,62.5,155,Unhealthy,74.0,UG/M3,1 Hr,Valid
Tashkent,PM2.5 - Principal,2018-09-09 11:00 PM,2018,09,09,23,61.2,154,Unhealthy,60.0,UG/M3,1 Hr,Valid
Tashkent,PM2.5 - Principal,2018-09-10 12:00 AM,2018,09,10,00,57.1,152,Unhealthy,53.0,UG/M3,1 Hr,Valid
Tashkent,PM2.5 - Principal,2018-09-10 01:00 AM,2018,09,10,01,49.0,134,Unhealthy for Sensitive Groups,41.0,UG/M3,1 Hr,Valid
Tashkent,PM2.5 - Principal,2018-09-10 02:00 AM,2018,09,10,02,48.5,133,Unhealthy for Sensitive Groups,48.0,UG/M3,1 Hr,Valid
Tashkent,PM2.5 - Principal,2018-09-10 03:00 AM,2018,09,10,03,47.2,130,Unhealthy for Sensitive Groups,46.0,UG/M3,1 Hr,Valid
Tashkent,PM2.5 - Principal,2018-09-10 04:00 AM,2018,09,10,04,41.1,115,Unhealthy for Sensitive Groups,35.0,UG/M3,1 Hr,Valid
Tashkent,PM2.5 - Principal,2018-09-10 05:00 AM,2018,09,10,05,31.5,92,Moderate,22.0,UG/M3,1 Hr,Valid
Tashkent,PM2.5 - Principal,2018-09-10 06:00 AM,2018,09,10,06,24.7,77,Moderate,18.0,UG/M3,1 Hr,Valid
Tashkent,PM2.5 - Principal,2018-09-10 07:00 AM,2018,09,10,07,23.3,75,Moderate,22.0,UG/M3,1 Hr,Valid
Tashkent,PM2.5 - Principal,2018-09-10 08:00 AM,2018,09,10,08,23.6,75,Moderate,24.0,UG/M3,1 Hr,Valid
Tashkent,PM2.5 - Principal,2018-09-10 09:00 AM,2018,09,10,09,21.3,70,Moderate,19.0,UG/M3,1 Hr,Valid
Tashkent,PM2.5 - Principal,2018-09-10 10:00 AM,2018,09,10,10,23.1,74,Moderate,25.0,UG/M3,1 Hr,Valid
Tashkent,PM2.5 - Principal,2018-09-10 11:00 AM,2018,09,10,11,14.5,56,Moderate,6.0,UG/M3,1 Hr,Valid
Tashkent,PM2.5 - Principal,2018-09-10 12:00 PM,2018,09,10,12,26.2,81,Moderate,38.0,UG/M3,1 Hr,Valid
Tashkent,PM2.5 - Principal,2018-09-10 01:00 PM,2018,09,10,13,28.6,86,Moderate,31.0,UG/M3,1 Hr,Valid
Tashkent,PM2.5 - Principal,2018-09-10 02:00 PM,2018,09,10,14,24.8,78,Moderate,21.0,UG/M3,1 Hr,Valid
Tashkent,PM2.5 - Principal,2018-09-10 03:00 PM,2018,09,10,15,22.9,74,Moderate,21.0,UG/M3,1 Hr,Valid
Tashkent,PM2.5 - Principal,2018-09-10 04:00 PM,2018,09,10,16,20.4,68,Moderate,18.0,UG/M3,1 Hr,Valid
Tashkent,PM2.5 - Principal,2018-09-10 05:00 PM,2018,09,10,17,17.2,62,Moderate,14.0,UG/M3,1 Hr,Valid
Tashkent,PM2.5 - Principal,2018-09-10 06:00 PM,2018,09,10,18,23.1,74,Moderate,29.0,UG/M3,1 Hr,Valid
Tashkent,PM2.5 - Principal,2018-09-10 07:00 PM,2018,09,10,19,44.0,122,Unhealthy for Sensitive Groups,65.0,UG/M3,1 Hr,Valid
Tashkent,PM2.5 - Principal,2018-09-10 08:00 PM,2018,09,10,20,44.5,123,Unhealthy for Sensitive Groups,45.0,UG/M3,1 Hr,Valid
Tashkent,PM2.5 - Principal,2018-09-10 09:00 PM,2018,09,10,21,45.7,126,Unhealthy for Sensitive Groups,47.0,UG/M3,1 Hr,Valid
Tashkent,PM2.5 - Principal,2018-09-10 10:00 PM,2018,09,10,22,37.3,105,Unhealthy for Sensitive Groups,29.0,UG/M3,1 Hr,Valid
Tashkent,PM2.5 - Principal,2018-09-10 11:00 PM,2018,09,10,23,37.6,106,Unhealthy for Sensitive Groups,38.0,UG/M3,1 Hr,Valid
Tashkent,PM2.5 - Principal,2018-09-11 12:00 AM,2018,09,11,00,36.8,104,Unhealthy for Sensitive Groups,36.0,UG/M3,1 Hr,Valid
Tashkent,PM2.5 - Principal,2018-09-11 01:00 AM,2018,09,11,01,38.9,109,Unhealthy for Sensitive Groups,41.0,UG/M3,1 Hr,Valid
Tashkent,PM2.5 - Principal,2018-09-11 02:00 AM,2018,09,11,02,41.4,116,Unhealthy for Sensitive Groups,44.0,UG/M3,1 Hr,Valid
Tashkent,PM2.5 - Principal,2018-09-11 03:00 AM,2018,09,11,03,42.2,117,Unhealthy for Sensitive Groups,43.0,UG/M3,1 Hr,Valid
Tashkent,PM2.5 - Principal,2018-09-11 04:00 AM,2018,09,11,04,40.6,114,Unhealthy for Sensitive Groups,39.0,UG/M3,1 Hr,Valid
Tashkent,PM2.5 - Principal,2018-09-11 05:00 AM,2018,09,11,05,37.8,107,Unhealthy for Sensitive Groups,35.0,UG/M3,1 Hr,Valid
Tashkent,PM2.5 - Principal,2018-09-11 06:00 AM,2018,09,11,06,40.9,114,Unhealthy for Sensitive Groups,44.0,UG/M3,1 Hr,Valid
Tashkent,PM2.5 - Principal,2018-09-11 07:00 AM,2018,09,11,07,41.1,115,Unhealthy for Sensitive Groups,42.0,UG/M3,1 Hr,Valid
Tashkent,PM2.5 - Principal,2018-09-11 08:00 AM,2018,09,11,08,39.1,110,Unhealthy for Sensitive Groups,36.0,UG/M3,1 Hr,Valid
Tashkent,PM2.5 - Principal,2018-09-11 09:00 AM,2018,09,11,09,38.4,108,Unhealthy for Sensitive Groups,37.0,UG/M3,1 Hr,Valid
Tashkent,PM2.5 - Principal,2018-09-11 10:00 AM,2018,09,11,10,38.3,108,Unhealthy for Sensitive Groups,36.0,UG/M3,1 Hr,Valid
Tashkent,PM2.5 - Principal,2018-09-11 11:00 AM,2018,09,11,11,37.6,106,Unhealthy for Sensitive Groups,35.0,UG/M3,1 Hr,Valid
Tashkent,PM2.5 - Principal,2018-09-11 12:00 PM,2018,09,11,12,35.7,101,Unhealthy for Sensitive Groups,32.0,UG/M3,1 Hr,Valid
Tashkent,PM2.5 - Principal,2018-09-11 01:00 PM,2018,09,11,13,29.5,88,Moderate,24.0,UG/M3,1 Hr,Valid
Tashkent,PM2.5 - Principal,2018-09-11 02:00 PM,2018,09,11,14,21.4,71,Moderate,14.0,UG/M3,1 Hr,Valid
Tashkent,PM2.5 - Principal,2018-09-11 03:00 PM,2018,09,11,15,16.7,61,Moderate,12.0,UG/M3,1 Hr,Valid
Tashkent,PM2.5 - Principal,2018-09-11 04:00 PM,2018,09,11,16,13.8,55,Moderate,11.0,UG/M3,1 Hr,Valid
Tashkent,PM2.5 - Principal,2018-09-11 05:00 PM,2018,09,11,17,12.9,53,Moderate,12.0,UG/M3,1 Hr,Valid
Tashkent,PM2.5 - Principal,2018-09-11 06:00 PM,2018,09,11,18,15.9,59,Moderate,19.0,UG/M3,1 Hr,Valid
Tashkent,PM2.5 - Principal,2018-09-11 07:00 PM,2018,09,11,19,18.9,65,Moderate,22.0,UG/M3,1 Hr,Valid
Tashkent,PM2.5 - Principal,2018-09-11 08:00 PM,2018,09,11,20,29.4,87,Moderate,40.0,UG/M3,1 Hr,Valid
Tashkent,PM2.5 - Principal,2018-09-11 09:00 PM,2018,09,11,21,39.2,110,Unhealthy for Sensitive Groups,49.0,UG/M3,1 Hr,Valid
Tashkent,PM2.5 - Principal,2018-09-11 10:00 PM,2018,09,11,22,46.1,127,Unhealthy for Sensitive Groups,53.0,UG/M3,1 Hr,Valid
Tashkent,PM2.5 - Principal,2018-09-11 11:00 PM,2018,09,11,23,41.5,116,Unhealthy for Sensitive Groups,37.0,UG/M3,1 Hr,Valid
Tashkent,PM2.5 - Principal,2018-09-12 12:00 AM,2018,09,12,00,44.7,124,Unhealthy for Sensitive Groups,48.0,UG/M3,1 Hr,Valid
Tashkent,PM2.5 - Principal,2018-09-12 01:00 AM,2018,09,12,01,46.8,129,Unhealthy for Sensitive Groups,49.0,UG/M3,1 Hr,Valid
Tashkent,PM2.5 - Principal,2018-09-12 02:00 AM,2018,09,12,02,45.4,125,Unhealthy for Sensitive Groups,44.0,UG/M3,1 Hr,Valid
Tashkent,PM2.5 - Principal,2018-09-12 03:00 AM,2018,09,12,03,44.2,122,Unhealthy for Sensitive Groups,43.0,UG/M3,1 Hr,Valid
Tashkent,PM2.5 - Principal,2018-09-12 04:00 AM,2018,09,12,04,39.1,110,Unhealthy for Sensitive Groups,34.0,UG/M3,1 Hr,Valid
Tashkent,PM2.5 - Principal,2018-09-12 05:00 AM,2018,09,12,05,33.0,95,Moderate,27.0,UG/M3,1 Hr,Valid
Tashkent,PM2.5 - Principal,2018-09-12 06:00 AM,2018,09,12,06,32.5,94,Moderate,32.0,UG/M3,1 Hr,Valid
Tashkent,PM2.5 - Principal,2018-09-12 07:00 AM,2018,09,12,07,29.8,88,Moderate,27.0,UG/M3,1 Hr,Valid
Tashkent,PM2.5 - Principal,2018-09-12 08:00 AM,2018,09,12,08,28.4,85,Moderate,27.0,UG/M3,1 Hr,Valid
Tashkent,PM2.5 - Principal,2018-09-12 09:00 AM,2018,09,12,09,25.1,78,Moderate,22.0,UG/M3,1 Hr,Valid
Tashkent,PM2.5 - Principal,2018-09-12 10:00 AM,2018,09,12,10,23.5,75,Moderate,22.0,UG/M3,1 Hr,Valid
Tashkent,PM2.5 - Principal,2018-09-12 11:00 AM,2018,09,12,11,24.2,76,Moderate,25.0,UG/M3,1 Hr,Valid
Tashkent,PM2.5 - Principal,2018-09-12 12:00 PM,2018,09,12,12,27.6,84,Moderate,31.0,UG/M3,1 Hr,Valid
Tashkent,PM2.5 - Principal,2018-09-12 01:00 PM,2018,09,12,13,26.3,81,Moderate,25.0,UG/M3,1 Hr,Valid
Tashkent,PM2.5 - Principal,2018-09-12 02:00 PM,2018,09,12,14,24.2,76,Moderate,22.0,UG/M3,1 Hr,Valid
Tashkent,PM2.5 - Principal,2018-09-12 03:00 PM,2018,09,12,15,16.5,60,Moderate,9.0,UG/M3,1 Hr,Valid
Tashkent,PM2.5 - Principal,2018-09-12 04:00 PM,2018,09,12,16,11.7,49,Good,7.0,UG/M3,1 Hr,Valid
Tashkent,PM2.5 - Principal,2018-09-12 05:00 PM,2018,09,12,17,8.3,35,Good,5.0,UG/M3,1 Hr,Valid
Tashkent,PM2.5 - Principal,2018-09-12 06:00 PM,2018,09,12,18,7.1,30,Good,6.0,UG/M3,1 Hr,Valid
Tashkent,PM2.5 - Principal,2018-09-12 07:00 PM,2018,09,12,19,9.5,40,Good,12.0,UG/M3,1 Hr,Valid
Tashkent,PM2.5 - Principal,2018-09-12 08:00 PM,2018,09,12,20,14.7,56,Moderate,20.0,UG/M3,1 Hr,Valid
Tashkent,PM2.5 - Principal,2018-09-12 09:00 PM,2018,09,12,21,17.8,63,Moderate,21.0,UG/M3,1 Hr,Valid
Tashkent,PM2.5 - Principal,2018-09-12 10:00 PM,2018,09,12,22,19.9,67,Moderate,22.0,UG/M3,1 Hr,Valid
Tashkent,PM2.5 - Principal,2018-09-12 11:00 PM,2018,09,12,23,18.9,65,Moderate,18.0,UG/M3,1 Hr,Valid
Tashkent,PM2.5 - Principal,2018-09-13 12:00 AM,2018,09,13,00,18.4,64,Moderate,18.0,UG/M3,1 Hr,Valid
Tashkent,PM2.5 - Principal,2018-09-13 01:00 AM,2018,09,13,01,17.2,62,Moderate,16.0,UG/M3,1 Hr,Valid
Tashkent,PM2.5 - Principal,2018-09-13 02:00 AM,2018,09,13,02,14.1,55,Moderate,11.0,UG/M3,1 Hr,Valid
Tashkent,PM2.5 - Principal,2018-09-13 03:00 AM,2018,09,13,03,13.0,53,Moderate,12.0,UG/M3,1 Hr,Valid
Tashkent,PM2.5 - Principal,2018-09-13 04:00 AM,2018,09,13,04,16.0,59,Moderate,19.0,UG/M3,1 Hr,Valid
Tashkent,PM2.5 - Principal,2018-09-13 05:00 AM,2018,09,13,05,17.0,61,Moderate,18.0,UG/M3,1 Hr,Valid
Tashkent,PM2.5 - Principal,2018-09-13 06:00 AM,2018,09,13,06,23.0,74,Moderate,29.0,UG/M3,1 Hr,Valid
Tashkent,PM2.5 - Principal,2018-09-13 07:00 AM,2018,09,13,07,30.0,89,Moderate,37.0,UG/M3,1 Hr,Valid
Tashkent,PM2.5 - Principal,2018-09-13 08:00 AM,2018,09,13,08,26.0,80,Moderate,22.0,UG/M3,1 Hr,Valid
Tashkent,PM2.5 - Principal,2018-09-13 09:00 AM,2018,09,13,09,22.5,73,Moderate,19.0,UG/M3,1 Hr,Valid
Tashkent,PM2.5 - Principal,2018-09-13 10:00 AM,2018,09,13,10,20.2,68,Moderate,18.0,UG/M3,1 Hr,Valid
Tashkent,PM2.5 - Principal,2018-09-13 11:00 AM,2018,09,13,11,23.1,74,Moderate,26.0,UG/M3,1 Hr,Valid
Tashkent,PM2.5 - Principal,2018-09-13 12:00 PM,2018,09,13,12,22.5,73,Moderate,22.0,UG/M3,1 Hr,Valid
Tashkent,PM2.5 - Principal,2018-09-13 01:00 PM,2018,09,13,13,22.2,72,Moderate,22.0,UG/M3,1 Hr,Valid
Tashkent,PM2.5 - Principal,2018-09-13 02:00 PM,2018,09,13,14,16.1,59,Moderate,10.0,UG/M3,1 Hr,Valid
Tashkent,PM2.5 - Principal,2018-09-13 03:00 PM,2018,09,13,15,13.5,54,Moderate,11.0,UG/M3,1 Hr,Valid
Tashkent,PM2.5 - Principal,2018-09-13 04:00 PM,2018,09,13,16,11.2,47,Good,9.0,UG/M3,1 Hr,Valid
Tashkent,PM2.5 - Principal,2018-09-13 05:00 PM,2018,09,13,17,14.1,55,Moderate,17.0,UG/M3,1 Hr,Valid
Tashkent,PM2.5 - Principal,2018-09-13 06:00 PM,2018,09,13,18,18.5,64,Moderate,23.0,UG/M3,1 Hr,Valid
Tashkent,PM2.5 - Principal,2018-09-13 07:00 PM,2018,09,13,19,26.2,81,Moderate,34.0,UG/M3,1 Hr,Valid
Tashkent,PM2.5 - Principal,2018-09-13 08:00 PM,2018,09,13,20,37.1,105,Unhealthy for Sensitive Groups,48.0,UG/M3,1 Hr,Valid
Tashkent,PM2.5 - Principal,2018-09-13 09:00 PM,2018,09,13,21,47.0,129,Unhealthy for Sensitive Groups,57.0,UG/M3,1 Hr,Valid
Tashkent,PM2.5 - Principal,2018-09-13 10:00 PM,2018,09,13,22,50.5,138,Unhealthy for Sensitive Groups,54.0,UG/M3,1 Hr,Valid
Tashkent,PM2.5 - Principal,2018-09-13 11:00 PM,2018,09,13,23,43.7,121,Unhealthy for Sensitive Groups,37.0,UG/M3,1 Hr,Valid
Tashkent,PM2.5 - Principal,2018-09-14 12:00 AM,2018,09,14,00,35.3,100,Moderate,27.0,UG/M3,1 Hr,Valid
Tashkent,PM2.5 - Principal,2018-09-14 01:00 AM,2018,09,14,01,30.6,90,Moderate,26.0,UG/M3,1 Hr,Valid
Tashkent,PM2.5 - Principal,2018-09-14 02:00 AM,2018,09,14,02,25.3,79,Moderate,20.0,UG/M3,1 Hr,Valid
Tashkent,PM2.5 - Principal,2018-09-14 03:00 AM,2018,09,14,03,27.1,83,Moderate,29.0,UG/M3,1 Hr,Valid
Tashkent,PM2.5 - Principal,2018-09-14 04:00 AM,2018,09,14,04,31.5,92,Moderate,36.0,UG/M3,1 Hr,Valid
Tashkent,PM2.5 - Principal,2018-09-14 05:00 AM,2018,09,14,05,31.2,91,Moderate,31.0,UG/M3,1 Hr,Valid
Tashkent,PM2.5 - Principal,2018-09-14 06:00 AM,2018,09,14,06,33.6,96,Moderate,36.0,UG/M3,1 Hr,Valid
Tashkent,PM2.5 - Principal,2018-09-14 07:00 AM,2018,09,14,07,32.3,93,Moderate,31.0,UG/M3,1 Hr,Valid
Tashkent,PM2.5 - Principal,2018-09-14 08:00 AM,2018,09,14,08,32.1,93,Moderate,32.0,UG/M3,1 Hr,Valid
Tashkent,PM2.5 - Principal,2018-09-14 09:00 AM,2018,09,14,09,28.5,85,Moderate,25.0,UG/M3,1 Hr,Valid
Tashkent,PM2.5 - Principal,2018-09-14 10:00 AM,2018,09,14,10,29.3,87,Moderate,30.0,UG/M3,1 Hr,Valid
Tashkent,PM2.5 - Principal,2018-09-14 11:00 AM,2018,09,14,11,27.0,82,Moderate,24.0,UG/M3,1 Hr,Valid
Tashkent,PM2.5 - Principal,2018-09-14 12:00 PM,2018,09,14,12,32.1,93,Moderate,38.0,UG/M3,1 Hr,Valid
Tashkent,PM2.5 - Principal,2018-09-14 01:00 PM,2018,09,14,13,34.9,99,Moderate,38.0,UG/M3,1 Hr,Valid
Tashkent,PM2.5 - Principal,2018-09-14 02:00 PM,2018,09,14,14,30.9,91,Moderate,26.0,UG/M3,1 Hr,Valid
Tashkent,PM2.5 - Principal,2018-09-14 03:00 PM,2018,09,14,15,29.5,88,Moderate,27.0,UG/M3,1 Hr,Valid
Tashkent,PM2.5 - Principal,2018-09-14 04:00 PM,2018,09,14,16,26.8,82,Moderate,23.0,UG/M3,1 Hr,Valid
Tashkent,PM2.5 - Principal,2018-09-14 05:00 PM,2018,09,14,17,26.1,80,Moderate,25.0,UG/M3,1 Hr,Valid
Tashkent,PM2.5 - Principal,2018-09-14 06:00 PM,2018,09,14,18,30.0,89,Moderate,36.0,UG/M3,1 Hr,Valid
Tashkent,PM2.5 - Principal,2018-09-14 07:00 PM,2018,09,14,19,33.1,95,Moderate,38.0,UG/M3,1 Hr,Valid
Tashkent,PM2.5 - Principal,2018-09-14 08:00 PM,2018,09,14,20,42.6,118,Unhealthy for Sensitive Groups,51.0,UG/M3,1 Hr,Valid
Tashkent,PM2.5 - Principal,2018-09-14 09:00 PM,2018,09,14,21,37.3,105,Unhealthy for Sensitive Groups,32.0,UG/M3,1 Hr,Valid
Tashkent,PM2.5 - Principal,2018-09-14 10:00 PM,2018,09,14,22,34.6,98,Moderate,32.0,UG/M3,1 Hr,Valid
Tashkent,PM2.5 - Principal,2018-09-14 11:00 PM,2018,09,14,23,40.8,114,Unhealthy for Sensitive Groups,47.0,UG/M3,1 Hr,Valid
Tashkent,PM2.5 - Principal,2018-09-15 12:00 AM,2018,09,15,00,44.9,124,Unhealthy for Sensitive Groups,49.0,UG/M3,1 Hr,Valid
Tashkent,PM2.5 - Principal,2018-09-15 01:00 AM,2018,09,15,01,42.4,118,Unhealthy for Sensitive Groups,40.0,UG/M3,1 Hr,Valid
Tashkent,PM2.5 - Principal,2018-09-15 02:00 AM,2018,09,15,02,44.2,122,Unhealthy for Sensitive Groups,46.0,UG/M3,1 Hr,Valid
Tashkent,PM2.5 - Principal,2018-09-15 03:00 AM,2018,09,15,03,47.6,131,Unhealthy for Sensitive Groups,51.0,UG/M3,1 Hr,Valid
Tashkent,PM2.5 - Principal,2018-09-15 04:00 AM,2018,09,15,04,44.8,124,Unhealthy for Sensitive Groups,42.0,UG/M3,1 Hr,Valid
Tashkent,PM2.5 - Principal,2018-09-15 05:00 AM,2018,09,15,05,42.2,117,Unhealthy for Sensitive Groups,38.0,UG/M3,1 Hr,Valid
Tashkent,PM2.5 - Principal,2018-09-15 06:00 AM,2018,09,15,06,39.9,112,Unhealthy for Sensitive Groups,36.0,UG/M3,1 Hr,Valid
Tashkent,PM2.5 - Principal,2018-09-15 07:00 AM,2018,09,15,07,38.0,107,Unhealthy for Sensitive Groups,35.0,UG/M3,1 Hr,Valid
Tashkent,PM2.5 - Principal,2018-09-15 08:00 AM,2018,09,15,08,35.7,101,Unhealthy for Sensitive Groups,32.0,UG/M3,1 Hr,Valid
Tashkent,PM2.5 - Principal,2018-09-15 09:00 AM,2018,09,15,09,34.7,99,Moderate,33.0,UG/M3,1 Hr,Valid
Tashkent,PM2.5 - Principal,2018-09-15 10:00 AM,2018,09,15,10,34.1,97,Moderate,33.0,UG/M3,1 Hr,Valid
Tashkent,PM2.5 - Principal,2018-09-15 11:00 AM,2018,09,15,11,29.1,87,Moderate,25.0,UG/M3,1 Hr,Valid
Tashkent,PM2.5 - Principal,2018-09-15 12:00 PM,2018,09,15,12,23.0,74,Moderate,17.0,UG/M3,1 Hr,Valid
Tashkent,PM2.5 - Principal,2018-09-15 01:00 PM,2018,09,15,13,21.0,70,Moderate,19.0,UG/M3,1 Hr,Valid
Tashkent,PM2.5 - Principal,2018-09-15 02:00 PM,2018,09,15,14,19.0,66,Moderate,17.0,UG/M3,1 Hr,Valid
Tashkent,PM2.5 - Principal,2018-09-15 03:00 PM,2018,09,15,15,17.0,61,Moderate,15.0,UG/M3,1 Hr,Valid
Tashkent,PM2.5 - Principal,2018-09-15 04:00 PM,2018,09,15,16,15.9,59,Moderate,15.0,UG/M3,1 Hr,Valid
Tashkent,PM2.5 - Principal,2018-09-15 05:00 PM,2018,09,15,17,17.4,62,Moderate,19.0,UG/M3,1 Hr,Valid
Tashkent,PM2.5 - Principal,2018-09-15 06:00 PM,2018,09,15,18,16.2,60,Moderate,15.0,UG/M3,1 Hr,Valid
Tashkent,PM2.5 - Principal,2018-09-15 07:00 PM,2018,09,15,19,21.1,70,Moderate,26.0,UG/M3,1 Hr,Valid
Tashkent,PM2.5 - Principal,2018-09-15 08:00 PM,2018,09,15,20,30.5,90,Moderate,40.0,UG/M3,1 Hr,Valid
Tashkent,PM2.5 - Principal,2018-09-15 09:00 PM,2018,09,15,21,31.2,91,Moderate,32.0,UG/M3,1 Hr,Valid
Tashkent,PM2.5 - Principal,2018-09-15 10:00 PM,2018,09,15,22,23.6,75,Moderate,16.0,UG/M3,1 Hr,Valid
Tashkent,PM2.5 - Principal,2018-09-15 11:00 PM,2018,09,15,23,21.3,70,Moderate,19.0,UG/M3,1 Hr,Valid
Tashkent,PM2.5 - Principal,2018-09-16 12:00 AM,2018,09,16,00,21.6,71,Moderate,22.0,UG/M3,1 Hr,Valid
Tashkent,PM2.5 - Principal,2018-09-16 01:00 AM,2018,09,16,01,25.3,79,Moderate,29.0,UG/M3,1 Hr,Valid
Tashkent,PM2.5 - Principal,2018-09-16 02:00 AM,2018,09,16,02,27.6,84,Moderate,30.0,UG/M3,1 Hr,Valid
Tashkent,PM2.5 - Principal,2018-09-16 03:00 AM,2018,09,16,03,30.3,89,Moderate,33.0,UG/M3,1 Hr,Valid
Tashkent,PM2.5 - Principal,2018-09-16 04:00 AM,2018,09,16,04,32.1,93,Moderate,34.0,UG/M3,1 Hr,Valid
Tashkent,PM2.5 - Principal,2018-09-16 05:00 AM,2018,09,16,05,24.5,77,Moderate,17.0,UG/M3,1 Hr,Valid
Tashkent,PM2.5 - Principal,2018-09-16 06:00 AM,2018,09,16,06,18.7,65,Moderate,13.0,UG/M3,1 Hr,Valid
Tashkent,PM2.5 - Principal,2018-09-16 07:00 AM,2018,09,16,07,18.8,65,Moderate,19.0,UG/M3,1 Hr,Valid
Tashkent,PM2.5 - Principal,2018-09-16 08:00 AM,2018,09,16,08,21.9,72,Moderate,25.0,UG/M3,1 Hr,Valid
Tashkent,PM2.5 - Principal,2018-09-16 09:00 AM,2018,09,16,09,25.4,79,Moderate,29.0,UG/M3,1 Hr,Valid
Tashkent,PM2.5 - Principal,2018-09-16 10:00 AM,2018,09,16,10,20.7,69,Moderate,16.0,UG/M3,1 Hr,Valid
Tashkent,PM2.5 - Principal,2018-09-16 11:00 AM,2018,09,16,11,25.3,79,Moderate,30.0,UG/M3,1 Hr,Valid
Tashkent,PM2.5 - Principal,2018-09-16 12:00 PM,2018,09,16,12,23.1,74,Moderate,21.0,UG/M3,1 Hr,Valid
Tashkent,PM2.5 - Principal,2018-09-16 01:00 PM,2018,09,16,13,22.5,73,Moderate,22.0,UG/M3,1 Hr,Valid
Tashkent,PM2.5 - Principal,2018-09-16 02:00 PM,2018,09,16,14,23.2,74,Moderate,24.0,UG/M3,1 Hr,Valid
Tashkent,PM2.5 - Principal,2018-09-16 03:00 PM,2018,09,16,15,20.6,69,Moderate,18.0,UG/M3,1 Hr,Valid
Tashkent,PM2.5 - Principal,2018-09-16 04:00 PM,2018,09,16,16,16.8,61,Moderate,13.0,UG/M3,1 Hr,Valid
Tashkent,PM2.5 - Principal,2018-09-16 05:00 PM,2018,09,16,17,14.4,56,Moderate,12.0,UG/M3,1 Hr,Valid
Tashkent,PM2.5 - Principal,2018-09-16 06:00 PM,2018,09,16,18,17.2,62,Moderate,20.0,UG/M3,1 Hr,Valid
Tashkent,PM2.5 - Principal,2018-09-16 07:00 PM,2018,09,16,19,25.6,79,Moderate,34.0,UG/M3,1 Hr,Valid
Tashkent,PM2.5 - Principal,2018-09-16 08:00 PM,2018,09,16,20,36.3,103,Unhealthy for Sensitive Groups,47.0,UG/M3,1 Hr,Valid
Tashkent,PM2.5 - Principal,2018-09-16 09:00 PM,2018,09,16,21,39.1,110,Unhealthy for Sensitive Groups,42.0,UG/M3,1 Hr,Valid
Tashkent,PM2.5 - Principal,2018-09-16 10:00 PM,2018,09,16,22,38.0,107,Unhealthy for Sensitive Groups,37.0,UG/M3,1 Hr,Valid
Tashkent,PM2.5 - Principal,2018-09-16 11:00 PM,2018,09,16,23,38.5,108,Unhealthy for Sensitive Groups,39.0,UG/M3,1 Hr,Valid
Tashkent,PM2.5 - Principal,2018-09-17 12:00 AM,2018,09,17,00,41.2,115,Unhealthy for Sensitive Groups,44.0,UG/M3,1 Hr,Valid
Tashkent,PM2.5 - Principal,2018-09-17 01:00 AM,2018,09,17,01,41.1,115,Unhealthy for Sensitive Groups,41.0,UG/M3,1 Hr,Valid
Tashkent,PM2.5 - Principal,2018-09-17 02:00 AM,2018,09,17,02,39.5,111,Unhealthy for Sensitive Groups,38.0,UG/M3,1 Hr,Valid
Tashkent,PM2.5 - Principal,2018-09-17 03:00 AM,2018,09,17,03,37.7,106,Unhealthy for Sensitive Groups,36.0,UG/M3,1 Hr,Valid
Tashkent,PM2.5 - Principal,2018-09-17 04:00 AM,2018,09,17,04,33.8,97,Moderate,30.0,UG/M3,1 Hr,Valid
Tashkent,PM2.5 - Principal,2018-09-17 05:00 AM,2018,09,17,05,30.9,91,Moderate,28.0,UG/M3,1 Hr,Valid
Tashkent,PM2.5 - Principal,2018-09-17 06:00 AM,2018,09,17,06,28.3,85,Moderate,25.0,UG/M3,1 Hr,Valid
Tashkent,PM2.5 - Principal,2018-09-17 07:00 AM,2018,09,17,07,29.1,87,Moderate,30.0,UG/M3,1 Hr,Valid
Tashkent,PM2.5 - Principal,2018-09-17 08:00 AM,2018,09,17,08,27.8,84,Moderate,26.0,UG/M3,1 Hr,Valid
Tashkent,PM2.5 - Principal,2018-09-17 09:00 AM,2018,09,17,09,28.7,86,Moderate,30.0,UG/M3,1 Hr,Valid
Tashkent,PM2.5 - Principal,2018-09-17 10:00 AM,2018,09,17,10,28.4,85,Moderate,28.0,UG/M3,1 Hr,Valid
Tashkent,PM2.5 - Principal,2018-09-17 11:00 AM,2018,09,17,11,31.7,92,Moderate,36.0,UG/M3,1 Hr,Valid
Tashkent,PM2.5 - Principal,2018-09-17 12:00 PM,2018,09,17,12,31.2,91,Moderate,31.0,UG/M3,1 Hr,Valid
Tashkent,PM2.5 - Principal,2018-09-17 01:00 PM,2018,09,17,13,28.5,85,Moderate,24.0,UG/M3,1 Hr,Valid
Tashkent,PM2.5 - Principal,2018-09-17 02:00 PM,2018,09,17,14,25.2,79,Moderate,21.0,UG/M3,1 Hr,Valid
Tashkent,PM2.5 - Principal,2018-09-17 03:00 PM,2018,09,17,15,18.6,65,Moderate,13.0,UG/M3,1 Hr,Valid
Tashkent,PM2.5 - Principal,2018-09-17 04:00 PM,2018,09,17,16,14.3,56,Moderate,10.0,UG/M3,1 Hr,Valid
Tashkent,PM2.5 - Principal,2018-09-17 05:00 PM,2018,09,17,17,16.6,60,Moderate,19.0,UG/M3,1 Hr,Valid
Tashkent,PM2.5 - Principal,2018-09-17 06:00 PM,2018,09,17,18,19.8,67,Moderate,23.0,UG/M3,1 Hr,Valid
Tashkent,PM2.5 - Principal,2018-09-17 07:00 PM,2018,09,17,19,35.9,102,Unhealthy for Sensitive Groups,52.0,UG/M3,1 Hr,Valid
Tashkent,PM2.5 - Principal,2018-09-17 08:00 PM,2018,09,17,20,51.4,140,Unhealthy for Sensitive Groups,67.0,UG/M3,1 Hr,Valid
Tashkent,PM2.5 - Principal,2018-09-17 09:00 PM,2018,09,17,21,61.7,154,Unhealthy,72.0,UG/M3,1 Hr,Valid
Tashkent,PM2.5 - Principal,2018-09-17 10:00 PM,2018,09,17,22,72.3,160,Unhealthy,83.0,UG/M3,1 Hr,Valid
Tashkent,PM2.5 - Principal,2018-09-17 11:00 PM,2018,09,17,23,71.6,159,Unhealthy,71.0,UG/M3,1 Hr,Valid
Tashkent,PM2.5 - Principal,2018-09-18 12:00 AM,2018,09,18,00,74.3,161,Unhealthy,77.0,UG/M3,1 Hr,Valid
Tashkent,PM2.5 - Principal,2018-09-18 01:00 AM,2018,09,18,01,63.1,155,Unhealthy,52.0,UG/M3,1 Hr,Valid
Tashkent,PM2.5 - Principal,2018-09-18 02:00 AM,2018,09,18,02,51.5,140,Unhealthy for Sensitive Groups,40.0,UG/M3,1 Hr,Valid
Tashkent,PM2.5 - Principal,2018-09-18 03:00 AM,2018,09,18,03,50.3,137,Unhealthy for Sensitive Groups,49.0,UG/M3,1 Hr,Valid
Tashkent,PM2.5 - Principal,2018-09-18 04:00 AM,2018,09,18,04,43.1,120,Unhealthy for Sensitive Groups,36.0,UG/M3,1 Hr,Valid
Tashkent,PM2.5 - Principal,2018-09-18 05:00 AM,2018,09,18,05,32.5,94,Moderate,22.0,UG/M3,1 Hr,Valid
Tashkent,PM2.5 - Principal,2018-09-18 06:00 AM,2018,09,18,06,26.2,81,Moderate,20.0,UG/M3,1 Hr,Valid
Tashkent,PM2.5 - Principal,2018-09-18 07:00 AM,2018,09,18,07,24.1,76,Moderate,22.0,UG/M3,1 Hr,Valid
Tashkent,PM2.5 - Principal,2018-09-18 08:00 AM,2018,09,18,08,24.5,77,Moderate,25.0,UG/M3,1 Hr,Valid
Tashkent,PM2.5 - Principal,2018-09-18 09:00 AM,2018,09,18,09,21.2,70,Moderate,18.0,UG/M3,1 Hr,Valid
Tashkent,PM2.5 - Principal,2018-09-18 10:00 AM,2018,09,18,10,20.6,69,Moderate,20.0,UG/M3,1 Hr,Valid
Tashkent,PM2.5 - Principal,2018-09-18 11:00 AM,2018,09,18,11,25.8,80,Moderate,31.0,UG/M3,1 Hr,Valid
Tashkent,PM2.5 - Principal,2018-09-18 12:00 PM,2018,09,18,12,27.3,83,Moderate,29.0,UG/M3,1 Hr,Valid
Tashkent,PM2.5 - Principal,2018-09-18 01:00 PM,2018,09,18,13,27.1,83,Moderate,27.0,UG/M3,1 Hr,Valid
Tashkent,PM2.5 - Principal,2018-09-18 02:00 PM,2018,09,18,14,25.5,79,Moderate,24.0,UG/M3,1 Hr,Valid
Tashkent,PM2.5 - Principal,2018-09-18 03:00 PM,2018,09,18,15,23.7,75,Moderate,22.0,UG/M3,1 Hr,Valid
Tashkent,PM2.5 - Principal,2018-09-18 04:00 PM,2018,09,18,16,21.5,71,Moderate,18.0,UG/M3,1 Hr,Valid
Tashkent,PM2.5 - Principal,2018-09-18 05:00 PM,2018,09,18,17,21.7,71,Moderate,22.0,UG/M3,1 Hr,Valid
Tashkent,PM2.5 - Principal,2018-09-18 06:00 PM,2018,09,18,18,21.4,71,Moderate,21.0,UG/M3,1 Hr,Valid
Tashkent,PM2.5 - Principal,2018-09-18 07:00 PM,2018,09,18,19,42.6,118,Unhealthy for Sensitive Groups,64.0,UG/M3,1 Hr,Valid
Tashkent,PM2.5 - Principal,2018-09-18 08:00 PM,2018,09,18,20,50.3,137,Unhealthy for Sensitive Groups,58.0,UG/M3,1 Hr,Valid
Tashkent,PM2.5 - Principal,2018-09-18 09:00 PM,2018,09,18,21,62.1,154,Unhealthy,74.0,UG/M3,1 Hr,Valid
Tashkent,PM2.5 - Principal,2018-09-18 10:00 PM,2018,09,18,22,83.5,165,Unhealthy,105.0,UG/M3,1 Hr,Valid
Tashkent,PM2.5 - Principal,2018-09-18 11:00 PM,2018,09,18,23,93.3,171,Unhealthy,103.0,UG/M3,1 Hr,Valid
Tashkent,PM2.5 - Principal,2018-09-19 12:00 AM,2018,09,19,00,92.1,170,Unhealthy,91.0,UG/M3,1 Hr,Valid
Tashkent,PM2.5 - Principal,2018-09-19 01:00 AM,2018,09,19,01,83.0,165,Unhealthy,74.0,UG/M3,1 Hr,Valid
Tashkent,PM2.5 - Principal,2018-09-19 02:00 AM,2018,09,19,02,67.0,157,Unhealthy,51.0,UG/M3,1 Hr,Valid
Tashkent,PM2.5 - Principal,2018-09-19 03:00 AM,2018,09,19,03,50.5,138,Unhealthy for Sensitive Groups,34.0,UG/M3,1 Hr,Valid
Tashkent,PM2.5 - Principal,2018-09-19 04:00 AM,2018,09,19,04,40.7,114,Unhealthy for Sensitive Groups,31.0,UG/M3,1 Hr,Valid
Tashkent,PM2.5 - Principal,2018-09-19 05:00 AM,2018,09,19,05,32.8,95,Moderate,25.0,UG/M3,1 Hr,Valid
Tashkent,PM2.5 - Principal,2018-09-19 06:00 AM,2018,09,19,06,27.9,84,Moderate,23.0,UG/M3,1 Hr,Valid
Tashkent,PM2.5 - Principal,2018-09-19 07:00 AM,2018,09,19,07,32.9,95,Moderate,38.0,UG/M3,1 Hr,Valid
Tashkent,PM2.5 - Principal,2018-09-19 08:00 AM,2018,09,19,08,39.4,111,Unhealthy for Sensitive Groups,46.0,UG/M3,1 Hr,Valid
Tashkent,PM2.5 - Principal,2018-09-19 09:00 AM,2018,09,19,09,44.7,124,Unhealthy for Sensitive Groups,50.0,UG/M3,1 Hr,Valid
Tashkent,PM2.5 - Principal,2018-09-19 10:00 AM,2018,09,19,10,43.3,120,Unhealthy for Sensitive Groups,42.0,UG/M3,1 Hr,Valid
Tashkent,PM2.5 - Principal,2018-09-19 11:00 AM,2018,09,19,11,45.6,126,Unhealthy for Sensitive Groups,48.0,UG/M3,1 Hr,Valid
Tashkent,PM2.5 - Principal,2018-09-19 12:00 PM,2018,09,19,12,38.3,108,Unhealthy for Sensitive Groups,31.0,UG/M3,1 Hr,Valid
Tashkent,PM2.5 - Principal,2018-09-19 01:00 PM,2018,09,19,13,37.1,105,Unhealthy for Sensitive Groups,36.0,UG/M3,1 Hr,Valid
Tashkent,PM2.5 - Principal,2018-09-19 02:00 PM,2018,09,19,14,40.0,112,Unhealthy for Sensitive Groups,43.0,UG/M3,1 Hr,Valid
Tashkent,PM2.5 - Principal,2018-09-19 03:00 PM,2018,09,19,15,35.0,99,Moderate,30.0,UG/M3,1 Hr,Valid
Tashkent,PM2.5 - Principal,2018-09-19 04:00 PM,2018,09,19,16,31.5,92,Moderate,28.0,UG/M3,1 Hr,Valid
Tashkent,PM2.5 - Principal,2018-09-19 05:00 PM,2018,09,19,17,29.7,88,Moderate,28.0,UG/M3,1 Hr,Valid
Tashkent,PM2.5 - Principal,2018-09-19 06:00 PM,2018,09,19,18,29.7,88,Moderate,29.0,UG/M3,1 Hr,Valid
Tashkent,PM2.5 - Principal,2018-09-19 07:00 PM,2018,09,19,19,36.9,104,Unhealthy for Sensitive Groups,46.0,UG/M3,1 Hr,Valid
Tashkent,PM2.5 - Principal,2018-09-19 08:00 PM,2018,09,19,20,41.3,115,Unhealthy for Sensitive Groups,47.0,UG/M3,1 Hr,Valid
Tashkent,PM2.5 - Principal,2018-09-19 09:00 PM,2018,09,19,21,43.4,120,Unhealthy for Sensitive Groups,47.0,UG/M3,1 Hr,Valid
Tashkent,PM2.5 - Principal,2018-09-19 10:00 PM,2018,09,19,22,42.4,118,Unhealthy for Sensitive Groups,41.0,UG/M3,1 Hr,Valid
Tashkent,PM2.5 - Principal,2018-09-19 11:00 PM,2018,09,19,23,41.3,115,Unhealthy for Sensitive Groups,40.0,UG/M3,1 Hr,Valid
Tashkent,PM2.5 - Principal,2018-09-20 12:00 AM,2018,09,20,00,43.2,120,Unhealthy for Sensitive Groups,46.0,UG/M3,1 Hr,Valid
Tashkent,PM2.5 - Principal,2018-09-20 01:00 AM,2018,09,20,01,43.1,120,Unhealthy for Sensitive Groups,43.0,UG/M3,1 Hr,Valid
Tashkent,PM2.5 - Principal,2018-09-20 02:00 AM,2018,09,20,02,39.8,112,Unhealthy for Sensitive Groups,35.0,UG/M3,1 Hr,Valid
Tashkent,PM2.5 - Principal,2018-09-20 03:00 AM,2018,09,20,03,37.4,106,Unhealthy for Sensitive Groups,34.0,UG/M3,1 Hr,Valid
Tashkent,PM2.5 - Principal,2018-09-20 04:00 AM,2018,09,20,04,32.9,95,Moderate,27.0,UG/M3,1 Hr,Valid
Tashkent,PM2.5 - Principal,2018-09-20 05:00 AM,2018,09,20,05,31.6,92,Moderate,30.0,UG/M3,1 Hr,Valid
Tashkent,PM2.5 - Principal,2018-09-20 06:00 AM,2018,09,20,06,32.6,94,Moderate,34.0,UG/M3,1 Hr,Valid
Tashkent,PM2.5 - Principal,2018-09-20 07:00 AM,2018,09,20,07,37.0,105,Unhealthy for Sensitive Groups,43.0,UG/M3,1 Hr,Valid
Tashkent,PM2.5 - Principal,2018-09-20 08:00 AM,2018,09,20,08,33.6,96,Moderate,29.0,UG/M3,1 Hr,Valid
Tashkent,PM2.5 - Principal,2018-09-20 09:00 AM,2018,09,20,09,30.8,90,Moderate,27.0,UG/M3,1 Hr,Valid
Tashkent,PM2.5 - Principal,2018-09-20 10:00 AM,2018,09,20,10,34.6,98,Moderate,40.0,UG/M3,1 Hr,Valid
Tashkent,PM2.5 - Principal,2018-09-20 11:00 AM,2018,09,20,11,37.2,105,Unhealthy for Sensitive Groups,41.0,UG/M3,1 Hr,Valid
Tashkent,PM2.5 - Principal,2018-09-20 12:00 PM,2018,09,20,12,39.7,111,Unhealthy for Sensitive Groups,44.0,UG/M3,1 Hr,Valid
Tashkent,PM2.5 - Principal,2018-09-20 01:00 PM,2018,09,20,13,40.6,114,Unhealthy for Sensitive Groups,42.0,UG/M3,1 Hr,Valid
Tashkent,PM2.5 - Principal,2018-09-20 02:00 PM,2018,09,20,14,35.7,101,Unhealthy for Sensitive Groups,28.0,UG/M3,1 Hr,Valid
Tashkent,PM2.5 - Principal,2018-09-20 03:00 PM,2018,09,20,15,30.9,91,Moderate,25.0,UG/M3,1 Hr,Valid
Tashkent,PM2.5 - Principal,2018-09-20 04:00 PM,2018,09,20,16,23.9,76,Moderate,18.0,UG/M3,1 Hr,Valid
Tashkent,PM2.5 - Principal,2018-09-20 05:00 PM,2018,09,20,17,25.9,80,Moderate,28.0,UG/M3,1 Hr,Valid
Tashkent,PM2.5 - Principal,2018-09-20 06:00 PM,2018,09,20,18,24.4,77,Moderate,23.0,UG/M3,1 Hr,Valid
Tashkent,PM2.5 - Principal,2018-09-20 07:00 PM,2018,09,20,19,23.2,74,Moderate,22.0,UG/M3,1 Hr,Valid
Tashkent,PM2.5 - Principal,2018-09-20 08:00 PM,2018,09,20,20,29.6,88,Moderate,36.0,UG/M3,1 Hr,Valid
Tashkent,PM2.5 - Principal,2018-09-20 09:00 PM,2018,09,20,21,34.8,99,Moderate,40.0,UG/M3,1 Hr,Valid
Tashkent,PM2.5 - Principal,2018-09-20 10:00 PM,2018,09,20,22,38.4,108,Unhealthy for Sensitive Groups,42.0,UG/M3,1 Hr,Valid
Tashkent,PM2.5 - Principal,2018-09-20 11:00 PM,2018,09,20,23,32.7,94,Moderate,27.0,UG/M3,1 Hr,Valid
Tashkent,PM2.5 - Principal,2018-09-21 12:00 AM,2018,09,21,00,28.3,85,Moderate,24.0,UG/M3,1 Hr,Valid
Tashkent,PM2.5 - Principal,2018-09-21 01:00 AM,2018,09,21,01,29.6,88,Moderate,31.0,UG/M3,1 Hr,Valid
Tashkent,PM2.5 - Principal,2018-09-21 02:00 AM,2018,09,21,02,26.8,82,Moderate,24.0,UG/M3,1 Hr,Valid
Tashkent,PM2.5 - Principal,2018-09-21 03:00 AM,2018,09,21,03,28.9,86,Moderate,31.0,UG/M3,1 Hr,Valid
Tashkent,PM2.5 - Principal,2018-09-21 04:00 AM,2018,09,21,04,35.7,101,Unhealthy for Sensitive Groups,43.0,UG/M3,1 Hr,Valid
Tashkent,PM2.5 - Principal,2018-09-21 05:00 AM,2018,09,21,05,32.4,94,Moderate,29.0,UG/M3,1 Hr,Valid
Tashkent,PM2.5 - Principal,2018-09-21 06:00 AM,2018,09,21,06,32.2,93,Moderate,32.0,UG/M3,1 Hr,Valid
Tashkent,PM2.5 - Principal,2018-09-21 07:00 AM,2018,09,21,07,32.5,94,Moderate,33.0,UG/M3,1 Hr,Valid
Tashkent,PM2.5 - Principal,2018-09-21 08:00 AM,2018,09,21,08,36.7,104,Unhealthy for Sensitive Groups,42.0,UG/M3,1 Hr,Valid
Tashkent,PM2.5 - Principal,2018-09-21 09:00 AM,2018,09,21,09,32.4,94,Moderate,27.0,UG/M3,1 Hr,Valid
Tashkent,PM2.5 - Principal,2018-09-21 10:00 AM,2018,09,21,10,23.0,74,Moderate,14.0,UG/M3,1 Hr,Valid
Tashkent,PM2.5 - Principal,2018-09-21 11:00 AM,2018,09,21,11,16.5,60,Moderate,10.0,UG/M3,1 Hr,Valid
Tashkent,PM2.5 - Principal,2018-09-21 12:00 PM,2018,09,21,12,14.2,55,Moderate,12.0,UG/M3,1 Hr,Valid
Tashkent,PM2.5 - Principal,2018-09-21 01:00 PM,2018,09,21,13,11.6,48,Good,9.0,UG/M3,1 Hr,Valid
Tashkent,PM2.5 - Principal,2018-09-21 02:00 PM,2018,09,21,14,11.3,47,Good,11.0,UG/M3,1 Hr,Valid
Tashkent,PM2.5 - Principal,2018-09-21 03:00 PM,2018,09,21,15,10.1,42,Good,9.0,UG/M3,1 Hr,Valid
Tashkent,PM2.5 - Principal,2018-09-21 04:00 PM,2018,09,21,16,10.5,44,Good,11.0,UG/M3,1 Hr,Valid
Tashkent,PM2.5 - Principal,2018-09-21 05:00 PM,2018,09,21,17,8.2,34,Good,6.0,UG/M3,1 Hr,Valid
Tashkent,PM2.5 - Principal,2018-09-21 06:00 PM,2018,09,21,18,8.6,36,Good,9.0,UG/M3,1 Hr,Valid
Tashkent,PM2.5 - Principal,2018-09-21 07:00 PM,2018,09,21,19,14.3,56,Moderate,20.0,UG/M3,1 Hr,Valid
Tashkent,PM2.5 - Principal,2018-09-21 08:00 PM,2018,09,21,20,18.6,65,Moderate,23.0,UG/M3,1 Hr,Valid
Tashkent,PM2.5 - Principal,2018-09-21 09:00 PM,2018,09,21,21,30.8,90,Moderate,43.0,UG/M3,1 Hr,Valid
Tashkent,PM2.5 - Principal,2018-09-21 10:00 PM,2018,09,21,22,37.4,106,Unhealthy for Sensitive Groups,44.0,UG/M3,1 Hr,Valid
Tashkent,PM2.5 - Principal,2018-09-21 11:00 PM,2018,09,21,23,36.2,103,Unhealthy for Sensitive Groups,35.0,UG/M3,1 Hr,Valid
Tashkent,PM2.5 - Principal,2018-09-22 12:00 AM,2018,09,22,00,34.1,97,Moderate,32.0,UG/M3,1 Hr,Valid
Tashkent,PM2.5 - Principal,2018-09-22 01:00 AM,2018,09,22,01,31.5,92,Moderate,29.0,UG/M3,1 Hr,Valid
Tashkent,PM2.5 - Principal,2018-09-22 02:00 AM,2018,09,22,02,23.7,75,Moderate,16.0,UG/M3,1 Hr,Valid
Tashkent,PM2.5 - Principal,2018-09-22 03:00 AM,2018,09,22,03,18.3,64,Moderate,13.0,UG/M3,1 Hr,Valid
Tashkent,PM2.5 - Principal,2018-09-22 04:00 AM,2018,09,22,04,14.1,55,Moderate,10.0,UG/M3,1 Hr,Valid
Tashkent,PM2.5 - Principal,2018-09-22 05:00 AM,2018,09,22,05,13.0,53,Moderate,12.0,UG/M3,1 Hr,Valid
Tashkent,PM2.5 - Principal,2018-09-22 06:00 AM,2018,09,22,06,14.5,56,Moderate,16.0,UG/M3,1 Hr,Valid
Tashkent,PM2.5 - Principal,2018-09-22 07:00 AM,2018,09,22,07,14.7,56,Moderate,15.0,UG/M3,1 Hr,Valid
Tashkent,PM2.5 - Principal,2018-09-22 08:00 AM,2018,09,22,08,16.3,60,Moderate,18.0,UG/M3,1 Hr,Valid
Tashkent,PM2.5 - Principal,2018-09-22 09:00 AM,2018,09,22,09,16.6,60,Moderate,17.0,UG/M3,1 Hr,Valid
Tashkent,PM2.5 - Principal,2018-09-22 10:00 AM,2018,09,22,10,16.8,61,Moderate,17.0,UG/M3,1 Hr,Valid
Tashkent,PM2.5 - Principal,2018-09-22 11:00 AM,2018,09,22,11,15.4,58,Moderate,14.0,UG/M3,1 Hr,Valid
Tashkent,PM2.5 - Principal,2018-09-22 12:00 PM,2018,09,22,12,13.7,54,Moderate,12.0,UG/M3,1 Hr,Valid
Tashkent,PM2.5 - Principal,2018-09-22 01:00 PM,2018,09,22,13,13.9,55,Moderate,14.0,UG/M3,1 Hr,Valid
Tashkent,PM2.5 - Principal,2018-09-22 02:00 PM,2018,09,22,14,13.9,55,Moderate,14.0,UG/M3,1 Hr,Valid
Tashkent,PM2.5 - Principal,2018-09-22 03:00 PM,2018,09,22,15,12.6,52,Moderate,11.0,UG/M3,1 Hr,Valid
Tashkent,PM2.5 - Principal,2018-09-22 04:00 PM,2018,09,22,16,11.4,48,Good,10.0,UG/M3,1 Hr,Valid
Tashkent,PM2.5 - Principal,2018-09-22 05:00 PM,2018,09,22,17,11.2,47,Good,11.0,UG/M3,1 Hr,Valid
Tashkent,PM2.5 - Principal,2018-09-22 06:00 PM,2018,09,22,18,11.1,46,Good,11.0,UG/M3,1 Hr,Valid
Tashkent,PM2.5 - Principal,2018-09-22 07:00 PM,2018,09,22,19,19.0,66,Moderate,27.0,UG/M3,1 Hr,Valid
Tashkent,PM2.5 - Principal,2018-09-22 08:00 PM,2018,09,22,20,26.0,80,Moderate,33.0,UG/M3,1 Hr,Valid
Tashkent,PM2.5 - Principal,2018-09-22 09:00 PM,2018,09,22,21,24.5,77,Moderate,23.0,UG/M3,1 Hr,Valid
Tashkent,PM2.5 - Principal,2018-09-22 10:00 PM,2018,09,22,22,21.7,71,Moderate,19.0,UG/M3,1 Hr,Valid
Tashkent,PM2.5 - Principal,2018-09-22 11:00 PM,2018,09,22,23,18.3,64,Moderate,15.0,UG/M3,1 Hr,Valid
Tashkent,PM2.5 - Principal,2018-09-23 12:00 AM,2018,09,23,00,14.6,56,Moderate,11.0,UG/M3,1 Hr,Valid
Tashkent,PM2.5 - Principal,2018-09-23 01:00 AM,2018,09,23,01,12.8,52,Moderate,11.0,UG/M3,1 Hr,Valid
Tashkent,PM2.5 - Principal,2018-09-23 02:00 AM,2018,09,23,02,12.9,53,Moderate,13.0,UG/M3,1 Hr,Valid
Tashkent,PM2.5 - Principal,2018-09-23 03:00 AM,2018,09,23,03,13.4,54,Moderate,14.0,UG/M3,1 Hr,Valid
Tashkent,PM2.5 - Principal,2018-09-23 04:00 AM,2018,09,23,04,16.7,61,Moderate,20.0,UG/M3,1 Hr,Valid
Tashkent,PM2.5 - Principal,2018-09-23 05:00 AM,2018,09,23,05,15.3,58,Moderate,14.0,UG/M3,1 Hr,Valid
Tashkent,PM2.5 - Principal,2018-09-23 06:00 AM,2018,09,23,06,16.1,59,Moderate,17.0,UG/M3,1 Hr,Valid
Tashkent,PM2.5 - Principal,2018-09-23 07:00 AM,2018,09,23,07,17.5,62,Moderate,19.0,UG/M3,1 Hr,Valid
Tashkent,PM2.5 - Principal,2018-09-23 08:00 AM,2018,09,23,08,17.2,62,Moderate,17.0,UG/M3,1 Hr,Valid
Tashkent,PM2.5 - Principal,2018-09-23 09:00 AM,2018,09,23,09,15.7,59,Moderate,14.0,UG/M3,1 Hr,Valid
Tashkent,PM2.5 - Principal,2018-09-23 10:00 AM,2018,09,23,10,22.8,74,Moderate,30.0,UG/M3,1 Hr,Valid
Tashkent,PM2.5 - Principal,2018-09-23 11:00 AM,2018,09,23,11,28.4,85,Moderate,34.0,UG/M3,1 Hr,Valid
Tashkent,PM2.5 - Principal,2018-09-23 12:00 PM,2018,09,23,12,17.7,63,Moderate,7.0,UG/M3,1 Hr,Valid
Tashkent,PM2.5 - Principal,2018-09-23 01:00 PM,2018,09,23,13,12.3,51,Moderate,7.0,UG/M3,1 Hr,Valid
Tashkent,PM2.5 - Principal,2018-09-23 02:00 PM,2018,09,23,14,9.1,38,Good,6.0,UG/M3,1 Hr,Valid
Tashkent,PM2.5 - Principal,2018-09-23 03:00 PM,2018,09,23,15,8.0,33,Good,7.0,UG/M3,1 Hr,Valid
Tashkent,PM2.5 - Principal,2018-09-23 04:00 PM,2018,09,23,16,6.5,27,Good,5.0,UG/M3,1 Hr,Valid
Tashkent,PM2.5 - Principal,2018-09-23 05:00 PM,2018,09,23,17,5.7,24,Good,5.0,UG/M3,1 Hr,Valid
Tashkent,PM2.5 - Principal,2018-09-23 06:00 PM,2018,09,23,18,8.3,35,Good,11.0,UG/M3,1 Hr,Valid
Tashkent,PM2.5 - Principal,2018-09-23 07:00 PM,2018,09,23,19,11.1,46,Good,14.0,UG/M3,1 Hr,Valid
Tashkent,PM2.5 - Principal,2018-09-23 08:00 PM,2018,09,23,20,18.5,64,Moderate,26.0,UG/M3,1 Hr,Valid
Tashkent,PM2.5 - Principal,2018-09-23 09:00 PM,2018,09,23,21,25.8,80,Moderate,33.0,UG/M3,1 Hr,Valid
Tashkent,PM2.5 - Principal,2018-09-23 10:00 PM,2018,09,23,22,34.4,98,Moderate,43.0,UG/M3,1 Hr,Valid
Tashkent,PM2.5 - Principal,2018-09-23 11:00 PM,2018,09,23,23,28.1,85,Moderate,22.0,UG/M3,1 Hr,Valid
Tashkent,PM2.5 - Principal,2018-09-24 12:00 AM,2018,09,24,00,30.6,90,Moderate,33.0,UG/M3,1 Hr,Valid
Tashkent,PM2.5 - Principal,2018-09-24 01:00 AM,2018,09,24,01,24.8,78,Moderate,19.0,UG/M3,1 Hr,Valid
Tashkent,PM2.5 - Principal,2018-09-24 02:00 AM,2018,09,24,02,23.9,76,Moderate,23.0,UG/M3,1 Hr,Valid
Tashkent,PM2.5 - Principal,2018-09-24 03:00 AM,2018,09,24,03,19.4,66,Moderate,15.0,UG/M3,1 Hr,Valid
Tashkent,PM2.5 - Principal,2018-09-24 04:00 AM,2018,09,24,04,19.2,66,Moderate,19.0,UG/M3,1 Hr,Valid
Tashkent,PM2.5 - Principal,2018-09-24 05:00 AM,2018,09,24,05,18.1,64,Moderate,17.0,UG/M3,1 Hr,Valid
Tashkent,PM2.5 - Principal,2018-09-24 06:00 AM,2018,09,24,06,14.0,55,Moderate,10.0,UG/M3,1 Hr,Valid
Tashkent,PM2.5 - Principal,2018-09-24 07:00 AM,2018,09,24,07,14.0,55,Moderate,14.0,UG/M3,1 Hr,Valid
Tashkent,PM2.5 - Principal,2018-09-24 08:00 AM,2018,09,24,08,11.0,46,Good,8.0,UG/M3,1 Hr,Valid
Tashkent,PM2.5 - Principal,2018-09-24 09:00 AM,2018,09,24,09,10.0,42,Good,9.0,UG/M3,1 Hr,Valid
Tashkent,PM2.5 - Principal,2018-09-24 10:00 AM,2018,09,24,10,10.4,43,Good,11.0,UG/M3,1 Hr,Valid
Tashkent,PM2.5 - Principal,2018-09-24 11:00 AM,2018,09,24,11,14.2,55,Moderate,18.0,UG/M3,1 Hr,Valid
Tashkent,PM2.5 - Principal,2018-09-24 12:00 PM,2018,09,24,12,15.6,58,Moderate,17.0,UG/M3,1 Hr,Valid
Tashkent,PM2.5 - Principal,2018-09-24 01:00 PM,2018,09,24,13,13.3,54,Moderate,11.0,UG/M3,1 Hr,Valid
Tashkent,PM2.5 - Principal,2018-09-24 02:00 PM,2018,09,24,14,10.6,44,Good,8.0,UG/M3,1 Hr,Valid
Tashkent,PM2.5 - Principal,2018-09-24 03:00 PM,2018,09,24,15,12.3,51,Moderate,14.0,UG/M3,1 Hr,Valid
Tashkent,PM2.5 - Principal,2018-09-24 04:00 PM,2018,09,24,16,11.6,48,Good,11.0,UG/M3,1 Hr,Valid
Tashkent,PM2.5 - Principal,2018-09-24 05:00 PM,2018,09,24,17,11.3,47,Good,11.0,UG/M3,1 Hr,Valid
Tashkent,PM2.5 - Principal,2018-09-24 06:00 PM,2018,09,24,18,15.1,57,Moderate,19.0,UG/M3,1 Hr,Valid
Tashkent,PM2.5 - Principal,2018-09-24 07:00 PM,2018,09,24,19,18.5,64,Moderate,22.0,UG/M3,1 Hr,Valid
Tashkent,PM2.5 - Principal,2018-09-24 08:00 PM,2018,09,24,20,17.2,62,Moderate,16.0,UG/M3,1 Hr,Valid
Tashkent,PM2.5 - Principal,2018-09-24 09:00 PM,2018,09,24,21,13.1,53,Moderate,9.0,UG/M3,1 Hr,Valid
Tashkent,PM2.5 - Principal,2018-09-24 10:00 PM,2018,09,24,22,12.5,52,Moderate,12.0,UG/M3,1 Hr,Valid
Tashkent,PM2.5 - Principal,2018-09-24 11:00 PM,2018,09,24,23,11.7,49,Good,11.0,UG/M3,1 Hr,Valid
Tashkent,PM2.5 - Principal,2018-09-25 12:00 AM,2018,09,25,00,14.8,57,Moderate,18.0,UG/M3,1 Hr,Valid
Tashkent,PM2.5 - Principal,2018-09-25 01:00 AM,2018,09,25,01,14.9,57,Moderate,15.0,UG/M3,1 Hr,Valid
Tashkent,PM2.5 - Principal,2018-09-25 02:00 AM,2018,09,25,02,16.4,60,Moderate,18.0,UG/M3,1 Hr,Valid
Tashkent,PM2.5 - Principal,2018-09-25 03:00 AM,2018,09,25,03,17.7,63,Moderate,19.0,UG/M3,1 Hr,Valid
Tashkent,PM2.5 - Principal,2018-09-25 04:00 AM,2018,09,25,04,17.3,62,Moderate,17.0,UG/M3,1 Hr,Valid
Tashkent,PM2.5 - Principal,2018-09-25 05:00 AM,2018,09,25,05,18.6,65,Moderate,20.0,UG/M3,1 Hr,Valid
Tashkent,PM2.5 - Principal,2018-09-25 06:00 AM,2018,09,25,06,19.3,66,Moderate,20.0,UG/M3,1 Hr,Valid
Tashkent,PM2.5 - Principal,2018-09-25 07:00 AM,2018,09,25,07,22.6,73,Moderate,26.0,UG/M3,1 Hr,Valid
Tashkent,PM2.5 - Principal,2018-09-25 08:00 AM,2018,09,25,08,22.3,72,Moderate,22.0,UG/M3,1 Hr,Valid
Tashkent,PM2.5 - Principal,2018-09-25 09:00 AM,2018,09,25,09,19.6,67,Moderate,17.0,UG/M3,1 Hr,Valid
Tashkent,PM2.5 - Principal,2018-09-25 10:00 AM,2018,09,25,10,19.6,67,Moderate,-15.0,UG/M3,1 Hr,Invalid
Tashkent,PM2.5 - Principal,2018-09-25 11:00 AM,2018,09,25,11,25.7,80,Moderate,29.0,UG/M3,1 Hr,Valid
Tashkent,PM2.5 - Principal,2018-09-25 12:00 PM,2018,09,25,12,20.8,69,Moderate,17.0,UG/M3,1 Hr,Valid
Tashkent,PM2.5 - Principal,2018-09-25 01:00 PM,2018,09,25,13,20.1,68,Moderate,19.0,UG/M3,1 Hr,Valid
Tashkent,PM2.5 - Principal,2018-09-25 02:00 PM,2018,09,25,14,18.7,65,Moderate,17.0,UG/M3,1 Hr,Valid
Tashkent,PM2.5 - Principal,2018-09-25 03:00 PM,2018,09,25,15,15.1,57,Moderate,12.0,UG/M3,1 Hr,Valid
Tashkent,PM2.5 - Principal,2018-09-25 04:00 PM,2018,09,25,16,14.0,55,Moderate,13.0,UG/M3,1 Hr,Valid
Tashkent,PM2.5 - Principal,2018-09-25 05:00 PM,2018,09,25,17,13.0,53,Moderate,12.0,UG/M3,1 Hr,Valid
Tashkent,PM2.5 - Principal,2018-09-25 06:00 PM,2018,09,25,18,16.5,60,Moderate,20.0,UG/M3,1 Hr,Valid
Tashkent,PM2.5 - Principal,2018-09-25 07:00 PM,2018,09,25,19,25.7,80,Moderate,35.0,UG/M3,1 Hr,Valid
Tashkent,PM2.5 - Principal,2018-09-25 08:00 PM,2018,09,25,20,38.3,108,Unhealthy for Sensitive Groups,51.0,UG/M3,1 Hr,Valid
Tashkent,PM2.5 - Principal,2018-09-25 09:00 PM,2018,09,25,21,40.7,114,Unhealthy for Sensitive Groups,43.0,UG/M3,1 Hr,Valid
Tashkent,PM2.5 - Principal,2018-09-25 10:00 PM,2018,09,25,22,42.8,119,Unhealthy for Sensitive Groups,45.0,UG/M3,1 Hr,Valid
Tashkent,PM2.5 - Principal,2018-09-25 11:00 PM,2018,09,25,23,48.4,133,Unhealthy for Sensitive Groups,54.0,UG/M3,1 Hr,Valid
Tashkent,PM2.5 - Principal,2018-09-26 12:00 AM,2018,09,26,00,42.7,119,Unhealthy for Sensitive Groups,37.0,UG/M3,1 Hr,Valid
Tashkent,PM2.5 - Principal,2018-09-26 01:00 AM,2018,09,26,01,43.8,121,Unhealthy for Sensitive Groups,45.0,UG/M3,1 Hr,Valid
Tashkent,PM2.5 - Principal,2018-09-26 02:00 AM,2018,09,26,02,42.4,118,Unhealthy for Sensitive Groups,41.0,UG/M3,1 Hr,Valid
Tashkent,PM2.5 - Principal,2018-09-26 03:00 AM,2018,09,26,03,37.7,106,Unhealthy for Sensitive Groups,33.0,UG/M3,1 Hr,Valid
Tashkent,PM2.5 - Principal,2018-09-26 04:00 AM,2018,09,26,04,33.8,97,Moderate,30.0,UG/M3,1 Hr,Valid
Tashkent,PM2.5 - Principal,2018-09-26 05:00 AM,2018,09,26,05,30.4,89,Moderate,27.0,UG/M3,1 Hr,Valid
Tashkent,PM2.5 - Principal,2018-09-26 06:00 AM,2018,09,26,06,26.2,81,Moderate,22.0,UG/M3,1 Hr,Valid
Tashkent,PM2.5 - Principal,2018-09-26 07:00 AM,2018,09,26,07,31.1,91,Moderate,36.0,UG/M3,1 Hr,Valid
Tashkent,PM2.5 - Principal,2018-09-26 08:00 AM,2018,09,26,08,36.5,103,Unhealthy for Sensitive Groups,42.0,UG/M3,1 Hr,Valid
Tashkent,PM2.5 - Principal,2018-09-26 09:00 AM,2018,09,26,09,37.7,106,Unhealthy for Sensitive Groups,39.0,UG/M3,1 Hr,Valid
Tashkent,PM2.5 - Principal,2018-09-26 10:00 AM,2018,09,26,10,35.3,100,Moderate,33.0,UG/M3,1 Hr,Valid
Tashkent,PM2.5 - Principal,2018-09-26 11:00 AM,2018,09,26,11,40.1,112,Unhealthy for Sensitive Groups,45.0,UG/M3,1 Hr,Valid
Tashkent,PM2.5 - Principal,2018-09-26 12:00 PM,2018,09,26,12,45.0,124,Unhealthy for Sensitive Groups,50.0,UG/M3,1 Hr,Valid
Tashkent,PM2.5 - Principal,2018-09-26 01:00 PM,2018,09,26,13,41.0,115,Unhealthy for Sensitive Groups,37.0,UG/M3,1 Hr,Valid
Tashkent,PM2.5 - Principal,2018-09-26 02:00 PM,2018,09,26,14,35.0,99,Moderate,29.0,UG/M3,1 Hr,Valid
Tashkent,PM2.5 - Principal,2018-09-26 03:00 PM,2018,09,26,15,28.0,84,Moderate,21.0,UG/M3,1 Hr,Valid
Tashkent,PM2.5 - Principal,2018-09-26 04:00 PM,2018,09,26,16,20.5,69,Moderate,13.0,UG/M3,1 Hr,Valid
Tashkent,PM2.5 - Principal,2018-09-26 05:00 PM,2018,09,26,17,22.2,72,Moderate,24.0,UG/M3,1 Hr,Valid
Tashkent,PM2.5 - Principal,2018-09-26 06:00 PM,2018,09,26,18,24.6,77,Moderate,27.0,UG/M3,1 Hr,Valid
Tashkent,PM2.5 - Principal,2018-09-26 07:00 PM,2018,09,26,19,47.3,130,Unhealthy for Sensitive Groups,70.0,UG/M3,1 Hr,Valid
Tashkent,PM2.5 - Principal,2018-09-26 08:00 PM,2018,09,26,20,69.1,158,Unhealthy,91.0,UG/M3,1 Hr,Valid
Tashkent,PM2.5 - Principal,2018-09-26 09:00 PM,2018,09,26,21,79.5,163,Unhealthy,90.0,UG/M3,1 Hr,Valid
Tashkent,PM2.5 - Principal,2018-09-26 10:00 PM,2018,09,26,22,79.8,164,Unhealthy,80.0,UG/M3,1 Hr,Valid
Tashkent,PM2.5 - Principal,2018-09-26 11:00 PM,2018,09,26,23,85.4,166,Unhealthy,91.0,UG/M3,1 Hr,Valid
Tashkent,PM2.5 - Principal,2018-09-27 12:00 AM,2018,09,27,00,70.2,159,Unhealthy,55.0,UG/M3,1 Hr,Valid
Tashkent,PM2.5 - Principal,2018-09-27 01:00 AM,2018,09,27,01,62.6,155,Unhealthy,55.0,UG/M3,1 Hr,Valid
Tashkent,PM2.5 - Principal,2018-09-27 02:00 AM,2018,09,27,02,51.3,140,Unhealthy for Sensitive Groups,40.0,UG/M3,1 Hr,Valid
Tashkent,PM2.5 - Principal,2018-09-27 03:00 AM,2018,09,27,03,45.1,125,Unhealthy for Sensitive Groups,39.0,UG/M3,1 Hr,Valid
Tashkent,PM2.5 - Principal,2018-09-27 04:00 AM,2018,09,27,04,45.5,126,Unhealthy for Sensitive Groups,46.0,UG/M3,1 Hr,Valid
Tashkent,PM2.5 - Principal,2018-09-27 05:00 AM,2018,09,27,05,41.7,116,Unhealthy for Sensitive Groups,38.0,UG/M3,1 Hr,Valid
Tashkent,PM2.5 - Principal,2018-09-27 06:00 AM,2018,09,27,06,37.3,105,Unhealthy for Sensitive Groups,33.0,UG/M3,1 Hr,Valid
Tashkent,PM2.5 - Principal,2018-09-27 07:00 AM,2018,09,27,07,35.6,101,Unhealthy for Sensitive Groups,34.0,UG/M3,1 Hr,Valid
Tashkent,PM2.5 - Principal,2018-09-27 08:00 AM,2018,09,27,08,36.3,103,Unhealthy for Sensitive Groups,37.0,UG/M3,1 Hr,Valid
Tashkent,PM2.5 - Principal,2018-09-27 09:00 AM,2018,09,27,09,30.6,90,Moderate,25.0,UG/M3,1 Hr,Valid
Tashkent,PM2.5 - Principal,2018-09-27 10:00 AM,2018,09,27,10,22.8,74,Moderate,15.0,UG/M3,1 Hr,Valid
Tashkent,PM2.5 - Principal,2018-09-27 11:00 AM,2018,09,27,11,14.4,56,Moderate,6.0,UG/M3,1 Hr,Valid
Tashkent,PM2.5 - Principal,2018-09-27 12:00 PM,2018,09,27,12,10.6,44,Good,7.0,UG/M3,1 Hr,Valid
Tashkent,PM2.5 - Principal,2018-09-27 01:00 PM,2018,09,27,13,8.8,37,Good,7.0,UG/M3,1 Hr,Valid
Tashkent,PM2.5 - Principal,2018-09-27 02:00 PM,2018,09,27,14,9.9,41,Good,11.0,UG/M3,1 Hr,Valid
Tashkent,PM2.5 - Principal,2018-09-27 03:00 PM,2018,09,27,15,11.4,48,Good,13.0,UG/M3,1 Hr,Valid
Tashkent,PM2.5 - Principal,2018-09-27 04:00 PM,2018,09,27,16,11.7,49,Good,12.0,UG/M3,1 Hr,Valid
Tashkent,PM2.5 - Principal,2018-09-27 05:00 PM,2018,09,27,17,14.3,56,Moderate,17.0,UG/M3,1 Hr,Valid
Tashkent,PM2.5 - Principal,2018-09-27 06:00 PM,2018,09,27,18,12.6,52,Moderate,11.0,UG/M3,1 Hr,Valid
Tashkent,PM2.5 - Principal,2018-09-27 07:00 PM,2018,09,27,19,17.8,63,Moderate,23.0,UG/M3,1 Hr,Valid
Tashkent,PM2.5 - Principal,2018-09-27 08:00 PM,2018,09,27,20,22.4,73,Moderate,27.0,UG/M3,1 Hr,Valid
Tashkent,PM2.5 - Principal,2018-09-27 09:00 PM,2018,09,27,21,25.2,79,Moderate,28.0,UG/M3,1 Hr,Valid
Tashkent,PM2.5 - Principal,2018-09-27 10:00 PM,2018,09,27,22,26.1,80,Moderate,27.0,UG/M3,1 Hr,Valid
Tashkent,PM2.5 - Principal,2018-09-27 11:00 PM,2018,09,27,23,24.0,76,Moderate,22.0,UG/M3,1 Hr,Valid
Tashkent,PM2.5 - Principal,2018-09-28 12:00 AM,2018,09,28,00,18.0,63,Moderate,12.0,UG/M3,1 Hr,Valid
Tashkent,PM2.5 - Principal,2018-09-28 01:00 AM,2018,09,28,01,15.0,57,Moderate,12.0,UG/M3,1 Hr,Valid
Tashkent,PM2.5 - Principal,2018-09-28 02:00 AM,2018,09,28,02,13.5,54,Moderate,12.0,UG/M3,1 Hr,Valid
Tashkent,PM2.5 - Principal,2018-09-28 03:00 AM,2018,09,28,03,15.2,58,Moderate,17.0,UG/M3,1 Hr,Valid
Tashkent,PM2.5 - Principal,2018-09-28 04:00 AM,2018,09,28,04,13.1,53,Moderate,11.0,UG/M3,1 Hr,Valid
Tashkent,PM2.5 - Principal,2018-09-28 05:00 AM,2018,09,28,05,10.0,42,Good,7.0,UG/M3,1 Hr,Valid
Tashkent,PM2.5 - Principal,2018-09-28 06:00 AM,2018,09,28,06,9.5,40,Good,9.0,UG/M3,1 Hr,Valid
Tashkent,PM2.5 - Principal,2018-09-28 07:00 AM,2018,09,28,07,8.7,36,Good,8.0,UG/M3,1 Hr,Valid
Tashkent,PM2.5 - Principal,2018-09-28 08:00 AM,2018,09,28,08,10.3,43,Good,12.0,UG/M3,1 Hr,Valid
Tashkent,PM2.5 - Principal,2018-09-28 09:00 AM,2018,09,28,09,10.6,44,Good,11.0,UG/M3,1 Hr,Valid
Tashkent,PM2.5 - Principal,2018-09-28 10:00 AM,2018,09,28,10,10.3,43,Good,10.0,UG/M3,1 Hr,Valid
Tashkent,PM2.5 - Principal,2018-09-28 11:00 AM,2018,09,28,11,10.1,42,Good,10.0,UG/M3,1 Hr,Valid
Tashkent,PM2.5 - Principal,2018-09-28 12:00 PM,2018,09,28,12,15.5,58,Moderate,21.0,UG/M3,1 Hr,Valid
Tashkent,PM2.5 - Principal,2018-09-28 01:00 PM,2018,09,28,13,19.7,67,Moderate,24.0,UG/M3,1 Hr,Valid
Tashkent,PM2.5 - Principal,2018-09-28 02:00 PM,2018,09,28,14,19.3,66,Moderate,19.0,UG/M3,1 Hr,Valid
Tashkent,PM2.5 - Principal,2018-09-28 03:00 PM,2018,09,28,15,20.6,69,Moderate,22.0,UG/M3,1 Hr,Valid
Tashkent,PM2.5 - Principal,2018-09-28 04:00 PM,2018,09,28,16,19.8,67,Moderate,19.0,UG/M3,1 Hr,Valid
Tashkent,PM2.5 - Principal,2018-09-28 05:00 PM,2018,09,28,17,21.9,72,Moderate,24.0,UG/M3,1 Hr,Valid
Tashkent,PM2.5 - Principal,2018-09-28 06:00 PM,2018,09,28,18,24.9,78,Moderate,28.0,UG/M3,1 Hr,Valid
Tashkent,PM2.5 - Principal,2018-09-28 07:00 PM,2018,09,28,19,36.4,103,Unhealthy for Sensitive Groups,48.0,UG/M3,1 Hr,Valid
Tashkent,PM2.5 - Principal,2018-09-28 08:00 PM,2018,09,28,20,45.2,125,Unhealthy for Sensitive Groups,54.0,UG/M3,1 Hr,Valid
Tashkent,PM2.5 - Principal,2018-09-28 09:00 PM,2018,09,28,21,56.6,152,Unhealthy,68.0,UG/M3,1 Hr,Valid
Tashkent,PM2.5 - Principal,2018-09-28 10:00 PM,2018,09,28,22,51.8,141,Unhealthy for Sensitive Groups,47.0,UG/M3,1 Hr,Valid
Tashkent,PM2.5 - Principal,2018-09-28 11:00 PM,2018,09,28,23,51.4,140,Unhealthy for Sensitive Groups,51.0,UG/M3,1 Hr,Valid
Tashkent,PM2.5 - Principal,2018-09-29 12:00 AM,2018,09,29,00,54.7,148,Unhealthy for Sensitive Groups,58.0,UG/M3,1 Hr,Valid
Tashkent,PM2.5 - Principal,2018-09-29 01:00 AM,2018,09,29,01,50.8,139,Unhealthy for Sensitive Groups,47.0,UG/M3,1 Hr,Valid
Tashkent,PM2.5 - Principal,2018-09-29 02:00 AM,2018,09,29,02,42.9,119,Unhealthy for Sensitive Groups,35.0,UG/M3,1 Hr,Valid
Tashkent,PM2.5 - Principal,2018-09-29 03:00 AM,2018,09,29,03,30.9,91,Moderate,19.0,UG/M3,1 Hr,Valid
Tashkent,PM2.5 - Principal,2018-09-29 04:00 AM,2018,09,29,04,26.9,82,Moderate,23.0,UG/M3,1 Hr,Valid
Tashkent,PM2.5 - Principal,2018-09-29 05:00 AM,2018,09,29,05,21.9,72,Moderate,17.0,UG/M3,1 Hr,Valid
Tashkent,PM2.5 - Principal,2018-09-29 06:00 AM,2018,09,29,06,21.4,71,Moderate,21.0,UG/M3,1 Hr,Valid
Tashkent,PM2.5 - Principal,2018-09-29 07:00 AM,2018,09,29,07,22.2,72,Moderate,23.0,UG/M3,1 Hr,Valid
Tashkent,PM2.5 - Principal,2018-09-29 08:00 AM,2018,09,29,08,19.6,67,Moderate,17.0,UG/M3,1 Hr,Valid
Tashkent,PM2.5 - Principal,2018-09-29 09:00 AM,2018,09,29,09,18.3,64,Moderate,17.0,UG/M3,1 Hr,Valid
Tashkent,PM2.5 - Principal,2018-09-29 10:00 AM,2018,09,29,10,17.6,63,Moderate,17.0,UG/M3,1 Hr,Valid
Tashkent,PM2.5 - Principal,2018-09-29 11:00 AM,2018,09,29,11,21.3,70,Moderate,25.0,UG/M3,1 Hr,Valid
Tashkent,PM2.5 - Principal,2018-09-29 12:00 PM,2018,09,29,12,21.6,71,Moderate,22.0,UG/M3,1 Hr,Valid
Tashkent,PM2.5 - Principal,2018-09-29 01:00 PM,2018,09,29,13,19.3,66,Moderate,17.0,UG/M3,1 Hr,Valid
Tashkent,PM2.5 - Principal,2018-09-29 02:00 PM,2018,09,29,14,14.1,55,Moderate,9.0,UG/M3,1 Hr,Valid
Tashkent,PM2.5 - Principal,2018-09-29 03:00 PM,2018,09,29,15,10.5,44,Good,7.0,UG/M3,1 Hr,Valid
Tashkent,PM2.5 - Principal,2018-09-29 04:00 PM,2018,09,29,16,9.2,38,Good,8.0,UG/M3,1 Hr,Valid
Tashkent,PM2.5 - Principal,2018-09-29 05:00 PM,2018,09,29,17,8.6,36,Good,8.0,UG/M3,1 Hr,Valid
Tashkent,PM2.5 - Principal,2018-09-29 06:00 PM,2018,09,29,18,10.8,45,Good,13.0,UG/M3,1 Hr,Valid
Tashkent,PM2.5 - Principal,2018-09-29 07:00 PM,2018,09,29,19,12.9,53,Moderate,15.0,UG/M3,1 Hr,Valid
Tashkent,PM2.5 - Principal,2018-09-29 08:00 PM,2018,09,29,20,21.9,72,Moderate,31.0,UG/M3,1 Hr,Valid
Tashkent,PM2.5 - Principal,2018-09-29 09:00 PM,2018,09,29,21,15.9,59,Moderate,10.0,UG/M3,1 Hr,Valid
Tashkent,PM2.5 - Principal,2018-09-29 10:00 PM,2018,09,29,22,13.4,54,Moderate,11.0,UG/M3,1 Hr,Valid
Tashkent,PM2.5 - Principal,2018-09-29 11:00 PM,2018,09,29,23,15.2,58,Moderate,17.0,UG/M3,1 Hr,Valid
Tashkent,PM2.5 - Principal,2018-09-30 12:00 AM,2018,09,30,00,18.1,64,Moderate,21.0,UG/M3,1 Hr,Valid
Tashkent,PM2.5 - Principal,2018-09-30 01:00 AM,2018,09,30,01,21.0,70,Moderate,24.0,UG/M3,1 Hr,Valid
Tashkent,PM2.5 - Principal,2018-09-30 02:00 AM,2018,09,30,02,20.0,68,Moderate,19.0,UG/M3,1 Hr,Valid
Tashkent,PM2.5 - Principal,2018-09-30 03:00 AM,2018,09,30,03,25.0,78,Moderate,30.0,UG/M3,1 Hr,Valid
Tashkent,PM2.5 - Principal,2018-09-30 04:00 AM,2018,09,30,04,27.5,83,Moderate,30.0,UG/M3,1 Hr,Valid
Tashkent,PM2.5 - Principal,2018-09-30 05:00 AM,2018,09,30,05,28.7,86,Moderate,30.0,UG/M3,1 Hr,Valid
Tashkent,PM2.5 - Principal,2018-09-30 06:00 AM,2018,09,30,06,29.8,88,Moderate,31.0,UG/M3,1 Hr,Valid
Tashkent,PM2.5 - Principal,2018-09-30 07:00 AM,2018,09,30,07,30.9,91,Moderate,32.0,UG/M3,1 Hr,Valid
Tashkent,PM2.5 - Principal,2018-09-30 08:00 AM,2018,09,30,08,32.9,95,Moderate,35.0,UG/M3,1 Hr,Valid
Tashkent,PM2.5 - Principal,2018-09-30 09:00 AM,2018,09,30,09,29.9,88,Moderate,27.0,UG/M3,1 Hr,Valid
Tashkent,PM2.5 - Principal,2018-09-30 10:00 AM,2018,09,30,10,31.4,92,Moderate,33.0,UG/M3,1 Hr,Valid
Tashkent,PM2.5 - Principal,2018-09-30 11:00 AM,2018,09,30,11,30.7,90,Moderate,30.0,UG/M3,1 Hr,Valid
Tashkent,PM2.5 - Principal,2018-09-30 12:00 PM,2018,09,30,12,29.0,87,Moderate,27.0,UG/M3,1 Hr,Valid
Tashkent,PM2.5 - Principal,2018-09-30 01:00 PM,2018,09,30,13,25.3,79,Moderate,21.0,UG/M3,1 Hr,Valid
Tashkent,PM2.5 - Principal,2018-09-30 02:00 PM,2018,09,30,14,23.2,74,Moderate,20.0,UG/M3,1 Hr,Valid
Tashkent,PM2.5 - Principal,2018-09-30 03:00 PM,2018,09,30,15,23.5,75,Moderate,24.0,UG/M3,1 Hr,Valid
Tashkent,PM2.5 - Principal,2018-09-30 04:00 PM,2018,09,30,16,22.0,72,Moderate,20.0,UG/M3,1 Hr,Valid
Tashkent,PM2.5 - Principal,2018-09-30 05:00 PM,2018,09,30,17,21.5,71,Moderate,21.0,UG/M3,1 Hr,Valid
Tashkent,PM2.5 - Principal,2018-09-30 06:00 PM,2018,09,30,18,22.6,73,Moderate,24.0,UG/M3,1 Hr,Valid
Tashkent,PM2.5 - Principal,2018-09-30 07:00 PM,2018,09,30,19,26.6,81,Moderate,32.0,UG/M3,1 Hr,Valid
Tashkent,PM2.5 - Principal,2018-09-30 08:00 PM,2018,09,30,20,38.6,109,Unhealthy for Sensitive Groups,50.0,UG/M3,1 Hr,Valid
Tashkent,PM2.5 - Principal,2018-09-30 09:00 PM,2018,09,30,21,48.8,134,Unhealthy for Sensitive Groups,59.0,UG/M3,1 Hr,Valid
Tashkent,PM2.5 - Principal,2018-09-30 10:00 PM,2018,09,30,22,67.9,157,Unhealthy,87.0,UG/M3,1 Hr,Valid
Tashkent,PM2.5 - Principal,2018-09-30 11:00 PM,2018,09,30,23,88.9,168,Unhealthy,110.0,UG/M3,1 Hr,Valid
Tashkent,PM2.5 - Principal,2018-10-01 12:00 AM,2018,10,01,00,84.9,166,Unhealthy,81.0,UG/M3,1 Hr,Valid
Tashkent,PM2.5 - Principal,2018-10-01 01:00 AM,2018,10,01,01,80.5,164,Unhealthy,76.0,UG/M3,1 Hr,Valid
Tashkent,PM2.5 - Principal,2018-10-01 02:00 AM,2018,10,01,02,74.2,161,Unhealthy,68.0,UG/M3,1 Hr,Valid
Tashkent,PM2.5 - Principal,2018-10-01 03:00 AM,2018,10,01,03,61.1,154,Unhealthy,48.0,UG/M3,1 Hr,Valid
Tashkent,PM2.5 - Principal,2018-10-01 04:00 AM,2018,10,01,04,53.5,145,Unhealthy for Sensitive Groups,46.0,UG/M3,1 Hr,Valid
Tashkent,PM2.5 - Principal,2018-10-01 05:00 AM,2018,10,01,05,48.7,134,Unhealthy for Sensitive Groups,44.0,UG/M3,1 Hr,Valid
Tashkent,PM2.5 - Principal,2018-10-01 06:00 AM,2018,10,01,06,41.8,117,Unhealthy for Sensitive Groups,35.0,UG/M3,1 Hr,Valid
Tashkent,PM2.5 - Principal,2018-10-01 07:00 AM,2018,10,01,07,40.9,114,Unhealthy for Sensitive Groups,40.0,UG/M3,1 Hr,Valid
Tashkent,PM2.5 - Principal,2018-10-01 08:00 AM,2018,10,01,08,41.4,116,Unhealthy for Sensitive Groups,42.0,UG/M3,1 Hr,Valid
Tashkent,PM2.5 - Principal,2018-10-01 09:00 AM,2018,10,01,09,36.2,103,Unhealthy for Sensitive Groups,31.0,UG/M3,1 Hr,Valid
Tashkent,PM2.5 - Principal,2018-10-01 10:00 AM,2018,10,01,10,32.6,94,Moderate,29.0,UG/M3,1 Hr,Valid
Tashkent,PM2.5 - Principal,2018-10-01 11:00 AM,2018,10,01,11,25.7,80,Moderate,19.0,UG/M3,1 Hr,Valid
Tashkent,PM2.5 - Principal,2018-10-01 12:00 PM,2018,10,01,12,20.8,69,Moderate,16.0,UG/M3,1 Hr,Valid
Tashkent,PM2.5 - Principal,2018-10-01 01:00 PM,2018,10,01,13,20.9,70,Moderate,21.0,UG/M3,1 Hr,Valid
Tashkent,PM2.5 - Principal,2018-10-01 02:00 PM,2018,10,01,14,59.9,153,Unhealthy,99.0,UG/M3,1 Hr,Valid
Tashkent,PM2.5 - Principal,2018-10-01 03:00 PM,2018,10,01,15,190.5,241,Very Unhealthy,321.0,UG/M3,1 Hr,Valid
Tashkent,PM2.5 - Principal,2018-10-01 04:00 PM,2018,10,01,16,129.7,189,Unhealthy,69.0,UG/M3,1 Hr,Valid
Tashkent,PM2.5 - Principal,2018-10-01 05:00 PM,2018,10,01,17,77.8,163,Unhealthy,26.0,UG/M3,1 Hr,Valid
Tashkent,PM2.5 - Principal,2018-10-01 06:00 PM,2018,10,01,18,52.9,144,Unhealthy for Sensitive Groups,28.0,UG/M3,1 Hr,Valid
Tashkent,PM2.5 - Principal,2018-10-01 07:00 PM,2018,10,01,19,55.9,151,Unhealthy,59.0,UG/M3,1 Hr,Valid
Tashkent,PM2.5 - Principal,2018-10-01 08:00 PM,2018,10,01,20,62.9,155,Unhealthy,70.0,UG/M3,1 Hr,Valid
Tashkent,PM2.5 - Principal,2018-10-01 09:00 PM,2018,10,01,21,65.9,156,Unhealthy,69.0,UG/M3,1 Hr,Valid
Tashkent,PM2.5 - Principal,2018-10-01 10:00 PM,2018,10,01,22,68.0,157,Unhealthy,70.0,UG/M3,1 Hr,Valid
Tashkent,PM2.5 - Principal,2018-10-01 11:00 PM,2018,10,01,23,54.0,147,Unhealthy for Sensitive Groups,40.0,UG/M3,1 Hr,Valid
Tashkent,PM2.5 - Principal,2018-10-02 12:00 AM,2018,10,02,00,48.0,132,Unhealthy for Sensitive Groups,42.0,UG/M3,1 Hr,Valid
Tashkent,PM2.5 - Principal,2018-10-02 01:00 AM,2018,10,02,01,53.0,144,Unhealthy for Sensitive Groups,58.0,UG/M3,1 Hr,Valid
Tashkent,PM2.5 - Principal,2018-10-02 02:00 AM,2018,10,02,02,55.4,150,Unhealthy for Sensitive Groups,58.0,UG/M3,1 Hr,Valid
Tashkent,PM2.5 - Principal,2018-10-02 03:00 AM,2018,10,02,03,51.7,141,Unhealthy for Sensitive Groups,48.0,UG/M3,1 Hr,Valid
Tashkent,PM2.5 - Principal,2018-10-02 04:00 AM,2018,10,02,04,45.3,125,Unhealthy for Sensitive Groups,39.0,UG/M3,1 Hr,Valid
Tashkent,PM2.5 - Principal,2018-10-02 05:00 AM,2018,10,02,05,41.1,115,Unhealthy for Sensitive Groups,37.0,UG/M3,1 Hr,Valid
Tashkent,PM2.5 - Principal,2018-10-02 06:00 AM,2018,10,02,06,37.5,106,Unhealthy for Sensitive Groups,34.0,UG/M3,1 Hr,Valid
Tashkent,PM2.5 - Principal,2018-10-02 07:00 AM,2018,10,02,07,34.7,99,Moderate,32.0,UG/M3,1 Hr,Valid
Tashkent,PM2.5 - Principal,2018-10-02 08:00 AM,2018,10,02,08,35.8,102,Unhealthy for Sensitive Groups,37.0,UG/M3,1 Hr,Valid
Tashkent,PM2.5 - Principal,2018-10-02 09:00 AM,2018,10,02,09,45.9,127,Unhealthy for Sensitive Groups,56.0,UG/M3,1 Hr,Valid
Tashkent,PM2.5 - Principal,2018-10-02 10:00 AM,2018,10,02,10,47.2,130,Unhealthy for Sensitive Groups,50.0,UG/M3,1 Hr,Valid
Tashkent,PM2.5 - Principal,2018-10-02 11:00 AM,2018,10,02,11,52.0,142,Unhealthy for Sensitive Groups,58.0,UG/M3,1 Hr,Valid
Tashkent,PM2.5 - Principal,2018-10-02 12:00 PM,2018,10,02,12,55.3,150,Unhealthy for Sensitive Groups,59.0,UG/M3,1 Hr,Valid
Tashkent,PM2.5 - Principal,2018-10-02 01:00 PM,2018,10,02,13,46.0,127,Unhealthy for Sensitive Groups,35.0,UG/M3,1 Hr,Valid
Tashkent,PM2.5 - Principal,2018-10-02 02:00 PM,2018,10,02,14,46.0,127,Unhealthy for Sensitive Groups,46.0,UG/M3,1 Hr,Valid
Tashkent,PM2.5 - Principal,2018-10-02 03:00 PM,2018,10,02,15,46.9,129,Unhealthy for Sensitive Groups,48.0,UG/M3,1 Hr,Valid
Tashkent,PM2.5 - Principal,2018-10-02 04:00 PM,2018,10,02,16,38.5,108,Unhealthy for Sensitive Groups,30.0,UG/M3,1 Hr,Valid
Tashkent,PM2.5 - Principal,2018-10-02 05:00 PM,2018,10,02,17,32.2,93,Moderate,26.0,UG/M3,1 Hr,Valid
Tashkent,PM2.5 - Principal,2018-10-02 06:00 PM,2018,10,02,18,31.1,91,Moderate,30.0,UG/M3,1 Hr,Valid
Tashkent,PM2.5 - Principal,2018-10-02 07:00 PM,2018,10,02,19,30.0,89,Moderate,29.0,UG/M3,1 Hr,Valid
Tashkent,PM2.5 - Principal,2018-10-02 08:00 PM,2018,10,02,20,26.5,81,Moderate,23.0,UG/M3,1 Hr,Valid
Tashkent,PM2.5 - Principal,2018-10-02 09:00 PM,2018,10,02,21,21.2,70,Moderate,16.0,UG/M3,1 Hr,Valid
Tashkent,PM2.5 - Principal,2018-10-02 10:00 PM,2018,10,02,22,21.6,71,Moderate,22.0,UG/M3,1 Hr,Valid
Tashkent,PM2.5 - Principal,2018-10-02 11:00 PM,2018,10,02,23,27.3,83,Moderate,33.0,UG/M3,1 Hr,Valid
Tashkent,PM2.5 - Principal,2018-10-03 12:00 AM,2018,10,03,00,38.6,109,Unhealthy for Sensitive Groups,50.0,UG/M3,1 Hr,Valid
Tashkent,PM2.5 - Principal,2018-10-03 01:00 AM,2018,10,03,01,41.8,117,Unhealthy for Sensitive Groups,45.0,UG/M3,1 Hr,Valid
Tashkent,PM2.5 - Principal,2018-10-03 02:00 AM,2018,10,03,02,44.9,124,Unhealthy for Sensitive Groups,48.0,UG/M3,1 Hr,Valid
Tashkent,PM2.5 - Principal,2018-10-03 03:00 AM,2018,10,03,03,46.4,128,Unhealthy for Sensitive Groups,48.0,UG/M3,1 Hr,Valid
Tashkent,PM2.5 - Principal,2018-10-03 04:00 AM,2018,10,03,04,44.7,124,Unhealthy for Sensitive Groups,43.0,UG/M3,1 Hr,Valid
Tashkent,PM2.5 - Principal,2018-10-03 05:00 AM,2018,10,03,05,42.3,118,Unhealthy for Sensitive Groups,40.0,UG/M3,1 Hr,Valid
Tashkent,PM2.5 - Principal,2018-10-03 06:00 AM,2018,10,03,06,40.1,112,Unhealthy for Sensitive Groups,38.0,UG/M3,1 Hr,Valid
Tashkent,PM2.5 - Principal,2018-10-03 07:00 AM,2018,10,03,07,37.5,106,Unhealthy for Sensitive Groups,35.0,UG/M3,1 Hr,Valid
Tashkent,PM2.5 - Principal,2018-10-03 08:00 AM,2018,10,03,08,34.7,99,Moderate,32.0,UG/M3,1 Hr,Valid
Tashkent,PM2.5 - Principal,2018-10-03 09:00 AM,2018,10,03,09,37.4,106,Unhealthy for Sensitive Groups,40.0,UG/M3,1 Hr,Valid
Tashkent,PM2.5 - Principal,2018-10-03 10:00 AM,2018,10,03,10,31.9,93,Moderate,26.0,UG/M3,1 Hr,Valid
Tashkent,PM2.5 - Principal,2018-10-03 11:00 AM,2018,10,03,11,31.4,92,Moderate,31.0,UG/M3,1 Hr,Valid
Tashkent,PM2.5 - Principal,2018-10-03 12:00 PM,2018,10,03,12,31.8,92,Moderate,32.0,UG/M3,1 Hr,Valid
Tashkent,PM2.5 - Principal,2018-10-03 01:00 PM,2018,10,03,13,31.8,92,Moderate,32.0,UG/M3,1 Hr,Valid
Tashkent,PM2.5 - Principal,2018-10-03 02:00 PM,2018,10,03,14,35.6,101,Unhealthy for Sensitive Groups,40.0,UG/M3,1 Hr,Valid
Tashkent,PM2.5 - Principal,2018-10-03 03:00 PM,2018,10,03,15,40.6,114,Unhealthy for Sensitive Groups,47.0,UG/M3,1 Hr,Valid
Tashkent,PM2.5 - Principal,2018-10-03 04:00 PM,2018,10,03,16,37.2,105,Unhealthy for Sensitive Groups,33.0,UG/M3,1 Hr,Valid
Tashkent,PM2.5 - Principal,2018-10-03 05:00 PM,2018,10,03,17,30.7,90,Moderate,24.0,UG/M3,1 Hr,Valid
Tashkent,PM2.5 - Principal,2018-10-03 06:00 PM,2018,10,03,18,30.8,90,Moderate,31.0,UG/M3,1 Hr,Valid
Tashkent,PM2.5 - Principal,2018-10-03 07:00 PM,2018,10,03,19,55.4,150,Unhealthy for Sensitive Groups,80.0,UG/M3,1 Hr,Valid
Tashkent,PM2.5 - Principal,2018-10-03 08:00 PM,2018,10,03,20,61.2,154,Unhealthy,67.0,UG/M3,1 Hr,Valid
Tashkent,PM2.5 - Principal,2018-10-03 09:00 PM,2018,10,03,21,60.1,153,Unhealthy,59.0,UG/M3,1 Hr,Valid
Tashkent,PM2.5 - Principal,2018-10-03 10:00 PM,2018,10,03,22,61.5,154,Unhealthy,63.0,UG/M3,1 Hr,Valid
Tashkent,PM2.5 - Principal,2018-10-03 11:00 PM,2018,10,03,23,57.7,152,Unhealthy,54.0,UG/M3,1 Hr,Valid
Tashkent,PM2.5 - Principal,2018-10-04 12:00 AM,2018,10,04,00,50.3,137,Unhealthy for Sensitive Groups,43.0,UG/M3,1 Hr,Valid
Tashkent,PM2.5 - Principal,2018-10-04 01:00 AM,2018,10,04,01,47.1,130,Unhealthy for Sensitive Groups,44.0,UG/M3,1 Hr,Valid
Tashkent,PM2.5 - Principal,2018-10-04 02:00 AM,2018,10,04,02,40.5,113,Unhealthy for Sensitive Groups,34.0,UG/M3,1 Hr,Valid
Tashkent,PM2.5 - Principal,2018-10-04 03:00 AM,2018,10,04,03,38.2,108,Unhealthy for Sensitive Groups,36.0,UG/M3,1 Hr,Valid
Tashkent,PM2.5 - Principal,2018-10-04 04:00 AM,2018,10,04,04,36.6,104,Unhealthy for Sensitive Groups,35.0,UG/M3,1 Hr,Valid
Tashkent,PM2.5 - Principal,2018-10-04 05:00 AM,2018,10,04,05,36.8,104,Unhealthy for Sensitive Groups,37.0,UG/M3,1 Hr,Valid
Tashkent,PM2.5 - Principal,2018-10-04 06:00 AM,2018,10,04,06,40.4,113,Unhealthy for Sensitive Groups,44.0,UG/M3,1 Hr,Valid
Tashkent,PM2.5 - Principal,2018-10-04 07:00 AM,2018,10,04,07,39.2,110,Unhealthy for Sensitive Groups,38.0,UG/M3,1 Hr,Valid
Tashkent,PM2.5 - Principal,2018-10-04 08:00 AM,2018,10,04,08,41.8,117,Unhealthy for Sensitive Groups,45.0,UG/M3,1 Hr,Valid
Tashkent,PM2.5 - Principal,2018-10-04 09:00 AM,2018,10,04,09,40.5,113,Unhealthy for Sensitive Groups,39.0,UG/M3,1 Hr,Valid
Tashkent,PM2.5 - Principal,2018-10-04 10:00 AM,2018,10,04,10,38.7,109,Unhealthy for Sensitive Groups,36.0,UG/M3,1 Hr,Valid
Tashkent,PM2.5 - Principal,2018-10-04 11:00 AM,2018,10,04,11,37.7,106,Unhealthy for Sensitive Groups,34.0,UG/M3,1 Hr,Valid
Tashkent,PM2.5 - Principal,2018-10-04 12:00 PM,2018,10,04,12,35.3,100,Moderate,31.0,UG/M3,1 Hr,Valid
Tashkent,PM2.5 - Principal,2018-10-04 01:00 PM,2018,10,04,13,33.3,96,Moderate,30.0,UG/M3,1 Hr,Valid
Tashkent,PM2.5 - Principal,2018-10-04 02:00 PM,2018,10,04,14,36.2,103,Unhealthy for Sensitive Groups,42.0,UG/M3,1 Hr,Valid
Tashkent,PM2.5 - Principal,2018-10-04 03:00 PM,2018,10,04,15,32.6,94,Moderate,27.0,UG/M3,1 Hr,Valid
Tashkent,PM2.5 - Principal,2018-10-04 04:00 PM,2018,10,04,16,25.9,80,Moderate,20.0,UG/M3,1 Hr,Valid
Tashkent,PM2.5 - Principal,2018-10-04 05:00 PM,2018,10,04,17,21.9,72,Moderate,18.0,UG/M3,1 Hr,Valid
Tashkent,PM2.5 - Principal,2018-10-04 06:00 PM,2018,10,04,18,23.9,76,Moderate,26.0,UG/M3,1 Hr,Valid
Tashkent,PM2.5 - Principal,2018-10-04 07:00 PM,2018,10,04,19,45.4,125,Unhealthy for Sensitive Groups,67.0,UG/M3,1 Hr,Valid
Tashkent,PM2.5 - Principal,2018-10-04 08:00 PM,2018,10,04,20,52.2,142,Unhealthy for Sensitive Groups,59.0,UG/M3,1 Hr,Valid
Tashkent,PM2.5 - Principal,2018-10-04 09:00 PM,2018,10,04,21,57.1,152,Unhealthy,62.0,UG/M3,1 Hr,Valid
Tashkent,PM2.5 - Principal,2018-10-04 10:00 PM,2018,10,04,22,73.0,160,Unhealthy,89.0,UG/M3,1 Hr,Valid
Tashkent,PM2.5 - Principal,2018-10-04 11:00 PM,2018,10,04,23,82.5,165,Unhealthy,92.0,UG/M3,1 Hr,Valid
Tashkent,PM2.5 - Principal,2018-10-05 12:00 AM,2018,10,05,00,77.2,162,Unhealthy,72.0,UG/M3,1 Hr,Valid
Tashkent,PM2.5 - Principal,2018-10-05 01:00 AM,2018,10,05,01,69.1,158,Unhealthy,61.0,UG/M3,1 Hr,Valid
Tashkent,PM2.5 - Principal,2018-10-05 02:00 AM,2018,10,05,02,61.0,154,Unhealthy,53.0,UG/M3,1 Hr,Valid
Tashkent,PM2.5 - Principal,2018-10-05 03:00 AM,2018,10,05,03,50.5,138,Unhealthy for Sensitive Groups,40.0,UG/M3,1 Hr,Valid
Tashkent,PM2.5 - Principal,2018-10-05 04:00 AM,2018,10,05,04,40.2,113,Unhealthy for Sensitive Groups,30.0,UG/M3,1 Hr,Valid
Tashkent,PM2.5 - Principal,2018-10-05 05:00 AM,2018,10,05,05,33.1,95,Moderate,26.0,UG/M3,1 Hr,Valid
Tashkent,PM2.5 - Principal,2018-10-05 06:00 AM,2018,10,05,06,28.0,84,Moderate,23.0,UG/M3,1 Hr,Valid
Tashkent,PM2.5 - Principal,2018-10-05 07:00 AM,2018,10,05,07,26.0,80,Moderate,24.0,UG/M3,1 Hr,Valid
Tashkent,PM2.5 - Principal,2018-10-05 08:00 AM,2018,10,05,08,29.5,88,Moderate,33.0,UG/M3,1 Hr,Valid
Tashkent,PM2.5 - Principal,2018-10-05 09:00 AM,2018,10,05,09,30.7,90,Moderate,32.0,UG/M3,1 Hr,Valid
Tashkent,PM2.5 - Principal,2018-10-05 10:00 AM,2018,10,05,10,32.8,95,Moderate,35.0,UG/M3,1 Hr,Valid
Tashkent,PM2.5 - Principal,2018-10-05 11:00 AM,2018,10,05,11,33.9,97,Moderate,35.0,UG/M3,1 Hr,Valid
Tashkent,PM2.5 - Principal,2018-10-05 12:00 PM,2018,10,05,12,31.9,93,Moderate,30.0,UG/M3,1 Hr,Valid
Tashkent,PM2.5 - Principal,2018-10-05 01:00 PM,2018,10,05,13,30.4,89,Moderate,29.0,UG/M3,1 Hr,Valid
Tashkent,PM2.5 - Principal,2018-10-05 02:00 PM,2018,10,05,14,24.7,77,Moderate,19.0,UG/M3,1 Hr,Valid
Tashkent,PM2.5 - Principal,2018-10-05 03:00 PM,2018,10,05,15,24.7,77,Moderate,24.0,UG/M3,1 Hr,Valid
Tashkent,PM2.5 - Principal,2018-10-05 04:00 PM,2018,10,05,16,23.4,75,Moderate,22.0,UG/M3,1 Hr,Valid
Tashkent,PM2.5 - Principal,2018-10-05 05:00 PM,2018,10,05,17,24.6,77,Moderate,26.0,UG/M3,1 Hr,Valid
Tashkent,PM2.5 - Principal,2018-10-05 06:00 PM,2018,10,05,18,40.7,114,Unhealthy for Sensitive Groups,57.0,UG/M3,1 Hr,Valid
Tashkent,PM2.5 - Principal,2018-10-05 07:00 PM,2018,10,05,19,58.4,152,Unhealthy,76.0,UG/M3,1 Hr,Valid
Tashkent,PM2.5 - Principal,2018-10-05 08:00 PM,2018,10,05,20,67.7,157,Unhealthy,77.0,UG/M3,1 Hr,Valid
Tashkent,PM2.5 - Principal,2018-10-05 09:00 PM,2018,10,05,21,68.3,158,Unhealthy,69.0,UG/M3,1 Hr,Valid
Tashkent,PM2.5 - Principal,2018-10-05 10:00 PM,2018,10,05,22,74.1,161,Unhealthy,80.0,UG/M3,1 Hr,Valid
Tashkent,PM2.5 - Principal,2018-10-05 11:00 PM,2018,10,05,23,70.5,159,Unhealthy,67.0,UG/M3,1 Hr,Valid
Tashkent,PM2.5 - Principal,2018-10-06 12:00 AM,2018,10,06,00,75.8,161,Unhealthy,81.0,UG/M3,1 Hr,Valid
Tashkent,PM2.5 - Principal,2018-10-06 01:00 AM,2018,10,06,01,79.9,164,Unhealthy,84.0,UG/M3,1 Hr,Valid
Tashkent,PM2.5 - Principal,2018-10-06 02:00 AM,2018,10,06,02,72.9,160,Unhealthy,66.0,UG/M3,1 Hr,Valid
Tashkent,PM2.5 - Principal,2018-10-06 03:00 AM,2018,10,06,03,59.9,153,Unhealthy,47.0,UG/M3,1 Hr,Valid
Tashkent,PM2.5 - Principal,2018-10-06 04:00 AM,2018,10,06,04,49.9,136,Unhealthy for Sensitive Groups,40.0,UG/M3,1 Hr,Valid
Tashkent,PM2.5 - Principal,2018-10-06 05:00 AM,2018,10,06,05,39.4,111,Unhealthy for Sensitive Groups,29.0,UG/M3,1 Hr,Valid
Tashkent,PM2.5 - Principal,2018-10-06 06:00 AM,2018,10,06,06,31.7,92,Moderate,24.0,UG/M3,1 Hr,Valid
Tashkent,PM2.5 - Principal,2018-10-06 07:00 AM,2018,10,06,07,30.3,89,Moderate,29.0,UG/M3,1 Hr,Valid
Tashkent,PM2.5 - Principal,2018-10-06 08:00 AM,2018,10,06,08,30.6,90,Moderate,31.0,UG/M3,1 Hr,Valid
Tashkent,PM2.5 - Principal,2018-10-06 09:00 AM,2018,10,06,09,41.3,115,Unhealthy for Sensitive Groups,52.0,UG/M3,1 Hr,Valid
Tashkent,PM2.5 - Principal,2018-10-06 10:00 AM,2018,10,06,10,34.1,97,Moderate,27.0,UG/M3,1 Hr,Valid
Tashkent,PM2.5 - Principal,2018-10-06 11:00 AM,2018,10,06,11,29.0,87,Moderate,24.0,UG/M3,1 Hr,Valid
Tashkent,PM2.5 - Principal,2018-10-06 12:00 PM,2018,10,06,12,33.5,96,Moderate,38.0,UG/M3,1 Hr,Valid
Tashkent,PM2.5 - Principal,2018-10-06 01:00 PM,2018,10,06,13,36.7,104,Unhealthy for Sensitive Groups,40.0,UG/M3,1 Hr,Valid
Tashkent,PM2.5 - Principal,2018-10-06 02:00 PM,2018,10,06,14,27.8,84,Moderate,19.0,UG/M3,1 Hr,Valid
Tashkent,PM2.5 - Principal,2018-10-06 03:00 PM,2018,10,06,15,20.9,70,Moderate,14.0,UG/M3,1 Hr,Valid
Tashkent,PM2.5 - Principal,2018-10-06 04:00 PM,2018,10,06,16,16.9,61,Moderate,13.0,UG/M3,1 Hr,Valid
Tashkent,PM2.5 - Principal,2018-10-06 05:00 PM,2018,10,06,17,17.9,63,Moderate,19.0,UG/M3,1 Hr,Valid
Tashkent,PM2.5 - Principal,2018-10-06 06:00 PM,2018,10,06,18,24.4,77,Moderate,31.0,UG/M3,1 Hr,Valid
Tashkent,PM2.5 - Principal,2018-10-06 07:00 PM,2018,10,06,19,32.2,93,Moderate,40.0,UG/M3,1 Hr,Valid
Tashkent,PM2.5 - Principal,2018-10-06 08:00 PM,2018,10,06,20,39.1,110,Unhealthy for Sensitive Groups,46.0,UG/M3,1 Hr,Valid
Tashkent,PM2.5 - Principal,2018-10-06 09:00 PM,2018,10,06,21,56.0,151,Unhealthy,73.0,UG/M3,1 Hr,Valid
Tashkent,PM2.5 - Principal,2018-10-06 10:00 PM,2018,10,06,22,59.0,153,Unhealthy,62.0,UG/M3,1 Hr,Valid
Tashkent,PM2.5 - Principal,2018-10-06 11:00 PM,2018,10,06,23,43.5,121,Unhealthy for Sensitive Groups,28.0,UG/M3,1 Hr,Valid
Tashkent,PM2.5 - Principal,2018-10-07 12:00 AM,2018,10,07,00,28.7,86,Moderate,14.0,UG/M3,1 Hr,Valid
Tashkent,PM2.5 - Principal,2018-10-07 01:00 AM,2018,10,07,01,21.3,70,Moderate,14.0,UG/M3,1 Hr,Valid
Tashkent,PM2.5 - Principal,2018-10-07 02:00 AM,2018,10,07,02,15.1,57,Moderate,9.0,UG/M3,1 Hr,Valid
Tashkent,PM2.5 - Principal,2018-10-07 03:00 AM,2018,10,07,03,12.5,52,Moderate,10.0,UG/M3,1 Hr,Valid
Tashkent,PM2.5 - Principal,2018-10-07 04:00 AM,2018,10,07,04,10.2,43,Good,8.0,UG/M3,1 Hr,Valid
Tashkent,PM2.5 - Principal,2018-10-07 05:00 AM,2018,10,07,05,8.1,34,Good,6.0,UG/M3,1 Hr,Valid
Tashkent,PM2.5 - Principal,2018-10-07 06:00 AM,2018,10,07,06,7.0,29,Good,6.0,UG/M3,1 Hr,Valid
Tashkent,PM2.5 - Principal,2018-10-07 07:00 AM,2018,10,07,07,7.0,29,Good,7.0,UG/M3,1 Hr,Valid
Tashkent,PM2.5 - Principal,2018-10-07 08:00 AM,2018,10,07,08,6.5,27,Good,6.0,UG/M3,1 Hr,Valid
Tashkent,PM2.5 - Principal,2018-10-07 09:00 AM,2018,10,07,09,6.2,26,Good,6.0,UG/M3,1 Hr,Valid
Tashkent,PM2.5 - Principal,2018-10-07 10:00 AM,2018,10,07,10,4.6,19,Good,3.0,UG/M3,1 Hr,Valid
Tashkent,PM2.5 - Principal,2018-10-07 11:00 AM,2018,10,07,11,3.8,16,Good,3.0,UG/M3,1 Hr,Valid
Tashkent,PM2.5 - Principal,2018-10-07 12:00 PM,2018,10,07,12,8.9,37,Good,14.0,UG/M3,1 Hr,Valid
Tashkent,PM2.5 - Principal,2018-10-07 01:00 PM,2018,10,07,13,10.4,43,Good,12.0,UG/M3,1 Hr,Valid
Tashkent,PM2.5 - Principal,2018-10-07 02:00 PM,2018,10,07,14,10.2,43,Good,10.0,UG/M3,1 Hr,Valid
Tashkent,PM2.5 - Principal,2018-10-07 03:00 PM,2018,10,07,15,7.6,32,Good,5.0,UG/M3,1 Hr,Valid
Tashkent,PM2.5 - Principal,2018-10-07 04:00 PM,2018,10,07,16,6.3,26,Good,5.0,UG/M3,1 Hr,Valid
Tashkent,PM2.5 - Principal,2018-10-07 05:00 PM,2018,10,07,17,7.6,32,Good,9.0,UG/M3,1 Hr,Valid
Tashkent,PM2.5 - Principal,2018-10-07 06:00 PM,2018,10,07,18,11.3,47,Good,15.0,UG/M3,1 Hr,Valid
Tashkent,PM2.5 - Principal,2018-10-07 07:00 PM,2018,10,07,19,10.1,42,Good,9.0,UG/M3,1 Hr,Valid
Tashkent,PM2.5 - Principal,2018-10-07 08:00 PM,2018,10,07,20,10.0,42,Good,10.0,UG/M3,1 Hr,Valid
Tashkent,PM2.5 - Principal,2018-10-07 09:00 PM,2018,10,07,21,8.5,35,Good,7.0,UG/M3,1 Hr,Valid
Tashkent,PM2.5 - Principal,2018-10-07 10:00 PM,2018,10,07,22,9.2,38,Good,10.0,UG/M3,1 Hr,Valid
Tashkent,PM2.5 - Principal,2018-10-07 11:00 PM,2018,10,07,23,10.1,42,Good,11.0,UG/M3,1 Hr,Valid
Tashkent,PM2.5 - Principal,2018-10-08 12:00 AM,2018,10,08,00,10.5,44,Good,11.0,UG/M3,1 Hr,Valid
Tashkent,PM2.5 - Principal,2018-10-08 01:00 AM,2018,10,08,01,10.7,45,Good,11.0,UG/M3,1 Hr,Valid
Tashkent,PM2.5 - Principal,2018-10-08 02:00 AM,2018,10,08,02,11.3,47,Good,12.0,UG/M3,1 Hr,Valid
Tashkent,PM2.5 - Principal,2018-10-08 03:00 AM,2018,10,08,03,13.6,54,Moderate,16.0,UG/M3,1 Hr,Valid
Tashkent,PM2.5 - Principal,2018-10-08 04:00 AM,2018,10,08,04,11.3,47,Good,9.0,UG/M3,1 Hr,Valid
Tashkent,PM2.5 - Principal,2018-10-08 05:00 AM,2018,10,08,05,13.1,53,Moderate,15.0,UG/M3,1 Hr,Valid
Tashkent,PM2.5 - Principal,2018-10-08 06:00 AM,2018,10,08,06,13.5,54,Moderate,14.0,UG/M3,1 Hr,Valid
Tashkent,PM2.5 - Principal,2018-10-08 07:00 AM,2018,10,08,07,12.7,52,Moderate,12.0,UG/M3,1 Hr,Valid
Tashkent,PM2.5 - Principal,2018-10-08 08:00 AM,2018,10,08,08,15.8,59,Moderate,19.0,UG/M3,1 Hr,Valid
Tashkent,PM2.5 - Principal,2018-10-08 09:00 AM,2018,10,08,09,15.4,58,Moderate,15.0,UG/M3,1 Hr,Valid
Tashkent,PM2.5 - Principal,2018-10-08 10:00 AM,2018,10,08,10,18.2,64,Moderate,21.0,UG/M3,1 Hr,Valid
Tashkent,PM2.5 - Principal,2018-10-08 11:00 AM,2018,10,08,11,17.1,62,Moderate,16.0,UG/M3,1 Hr,Valid
Tashkent,PM2.5 - Principal,2018-10-08 12:00 PM,2018,10,08,12,18.5,64,Moderate,20.0,UG/M3,1 Hr,Valid
Tashkent,PM2.5 - Principal,2018-10-08 01:00 PM,2018,10,08,13,16.7,61,Moderate,15.0,UG/M3,1 Hr,Valid
Tashkent,PM2.5 - Principal,2018-10-08 02:00 PM,2018,10,08,14,16.8,61,Moderate,17.0,UG/M3,1 Hr,Valid
Tashkent,PM2.5 - Principal,2018-10-08 03:00 PM,2018,10,08,15,14.9,57,Moderate,13.0,UG/M3,1 Hr,Valid
Tashkent,PM2.5 - Principal,2018-10-08 04:00 PM,2018,10,08,16,14.7,56,Moderate,14.0,UG/M3,1 Hr,Valid
Tashkent,PM2.5 - Principal,2018-10-08 05:00 PM,2018,10,08,17,16.5,60,Moderate,19.0,UG/M3,1 Hr,Valid
Tashkent,PM2.5 - Principal,2018-10-08 06:00 PM,2018,10,08,18,16.3,60,Moderate,16.0,UG/M3,1 Hr,Valid
Tashkent,PM2.5 - Principal,2018-10-08 07:00 PM,2018,10,08,19,16.1,59,Moderate,16.0,UG/M3,1 Hr,Valid
Tashkent,PM2.5 - Principal,2018-10-08 08:00 PM,2018,10,08,20,14.9,57,Moderate,13.0,UG/M3,1 Hr,Valid
Tashkent,PM2.5 - Principal,2018-10-08 09:00 PM,2018,10,08,21,14.5,56,Moderate,14.0,UG/M3,1 Hr,Valid
Tashkent,PM2.5 - Principal,2018-10-08 10:00 PM,2018,10,08,22,14.0,55,Moderate,13.0,UG/M3,1 Hr,Valid
Tashkent,PM2.5 - Principal,2018-10-08 11:00 PM,2018,10,08,23,13.6,54,Moderate,13.0,UG/M3,1 Hr,Valid
Tashkent,PM2.5 - Principal,2018-10-09 12:00 AM,2018,10,09,00,12.4,52,Moderate,11.0,UG/M3,1 Hr,Valid
Tashkent,PM2.5 - Principal,2018-10-09 01:00 AM,2018,10,09,01,20.5,69,Moderate,29.0,UG/M3,1 Hr,Valid
Tashkent,PM2.5 - Principal,2018-10-09 02:00 AM,2018,10,09,02,17.7,63,Moderate,15.0,UG/M3,1 Hr,Valid
Tashkent,PM2.5 - Principal,2018-10-09 03:00 AM,2018,10,09,03,14.8,57,Moderate,12.0,UG/M3,1 Hr,Valid
Tashkent,PM2.5 - Principal,2018-10-09 04:00 AM,2018,10,09,04,11.9,50,Good,9.0,UG/M3,1 Hr,Valid
Tashkent,PM2.5 - Principal,2018-10-09 05:00 AM,2018,10,09,05,15.4,58,Moderate,19.0,UG/M3,1 Hr,Valid
Tashkent,PM2.5 - Principal,2018-10-09 06:00 AM,2018,10,09,06,15.7,59,Moderate,16.0,UG/M3,1 Hr,Valid
Tashkent,PM2.5 - Principal,2018-10-09 07:00 AM,2018,10,09,07,12.8,52,Moderate,10.0,UG/M3,1 Hr,Valid
Tashkent,PM2.5 - Principal,2018-10-09 08:00 AM,2018,10,09,08,12.4,52,Moderate,12.0,UG/M3,1 Hr,Valid
Tashkent,PM2.5 - Principal,2018-10-09 09:00 AM,2018,10,09,09,12.2,51,Moderate,12.0,UG/M3,1 Hr,Valid
Tashkent,PM2.5 - Principal,2018-10-09 10:00 AM,2018,10,09,10,9.6,40,Good,7.0,UG/M3,1 Hr,Valid
Tashkent,PM2.5 - Principal,2018-10-09 11:00 AM,2018,10,09,11,7.8,33,Good,6.0,UG/M3,1 Hr,Valid
Tashkent,PM2.5 - Principal,2018-10-09 12:00 PM,2018,10,09,12,14.4,56,Moderate,21.0,UG/M3,1 Hr,Valid
Tashkent,PM2.5 - Principal,2018-10-09 01:00 PM,2018,10,09,13,12.6,52,Moderate,11.0,UG/M3,1 Hr,Valid
Tashkent,PM2.5 - Principal,2018-10-09 02:00 PM,2018,10,09,14,12.3,51,Moderate,12.0,UG/M3,1 Hr,Valid
Tashkent,PM2.5 - Principal,2018-10-09 03:00 PM,2018,10,09,15,11.1,46,Good,10.0,UG/M3,1 Hr,Valid
Tashkent,PM2.5 - Principal,2018-10-09 04:00 PM,2018,10,09,16,13.0,53,Moderate,15.0,UG/M3,1 Hr,Valid
Tashkent,PM2.5 - Principal,2018-10-09 05:00 PM,2018,10,09,17,13.5,54,Moderate,14.0,UG/M3,1 Hr,Valid
Tashkent,PM2.5 - Principal,2018-10-09 06:00 PM,2018,10,09,18,13.7,54,Moderate,14.0,UG/M3,1 Hr,Valid
Tashkent,PM2.5 - Principal,2018-10-09 07:00 PM,2018,10,09,19,16.3,60,Moderate,19.0,UG/M3,1 Hr,Valid
Tashkent,PM2.5 - Principal,2018-10-09 08:00 PM,2018,10,09,20,21.1,70,Moderate,26.0,UG/M3,1 Hr,Valid
Tashkent,PM2.5 - Principal,2018-10-09 09:00 PM,2018,10,09,21,24.0,76,Moderate,27.0,UG/M3,1 Hr,Valid
Tashkent,PM2.5 - Principal,2018-10-09 10:00 PM,2018,10,09,22,28.5,85,Moderate,33.0,UG/M3,1 Hr,Valid
Tashkent,PM2.5 - Principal,2018-10-09 11:00 PM,2018,10,09,23,24.2,76,Moderate,20.0,UG/M3,1 Hr,Valid
Tashkent,PM2.5 - Principal,2018-10-10 12:00 AM,2018,10,10,00,22.6,73,Moderate,21.0,UG/M3,1 Hr,Valid
Tashkent,PM2.5 - Principal,2018-10-10 01:00 AM,2018,10,10,01,24.8,78,Moderate,27.0,UG/M3,1 Hr,Valid
Tashkent,PM2.5 - Principal,2018-10-10 02:00 AM,2018,10,10,02,28.9,86,Moderate,33.0,UG/M3,1 Hr,Valid
Tashkent,PM2.5 - Principal,2018-10-10 03:00 AM,2018,10,10,03,39.9,112,Unhealthy for Sensitive Groups,51.0,UG/M3,1 Hr,Valid
Tashkent,PM2.5 - Principal,2018-10-10 04:00 AM,2018,10,10,04,34.4,98,Moderate,29.0,UG/M3,1 Hr,Valid
Tashkent,PM2.5 - Principal,2018-10-10 05:00 AM,2018,10,10,05,34.2,97,Moderate,34.0,UG/M3,1 Hr,Valid
Tashkent,PM2.5 - Principal,2018-10-10 06:00 AM,2018,10,10,06,36.1,102,Unhealthy for Sensitive Groups,38.0,UG/M3,1 Hr,Valid
Tashkent,PM2.5 - Principal,2018-10-10 07:00 AM,2018,10,10,07,37.5,106,Unhealthy for Sensitive Groups,39.0,UG/M3,1 Hr,Valid
Tashkent,PM2.5 - Principal,2018-10-10 08:00 AM,2018,10,10,08,32.2,93,Moderate,27.0,UG/M3,1 Hr,Valid
Tashkent,PM2.5 - Principal,2018-10-10 09:00 AM,2018,10,10,09,22.1,72,Moderate,12.0,UG/M3,1 Hr,Valid
Tashkent,PM2.5 - Principal,2018-10-10 10:00 AM,2018,10,10,10,18.5,64,Moderate,15.0,UG/M3,1 Hr,Valid
Tashkent,PM2.5 - Principal,2018-10-10 11:00 AM,2018,10,10,11,20.7,69,Moderate,23.0,UG/M3,1 Hr,Valid
Tashkent,PM2.5 - Principal,2018-10-10 12:00 PM,2018,10,10,12,18.3,64,Moderate,16.0,UG/M3,1 Hr,Valid
Tashkent,PM2.5 - Principal,2018-10-10 01:00 PM,2018,10,10,13,20.1,68,Moderate,22.0,UG/M3,1 Hr,Valid
Tashkent,PM2.5 - Principal,2018-10-10 02:00 PM,2018,10,10,14,18.5,64,Moderate,17.0,UG/M3,1 Hr,Valid
Tashkent,PM2.5 - Principal,2018-10-10 03:00 PM,2018,10,10,15,16.7,61,Moderate,15.0,UG/M3,1 Hr,Valid
Tashkent,PM2.5 - Principal,2018-10-10 04:00 PM,2018,10,10,16,15.3,58,Moderate,14.0,UG/M3,1 Hr,Valid
Tashkent,PM2.5 - Principal,2018-10-10 05:00 PM,2018,10,10,17,19.1,66,Moderate,23.0,UG/M3,1 Hr,Valid
Tashkent,PM2.5 - Principal,2018-10-10 06:00 PM,2018,10,10,18,21.0,70,Moderate,23.0,UG/M3,1 Hr,Valid
Tashkent,PM2.5 - Principal,2018-10-10 07:00 PM,2018,10,10,19,23.5,75,Moderate,26.0,UG/M3,1 Hr,Valid
Tashkent,PM2.5 - Principal,2018-10-10 08:00 PM,2018,10,10,20,26.7,82,Moderate,30.0,UG/M3,1 Hr,Valid
Tashkent,PM2.5 - Principal,2018-10-10 09:00 PM,2018,10,10,21,28.8,86,Moderate,31.0,UG/M3,1 Hr,Valid
Tashkent,PM2.5 - Principal,2018-10-10 10:00 PM,2018,10,10,22,29.4,87,Moderate,30.0,UG/M3,1 Hr,Valid
Tashkent,PM2.5 - Principal,2018-10-10 11:00 PM,2018,10,10,23,26.2,81,Moderate,23.0,UG/M3,1 Hr,Valid
Tashkent,PM2.5 - Principal,2018-10-11 12:00 AM,2018,10,11,00,26.1,80,Moderate,26.0,UG/M3,1 Hr,Valid
Tashkent,PM2.5 - Principal,2018-10-11 01:00 AM,2018,10,11,01,29.0,87,Moderate,32.0,UG/M3,1 Hr,Valid
Tashkent,PM2.5 - Principal,2018-10-11 02:00 AM,2018,10,11,02,32.0,93,Moderate,35.0,UG/M3,1 Hr,Valid
Tashkent,PM2.5 - Principal,2018-10-11 03:00 AM,2018,10,11,03,30.0,89,Moderate,28.0,UG/M3,1 Hr,Valid
Tashkent,PM2.5 - Principal,2018-10-11 04:00 AM,2018,10,11,04,32.5,94,Moderate,37.0,UG/M3,1 Hr,Valid
Tashkent,PM2.5 - Principal,2018-10-11 05:00 AM,2018,10,11,05,33.5,96,Moderate,35.0,UG/M3,1 Hr,Valid
Tashkent,PM2.5 - Principal,2018-10-11 06:00 AM,2018,10,11,06,35.9,102,Unhealthy for Sensitive Groups,39.0,UG/M3,1 Hr,Valid
Tashkent,PM2.5 - Principal,2018-10-11 07:00 AM,2018,10,11,07,40.0,112,Unhealthy for Sensitive Groups,44.0,UG/M3,1 Hr,Valid
Tashkent,PM2.5 - Principal,2018-10-11 08:00 AM,2018,10,11,08,40.5,113,Unhealthy for Sensitive Groups,41.0,UG/M3,1 Hr,Valid
Tashkent,PM2.5 - Principal,2018-10-11 09:00 AM,2018,10,11,09,48.3,133,Unhealthy for Sensitive Groups,56.0,UG/M3,1 Hr,Valid
Tashkent,PM2.5 - Principal,2018-10-11 10:00 AM,2018,10,11,10,43.6,121,Unhealthy for Sensitive Groups,39.0,UG/M3,1 Hr,Valid
Tashkent,PM2.5 - Principal,2018-10-11 11:00 AM,2018,10,11,11,35.8,102,Unhealthy for Sensitive Groups,28.0,UG/M3,1 Hr,Valid
Tashkent,PM2.5 - Principal,2018-10-11 12:00 PM,2018,10,11,12,30.9,91,Moderate,26.0,UG/M3,1 Hr,Valid
Tashkent,PM2.5 - Principal,2018-10-11 01:00 PM,2018,10,11,13,30.4,89,Moderate,30.0,UG/M3,1 Hr,Valid
Tashkent,PM2.5 - Principal,2018-10-11 02:00 PM,2018,10,11,14,26.7,82,Moderate,23.0,UG/M3,1 Hr,Valid
Tashkent,PM2.5 - Principal,2018-10-11 03:00 PM,2018,10,11,15,30.3,89,Moderate,34.0,UG/M3,1 Hr,Valid
Tashkent,PM2.5 - Principal,2018-10-11 04:00 PM,2018,10,11,16,31.6,92,Moderate,33.0,UG/M3,1 Hr,Valid
Tashkent,PM2.5 - Principal,2018-10-11 05:00 PM,2018,10,11,17,34.8,99,Moderate,38.0,UG/M3,1 Hr,Valid
Tashkent,PM2.5 - Principal,2018-10-11 06:00 PM,2018,10,11,18,35.4,100,Moderate,36.0,UG/M3,1 Hr,Valid
Tashkent,PM2.5 - Principal,2018-10-11 07:00 PM,2018,10,11,19,43.7,121,Unhealthy for Sensitive Groups,52.0,UG/M3,1 Hr,Valid
Tashkent,PM2.5 - Principal,2018-10-11 08:00 PM,2018,10,11,20,47.3,130,Unhealthy for Sensitive Groups,51.0,UG/M3,1 Hr,Valid
Tashkent,PM2.5 - Principal,2018-10-11 09:00 PM,2018,10,11,21,50.1,137,Unhealthy for Sensitive Groups,53.0,UG/M3,1 Hr,Valid
Tashkent,PM2.5 - Principal,2018-10-11 10:00 PM,2018,10,11,22,51.0,139,Unhealthy for Sensitive Groups,52.0,UG/M3,1 Hr,Valid
Tashkent,PM2.5 - Principal,2018-10-11 11:00 PM,2018,10,11,23,62.0,154,Unhealthy,73.0,UG/M3,1 Hr,Valid
Tashkent,PM2.5 - Principal,2018-10-12 12:00 AM,2018,10,12,00,69.0,158,Unhealthy,76.0,UG/M3,1 Hr,Valid
Tashkent,PM2.5 - Principal,2018-10-12 01:00 AM,2018,10,12,01,70.0,158,Unhealthy,71.0,UG/M3,1 Hr,Valid
Tashkent,PM2.5 - Principal,2018-10-12 02:00 AM,2018,10,12,02,66.5,157,Unhealthy,63.0,UG/M3,1 Hr,Valid
Tashkent,PM2.5 - Principal,2018-10-12 03:00 AM,2018,10,12,03,66.7,157,Unhealthy,67.0,UG/M3,1 Hr,Valid
Tashkent,PM2.5 - Principal,2018-10-12 04:00 AM,2018,10,12,04,68.8,158,Unhealthy,71.0,UG/M3,1 Hr,Valid
Tashkent,PM2.5 - Principal,2018-10-12 05:00 AM,2018,10,12,05,69.9,158,Unhealthy,71.0,UG/M3,1 Hr,Valid
Tashkent,PM2.5 - Principal,2018-10-12 06:00 AM,2018,10,12,06,65.9,156,Unhealthy,60.0,UG/M3,1 Hr,Valid
Tashkent,PM2.5 - Principal,2018-10-12 07:00 AM,2018,10,12,07,62.0,154,Unhealthy,54.0,UG/M3,1 Hr,Valid
Tashkent,PM2.5 - Principal,2018-10-12 08:00 AM,2018,10,12,08,47.2,130,Unhealthy for Sensitive Groups,35.0,UG/M3,1 Hr,Valid
Tashkent,PM2.5 - Principal,2018-10-12 09:00 AM,2018,10,12,09,44.6,123,Unhealthy for Sensitive Groups,42.0,UG/M3,1 Hr,Valid
Tashkent,PM2.5 - Principal,2018-10-12 10:00 AM,2018,10,12,10,40.3,113,Unhealthy for Sensitive Groups,36.0,UG/M3,1 Hr,Valid
Tashkent,PM2.5 - Principal,2018-10-12 11:00 AM,2018,10,12,11,37.1,105,Unhealthy for Sensitive Groups,34.0,UG/M3,1 Hr,Valid
Tashkent,PM2.5 - Principal,2018-10-12 12:00 PM,2018,10,12,12,32.0,93,Moderate,27.0,UG/M3,1 Hr,Valid
Tashkent,PM2.5 - Principal,2018-10-12 01:00 PM,2018,10,12,13,29.0,87,Moderate,26.0,UG/M3,1 Hr,Valid
Tashkent,PM2.5 - Principal,2018-10-12 02:00 PM,2018,10,12,14,26.0,80,Moderate,23.0,UG/M3,1 Hr,Valid
Tashkent,PM2.5 - Principal,2018-10-12 03:00 PM,2018,10,12,15,34.0,97,Moderate,42.0,UG/M3,1 Hr,Valid
Tashkent,PM2.5 - Principal,2018-10-12 04:00 PM,2018,10,12,16,29.9,88,Moderate,26.0,UG/M3,1 Hr,Valid
Tashkent,PM2.5 - Principal,2018-10-12 05:00 PM,2018,10,12,17,26.9,82,Moderate,24.0,UG/M3,1 Hr,Valid
Tashkent,PM2.5 - Principal,2018-10-12 06:00 PM,2018,10,12,18,29.9,88,Moderate,33.0,UG/M3,1 Hr,Valid
Tashkent,PM2.5 - Principal,2018-10-12 07:00 PM,2018,10,12,19,39.9,112,Unhealthy for Sensitive Groups,50.0,UG/M3,1 Hr,Valid
Tashkent,PM2.5 - Principal,2018-10-12 08:00 PM,2018,10,12,20,45.4,125,Unhealthy for Sensitive Groups,51.0,UG/M3,1 Hr,Valid
Tashkent,PM2.5 - Principal,2018-10-12 09:00 PM,2018,10,12,21,48.7,134,Unhealthy for Sensitive Groups,52.0,UG/M3,1 Hr,Valid
Tashkent,PM2.5 - Principal,2018-10-12 10:00 PM,2018,10,12,22,50.3,137,Unhealthy for Sensitive Groups,52.0,UG/M3,1 Hr,Valid
Tashkent,PM2.5 - Principal,2018-10-12 11:00 PM,2018,10,12,23,49.6,136,Unhealthy for Sensitive Groups,49.0,UG/M3,1 Hr,Valid
Tashkent,PM2.5 - Principal,2018-10-13 12:00 AM,2018,10,13,00,42.3,118,Unhealthy for Sensitive Groups,35.0,UG/M3,1 Hr,Valid
Tashkent,PM2.5 - Principal,2018-10-13 01:00 AM,2018,10,13,01,38.1,107,Unhealthy for Sensitive Groups,34.0,UG/M3,1 Hr,Valid
Tashkent,PM2.5 - Principal,2018-10-13 02:00 AM,2018,10,13,02,32.5,94,Moderate,27.0,UG/M3,1 Hr,Valid
Tashkent,PM2.5 - Principal,2018-10-13 03:00 AM,2018,10,13,03,29.7,88,Moderate,27.0,UG/M3,1 Hr,Valid
Tashkent,PM2.5 - Principal,2018-10-13 04:00 AM,2018,10,13,04,25.8,80,Moderate,22.0,UG/M3,1 Hr,Valid
Tashkent,PM2.5 - Principal,2018-10-13 05:00 AM,2018,10,13,05,24.9,78,Moderate,24.0,UG/M3,1 Hr,Valid
Tashkent,PM2.5 - Principal,2018-10-13 06:00 AM,2018,10,13,06,25.4,79,Moderate,26.0,UG/M3,1 Hr,Valid
Tashkent,PM2.5 - Principal,2018-10-13 07:00 AM,2018,10,13,07,22.2,72,Moderate,19.0,UG/M3,1 Hr,Valid
Tashkent,PM2.5 - Principal,2018-10-13 08:00 AM,2018,10,13,08,22.1,72,Moderate,22.0,UG/M3,1 Hr,Valid
Tashkent,PM2.5 - Principal,2018-10-13 09:00 AM,2018,10,13,09,26.0,80,Moderate,30.0,UG/M3,1 Hr,Valid
Tashkent,PM2.5 - Principal,2018-10-13 10:00 AM,2018,10,13,10,25.0,78,Moderate,24.0,UG/M3,1 Hr,Valid
Tashkent,PM2.5 - Principal,2018-10-13 11:00 AM,2018,10,13,11,26.8,82,Moderate,29.0,UG/M3,1 Hr,Valid
Tashkent,PM2.5 - Principal,2018-10-13 12:00 PM,2018,10,13,12,26.8,82,Moderate,27.0,UG/M3,1 Hr,Valid
Tashkent,PM2.5 - Principal,2018-10-13 01:00 PM,2018,10,13,13,20.4,68,Moderate,14.0,UG/M3,1 Hr,Valid
Tashkent,PM2.5 - Principal,2018-10-13 02:00 PM,2018,10,13,14,14.7,56,Moderate,9.0,UG/M3,1 Hr,Valid
Tashkent,PM2.5 - Principal,2018-10-13 03:00 PM,2018,10,13,15,11.3,47,Good,8.0,UG/M3,1 Hr,Valid
Tashkent,PM2.5 - Principal,2018-10-13 04:00 PM,2018,10,13,16,11.6,48,Good,12.0,UG/M3,1 Hr,Valid
Tashkent,PM2.5 - Principal,2018-10-13 05:00 PM,2018,10,13,17,12.3,51,Moderate,13.0,UG/M3,1 Hr,Valid
Tashkent,PM2.5 - Principal,2018-10-13 06:00 PM,2018,10,13,18,16.6,60,Moderate,21.0,UG/M3,1 Hr,Valid
Tashkent,PM2.5 - Principal,2018-10-13 07:00 PM,2018,10,13,19,20.8,69,Moderate,25.0,UG/M3,1 Hr,Valid
Tashkent,PM2.5 - Principal,2018-10-13 08:00 PM,2018,10,13,20,22.9,74,Moderate,25.0,UG/M3,1 Hr,Valid
Tashkent,PM2.5 - Principal,2018-10-13 09:00 PM,2018,10,13,21,24.4,77,Moderate,26.0,UG/M3,1 Hr,Valid
Tashkent,PM2.5 - Principal,2018-10-13 10:00 PM,2018,10,13,22,19.2,66,Moderate,14.0,UG/M3,1 Hr,Valid
Tashkent,PM2.5 - Principal,2018-10-13 11:00 PM,2018,10,13,23,18.6,65,Moderate,18.0,UG/M3,1 Hr,Valid
Tashkent,PM2.5 - Principal,2018-10-14 12:00 AM,2018,10,14,00,21.3,70,Moderate,24.0,UG/M3,1 Hr,Valid
Tashkent,PM2.5 - Principal,2018-10-14 01:00 AM,2018,10,14,01,24.1,76,Moderate,27.0,UG/M3,1 Hr,Valid
Tashkent,PM2.5 - Principal,2018-10-14 02:00 AM,2018,10,14,02,22.5,73,Moderate,21.0,UG/M3,1 Hr,Valid
Tashkent,PM2.5 - Principal,2018-10-14 03:00 AM,2018,10,14,03,24.7,77,Moderate,27.0,UG/M3,1 Hr,Valid
Tashkent,PM2.5 - Principal,2018-10-14 04:00 AM,2018,10,14,04,25.8,80,Moderate,27.0,UG/M3,1 Hr,Valid
Tashkent,PM2.5 - Principal,2018-10-14 05:00 AM,2018,10,14,05,26.9,82,Moderate,28.0,UG/M3,1 Hr,Valid
Tashkent,PM2.5 - Principal,2018-10-14 06:00 AM,2018,10,14,06,35.4,100,Moderate,44.0,UG/M3,1 Hr,Valid
Tashkent,PM2.5 - Principal,2018-10-14 07:00 AM,2018,10,14,07,49.2,135,Unhealthy for Sensitive Groups,63.0,UG/M3,1 Hr,Valid
Tashkent,PM2.5 - Principal,2018-10-14 08:00 AM,2018,10,14,08,48.1,132,Unhealthy for Sensitive Groups,47.0,UG/M3,1 Hr,Valid
Tashkent,PM2.5 - Principal,2018-10-14 09:00 AM,2018,10,14,09,36.0,102,Unhealthy for Sensitive Groups,24.0,UG/M3,1 Hr,Valid
Tashkent,PM2.5 - Principal,2018-10-14 10:00 AM,2018,10,14,10,24.5,77,Moderate,13.0,UG/M3,1 Hr,Valid
Tashkent,PM2.5 - Principal,2018-10-14 11:00 AM,2018,10,14,11,17.2,62,Moderate,10.0,UG/M3,1 Hr,Valid
Tashkent,PM2.5 - Principal,2018-10-14 12:00 PM,2018,10,14,12,16.6,60,Moderate,16.0,UG/M3,1 Hr,Valid
Tashkent,PM2.5 - Principal,2018-10-14 01:00 PM,2018,10,14,13,14.3,56,Moderate,12.0,UG/M3,1 Hr,Valid
Tashkent,PM2.5 - Principal,2018-10-14 02:00 PM,2018,10,14,14,13.6,54,Moderate,13.0,UG/M3,1 Hr,Valid
Tashkent,PM2.5 - Principal,2018-10-14 03:00 PM,2018,10,14,15,13.3,54,Moderate,13.0,UG/M3,1 Hr,Valid
Tashkent,PM2.5 - Principal,2018-10-14 04:00 PM,2018,10,14,16,11.6,48,Good,10.0,UG/M3,1 Hr,Valid
Tashkent,PM2.5 - Principal,2018-10-14 05:00 PM,2018,10,14,17,16.8,61,Moderate,22.0,UG/M3,1 Hr,Valid
Tashkent,PM2.5 - Principal,2018-10-14 06:00 PM,2018,10,14,18,16.9,61,Moderate,17.0,UG/M3,1 Hr,Valid
Tashkent,PM2.5 - Principal,2018-10-14 07:00 PM,2018,10,14,19,21.4,71,Moderate,26.0,UG/M3,1 Hr,Valid
Tashkent,PM2.5 - Principal,2018-10-14 08:00 PM,2018,10,14,20,21.2,70,Moderate,21.0,UG/M3,1 Hr,Valid
Tashkent,PM2.5 - Principal,2018-10-14 09:00 PM,2018,10,14,21,19.6,67,Moderate,18.0,UG/M3,1 Hr,Valid
Tashkent,PM2.5 - Principal,2018-10-14 10:00 PM,2018,10,14,22,28.8,86,Moderate,38.0,UG/M3,1 Hr,Valid
Tashkent,PM2.5 - Principal,2018-10-14 11:00 PM,2018,10,14,23,27.9,84,Moderate,27.0,UG/M3,1 Hr,Valid
Tashkent,PM2.5 - Principal,2018-10-15 12:00 AM,2018,10,15,00,28.9,86,Moderate,30.0,UG/M3,1 Hr,Valid
Tashkent,PM2.5 - Principal,2018-10-15 01:00 AM,2018,10,15,01,29.4,87,Moderate,30.0,UG/M3,1 Hr,Valid
Tashkent,PM2.5 - Principal,2018-10-15 02:00 AM,2018,10,15,02,33.7,96,Moderate,38.0,UG/M3,1 Hr,Valid
Tashkent,PM2.5 - Principal,2018-10-15 03:00 AM,2018,10,15,03,28.8,86,Moderate,24.0,UG/M3,1 Hr,Valid
Tashkent,PM2.5 - Principal,2018-10-15 04:00 AM,2018,10,15,04,23.4,75,Moderate,18.0,UG/M3,1 Hr,Valid
Tashkent,PM2.5 - Principal,2018-10-15 05:00 AM,2018,10,15,05,18.7,65,Moderate,14.0,UG/M3,1 Hr,Valid
Tashkent,PM2.5 - Principal,2018-10-15 06:00 AM,2018,10,15,06,19.3,66,Moderate,20.0,UG/M3,1 Hr,Valid
Tashkent,PM2.5 - Principal,2018-10-15 07:00 AM,2018,10,15,07,25.6,79,Moderate,32.0,UG/M3,1 Hr,Valid
Tashkent,PM2.5 - Principal,2018-10-15 08:00 AM,2018,10,15,08,26.8,82,Moderate,28.0,UG/M3,1 Hr,Valid
Tashkent,PM2.5 - Principal,2018-10-15 09:00 AM,2018,10,15,09,25.9,80,Moderate,25.0,UG/M3,1 Hr,Valid
Tashkent,PM2.5 - Principal,2018-10-15 10:00 AM,2018,10,15,10,31.9,93,Moderate,38.0,UG/M3,1 Hr,Valid
Tashkent,PM2.5 - Principal,2018-10-15 11:00 AM,2018,10,15,11,25.9,80,Moderate,20.0,UG/M3,1 Hr,Valid
Tashkent,PM2.5 - Principal,2018-10-15 12:00 PM,2018,10,15,12,25.9,80,Moderate,26.0,UG/M3,1 Hr,Valid
Tashkent,PM2.5 - Principal,2018-10-15 01:00 PM,2018,10,15,13,25.9,80,Moderate,26.0,UG/M3,1 Hr,Valid
Tashkent,PM2.5 - Principal,2018-10-15 02:00 PM,2018,10,15,14,23.4,75,Moderate,21.0,UG/M3,1 Hr,Valid
Tashkent,PM2.5 - Principal,2018-10-15 03:00 PM,2018,10,15,15,23.7,75,Moderate,24.0,UG/M3,1 Hr,Valid
Tashkent,PM2.5 - Principal,2018-10-15 04:00 PM,2018,10,15,16,26.3,81,Moderate,29.0,UG/M3,1 Hr,Valid
Tashkent,PM2.5 - Principal,2018-10-15 05:00 PM,2018,10,15,17,56.1,151,Unhealthy,86.0,UG/M3,1 Hr,Valid
Tashkent,PM2.5 - Principal,2018-10-15 06:00 PM,2018,10,15,18,75.6,161,Unhealthy,95.0,UG/M3,1 Hr,Valid
Tashkent,PM2.5 - Principal,2018-10-15 07:00 PM,2018,10,15,19,55.3,150,Unhealthy for Sensitive Groups,35.0,UG/M3,1 Hr,Valid
Tashkent,PM2.5 - Principal,2018-10-15 08:00 PM,2018,10,15,20,36.6,104,Unhealthy for Sensitive Groups,18.0,UG/M3,1 Hr,Valid
Tashkent,PM2.5 - Principal,2018-10-15 09:00 PM,2018,10,15,21,23.8,76,Moderate,11.0,UG/M3,1 Hr,Valid
Tashkent,PM2.5 - Principal,2018-10-15 10:00 PM,2018,10,15,22,16.9,61,Moderate,10.0,UG/M3,1 Hr,Valid
Tashkent,PM2.5 - Principal,2018-10-15 11:00 PM,2018,10,15,23,11.4,48,Good,6.0,UG/M3,1 Hr,Valid
Tashkent,PM2.5 - Principal,2018-10-16 12:00 AM,2018,10,16,00,8.2,34,Good,5.0,UG/M3,1 Hr,Valid
Tashkent,PM2.5 - Principal,2018-10-16 01:00 AM,2018,10,16,01,6.6,28,Good,5.0,UG/M3,1 Hr,Valid
Tashkent,PM2.5 - Principal,2018-10-16 02:00 AM,2018,10,16,02,6.8,28,Good,7.0,UG/M3,1 Hr,Valid
Tashkent,PM2.5 - Principal,2018-10-16 03:00 AM,2018,10,16,03,6.3,26,Good,6.0,UG/M3,1 Hr,Valid
Tashkent,PM2.5 - Principal,2018-10-16 04:00 AM,2018,10,16,04,5.1,21,Good,4.0,UG/M3,1 Hr,Valid
Tashkent,PM2.5 - Principal,2018-10-16 05:00 AM,2018,10,16,05,5.0,21,Good,5.0,UG/M3,1 Hr,Valid
Tashkent,PM2.5 - Principal,2018-10-16 06:00 AM,2018,10,16,06,5.0,21,Good,5.0,UG/M3,1 Hr,Valid
Tashkent,PM2.5 - Principal,2018-10-16 07:00 AM,2018,10,16,07,8.5,35,Good,12.0,UG/M3,1 Hr,Valid
Tashkent,PM2.5 - Principal,2018-10-16 08:00 AM,2018,10,16,08,10.7,45,Good,13.0,UG/M3,1 Hr,Valid
Tashkent,PM2.5 - Principal,2018-10-16 09:00 AM,2018,10,16,09,10.7,45,Good,-999.0,UG/M3,1 Hr,Missing
Tashkent,PM2.5 - Principal,2018-10-16 11:00 AM,2018,10,16,11,-999.0,-999,N/A,15.0,UG/M3,1 Hr,Valid
Tashkent,PM2.5 - Principal,2018-10-16 12:00 PM,2018,10,16,12,13.4,54,Moderate,13.0,UG/M3,1 Hr,Valid
Tashkent,PM2.5 - Principal,2018-10-16 01:00 PM,2018,10,16,13,10.4,43,Good,8.0,UG/M3,1 Hr,Valid
Tashkent,PM2.5 - Principal,2018-10-16 02:00 PM,2018,10,16,14,9.6,40,Good,9.0,UG/M3,1 Hr,Valid
Tashkent,PM2.5 - Principal,2018-10-16 03:00 PM,2018,10,16,15,8.8,37,Good,8.0,UG/M3,1 Hr,Valid
Tashkent,PM2.5 - Principal,2018-10-16 04:00 PM,2018,10,16,16,7.3,30,Good,6.0,UG/M3,1 Hr,Valid
Tashkent,PM2.5 - Principal,2018-10-16 05:00 PM,2018,10,16,17,11.2,47,Good,15.0,UG/M3,1 Hr,Valid
Tashkent,PM2.5 - Principal,2018-10-16 06:00 PM,2018,10,16,18,11.1,46,Good,11.0,UG/M3,1 Hr,Valid
Tashkent,PM2.5 - Principal,2018-10-16 07:00 PM,2018,10,16,19,12.5,52,Moderate,14.0,UG/M3,1 Hr,Valid
Tashkent,PM2.5 - Principal,2018-10-16 08:00 PM,2018,10,16,20,13.2,53,Moderate,14.0,UG/M3,1 Hr,Valid
Tashkent,PM2.5 - Principal,2018-10-16 09:00 PM,2018,10,16,21,12.6,52,Moderate,12.0,UG/M3,1 Hr,Valid
Tashkent,PM2.5 - Principal,2018-10-16 10:00 PM,2018,10,16,22,12.3,51,Moderate,12.0,UG/M3,1 Hr,Valid
Tashkent,PM2.5 - Principal,2018-10-16 11:00 PM,2018,10,16,23,12.6,52,Moderate,13.0,UG/M3,1 Hr,Valid
Tashkent,PM2.5 - Principal,2018-10-17 12:00 AM,2018,10,17,00,17.3,62,Moderate,22.0,UG/M3,1 Hr,Valid
Tashkent,PM2.5 - Principal,2018-10-17 01:00 AM,2018,10,17,01,19.6,67,Moderate,22.0,UG/M3,1 Hr,Valid
Tashkent,PM2.5 - Principal,2018-10-17 02:00 AM,2018,10,17,02,22.8,74,Moderate,26.0,UG/M3,1 Hr,Valid
Tashkent,PM2.5 - Principal,2018-10-17 03:00 AM,2018,10,17,03,21.9,72,Moderate,21.0,UG/M3,1 Hr,Valid
Tashkent,PM2.5 - Principal,2018-10-17 04:00 AM,2018,10,17,04,20.9,70,Moderate,20.0,UG/M3,1 Hr,Valid
Tashkent,PM2.5 - Principal,2018-10-17 05:00 AM,2018,10,17,05,33.4,96,Moderate,46.0,UG/M3,1 Hr,Valid
Tashkent,PM2.5 - Principal,2018-10-17 06:00 AM,2018,10,17,06,25.7,80,Moderate,18.0,UG/M3,1 Hr,Valid
Tashkent,PM2.5 - Principal,2018-10-17 07:00 AM,2018,10,17,07,24.3,77,Moderate,23.0,UG/M3,1 Hr,Valid
Tashkent,PM2.5 - Principal,2018-10-17 08:00 AM,2018,10,17,08,37.6,106,Unhealthy for Sensitive Groups,51.0,UG/M3,1 Hr,Valid
Tashkent,PM2.5 - Principal,2018-10-17 09:00 AM,2018,10,17,09,44.8,124,Unhealthy for Sensitive Groups,52.0,UG/M3,1 Hr,Valid
Tashkent,PM2.5 - Principal,2018-10-17 10:00 AM,2018,10,17,10,52.9,144,Unhealthy for Sensitive Groups,61.0,UG/M3,1 Hr,Valid
Tashkent,PM2.5 - Principal,2018-10-17 11:00 AM,2018,10,17,11,33.9,97,Moderate,15.0,UG/M3,1 Hr,Valid
Tashkent,PM2.5 - Principal,2018-10-17 12:00 PM,2018,10,17,12,24.4,77,Moderate,15.0,UG/M3,1 Hr,Valid
Tashkent,PM2.5 - Principal,2018-10-17 01:00 PM,2018,10,17,13,22.2,72,Moderate,20.0,UG/M3,1 Hr,Valid
Tashkent,PM2.5 - Principal,2018-10-17 02:00 PM,2018,10,17,14,21.6,71,Moderate,21.0,UG/M3,1 Hr,Valid
Tashkent,PM2.5 - Principal,2018-10-17 03:00 PM,2018,10,17,15,19.8,67,Moderate,18.0,UG/M3,1 Hr,Valid
Tashkent,PM2.5 - Principal,2018-10-17 04:00 PM,2018,10,17,16,17.9,63,Moderate,16.0,UG/M3,1 Hr,Valid
Tashkent,PM2.5 - Principal,2018-10-17 05:00 PM,2018,10,17,17,16.9,61,Moderate,16.0,UG/M3,1 Hr,Valid
Tashkent,PM2.5 - Principal,2018-10-17 06:00 PM,2018,10,17,18,17.9,63,Moderate,19.0,UG/M3,1 Hr,Valid
Tashkent,PM2.5 - Principal,2018-10-17 07:00 PM,2018,10,17,19,20.4,68,Moderate,23.0,UG/M3,1 Hr,Valid
Tashkent,PM2.5 - Principal,2018-10-17 08:00 PM,2018,10,17,20,31.7,92,Moderate,43.0,UG/M3,1 Hr,Valid
Tashkent,PM2.5 - Principal,2018-10-17 09:00 PM,2018,10,17,21,37.3,105,Unhealthy for Sensitive Groups,43.0,UG/M3,1 Hr,Valid
Tashkent,PM2.5 - Principal,2018-10-17 10:00 PM,2018,10,17,22,47.6,131,Unhealthy for Sensitive Groups,58.0,UG/M3,1 Hr,Valid
Tashkent,PM2.5 - Principal,2018-10-17 11:00 PM,2018,10,17,23,69.8,158,Unhealthy,92.0,UG/M3,1 Hr,Valid
Tashkent,PM2.5 - Principal,2018-10-18 12:00 AM,2018,10,18,00,75.9,162,Unhealthy,82.0,UG/M3,1 Hr,Valid
Tashkent,PM2.5 - Principal,2018-10-18 01:00 AM,2018,10,18,01,79.4,163,Unhealthy,83.0,UG/M3,1 Hr,Valid
Tashkent,PM2.5 - Principal,2018-10-18 02:00 AM,2018,10,18,02,73.7,160,Unhealthy,68.0,UG/M3,1 Hr,Valid
Tashkent,PM2.5 - Principal,2018-10-18 03:00 AM,2018,10,18,03,47.3,130,Unhealthy for Sensitive Groups,21.0,UG/M3,1 Hr,Valid
Tashkent,PM2.5 - Principal,2018-10-18 04:00 AM,2018,10,18,04,29.1,87,Moderate,11.0,UG/M3,1 Hr,Valid
Tashkent,PM2.5 - Principal,2018-10-18 05:00 AM,2018,10,18,05,20.5,69,Moderate,12.0,UG/M3,1 Hr,Valid
Tashkent,PM2.5 - Principal,2018-10-18 06:00 AM,2018,10,18,06,13.7,54,Moderate,7.0,UG/M3,1 Hr,Valid
Tashkent,PM2.5 - Principal,2018-10-18 07:00 AM,2018,10,18,07,9.8,41,Good,6.0,UG/M3,1 Hr,Valid
Tashkent,PM2.5 - Principal,2018-10-18 08:00 AM,2018,10,18,08,8.4,35,Good,7.0,UG/M3,1 Hr,Valid
Tashkent,PM2.5 - Principal,2018-10-18 09:00 AM,2018,10,18,09,7.2,30,Good,6.0,UG/M3,1 Hr,Valid
Tashkent,PM2.5 - Principal,2018-10-18 10:00 AM,2018,10,18,10,5.1,21,Good,3.0,UG/M3,1 Hr,Valid
Tashkent,PM2.5 - Principal,2018-10-18 11:00 AM,2018,10,18,11,4.0,17,Good,3.0,UG/M3,1 Hr,Valid
Tashkent,PM2.5 - Principal,2018-10-18 12:00 PM,2018,10,18,12,3.5,15,Good,3.0,UG/M3,1 Hr,Valid
Tashkent,PM2.5 - Principal,2018-10-18 01:00 PM,2018,10,18,13,4.2,18,Good,5.0,UG/M3,1 Hr,Valid
Tashkent,PM2.5 - Principal,2018-10-18 02:00 PM,2018,10,18,14,5.6,23,Good,7.0,UG/M3,1 Hr,Valid
Tashkent,PM2.5 - Principal,2018-10-18 03:00 PM,2018,10,18,15,10.8,45,Good,16.0,UG/M3,1 Hr,Valid
Tashkent,PM2.5 - Principal,2018-10-18 04:00 PM,2018,10,18,16,10.4,43,Good,10.0,UG/M3,1 Hr,Valid
Tashkent,PM2.5 - Principal,2018-10-18 05:00 PM,2018,10,18,17,15.2,58,Moderate,20.0,UG/M3,1 Hr,Valid
Tashkent,PM2.5 - Principal,2018-10-18 06:00 PM,2018,10,18,18,21.1,70,Moderate,27.0,UG/M3,1 Hr,Valid
Tashkent,PM2.5 - Principal,2018-10-18 07:00 PM,2018,10,18,19,29.0,87,Moderate,37.0,UG/M3,1 Hr,Valid
Tashkent,PM2.5 - Principal,2018-10-18 08:00 PM,2018,10,18,20,35.5,101,Unhealthy for Sensitive Groups,42.0,UG/M3,1 Hr,Valid
Tashkent,PM2.5 - Principal,2018-10-18 09:00 PM,2018,10,18,21,37.2,105,Unhealthy for Sensitive Groups,39.0,UG/M3,1 Hr,Valid
Tashkent,PM2.5 - Principal,2018-10-18 10:00 PM,2018,10,18,22,38.6,109,Unhealthy for Sensitive Groups,40.0,UG/M3,1 Hr,Valid
Tashkent,PM2.5 - Principal,2018-10-18 11:00 PM,2018,10,18,23,41.3,115,Unhealthy for Sensitive Groups,44.0,UG/M3,1 Hr,Valid
Tashkent,PM2.5 - Principal,2018-10-19 12:00 AM,2018,10,19,00,44.6,123,Unhealthy for Sensitive Groups,48.0,UG/M3,1 Hr,Valid
Tashkent,PM2.5 - Principal,2018-10-19 01:00 AM,2018,10,19,01,45.3,125,Unhealthy for Sensitive Groups,46.0,UG/M3,1 Hr,Valid
Tashkent,PM2.5 - Principal,2018-10-19 02:00 AM,2018,10,19,02,37.1,105,Unhealthy for Sensitive Groups,29.0,UG/M3,1 Hr,Valid
Tashkent,PM2.5 - Principal,2018-10-19 03:00 AM,2018,10,19,03,41.5,116,Unhealthy for Sensitive Groups,46.0,UG/M3,1 Hr,Valid
Tashkent,PM2.5 - Principal,2018-10-19 04:00 AM,2018,10,19,04,46.2,127,Unhealthy for Sensitive Groups,51.0,UG/M3,1 Hr,Valid
Tashkent,PM2.5 - Principal,2018-10-19 05:00 AM,2018,10,19,05,51.6,141,Unhealthy for Sensitive Groups,57.0,UG/M3,1 Hr,Valid
Tashkent,PM2.5 - Principal,2018-10-19 06:00 AM,2018,10,19,06,61.3,154,Unhealthy,71.0,UG/M3,1 Hr,Valid
Tashkent,PM2.5 - Principal,2018-10-19 07:00 AM,2018,10,19,07,67.1,157,Unhealthy,73.0,UG/M3,1 Hr,Valid
Tashkent,PM2.5 - Principal,2018-10-19 08:00 AM,2018,10,19,08,68.5,158,Unhealthy,70.0,UG/M3,1 Hr,Valid
Tashkent,PM2.5 - Principal,2018-10-19 09:00 AM,2018,10,19,09,64.2,155,Unhealthy,60.0,UG/M3,1 Hr,Valid
Tashkent,PM2.5 - Principal,2018-10-19 10:00 AM,2018,10,19,10,51.1,139,Unhealthy for Sensitive Groups,38.0,UG/M3,1 Hr,Valid
Tashkent,PM2.5 - Principal,2018-10-19 11:00 AM,2018,10,19,11,44.0,122,Unhealthy for Sensitive Groups,37.0,UG/M3,1 Hr,Valid
Tashkent,PM2.5 - Principal,2018-10-19 12:00 PM,2018,10,19,12,36.0,102,Unhealthy for Sensitive Groups,28.0,UG/M3,1 Hr,Valid
Tashkent,PM2.5 - Principal,2018-10-19 01:00 PM,2018,10,19,13,28.5,85,Moderate,21.0,UG/M3,1 Hr,Valid
Tashkent,PM2.5 - Principal,2018-10-19 02:00 PM,2018,10,19,14,25.2,79,Moderate,22.0,UG/M3,1 Hr,Valid
Tashkent,PM2.5 - Principal,2018-10-19 03:00 PM,2018,10,19,15,22.6,73,Moderate,20.0,UG/M3,1 Hr,Valid
Tashkent,PM2.5 - Principal,2018-10-19 04:00 PM,2018,10,19,16,21.3,70,Moderate,20.0,UG/M3,1 Hr,Valid
Tashkent,PM2.5 - Principal,2018-10-19 05:00 PM,2018,10,19,17,22.6,73,Moderate,24.0,UG/M3,1 Hr,Valid
Tashkent,PM2.5 - Principal,2018-10-19 06:00 PM,2018,10,19,18,22.8,74,Moderate,23.0,UG/M3,1 Hr,Valid
Tashkent,PM2.5 - Principal,2018-10-19 07:00 PM,2018,10,19,19,27.9,84,Moderate,33.0,UG/M3,1 Hr,Valid
Tashkent,PM2.5 - Principal,2018-10-19 08:00 PM,2018,10,19,20,32.4,94,Moderate,37.0,UG/M3,1 Hr,Valid
Tashkent,PM2.5 - Principal,2018-10-19 09:00 PM,2018,10,19,21,54.2,147,Unhealthy for Sensitive Groups,76.0,UG/M3,1 Hr,Valid
Tashkent,PM2.5 - Principal,2018-10-19 10:00 PM,2018,10,19,22,82.1,165,Unhealthy,110.0,UG/M3,1 Hr,Valid
Tashkent,PM2.5 - Principal,2018-10-19 11:00 PM,2018,10,19,23,98.5,173,Unhealthy,115.0,UG/M3,1 Hr,Valid
Tashkent,PM2.5 - Principal,2018-10-20 12:00 AM,2018,10,20,00,92.7,170,Unhealthy,87.0,UG/M3,1 Hr,Valid
Tashkent,PM2.5 - Principal,2018-10-20 01:00 AM,2018,10,20,01,72.9,160,Unhealthy,53.0,UG/M3,1 Hr,Valid
Tashkent,PM2.5 - Principal,2018-10-20 02:00 AM,2018,10,20,02,61.9,154,Unhealthy,51.0,UG/M3,1 Hr,Valid
Tashkent,PM2.5 - Principal,2018-10-20 03:00 AM,2018,10,20,03,64.9,156,Unhealthy,68.0,UG/M3,1 Hr,Valid
Tashkent,PM2.5 - Principal,2018-10-20 04:00 AM,2018,10,20,04,69.4,158,Unhealthy,74.0,UG/M3,1 Hr,Valid
Tashkent,PM2.5 - Principal,2018-10-20 05:00 AM,2018,10,20,05,57.7,152,Unhealthy,46.0,UG/M3,1 Hr,Valid
Tashkent,PM2.5 - Principal,2018-10-20 06:00 AM,2018,10,20,06,46.3,128,Unhealthy for Sensitive Groups,35.0,UG/M3,1 Hr,Valid
Tashkent,PM2.5 - Principal,2018-10-20 07:00 AM,2018,10,20,07,43.1,120,Unhealthy for Sensitive Groups,40.0,UG/M3,1 Hr,Valid
Tashkent,PM2.5 - Principal,2018-10-20 08:00 AM,2018,10,20,08,43.5,121,Unhealthy for Sensitive Groups,44.0,UG/M3,1 Hr,Valid
Tashkent,PM2.5 - Principal,2018-10-20 09:00 AM,2018,10,20,09,35.2,100,Moderate,27.0,UG/M3,1 Hr,Valid
Tashkent,PM2.5 - Principal,2018-10-20 10:00 AM,2018,10,20,10,31.1,91,Moderate,27.0,UG/M3,1 Hr,Valid
Tashkent,PM2.5 - Principal,2018-10-20 11:00 AM,2018,10,20,11,27.0,82,Moderate,23.0,UG/M3,1 Hr,Valid
Tashkent,PM2.5 - Principal,2018-10-20 12:00 PM,2018,10,20,12,20.5,69,Moderate,14.0,UG/M3,1 Hr,Valid
Tashkent,PM2.5 - Principal,2018-10-20 01:00 PM,2018,10,20,13,15.7,59,Moderate,11.0,UG/M3,1 Hr,Valid
Tashkent,PM2.5 - Principal,2018-10-20 02:00 PM,2018,10,20,14,14.3,56,Moderate,13.0,UG/M3,1 Hr,Valid
Tashkent,PM2.5 - Principal,2018-10-20 03:00 PM,2018,10,20,15,13.1,53,Moderate,12.0,UG/M3,1 Hr,Valid
Tashkent,PM2.5 - Principal,2018-10-20 04:00 PM,2018,10,20,16,11.0,46,Good,9.0,UG/M3,1 Hr,Valid
Tashkent,PM2.5 - Principal,2018-10-20 05:00 PM,2018,10,20,17,13.5,54,Moderate,16.0,UG/M3,1 Hr,Valid
Tashkent,PM2.5 - Principal,2018-10-20 06:00 PM,2018,10,20,18,17.7,63,Moderate,22.0,UG/M3,1 Hr,Valid
Tashkent,PM2.5 - Principal,2018-10-20 07:00 PM,2018,10,20,19,24.8,78,Moderate,32.0,UG/M3,1 Hr,Valid
Tashkent,PM2.5 - Principal,2018-10-20 08:00 PM,2018,10,20,20,38.9,109,Unhealthy for Sensitive Groups,53.0,UG/M3,1 Hr,Valid
Tashkent,PM2.5 - Principal,2018-10-20 09:00 PM,2018,10,20,21,45.9,127,Unhealthy for Sensitive Groups,53.0,UG/M3,1 Hr,Valid
Tashkent,PM2.5 - Principal,2018-10-20 10:00 PM,2018,10,20,22,64.9,156,Unhealthy,84.0,UG/M3,1 Hr,Valid
Tashkent,PM2.5 - Principal,2018-10-20 11:00 PM,2018,10,20,23,56.5,152,Unhealthy,48.0,UG/M3,1 Hr,Valid
Tashkent,PM2.5 - Principal,2018-10-21 12:00 AM,2018,10,21,00,51.2,140,Unhealthy for Sensitive Groups,46.0,UG/M3,1 Hr,Valid
Tashkent,PM2.5 - Principal,2018-10-21 01:00 AM,2018,10,21,01,39.1,110,Unhealthy for Sensitive Groups,27.0,UG/M3,1 Hr,Valid
Tashkent,PM2.5 - Principal,2018-10-21 02:00 AM,2018,10,21,02,28.0,84,Moderate,17.0,UG/M3,1 Hr,Valid
Tashkent,PM2.5 - Principal,2018-10-21 03:00 AM,2018,10,21,03,20.5,69,Moderate,13.0,UG/M3,1 Hr,Valid
Tashkent,PM2.5 - Principal,2018-10-21 04:00 AM,2018,10,21,04,15.7,59,Moderate,11.0,UG/M3,1 Hr,Valid
Tashkent,PM2.5 - Principal,2018-10-21 05:00 AM,2018,10,21,05,20.8,69,Moderate,26.0,UG/M3,1 Hr,Valid
Tashkent,PM2.5 - Principal,2018-10-21 06:00 AM,2018,10,21,06,20.4,68,Moderate,20.0,UG/M3,1 Hr,Valid
Tashkent,PM2.5 - Principal,2018-10-21 07:00 AM,2018,10,21,07,20.7,69,Moderate,21.0,UG/M3,1 Hr,Valid
Tashkent,PM2.5 - Principal,2018-10-21 08:00 AM,2018,10,21,08,10.3,43,Good,0.0,UG/M3,1 Hr,Valid
Tashkent,PM2.5 - Principal,2018-10-21 09:00 AM,2018,10,21,09,5.6,23,Good,1.0,UG/M3,1 Hr,Valid
Tashkent,PM2.5 - Principal,2018-10-21 10:00 AM,2018,10,21,10,4.3,18,Good,3.0,UG/M3,1 Hr,Valid
Tashkent,PM2.5 - Principal,2018-10-21 11:00 AM,2018,10,21,11,4.1,17,Good,4.0,UG/M3,1 Hr,Valid
Tashkent,PM2.5 - Principal,2018-10-21 12:00 PM,2018,10,21,12,7.5,31,Good,11.0,UG/M3,1 Hr,Valid
Tashkent,PM2.5 - Principal,2018-10-21 01:00 PM,2018,10,21,13,7.7,32,Good,8.0,UG/M3,1 Hr,Valid
Tashkent,PM2.5 - Principal,2018-10-21 02:00 PM,2018,10,21,14,5.8,24,Good,4.0,UG/M3,1 Hr,Valid
Tashkent,PM2.5 - Principal,2018-10-21 03:00 PM,2018,10,21,15,4.4,18,Good,3.0,UG/M3,1 Hr,Valid
Tashkent,PM2.5 - Principal,2018-10-21 04:00 PM,2018,10,21,16,5.7,24,Good,7.0,UG/M3,1 Hr,Valid
Tashkent,PM2.5 - Principal,2018-10-21 05:00 PM,2018,10,21,17,6.8,28,Good,8.0,UG/M3,1 Hr,Valid
Tashkent,PM2.5 - Principal,2018-10-21 06:00 PM,2018,10,21,18,14.4,56,Moderate,22.0,UG/M3,1 Hr,Valid
Tashkent,PM2.5 - Principal,2018-10-21 07:00 PM,2018,10,21,19,22.2,72,Moderate,30.0,UG/M3,1 Hr,Valid
Tashkent,PM2.5 - Principal,2018-10-21 08:00 PM,2018,10,21,20,38.1,107,Unhealthy for Sensitive Groups,54.0,UG/M3,1 Hr,Valid
Tashkent,PM2.5 - Principal,2018-10-21 09:00 PM,2018,10,21,21,60.5,154,Unhealthy,83.0,UG/M3,1 Hr,Valid
Tashkent,PM2.5 - Principal,2018-10-21 10:00 PM,2018,10,21,22,79.2,163,Unhealthy,98.0,UG/M3,1 Hr,Valid
Tashkent,PM2.5 - Principal,2018-10-21 11:00 PM,2018,10,21,23,85.6,167,Unhealthy,92.0,UG/M3,1 Hr,Valid
Tashkent,PM2.5 - Principal,2018-10-22 12:00 AM,2018,10,22,00,74.8,161,Unhealthy,64.0,UG/M3,1 Hr,Valid
Tashkent,PM2.5 - Principal,2018-10-22 01:00 AM,2018,10,22,01,47.9,132,Unhealthy for Sensitive Groups,21.0,UG/M3,1 Hr,Valid
Tashkent,PM2.5 - Principal,2018-10-22 02:00 AM,2018,10,22,02,45.9,127,Unhealthy for Sensitive Groups,44.0,UG/M3,1 Hr,Valid
Tashkent,PM2.5 - Principal,2018-10-22 03:00 AM,2018,10,22,03,36.9,104,Unhealthy for Sensitive Groups,28.0,UG/M3,1 Hr,Valid
Tashkent,PM2.5 - Principal,2018-10-22 04:00 AM,2018,10,22,04,30.9,91,Moderate,25.0,UG/M3,1 Hr,Valid
Tashkent,PM2.5 - Principal,2018-10-22 05:00 AM,2018,10,22,05,26.9,82,Moderate,23.0,UG/M3,1 Hr,Valid
Tashkent,PM2.5 - Principal,2018-10-22 06:00 AM,2018,10,22,06,23.9,76,Moderate,21.0,UG/M3,1 Hr,Valid
Tashkent,PM2.5 - Principal,2018-10-22 07:00 AM,2018,10,22,07,19.4,66,Moderate,15.0,UG/M3,1 Hr,Valid
Tashkent,PM2.5 - Principal,2018-10-22 08:00 AM,2018,10,22,08,13.7,54,Moderate,8.0,UG/M3,1 Hr,Valid
Tashkent,PM2.5 - Principal,2018-10-22 09:00 AM,2018,10,22,09,8.8,37,Good,4.0,UG/M3,1 Hr,Valid
Tashkent,PM2.5 - Principal,2018-10-22 10:00 AM,2018,10,22,10,6.4,27,Good,4.0,UG/M3,1 Hr,Valid
Tashkent,PM2.5 - Principal,2018-10-22 11:00 AM,2018,10,22,11,5.1,21,Good,4.0,UG/M3,1 Hr,Valid
Tashkent,PM2.5 - Principal,2018-10-22 12:00 PM,2018,10,22,12,10.5,44,Good,16.0,UG/M3,1 Hr,Valid
Tashkent,PM2.5 - Principal,2018-10-22 01:00 PM,2018,10,22,13,12.7,52,Moderate,15.0,UG/M3,1 Hr,Valid
Tashkent,PM2.5 - Principal,2018-10-22 02:00 PM,2018,10,22,14,11.3,47,Good,10.0,UG/M3,1 Hr,Valid
Tashkent,PM2.5 - Principal,2018-10-22 03:00 PM,2018,10,22,15,10.6,44,Good,10.0,UG/M3,1 Hr,Valid
Tashkent,PM2.5 - Principal,2018-10-22 04:00 PM,2018,10,22,16,32.8,95,Moderate,55.0,UG/M3,1 Hr,Valid
Tashkent,PM2.5 - Principal,2018-10-22 05:00 PM,2018,10,22,17,51.4,140,Unhealthy for Sensitive Groups,70.0,UG/M3,1 Hr,Valid
Tashkent,PM2.5 - Principal,2018-10-22 06:00 PM,2018,10,22,18,48.7,134,Unhealthy for Sensitive Groups,46.0,UG/M3,1 Hr,Valid
Tashkent,PM2.5 - Principal,2018-10-22 07:00 PM,2018,10,22,19,60.3,153,Unhealthy,72.0,UG/M3,1 Hr,Valid
Tashkent,PM2.5 - Principal,2018-10-22 08:00 PM,2018,10,22,20,61.1,154,Unhealthy,62.0,UG/M3,1 Hr,Valid
Tashkent,PM2.5 - Principal,2018-10-22 09:00 PM,2018,10,22,21,59.1,153,Unhealthy,57.0,UG/M3,1 Hr,Valid
Tashkent,PM2.5 - Principal,2018-10-22 10:00 PM,2018,10,22,22,69.5,158,Unhealthy,80.0,UG/M3,1 Hr,Valid
Tashkent,PM2.5 - Principal,2018-10-22 11:00 PM,2018,10,22,23,75.7,161,Unhealthy,82.0,UG/M3,1 Hr,Valid
Tashkent,PM2.5 - Principal,2018-10-23 12:00 AM,2018,10,23,00,72.4,160,Unhealthy,69.0,UG/M3,1 Hr,Valid
Tashkent,PM2.5 - Principal,2018-10-23 01:00 AM,2018,10,23,01,51.2,140,Unhealthy for Sensitive Groups,30.0,UG/M3,1 Hr,Valid
Tashkent,PM2.5 - Principal,2018-10-23 02:00 AM,2018,10,23,02,32.6,94,Moderate,14.0,UG/M3,1 Hr,Valid
Tashkent,PM2.5 - Principal,2018-10-23 03:00 AM,2018,10,23,03,20.3,68,Moderate,8.0,UG/M3,1 Hr,Valid
Tashkent,PM2.5 - Principal,2018-10-23 04:00 AM,2018,10,23,04,18.6,65,Moderate,17.0,UG/M3,1 Hr,Valid
Tashkent,PM2.5 - Principal,2018-10-23 05:00 AM,2018,10,23,05,15.8,59,Moderate,13.0,UG/M3,1 Hr,Valid
Tashkent,PM2.5 - Principal,2018-10-23 06:00 AM,2018,10,23,06,16.9,61,Moderate,18.0,UG/M3,1 Hr,Valid
Tashkent,PM2.5 - Principal,2018-10-23 07:00 AM,2018,10,23,07,17.4,62,Moderate,18.0,UG/M3,1 Hr,Valid
Tashkent,PM2.5 - Principal,2018-10-23 08:00 AM,2018,10,23,08,20.7,69,Moderate,24.0,UG/M3,1 Hr,Valid
Tashkent,PM2.5 - Principal,2018-10-23 09:00 AM,2018,10,23,09,20.3,68,Moderate,20.0,UG/M3,1 Hr,Valid
Tashkent,PM2.5 - Principal,2018-10-23 10:00 AM,2018,10,23,10,33.6,96,Moderate,47.0,UG/M3,1 Hr,Valid
Tashkent,PM2.5 - Principal,2018-10-23 11:00 AM,2018,10,23,11,33.3,96,Moderate,33.0,UG/M3,1 Hr,Valid
Tashkent,PM2.5 - Principal,2018-10-23 12:00 PM,2018,10,23,12,36.6,104,Unhealthy for Sensitive Groups,40.0,UG/M3,1 Hr,Valid
Tashkent,PM2.5 - Principal,2018-10-23 01:00 PM,2018,10,23,13,35.3,100,Moderate,34.0,UG/M3,1 Hr,Valid
Tashkent,PM2.5 - Principal,2018-10-23 02:00 PM,2018,10,23,14,39.1,110,Unhealthy for Sensitive Groups,43.0,UG/M3,1 Hr,Valid
Tashkent,PM2.5 - Principal,2018-10-23 03:00 PM,2018,10,23,15,34.0,97,Moderate,29.0,UG/M3,1 Hr,Valid
Tashkent,PM2.5 - Principal,2018-10-23 04:00 PM,2018,10,23,16,26.5,81,Moderate,19.0,UG/M3,1 Hr,Valid
Tashkent,PM2.5 - Principal,2018-10-23 05:00 PM,2018,10,23,17,24.2,76,Moderate,22.0,UG/M3,1 Hr,Valid
Tashkent,PM2.5 - Principal,2018-10-23 06:00 PM,2018,10,23,18,23.6,75,Moderate,23.0,UG/M3,1 Hr,Valid
Tashkent,PM2.5 - Principal,2018-10-23 07:00 PM,2018,10,23,19,41.3,115,Unhealthy for Sensitive Groups,59.0,UG/M3,1 Hr,Valid
Tashkent,PM2.5 - Principal,2018-10-23 08:00 PM,2018,10,23,20,42.1,117,Unhealthy for Sensitive Groups,43.0,UG/M3,1 Hr,Valid
Tashkent,PM2.5 - Principal,2018-10-23 09:00 PM,2018,10,23,21,41.5,116,Unhealthy for Sensitive Groups,41.0,UG/M3,1 Hr,Valid
Tashkent,PM2.5 - Principal,2018-10-23 10:00 PM,2018,10,23,22,53.2,145,Unhealthy for Sensitive Groups,65.0,UG/M3,1 Hr,Valid
Tashkent,PM2.5 - Principal,2018-10-23 11:00 PM,2018,10,23,23,65.6,156,Unhealthy,78.0,UG/M3,1 Hr,Valid
Tashkent,PM2.5 - Principal,2018-10-24 12:00 AM,2018,10,24,00,75.3,161,Unhealthy,85.0,UG/M3,1 Hr,Valid
Tashkent,PM2.5 - Principal,2018-10-24 01:00 AM,2018,10,24,01,68.1,158,Unhealthy,61.0,UG/M3,1 Hr,Valid
Tashkent,PM2.5 - Principal,2018-10-24 02:00 AM,2018,10,24,02,60.0,153,Unhealthy,52.0,UG/M3,1 Hr,Valid
Tashkent,PM2.5 - Principal,2018-10-24 03:00 AM,2018,10,24,03,55.5,151,Unhealthy,51.0,UG/M3,1 Hr,Valid
Tashkent,PM2.5 - Principal,2018-10-24 04:00 AM,2018,10,24,04,52.2,142,Unhealthy for Sensitive Groups,49.0,UG/M3,1 Hr,Valid
Tashkent,PM2.5 - Principal,2018-10-24 05:00 AM,2018,10,24,05,49.1,134,Unhealthy for Sensitive Groups,46.0,UG/M3,1 Hr,Valid
Tashkent,PM2.5 - Principal,2018-10-24 06:00 AM,2018,10,24,06,52.0,142,Unhealthy for Sensitive Groups,55.0,UG/M3,1 Hr,Valid
Tashkent,PM2.5 - Principal,2018-10-24 07:00 AM,2018,10,24,07,59.0,153,Unhealthy,66.0,UG/M3,1 Hr,Valid
Tashkent,PM2.5 - Principal,2018-10-24 08:00 AM,2018,10,24,08,61.5,154,Unhealthy,64.0,UG/M3,1 Hr,Valid
Tashkent,PM2.5 - Principal,2018-10-24 09:00 AM,2018,10,24,09,63.3,155,Unhealthy,66.0,UG/M3,1 Hr,Valid
Tashkent,PM2.5 - Principal,2018-10-24 10:00 AM,2018,10,24,10,34.8,99,Moderate,6.0,UG/M3,1 Hr,Valid
Tashkent,PM2.5 - Principal,2018-10-24 11:00 AM,2018,10,24,11,22.4,73,Moderate,10.0,UG/M3,1 Hr,Valid
Tashkent,PM2.5 - Principal,2018-10-24 12:00 PM,2018,10,24,12,19.7,67,Moderate,17.0,UG/M3,1 Hr,Valid
Tashkent,PM2.5 - Principal,2018-10-24 01:00 PM,2018,10,24,13,14.8,57,Moderate,10.0,UG/M3,1 Hr,Valid
Tashkent,PM2.5 - Principal,2018-10-24 02:00 PM,2018,10,24,14,11.9,50,Good,9.0,UG/M3,1 Hr,Valid
Tashkent,PM2.5 - Principal,2018-10-24 03:00 PM,2018,10,24,15,11.9,50,Good,12.0,UG/M3,1 Hr,Valid
Tashkent,PM2.5 - Principal,2018-10-24 04:00 PM,2018,10,24,16,12.9,53,Moderate,14.0,UG/M3,1 Hr,Valid
Tashkent,PM2.5 - Principal,2018-10-24 05:00 PM,2018,10,24,17,13.4,54,Moderate,14.0,UG/M3,1 Hr,Valid
Tashkent,PM2.5 - Principal,2018-10-24 06:00 PM,2018,10,24,18,28.7,86,Moderate,44.0,UG/M3,1 Hr,Valid
Tashkent,PM2.5 - Principal,2018-10-24 07:00 PM,2018,10,24,19,52.3,142,Unhealthy for Sensitive Groups,76.0,UG/M3,1 Hr,Valid
Tashkent,PM2.5 - Principal,2018-10-24 08:00 PM,2018,10,24,20,63.1,155,Unhealthy,74.0,UG/M3,1 Hr,Valid
Tashkent,PM2.5 - Principal,2018-10-24 09:00 PM,2018,10,24,21,61.0,154,Unhealthy,59.0,UG/M3,1 Hr,Valid
Tashkent,PM2.5 - Principal,2018-10-24 10:00 PM,2018,10,24,22,67.0,157,Unhealthy,73.0,UG/M3,1 Hr,Valid
Tashkent,PM2.5 - Principal,2018-10-24 11:00 PM,2018,10,24,23,71.0,159,Unhealthy,75.0,UG/M3,1 Hr,Valid
Tashkent,PM2.5 - Principal,2018-10-25 12:00 AM,2018,10,25,00,62.5,155,Unhealthy,54.0,UG/M3,1 Hr,Valid
Tashkent,PM2.5 - Principal,2018-10-25 01:00 AM,2018,10,25,01,36.7,104,Unhealthy for Sensitive Groups,11.0,UG/M3,1 Hr,Valid
Tashkent,PM2.5 - Principal,2018-10-25 02:00 AM,2018,10,25,02,21.3,70,Moderate,6.0,UG/M3,1 Hr,Valid
Tashkent,PM2.5 - Principal,2018-10-25 03:00 AM,2018,10,25,03,12.1,51,Moderate,3.0,UG/M3,1 Hr,Valid
Tashkent,PM2.5 - Principal,2018-10-25 04:00 AM,2018,10,25,04,7.0,29,Good,2.0,UG/M3,1 Hr,Valid
Tashkent,PM2.5 - Principal,2018-10-25 05:00 AM,2018,10,25,05,5.5,23,Good,4.0,UG/M3,1 Hr,Valid
Tashkent,PM2.5 - Principal,2018-10-25 06:00 AM,2018,10,25,06,5.2,22,Good,5.0,UG/M3,1 Hr,Valid
Tashkent,PM2.5 - Principal,2018-10-25 07:00 AM,2018,10,25,07,4.6,19,Good,4.0,UG/M3,1 Hr,Valid
Tashkent,PM2.5 - Principal,2018-10-25 08:00 AM,2018,10,25,08,4.8,20,Good,5.0,UG/M3,1 Hr,Valid
Tashkent,PM2.5 - Principal,2018-10-25 09:00 AM,2018,10,25,09,4.8,20,Good,5.0,UG/M3,1 Hr,Valid
Tashkent,PM2.5 - Principal,2018-10-25 10:00 AM,2018,10,25,10,5.4,23,Good,6.0,UG/M3,1 Hr,Valid
Tashkent,PM2.5 - Principal,2018-10-25 11:00 AM,2018,10,25,11,6.7,28,Good,8.0,UG/M3,1 Hr,Valid
Tashkent,PM2.5 - Principal,2018-10-25 12:00 PM,2018,10,25,12,6.3,26,Good,6.0,UG/M3,1 Hr,Valid
Tashkent,PM2.5 - Principal,2018-10-25 01:00 PM,2018,10,25,13,7.6,32,Good,9.0,UG/M3,1 Hr,Valid
Tashkent,PM2.5 - Principal,2018-10-25 02:00 PM,2018,10,25,14,7.3,30,Good,7.0,UG/M3,1 Hr,Valid
Tashkent,PM2.5 - Principal,2018-10-25 03:00 PM,2018,10,25,15,7.6,32,Good,8.0,UG/M3,1 Hr,Valid
Tashkent,PM2.5 - Principal,2018-10-25 04:00 PM,2018,10,25,16,8.3,35,Good,9.0,UG/M3,1 Hr,Valid
Tashkent,PM2.5 - Principal,2018-10-25 05:00 PM,2018,10,25,17,7.6,32,Good,7.0,UG/M3,1 Hr,Valid
Tashkent,PM2.5 - Principal,2018-10-25 06:00 PM,2018,10,25,18,25.8,80,Moderate,44.0,UG/M3,1 Hr,Valid
Tashkent,PM2.5 - Principal,2018-10-25 07:00 PM,2018,10,25,19,39.4,111,Unhealthy for Sensitive Groups,53.0,UG/M3,1 Hr,Valid
Tashkent,PM2.5 - Principal,2018-10-25 08:00 PM,2018,10,25,20,49.7,136,Unhealthy for Sensitive Groups,60.0,UG/M3,1 Hr,Valid
Tashkent,PM2.5 - Principal,2018-10-25 09:00 PM,2018,10,25,21,46.8,129,Unhealthy for Sensitive Groups,44.0,UG/M3,1 Hr,Valid
Tashkent,PM2.5 - Principal,2018-10-25 10:00 PM,2018,10,25,22,46.9,129,Unhealthy for Sensitive Groups,47.0,UG/M3,1 Hr,Valid
Tashkent,PM2.5 - Principal,2018-10-25 11:00 PM,2018,10,25,23,49.9,136,Unhealthy for Sensitive Groups,53.0,UG/M3,1 Hr,Valid
Tashkent,PM2.5 - Principal,2018-10-26 12:00 AM,2018,10,26,00,54.9,149,Unhealthy for Sensitive Groups,60.0,UG/M3,1 Hr,Valid
Tashkent,PM2.5 - Principal,2018-10-26 01:00 AM,2018,10,26,01,30.4,89,Moderate,6.0,UG/M3,1 Hr,Valid
Tashkent,PM2.5 - Principal,2018-10-26 02:00 AM,2018,10,26,02,17.7,63,Moderate,5.0,UG/M3,1 Hr,Valid
Tashkent,PM2.5 - Principal,2018-10-26 03:00 AM,2018,10,26,03,10.8,45,Good,4.0,UG/M3,1 Hr,Valid
Tashkent,PM2.5 - Principal,2018-10-26 04:00 AM,2018,10,26,04,11.4,48,Good,12.0,UG/M3,1 Hr,Valid
Tashkent,PM2.5 - Principal,2018-10-26 05:00 AM,2018,10,26,05,18.2,64,Moderate,25.0,UG/M3,1 Hr,Valid
Tashkent,PM2.5 - Principal,2018-10-26 06:00 AM,2018,10,26,06,15.6,58,Moderate,13.0,UG/M3,1 Hr,Valid
Tashkent,PM2.5 - Principal,2018-10-26 07:00 AM,2018,10,26,07,11.7,49,Good,8.0,UG/M3,1 Hr,Valid
Tashkent,PM2.5 - Principal,2018-10-26 08:00 AM,2018,10,26,08,12.8,52,Moderate,14.0,UG/M3,1 Hr,Valid
Tashkent,PM2.5 - Principal,2018-10-26 09:00 AM,2018,10,26,09,10.9,45,Good,9.0,UG/M3,1 Hr,Valid
Tashkent,PM2.5 - Principal,2018-10-26 10:00 AM,2018,10,26,10,10.4,43,Good,10.0,UG/M3,1 Hr,Valid
Tashkent,PM2.5 - Principal,2018-10-26 11:00 AM,2018,10,26,11,11.2,47,Good,12.0,UG/M3,1 Hr,Valid
Tashkent,PM2.5 - Principal,2018-10-26 12:00 PM,2018,10,26,12,12.1,51,Moderate,13.0,UG/M3,1 Hr,Valid
Tashkent,PM2.5 - Principal,2018-10-26 01:00 PM,2018,10,26,13,11.0,46,Good,10.0,UG/M3,1 Hr,Valid
Tashkent,PM2.5 - Principal,2018-10-26 02:00 PM,2018,10,26,14,9.0,38,Good,7.0,UG/M3,1 Hr,Valid
Tashkent,PM2.5 - Principal,2018-10-26 03:00 PM,2018,10,26,15,11.5,48,Good,14.0,UG/M3,1 Hr,Valid
Tashkent,PM2.5 - Principal,2018-10-26 04:00 PM,2018,10,26,16,11.2,47,Good,11.0,UG/M3,1 Hr,Valid
Tashkent,PM2.5 - Principal,2018-10-26 05:00 PM,2018,10,26,17,18.6,65,Moderate,26.0,UG/M3,1 Hr,Valid
Tashkent,PM2.5 - Principal,2018-10-26 06:00 PM,2018,10,26,18,33.8,97,Moderate,49.0,UG/M3,1 Hr,Valid
Tashkent,PM2.5 - Principal,2018-10-26 07:00 PM,2018,10,26,19,44.4,123,Unhealthy for Sensitive Groups,55.0,UG/M3,1 Hr,Valid
Tashkent,PM2.5 - Principal,2018-10-26 08:00 PM,2018,10,26,20,49.2,135,Unhealthy for Sensitive Groups,54.0,UG/M3,1 Hr,Valid
Tashkent,PM2.5 - Principal,2018-10-26 09:00 PM,2018,10,26,21,37.1,105,Unhealthy for Sensitive Groups,25.0,UG/M3,1 Hr,Valid
Tashkent,PM2.5 - Principal,2018-10-26 10:00 PM,2018,10,26,22,24.5,77,Moderate,12.0,UG/M3,1 Hr,Valid
Tashkent,PM2.5 - Principal,2018-10-26 11:00 PM,2018,10,26,23,16.2,60,Moderate,8.0,UG/M3,1 Hr,Valid
Tashkent,PM2.5 - Principal,2018-10-27 12:00 AM,2018,10,27,00,12.6,52,Moderate,9.0,UG/M3,1 Hr,Valid
Tashkent,PM2.5 - Principal,2018-10-27 01:00 AM,2018,10,27,01,11.3,47,Good,10.0,UG/M3,1 Hr,Valid
Tashkent,PM2.5 - Principal,2018-10-27 02:00 AM,2018,10,27,02,9.1,38,Good,7.0,UG/M3,1 Hr,Valid
Tashkent,PM2.5 - Principal,2018-10-27 03:00 AM,2018,10,27,03,9.0,38,Good,9.0,UG/M3,1 Hr,Valid
Tashkent,PM2.5 - Principal,2018-10-27 04:00 AM,2018,10,27,04,11.0,46,Good,13.0,UG/M3,1 Hr,Valid
Tashkent,PM2.5 - Principal,2018-10-27 05:00 AM,2018,10,27,05,12.5,52,Moderate,14.0,UG/M3,1 Hr,Valid
Tashkent,PM2.5 - Principal,2018-10-27 06:00 AM,2018,10,27,06,14.2,55,Moderate,16.0,UG/M3,1 Hr,Valid
Tashkent,PM2.5 - Principal,2018-10-27 07:00 AM,2018,10,27,07,17.1,62,Moderate,20.0,UG/M3,1 Hr,Valid
Tashkent,PM2.5 - Principal,2018-10-27 08:00 AM,2018,10,27,08,18.0,63,Moderate,19.0,UG/M3,1 Hr,Valid
Tashkent,PM2.5 - Principal,2018-10-27 09:00 AM,2018,10,27,09,20.0,68,Moderate,22.0,UG/M3,1 Hr,Valid
Tashkent,PM2.5 - Principal,2018-10-27 10:00 AM,2018,10,27,10,20.0,68,Moderate,20.0,UG/M3,1 Hr,Valid
Tashkent,PM2.5 - Principal,2018-10-27 11:00 AM,2018,10,27,11,22.0,72,Moderate,24.0,UG/M3,1 Hr,Valid
Tashkent,PM2.5 - Principal,2018-10-27 12:00 PM,2018,10,27,12,22.5,73,Moderate,23.0,UG/M3,1 Hr,Valid
Tashkent,PM2.5 - Principal,2018-10-27 01:00 PM,2018,10,27,13,27.2,83,Moderate,32.0,UG/M3,1 Hr,Valid
Tashkent,PM2.5 - Principal,2018-10-27 02:00 PM,2018,10,27,14,41.1,115,Unhealthy for Sensitive Groups,55.0,UG/M3,1 Hr,Valid
Tashkent,PM2.5 - Principal,2018-10-27 03:00 PM,2018,10,27,15,49.5,135,Unhealthy for Sensitive Groups,58.0,UG/M3,1 Hr,Valid
Tashkent,PM2.5 - Principal,2018-10-27 04:00 PM,2018,10,27,16,52.7,143,Unhealthy for Sensitive Groups,56.0,UG/M3,1 Hr,Valid
Tashkent,PM2.5 - Principal,2018-10-27 05:00 PM,2018,10,27,17,53.9,146,Unhealthy for Sensitive Groups,55.0,UG/M3,1 Hr,Valid
Tashkent,PM2.5 - Principal,2018-10-27 06:00 PM,2018,10,27,18,68.4,158,Unhealthy,83.0,UG/M3,1 Hr,Valid
Tashkent,PM2.5 - Principal,2018-10-27 07:00 PM,2018,10,27,19,78.2,163,Unhealthy,88.0,UG/M3,1 Hr,Valid
Tashkent,PM2.5 - Principal,2018-10-27 08:00 PM,2018,10,27,20,74.6,161,Unhealthy,71.0,UG/M3,1 Hr,Valid
Tashkent,PM2.5 - Principal,2018-10-27 09:00 PM,2018,10,27,21,58.3,152,Unhealthy,42.0,UG/M3,1 Hr,Valid
Tashkent,PM2.5 - Principal,2018-10-27 10:00 PM,2018,10,27,22,50.6,138,Unhealthy for Sensitive Groups,43.0,UG/M3,1 Hr,Valid
Tashkent,PM2.5 - Principal,2018-10-27 11:00 PM,2018,10,27,23,45.3,125,Unhealthy for Sensitive Groups,40.0,UG/M3,1 Hr,Valid
Tashkent,PM2.5 - Principal,2018-10-28 12:00 AM,2018,10,28,00,44.1,122,Unhealthy for Sensitive Groups,43.0,UG/M3,1 Hr,Valid
Tashkent,PM2.5 - Principal,2018-10-28 01:00 AM,2018,10,28,01,55.0,149,Unhealthy for Sensitive Groups,66.0,UG/M3,1 Hr,Valid
Tashkent,PM2.5 - Principal,2018-10-28 02:00 AM,2018,10,28,02,52.0,142,Unhealthy for Sensitive Groups,49.0,UG/M3,1 Hr,Valid
Tashkent,PM2.5 - Principal,2018-10-28 03:00 AM,2018,10,28,03,44.5,123,Unhealthy for Sensitive Groups,37.0,UG/M3,1 Hr,Valid
Tashkent,PM2.5 - Principal,2018-10-28 04:00 AM,2018,10,28,04,64.7,156,Unhealthy,85.0,UG/M3,1 Hr,Valid
Tashkent,PM2.5 - Principal,2018-10-28 05:00 AM,2018,10,28,05,91.3,169,Unhealthy,118.0,UG/M3,1 Hr,Valid
Tashkent,PM2.5 - Principal,2018-10-28 06:00 AM,2018,10,28,06,83.1,165,Unhealthy,75.0,UG/M3,1 Hr,Valid
Tashkent,PM2.5 - Principal,2018-10-28 07:00 AM,2018,10,28,07,61.5,154,Unhealthy,40.0,UG/M3,1 Hr,Valid
Tashkent,PM2.5 - Principal,2018-10-28 08:00 AM,2018,10,28,08,46.7,129,Unhealthy for Sensitive Groups,32.0,UG/M3,1 Hr,Valid
Tashkent,PM2.5 - Principal,2018-10-28 09:00 AM,2018,10,28,09,27.8,84,Moderate,9.0,UG/M3,1 Hr,Valid
Tashkent,PM2.5 - Principal,2018-10-28 10:00 AM,2018,10,28,10,16.9,61,Moderate,6.0,UG/M3,1 Hr,Valid
Tashkent,PM2.5 - Principal,2018-10-28 11:00 AM,2018,10,28,11,9.4,39,Good,2.0,UG/M3,1 Hr,Valid
Tashkent,PM2.5 - Principal,2018-10-28 12:00 PM,2018,10,28,12,4.2,18,Good,-1.0,UG/M3,1 Hr,Valid
Tashkent,PM2.5 - Principal,2018-10-28 01:00 PM,2018,10,28,13,2.1,9,Good,0.0,UG/M3,1 Hr,Valid
Tashkent,PM2.5 - Principal,2018-10-28 02:00 PM,2018,10,28,14,2.0,8,Good,2.0,UG/M3,1 Hr,Valid
Tashkent,PM2.5 - Principal,2018-10-28 03:00 PM,2018,10,28,15,3.5,15,Good,5.0,UG/M3,1 Hr,Valid
Tashkent,PM2.5 - Principal,2018-10-28 04:00 PM,2018,10,28,16,4.7,20,Good,6.0,UG/M3,1 Hr,Valid
Tashkent,PM2.5 - Principal,2018-10-28 05:00 PM,2018,10,28,17,4.3,18,Good,4.0,UG/M3,1 Hr,Valid
Tashkent,PM2.5 - Principal,2018-10-28 06:00 PM,2018,10,28,18,5.1,21,Good,6.0,UG/M3,1 Hr,Valid
Tashkent,PM2.5 - Principal,2018-10-28 07:00 PM,2018,10,28,19,6.0,25,Good,7.0,UG/M3,1 Hr,Valid
Tashkent,PM2.5 - Principal,2018-10-28 08:00 PM,2018,10,28,20,8.0,33,Good,10.0,UG/M3,1 Hr,Valid
Tashkent,PM2.5 - Principal,2018-10-28 09:00 PM,2018,10,28,21,11.0,46,Good,14.0,UG/M3,1 Hr,Valid
Tashkent,PM2.5 - Principal,2018-10-28 10:00 PM,2018,10,28,22,15.5,58,Moderate,20.0,UG/M3,1 Hr,Valid
Tashkent,PM2.5 - Principal,2018-10-28 11:00 PM,2018,10,28,23,16.7,61,Moderate,18.0,UG/M3,1 Hr,Valid
Tashkent,PM2.5 - Principal,2018-10-29 12:00 AM,2018,10,29,00,25.3,79,Moderate,34.0,UG/M3,1 Hr,Valid
Tashkent,PM2.5 - Principal,2018-10-29 01:00 AM,2018,10,29,01,20.6,69,Moderate,16.0,UG/M3,1 Hr,Valid
Tashkent,PM2.5 - Principal,2018-10-29 02:00 AM,2018,10,29,02,23.3,75,Moderate,26.0,UG/M3,1 Hr,Valid
Tashkent,PM2.5 - Principal,2018-10-29 03:00 AM,2018,10,29,03,23.1,74,Moderate,23.0,UG/M3,1 Hr,Valid
Tashkent,PM2.5 - Principal,2018-10-29 04:00 AM,2018,10,29,04,25.5,79,Moderate,28.0,UG/M3,1 Hr,Valid
Tashkent,PM2.5 - Principal,2018-10-29 05:00 AM,2018,10,29,05,26.7,82,Moderate,28.0,UG/M3,1 Hr,Valid
Tashkent,PM2.5 - Principal,2018-10-29 06:00 AM,2018,10,29,06,31.4,92,Moderate,36.0,UG/M3,1 Hr,Valid
Tashkent,PM2.5 - Principal,2018-10-29 07:00 AM,2018,10,29,07,36.2,103,Unhealthy for Sensitive Groups,41.0,UG/M3,1 Hr,Valid
Tashkent,PM2.5 - Principal,2018-10-29 08:00 AM,2018,10,29,08,38.6,109,Unhealthy for Sensitive Groups,41.0,UG/M3,1 Hr,Valid
Tashkent,PM2.5 - Principal,2018-10-29 09:00 AM,2018,10,29,09,47.3,130,Unhealthy for Sensitive Groups,56.0,UG/M3,1 Hr,Valid
Tashkent,PM2.5 - Principal,2018-10-29 10:00 AM,2018,10,29,10,56.1,151,Unhealthy,65.0,UG/M3,1 Hr,Valid
Tashkent,PM2.5 - Principal,2018-10-29 11:00 AM,2018,10,29,11,59.5,153,Unhealthy,63.0,UG/M3,1 Hr,Valid
Tashkent,PM2.5 - Principal,2018-10-29 12:00 PM,2018,10,29,12,66.2,157,Unhealthy,73.0,UG/M3,1 Hr,Valid
Tashkent,PM2.5 - Principal,2018-10-29 01:00 PM,2018,10,29,13,63.6,155,Unhealthy,61.0,UG/M3,1 Hr,Valid
Tashkent,PM2.5 - Principal,2018-10-29 02:00 PM,2018,10,29,14,55.8,151,Unhealthy,48.0,UG/M3,1 Hr,Valid
Tashkent,PM2.5 - Principal,2018-10-29 03:00 PM,2018,10,29,15,46.4,128,Unhealthy for Sensitive Groups,37.0,UG/M3,1 Hr,Valid
Tashkent,PM2.5 - Principal,2018-10-29 04:00 PM,2018,10,29,16,37.7,106,Unhealthy for Sensitive Groups,29.0,UG/M3,1 Hr,Valid
Tashkent,PM2.5 - Principal,2018-10-29 05:00 PM,2018,10,29,17,33.8,97,Moderate,30.0,UG/M3,1 Hr,Valid
Tashkent,PM2.5 - Principal,2018-10-29 06:00 PM,2018,10,29,18,37.4,106,Unhealthy for Sensitive Groups,41.0,UG/M3,1 Hr,Valid
Tashkent,PM2.5 - Principal,2018-10-29 07:00 PM,2018,10,29,19,45.7,126,Unhealthy for Sensitive Groups,54.0,UG/M3,1 Hr,Valid
Tashkent,PM2.5 - Principal,2018-10-29 08:00 PM,2018,10,29,20,53.8,146,Unhealthy for Sensitive Groups,62.0,UG/M3,1 Hr,Valid
Tashkent,PM2.5 - Principal,2018-10-29 09:00 PM,2018,10,29,21,57.9,152,Unhealthy,62.0,UG/M3,1 Hr,Valid
Tashkent,PM2.5 - Principal,2018-10-29 10:00 PM,2018,10,29,22,52.4,143,Unhealthy for Sensitive Groups,47.0,UG/M3,1 Hr,Valid
Tashkent,PM2.5 - Principal,2018-10-29 11:00 PM,2018,10,29,23,51.7,141,Unhealthy for Sensitive Groups,51.0,UG/M3,1 Hr,Valid
Tashkent,PM2.5 - Principal,2018-10-30 12:00 AM,2018,10,30,00,53.3,145,Unhealthy for Sensitive Groups,55.0,UG/M3,1 Hr,Valid
Tashkent,PM2.5 - Principal,2018-10-30 01:00 AM,2018,10,30,01,51.6,141,Unhealthy for Sensitive Groups,50.0,UG/M3,1 Hr,Valid
Tashkent,PM2.5 - Principal,2018-10-30 02:00 AM,2018,10,30,02,51.3,140,Unhealthy for Sensitive Groups,51.0,UG/M3,1 Hr,Valid
Tashkent,PM2.5 - Principal,2018-10-30 03:00 AM,2018,10,30,03,58.6,153,Unhealthy,66.0,UG/M3,1 Hr,Valid
Tashkent,PM2.5 - Principal,2018-10-30 04:00 AM,2018,10,30,04,58.8,153,Unhealthy,59.0,UG/M3,1 Hr,Valid
Tashkent,PM2.5 - Principal,2018-10-30 05:00 AM,2018,10,30,05,55.6,151,Unhealthy,52.0,UG/M3,1 Hr,Valid
Tashkent,PM2.5 - Principal,2018-10-30 06:00 AM,2018,10,30,06,54.8,149,Unhealthy for Sensitive Groups,53.0,UG/M3,1 Hr,Valid
Tashkent,PM2.5 - Principal,2018-10-30 07:00 AM,2018,10,30,07,52.8,144,Unhealthy for Sensitive Groups,48.0,UG/M3,1 Hr,Valid
Tashkent,PM2.5 - Principal,2018-10-30 08:00 AM,2018,10,30,08,51.3,140,Unhealthy for Sensitive Groups,48.0,UG/M3,1 Hr,Valid
Tashkent,PM2.5 - Principal,2018-10-30 09:00 AM,2018,10,30,09,52.6,143,Unhealthy for Sensitive Groups,56.0,UG/M3,1 Hr,Valid
Tashkent,PM2.5 - Principal,2018-10-30 10:00 AM,2018,10,30,10,50.6,138,Unhealthy for Sensitive Groups,46.0,UG/M3,1 Hr,Valid
Tashkent,PM2.5 - Principal,2018-10-30 11:00 AM,2018,10,30,11,49.8,136,Unhealthy for Sensitive Groups,48.0,UG/M3,1 Hr,Valid
Tashkent,PM2.5 - Principal,2018-10-30 12:00 PM,2018,10,30,12,50.7,138,Unhealthy for Sensitive Groups,53.0,UG/M3,1 Hr,Valid
Tashkent,PM2.5 - Principal,2018-10-30 01:00 PM,2018,10,30,13,53.0,144,Unhealthy for Sensitive Groups,58.0,UG/M3,1 Hr,Valid
Tashkent,PM2.5 - Principal,2018-10-30 02:00 PM,2018,10,30,14,59.5,153,Unhealthy,71.0,UG/M3,1 Hr,Valid
Tashkent,PM2.5 - Principal,2018-10-30 03:00 PM,2018,10,30,15,69.1,158,Unhealthy,80.0,UG/M3,1 Hr,Valid
Tashkent,PM2.5 - Principal,2018-10-30 04:00 PM,2018,10,30,16,73.7,160,Unhealthy,80.0,UG/M3,1 Hr,Valid
Tashkent,PM2.5 - Principal,2018-10-30 05:00 PM,2018,10,30,17,67.0,157,Unhealthy,58.0,UG/M3,1 Hr,Valid
Tashkent,PM2.5 - Principal,2018-10-30 06:00 PM,2018,10,30,18,58.9,153,Unhealthy,48.0,UG/M3,1 Hr,Valid
Tashkent,PM2.5 - Principal,2018-10-30 07:00 PM,2018,10,30,19,55.1,149,Unhealthy for Sensitive Groups,50.0,UG/M3,1 Hr,Valid
Tashkent,PM2.5 - Principal,2018-10-30 08:00 PM,2018,10,30,20,55.5,151,Unhealthy,56.0,UG/M3,1 Hr,Valid
Tashkent,PM2.5 - Principal,2018-10-30 09:00 PM,2018,10,30,21,54.0,147,Unhealthy for Sensitive Groups,52.0,UG/M3,1 Hr,Valid
Tashkent,PM2.5 - Principal,2018-10-30 10:00 PM,2018,10,30,22,53.3,145,Unhealthy for Sensitive Groups,52.0,UG/M3,1 Hr,Valid
Tashkent,PM2.5 - Principal,2018-10-30 11:00 PM,2018,10,30,23,53.6,146,Unhealthy for Sensitive Groups,54.0,UG/M3,1 Hr,Valid
Tashkent,PM2.5 - Principal,2018-10-31 12:00 AM,2018,10,31,00,55.3,150,Unhealthy for Sensitive Groups,58.0,UG/M3,1 Hr,Valid
Tashkent,PM2.5 - Principal,2018-10-31 01:00 AM,2018,10,31,01,52.4,143,Unhealthy for Sensitive Groups,48.0,UG/M3,1 Hr,Valid
Tashkent,PM2.5 - Principal,2018-10-31 02:00 AM,2018,10,31,02,51.4,140,Unhealthy for Sensitive Groups,50.0,UG/M3,1 Hr,Valid
Tashkent,PM2.5 - Principal,2018-10-31 03:00 AM,2018,10,31,03,38.4,108,Unhealthy for Sensitive Groups,26.0,UG/M3,1 Hr,Valid
Tashkent,PM2.5 - Principal,2018-10-31 04:00 AM,2018,10,31,04,31.2,91,Moderate,24.0,UG/M3,1 Hr,Valid
Tashkent,PM2.5 - Principal,2018-10-31 05:00 AM,2018,10,31,05,34.1,97,Moderate,37.0,UG/M3,1 Hr,Valid
Tashkent,PM2.5 - Principal,2018-10-31 06:00 AM,2018,10,31,06,31.0,91,Moderate,28.0,UG/M3,1 Hr,Valid
Tashkent,PM2.5 - Principal,2018-10-31 07:00 AM,2018,10,31,07,27.0,82,Moderate,23.0,UG/M3,1 Hr,Valid
Tashkent,PM2.5 - Principal,2018-10-31 08:00 AM,2018,10,31,08,24.0,76,Moderate,21.0,UG/M3,1 Hr,Valid
Tashkent,PM2.5 - Principal,2018-10-31 09:00 AM,2018,10,31,09,26.0,80,Moderate,28.0,UG/M3,1 Hr,Valid
Tashkent,PM2.5 - Principal,2018-10-31 10:00 AM,2018,10,31,10,33.9,97,Moderate,42.0,UG/M3,1 Hr,Valid
Tashkent,PM2.5 - Principal,2018-10-31 11:00 AM,2018,10,31,11,35.9,102,Unhealthy for Sensitive Groups,38.0,UG/M3,1 Hr,Valid
Tashkent,PM2.5 - Principal,2018-10-31 12:00 PM,2018,10,31,12,35.9,102,Unhealthy for Sensitive Groups,36.0,UG/M3,1 Hr,Valid
Tashkent,PM2.5 - Principal,2018-10-31 01:00 PM,2018,10,31,13,33.4,96,Moderate,31.0,UG/M3,1 Hr,Valid
Tashkent,PM2.5 - Principal,2018-10-31 02:00 PM,2018,10,31,14,33.7,96,Moderate,34.0,UG/M3,1 Hr,Valid
Tashkent,PM2.5 - Principal,2018-10-31 03:00 PM,2018,10,31,15,32.3,93,Moderate,31.0,UG/M3,1 Hr,Valid
Tashkent,PM2.5 - Principal,2018-10-31 04:00 PM,2018,10,31,16,31.1,91,Moderate,30.0,UG/M3,1 Hr,Valid
Tashkent,PM2.5 - Principal,2018-10-31 05:00 PM,2018,10,31,17,29.5,88,Moderate,28.0,UG/M3,1 Hr,Valid
Tashkent,PM2.5 - Principal,2018-10-31 06:00 PM,2018,10,31,18,31.2,91,Moderate,33.0,UG/M3,1 Hr,Valid
Tashkent,PM2.5 - Principal,2018-10-31 07:00 PM,2018,10,31,19,37.6,106,Unhealthy for Sensitive Groups,44.0,UG/M3,1 Hr,Valid
Tashkent,PM2.5 - Principal,2018-10-31 08:00 PM,2018,10,31,20,33.4,96,Moderate,29.0,UG/M3,1 Hr,Valid
Tashkent,PM2.5 - Principal,2018-10-31 09:00 PM,2018,10,31,21,32.5,94,Moderate,31.0,UG/M3,1 Hr,Valid
Tashkent,PM2.5 - Principal,2018-10-31 10:00 PM,2018,10,31,22,31.2,91,Moderate,29.0,UG/M3,1 Hr,Valid
Tashkent,PM2.5 - Principal,2018-10-31 11:00 PM,2018,10,31,23,28.3,85,Moderate,25.0,UG/M3,1 Hr,Valid
Tashkent,PM2.5 - Principal,2018-11-01 12:00 AM,2018,11,01,00,26.2,81,Moderate,24.0,UG/M3,1 Hr,Valid
Tashkent,PM2.5 - Principal,2018-11-01 01:00 AM,2018,11,01,01,28.8,86,Moderate,32.0,UG/M3,1 Hr,Valid
Tashkent,PM2.5 - Principal,2018-11-01 02:00 AM,2018,11,01,02,29.8,88,Moderate,31.0,UG/M3,1 Hr,Valid
Tashkent,PM2.5 - Principal,2018-11-01 03:00 AM,2018,11,01,03,29.0,87,Moderate,28.0,UG/M3,1 Hr,Valid
Tashkent,PM2.5 - Principal,2018-11-01 04:00 AM,2018,11,01,04,27.1,83,Moderate,25.0,UG/M3,1 Hr,Valid
Tashkent,PM2.5 - Principal,2018-11-01 05:00 AM,2018,11,01,05,26.6,81,Moderate,26.0,UG/M3,1 Hr,Valid
Tashkent,PM2.5 - Principal,2018-11-01 06:00 AM,2018,11,01,06,31.3,91,Moderate,37.0,UG/M3,1 Hr,Valid
Tashkent,PM2.5 - Principal,2018-11-01 07:00 AM,2018,11,01,07,33.3,96,Moderate,38.0,UG/M3,1 Hr,Valid
Tashkent,PM2.5 - Principal,2018-11-01 08:00 AM,2018,11,01,08,33.6,96,Moderate,34.0,UG/M3,1 Hr,Valid
Tashkent,PM2.5 - Principal,2018-11-01 09:00 AM,2018,11,01,09,35.2,100,Moderate,38.0,UG/M3,1 Hr,Valid
Tashkent,PM2.5 - Principal,2018-11-01 10:00 AM,2018,11,01,10,34.0,97,Moderate,32.0,UG/M3,1 Hr,Valid
Tashkent,PM2.5 - Principal,2018-11-01 11:00 AM,2018,11,01,11,31.0,91,Moderate,26.0,UG/M3,1 Hr,Valid
Tashkent,PM2.5 - Principal,2018-11-01 12:00 PM,2018,11,01,12,29.1,87,Moderate,25.0,UG/M3,1 Hr,Valid
Tashkent,PM2.5 - Principal,2018-11-01 01:00 PM,2018,11,01,13,21.7,71,Moderate,16.0,UG/M3,1 Hr,Valid
Tashkent,PM2.5 - Principal,2018-11-01 02:00 PM,2018,11,01,14,16.3,60,Moderate,11.0,UG/M3,1 Hr,Valid
Tashkent,PM2.5 - Principal,2018-11-01 03:00 PM,2018,11,01,15,12.6,52,Moderate,9.0,UG/M3,1 Hr,Valid
Tashkent,PM2.5 - Principal,2018-11-01 04:00 PM,2018,11,01,16,11.8,49,Good,11.0,UG/M3,1 Hr,Valid
Tashkent,PM2.5 - Principal,2018-11-01 05:00 PM,2018,11,01,17,14.4,56,Moderate,17.0,UG/M3,1 Hr,Valid
Tashkent,PM2.5 - Principal,2018-11-01 06:00 PM,2018,11,01,18,16.7,61,Moderate,19.0,UG/M3,1 Hr,Valid
Tashkent,PM2.5 - Principal,2018-11-01 07:00 PM,2018,11,01,19,17.8,63,Moderate,19.0,UG/M3,1 Hr,Valid
Tashkent,PM2.5 - Principal,2018-11-01 08:00 PM,2018,11,01,20,16.9,61,Moderate,16.0,UG/M3,1 Hr,Valid
Tashkent,PM2.5 - Principal,2018-11-01 09:00 PM,2018,11,01,21,14.4,56,Moderate,12.0,UG/M3,1 Hr,Valid
Tashkent,PM2.5 - Principal,2018-11-01 10:00 PM,2018,11,01,22,14.2,55,Moderate,14.0,UG/M3,1 Hr,Valid
Tashkent,PM2.5 - Principal,2018-11-01 11:00 PM,2018,11,01,23,12.1,51,Moderate,10.0,UG/M3,1 Hr,Valid
Tashkent,PM2.5 - Principal,2018-11-02 12:00 AM,2018,11,02,00,10.5,44,Good,9.0,UG/M3,1 Hr,Valid
Tashkent,PM2.5 - Principal,2018-11-02 01:00 AM,2018,11,02,01,11.2,47,Good,12.0,UG/M3,1 Hr,Valid
Tashkent,PM2.5 - Principal,2018-11-02 02:00 AM,2018,11,02,02,13.1,53,Moderate,15.0,UG/M3,1 Hr,Valid
Tashkent,PM2.5 - Principal,2018-11-02 03:00 AM,2018,11,02,03,13.5,54,Moderate,14.0,UG/M3,1 Hr,Valid
Tashkent,PM2.5 - Principal,2018-11-02 04:00 AM,2018,11,02,04,15.7,59,Moderate,18.0,UG/M3,1 Hr,Valid
Tashkent,PM2.5 - Principal,2018-11-02 05:00 AM,2018,11,02,05,14.8,57,Moderate,14.0,UG/M3,1 Hr,Valid
Tashkent,PM2.5 - Principal,2018-11-02 06:00 AM,2018,11,02,06,12.9,53,Moderate,11.0,UG/M3,1 Hr,Valid
Tashkent,PM2.5 - Principal,2018-11-02 07:00 AM,2018,11,02,07,14.4,56,Moderate,16.0,UG/M3,1 Hr,Valid
Tashkent,PM2.5 - Principal,2018-11-02 08:00 AM,2018,11,02,08,13.2,53,Moderate,12.0,UG/M3,1 Hr,Valid
Tashkent,PM2.5 - Principal,2018-11-02 09:00 AM,2018,11,02,09,12.6,52,Moderate,12.0,UG/M3,1 Hr,Valid
Tashkent,PM2.5 - Principal,2018-11-02 10:00 AM,2018,11,02,10,15.3,58,Moderate,18.0,UG/M3,1 Hr,Valid
Tashkent,PM2.5 - Principal,2018-11-02 11:00 AM,2018,11,02,11,11.6,48,Good,8.0,UG/M3,1 Hr,Valid
Tashkent,PM2.5 - Principal,2018-11-02 12:00 PM,2018,11,02,12,9.3,39,Good,7.0,UG/M3,1 Hr,Valid
Tashkent,PM2.5 - Principal,2018-11-02 01:00 PM,2018,11,02,13,11.1,46,Good,13.0,UG/M3,1 Hr,Valid
Tashkent,PM2.5 - Principal,2018-11-02 02:00 PM,2018,11,02,14,11.5,48,Good,12.0,UG/M3,1 Hr,Valid
Tashkent,PM2.5 - Principal,2018-11-02 03:00 PM,2018,11,02,15,11.7,49,Good,12.0,UG/M3,1 Hr,Valid
Tashkent,PM2.5 - Principal,2018-11-02 04:00 PM,2018,11,02,16,11.8,49,Good,12.0,UG/M3,1 Hr,Valid
Tashkent,PM2.5 - Principal,2018-11-02 05:00 PM,2018,11,02,17,14.4,56,Moderate,17.0,UG/M3,1 Hr,Valid
Tashkent,PM2.5 - Principal,2018-11-02 06:00 PM,2018,11,02,18,15.7,59,Moderate,17.0,UG/M3,1 Hr,Valid
Tashkent,PM2.5 - Principal,2018-11-02 07:00 PM,2018,11,02,19,15.3,58,Moderate,15.0,UG/M3,1 Hr,Valid
Tashkent,PM2.5 - Principal,2018-11-02 08:00 PM,2018,11,02,20,17.1,62,Moderate,19.0,UG/M3,1 Hr,Valid
Tashkent,PM2.5 - Principal,2018-11-02 09:00 PM,2018,11,02,21,18.0,63,Moderate,19.0,UG/M3,1 Hr,Valid
Tashkent,PM2.5 - Principal,2018-11-02 10:00 PM,2018,11,02,22,19.5,67,Moderate,21.0,UG/M3,1 Hr,Valid
Tashkent,PM2.5 - Principal,2018-11-02 11:00 PM,2018,11,02,23,22.2,72,Moderate,25.0,UG/M3,1 Hr,Valid
Tashkent,PM2.5 - Principal,2018-11-03 12:00 AM,2018,11,03,00,25.6,79,Moderate,29.0,UG/M3,1 Hr,Valid
Tashkent,PM2.5 - Principal,2018-11-03 01:00 AM,2018,11,03,01,39.3,110,Unhealthy for Sensitive Groups,53.0,UG/M3,1 Hr,Valid
Tashkent,PM2.5 - Principal,2018-11-03 02:00 AM,2018,11,03,02,72.6,160,Unhealthy,106.0,UG/M3,1 Hr,Valid
Tashkent,PM2.5 - Principal,2018-11-03 03:00 AM,2018,11,03,03,68.8,158,Unhealthy,65.0,UG/M3,1 Hr,Valid
Tashkent,PM2.5 - Principal,2018-11-03 04:00 AM,2018,11,03,04,65.4,156,Unhealthy,62.0,UG/M3,1 Hr,Valid
Tashkent,PM2.5 - Principal,2018-11-03 05:00 AM,2018,11,03,05,65.2,156,Unhealthy,65.0,UG/M3,1 Hr,Valid
Tashkent,PM2.5 - Principal,2018-11-03 06:00 AM,2018,11,03,06,94.6,171,Unhealthy,124.0,UG/M3,1 Hr,Valid
Tashkent,PM2.5 - Principal,2018-11-03 07:00 AM,2018,11,03,07,103.8,176,Unhealthy,113.0,UG/M3,1 Hr,Valid
Tashkent,PM2.5 - Principal,2018-11-03 08:00 AM,2018,11,03,08,103.4,176,Unhealthy,103.0,UG/M3,1 Hr,Valid
Tashkent,PM2.5 - Principal,2018-11-03 09:00 AM,2018,11,03,09,92.2,170,Unhealthy,81.0,UG/M3,1 Hr,Valid
Tashkent,PM2.5 - Principal,2018-11-03 10:00 AM,2018,11,03,10,66.6,157,Unhealthy,41.0,UG/M3,1 Hr,Valid
Tashkent,PM2.5 - Principal,2018-11-03 11:00 AM,2018,11,03,11,57.3,152,Unhealthy,48.0,UG/M3,1 Hr,Valid
Tashkent,PM2.5 - Principal,2018-11-03 12:00 PM,2018,11,03,12,55.6,151,Unhealthy,54.0,UG/M3,1 Hr,Valid
Tashkent,PM2.5 - Principal,2018-11-03 01:00 PM,2018,11,03,13,51.3,140,Unhealthy for Sensitive Groups,47.0,UG/M3,1 Hr,Valid
Tashkent,PM2.5 - Principal,2018-11-03 02:00 PM,2018,11,03,14,49.1,134,Unhealthy for Sensitive Groups,47.0,UG/M3,1 Hr,Valid
Tashkent,PM2.5 - Principal,2018-11-03 03:00 PM,2018,11,03,15,58.0,152,Unhealthy,67.0,UG/M3,1 Hr,Valid
Tashkent,PM2.5 - Principal,2018-11-03 04:00 PM,2018,11,03,16,60.5,154,Unhealthy,63.0,UG/M3,1 Hr,Valid
Tashkent,PM2.5 - Principal,2018-11-03 05:00 PM,2018,11,03,17,59.2,153,Unhealthy,58.0,UG/M3,1 Hr,Valid
Tashkent,PM2.5 - Principal,2018-11-03 06:00 PM,2018,11,03,18,60.1,153,Unhealthy,61.0,UG/M3,1 Hr,Valid
Tashkent,PM2.5 - Principal,2018-11-03 07:00 PM,2018,11,03,19,69.5,158,Unhealthy,79.0,UG/M3,1 Hr,Valid
Tashkent,PM2.5 - Principal,2018-11-03 08:00 PM,2018,11,03,20,82.7,165,Unhealthy,96.0,UG/M3,1 Hr,Valid
Tashkent,PM2.5 - Principal,2018-11-03 09:00 PM,2018,11,03,21,94.8,171,Unhealthy,107.0,UG/M3,1 Hr,Valid
Tashkent,PM2.5 - Principal,2018-11-03 10:00 PM,2018,11,03,22,83.4,165,Unhealthy,72.0,UG/M3,1 Hr,Valid
Tashkent,PM2.5 - Principal,2018-11-03 11:00 PM,2018,11,03,23,78.7,163,Unhealthy,74.0,UG/M3,1 Hr,Valid
Tashkent,PM2.5 - Principal,2018-11-04 12:00 AM,2018,11,04,00,105.3,177,Unhealthy,132.0,UG/M3,1 Hr,Valid
Tashkent,PM2.5 - Principal,2018-11-04 01:00 AM,2018,11,04,01,134.2,192,Unhealthy,163.0,UG/M3,1 Hr,Valid
Tashkent,PM2.5 - Principal,2018-11-04 02:00 AM,2018,11,04,02,138.1,194,Unhealthy,142.0,UG/M3,1 Hr,Valid
Tashkent,PM2.5 - Principal,2018-11-04 03:00 AM,2018,11,04,03,150.5,201,Very Unhealthy,163.0,UG/M3,1 Hr,Valid
Tashkent,PM2.5 - Principal,2018-11-04 04:00 AM,2018,11,04,04,146.2,198,Unhealthy,142.0,UG/M3,1 Hr,Valid
Tashkent,PM2.5 - Principal,2018-11-04 05:00 AM,2018,11,04,05,129.6,189,Unhealthy,113.0,UG/M3,1 Hr,Valid
Tashkent,PM2.5 - Principal,2018-11-04 06:00 AM,2018,11,04,06,109.3,179,Unhealthy,89.0,UG/M3,1 Hr,Valid
Tashkent,PM2.5 - Principal,2018-11-04 07:00 AM,2018,11,04,07,109.1,179,Unhealthy,109.0,UG/M3,1 Hr,Valid
Tashkent,PM2.5 - Principal,2018-11-04 08:00 AM,2018,11,04,08,117.0,183,Unhealthy,125.0,UG/M3,1 Hr,Valid
Tashkent,PM2.5 - Principal,2018-11-04 09:00 AM,2018,11,04,09,136.0,193,Unhealthy,155.0,UG/M3,1 Hr,Valid
Tashkent,PM2.5 - Principal,2018-11-04 10:00 AM,2018,11,04,10,121.0,185,Unhealthy,106.0,UG/M3,1 Hr,Valid
Tashkent,PM2.5 - Principal,2018-11-04 11:00 AM,2018,11,04,11,85.5,166,Unhealthy,50.0,UG/M3,1 Hr,Valid
Tashkent,PM2.5 - Principal,2018-11-04 12:00 PM,2018,11,04,12,69.7,158,Unhealthy,54.0,UG/M3,1 Hr,Valid
Tashkent,PM2.5 - Principal,2018-11-04 01:00 PM,2018,11,04,13,53.8,146,Unhealthy for Sensitive Groups,38.0,UG/M3,1 Hr,Valid
Tashkent,PM2.5 - Principal,2018-11-04 02:00 PM,2018,11,04,14,45.4,125,Unhealthy for Sensitive Groups,37.0,UG/M3,1 Hr,Valid
Tashkent,PM2.5 - Principal,2018-11-04 03:00 PM,2018,11,04,15,34.6,98,Moderate,24.0,UG/M3,1 Hr,Valid
Tashkent,PM2.5 - Principal,2018-11-04 04:00 PM,2018,11,04,16,29.3,87,Moderate,24.0,UG/M3,1 Hr,Valid
Tashkent,PM2.5 - Principal,2018-11-04 05:00 PM,2018,11,04,17,30.1,89,Moderate,31.0,UG/M3,1 Hr,Valid
Tashkent,PM2.5 - Principal,2018-11-04 06:00 PM,2018,11,04,18,34.5,98,Moderate,39.0,UG/M3,1 Hr,Valid
Tashkent,PM2.5 - Principal,2018-11-04 07:00 PM,2018,11,04,19,42.2,117,Unhealthy for Sensitive Groups,50.0,UG/M3,1 Hr,Valid
Tashkent,PM2.5 - Principal,2018-11-04 08:00 PM,2018,11,04,20,64.6,156,Unhealthy,87.0,UG/M3,1 Hr,Valid
Tashkent,PM2.5 - Principal,2018-11-04 09:00 PM,2018,11,04,21,94.3,171,Unhealthy,124.0,UG/M3,1 Hr,Valid
Tashkent,PM2.5 - Principal,2018-11-04 10:00 PM,2018,11,04,22,109.6,179,Unhealthy,125.0,UG/M3,1 Hr,Valid
Tashkent,PM2.5 - Principal,2018-11-04 11:00 PM,2018,11,04,23,124.8,187,Unhealthy,140.0,UG/M3,1 Hr,Valid
Tashkent,PM2.5 - Principal,2018-11-05 12:00 AM,2018,11,05,00,112.9,181,Unhealthy,101.0,UG/M3,1 Hr,Valid
Tashkent,PM2.5 - Principal,2018-11-05 01:00 AM,2018,11,05,01,114.9,182,Unhealthy,117.0,UG/M3,1 Hr,Valid
Tashkent,PM2.5 - Principal,2018-11-05 02:00 AM,2018,11,05,02,116.4,182,Unhealthy,118.0,UG/M3,1 Hr,Valid
Tashkent,PM2.5 - Principal,2018-11-05 03:00 AM,2018,11,05,03,97.7,173,Unhealthy,79.0,UG/M3,1 Hr,Valid
Tashkent,PM2.5 - Principal,2018-11-05 04:00 AM,2018,11,05,04,72.3,160,Unhealthy,47.0,UG/M3,1 Hr,Valid
Tashkent,PM2.5 - Principal,2018-11-05 05:00 AM,2018,11,05,05,53.1,144,Unhealthy for Sensitive Groups,34.0,UG/M3,1 Hr,Valid
Tashkent,PM2.5 - Principal,2018-11-05 06:00 AM,2018,11,05,06,47.0,129,Unhealthy for Sensitive Groups,41.0,UG/M3,1 Hr,Valid
Tashkent,PM2.5 - Principal,2018-11-05 07:00 AM,2018,11,05,07,65.0,156,Unhealthy,83.0,UG/M3,1 Hr,Valid
Tashkent,PM2.5 - Principal,2018-11-05 08:00 AM,2018,11,05,08,77.0,162,Unhealthy,89.0,UG/M3,1 Hr,Valid
Tashkent,PM2.5 - Principal,2018-11-05 09:00 AM,2018,11,05,09,82.5,165,Unhealthy,88.0,UG/M3,1 Hr,Valid
Tashkent,PM2.5 - Principal,2018-11-05 10:00 AM,2018,11,05,10,67.2,157,Unhealthy,52.0,UG/M3,1 Hr,Valid
Tashkent,PM2.5 - Principal,2018-11-05 11:00 AM,2018,11,05,11,53.1,144,Unhealthy for Sensitive Groups,39.0,UG/M3,1 Hr,Valid
Tashkent,PM2.5 - Principal,2018-11-05 12:00 PM,2018,11,05,12,34.0,97,Moderate,15.0,UG/M3,1 Hr,Valid
Tashkent,PM2.5 - Principal,2018-11-05 01:00 PM,2018,11,05,13,21.5,71,Moderate,9.0,UG/M3,1 Hr,Valid
Tashkent,PM2.5 - Principal,2018-11-05 02:00 PM,2018,11,05,14,13.2,53,Moderate,5.0,UG/M3,1 Hr,Valid
Tashkent,PM2.5 - Principal,2018-11-05 03:00 PM,2018,11,05,15,8.6,36,Good,4.0,UG/M3,1 Hr,Valid
Tashkent,PM2.5 - Principal,2018-11-05 04:00 PM,2018,11,05,16,7.3,30,Good,6.0,UG/M3,1 Hr,Valid
Tashkent,PM2.5 - Principal,2018-11-05 05:00 PM,2018,11,05,17,7.6,32,Good,8.0,UG/M3,1 Hr,Valid
Tashkent,PM2.5 - Principal,2018-11-05 06:00 PM,2018,11,05,18,23.8,76,Moderate,40.0,UG/M3,1 Hr,Valid
Tashkent,PM2.5 - Principal,2018-11-05 07:00 PM,2018,11,05,19,35.4,100,Moderate,47.0,UG/M3,1 Hr,Valid
Tashkent,PM2.5 - Principal,2018-11-05 08:00 PM,2018,11,05,20,38.1,107,Unhealthy for Sensitive Groups,41.0,UG/M3,1 Hr,Valid
Tashkent,PM2.5 - Principal,2018-11-05 09:00 PM,2018,11,05,21,41.0,115,Unhealthy for Sensitive Groups,44.0,UG/M3,1 Hr,Valid
Tashkent,PM2.5 - Principal,2018-11-05 10:00 PM,2018,11,05,22,71.0,159,Unhealthy,101.0,UG/M3,1 Hr,Valid
Tashkent,PM2.5 - Principal,2018-11-05 11:00 PM,2018,11,05,23,96.0,172,Unhealthy,121.0,UG/M3,1 Hr,Valid
Tashkent,PM2.5 - Principal,2018-11-06 12:00 AM,2018,11,06,00,96.0,172,Unhealthy,-999.0,UG/M3,1 Hr,Missing
Tashkent,PM2.5 - Principal,2018-11-06 01:00 AM,2018,11,06,01,96.0,172,Unhealthy,-999.0,UG/M3,1 Hr,Missing
Tashkent,PM2.5 - Principal,2018-11-06 02:00 AM,2018,11,06,02,96.0,172,Unhealthy,-999.0,UG/M3,1 Hr,Missing
Tashkent,PM2.5 - Principal,2018-11-06 03:00 AM,2018,11,06,03,96.0,172,Unhealthy,-999.0,UG/M3,1 Hr,Missing
Tashkent,PM2.5 - Principal,2018-11-06 04:00 PM,2018,11,06,16,-999.0,-999,N/A,85.0,UG/M3,1 Hr,Valid
Tashkent,PM2.5 - Principal,2018-11-06 05:00 PM,2018,11,06,17,90.2,169,Unhealthy,95.0,UG/M3,1 Hr,Valid
Tashkent,PM2.5 - Principal,2018-11-06 06:00 PM,2018,11,06,18,109.1,179,Unhealthy,129.0,UG/M3,1 Hr,Valid
Tashkent,PM2.5 - Principal,2018-11-06 07:00 PM,2018,11,06,19,130.6,190,Unhealthy,151.0,UG/M3,1 Hr,Valid
Tashkent,PM2.5 - Principal,2018-11-06 08:00 PM,2018,11,06,20,135.4,192,Unhealthy,141.0,UG/M3,1 Hr,Valid
Tashkent,PM2.5 - Principal,2018-11-06 09:00 PM,2018,11,06,21,143.6,196,Unhealthy,153.0,UG/M3,1 Hr,Valid
Tashkent,PM2.5 - Principal,2018-11-06 10:00 PM,2018,11,06,22,148.3,199,Unhealthy,154.0,UG/M3,1 Hr,Valid
Tashkent,PM2.5 - Principal,2018-11-06 11:00 PM,2018,11,06,23,164.3,215,Very Unhealthy,179.0,UG/M3,1 Hr,Valid
Tashkent,PM2.5 - Principal,2018-11-07 12:00 AM,2018,11,07,00,148.6,199,Unhealthy,133.0,UG/M3,1 Hr,Valid
Tashkent,PM2.5 - Principal,2018-11-07 01:00 AM,2018,11,07,01,131.8,190,Unhealthy,115.0,UG/M3,1 Hr,Valid
Tashkent,PM2.5 - Principal,2018-11-07 02:00 AM,2018,11,07,02,131.9,190,Unhealthy,132.0,UG/M3,1 Hr,Valid
Tashkent,PM2.5 - Principal,2018-11-07 03:00 AM,2018,11,07,03,130.9,190,Unhealthy,130.0,UG/M3,1 Hr,Valid
Tashkent,PM2.5 - Principal,2018-11-07 04:00 AM,2018,11,07,04,131.1,190,Unhealthy,131.0,UG/M3,1 Hr,Valid
Tashkent,PM2.5 - Principal,2018-11-07 05:00 AM,2018,11,07,05,126.6,188,Unhealthy,116.0,UG/M3,1 Hr,Valid
Tashkent,PM2.5 - Principal,2018-11-07 06:00 AM,2018,11,07,06,115.0,182,Unhealthy,102.0,UG/M3,1 Hr,Valid
Tashkent,PM2.5 - Principal,2018-11-07 07:00 AM,2018,11,07,07,98.8,173,Unhealthy,85.0,UG/M3,1 Hr,Valid
Tashkent,PM2.5 - Principal,2018-11-07 08:00 AM,2018,11,07,08,104.4,176,Unhealthy,110.0,UG/M3,1 Hr,Valid
Tashkent,PM2.5 - Principal,2018-11-07 09:00 AM,2018,11,07,09,87.2,167,Unhealthy,70.0,UG/M3,1 Hr,Valid
Tashkent,PM2.5 - Principal,2018-11-07 10:00 AM,2018,11,07,10,74.5,161,Unhealthy,62.0,UG/M3,1 Hr,Valid
Tashkent,PM2.5 - Principal,2018-11-07 11:00 AM,2018,11,07,11,68.7,158,Unhealthy,63.0,UG/M3,1 Hr,Valid
Tashkent,PM2.5 - Principal,2018-11-07 12:00 PM,2018,11,07,12,68.8,158,Unhealthy,69.0,UG/M3,1 Hr,Valid
Tashkent,PM2.5 - Principal,2018-11-07 01:00 PM,2018,11,07,13,75.4,161,Unhealthy,82.0,UG/M3,1 Hr,Valid
Tashkent,PM2.5 - Principal,2018-11-07 02:00 PM,2018,11,07,14,75.7,161,Unhealthy,76.0,UG/M3,1 Hr,Valid
Tashkent,PM2.5 - Principal,2018-11-07 03:00 PM,2018,11,07,15,77.3,162,Unhealthy,79.0,UG/M3,1 Hr,Valid
Tashkent,PM2.5 - Principal,2018-11-07 04:00 PM,2018,11,07,16,82.2,165,Unhealthy,88.0,UG/M3,1 Hr,Valid
Tashkent,PM2.5 - Principal,2018-11-07 05:00 PM,2018,11,07,17,78.8,163,Unhealthy,75.0,UG/M3,1 Hr,Valid
Tashkent,PM2.5 - Principal,2018-11-07 06:00 PM,2018,11,07,18,80.2,164,Unhealthy,82.0,UG/M3,1 Hr,Valid
Tashkent,PM2.5 - Principal,2018-11-07 07:00 PM,2018,11,07,19,72.6,160,Unhealthy,63.0,UG/M3,1 Hr,Valid
Tashkent,PM2.5 - Principal,2018-11-07 08:00 PM,2018,11,07,20,56.3,151,Unhealthy,41.0,UG/M3,1 Hr,Valid
Tashkent,PM2.5 - Principal,2018-11-07 09:00 PM,2018,11,07,21,43.6,121,Unhealthy for Sensitive Groups,31.0,UG/M3,1 Hr,Valid
Tashkent,PM2.5 - Principal,2018-11-07 10:00 PM,2018,11,07,22,40.3,113,Unhealthy for Sensitive Groups,37.0,UG/M3,1 Hr,Valid
Tashkent,PM2.5 - Principal,2018-11-07 11:00 PM,2018,11,07,23,39.1,110,Unhealthy for Sensitive Groups,38.0,UG/M3,1 Hr,Valid
Tashkent,PM2.5 - Principal,2018-11-08 12:00 AM,2018,11,08,00,41.0,115,Unhealthy for Sensitive Groups,43.0,UG/M3,1 Hr,Valid
Tashkent,PM2.5 - Principal,2018-11-08 01:00 AM,2018,11,08,01,33.0,95,Moderate,25.0,UG/M3,1 Hr,Valid
Tashkent,PM2.5 - Principal,2018-11-08 02:00 AM,2018,11,08,02,28.5,85,Moderate,24.0,UG/M3,1 Hr,Valid
Tashkent,PM2.5 - Principal,2018-11-08 03:00 AM,2018,11,08,03,25.7,80,Moderate,23.0,UG/M3,1 Hr,Valid
Tashkent,PM2.5 - Principal,2018-11-08 04:00 AM,2018,11,08,04,27.8,84,Moderate,30.0,UG/M3,1 Hr,Valid
Tashkent,PM2.5 - Principal,2018-11-08 05:00 AM,2018,11,08,05,26.4,81,Moderate,25.0,UG/M3,1 Hr,Valid
Tashkent,PM2.5 - Principal,2018-11-08 06:00 AM,2018,11,08,06,23.2,74,Moderate,20.0,UG/M3,1 Hr,Valid
Tashkent,PM2.5 - Principal,2018-11-08 07:00 AM,2018,11,08,07,26.0,80,Moderate,29.0,UG/M3,1 Hr,Valid
Tashkent,PM2.5 - Principal,2018-11-08 08:00 AM,2018,11,08,08,27.0,82,Moderate,28.0,UG/M3,1 Hr,Valid
Tashkent,PM2.5 - Principal,2018-11-08 09:00 AM,2018,11,08,09,35.0,99,Moderate,43.0,UG/M3,1 Hr,Valid
Tashkent,PM2.5 - Principal,2018-11-08 10:00 AM,2018,11,08,10,37.5,106,Unhealthy for Sensitive Groups,40.0,UG/M3,1 Hr,Valid
Tashkent,PM2.5 - Principal,2018-11-08 11:00 AM,2018,11,08,11,35.2,100,Moderate,33.0,UG/M3,1 Hr,Valid
Tashkent,PM2.5 - Principal,2018-11-08 12:00 PM,2018,11,08,12,31.1,91,Moderate,27.0,UG/M3,1 Hr,Valid
Tashkent,PM2.5 - Principal,2018-11-08 01:00 PM,2018,11,08,13,28.0,84,Moderate,25.0,UG/M3,1 Hr,Valid
Tashkent,PM2.5 - Principal,2018-11-08 02:00 PM,2018,11,08,14,25.5,79,Moderate,23.0,UG/M3,1 Hr,Valid
Tashkent,PM2.5 - Principal,2018-11-08 03:00 PM,2018,11,08,15,26.2,81,Moderate,27.0,UG/M3,1 Hr,Valid
Tashkent,PM2.5 - Principal,2018-11-08 04:00 PM,2018,11,08,16,25.6,79,Moderate,25.0,UG/M3,1 Hr,Valid
Tashkent,PM2.5 - Principal,2018-11-08 05:00 PM,2018,11,08,17,25.8,80,Moderate,26.0,UG/M3,1 Hr,Valid
Tashkent,PM2.5 - Principal,2018-11-08 06:00 PM,2018,11,08,18,27.7,84,Moderate,30.0,UG/M3,1 Hr,Valid
Tashkent,PM2.5 - Principal,2018-11-08 07:00 PM,2018,11,08,19,29.7,88,Moderate,32.0,UG/M3,1 Hr,Valid
Tashkent,PM2.5 - Principal,2018-11-08 08:00 PM,2018,11,08,20,36.5,103,Unhealthy for Sensitive Groups,44.0,UG/M3,1 Hr,Valid
Tashkent,PM2.5 - Principal,2018-11-08 09:00 PM,2018,11,08,21,48.4,133,Unhealthy for Sensitive Groups,60.0,UG/M3,1 Hr,Valid
Tashkent,PM2.5 - Principal,2018-11-08 10:00 PM,2018,11,08,22,100.7,174,Unhealthy,153.0,UG/M3,1 Hr,Valid
Tashkent,PM2.5 - Principal,2018-11-08 11:00 PM,2018,11,08,23,134.8,192,Unhealthy,169.0,UG/M3,1 Hr,Valid
Tashkent,PM2.5 - Principal,2018-11-09 12:00 AM,2018,11,09,00,148.9,199,Unhealthy,163.0,UG/M3,1 Hr,Valid
Tashkent,PM2.5 - Principal,2018-11-09 01:00 AM,2018,11,09,01,152.4,203,Very Unhealthy,156.0,UG/M3,1 Hr,Valid
Tashkent,PM2.5 - Principal,2018-11-09 02:00 AM,2018,11,09,02,152.2,203,Very Unhealthy,152.0,UG/M3,1 Hr,Valid
Tashkent,PM2.5 - Principal,2018-11-09 03:00 AM,2018,11,09,03,126.1,187,Unhealthy,100.0,UG/M3,1 Hr,Valid
Tashkent,PM2.5 - Principal,2018-11-09 04:00 AM,2018,11,09,04,91.0,169,Unhealthy,56.0,UG/M3,1 Hr,Valid
Tashkent,PM2.5 - Principal,2018-11-09 05:00 AM,2018,11,09,05,81.5,164,Unhealthy,72.0,UG/M3,1 Hr,Valid
Tashkent,PM2.5 - Principal,2018-11-09 06:00 AM,2018,11,09,06,73.7,160,Unhealthy,66.0,UG/M3,1 Hr,Valid
Tashkent,PM2.5 - Principal,2018-11-09 07:00 AM,2018,11,09,07,67.8,157,Unhealthy,62.0,UG/M3,1 Hr,Valid
Tashkent,PM2.5 - Principal,2018-11-09 08:00 AM,2018,11,09,08,56.9,152,Unhealthy,46.0,UG/M3,1 Hr,Valid
Tashkent,PM2.5 - Principal,2018-11-09 09:00 AM,2018,11,09,09,40.9,114,Unhealthy for Sensitive Groups,25.0,UG/M3,1 Hr,Valid
Tashkent,PM2.5 - Principal,2018-11-09 10:00 AM,2018,11,09,10,30.4,89,Moderate,20.0,UG/M3,1 Hr,Valid
Tashkent,PM2.5 - Principal,2018-11-09 11:00 AM,2018,11,09,11,25.7,80,Moderate,21.0,UG/M3,1 Hr,Valid
Tashkent,PM2.5 - Principal,2018-11-09 12:00 PM,2018,11,09,12,22.3,72,Moderate,19.0,UG/M3,1 Hr,Valid
Tashkent,PM2.5 - Principal,2018-11-09 01:00 PM,2018,11,09,13,21.1,70,Moderate,20.0,UG/M3,1 Hr,Valid
Tashkent,PM2.5 - Principal,2018-11-09 02:00 PM,2018,11,09,14,19.5,67,Moderate,18.0,UG/M3,1 Hr,Valid
Tashkent,PM2.5 - Principal,2018-11-09 03:00 PM,2018,11,09,15,19.2,66,Moderate,19.0,UG/M3,1 Hr,Valid
Tashkent,PM2.5 - Principal,2018-11-09 04:00 PM,2018,11,09,16,20.6,69,Moderate,22.0,UG/M3,1 Hr,Valid
Tashkent,PM2.5 - Principal,2018-11-09 05:00 PM,2018,11,09,17,23.8,76,Moderate,27.0,UG/M3,1 Hr,Valid
Tashkent,PM2.5 - Principal,2018-11-09 06:00 PM,2018,11,09,18,28.4,85,Moderate,33.0,UG/M3,1 Hr,Valid
Tashkent,PM2.5 - Principal,2018-11-09 07:00 PM,2018,11,09,19,43.7,121,Unhealthy for Sensitive Groups,59.0,UG/M3,1 Hr,Valid
Tashkent,PM2.5 - Principal,2018-11-09 08:00 PM,2018,11,09,20,57.3,152,Unhealthy,71.0,UG/M3,1 Hr,Valid
Tashkent,PM2.5 - Principal,2018-11-09 09:00 PM,2018,11,09,21,62.1,154,Unhealthy,67.0,UG/M3,1 Hr,Valid
Tashkent,PM2.5 - Principal,2018-11-09 10:00 PM,2018,11,09,22,71.0,159,Unhealthy,80.0,UG/M3,1 Hr,Valid
Tashkent,PM2.5 - Principal,2018-11-09 11:00 PM,2018,11,09,23,104.5,176,Unhealthy,138.0,UG/M3,1 Hr,Valid
Tashkent,PM2.5 - Principal,2018-11-10 12:00 AM,2018,11,10,00,112.7,181,Unhealthy,121.0,UG/M3,1 Hr,Valid
Tashkent,PM2.5 - Principal,2018-11-10 01:00 AM,2018,11,10,01,98.4,173,Unhealthy,84.0,UG/M3,1 Hr,Valid
Tashkent,PM2.5 - Principal,2018-11-10 02:00 AM,2018,11,10,02,83.7,166,Unhealthy,69.0,UG/M3,1 Hr,Valid
Tashkent,PM2.5 - Principal,2018-11-10 03:00 AM,2018,11,10,03,65.3,156,Unhealthy,47.0,UG/M3,1 Hr,Valid
Tashkent,PM2.5 - Principal,2018-11-10 04:00 AM,2018,11,10,04,63.1,155,Unhealthy,61.0,UG/M3,1 Hr,Valid
Tashkent,PM2.5 - Principal,2018-11-10 05:00 AM,2018,11,10,05,58.5,153,Unhealthy,54.0,UG/M3,1 Hr,Valid
Tashkent,PM2.5 - Principal,2018-11-10 06:00 AM,2018,11,10,06,53.7,146,Unhealthy for Sensitive Groups,49.0,UG/M3,1 Hr,Valid
Tashkent,PM2.5 - Principal,2018-11-10 07:00 AM,2018,11,10,07,54.3,147,Unhealthy for Sensitive Groups,55.0,UG/M3,1 Hr,Valid
Tashkent,PM2.5 - Principal,2018-11-10 08:00 AM,2018,11,10,08,54.1,147,Unhealthy for Sensitive Groups,54.0,UG/M3,1 Hr,Valid
Tashkent,PM2.5 - Principal,2018-11-10 09:00 AM,2018,11,10,09,52.0,142,Unhealthy for Sensitive Groups,50.0,UG/M3,1 Hr,Valid
Tashkent,PM2.5 - Principal,2018-11-10 10:00 AM,2018,11,10,10,60.5,154,Unhealthy,69.0,UG/M3,1 Hr,Valid
Tashkent,PM2.5 - Principal,2018-11-10 11:00 AM,2018,11,10,11,61.7,154,Unhealthy,63.0,UG/M3,1 Hr,Valid
Tashkent,PM2.5 - Principal,2018-11-10 12:00 PM,2018,11,10,12,60.1,153,Unhealthy,59.0,UG/M3,1 Hr,Valid
Tashkent,PM2.5 - Principal,2018-11-10 01:00 PM,2018,11,10,13,55.4,150,Unhealthy for Sensitive Groups,47.0,UG/M3,1 Hr,Valid
Tashkent,PM2.5 - Principal,2018-11-10 02:00 PM,2018,11,10,14,51.6,141,Unhealthy for Sensitive Groups,45.0,UG/M3,1 Hr,Valid
Tashkent,PM2.5 - Principal,2018-11-10 03:00 PM,2018,11,10,15,48.7,134,Unhealthy for Sensitive Groups,44.0,UG/M3,1 Hr,Valid
Tashkent,PM2.5 - Principal,2018-11-10 04:00 PM,2018,11,10,16,39.8,112,Unhealthy for Sensitive Groups,33.0,UG/M3,1 Hr,Valid
Tashkent,PM2.5 - Principal,2018-11-10 05:00 PM,2018,11,10,17,46.4,128,Unhealthy for Sensitive Groups,53.0,UG/M3,1 Hr,Valid
Tashkent,PM2.5 - Principal,2018-11-10 06:00 PM,2018,11,10,18,53.7,146,Unhealthy for Sensitive Groups,61.0,UG/M3,1 Hr,Valid
Tashkent,PM2.5 - Principal,2018-11-10 07:00 PM,2018,11,10,19,67.8,157,Unhealthy,82.0,UG/M3,1 Hr,Valid
Tashkent,PM2.5 - Principal,2018-11-10 08:00 PM,2018,11,10,20,83.4,165,Unhealthy,99.0,UG/M3,1 Hr,Valid
Tashkent,PM2.5 - Principal,2018-11-10 09:00 PM,2018,11,10,21,95.2,171,Unhealthy,107.0,UG/M3,1 Hr,Valid
Tashkent,PM2.5 - Principal,2018-11-10 10:00 PM,2018,11,10,22,109.6,179,Unhealthy,124.0,UG/M3,1 Hr,Valid
Tashkent,PM2.5 - Principal,2018-11-10 11:00 PM,2018,11,10,23,138.8,194,Unhealthy,168.0,UG/M3,1 Hr,Valid
Tashkent,PM2.5 - Principal,2018-11-11 12:00 AM,2018,11,11,00,146.9,198,Unhealthy,155.0,UG/M3,1 Hr,Valid
Tashkent,PM2.5 - Principal,2018-11-11 01:00 AM,2018,11,11,01,154.4,205,Very Unhealthy,162.0,UG/M3,1 Hr,Valid
Tashkent,PM2.5 - Principal,2018-11-11 02:00 AM,2018,11,11,02,159.2,210,Very Unhealthy,164.0,UG/M3,1 Hr,Valid
Tashkent,PM2.5 - Principal,2018-11-11 03:00 AM,2018,11,11,03,159.1,210,Very Unhealthy,159.0,UG/M3,1 Hr,Valid
Tashkent,PM2.5 - Principal,2018-11-11 04:00 AM,2018,11,11,04,159.5,210,Very Unhealthy,160.0,UG/M3,1 Hr,Valid
Tashkent,PM2.5 - Principal,2018-11-11 05:00 AM,2018,11,11,05,161.3,212,Very Unhealthy,163.0,UG/M3,1 Hr,Valid
Tashkent,PM2.5 - Principal,2018-11-11 06:00 AM,2018,11,11,06,163.1,213,Very Unhealthy,165.0,UG/M3,1 Hr,Valid
Tashkent,PM2.5 - Principal,2018-11-11 07:00 AM,2018,11,11,07,161.0,211,Very Unhealthy,159.0,UG/M3,1 Hr,Valid
Tashkent,PM2.5 - Principal,2018-11-11 08:00 AM,2018,11,11,08,159.1,210,Very Unhealthy,156.0,UG/M3,1 Hr,Valid
Tashkent,PM2.5 - Principal,2018-11-11 09:00 AM,2018,11,11,09,129.4,189,Unhealthy,93.0,UG/M3,1 Hr,Valid
Tashkent,PM2.5 - Principal,2018-11-11 10:00 AM,2018,11,11,10,95.3,172,Unhealthy,65.0,UG/M3,1 Hr,Valid
Tashkent,PM2.5 - Principal,2018-11-11 11:00 AM,2018,11,11,11,67.6,157,Unhealthy,40.0,UG/M3,1 Hr,Valid
Tashkent,PM2.5 - Principal,2018-11-11 12:00 PM,2018,11,11,12,50.3,137,Unhealthy for Sensitive Groups,33.0,UG/M3,1 Hr,Valid
Tashkent,PM2.5 - Principal,2018-11-11 01:00 PM,2018,11,11,13,46.1,127,Unhealthy for Sensitive Groups,42.0,UG/M3,1 Hr,Valid
Tashkent,PM2.5 - Principal,2018-11-11 02:00 PM,2018,11,11,14,46.5,128,Unhealthy for Sensitive Groups,47.0,UG/M3,1 Hr,Valid
Tashkent,PM2.5 - Principal,2018-11-11 03:00 PM,2018,11,11,15,39.2,110,Unhealthy for Sensitive Groups,32.0,UG/M3,1 Hr,Valid
Tashkent,PM2.5 - Principal,2018-11-11 04:00 PM,2018,11,11,16,33.1,95,Moderate,27.0,UG/M3,1 Hr,Valid
Tashkent,PM2.5 - Principal,2018-11-11 05:00 PM,2018,11,11,17,34.0,97,Moderate,35.0,UG/M3,1 Hr,Valid
Tashkent,PM2.5 - Principal,2018-11-11 06:00 PM,2018,11,11,18,38.0,107,Unhealthy for Sensitive Groups,42.0,UG/M3,1 Hr,Valid
Tashkent,PM2.5 - Principal,2018-11-11 07:00 PM,2018,11,11,19,35.4,100,Moderate,33.0,UG/M3,1 Hr,Valid
Tashkent,PM2.5 - Principal,2018-11-11 08:00 PM,2018,11,11,20,34.7,99,Moderate,34.0,UG/M3,1 Hr,Valid
Tashkent,PM2.5 - Principal,2018-11-11 09:00 PM,2018,11,11,21,36.3,103,Unhealthy for Sensitive Groups,38.0,UG/M3,1 Hr,Valid
Tashkent,PM2.5 - Principal,2018-11-11 10:00 PM,2018,11,11,22,30.9,91,Moderate,25.0,UG/M3,1 Hr,Valid
Tashkent,PM2.5 - Principal,2018-11-11 11:00 PM,2018,11,11,23,24.8,78,Moderate,19.0,UG/M3,1 Hr,Valid
Tashkent,PM2.5 - Principal,2018-11-12 12:00 AM,2018,11,12,00,22.9,74,Moderate,21.0,UG/M3,1 Hr,Valid
Tashkent,PM2.5 - Principal,2018-11-12 01:00 AM,2018,11,12,01,26.4,81,Moderate,30.0,UG/M3,1 Hr,Valid
Tashkent,PM2.5 - Principal,2018-11-12 02:00 AM,2018,11,12,02,20.7,69,Moderate,15.0,UG/M3,1 Hr,Valid
Tashkent,PM2.5 - Principal,2018-11-12 03:00 AM,2018,11,12,03,19.3,66,Moderate,18.0,UG/M3,1 Hr,Valid
Tashkent,PM2.5 - Principal,2018-11-12 04:00 AM,2018,11,12,04,20.6,69,Moderate,22.0,UG/M3,1 Hr,Valid
Tashkent,PM2.5 - Principal,2018-11-12 05:00 AM,2018,11,12,05,23.3,75,Moderate,26.0,UG/M3,1 Hr,Valid
Tashkent,PM2.5 - Principal,2018-11-12 06:00 AM,2018,11,12,06,28.1,85,Moderate,33.0,UG/M3,1 Hr,Valid
Tashkent,PM2.5 - Principal,2018-11-12 07:00 AM,2018,11,12,07,24.5,77,Moderate,21.0,UG/M3,1 Hr,Valid
Tashkent,PM2.5 - Principal,2018-11-12 08:00 AM,2018,11,12,08,21.7,71,Moderate,19.0,UG/M3,1 Hr,Valid
Tashkent,PM2.5 - Principal,2018-11-12 09:00 AM,2018,11,12,09,20.8,69,Moderate,20.0,UG/M3,1 Hr,Valid
Tashkent,PM2.5 - Principal,2018-11-12 10:00 AM,2018,11,12,10,21.9,72,Moderate,23.0,UG/M3,1 Hr,Valid
Tashkent,PM2.5 - Principal,2018-11-12 11:00 AM,2018,11,12,11,18.4,64,Moderate,15.0,UG/M3,1 Hr,Valid
Tashkent,PM2.5 - Principal,2018-11-12 12:00 PM,2018,11,12,12,19.2,66,Moderate,20.0,UG/M3,1 Hr,Valid
Tashkent,PM2.5 - Principal,2018-11-12 01:00 PM,2018,11,12,13,15.1,57,Moderate,11.0,UG/M3,1 Hr,Valid
Tashkent,PM2.5 - Principal,2018-11-12 02:00 PM,2018,11,12,14,14.0,55,Moderate,13.0,UG/M3,1 Hr,Valid
Tashkent,PM2.5 - Principal,2018-11-12 03:00 PM,2018,11,12,15,12.5,52,Moderate,11.0,UG/M3,1 Hr,Valid
Tashkent,PM2.5 - Principal,2018-11-12 04:00 PM,2018,11,12,16,12.2,51,Moderate,12.0,UG/M3,1 Hr,Valid
Tashkent,PM2.5 - Principal,2018-11-12 05:00 PM,2018,11,12,17,13.6,54,Moderate,15.0,UG/M3,1 Hr,Valid
Tashkent,PM2.5 - Principal,2018-11-12 06:00 PM,2018,11,12,18,14.8,57,Moderate,16.0,UG/M3,1 Hr,Valid
Tashkent,PM2.5 - Principal,2018-11-12 07:00 PM,2018,11,12,19,14.4,56,Moderate,14.0,UG/M3,1 Hr,Valid
Tashkent,PM2.5 - Principal,2018-11-12 08:00 PM,2018,11,12,20,16.2,60,Moderate,18.0,UG/M3,1 Hr,Valid
Tashkent,PM2.5 - Principal,2018-11-12 09:00 PM,2018,11,12,21,15.6,58,Moderate,15.0,UG/M3,1 Hr,Valid
Tashkent,PM2.5 - Principal,2018-11-12 10:00 PM,2018,11,12,22,20.3,68,Moderate,25.0,UG/M3,1 Hr,Valid
Tashkent,PM2.5 - Principal,2018-11-12 11:00 PM,2018,11,12,23,22.1,72,Moderate,24.0,UG/M3,1 Hr,Valid
Tashkent,PM2.5 - Principal,2018-11-13 12:00 AM,2018,11,13,00,21.0,70,Moderate,20.0,UG/M3,1 Hr,Valid
Tashkent,PM2.5 - Principal,2018-11-13 01:00 AM,2018,11,13,01,21.0,70,Moderate,21.0,UG/M3,1 Hr,Valid
Tashkent,PM2.5 - Principal,2018-11-13 02:00 AM,2018,11,13,02,24.0,76,Moderate,27.0,UG/M3,1 Hr,Valid
Tashkent,PM2.5 - Principal,2018-11-13 03:00 AM,2018,11,13,03,22.0,72,Moderate,20.0,UG/M3,1 Hr,Valid
Tashkent,PM2.5 - Principal,2018-11-13 04:00 AM,2018,11,13,04,27.0,82,Moderate,32.0,UG/M3,1 Hr,Valid
Tashkent,PM2.5 - Principal,2018-11-13 05:00 AM,2018,11,13,05,25.0,78,Moderate,23.0,UG/M3,1 Hr,Valid
Tashkent,PM2.5 - Principal,2018-11-13 06:00 AM,2018,11,13,06,22.5,73,Moderate,20.0,UG/M3,1 Hr,Valid
Tashkent,PM2.5 - Principal,2018-11-13 07:00 AM,2018,11,13,07,20.2,68,Moderate,18.0,UG/M3,1 Hr,Valid
Tashkent,PM2.5 - Principal,2018-11-13 08:00 AM,2018,11,13,08,18.6,65,Moderate,17.0,UG/M3,1 Hr,Valid
Tashkent,PM2.5 - Principal,2018-11-13 09:00 AM,2018,11,13,09,20.3,68,Moderate,22.0,UG/M3,1 Hr,Valid
Tashkent,PM2.5 - Principal,2018-11-13 10:00 AM,2018,11,13,10,23.9,76,Moderate,28.0,UG/M3,1 Hr,Valid
Tashkent,PM2.5 - Principal,2018-11-13 11:00 AM,2018,11,13,11,32.5,94,Moderate,41.0,UG/M3,1 Hr,Valid
Tashkent,PM2.5 - Principal,2018-11-13 12:00 PM,2018,11,13,12,41.7,116,Unhealthy for Sensitive Groups,51.0,UG/M3,1 Hr,Valid
Tashkent,PM2.5 - Principal,2018-11-13 01:00 PM,2018,11,13,13,47.9,132,Unhealthy for Sensitive Groups,54.0,UG/M3,1 Hr,Valid
Tashkent,PM2.5 - Principal,2018-11-13 02:00 PM,2018,11,13,14,53.9,146,Unhealthy for Sensitive Groups,60.0,UG/M3,1 Hr,Valid
Tashkent,PM2.5 - Principal,2018-11-13 03:00 PM,2018,11,13,15,54.9,149,Unhealthy for Sensitive Groups,56.0,UG/M3,1 Hr,Valid
Tashkent,PM2.5 - Principal,2018-11-13 04:00 PM,2018,11,13,16,49.4,135,Unhealthy for Sensitive Groups,44.0,UG/M3,1 Hr,Valid
Tashkent,PM2.5 - Principal,2018-11-13 05:00 PM,2018,11,13,17,49.7,136,Unhealthy for Sensitive Groups,50.0,UG/M3,1 Hr,Valid
Tashkent,PM2.5 - Principal,2018-11-13 06:00 PM,2018,11,13,18,46.3,128,Unhealthy for Sensitive Groups,43.0,UG/M3,1 Hr,Valid
Tashkent,PM2.5 - Principal,2018-11-13 07:00 PM,2018,11,13,19,46.1,127,Unhealthy for Sensitive Groups,46.0,UG/M3,1 Hr,Valid
Tashkent,PM2.5 - Principal,2018-11-13 08:00 PM,2018,11,13,20,46.0,127,Unhealthy for Sensitive Groups,46.0,UG/M3,1 Hr,Valid
Tashkent,PM2.5 - Principal,2018-11-13 09:00 PM,2018,11,13,21,45.0,124,Unhealthy for Sensitive Groups,44.0,UG/M3,1 Hr,Valid
Tashkent,PM2.5 - Principal,2018-11-13 10:00 PM,2018,11,13,22,49.5,135,Unhealthy for Sensitive Groups,57.0,UG/M3,1 Hr,Valid
Tashkent,PM2.5 - Principal,2018-11-13 11:00 PM,2018,11,13,23,79.5,163,Unhealthy,108.0,UG/M3,1 Hr,Valid
Tashkent,PM2.5 - Principal,2018-11-14 12:00 AM,2018,11,14,00,88.2,168,Unhealthy,97.0,UG/M3,1 Hr,Valid
Tashkent,PM2.5 - Principal,2018-11-14 01:00 AM,2018,11,14,01,97.1,172,Unhealthy,106.0,UG/M3,1 Hr,Valid
Tashkent,PM2.5 - Principal,2018-11-14 02:00 AM,2018,11,14,02,97.0,172,Unhealthy,97.0,UG/M3,1 Hr,Valid
Tashkent,PM2.5 - Principal,2018-11-14 03:00 AM,2018,11,14,03,108.0,178,Unhealthy,119.0,UG/M3,1 Hr,Valid
Tashkent,PM2.5 - Principal,2018-11-14 04:00 AM,2018,11,14,04,111.5,180,Unhealthy,115.0,UG/M3,1 Hr,Valid
Tashkent,PM2.5 - Principal,2018-11-14 05:00 AM,2018,11,14,05,94.2,171,Unhealthy,77.0,UG/M3,1 Hr,Valid
Tashkent,PM2.5 - Principal,2018-11-14 06:00 AM,2018,11,14,06,88.1,168,Unhealthy,82.0,UG/M3,1 Hr,Valid
Tashkent,PM2.5 - Principal,2018-11-14 07:00 AM,2018,11,14,07,89.0,168,Unhealthy,90.0,UG/M3,1 Hr,Valid
Tashkent,PM2.5 - Principal,2018-11-14 08:00 AM,2018,11,14,08,86.5,167,Unhealthy,84.0,UG/M3,1 Hr,Valid
Tashkent,PM2.5 - Principal,2018-11-14 09:00 AM,2018,11,14,09,83.7,166,Unhealthy,81.0,UG/M3,1 Hr,Valid
Tashkent,PM2.5 - Principal,2018-11-14 10:00 AM,2018,11,14,10,81.1,164,Unhealthy,74.0,UG/M3,1 Hr,Valid
Tashkent,PM2.5 - Principal,2018-11-14 11:00 AM,2018,11,14,11,77.8,163,Unhealthy,73.0,UG/M3,1 Hr,Valid
Tashkent,PM2.5 - Principal,2018-11-14 12:00 PM,2018,11,14,12,82.1,165,Unhealthy,89.0,UG/M3,1 Hr,Valid
Tashkent,PM2.5 - Principal,2018-11-14 01:00 PM,2018,11,14,13,80.1,164,Unhealthy,77.0,UG/M3,1 Hr,Valid
Tashkent,PM2.5 - Principal,2018-11-14 02:00 PM,2018,11,14,14,79.6,163,Unhealthy,79.0,UG/M3,1 Hr,Valid
Tashkent,PM2.5 - Principal,2018-11-14 03:00 PM,2018,11,14,15,76.3,162,Unhealthy,71.0,UG/M3,1 Hr,Valid
Tashkent,PM2.5 - Principal,2018-11-14 04:00 PM,2018,11,14,16,74.6,161,Unhealthy,67.0,UG/M3,1 Hr,Valid
Tashkent,PM2.5 - Principal,2018-11-14 05:00 PM,2018,11,14,17,72.9,160,Unhealthy,68.0,UG/M3,1 Hr,Valid
Tashkent,PM2.5 - Principal,2018-11-14 06:00 PM,2018,11,14,18,71.5,159,Unhealthy,68.0,UG/M3,1 Hr,Valid
Tashkent,PM2.5 - Principal,2018-11-14 07:00 PM,2018,11,14,19,73.9,161,Unhealthy,81.0,UG/M3,1 Hr,Valid
Tashkent,PM2.5 - Principal,2018-11-14 08:00 PM,2018,11,14,20,68.8,158,Unhealthy,59.0,UG/M3,1 Hr,Valid
Tashkent,PM2.5 - Principal,2018-11-14 09:00 PM,2018,11,14,21,70.8,159,Unhealthy,75.0,UG/M3,1 Hr,Valid
Tashkent,PM2.5 - Principal,2018-11-14 10:00 PM,2018,11,14,22,82.8,165,Unhealthy,100.0,UG/M3,1 Hr,Valid
Tashkent,PM2.5 - Principal,2018-11-14 11:00 PM,2018,11,14,23,88.2,168,Unhealthy,96.0,UG/M3,1 Hr,Valid
Tashkent,PM2.5 - Principal,2018-11-15 12:00 AM,2018,11,15,00,95.4,172,Unhealthy,104.0,UG/M3,1 Hr,Valid
Tashkent,PM2.5 - Principal,2018-11-15 01:00 AM,2018,11,15,01,121.6,185,Unhealthy,146.0,UG/M3,1 Hr,Valid
Tashkent,PM2.5 - Principal,2018-11-15 02:00 AM,2018,11,15,02,138.8,194,Unhealthy,156.0,UG/M3,1 Hr,Valid
Tashkent,PM2.5 - Principal,2018-11-15 03:00 AM,2018,11,15,03,136.4,193,Unhealthy,134.0,UG/M3,1 Hr,Valid
Tashkent,PM2.5 - Principal,2018-11-15 04:00 AM,2018,11,15,04,136.7,193,Unhealthy,137.0,UG/M3,1 Hr,Valid
Tashkent,PM2.5 - Principal,2018-11-15 05:00 AM,2018,11,15,05,144.8,197,Unhealthy,153.0,UG/M3,1 Hr,Valid
Tashkent,PM2.5 - Principal,2018-11-15 06:00 AM,2018,11,15,06,155.9,206,Very Unhealthy,167.0,UG/M3,1 Hr,Valid
Tashkent,PM2.5 - Principal,2018-11-15 07:00 AM,2018,11,15,07,161.4,212,Very Unhealthy,167.0,UG/M3,1 Hr,Valid
Tashkent,PM2.5 - Principal,2018-11-15 08:00 AM,2018,11,15,08,171.2,222,Very Unhealthy,181.0,UG/M3,1 Hr,Valid
Tashkent,PM2.5 - Principal,2018-11-15 09:00 AM,2018,11,15,09,181.0,231,Very Unhealthy,191.0,UG/M3,1 Hr,Valid
Tashkent,PM2.5 - Principal,2018-11-15 10:00 AM,2018,11,15,10,130.5,190,Unhealthy,80.0,UG/M3,1 Hr,Valid
Tashkent,PM2.5 - Principal,2018-11-15 11:00 AM,2018,11,15,11,102.7,175,Unhealthy,75.0,UG/M3,1 Hr,Valid
Tashkent,PM2.5 - Principal,2018-11-15 12:00 PM,2018,11,15,12,91.3,169,Unhealthy,80.0,UG/M3,1 Hr,Valid
Tashkent,PM2.5 - Principal,2018-11-15 01:00 PM,2018,11,15,13,73.6,160,Unhealthy,56.0,UG/M3,1 Hr,Valid
Tashkent,PM2.5 - Principal,2018-11-15 02:00 PM,2018,11,15,14,57.3,152,Unhealthy,41.0,UG/M3,1 Hr,Valid
Tashkent,PM2.5 - Principal,2018-11-15 03:00 PM,2018,11,15,15,38.6,109,Unhealthy for Sensitive Groups,20.0,UG/M3,1 Hr,Valid
Tashkent,PM2.5 - Principal,2018-11-15 04:00 PM,2018,11,15,16,24.8,78,Moderate,11.0,UG/M3,1 Hr,Valid
Tashkent,PM2.5 - Principal,2018-11-15 05:00 PM,2018,11,15,17,18.3,64,Moderate,12.0,UG/M3,1 Hr,Valid
Tashkent,PM2.5 - Principal,2018-11-15 06:00 PM,2018,11,15,18,24.1,76,Moderate,30.0,UG/M3,1 Hr,Valid
Tashkent,PM2.5 - Principal,2018-11-15 07:00 PM,2018,11,15,19,28.5,85,Moderate,33.0,UG/M3,1 Hr,Valid
Tashkent,PM2.5 - Principal,2018-11-15 08:00 PM,2018,11,15,20,34.2,97,Moderate,40.0,UG/M3,1 Hr,Valid
Tashkent,PM2.5 - Principal,2018-11-15 09:00 PM,2018,11,15,21,35.6,101,Unhealthy for Sensitive Groups,37.0,UG/M3,1 Hr,Valid
Tashkent,PM2.5 - Principal,2018-11-15 10:00 PM,2018,11,15,22,54.8,149,Unhealthy for Sensitive Groups,74.0,UG/M3,1 Hr,Valid
Tashkent,PM2.5 - Principal,2018-11-15 11:00 PM,2018,11,15,23,72.9,160,Unhealthy,91.0,UG/M3,1 Hr,Valid
Tashkent,PM2.5 - Principal,2018-11-16 12:00 AM,2018,11,16,00,82.4,165,Unhealthy,92.0,UG/M3,1 Hr,Valid
Tashkent,PM2.5 - Principal,2018-11-16 01:00 AM,2018,11,16,01,86.2,167,Unhealthy,90.0,UG/M3,1 Hr,Valid
Tashkent,PM2.5 - Principal,2018-11-16 02:00 AM,2018,11,16,02,82.6,165,Unhealthy,79.0,UG/M3,1 Hr,Valid
Tashkent,PM2.5 - Principal,2018-11-16 03:00 AM,2018,11,16,03,85.8,167,Unhealthy,89.0,UG/M3,1 Hr,Valid
Tashkent,PM2.5 - Principal,2018-11-16 04:00 AM,2018,11,16,04,95.4,172,Unhealthy,105.0,UG/M3,1 Hr,Valid
Tashkent,PM2.5 - Principal,2018-11-16 05:00 AM,2018,11,16,05,93.7,171,Unhealthy,92.0,UG/M3,1 Hr,Valid
Tashkent,PM2.5 - Principal,2018-11-16 06:00 AM,2018,11,16,06,94.3,171,Unhealthy,95.0,UG/M3,1 Hr,Valid
Tashkent,PM2.5 - Principal,2018-11-16 07:00 AM,2018,11,16,07,82.1,165,Unhealthy,70.0,UG/M3,1 Hr,Valid
Tashkent,PM2.5 - Principal,2018-11-16 08:00 AM,2018,11,16,08,79.0,163,Unhealthy,76.0,UG/M3,1 Hr,Valid
Tashkent,PM2.5 - Principal,2018-11-16 09:00 AM,2018,11,16,09,89.9,169,Unhealthy,105.0,UG/M3,1 Hr,Valid
Tashkent,PM2.5 - Principal,2018-11-16 10:00 AM,2018,11,16,10,86.2,167,Unhealthy,79.0,UG/M3,1 Hr,Valid
Tashkent,PM2.5 - Principal,2018-11-16 11:00 AM,2018,11,16,11,63.2,155,Unhealthy,41.0,UG/M3,1 Hr,Valid
Tashkent,PM2.5 - Principal,2018-11-16 12:00 PM,2018,11,16,12,39.6,111,Unhealthy for Sensitive Groups,16.0,UG/M3,1 Hr,Valid
Tashkent,PM2.5 - Principal,2018-11-16 01:00 PM,2018,11,16,13,25.3,79,Moderate,11.0,UG/M3,1 Hr,Valid
Tashkent,PM2.5 - Principal,2018-11-16 02:00 PM,2018,11,16,14,16.1,59,Moderate,7.0,UG/M3,1 Hr,Valid
Tashkent,PM2.5 - Principal,2018-11-16 03:00 PM,2018,11,16,15,10.5,44,Good,5.0,UG/M3,1 Hr,Valid
Tashkent,PM2.5 - Principal,2018-11-16 04:00 PM,2018,11,16,16,7.7,32,Good,5.0,UG/M3,1 Hr,Valid
Tashkent,PM2.5 - Principal,2018-11-16 05:00 PM,2018,11,16,17,10.8,45,Good,14.0,UG/M3,1 Hr,Valid
Tashkent,PM2.5 - Principal,2018-11-16 06:00 PM,2018,11,16,18,16.4,60,Moderate,22.0,UG/M3,1 Hr,Valid
Tashkent,PM2.5 - Principal,2018-11-16 07:00 PM,2018,11,16,19,29.2,87,Moderate,42.0,UG/M3,1 Hr,Valid
Tashkent,PM2.5 - Principal,2018-11-16 08:00 PM,2018,11,16,20,36.1,102,Unhealthy for Sensitive Groups,43.0,UG/M3,1 Hr,Valid
Tashkent,PM2.5 - Principal,2018-11-16 09:00 PM,2018,11,16,21,58.0,152,Unhealthy,80.0,UG/M3,1 Hr,Valid
Tashkent,PM2.5 - Principal,2018-11-16 10:00 PM,2018,11,16,22,93.0,170,Unhealthy,128.0,UG/M3,1 Hr,Valid
Tashkent,PM2.5 - Principal,2018-11-16 11:00 PM,2018,11,16,23,108.0,178,Unhealthy,123.0,UG/M3,1 Hr,Valid
Tashkent,PM2.5 - Principal,2018-11-17 12:00 AM,2018,11,17,00,108.5,178,Unhealthy,109.0,UG/M3,1 Hr,Valid
Tashkent,PM2.5 - Principal,2018-11-17 01:00 AM,2018,11,17,01,128.2,189,Unhealthy,148.0,UG/M3,1 Hr,Valid
Tashkent,PM2.5 - Principal,2018-11-17 02:00 AM,2018,11,17,02,118.6,184,Unhealthy,109.0,UG/M3,1 Hr,Valid
Tashkent,PM2.5 - Principal,2018-11-17 03:00 AM,2018,11,17,03,102.8,175,Unhealthy,87.0,UG/M3,1 Hr,Valid
Tashkent,PM2.5 - Principal,2018-11-17 04:00 AM,2018,11,17,04,66.9,157,Unhealthy,31.0,UG/M3,1 Hr,Valid
Tashkent,PM2.5 - Principal,2018-11-17 05:00 AM,2018,11,17,05,53.9,146,Unhealthy for Sensitive Groups,41.0,UG/M3,1 Hr,Valid
Tashkent,PM2.5 - Principal,2018-11-17 06:00 AM,2018,11,17,06,43.4,120,Unhealthy for Sensitive Groups,33.0,UG/M3,1 Hr,Valid
Tashkent,PM2.5 - Principal,2018-11-17 07:00 AM,2018,11,17,07,31.7,92,Moderate,20.0,UG/M3,1 Hr,Valid
Tashkent,PM2.5 - Principal,2018-11-17 08:00 AM,2018,11,17,08,23.8,76,Moderate,16.0,UG/M3,1 Hr,Valid
Tashkent,PM2.5 - Principal,2018-11-17 09:00 AM,2018,11,17,09,13.9,55,Moderate,4.0,UG/M3,1 Hr,Valid
Tashkent,PM2.5 - Principal,2018-11-17 10:00 AM,2018,11,17,10,14.4,56,Moderate,15.0,UG/M3,1 Hr,Valid
Tashkent,PM2.5 - Principal,2018-11-17 11:00 AM,2018,11,17,11,13.7,54,Moderate,13.0,UG/M3,1 Hr,Valid
Tashkent,PM2.5 - Principal,2018-11-17 12:00 PM,2018,11,17,12,15.3,58,Moderate,17.0,UG/M3,1 Hr,Valid
Tashkent,PM2.5 - Principal,2018-11-17 01:00 PM,2018,11,17,13,13.6,54,Moderate,12.0,UG/M3,1 Hr,Valid
Tashkent,PM2.5 - Principal,2018-11-17 02:00 PM,2018,11,17,14,12.3,51,Moderate,11.0,UG/M3,1 Hr,Valid
Tashkent,PM2.5 - Principal,2018-11-17 03:00 PM,2018,11,17,15,10.1,42,Good,8.0,UG/M3,1 Hr,Valid
Tashkent,PM2.5 - Principal,2018-11-17 04:00 PM,2018,11,17,16,11.0,46,Good,12.0,UG/M3,1 Hr,Valid
Tashkent,PM2.5 - Principal,2018-11-17 05:00 PM,2018,11,17,17,15.0,57,Moderate,19.0,UG/M3,1 Hr,Valid
Tashkent,PM2.5 - Principal,2018-11-17 06:00 PM,2018,11,17,18,35.0,99,Moderate,55.0,UG/M3,1 Hr,Valid
Tashkent,PM2.5 - Principal,2018-11-17 07:00 PM,2018,11,17,19,57.0,152,Unhealthy,79.0,UG/M3,1 Hr,Valid
Tashkent,PM2.5 - Principal,2018-11-17 08:00 PM,2018,11,17,20,67.5,157,Unhealthy,78.0,UG/M3,1 Hr,Valid
Tashkent,PM2.5 - Principal,2018-11-17 09:00 PM,2018,11,17,21,79.7,163,Unhealthy,92.0,UG/M3,1 Hr,Valid
Tashkent,PM2.5 - Principal,2018-11-17 10:00 PM,2018,11,17,22,93.8,171,Unhealthy,108.0,UG/M3,1 Hr,Valid
Tashkent,PM2.5 - Principal,2018-11-17 11:00 PM,2018,11,17,23,91.9,170,Unhealthy,90.0,UG/M3,1 Hr,Valid
Tashkent,PM2.5 - Principal,2018-11-18 12:00 AM,2018,11,18,00,81.9,165,Unhealthy,72.0,UG/M3,1 Hr,Valid
Tashkent,PM2.5 - Principal,2018-11-18 01:00 AM,2018,11,18,01,83.5,165,Unhealthy,85.0,UG/M3,1 Hr,Valid
Tashkent,PM2.5 - Principal,2018-11-18 02:00 AM,2018,11,18,02,90.7,169,Unhealthy,98.0,UG/M3,1 Hr,Valid
Tashkent,PM2.5 - Principal,2018-11-18 03:00 AM,2018,11,18,03,71.8,159,Unhealthy,53.0,UG/M3,1 Hr,Valid
Tashkent,PM2.5 - Principal,2018-11-18 04:00 AM,2018,11,18,04,70.4,159,Unhealthy,69.0,UG/M3,1 Hr,Valid
Tashkent,PM2.5 - Principal,2018-11-18 05:00 AM,2018,11,18,05,74.2,161,Unhealthy,78.0,UG/M3,1 Hr,Valid
Tashkent,PM2.5 - Principal,2018-11-18 06:00 AM,2018,11,18,06,75.6,161,Unhealthy,77.0,UG/M3,1 Hr,Valid
Tashkent,PM2.5 - Principal,2018-11-18 07:00 AM,2018,11,18,07,76.3,162,Unhealthy,77.0,UG/M3,1 Hr,Valid
Tashkent,PM2.5 - Principal,2018-11-18 08:00 AM,2018,11,18,08,78.1,163,Unhealthy,80.0,UG/M3,1 Hr,Valid
Tashkent,PM2.5 - Principal,2018-11-18 09:00 AM,2018,11,18,09,70.5,159,Unhealthy,63.0,UG/M3,1 Hr,Valid
Tashkent,PM2.5 - Principal,2018-11-18 10:00 AM,2018,11,18,10,57.2,152,Unhealthy,44.0,UG/M3,1 Hr,Valid
Tashkent,PM2.5 - Principal,2018-11-18 11:00 AM,2018,11,18,11,50.1,137,Unhealthy for Sensitive Groups,43.0,UG/M3,1 Hr,Valid
Tashkent,PM2.5 - Principal,2018-11-18 12:00 PM,2018,11,18,12,49.0,134,Unhealthy for Sensitive Groups,48.0,UG/M3,1 Hr,Valid
Tashkent,PM2.5 - Principal,2018-11-18 01:00 PM,2018,11,18,13,50.5,138,Unhealthy for Sensitive Groups,52.0,UG/M3,1 Hr,Valid
Tashkent,PM2.5 - Principal,2018-11-18 02:00 PM,2018,11,18,14,54.1,147,Unhealthy for Sensitive Groups,58.0,UG/M3,1 Hr,Valid
Tashkent,PM2.5 - Principal,2018-11-18 03:00 PM,2018,11,18,15,61.4,154,Unhealthy,70.0,UG/M3,1 Hr,Valid
Tashkent,PM2.5 - Principal,2018-11-18 04:00 PM,2018,11,18,16,62.1,154,Unhealthy,63.0,UG/M3,1 Hr,Valid
Tashkent,PM2.5 - Principal,2018-11-18 05:00 PM,2018,11,18,17,60.7,154,Unhealthy,59.0,UG/M3,1 Hr,Valid
Tashkent,PM2.5 - Principal,2018-11-18 06:00 PM,2018,11,18,18,69.1,158,Unhealthy,79.0,UG/M3,1 Hr,Valid
Tashkent,PM2.5 - Principal,2018-11-18 07:00 PM,2018,11,18,19,97.9,173,Unhealthy,126.0,UG/M3,1 Hr,Valid
Tashkent,PM2.5 - Principal,2018-11-18 08:00 PM,2018,11,18,20,122.9,186,Unhealthy,148.0,UG/M3,1 Hr,Valid
Tashkent,PM2.5 - Principal,2018-11-18 09:00 PM,2018,11,18,21,166.0,216,Very Unhealthy,209.0,UG/M3,1 Hr,Valid
Tashkent,PM2.5 - Principal,2018-11-18 10:00 PM,2018,11,18,22,190.5,241,Very Unhealthy,215.0,UG/M3,1 Hr,Valid
Tashkent,PM2.5 - Principal,2018-11-18 11:00 PM,2018,11,18,23,210.2,260,Very Unhealthy,230.0,UG/M3,1 Hr,Valid
Tashkent,PM2.5 - Principal,2018-11-19 12:00 AM,2018,11,19,00,213.6,264,Very Unhealthy,217.0,UG/M3,1 Hr,Valid
Tashkent,PM2.5 - Principal,2018-11-19 01:00 AM,2018,11,19,01,200.3,250,Very Unhealthy,187.0,UG/M3,1 Hr,Valid
Tashkent,PM2.5 - Principal,2018-11-19 02:00 AM,2018,11,19,02,179.6,230,Very Unhealthy,159.0,UG/M3,1 Hr,Valid
Tashkent,PM2.5 - Principal,2018-11-19 03:00 AM,2018,11,19,03,144.8,197,Unhealthy,110.0,UG/M3,1 Hr,Valid
Tashkent,PM2.5 - Principal,2018-11-19 04:00 AM,2018,11,19,04,101.9,175,Unhealthy,59.0,UG/M3,1 Hr,Valid
Tashkent,PM2.5 - Principal,2018-11-19 05:00 AM,2018,11,19,05,90.9,169,Unhealthy,80.0,UG/M3,1 Hr,Valid
Tashkent,PM2.5 - Principal,2018-11-19 06:00 AM,2018,11,19,06,83.4,165,Unhealthy,76.0,UG/M3,1 Hr,Valid
Tashkent,PM2.5 - Principal,2018-11-19 07:00 AM,2018,11,19,07,77.2,162,Unhealthy,71.0,UG/M3,1 Hr,Valid
Tashkent,PM2.5 - Principal,2018-11-19 08:00 AM,2018,11,19,08,57.1,152,Unhealthy,37.0,UG/M3,1 Hr,Valid
Tashkent,PM2.5 - Principal,2018-11-19 09:00 AM,2018,11,19,09,50.0,137,Unhealthy for Sensitive Groups,43.0,UG/M3,1 Hr,Valid
Tashkent,PM2.5 - Principal,2018-11-19 10:00 AM,2018,11,19,10,40.9,114,Unhealthy for Sensitive Groups,32.0,UG/M3,1 Hr,Valid
Tashkent,PM2.5 - Principal,2018-11-19 11:00 AM,2018,11,19,11,33.4,96,Moderate,26.0,UG/M3,1 Hr,Valid
Tashkent,PM2.5 - Principal,2018-11-19 12:00 PM,2018,11,19,12,22.7,73,Moderate,12.0,UG/M3,1 Hr,Valid
Tashkent,PM2.5 - Principal,2018-11-19 01:00 PM,2018,11,19,13,15.3,58,Moderate,8.0,UG/M3,1 Hr,Valid
Tashkent,PM2.5 - Principal,2018-11-19 02:00 PM,2018,11,19,14,12.6,52,Moderate,10.0,UG/M3,1 Hr,Valid
Tashkent,PM2.5 - Principal,2018-11-19 03:00 PM,2018,11,19,15,13.8,55,Moderate,15.0,UG/M3,1 Hr,Valid
Tashkent,PM2.5 - Principal,2018-11-19 04:00 PM,2018,11,19,16,20.4,68,Moderate,27.0,UG/M3,1 Hr,Valid
Tashkent,PM2.5 - Principal,2018-11-19 05:00 PM,2018,11,19,17,20.6,69,Moderate,21.0,UG/M3,1 Hr,Valid
Tashkent,PM2.5 - Principal,2018-11-19 06:00 PM,2018,11,19,18,43.8,121,Unhealthy for Sensitive Groups,67.0,UG/M3,1 Hr,Valid
Tashkent,PM2.5 - Principal,2018-11-19 07:00 PM,2018,11,19,19,64.4,156,Unhealthy,85.0,UG/M3,1 Hr,Valid
Tashkent,PM2.5 - Principal,2018-11-19 08:00 PM,2018,11,19,20,64.2,155,Unhealthy,64.0,UG/M3,1 Hr,Valid
Tashkent,PM2.5 - Principal,2018-11-19 09:00 PM,2018,11,19,21,97.6,173,Unhealthy,131.0,UG/M3,1 Hr,Valid
Tashkent,PM2.5 - Principal,2018-11-19 10:00 PM,2018,11,19,22,100.3,174,Unhealthy,103.0,UG/M3,1 Hr,Valid
Tashkent,PM2.5 - Principal,2018-11-19 11:00 PM,2018,11,19,23,102.6,175,Unhealthy,105.0,UG/M3,1 Hr,Valid
Tashkent,PM2.5 - Principal,2018-11-20 12:00 AM,2018,11,20,00,113.3,181,Unhealthy,124.0,UG/M3,1 Hr,Valid
Tashkent,PM2.5 - Principal,2018-11-20 01:00 AM,2018,11,20,01,124.6,187,Unhealthy,136.0,UG/M3,1 Hr,Valid
Tashkent,PM2.5 - Principal,2018-11-20 02:00 AM,2018,11,20,02,96.8,172,Unhealthy,69.0,UG/M3,1 Hr,Valid
Tashkent,PM2.5 - Principal,2018-11-20 03:00 AM,2018,11,20,03,54.4,148,Unhealthy for Sensitive Groups,12.0,UG/M3,1 Hr,Valid
Tashkent,PM2.5 - Principal,2018-11-20 04:00 AM,2018,11,20,04,35.2,100,Moderate,16.0,UG/M3,1 Hr,Valid
Tashkent,PM2.5 - Principal,2018-11-20 05:00 AM,2018,11,20,05,24.6,77,Moderate,14.0,UG/M3,1 Hr,Valid
Tashkent,PM2.5 - Principal,2018-11-20 06:00 AM,2018,11,20,06,35.2,100,Moderate,46.0,UG/M3,1 Hr,Valid
Tashkent,PM2.5 - Principal,2018-11-20 07:00 AM,2018,11,20,07,49.6,136,Unhealthy for Sensitive Groups,64.0,UG/M3,1 Hr,Valid
Tashkent,PM2.5 - Principal,2018-11-20 08:00 AM,2018,11,20,08,56.8,152,Unhealthy,64.0,UG/M3,1 Hr,Valid
Tashkent,PM2.5 - Principal,2018-11-20 09:00 AM,2018,11,20,09,59.4,153,Unhealthy,62.0,UG/M3,1 Hr,Valid
Tashkent,PM2.5 - Principal,2018-11-20 10:00 AM,2018,11,20,10,52.6,143,Unhealthy for Sensitive Groups,46.0,UG/M3,1 Hr,Valid
Tashkent,PM2.5 - Principal,2018-11-20 11:00 AM,2018,11,20,11,59.8,153,Unhealthy,67.0,UG/M3,1 Hr,Valid
Tashkent,PM2.5 - Principal,2018-11-20 12:00 PM,2018,11,20,12,64.4,156,Unhealthy,69.0,UG/M3,1 Hr,Valid
Tashkent,PM2.5 - Principal,2018-11-20 01:00 PM,2018,11,20,13,64.1,155,Unhealthy,64.0,UG/M3,1 Hr,Valid
Tashkent,PM2.5 - Principal,2018-11-20 02:00 PM,2018,11,20,14,62.0,154,Unhealthy,60.0,UG/M3,1 Hr,Valid
Tashkent,PM2.5 - Principal,2018-11-20 03:00 PM,2018,11,20,15,67.0,157,Unhealthy,72.0,UG/M3,1 Hr,Valid
Tashkent,PM2.5 - Principal,2018-11-20 04:00 PM,2018,11,20,16,73.0,160,Unhealthy,79.0,UG/M3,1 Hr,Valid
Tashkent,PM2.5 - Principal,2018-11-20 05:00 PM,2018,11,20,17,68.0,157,Unhealthy,63.0,UG/M3,1 Hr,Valid
Tashkent,PM2.5 - Principal,2018-11-20 06:00 PM,2018,11,20,18,59.2,153,Unhealthy,47.0,UG/M3,1 Hr,Valid
Tashkent,PM2.5 - Principal,2018-11-20 07:00 PM,2018,11,20,19,45.2,125,Unhealthy for Sensitive Groups,33.0,UG/M3,1 Hr,Valid
Tashkent,PM2.5 - Principal,2018-11-20 08:00 PM,2018,11,20,20,32.6,94,Moderate,20.0,UG/M3,1 Hr,Valid
Tashkent,PM2.5 - Principal,2018-11-20 09:00 PM,2018,11,20,21,29.8,88,Moderate,27.0,UG/M3,1 Hr,Valid
Tashkent,PM2.5 - Principal,2018-11-20 10:00 PM,2018,11,20,22,55.4,150,Unhealthy for Sensitive Groups,81.0,UG/M3,1 Hr,Valid
Tashkent,PM2.5 - Principal,2018-11-20 11:00 PM,2018,11,20,23,67.2,157,Unhealthy,79.0,UG/M3,1 Hr,Valid
Tashkent,PM2.5 - Principal,2018-11-21 12:00 AM,2018,11,21,00,71.1,159,Unhealthy,75.0,UG/M3,1 Hr,Valid
Tashkent,PM2.5 - Principal,2018-11-21 01:00 AM,2018,11,21,01,105.0,177,Unhealthy,139.0,UG/M3,1 Hr,Valid
Tashkent,PM2.5 - Principal,2018-11-21 02:00 AM,2018,11,21,02,106.0,177,Unhealthy,107.0,UG/M3,1 Hr,Valid
Tashkent,PM2.5 - Principal,2018-11-21 03:00 AM,2018,11,21,03,100.0,174,Unhealthy,94.0,UG/M3,1 Hr,Valid
Tashkent,PM2.5 - Principal,2018-11-21 04:00 AM,2018,11,21,04,95.5,172,Unhealthy,91.0,UG/M3,1 Hr,Valid
Tashkent,PM2.5 - Principal,2018-11-21 05:00 AM,2018,11,21,05,77.2,162,Unhealthy,59.0,UG/M3,1 Hr,Valid
Tashkent,PM2.5 - Principal,2018-11-21 06:00 AM,2018,11,21,06,61.6,154,Unhealthy,46.0,UG/M3,1 Hr,Valid
Tashkent,PM2.5 - Principal,2018-11-21 07:00 AM,2018,11,21,07,54.8,149,Unhealthy for Sensitive Groups,48.0,UG/M3,1 Hr,Valid
Tashkent,PM2.5 - Principal,2018-11-21 08:00 AM,2018,11,21,08,34.9,99,Moderate,15.0,UG/M3,1 Hr,Valid
Tashkent,PM2.5 - Principal,2018-11-21 09:00 AM,2018,11,21,09,23.4,75,Moderate,12.0,UG/M3,1 Hr,Valid
Tashkent,PM2.5 - Principal,2018-11-21 10:00 AM,2018,11,21,10,17.7,63,Moderate,12.0,UG/M3,1 Hr,Valid
Tashkent,PM2.5 - Principal,2018-11-21 11:00 AM,2018,11,21,11,16.8,61,Moderate,16.0,UG/M3,1 Hr,Valid
Tashkent,PM2.5 - Principal,2018-11-21 12:00 PM,2018,11,21,12,18.9,65,Moderate,21.0,UG/M3,1 Hr,Valid
Tashkent,PM2.5 - Principal,2018-11-21 01:00 PM,2018,11,21,13,17.4,62,Moderate,16.0,UG/M3,1 Hr,Valid
Tashkent,PM2.5 - Principal,2018-11-21 02:00 PM,2018,11,21,14,20.7,69,Moderate,24.0,UG/M3,1 Hr,Valid
Tashkent,PM2.5 - Principal,2018-11-21 03:00 PM,2018,11,21,15,22.3,72,Moderate,24.0,UG/M3,1 Hr,Valid
Tashkent,PM2.5 - Principal,2018-11-21 04:00 PM,2018,11,21,16,26.6,81,Moderate,31.0,UG/M3,1 Hr,Valid
Tashkent,PM2.5 - Principal,2018-11-21 05:00 PM,2018,11,21,17,20.8,69,Moderate,15.0,UG/M3,1 Hr,Valid
Tashkent,PM2.5 - Principal,2018-11-21 06:00 PM,2018,11,21,18,21.4,71,Moderate,22.0,UG/M3,1 Hr,Valid
Tashkent,PM2.5 - Principal,2018-11-21 07:00 PM,2018,11,21,19,27.7,84,Moderate,34.0,UG/M3,1 Hr,Valid
Tashkent,PM2.5 - Principal,2018-11-21 08:00 PM,2018,11,21,20,37.8,107,Unhealthy for Sensitive Groups,48.0,UG/M3,1 Hr,Valid
Tashkent,PM2.5 - Principal,2018-11-21 09:00 PM,2018,11,21,21,39.9,112,Unhealthy for Sensitive Groups,42.0,UG/M3,1 Hr,Valid
Tashkent,PM2.5 - Principal,2018-11-21 10:00 PM,2018,11,21,22,37.4,106,Unhealthy for Sensitive Groups,35.0,UG/M3,1 Hr,Valid
Tashkent,PM2.5 - Principal,2018-11-21 11:00 PM,2018,11,21,23,42.2,117,Unhealthy for Sensitive Groups,47.0,UG/M3,1 Hr,Valid
Tashkent,PM2.5 - Principal,2018-11-22 12:00 AM,2018,11,22,00,44.1,122,Unhealthy for Sensitive Groups,46.0,UG/M3,1 Hr,Valid
Tashkent,PM2.5 - Principal,2018-11-22 01:00 AM,2018,11,22,01,41.0,115,Unhealthy for Sensitive Groups,38.0,UG/M3,1 Hr,Valid
Tashkent,PM2.5 - Principal,2018-11-22 02:00 AM,2018,11,22,02,43.5,121,Unhealthy for Sensitive Groups,46.0,UG/M3,1 Hr,Valid
Tashkent,PM2.5 - Principal,2018-11-22 03:00 AM,2018,11,22,03,39.2,110,Unhealthy for Sensitive Groups,35.0,UG/M3,1 Hr,Valid
Tashkent,PM2.5 - Principal,2018-11-22 04:00 AM,2018,11,22,04,33.6,96,Moderate,28.0,UG/M3,1 Hr,Valid
Tashkent,PM2.5 - Principal,2018-11-22 05:00 AM,2018,11,22,05,31.8,92,Moderate,30.0,UG/M3,1 Hr,Valid
Tashkent,PM2.5 - Principal,2018-11-22 06:00 AM,2018,11,22,06,33.3,96,Moderate,34.0,UG/M3,1 Hr,Valid
Tashkent,PM2.5 - Principal,2018-11-22 07:00 AM,2018,11,22,07,30.4,89,Moderate,27.0,UG/M3,1 Hr,Valid
Tashkent,PM2.5 - Principal,2018-11-22 08:00 AM,2018,11,22,08,28.4,85,Moderate,26.0,UG/M3,1 Hr,Valid
Tashkent,PM2.5 - Principal,2018-11-22 09:00 AM,2018,11,22,09,26.7,82,Moderate,25.0,UG/M3,1 Hr,Valid
Tashkent,PM2.5 - Principal,2018-11-22 10:00 AM,2018,11,22,10,29.1,87,Moderate,32.0,UG/M3,1 Hr,Valid
Tashkent,PM2.5 - Principal,2018-11-22 11:00 AM,2018,11,22,11,31.3,91,Moderate,34.0,UG/M3,1 Hr,Valid
Tashkent,PM2.5 - Principal,2018-11-22 12:00 PM,2018,11,22,12,37.5,106,Unhealthy for Sensitive Groups,45.0,UG/M3,1 Hr,Valid
Tashkent,PM2.5 - Principal,2018-11-22 01:00 PM,2018,11,22,13,38.6,109,Unhealthy for Sensitive Groups,40.0,UG/M3,1 Hr,Valid
Tashkent,PM2.5 - Principal,2018-11-22 02:00 PM,2018,11,22,14,38.3,108,Unhealthy for Sensitive Groups,38.0,UG/M3,1 Hr,Valid
Tashkent,PM2.5 - Principal,2018-11-22 03:00 PM,2018,11,22,15,40.8,114,Unhealthy for Sensitive Groups,44.0,UG/M3,1 Hr,Valid
Tashkent,PM2.5 - Principal,2018-11-22 04:00 PM,2018,11,22,16,39.1,110,Unhealthy for Sensitive Groups,37.0,UG/M3,1 Hr,Valid
Tashkent,PM2.5 - Principal,2018-11-22 05:00 PM,2018,11,22,17,40.4,113,Unhealthy for Sensitive Groups,42.0,UG/M3,1 Hr,Valid
Tashkent,PM2.5 - Principal,2018-11-22 06:00 PM,2018,11,22,18,40.6,114,Unhealthy for Sensitive Groups,41.0,UG/M3,1 Hr,Valid
Tashkent,PM2.5 - Principal,2018-11-22 07:00 PM,2018,11,22,19,48.3,133,Unhealthy for Sensitive Groups,56.0,UG/M3,1 Hr,Valid
Tashkent,PM2.5 - Principal,2018-11-22 08:00 PM,2018,11,22,20,47.7,131,Unhealthy for Sensitive Groups,47.0,UG/M3,1 Hr,Valid
Tashkent,PM2.5 - Principal,2018-11-22 09:00 PM,2018,11,22,21,40.6,114,Unhealthy for Sensitive Groups,32.0,UG/M3,1 Hr,Valid
Tashkent,PM2.5 - Principal,2018-11-22 10:00 PM,2018,11,22,22,29.9,88,Moderate,20.0,UG/M3,1 Hr,Valid
Tashkent,PM2.5 - Principal,2018-11-22 11:00 PM,2018,11,22,23,27.4,83,Moderate,25.0,UG/M3,1 Hr,Valid
Tashkent,PM2.5 - Principal,2018-11-23 12:00 AM,2018,11,23,00,26.2,81,Moderate,25.0,UG/M3,1 Hr,Valid
Tashkent,PM2.5 - Principal,2018-11-23 01:00 AM,2018,11,23,01,22.6,73,Moderate,19.0,UG/M3,1 Hr,Valid
Tashkent,PM2.5 - Principal,2018-11-23 02:00 AM,2018,11,23,02,19.8,67,Moderate,17.0,UG/M3,1 Hr,Valid
Tashkent,PM2.5 - Principal,2018-11-23 03:00 AM,2018,11,23,03,19.3,66,Moderate,19.0,UG/M3,1 Hr,Valid
Tashkent,PM2.5 - Principal,2018-11-23 04:00 AM,2018,11,23,04,19.1,66,Moderate,19.0,UG/M3,1 Hr,Valid
Tashkent,PM2.5 - Principal,2018-11-23 05:00 AM,2018,11,23,05,14.0,55,Moderate,9.0,UG/M3,1 Hr,Valid
Tashkent,PM2.5 - Principal,2018-11-23 06:00 AM,2018,11,23,06,10.5,44,Good,7.0,UG/M3,1 Hr,Valid
Tashkent,PM2.5 - Principal,2018-11-23 07:00 AM,2018,11,23,07,8.2,34,Good,6.0,UG/M3,1 Hr,Valid
Tashkent,PM2.5 - Principal,2018-11-23 08:00 AM,2018,11,23,08,10.6,44,Good,13.0,UG/M3,1 Hr,Valid
Tashkent,PM2.5 - Principal,2018-11-23 09:00 AM,2018,11,23,09,13.8,55,Moderate,17.0,UG/M3,1 Hr,Valid
Tashkent,PM2.5 - Principal,2018-11-23 10:00 AM,2018,11,23,10,17.9,63,Moderate,22.0,UG/M3,1 Hr,Valid
Tashkent,PM2.5 - Principal,2018-11-23 11:00 AM,2018,11,23,11,17.4,62,Moderate,17.0,UG/M3,1 Hr,Valid
Tashkent,PM2.5 - Principal,2018-11-23 12:00 PM,2018,11,23,12,22.7,73,Moderate,28.0,UG/M3,1 Hr,Valid
Tashkent,PM2.5 - Principal,2018-11-23 01:00 PM,2018,11,23,13,24.8,78,Moderate,27.0,UG/M3,1 Hr,Valid
Tashkent,PM2.5 - Principal,2018-11-23 02:00 PM,2018,11,23,14,26.9,82,Moderate,29.0,UG/M3,1 Hr,Valid
Tashkent,PM2.5 - Principal,2018-11-23 03:00 PM,2018,11,23,15,27.9,84,Moderate,29.0,UG/M3,1 Hr,Valid
Tashkent,PM2.5 - Principal,2018-11-23 04:00 PM,2018,11,23,16,28.9,86,Moderate,30.0,UG/M3,1 Hr,Valid
Tashkent,PM2.5 - Principal,2018-11-23 05:00 PM,2018,11,23,17,27.4,83,Moderate,26.0,UG/M3,1 Hr,Valid
Tashkent,PM2.5 - Principal,2018-11-23 06:00 PM,2018,11,23,18,26.2,81,Moderate,25.0,UG/M3,1 Hr,Valid
Tashkent,PM2.5 - Principal,2018-11-23 07:00 PM,2018,11,23,19,26.1,80,Moderate,26.0,UG/M3,1 Hr,Valid
Tashkent,PM2.5 - Principal,2018-11-23 08:00 PM,2018,11,23,20,22.2,72,Moderate,17.0,UG/M3,1 Hr,Valid
Tashkent,PM2.5 - Principal,2018-11-23 09:00 PM,2018,11,23,21,24.7,77,Moderate,28.0,UG/M3,1 Hr,Valid
Tashkent,PM2.5 - Principal,2018-11-23 10:00 PM,2018,11,23,22,21.8,71,Moderate,18.0,UG/M3,1 Hr,Valid
Tashkent,PM2.5 - Principal,2018-11-23 11:00 PM,2018,11,23,23,22.7,73,Moderate,24.0,UG/M3,1 Hr,Valid
Tashkent,PM2.5 - Principal,2018-11-24 12:00 AM,2018,11,24,00,24.6,77,Moderate,27.0,UG/M3,1 Hr,Valid
Tashkent,PM2.5 - Principal,2018-11-24 01:00 AM,2018,11,24,01,31.4,92,Moderate,38.0,UG/M3,1 Hr,Valid
Tashkent,PM2.5 - Principal,2018-11-24 02:00 AM,2018,11,24,02,30.2,89,Moderate,29.0,UG/M3,1 Hr,Valid
Tashkent,PM2.5 - Principal,2018-11-24 03:00 AM,2018,11,24,03,29.1,87,Moderate,28.0,UG/M3,1 Hr,Valid
Tashkent,PM2.5 - Principal,2018-11-24 04:00 AM,2018,11,24,04,26.5,81,Moderate,24.0,UG/M3,1 Hr,Valid
Tashkent,PM2.5 - Principal,2018-11-24 05:00 AM,2018,11,24,05,25.2,79,Moderate,24.0,UG/M3,1 Hr,Valid
Tashkent,PM2.5 - Principal,2018-11-24 06:00 AM,2018,11,24,06,29.1,87,Moderate,33.0,UG/M3,1 Hr,Valid
Tashkent,PM2.5 - Principal,2018-11-24 07:00 AM,2018,11,24,07,28.0,84,Moderate,27.0,UG/M3,1 Hr,Valid
Tashkent,PM2.5 - Principal,2018-11-24 08:00 AM,2018,11,24,08,27.5,83,Moderate,27.0,UG/M3,1 Hr,Valid
Tashkent,PM2.5 - Principal,2018-11-24 09:00 AM,2018,11,24,09,33.2,95,Moderate,39.0,UG/M3,1 Hr,Valid
Tashkent,PM2.5 - Principal,2018-11-24 10:00 AM,2018,11,24,10,39.2,110,Unhealthy for Sensitive Groups,46.0,UG/M3,1 Hr,Valid
Tashkent,PM2.5 - Principal,2018-11-24 11:00 AM,2018,11,24,11,55.3,150,Unhealthy for Sensitive Groups,71.0,UG/M3,1 Hr,Valid
Tashkent,PM2.5 - Principal,2018-11-24 12:00 PM,2018,11,24,12,48.6,133,Unhealthy for Sensitive Groups,42.0,UG/M3,1 Hr,Valid
Tashkent,PM2.5 - Principal,2018-11-24 01:00 PM,2018,11,24,13,27.3,83,Moderate,6.0,UG/M3,1 Hr,Valid
Tashkent,PM2.5 - Principal,2018-11-24 02:00 PM,2018,11,24,14,16.6,60,Moderate,6.0,UG/M3,1 Hr,Valid
Tashkent,PM2.5 - Principal,2018-11-24 03:00 PM,2018,11,24,15,12.8,52,Moderate,9.0,UG/M3,1 Hr,Valid
Tashkent,PM2.5 - Principal,2018-11-24 04:00 PM,2018,11,24,16,14.4,56,Moderate,16.0,UG/M3,1 Hr,Valid
Tashkent,PM2.5 - Principal,2018-11-24 05:00 PM,2018,11,24,17,16.2,60,Moderate,18.0,UG/M3,1 Hr,Valid
Tashkent,PM2.5 - Principal,2018-11-24 06:00 PM,2018,11,24,18,14.1,55,Moderate,12.0,UG/M3,1 Hr,Valid
Tashkent,PM2.5 - Principal,2018-11-24 07:00 PM,2018,11,24,19,12.5,52,Moderate,11.0,UG/M3,1 Hr,Valid
Tashkent,PM2.5 - Principal,2018-11-24 08:00 PM,2018,11,24,20,11.2,47,Good,10.0,UG/M3,1 Hr,Valid
Tashkent,PM2.5 - Principal,2018-11-24 09:00 PM,2018,11,24,21,11.1,46,Good,11.0,UG/M3,1 Hr,Valid
Tashkent,PM2.5 - Principal,2018-11-24 10:00 PM,2018,11,24,22,14.0,55,Moderate,17.0,UG/M3,1 Hr,Valid
Tashkent,PM2.5 - Principal,2018-11-24 11:00 PM,2018,11,24,23,14.5,56,Moderate,15.0,UG/M3,1 Hr,Valid
Tashkent,PM2.5 - Principal,2018-11-25 12:00 AM,2018,11,25,00,15.7,59,Moderate,17.0,UG/M3,1 Hr,Valid
Tashkent,PM2.5 - Principal,2018-11-25 01:00 AM,2018,11,25,01,17.3,62,Moderate,19.0,UG/M3,1 Hr,Valid
Tashkent,PM2.5 - Principal,2018-11-25 02:00 AM,2018,11,25,02,16.6,60,Moderate,16.0,UG/M3,1 Hr,Valid
Tashkent,PM2.5 - Principal,2018-11-25 03:00 AM,2018,11,25,03,16.8,61,Moderate,17.0,UG/M3,1 Hr,Valid
Tashkent,PM2.5 - Principal,2018-11-25 04:00 AM,2018,11,25,04,15.9,59,Moderate,15.0,UG/M3,1 Hr,Valid
Tashkent,PM2.5 - Principal,2018-11-25 05:00 AM,2018,11,25,05,17.9,63,Moderate,20.0,UG/M3,1 Hr,Valid
Tashkent,PM2.5 - Principal,2018-11-25 06:00 AM,2018,11,25,06,22.4,73,Moderate,27.0,UG/M3,1 Hr,Valid
Tashkent,PM2.5 - Principal,2018-11-25 07:00 AM,2018,11,25,07,37.2,105,Unhealthy for Sensitive Groups,52.0,UG/M3,1 Hr,Valid
Tashkent,PM2.5 - Principal,2018-11-25 08:00 AM,2018,11,25,08,59.6,153,Unhealthy,82.0,UG/M3,1 Hr,Valid
Tashkent,PM2.5 - Principal,2018-11-25 09:00 AM,2018,11,25,09,54.3,147,Unhealthy for Sensitive Groups,49.0,UG/M3,1 Hr,Valid
Tashkent,PM2.5 - Principal,2018-11-25 10:00 AM,2018,11,25,10,54.3,147,Unhealthy for Sensitive Groups,-999.0,UG/M3,1 Hr,Missing
Tashkent,PM2.5 - Principal,2018-11-25 11:00 AM,2018,11,25,11,54.3,147,Unhealthy for Sensitive Groups,-999.0,UG/M3,1 Hr,Missing
Tashkent,PM2.5 - Principal,2018-11-25 12:00 PM,2018,11,25,12,54.3,147,Unhealthy for Sensitive Groups,-999.0,UG/M3,1 Hr,Missing
Tashkent,PM2.5 - Principal,2018-11-25 01:00 PM,2018,11,25,13,54.3,147,Unhealthy for Sensitive Groups,-999.0,UG/M3,1 Hr,Missing
Tashkent,PM2.5 - Principal,2018-11-26 11:00 AM,2018,11,26,11,-999.0,-999,N/A,30.0,UG/M3,1 Hr,Valid
Tashkent,PM2.5 - Principal,2018-11-26 12:00 PM,2018,11,26,12,32.6,94,Moderate,35.0,UG/M3,1 Hr,Valid
Tashkent,PM2.5 - Principal,2018-11-26 01:00 PM,2018,11,26,13,29.8,88,Moderate,26.0,UG/M3,1 Hr,Valid
Tashkent,PM2.5 - Principal,2018-11-26 02:00 PM,2018,11,26,14,31.4,92,Moderate,34.0,UG/M3,1 Hr,Valid
Tashkent,PM2.5 - Principal,2018-11-26 03:00 PM,2018,11,26,15,31.9,93,Moderate,33.0,UG/M3,1 Hr,Valid
Tashkent,PM2.5 - Principal,2018-11-26 04:00 PM,2018,11,26,16,34.5,98,Moderate,39.0,UG/M3,1 Hr,Valid
Tashkent,PM2.5 - Principal,2018-11-26 05:00 PM,2018,11,26,17,27.9,84,Moderate,20.0,UG/M3,1 Hr,Valid
Tashkent,PM2.5 - Principal,2018-11-26 06:00 PM,2018,11,26,18,32.8,95,Moderate,38.0,UG/M3,1 Hr,Valid
Tashkent,PM2.5 - Principal,2018-11-26 07:00 PM,2018,11,26,19,30.0,89,Moderate,27.0,UG/M3,1 Hr,Valid
Tashkent,PM2.5 - Principal,2018-11-26 08:00 PM,2018,11,26,20,32.4,94,Moderate,35.0,UG/M3,1 Hr,Valid
Tashkent,PM2.5 - Principal,2018-11-26 09:00 PM,2018,11,26,21,30.2,89,Moderate,28.0,UG/M3,1 Hr,Valid
Tashkent,PM2.5 - Principal,2018-11-26 10:00 PM,2018,11,26,22,29.1,87,Moderate,28.0,UG/M3,1 Hr,Valid
Tashkent,PM2.5 - Principal,2018-11-26 11:00 PM,2018,11,26,23,28.5,85,Moderate,28.0,UG/M3,1 Hr,Valid
Tashkent,PM2.5 - Principal,2018-11-27 12:00 AM,2018,11,27,00,30.7,90,Moderate,33.0,UG/M3,1 Hr,Valid
Tashkent,PM2.5 - Principal,2018-11-27 01:00 AM,2018,11,27,01,36.8,104,Unhealthy for Sensitive Groups,43.0,UG/M3,1 Hr,Valid
Tashkent,PM2.5 - Principal,2018-11-27 02:00 AM,2018,11,27,02,43.4,120,Unhealthy for Sensitive Groups,50.0,UG/M3,1 Hr,Valid
Tashkent,PM2.5 - Principal,2018-11-27 03:00 AM,2018,11,27,03,46.2,127,Unhealthy for Sensitive Groups,49.0,UG/M3,1 Hr,Valid
Tashkent,PM2.5 - Principal,2018-11-27 04:00 AM,2018,11,27,04,42.1,117,Unhealthy for Sensitive Groups,38.0,UG/M3,1 Hr,Valid
Tashkent,PM2.5 - Principal,2018-11-27 05:00 AM,2018,11,27,05,31.5,92,Moderate,21.0,UG/M3,1 Hr,Valid
Tashkent,PM2.5 - Principal,2018-11-27 06:00 AM,2018,11,27,06,36.7,104,Unhealthy for Sensitive Groups,42.0,UG/M3,1 Hr,Valid
Tashkent,PM2.5 - Principal,2018-11-27 07:00 AM,2018,11,27,07,41.8,117,Unhealthy for Sensitive Groups,47.0,UG/M3,1 Hr,Valid
Tashkent,PM2.5 - Principal,2018-11-27 08:00 AM,2018,11,27,08,40.4,113,Unhealthy for Sensitive Groups,39.0,UG/M3,1 Hr,Valid
Tashkent,PM2.5 - Principal,2018-11-27 09:00 AM,2018,11,27,09,39.2,110,Unhealthy for Sensitive Groups,38.0,UG/M3,1 Hr,Valid
Tashkent,PM2.5 - Principal,2018-11-27 10:00 AM,2018,11,27,10,41.1,115,Unhealthy for Sensitive Groups,43.0,UG/M3,1 Hr,Valid
Tashkent,PM2.5 - Principal,2018-11-27 11:00 AM,2018,11,27,11,41.0,115,Unhealthy for Sensitive Groups,41.0,UG/M3,1 Hr,Valid
Tashkent,PM2.5 - Principal,2018-11-27 12:00 PM,2018,11,27,12,42.5,118,Unhealthy for Sensitive Groups,44.0,UG/M3,1 Hr,Valid
Tashkent,PM2.5 - Principal,2018-11-27 01:00 PM,2018,11,27,13,46.2,127,Unhealthy for Sensitive Groups,50.0,UG/M3,1 Hr,Valid
Tashkent,PM2.5 - Principal,2018-11-27 02:00 PM,2018,11,27,14,48.1,132,Unhealthy for Sensitive Groups,50.0,UG/M3,1 Hr,Valid
Tashkent,PM2.5 - Principal,2018-11-27 03:00 PM,2018,11,27,15,32.5,94,Moderate,17.0,UG/M3,1 Hr,Valid
Tashkent,PM2.5 - Principal,2018-11-27 04:00 PM,2018,11,27,16,20.2,68,Moderate,8.0,UG/M3,1 Hr,Valid
Tashkent,PM2.5 - Principal,2018-11-27 05:00 PM,2018,11,27,17,13.6,54,Moderate,7.0,UG/M3,1 Hr,Valid
Tashkent,PM2.5 - Principal,2018-11-27 06:00 PM,2018,11,27,18,11.3,47,Good,9.0,UG/M3,1 Hr,Valid
Tashkent,PM2.5 - Principal,2018-11-27 07:00 PM,2018,11,27,19,10.1,42,Good,9.0,UG/M3,1 Hr,Valid
Tashkent,PM2.5 - Principal,2018-11-27 08:00 PM,2018,11,27,20,9.5,40,Good,9.0,UG/M3,1 Hr,Valid
Tashkent,PM2.5 - Principal,2018-11-27 09:00 PM,2018,11,27,21,8.7,36,Good,8.0,UG/M3,1 Hr,Valid
Tashkent,PM2.5 - Principal,2018-11-27 10:00 PM,2018,11,27,22,11.8,49,Good,15.0,UG/M3,1 Hr,Valid
Tashkent,PM2.5 - Principal,2018-11-27 11:00 PM,2018,11,27,23,18.9,65,Moderate,26.0,UG/M3,1 Hr,Valid
Tashkent,PM2.5 - Principal,2018-11-28 12:00 AM,2018,11,28,00,19.4,66,Moderate,20.0,UG/M3,1 Hr,Valid
Tashkent,PM2.5 - Principal,2018-11-28 01:00 AM,2018,11,28,01,19.2,66,Moderate,19.0,UG/M3,1 Hr,Valid
Tashkent,PM2.5 - Principal,2018-11-28 02:00 AM,2018,11,28,02,21.1,70,Moderate,23.0,UG/M3,1 Hr,Valid
Tashkent,PM2.5 - Principal,2018-11-28 03:00 AM,2018,11,28,03,21.0,70,Moderate,21.0,UG/M3,1 Hr,Valid
Tashkent,PM2.5 - Principal,2018-11-28 04:00 AM,2018,11,28,04,28.5,85,Moderate,36.0,UG/M3,1 Hr,Valid
Tashkent,PM2.5 - Principal,2018-11-28 05:00 AM,2018,11,28,05,39.7,111,Unhealthy for Sensitive Groups,51.0,UG/M3,1 Hr,Valid
Tashkent,PM2.5 - Principal,2018-11-28 06:00 AM,2018,11,28,06,37.8,107,Unhealthy for Sensitive Groups,36.0,UG/M3,1 Hr,Valid
Tashkent,PM2.5 - Principal,2018-11-28 07:00 AM,2018,11,28,07,35.4,100,Moderate,33.0,UG/M3,1 Hr,Valid
Tashkent,PM2.5 - Principal,2018-11-28 08:00 AM,2018,11,28,08,36.7,104,Unhealthy for Sensitive Groups,38.0,UG/M3,1 Hr,Valid
Tashkent,PM2.5 - Principal,2018-11-28 09:00 AM,2018,11,28,09,31.8,92,Moderate,27.0,UG/M3,1 Hr,Valid
Tashkent,PM2.5 - Principal,2018-11-28 10:00 AM,2018,11,28,10,43.4,120,Unhealthy for Sensitive Groups,55.0,UG/M3,1 Hr,Valid
Tashkent,PM2.5 - Principal,2018-11-28 11:00 AM,2018,11,28,11,47.2,130,Unhealthy for Sensitive Groups,51.0,UG/M3,1 Hr,Valid
Tashkent,PM2.5 - Principal,2018-11-28 12:00 PM,2018,11,28,12,35.1,99,Moderate,23.0,UG/M3,1 Hr,Valid
Tashkent,PM2.5 - Principal,2018-11-28 01:00 PM,2018,11,28,13,28.0,84,Moderate,21.0,UG/M3,1 Hr,Valid
Tashkent,PM2.5 - Principal,2018-11-28 02:00 PM,2018,11,28,14,21.0,70,Moderate,14.0,UG/M3,1 Hr,Valid
Tashkent,PM2.5 - Principal,2018-11-28 03:00 PM,2018,11,28,15,17.0,61,Moderate,13.0,UG/M3,1 Hr,Valid
Tashkent,PM2.5 - Principal,2018-11-28 04:00 PM,2018,11,28,16,18.0,63,Moderate,19.0,UG/M3,1 Hr,Valid
Tashkent,PM2.5 - Principal,2018-11-28 05:00 PM,2018,11,28,17,17.4,62,Moderate,17.0,UG/M3,1 Hr,Valid
Tashkent,PM2.5 - Principal,2018-11-28 06:00 PM,2018,11,28,18,24.2,76,Moderate,31.0,UG/M3,1 Hr,Valid
Tashkent,PM2.5 - Principal,2018-11-28 07:00 PM,2018,11,28,19,37.1,105,Unhealthy for Sensitive Groups,50.0,UG/M3,1 Hr,Valid
Tashkent,PM2.5 - Principal,2018-11-28 08:00 PM,2018,11,28,20,55.5,151,Unhealthy,74.0,UG/M3,1 Hr,Valid
Tashkent,PM2.5 - Principal,2018-11-28 09:00 PM,2018,11,28,21,61.2,154,Unhealthy,67.0,UG/M3,1 Hr,Valid
Tashkent,PM2.5 - Principal,2018-11-28 10:00 PM,2018,11,28,22,62.6,155,Unhealthy,64.0,UG/M3,1 Hr,Valid
Tashkent,PM2.5 - Principal,2018-11-28 11:00 PM,2018,11,28,23,63.3,155,Unhealthy,64.0,UG/M3,1 Hr,Valid
Tashkent,PM2.5 - Principal,2018-11-29 12:00 AM,2018,11,29,00,61.6,154,Unhealthy,60.0,UG/M3,1 Hr,Valid
Tashkent,PM2.5 - Principal,2018-11-29 01:00 AM,2018,11,29,01,58.3,152,Unhealthy,55.0,UG/M3,1 Hr,Valid
Tashkent,PM2.5 - Principal,2018-11-29 02:00 AM,2018,11,29,02,54.6,148,Unhealthy for Sensitive Groups,51.0,UG/M3,1 Hr,Valid
Tashkent,PM2.5 - Principal,2018-11-29 03:00 AM,2018,11,29,03,53.8,146,Unhealthy for Sensitive Groups,53.0,UG/M3,1 Hr,Valid
Tashkent,PM2.5 - Principal,2018-11-29 04:00 AM,2018,11,29,04,53.9,146,Unhealthy for Sensitive Groups,54.0,UG/M3,1 Hr,Valid
Tashkent,PM2.5 - Principal,2018-11-29 05:00 AM,2018,11,29,05,64.9,156,Unhealthy,76.0,UG/M3,1 Hr,Valid
Tashkent,PM2.5 - Principal,2018-11-29 06:00 AM,2018,11,29,06,71.6,159,Unhealthy,84.0,UG/M3,1 Hr,Valid
Tashkent,PM2.5 - Principal,2018-11-29 07:00 AM,2018,11,29,07,89.7,169,Unhealthy,105.0,UG/M3,1 Hr,Valid
Tashkent,PM2.5 - Principal,2018-11-29 08:00 AM,2018,11,29,08,86.3,167,Unhealthy,83.0,UG/M3,1 Hr,Valid
Tashkent,PM2.5 - Principal,2018-11-29 09:00 AM,2018,11,29,09,77.1,162,Unhealthy,68.0,UG/M3,1 Hr,Valid
Tashkent,PM2.5 - Principal,2018-11-29 10:00 AM,2018,11,29,10,66.5,157,Unhealthy,56.0,UG/M3,1 Hr,Valid
Tashkent,PM2.5 - Principal,2018-11-29 11:00 AM,2018,11,29,11,36.7,104,Unhealthy for Sensitive Groups,7.0,UG/M3,1 Hr,Valid
Tashkent,PM2.5 - Principal,2018-11-29 12:00 PM,2018,11,29,12,26.8,82,Moderate,17.0,UG/M3,1 Hr,Valid
Tashkent,PM2.5 - Principal,2018-11-29 01:00 PM,2018,11,29,13,26.9,82,Moderate,27.0,UG/M3,1 Hr,Valid
Tashkent,PM2.5 - Principal,2018-11-29 02:00 PM,2018,11,29,14,25.9,80,Moderate,25.0,UG/M3,1 Hr,Valid
Tashkent,PM2.5 - Principal,2018-11-29 03:00 PM,2018,11,29,15,21.9,72,Moderate,18.0,UG/M3,1 Hr,Valid
Tashkent,PM2.5 - Principal,2018-11-29 04:00 PM,2018,11,29,16,19.4,66,Moderate,17.0,UG/M3,1 Hr,Valid
Tashkent,PM2.5 - Principal,2018-11-29 05:00 PM,2018,11,29,17,23.2,74,Moderate,27.0,UG/M3,1 Hr,Valid
Tashkent,PM2.5 - Principal,2018-11-29 06:00 PM,2018,11,29,18,35.1,99,Moderate,47.0,UG/M3,1 Hr,Valid
Tashkent,PM2.5 - Principal,2018-11-29 07:00 PM,2018,11,29,19,52.0,142,Unhealthy for Sensitive Groups,69.0,UG/M3,1 Hr,Valid
Tashkent,PM2.5 - Principal,2018-11-29 08:00 PM,2018,11,29,20,71.0,159,Unhealthy,90.0,UG/M3,1 Hr,Valid
Tashkent,PM2.5 - Principal,2018-11-29 09:00 PM,2018,11,29,21,51.0,139,Unhealthy for Sensitive Groups,31.0,UG/M3,1 Hr,Valid
Tashkent,PM2.5 - Principal,2018-11-29 10:00 PM,2018,11,29,22,33.4,96,Moderate,16.0,UG/M3,1 Hr,Valid
Tashkent,PM2.5 - Principal,2018-11-29 11:00 PM,2018,11,29,23,19.7,67,Moderate,6.0,UG/M3,1 Hr,Valid
Tashkent,PM2.5 - Principal,2018-11-30 12:00 AM,2018,11,30,00,17.3,62,Moderate,15.0,UG/M3,1 Hr,Valid
Tashkent,PM2.5 - Principal,2018-11-30 01:00 AM,2018,11,30,01,13.6,54,Moderate,10.0,UG/M3,1 Hr,Valid
Tashkent,PM2.5 - Principal,2018-11-30 02:00 AM,2018,11,30,02,13.3,54,Moderate,13.0,UG/M3,1 Hr,Valid
Tashkent,PM2.5 - Principal,2018-11-30 03:00 AM,2018,11,30,03,12.1,51,Moderate,11.0,UG/M3,1 Hr,Valid
Tashkent,PM2.5 - Principal,2018-11-30 04:00 AM,2018,11,30,04,9.5,40,Good,7.0,UG/M3,1 Hr,Valid
Tashkent,PM2.5 - Principal,2018-11-30 05:00 AM,2018,11,30,05,7.2,30,Good,5.0,UG/M3,1 Hr,Valid
Tashkent,PM2.5 - Principal,2018-11-30 06:00 AM,2018,11,30,06,7.1,30,Good,7.0,UG/M3,1 Hr,Valid
Tashkent,PM2.5 - Principal,2018-11-30 07:00 AM,2018,11,30,07,7.0,29,Good,7.0,UG/M3,1 Hr,Valid
Tashkent,PM2.5 - Principal,2018-11-30 08:00 AM,2018,11,30,08,8.5,35,Good,10.0,UG/M3,1 Hr,Valid
Tashkent,PM2.5 - Principal,2018-11-30 09:00 AM,2018,11,30,09,13.2,53,Moderate,18.0,UG/M3,1 Hr,Valid
Tashkent,PM2.5 - Principal,2018-11-30 10:00 AM,2018,11,30,10,19.6,67,Moderate,26.0,UG/M3,1 Hr,Valid
Tashkent,PM2.5 - Principal,2018-11-30 11:00 AM,2018,11,30,11,28.8,86,Moderate,38.0,UG/M3,1 Hr,Valid
Tashkent,PM2.5 - Principal,2018-11-30 12:00 PM,2018,11,30,12,41.9,117,Unhealthy for Sensitive Groups,55.0,UG/M3,1 Hr,Valid
Tashkent,PM2.5 - Principal,2018-11-30 01:00 PM,2018,11,30,13,54.4,148,Unhealthy for Sensitive Groups,67.0,UG/M3,1 Hr,Valid
Tashkent,PM2.5 - Principal,2018-11-30 02:00 PM,2018,11,30,14,54.2,147,Unhealthy for Sensitive Groups,54.0,UG/M3,1 Hr,Valid
Tashkent,PM2.5 - Principal,2018-11-30 03:00 PM,2018,11,30,15,44.1,122,Unhealthy for Sensitive Groups,34.0,UG/M3,1 Hr,Valid
Tashkent,PM2.5 - Principal,2018-11-30 04:00 PM,2018,11,30,16,34.5,98,Moderate,25.0,UG/M3,1 Hr,Valid
Tashkent,PM2.5 - Principal,2018-11-30 05:00 PM,2018,11,30,17,20.2,68,Moderate,6.0,UG/M3,1 Hr,Valid
Tashkent,PM2.5 - Principal,2018-11-30 06:00 PM,2018,11,30,18,13.6,54,Moderate,7.0,UG/M3,1 Hr,Valid
Tashkent,PM2.5 - Principal,2018-11-30 07:00 PM,2018,11,30,19,10.3,43,Good,7.0,UG/M3,1 Hr,Valid
Tashkent,PM2.5 - Principal,2018-11-30 08:00 PM,2018,11,30,20,8.1,34,Good,6.0,UG/M3,1 Hr,Valid
Tashkent,PM2.5 - Principal,2018-11-30 09:00 PM,2018,11,30,21,7.0,29,Good,6.0,UG/M3,1 Hr,Valid
Tashkent,PM2.5 - Principal,2018-11-30 10:00 PM,2018,11,30,22,6.0,25,Good,5.0,UG/M3,1 Hr,Valid
Tashkent,PM2.5 - Principal,2018-11-30 11:00 PM,2018,11,30,23,5.5,23,Good,5.0,UG/M3,1 Hr,Valid
Tashkent,PM2.5 - Principal,2018-12-01 12:00 AM,2018,12,01,00,5.2,22,Good,5.0,UG/M3,1 Hr,Valid
Tashkent,PM2.5 - Principal,2018-12-01 01:00 AM,2018,12,01,01,8.1,34,Good,11.0,UG/M3,1 Hr,Valid
Tashkent,PM2.5 - Principal,2018-12-01 02:00 AM,2018,12,01,02,8.0,33,Good,8.0,UG/M3,1 Hr,Valid
Tashkent,PM2.5 - Principal,2018-12-01 03:00 AM,2018,12,01,03,7.5,31,Good,7.0,UG/M3,1 Hr,Valid
Tashkent,PM2.5 - Principal,2018-12-01 04:00 AM,2018,12,01,04,8.7,36,Good,10.0,UG/M3,1 Hr,Valid
Tashkent,PM2.5 - Principal,2018-12-01 05:00 AM,2018,12,01,05,12.3,51,Moderate,16.0,UG/M3,1 Hr,Valid
Tashkent,PM2.5 - Principal,2018-12-01 06:00 AM,2018,12,01,06,14.6,56,Moderate,17.0,UG/M3,1 Hr,Valid
Tashkent,PM2.5 - Principal,2018-12-01 07:00 AM,2018,12,01,07,17.3,62,Moderate,20.0,UG/M3,1 Hr,Valid
Tashkent,PM2.5 - Principal,2018-12-01 08:00 AM,2018,12,01,08,22.1,72,Moderate,27.0,UG/M3,1 Hr,Valid
Tashkent,PM2.5 - Principal,2018-12-01 09:00 AM,2018,12,01,09,24.0,76,Moderate,26.0,UG/M3,1 Hr,Valid
Tashkent,PM2.5 - Principal,2018-12-01 10:00 AM,2018,12,01,10,29.0,87,Moderate,34.0,UG/M3,1 Hr,Valid
Tashkent,PM2.5 - Principal,2018-12-01 11:00 AM,2018,12,01,11,28.5,85,Moderate,28.0,UG/M3,1 Hr,Valid
Tashkent,PM2.5 - Principal,2018-12-01 12:00 PM,2018,12,01,12,28.7,86,Moderate,29.0,UG/M3,1 Hr,Valid
Tashkent,PM2.5 - Principal,2018-12-01 01:00 PM,2018,12,01,13,23.8,76,Moderate,19.0,UG/M3,1 Hr,Valid
Tashkent,PM2.5 - Principal,2018-12-01 02:00 PM,2018,12,01,14,22.9,74,Moderate,22.0,UG/M3,1 Hr,Valid
Tashkent,PM2.5 - Principal,2018-12-01 03:00 PM,2018,12,01,15,23.4,75,Moderate,24.0,UG/M3,1 Hr,Valid
Tashkent,PM2.5 - Principal,2018-12-01 04:00 PM,2018,12,01,16,23.2,74,Moderate,23.0,UG/M3,1 Hr,Valid
Tashkent,PM2.5 - Principal,2018-12-01 05:00 PM,2018,12,01,17,22.6,73,Moderate,22.0,UG/M3,1 Hr,Valid
Tashkent,PM2.5 - Principal,2018-12-01 06:00 PM,2018,12,01,18,23.7,75,Moderate,25.0,UG/M3,1 Hr,Valid
Tashkent,PM2.5 - Principal,2018-12-01 07:00 PM,2018,12,01,19,23.8,76,Moderate,24.0,UG/M3,1 Hr,Valid
Tashkent,PM2.5 - Principal,2018-12-01 08:00 PM,2018,12,01,20,25.6,79,Moderate,28.0,UG/M3,1 Hr,Valid
Tashkent,PM2.5 - Principal,2018-12-01 09:00 PM,2018,12,01,21,27.5,83,Moderate,30.0,UG/M3,1 Hr,Valid
Tashkent,PM2.5 - Principal,2018-12-01 10:00 PM,2018,12,01,22,41.4,116,Unhealthy for Sensitive Groups,55.0,UG/M3,1 Hr,Valid
Tashkent,PM2.5 - Principal,2018-12-01 11:00 PM,2018,12,01,23,57.7,152,Unhealthy,74.0,UG/M3,1 Hr,Valid
Tashkent,PM2.5 - Principal,2018-12-02 12:00 AM,2018,12,02,00,73.8,160,Unhealthy,90.0,UG/M3,1 Hr,Valid
Tashkent,PM2.5 - Principal,2018-12-02 01:00 AM,2018,12,02,01,91.4,170,Unhealthy,109.0,UG/M3,1 Hr,Valid
Tashkent,PM2.5 - Principal,2018-12-02 02:00 AM,2018,12,02,02,104.7,176,Unhealthy,118.0,UG/M3,1 Hr,Valid
Tashkent,PM2.5 - Principal,2018-12-02 03:00 AM,2018,12,02,03,108.8,179,Unhealthy,113.0,UG/M3,1 Hr,Valid
Tashkent,PM2.5 - Principal,2018-12-02 04:00 AM,2018,12,02,04,107.4,178,Unhealthy,106.0,UG/M3,1 Hr,Valid
Tashkent,PM2.5 - Principal,2018-12-02 05:00 AM,2018,12,02,05,97.2,173,Unhealthy,87.0,UG/M3,1 Hr,Valid
Tashkent,PM2.5 - Principal,2018-12-02 06:00 AM,2018,12,02,06,101.6,175,Unhealthy,106.0,UG/M3,1 Hr,Valid
Tashkent,PM2.5 - Principal,2018-12-02 07:00 AM,2018,12,02,07,125.8,187,Unhealthy,150.0,UG/M3,1 Hr,Valid
Tashkent,PM2.5 - Principal,2018-12-02 08:00 AM,2018,12,02,08,122.9,186,Unhealthy,120.0,UG/M3,1 Hr,Valid
Tashkent,PM2.5 - Principal,2018-12-02 09:00 AM,2018,12,02,09,112.9,181,Unhealthy,103.0,UG/M3,1 Hr,Valid
Tashkent,PM2.5 - Principal,2018-12-02 10:00 AM,2018,12,02,10,114.4,181,Unhealthy,116.0,UG/M3,1 Hr,Valid
Tashkent,PM2.5 - Principal,2018-12-02 11:00 AM,2018,12,02,11,103.8,176,Unhealthy,89.0,UG/M3,1 Hr,Valid
Tashkent,PM2.5 - Principal,2018-12-02 12:00 PM,2018,12,02,12,96.7,172,Unhealthy,87.0,UG/M3,1 Hr,Valid
Tashkent,PM2.5 - Principal,2018-12-02 01:00 PM,2018,12,02,13,101.4,175,Unhealthy,108.0,UG/M3,1 Hr,Valid
Tashkent,PM2.5 - Principal,2018-12-02 02:00 PM,2018,12,02,14,106.3,177,Unhealthy,113.0,UG/M3,1 Hr,Valid
Tashkent,PM2.5 - Principal,2018-12-02 03:00 PM,2018,12,02,15,102.3,175,Unhealthy,97.0,UG/M3,1 Hr,Valid
Tashkent,PM2.5 - Principal,2018-12-02 04:00 PM,2018,12,02,16,80.5,164,Unhealthy,59.0,UG/M3,1 Hr,Valid
Tashkent,PM2.5 - Principal,2018-12-02 05:00 PM,2018,12,02,17,73.7,160,Unhealthy,67.0,UG/M3,1 Hr,Valid
Tashkent,PM2.5 - Principal,2018-12-02 06:00 PM,2018,12,02,18,67.8,157,Unhealthy,62.0,UG/M3,1 Hr,Valid
Tashkent,PM2.5 - Principal,2018-12-02 07:00 PM,2018,12,02,19,73.9,161,Unhealthy,80.0,UG/M3,1 Hr,Valid
Tashkent,PM2.5 - Principal,2018-12-02 08:00 PM,2018,12,02,20,70.5,159,Unhealthy,67.0,UG/M3,1 Hr,Valid
Tashkent,PM2.5 - Principal,2018-12-02 09:00 PM,2018,12,02,21,69.7,158,Unhealthy,69.0,UG/M3,1 Hr,Valid
Tashkent,PM2.5 - Principal,2018-12-02 10:00 PM,2018,12,02,22,91.1,169,Unhealthy,114.0,UG/M3,1 Hr,Valid
Tashkent,PM2.5 - Principal,2018-12-02 11:00 PM,2018,12,02,23,119.9,184,Unhealthy,148.0,UG/M3,1 Hr,Valid
Tashkent,PM2.5 - Principal,2018-12-03 12:00 AM,2018,12,03,00,136.4,193,Unhealthy,153.0,UG/M3,1 Hr,Valid
Tashkent,PM2.5 - Principal,2018-12-03 01:00 AM,2018,12,03,01,145.7,198,Unhealthy,155.0,UG/M3,1 Hr,Valid
Tashkent,PM2.5 - Principal,2018-12-03 02:00 AM,2018,12,03,02,178.3,229,Very Unhealthy,211.0,UG/M3,1 Hr,Valid
Tashkent,PM2.5 - Principal,2018-12-03 03:00 AM,2018,12,03,03,208.2,258,Very Unhealthy,238.0,UG/M3,1 Hr,Valid
Tashkent,PM2.5 - Principal,2018-12-03 04:00 AM,2018,12,03,04,210.1,260,Very Unhealthy,212.0,UG/M3,1 Hr,Valid
Tashkent,PM2.5 - Principal,2018-12-03 05:00 AM,2018,12,03,05,190.5,241,Very Unhealthy,171.0,UG/M3,1 Hr,Valid
Tashkent,PM2.5 - Principal,2018-12-03 06:00 AM,2018,12,03,06,174.7,225,Very Unhealthy,159.0,UG/M3,1 Hr,Valid
Tashkent,PM2.5 - Principal,2018-12-03 07:00 AM,2018,12,03,07,163.9,214,Very Unhealthy,153.0,UG/M3,1 Hr,Valid
Tashkent,PM2.5 - Principal,2018-12-03 08:00 AM,2018,12,03,08,165.4,216,Very Unhealthy,167.0,UG/M3,1 Hr,Valid
Tashkent,PM2.5 - Principal,2018-12-03 09:00 AM,2018,12,03,09,157.7,208,Very Unhealthy,150.0,UG/M3,1 Hr,Valid
Tashkent,PM2.5 - Principal,2018-12-03 10:00 AM,2018,12,03,10,117.8,183,Unhealthy,78.0,UG/M3,1 Hr,Valid
Tashkent,PM2.5 - Principal,2018-12-03 11:00 AM,2018,12,03,11,80.9,164,Unhealthy,44.0,UG/M3,1 Hr,Valid
Tashkent,PM2.5 - Principal,2018-12-03 12:00 PM,2018,12,03,12,58.9,153,Unhealthy,37.0,UG/M3,1 Hr,Valid
Tashkent,PM2.5 - Principal,2018-12-03 01:00 PM,2018,12,03,13,72.9,160,Unhealthy,87.0,UG/M3,1 Hr,Valid
Tashkent,PM2.5 - Principal,2018-12-03 02:00 PM,2018,12,03,14,84.9,166,Unhealthy,97.0,UG/M3,1 Hr,Valid
Tashkent,PM2.5 - Principal,2018-12-03 03:00 PM,2018,12,03,15,85.4,166,Unhealthy,86.0,UG/M3,1 Hr,Valid
Tashkent,PM2.5 - Principal,2018-12-03 04:00 PM,2018,12,03,16,84.7,166,Unhealthy,84.0,UG/M3,1 Hr,Valid
Tashkent,PM2.5 - Principal,2018-12-03 05:00 PM,2018,12,03,17,86.3,167,Unhealthy,88.0,UG/M3,1 Hr,Valid
Tashkent,PM2.5 - Principal,2018-12-03 06:00 PM,2018,12,03,18,92.1,170,Unhealthy,98.0,UG/M3,1 Hr,Valid
Tashkent,PM2.5 - Principal,2018-12-03 07:00 PM,2018,12,03,19,116.0,182,Unhealthy,140.0,UG/M3,1 Hr,Valid
Tashkent,PM2.5 - Principal,2018-12-03 08:00 PM,2018,12,03,20,138.5,194,Unhealthy,161.0,UG/M3,1 Hr,Valid
Tashkent,PM2.5 - Principal,2018-12-03 09:00 PM,2018,12,03,21,169.2,220,Very Unhealthy,200.0,UG/M3,1 Hr,Valid
Tashkent,PM2.5 - Principal,2018-12-03 10:00 PM,2018,12,03,22,191.6,242,Very Unhealthy,214.0,UG/M3,1 Hr,Valid
Tashkent,PM2.5 - Principal,2018-12-03 11:00 PM,2018,12,03,23,195.3,245,Very Unhealthy,199.0,UG/M3,1 Hr,Valid
Tashkent,PM2.5 - Principal,2018-12-04 12:00 AM,2018,12,04,00,176.6,227,Very Unhealthy,158.0,UG/M3,1 Hr,Valid
Tashkent,PM2.5 - Principal,2018-12-04 01:00 AM,2018,12,04,01,155.8,206,Very Unhealthy,135.0,UG/M3,1 Hr,Valid
Tashkent,PM2.5 - Principal,2018-12-04 02:00 AM,2018,12,04,02,123.9,186,Unhealthy,92.0,UG/M3,1 Hr,Valid
Tashkent,PM2.5 - Principal,2018-12-04 03:00 AM,2018,12,04,03,113.9,181,Unhealthy,104.0,UG/M3,1 Hr,Valid
Tashkent,PM2.5 - Principal,2018-12-04 04:00 AM,2018,12,04,04,141.4,195,Unhealthy,169.0,UG/M3,1 Hr,Valid
Tashkent,PM2.5 - Principal,2018-12-04 05:00 AM,2018,12,04,05,152.7,203,Very Unhealthy,164.0,UG/M3,1 Hr,Valid
Tashkent,PM2.5 - Principal,2018-12-04 06:00 AM,2018,12,04,06,158.3,209,Very Unhealthy,164.0,UG/M3,1 Hr,Valid
Tashkent,PM2.5 - Principal,2018-12-04 07:00 AM,2018,12,04,07,169.1,219,Very Unhealthy,180.0,UG/M3,1 Hr,Valid
Tashkent,PM2.5 - Principal,2018-12-04 08:00 AM,2018,12,04,08,182.6,233,Very Unhealthy,196.0,UG/M3,1 Hr,Valid
Tashkent,PM2.5 - Principal,2018-12-04 09:00 AM,2018,12,04,09,167.7,218,Very Unhealthy,153.0,UG/M3,1 Hr,Valid
Tashkent,PM2.5 - Principal,2018-12-04 10:00 AM,2018,12,04,10,143.3,196,Unhealthy,119.0,UG/M3,1 Hr,Valid
Tashkent,PM2.5 - Principal,2018-12-04 11:00 AM,2018,12,04,11,127.6,188,Unhealthy,112.0,UG/M3,1 Hr,Valid
Tashkent,PM2.5 - Principal,2018-12-04 12:00 PM,2018,12,04,12,131.3,190,Unhealthy,135.0,UG/M3,1 Hr,Valid
Tashkent,PM2.5 - Principal,2018-12-04 01:00 PM,2018,12,04,13,113.6,181,Unhealthy,96.0,UG/M3,1 Hr,Valid
Tashkent,PM2.5 - Principal,2018-12-04 02:00 PM,2018,12,04,14,117.3,183,Unhealthy,121.0,UG/M3,1 Hr,Valid
Tashkent,PM2.5 - Principal,2018-12-04 03:00 PM,2018,12,04,15,103.6,176,Unhealthy,90.0,UG/M3,1 Hr,Valid
Tashkent,PM2.5 - Principal,2018-12-04 04:00 PM,2018,12,04,16,81.3,164,Unhealthy,59.0,UG/M3,1 Hr,Valid
Tashkent,PM2.5 - Principal,2018-12-04 05:00 PM,2018,12,04,17,61.6,154,Unhealthy,42.0,UG/M3,1 Hr,Valid
Tashkent,PM2.5 - Principal,2018-12-04 06:00 PM,2018,12,04,18,53.3,145,Unhealthy for Sensitive Groups,45.0,UG/M3,1 Hr,Valid
Tashkent,PM2.5 - Principal,2018-12-04 07:00 PM,2018,12,04,19,66.1,156,Unhealthy,79.0,UG/M3,1 Hr,Valid
Tashkent,PM2.5 - Principal,2018-12-04 08:00 PM,2018,12,04,20,78.0,163,Unhealthy,90.0,UG/M3,1 Hr,Valid
Tashkent,PM2.5 - Principal,2018-12-04 09:00 PM,2018,12,04,21,78.0,163,Unhealthy,-999.0,UG/M3,1 Hr,Missing
Tashkent,PM2.5 - Principal,2018-12-04 10:00 PM,2018,12,04,22,78.0,163,Unhealthy,-999.0,UG/M3,1 Hr,Missing
Tashkent,PM2.5 - Principal,2018-12-04 11:00 PM,2018,12,04,23,78.0,163,Unhealthy,-999.0,UG/M3,1 Hr,Missing
Tashkent,PM2.5 - Principal,2018-12-05 12:00 AM,2018,12,05,00,78.0,163,Unhealthy,-999.0,UG/M3,1 Hr,Missing
Tashkent,PM2.5 - Principal,2018-12-07 11:00 AM,2018,12,07,11,-999.0,-999,N/A,41.0,UG/M3,1 Hr,Valid
Tashkent,PM2.5 - Principal,2018-12-07 12:00 PM,2018,12,07,12,31.8,92,Moderate,26.0,UG/M3,1 Hr,Valid
Tashkent,PM2.5 - Principal,2018-12-07 01:00 PM,2018,12,07,13,20.7,69,Moderate,13.0,UG/M3,1 Hr,Valid
Tashkent,PM2.5 - Principal,2018-12-07 02:00 PM,2018,12,07,14,15.5,58,Moderate,11.0,UG/M3,1 Hr,Valid
Tashkent,PM2.5 - Principal,2018-12-07 03:00 PM,2018,12,07,15,30.7,90,Moderate,45.0,UG/M3,1 Hr,Valid
Tashkent,PM2.5 - Principal,2018-12-07 04:00 PM,2018,12,07,16,52.2,142,Unhealthy for Sensitive Groups,73.0,UG/M3,1 Hr,Valid
Tashkent,PM2.5 - Principal,2018-12-07 05:00 PM,2018,12,07,17,69.7,158,Unhealthy,87.0,UG/M3,1 Hr,Valid
Tashkent,PM2.5 - Principal,2018-12-07 06:00 PM,2018,12,07,18,48.2,132,Unhealthy for Sensitive Groups,27.0,UG/M3,1 Hr,Valid
Tashkent,PM2.5 - Principal,2018-12-07 07:00 PM,2018,12,07,19,36.6,104,Unhealthy for Sensitive Groups,25.0,UG/M3,1 Hr,Valid
Tashkent,PM2.5 - Principal,2018-12-07 08:00 PM,2018,12,07,20,40.3,113,Unhealthy for Sensitive Groups,44.0,UG/M3,1 Hr,Valid
Tashkent,PM2.5 - Principal,2018-12-07 09:00 PM,2018,12,07,21,92.6,170,Unhealthy,145.0,UG/M3,1 Hr,Valid
Tashkent,PM2.5 - Principal,2018-12-07 10:00 PM,2018,12,07,22,131.8,190,Unhealthy,171.0,UG/M3,1 Hr,Valid
Tashkent,PM2.5 - Principal,2018-12-07 11:00 PM,2018,12,07,23,142.4,196,Unhealthy,153.0,UG/M3,1 Hr,Valid
Tashkent,PM2.5 - Principal,2018-12-08 12:00 AM,2018,12,08,00,145.2,197,Unhealthy,148.0,UG/M3,1 Hr,Valid
Tashkent,PM2.5 - Principal,2018-12-08 01:00 AM,2018,12,08,01,134.6,192,Unhealthy,124.0,UG/M3,1 Hr,Valid
Tashkent,PM2.5 - Principal,2018-12-08 02:00 AM,2018,12,08,02,87.8,168,Unhealthy,41.0,UG/M3,1 Hr,Valid
Tashkent,PM2.5 - Principal,2018-12-08 03:00 AM,2018,12,08,03,70.9,159,Unhealthy,54.0,UG/M3,1 Hr,Valid
Tashkent,PM2.5 - Principal,2018-12-08 04:00 AM,2018,12,08,04,107.4,178,Unhealthy,144.0,UG/M3,1 Hr,Valid
Tashkent,PM2.5 - Principal,2018-12-08 05:00 AM,2018,12,08,05,93.2,170,Unhealthy,79.0,UG/M3,1 Hr,Valid
Tashkent,PM2.5 - Principal,2018-12-08 06:00 AM,2018,12,08,06,92.6,170,Unhealthy,92.0,UG/M3,1 Hr,Valid
Tashkent,PM2.5 - Principal,2018-12-08 07:00 AM,2018,12,08,07,82.3,165,Unhealthy,72.0,UG/M3,1 Hr,Valid
Tashkent,PM2.5 - Principal,2018-12-08 08:00 AM,2018,12,08,08,81.6,164,Unhealthy,81.0,UG/M3,1 Hr,Valid
Tashkent,PM2.5 - Principal,2018-12-08 09:00 AM,2018,12,08,09,77.3,162,Unhealthy,73.0,UG/M3,1 Hr,Valid
Tashkent,PM2.5 - Principal,2018-12-08 10:00 AM,2018,12,08,10,73.1,160,Unhealthy,69.0,UG/M3,1 Hr,Valid
Tashkent,PM2.5 - Principal,2018-12-08 11:00 AM,2018,12,08,11,66.5,157,Unhealthy,60.0,UG/M3,1 Hr,Valid
Tashkent,PM2.5 - Principal,2018-12-08 12:00 PM,2018,12,08,12,47.7,131,Unhealthy for Sensitive Groups,29.0,UG/M3,1 Hr,Valid
Tashkent,PM2.5 - Principal,2018-12-08 01:00 PM,2018,12,08,13,42.3,118,Unhealthy for Sensitive Groups,37.0,UG/M3,1 Hr,Valid
Tashkent,PM2.5 - Principal,2018-12-08 02:00 PM,2018,12,08,14,33.1,95,Moderate,24.0,UG/M3,1 Hr,Valid
Tashkent,PM2.5 - Principal,2018-12-08 03:00 PM,2018,12,08,15,24.5,77,Moderate,16.0,UG/M3,1 Hr,Valid
Tashkent,PM2.5 - Principal,2018-12-08 04:00 PM,2018,12,08,16,17.2,62,Moderate,10.0,UG/M3,1 Hr,Valid
Tashkent,PM2.5 - Principal,2018-12-08 05:00 PM,2018,12,08,17,24.6,77,Moderate,32.0,UG/M3,1 Hr,Valid
Tashkent,PM2.5 - Principal,2018-12-08 06:00 PM,2018,12,08,18,34.8,99,Moderate,45.0,UG/M3,1 Hr,Valid
Tashkent,PM2.5 - Principal,2018-12-08 07:00 PM,2018,12,08,19,35.9,102,Unhealthy for Sensitive Groups,37.0,UG/M3,1 Hr,Valid
Tashkent,PM2.5 - Principal,2018-12-08 08:00 PM,2018,12,08,20,44.4,123,Unhealthy for Sensitive Groups,53.0,UG/M3,1 Hr,Valid
Tashkent,PM2.5 - Principal,2018-12-08 09:00 PM,2018,12,08,21,60.7,154,Unhealthy,77.0,UG/M3,1 Hr,Valid
Tashkent,PM2.5 - Principal,2018-12-08 10:00 PM,2018,12,08,22,45.3,125,Unhealthy for Sensitive Groups,30.0,UG/M3,1 Hr,Valid
Tashkent,PM2.5 - Principal,2018-12-08 11:00 PM,2018,12,08,23,61.1,154,Unhealthy,77.0,UG/M3,1 Hr,Valid
Tashkent,PM2.5 - Principal,2018-12-09 12:00 AM,2018,12,09,00,68.0,157,Unhealthy,75.0,UG/M3,1 Hr,Valid
Tashkent,PM2.5 - Principal,2018-12-09 01:00 AM,2018,12,09,01,63.0,155,Unhealthy,58.0,UG/M3,1 Hr,Valid
Tashkent,PM2.5 - Principal,2018-12-09 02:00 AM,2018,12,09,02,49.0,134,Unhealthy for Sensitive Groups,35.0,UG/M3,1 Hr,Valid
Tashkent,PM2.5 - Principal,2018-12-09 03:00 AM,2018,12,09,03,41.0,115,Unhealthy for Sensitive Groups,33.0,UG/M3,1 Hr,Valid
Tashkent,PM2.5 - Principal,2018-12-09 04:00 AM,2018,12,09,04,37.0,105,Unhealthy for Sensitive Groups,33.0,UG/M3,1 Hr,Valid
Tashkent,PM2.5 - Principal,2018-12-09 05:00 AM,2018,12,09,05,32.0,93,Moderate,27.0,UG/M3,1 Hr,Valid
Tashkent,PM2.5 - Principal,2018-12-09 06:00 AM,2018,12,09,06,38.5,108,Unhealthy for Sensitive Groups,45.0,UG/M3,1 Hr,Valid
Tashkent,PM2.5 - Principal,2018-12-09 07:00 AM,2018,12,09,07,44.2,122,Unhealthy for Sensitive Groups,50.0,UG/M3,1 Hr,Valid
Tashkent,PM2.5 - Principal,2018-12-09 08:00 AM,2018,12,09,08,35.1,99,Moderate,26.0,UG/M3,1 Hr,Valid
Tashkent,PM2.5 - Principal,2018-12-09 09:00 AM,2018,12,09,09,34.0,97,Moderate,33.0,UG/M3,1 Hr,Valid
Tashkent,PM2.5 - Principal,2018-12-09 10:00 AM,2018,12,09,10,29.0,87,Moderate,24.0,UG/M3,1 Hr,Valid
Tashkent,PM2.5 - Principal,2018-12-09 11:00 AM,2018,12,09,11,23.0,74,Moderate,17.0,UG/M3,1 Hr,Valid
Tashkent,PM2.5 - Principal,2018-12-09 12:00 PM,2018,12,09,12,14.9,57,Moderate,7.0,UG/M3,1 Hr,Valid
Tashkent,PM2.5 - Principal,2018-12-09 01:00 PM,2018,12,09,13,16.9,61,Moderate,19.0,UG/M3,1 Hr,Valid
Tashkent,PM2.5 - Principal,2018-12-09 02:00 PM,2018,12,09,14,20.4,68,Moderate,24.0,UG/M3,1 Hr,Valid
Tashkent,PM2.5 - Principal,2018-12-09 03:00 PM,2018,12,09,15,40.7,114,Unhealthy for Sensitive Groups,61.0,UG/M3,1 Hr,Valid
Tashkent,PM2.5 - Principal,2018-12-09 04:00 PM,2018,12,09,16,54.8,149,Unhealthy for Sensitive Groups,69.0,UG/M3,1 Hr,Valid
Tashkent,PM2.5 - Principal,2018-12-09 05:00 PM,2018,12,09,17,66.4,157,Unhealthy,78.0,UG/M3,1 Hr,Valid
Tashkent,PM2.5 - Principal,2018-12-09 06:00 PM,2018,12,09,18,65.7,156,Unhealthy,65.0,UG/M3,1 Hr,Valid
Tashkent,PM2.5 - Principal,2018-12-09 07:00 PM,2018,12,09,19,72.8,160,Unhealthy,80.0,UG/M3,1 Hr,Valid
Tashkent,PM2.5 - Principal,2018-12-09 08:00 PM,2018,12,09,20,79.9,164,Unhealthy,87.0,UG/M3,1 Hr,Valid
Tashkent,PM2.5 - Principal,2018-12-09 09:00 PM,2018,12,09,21,85.9,167,Unhealthy,92.0,UG/M3,1 Hr,Valid
Tashkent,PM2.5 - Principal,2018-12-09 10:00 PM,2018,12,09,22,92.4,170,Unhealthy,99.0,UG/M3,1 Hr,Valid
Tashkent,PM2.5 - Principal,2018-12-09 11:00 PM,2018,12,09,23,92.7,170,Unhealthy,93.0,UG/M3,1 Hr,Valid
Tashkent,PM2.5 - Principal,2018-12-10 12:00 AM,2018,12,10,00,92.3,170,Unhealthy,92.0,UG/M3,1 Hr,Valid
Tashkent,PM2.5 - Principal,2018-12-10 01:00 AM,2018,12,10,01,94.7,171,Unhealthy,97.0,UG/M3,1 Hr,Valid
Tashkent,PM2.5 - Principal,2018-12-10 02:00 AM,2018,12,10,02,93.3,171,Unhealthy,93.0,UG/M3,1 Hr,Valid
Tashkent,PM2.5 - Principal,2018-12-10 03:00 AM,2018,12,10,03,85.4,166,Unhealthy,71.0,UG/M3,1 Hr,Valid
Tashkent,PM2.5 - Principal,2018-12-10 04:00 AM,2018,12,10,04,79.1,163,Unhealthy,67.0,UG/M3,1 Hr,Valid
Tashkent,PM2.5 - Principal,2018-12-10 05:00 AM,2018,12,10,05,81.8,165,Unhealthy,87.0,UG/M3,1 Hr,Valid
Tashkent,PM2.5 - Principal,2018-12-10 06:00 AM,2018,12,10,06,85.3,166,Unhealthy,92.0,UG/M3,1 Hr,Valid
Tashkent,PM2.5 - Principal,2018-12-10 07:00 AM,2018,12,10,07,86.8,167,Unhealthy,90.0,UG/M3,1 Hr,Valid
Tashkent,PM2.5 - Principal,2018-12-10 08:00 AM,2018,12,10,08,81.7,165,Unhealthy,71.0,UG/M3,1 Hr,Valid
Tashkent,PM2.5 - Principal,2018-12-10 09:00 AM,2018,12,10,09,81.7,165,Unhealthy,82.0,UG/M3,1 Hr,Valid
Tashkent,PM2.5 - Principal,2018-12-10 10:00 AM,2018,12,10,10,59.3,153,Unhealthy,38.0,UG/M3,1 Hr,Valid
Tashkent,PM2.5 - Principal,2018-12-10 11:00 AM,2018,12,10,11,58.6,153,Unhealthy,58.0,UG/M3,1 Hr,Valid
Tashkent,PM2.5 - Principal,2018-12-10 12:00 PM,2018,12,10,12,63.8,155,Unhealthy,69.0,UG/M3,1 Hr,Valid
Tashkent,PM2.5 - Principal,2018-12-10 01:00 PM,2018,12,10,13,59.9,153,Unhealthy,56.0,UG/M3,1 Hr,Valid
Tashkent,PM2.5 - Principal,2018-12-10 02:00 PM,2018,12,10,14,53.4,145,Unhealthy for Sensitive Groups,47.0,UG/M3,1 Hr,Valid
Tashkent,PM2.5 - Principal,2018-12-10 03:00 PM,2018,12,10,15,45.7,126,Unhealthy for Sensitive Groups,38.0,UG/M3,1 Hr,Valid
Tashkent,PM2.5 - Principal,2018-12-10 04:00 PM,2018,12,10,16,41.3,115,Unhealthy for Sensitive Groups,37.0,UG/M3,1 Hr,Valid
Tashkent,PM2.5 - Principal,2018-12-10 05:00 PM,2018,12,10,17,37.1,105,Unhealthy for Sensitive Groups,33.0,UG/M3,1 Hr,Valid
Tashkent,PM2.5 - Principal,2018-12-10 06:00 PM,2018,12,10,18,33.0,95,Moderate,29.0,UG/M3,1 Hr,Valid
Tashkent,PM2.5 - Principal,2018-12-10 07:00 PM,2018,12,10,19,36.0,102,Unhealthy for Sensitive Groups,39.0,UG/M3,1 Hr,Valid
Tashkent,PM2.5 - Principal,2018-12-10 08:00 PM,2018,12,10,20,36.0,102,Unhealthy for Sensitive Groups,36.0,UG/M3,1 Hr,Valid
Tashkent,PM2.5 - Principal,2018-12-10 09:00 PM,2018,12,10,21,38.0,107,Unhealthy for Sensitive Groups,40.0,UG/M3,1 Hr,Valid
Tashkent,PM2.5 - Principal,2018-12-10 10:00 PM,2018,12,10,22,35.4,100,Moderate,33.0,UG/M3,1 Hr,Valid
Tashkent,PM2.5 - Principal,2018-12-10 11:00 PM,2018,12,10,23,31.2,91,Moderate,27.0,UG/M3,1 Hr,Valid
Tashkent,PM2.5 - Principal,2018-12-11 12:00 AM,2018,12,11,00,32.1,93,Moderate,33.0,UG/M3,1 Hr,Valid
Tashkent,PM2.5 - Principal,2018-12-11 01:00 AM,2018,12,11,01,34.3,98,Moderate,37.0,UG/M3,1 Hr,Valid
Tashkent,PM2.5 - Principal,2018-12-11 02:00 AM,2018,12,11,02,43.5,121,Unhealthy for Sensitive Groups,53.0,UG/M3,1 Hr,Valid
Tashkent,PM2.5 - Principal,2018-12-11 03:00 AM,2018,12,11,03,49.3,135,Unhealthy for Sensitive Groups,55.0,UG/M3,1 Hr,Valid
Tashkent,PM2.5 - Principal,2018-12-11 04:00 AM,2018,12,11,04,43.6,121,Unhealthy for Sensitive Groups,38.0,UG/M3,1 Hr,Valid
Tashkent,PM2.5 - Principal,2018-12-11 05:00 AM,2018,12,11,05,42.8,119,Unhealthy for Sensitive Groups,42.0,UG/M3,1 Hr,Valid
Tashkent,PM2.5 - Principal,2018-12-11 06:00 AM,2018,12,11,06,34.4,98,Moderate,26.0,UG/M3,1 Hr,Valid
Tashkent,PM2.5 - Principal,2018-12-11 07:00 AM,2018,12,11,07,29.7,88,Moderate,25.0,UG/M3,1 Hr,Valid
Tashkent,PM2.5 - Principal,2018-12-11 08:00 AM,2018,12,11,08,28.3,85,Moderate,27.0,UG/M3,1 Hr,Valid
Tashkent,PM2.5 - Principal,2018-12-11 09:00 AM,2018,12,11,09,27.1,83,Moderate,26.0,UG/M3,1 Hr,Valid
Tashkent,PM2.5 - Principal,2018-12-11 10:00 AM,2018,12,11,10,25.0,78,Moderate,23.0,UG/M3,1 Hr,Valid
Tashkent,PM2.5 - Principal,2018-12-11 11:00 AM,2018,12,11,11,26.0,80,Moderate,27.0,UG/M3,1 Hr,Valid
Tashkent,PM2.5 - Principal,2018-12-11 12:00 PM,2018,12,11,12,26.0,80,Moderate,-999.0,UG/M3,1 Hr,Missing
Tashkent,PM2.5 - Principal,2018-12-11 01:00 PM,2018,12,11,13,26.0,80,Moderate,-999.0,UG/M3,1 Hr,Missing
Tashkent,PM2.5 - Principal,2018-12-11 02:00 PM,2018,12,11,14,26.0,80,Moderate,-999.0,UG/M3,1 Hr,Missing
Tashkent,PM2.5 - Principal,2018-12-11 03:00 PM,2018,12,11,15,26.0,80,Moderate,-999.0,UG/M3,1 Hr,Missing
Tashkent,PM2.5 - Principal,2018-12-12 11:00 AM,2018,12,12,11,-999.0,-999,N/A,28.0,UG/M3,1 Hr,Valid
Tashkent,PM2.5 - Principal,2018-12-12 12:00 PM,2018,12,12,12,22.6,73,Moderate,19.0,UG/M3,1 Hr,Valid
Tashkent,PM2.5 - Principal,2018-12-12 01:00 PM,2018,12,12,13,26.1,80,Moderate,30.0,UG/M3,1 Hr,Valid
Tashkent,PM2.5 - Principal,2018-12-12 02:00 PM,2018,12,12,14,32.6,94,Moderate,38.0,UG/M3,1 Hr,Valid
Tashkent,PM2.5 - Principal,2018-12-12 03:00 PM,2018,12,12,15,33.8,97,Moderate,35.0,UG/M3,1 Hr,Valid
Tashkent,PM2.5 - Principal,2018-12-12 04:00 PM,2018,12,12,16,35.9,102,Unhealthy for Sensitive Groups,38.0,UG/M3,1 Hr,Valid
Tashkent,PM2.5 - Principal,2018-12-12 05:00 PM,2018,12,12,17,40.5,113,Unhealthy for Sensitive Groups,45.0,UG/M3,1 Hr,Valid
Tashkent,PM2.5 - Principal,2018-12-12 06:00 PM,2018,12,12,18,43.2,120,Unhealthy for Sensitive Groups,46.0,UG/M3,1 Hr,Valid
Tashkent,PM2.5 - Principal,2018-12-12 07:00 PM,2018,12,12,19,49.1,134,Unhealthy for Sensitive Groups,55.0,UG/M3,1 Hr,Valid
Tashkent,PM2.5 - Principal,2018-12-12 08:00 PM,2018,12,12,20,53.0,144,Unhealthy for Sensitive Groups,57.0,UG/M3,1 Hr,Valid
Tashkent,PM2.5 - Principal,2018-12-12 09:00 PM,2018,12,12,21,78.5,163,Unhealthy,104.0,UG/M3,1 Hr,Valid
Tashkent,PM2.5 - Principal,2018-12-12 10:00 PM,2018,12,12,22,90.2,169,Unhealthy,102.0,UG/M3,1 Hr,Valid
Tashkent,PM2.5 - Principal,2018-12-12 11:00 PM,2018,12,12,23,102.6,175,Unhealthy,115.0,UG/M3,1 Hr,Valid
Tashkent,PM2.5 - Principal,2018-12-13 12:00 AM,2018,12,13,00,100.3,174,Unhealthy,98.0,UG/M3,1 Hr,Valid
Tashkent,PM2.5 - Principal,2018-12-13 01:00 AM,2018,12,13,01,63.1,155,Unhealthy,26.0,UG/M3,1 Hr,Valid
Tashkent,PM2.5 - Principal,2018-12-13 02:00 AM,2018,12,13,02,35.5,101,Unhealthy for Sensitive Groups,8.0,UG/M3,1 Hr,Valid
Tashkent,PM2.5 - Principal,2018-12-13 03:00 AM,2018,12,13,03,20.2,68,Moderate,5.0,UG/M3,1 Hr,Valid
Tashkent,PM2.5 - Principal,2018-12-13 04:00 AM,2018,12,13,04,12.1,51,Moderate,4.0,UG/M3,1 Hr,Valid
Tashkent,PM2.5 - Principal,2018-12-13 05:00 AM,2018,12,13,05,7.5,31,Good,3.0,UG/M3,1 Hr,Valid
Tashkent,PM2.5 - Principal,2018-12-13 06:00 AM,2018,12,13,06,4.7,20,Good,2.0,UG/M3,1 Hr,Valid
Tashkent,PM2.5 - Principal,2018-12-13 07:00 AM,2018,12,13,07,4.3,18,Good,4.0,UG/M3,1 Hr,Valid
Tashkent,PM2.5 - Principal,2018-12-13 08:00 AM,2018,12,13,08,4.1,17,Good,4.0,UG/M3,1 Hr,Valid
Tashkent,PM2.5 - Principal,2018-12-13 09:00 AM,2018,12,13,09,5.0,21,Good,6.0,UG/M3,1 Hr,Valid
Tashkent,PM2.5 - Principal,2018-12-13 10:00 AM,2018,12,13,10,5.0,21,Good,5.0,UG/M3,1 Hr,Valid
Tashkent,PM2.5 - Principal,2018-12-13 11:00 AM,2018,12,13,11,4.0,17,Good,3.0,UG/M3,1 Hr,Valid
Tashkent,PM2.5 - Principal,2018-12-13 12:00 PM,2018,12,13,12,3.4,14,Good,3.0,UG/M3,1 Hr,Valid
Tashkent,PM2.5 - Principal,2018-12-13 01:00 PM,2018,12,13,13,3.7,15,Good,4.0,UG/M3,1 Hr,Valid
Tashkent,PM2.5 - Principal,2018-12-13 02:00 PM,2018,12,13,14,3.8,16,Good,4.0,UG/M3,1 Hr,Valid
Tashkent,PM2.5 - Principal,2018-12-13 03:00 PM,2018,12,13,15,3.9,16,Good,4.0,UG/M3,1 Hr,Valid
Tashkent,PM2.5 - Principal,2018-12-13 04:00 PM,2018,12,13,16,3.9,16,Good,4.0,UG/M3,1 Hr,Valid
Tashkent,PM2.5 - Principal,2018-12-13 05:00 PM,2018,12,13,17,7.9,33,Good,12.0,UG/M3,1 Hr,Valid
Tashkent,PM2.5 - Principal,2018-12-13 06:00 PM,2018,12,13,18,10.9,45,Good,14.0,UG/M3,1 Hr,Valid
Tashkent,PM2.5 - Principal,2018-12-13 07:00 PM,2018,12,13,19,10.9,45,Good,11.0,UG/M3,1 Hr,Valid
Tashkent,PM2.5 - Principal,2018-12-13 08:00 PM,2018,12,13,20,8.4,35,Good,6.0,UG/M3,1 Hr,Valid
Tashkent,PM2.5 - Principal,2018-12-13 09:00 PM,2018,12,13,21,7.2,30,Good,6.0,UG/M3,1 Hr,Valid
Tashkent,PM2.5 - Principal,2018-12-13 10:00 PM,2018,12,13,22,6.6,28,Good,6.0,UG/M3,1 Hr,Valid
Tashkent,PM2.5 - Principal,2018-12-13 11:00 PM,2018,12,13,23,4.3,18,Good,2.0,UG/M3,1 Hr,Valid
Tashkent,PM2.5 - Principal,2018-12-14 12:00 AM,2018,12,14,00,2.1,9,Good,0.0,UG/M3,1 Hr,Valid
Tashkent,PM2.5 - Principal,2018-12-14 01:00 AM,2018,12,14,01,3.5,15,Good,5.0,UG/M3,1 Hr,Valid
Tashkent,PM2.5 - Principal,2018-12-14 02:00 AM,2018,12,14,02,3.7,15,Good,4.0,UG/M3,1 Hr,Valid
Tashkent,PM2.5 - Principal,2018-12-14 03:00 AM,2018,12,14,03,3.8,16,Good,4.0,UG/M3,1 Hr,Valid
Tashkent,PM2.5 - Principal,2018-12-14 04:00 AM,2018,12,14,04,4.9,20,Good,6.0,UG/M3,1 Hr,Valid
Tashkent,PM2.5 - Principal,2018-12-14 05:00 AM,2018,12,14,05,4.4,18,Good,4.0,UG/M3,1 Hr,Valid
Tashkent,PM2.5 - Principal,2018-12-14 06:00 AM,2018,12,14,06,3.7,15,Good,3.0,UG/M3,1 Hr,Valid
Tashkent,PM2.5 - Principal,2018-12-14 07:00 AM,2018,12,14,07,4.3,18,Good,5.0,UG/M3,1 Hr,Valid
Tashkent,PM2.5 - Principal,2018-12-14 08:00 AM,2018,12,14,08,3.6,15,Good,3.0,UG/M3,1 Hr,Valid
Tashkent,PM2.5 - Principal,2018-12-14 09:00 AM,2018,12,14,09,3.6,15,Good,-15.0,UG/M3,1 Hr,Invalid
Tashkent,PM2.5 - Principal,2018-12-14 10:00 AM,2018,12,14,10,-999.0,-999,N/A,-11.0,UG/M3,1 Hr,Invalid
Tashkent,PM2.5 - Principal,2018-12-14 11:00 AM,2018,12,14,11,-999.0,-999,N/A,5.0,UG/M3,1 Hr,Valid
Tashkent,PM2.5 - Principal,2018-12-14 12:00 PM,2018,12,14,12,6.7,28,Good,8.0,UG/M3,1 Hr,Valid
Tashkent,PM2.5 - Principal,2018-12-14 01:00 PM,2018,12,14,13,6.8,28,Good,7.0,UG/M3,1 Hr,Valid
Tashkent,PM2.5 - Principal,2018-12-14 02:00 PM,2018,12,14,14,5.3,22,Good,4.0,UG/M3,1 Hr,Valid
Tashkent,PM2.5 - Principal,2018-12-14 03:00 PM,2018,12,14,15,4.6,19,Good,4.0,UG/M3,1 Hr,Valid
Tashkent,PM2.5 - Principal,2018-12-14 04:00 PM,2018,12,14,16,5.3,22,Good,6.0,UG/M3,1 Hr,Valid
Tashkent,PM2.5 - Principal,2018-12-14 05:00 PM,2018,12,14,17,8.6,36,Good,12.0,UG/M3,1 Hr,Valid
Tashkent,PM2.5 - Principal,2018-12-14 06:00 PM,2018,12,14,18,10.8,45,Good,13.0,UG/M3,1 Hr,Valid
Tashkent,PM2.5 - Principal,2018-12-14 07:00 PM,2018,12,14,19,11.4,48,Good,12.0,UG/M3,1 Hr,Valid
Tashkent,PM2.5 - Principal,2018-12-14 08:00 PM,2018,12,14,20,11.2,47,Good,11.0,UG/M3,1 Hr,Valid
Tashkent,PM2.5 - Principal,2018-12-14 09:00 PM,2018,12,14,21,9.6,40,Good,8.0,UG/M3,1 Hr,Valid
Tashkent,PM2.5 - Principal,2018-12-14 10:00 PM,2018,12,14,22,8.3,35,Good,7.0,UG/M3,1 Hr,Valid
Tashkent,PM2.5 - Principal,2018-12-14 11:00 PM,2018,12,14,23,6.1,25,Good,4.0,UG/M3,1 Hr,Valid
Tashkent,PM2.5 - Principal,2018-12-15 12:00 AM,2018,12,15,00,6.0,25,Good,6.0,UG/M3,1 Hr,Valid
Tashkent,PM2.5 - Principal,2018-12-15 01:00 AM,2018,12,15,01,6.0,25,Good,-999.0,UG/M3,1 Hr,Missing
Tashkent,PM2.5 - Principal,2018-12-15 02:00 AM,2018,12,15,02,6.0,25,Good,-999.0,UG/M3,1 Hr,Missing
Tashkent,PM2.5 - Principal,2018-12-15 03:00 AM,2018,12,15,03,6.0,25,Good,-999.0,UG/M3,1 Hr,Missing
Tashkent,PM2.5 - Principal,2018-12-15 04:00 AM,2018,12,15,04,6.0,25,Good,-999.0,UG/M3,1 Hr,Missing
Tashkent,PM2.5 - Principal,2018-12-17 11:00 AM,2018,12,17,11,-999.0,-999,N/A,40.0,UG/M3,1 Hr,Valid
Tashkent,PM2.5 - Principal,2018-12-17 12:00 PM,2018,12,17,12,50.6,138,Unhealthy for Sensitive Groups,58.0,UG/M3,1 Hr,Valid
Tashkent,PM2.5 - Principal,2018-12-17 01:00 PM,2018,12,17,13,54.5,148,Unhealthy for Sensitive Groups,59.0,UG/M3,1 Hr,Valid
Tashkent,PM2.5 - Principal,2018-12-17 02:00 PM,2018,12,17,14,52.3,142,Unhealthy for Sensitive Groups,49.0,UG/M3,1 Hr,Valid
Tashkent,PM2.5 - Principal,2018-12-17 03:00 PM,2018,12,17,15,55.2,150,Unhealthy for Sensitive Groups,60.0,UG/M3,1 Hr,Valid
Tashkent,PM2.5 - Principal,2018-12-17 04:00 PM,2018,12,17,16,68.8,158,Unhealthy,81.0,UG/M3,1 Hr,Valid
Tashkent,PM2.5 - Principal,2018-12-17 05:00 PM,2018,12,17,17,79.4,163,Unhealthy,90.0,UG/M3,1 Hr,Valid
Tashkent,PM2.5 - Principal,2018-12-17 06:00 PM,2018,12,17,18,88.7,168,Unhealthy,98.0,UG/M3,1 Hr,Valid
Tashkent,PM2.5 - Principal,2018-12-17 07:00 PM,2018,12,17,19,88.7,168,Unhealthy,-999.0,UG/M3,1 Hr,Missing
Tashkent,PM2.5 - Principal,2018-12-17 08:00 PM,2018,12,17,20,88.7,168,Unhealthy,-999.0,UG/M3,1 Hr,Missing
Tashkent,PM2.5 - Principal,2018-12-17 09:00 PM,2018,12,17,21,88.7,168,Unhealthy,-999.0,UG/M3,1 Hr,Missing
Tashkent,PM2.5 - Principal,2018-12-17 10:00 PM,2018,12,17,22,88.7,168,Unhealthy,-999.0,UG/M3,1 Hr,Missing
Tashkent,PM2.5 - Principal,2018-12-18 11:00 AM,2018,12,18,11,-999.0,-999,N/A,24.0,UG/M3,1 Hr,Valid
Tashkent,PM2.5 - Principal,2018-12-18 12:00 PM,2018,12,18,12,18.4,64,Moderate,15.0,UG/M3,1 Hr,Valid
Tashkent,PM2.5 - Principal,2018-12-18 01:00 PM,2018,12,18,13,17.2,62,Moderate,16.0,UG/M3,1 Hr,Valid
Tashkent,PM2.5 - Principal,2018-12-18 02:00 PM,2018,12,18,14,17.1,62,Moderate,17.0,UG/M3,1 Hr,Valid
Tashkent,PM2.5 - Principal,2018-12-18 03:00 PM,2018,12,18,15,21.6,71,Moderate,27.0,UG/M3,1 Hr,Valid
Tashkent,PM2.5 - Principal,2018-12-18 04:00 PM,2018,12,18,16,23.2,74,Moderate,25.0,UG/M3,1 Hr,Valid
Tashkent,PM2.5 - Principal,2018-12-18 05:00 PM,2018,12,18,17,22.2,72,Moderate,21.0,UG/M3,1 Hr,Valid
Tashkent,PM2.5 - Principal,2018-12-18 06:00 PM,2018,12,18,18,21.6,71,Moderate,21.0,UG/M3,1 Hr,Valid
Tashkent,PM2.5 - Principal,2018-12-18 07:00 PM,2018,12,18,19,26.8,82,Moderate,32.0,UG/M3,1 Hr,Valid
Tashkent,PM2.5 - Principal,2018-12-18 08:00 PM,2018,12,18,20,26.9,82,Moderate,27.0,UG/M3,1 Hr,Valid
Tashkent,PM2.5 - Principal,2018-12-18 09:00 PM,2018,12,18,21,29.9,88,Moderate,33.0,UG/M3,1 Hr,Valid
Tashkent,PM2.5 - Principal,2018-12-18 10:00 PM,2018,12,18,22,36.9,104,Unhealthy for Sensitive Groups,44.0,UG/M3,1 Hr,Valid
Tashkent,PM2.5 - Principal,2018-12-18 11:00 PM,2018,12,18,23,36.9,104,Unhealthy for Sensitive Groups,-999.0,UG/M3,1 Hr,Missing
Tashkent,PM2.5 - Principal,2018-12-19 12:00 AM,2018,12,19,00,36.9,104,Unhealthy for Sensitive Groups,-999.0,UG/M3,1 Hr,Missing
Tashkent,PM2.5 - Principal,2018-12-19 01:00 AM,2018,12,19,01,36.9,104,Unhealthy for Sensitive Groups,-999.0,UG/M3,1 Hr,Missing
Tashkent,PM2.5 - Principal,2018-12-19 02:00 AM,2018,12,19,02,36.9,104,Unhealthy for Sensitive Groups,-999.0,UG/M3,1 Hr,Missing
Tashkent,PM2.5 - Principal,2018-12-19 11:00 AM,2018,12,19,11,-999.0,-999,N/A,58.0,UG/M3,1 Hr,Valid
Tashkent,PM2.5 - Principal,2018-12-19 12:00 PM,2018,12,19,12,45.9,127,Unhealthy for Sensitive Groups,38.0,UG/M3,1 Hr,Valid
Tashkent,PM2.5 - Principal,2018-12-19 01:00 PM,2018,12,19,13,44.5,123,Unhealthy for Sensitive Groups,43.0,UG/M3,1 Hr,Valid
Tashkent,PM2.5 - Principal,2018-12-19 02:00 PM,2018,12,19,14,40.6,114,Unhealthy for Sensitive Groups,36.0,UG/M3,1 Hr,Valid
Tashkent,PM2.5 - Principal,2018-12-19 03:00 PM,2018,12,19,15,33.6,96,Moderate,28.0,UG/M3,1 Hr,Valid
Tashkent,PM2.5 - Principal,2018-12-19 04:00 PM,2018,12,19,16,30.2,89,Moderate,27.0,UG/M3,1 Hr,Valid
Tashkent,PM2.5 - Principal,2018-12-19 05:00 PM,2018,12,19,17,22.5,73,Moderate,15.0,UG/M3,1 Hr,Valid
Tashkent,PM2.5 - Principal,2018-12-19 06:00 PM,2018,12,19,18,23.7,75,Moderate,25.0,UG/M3,1 Hr,Valid
Tashkent,PM2.5 - Principal,2018-12-19 07:00 PM,2018,12,19,19,22.3,72,Moderate,21.0,UG/M3,1 Hr,Valid
Tashkent,PM2.5 - Principal,2018-12-19 08:00 PM,2018,12,19,20,19.6,67,Moderate,17.0,UG/M3,1 Hr,Valid
Tashkent,PM2.5 - Principal,2018-12-19 09:00 PM,2018,12,19,21,15.8,59,Moderate,12.0,UG/M3,1 Hr,Valid
Tashkent,PM2.5 - Principal,2018-12-19 10:00 PM,2018,12,19,22,13.4,54,Moderate,11.0,UG/M3,1 Hr,Valid
Tashkent,PM2.5 - Principal,2018-12-19 11:00 PM,2018,12,19,23,11.7,49,Good,10.0,UG/M3,1 Hr,Valid
Tashkent,PM2.5 - Principal,2018-12-20 12:00 AM,2018,12,20,00,13.3,54,Moderate,15.0,UG/M3,1 Hr,Valid
Tashkent,PM2.5 - Principal,2018-12-20 01:00 AM,2018,12,20,01,14.6,56,Moderate,16.0,UG/M3,1 Hr,Valid
Tashkent,PM2.5 - Principal,2018-12-20 02:00 AM,2018,12,20,02,14.8,57,Moderate,15.0,UG/M3,1 Hr,Valid
Tashkent,PM2.5 - Principal,2018-12-20 03:00 AM,2018,12,20,03,16.9,61,Moderate,19.0,UG/M3,1 Hr,Valid
Tashkent,PM2.5 - Principal,2018-12-20 04:00 AM,2018,12,20,04,19.9,67,Moderate,23.0,UG/M3,1 Hr,Valid
Tashkent,PM2.5 - Principal,2018-12-20 05:00 AM,2018,12,20,05,20.9,70,Moderate,22.0,UG/M3,1 Hr,Valid
Tashkent,PM2.5 - Principal,2018-12-20 06:00 AM,2018,12,20,06,20.9,70,Moderate,21.0,UG/M3,1 Hr,Valid
Tashkent,PM2.5 - Principal,2018-12-20 07:00 AM,2018,12,20,07,16.9,61,Moderate,13.0,UG/M3,1 Hr,Valid
Tashkent,PM2.5 - Principal,2018-12-20 08:00 AM,2018,12,20,08,14.9,57,Moderate,13.0,UG/M3,1 Hr,Valid
Tashkent,PM2.5 - Principal,2018-12-20 09:00 AM,2018,12,20,09,16.4,60,Moderate,18.0,UG/M3,1 Hr,Valid
Tashkent,PM2.5 - Principal,2018-12-20 10:00 AM,2018,12,20,10,15.7,59,Moderate,15.0,UG/M3,1 Hr,Valid
Tashkent,PM2.5 - Principal,2018-12-20 11:00 AM,2018,12,20,11,18.5,64,Moderate,22.0,UG/M3,1 Hr,Valid
Tashkent,PM2.5 - Principal,2018-12-20 12:00 PM,2018,12,20,12,21.1,70,Moderate,24.0,UG/M3,1 Hr,Valid
Tashkent,PM2.5 - Principal,2018-12-20 01:00 PM,2018,12,20,13,23.7,75,Moderate,26.0,UG/M3,1 Hr,Valid
Tashkent,PM2.5 - Principal,2018-12-20 02:00 PM,2018,12,20,14,26.3,81,Moderate,29.0,UG/M3,1 Hr,Valid
Tashkent,PM2.5 - Principal,2018-12-20 03:00 PM,2018,12,20,15,23.1,74,Moderate,20.0,UG/M3,1 Hr,Valid
Tashkent,PM2.5 - Principal,2018-12-20 04:00 PM,2018,12,20,16,24.5,77,Moderate,26.0,UG/M3,1 Hr,Valid
Tashkent,PM2.5 - Principal,2018-12-20 05:00 PM,2018,12,20,17,28.7,86,Moderate,33.0,UG/M3,1 Hr,Valid
Tashkent,PM2.5 - Principal,2018-12-20 06:00 PM,2018,12,20,18,51.9,141,Unhealthy for Sensitive Groups,75.0,UG/M3,1 Hr,Valid
Tashkent,PM2.5 - Principal,2018-12-20 07:00 PM,2018,12,20,19,43.4,120,Unhealthy for Sensitive Groups,35.0,UG/M3,1 Hr,Valid
Tashkent,PM2.5 - Principal,2018-12-20 08:00 PM,2018,12,20,20,35.2,100,Moderate,27.0,UG/M3,1 Hr,Valid
Tashkent,PM2.5 - Principal,2018-12-20 09:00 PM,2018,12,20,21,33.6,96,Moderate,32.0,UG/M3,1 Hr,Valid
Tashkent,PM2.5 - Principal,2018-12-20 10:00 PM,2018,12,20,22,46.8,129,Unhealthy for Sensitive Groups,60.0,UG/M3,1 Hr,Valid
Tashkent,PM2.5 - Principal,2018-12-20 11:00 PM,2018,12,20,23,57.4,152,Unhealthy,68.0,UG/M3,1 Hr,Valid
Tashkent,PM2.5 - Principal,2018-12-21 12:00 AM,2018,12,21,00,86.7,167,Unhealthy,116.0,UG/M3,1 Hr,Valid
Tashkent,PM2.5 - Principal,2018-12-21 01:00 AM,2018,12,21,01,97.8,173,Unhealthy,109.0,UG/M3,1 Hr,Valid
Tashkent,PM2.5 - Principal,2018-12-21 02:00 AM,2018,12,21,02,105.9,177,Unhealthy,114.0,UG/M3,1 Hr,Valid
Tashkent,PM2.5 - Principal,2018-12-21 03:00 AM,2018,12,21,03,85.9,167,Unhealthy,66.0,UG/M3,1 Hr,Valid
Tashkent,PM2.5 - Principal,2018-12-21 04:00 AM,2018,12,21,04,71.9,159,Unhealthy,58.0,UG/M3,1 Hr,Valid
Tashkent,PM2.5 - Principal,2018-12-21 05:00 AM,2018,12,21,05,54.9,149,Unhealthy for Sensitive Groups,38.0,UG/M3,1 Hr,Valid
Tashkent,PM2.5 - Principal,2018-12-21 06:00 AM,2018,12,21,06,43.9,122,Unhealthy for Sensitive Groups,33.0,UG/M3,1 Hr,Valid
Tashkent,PM2.5 - Principal,2018-12-21 07:00 AM,2018,12,21,07,36.4,103,Unhealthy for Sensitive Groups,29.0,UG/M3,1 Hr,Valid
Tashkent,PM2.5 - Principal,2018-12-21 08:00 AM,2018,12,21,08,43.2,120,Unhealthy for Sensitive Groups,50.0,UG/M3,1 Hr,Valid
Tashkent,PM2.5 - Principal,2018-12-21 09:00 AM,2018,12,21,09,85.1,166,Unhealthy,127.0,UG/M3,1 Hr,Valid
Tashkent,PM2.5 - Principal,2018-12-21 10:00 AM,2018,12,21,10,76.0,162,Unhealthy,67.0,UG/M3,1 Hr,Valid
Tashkent,PM2.5 - Principal,2018-12-21 11:00 AM,2018,12,21,11,62.0,154,Unhealthy,48.0,UG/M3,1 Hr,Valid
Tashkent,PM2.5 - Principal,2018-12-21 12:00 PM,2018,12,21,12,59.5,153,Unhealthy,57.0,UG/M3,1 Hr,Valid
Tashkent,PM2.5 - Principal,2018-12-21 01:00 PM,2018,12,21,13,46.2,127,Unhealthy for Sensitive Groups,33.0,UG/M3,1 Hr,Valid
Tashkent,PM2.5 - Principal,2018-12-21 02:00 PM,2018,12,21,14,40.1,112,Unhealthy for Sensitive Groups,34.0,UG/M3,1 Hr,Valid
Tashkent,PM2.5 - Principal,2018-12-21 03:00 PM,2018,12,21,15,31.0,91,Moderate,22.0,UG/M3,1 Hr,Valid
Tashkent,PM2.5 - Principal,2018-12-21 04:00 PM,2018,12,21,16,28.0,84,Moderate,25.0,UG/M3,1 Hr,Valid
Tashkent,PM2.5 - Principal,2018-12-21 05:00 PM,2018,12,21,17,35.5,101,Unhealthy for Sensitive Groups,43.0,UG/M3,1 Hr,Valid
Tashkent,PM2.5 - Principal,2018-12-21 06:00 PM,2018,12,21,18,37.7,106,Unhealthy for Sensitive Groups,40.0,UG/M3,1 Hr,Valid
Tashkent,PM2.5 - Principal,2018-12-21 07:00 PM,2018,12,21,19,63.3,155,Unhealthy,89.0,UG/M3,1 Hr,Valid
Tashkent,PM2.5 - Principal,2018-12-21 08:00 PM,2018,12,21,20,71.6,159,Unhealthy,80.0,UG/M3,1 Hr,Valid
Tashkent,PM2.5 - Principal,2018-12-21 09:00 PM,2018,12,21,21,91.8,170,Unhealthy,112.0,UG/M3,1 Hr,Valid
Tashkent,PM2.5 - Principal,2018-12-21 10:00 PM,2018,12,21,22,112.4,180,Unhealthy,133.0,UG/M3,1 Hr,Valid
Tashkent,PM2.5 - Principal,2018-12-21 11:00 PM,2018,12,21,23,99.7,174,Unhealthy,87.0,UG/M3,1 Hr,Valid
Tashkent,PM2.5 - Principal,2018-12-22 12:00 AM,2018,12,22,00,92.8,170,Unhealthy,86.0,UG/M3,1 Hr,Valid
Tashkent,PM2.5 - Principal,2018-12-22 01:00 AM,2018,12,22,01,91.9,170,Unhealthy,91.0,UG/M3,1 Hr,Valid
Tashkent,PM2.5 - Principal,2018-12-22 02:00 AM,2018,12,22,02,108.4,178,Unhealthy,125.0,UG/M3,1 Hr,Valid
Tashkent,PM2.5 - Principal,2018-12-22 03:00 AM,2018,12,22,03,85.7,167,Unhealthy,63.0,UG/M3,1 Hr,Valid
Tashkent,PM2.5 - Principal,2018-12-22 04:00 AM,2018,12,22,04,77.3,162,Unhealthy,69.0,UG/M3,1 Hr,Valid
Tashkent,PM2.5 - Principal,2018-12-22 05:00 AM,2018,12,22,05,57.6,152,Unhealthy,38.0,UG/M3,1 Hr,Valid
Tashkent,PM2.5 - Principal,2018-12-22 06:00 AM,2018,12,22,06,43.8,121,Unhealthy for Sensitive Groups,30.0,UG/M3,1 Hr,Valid
Tashkent,PM2.5 - Principal,2018-12-22 07:00 AM,2018,12,22,07,50.9,139,Unhealthy for Sensitive Groups,58.0,UG/M3,1 Hr,Valid
Tashkent,PM2.5 - Principal,2018-12-22 08:00 AM,2018,12,22,08,37.4,106,Unhealthy for Sensitive Groups,24.0,UG/M3,1 Hr,Valid
Tashkent,PM2.5 - Principal,2018-12-22 09:00 AM,2018,12,22,09,33.2,95,Moderate,29.0,UG/M3,1 Hr,Valid
Tashkent,PM2.5 - Principal,2018-12-22 10:00 AM,2018,12,22,10,32.0,93,Moderate,31.0,UG/M3,1 Hr,Valid
Tashkent,PM2.5 - Principal,2018-12-22 11:00 AM,2018,12,22,11,30.0,89,Moderate,28.0,UG/M3,1 Hr,Valid
Tashkent,PM2.5 - Principal,2018-12-22 12:00 PM,2018,12,22,12,34.5,98,Moderate,39.0,UG/M3,1 Hr,Valid
Tashkent,PM2.5 - Principal,2018-12-22 01:00 PM,2018,12,22,13,26.7,82,Moderate,19.0,UG/M3,1 Hr,Valid
Tashkent,PM2.5 - Principal,2018-12-22 02:00 PM,2018,12,22,14,13.8,55,Moderate,1.0,UG/M3,1 Hr,Valid
Tashkent,PM2.5 - Principal,2018-12-22 03:00 PM,2018,12,22,15,30.9,91,Moderate,48.0,UG/M3,1 Hr,Valid
Tashkent,PM2.5 - Principal,2018-12-22 04:00 PM,2018,12,22,16,43.9,122,Unhealthy for Sensitive Groups,57.0,UG/M3,1 Hr,Valid
Tashkent,PM2.5 - Principal,2018-12-22 05:00 PM,2018,12,22,17,48.4,133,Unhealthy for Sensitive Groups,53.0,UG/M3,1 Hr,Valid
Tashkent,PM2.5 - Principal,2018-12-22 06:00 PM,2018,12,22,18,49.7,136,Unhealthy for Sensitive Groups,51.0,UG/M3,1 Hr,Valid
Tashkent,PM2.5 - Principal,2018-12-22 07:00 PM,2018,12,22,19,62.3,155,Unhealthy,75.0,UG/M3,1 Hr,Valid
Tashkent,PM2.5 - Principal,2018-12-22 08:00 PM,2018,12,22,20,77.1,162,Unhealthy,92.0,UG/M3,1 Hr,Valid
Tashkent,PM2.5 - Principal,2018-12-22 09:00 PM,2018,12,22,21,82.6,165,Unhealthy,88.0,UG/M3,1 Hr,Valid
Tashkent,PM2.5 - Principal,2018-12-22 10:00 PM,2018,12,22,22,90.3,169,Unhealthy,98.0,UG/M3,1 Hr,Valid
Tashkent,PM2.5 - Principal,2018-12-22 11:00 PM,2018,12,22,23,88.1,168,Unhealthy,86.0,UG/M3,1 Hr,Valid
Tashkent,PM2.5 - Principal,2018-12-23 12:00 AM,2018,12,23,00,68.0,157,Unhealthy,48.0,UG/M3,1 Hr,Valid
Tashkent,PM2.5 - Principal,2018-12-23 01:00 AM,2018,12,23,01,63.0,155,Unhealthy,58.0,UG/M3,1 Hr,Valid
Tashkent,PM2.5 - Principal,2018-12-23 02:00 AM,2018,12,23,02,49.5,135,Unhealthy for Sensitive Groups,36.0,UG/M3,1 Hr,Valid
Tashkent,PM2.5 - Principal,2018-12-23 03:00 AM,2018,12,23,03,42.7,119,Unhealthy for Sensitive Groups,36.0,UG/M3,1 Hr,Valid
Tashkent,PM2.5 - Principal,2018-12-23 04:00 AM,2018,12,23,04,49.3,135,Unhealthy for Sensitive Groups,56.0,UG/M3,1 Hr,Valid
Tashkent,PM2.5 - Principal,2018-12-23 05:00 AM,2018,12,23,05,85.6,167,Unhealthy,122.0,UG/M3,1 Hr,Valid
Tashkent,PM2.5 - Principal,2018-12-23 06:00 AM,2018,12,23,06,85.8,167,Unhealthy,86.0,UG/M3,1 Hr,Valid
Tashkent,PM2.5 - Principal,2018-12-23 07:00 AM,2018,12,23,07,80.4,164,Unhealthy,75.0,UG/M3,1 Hr,Valid
Tashkent,PM2.5 - Principal,2018-12-23 08:00 AM,2018,12,23,08,82.7,165,Unhealthy,85.0,UG/M3,1 Hr,Valid
Tashkent,PM2.5 - Principal,2018-12-23 09:00 AM,2018,12,23,09,105.3,177,Unhealthy,128.0,UG/M3,1 Hr,Valid
Tashkent,PM2.5 - Principal,2018-12-23 10:00 AM,2018,12,23,10,102.6,175,Unhealthy,100.0,UG/M3,1 Hr,Valid
Tashkent,PM2.5 - Principal,2018-12-23 11:00 AM,2018,12,23,11,97.8,173,Unhealthy,93.0,UG/M3,1 Hr,Valid
Tashkent,PM2.5 - Principal,2018-12-23 12:00 PM,2018,12,23,12,91.9,170,Unhealthy,86.0,UG/M3,1 Hr,Valid
Tashkent,PM2.5 - Principal,2018-12-23 01:00 PM,2018,12,23,13,97.9,173,Unhealthy,104.0,UG/M3,1 Hr,Valid
Tashkent,PM2.5 - Principal,2018-12-23 02:00 PM,2018,12,23,14,116.4,182,Unhealthy,135.0,UG/M3,1 Hr,Valid
Tashkent,PM2.5 - Principal,2018-12-23 03:00 PM,2018,12,23,15,124.2,186,Unhealthy,132.0,UG/M3,1 Hr,Valid
Tashkent,PM2.5 - Principal,2018-12-23 04:00 PM,2018,12,23,16,99.9,174,Unhealthy,73.0,UG/M3,1 Hr,Valid
Tashkent,PM2.5 - Principal,2018-12-23 05:00 PM,2018,12,23,17,76.3,162,Unhealthy,54.0,UG/M3,1 Hr,Valid
Tashkent,PM2.5 - Principal,2018-12-23 06:00 PM,2018,12,23,18,72.6,160,Unhealthy,69.0,UG/M3,1 Hr,Valid
Tashkent,PM2.5 - Principal,2018-12-23 07:00 PM,2018,12,23,19,76.8,162,Unhealthy,81.0,UG/M3,1 Hr,Valid
Tashkent,PM2.5 - Principal,2018-12-23 08:00 PM,2018,12,23,20,79.4,163,Unhealthy,82.0,UG/M3,1 Hr,Valid
Tashkent,PM2.5 - Principal,2018-12-23 09:00 PM,2018,12,23,21,81.2,164,Unhealthy,83.0,UG/M3,1 Hr,Valid
Tashkent,PM2.5 - Principal,2018-12-23 10:00 PM,2018,12,23,22,81.0,164,Unhealthy,81.0,UG/M3,1 Hr,Valid
Tashkent,PM2.5 - Principal,2018-12-23 11:00 PM,2018,12,23,23,79.5,163,Unhealthy,78.0,UG/M3,1 Hr,Valid
Tashkent,PM2.5 - Principal,2018-12-24 12:00 AM,2018,12,24,00,71.7,159,Unhealthy,64.0,UG/M3,1 Hr,Valid
Tashkent,PM2.5 - Principal,2018-12-24 01:00 AM,2018,12,24,01,71.8,159,Unhealthy,72.0,UG/M3,1 Hr,Valid
Tashkent,PM2.5 - Principal,2018-12-24 02:00 AM,2018,12,24,02,65.4,156,Unhealthy,59.0,UG/M3,1 Hr,Valid
Tashkent,PM2.5 - Principal,2018-12-24 03:00 AM,2018,12,24,03,61.7,154,Unhealthy,52.0,UG/M3,1 Hr,Valid
Tashkent,PM2.5 - Principal,2018-12-24 04:00 AM,2018,12,24,04,64.4,156,Unhealthy,69.0,UG/M3,1 Hr,Valid
Tashkent,PM2.5 - Principal,2018-12-24 05:00 AM,2018,12,24,05,71.9,159,Unhealthy,84.0,UG/M3,1 Hr,Valid
Tashkent,PM2.5 - Principal,2018-12-24 06:00 AM,2018,12,24,06,67.7,157,Unhealthy,61.0,UG/M3,1 Hr,Valid
Tashkent,PM2.5 - Principal,2018-12-24 07:00 AM,2018,12,24,07,64.3,156,Unhealthy,59.0,UG/M3,1 Hr,Valid
Tashkent,PM2.5 - Principal,2018-12-24 08:00 AM,2018,12,24,08,60.0,153,Unhealthy,53.0,UG/M3,1 Hr,Valid
Tashkent,PM2.5 - Principal,2018-12-24 09:00 AM,2018,12,24,09,59.9,153,Unhealthy,60.0,UG/M3,1 Hr,Valid
Tashkent,PM2.5 - Principal,2018-12-24 10:00 AM,2018,12,24,10,62.6,155,Unhealthy,67.0,UG/M3,1 Hr,Valid
Tashkent,PM2.5 - Principal,2018-12-24 11:00 AM,2018,12,24,11,65.4,156,Unhealthy,70.0,UG/M3,1 Hr,Valid
Tashkent,PM2.5 - Principal,2018-12-24 12:00 PM,2018,12,24,12,72.1,160,Unhealthy,83.0,UG/M3,1 Hr,Valid
Tashkent,PM2.5 - Principal,2018-12-24 01:00 PM,2018,12,24,13,74.7,161,Unhealthy,79.0,UG/M3,1 Hr,Valid
Tashkent,PM2.5 - Principal,2018-12-24 02:00 PM,2018,12,24,14,84.0,166,Unhealthy,94.0,UG/M3,1 Hr,Valid
Tashkent,PM2.5 - Principal,2018-12-24 03:00 PM,2018,12,24,15,77.3,162,Unhealthy,69.0,UG/M3,1 Hr,Valid
Tashkent,PM2.5 - Principal,2018-12-24 04:00 PM,2018,12,24,16,59.6,153,Unhealthy,42.0,UG/M3,1 Hr,Valid
Tashkent,PM2.5 - Principal,2018-12-24 05:00 PM,2018,12,24,17,53.8,146,Unhealthy for Sensitive Groups,48.0,UG/M3,1 Hr,Valid
Tashkent,PM2.5 - Principal,2018-12-24 06:00 PM,2018,12,24,18,63.9,155,Unhealthy,74.0,UG/M3,1 Hr,Valid
Tashkent,PM2.5 - Principal,2018-12-24 07:00 PM,2018,12,24,19,75.4,161,Unhealthy,87.0,UG/M3,1 Hr,Valid
Tashkent,PM2.5 - Principal,2018-12-24 08:00 PM,2018,12,24,20,80.7,164,Unhealthy,86.0,UG/M3,1 Hr,Valid
Tashkent,PM2.5 - Principal,2018-12-24 09:00 PM,2018,12,24,21,84.8,166,Unhealthy,89.0,UG/M3,1 Hr,Valid
Tashkent,PM2.5 - Principal,2018-12-24 10:00 PM,2018,12,24,22,90.9,169,Unhealthy,97.0,UG/M3,1 Hr,Valid
Tashkent,PM2.5 - Principal,2018-12-24 11:00 PM,2018,12,24,23,93.9,171,Unhealthy,97.0,UG/M3,1 Hr,Valid
Tashkent,PM2.5 - Principal,2018-12-25 12:00 AM,2018,12,25,00,64.4,156,Unhealthy,35.0,UG/M3,1 Hr,Valid
Tashkent,PM2.5 - Principal,2018-12-25 01:00 AM,2018,12,25,01,60.7,154,Unhealthy,57.0,UG/M3,1 Hr,Valid
Tashkent,PM2.5 - Principal,2018-12-25 02:00 AM,2018,12,25,02,57.8,152,Unhealthy,55.0,UG/M3,1 Hr,Valid
Tashkent,PM2.5 - Principal,2018-12-25 03:00 AM,2018,12,25,03,64.9,156,Unhealthy,72.0,UG/M3,1 Hr,Valid
Tashkent,PM2.5 - Principal,2018-12-25 04:00 AM,2018,12,25,04,69.9,158,Unhealthy,75.0,UG/M3,1 Hr,Valid
Tashkent,PM2.5 - Principal,2018-12-25 05:00 AM,2018,12,25,05,66.4,157,Unhealthy,63.0,UG/M3,1 Hr,Valid
Tashkent,PM2.5 - Principal,2018-12-25 06:00 AM,2018,12,25,06,47.2,130,Unhealthy for Sensitive Groups,28.0,UG/M3,1 Hr,Valid
Tashkent,PM2.5 - Principal,2018-12-25 07:00 AM,2018,12,25,07,32.6,94,Moderate,18.0,UG/M3,1 Hr,Valid
Tashkent,PM2.5 - Principal,2018-12-25 08:00 AM,2018,12,25,08,35.2,100,Moderate,38.0,UG/M3,1 Hr,Valid
Tashkent,PM2.5 - Principal,2018-12-25 09:00 AM,2018,12,25,09,37.1,105,Unhealthy for Sensitive Groups,39.0,UG/M3,1 Hr,Valid
Tashkent,PM2.5 - Principal,2018-12-25 10:00 AM,2018,12,25,10,31.5,92,Moderate,26.0,UG/M3,1 Hr,Valid
Tashkent,PM2.5 - Principal,2018-12-25 11:00 AM,2018,12,25,11,24.2,76,Moderate,17.0,UG/M3,1 Hr,Valid
Tashkent,PM2.5 - Principal,2018-12-25 12:00 PM,2018,12,25,12,37.6,106,Unhealthy for Sensitive Groups,51.0,UG/M3,1 Hr,Valid
Tashkent,PM2.5 - Principal,2018-12-25 01:00 PM,2018,12,25,13,27.8,84,Moderate,18.0,UG/M3,1 Hr,Valid
Tashkent,PM2.5 - Principal,2018-12-25 02:00 PM,2018,12,25,14,16.4,60,Moderate,5.0,UG/M3,1 Hr,Valid
Tashkent,PM2.5 - Principal,2018-12-25 03:00 PM,2018,12,25,15,11.1,46,Good,6.0,UG/M3,1 Hr,Valid
Tashkent,PM2.5 - Principal,2018-12-25 04:00 PM,2018,12,25,16,10.0,42,Good,9.0,UG/M3,1 Hr,Valid
Tashkent,PM2.5 - Principal,2018-12-25 05:00 PM,2018,12,25,17,11.5,48,Good,13.0,UG/M3,1 Hr,Valid
Tashkent,PM2.5 - Principal,2018-12-25 06:00 PM,2018,12,25,18,13.2,53,Moderate,15.0,UG/M3,1 Hr,Valid
Tashkent,PM2.5 - Principal,2018-12-25 07:00 PM,2018,12,25,19,15.1,57,Moderate,17.0,UG/M3,1 Hr,Valid
Tashkent,PM2.5 - Principal,2018-12-25 08:00 PM,2018,12,25,20,18.5,64,Moderate,22.0,UG/M3,1 Hr,Valid
Tashkent,PM2.5 - Principal,2018-12-25 09:00 PM,2018,12,25,21,29.2,87,Moderate,40.0,UG/M3,1 Hr,Valid
Tashkent,PM2.5 - Principal,2018-12-25 10:00 PM,2018,12,25,22,62.1,154,Unhealthy,95.0,UG/M3,1 Hr,Valid
Tashkent,PM2.5 - Principal,2018-12-25 11:00 PM,2018,12,25,23,80.5,164,Unhealthy,99.0,UG/M3,1 Hr,Valid
Tashkent,PM2.5 - Principal,2018-12-26 12:00 AM,2018,12,26,00,87.7,168,Unhealthy,95.0,UG/M3,1 Hr,Valid
Tashkent,PM2.5 - Principal,2018-12-26 01:00 AM,2018,12,26,01,95.4,172,Unhealthy,103.0,UG/M3,1 Hr,Valid
Tashkent,PM2.5 - Principal,2018-12-26 02:00 AM,2018,12,26,02,90.2,169,Unhealthy,85.0,UG/M3,1 Hr,Valid
Tashkent,PM2.5 - Principal,2018-12-26 03:00 AM,2018,12,26,03,92.6,170,Unhealthy,95.0,UG/M3,1 Hr,Valid
Tashkent,PM2.5 - Principal,2018-12-26 04:00 AM,2018,12,26,04,92.3,170,Unhealthy,92.0,UG/M3,1 Hr,Valid
Tashkent,PM2.5 - Principal,2018-12-26 05:00 AM,2018,12,26,05,60.6,154,Unhealthy,29.0,UG/M3,1 Hr,Valid
Tashkent,PM2.5 - Principal,2018-12-26 06:00 AM,2018,12,26,06,43.8,121,Unhealthy for Sensitive Groups,27.0,UG/M3,1 Hr,Valid
Tashkent,PM2.5 - Principal,2018-12-26 07:00 AM,2018,12,26,07,30.4,89,Moderate,17.0,UG/M3,1 Hr,Valid
Tashkent,PM2.5 - Principal,2018-12-26 08:00 AM,2018,12,26,08,39.7,111,Unhealthy for Sensitive Groups,49.0,UG/M3,1 Hr,Valid
Tashkent,PM2.5 - Principal,2018-12-26 09:00 AM,2018,12,26,09,62.8,155,Unhealthy,86.0,UG/M3,1 Hr,Valid
Tashkent,PM2.5 - Principal,2018-12-26 10:00 AM,2018,12,26,10,71.9,159,Unhealthy,81.0,UG/M3,1 Hr,Valid
Tashkent,PM2.5 - Principal,2018-12-26 11:00 AM,2018,12,26,11,77.9,163,Unhealthy,84.0,UG/M3,1 Hr,Valid
Tashkent,PM2.5 - Principal,2018-12-26 12:00 PM,2018,12,26,12,84.4,166,Unhealthy,91.0,UG/M3,1 Hr,Valid
Tashkent,PM2.5 - Principal,2018-12-26 01:00 PM,2018,12,26,13,81.7,165,Unhealthy,79.0,UG/M3,1 Hr,Valid
Tashkent,PM2.5 - Principal,2018-12-26 02:00 PM,2018,12,26,14,74.3,161,Unhealthy,67.0,UG/M3,1 Hr,Valid
Tashkent,PM2.5 - Principal,2018-12-26 03:00 PM,2018,12,26,15,59.1,153,Unhealthy,44.0,UG/M3,1 Hr,Valid
Tashkent,PM2.5 - Principal,2018-12-26 04:00 PM,2018,12,26,16,58.5,153,Unhealthy,58.0,UG/M3,1 Hr,Valid
Tashkent,PM2.5 - Principal,2018-12-26 05:00 PM,2018,12,26,17,62.7,155,Unhealthy,67.0,UG/M3,1 Hr,Valid
Tashkent,PM2.5 - Principal,2018-12-26 06:00 PM,2018,12,26,18,73.4,160,Unhealthy,84.0,UG/M3,1 Hr,Valid
Tashkent,PM2.5 - Principal,2018-12-26 07:00 PM,2018,12,26,19,79.7,163,Unhealthy,86.0,UG/M3,1 Hr,Valid
Tashkent,PM2.5 - Principal,2018-12-26 08:00 PM,2018,12,26,20,85.3,166,Unhealthy,91.0,UG/M3,1 Hr,Valid
Tashkent,PM2.5 - Principal,2018-12-26 09:00 PM,2018,12,26,21,89.1,168,Unhealthy,93.0,UG/M3,1 Hr,Valid
Tashkent,PM2.5 - Principal,2018-12-26 10:00 PM,2018,12,26,22,66.5,157,Unhealthy,44.0,UG/M3,1 Hr,Valid
Tashkent,PM2.5 - Principal,2018-12-26 11:00 PM,2018,12,26,23,52.7,143,Unhealthy for Sensitive Groups,39.0,UG/M3,1 Hr,Valid
Tashkent,PM2.5 - Principal,2018-12-27 12:00 AM,2018,12,27,00,47.8,131,Unhealthy for Sensitive Groups,43.0,UG/M3,1 Hr,Valid
Tashkent,PM2.5 - Principal,2018-12-27 01:00 AM,2018,12,27,01,40.9,114,Unhealthy for Sensitive Groups,34.0,UG/M3,1 Hr,Valid
Tashkent,PM2.5 - Principal,2018-12-27 02:00 AM,2018,12,27,02,29.4,87,Moderate,18.0,UG/M3,1 Hr,Valid
Tashkent,PM2.5 - Principal,2018-12-27 03:00 AM,2018,12,27,03,20.2,68,Moderate,11.0,UG/M3,1 Hr,Valid
Tashkent,PM2.5 - Principal,2018-12-27 04:00 AM,2018,12,27,04,17.1,62,Moderate,14.0,UG/M3,1 Hr,Valid
Tashkent,PM2.5 - Principal,2018-12-27 05:00 AM,2018,12,27,05,15.0,57,Moderate,13.0,UG/M3,1 Hr,Valid
Tashkent,PM2.5 - Principal,2018-12-27 06:00 AM,2018,12,27,06,12.0,50,Good,9.0,UG/M3,1 Hr,Valid
Tashkent,PM2.5 - Principal,2018-12-27 07:00 AM,2018,12,27,07,11.9,50,Good,12.0,UG/M3,1 Hr,Valid
Tashkent,PM2.5 - Principal,2018-12-27 08:00 AM,2018,12,27,08,10.9,45,Good,10.0,UG/M3,1 Hr,Valid
Tashkent,PM2.5 - Principal,2018-12-27 09:00 AM,2018,12,27,09,10.4,43,Good,10.0,UG/M3,1 Hr,Valid
Tashkent,PM2.5 - Principal,2018-12-27 10:00 AM,2018,12,27,10,9.2,38,Good,8.0,UG/M3,1 Hr,Valid
Tashkent,PM2.5 - Principal,2018-12-27 11:00 AM,2018,12,27,11,10.1,42,Good,11.0,UG/M3,1 Hr,Valid
Tashkent,PM2.5 - Principal,2018-12-27 12:00 PM,2018,12,27,12,10.0,42,Good,10.0,UG/M3,1 Hr,Valid
Tashkent,PM2.5 - Principal,2018-12-27 01:00 PM,2018,12,27,13,10.0,42,Good,10.0,UG/M3,1 Hr,Valid
Tashkent,PM2.5 - Principal,2018-12-27 02:00 PM,2018,12,27,14,9.1,38,Good,8.0,UG/M3,1 Hr,Valid
Tashkent,PM2.5 - Principal,2018-12-27 03:00 PM,2018,12,27,15,8.0,33,Good,7.0,UG/M3,1 Hr,Valid
Tashkent,PM2.5 - Principal,2018-12-27 04:00 PM,2018,12,27,16,7.6,32,Good,7.0,UG/M3,1 Hr,Valid
Tashkent,PM2.5 - Principal,2018-12-27 05:00 PM,2018,12,27,17,8.2,34,Good,9.0,UG/M3,1 Hr,Valid
Tashkent,PM2.5 - Principal,2018-12-27 06:00 PM,2018,12,27,18,12.6,52,Moderate,17.0,UG/M3,1 Hr,Valid
Tashkent,PM2.5 - Principal,2018-12-27 07:00 PM,2018,12,27,19,14.8,57,Moderate,17.0,UG/M3,1 Hr,Valid
Tashkent,PM2.5 - Principal,2018-12-27 08:00 PM,2018,12,27,20,12.9,53,Moderate,11.0,UG/M3,1 Hr,Valid
Tashkent,PM2.5 - Principal,2018-12-27 09:00 PM,2018,12,27,21,10.9,45,Good,9.0,UG/M3,1 Hr,Valid
Tashkent,PM2.5 - Principal,2018-12-27 10:00 PM,2018,12,27,22,9.9,41,Good,9.0,UG/M3,1 Hr,Valid
Tashkent,PM2.5 - Principal,2018-12-27 11:00 PM,2018,12,27,23,8.9,37,Good,8.0,UG/M3,1 Hr,Valid
Tashkent,PM2.5 - Principal,2018-12-28 12:00 AM,2018,12,28,00,7.4,31,Good,6.0,UG/M3,1 Hr,Valid
Tashkent,PM2.5 - Principal,2018-12-28 01:00 AM,2018,12,28,01,6.7,28,Good,6.0,UG/M3,1 Hr,Valid
Tashkent,PM2.5 - Principal,2018-12-28 02:00 AM,2018,12,28,02,6.8,28,Good,7.0,UG/M3,1 Hr,Valid
Tashkent,PM2.5 - Principal,2018-12-28 03:00 AM,2018,12,28,03,6.4,27,Good,6.0,UG/M3,1 Hr,Valid
Tashkent,PM2.5 - Principal,2018-12-28 04:00 AM,2018,12,28,04,5.2,22,Good,4.0,UG/M3,1 Hr,Valid
Tashkent,PM2.5 - Principal,2018-12-28 05:00 AM,2018,12,28,05,6.1,25,Good,7.0,UG/M3,1 Hr,Valid
Tashkent,PM2.5 - Principal,2018-12-28 06:00 AM,2018,12,28,06,5.0,21,Good,4.0,UG/M3,1 Hr,Valid
Tashkent,PM2.5 - Principal,2018-12-28 07:00 AM,2018,12,28,07,5.0,21,Good,5.0,UG/M3,1 Hr,Valid
Tashkent,PM2.5 - Principal,2018-12-28 08:00 AM,2018,12,28,08,4.5,19,Good,4.0,UG/M3,1 Hr,Valid
Tashkent,PM2.5 - Principal,2018-12-28 09:00 AM,2018,12,28,09,4.2,18,Good,4.0,UG/M3,1 Hr,Valid
Tashkent,PM2.5 - Principal,2018-12-28 10:00 AM,2018,12,28,10,5.1,21,Good,6.0,UG/M3,1 Hr,Valid
Tashkent,PM2.5 - Principal,2018-12-28 11:00 AM,2018,12,28,11,6.5,27,Good,8.0,UG/M3,1 Hr,Valid
Tashkent,PM2.5 - Principal,2018-12-28 12:00 PM,2018,12,28,12,7.7,32,Good,9.0,UG/M3,1 Hr,Valid
Tashkent,PM2.5 - Principal,2018-12-28 01:00 PM,2018,12,28,13,6.3,26,Good,5.0,UG/M3,1 Hr,Valid
Tashkent,PM2.5 - Principal,2018-12-28 02:00 PM,2018,12,28,14,5.6,23,Good,5.0,UG/M3,1 Hr,Valid
Tashkent,PM2.5 - Principal,2018-12-28 03:00 PM,2018,12,28,15,5.3,22,Good,5.0,UG/M3,1 Hr,Valid
Tashkent,PM2.5 - Principal,2018-12-28 04:00 PM,2018,12,28,16,5.1,21,Good,5.0,UG/M3,1 Hr,Valid
Tashkent,PM2.5 - Principal,2018-12-28 05:00 PM,2018,12,28,17,8.0,33,Good,11.0,UG/M3,1 Hr,Valid
Tashkent,PM2.5 - Principal,2018-12-28 06:00 PM,2018,12,28,18,11.5,48,Good,15.0,UG/M3,1 Hr,Valid
Tashkent,PM2.5 - Principal,2018-12-28 07:00 PM,2018,12,28,19,11.7,49,Good,12.0,UG/M3,1 Hr,Valid
Tashkent,PM2.5 - Principal,2018-12-28 08:00 PM,2018,12,28,20,9.3,39,Good,7.0,UG/M3,1 Hr,Valid
Tashkent,PM2.5 - Principal,2018-12-28 09:00 PM,2018,12,28,21,15.1,57,Moderate,21.0,UG/M3,1 Hr,Valid
Tashkent,PM2.5 - Principal,2018-12-28 10:00 PM,2018,12,28,22,27.6,84,Moderate,40.0,UG/M3,1 Hr,Valid
Tashkent,PM2.5 - Principal,2018-12-28 11:00 PM,2018,12,28,23,39.8,112,Unhealthy for Sensitive Groups,52.0,UG/M3,1 Hr,Valid
Tashkent,PM2.5 - Principal,2018-12-29 12:00 AM,2018,12,29,00,27.4,83,Moderate,15.0,UG/M3,1 Hr,Valid
Tashkent,PM2.5 - Principal,2018-12-29 01:00 AM,2018,12,29,01,20.2,68,Moderate,13.0,UG/M3,1 Hr,Valid
Tashkent,PM2.5 - Principal,2018-12-29 02:00 AM,2018,12,29,02,13.1,53,Moderate,6.0,UG/M3,1 Hr,Valid
Tashkent,PM2.5 - Principal,2018-12-29 03:00 AM,2018,12,29,03,8.0,33,Good,3.0,UG/M3,1 Hr,Valid
Tashkent,PM2.5 - Principal,2018-12-29 04:00 AM,2018,12,29,04,7.0,29,Good,6.0,UG/M3,1 Hr,Valid
Tashkent,PM2.5 - Principal,2018-12-29 05:00 AM,2018,12,29,05,6.0,25,Good,5.0,UG/M3,1 Hr,Valid
Tashkent,PM2.5 - Principal,2018-12-29 06:00 AM,2018,12,29,06,5.0,21,Good,4.0,UG/M3,1 Hr,Valid
Tashkent,PM2.5 - Principal,2018-12-29 07:00 AM,2018,12,29,07,7.5,31,Good,10.0,UG/M3,1 Hr,Valid
Tashkent,PM2.5 - Principal,2018-12-29 08:00 AM,2018,12,29,08,19.7,67,Moderate,32.0,UG/M3,1 Hr,Valid
Tashkent,PM2.5 - Principal,2018-12-29 09:00 AM,2018,12,29,09,28.8,86,Moderate,38.0,UG/M3,1 Hr,Valid
Tashkent,PM2.5 - Principal,2018-12-29 10:00 AM,2018,12,29,10,25.9,80,Moderate,23.0,UG/M3,1 Hr,Valid
Tashkent,PM2.5 - Principal,2018-12-29 11:00 AM,2018,12,29,11,22.4,73,Moderate,19.0,UG/M3,1 Hr,Valid
Tashkent,PM2.5 - Principal,2018-12-29 12:00 PM,2018,12,29,12,26.7,82,Moderate,31.0,UG/M3,1 Hr,Valid
Tashkent,PM2.5 - Principal,2018-12-29 01:00 PM,2018,12,29,13,40.8,114,Unhealthy for Sensitive Groups,55.0,UG/M3,1 Hr,Valid
Tashkent,PM2.5 - Principal,2018-12-29 02:00 PM,2018,12,29,14,53.4,145,Unhealthy for Sensitive Groups,66.0,UG/M3,1 Hr,Valid
Tashkent,PM2.5 - Principal,2018-12-29 03:00 PM,2018,12,29,15,57.2,152,Unhealthy,61.0,UG/M3,1 Hr,Valid
Tashkent,PM2.5 - Principal,2018-12-29 04:00 PM,2018,12,29,16,68.6,158,Unhealthy,80.0,UG/M3,1 Hr,Valid
Tashkent,PM2.5 - Principal,2018-12-29 05:00 PM,2018,12,29,17,71.8,159,Unhealthy,75.0,UG/M3,1 Hr,Valid
Tashkent,PM2.5 - Principal,2018-12-29 06:00 PM,2018,12,29,18,73.4,160,Unhealthy,75.0,UG/M3,1 Hr,Valid
Tashkent,PM2.5 - Principal,2018-12-29 07:00 PM,2018,12,29,19,71.7,159,Unhealthy,70.0,UG/M3,1 Hr,Valid
Tashkent,PM2.5 - Principal,2018-12-29 08:00 PM,2018,12,29,20,74.8,161,Unhealthy,78.0,UG/M3,1 Hr,Valid
Tashkent,PM2.5 - Principal,2018-12-29 09:00 PM,2018,12,29,21,66.4,157,Unhealthy,58.0,UG/M3,1 Hr,Valid
Tashkent,PM2.5 - Principal,2018-12-29 10:00 PM,2018,12,29,22,64.2,155,Unhealthy,62.0,UG/M3,1 Hr,Valid
Tashkent,PM2.5 - Principal,2018-12-29 11:00 PM,2018,12,29,23,64.1,155,Unhealthy,64.0,UG/M3,1 Hr,Valid
Tashkent,PM2.5 - Principal,2018-12-30 12:00 AM,2018,12,30,00,68.6,158,Unhealthy,75.0,UG/M3,1 Hr,Valid
Tashkent,PM2.5 - Principal,2018-12-30 01:00 AM,2018,12,30,01,73.0,160,Unhealthy,83.0,UG/M3,1 Hr,Valid
Tashkent,PM2.5 - Principal,2018-12-30 02:00 AM,2018,12,30,02,74.6,161,Unhealthy,78.0,UG/M3,1 Hr,Valid
Tashkent,PM2.5 - Principal,2018-12-30 03:00 AM,2018,12,30,03,53.5,145,Unhealthy for Sensitive Groups,30.0,UG/M3,1 Hr,Valid
Tashkent,PM2.5 - Principal,2018-12-30 04:00 AM,2018,12,30,04,36.2,103,Unhealthy for Sensitive Groups,19.0,UG/M3,1 Hr,Valid
Tashkent,PM2.5 - Principal,2018-12-30 05:00 AM,2018,12,30,05,24.1,76,Moderate,12.0,UG/M3,1 Hr,Valid
Tashkent,PM2.5 - Principal,2018-12-30 06:00 AM,2018,12,30,06,17.5,62,Moderate,11.0,UG/M3,1 Hr,Valid
Tashkent,PM2.5 - Principal,2018-12-30 07:00 AM,2018,12,30,07,14.2,55,Moderate,11.0,UG/M3,1 Hr,Valid
Tashkent,PM2.5 - Principal,2018-12-30 08:00 AM,2018,12,30,08,11.1,46,Good,8.0,UG/M3,1 Hr,Valid
Tashkent,PM2.5 - Principal,2018-12-30 09:00 AM,2018,12,30,09,10.0,42,Good,9.0,UG/M3,1 Hr,Valid
Tashkent,PM2.5 - Principal,2018-12-30 10:00 AM,2018,12,30,10,8.5,35,Good,7.0,UG/M3,1 Hr,Valid
Tashkent,PM2.5 - Principal,2018-12-30 11:00 AM,2018,12,30,11,9.2,38,Good,10.0,UG/M3,1 Hr,Valid
Tashkent,PM2.5 - Principal,2018-12-30 12:00 PM,2018,12,30,12,11.1,46,Good,13.0,UG/M3,1 Hr,Valid
Tashkent,PM2.5 - Principal,2018-12-30 01:00 PM,2018,12,30,13,11.0,46,Good,11.0,UG/M3,1 Hr,Valid
Tashkent,PM2.5 - Principal,2018-12-30 02:00 PM,2018,12,30,14,10.5,44,Good,10.0,UG/M3,1 Hr,Valid
Tashkent,PM2.5 - Principal,2018-12-30 03:00 PM,2018,12,30,15,10.7,45,Good,11.0,UG/M3,1 Hr,Valid
Tashkent,PM2.5 - Principal,2018-12-30 04:00 PM,2018,12,30,16,14.8,57,Moderate,19.0,UG/M3,1 Hr,Valid
Tashkent,PM2.5 - Principal,2018-12-30 05:00 PM,2018,12,30,17,11.4,48,Good,8.0,UG/M3,1 Hr,Valid
Tashkent,PM2.5 - Principal,2018-12-30 06:00 PM,2018,12,30,18,12.2,51,Moderate,13.0,UG/M3,1 Hr,Valid
Tashkent,PM2.5 - Principal,2018-12-30 07:00 PM,2018,12,30,19,13.1,53,Moderate,14.0,UG/M3,1 Hr,Valid
Tashkent,PM2.5 - Principal,2018-12-30 08:00 PM,2018,12,30,20,19.5,67,Moderate,26.0,UG/M3,1 Hr,Valid
Tashkent,PM2.5 - Principal,2018-12-30 09:00 PM,2018,12,30,21,21.7,71,Moderate,24.0,UG/M3,1 Hr,Valid
Tashkent,PM2.5 - Principal,2018-12-30 10:00 PM,2018,12,30,22,22.3,72,Moderate,23.0,UG/M3,1 Hr,Valid
Tashkent,PM2.5 - Principal,2018-12-30 11:00 PM,2018,12,30,23,22.1,72,Moderate,22.0,UG/M3,1 Hr,Valid
Tashkent,PM2.5 - Principal,2018-12-31 12:00 AM,2018,12,31,00,23.6,75,Moderate,25.0,UG/M3,1 Hr,Valid
Tashkent,PM2.5 - Principal,2018-12-31 01:00 AM,2018,12,31,01,39.3,110,Unhealthy for Sensitive Groups,55.0,UG/M3,1 Hr,Valid
Tashkent,PM2.5 - Principal,2018-12-31 02:00 AM,2018,12,31,02,42.6,118,Unhealthy for Sensitive Groups,46.0,UG/M3,1 Hr,Valid
Tashkent,PM2.5 - Principal,2018-12-31 03:00 AM,2018,12,31,03,52.8,144,Unhealthy for Sensitive Groups,63.0,UG/M3,1 Hr,Valid
Tashkent,PM2.5 - Principal,2018-12-31 04:00 AM,2018,12,31,04,47.4,130,Unhealthy for Sensitive Groups,42.0,UG/M3,1 Hr,Valid
Tashkent,PM2.5 - Principal,2018-12-31 05:00 AM,2018,12,31,05,47.7,131,Unhealthy for Sensitive Groups,48.0,UG/M3,1 Hr,Valid
Tashkent,PM2.5 - Principal,2018-12-31 06:00 AM,2018,12,31,06,38.8,109,Unhealthy for Sensitive Groups,30.0,UG/M3,1 Hr,Valid
Tashkent,PM2.5 - Principal,2018-12-31 07:00 AM,2018,12,31,07,32.9,95,Moderate,27.0,UG/M3,1 Hr,Valid
Tashkent,PM2.5 - Principal,2018-12-31 08:00 AM,2018,12,31,08,33.4,96,Moderate,34.0,UG/M3,1 Hr,Valid
Tashkent,PM2.5 - Principal,2018-12-31 09:00 AM,2018,12,31,09,35.7,101,Unhealthy for Sensitive Groups,38.0,UG/M3,1 Hr,Valid
Tashkent,PM2.5 - Principal,2018-12-31 10:00 AM,2018,12,31,10,39.8,112,Unhealthy for Sensitive Groups,44.0,UG/M3,1 Hr,Valid
Tashkent,PM2.5 - Principal,2018-12-31 11:00 AM,2018,12,31,11,47.9,132,Unhealthy for Sensitive Groups,56.0,UG/M3,1 Hr,Valid
Tashkent,PM2.5 - Principal,2018-12-31 12:00 PM,2018,12,31,12,58.4,152,Unhealthy,69.0,UG/M3,1 Hr,Valid
Tashkent,PM2.5 - Principal,2018-12-31 01:00 PM,2018,12,31,13,63.7,155,Unhealthy,69.0,UG/M3,1 Hr,Valid
Tashkent,PM2.5 - Principal,2018-12-31 02:00 PM,2018,12,31,14,68.3,158,Unhealthy,73.0,UG/M3,1 Hr,Valid
Tashkent,PM2.5 - Principal,2018-12-31 03:00 PM,2018,12,31,15,65.1,156,Unhealthy,62.0,UG/M3,1 Hr,Valid
Tashkent,PM2.5 - Principal,2018-12-31 04:00 PM,2018,12,31,16,57.0,152,Unhealthy,49.0,UG/M3,1 Hr,Valid
Tashkent,PM2.5 - Principal,2018-12-31 05:00 PM,2018,12,31,17,55.0,149,Unhealthy for Sensitive Groups,53.0,UG/M3,1 Hr,Valid
Tashkent,PM2.5 - Principal,2018-12-31 06:00 PM,2018,12,31,18,54.0,147,Unhealthy for Sensitive Groups,53.0,UG/M3,1 Hr,Valid
Tashkent,PM2.5 - Principal,2018-12-31 07:00 PM,2018,12,31,19,67.5,157,Unhealthy,81.0,UG/M3,1 Hr,Valid
Tashkent,PM2.5 - Principal,2018-12-31 08:00 PM,2018,12,31,20,68.7,158,Unhealthy,70.0,UG/M3,1 Hr,Valid
Tashkent,PM2.5 - Principal,2018-12-31 09:00 PM,2018,12,31,21,68.5,158,Unhealthy,69.0,UG/M3,1 Hr,Valid
Tashkent,PM2.5 - Principal,2018-12-31 10:00 PM,2018,12,31,22,69.5,158,Unhealthy,72.0,UG/M3,1 Hr,Valid
Tashkent,PM2.5 - Principal,2018-12-31 11:00 PM,2018,12,31,23,84.2,166,Unhealthy,98.0,UG/M3,1 Hr,Valid
Tashkent,PM2.5 - Principal,2019-01-01 12:00 AM,2019,01,01,00,97.1,172,Unhealthy,110.0,UG/M3,1 Hr,Valid
