Site,Parameter,Date (LT),Year,Month,Day,Hour,NowCast Conc.,AQI,AQI Category,Raw Conc.,Conc. Unit,Duration,QC Name
Sao Paulo,PM2.5 - Principal,2025-01-01 01:00 AM,2025,01,01,01,31.4,93,Moderate,36.9,UG/M3,1 Hr,Valid
Sao Paulo,PM2.5 - Principal,2025-01-01 02:00 AM,2025,01,01,02,34.2,98,Moderate,37.0,UG/M3,1 Hr,Valid
Sao Paulo,PM2.5 - Principal,2025-01-01 03:00 AM,2025,01,01,03,33.3,96,Moderate,32.4,UG/M3,1 Hr,Valid
Sao Paulo,PM2.5 - Principal,2025-01-01 04:00 AM,2025,01,01,04,28.3,87,Moderate,23.3,UG/M3,1 Hr,Valid
Sao Paulo,PM2.5 - Principal,2025-01-01 05:00 AM,2025,01,01,05,23.0,77,Moderate,17.6,UG/M3,1 Hr,Valid
Sao Paulo,PM2.5 - Principal,2025-01-01 06:00 AM,2025,01,01,06,17.7,67,Moderate,12.5,UG/M3,1 Hr,Valid
Sao Paulo,PM2.5 - Principal,2025-01-01 07:00 AM,2025,01,01,07,13.8,60,Moderate,9.9,UG/M3,1 Hr,Valid
Sao Paulo,PM2.5 - Principal,2025-01-01 08:00 AM,2025,01,01,08,10.8,54,Moderate,7.8,UG/M3,1 Hr,Valid
Sao Paulo,PM2.5 - Principal,2025-01-01 09:00 AM,2025,01,01,09,9.2,51,Moderate,7.5,UG/M3,1 Hr,Valid
Sao Paulo,PM2.5 - Principal,2025-01-01 10:00 AM,2025,01,01,10,7.8,43,Good,6.4,UG/M3,1 Hr,Valid
Sao Paulo,PM2.5 - Principal,2025-01-01 11:00 AM,2025,01,01,11,6.3,35,Good,4.8,UG/M3,1 Hr,Valid
Sao Paulo,PM2.5 - Principal,2025-01-01 12:00 PM,2025,01,01,12,5.5,31,Good,4.7,UG/M3,1 Hr,Valid
Sao Paulo,PM2.5 - Principal,2025-01-01 01:00 PM,2025,01,01,13,5.4,30,Good,5.3,UG/M3,1 Hr,Valid
Sao Paulo,PM2.5 - Principal,2025-01-01 02:00 PM,2025,01,01,14,9.1,51,Moderate,12.8,UG/M3,1 Hr,Valid
Sao Paulo,PM2.5 - Principal,2025-01-01 03:00 PM,2025,01,01,15,13.3,59,Moderate,17.5,UG/M3,1 Hr,Valid
Sao Paulo,PM2.5 - Principal,2025-01-01 04:00 PM,2025,01,01,16,14.1,60,Moderate,14.9,UG/M3,1 Hr,Valid
Sao Paulo,PM2.5 - Principal,2025-01-01 05:00 PM,2025,01,01,17,14.1,60,Moderate,14.1,UG/M3,1 Hr,Valid
Sao Paulo,PM2.5 - Principal,2025-01-01 06:00 PM,2025,01,01,18,14.0,60,Moderate,13.9,UG/M3,1 Hr,Valid
Sao Paulo,PM2.5 - Principal,2025-01-01 07:00 PM,2025,01,01,19,16.5,65,Moderate,18.9,UG/M3,1 Hr,Valid
Sao Paulo,PM2.5 - Principal,2025-01-01 08:00 PM,2025,01,01,20,15.9,64,Moderate,15.4,UG/M3,1 Hr,Valid
Sao Paulo,PM2.5 - Principal,2025-01-01 09:00 PM,2025,01,01,21,16.9,66,Moderate,18.0,UG/M3,1 Hr,Valid
Sao Paulo,PM2.5 - Principal,2025-01-01 10:00 PM,2025,01,01,22,15.9,64,Moderate,14.9,UG/M3,1 Hr,Valid
Sao Paulo,PM2.5 - Principal,2025-01-01 11:00 PM,2025,01,01,23,13.2,59,Moderate,10.4,UG/M3,1 Hr,Valid
Sao Paulo,PM2.5 - Principal,2025-01-02 12:00 AM,2025,01,02,00,12.2,57,Moderate,11.3,UG/M3,1 Hr,Valid
Sao Paulo,PM2.5 - Principal,2025-01-02 01:00 AM,2025,01,02,01,11.7,56,Moderate,10.7,UG/M3,1 Hr,Valid
Sao Paulo,PM2.5 - Principal,2025-01-02 02:00 AM,2025,01,02,02,9.8,52,Moderate,8.2,UG/M3,1 Hr,Valid
Sao Paulo,PM2.5 - Principal,2025-01-02 03:00 AM,2025,01,02,03,8.3,46,Good,6.8,UG/M3,1 Hr,Valid
Sao Paulo,PM2.5 - Principal,2025-01-02 04:00 AM,2025,01,02,04,7.4,41,Good,6.6,UG/M3,1 Hr,Valid
Sao Paulo,PM2.5 - Principal,2025-01-02 05:00 AM,2025,01,02,05,7.5,42,Good,7.6,UG/M3,1 Hr,Valid
Sao Paulo,PM2.5 - Principal,2025-01-02 06:00 AM,2025,01,02,06,7.2,40,Good,6.9,UG/M3,1 Hr,Valid
Sao Paulo,PM2.5 - Principal,2025-01-02 07:00 AM,2025,01,02,07,6.8,38,Good,6.5,UG/M3,1 Hr,Valid
Sao Paulo,PM2.5 - Principal,2025-01-02 08:00 AM,2025,01,02,08,6.7,37,Good,6.6,UG/M3,1 Hr,Valid
Sao Paulo,PM2.5 - Principal,2025-01-02 09:00 AM,2025,01,02,09,6.4,36,Good,6.1,UG/M3,1 Hr,Valid
Sao Paulo,PM2.5 - Principal,2025-01-02 10:00 AM,2025,01,02,10,6.5,36,Good,6.5,UG/M3,1 Hr,Valid
Sao Paulo,PM2.5 - Principal,2025-01-02 11:00 AM,2025,01,02,11,5.4,30,Good,4.4,UG/M3,1 Hr,Valid
Sao Paulo,PM2.5 - Principal,2025-01-02 12:00 PM,2025,01,02,12,4.4,24,Good,3.4,UG/M3,1 Hr,Valid
Sao Paulo,PM2.5 - Principal,2025-01-02 01:00 PM,2025,01,02,13,3.8,21,Good,3.2,UG/M3,1 Hr,Valid
Sao Paulo,PM2.5 - Principal,2025-01-02 02:00 PM,2025,01,02,14,3.7,21,Good,3.7,UG/M3,1 Hr,Valid
Sao Paulo,PM2.5 - Principal,2025-01-02 03:00 PM,2025,01,02,15,3.5,19,Good,3.2,UG/M3,1 Hr,Valid
Sao Paulo,PM2.5 - Principal,2025-01-02 04:00 PM,2025,01,02,16,4.2,23,Good,4.8,UG/M3,1 Hr,Valid
Sao Paulo,PM2.5 - Principal,2025-01-02 05:00 PM,2025,01,02,17,4.3,24,Good,4.4,UG/M3,1 Hr,Valid
Sao Paulo,PM2.5 - Principal,2025-01-02 06:00 PM,2025,01,02,18,6.2,34,Good,8.2,UG/M3,1 Hr,Valid
Sao Paulo,PM2.5 - Principal,2025-01-02 07:00 PM,2025,01,02,19,7.6,42,Good,8.9,UG/M3,1 Hr,Valid
Sao Paulo,PM2.5 - Principal,2025-01-02 08:00 PM,2025,01,02,20,6.4,36,Good,5.2,UG/M3,1 Hr,Valid
Sao Paulo,PM2.5 - Principal,2025-01-02 09:00 PM,2025,01,02,21,5.6,31,Good,4.9,UG/M3,1 Hr,Valid
Sao Paulo,PM2.5 - Principal,2025-01-02 10:00 PM,2025,01,02,22,5.4,30,Good,5.2,UG/M3,1 Hr,Valid
Sao Paulo,PM2.5 - Principal,2025-01-02 11:00 PM,2025,01,02,23,4.4,24,Good,3.4,UG/M3,1 Hr,Valid
Sao Paulo,PM2.5 - Principal,2025-01-03 12:00 AM,2025,01,03,00,4.3,24,Good,4.1,UG/M3,1 Hr,Valid
Sao Paulo,PM2.5 - Principal,2025-01-03 01:00 AM,2025,01,03,01,5.0,28,Good,5.7,UG/M3,1 Hr,Valid
Sao Paulo,PM2.5 - Principal,2025-01-03 02:00 AM,2025,01,03,02,5.5,31,Good,6.1,UG/M3,1 Hr,Valid
Sao Paulo,PM2.5 - Principal,2025-01-03 03:00 AM,2025,01,03,03,5.7,32,Good,5.9,UG/M3,1 Hr,Valid
Sao Paulo,PM2.5 - Principal,2025-01-03 04:00 AM,2025,01,03,04,5.4,30,Good,5.1,UG/M3,1 Hr,Valid
Sao Paulo,PM2.5 - Principal,2025-01-03 05:00 AM,2025,01,03,05,4.6,26,Good,3.9,UG/M3,1 Hr,Valid
Sao Paulo,PM2.5 - Principal,2025-01-03 06:00 AM,2025,01,03,06,4.2,23,Good,3.8,UG/M3,1 Hr,Valid
Sao Paulo,PM2.5 - Principal,2025-01-03 07:00 AM,2025,01,03,07,4.2,23,Good,4.0,UG/M3,1 Hr,Valid
Sao Paulo,PM2.5 - Principal,2025-01-03 08:00 AM,2025,01,03,08,4.1,23,Good,4.0,UG/M3,1 Hr,Valid
Sao Paulo,PM2.5 - Principal,2025-01-03 09:00 AM,2025,01,03,09,4.0,22,Good,3.9,UG/M3,1 Hr,Valid
Sao Paulo,PM2.5 - Principal,2025-01-03 10:00 AM,2025,01,03,10,4.2,23,Good,4.4,UG/M3,1 Hr,Valid
Sao Paulo,PM2.5 - Principal,2025-01-03 11:00 AM,2025,01,03,11,5.4,30,Good,6.8,UG/M3,1 Hr,Valid
Sao Paulo,PM2.5 - Principal,2025-01-03 12:00 PM,2025,01,03,12,5.9,33,Good,6.6,UG/M3,1 Hr,Valid
Sao Paulo,PM2.5 - Principal,2025-01-03 01:00 PM,2025,01,03,13,6.2,34,Good,6.6,UG/M3,1 Hr,Valid
Sao Paulo,PM2.5 - Principal,2025-01-03 02:00 PM,2025,01,03,14,6.0,33,Good,5.8,UG/M3,1 Hr,Valid
Sao Paulo,PM2.5 - Principal,2025-01-03 03:00 PM,2025,01,03,15,6.0,33,Good,5.9,UG/M3,1 Hr,Valid
Sao Paulo,PM2.5 - Principal,2025-01-03 04:00 PM,2025,01,03,16,5.7,32,Good,5.4,UG/M3,1 Hr,Valid
Sao Paulo,PM2.5 - Principal,2025-01-03 05:00 PM,2025,01,03,17,5.8,32,Good,5.9,UG/M3,1 Hr,Valid
Sao Paulo,PM2.5 - Principal,2025-01-03 06:00 PM,2025,01,03,18,6.2,34,Good,6.8,UG/M3,1 Hr,Valid
Sao Paulo,PM2.5 - Principal,2025-01-03 07:00 PM,2025,01,03,19,6.3,35,Good,6.3,UG/M3,1 Hr,Valid
Sao Paulo,PM2.5 - Principal,2025-01-03 08:00 PM,2025,01,03,20,6.5,36,Good,6.7,UG/M3,1 Hr,Valid
Sao Paulo,PM2.5 - Principal,2025-01-03 09:00 PM,2025,01,03,21,6.2,34,Good,5.7,UG/M3,1 Hr,Valid
Sao Paulo,PM2.5 - Principal,2025-01-03 10:00 PM,2025,01,03,22,5.7,32,Good,4.7,UG/M3,1 Hr,Valid
Sao Paulo,PM2.5 - Principal,2025-01-03 11:00 PM,2025,01,03,23,5.6,31,Good,5.3,UG/M3,1 Hr,Valid
Sao Paulo,PM2.5 - Principal,2025-01-04 12:00 AM,2025,01,04,00,5.4,30,Good,4.9,UG/M3,1 Hr,Valid
Sao Paulo,PM2.5 - Principal,2025-01-04 01:00 AM,2025,01,04,01,5.0,28,Good,4.4,UG/M3,1 Hr,Valid
Sao Paulo,PM2.5 - Principal,2025-01-04 02:00 AM,2025,01,04,02,4.9,27,Good,4.7,UG/M3,1 Hr,Valid
Sao Paulo,PM2.5 - Principal,2025-01-04 03:00 AM,2025,01,04,03,4.5,25,Good,4.0,UG/M3,1 Hr,Valid
Sao Paulo,PM2.5 - Principal,2025-01-04 04:00 AM,2025,01,04,04,4.4,24,Good,4.2,UG/M3,1 Hr,Valid
Sao Paulo,PM2.5 - Principal,2025-01-04 05:00 AM,2025,01,04,05,4.2,23,Good,4.0,UG/M3,1 Hr,Valid
Sao Paulo,PM2.5 - Principal,2025-01-04 06:00 AM,2025,01,04,06,4.1,23,Good,4.0,UG/M3,1 Hr,Valid
Sao Paulo,PM2.5 - Principal,2025-01-04 07:00 AM,2025,01,04,07,3.8,21,Good,3.5,UG/M3,1 Hr,Valid
Sao Paulo,PM2.5 - Principal,2025-01-04 08:00 AM,2025,01,04,08,4.3,24,Good,5.0,UG/M3,1 Hr,Valid
Sao Paulo,PM2.5 - Principal,2025-01-04 09:00 AM,2025,01,04,09,5.1,28,Good,6.1,UG/M3,1 Hr,Valid
Sao Paulo,PM2.5 - Principal,2025-01-04 10:00 AM,2025,01,04,10,6.0,33,Good,6.8,UG/M3,1 Hr,Valid
Sao Paulo,PM2.5 - Principal,2025-01-04 11:00 AM,2025,01,04,11,6.7,37,Good,7.3,UG/M3,1 Hr,Valid
Sao Paulo,PM2.5 - Principal,2025-01-04 12:00 PM,2025,01,04,12,6.9,38,Good,7.2,UG/M3,1 Hr,Valid
Sao Paulo,PM2.5 - Principal,2025-01-04 01:00 PM,2025,01,04,13,7.7,43,Good,8.6,UG/M3,1 Hr,Valid
Sao Paulo,PM2.5 - Principal,2025-01-04 02:00 PM,2025,01,04,14,8.3,46,Good,8.8,UG/M3,1 Hr,Valid
Sao Paulo,PM2.5 - Principal,2025-01-04 03:00 PM,2025,01,04,15,7.6,42,Good,6.9,UG/M3,1 Hr,Valid
Sao Paulo,PM2.5 - Principal,2025-01-04 04:00 PM,2025,01,04,16,7.2,40,Good,6.9,UG/M3,1 Hr,Valid
Sao Paulo,PM2.5 - Principal,2025-01-04 05:00 PM,2025,01,04,17,7.4,41,Good,7.6,UG/M3,1 Hr,Valid
Sao Paulo,PM2.5 - Principal,2025-01-04 06:00 PM,2025,01,04,18,7.6,42,Good,7.8,UG/M3,1 Hr,Valid
Sao Paulo,PM2.5 - Principal,2025-01-04 07:00 PM,2025,01,04,19,8.3,46,Good,9.1,UG/M3,1 Hr,Valid
Sao Paulo,PM2.5 - Principal,2025-01-04 08:00 PM,2025,01,04,20,8.5,47,Good,9.3,UG/M3,1 Hr,Valid
Sao Paulo,PM2.5 - Principal,2025-01-04 09:00 PM,2025,01,04,21,10.1,53,Moderate,12.0,UG/M3,1 Hr,Valid
Sao Paulo,PM2.5 - Principal,2025-01-04 10:00 PM,2025,01,04,22,9.1,51,Moderate,7.8,UG/M3,1 Hr,Valid
Sao Paulo,PM2.5 - Principal,2025-01-04 11:00 PM,2025,01,04,23,8.3,46,Good,7.3,UG/M3,1 Hr,Valid
Sao Paulo,PM2.5 - Principal,2025-01-05 12:00 AM,2025,01,05,00,8.3,46,Good,8.3,UG/M3,1 Hr,Valid
Sao Paulo,PM2.5 - Principal,2025-01-05 01:00 AM,2025,01,05,01,8.2,46,Good,8.1,UG/M3,1 Hr,Valid
Sao Paulo,PM2.5 - Principal,2025-01-05 02:00 AM,2025,01,05,02,7.4,41,Good,6.5,UG/M3,1 Hr,Valid
Sao Paulo,PM2.5 - Principal,2025-01-05 03:00 AM,2025,01,05,03,6.6,37,Good,6.0,UG/M3,1 Hr,Valid
Sao Paulo,PM2.5 - Principal,2025-01-05 04:00 AM,2025,01,05,04,6.0,33,Good,5.4,UG/M3,1 Hr,Valid
Sao Paulo,PM2.5 - Principal,2025-01-05 05:00 AM,2025,01,05,05,5.9,33,Good,5.8,UG/M3,1 Hr,Valid
Sao Paulo,PM2.5 - Principal,2025-01-05 06:00 AM,2025,01,05,06,5.5,31,Good,5.1,UG/M3,1 Hr,Valid
Sao Paulo,PM2.5 - Principal,2025-01-05 07:00 AM,2025,01,05,07,5.4,30,Good,5.3,UG/M3,1 Hr,Valid
Sao Paulo,PM2.5 - Principal,2025-01-05 08:00 AM,2025,01,05,08,6.0,33,Good,6.6,UG/M3,1 Hr,Valid
Sao Paulo,PM2.5 - Principal,2025-01-05 09:00 AM,2025,01,05,09,6.8,38,Good,8.2,UG/M3,1 Hr,Valid
Sao Paulo,PM2.5 - Principal,2025-01-05 10:00 AM,2025,01,05,10,7.3,41,Good,8.1,UG/M3,1 Hr,Valid
Sao Paulo,PM2.5 - Principal,2025-01-05 11:00 AM,2025,01,05,11,8.2,46,Good,9.1,UG/M3,1 Hr,Valid
Sao Paulo,PM2.5 - Principal,2025-01-05 12:00 PM,2025,01,05,12,7.5,42,Good,6.5,UG/M3,1 Hr,Valid
Sao Paulo,PM2.5 - Principal,2025-01-05 01:00 PM,2025,01,05,13,7.1,39,Good,6.6,UG/M3,1 Hr,Valid
Sao Paulo,PM2.5 - Principal,2025-01-05 02:00 PM,2025,01,05,14,6.8,38,Good,6.5,UG/M3,1 Hr,Valid
Sao Paulo,PM2.5 - Principal,2025-01-05 03:00 PM,2025,01,05,15,6.0,33,Good,5.0,UG/M3,1 Hr,Valid
Sao Paulo,PM2.5 - Principal,2025-01-05 04:00 PM,2025,01,05,16,5.7,32,Good,5.3,UG/M3,1 Hr,Valid
Sao Paulo,PM2.5 - Principal,2025-01-05 05:00 PM,2025,01,05,17,5.0,28,Good,4.3,UG/M3,1 Hr,Valid
Sao Paulo,PM2.5 - Principal,2025-01-05 06:00 PM,2025,01,05,18,4.7,26,Good,4.5,UG/M3,1 Hr,Valid
Sao Paulo,PM2.5 - Principal,2025-01-05 07:00 PM,2025,01,05,19,4.5,25,Good,4.3,UG/M3,1 Hr,Valid
Sao Paulo,PM2.5 - Principal,2025-01-05 08:00 PM,2025,01,05,20,5.2,29,Good,5.9,UG/M3,1 Hr,Valid
Sao Paulo,PM2.5 - Principal,2025-01-05 09:00 PM,2025,01,05,21,7.1,39,Good,9.0,UG/M3,1 Hr,Valid
Sao Paulo,PM2.5 - Principal,2025-01-05 10:00 PM,2025,01,05,22,6.2,34,Good,5.4,UG/M3,1 Hr,Valid
Sao Paulo,PM2.5 - Principal,2025-01-05 11:00 PM,2025,01,05,23,8.3,46,Good,10.4,UG/M3,1 Hr,Valid
Sao Paulo,PM2.5 - Principal,2025-01-06 12:00 AM,2025,01,06,00,7.3,41,Good,6.3,UG/M3,1 Hr,Valid
Sao Paulo,PM2.5 - Principal,2025-01-06 01:00 AM,2025,01,06,01,6.8,38,Good,6.2,UG/M3,1 Hr,Valid
Sao Paulo,PM2.5 - Principal,2025-01-06 02:00 AM,2025,01,06,02,6.8,38,Good,6.8,UG/M3,1 Hr,Valid
Sao Paulo,PM2.5 - Principal,2025-01-06 03:00 AM,2025,01,06,03,6.9,38,Good,6.9,UG/M3,1 Hr,Valid
Sao Paulo,PM2.5 - Principal,2025-01-06 04:00 AM,2025,01,06,04,7.3,41,Good,7.6,UG/M3,1 Hr,Valid
Sao Paulo,PM2.5 - Principal,2025-01-06 05:00 AM,2025,01,06,05,7.7,43,Good,8.0,UG/M3,1 Hr,Valid
Sao Paulo,PM2.5 - Principal,2025-01-06 06:00 AM,2025,01,06,06,7.5,42,Good,7.4,UG/M3,1 Hr,Valid
Sao Paulo,PM2.5 - Principal,2025-01-06 07:00 AM,2025,01,06,07,6.5,36,Good,5.5,UG/M3,1 Hr,Valid
Sao Paulo,PM2.5 - Principal,2025-01-06 08:00 AM,2025,01,06,08,6.4,36,Good,6.2,UG/M3,1 Hr,Valid
Sao Paulo,PM2.5 - Principal,2025-01-06 09:00 AM,2025,01,06,09,7.3,41,Good,8.3,UG/M3,1 Hr,Valid
Sao Paulo,PM2.5 - Principal,2025-01-06 10:00 AM,2025,01,06,10,7.9,44,Good,8.5,UG/M3,1 Hr,Valid
Sao Paulo,PM2.5 - Principal,2025-01-06 11:00 AM,2025,01,06,11,8.3,46,Good,9.1,UG/M3,1 Hr,Valid
Sao Paulo,PM2.5 - Principal,2025-01-06 12:00 PM,2025,01,06,12,8.1,45,Good,7.7,UG/M3,1 Hr,Valid
Sao Paulo,PM2.5 - Principal,2025-01-06 01:00 PM,2025,01,06,13,9.4,52,Moderate,10.7,UG/M3,1 Hr,Valid
Sao Paulo,PM2.5 - Principal,2025-01-06 02:00 PM,2025,01,06,14,11.4,55,Moderate,13.3,UG/M3,1 Hr,Valid
Sao Paulo,PM2.5 - Principal,2025-01-06 03:00 PM,2025,01,06,15,8.9,49,Good,6.5,UG/M3,1 Hr,Valid
Sao Paulo,PM2.5 - Principal,2025-01-06 04:00 PM,2025,01,06,16,7.7,43,Good,6.5,UG/M3,1 Hr,Valid
Sao Paulo,PM2.5 - Principal,2025-01-06 05:00 PM,2025,01,06,17,6.5,36,Good,5.3,UG/M3,1 Hr,Valid
Sao Paulo,PM2.5 - Principal,2025-01-06 06:00 PM,2025,01,06,18,6.4,36,Good,6.3,UG/M3,1 Hr,Valid
Sao Paulo,PM2.5 - Principal,2025-01-06 07:00 PM,2025,01,06,19,7.1,39,Good,7.8,UG/M3,1 Hr,Valid
Sao Paulo,PM2.5 - Principal,2025-01-06 08:00 PM,2025,01,06,20,6.7,37,Good,6.3,UG/M3,1 Hr,Valid
Sao Paulo,PM2.5 - Principal,2025-01-06 09:00 PM,2025,01,06,21,7.6,42,Good,8.6,UG/M3,1 Hr,Valid
Sao Paulo,PM2.5 - Principal,2025-01-06 10:00 PM,2025,01,06,22,7.2,40,Good,6.8,UG/M3,1 Hr,Valid
Sao Paulo,PM2.5 - Principal,2025-01-06 11:00 PM,2025,01,06,23,6.2,34,Good,5.2,UG/M3,1 Hr,Valid
Sao Paulo,PM2.5 - Principal,2025-01-07 12:00 AM,2025,01,07,00,6.0,33,Good,5.8,UG/M3,1 Hr,Valid
Sao Paulo,PM2.5 - Principal,2025-01-07 01:00 AM,2025,01,07,01,6.0,33,Good,5.9,UG/M3,1 Hr,Valid
Sao Paulo,PM2.5 - Principal,2025-01-07 02:00 AM,2025,01,07,02,8.9,49,Good,11.8,UG/M3,1 Hr,Valid
Sao Paulo,PM2.5 - Principal,2025-01-07 03:00 AM,2025,01,07,03,10.8,54,Moderate,12.6,UG/M3,1 Hr,Valid
Sao Paulo,PM2.5 - Principal,2025-01-07 04:00 AM,2025,01,07,04,9.3,51,Moderate,7.9,UG/M3,1 Hr,Valid
Sao Paulo,PM2.5 - Principal,2025-01-07 05:00 AM,2025,01,07,05,8.1,45,Good,7.0,UG/M3,1 Hr,Valid
Sao Paulo,PM2.5 - Principal,2025-01-07 06:00 AM,2025,01,07,06,7.4,41,Good,6.6,UG/M3,1 Hr,Valid
Sao Paulo,PM2.5 - Principal,2025-01-07 07:00 AM,2025,01,07,07,9.2,51,Moderate,11.0,UG/M3,1 Hr,Valid
Sao Paulo,PM2.5 - Principal,2025-01-07 08:00 AM,2025,01,07,08,10.1,53,Moderate,11.0,UG/M3,1 Hr,Valid
Sao Paulo,PM2.5 - Principal,2025-01-07 09:00 AM,2025,01,07,09,10.4,53,Moderate,10.7,UG/M3,1 Hr,Valid
Sao Paulo,PM2.5 - Principal,2025-01-07 10:00 AM,2025,01,07,10,10.9,54,Moderate,11.5,UG/M3,1 Hr,Valid
Sao Paulo,PM2.5 - Principal,2025-01-07 11:00 AM,2025,01,07,11,11.4,55,Moderate,11.8,UG/M3,1 Hr,Valid
Sao Paulo,PM2.5 - Principal,2025-01-07 12:00 PM,2025,01,07,12,11.9,56,Moderate,12.4,UG/M3,1 Hr,Valid
Sao Paulo,PM2.5 - Principal,2025-01-07 01:00 PM,2025,01,07,13,10.1,53,Moderate,8.2,UG/M3,1 Hr,Valid
Sao Paulo,PM2.5 - Principal,2025-01-07 02:00 PM,2025,01,07,14,10.1,53,Moderate,10.2,UG/M3,1 Hr,Valid
Sao Paulo,PM2.5 - Principal,2025-01-07 03:00 PM,2025,01,07,15,7.3,41,Good,4.5,UG/M3,1 Hr,Valid
Sao Paulo,PM2.5 - Principal,2025-01-07 04:00 PM,2025,01,07,16,6.2,34,Good,5.0,UG/M3,1 Hr,Valid
Sao Paulo,PM2.5 - Principal,2025-01-07 05:00 PM,2025,01,07,17,5.5,31,Good,4.8,UG/M3,1 Hr,Valid
Sao Paulo,PM2.5 - Principal,2025-01-07 06:00 PM,2025,01,07,18,6.1,34,Good,6.7,UG/M3,1 Hr,Valid
Sao Paulo,PM2.5 - Principal,2025-01-07 07:00 PM,2025,01,07,19,7.0,39,Good,7.9,UG/M3,1 Hr,Valid
Sao Paulo,PM2.5 - Principal,2025-01-07 08:00 PM,2025,01,07,20,6.7,37,Good,6.3,UG/M3,1 Hr,Valid
Sao Paulo,PM2.5 - Principal,2025-01-07 09:00 PM,2025,01,07,21,7.2,40,Good,7.7,UG/M3,1 Hr,Valid
Sao Paulo,PM2.5 - Principal,2025-01-07 10:00 PM,2025,01,07,22,6.7,37,Good,6.2,UG/M3,1 Hr,Valid
Sao Paulo,PM2.5 - Principal,2025-01-07 11:00 PM,2025,01,07,23,6.2,34,Good,5.6,UG/M3,1 Hr,Valid
Sao Paulo,PM2.5 - Principal,2025-01-08 12:00 AM,2025,01,08,00,6.1,34,Good,6.1,UG/M3,1 Hr,Valid
Sao Paulo,PM2.5 - Principal,2025-01-08 01:00 AM,2025,01,08,01,6.4,36,Good,6.6,UG/M3,1 Hr,Valid
Sao Paulo,PM2.5 - Principal,2025-01-08 02:00 AM,2025,01,08,02,6.5,36,Good,6.7,UG/M3,1 Hr,Valid
Sao Paulo,PM2.5 - Principal,2025-01-08 03:00 AM,2025,01,08,03,6.3,35,Good,5.9,UG/M3,1 Hr,Valid
Sao Paulo,PM2.5 - Principal,2025-01-08 04:00 AM,2025,01,08,04,5.9,33,Good,5.3,UG/M3,1 Hr,Valid
Sao Paulo,PM2.5 - Principal,2025-01-08 05:00 AM,2025,01,08,05,6.0,33,Good,6.1,UG/M3,1 Hr,Valid
Sao Paulo,PM2.5 - Principal,2025-01-08 06:00 AM,2025,01,08,06,6.0,33,Good,5.9,UG/M3,1 Hr,Valid
Sao Paulo,PM2.5 - Principal,2025-01-08 07:00 AM,2025,01,08,07,5.2,29,Good,4.4,UG/M3,1 Hr,Valid
Sao Paulo,PM2.5 - Principal,2025-01-08 08:00 AM,2025,01,08,08,6.2,34,Good,7.5,UG/M3,1 Hr,Valid
Sao Paulo,PM2.5 - Principal,2025-01-08 09:00 AM,2025,01,08,09,7.3,41,Good,8.4,UG/M3,1 Hr,Valid
Sao Paulo,PM2.5 - Principal,2025-01-08 10:00 AM,2025,01,08,10,8.2,46,Good,9.0,UG/M3,1 Hr,Valid
Sao Paulo,PM2.5 - Principal,2025-01-08 11:00 AM,2025,01,08,11,9.1,51,Moderate,10.0,UG/M3,1 Hr,Valid
Sao Paulo,PM2.5 - Principal,2025-01-08 12:00 PM,2025,01,08,12,9.2,51,Moderate,9.2,UG/M3,1 Hr,Valid
Sao Paulo,PM2.5 - Principal,2025-01-08 01:00 PM,2025,01,08,13,10.8,54,Moderate,12.4,UG/M3,1 Hr,Valid
Sao Paulo,PM2.5 - Principal,2025-01-08 02:00 PM,2025,01,08,14,11.4,55,Moderate,12.0,UG/M3,1 Hr,Valid
Sao Paulo,PM2.5 - Principal,2025-01-08 03:00 PM,2025,01,08,15,12.6,58,Moderate,13.9,UG/M3,1 Hr,Valid
Sao Paulo,PM2.5 - Principal,2025-01-08 04:00 PM,2025,01,08,16,10.4,53,Moderate,8.1,UG/M3,1 Hr,Valid
Sao Paulo,PM2.5 - Principal,2025-01-08 05:00 PM,2025,01,08,17,8.6,48,Good,6.8,UG/M3,1 Hr,Valid
Sao Paulo,PM2.5 - Principal,2025-01-08 06:00 PM,2025,01,08,18,8.9,49,Good,9.2,UG/M3,1 Hr,Valid
Sao Paulo,PM2.5 - Principal,2025-01-08 07:00 PM,2025,01,08,19,5.6,31,Good,2.4,UG/M3,1 Hr,Valid
Sao Paulo,PM2.5 - Principal,2025-01-08 08:00 PM,2025,01,08,20,3.9,22,Good,2.2,UG/M3,1 Hr,Valid
Sao Paulo,PM2.5 - Principal,2025-01-08 09:00 PM,2025,01,08,21,3.0,17,Good,2.1,UG/M3,1 Hr,Valid
Sao Paulo,PM2.5 - Principal,2025-01-08 10:00 PM,2025,01,08,22,4.2,23,Good,5.4,UG/M3,1 Hr,Valid
Sao Paulo,PM2.5 - Principal,2025-01-08 11:00 PM,2025,01,08,23,4.9,27,Good,5.7,UG/M3,1 Hr,Valid
Sao Paulo,PM2.5 - Principal,2025-01-09 12:00 AM,2025,01,09,00,6.7,37,Good,8.4,UG/M3,1 Hr,Valid
Sao Paulo,PM2.5 - Principal,2025-01-09 01:00 AM,2025,01,09,01,6.5,36,Good,6.3,UG/M3,1 Hr,Valid
Sao Paulo,PM2.5 - Principal,2025-01-09 02:00 AM,2025,01,09,02,6.2,34,Good,5.8,UG/M3,1 Hr,Valid
Sao Paulo,PM2.5 - Principal,2025-01-09 03:00 AM,2025,01,09,03,5.6,31,Good,5.1,UG/M3,1 Hr,Valid
Sao Paulo,PM2.5 - Principal,2025-01-09 04:00 AM,2025,01,09,04,5.0,28,Good,4.4,UG/M3,1 Hr,Valid
Sao Paulo,PM2.5 - Principal,2025-01-09 05:00 AM,2025,01,09,05,4.5,25,Good,3.9,UG/M3,1 Hr,Valid
Sao Paulo,PM2.5 - Principal,2025-01-09 06:00 AM,2025,01,09,06,4.3,24,Good,4.2,UG/M3,1 Hr,Valid
Sao Paulo,PM2.5 - Principal,2025-01-09 07:00 AM,2025,01,09,07,5.7,32,Good,7.1,UG/M3,1 Hr,Valid
Sao Paulo,PM2.5 - Principal,2025-01-09 08:00 AM,2025,01,09,08,7.4,41,Good,9.2,UG/M3,1 Hr,Valid
Sao Paulo,PM2.5 - Principal,2025-01-09 09:00 AM,2025,01,09,09,7.7,43,Good,7.9,UG/M3,1 Hr,Valid
Sao Paulo,PM2.5 - Principal,2025-01-09 10:00 AM,2025,01,09,10,8.3,46,Good,9.0,UG/M3,1 Hr,Valid
Sao Paulo,PM2.5 - Principal,2025-01-09 11:00 AM,2025,01,09,11,8.5,47,Good,8.8,UG/M3,1 Hr,Valid
Sao Paulo,PM2.5 - Principal,2025-01-09 12:00 PM,2025,01,09,12,10.3,53,Moderate,12.2,UG/M3,1 Hr,Valid
Sao Paulo,PM2.5 - Principal,2025-01-09 01:00 PM,2025,01,09,13,9.8,52,Moderate,9.3,UG/M3,1 Hr,Valid
Sao Paulo,PM2.5 - Principal,2025-01-09 02:00 PM,2025,01,09,14,8.0,44,Good,6.1,UG/M3,1 Hr,Valid
Sao Paulo,PM2.5 - Principal,2025-01-09 03:00 PM,2025,01,09,15,6.2,34,Good,4.4,UG/M3,1 Hr,Valid
Sao Paulo,PM2.5 - Principal,2025-01-09 04:00 PM,2025,01,09,16,5.3,29,Good,4.4,UG/M3,1 Hr,Valid
Sao Paulo,PM2.5 - Principal,2025-01-09 05:00 PM,2025,01,09,17,4.2,23,Good,3.1,UG/M3,1 Hr,Valid
Sao Paulo,PM2.5 - Principal,2025-01-09 06:00 PM,2025,01,09,18,3.9,22,Good,3.7,UG/M3,1 Hr,Valid
Sao Paulo,PM2.5 - Principal,2025-01-09 07:00 PM,2025,01,09,19,3.8,21,Good,3.6,UG/M3,1 Hr,Valid
Sao Paulo,PM2.5 - Principal,2025-01-09 08:00 PM,2025,01,09,20,4.9,27,Good,6.1,UG/M3,1 Hr,Valid
Sao Paulo,PM2.5 - Principal,2025-01-09 09:00 PM,2025,01,09,21,3.9,22,Good,2.9,UG/M3,1 Hr,Valid
Sao Paulo,PM2.5 - Principal,2025-01-09 10:00 PM,2025,01,09,22,4.3,24,Good,4.8,UG/M3,1 Hr,Valid
Sao Paulo,PM2.5 - Principal,2025-01-09 11:00 PM,2025,01,09,23,5.0,28,Good,5.7,UG/M3,1 Hr,Valid
Sao Paulo,PM2.5 - Principal,2025-01-10 12:00 AM,2025,01,10,00,5.7,32,Good,6.3,UG/M3,1 Hr,Valid
Sao Paulo,PM2.5 - Principal,2025-01-10 01:00 AM,2025,01,10,01,4.6,26,Good,3.4,UG/M3,1 Hr,Valid
Sao Paulo,PM2.5 - Principal,2025-01-10 02:00 AM,2025,01,10,02,4.8,27,Good,5.1,UG/M3,1 Hr,Valid
Sao Paulo,PM2.5 - Principal,2025-01-10 03:00 AM,2025,01,10,03,5.5,31,Good,6.1,UG/M3,1 Hr,Valid
Sao Paulo,PM2.5 - Principal,2025-01-10 04:00 AM,2025,01,10,04,5.8,32,Good,6.1,UG/M3,1 Hr,Valid
Sao Paulo,PM2.5 - Principal,2025-01-10 05:00 AM,2025,01,10,05,5.5,31,Good,5.3,UG/M3,1 Hr,Valid
Sao Paulo,PM2.5 - Principal,2025-01-10 06:00 AM,2025,01,10,06,6.1,34,Good,6.7,UG/M3,1 Hr,Valid
Sao Paulo,PM2.5 - Principal,2025-01-10 07:00 AM,2025,01,10,07,5.9,33,Good,5.6,UG/M3,1 Hr,Valid
Sao Paulo,PM2.5 - Principal,2025-01-10 08:00 AM,2025,01,10,08,5.6,31,Good,5.3,UG/M3,1 Hr,Valid
Sao Paulo,PM2.5 - Principal,2025-01-10 09:00 AM,2025,01,10,09,6.7,37,Good,7.8,UG/M3,1 Hr,Valid
Sao Paulo,PM2.5 - Principal,2025-01-10 10:00 AM,2025,01,10,10,7.3,41,Good,7.9,UG/M3,1 Hr,Valid
Sao Paulo,PM2.5 - Principal,2025-01-10 11:00 AM,2025,01,10,11,7.9,44,Good,8.5,UG/M3,1 Hr,Valid
Sao Paulo,PM2.5 - Principal,2025-01-10 12:00 PM,2025,01,10,12,9.0,50,Good,10.2,UG/M3,1 Hr,Valid
Sao Paulo,PM2.5 - Principal,2025-01-10 01:00 PM,2025,01,10,13,10.6,54,Moderate,12.1,UG/M3,1 Hr,Valid
Sao Paulo,PM2.5 - Principal,2025-01-10 02:00 PM,2025,01,10,14,9.1,51,Moderate,7.7,UG/M3,1 Hr,Valid
Sao Paulo,PM2.5 - Principal,2025-01-10 03:00 PM,2025,01,10,15,7.7,43,Good,6.3,UG/M3,1 Hr,Valid
Sao Paulo,PM2.5 - Principal,2025-01-10 04:00 PM,2025,01,10,16,6.5,36,Good,5.2,UG/M3,1 Hr,Valid
Sao Paulo,PM2.5 - Principal,2025-01-10 05:00 PM,2025,01,10,17,5.5,31,Good,4.5,UG/M3,1 Hr,Valid
Sao Paulo,PM2.5 - Principal,2025-01-10 06:00 PM,2025,01,10,18,4.7,26,Good,4.0,UG/M3,1 Hr,Valid
Sao Paulo,PM2.5 - Principal,2025-01-10 07:00 PM,2025,01,10,19,4.4,24,Good,4.0,UG/M3,1 Hr,Valid
Sao Paulo,PM2.5 - Principal,2025-01-10 08:00 PM,2025,01,10,20,4.3,24,Good,4.2,UG/M3,1 Hr,Valid
Sao Paulo,PM2.5 - Principal,2025-01-10 09:00 PM,2025,01,10,21,5.5,31,Good,6.8,UG/M3,1 Hr,Valid
Sao Paulo,PM2.5 - Principal,2025-01-10 10:00 PM,2025,01,10,22,4.7,26,Good,3.9,UG/M3,1 Hr,Valid
Sao Paulo,PM2.5 - Principal,2025-01-10 11:00 PM,2025,01,10,23,4.7,26,Good,4.6,UG/M3,1 Hr,Valid
Sao Paulo,PM2.5 - Principal,2025-01-11 12:00 AM,2025,01,11,00,4.6,26,Good,4.5,UG/M3,1 Hr,Valid
Sao Paulo,PM2.5 - Principal,2025-01-11 01:00 AM,2025,01,11,01,4.8,27,Good,5.0,UG/M3,1 Hr,Valid
Sao Paulo,PM2.5 - Principal,2025-01-11 02:00 AM,2025,01,11,02,4.9,27,Good,5.2,UG/M3,1 Hr,Valid
Sao Paulo,PM2.5 - Principal,2025-01-11 03:00 AM,2025,01,11,03,5.5,31,Good,6.2,UG/M3,1 Hr,Valid
Sao Paulo,PM2.5 - Principal,2025-01-11 04:00 AM,2025,01,11,04,5.8,32,Good,6.4,UG/M3,1 Hr,Valid
Sao Paulo,PM2.5 - Principal,2025-01-11 05:00 AM,2025,01,11,05,5.9,33,Good,6.1,UG/M3,1 Hr,Valid
Sao Paulo,PM2.5 - Principal,2025-01-11 06:00 AM,2025,01,11,06,5.8,32,Good,5.6,UG/M3,1 Hr,Valid
Sao Paulo,PM2.5 - Principal,2025-01-11 07:00 AM,2025,01,11,07,5.9,33,Good,6.1,UG/M3,1 Hr,Valid
Sao Paulo,PM2.5 - Principal,2025-01-11 08:00 AM,2025,01,11,08,5.8,32,Good,5.6,UG/M3,1 Hr,Valid
Sao Paulo,PM2.5 - Principal,2025-01-11 09:00 AM,2025,01,11,09,5.6,31,Good,5.5,UG/M3,1 Hr,Valid
Sao Paulo,PM2.5 - Principal,2025-01-11 10:00 AM,2025,01,11,10,5.7,32,Good,5.7,UG/M3,1 Hr,Valid
Sao Paulo,PM2.5 - Principal,2025-01-11 11:00 AM,2025,01,11,11,7.4,41,Good,9.1,UG/M3,1 Hr,Valid
Sao Paulo,PM2.5 - Principal,2025-01-11 12:00 PM,2025,01,11,12,7.8,43,Good,8.6,UG/M3,1 Hr,Valid
Sao Paulo,PM2.5 - Principal,2025-01-11 01:00 PM,2025,01,11,13,7.9,44,Good,8.0,UG/M3,1 Hr,Valid
Sao Paulo,PM2.5 - Principal,2025-01-11 02:00 PM,2025,01,11,14,8.1,45,Good,8.7,UG/M3,1 Hr,Valid
Sao Paulo,PM2.5 - Principal,2025-01-11 03:00 PM,2025,01,11,15,7.7,43,Good,7.1,UG/M3,1 Hr,Valid
Sao Paulo,PM2.5 - Principal,2025-01-11 04:00 PM,2025,01,11,16,7.1,39,Good,6.2,UG/M3,1 Hr,Valid
Sao Paulo,PM2.5 - Principal,2025-01-11 05:00 PM,2025,01,11,17,6.5,36,Good,5.6,UG/M3,1 Hr,Valid
Sao Paulo,PM2.5 - Principal,2025-01-11 06:00 PM,2025,01,11,18,5.8,32,Good,5.0,UG/M3,1 Hr,Valid
Sao Paulo,PM2.5 - Principal,2025-01-11 07:00 PM,2025,01,11,19,6.1,34,Good,6.4,UG/M3,1 Hr,Valid
Sao Paulo,PM2.5 - Principal,2025-01-11 08:00 PM,2025,01,11,20,5.3,29,Good,4.5,UG/M3,1 Hr,Valid
Sao Paulo,PM2.5 - Principal,2025-01-11 09:00 PM,2025,01,11,21,5.2,29,Good,5.2,UG/M3,1 Hr,Valid
Sao Paulo,PM2.5 - Principal,2025-01-11 10:00 PM,2025,01,11,22,5.7,32,Good,6.2,UG/M3,1 Hr,Valid
Sao Paulo,PM2.5 - Principal,2025-01-11 11:00 PM,2025,01,11,23,5.4,30,Good,5.0,UG/M3,1 Hr,Valid
Sao Paulo,PM2.5 - Principal,2025-01-12 12:00 AM,2025,01,12,00,5.7,32,Good,6.0,UG/M3,1 Hr,Valid
Sao Paulo,PM2.5 - Principal,2025-01-12 01:00 AM,2025,01,12,01,6.2,34,Good,6.8,UG/M3,1 Hr,Valid
Sao Paulo,PM2.5 - Principal,2025-01-12 02:00 AM,2025,01,12,02,6.5,36,Good,7.2,UG/M3,1 Hr,Valid
Sao Paulo,PM2.5 - Principal,2025-01-12 03:00 AM,2025,01,12,03,6.0,33,Good,5.2,UG/M3,1 Hr,Valid
Sao Paulo,PM2.5 - Principal,2025-01-12 04:00 AM,2025,01,12,04,6.2,34,Good,6.5,UG/M3,1 Hr,Valid
Sao Paulo,PM2.5 - Principal,2025-01-12 05:00 AM,2025,01,12,05,6.9,38,Good,7.8,UG/M3,1 Hr,Valid
Sao Paulo,PM2.5 - Principal,2025-01-12 06:00 AM,2025,01,12,06,7.2,40,Good,7.5,UG/M3,1 Hr,Valid
Sao Paulo,PM2.5 - Principal,2025-01-12 07:00 AM,2025,01,12,07,5.5,31,Good,3.7,UG/M3,1 Hr,Valid
Sao Paulo,PM2.5 - Principal,2025-01-12 08:00 AM,2025,01,12,08,5.6,31,Good,5.7,UG/M3,1 Hr,Valid
Sao Paulo,PM2.5 - Principal,2025-01-12 09:00 AM,2025,01,12,09,5.1,28,Good,4.5,UG/M3,1 Hr,Valid
Sao Paulo,PM2.5 - Principal,2025-01-12 10:00 AM,2025,01,12,10,5.4,30,Good,5.7,UG/M3,1 Hr,Valid
Sao Paulo,PM2.5 - Principal,2025-01-12 11:00 AM,2025,01,12,11,5.3,29,Good,5.2,UG/M3,1 Hr,Valid
Sao Paulo,PM2.5 - Principal,2025-01-12 12:00 PM,2025,01,12,12,6.2,34,Good,7.1,UG/M3,1 Hr,Valid
Sao Paulo,PM2.5 - Principal,2025-01-12 01:00 PM,2025,01,12,13,7.2,40,Good,8.1,UG/M3,1 Hr,Valid
Sao Paulo,PM2.5 - Principal,2025-01-12 02:00 PM,2025,01,12,14,5.4,30,Good,3.7,UG/M3,1 Hr,Valid
Sao Paulo,PM2.5 - Principal,2025-01-12 03:00 PM,2025,01,12,15,5.2,29,Good,4.9,UG/M3,1 Hr,Valid
Sao Paulo,PM2.5 - Principal,2025-01-12 04:00 PM,2025,01,12,16,5.7,32,Good,6.2,UG/M3,1 Hr,Valid
Sao Paulo,PM2.5 - Principal,2025-01-12 05:00 PM,2025,01,12,17,5.1,28,Good,4.6,UG/M3,1 Hr,Valid
Sao Paulo,PM2.5 - Principal,2025-01-12 06:00 PM,2025,01,12,18,5.4,30,Good,5.7,UG/M3,1 Hr,Valid
Sao Paulo,PM2.5 - Principal,2025-01-12 07:00 PM,2025,01,12,19,5.5,31,Good,5.6,UG/M3,1 Hr,Valid
Sao Paulo,PM2.5 - Principal,2025-01-12 08:00 PM,2025,01,12,20,5.6,31,Good,5.7,UG/M3,1 Hr,Valid
Sao Paulo,PM2.5 - Principal,2025-01-12 09:00 PM,2025,01,12,21,4.4,24,Good,3.2,UG/M3,1 Hr,Valid
Sao Paulo,PM2.5 - Principal,2025-01-12 10:00 PM,2025,01,12,22,3.9,22,Good,3.4,UG/M3,1 Hr,Valid
Sao Paulo,PM2.5 - Principal,2025-01-12 11:00 PM,2025,01,12,23,3.5,19,Good,3.1,UG/M3,1 Hr,Valid
Sao Paulo,PM2.5 - Principal,2025-01-13 12:00 AM,2025,01,13,00,4.0,22,Good,4.6,UG/M3,1 Hr,Valid
Sao Paulo,PM2.5 - Principal,2025-01-13 01:00 AM,2025,01,13,01,4.9,27,Good,5.9,UG/M3,1 Hr,Valid
Sao Paulo,PM2.5 - Principal,2025-01-13 02:00 AM,2025,01,13,02,4.4,24,Good,3.9,UG/M3,1 Hr,Valid
Sao Paulo,PM2.5 - Principal,2025-01-13 03:00 AM,2025,01,13,03,3.6,20,Good,2.8,UG/M3,1 Hr,Valid
Sao Paulo,PM2.5 - Principal,2025-01-13 04:00 AM,2025,01,13,04,3.2,18,Good,2.9,UG/M3,1 Hr,Valid
Sao Paulo,PM2.5 - Principal,2025-01-13 05:00 AM,2025,01,13,05,3.0,17,Good,2.8,UG/M3,1 Hr,Valid
Sao Paulo,PM2.5 - Principal,2025-01-13 06:00 AM,2025,01,13,06,3.0,17,Good,3.0,UG/M3,1 Hr,Valid
Sao Paulo,PM2.5 - Principal,2025-01-13 07:00 AM,2025,01,13,07,3.0,17,Good,3.0,UG/M3,1 Hr,Valid
Sao Paulo,PM2.5 - Principal,2025-01-13 08:00 AM,2025,01,13,08,3.0,17,Good,3.0,UG/M3,1 Hr,Valid
Sao Paulo,PM2.5 - Principal,2025-01-13 09:00 AM,2025,01,13,09,3.1,17,Good,3.3,UG/M3,1 Hr,Valid
Sao Paulo,PM2.5 - Principal,2025-01-13 10:00 AM,2025,01,13,10,3.7,21,Good,4.3,UG/M3,1 Hr,Valid
Sao Paulo,PM2.5 - Principal,2025-01-13 11:00 AM,2025,01,13,11,4.9,27,Good,6.1,UG/M3,1 Hr,Valid
Sao Paulo,PM2.5 - Principal,2025-01-13 12:00 PM,2025,01,13,12,6.1,34,Good,7.3,UG/M3,1 Hr,Valid
Sao Paulo,PM2.5 - Principal,2025-01-13 01:00 PM,2025,01,13,13,6.8,38,Good,7.4,UG/M3,1 Hr,Valid
Sao Paulo,PM2.5 - Principal,2025-01-13 02:00 PM,2025,01,13,14,6.0,33,Good,5.3,UG/M3,1 Hr,Valid
Sao Paulo,PM2.5 - Principal,2025-01-13 03:00 PM,2025,01,13,15,4.5,25,Good,3.1,UG/M3,1 Hr,Valid
Sao Paulo,PM2.5 - Principal,2025-01-13 04:00 PM,2025,01,13,16,3.7,21,Good,2.8,UG/M3,1 Hr,Valid
Sao Paulo,PM2.5 - Principal,2025-01-13 05:00 PM,2025,01,13,17,3.5,19,Good,3.3,UG/M3,1 Hr,Valid
Sao Paulo,PM2.5 - Principal,2025-01-13 06:00 PM,2025,01,13,18,3.5,19,Good,3.6,UG/M3,1 Hr,Valid
Sao Paulo,PM2.5 - Principal,2025-01-13 07:00 PM,2025,01,13,19,3.4,19,Good,3.3,UG/M3,1 Hr,Valid
Sao Paulo,PM2.5 - Principal,2025-01-13 08:00 PM,2025,01,13,20,3.6,20,Good,3.8,UG/M3,1 Hr,Valid
Sao Paulo,PM2.5 - Principal,2025-01-13 09:00 PM,2025,01,13,21,4.9,27,Good,6.1,UG/M3,1 Hr,Valid
Sao Paulo,PM2.5 - Principal,2025-01-13 10:00 PM,2025,01,13,22,4.5,25,Good,4.2,UG/M3,1 Hr,Valid
Sao Paulo,PM2.5 - Principal,2025-01-13 11:00 PM,2025,01,13,23,4.1,23,Good,3.6,UG/M3,1 Hr,Valid
Sao Paulo,PM2.5 - Principal,2025-01-14 12:00 AM,2025,01,14,00,3.5,19,Good,3.0,UG/M3,1 Hr,Valid
Sao Paulo,PM2.5 - Principal,2025-01-14 01:00 AM,2025,01,14,01,3.5,19,Good,3.4,UG/M3,1 Hr,Valid
Sao Paulo,PM2.5 - Principal,2025-01-14 02:00 AM,2025,01,14,02,3.9,22,Good,4.4,UG/M3,1 Hr,Valid
Sao Paulo,PM2.5 - Principal,2025-01-14 03:00 AM,2025,01,14,03,4.0,22,Good,4.1,UG/M3,1 Hr,Valid
Sao Paulo,PM2.5 - Principal,2025-01-14 04:00 AM,2025,01,14,04,4.0,22,Good,3.9,UG/M3,1 Hr,Valid
Sao Paulo,PM2.5 - Principal,2025-01-14 05:00 AM,2025,01,14,05,4.2,23,Good,4.3,UG/M3,1 Hr,Valid
Sao Paulo,PM2.5 - Principal,2025-01-14 06:00 AM,2025,01,14,06,4.1,23,Good,4.0,UG/M3,1 Hr,Valid
Sao Paulo,PM2.5 - Principal,2025-01-14 07:00 AM,2025,01,14,07,3.9,22,Good,3.8,UG/M3,1 Hr,Valid
Sao Paulo,PM2.5 - Principal,2025-01-14 08:00 AM,2025,01,14,08,3.9,22,Good,3.8,UG/M3,1 Hr,Valid
Sao Paulo,PM2.5 - Principal,2025-01-14 09:00 AM,2025,01,14,09,3.9,22,Good,3.9,UG/M3,1 Hr,Valid
Sao Paulo,PM2.5 - Principal,2025-01-14 10:00 AM,2025,01,14,10,5.0,28,Good,6.2,UG/M3,1 Hr,Valid
Sao Paulo,PM2.5 - Principal,2025-01-14 11:00 AM,2025,01,14,11,6.2,34,Good,7.4,UG/M3,1 Hr,Valid
Sao Paulo,PM2.5 - Principal,2025-01-14 12:00 PM,2025,01,14,12,8.5,47,Good,10.7,UG/M3,1 Hr,Valid
Sao Paulo,PM2.5 - Principal,2025-01-14 01:00 PM,2025,01,14,13,8.6,48,Good,8.7,UG/M3,1 Hr,Valid
Sao Paulo,PM2.5 - Principal,2025-01-14 02:00 PM,2025,01,14,14,7.4,41,Good,6.2,UG/M3,1 Hr,Valid
Sao Paulo,PM2.5 - Principal,2025-01-14 03:00 PM,2025,01,14,15,6.1,34,Good,4.9,UG/M3,1 Hr,Valid
Sao Paulo,PM2.5 - Principal,2025-01-14 04:00 PM,2025,01,14,16,5.3,29,Good,4.6,UG/M3,1 Hr,Valid
Sao Paulo,PM2.5 - Principal,2025-01-14 05:00 PM,2025,01,14,17,5.3,29,Good,5.3,UG/M3,1 Hr,Valid
Sao Paulo,PM2.5 - Principal,2025-01-14 06:00 PM,2025,01,14,18,4.5,25,Good,3.7,UG/M3,1 Hr,Valid
Sao Paulo,PM2.5 - Principal,2025-01-14 07:00 PM,2025,01,14,19,4.1,23,Good,3.7,UG/M3,1 Hr,Valid
Sao Paulo,PM2.5 - Principal,2025-01-14 08:00 PM,2025,01,14,20,5.1,28,Good,6.1,UG/M3,1 Hr,Valid
Sao Paulo,PM2.5 - Principal,2025-01-14 09:00 PM,2025,01,14,21,4.9,27,Good,4.8,UG/M3,1 Hr,Valid
Sao Paulo,PM2.5 - Principal,2025-01-14 10:00 PM,2025,01,14,22,4.7,26,Good,4.5,UG/M3,1 Hr,Valid
Sao Paulo,PM2.5 - Principal,2025-01-14 11:00 PM,2025,01,14,23,4.5,25,Good,4.3,UG/M3,1 Hr,Valid
Sao Paulo,PM2.5 - Principal,2025-01-15 12:00 AM,2025,01,15,00,4.2,23,Good,3.8,UG/M3,1 Hr,Valid
Sao Paulo,PM2.5 - Principal,2025-01-15 01:00 AM,2025,01,15,01,3.9,22,Good,3.5,UG/M3,1 Hr,Valid
Sao Paulo,PM2.5 - Principal,2025-01-15 02:00 AM,2025,01,15,02,3.3,18,Good,2.8,UG/M3,1 Hr,Valid
Sao Paulo,PM2.5 - Principal,2025-01-15 03:00 AM,2025,01,15,03,2.8,16,Good,2.4,UG/M3,1 Hr,Valid
Sao Paulo,PM2.5 - Principal,2025-01-15 04:00 AM,2025,01,15,04,3.1,17,Good,3.3,UG/M3,1 Hr,Valid
Sao Paulo,PM2.5 - Principal,2025-01-15 05:00 AM,2025,01,15,05,3.2,18,Good,3.3,UG/M3,1 Hr,Valid
Sao Paulo,PM2.5 - Principal,2025-01-15 06:00 AM,2025,01,15,06,3.6,20,Good,4.0,UG/M3,1 Hr,Valid
Sao Paulo,PM2.5 - Principal,2025-01-15 07:00 AM,2025,01,15,07,4.3,24,Good,5.0,UG/M3,1 Hr,Valid
Sao Paulo,PM2.5 - Principal,2025-01-15 08:00 AM,2025,01,15,08,4.7,26,Good,5.2,UG/M3,1 Hr,Valid
Sao Paulo,PM2.5 - Principal,2025-01-15 09:00 AM,2025,01,15,09,4.8,27,Good,4.9,UG/M3,1 Hr,Valid
Sao Paulo,PM2.5 - Principal,2025-01-15 10:00 AM,2025,01,15,10,5.7,32,Good,6.5,UG/M3,1 Hr,Valid
Sao Paulo,PM2.5 - Principal,2025-01-15 11:00 AM,2025,01,15,11,9.6,52,Moderate,13.6,UG/M3,1 Hr,Valid
Sao Paulo,PM2.5 - Principal,2025-01-15 12:00 PM,2025,01,15,12,7.8,43,Good,6.0,UG/M3,1 Hr,Valid
Sao Paulo,PM2.5 - Principal,2025-01-15 01:00 PM,2025,01,15,13,7.2,40,Good,6.6,UG/M3,1 Hr,Valid
Sao Paulo,PM2.5 - Principal,2025-01-15 02:00 PM,2025,01,15,14,7.5,42,Good,7.7,UG/M3,1 Hr,Valid
Sao Paulo,PM2.5 - Principal,2025-01-15 03:00 PM,2025,01,15,15,8.2,46,Good,8.9,UG/M3,1 Hr,Valid
Sao Paulo,PM2.5 - Principal,2025-01-15 04:00 PM,2025,01,15,16,8.7,48,Good,9.2,UG/M3,1 Hr,Valid
Sao Paulo,PM2.5 - Principal,2025-01-15 05:00 PM,2025,01,15,17,7.6,42,Good,6.5,UG/M3,1 Hr,Valid
Sao Paulo,PM2.5 - Principal,2025-01-15 06:00 PM,2025,01,15,18,7.1,39,Good,6.6,UG/M3,1 Hr,Valid
Sao Paulo,PM2.5 - Principal,2025-01-15 07:00 PM,2025,01,15,19,7.7,43,Good,8.3,UG/M3,1 Hr,Valid
Sao Paulo,PM2.5 - Principal,2025-01-15 08:00 PM,2025,01,15,20,10.2,53,Moderate,12.8,UG/M3,1 Hr,Valid
Sao Paulo,PM2.5 - Principal,2025-01-15 09:00 PM,2025,01,15,21,9.1,51,Moderate,8.1,UG/M3,1 Hr,Valid
Sao Paulo,PM2.5 - Principal,2025-01-15 10:00 PM,2025,01,15,22,9.4,52,Moderate,9.6,UG/M3,1 Hr,Valid
Sao Paulo,PM2.5 - Principal,2025-01-15 11:00 PM,2025,01,15,23,8.7,48,Good,7.9,UG/M3,1 Hr,Valid
Sao Paulo,PM2.5 - Principal,2025-01-16 12:00 AM,2025,01,16,00,8.4,47,Good,8.1,UG/M3,1 Hr,Valid
Sao Paulo,PM2.5 - Principal,2025-01-16 01:00 AM,2025,01,16,01,7.7,43,Good,7.0,UG/M3,1 Hr,Valid
Sao Paulo,PM2.5 - Principal,2025-01-16 02:00 AM,2025,01,16,02,7.0,39,Good,6.2,UG/M3,1 Hr,Valid
Sao Paulo,PM2.5 - Principal,2025-01-16 03:00 AM,2025,01,16,03,7.1,39,Good,7.2,UG/M3,1 Hr,Valid
Sao Paulo,PM2.5 - Principal,2025-01-16 04:00 AM,2025,01,16,04,6.6,37,Good,6.1,UG/M3,1 Hr,Valid
Sao Paulo,PM2.5 - Principal,2025-01-16 05:00 AM,2025,01,16,05,6.4,36,Good,6.3,UG/M3,1 Hr,Valid
Sao Paulo,PM2.5 - Principal,2025-01-16 06:00 AM,2025,01,16,06,6.8,38,Good,7.2,UG/M3,1 Hr,Valid
Sao Paulo,PM2.5 - Principal,2025-01-16 07:00 AM,2025,01,16,07,8.8,49,Good,10.9,UG/M3,1 Hr,Valid
Sao Paulo,PM2.5 - Principal,2025-01-16 08:00 AM,2025,01,16,08,9.5,52,Moderate,10.6,UG/M3,1 Hr,Valid
Sao Paulo,PM2.5 - Principal,2025-01-16 09:00 AM,2025,01,16,09,11.5,55,Moderate,13.3,UG/M3,1 Hr,Valid
Sao Paulo,PM2.5 - Principal,2025-01-16 10:00 AM,2025,01,16,10,11.4,55,Moderate,11.3,UG/M3,1 Hr,Valid
Sao Paulo,PM2.5 - Principal,2025-01-16 11:00 AM,2025,01,16,11,10.5,54,Moderate,9.7,UG/M3,1 Hr,Valid
Sao Paulo,PM2.5 - Principal,2025-01-16 12:00 PM,2025,01,16,12,8.7,48,Good,6.8,UG/M3,1 Hr,Valid
Sao Paulo,PM2.5 - Principal,2025-01-16 01:00 PM,2025,01,16,13,8.5,47,Good,8.3,UG/M3,1 Hr,Valid
Sao Paulo,PM2.5 - Principal,2025-01-16 02:00 PM,2025,01,16,14,7.9,44,Good,7.3,UG/M3,1 Hr,Valid
Sao Paulo,PM2.5 - Principal,2025-01-16 03:00 PM,2025,01,16,15,7.2,40,Good,6.5,UG/M3,1 Hr,Valid
Sao Paulo,PM2.5 - Principal,2025-01-16 04:00 PM,2025,01,16,16,6.5,36,Good,5.8,UG/M3,1 Hr,Valid
Sao Paulo,PM2.5 - Principal,2025-01-16 05:00 PM,2025,01,16,17,15.0,62,Moderate,23.4,UG/M3,1 Hr,Valid
Sao Paulo,PM2.5 - Principal,2025-01-16 06:00 PM,2025,01,16,18,13.9,60,Moderate,12.8,UG/M3,1 Hr,Valid
Sao Paulo,PM2.5 - Principal,2025-01-16 07:00 PM,2025,01,16,19,9.9,52,Moderate,5.9,UG/M3,1 Hr,Valid
Sao Paulo,PM2.5 - Principal,2025-01-16 08:00 PM,2025,01,16,20,9.2,51,Moderate,8.5,UG/M3,1 Hr,Valid
Sao Paulo,PM2.5 - Principal,2025-01-16 09:00 PM,2025,01,16,21,9.3,51,Moderate,9.3,UG/M3,1 Hr,Valid
Sao Paulo,PM2.5 - Principal,2025-01-16 10:00 PM,2025,01,16,22,8.6,48,Good,8.0,UG/M3,1 Hr,Valid
Sao Paulo,PM2.5 - Principal,2025-01-16 11:00 PM,2025,01,16,23,7.4,41,Good,6.1,UG/M3,1 Hr,Valid
Sao Paulo,PM2.5 - Principal,2025-01-17 12:00 AM,2025,01,17,00,7.0,39,Good,6.7,UG/M3,1 Hr,Valid
Sao Paulo,PM2.5 - Principal,2025-01-17 01:00 AM,2025,01,17,01,6.6,37,Good,6.2,UG/M3,1 Hr,Valid
Sao Paulo,PM2.5 - Principal,2025-01-17 02:00 AM,2025,01,17,02,5.3,29,Good,4.0,UG/M3,1 Hr,Valid
Sao Paulo,PM2.5 - Principal,2025-01-17 03:00 AM,2025,01,17,03,4.8,27,Good,4.3,UG/M3,1 Hr,Valid
Sao Paulo,PM2.5 - Principal,2025-01-17 04:00 AM,2025,01,17,04,4.5,25,Good,4.2,UG/M3,1 Hr,Valid
Sao Paulo,PM2.5 - Principal,2025-01-17 05:00 AM,2025,01,17,05,4.1,23,Good,3.7,UG/M3,1 Hr,Valid
Sao Paulo,PM2.5 - Principal,2025-01-17 06:00 AM,2025,01,17,06,3.7,21,Good,3.4,UG/M3,1 Hr,Valid
Sao Paulo,PM2.5 - Principal,2025-01-17 07:00 AM,2025,01,17,07,3.9,22,Good,4.0,UG/M3,1 Hr,Valid
Sao Paulo,PM2.5 - Principal,2025-01-17 08:00 AM,2025,01,17,08,4.9,27,Good,5.9,UG/M3,1 Hr,Valid
Sao Paulo,PM2.5 - Principal,2025-01-17 09:00 AM,2025,01,17,09,4.1,23,Good,3.4,UG/M3,1 Hr,Valid
Sao Paulo,PM2.5 - Principal,2025-01-17 10:00 AM,2025,01,17,10,3.8,21,Good,3.4,UG/M3,1 Hr,Valid
Sao Paulo,PM2.5 - Principal,2025-01-17 11:00 AM,2025,01,17,11,3.5,19,Good,3.1,UG/M3,1 Hr,Valid
Sao Paulo,PM2.5 - Principal,2025-01-17 12:00 PM,2025,01,17,12,3.3,18,Good,3.2,UG/M3,1 Hr,Valid
Sao Paulo,PM2.5 - Principal,2025-01-17 01:00 PM,2025,01,17,13,3.4,19,Good,3.5,UG/M3,1 Hr,Valid
Sao Paulo,PM2.5 - Principal,2025-01-17 02:00 PM,2025,01,17,14,3.9,22,Good,4.5,UG/M3,1 Hr,Valid
Sao Paulo,PM2.5 - Principal,2025-01-17 03:00 PM,2025,01,17,15,4.0,22,Good,4.0,UG/M3,1 Hr,Valid
Sao Paulo,PM2.5 - Principal,2025-01-17 04:00 PM,2025,01,17,16,4.0,22,Good,4.0,UG/M3,1 Hr,Valid
Sao Paulo,PM2.5 - Principal,2025-01-17 05:00 PM,2025,01,17,17,3.9,22,Good,3.8,UG/M3,1 Hr,Valid
Sao Paulo,PM2.5 - Principal,2025-01-17 06:00 PM,2025,01,17,18,4.0,22,Good,4.1,UG/M3,1 Hr,Valid
Sao Paulo,PM2.5 - Principal,2025-01-17 07:00 PM,2025,01,17,19,8.4,47,Good,12.8,UG/M3,1 Hr,Valid
Sao Paulo,PM2.5 - Principal,2025-01-17 08:00 PM,2025,01,17,20,11.6,56,Moderate,14.8,UG/M3,1 Hr,Valid
Sao Paulo,PM2.5 - Principal,2025-01-17 09:00 PM,2025,01,17,21,8.9,49,Good,6.1,UG/M3,1 Hr,Valid
Sao Paulo,PM2.5 - Principal,2025-01-17 10:00 PM,2025,01,17,22,6.4,36,Good,3.8,UG/M3,1 Hr,Valid
Sao Paulo,PM2.5 - Principal,2025-01-17 11:00 PM,2025,01,17,23,5.4,30,Good,4.4,UG/M3,1 Hr,Valid
Sao Paulo,PM2.5 - Principal,2025-01-18 12:00 AM,2025,01,18,00,4.9,27,Good,4.3,UG/M3,1 Hr,Valid
Sao Paulo,PM2.5 - Principal,2025-01-18 01:00 AM,2025,01,18,01,4.6,26,Good,4.3,UG/M3,1 Hr,Valid
Sao Paulo,PM2.5 - Principal,2025-01-18 02:00 AM,2025,01,18,02,4.5,25,Good,4.4,UG/M3,1 Hr,Valid
Sao Paulo,PM2.5 - Principal,2025-01-18 03:00 AM,2025,01,18,03,5.0,28,Good,5.5,UG/M3,1 Hr,Valid
Sao Paulo,PM2.5 - Principal,2025-01-18 04:00 AM,2025,01,18,04,5.4,30,Good,5.7,UG/M3,1 Hr,Valid
Sao Paulo,PM2.5 - Principal,2025-01-18 05:00 AM,2025,01,18,05,5.7,32,Good,6.0,UG/M3,1 Hr,Valid
Sao Paulo,PM2.5 - Principal,2025-01-18 06:00 AM,2025,01,18,06,6.1,34,Good,6.5,UG/M3,1 Hr,Valid
Sao Paulo,PM2.5 - Principal,2025-01-18 07:00 AM,2025,01,18,07,6.3,35,Good,6.5,UG/M3,1 Hr,Valid
Sao Paulo,PM2.5 - Principal,2025-01-18 08:00 AM,2025,01,18,08,6.5,36,Good,6.8,UG/M3,1 Hr,Valid
Sao Paulo,PM2.5 - Principal,2025-01-18 09:00 AM,2025,01,18,09,6.1,34,Good,5.6,UG/M3,1 Hr,Valid
Sao Paulo,PM2.5 - Principal,2025-01-18 10:00 AM,2025,01,18,10,4.9,27,Good,3.6,UG/M3,1 Hr,Valid
Sao Paulo,PM2.5 - Principal,2025-01-18 11:00 AM,2025,01,18,11,4.2,23,Good,3.5,UG/M3,1 Hr,Valid
Sao Paulo,PM2.5 - Principal,2025-01-18 12:00 PM,2025,01,18,12,3.9,22,Good,3.5,UG/M3,1 Hr,Valid
Sao Paulo,PM2.5 - Principal,2025-01-18 01:00 PM,2025,01,18,13,4.5,25,Good,5.1,UG/M3,1 Hr,Valid
Sao Paulo,PM2.5 - Principal,2025-01-18 02:00 PM,2025,01,18,14,4.5,25,Good,4.4,UG/M3,1 Hr,Valid
Sao Paulo,PM2.5 - Principal,2025-01-18 03:00 PM,2025,01,18,15,4.3,24,Good,4.2,UG/M3,1 Hr,Valid
Sao Paulo,PM2.5 - Principal,2025-01-18 04:00 PM,2025,01,18,16,4.1,23,Good,3.9,UG/M3,1 Hr,Valid
Sao Paulo,PM2.5 - Principal,2025-01-18 05:00 PM,2025,01,18,17,4.0,22,Good,3.8,UG/M3,1 Hr,Valid
Sao Paulo,PM2.5 - Principal,2025-01-18 06:00 PM,2025,01,18,18,3.9,22,Good,3.8,UG/M3,1 Hr,Valid
Sao Paulo,PM2.5 - Principal,2025-01-18 07:00 PM,2025,01,18,19,4.0,22,Good,4.1,UG/M3,1 Hr,Valid
Sao Paulo,PM2.5 - Principal,2025-01-18 08:00 PM,2025,01,18,20,4.2,23,Good,4.7,UG/M3,1 Hr,Valid
Sao Paulo,PM2.5 - Principal,2025-01-18 09:00 PM,2025,01,18,21,6.0,33,Good,7.7,UG/M3,1 Hr,Valid
Sao Paulo,PM2.5 - Principal,2025-01-18 10:00 PM,2025,01,18,22,8.1,45,Good,10.2,UG/M3,1 Hr,Valid
Sao Paulo,PM2.5 - Principal,2025-01-18 11:00 PM,2025,01,18,23,9.6,52,Moderate,11.1,UG/M3,1 Hr,Valid
Sao Paulo,PM2.5 - Principal,2025-01-19 12:00 AM,2025,01,19,00,11.0,55,Moderate,12.5,UG/M3,1 Hr,Valid
Sao Paulo,PM2.5 - Principal,2025-01-19 01:00 AM,2025,01,19,01,11.8,56,Moderate,12.6,UG/M3,1 Hr,Valid
Sao Paulo,PM2.5 - Principal,2025-01-19 02:00 AM,2025,01,19,02,10.9,54,Moderate,9.9,UG/M3,1 Hr,Valid
Sao Paulo,PM2.5 - Principal,2025-01-19 03:00 AM,2025,01,19,03,10.3,53,Moderate,9.6,UG/M3,1 Hr,Valid
Sao Paulo,PM2.5 - Principal,2025-01-19 04:00 AM,2025,01,19,04,9.7,52,Moderate,9.1,UG/M3,1 Hr,Valid
Sao Paulo,PM2.5 - Principal,2025-01-19 05:00 AM,2025,01,19,05,8.6,48,Good,7.5,UG/M3,1 Hr,Valid
Sao Paulo,PM2.5 - Principal,2025-01-19 06:00 AM,2025,01,19,06,8.1,45,Good,7.7,UG/M3,1 Hr,Valid
Sao Paulo,PM2.5 - Principal,2025-01-19 07:00 AM,2025,01,19,07,7.7,43,Good,7.3,UG/M3,1 Hr,Valid
Sao Paulo,PM2.5 - Principal,2025-01-19 08:00 AM,2025,01,19,08,7.8,43,Good,7.6,UG/M3,1 Hr,Valid
Sao Paulo,PM2.5 - Principal,2025-01-19 09:00 AM,2025,01,19,09,7.1,39,Good,6.5,UG/M3,1 Hr,Valid
Sao Paulo,PM2.5 - Principal,2025-01-19 10:00 AM,2025,01,19,10,6.1,34,Good,5.1,UG/M3,1 Hr,Valid
Sao Paulo,PM2.5 - Principal,2025-01-19 11:00 AM,2025,01,19,11,5.0,28,Good,3.9,UG/M3,1 Hr,Valid
Sao Paulo,PM2.5 - Principal,2025-01-19 12:00 PM,2025,01,19,12,4.5,25,Good,3.9,UG/M3,1 Hr,Valid
Sao Paulo,PM2.5 - Principal,2025-01-19 01:00 PM,2025,01,19,13,4.9,27,Good,5.3,UG/M3,1 Hr,Valid
Sao Paulo,PM2.5 - Principal,2025-01-19 02:00 PM,2025,01,19,14,4.8,27,Good,4.7,UG/M3,1 Hr,Valid
Sao Paulo,PM2.5 - Principal,2025-01-19 03:00 PM,2025,01,19,15,4.8,27,Good,4.8,UG/M3,1 Hr,Valid
Sao Paulo,PM2.5 - Principal,2025-01-19 04:00 PM,2025,01,19,16,4.9,27,Good,4.9,UG/M3,1 Hr,Valid
Sao Paulo,PM2.5 - Principal,2025-01-19 05:00 PM,2025,01,19,17,4.1,23,Good,3.3,UG/M3,1 Hr,Valid
Sao Paulo,PM2.5 - Principal,2025-01-19 06:00 PM,2025,01,19,18,4.7,26,Good,5.3,UG/M3,1 Hr,Valid
Sao Paulo,PM2.5 - Principal,2025-01-19 07:00 PM,2025,01,19,19,4.7,26,Good,4.8,UG/M3,1 Hr,Valid
Sao Paulo,PM2.5 - Principal,2025-01-19 08:00 PM,2025,01,19,20,5.2,29,Good,5.6,UG/M3,1 Hr,Valid
Sao Paulo,PM2.5 - Principal,2025-01-19 09:00 PM,2025,01,19,21,5.5,31,Good,5.9,UG/M3,1 Hr,Valid
Sao Paulo,PM2.5 - Principal,2025-01-19 10:00 PM,2025,01,19,22,6.6,37,Good,7.6,UG/M3,1 Hr,Valid
Sao Paulo,PM2.5 - Principal,2025-01-19 11:00 PM,2025,01,19,23,9.6,52,Moderate,12.7,UG/M3,1 Hr,Valid
Sao Paulo,PM2.5 - Principal,2025-01-20 12:00 AM,2025,01,20,00,10.9,54,Moderate,12.2,UG/M3,1 Hr,Valid
Sao Paulo,PM2.5 - Principal,2025-01-20 01:00 AM,2025,01,20,01,9.0,50,Good,7.1,UG/M3,1 Hr,Valid
Sao Paulo,PM2.5 - Principal,2025-01-20 02:00 AM,2025,01,20,02,7.1,39,Good,5.3,UG/M3,1 Hr,Valid
Sao Paulo,PM2.5 - Principal,2025-01-20 03:00 AM,2025,01,20,03,5.3,29,Good,3.5,UG/M3,1 Hr,Valid
Sao Paulo,PM2.5 - Principal,2025-01-20 04:00 AM,2025,01,20,04,4.4,24,Good,3.5,UG/M3,1 Hr,Valid
Sao Paulo,PM2.5 - Principal,2025-01-20 05:00 AM,2025,01,20,05,4.5,25,Good,4.6,UG/M3,1 Hr,Valid
Sao Paulo,PM2.5 - Principal,2025-01-20 06:00 AM,2025,01,20,06,4.3,24,Good,4.1,UG/M3,1 Hr,Valid
Sao Paulo,PM2.5 - Principal,2025-01-20 07:00 AM,2025,01,20,07,4.2,23,Good,4.1,UG/M3,1 Hr,Valid
Sao Paulo,PM2.5 - Principal,2025-01-20 08:00 AM,2025,01,20,08,4.6,26,Good,5.1,UG/M3,1 Hr,Valid
Sao Paulo,PM2.5 - Principal,2025-01-20 09:00 AM,2025,01,20,09,4.4,24,Good,4.2,UG/M3,1 Hr,Valid
Sao Paulo,PM2.5 - Principal,2025-01-20 10:00 AM,2025,01,20,10,4.6,26,Good,4.9,UG/M3,1 Hr,Valid
Sao Paulo,PM2.5 - Principal,2025-01-20 11:00 AM,2025,01,20,11,4.8,27,Good,5.0,UG/M3,1 Hr,Valid
Sao Paulo,PM2.5 - Principal,2025-01-20 12:00 PM,2025,01,20,12,4.9,27,Good,5.0,UG/M3,1 Hr,Valid
Sao Paulo,PM2.5 - Principal,2025-01-20 01:00 PM,2025,01,20,13,5.0,28,Good,5.4,UG/M3,1 Hr,Valid
Sao Paulo,PM2.5 - Principal,2025-01-20 02:00 PM,2025,01,20,14,4.9,27,Good,4.6,UG/M3,1 Hr,Valid
Sao Paulo,PM2.5 - Principal,2025-01-20 03:00 PM,2025,01,20,15,4.7,26,Good,4.5,UG/M3,1 Hr,Valid
Sao Paulo,PM2.5 - Principal,2025-01-20 04:00 PM,2025,01,20,16,4.6,26,Good,4.0,UG/M3,1 Hr,Valid
Sao Paulo,PM2.5 - Principal,2025-01-20 05:00 PM,2025,01,20,17,4.6,26,Good,4.6,UG/M3,1 Hr,Valid
Sao Paulo,PM2.5 - Principal,2025-01-20 06:00 PM,2025,01,20,18,4.5,25,Good,4.3,UG/M3,1 Hr,Valid
Sao Paulo,PM2.5 - Principal,2025-01-20 07:00 PM,2025,01,20,19,4.5,25,Good,4.3,UG/M3,1 Hr,Valid
Sao Paulo,PM2.5 - Principal,2025-01-20 08:00 PM,2025,01,20,20,4.6,26,Good,4.9,UG/M3,1 Hr,Valid
Sao Paulo,PM2.5 - Principal,2025-01-20 09:00 PM,2025,01,20,21,4.8,27,Good,5.4,UG/M3,1 Hr,Valid
Sao Paulo,PM2.5 - Principal,2025-01-20 10:00 PM,2025,01,20,22,5.1,28,Good,5.8,UG/M3,1 Hr,Valid
Sao Paulo,PM2.5 - Principal,2025-01-20 11:00 PM,2025,01,20,23,5.3,29,Good,5.6,UG/M3,1 Hr,Valid
Sao Paulo,PM2.5 - Principal,2025-01-21 12:00 AM,2025,01,21,00,5.6,31,Good,6.2,UG/M3,1 Hr,Valid
Sao Paulo,PM2.5 - Principal,2025-01-21 01:00 AM,2025,01,21,01,5.8,32,Good,6.2,UG/M3,1 Hr,Valid
Sao Paulo,PM2.5 - Principal,2025-01-21 02:00 AM,2025,01,21,02,5.7,32,Good,5.5,UG/M3,1 Hr,Valid
Sao Paulo,PM2.5 - Principal,2025-01-21 03:00 AM,2025,01,21,03,5.9,33,Good,6.3,UG/M3,1 Hr,Valid
Sao Paulo,PM2.5 - Principal,2025-01-21 04:00 AM,2025,01,21,04,6.0,33,Good,6.1,UG/M3,1 Hr,Valid
Sao Paulo,PM2.5 - Principal,2025-01-21 05:00 AM,2025,01,21,05,5.9,33,Good,5.7,UG/M3,1 Hr,Valid
Sao Paulo,PM2.5 - Principal,2025-01-21 06:00 AM,2025,01,21,06,6.5,36,Good,7.3,UG/M3,1 Hr,Valid
Sao Paulo,PM2.5 - Principal,2025-01-21 07:00 AM,2025,01,21,07,6.8,38,Good,7.5,UG/M3,1 Hr,Valid
Sao Paulo,PM2.5 - Principal,2025-01-21 08:00 AM,2025,01,21,08,6.6,37,Good,6.3,UG/M3,1 Hr,Valid
Sao Paulo,PM2.5 - Principal,2025-01-21 09:00 AM,2025,01,21,09,6.1,34,Good,5.0,UG/M3,1 Hr,Valid
Sao Paulo,PM2.5 - Principal,2025-01-21 10:00 AM,2025,01,21,10,5.3,29,Good,4.4,UG/M3,1 Hr,Valid
Sao Paulo,PM2.5 - Principal,2025-01-21 11:00 AM,2025,01,21,11,5.7,32,Good,6.2,UG/M3,1 Hr,Valid
Sao Paulo,PM2.5 - Principal,2025-01-21 12:00 PM,2025,01,21,12,5.5,31,Good,5.2,UG/M3,1 Hr,Valid
Sao Paulo,PM2.5 - Principal,2025-01-21 01:00 PM,2025,01,21,13,5.4,30,Good,5.2,UG/M3,1 Hr,Valid
Sao Paulo,PM2.5 - Principal,2025-01-21 02:00 PM,2025,01,21,14,4.9,27,Good,4.3,UG/M3,1 Hr,Valid
Sao Paulo,PM2.5 - Principal,2025-01-21 03:00 PM,2025,01,21,15,4.7,26,Good,4.4,UG/M3,1 Hr,Valid
Sao Paulo,PM2.5 - Principal,2025-01-21 04:00 PM,2025,01,21,16,4.4,24,Good,4.2,UG/M3,1 Hr,Valid
Sao Paulo,PM2.5 - Principal,2025-01-21 05:00 PM,2025,01,21,17,4.8,27,Good,5.2,UG/M3,1 Hr,Valid
Sao Paulo,PM2.5 - Principal,2025-01-21 06:00 PM,2025,01,21,18,4.8,27,Good,4.8,UG/M3,1 Hr,Valid
Sao Paulo,PM2.5 - Principal,2025-01-21 07:00 PM,2025,01,21,19,4.8,27,Good,4.9,UG/M3,1 Hr,Valid
Sao Paulo,PM2.5 - Principal,2025-01-21 08:00 PM,2025,01,21,20,4.9,27,Good,5.1,UG/M3,1 Hr,Valid
Sao Paulo,PM2.5 - Principal,2025-01-21 09:00 PM,2025,01,21,21,4.9,27,Good,5.0,UG/M3,1 Hr,Valid
Sao Paulo,PM2.5 - Principal,2025-01-21 10:00 PM,2025,01,21,22,6.1,34,Good,7.5,UG/M3,1 Hr,Valid
Sao Paulo,PM2.5 - Principal,2025-01-21 11:00 PM,2025,01,21,23,5.5,31,Good,4.8,UG/M3,1 Hr,Valid
Sao Paulo,PM2.5 - Principal,2025-01-22 12:00 AM,2025,01,22,00,6.1,34,Good,6.9,UG/M3,1 Hr,Valid
Sao Paulo,PM2.5 - Principal,2025-01-22 01:00 AM,2025,01,22,01,7.0,39,Good,7.8,UG/M3,1 Hr,Valid
Sao Paulo,PM2.5 - Principal,2025-01-22 02:00 AM,2025,01,22,02,8.7,48,Good,10.4,UG/M3,1 Hr,Valid
Sao Paulo,PM2.5 - Principal,2025-01-22 03:00 AM,2025,01,22,03,10.8,54,Moderate,12.9,UG/M3,1 Hr,Valid
Sao Paulo,PM2.5 - Principal,2025-01-22 04:00 AM,2025,01,22,04,11.3,55,Moderate,11.9,UG/M3,1 Hr,Valid
Sao Paulo,PM2.5 - Principal,2025-01-22 05:00 AM,2025,01,22,05,11.4,55,Moderate,11.4,UG/M3,1 Hr,Valid
Sao Paulo,PM2.5 - Principal,2025-01-22 06:00 AM,2025,01,22,06,11.7,56,Moderate,11.9,UG/M3,1 Hr,Valid
Sao Paulo,PM2.5 - Principal,2025-01-22 07:00 AM,2025,01,22,07,12.5,57,Moderate,13.4,UG/M3,1 Hr,Valid
Sao Paulo,PM2.5 - Principal,2025-01-22 08:00 AM,2025,01,22,08,12.4,57,Moderate,12.3,UG/M3,1 Hr,Valid
Sao Paulo,PM2.5 - Principal,2025-01-22 09:00 AM,2025,01,22,09,12.7,58,Moderate,13.1,UG/M3,1 Hr,Valid
Sao Paulo,PM2.5 - Principal,2025-01-22 10:00 AM,2025,01,22,10,9.4,52,Moderate,6.0,UG/M3,1 Hr,Valid
Sao Paulo,PM2.5 - Principal,2025-01-22 11:00 AM,2025,01,22,11,7.1,39,Good,4.9,UG/M3,1 Hr,Valid
Sao Paulo,PM2.5 - Principal,2025-01-22 12:00 PM,2025,01,22,12,5.7,32,Good,4.3,UG/M3,1 Hr,Valid
Sao Paulo,PM2.5 - Principal,2025-01-22 01:00 PM,2025,01,22,13,5.9,33,Good,6.0,UG/M3,1 Hr,Valid
Sao Paulo,PM2.5 - Principal,2025-01-22 02:00 PM,2025,01,22,14,7.1,39,Good,8.4,UG/M3,1 Hr,Valid
Sao Paulo,PM2.5 - Principal,2025-01-22 03:00 PM,2025,01,22,15,5.6,31,Good,4.1,UG/M3,1 Hr,Valid
Sao Paulo,PM2.5 - Principal,2025-01-22 04:00 PM,2025,01,22,16,5.0,28,Good,4.4,UG/M3,1 Hr,Valid
Sao Paulo,PM2.5 - Principal,2025-01-22 05:00 PM,2025,01,22,17,4.2,23,Good,3.4,UG/M3,1 Hr,Valid
Sao Paulo,PM2.5 - Principal,2025-01-22 06:00 PM,2025,01,22,18,4.6,26,Good,4.9,UG/M3,1 Hr,Valid
Sao Paulo,PM2.5 - Principal,2025-01-22 07:00 PM,2025,01,22,19,4.3,24,Good,4.0,UG/M3,1 Hr,Valid
Sao Paulo,PM2.5 - Principal,2025-01-22 08:00 PM,2025,01,22,20,4.4,24,Good,4.5,UG/M3,1 Hr,Valid
Sao Paulo,PM2.5 - Principal,2025-01-22 09:00 PM,2025,01,22,21,4.2,23,Good,4.1,UG/M3,1 Hr,Valid
Sao Paulo,PM2.5 - Principal,2025-01-22 10:00 PM,2025,01,22,22,4.1,23,Good,3.9,UG/M3,1 Hr,Valid
Sao Paulo,PM2.5 - Principal,2025-01-22 11:00 PM,2025,01,22,23,4.5,25,Good,4.9,UG/M3,1 Hr,Valid
Sao Paulo,PM2.5 - Principal,2025-01-23 12:00 AM,2025,01,23,00,4.9,27,Good,5.3,UG/M3,1 Hr,Valid
Sao Paulo,PM2.5 - Principal,2025-01-23 01:00 AM,2025,01,23,01,5.3,29,Good,5.8,UG/M3,1 Hr,Valid
Sao Paulo,PM2.5 - Principal,2025-01-23 02:00 AM,2025,01,23,02,3.7,21,Good,2.2,UG/M3,1 Hr,Valid
Sao Paulo,PM2.5 - Principal,2025-01-23 03:00 AM,2025,01,23,03,2.6,14,Good,1.5,UG/M3,1 Hr,Valid
Sao Paulo,PM2.5 - Principal,2025-01-23 04:00 AM,2025,01,23,04,2.5,14,Good,2.5,UG/M3,1 Hr,Valid
Sao Paulo,PM2.5 - Principal,2025-01-23 05:00 AM,2025,01,23,05,2.4,13,Good,2.3,UG/M3,1 Hr,Valid
Sao Paulo,PM2.5 - Principal,2025-01-23 06:00 AM,2025,01,23,06,3.0,17,Good,3.5,UG/M3,1 Hr,Valid
Sao Paulo,PM2.5 - Principal,2025-01-23 07:00 AM,2025,01,23,07,3.7,21,Good,4.4,UG/M3,1 Hr,Valid
Sao Paulo,PM2.5 - Principal,2025-01-23 08:00 AM,2025,01,23,08,4.8,27,Good,6.0,UG/M3,1 Hr,Valid
Sao Paulo,PM2.5 - Principal,2025-01-23 09:00 AM,2025,01,23,09,6.1,34,Good,7.3,UG/M3,1 Hr,Valid
Sao Paulo,PM2.5 - Principal,2025-01-23 10:00 AM,2025,01,23,10,6.8,38,Good,7.5,UG/M3,1 Hr,Valid
Sao Paulo,PM2.5 - Principal,2025-01-23 11:00 AM,2025,01,23,11,7.9,44,Good,9.1,UG/M3,1 Hr,Valid
Sao Paulo,PM2.5 - Principal,2025-01-23 12:00 PM,2025,01,23,12,8.3,46,Good,8.6,UG/M3,1 Hr,Valid
Sao Paulo,PM2.5 - Principal,2025-01-23 01:00 PM,2025,01,23,13,8.6,48,Good,9.0,UG/M3,1 Hr,Valid
Sao Paulo,PM2.5 - Principal,2025-01-23 02:00 PM,2025,01,23,14,7.9,44,Good,7.3,UG/M3,1 Hr,Valid
Sao Paulo,PM2.5 - Principal,2025-01-23 03:00 PM,2025,01,23,15,6.7,37,Good,5.4,UG/M3,1 Hr,Valid
Sao Paulo,PM2.5 - Principal,2025-01-23 04:00 PM,2025,01,23,16,5.5,31,Good,4.3,UG/M3,1 Hr,Valid
Sao Paulo,PM2.5 - Principal,2025-01-23 05:00 PM,2025,01,23,17,4.5,25,Good,3.5,UG/M3,1 Hr,Valid
Sao Paulo,PM2.5 - Principal,2025-01-23 06:00 PM,2025,01,23,18,4.2,23,Good,3.8,UG/M3,1 Hr,Valid
Sao Paulo,PM2.5 - Principal,2025-01-23 07:00 PM,2025,01,23,19,5.5,31,Good,6.8,UG/M3,1 Hr,Valid
Sao Paulo,PM2.5 - Principal,2025-01-23 08:00 PM,2025,01,23,20,7.3,41,Good,9.2,UG/M3,1 Hr,Valid
Sao Paulo,PM2.5 - Principal,2025-01-23 09:00 PM,2025,01,23,21,9.1,51,Moderate,10.9,UG/M3,1 Hr,Valid
Sao Paulo,PM2.5 - Principal,2025-01-23 10:00 PM,2025,01,23,22,9.2,51,Moderate,9.3,UG/M3,1 Hr,Valid
Sao Paulo,PM2.5 - Principal,2025-01-23 11:00 PM,2025,01,23,23,9.1,51,Moderate,9.0,UG/M3,1 Hr,Valid
Sao Paulo,PM2.5 - Principal,2025-01-24 12:00 AM,2025,01,24,00,8.8,49,Good,8.6,UG/M3,1 Hr,Valid
Sao Paulo,PM2.5 - Principal,2025-01-24 01:00 AM,2025,01,24,01,8.9,49,Good,8.9,UG/M3,1 Hr,Valid
Sao Paulo,PM2.5 - Principal,2025-01-24 02:00 AM,2025,01,24,02,9.3,51,Moderate,9.7,UG/M3,1 Hr,Valid
Sao Paulo,PM2.5 - Principal,2025-01-24 03:00 AM,2025,01,24,03,11.6,56,Moderate,13.9,UG/M3,1 Hr,Valid
Sao Paulo,PM2.5 - Principal,2025-01-24 04:00 AM,2025,01,24,04,10.6,54,Moderate,9.7,UG/M3,1 Hr,Valid
Sao Paulo,PM2.5 - Principal,2025-01-24 05:00 AM,2025,01,24,05,9.2,51,Moderate,7.8,UG/M3,1 Hr,Valid
Sao Paulo,PM2.5 - Principal,2025-01-24 06:00 AM,2025,01,24,06,10.0,53,Moderate,10.8,UG/M3,1 Hr,Valid
Sao Paulo,PM2.5 - Principal,2025-01-24 07:00 AM,2025,01,24,07,10.8,54,Moderate,11.8,UG/M3,1 Hr,Valid
Sao Paulo,PM2.5 - Principal,2025-01-24 08:00 AM,2025,01,24,08,10.6,54,Moderate,10.2,UG/M3,1 Hr,Valid
Sao Paulo,PM2.5 - Principal,2025-01-24 09:00 AM,2025,01,24,09,10.4,53,Moderate,10.3,UG/M3,1 Hr,Valid
Sao Paulo,PM2.5 - Principal,2025-01-24 10:00 AM,2025,01,24,10,11.9,56,Moderate,13.9,UG/M3,1 Hr,Valid
Sao Paulo,PM2.5 - Principal,2025-01-24 11:00 AM,2025,01,24,11,16.4,65,Moderate,20.7,UG/M3,1 Hr,Valid
Sao Paulo,PM2.5 - Principal,2025-01-24 12:00 PM,2025,01,24,12,23.0,77,Moderate,29.6,UG/M3,1 Hr,Valid
Sao Paulo,PM2.5 - Principal,2025-01-24 01:00 PM,2025,01,24,13,24.2,79,Moderate,25.4,UG/M3,1 Hr,Valid
Sao Paulo,PM2.5 - Principal,2025-01-24 02:00 PM,2025,01,24,14,22.5,76,Moderate,20.9,UG/M3,1 Hr,Valid
Sao Paulo,PM2.5 - Principal,2025-01-24 03:00 PM,2025,01,24,15,21.2,74,Moderate,19.8,UG/M3,1 Hr,Valid
Sao Paulo,PM2.5 - Principal,2025-01-24 04:00 PM,2025,01,24,16,17.7,67,Moderate,14.2,UG/M3,1 Hr,Valid
Sao Paulo,PM2.5 - Principal,2025-01-24 05:00 PM,2025,01,24,17,10.9,54,Moderate,4.1,UG/M3,1 Hr,Valid
Sao Paulo,PM2.5 - Principal,2025-01-24 06:00 PM,2025,01,24,18,7.7,43,Good,4.5,UG/M3,1 Hr,Valid
Sao Paulo,PM2.5 - Principal,2025-01-24 07:00 PM,2025,01,24,19,6.9,38,Good,6.0,UG/M3,1 Hr,Valid
Sao Paulo,PM2.5 - Principal,2025-01-24 08:00 PM,2025,01,24,20,7.0,39,Good,7.2,UG/M3,1 Hr,Valid
Sao Paulo,PM2.5 - Principal,2025-01-24 09:00 PM,2025,01,24,21,8.3,46,Good,9.6,UG/M3,1 Hr,Valid
Sao Paulo,PM2.5 - Principal,2025-01-24 10:00 PM,2025,01,24,22,9.6,52,Moderate,11.0,UG/M3,1 Hr,Valid
Sao Paulo,PM2.5 - Principal,2025-01-24 11:00 PM,2025,01,24,23,11.4,55,Moderate,13.1,UG/M3,1 Hr,Valid
Sao Paulo,PM2.5 - Principal,2025-01-25 12:00 AM,2025,01,25,00,12.8,58,Moderate,14.2,UG/M3,1 Hr,Valid
Sao Paulo,PM2.5 - Principal,2025-01-25 01:00 AM,2025,01,25,01,13.5,59,Moderate,14.2,UG/M3,1 Hr,Valid
Sao Paulo,PM2.5 - Principal,2025-01-25 02:00 AM,2025,01,25,02,13.7,60,Moderate,13.9,UG/M3,1 Hr,Valid
Sao Paulo,PM2.5 - Principal,2025-01-25 03:00 AM,2025,01,25,03,13.1,58,Moderate,12.6,UG/M3,1 Hr,Valid
Sao Paulo,PM2.5 - Principal,2025-01-25 04:00 AM,2025,01,25,04,15.8,63,Moderate,18.4,UG/M3,1 Hr,Valid
Sao Paulo,PM2.5 - Principal,2025-01-25 05:00 AM,2025,01,25,05,13.4,59,Moderate,11.0,UG/M3,1 Hr,Valid
Sao Paulo,PM2.5 - Principal,2025-01-25 06:00 AM,2025,01,25,06,12.3,57,Moderate,11.2,UG/M3,1 Hr,Valid
Sao Paulo,PM2.5 - Principal,2025-01-25 07:00 AM,2025,01,25,07,11.8,56,Moderate,11.3,UG/M3,1 Hr,Valid
Sao Paulo,PM2.5 - Principal,2025-01-25 08:00 AM,2025,01,25,08,11.0,55,Moderate,10.0,UG/M3,1 Hr,Valid
Sao Paulo,PM2.5 - Principal,2025-01-25 09:00 AM,2025,01,25,09,8.5,47,Good,6.0,UG/M3,1 Hr,Valid
Sao Paulo,PM2.5 - Principal,2025-01-25 10:00 AM,2025,01,25,10,6.9,38,Good,5.3,UG/M3,1 Hr,Valid
Sao Paulo,PM2.5 - Principal,2025-01-25 11:00 AM,2025,01,25,11,6.2,34,Good,5.5,UG/M3,1 Hr,Valid
Sao Paulo,PM2.5 - Principal,2025-01-25 12:00 PM,2025,01,25,12,6.2,34,Good,6.2,UG/M3,1 Hr,Valid
Sao Paulo,PM2.5 - Principal,2025-01-25 01:00 PM,2025,01,25,13,6.5,36,Good,6.8,UG/M3,1 Hr,Valid
Sao Paulo,PM2.5 - Principal,2025-01-25 02:00 PM,2025,01,25,14,6.3,35,Good,6.0,UG/M3,1 Hr,Valid
Sao Paulo,PM2.5 - Principal,2025-01-25 03:00 PM,2025,01,25,15,6.3,35,Good,6.4,UG/M3,1 Hr,Valid
Sao Paulo,PM2.5 - Principal,2025-01-25 04:00 PM,2025,01,25,16,6.1,34,Good,5.9,UG/M3,1 Hr,Valid
Sao Paulo,PM2.5 - Principal,2025-01-25 05:00 PM,2025,01,25,17,6.2,34,Good,6.2,UG/M3,1 Hr,Valid
Sao Paulo,PM2.5 - Principal,2025-01-25 06:00 PM,2025,01,25,18,5.9,33,Good,5.7,UG/M3,1 Hr,Valid
Sao Paulo,PM2.5 - Principal,2025-01-25 07:00 PM,2025,01,25,19,6.6,37,Good,7.4,UG/M3,1 Hr,Valid
Sao Paulo,PM2.5 - Principal,2025-01-25 08:00 PM,2025,01,25,20,6.3,35,Good,6.2,UG/M3,1 Hr,Valid
Sao Paulo,PM2.5 - Principal,2025-01-25 09:00 PM,2025,01,25,21,6.3,35,Good,6.1,UG/M3,1 Hr,Valid
Sao Paulo,PM2.5 - Principal,2025-01-25 10:00 PM,2025,01,25,22,7.7,43,Good,9.6,UG/M3,1 Hr,Valid
Sao Paulo,PM2.5 - Principal,2025-01-25 11:00 PM,2025,01,25,23,7.3,41,Good,7.0,UG/M3,1 Hr,Valid
Sao Paulo,PM2.5 - Principal,2025-01-26 12:00 AM,2025,01,26,00,6.3,35,Good,5.0,UG/M3,1 Hr,Valid
Sao Paulo,PM2.5 - Principal,2025-01-26 01:00 AM,2025,01,26,01,4.5,25,Good,2.8,UG/M3,1 Hr,Valid
Sao Paulo,PM2.5 - Principal,2025-01-26 02:00 AM,2025,01,26,02,4.0,22,Good,3.5,UG/M3,1 Hr,Valid
Sao Paulo,PM2.5 - Principal,2025-01-26 03:00 AM,2025,01,26,03,3.8,21,Good,3.6,UG/M3,1 Hr,Valid
Sao Paulo,PM2.5 - Principal,2025-01-26 04:00 AM,2025,01,26,04,3.9,22,Good,4.1,UG/M3,1 Hr,Valid
Sao Paulo,PM2.5 - Principal,2025-01-26 05:00 AM,2025,01,26,05,4.4,24,Good,4.8,UG/M3,1 Hr,Valid
Sao Paulo,PM2.5 - Principal,2025-01-26 06:00 AM,2025,01,26,06,4.6,26,Good,4.7,UG/M3,1 Hr,Valid
Sao Paulo,PM2.5 - Principal,2025-01-26 07:00 AM,2025,01,26,07,4.7,26,Good,4.7,UG/M3,1 Hr,Valid
Sao Paulo,PM2.5 - Principal,2025-01-26 08:00 AM,2025,01,26,08,4.5,25,Good,4.4,UG/M3,1 Hr,Valid
Sao Paulo,PM2.5 - Principal,2025-01-26 09:00 AM,2025,01,26,09,4.2,23,Good,3.9,UG/M3,1 Hr,Valid
Sao Paulo,PM2.5 - Principal,2025-01-26 10:00 AM,2025,01,26,10,4.4,24,Good,4.6,UG/M3,1 Hr,Valid
Sao Paulo,PM2.5 - Principal,2025-01-26 11:00 AM,2025,01,26,11,4.4,24,Good,4.5,UG/M3,1 Hr,Valid
Sao Paulo,PM2.5 - Principal,2025-01-26 12:00 PM,2025,01,26,12,4.3,24,Good,4.0,UG/M3,1 Hr,Valid
Sao Paulo,PM2.5 - Principal,2025-01-26 01:00 PM,2025,01,26,13,4.8,27,Good,5.6,UG/M3,1 Hr,Valid
Sao Paulo,PM2.5 - Principal,2025-01-26 02:00 PM,2025,01,26,14,5.0,28,Good,5.5,UG/M3,1 Hr,Valid
Sao Paulo,PM2.5 - Principal,2025-01-26 03:00 PM,2025,01,26,15,4.7,26,Good,4.1,UG/M3,1 Hr,Valid
Sao Paulo,PM2.5 - Principal,2025-01-26 04:00 PM,2025,01,26,16,4.3,24,Good,3.6,UG/M3,1 Hr,Valid
Sao Paulo,PM2.5 - Principal,2025-01-26 05:00 PM,2025,01,26,17,3.1,17,Good,2.0,UG/M3,1 Hr,Valid
Sao Paulo,PM2.5 - Principal,2025-01-26 06:00 PM,2025,01,26,18,3.6,20,Good,4.2,UG/M3,1 Hr,Valid
Sao Paulo,PM2.5 - Principal,2025-01-26 07:00 PM,2025,01,26,19,3.5,19,Good,3.3,UG/M3,1 Hr,Valid
Sao Paulo,PM2.5 - Principal,2025-01-26 08:00 PM,2025,01,26,20,3.1,17,Good,2.7,UG/M3,1 Hr,Valid
Sao Paulo,PM2.5 - Principal,2025-01-26 09:00 PM,2025,01,26,21,3.5,19,Good,3.8,UG/M3,1 Hr,Valid
Sao Paulo,PM2.5 - Principal,2025-01-26 10:00 PM,2025,01,26,22,4.1,23,Good,4.8,UG/M3,1 Hr,Valid
Sao Paulo,PM2.5 - Principal,2025-01-26 11:00 PM,2025,01,26,23,4.7,26,Good,5.3,UG/M3,1 Hr,Valid
Sao Paulo,PM2.5 - Principal,2025-01-27 12:00 AM,2025,01,27,00,4.7,26,Good,4.7,UG/M3,1 Hr,Valid
Sao Paulo,PM2.5 - Principal,2025-01-27 01:00 AM,2025,01,27,01,4.9,27,Good,5.2,UG/M3,1 Hr,Valid
Sao Paulo,PM2.5 - Principal,2025-01-27 02:00 AM,2025,01,27,02,5.1,28,Good,5.3,UG/M3,1 Hr,Valid
Sao Paulo,PM2.5 - Principal,2025-01-27 03:00 AM,2025,01,27,03,4.8,27,Good,4.5,UG/M3,1 Hr,Valid
Sao Paulo,PM2.5 - Principal,2025-01-27 04:00 AM,2025,01,27,04,5.0,28,Good,5.1,UG/M3,1 Hr,Valid
Sao Paulo,PM2.5 - Principal,2025-01-27 05:00 AM,2025,01,27,05,4.7,26,Good,4.3,UG/M3,1 Hr,Valid
Sao Paulo,PM2.5 - Principal,2025-01-27 06:00 AM,2025,01,27,06,4.2,23,Good,3.8,UG/M3,1 Hr,Valid
Sao Paulo,PM2.5 - Principal,2025-01-27 07:00 AM,2025,01,27,07,4.3,24,Good,4.3,UG/M3,1 Hr,Valid
Sao Paulo,PM2.5 - Principal,2025-01-27 08:00 AM,2025,01,27,08,3.7,21,Good,2.9,UG/M3,1 Hr,Valid
Sao Paulo,PM2.5 - Principal,2025-01-27 09:00 AM,2025,01,27,09,3.7,21,Good,3.6,UG/M3,1 Hr,Valid
Sao Paulo,PM2.5 - Principal,2025-01-27 10:00 AM,2025,01,27,10,3.8,21,Good,3.9,UG/M3,1 Hr,Valid
Sao Paulo,PM2.5 - Principal,2025-01-27 11:00 AM,2025,01,27,11,8.2,46,Good,12.6,UG/M3,1 Hr,Valid
Sao Paulo,PM2.5 - Principal,2025-01-27 12:00 PM,2025,01,27,12,6.7,37,Good,5.3,UG/M3,1 Hr,Valid
Sao Paulo,PM2.5 - Principal,2025-01-27 01:00 PM,2025,01,27,13,6.5,36,Good,6.2,UG/M3,1 Hr,Valid
Sao Paulo,PM2.5 - Principal,2025-01-27 02:00 PM,2025,01,27,14,6.3,35,Good,6.2,UG/M3,1 Hr,Valid
Sao Paulo,PM2.5 - Principal,2025-01-27 03:00 PM,2025,01,27,15,5.3,29,Good,4.2,UG/M3,1 Hr,Valid
Sao Paulo,PM2.5 - Principal,2025-01-27 04:00 PM,2025,01,27,16,4.3,24,Good,3.3,UG/M3,1 Hr,Valid
Sao Paulo,PM2.5 - Principal,2025-01-27 05:00 PM,2025,01,27,17,3.7,21,Good,3.1,UG/M3,1 Hr,Valid
Sao Paulo,PM2.5 - Principal,2025-01-27 06:00 PM,2025,01,27,18,3.6,20,Good,3.6,UG/M3,1 Hr,Valid
Sao Paulo,PM2.5 - Principal,2025-01-27 07:00 PM,2025,01,27,19,3.7,21,Good,3.7,UG/M3,1 Hr,Valid
Sao Paulo,PM2.5 - Principal,2025-01-27 08:00 PM,2025,01,27,20,6.8,38,Good,9.9,UG/M3,1 Hr,Valid
Sao Paulo,PM2.5 - Principal,2025-01-27 09:00 PM,2025,01,27,21,7.2,40,Good,7.5,UG/M3,1 Hr,Valid
Sao Paulo,PM2.5 - Principal,2025-01-27 10:00 PM,2025,01,27,22,6.0,33,Good,4.9,UG/M3,1 Hr,Valid
Sao Paulo,PM2.5 - Principal,2025-01-27 11:00 PM,2025,01,27,23,5.8,32,Good,5.6,UG/M3,1 Hr,Valid
Sao Paulo,PM2.5 - Principal,2025-01-28 12:00 AM,2025,01,28,00,6.5,36,Good,7.2,UG/M3,1 Hr,Valid
Sao Paulo,PM2.5 - Principal,2025-01-28 01:00 AM,2025,01,28,01,6.2,34,Good,5.8,UG/M3,1 Hr,Valid
Sao Paulo,PM2.5 - Principal,2025-01-28 02:00 AM,2025,01,28,02,7.2,40,Good,8.3,UG/M3,1 Hr,Valid
Sao Paulo,PM2.5 - Principal,2025-01-28 03:00 AM,2025,01,28,03,8.4,47,Good,9.5,UG/M3,1 Hr,Valid
Sao Paulo,PM2.5 - Principal,2025-01-28 04:00 AM,2025,01,28,04,11.5,55,Moderate,14.6,UG/M3,1 Hr,Valid
Sao Paulo,PM2.5 - Principal,2025-01-28 05:00 AM,2025,01,28,05,13.4,59,Moderate,15.4,UG/M3,1 Hr,Valid
Sao Paulo,PM2.5 - Principal,2025-01-28 06:00 AM,2025,01,28,06,13.1,58,Moderate,12.8,UG/M3,1 Hr,Valid
Sao Paulo,PM2.5 - Principal,2025-01-28 07:00 AM,2025,01,28,07,12.9,58,Moderate,12.6,UG/M3,1 Hr,Valid
Sao Paulo,PM2.5 - Principal,2025-01-28 08:00 AM,2025,01,28,08,9.9,52,Moderate,6.9,UG/M3,1 Hr,Valid
Sao Paulo,PM2.5 - Principal,2025-01-28 09:00 AM,2025,01,28,09,9.1,51,Moderate,8.3,UG/M3,1 Hr,Valid
Sao Paulo,PM2.5 - Principal,2025-01-28 10:00 AM,2025,01,28,10,11.7,56,Moderate,14.2,UG/M3,1 Hr,Valid
Sao Paulo,PM2.5 - Principal,2025-01-28 11:00 AM,2025,01,28,11,11.1,55,Moderate,10.5,UG/M3,1 Hr,Valid
Sao Paulo,PM2.5 - Principal,2025-01-28 12:00 PM,2025,01,28,12,11.4,55,Moderate,11.8,UG/M3,1 Hr,Valid
Sao Paulo,PM2.5 - Principal,2025-01-28 01:00 PM,2025,01,28,13,11.9,56,Moderate,12.4,UG/M3,1 Hr,Valid
Sao Paulo,PM2.5 - Principal,2025-01-28 02:00 PM,2025,01,28,14,12.8,58,Moderate,13.6,UG/M3,1 Hr,Valid
Sao Paulo,PM2.5 - Principal,2025-01-28 03:00 PM,2025,01,28,15,17.7,67,Moderate,22.7,UG/M3,1 Hr,Valid
Sao Paulo,PM2.5 - Principal,2025-01-28 04:00 PM,2025,01,28,16,15.6,63,Moderate,13.4,UG/M3,1 Hr,Valid
Sao Paulo,PM2.5 - Principal,2025-01-28 05:00 PM,2025,01,28,17,13.8,60,Moderate,12.0,UG/M3,1 Hr,Valid
Sao Paulo,PM2.5 - Principal,2025-01-28 06:00 PM,2025,01,28,18,12.6,58,Moderate,11.4,UG/M3,1 Hr,Valid
Sao Paulo,PM2.5 - Principal,2025-01-28 07:00 PM,2025,01,28,19,16.0,64,Moderate,19.3,UG/M3,1 Hr,Valid
Sao Paulo,PM2.5 - Principal,2025-01-28 08:00 PM,2025,01,28,20,18.3,68,Moderate,20.7,UG/M3,1 Hr,Valid
Sao Paulo,PM2.5 - Principal,2025-01-28 09:00 PM,2025,01,28,21,17.0,66,Moderate,15.6,UG/M3,1 Hr,Valid
Sao Paulo,PM2.5 - Principal,2025-01-28 10:00 PM,2025,01,28,22,15.7,63,Moderate,14.5,UG/M3,1 Hr,Valid
Sao Paulo,PM2.5 - Principal,2025-01-28 11:00 PM,2025,01,28,23,16.0,64,Moderate,16.3,UG/M3,1 Hr,Valid
Sao Paulo,PM2.5 - Principal,2025-01-29 12:00 AM,2025,01,29,00,15.7,63,Moderate,15.3,UG/M3,1 Hr,Valid
Sao Paulo,PM2.5 - Principal,2025-01-29 01:00 AM,2025,01,29,01,13.4,59,Moderate,11.0,UG/M3,1 Hr,Valid
Sao Paulo,PM2.5 - Principal,2025-01-29 02:00 AM,2025,01,29,02,11.2,55,Moderate,9.1,UG/M3,1 Hr,Valid
Sao Paulo,PM2.5 - Principal,2025-01-29 03:00 AM,2025,01,29,03,9.9,52,Moderate,8.6,UG/M3,1 Hr,Valid
Sao Paulo,PM2.5 - Principal,2025-01-29 04:00 AM,2025,01,29,04,9.6,52,Moderate,9.3,UG/M3,1 Hr,Valid
Sao Paulo,PM2.5 - Principal,2025-01-29 05:00 AM,2025,01,29,05,9.0,50,Good,8.5,UG/M3,1 Hr,Valid
Sao Paulo,PM2.5 - Principal,2025-01-29 06:00 AM,2025,01,29,06,8.5,47,Good,7.9,UG/M3,1 Hr,Valid
Sao Paulo,PM2.5 - Principal,2025-01-29 07:00 AM,2025,01,29,07,7.8,43,Good,7.2,UG/M3,1 Hr,Valid
Sao Paulo,PM2.5 - Principal,2025-01-29 08:00 AM,2025,01,29,08,8.3,46,Good,8.8,UG/M3,1 Hr,Valid
Sao Paulo,PM2.5 - Principal,2025-01-29 09:00 AM,2025,01,29,09,9.8,52,Moderate,11.4,UG/M3,1 Hr,Valid
Sao Paulo,PM2.5 - Principal,2025-01-29 10:00 AM,2025,01,29,10,14.0,60,Moderate,18.2,UG/M3,1 Hr,Valid
Sao Paulo,PM2.5 - Principal,2025-01-29 11:00 AM,2025,01,29,11,13.4,59,Moderate,12.8,UG/M3,1 Hr,Valid
Sao Paulo,PM2.5 - Principal,2025-01-29 12:00 PM,2025,01,29,12,8.9,49,Good,4.4,UG/M3,1 Hr,Valid
Sao Paulo,PM2.5 - Principal,2025-01-29 01:00 PM,2025,01,29,13,6.9,38,Good,4.9,UG/M3,1 Hr,Valid
Sao Paulo,PM2.5 - Principal,2025-01-29 02:00 PM,2025,01,29,14,6.0,33,Good,5.0,UG/M3,1 Hr,Valid
Sao Paulo,PM2.5 - Principal,2025-01-29 03:00 PM,2025,01,29,15,5.0,28,Good,4.0,UG/M3,1 Hr,Valid
Sao Paulo,PM2.5 - Principal,2025-01-29 04:00 PM,2025,01,29,16,4.8,27,Good,4.7,UG/M3,1 Hr,Valid
Sao Paulo,PM2.5 - Principal,2025-01-29 05:00 PM,2025,01,29,17,4.4,24,Good,4.0,UG/M3,1 Hr,Valid
Sao Paulo,PM2.5 - Principal,2025-01-29 06:00 PM,2025,01,29,18,3.6,20,Good,2.8,UG/M3,1 Hr,Valid
Sao Paulo,PM2.5 - Principal,2025-01-29 07:00 PM,2025,01,29,19,4.3,24,Good,5.0,UG/M3,1 Hr,Valid
Sao Paulo,PM2.5 - Principal,2025-01-29 08:00 PM,2025,01,29,20,4.1,23,Good,4.0,UG/M3,1 Hr,Valid
Sao Paulo,PM2.5 - Principal,2025-01-29 09:00 PM,2025,01,29,21,3.9,22,Good,3.6,UG/M3,1 Hr,Valid
Sao Paulo,PM2.5 - Principal,2025-01-29 10:00 PM,2025,01,29,22,3.8,21,Good,3.7,UG/M3,1 Hr,Valid
Sao Paulo,PM2.5 - Principal,2025-01-29 11:00 PM,2025,01,29,23,4.0,22,Good,4.3,UG/M3,1 Hr,Valid
Sao Paulo,PM2.5 - Principal,2025-01-30 12:00 AM,2025,01,30,00,4.4,24,Good,5.0,UG/M3,1 Hr,Valid
Sao Paulo,PM2.5 - Principal,2025-01-30 01:00 AM,2025,01,30,01,4.7,26,Good,5.0,UG/M3,1 Hr,Valid
Sao Paulo,PM2.5 - Principal,2025-01-30 02:00 AM,2025,01,30,02,4.6,26,Good,4.6,UG/M3,1 Hr,Valid
Sao Paulo,PM2.5 - Principal,2025-01-30 03:00 AM,2025,01,30,03,4.7,26,Good,4.7,UG/M3,1 Hr,Valid
Sao Paulo,PM2.5 - Principal,2025-01-30 04:00 AM,2025,01,30,04,5.1,28,Good,5.6,UG/M3,1 Hr,Valid
Sao Paulo,PM2.5 - Principal,2025-01-30 05:00 AM,2025,01,30,05,6.5,36,Good,7.8,UG/M3,1 Hr,Valid
Sao Paulo,PM2.5 - Principal,2025-01-30 06:00 AM,2025,01,30,06,6.5,36,Good,6.5,UG/M3,1 Hr,Valid
Sao Paulo,PM2.5 - Principal,2025-01-30 07:00 AM,2025,01,30,07,6.6,37,Good,6.8,UG/M3,1 Hr,Valid
Sao Paulo,PM2.5 - Principal,2025-01-30 08:00 AM,2025,01,30,08,6.1,34,Good,5.6,UG/M3,1 Hr,Valid
Sao Paulo,PM2.5 - Principal,2025-01-30 09:00 AM,2025,01,30,09,6.1,34,Good,6.1,UG/M3,1 Hr,Valid
Sao Paulo,PM2.5 - Principal,2025-01-30 10:00 AM,2025,01,30,10,7.1,39,Good,8.2,UG/M3,1 Hr,Valid
Sao Paulo,PM2.5 - Principal,2025-01-30 11:00 AM,2025,01,30,11,6.3,35,Good,5.4,UG/M3,1 Hr,Valid
Sao Paulo,PM2.5 - Principal,2025-01-30 12:00 PM,2025,01,30,12,5.6,31,Good,4.7,UG/M3,1 Hr,Valid
Sao Paulo,PM2.5 - Principal,2025-01-30 01:00 PM,2025,01,30,13,6.1,34,Good,6.8,UG/M3,1 Hr,Valid
Sao Paulo,PM2.5 - Principal,2025-01-30 02:00 PM,2025,01,30,14,6.0,33,Good,5.9,UG/M3,1 Hr,Valid
Sao Paulo,PM2.5 - Principal,2025-01-30 03:00 PM,2025,01,30,15,5.2,29,Good,4.3,UG/M3,1 Hr,Valid
Sao Paulo,PM2.5 - Principal,2025-01-30 04:00 PM,2025,01,30,16,4.9,27,Good,4.5,UG/M3,1 Hr,Valid
Sao Paulo,PM2.5 - Principal,2025-01-30 05:00 PM,2025,01,30,17,4.5,25,Good,4.1,UG/M3,1 Hr,Valid
Sao Paulo,PM2.5 - Principal,2025-01-30 06:00 PM,2025,01,30,18,4.1,23,Good,3.7,UG/M3,1 Hr,Valid
Sao Paulo,PM2.5 - Principal,2025-01-30 07:00 PM,2025,01,30,19,4.0,22,Good,4.0,UG/M3,1 Hr,Valid
Sao Paulo,PM2.5 - Principal,2025-01-30 08:00 PM,2025,01,30,20,4.8,27,Good,5.5,UG/M3,1 Hr,Valid
Sao Paulo,PM2.5 - Principal,2025-01-30 09:00 PM,2025,01,30,21,5.2,29,Good,5.6,UG/M3,1 Hr,Valid
Sao Paulo,PM2.5 - Principal,2025-01-30 10:00 PM,2025,01,30,22,4.6,26,Good,4.0,UG/M3,1 Hr,Valid
Sao Paulo,PM2.5 - Principal,2025-01-30 11:00 PM,2025,01,30,23,3.8,21,Good,3.1,UG/M3,1 Hr,Valid
Sao Paulo,PM2.5 - Principal,2025-01-31 12:00 AM,2025,01,31,00,3.3,18,Good,2.9,UG/M3,1 Hr,Valid
Sao Paulo,PM2.5 - Principal,2025-01-31 01:00 AM,2025,01,31,01,4.3,24,Good,5.2,UG/M3,1 Hr,Valid
Sao Paulo,PM2.5 - Principal,2025-01-31 02:00 AM,2025,01,31,02,3.8,21,Good,3.3,UG/M3,1 Hr,Valid
Sao Paulo,PM2.5 - Principal,2025-01-31 03:00 AM,2025,01,31,03,2.8,16,Good,1.8,UG/M3,1 Hr,Valid
Sao Paulo,PM2.5 - Principal,2025-01-31 04:00 AM,2025,01,31,04,3.2,18,Good,3.6,UG/M3,1 Hr,Valid
Sao Paulo,PM2.5 - Principal,2025-01-31 05:00 AM,2025,01,31,05,3.5,19,Good,3.9,UG/M3,1 Hr,Valid
Sao Paulo,PM2.5 - Principal,2025-01-31 06:00 AM,2025,01,31,06,4.1,23,Good,4.6,UG/M3,1 Hr,Valid
Sao Paulo,PM2.5 - Principal,2025-01-31 07:00 AM,2025,01,31,07,4.4,24,Good,4.7,UG/M3,1 Hr,Valid
Sao Paulo,PM2.5 - Principal,2025-01-31 08:00 AM,2025,01,31,08,4.6,26,Good,4.8,UG/M3,1 Hr,Valid
Sao Paulo,PM2.5 - Principal,2025-01-31 09:00 AM,2025,01,31,09,4.3,24,Good,4.0,UG/M3,1 Hr,Valid
Sao Paulo,PM2.5 - Principal,2025-01-31 10:00 AM,2025,01,31,10,4.5,25,Good,4.7,UG/M3,1 Hr,Valid
Sao Paulo,PM2.5 - Principal,2025-01-31 11:00 AM,2025,01,31,11,5.1,28,Good,5.8,UG/M3,1 Hr,Valid
Sao Paulo,PM2.5 - Principal,2025-01-31 12:00 PM,2025,01,31,12,4.7,26,Good,4.3,UG/M3,1 Hr,Valid
Sao Paulo,PM2.5 - Principal,2025-01-31 01:00 PM,2025,01,31,13,5.3,29,Good,5.8,UG/M3,1 Hr,Valid
Sao Paulo,PM2.5 - Principal,2025-01-31 02:00 PM,2025,01,31,14,5.2,29,Good,5.1,UG/M3,1 Hr,Valid
Sao Paulo,PM2.5 - Principal,2025-01-31 03:00 PM,2025,01,31,15,4.6,26,Good,3.8,UG/M3,1 Hr,Valid
Sao Paulo,PM2.5 - Principal,2025-01-31 04:00 PM,2025,01,31,16,4.5,25,Good,4.1,UG/M3,1 Hr,Valid
Sao Paulo,PM2.5 - Principal,2025-01-31 05:00 PM,2025,01,31,17,4.4,24,Good,4.2,UG/M3,1 Hr,Valid
Sao Paulo,PM2.5 - Principal,2025-01-31 06:00 PM,2025,01,31,18,5.6,31,Good,7.2,UG/M3,1 Hr,Valid
Sao Paulo,PM2.5 - Principal,2025-01-31 07:00 PM,2025,01,31,19,7.2,40,Good,8.7,UG/M3,1 Hr,Valid
Sao Paulo,PM2.5 - Principal,2025-01-31 08:00 PM,2025,01,31,20,7.8,43,Good,8.5,UG/M3,1 Hr,Valid
Sao Paulo,PM2.5 - Principal,2025-01-31 09:00 PM,2025,01,31,21,6.4,36,Good,5.0,UG/M3,1 Hr,Valid
Sao Paulo,PM2.5 - Principal,2025-01-31 10:00 PM,2025,01,31,22,5.5,31,Good,4.6,UG/M3,1 Hr,Valid
Sao Paulo,PM2.5 - Principal,2025-01-31 11:00 PM,2025,01,31,23,4.6,26,Good,3.7,UG/M3,1 Hr,Valid
Sao Paulo,PM2.5 - Principal,2025-02-01 12:00 AM,2025,02,01,00,4.1,23,Good,3.6,UG/M3,1 Hr,Valid
Sao Paulo,PM2.5 - Principal,2025-02-01 01:00 AM,2025,02,01,01,3.8,21,Good,3.5,UG/M3,1 Hr,Valid
Sao Paulo,PM2.5 - Principal,2025-02-01 02:00 AM,2025,02,01,02,4.1,23,Good,4.3,UG/M3,1 Hr,Valid
Sao Paulo,PM2.5 - Principal,2025-02-01 03:00 AM,2025,02,01,03,4.3,24,Good,4.5,UG/M3,1 Hr,Valid
Sao Paulo,PM2.5 - Principal,2025-02-01 04:00 AM,2025,02,01,04,3.9,22,Good,3.5,UG/M3,1 Hr,Valid
Sao Paulo,PM2.5 - Principal,2025-02-01 05:00 AM,2025,02,01,05,3.0,17,Good,2.0,UG/M3,1 Hr,Valid
Sao Paulo,PM2.5 - Principal,2025-02-01 06:00 AM,2025,02,01,06,2.5,14,Good,2.1,UG/M3,1 Hr,Valid
Sao Paulo,PM2.5 - Principal,2025-02-01 07:00 AM,2025,02,01,07,2.7,15,Good,2.9,UG/M3,1 Hr,Valid
Sao Paulo,PM2.5 - Principal,2025-02-01 08:00 AM,2025,02,01,08,2.9,16,Good,3.1,UG/M3,1 Hr,Valid
Sao Paulo,PM2.5 - Principal,2025-02-01 09:00 AM,2025,02,01,09,3.0,17,Good,3.1,UG/M3,1 Hr,Valid
Sao Paulo,PM2.5 - Principal,2025-02-01 10:00 AM,2025,02,01,10,3.0,17,Good,3.1,UG/M3,1 Hr,Valid
Sao Paulo,PM2.5 - Principal,2025-02-01 11:00 AM,2025,02,01,11,2.9,16,Good,2.7,UG/M3,1 Hr,Valid
Sao Paulo,PM2.5 - Principal,2025-02-01 12:00 PM,2025,02,01,12,3.1,17,Good,3.4,UG/M3,1 Hr,Valid
Sao Paulo,PM2.5 - Principal,2025-02-01 01:00 PM,2025,02,01,13,3.1,17,Good,3.0,UG/M3,1 Hr,Valid
Sao Paulo,PM2.5 - Principal,2025-02-01 02:00 PM,2025,02,01,14,3.5,19,Good,4.0,UG/M3,1 Hr,Valid
Sao Paulo,PM2.5 - Principal,2025-02-01 03:00 PM,2025,02,01,15,4.3,24,Good,5.0,UG/M3,1 Hr,Valid
Sao Paulo,PM2.5 - Principal,2025-02-01 04:00 PM,2025,02,01,16,4.9,27,Good,5.6,UG/M3,1 Hr,Valid
Sao Paulo,PM2.5 - Principal,2025-02-01 05:00 PM,2025,02,01,17,4.4,24,Good,3.9,UG/M3,1 Hr,Valid
Sao Paulo,PM2.5 - Principal,2025-02-01 06:00 PM,2025,02,01,18,3.8,21,Good,3.2,UG/M3,1 Hr,Valid
Sao Paulo,PM2.5 - Principal,2025-02-01 07:00 PM,2025,02,01,19,3.9,22,Good,4.1,UG/M3,1 Hr,Valid
Sao Paulo,PM2.5 - Principal,2025-02-01 08:00 PM,2025,02,01,20,4.5,25,Good,5.0,UG/M3,1 Hr,Valid
Sao Paulo,PM2.5 - Principal,2025-02-01 09:00 PM,2025,02,01,21,4.0,22,Good,3.5,UG/M3,1 Hr,Valid
Sao Paulo,PM2.5 - Principal,2025-02-01 10:00 PM,2025,02,01,22,4.3,24,Good,4.6,UG/M3,1 Hr,Valid
Sao Paulo,PM2.5 - Principal,2025-02-01 11:00 PM,2025,02,01,23,4.8,27,Good,5.4,UG/M3,1 Hr,Valid
Sao Paulo,PM2.5 - Principal,2025-02-02 12:00 AM,2025,02,02,00,5.8,32,Good,6.8,UG/M3,1 Hr,Valid
Sao Paulo,PM2.5 - Principal,2025-02-02 01:00 AM,2025,02,02,01,5.8,32,Good,5.9,UG/M3,1 Hr,Valid
Sao Paulo,PM2.5 - Principal,2025-02-02 02:00 AM,2025,02,02,02,5.9,33,Good,5.9,UG/M3,1 Hr,Valid
Sao Paulo,PM2.5 - Principal,2025-02-02 03:00 AM,2025,02,02,03,5.4,30,Good,4.9,UG/M3,1 Hr,Valid
Sao Paulo,PM2.5 - Principal,2025-02-02 04:00 AM,2025,02,02,04,5.3,29,Good,5.3,UG/M3,1 Hr,Valid
Sao Paulo,PM2.5 - Principal,2025-02-02 05:00 AM,2025,02,02,05,4.9,27,Good,4.4,UG/M3,1 Hr,Valid
Sao Paulo,PM2.5 - Principal,2025-02-02 06:00 AM,2025,02,02,06,4.4,24,Good,3.9,UG/M3,1 Hr,Valid
Sao Paulo,PM2.5 - Principal,2025-02-02 07:00 AM,2025,02,02,07,4.3,24,Good,4.2,UG/M3,1 Hr,Valid
Sao Paulo,PM2.5 - Principal,2025-02-02 08:00 AM,2025,02,02,08,4.3,24,Good,4.2,UG/M3,1 Hr,Valid
Sao Paulo,PM2.5 - Principal,2025-02-02 09:00 AM,2025,02,02,09,3.6,20,Good,2.9,UG/M3,1 Hr,Valid
Sao Paulo,PM2.5 - Principal,2025-02-02 10:00 AM,2025,02,02,10,3.3,18,Good,3.0,UG/M3,1 Hr,Valid
Sao Paulo,PM2.5 - Principal,2025-02-02 11:00 AM,2025,02,02,11,3.0,17,Good,2.6,UG/M3,1 Hr,Valid
Sao Paulo,PM2.5 - Principal,2025-02-02 12:00 PM,2025,02,02,12,3.0,17,Good,3.1,UG/M3,1 Hr,Valid
Sao Paulo,PM2.5 - Principal,2025-02-02 01:00 PM,2025,02,02,13,3.5,19,Good,3.9,UG/M3,1 Hr,Valid
Sao Paulo,PM2.5 - Principal,2025-02-02 02:00 PM,2025,02,02,14,3.9,22,Good,4.3,UG/M3,1 Hr,Valid
Sao Paulo,PM2.5 - Principal,2025-02-02 03:00 PM,2025,02,02,15,3.8,21,Good,3.8,UG/M3,1 Hr,Valid
Sao Paulo,PM2.5 - Principal,2025-02-02 04:00 PM,2025,02,02,16,4.0,22,Good,4.5,UG/M3,1 Hr,Valid
Sao Paulo,PM2.5 - Principal,2025-02-02 05:00 PM,2025,02,02,17,3.9,22,Good,3.8,UG/M3,1 Hr,Valid
Sao Paulo,PM2.5 - Principal,2025-02-02 06:00 PM,2025,02,02,18,5.4,30,Good,6.9,UG/M3,1 Hr,Valid
Sao Paulo,PM2.5 - Principal,2025-02-02 07:00 PM,2025,02,02,19,4.3,24,Good,3.2,UG/M3,1 Hr,Valid
Sao Paulo,PM2.5 - Principal,2025-02-02 08:00 PM,2025,02,02,20,4.5,25,Good,4.7,UG/M3,1 Hr,Valid
Sao Paulo,PM2.5 - Principal,2025-02-02 09:00 PM,2025,02,02,21,3.5,19,Good,2.4,UG/M3,1 Hr,Valid
Sao Paulo,PM2.5 - Principal,2025-02-02 10:00 PM,2025,02,02,22,2.7,15,Good,2.0,UG/M3,1 Hr,Valid
Sao Paulo,PM2.5 - Principal,2025-02-02 11:00 PM,2025,02,02,23,2.4,13,Good,2.1,UG/M3,1 Hr,Valid
Sao Paulo,PM2.5 - Principal,2025-02-03 12:00 AM,2025,02,03,00,2.3,13,Good,2.2,UG/M3,1 Hr,Valid
Sao Paulo,PM2.5 - Principal,2025-02-03 01:00 AM,2025,02,03,01,2.0,11,Good,1.8,UG/M3,1 Hr,Valid
Sao Paulo,PM2.5 - Principal,2025-02-03 02:00 AM,2025,02,03,02,1.9,11,Good,1.7,UG/M3,1 Hr,Valid
Sao Paulo,PM2.5 - Principal,2025-02-03 03:00 AM,2025,02,03,03,1.5,8,Good,1.2,UG/M3,1 Hr,Valid
Sao Paulo,PM2.5 - Principal,2025-02-03 04:00 AM,2025,02,03,04,1.3,7,Good,1.0,UG/M3,1 Hr,Valid
Sao Paulo,PM2.5 - Principal,2025-02-03 05:00 AM,2025,02,03,05,1.1,6,Good,1.0,UG/M3,1 Hr,Valid
Sao Paulo,PM2.5 - Principal,2025-02-03 06:00 AM,2025,02,03,06,0.9,5,Good,0.7,UG/M3,1 Hr,Valid
Sao Paulo,PM2.5 - Principal,2025-02-03 07:00 AM,2025,02,03,07,1.1,6,Good,1.3,UG/M3,1 Hr,Valid
Sao Paulo,PM2.5 - Principal,2025-02-03 08:00 AM,2025,02,03,08,2.2,12,Good,3.4,UG/M3,1 Hr,Valid
Sao Paulo,PM2.5 - Principal,2025-02-03 09:00 AM,2025,02,03,09,2.7,15,Good,3.2,UG/M3,1 Hr,Valid
Sao Paulo,PM2.5 - Principal,2025-02-03 10:00 AM,2025,02,03,10,3.0,17,Good,3.4,UG/M3,1 Hr,Valid
Sao Paulo,PM2.5 - Principal,2025-02-03 11:00 AM,2025,02,03,11,3.3,18,Good,3.5,UG/M3,1 Hr,Valid
Sao Paulo,PM2.5 - Principal,2025-02-03 12:00 PM,2025,02,03,12,3.4,19,Good,3.4,UG/M3,1 Hr,Valid
Sao Paulo,PM2.5 - Principal,2025-02-03 01:00 PM,2025,02,03,13,4.3,24,Good,5.2,UG/M3,1 Hr,Valid
Sao Paulo,PM2.5 - Principal,2025-02-03 02:00 PM,2025,02,03,14,3.9,22,Good,3.5,UG/M3,1 Hr,Valid
Sao Paulo,PM2.5 - Principal,2025-02-03 03:00 PM,2025,02,03,15,3.9,22,Good,3.9,UG/M3,1 Hr,Valid
Sao Paulo,PM2.5 - Principal,2025-02-03 04:00 PM,2025,02,03,16,3.1,17,Good,2.3,UG/M3,1 Hr,Valid
Sao Paulo,PM2.5 - Principal,2025-02-03 05:00 PM,2025,02,03,17,3.1,17,Good,3.0,UG/M3,1 Hr,Valid
Sao Paulo,PM2.5 - Principal,2025-02-03 06:00 PM,2025,02,03,18,3.3,18,Good,3.6,UG/M3,1 Hr,Valid
Sao Paulo,PM2.5 - Principal,2025-02-03 07:00 PM,2025,02,03,19,3.6,20,Good,3.8,UG/M3,1 Hr,Valid
Sao Paulo,PM2.5 - Principal,2025-02-03 08:00 PM,2025,02,03,20,4.1,23,Good,4.6,UG/M3,1 Hr,Valid
Sao Paulo,PM2.5 - Principal,2025-02-03 09:00 PM,2025,02,03,21,4.1,23,Good,4.2,UG/M3,1 Hr,Valid
Sao Paulo,PM2.5 - Principal,2025-02-03 10:00 PM,2025,02,03,22,4.3,24,Good,4.5,UG/M3,1 Hr,Valid
Sao Paulo,PM2.5 - Principal,2025-02-03 11:00 PM,2025,02,03,23,4.4,24,Good,4.5,UG/M3,1 Hr,Valid
Sao Paulo,PM2.5 - Principal,2025-02-04 12:00 AM,2025,02,04,00,4.4,24,Good,4.3,UG/M3,1 Hr,Valid
Sao Paulo,PM2.5 - Principal,2025-02-04 01:00 AM,2025,02,04,01,3.8,21,Good,3.2,UG/M3,1 Hr,Valid
Sao Paulo,PM2.5 - Principal,2025-02-04 02:00 AM,2025,02,04,02,4.0,22,Good,4.2,UG/M3,1 Hr,Valid
Sao Paulo,PM2.5 - Principal,2025-02-04 03:00 AM,2025,02,04,03,3.7,21,Good,3.4,UG/M3,1 Hr,Valid
Sao Paulo,PM2.5 - Principal,2025-02-04 04:00 AM,2025,02,04,04,3.9,22,Good,4.0,UG/M3,1 Hr,Valid
Sao Paulo,PM2.5 - Principal,2025-02-04 05:00 AM,2025,02,04,05,3.8,21,Good,3.5,UG/M3,1 Hr,Valid
Sao Paulo,PM2.5 - Principal,2025-02-04 06:00 AM,2025,02,04,06,3.6,20,Good,3.2,UG/M3,1 Hr,Valid
Sao Paulo,PM2.5 - Principal,2025-02-04 07:00 AM,2025,02,04,07,3.6,20,Good,3.7,UG/M3,1 Hr,Valid
Sao Paulo,PM2.5 - Principal,2025-02-04 08:00 AM,2025,02,04,08,3.6,20,Good,3.7,UG/M3,1 Hr,Valid
Sao Paulo,PM2.5 - Principal,2025-02-04 09:00 AM,2025,02,04,09,3.6,20,Good,3.4,UG/M3,1 Hr,Valid
Sao Paulo,PM2.5 - Principal,2025-02-04 10:00 AM,2025,02,04,10,3.7,21,Good,4.2,UG/M3,1 Hr,Valid
Sao Paulo,PM2.5 - Principal,2025-02-04 11:00 AM,2025,02,04,11,4.8,27,Good,5.9,UG/M3,1 Hr,Valid
Sao Paulo,PM2.5 - Principal,2025-02-04 12:00 PM,2025,02,04,12,4.5,25,Good,4.2,UG/M3,1 Hr,Valid
Sao Paulo,PM2.5 - Principal,2025-02-04 01:00 PM,2025,02,04,13,5.4,30,Good,6.3,UG/M3,1 Hr,Valid
Sao Paulo,PM2.5 - Principal,2025-02-04 02:00 PM,2025,02,04,14,5.3,29,Good,5.1,UG/M3,1 Hr,Valid
Sao Paulo,PM2.5 - Principal,2025-02-04 03:00 PM,2025,02,04,15,4.9,27,Good,4.5,UG/M3,1 Hr,Valid
Sao Paulo,PM2.5 - Principal,2025-02-04 04:00 PM,2025,02,04,16,4.7,26,Good,4.5,UG/M3,1 Hr,Valid
Sao Paulo,PM2.5 - Principal,2025-02-04 05:00 PM,2025,02,04,17,4.5,25,Good,4.3,UG/M3,1 Hr,Valid
Sao Paulo,PM2.5 - Principal,2025-02-04 06:00 PM,2025,02,04,18,4.4,24,Good,4.2,UG/M3,1 Hr,Valid
Sao Paulo,PM2.5 - Principal,2025-02-04 07:00 PM,2025,02,04,19,4.3,24,Good,4.2,UG/M3,1 Hr,Valid
Sao Paulo,PM2.5 - Principal,2025-02-04 08:00 PM,2025,02,04,20,4.5,25,Good,4.7,UG/M3,1 Hr,Valid
Sao Paulo,PM2.5 - Principal,2025-02-04 09:00 PM,2025,02,04,21,4.7,26,Good,5.1,UG/M3,1 Hr,Valid
Sao Paulo,PM2.5 - Principal,2025-02-04 10:00 PM,2025,02,04,22,5.8,32,Good,7.2,UG/M3,1 Hr,Valid
Sao Paulo,PM2.5 - Principal,2025-02-04 11:00 PM,2025,02,04,23,6.8,38,Good,7.8,UG/M3,1 Hr,Valid
Sao Paulo,PM2.5 - Principal,2025-02-05 12:00 AM,2025,02,05,00,7.8,43,Good,8.7,UG/M3,1 Hr,Valid
Sao Paulo,PM2.5 - Principal,2025-02-05 01:00 AM,2025,02,05,01,6.8,38,Good,5.8,UG/M3,1 Hr,Valid
Sao Paulo,PM2.5 - Principal,2025-02-05 02:00 AM,2025,02,05,02,5.5,31,Good,4.2,UG/M3,1 Hr,Valid
Sao Paulo,PM2.5 - Principal,2025-02-05 03:00 AM,2025,02,05,03,4.9,27,Good,4.3,UG/M3,1 Hr,Valid
Sao Paulo,PM2.5 - Principal,2025-02-05 04:00 AM,2025,02,05,04,4.7,26,Good,4.6,UG/M3,1 Hr,Valid
Sao Paulo,PM2.5 - Principal,2025-02-05 05:00 AM,2025,02,05,05,5.0,28,Good,5.3,UG/M3,1 Hr,Valid
Sao Paulo,PM2.5 - Principal,2025-02-05 06:00 AM,2025,02,05,06,5.3,29,Good,5.6,UG/M3,1 Hr,Valid
Sao Paulo,PM2.5 - Principal,2025-02-05 07:00 AM,2025,02,05,07,6.9,38,Good,8.5,UG/M3,1 Hr,Valid
Sao Paulo,PM2.5 - Principal,2025-02-05 08:00 AM,2025,02,05,08,8.9,49,Good,10.9,UG/M3,1 Hr,Valid
Sao Paulo,PM2.5 - Principal,2025-02-05 09:00 AM,2025,02,05,09,11.3,55,Moderate,13.6,UG/M3,1 Hr,Valid
Sao Paulo,PM2.5 - Principal,2025-02-05 10:00 AM,2025,02,05,10,10.2,53,Moderate,9.2,UG/M3,1 Hr,Valid
Sao Paulo,PM2.5 - Principal,2025-02-05 11:00 AM,2025,02,05,11,8.5,47,Good,6.8,UG/M3,1 Hr,Valid
Sao Paulo,PM2.5 - Principal,2025-02-05 12:00 PM,2025,02,05,12,7.6,42,Good,6.7,UG/M3,1 Hr,Valid
Sao Paulo,PM2.5 - Principal,2025-02-05 01:00 PM,2025,02,05,13,7.5,42,Good,7.4,UG/M3,1 Hr,Valid
Sao Paulo,PM2.5 - Principal,2025-02-05 02:00 PM,2025,02,05,14,6.9,38,Good,6.2,UG/M3,1 Hr,Valid
Sao Paulo,PM2.5 - Principal,2025-02-05 03:00 PM,2025,02,05,15,6.0,33,Good,5.2,UG/M3,1 Hr,Valid
Sao Paulo,PM2.5 - Principal,2025-02-05 04:00 PM,2025,02,05,16,6.0,33,Good,6.1,UG/M3,1 Hr,Valid
Sao Paulo,PM2.5 - Principal,2025-02-05 05:00 PM,2025,02,05,17,5.4,30,Good,4.8,UG/M3,1 Hr,Valid
Sao Paulo,PM2.5 - Principal,2025-02-05 06:00 PM,2025,02,05,18,6.0,33,Good,6.5,UG/M3,1 Hr,Valid
Sao Paulo,PM2.5 - Principal,2025-02-05 07:00 PM,2025,02,05,19,6.8,38,Good,7.7,UG/M3,1 Hr,Valid
Sao Paulo,PM2.5 - Principal,2025-02-05 08:00 PM,2025,02,05,20,7.1,39,Good,7.4,UG/M3,1 Hr,Valid
Sao Paulo,PM2.5 - Principal,2025-02-05 09:00 PM,2025,02,05,21,6.8,38,Good,6.5,UG/M3,1 Hr,Valid
Sao Paulo,PM2.5 - Principal,2025-02-05 10:00 PM,2025,02,05,22,6.9,38,Good,7.1,UG/M3,1 Hr,Valid
Sao Paulo,PM2.5 - Principal,2025-02-05 11:00 PM,2025,02,05,23,7.1,39,Good,7.6,UG/M3,1 Hr,Valid
Sao Paulo,PM2.5 - Principal,2025-02-06 12:00 AM,2025,02,06,00,7.0,39,Good,6.7,UG/M3,1 Hr,Valid
Sao Paulo,PM2.5 - Principal,2025-02-06 01:00 AM,2025,02,06,01,7.1,39,Good,7.3,UG/M3,1 Hr,Valid
Sao Paulo,PM2.5 - Principal,2025-02-06 02:00 AM,2025,02,06,02,7.7,43,Good,8.4,UG/M3,1 Hr,Valid
Sao Paulo,PM2.5 - Principal,2025-02-06 03:00 AM,2025,02,06,03,8.4,47,Good,9.1,UG/M3,1 Hr,Valid
Sao Paulo,PM2.5 - Principal,2025-02-06 04:00 AM,2025,02,06,04,8.9,49,Good,9.4,UG/M3,1 Hr,Valid
Sao Paulo,PM2.5 - Principal,2025-02-06 05:00 AM,2025,02,06,05,8.4,47,Good,8.3,UG/M3,1 Hr,Valid
Sao Paulo,PM2.5 - Principal,2025-02-06 06:00 AM,2025,02,06,06,9.7,52,Moderate,11.3,UG/M3,1 Hr,Valid
Sao Paulo,PM2.5 - Principal,2025-02-06 07:00 AM,2025,02,06,07,11.7,56,Moderate,13.4,UG/M3,1 Hr,Valid
Sao Paulo,PM2.5 - Principal,2025-02-06 08:00 AM,2025,02,06,08,12.1,57,Moderate,12.5,UG/M3,1 Hr,Valid
Sao Paulo,PM2.5 - Principal,2025-02-06 09:00 AM,2025,02,06,09,14.3,61,Moderate,16.5,UG/M3,1 Hr,Valid
Sao Paulo,PM2.5 - Principal,2025-02-06 10:00 AM,2025,02,06,10,10.6,54,Moderate,6.8,UG/M3,1 Hr,Valid
Sao Paulo,PM2.5 - Principal,2025-02-06 11:00 AM,2025,02,06,11,7.8,43,Good,5.1,UG/M3,1 Hr,Valid
Sao Paulo,PM2.5 - Principal,2025-02-06 12:00 PM,2025,02,06,12,7.2,40,Good,6.5,UG/M3,1 Hr,Valid
Sao Paulo,PM2.5 - Principal,2025-02-06 01:00 PM,2025,02,06,13,7.1,39,Good,7.1,UG/M3,1 Hr,Valid
Sao Paulo,PM2.5 - Principal,2025-02-06 02:00 PM,2025,02,06,14,6.6,37,Good,6.1,UG/M3,1 Hr,Valid
Sao Paulo,PM2.5 - Principal,2025-02-06 03:00 PM,2025,02,06,15,6.2,34,Good,5.8,UG/M3,1 Hr,Valid
Sao Paulo,PM2.5 - Principal,2025-02-06 04:00 PM,2025,02,06,16,6.5,36,Good,6.8,UG/M3,1 Hr,Valid
Sao Paulo,PM2.5 - Principal,2025-02-06 05:00 PM,2025,02,06,17,6.9,38,Good,7.2,UG/M3,1 Hr,Valid
Sao Paulo,PM2.5 - Principal,2025-02-06 06:00 PM,2025,02,06,18,7.2,40,Good,7.4,UG/M3,1 Hr,Valid
Sao Paulo,PM2.5 - Principal,2025-02-06 07:00 PM,2025,02,06,19,8.2,46,Good,9.2,UG/M3,1 Hr,Valid
Sao Paulo,PM2.5 - Principal,2025-02-06 08:00 PM,2025,02,06,20,8.3,46,Good,8.4,UG/M3,1 Hr,Valid
Sao Paulo,PM2.5 - Principal,2025-02-06 09:00 PM,2025,02,06,21,6.0,33,Good,3.6,UG/M3,1 Hr,Valid
Sao Paulo,PM2.5 - Principal,2025-02-06 10:00 PM,2025,02,06,22,5.5,31,Good,5.1,UG/M3,1 Hr,Valid
Sao Paulo,PM2.5 - Principal,2025-02-06 11:00 PM,2025,02,06,23,5.7,32,Good,5.9,UG/M3,1 Hr,Valid
Sao Paulo,PM2.5 - Principal,2025-02-07 12:00 AM,2025,02,07,00,6.2,34,Good,6.8,UG/M3,1 Hr,Valid
Sao Paulo,PM2.5 - Principal,2025-02-07 01:00 AM,2025,02,07,01,6.8,38,Good,7.3,UG/M3,1 Hr,Valid
Sao Paulo,PM2.5 - Principal,2025-02-07 02:00 AM,2025,02,07,02,8.7,48,Good,10.6,UG/M3,1 Hr,Valid
Sao Paulo,PM2.5 - Principal,2025-02-07 03:00 AM,2025,02,07,03,9.8,52,Moderate,10.9,UG/M3,1 Hr,Valid
Sao Paulo,PM2.5 - Principal,2025-02-07 04:00 AM,2025,02,07,04,10.4,53,Moderate,11.0,UG/M3,1 Hr,Valid
Sao Paulo,PM2.5 - Principal,2025-02-07 05:00 AM,2025,02,07,05,10.4,53,Moderate,10.4,UG/M3,1 Hr,Valid
Sao Paulo,PM2.5 - Principal,2025-02-07 06:00 AM,2025,02,07,06,10.5,54,Moderate,10.6,UG/M3,1 Hr,Valid
Sao Paulo,PM2.5 - Principal,2025-02-07 07:00 AM,2025,02,07,07,10.8,54,Moderate,11.1,UG/M3,1 Hr,Valid
Sao Paulo,PM2.5 - Principal,2025-02-07 08:00 AM,2025,02,07,08,12.5,57,Moderate,14.2,UG/M3,1 Hr,Valid
Sao Paulo,PM2.5 - Principal,2025-02-07 09:00 AM,2025,02,07,09,14.6,61,Moderate,16.7,UG/M3,1 Hr,Valid
Sao Paulo,PM2.5 - Principal,2025-02-07 10:00 AM,2025,02,07,10,13.2,59,Moderate,11.8,UG/M3,1 Hr,Valid
Sao Paulo,PM2.5 - Principal,2025-02-07 11:00 AM,2025,02,07,11,10.0,53,Moderate,6.7,UG/M3,1 Hr,Valid
Sao Paulo,PM2.5 - Principal,2025-02-07 12:00 PM,2025,02,07,12,8.8,49,Good,7.6,UG/M3,1 Hr,Valid
Sao Paulo,PM2.5 - Principal,2025-02-07 01:00 PM,2025,02,07,13,7.1,39,Good,5.4,UG/M3,1 Hr,Valid
Sao Paulo,PM2.5 - Principal,2025-02-07 02:00 PM,2025,02,07,14,6.3,35,Good,5.6,UG/M3,1 Hr,Valid
Sao Paulo,PM2.5 - Principal,2025-02-07 03:00 PM,2025,02,07,15,6.0,33,Good,5.7,UG/M3,1 Hr,Valid
Sao Paulo,PM2.5 - Principal,2025-02-07 04:00 PM,2025,02,07,16,5.3,29,Good,4.5,UG/M3,1 Hr,Valid
Sao Paulo,PM2.5 - Principal,2025-02-07 05:00 PM,2025,02,07,17,5.1,28,Good,4.9,UG/M3,1 Hr,Valid
Sao Paulo,PM2.5 - Principal,2025-02-07 06:00 PM,2025,02,07,18,5.6,31,Good,6.2,UG/M3,1 Hr,Valid
Sao Paulo,PM2.5 - Principal,2025-02-07 07:00 PM,2025,02,07,19,5.5,31,Good,5.3,UG/M3,1 Hr,Valid
Sao Paulo,PM2.5 - Principal,2025-02-07 08:00 PM,2025,02,07,20,5.1,28,Good,4.7,UG/M3,1 Hr,Valid
Sao Paulo,PM2.5 - Principal,2025-02-07 09:00 PM,2025,02,07,21,5.3,29,Good,5.5,UG/M3,1 Hr,Valid
Sao Paulo,PM2.5 - Principal,2025-02-07 10:00 PM,2025,02,07,22,7.9,44,Good,10.5,UG/M3,1 Hr,Valid
Sao Paulo,PM2.5 - Principal,2025-02-07 11:00 PM,2025,02,07,23,8.2,46,Good,8.4,UG/M3,1 Hr,Valid
Sao Paulo,PM2.5 - Principal,2025-02-08 12:00 AM,2025,02,08,00,9.4,52,Moderate,10.7,UG/M3,1 Hr,Valid
Sao Paulo,PM2.5 - Principal,2025-02-08 01:00 AM,2025,02,08,01,8.2,46,Good,6.9,UG/M3,1 Hr,Valid
Sao Paulo,PM2.5 - Principal,2025-02-08 02:00 AM,2025,02,08,02,8.4,47,Good,8.7,UG/M3,1 Hr,Valid
Sao Paulo,PM2.5 - Principal,2025-02-08 03:00 AM,2025,02,08,03,8.0,44,Good,7.7,UG/M3,1 Hr,Valid
Sao Paulo,PM2.5 - Principal,2025-02-08 04:00 AM,2025,02,08,04,7.5,42,Good,6.9,UG/M3,1 Hr,Valid
Sao Paulo,PM2.5 - Principal,2025-02-08 05:00 AM,2025,02,08,05,6.8,38,Good,6.2,UG/M3,1 Hr,Valid
Sao Paulo,PM2.5 - Principal,2025-02-08 06:00 AM,2025,02,08,06,6.9,38,Good,7.0,UG/M3,1 Hr,Valid
Sao Paulo,PM2.5 - Principal,2025-02-08 07:00 AM,2025,02,08,07,8.0,44,Good,9.2,UG/M3,1 Hr,Valid
Sao Paulo,PM2.5 - Principal,2025-02-08 08:00 AM,2025,02,08,08,10.8,54,Moderate,13.6,UG/M3,1 Hr,Valid
Sao Paulo,PM2.5 - Principal,2025-02-08 09:00 AM,2025,02,08,09,9.8,52,Moderate,8.8,UG/M3,1 Hr,Valid
Sao Paulo,PM2.5 - Principal,2025-02-08 10:00 AM,2025,02,08,10,8.7,48,Good,7.6,UG/M3,1 Hr,Valid
Sao Paulo,PM2.5 - Principal,2025-02-08 11:00 AM,2025,02,08,11,10.5,54,Moderate,12.2,UG/M3,1 Hr,Valid
Sao Paulo,PM2.5 - Principal,2025-02-08 12:00 PM,2025,02,08,12,11.3,55,Moderate,12.1,UG/M3,1 Hr,Valid
Sao Paulo,PM2.5 - Principal,2025-02-08 01:00 PM,2025,02,08,13,10.9,54,Moderate,10.6,UG/M3,1 Hr,Valid
Sao Paulo,PM2.5 - Principal,2025-02-08 02:00 PM,2025,02,08,14,9.2,51,Moderate,7.5,UG/M3,1 Hr,Valid
Sao Paulo,PM2.5 - Principal,2025-02-08 03:00 PM,2025,02,08,15,7.7,43,Good,6.1,UG/M3,1 Hr,Valid
Sao Paulo,PM2.5 - Principal,2025-02-08 04:00 PM,2025,02,08,16,6.9,38,Good,6.1,UG/M3,1 Hr,Valid
Sao Paulo,PM2.5 - Principal,2025-02-08 05:00 PM,2025,02,08,17,6.7,37,Good,6.4,UG/M3,1 Hr,Valid
Sao Paulo,PM2.5 - Principal,2025-02-08 06:00 PM,2025,02,08,18,6.4,36,Good,6.1,UG/M3,1 Hr,Valid
Sao Paulo,PM2.5 - Principal,2025-02-08 07:00 PM,2025,02,08,19,6.0,33,Good,5.7,UG/M3,1 Hr,Valid
Sao Paulo,PM2.5 - Principal,2025-02-08 08:00 PM,2025,02,08,20,6.4,36,Good,6.7,UG/M3,1 Hr,Valid
Sao Paulo,PM2.5 - Principal,2025-02-08 09:00 PM,2025,02,08,21,8.1,45,Good,9.9,UG/M3,1 Hr,Valid
Sao Paulo,PM2.5 - Principal,2025-02-08 10:00 PM,2025,02,08,22,7.3,41,Good,6.5,UG/M3,1 Hr,Valid
Sao Paulo,PM2.5 - Principal,2025-02-08 11:00 PM,2025,02,08,23,6.6,37,Good,5.9,UG/M3,1 Hr,Valid
Sao Paulo,PM2.5 - Principal,2025-02-09 12:00 AM,2025,02,09,00,5.9,33,Good,5.2,UG/M3,1 Hr,Valid
Sao Paulo,PM2.5 - Principal,2025-02-09 01:00 AM,2025,02,09,01,7.1,39,Good,8.4,UG/M3,1 Hr,Valid
Sao Paulo,PM2.5 - Principal,2025-02-09 02:00 AM,2025,02,09,02,6.4,36,Good,5.6,UG/M3,1 Hr,Valid
Sao Paulo,PM2.5 - Principal,2025-02-09 03:00 AM,2025,02,09,03,6.2,34,Good,6.0,UG/M3,1 Hr,Valid
Sao Paulo,PM2.5 - Principal,2025-02-09 04:00 AM,2025,02,09,04,7.0,39,Good,7.9,UG/M3,1 Hr,Valid
Sao Paulo,PM2.5 - Principal,2025-02-09 05:00 AM,2025,02,09,05,8.1,45,Good,9.3,UG/M3,1 Hr,Valid
Sao Paulo,PM2.5 - Principal,2025-02-09 06:00 AM,2025,02,09,06,8.8,49,Good,9.6,UG/M3,1 Hr,Valid
Sao Paulo,PM2.5 - Principal,2025-02-09 07:00 AM,2025,02,09,07,8.9,49,Good,9.0,UG/M3,1 Hr,Valid
Sao Paulo,PM2.5 - Principal,2025-02-09 08:00 AM,2025,02,09,08,8.5,47,Good,8.0,UG/M3,1 Hr,Valid
Sao Paulo,PM2.5 - Principal,2025-02-09 09:00 AM,2025,02,09,09,8.0,44,Good,7.4,UG/M3,1 Hr,Valid
Sao Paulo,PM2.5 - Principal,2025-02-09 10:00 AM,2025,02,09,10,8.3,46,Good,8.7,UG/M3,1 Hr,Valid
Sao Paulo,PM2.5 - Principal,2025-02-09 11:00 AM,2025,02,09,11,9.0,50,Good,9.8,UG/M3,1 Hr,Valid
Sao Paulo,PM2.5 - Principal,2025-02-09 12:00 PM,2025,02,09,12,8.3,46,Good,7.5,UG/M3,1 Hr,Valid
Sao Paulo,PM2.5 - Principal,2025-02-09 01:00 PM,2025,02,09,13,7.6,42,Good,6.7,UG/M3,1 Hr,Valid
Sao Paulo,PM2.5 - Principal,2025-02-09 02:00 PM,2025,02,09,14,7.2,40,Good,6.5,UG/M3,1 Hr,Valid
Sao Paulo,PM2.5 - Principal,2025-02-09 03:00 PM,2025,02,09,15,7.8,43,Good,8.6,UG/M3,1 Hr,Valid
Sao Paulo,PM2.5 - Principal,2025-02-09 04:00 PM,2025,02,09,16,7.0,39,Good,5.9,UG/M3,1 Hr,Valid
Sao Paulo,PM2.5 - Principal,2025-02-09 05:00 PM,2025,02,09,17,5.7,32,Good,4.5,UG/M3,1 Hr,Valid
Sao Paulo,PM2.5 - Principal,2025-02-09 06:00 PM,2025,02,09,18,5.0,28,Good,4.4,UG/M3,1 Hr,Valid
Sao Paulo,PM2.5 - Principal,2025-02-09 07:00 PM,2025,02,09,19,5.3,29,Good,5.5,UG/M3,1 Hr,Valid
Sao Paulo,PM2.5 - Principal,2025-02-09 08:00 PM,2025,02,09,20,5.8,32,Good,6.4,UG/M3,1 Hr,Valid
Sao Paulo,PM2.5 - Principal,2025-02-09 09:00 PM,2025,02,09,21,9.3,51,Moderate,12.7,UG/M3,1 Hr,Valid
Sao Paulo,PM2.5 - Principal,2025-02-09 10:00 PM,2025,02,09,22,9.6,52,Moderate,10.0,UG/M3,1 Hr,Valid
Sao Paulo,PM2.5 - Principal,2025-02-09 11:00 PM,2025,02,09,23,9.7,52,Moderate,9.8,UG/M3,1 Hr,Valid
Sao Paulo,PM2.5 - Principal,2025-02-10 12:00 AM,2025,02,10,00,8.4,47,Good,7.0,UG/M3,1 Hr,Valid
Sao Paulo,PM2.5 - Principal,2025-02-10 01:00 AM,2025,02,10,01,8.4,47,Good,8.4,UG/M3,1 Hr,Valid
Sao Paulo,PM2.5 - Principal,2025-02-10 02:00 AM,2025,02,10,02,7.5,42,Good,6.6,UG/M3,1 Hr,Valid
Sao Paulo,PM2.5 - Principal,2025-02-10 03:00 AM,2025,02,10,03,7.5,42,Good,7.4,UG/M3,1 Hr,Valid
Sao Paulo,PM2.5 - Principal,2025-02-10 04:00 AM,2025,02,10,04,7.6,42,Good,7.8,UG/M3,1 Hr,Valid
Sao Paulo,PM2.5 - Principal,2025-02-10 05:00 AM,2025,02,10,05,8.3,46,Good,8.9,UG/M3,1 Hr,Valid
Sao Paulo,PM2.5 - Principal,2025-02-10 06:00 AM,2025,02,10,06,9.1,51,Moderate,10.0,UG/M3,1 Hr,Valid
Sao Paulo,PM2.5 - Principal,2025-02-10 07:00 AM,2025,02,10,07,10.0,53,Moderate,10.9,UG/M3,1 Hr,Valid
Sao Paulo,PM2.5 - Principal,2025-02-10 08:00 AM,2025,02,10,08,9.9,52,Moderate,9.9,UG/M3,1 Hr,Valid
Sao Paulo,PM2.5 - Principal,2025-02-10 09:00 AM,2025,02,10,09,9.6,52,Moderate,9.4,UG/M3,1 Hr,Valid
Sao Paulo,PM2.5 - Principal,2025-02-10 10:00 AM,2025,02,10,10,9.2,51,Moderate,8.5,UG/M3,1 Hr,Valid
Sao Paulo,PM2.5 - Principal,2025-02-10 11:00 AM,2025,02,10,11,9.5,52,Moderate,9.9,UG/M3,1 Hr,Valid
Sao Paulo,PM2.5 - Principal,2025-02-10 12:00 PM,2025,02,10,12,8.2,46,Good,6.3,UG/M3,1 Hr,Valid
Sao Paulo,PM2.5 - Principal,2025-02-10 01:00 PM,2025,02,10,13,7.6,42,Good,6.7,UG/M3,1 Hr,Valid
Sao Paulo,PM2.5 - Principal,2025-02-10 02:00 PM,2025,02,10,14,12.1,57,Moderate,17.0,UG/M3,1 Hr,Valid
Sao Paulo,PM2.5 - Principal,2025-02-10 03:00 PM,2025,02,10,15,14.5,61,Moderate,16.9,UG/M3,1 Hr,Valid
Sao Paulo,PM2.5 - Principal,2025-02-10 04:00 PM,2025,02,10,16,14.4,61,Moderate,14.4,UG/M3,1 Hr,Valid
Sao Paulo,PM2.5 - Principal,2025-02-10 05:00 PM,2025,02,10,17,11.1,55,Moderate,7.8,UG/M3,1 Hr,Valid
Sao Paulo,PM2.5 - Principal,2025-02-10 06:00 PM,2025,02,10,18,9.5,52,Moderate,7.9,UG/M3,1 Hr,Valid
Sao Paulo,PM2.5 - Principal,2025-02-10 07:00 PM,2025,02,10,19,9.8,52,Moderate,10.0,UG/M3,1 Hr,Valid
Sao Paulo,PM2.5 - Principal,2025-02-10 08:00 PM,2025,02,10,20,10.8,54,Moderate,11.9,UG/M3,1 Hr,Valid
Sao Paulo,PM2.5 - Principal,2025-02-10 09:00 PM,2025,02,10,21,10.8,54,Moderate,10.8,UG/M3,1 Hr,Valid
Sao Paulo,PM2.5 - Principal,2025-02-10 10:00 PM,2025,02,10,22,11.5,55,Moderate,12.1,UG/M3,1 Hr,Valid
Sao Paulo,PM2.5 - Principal,2025-02-10 11:00 PM,2025,02,10,23,11.8,56,Moderate,12.2,UG/M3,1 Hr,Valid
Sao Paulo,PM2.5 - Principal,2025-02-11 12:00 AM,2025,02,11,00,10.8,54,Moderate,9.7,UG/M3,1 Hr,Valid
Sao Paulo,PM2.5 - Principal,2025-02-11 01:00 AM,2025,02,11,01,10.3,53,Moderate,9.8,UG/M3,1 Hr,Valid
Sao Paulo,PM2.5 - Principal,2025-02-11 02:00 AM,2025,02,11,02,11.8,56,Moderate,13.3,UG/M3,1 Hr,Valid
Sao Paulo,PM2.5 - Principal,2025-02-11 03:00 AM,2025,02,11,03,12.7,58,Moderate,13.8,UG/M3,1 Hr,Valid
Sao Paulo,PM2.5 - Principal,2025-02-11 04:00 AM,2025,02,11,04,13.0,58,Moderate,13.6,UG/M3,1 Hr,Valid
Sao Paulo,PM2.5 - Principal,2025-02-11 05:00 AM,2025,02,11,05,12.5,57,Moderate,11.9,UG/M3,1 Hr,Valid
Sao Paulo,PM2.5 - Principal,2025-02-11 06:00 AM,2025,02,11,06,12.2,57,Moderate,11.7,UG/M3,1 Hr,Valid
Sao Paulo,PM2.5 - Principal,2025-02-11 07:00 AM,2025,02,11,07,13.6,59,Moderate,15.8,UG/M3,1 Hr,Valid
Sao Paulo,PM2.5 - Principal,2025-02-11 08:00 AM,2025,02,11,08,13.4,59,Moderate,13.2,UG/M3,1 Hr,Valid
Sao Paulo,PM2.5 - Principal,2025-02-11 09:00 AM,2025,02,11,09,10.5,54,Moderate,7.4,UG/M3,1 Hr,Valid
Sao Paulo,PM2.5 - Principal,2025-02-11 10:00 AM,2025,02,11,10,8.1,45,Good,5.7,UG/M3,1 Hr,Valid
Sao Paulo,PM2.5 - Principal,2025-02-11 11:00 AM,2025,02,11,11,7.0,39,Good,5.8,UG/M3,1 Hr,Valid
Sao Paulo,PM2.5 - Principal,2025-02-11 12:00 PM,2025,02,11,12,6.0,33,Good,5.0,UG/M3,1 Hr,Valid
Sao Paulo,PM2.5 - Principal,2025-02-11 01:00 PM,2025,02,11,13,5.5,31,Good,5.0,UG/M3,1 Hr,Valid
Sao Paulo,PM2.5 - Principal,2025-02-11 02:00 PM,2025,02,11,14,5.3,29,Good,5.1,UG/M3,1 Hr,Valid
Sao Paulo,PM2.5 - Principal,2025-02-11 03:00 PM,2025,02,11,15,5.3,29,Good,5.3,UG/M3,1 Hr,Valid
Sao Paulo,PM2.5 - Principal,2025-02-11 04:00 PM,2025,02,11,16,5.4,30,Good,5.6,UG/M3,1 Hr,Valid
Sao Paulo,PM2.5 - Principal,2025-02-11 05:00 PM,2025,02,11,17,7.0,39,Good,8.7,UG/M3,1 Hr,Valid
Sao Paulo,PM2.5 - Principal,2025-02-11 06:00 PM,2025,02,11,18,7.3,41,Good,7.6,UG/M3,1 Hr,Valid
Sao Paulo,PM2.5 - Principal,2025-02-11 07:00 PM,2025,02,11,19,7.9,44,Good,8.5,UG/M3,1 Hr,Valid
Sao Paulo,PM2.5 - Principal,2025-02-11 08:00 PM,2025,02,11,20,8.9,49,Good,9.9,UG/M3,1 Hr,Valid
Sao Paulo,PM2.5 - Principal,2025-02-11 09:00 PM,2025,02,11,21,8.7,48,Good,8.5,UG/M3,1 Hr,Valid
Sao Paulo,PM2.5 - Principal,2025-02-11 10:00 PM,2025,02,11,22,8.8,49,Good,8.9,UG/M3,1 Hr,Valid
Sao Paulo,PM2.5 - Principal,2025-02-11 11:00 PM,2025,02,11,23,8.8,49,Good,8.9,UG/M3,1 Hr,Valid
Sao Paulo,PM2.5 - Principal,2025-02-12 12:00 AM,2025,02,12,00,9.1,51,Moderate,9.3,UG/M3,1 Hr,Valid
Sao Paulo,PM2.5 - Principal,2025-02-12 01:00 AM,2025,02,12,01,9.8,52,Moderate,10.4,UG/M3,1 Hr,Valid
Sao Paulo,PM2.5 - Principal,2025-02-12 02:00 AM,2025,02,12,02,10.8,54,Moderate,11.8,UG/M3,1 Hr,Valid
Sao Paulo,PM2.5 - Principal,2025-02-12 03:00 AM,2025,02,12,03,11.3,55,Moderate,11.8,UG/M3,1 Hr,Valid
Sao Paulo,PM2.5 - Principal,2025-02-12 04:00 AM,2025,02,12,04,13.1,58,Moderate,15.0,UG/M3,1 Hr,Valid
Sao Paulo,PM2.5 - Principal,2025-02-12 05:00 AM,2025,02,12,05,13.3,59,Moderate,13.6,UG/M3,1 Hr,Valid
Sao Paulo,PM2.5 - Principal,2025-02-12 06:00 AM,2025,02,12,06,14.9,62,Moderate,16.5,UG/M3,1 Hr,Valid
Sao Paulo,PM2.5 - Principal,2025-02-12 07:00 AM,2025,02,12,07,14.4,61,Moderate,13.9,UG/M3,1 Hr,Valid
Sao Paulo,PM2.5 - Principal,2025-02-12 08:00 AM,2025,02,12,08,11.7,56,Moderate,8.8,UG/M3,1 Hr,Valid
Sao Paulo,PM2.5 - Principal,2025-02-12 09:00 AM,2025,02,12,09,9.1,51,Moderate,6.7,UG/M3,1 Hr,Valid
Sao Paulo,PM2.5 - Principal,2025-02-12 10:00 AM,2025,02,12,10,7.9,44,Good,6.6,UG/M3,1 Hr,Valid
Sao Paulo,PM2.5 - Principal,2025-02-12 11:00 AM,2025,02,12,11,6.7,37,Good,5.5,UG/M3,1 Hr,Valid
Sao Paulo,PM2.5 - Principal,2025-02-12 12:00 PM,2025,02,12,12,6.7,37,Good,6.8,UG/M3,1 Hr,Valid
Sao Paulo,PM2.5 - Principal,2025-02-12 01:00 PM,2025,02,12,13,7.0,39,Good,7.2,UG/M3,1 Hr,Valid
Sao Paulo,PM2.5 - Principal,2025-02-12 02:00 PM,2025,02,12,14,6.8,38,Good,6.7,UG/M3,1 Hr,Valid
Sao Paulo,PM2.5 - Principal,2025-02-12 03:00 PM,2025,02,12,15,7.3,41,Good,7.8,UG/M3,1 Hr,Valid
Sao Paulo,PM2.5 - Principal,2025-02-12 04:00 PM,2025,02,12,16,7.2,40,Good,7.0,UG/M3,1 Hr,Valid
Sao Paulo,PM2.5 - Principal,2025-02-12 05:00 PM,2025,02,12,17,7.1,39,Good,7.0,UG/M3,1 Hr,Valid
Sao Paulo,PM2.5 - Principal,2025-02-12 06:00 PM,2025,02,12,18,7.0,39,Good,6.9,UG/M3,1 Hr,Valid
Sao Paulo,PM2.5 - Principal,2025-02-12 07:00 PM,2025,02,12,19,7.6,42,Good,8.7,UG/M3,1 Hr,Valid
Sao Paulo,PM2.5 - Principal,2025-02-12 08:00 PM,2025,02,12,20,7.7,43,Good,7.8,UG/M3,1 Hr,Valid
Sao Paulo,PM2.5 - Principal,2025-02-12 09:00 PM,2025,02,12,21,7.6,42,Good,7.4,UG/M3,1 Hr,Valid
Sao Paulo,PM2.5 - Principal,2025-02-12 10:00 PM,2025,02,12,22,8.3,46,Good,9.4,UG/M3,1 Hr,Valid
Sao Paulo,PM2.5 - Principal,2025-02-12 11:00 PM,2025,02,12,23,8.7,48,Good,9.8,UG/M3,1 Hr,Valid
Sao Paulo,PM2.5 - Principal,2025-02-13 12:00 AM,2025,02,13,00,8.4,47,Good,7.9,UG/M3,1 Hr,Valid
Sao Paulo,PM2.5 - Principal,2025-02-13 01:00 AM,2025,02,13,01,8.5,47,Good,8.5,UG/M3,1 Hr,Valid
Sao Paulo,PM2.5 - Principal,2025-02-13 02:00 AM,2025,02,13,02,8.4,47,Good,8.4,UG/M3,1 Hr,Valid
Sao Paulo,PM2.5 - Principal,2025-02-13 03:00 AM,2025,02,13,03,9.4,52,Moderate,11.0,UG/M3,1 Hr,Valid
Sao Paulo,PM2.5 - Principal,2025-02-13 04:00 AM,2025,02,13,04,11.7,56,Moderate,13.7,UG/M3,1 Hr,Valid
Sao Paulo,PM2.5 - Principal,2025-02-13 05:00 AM,2025,02,13,05,14.8,62,Moderate,18.0,UG/M3,1 Hr,Valid
Sao Paulo,PM2.5 - Principal,2025-02-13 06:00 AM,2025,02,13,06,14.5,61,Moderate,14.1,UG/M3,1 Hr,Valid
Sao Paulo,PM2.5 - Principal,2025-02-13 07:00 AM,2025,02,13,07,11.5,55,Moderate,8.4,UG/M3,1 Hr,Valid
Sao Paulo,PM2.5 - Principal,2025-02-13 08:00 AM,2025,02,13,08,14.1,60,Moderate,16.7,UG/M3,1 Hr,Valid
Sao Paulo,PM2.5 - Principal,2025-02-13 09:00 AM,2025,02,13,09,12.6,58,Moderate,11.0,UG/M3,1 Hr,Valid
Sao Paulo,PM2.5 - Principal,2025-02-13 10:00 AM,2025,02,13,10,11.7,56,Moderate,10.8,UG/M3,1 Hr,Valid
Sao Paulo,PM2.5 - Principal,2025-02-13 11:00 AM,2025,02,13,11,10.9,54,Moderate,10.1,UG/M3,1 Hr,Valid
Sao Paulo,PM2.5 - Principal,2025-02-13 12:00 PM,2025,02,13,12,10.2,53,Moderate,9.5,UG/M3,1 Hr,Valid
Sao Paulo,PM2.5 - Principal,2025-02-13 01:00 PM,2025,02,13,13,9.0,50,Good,7.7,UG/M3,1 Hr,Valid
Sao Paulo,PM2.5 - Principal,2025-02-13 02:00 PM,2025,02,13,14,7.6,42,Good,6.2,UG/M3,1 Hr,Valid
Sao Paulo,PM2.5 - Principal,2025-02-13 03:00 PM,2025,02,13,15,6.7,37,Good,5.9,UG/M3,1 Hr,Valid
Sao Paulo,PM2.5 - Principal,2025-02-13 04:00 PM,2025,02,13,16,5.4,30,Good,4.1,UG/M3,1 Hr,Valid
Sao Paulo,PM2.5 - Principal,2025-02-13 05:00 PM,2025,02,13,17,5.6,31,Good,5.8,UG/M3,1 Hr,Valid
Sao Paulo,PM2.5 - Principal,2025-02-13 06:00 PM,2025,02,13,18,4.8,27,Good,4.1,UG/M3,1 Hr,Valid
Sao Paulo,PM2.5 - Principal,2025-02-13 07:00 PM,2025,02,13,19,4.3,24,Good,3.7,UG/M3,1 Hr,Valid
Sao Paulo,PM2.5 - Principal,2025-02-13 08:00 PM,2025,02,13,20,4.4,24,Good,4.5,UG/M3,1 Hr,Valid
Sao Paulo,PM2.5 - Principal,2025-02-13 09:00 PM,2025,02,13,21,5.4,30,Good,6.4,UG/M3,1 Hr,Valid
Sao Paulo,PM2.5 - Principal,2025-02-13 10:00 PM,2025,02,13,22,5.5,31,Good,5.6,UG/M3,1 Hr,Valid
Sao Paulo,PM2.5 - Principal,2025-02-13 11:00 PM,2025,02,13,23,5.9,33,Good,6.3,UG/M3,1 Hr,Valid
Sao Paulo,PM2.5 - Principal,2025-02-14 12:00 AM,2025,02,14,00,6.3,35,Good,6.6,UG/M3,1 Hr,Valid
Sao Paulo,PM2.5 - Principal,2025-02-14 01:00 AM,2025,02,14,01,6.1,34,Good,6.1,UG/M3,1 Hr,Valid
Sao Paulo,PM2.5 - Principal,2025-02-14 02:00 AM,2025,02,14,02,8.1,45,Good,10.0,UG/M3,1 Hr,Valid
Sao Paulo,PM2.5 - Principal,2025-02-14 03:00 AM,2025,02,14,03,6.7,37,Good,5.3,UG/M3,1 Hr,Valid
Sao Paulo,PM2.5 - Principal,2025-02-14 04:00 AM,2025,02,14,04,5.7,32,Good,4.7,UG/M3,1 Hr,Valid
Sao Paulo,PM2.5 - Principal,2025-02-14 05:00 AM,2025,02,14,05,5.1,28,Good,4.6,UG/M3,1 Hr,Valid
Sao Paulo,PM2.5 - Principal,2025-02-14 06:00 AM,2025,02,14,06,4.9,27,Good,4.6,UG/M3,1 Hr,Valid
Sao Paulo,PM2.5 - Principal,2025-02-14 07:00 AM,2025,02,14,07,5.3,29,Good,5.7,UG/M3,1 Hr,Valid
Sao Paulo,PM2.5 - Principal,2025-02-14 08:00 AM,2025,02,14,08,6.8,38,Good,8.4,UG/M3,1 Hr,Valid
Sao Paulo,PM2.5 - Principal,2025-02-14 09:00 AM,2025,02,14,09,10.1,53,Moderate,13.3,UG/M3,1 Hr,Valid
Sao Paulo,PM2.5 - Principal,2025-02-14 10:00 AM,2025,02,14,10,12.8,58,Moderate,15.5,UG/M3,1 Hr,Valid
Sao Paulo,PM2.5 - Principal,2025-02-14 11:00 AM,2025,02,14,11,14.5,61,Moderate,16.1,UG/M3,1 Hr,Valid
Sao Paulo,PM2.5 - Principal,2025-02-14 12:00 PM,2025,02,14,12,16.6,65,Moderate,18.8,UG/M3,1 Hr,Valid
Sao Paulo,PM2.5 - Principal,2025-02-14 01:00 PM,2025,02,14,13,18.0,68,Moderate,19.4,UG/M3,1 Hr,Valid
Sao Paulo,PM2.5 - Principal,2025-02-14 02:00 PM,2025,02,14,14,14.4,61,Moderate,10.9,UG/M3,1 Hr,Valid
Sao Paulo,PM2.5 - Principal,2025-02-14 03:00 PM,2025,02,14,15,11.7,56,Moderate,9.0,UG/M3,1 Hr,Valid
Sao Paulo,PM2.5 - Principal,2025-02-14 04:00 PM,2025,02,14,16,9.6,52,Moderate,7.5,UG/M3,1 Hr,Valid
Sao Paulo,PM2.5 - Principal,2025-02-14 05:00 PM,2025,02,14,17,11.0,55,Moderate,12.3,UG/M3,1 Hr,Valid
Sao Paulo,PM2.5 - Principal,2025-02-14 06:00 PM,2025,02,14,18,8.8,49,Good,6.7,UG/M3,1 Hr,Valid
Sao Paulo,PM2.5 - Principal,2025-02-14 07:00 PM,2025,02,14,19,7.0,39,Good,5.1,UG/M3,1 Hr,Valid
Sao Paulo,PM2.5 - Principal,2025-02-14 08:00 PM,2025,02,14,20,7.0,39,Good,6.9,UG/M3,1 Hr,Valid
Sao Paulo,PM2.5 - Principal,2025-02-14 09:00 PM,2025,02,14,21,8.3,46,Good,9.6,UG/M3,1 Hr,Valid
Sao Paulo,PM2.5 - Principal,2025-02-14 10:00 PM,2025,02,14,22,11.4,55,Moderate,14.4,UG/M3,1 Hr,Valid
Sao Paulo,PM2.5 - Principal,2025-02-14 11:00 PM,2025,02,14,23,10.9,54,Moderate,10.4,UG/M3,1 Hr,Valid
Sao Paulo,PM2.5 - Principal,2025-02-15 12:00 AM,2025,02,15,00,9.6,52,Moderate,8.4,UG/M3,1 Hr,Valid
Sao Paulo,PM2.5 - Principal,2025-02-15 01:00 AM,2025,02,15,01,9.0,50,Good,8.3,UG/M3,1 Hr,Valid
Sao Paulo,PM2.5 - Principal,2025-02-15 02:00 AM,2025,02,15,02,10.8,54,Moderate,12.6,UG/M3,1 Hr,Valid
Sao Paulo,PM2.5 - Principal,2025-02-15 03:00 AM,2025,02,15,03,11.7,56,Moderate,12.6,UG/M3,1 Hr,Valid
Sao Paulo,PM2.5 - Principal,2025-02-15 04:00 AM,2025,02,15,04,12.3,57,Moderate,12.9,UG/M3,1 Hr,Valid
Sao Paulo,PM2.5 - Principal,2025-02-15 05:00 AM,2025,02,15,05,13.1,58,Moderate,14.0,UG/M3,1 Hr,Valid
Sao Paulo,PM2.5 - Principal,2025-02-15 06:00 AM,2025,02,15,06,14.0,60,Moderate,14.9,UG/M3,1 Hr,Valid
Sao Paulo,PM2.5 - Principal,2025-02-15 07:00 AM,2025,02,15,07,15.2,62,Moderate,16.4,UG/M3,1 Hr,Valid
Sao Paulo,PM2.5 - Principal,2025-02-15 08:00 AM,2025,02,15,08,16.5,65,Moderate,17.8,UG/M3,1 Hr,Valid
Sao Paulo,PM2.5 - Principal,2025-02-15 09:00 AM,2025,02,15,09,16.4,65,Moderate,16.3,UG/M3,1 Hr,Valid
Sao Paulo,PM2.5 - Principal,2025-02-15 10:00 AM,2025,02,15,10,15.4,63,Moderate,14.3,UG/M3,1 Hr,Valid
Sao Paulo,PM2.5 - Principal,2025-02-15 11:00 AM,2025,02,15,11,15.9,64,Moderate,16.5,UG/M3,1 Hr,Valid
Sao Paulo,PM2.5 - Principal,2025-02-15 12:00 PM,2025,02,15,12,14.2,61,Moderate,12.5,UG/M3,1 Hr,Valid
Sao Paulo,PM2.5 - Principal,2025-02-15 01:00 PM,2025,02,15,13,13.5,59,Moderate,11.5,UG/M3,1 Hr,Valid
Sao Paulo,PM2.5 - Principal,2025-02-15 02:00 PM,2025,02,15,14,10.9,54,Moderate,8.9,UG/M3,1 Hr,Valid
Sao Paulo,PM2.5 - Principal,2025-02-15 03:00 PM,2025,02,15,15,11.1,55,Moderate,11.4,UG/M3,1 Hr,Valid
Sao Paulo,PM2.5 - Principal,2025-02-15 04:00 PM,2025,02,15,16,12.7,58,Moderate,14.2,UG/M3,1 Hr,Valid
Sao Paulo,PM2.5 - Principal,2025-02-15 05:00 PM,2025,02,15,17,15.4,63,Moderate,18.2,UG/M3,1 Hr,Valid
Sao Paulo,PM2.5 - Principal,2025-02-15 06:00 PM,2025,02,15,18,15.8,63,Moderate,16.2,UG/M3,1 Hr,Valid
Sao Paulo,PM2.5 - Principal,2025-02-15 07:00 PM,2025,02,15,19,14.9,62,Moderate,14.0,UG/M3,1 Hr,Valid
Sao Paulo,PM2.5 - Principal,2025-02-15 08:00 PM,2025,02,15,20,15.7,63,Moderate,16.6,UG/M3,1 Hr,Valid
Sao Paulo,PM2.5 - Principal,2025-02-15 09:00 PM,2025,02,15,21,17.2,66,Moderate,18.6,UG/M3,1 Hr,Valid
Sao Paulo,PM2.5 - Principal,2025-02-15 10:00 PM,2025,02,15,22,13.7,60,Moderate,10.2,UG/M3,1 Hr,Valid
Sao Paulo,PM2.5 - Principal,2025-02-15 11:00 PM,2025,02,15,23,12.0,56,Moderate,10.3,UG/M3,1 Hr,Valid
Sao Paulo,PM2.5 - Principal,2025-02-16 12:00 AM,2025,02,16,00,10.5,54,Moderate,9.1,UG/M3,1 Hr,Valid
Sao Paulo,PM2.5 - Principal,2025-02-16 01:00 AM,2025,02,16,01,9.8,52,Moderate,9.1,UG/M3,1 Hr,Valid
Sao Paulo,PM2.5 - Principal,2025-02-16 02:00 AM,2025,02,16,02,9.5,52,Moderate,9.1,UG/M3,1 Hr,Valid
Sao Paulo,PM2.5 - Principal,2025-02-16 03:00 AM,2025,02,16,03,10.1,53,Moderate,10.7,UG/M3,1 Hr,Valid
Sao Paulo,PM2.5 - Principal,2025-02-16 04:00 AM,2025,02,16,04,10.6,54,Moderate,11.1,UG/M3,1 Hr,Valid
Sao Paulo,PM2.5 - Principal,2025-02-16 05:00 AM,2025,02,16,05,9.0,50,Good,7.4,UG/M3,1 Hr,Valid
Sao Paulo,PM2.5 - Principal,2025-02-16 06:00 AM,2025,02,16,06,8.2,46,Good,7.4,UG/M3,1 Hr,Valid
Sao Paulo,PM2.5 - Principal,2025-02-16 07:00 AM,2025,02,16,07,7.3,41,Good,6.4,UG/M3,1 Hr,Valid
Sao Paulo,PM2.5 - Principal,2025-02-16 08:00 AM,2025,02,16,08,6.7,37,Good,6.2,UG/M3,1 Hr,Valid
Sao Paulo,PM2.5 - Principal,2025-02-16 09:00 AM,2025,02,16,09,6.4,36,Good,5.9,UG/M3,1 Hr,Valid
Sao Paulo,PM2.5 - Principal,2025-02-16 10:00 AM,2025,02,16,10,6.3,35,Good,6.2,UG/M3,1 Hr,Valid
Sao Paulo,PM2.5 - Principal,2025-02-16 11:00 AM,2025,02,16,11,6.3,35,Good,6.2,UG/M3,1 Hr,Valid
Sao Paulo,PM2.5 - Principal,2025-02-16 12:00 PM,2025,02,16,12,6.3,35,Good,6.5,UG/M3,1 Hr,Valid
Sao Paulo,PM2.5 - Principal,2025-02-16 01:00 PM,2025,02,16,13,6.4,36,Good,6.4,UG/M3,1 Hr,Valid
Sao Paulo,PM2.5 - Principal,2025-02-16 02:00 PM,2025,02,16,14,7.0,39,Good,7.6,UG/M3,1 Hr,Valid
Sao Paulo,PM2.5 - Principal,2025-02-16 03:00 PM,2025,02,16,15,7.5,42,Good,8.2,UG/M3,1 Hr,Valid
Sao Paulo,PM2.5 - Principal,2025-02-16 04:00 PM,2025,02,16,16,7.1,39,Good,7.2,UG/M3,1 Hr,Valid
Sao Paulo,PM2.5 - Principal,2025-02-16 05:00 PM,2025,02,16,17,7.0,39,Good,6.5,UG/M3,1 Hr,Valid
Sao Paulo,PM2.5 - Principal,2025-02-16 06:00 PM,2025,02,16,18,6.6,37,Good,5.8,UG/M3,1 Hr,Valid
Sao Paulo,PM2.5 - Principal,2025-02-16 07:00 PM,2025,02,16,19,6.4,36,Good,6.0,UG/M3,1 Hr,Valid
Sao Paulo,PM2.5 - Principal,2025-02-16 08:00 PM,2025,02,16,20,6.8,38,Good,7.7,UG/M3,1 Hr,Valid
Sao Paulo,PM2.5 - Principal,2025-02-16 09:00 PM,2025,02,16,21,8.5,47,Good,10.5,UG/M3,1 Hr,Valid
Sao Paulo,PM2.5 - Principal,2025-02-16 10:00 PM,2025,02,16,22,10.1,53,Moderate,11.6,UG/M3,1 Hr,Valid
Sao Paulo,PM2.5 - Principal,2025-02-16 11:00 PM,2025,02,16,23,12.0,56,Moderate,13.8,UG/M3,1 Hr,Valid
Sao Paulo,PM2.5 - Principal,2025-02-17 12:00 AM,2025,02,17,00,12.3,57,Moderate,12.7,UG/M3,1 Hr,Valid
Sao Paulo,PM2.5 - Principal,2025-02-17 01:00 AM,2025,02,17,01,10.6,54,Moderate,8.9,UG/M3,1 Hr,Valid
Sao Paulo,PM2.5 - Principal,2025-02-17 02:00 AM,2025,02,17,02,9.8,52,Moderate,9.0,UG/M3,1 Hr,Valid
Sao Paulo,PM2.5 - Principal,2025-02-17 03:00 AM,2025,02,17,03,8.9,49,Good,8.1,UG/M3,1 Hr,Valid
Sao Paulo,PM2.5 - Principal,2025-02-17 04:00 AM,2025,02,17,04,8.1,45,Good,7.3,UG/M3,1 Hr,Valid
Sao Paulo,PM2.5 - Principal,2025-02-17 05:00 AM,2025,02,17,05,8.0,44,Good,7.8,UG/M3,1 Hr,Valid
Sao Paulo,PM2.5 - Principal,2025-02-17 06:00 AM,2025,02,17,06,7.9,44,Good,7.8,UG/M3,1 Hr,Valid
Sao Paulo,PM2.5 - Principal,2025-02-17 07:00 AM,2025,02,17,07,8.3,46,Good,8.6,UG/M3,1 Hr,Valid
Sao Paulo,PM2.5 - Principal,2025-02-17 08:00 AM,2025,02,17,08,8.4,47,Good,8.5,UG/M3,1 Hr,Valid
Sao Paulo,PM2.5 - Principal,2025-02-17 09:00 AM,2025,02,17,09,7.8,43,Good,7.2,UG/M3,1 Hr,Valid
Sao Paulo,PM2.5 - Principal,2025-02-17 10:00 AM,2025,02,17,10,6.8,38,Good,5.9,UG/M3,1 Hr,Valid
Sao Paulo,PM2.5 - Principal,2025-02-17 11:00 AM,2025,02,17,11,6.4,36,Good,6.0,UG/M3,1 Hr,Valid
Sao Paulo,PM2.5 - Principal,2025-02-17 12:00 PM,2025,02,17,12,6.0,33,Good,5.1,UG/M3,1 Hr,Valid
Sao Paulo,PM2.5 - Principal,2025-02-17 01:00 PM,2025,02,17,13,6.2,34,Good,6.6,UG/M3,1 Hr,Valid
Sao Paulo,PM2.5 - Principal,2025-02-17 02:00 PM,2025,02,17,14,6.0,33,Good,5.5,UG/M3,1 Hr,Valid
Sao Paulo,PM2.5 - Principal,2025-02-17 03:00 PM,2025,02,17,15,5.8,32,Good,5.5,UG/M3,1 Hr,Valid
Sao Paulo,PM2.5 - Principal,2025-02-17 04:00 PM,2025,02,17,16,5.8,32,Good,5.9,UG/M3,1 Hr,Valid
Sao Paulo,PM2.5 - Principal,2025-02-17 05:00 PM,2025,02,17,17,5.7,32,Good,5.6,UG/M3,1 Hr,Valid
Sao Paulo,PM2.5 - Principal,2025-02-17 06:00 PM,2025,02,17,18,5.2,29,Good,4.7,UG/M3,1 Hr,Valid
Sao Paulo,PM2.5 - Principal,2025-02-17 07:00 PM,2025,02,17,19,5.1,28,Good,4.9,UG/M3,1 Hr,Valid
Sao Paulo,PM2.5 - Principal,2025-02-17 08:00 PM,2025,02,17,20,5.7,32,Good,6.6,UG/M3,1 Hr,Valid
Sao Paulo,PM2.5 - Principal,2025-02-17 09:00 PM,2025,02,17,21,6.6,37,Good,7.9,UG/M3,1 Hr,Valid
Sao Paulo,PM2.5 - Principal,2025-02-17 10:00 PM,2025,02,17,22,13.9,60,Moderate,21.0,UG/M3,1 Hr,Valid
Sao Paulo,PM2.5 - Principal,2025-02-17 11:00 PM,2025,02,17,23,18.0,68,Moderate,22.0,UG/M3,1 Hr,Valid
Sao Paulo,PM2.5 - Principal,2025-02-18 12:00 AM,2025,02,18,00,23.5,78,Moderate,29.0,UG/M3,1 Hr,Valid
Sao Paulo,PM2.5 - Principal,2025-02-18 01:00 AM,2025,02,18,01,29.3,89,Moderate,35.0,UG/M3,1 Hr,Valid
Sao Paulo,PM2.5 - Principal,2025-02-18 02:00 AM,2025,02,18,02,30.0,90,Moderate,30.8,UG/M3,1 Hr,Valid
Sao Paulo,PM2.5 - Principal,2025-02-18 03:00 AM,2025,02,18,03,28.6,87,Moderate,27.2,UG/M3,1 Hr,Valid
Sao Paulo,PM2.5 - Principal,2025-02-18 04:00 AM,2025,02,18,04,18.6,69,Moderate,8.6,UG/M3,1 Hr,Valid
Sao Paulo,PM2.5 - Principal,2025-02-18 05:00 AM,2025,02,18,05,13.4,59,Moderate,8.1,UG/M3,1 Hr,Valid
Sao Paulo,PM2.5 - Principal,2025-02-18 06:00 AM,2025,02,18,06,10.9,54,Moderate,8.4,UG/M3,1 Hr,Valid
Sao Paulo,PM2.5 - Principal,2025-02-18 07:00 AM,2025,02,18,07,9.8,52,Moderate,8.6,UG/M3,1 Hr,Valid
Sao Paulo,PM2.5 - Principal,2025-02-18 08:00 AM,2025,02,18,08,9.3,51,Moderate,8.9,UG/M3,1 Hr,Valid
Sao Paulo,PM2.5 - Principal,2025-02-18 09:00 AM,2025,02,18,09,9.0,50,Good,8.7,UG/M3,1 Hr,Valid
Sao Paulo,PM2.5 - Principal,2025-02-18 10:00 AM,2025,02,18,10,10.9,54,Moderate,12.9,UG/M3,1 Hr,Valid
Sao Paulo,PM2.5 - Principal,2025-02-18 11:00 AM,2025,02,18,11,12.4,57,Moderate,13.8,UG/M3,1 Hr,Valid
Sao Paulo,PM2.5 - Principal,2025-02-18 12:00 PM,2025,02,18,12,12.7,58,Moderate,13.0,UG/M3,1 Hr,Valid
Sao Paulo,PM2.5 - Principal,2025-02-18 01:00 PM,2025,02,18,13,12.8,58,Moderate,12.8,UG/M3,1 Hr,Valid
Sao Paulo,PM2.5 - Principal,2025-02-18 02:00 PM,2025,02,18,14,12.0,56,Moderate,11.2,UG/M3,1 Hr,Valid
Sao Paulo,PM2.5 - Principal,2025-02-18 03:00 PM,2025,02,18,15,9.7,52,Moderate,7.2,UG/M3,1 Hr,Valid
Sao Paulo,PM2.5 - Principal,2025-02-18 04:00 PM,2025,02,18,16,8.1,45,Good,6.5,UG/M3,1 Hr,Valid
Sao Paulo,PM2.5 - Principal,2025-02-18 05:00 PM,2025,02,18,17,7.3,41,Good,6.5,UG/M3,1 Hr,Valid
Sao Paulo,PM2.5 - Principal,2025-02-18 06:00 PM,2025,02,18,18,7.2,40,Good,7.2,UG/M3,1 Hr,Valid
Sao Paulo,PM2.5 - Principal,2025-02-18 07:00 PM,2025,02,18,19,7.6,42,Good,8.0,UG/M3,1 Hr,Valid
Sao Paulo,PM2.5 - Principal,2025-02-18 08:00 PM,2025,02,18,20,7.1,39,Good,6.7,UG/M3,1 Hr,Valid
Sao Paulo,PM2.5 - Principal,2025-02-18 09:00 PM,2025,02,18,21,5.2,29,Good,3.2,UG/M3,1 Hr,Valid
Sao Paulo,PM2.5 - Principal,2025-02-18 10:00 PM,2025,02,18,22,4.7,26,Good,4.1,UG/M3,1 Hr,Valid
Sao Paulo,PM2.5 - Principal,2025-02-18 11:00 PM,2025,02,18,23,4.6,26,Good,4.6,UG/M3,1 Hr,Valid
Sao Paulo,PM2.5 - Principal,2025-02-19 12:00 AM,2025,02,19,00,4.7,26,Good,4.8,UG/M3,1 Hr,Valid
Sao Paulo,PM2.5 - Principal,2025-02-19 01:00 AM,2025,02,19,01,5.4,30,Good,6.2,UG/M3,1 Hr,Valid
Sao Paulo,PM2.5 - Principal,2025-02-19 02:00 AM,2025,02,19,02,4.3,24,Good,3.1,UG/M3,1 Hr,Valid
Sao Paulo,PM2.5 - Principal,2025-02-19 03:00 AM,2025,02,19,03,4.1,23,Good,3.9,UG/M3,1 Hr,Valid
Sao Paulo,PM2.5 - Principal,2025-02-19 04:00 AM,2025,02,19,04,3.7,21,Good,3.2,UG/M3,1 Hr,Valid
Sao Paulo,PM2.5 - Principal,2025-02-19 05:00 AM,2025,02,19,05,3.8,21,Good,3.9,UG/M3,1 Hr,Valid
Sao Paulo,PM2.5 - Principal,2025-02-19 06:00 AM,2025,02,19,06,3.9,22,Good,4.0,UG/M3,1 Hr,Valid
Sao Paulo,PM2.5 - Principal,2025-02-19 07:00 AM,2025,02,19,07,5.0,28,Good,6.1,UG/M3,1 Hr,Valid
Sao Paulo,PM2.5 - Principal,2025-02-19 08:00 AM,2025,02,19,08,5.9,33,Good,6.8,UG/M3,1 Hr,Valid
Sao Paulo,PM2.5 - Principal,2025-02-19 09:00 AM,2025,02,19,09,7.7,43,Good,9.4,UG/M3,1 Hr,Valid
Sao Paulo,PM2.5 - Principal,2025-02-19 10:00 AM,2025,02,19,10,9.3,51,Moderate,11.0,UG/M3,1 Hr,Valid
Sao Paulo,PM2.5 - Principal,2025-02-19 11:00 AM,2025,02,19,11,10.0,53,Moderate,10.6,UG/M3,1 Hr,Valid
Sao Paulo,PM2.5 - Principal,2025-02-19 12:00 PM,2025,02,19,12,10.8,54,Moderate,11.6,UG/M3,1 Hr,Valid
Sao Paulo,PM2.5 - Principal,2025-02-19 01:00 PM,2025,02,19,13,10.4,53,Moderate,10.1,UG/M3,1 Hr,Valid
Sao Paulo,PM2.5 - Principal,2025-02-19 02:00 PM,2025,02,19,14,10.4,53,Moderate,10.4,UG/M3,1 Hr,Valid
Sao Paulo,PM2.5 - Principal,2025-02-19 03:00 PM,2025,02,19,15,9.3,51,Moderate,8.1,UG/M3,1 Hr,Valid
Sao Paulo,PM2.5 - Principal,2025-02-19 04:00 PM,2025,02,19,16,7.9,44,Good,6.5,UG/M3,1 Hr,Valid
Sao Paulo,PM2.5 - Principal,2025-02-19 05:00 PM,2025,02,19,17,7.7,43,Good,7.6,UG/M3,1 Hr,Valid
Sao Paulo,PM2.5 - Principal,2025-02-19 06:00 PM,2025,02,19,18,7.6,42,Good,7.4,UG/M3,1 Hr,Valid
Sao Paulo,PM2.5 - Principal,2025-02-19 07:00 PM,2025,02,19,19,8.0,44,Good,8.4,UG/M3,1 Hr,Valid
Sao Paulo,PM2.5 - Principal,2025-02-19 08:00 PM,2025,02,19,20,9.7,52,Moderate,11.7,UG/M3,1 Hr,Valid
Sao Paulo,PM2.5 - Principal,2025-02-19 09:00 PM,2025,02,19,21,11.9,56,Moderate,14.0,UG/M3,1 Hr,Valid
Sao Paulo,PM2.5 - Principal,2025-02-19 10:00 PM,2025,02,19,22,12.3,57,Moderate,12.7,UG/M3,1 Hr,Valid
Sao Paulo,PM2.5 - Principal,2025-02-19 11:00 PM,2025,02,19,23,12.4,57,Moderate,12.5,UG/M3,1 Hr,Valid
Sao Paulo,PM2.5 - Principal,2025-02-20 12:00 AM,2025,02,20,00,12.6,58,Moderate,12.8,UG/M3,1 Hr,Valid
Sao Paulo,PM2.5 - Principal,2025-02-20 01:00 AM,2025,02,20,01,9.9,52,Moderate,7.3,UG/M3,1 Hr,Valid
Sao Paulo,PM2.5 - Principal,2025-02-20 02:00 AM,2025,02,20,02,8.5,47,Good,7.2,UG/M3,1 Hr,Valid
Sao Paulo,PM2.5 - Principal,2025-02-20 03:00 AM,2025,02,20,03,8.3,46,Good,8.0,UG/M3,1 Hr,Valid
Sao Paulo,PM2.5 - Principal,2025-02-20 04:00 AM,2025,02,20,04,10.9,54,Moderate,13.7,UG/M3,1 Hr,Valid
Sao Paulo,PM2.5 - Principal,2025-02-20 05:00 AM,2025,02,20,05,10.3,53,Moderate,9.7,UG/M3,1 Hr,Valid
Sao Paulo,PM2.5 - Principal,2025-02-20 06:00 AM,2025,02,20,06,9.9,52,Moderate,9.4,UG/M3,1 Hr,Valid
Sao Paulo,PM2.5 - Principal,2025-02-20 07:00 AM,2025,02,20,07,11.5,55,Moderate,13.1,UG/M3,1 Hr,Valid
Sao Paulo,PM2.5 - Principal,2025-02-20 08:00 AM,2025,02,20,08,11.8,56,Moderate,12.1,UG/M3,1 Hr,Valid
Sao Paulo,PM2.5 - Principal,2025-02-20 09:00 AM,2025,02,20,09,12.5,57,Moderate,13.2,UG/M3,1 Hr,Valid
Sao Paulo,PM2.5 - Principal,2025-02-20 10:00 AM,2025,02,20,10,10.8,54,Moderate,8.9,UG/M3,1 Hr,Valid
Sao Paulo,PM2.5 - Principal,2025-02-20 11:00 AM,2025,02,20,11,14.3,61,Moderate,17.8,UG/M3,1 Hr,Valid
Sao Paulo,PM2.5 - Principal,2025-02-20 12:00 PM,2025,02,20,12,11.7,56,Moderate,9.1,UG/M3,1 Hr,Valid
Sao Paulo,PM2.5 - Principal,2025-02-20 01:00 PM,2025,02,20,13,11.0,55,Moderate,10.3,UG/M3,1 Hr,Valid
Sao Paulo,PM2.5 - Principal,2025-02-20 02:00 PM,2025,02,20,14,9.6,52,Moderate,8.2,UG/M3,1 Hr,Valid
Sao Paulo,PM2.5 - Principal,2025-02-20 03:00 PM,2025,02,20,15,8.7,48,Good,7.8,UG/M3,1 Hr,Valid
Sao Paulo,PM2.5 - Principal,2025-02-20 04:00 PM,2025,02,20,16,7.7,43,Good,6.8,UG/M3,1 Hr,Valid
Sao Paulo,PM2.5 - Principal,2025-02-20 05:00 PM,2025,02,20,17,7.0,39,Good,6.3,UG/M3,1 Hr,Valid
Sao Paulo,PM2.5 - Principal,2025-02-20 06:00 PM,2025,02,20,18,6.7,37,Good,6.4,UG/M3,1 Hr,Valid
Sao Paulo,PM2.5 - Principal,2025-02-20 07:00 PM,2025,02,20,19,6.9,38,Good,7.1,UG/M3,1 Hr,Valid
Sao Paulo,PM2.5 - Principal,2025-02-20 08:00 PM,2025,02,20,20,11.7,56,Moderate,16.5,UG/M3,1 Hr,Valid
Sao Paulo,PM2.5 - Principal,2025-02-20 09:00 PM,2025,02,20,21,12.4,57,Moderate,13.1,UG/M3,1 Hr,Valid
Sao Paulo,PM2.5 - Principal,2025-02-20 10:00 PM,2025,02,20,22,14.3,61,Moderate,16.2,UG/M3,1 Hr,Valid
Sao Paulo,PM2.5 - Principal,2025-02-20 11:00 PM,2025,02,20,23,15.4,63,Moderate,16.4,UG/M3,1 Hr,Valid
Sao Paulo,PM2.5 - Principal,2025-02-21 12:00 AM,2025,02,21,00,12.3,57,Moderate,9.2,UG/M3,1 Hr,Valid
Sao Paulo,PM2.5 - Principal,2025-02-21 01:00 AM,2025,02,21,01,12.3,57,Moderate,12.4,UG/M3,1 Hr,Valid
Sao Paulo,PM2.5 - Principal,2025-02-21 02:00 AM,2025,02,21,02,11.8,56,Moderate,11.3,UG/M3,1 Hr,Valid
Sao Paulo,PM2.5 - Principal,2025-02-21 03:00 AM,2025,02,21,03,13.3,59,Moderate,14.7,UG/M3,1 Hr,Valid
Sao Paulo,PM2.5 - Principal,2025-02-21 04:00 AM,2025,02,21,04,11.0,55,Moderate,8.7,UG/M3,1 Hr,Valid
Sao Paulo,PM2.5 - Principal,2025-02-21 05:00 AM,2025,02,21,05,9.7,52,Moderate,8.3,UG/M3,1 Hr,Valid
Sao Paulo,PM2.5 - Principal,2025-02-21 06:00 AM,2025,02,21,06,9.5,52,Moderate,9.3,UG/M3,1 Hr,Valid
Sao Paulo,PM2.5 - Principal,2025-02-21 07:00 AM,2025,02,21,07,10.8,54,Moderate,12.1,UG/M3,1 Hr,Valid
Sao Paulo,PM2.5 - Principal,2025-02-21 08:00 AM,2025,02,21,08,10.1,53,Moderate,9.3,UG/M3,1 Hr,Valid
Sao Paulo,PM2.5 - Principal,2025-02-21 09:00 AM,2025,02,21,09,10.0,53,Moderate,9.8,UG/M3,1 Hr,Valid
Sao Paulo,PM2.5 - Principal,2025-02-21 10:00 AM,2025,02,21,10,10.3,53,Moderate,10.7,UG/M3,1 Hr,Valid
Sao Paulo,PM2.5 - Principal,2025-02-21 11:00 AM,2025,02,21,11,9.0,50,Good,7.6,UG/M3,1 Hr,Valid
Sao Paulo,PM2.5 - Principal,2025-02-21 12:00 PM,2025,02,21,12,11.3,55,Moderate,13.8,UG/M3,1 Hr,Valid
Sao Paulo,PM2.5 - Principal,2025-02-21 01:00 PM,2025,02,21,13,15.2,62,Moderate,19.0,UG/M3,1 Hr,Valid
Sao Paulo,PM2.5 - Principal,2025-02-21 02:00 PM,2025,02,21,14,14.8,62,Moderate,14.4,UG/M3,1 Hr,Valid
Sao Paulo,PM2.5 - Principal,2025-02-21 03:00 PM,2025,02,21,15,11.0,55,Moderate,7.2,UG/M3,1 Hr,Valid
Sao Paulo,PM2.5 - Principal,2025-02-21 04:00 PM,2025,02,21,16,7.8,43,Good,4.7,UG/M3,1 Hr,Valid
Sao Paulo,PM2.5 - Principal,2025-02-21 05:00 PM,2025,02,21,17,5.6,31,Good,3.3,UG/M3,1 Hr,Valid
Sao Paulo,PM2.5 - Principal,2025-02-21 06:00 PM,2025,02,21,18,4.7,26,Good,3.8,UG/M3,1 Hr,Valid
Sao Paulo,PM2.5 - Principal,2025-02-21 07:00 PM,2025,02,21,19,4.3,24,Good,4.0,UG/M3,1 Hr,Valid
Sao Paulo,PM2.5 - Principal,2025-02-21 08:00 PM,2025,02,21,20,4.0,22,Good,3.8,UG/M3,1 Hr,Valid
Sao Paulo,PM2.5 - Principal,2025-02-21 09:00 PM,2025,02,21,21,4.2,23,Good,4.4,UG/M3,1 Hr,Valid
Sao Paulo,PM2.5 - Principal,2025-02-21 10:00 PM,2025,02,21,22,4.3,24,Good,4.4,UG/M3,1 Hr,Valid
Sao Paulo,PM2.5 - Principal,2025-02-21 11:00 PM,2025,02,21,23,4.8,27,Good,5.3,UG/M3,1 Hr,Valid
Sao Paulo,PM2.5 - Principal,2025-02-22 12:00 AM,2025,02,22,00,4.8,27,Good,4.8,UG/M3,1 Hr,Valid
Sao Paulo,PM2.5 - Principal,2025-02-22 01:00 AM,2025,02,22,01,5.2,29,Good,5.5,UG/M3,1 Hr,Valid
Sao Paulo,PM2.5 - Principal,2025-02-22 02:00 AM,2025,02,22,02,5.4,30,Good,5.7,UG/M3,1 Hr,Valid
Sao Paulo,PM2.5 - Principal,2025-02-22 03:00 AM,2025,02,22,03,5.2,29,Good,5.0,UG/M3,1 Hr,Valid
Sao Paulo,PM2.5 - Principal,2025-02-22 04:00 AM,2025,02,22,04,4.8,27,Good,4.4,UG/M3,1 Hr,Valid
Sao Paulo,PM2.5 - Principal,2025-02-22 05:00 AM,2025,02,22,05,4.7,26,Good,4.4,UG/M3,1 Hr,Valid
Sao Paulo,PM2.5 - Principal,2025-02-22 06:00 AM,2025,02,22,06,4.5,25,Good,4.1,UG/M3,1 Hr,Valid
Sao Paulo,PM2.5 - Principal,2025-02-22 07:00 AM,2025,02,22,07,5.3,29,Good,6.5,UG/M3,1 Hr,Valid
Sao Paulo,PM2.5 - Principal,2025-02-22 08:00 AM,2025,02,22,08,6.3,35,Good,7.5,UG/M3,1 Hr,Valid
Sao Paulo,PM2.5 - Principal,2025-02-22 09:00 AM,2025,02,22,09,6.8,38,Good,7.3,UG/M3,1 Hr,Valid
Sao Paulo,PM2.5 - Principal,2025-02-22 10:00 AM,2025,02,22,10,6.5,36,Good,6.2,UG/M3,1 Hr,Valid
Sao Paulo,PM2.5 - Principal,2025-02-22 11:00 AM,2025,02,22,11,6.9,38,Good,7.4,UG/M3,1 Hr,Valid
Sao Paulo,PM2.5 - Principal,2025-02-22 12:00 PM,2025,02,22,12,8.1,45,Good,9.2,UG/M3,1 Hr,Valid
Sao Paulo,PM2.5 - Principal,2025-02-22 01:00 PM,2025,02,22,13,8.4,47,Good,8.8,UG/M3,1 Hr,Valid
Sao Paulo,PM2.5 - Principal,2025-02-22 02:00 PM,2025,02,22,14,7.1,39,Good,5.8,UG/M3,1 Hr,Valid
Sao Paulo,PM2.5 - Principal,2025-02-22 03:00 PM,2025,02,22,15,5.9,33,Good,4.7,UG/M3,1 Hr,Valid
Sao Paulo,PM2.5 - Principal,2025-02-22 04:00 PM,2025,02,22,16,5.8,32,Good,5.6,UG/M3,1 Hr,Valid
Sao Paulo,PM2.5 - Principal,2025-02-22 05:00 PM,2025,02,22,17,5.6,31,Good,5.4,UG/M3,1 Hr,Valid
Sao Paulo,PM2.5 - Principal,2025-02-22 06:00 PM,2025,02,22,18,5.4,30,Good,5.1,UG/M3,1 Hr,Valid
Sao Paulo,PM2.5 - Principal,2025-02-22 07:00 PM,2025,02,22,19,5.4,30,Good,5.5,UG/M3,1 Hr,Valid
Sao Paulo,PM2.5 - Principal,2025-02-22 08:00 PM,2025,02,22,20,5.6,31,Good,5.8,UG/M3,1 Hr,Valid
Sao Paulo,PM2.5 - Principal,2025-02-22 09:00 PM,2025,02,22,21,5.5,31,Good,5.5,UG/M3,1 Hr,Valid
Sao Paulo,PM2.5 - Principal,2025-02-22 10:00 PM,2025,02,22,22,5.5,31,Good,5.5,UG/M3,1 Hr,Valid
Sao Paulo,PM2.5 - Principal,2025-02-22 11:00 PM,2025,02,22,23,5.5,31,Good,5.5,UG/M3,1 Hr,Valid
Sao Paulo,PM2.5 - Principal,2025-02-23 12:00 AM,2025,02,23,00,5.4,30,Good,5.2,UG/M3,1 Hr,Valid
Sao Paulo,PM2.5 - Principal,2025-02-23 01:00 AM,2025,02,23,01,5.5,31,Good,5.9,UG/M3,1 Hr,Valid
Sao Paulo,PM2.5 - Principal,2025-02-23 02:00 AM,2025,02,23,02,5.7,32,Good,6.1,UG/M3,1 Hr,Valid
Sao Paulo,PM2.5 - Principal,2025-02-23 03:00 AM,2025,02,23,03,5.7,32,Good,6.0,UG/M3,1 Hr,Valid
Sao Paulo,PM2.5 - Principal,2025-02-23 04:00 AM,2025,02,23,04,5.8,32,Good,6.1,UG/M3,1 Hr,Valid
Sao Paulo,PM2.5 - Principal,2025-02-23 05:00 AM,2025,02,23,05,5.9,33,Good,6.4,UG/M3,1 Hr,Valid
Sao Paulo,PM2.5 - Principal,2025-02-23 06:00 AM,2025,02,23,06,6.1,34,Good,6.5,UG/M3,1 Hr,Valid
Sao Paulo,PM2.5 - Principal,2025-02-23 07:00 AM,2025,02,23,07,6.1,34,Good,6.3,UG/M3,1 Hr,Valid
Sao Paulo,PM2.5 - Principal,2025-02-23 08:00 AM,2025,02,23,08,6.5,36,Good,7.2,UG/M3,1 Hr,Valid
Sao Paulo,PM2.5 - Principal,2025-02-23 09:00 AM,2025,02,23,09,7.5,42,Good,8.7,UG/M3,1 Hr,Valid
Sao Paulo,PM2.5 - Principal,2025-02-23 10:00 AM,2025,02,23,10,7.8,43,Good,8.3,UG/M3,1 Hr,Valid
Sao Paulo,PM2.5 - Principal,2025-02-23 11:00 AM,2025,02,23,11,8.6,48,Good,9.4,UG/M3,1 Hr,Valid
Sao Paulo,PM2.5 - Principal,2025-02-23 12:00 PM,2025,02,23,12,10.1,53,Moderate,11.6,UG/M3,1 Hr,Valid
Sao Paulo,PM2.5 - Principal,2025-02-23 01:00 PM,2025,02,23,13,12.3,57,Moderate,14.4,UG/M3,1 Hr,Valid
Sao Paulo,PM2.5 - Principal,2025-02-23 02:00 PM,2025,02,23,14,13.6,59,Moderate,14.9,UG/M3,1 Hr,Valid
Sao Paulo,PM2.5 - Principal,2025-02-23 03:00 PM,2025,02,23,15,13.8,60,Moderate,14.1,UG/M3,1 Hr,Valid
Sao Paulo,PM2.5 - Principal,2025-02-23 04:00 PM,2025,02,23,16,12.1,57,Moderate,10.4,UG/M3,1 Hr,Valid
Sao Paulo,PM2.5 - Principal,2025-02-23 05:00 PM,2025,02,23,17,10.5,54,Moderate,8.9,UG/M3,1 Hr,Valid
Sao Paulo,PM2.5 - Principal,2025-02-23 06:00 PM,2025,02,23,18,10.1,53,Moderate,9.6,UG/M3,1 Hr,Valid
Sao Paulo,PM2.5 - Principal,2025-02-23 07:00 PM,2025,02,23,19,10.4,53,Moderate,10.7,UG/M3,1 Hr,Valid
Sao Paulo,PM2.5 - Principal,2025-02-23 08:00 PM,2025,02,23,20,11.6,56,Moderate,13.0,UG/M3,1 Hr,Valid
Sao Paulo,PM2.5 - Principal,2025-02-23 09:00 PM,2025,02,23,21,11.4,55,Moderate,11.2,UG/M3,1 Hr,Valid
Sao Paulo,PM2.5 - Principal,2025-02-23 10:00 PM,2025,02,23,22,10.0,53,Moderate,8.2,UG/M3,1 Hr,Valid
Sao Paulo,PM2.5 - Principal,2025-02-23 11:00 PM,2025,02,23,23,9.4,52,Moderate,8.6,UG/M3,1 Hr,Valid
Sao Paulo,PM2.5 - Principal,2025-02-24 12:00 AM,2025,02,24,00,9.4,52,Moderate,9.5,UG/M3,1 Hr,Valid
Sao Paulo,PM2.5 - Principal,2025-02-24 01:00 AM,2025,02,24,01,9.4,52,Moderate,9.3,UG/M3,1 Hr,Valid
Sao Paulo,PM2.5 - Principal,2025-02-24 02:00 AM,2025,02,24,02,8.2,46,Good,7.1,UG/M3,1 Hr,Valid
Sao Paulo,PM2.5 - Principal,2025-02-24 03:00 AM,2025,02,24,03,8.5,47,Good,8.6,UG/M3,1 Hr,Valid
Sao Paulo,PM2.5 - Principal,2025-02-24 04:00 AM,2025,02,24,04,8.3,46,Good,8.1,UG/M3,1 Hr,Valid
Sao Paulo,PM2.5 - Principal,2025-02-24 05:00 AM,2025,02,24,05,8.3,46,Good,8.3,UG/M3,1 Hr,Valid
Sao Paulo,PM2.5 - Principal,2025-02-24 06:00 AM,2025,02,24,06,8.4,47,Good,8.5,UG/M3,1 Hr,Valid
Sao Paulo,PM2.5 - Principal,2025-02-24 07:00 AM,2025,02,24,07,7.9,44,Good,7.3,UG/M3,1 Hr,Valid
Sao Paulo,PM2.5 - Principal,2025-02-24 08:00 AM,2025,02,24,08,8.6,48,Good,9.5,UG/M3,1 Hr,Valid
Sao Paulo,PM2.5 - Principal,2025-02-24 09:00 AM,2025,02,24,09,9.7,52,Moderate,11.6,UG/M3,1 Hr,Valid
Sao Paulo,PM2.5 - Principal,2025-02-24 10:00 AM,2025,02,24,10,9.7,52,Moderate,9.7,UG/M3,1 Hr,Valid
Sao Paulo,PM2.5 - Principal,2025-02-24 11:00 AM,2025,02,24,11,10.1,53,Moderate,10.8,UG/M3,1 Hr,Valid
Sao Paulo,PM2.5 - Principal,2025-02-24 12:00 PM,2025,02,24,12,10.3,53,Moderate,10.6,UG/M3,1 Hr,Valid
Sao Paulo,PM2.5 - Principal,2025-02-24 01:00 PM,2025,02,24,13,9.5,52,Moderate,8.2,UG/M3,1 Hr,Valid
Sao Paulo,PM2.5 - Principal,2025-02-24 02:00 PM,2025,02,24,14,9.6,52,Moderate,9.6,UG/M3,1 Hr,Valid
Sao Paulo,PM2.5 - Principal,2025-02-24 03:00 PM,2025,02,24,15,8.8,49,Good,7.6,UG/M3,1 Hr,Valid
Sao Paulo,PM2.5 - Principal,2025-02-24 04:00 PM,2025,02,24,16,10.4,53,Moderate,12.7,UG/M3,1 Hr,Valid
Sao Paulo,PM2.5 - Principal,2025-02-24 05:00 PM,2025,02,24,17,10.5,54,Moderate,10.6,UG/M3,1 Hr,Valid
Sao Paulo,PM2.5 - Principal,2025-02-24 06:00 PM,2025,02,24,18,9.7,52,Moderate,8.6,UG/M3,1 Hr,Valid
Sao Paulo,PM2.5 - Principal,2025-02-24 07:00 PM,2025,02,24,19,9.6,52,Moderate,9.3,UG/M3,1 Hr,Valid
Sao Paulo,PM2.5 - Principal,2025-02-24 08:00 PM,2025,02,24,20,9.6,52,Moderate,9.8,UG/M3,1 Hr,Valid
Sao Paulo,PM2.5 - Principal,2025-02-24 09:00 PM,2025,02,24,21,10.6,54,Moderate,12.0,UG/M3,1 Hr,Valid
Sao Paulo,PM2.5 - Principal,2025-02-24 10:00 PM,2025,02,24,22,10.4,53,Moderate,10.2,UG/M3,1 Hr,Valid
Sao Paulo,PM2.5 - Principal,2025-02-24 11:00 PM,2025,02,24,23,10.4,53,Moderate,10.4,UG/M3,1 Hr,Valid
Sao Paulo,PM2.5 - Principal,2025-02-25 12:00 AM,2025,02,25,00,10.6,54,Moderate,10.8,UG/M3,1 Hr,Valid
Sao Paulo,PM2.5 - Principal,2025-02-25 01:00 AM,2025,02,25,01,11.1,55,Moderate,11.8,UG/M3,1 Hr,Valid
Sao Paulo,PM2.5 - Principal,2025-02-25 02:00 AM,2025,02,25,02,11.4,55,Moderate,12.0,UG/M3,1 Hr,Valid
Sao Paulo,PM2.5 - Principal,2025-02-25 03:00 AM,2025,02,25,03,11.1,55,Moderate,10.7,UG/M3,1 Hr,Valid
Sao Paulo,PM2.5 - Principal,2025-02-25 04:00 AM,2025,02,25,04,10.9,54,Moderate,10.6,UG/M3,1 Hr,Valid
Sao Paulo,PM2.5 - Principal,2025-02-25 05:00 AM,2025,02,25,05,11.2,55,Moderate,11.9,UG/M3,1 Hr,Valid
Sao Paulo,PM2.5 - Principal,2025-02-25 06:00 AM,2025,02,25,06,11.0,55,Moderate,10.4,UG/M3,1 Hr,Valid
Sao Paulo,PM2.5 - Principal,2025-02-25 07:00 AM,2025,02,25,07,11.6,56,Moderate,13.3,UG/M3,1 Hr,Valid
Sao Paulo,PM2.5 - Principal,2025-02-25 08:00 AM,2025,02,25,08,11.9,56,Moderate,13.0,UG/M3,1 Hr,Valid
Sao Paulo,PM2.5 - Principal,2025-02-25 09:00 AM,2025,02,25,09,11.5,55,Moderate,10.2,UG/M3,1 Hr,Valid
Sao Paulo,PM2.5 - Principal,2025-02-25 10:00 AM,2025,02,25,10,10.0,53,Moderate,7.8,UG/M3,1 Hr,Valid
Sao Paulo,PM2.5 - Principal,2025-02-25 11:00 AM,2025,02,25,11,8.7,48,Good,7.3,UG/M3,1 Hr,Valid
Sao Paulo,PM2.5 - Principal,2025-02-25 12:00 PM,2025,02,25,12,8.4,47,Good,8.0,UG/M3,1 Hr,Valid
Sao Paulo,PM2.5 - Principal,2025-02-25 01:00 PM,2025,02,25,13,8.2,46,Good,8.0,UG/M3,1 Hr,Valid
Sao Paulo,PM2.5 - Principal,2025-02-25 02:00 PM,2025,02,25,14,8.1,45,Good,8.1,UG/M3,1 Hr,Valid
Sao Paulo,PM2.5 - Principal,2025-02-25 03:00 PM,2025,02,25,15,10.2,53,Moderate,12.7,UG/M3,1 Hr,Valid
Sao Paulo,PM2.5 - Principal,2025-02-25 04:00 PM,2025,02,25,16,11.7,56,Moderate,13.5,UG/M3,1 Hr,Valid
Sao Paulo,PM2.5 - Principal,2025-02-25 05:00 PM,2025,02,25,17,11.0,55,Moderate,10.2,UG/M3,1 Hr,Valid
Sao Paulo,PM2.5 - Principal,2025-02-25 06:00 PM,2025,02,25,18,10.2,53,Moderate,9.2,UG/M3,1 Hr,Valid
Sao Paulo,PM2.5 - Principal,2025-02-25 07:00 PM,2025,02,25,19,10.0,53,Moderate,9.7,UG/M3,1 Hr,Valid
Sao Paulo,PM2.5 - Principal,2025-02-25 08:00 PM,2025,02,25,20,10.2,53,Moderate,10.4,UG/M3,1 Hr,Valid
Sao Paulo,PM2.5 - Principal,2025-02-25 09:00 PM,2025,02,25,21,10.5,54,Moderate,10.8,UG/M3,1 Hr,Valid
Sao Paulo,PM2.5 - Principal,2025-02-25 10:00 PM,2025,02,25,22,11.0,55,Moderate,11.7,UG/M3,1 Hr,Valid
Sao Paulo,PM2.5 - Principal,2025-02-25 11:00 PM,2025,02,25,23,12.3,57,Moderate,14.0,UG/M3,1 Hr,Valid
Sao Paulo,PM2.5 - Principal,2025-02-26 12:00 AM,2025,02,26,00,13.9,60,Moderate,15.4,UG/M3,1 Hr,Valid
Sao Paulo,PM2.5 - Principal,2025-02-26 01:00 AM,2025,02,26,01,13.1,58,Moderate,12.2,UG/M3,1 Hr,Valid
Sao Paulo,PM2.5 - Principal,2025-02-26 02:00 AM,2025,02,26,02,12.6,58,Moderate,12.0,UG/M3,1 Hr,Valid
Sao Paulo,PM2.5 - Principal,2025-02-26 03:00 AM,2025,02,26,03,12.6,58,Moderate,12.7,UG/M3,1 Hr,Valid
Sao Paulo,PM2.5 - Principal,2025-02-26 04:00 AM,2025,02,26,04,11.1,55,Moderate,9.0,UG/M3,1 Hr,Valid
Sao Paulo,PM2.5 - Principal,2025-02-26 05:00 AM,2025,02,26,05,10.3,53,Moderate,9.1,UG/M3,1 Hr,Valid
Sao Paulo,PM2.5 - Principal,2025-02-26 06:00 AM,2025,02,26,06,9.6,52,Moderate,8.8,UG/M3,1 Hr,Valid
Sao Paulo,PM2.5 - Principal,2025-02-26 07:00 AM,2025,02,26,07,8.7,48,Good,8.0,UG/M3,1 Hr,Valid
Sao Paulo,PM2.5 - Principal,2025-02-26 08:00 AM,2025,02,26,08,8.7,48,Good,8.7,UG/M3,1 Hr,Valid
Sao Paulo,PM2.5 - Principal,2025-02-26 09:00 AM,2025,02,26,09,9.0,50,Good,9.4,UG/M3,1 Hr,Valid
Sao Paulo,PM2.5 - Principal,2025-02-26 10:00 AM,2025,02,26,10,8.7,48,Good,8.3,UG/M3,1 Hr,Valid
Sao Paulo,PM2.5 - Principal,2025-02-26 11:00 AM,2025,02,26,11,8.1,45,Good,7.5,UG/M3,1 Hr,Valid
Sao Paulo,PM2.5 - Principal,2025-02-26 12:00 PM,2025,02,26,12,7.4,41,Good,6.6,UG/M3,1 Hr,Valid
Sao Paulo,PM2.5 - Principal,2025-02-26 01:00 PM,2025,02,26,13,7.1,39,Good,6.9,UG/M3,1 Hr,Valid
Sao Paulo,PM2.5 - Principal,2025-02-26 02:00 PM,2025,02,26,14,6.9,38,Good,6.8,UG/M3,1 Hr,Valid
Sao Paulo,PM2.5 - Principal,2025-02-26 03:00 PM,2025,02,26,15,7.4,41,Good,7.9,UG/M3,1 Hr,Valid
Sao Paulo,PM2.5 - Principal,2025-02-26 04:00 PM,2025,02,26,16,9.6,52,Moderate,12.1,UG/M3,1 Hr,Valid
Sao Paulo,PM2.5 - Principal,2025-02-26 05:00 PM,2025,02,26,17,10.0,53,Moderate,10.5,UG/M3,1 Hr,Valid
Sao Paulo,PM2.5 - Principal,2025-02-26 06:00 PM,2025,02,26,18,9.6,52,Moderate,9.1,UG/M3,1 Hr,Valid
Sao Paulo,PM2.5 - Principal,2025-02-26 07:00 PM,2025,02,26,19,9.6,52,Moderate,9.7,UG/M3,1 Hr,Valid
Sao Paulo,PM2.5 - Principal,2025-02-26 08:00 PM,2025,02,26,20,9.6,52,Moderate,9.6,UG/M3,1 Hr,Valid
Sao Paulo,PM2.5 - Principal,2025-02-26 09:00 PM,2025,02,26,21,10.6,54,Moderate,11.7,UG/M3,1 Hr,Valid
Sao Paulo,PM2.5 - Principal,2025-02-26 10:00 PM,2025,02,26,22,10.5,54,Moderate,10.3,UG/M3,1 Hr,Valid
Sao Paulo,PM2.5 - Principal,2025-02-26 11:00 PM,2025,02,26,23,10.7,54,Moderate,10.9,UG/M3,1 Hr,Valid
Sao Paulo,PM2.5 - Principal,2025-02-27 12:00 AM,2025,02,27,00,10.9,54,Moderate,11.1,UG/M3,1 Hr,Valid
Sao Paulo,PM2.5 - Principal,2025-02-27 01:00 AM,2025,02,27,01,11.5,55,Moderate,12.2,UG/M3,1 Hr,Valid
Sao Paulo,PM2.5 - Principal,2025-02-27 02:00 AM,2025,02,27,02,11.6,56,Moderate,12.2,UG/M3,1 Hr,Valid
Sao Paulo,PM2.5 - Principal,2025-02-27 03:00 AM,2025,02,27,03,11.9,56,Moderate,12.9,UG/M3,1 Hr,Valid
Sao Paulo,PM2.5 - Principal,2025-02-27 04:00 AM,2025,02,27,04,15.8,63,Moderate,19.3,UG/M3,1 Hr,Valid
Sao Paulo,PM2.5 - Principal,2025-02-27 05:00 AM,2025,02,27,05,16.3,64,Moderate,16.8,UG/M3,1 Hr,Valid
Sao Paulo,PM2.5 - Principal,2025-02-27 06:00 AM,2025,02,27,06,15.9,64,Moderate,15.6,UG/M3,1 Hr,Valid
Sao Paulo,PM2.5 - Principal,2025-02-27 07:00 AM,2025,02,27,07,16.8,65,Moderate,17.7,UG/M3,1 Hr,Valid
Sao Paulo,PM2.5 - Principal,2025-02-27 08:00 AM,2025,02,27,08,17.2,66,Moderate,17.7,UG/M3,1 Hr,Valid
Sao Paulo,PM2.5 - Principal,2025-02-27 09:00 AM,2025,02,27,09,14.6,61,Moderate,11.6,UG/M3,1 Hr,Valid
Sao Paulo,PM2.5 - Principal,2025-02-27 10:00 AM,2025,02,27,10,12.5,57,Moderate,10.2,UG/M3,1 Hr,Valid
Sao Paulo,PM2.5 - Principal,2025-02-27 11:00 AM,2025,02,27,11,10.2,53,Moderate,8.0,UG/M3,1 Hr,Valid
Sao Paulo,PM2.5 - Principal,2025-02-27 12:00 PM,2025,02,27,12,9.4,52,Moderate,8.6,UG/M3,1 Hr,Valid
Sao Paulo,PM2.5 - Principal,2025-02-27 01:00 PM,2025,02,27,13,8.9,49,Good,8.4,UG/M3,1 Hr,Valid
Sao Paulo,PM2.5 - Principal,2025-02-27 02:00 PM,2025,02,27,14,7.9,44,Good,6.8,UG/M3,1 Hr,Valid
Sao Paulo,PM2.5 - Principal,2025-02-27 03:00 PM,2025,02,27,15,11.1,55,Moderate,14.4,UG/M3,1 Hr,Valid
Sao Paulo,PM2.5 - Principal,2025-02-27 04:00 PM,2025,02,27,16,11.3,55,Moderate,11.5,UG/M3,1 Hr,Valid
Sao Paulo,PM2.5 - Principal,2025-02-27 05:00 PM,2025,02,27,17,13.2,59,Moderate,15.1,UG/M3,1 Hr,Valid
Sao Paulo,PM2.5 - Principal,2025-02-27 06:00 PM,2025,02,27,18,12.4,57,Moderate,11.6,UG/M3,1 Hr,Valid
Sao Paulo,PM2.5 - Principal,2025-02-27 07:00 PM,2025,02,27,19,15.4,63,Moderate,18.5,UG/M3,1 Hr,Valid
Sao Paulo,PM2.5 - Principal,2025-02-27 08:00 PM,2025,02,27,20,18.4,68,Moderate,21.4,UG/M3,1 Hr,Valid
Sao Paulo,PM2.5 - Principal,2025-02-27 09:00 PM,2025,02,27,21,17.5,67,Moderate,16.7,UG/M3,1 Hr,Valid
Sao Paulo,PM2.5 - Principal,2025-02-27 10:00 PM,2025,02,27,22,15.4,63,Moderate,13.2,UG/M3,1 Hr,Valid
Sao Paulo,PM2.5 - Principal,2025-02-27 11:00 PM,2025,02,27,23,12.2,57,Moderate,9.1,UG/M3,1 Hr,Valid
Sao Paulo,PM2.5 - Principal,2025-02-28 12:00 AM,2025,02,28,00,10.6,54,Moderate,9.0,UG/M3,1 Hr,Valid
Sao Paulo,PM2.5 - Principal,2025-02-28 01:00 AM,2025,02,28,01,10.0,53,Moderate,9.3,UG/M3,1 Hr,Valid
Sao Paulo,PM2.5 - Principal,2025-02-28 02:00 AM,2025,02,28,02,9.3,51,Moderate,8.6,UG/M3,1 Hr,Valid
Sao Paulo,PM2.5 - Principal,2025-02-28 03:00 AM,2025,02,28,03,9.5,52,Moderate,9.7,UG/M3,1 Hr,Valid
Sao Paulo,PM2.5 - Principal,2025-02-28 04:00 AM,2025,02,28,04,9.9,52,Moderate,10.4,UG/M3,1 Hr,Valid
Sao Paulo,PM2.5 - Principal,2025-02-28 05:00 AM,2025,02,28,05,10.8,54,Moderate,11.6,UG/M3,1 Hr,Valid
Sao Paulo,PM2.5 - Principal,2025-02-28 06:00 AM,2025,02,28,06,12.8,58,Moderate,14.9,UG/M3,1 Hr,Valid
Sao Paulo,PM2.5 - Principal,2025-02-28 07:00 AM,2025,02,28,07,13.7,60,Moderate,14.6,UG/M3,1 Hr,Valid
Sao Paulo,PM2.5 - Principal,2025-02-28 08:00 AM,2025,02,28,08,13.5,59,Moderate,13.2,UG/M3,1 Hr,Valid
Sao Paulo,PM2.5 - Principal,2025-02-28 09:00 AM,2025,02,28,09,15.6,63,Moderate,17.6,UG/M3,1 Hr,Valid
Sao Paulo,PM2.5 - Principal,2025-02-28 10:00 AM,2025,02,28,10,14.4,61,Moderate,13.3,UG/M3,1 Hr,Valid
Sao Paulo,PM2.5 - Principal,2025-02-28 11:00 AM,2025,02,28,11,14.7,61,Moderate,15.0,UG/M3,1 Hr,Valid
Sao Paulo,PM2.5 - Principal,2025-02-28 12:00 PM,2025,02,28,12,14.2,61,Moderate,13.7,UG/M3,1 Hr,Valid
Sao Paulo,PM2.5 - Principal,2025-02-28 01:00 PM,2025,02,28,13,13.7,60,Moderate,13.2,UG/M3,1 Hr,Valid
Sao Paulo,PM2.5 - Principal,2025-02-28 02:00 PM,2025,02,28,14,14.6,61,Moderate,15.6,UG/M3,1 Hr,Valid
Sao Paulo,PM2.5 - Principal,2025-02-28 03:00 PM,2025,02,28,15,17.9,67,Moderate,21.1,UG/M3,1 Hr,Valid
Sao Paulo,PM2.5 - Principal,2025-02-28 04:00 PM,2025,02,28,16,16.7,65,Moderate,15.6,UG/M3,1 Hr,Valid
Sao Paulo,PM2.5 - Principal,2025-02-28 05:00 PM,2025,02,28,17,15.7,63,Moderate,14.4,UG/M3,1 Hr,Valid
Sao Paulo,PM2.5 - Principal,2025-02-28 06:00 PM,2025,02,28,18,14.8,62,Moderate,13.3,UG/M3,1 Hr,Valid
Sao Paulo,PM2.5 - Principal,2025-02-28 07:00 PM,2025,02,28,19,15.7,63,Moderate,17.2,UG/M3,1 Hr,Valid
Sao Paulo,PM2.5 - Principal,2025-02-28 08:00 PM,2025,02,28,20,17.2,66,Moderate,19.6,UG/M3,1 Hr,Valid
Sao Paulo,PM2.5 - Principal,2025-02-28 09:00 PM,2025,02,28,21,16.7,65,Moderate,16.0,UG/M3,1 Hr,Valid
Sao Paulo,PM2.5 - Principal,2025-02-28 10:00 PM,2025,02,28,22,16.3,64,Moderate,15.6,UG/M3,1 Hr,Valid
Sao Paulo,PM2.5 - Principal,2025-02-28 11:00 PM,2025,02,28,23,15.8,63,Moderate,14.9,UG/M3,1 Hr,Valid
Sao Paulo,PM2.5 - Principal,2025-03-01 12:00 AM,2025,03,01,00,13.1,58,Moderate,10.6,UG/M3,1 Hr,Valid
Sao Paulo,PM2.5 - Principal,2025-03-01 01:00 AM,2025,03,01,01,12.3,57,Moderate,11.5,UG/M3,1 Hr,Valid
Sao Paulo,PM2.5 - Principal,2025-03-01 02:00 AM,2025,03,01,02,14.8,62,Moderate,17.4,UG/M3,1 Hr,Valid
Sao Paulo,PM2.5 - Principal,2025-03-01 03:00 AM,2025,03,01,03,15.8,63,Moderate,17.1,UG/M3,1 Hr,Valid
Sao Paulo,PM2.5 - Principal,2025-03-01 04:00 AM,2025,03,01,04,15.2,62,Moderate,14.6,UG/M3,1 Hr,Valid
Sao Paulo,PM2.5 - Principal,2025-03-01 05:00 AM,2025,03,01,05,15.4,63,Moderate,15.5,UG/M3,1 Hr,Valid
Sao Paulo,PM2.5 - Principal,2025-03-01 06:00 AM,2025,03,01,06,15.0,62,Moderate,14.5,UG/M3,1 Hr,Valid
Sao Paulo,PM2.5 - Principal,2025-03-01 07:00 AM,2025,03,01,07,13.0,58,Moderate,10.7,UG/M3,1 Hr,Valid
Sao Paulo,PM2.5 - Principal,2025-03-01 08:00 AM,2025,03,01,08,10.6,54,Moderate,8.4,UG/M3,1 Hr,Valid
Sao Paulo,PM2.5 - Principal,2025-03-01 09:00 AM,2025,03,01,09,9.7,52,Moderate,8.8,UG/M3,1 Hr,Valid
Sao Paulo,PM2.5 - Principal,2025-03-01 10:00 AM,2025,03,01,10,9.3,51,Moderate,8.8,UG/M3,1 Hr,Valid
Sao Paulo,PM2.5 - Principal,2025-03-01 11:00 AM,2025,03,01,11,8.2,46,Good,7.2,UG/M3,1 Hr,Valid
Sao Paulo,PM2.5 - Principal,2025-03-01 12:00 PM,2025,03,01,12,7.2,40,Good,6.3,UG/M3,1 Hr,Valid
Sao Paulo,PM2.5 - Principal,2025-03-01 01:00 PM,2025,03,01,13,7.4,41,Good,7.5,UG/M3,1 Hr,Valid
Sao Paulo,PM2.5 - Principal,2025-03-01 02:00 PM,2025,03,01,14,6.6,37,Good,5.9,UG/M3,1 Hr,Valid
Sao Paulo,PM2.5 - Principal,2025-03-01 03:00 PM,2025,03,01,15,10.5,54,Moderate,14.4,UG/M3,1 Hr,Valid
Sao Paulo,PM2.5 - Principal,2025-03-01 04:00 PM,2025,03,01,16,11.9,56,Moderate,13.3,UG/M3,1 Hr,Valid
Sao Paulo,PM2.5 - Principal,2025-03-01 05:00 PM,2025,03,01,17,11.4,55,Moderate,11.0,UG/M3,1 Hr,Valid
Sao Paulo,PM2.5 - Principal,2025-03-01 06:00 PM,2025,03,01,18,10.7,54,Moderate,9.9,UG/M3,1 Hr,Valid
Sao Paulo,PM2.5 - Principal,2025-03-01 07:00 PM,2025,03,01,19,11.0,55,Moderate,11.3,UG/M3,1 Hr,Valid
Sao Paulo,PM2.5 - Principal,2025-03-01 08:00 PM,2025,03,01,20,11.7,56,Moderate,12.5,UG/M3,1 Hr,Valid
Sao Paulo,PM2.5 - Principal,2025-03-01 09:00 PM,2025,03,01,21,12.8,58,Moderate,13.8,UG/M3,1 Hr,Valid
Sao Paulo,PM2.5 - Principal,2025-03-01 10:00 PM,2025,03,01,22,13.7,60,Moderate,14.6,UG/M3,1 Hr,Valid
Sao Paulo,PM2.5 - Principal,2025-03-01 11:00 PM,2025,03,01,23,14.7,61,Moderate,15.7,UG/M3,1 Hr,Valid
Sao Paulo,PM2.5 - Principal,2025-03-02 12:00 AM,2025,03,02,00,16.1,64,Moderate,17.5,UG/M3,1 Hr,Valid
Sao Paulo,PM2.5 - Principal,2025-03-02 01:00 AM,2025,03,02,01,16.4,65,Moderate,16.7,UG/M3,1 Hr,Valid
Sao Paulo,PM2.5 - Principal,2025-03-02 02:00 AM,2025,03,02,02,16.6,65,Moderate,17.1,UG/M3,1 Hr,Valid
Sao Paulo,PM2.5 - Principal,2025-03-02 03:00 AM,2025,03,02,03,15.5,63,Moderate,14.2,UG/M3,1 Hr,Valid
Sao Paulo,PM2.5 - Principal,2025-03-02 04:00 AM,2025,03,02,04,17.2,66,Moderate,19.1,UG/M3,1 Hr,Valid
Sao Paulo,PM2.5 - Principal,2025-03-02 05:00 AM,2025,03,02,05,14.6,61,Moderate,11.8,UG/M3,1 Hr,Valid
Sao Paulo,PM2.5 - Principal,2025-03-02 06:00 AM,2025,03,02,06,11.1,55,Moderate,7.6,UG/M3,1 Hr,Valid
Sao Paulo,PM2.5 - Principal,2025-03-02 07:00 AM,2025,03,02,07,8.3,46,Good,5.5,UG/M3,1 Hr,Valid
Sao Paulo,PM2.5 - Principal,2025-03-02 08:00 AM,2025,03,02,08,6.7,37,Good,5.2,UG/M3,1 Hr,Valid
Sao Paulo,PM2.5 - Principal,2025-03-02 09:00 AM,2025,03,02,09,5.7,32,Good,4.6,UG/M3,1 Hr,Valid
Sao Paulo,PM2.5 - Principal,2025-03-02 10:00 AM,2025,03,02,10,5.2,29,Good,4.8,UG/M3,1 Hr,Valid
Sao Paulo,PM2.5 - Principal,2025-03-02 11:00 AM,2025,03,02,11,5.2,29,Good,5.1,UG/M3,1 Hr,Valid
Sao Paulo,PM2.5 - Principal,2025-03-02 12:00 PM,2025,03,02,12,4.9,27,Good,4.7,UG/M3,1 Hr,Valid
Sao Paulo,PM2.5 - Principal,2025-03-02 01:00 PM,2025,03,02,13,4.5,25,Good,4.0,UG/M3,1 Hr,Valid
Sao Paulo,PM2.5 - Principal,2025-03-02 02:00 PM,2025,03,02,14,4.4,24,Good,4.4,UG/M3,1 Hr,Valid
Sao Paulo,PM2.5 - Principal,2025-03-02 03:00 PM,2025,03,02,15,9.8,52,Moderate,15.3,UG/M3,1 Hr,Valid
Sao Paulo,PM2.5 - Principal,2025-03-02 04:00 PM,2025,03,02,16,12.4,57,Moderate,14.9,UG/M3,1 Hr,Valid
Sao Paulo,PM2.5 - Principal,2025-03-02 05:00 PM,2025,03,02,17,12.8,58,Moderate,13.1,UG/M3,1 Hr,Valid
Sao Paulo,PM2.5 - Principal,2025-03-02 06:00 PM,2025,03,02,18,11.7,56,Moderate,10.7,UG/M3,1 Hr,Valid
Sao Paulo,PM2.5 - Principal,2025-03-02 07:00 PM,2025,03,02,19,13.5,59,Moderate,15.3,UG/M3,1 Hr,Valid
Sao Paulo,PM2.5 - Principal,2025-03-02 08:00 PM,2025,03,02,20,16.1,64,Moderate,18.7,UG/M3,1 Hr,Valid
Sao Paulo,PM2.5 - Principal,2025-03-02 09:00 PM,2025,03,02,21,18.7,69,Moderate,21.3,UG/M3,1 Hr,Valid
Sao Paulo,PM2.5 - Principal,2025-03-02 10:00 PM,2025,03,02,22,19.4,70,Moderate,20.0,UG/M3,1 Hr,Valid
Sao Paulo,PM2.5 - Principal,2025-03-02 11:00 PM,2025,03,02,23,17.6,67,Moderate,15.8,UG/M3,1 Hr,Valid
Sao Paulo,PM2.5 - Principal,2025-03-03 12:00 AM,2025,03,03,00,16.7,65,Moderate,15.9,UG/M3,1 Hr,Valid
Sao Paulo,PM2.5 - Principal,2025-03-03 01:00 AM,2025,03,03,01,14.7,61,Moderate,12.6,UG/M3,1 Hr,Valid
Sao Paulo,PM2.5 - Principal,2025-03-03 02:00 AM,2025,03,03,02,14.0,60,Moderate,13.4,UG/M3,1 Hr,Valid
Sao Paulo,PM2.5 - Principal,2025-03-03 03:00 AM,2025,03,03,03,10.2,53,Moderate,6.4,UG/M3,1 Hr,Valid
Sao Paulo,PM2.5 - Principal,2025-03-03 04:00 AM,2025,03,03,04,8.5,47,Good,6.7,UG/M3,1 Hr,Valid
Sao Paulo,PM2.5 - Principal,2025-03-03 05:00 AM,2025,03,03,05,7.7,43,Good,6.9,UG/M3,1 Hr,Valid
Sao Paulo,PM2.5 - Principal,2025-03-03 06:00 AM,2025,03,03,06,7.9,44,Good,8.1,UG/M3,1 Hr,Valid
Sao Paulo,PM2.5 - Principal,2025-03-03 07:00 AM,2025,03,03,07,8.5,47,Good,9.1,UG/M3,1 Hr,Valid
Sao Paulo,PM2.5 - Principal,2025-03-03 08:00 AM,2025,03,03,08,9.3,51,Moderate,10.1,UG/M3,1 Hr,Valid
Sao Paulo,PM2.5 - Principal,2025-03-03 09:00 AM,2025,03,03,09,9.3,51,Moderate,9.4,UG/M3,1 Hr,Valid
Sao Paulo,PM2.5 - Principal,2025-03-03 10:00 AM,2025,03,03,10,10.2,53,Moderate,11.0,UG/M3,1 Hr,Valid
Sao Paulo,PM2.5 - Principal,2025-03-03 11:00 AM,2025,03,03,11,9.3,51,Moderate,8.4,UG/M3,1 Hr,Valid
Sao Paulo,PM2.5 - Principal,2025-03-03 12:00 PM,2025,03,03,12,8.1,45,Good,7.0,UG/M3,1 Hr,Valid
Sao Paulo,PM2.5 - Principal,2025-03-03 01:00 PM,2025,03,03,13,8.3,46,Good,8.5,UG/M3,1 Hr,Valid
Sao Paulo,PM2.5 - Principal,2025-03-03 02:00 PM,2025,03,03,14,30.3,90,Moderate,52.3,UG/M3,1 Hr,Valid
Sao Paulo,PM2.5 - Principal,2025-03-03 03:00 PM,2025,03,03,15,22.7,76,Moderate,15.1,UG/M3,1 Hr,Valid
Sao Paulo,PM2.5 - Principal,2025-03-03 04:00 PM,2025,03,03,16,16.3,64,Moderate,10.0,UG/M3,1 Hr,Valid
Sao Paulo,PM2.5 - Principal,2025-03-03 05:00 PM,2025,03,03,17,13.8,60,Moderate,11.3,UG/M3,1 Hr,Valid
Sao Paulo,PM2.5 - Principal,2025-03-03 06:00 PM,2025,03,03,18,11.7,56,Moderate,9.6,UG/M3,1 Hr,Valid
Sao Paulo,PM2.5 - Principal,2025-03-03 07:00 PM,2025,03,03,19,10.9,54,Moderate,10.1,UG/M3,1 Hr,Valid
Sao Paulo,PM2.5 - Principal,2025-03-03 08:00 PM,2025,03,03,20,11.6,56,Moderate,12.3,UG/M3,1 Hr,Valid
Sao Paulo,PM2.5 - Principal,2025-03-03 09:00 PM,2025,03,03,21,12.7,58,Moderate,13.8,UG/M3,1 Hr,Valid
Sao Paulo,PM2.5 - Principal,2025-03-03 10:00 PM,2025,03,03,22,12.3,57,Moderate,11.9,UG/M3,1 Hr,Valid
Sao Paulo,PM2.5 - Principal,2025-03-03 11:00 PM,2025,03,03,23,11.9,56,Moderate,11.5,UG/M3,1 Hr,Valid
Sao Paulo,PM2.5 - Principal,2025-03-04 12:00 AM,2025,03,04,00,10.7,54,Moderate,9.5,UG/M3,1 Hr,Valid
Sao Paulo,PM2.5 - Principal,2025-03-04 01:00 AM,2025,03,04,01,10.5,54,Moderate,10.3,UG/M3,1 Hr,Valid
Sao Paulo,PM2.5 - Principal,2025-03-04 02:00 AM,2025,03,04,02,11.4,55,Moderate,12.6,UG/M3,1 Hr,Valid
Sao Paulo,PM2.5 - Principal,2025-03-04 03:00 AM,2025,03,04,03,11.6,56,Moderate,12.0,UG/M3,1 Hr,Valid
Sao Paulo,PM2.5 - Principal,2025-03-04 04:00 AM,2025,03,04,04,10.7,54,Moderate,9.0,UG/M3,1 Hr,Valid
Sao Paulo,PM2.5 - Principal,2025-03-04 05:00 AM,2025,03,04,05,9.9,52,Moderate,8.7,UG/M3,1 Hr,Valid
Sao Paulo,PM2.5 - Principal,2025-03-04 06:00 AM,2025,03,04,06,9.8,52,Moderate,9.5,UG/M3,1 Hr,Valid
Sao Paulo,PM2.5 - Principal,2025-03-04 07:00 AM,2025,03,04,07,9.6,52,Moderate,9.3,UG/M3,1 Hr,Valid
Sao Paulo,PM2.5 - Principal,2025-03-04 08:00 AM,2025,03,04,08,7.6,42,Good,5.8,UG/M3,1 Hr,Valid
Sao Paulo,PM2.5 - Principal,2025-03-04 09:00 AM,2025,03,04,09,6.8,38,Good,6.1,UG/M3,1 Hr,Valid
Sao Paulo,PM2.5 - Principal,2025-03-04 10:00 AM,2025,03,04,10,6.8,38,Good,-999.0,UG/M3,1 Hr,Missing
