Site,Parameter,Date (LT),Year,Month,Day,Hour,NowCast Conc.,AQI,AQI Category,Raw Conc.,Conc. Unit,Duration,QC Name
Tashkent,PM2.5 - Principal,2023-01-01 01:00 AM,2023,01,01,01,49.3,135,Unhealthy for Sensitive Groups,74.0,UG/M3,1 Hr,Valid
Tashkent,PM2.5 - Principal,2023-01-01 02:00 AM,2023,01,01,02,44.1,122,Unhealthy for Sensitive Groups,39.0,UG/M3,1 Hr,Valid
Tashkent,PM2.5 - Principal,2023-01-01 03:00 AM,2023,01,01,03,47.0,129,Unhealthy for Sensitive Groups,50.0,UG/M3,1 Hr,Valid
Tashkent,PM2.5 - Principal,2023-01-01 04:00 AM,2023,01,01,04,47.0,129,Unhealthy for Sensitive Groups,47.0,UG/M3,1 Hr,Valid
Tashkent,PM2.5 - Principal,2023-01-01 05:00 AM,2023,01,01,05,46.5,128,Unhealthy for Sensitive Groups,46.0,UG/M3,1 Hr,Valid
Tashkent,PM2.5 - Principal,2023-01-01 06:00 AM,2023,01,01,06,45.2,125,Unhealthy for Sensitive Groups,44.0,UG/M3,1 Hr,Valid
Tashkent,PM2.5 - Principal,2023-01-01 07:00 AM,2023,01,01,07,45.1,125,Unhealthy for Sensitive Groups,45.0,UG/M3,1 Hr,Valid
Tashkent,PM2.5 - Principal,2023-01-01 08:00 AM,2023,01,01,08,55.0,149,Unhealthy for Sensitive Groups,65.0,UG/M3,1 Hr,Valid
Tashkent,PM2.5 - Principal,2023-01-01 09:00 AM,2023,01,01,09,67.0,157,Unhealthy,79.0,UG/M3,1 Hr,Valid
Tashkent,PM2.5 - Principal,2023-01-01 10:00 AM,2023,01,01,10,60.0,153,Unhealthy,53.0,UG/M3,1 Hr,Valid
Tashkent,PM2.5 - Principal,2023-01-01 11:00 AM,2023,01,01,11,53.0,144,Unhealthy for Sensitive Groups,46.0,UG/M3,1 Hr,Valid
Tashkent,PM2.5 - Principal,2023-01-01 12:00 PM,2023,01,01,12,50.5,138,Unhealthy for Sensitive Groups,48.0,UG/M3,1 Hr,Valid
Tashkent,PM2.5 - Principal,2023-01-01 01:00 PM,2023,01,01,13,48.7,134,Unhealthy for Sensitive Groups,47.0,UG/M3,1 Hr,Valid
Tashkent,PM2.5 - Principal,2023-01-01 02:00 PM,2023,01,01,14,50.9,139,Unhealthy for Sensitive Groups,53.0,UG/M3,1 Hr,Valid
Tashkent,PM2.5 - Principal,2023-01-01 03:00 PM,2023,01,01,15,35.4,100,Moderate,20.0,UG/M3,1 Hr,Valid
Tashkent,PM2.5 - Principal,2023-01-01 04:00 PM,2023,01,01,16,32.7,94,Moderate,30.0,UG/M3,1 Hr,Valid
Tashkent,PM2.5 - Principal,2023-01-01 05:00 PM,2023,01,01,17,29.3,87,Moderate,26.0,UG/M3,1 Hr,Valid
Tashkent,PM2.5 - Principal,2023-01-01 06:00 PM,2023,01,01,18,35.1,99,Moderate,41.0,UG/M3,1 Hr,Valid
Tashkent,PM2.5 - Principal,2023-01-01 07:00 PM,2023,01,01,19,44.5,123,Unhealthy for Sensitive Groups,54.0,UG/M3,1 Hr,Valid
Tashkent,PM2.5 - Principal,2023-01-01 08:00 PM,2023,01,01,20,46.2,127,Unhealthy for Sensitive Groups,48.0,UG/M3,1 Hr,Valid
Tashkent,PM2.5 - Principal,2023-01-01 09:00 PM,2023,01,01,21,54.1,147,Unhealthy for Sensitive Groups,62.0,UG/M3,1 Hr,Valid
Tashkent,PM2.5 - Principal,2023-01-01 10:00 PM,2023,01,01,22,62.5,155,Unhealthy,71.0,UG/M3,1 Hr,Valid
Tashkent,PM2.5 - Principal,2023-01-01 11:00 PM,2023,01,01,23,64.2,155,Unhealthy,66.0,UG/M3,1 Hr,Valid
Tashkent,PM2.5 - Principal,2023-01-02 12:00 AM,2023,01,02,00,66.6,157,Unhealthy,69.0,UG/M3,1 Hr,Valid
Tashkent,PM2.5 - Principal,2023-01-02 01:00 AM,2023,01,02,01,58.8,153,Unhealthy,51.0,UG/M3,1 Hr,Valid
Tashkent,PM2.5 - Principal,2023-01-02 02:00 AM,2023,01,02,02,49.4,135,Unhealthy for Sensitive Groups,40.0,UG/M3,1 Hr,Valid
Tashkent,PM2.5 - Principal,2023-01-02 03:00 AM,2023,01,02,03,46.7,129,Unhealthy for Sensitive Groups,44.0,UG/M3,1 Hr,Valid
Tashkent,PM2.5 - Principal,2023-01-02 04:00 AM,2023,01,02,04,38.3,108,Unhealthy for Sensitive Groups,30.0,UG/M3,1 Hr,Valid
Tashkent,PM2.5 - Principal,2023-01-02 05:00 AM,2023,01,02,05,36.1,102,Unhealthy for Sensitive Groups,34.0,UG/M3,1 Hr,Valid
Tashkent,PM2.5 - Principal,2023-01-02 06:00 AM,2023,01,02,06,44.0,122,Unhealthy for Sensitive Groups,52.0,UG/M3,1 Hr,Valid
Tashkent,PM2.5 - Principal,2023-01-02 07:00 AM,2023,01,02,07,44.0,122,Unhealthy for Sensitive Groups,44.0,UG/M3,1 Hr,Valid
Tashkent,PM2.5 - Principal,2023-01-02 08:00 AM,2023,01,02,08,40.5,113,Unhealthy for Sensitive Groups,37.0,UG/M3,1 Hr,Valid
Tashkent,PM2.5 - Principal,2023-01-02 09:00 AM,2023,01,02,09,42.2,117,Unhealthy for Sensitive Groups,44.0,UG/M3,1 Hr,Valid
Tashkent,PM2.5 - Principal,2023-01-02 10:00 AM,2023,01,02,10,45.1,125,Unhealthy for Sensitive Groups,48.0,UG/M3,1 Hr,Valid
Tashkent,PM2.5 - Principal,2023-01-02 11:00 AM,2023,01,02,11,46.0,127,Unhealthy for Sensitive Groups,47.0,UG/M3,1 Hr,Valid
Tashkent,PM2.5 - Principal,2023-01-02 12:00 PM,2023,01,02,12,53.0,144,Unhealthy for Sensitive Groups,60.0,UG/M3,1 Hr,Valid
Tashkent,PM2.5 - Principal,2023-01-02 01:00 PM,2023,01,02,13,53.5,145,Unhealthy for Sensitive Groups,54.0,UG/M3,1 Hr,Valid
Tashkent,PM2.5 - Principal,2023-01-02 02:00 PM,2023,01,02,14,48.7,134,Unhealthy for Sensitive Groups,44.0,UG/M3,1 Hr,Valid
Tashkent,PM2.5 - Principal,2023-01-02 03:00 PM,2023,01,02,15,44.3,123,Unhealthy for Sensitive Groups,40.0,UG/M3,1 Hr,Valid
Tashkent,PM2.5 - Principal,2023-01-02 04:00 PM,2023,01,02,16,45.0,124,Unhealthy for Sensitive Groups,45.0,UG/M3,1 Hr,Valid
Tashkent,PM2.5 - Principal,2023-01-02 05:00 PM,2023,01,02,17,50.6,138,Unhealthy for Sensitive Groups,59.0,UG/M3,1 Hr,Valid
Tashkent,PM2.5 - Principal,2023-01-02 06:00 PM,2023,01,02,18,53.4,145,Unhealthy for Sensitive Groups,58.0,UG/M3,1 Hr,Valid
Tashkent,PM2.5 - Principal,2023-01-02 07:00 PM,2023,01,02,19,58.2,152,Unhealthy,64.0,UG/M3,1 Hr,Valid
Tashkent,PM2.5 - Principal,2023-01-02 08:00 PM,2023,01,02,20,61.5,154,Unhealthy,67.0,UG/M3,1 Hr,Valid
Tashkent,PM2.5 - Principal,2023-01-02 09:00 PM,2023,01,02,21,58.9,153,Unhealthy,55.0,UG/M3,1 Hr,Valid
Tashkent,PM2.5 - Principal,2023-01-02 10:00 PM,2023,01,02,22,51.2,140,Unhealthy for Sensitive Groups,40.0,UG/M3,1 Hr,Valid
Tashkent,PM2.5 - Principal,2023-01-02 11:00 PM,2023,01,02,23,46.0,127,Unhealthy for Sensitive Groups,39.0,UG/M3,1 Hr,Valid
Tashkent,PM2.5 - Principal,2023-01-03 12:00 AM,2023,01,03,00,38.6,109,Unhealthy for Sensitive Groups,33.0,UG/M3,1 Hr,Valid
Tashkent,PM2.5 - Principal,2023-01-03 01:00 AM,2023,01,03,01,30.8,90,Moderate,23.0,UG/M3,1 Hr,Valid
Tashkent,PM2.5 - Principal,2023-01-03 02:00 AM,2023,01,03,02,30.4,89,Moderate,30.0,UG/M3,1 Hr,Valid
Tashkent,PM2.5 - Principal,2023-01-03 03:00 AM,2023,01,03,03,50.7,138,Unhealthy for Sensitive Groups,71.0,UG/M3,1 Hr,Valid
Tashkent,PM2.5 - Principal,2023-01-03 04:00 AM,2023,01,03,04,65.8,156,Unhealthy,81.0,UG/M3,1 Hr,Valid
Tashkent,PM2.5 - Principal,2023-01-03 05:00 AM,2023,01,03,05,69.9,158,Unhealthy,74.0,UG/M3,1 Hr,Valid
Tashkent,PM2.5 - Principal,2023-01-03 06:00 AM,2023,01,03,06,71.9,159,Unhealthy,74.0,UG/M3,1 Hr,Valid
Tashkent,PM2.5 - Principal,2023-01-03 07:00 AM,2023,01,03,07,80.4,164,Unhealthy,89.0,UG/M3,1 Hr,Valid
Tashkent,PM2.5 - Principal,2023-01-03 08:00 AM,2023,01,03,08,85.2,166,Unhealthy,90.0,UG/M3,1 Hr,Valid
Tashkent,PM2.5 - Principal,2023-01-03 09:00 AM,2023,01,03,09,86.6,167,Unhealthy,88.0,UG/M3,1 Hr,Valid
Tashkent,PM2.5 - Principal,2023-01-03 10:00 AM,2023,01,03,10,81.8,165,Unhealthy,77.0,UG/M3,1 Hr,Valid
Tashkent,PM2.5 - Principal,2023-01-03 11:00 AM,2023,01,03,11,72.4,160,Unhealthy,63.0,UG/M3,1 Hr,Valid
Tashkent,PM2.5 - Principal,2023-01-03 12:00 PM,2023,01,03,12,71.2,159,Unhealthy,70.0,UG/M3,1 Hr,Valid
Tashkent,PM2.5 - Principal,2023-01-03 01:00 PM,2023,01,03,13,60.1,153,Unhealthy,49.0,UG/M3,1 Hr,Valid
Tashkent,PM2.5 - Principal,2023-01-03 02:00 PM,2023,01,03,14,40.5,113,Unhealthy for Sensitive Groups,21.0,UG/M3,1 Hr,Valid
Tashkent,PM2.5 - Principal,2023-01-03 03:00 PM,2023,01,03,15,28.7,86,Moderate,17.0,UG/M3,1 Hr,Valid
Tashkent,PM2.5 - Principal,2023-01-03 04:00 PM,2023,01,03,16,23.3,75,Moderate,18.0,UG/M3,1 Hr,Valid
Tashkent,PM2.5 - Principal,2023-01-03 05:00 PM,2023,01,03,17,20.6,69,Moderate,18.0,UG/M3,1 Hr,Valid
Tashkent,PM2.5 - Principal,2023-01-03 06:00 PM,2023,01,03,18,19.3,66,Moderate,18.0,UG/M3,1 Hr,Valid
Tashkent,PM2.5 - Principal,2023-01-03 07:00 PM,2023,01,03,19,22.1,72,Moderate,25.0,UG/M3,1 Hr,Valid
Tashkent,PM2.5 - Principal,2023-01-03 08:00 PM,2023,01,03,20,21.0,70,Moderate,20.0,UG/M3,1 Hr,Valid
Tashkent,PM2.5 - Principal,2023-01-03 09:00 PM,2023,01,03,21,22.0,72,Moderate,23.0,UG/M3,1 Hr,Valid
Tashkent,PM2.5 - Principal,2023-01-03 10:00 PM,2023,01,03,22,20.5,69,Moderate,19.0,UG/M3,1 Hr,Valid
Tashkent,PM2.5 - Principal,2023-01-03 11:00 PM,2023,01,03,23,19.7,67,Moderate,19.0,UG/M3,1 Hr,Valid
Tashkent,PM2.5 - Principal,2023-01-04 12:00 AM,2023,01,04,00,21.3,70,Moderate,23.0,UG/M3,1 Hr,Valid
Tashkent,PM2.5 - Principal,2023-01-04 01:00 AM,2023,01,04,01,21.6,71,Moderate,23.0,UG/M3,1 Hr,Valid
Tashkent,PM2.5 - Principal,2023-01-04 02:00 AM,2023,01,04,02,21.4,71,Moderate,21.0,UG/M3,1 Hr,Valid
Tashkent,PM2.5 - Principal,2023-01-04 03:00 AM,2023,01,04,03,21.8,71,Moderate,23.0,UG/M3,1 Hr,Valid
Tashkent,PM2.5 - Principal,2023-01-04 04:00 AM,2023,01,04,04,23.2,74,Moderate,26.0,UG/M3,1 Hr,Valid
Tashkent,PM2.5 - Principal,2023-01-04 05:00 AM,2023,01,04,05,25.6,79,Moderate,29.0,UG/M3,1 Hr,Valid
Tashkent,PM2.5 - Principal,2023-01-04 06:00 AM,2023,01,04,06,23.5,75,Moderate,20.0,UG/M3,1 Hr,Valid
Tashkent,PM2.5 - Principal,2023-01-04 07:00 AM,2023,01,04,07,22.2,72,Moderate,20.0,UG/M3,1 Hr,Valid
Tashkent,PM2.5 - Principal,2023-01-04 08:00 AM,2023,01,04,08,21.1,70,Moderate,19.0,UG/M3,1 Hr,Valid
Tashkent,PM2.5 - Principal,2023-01-04 09:00 AM,2023,01,04,09,21.4,71,Moderate,22.0,UG/M3,1 Hr,Valid
Tashkent,PM2.5 - Principal,2023-01-04 10:00 AM,2023,01,04,10,22.3,72,Moderate,24.0,UG/M3,1 Hr,Valid
Tashkent,PM2.5 - Principal,2023-01-04 11:00 AM,2023,01,04,11,17.7,63,Moderate,13.0,UG/M3,1 Hr,Valid
Tashkent,PM2.5 - Principal,2023-01-04 12:00 PM,2023,01,04,12,17.3,62,Moderate,17.0,UG/M3,1 Hr,Valid
Tashkent,PM2.5 - Principal,2023-01-04 01:00 PM,2023,01,04,13,14.1,55,Moderate,11.0,UG/M3,1 Hr,Valid
Tashkent,PM2.5 - Principal,2023-01-04 02:00 PM,2023,01,04,14,12.5,52,Moderate,11.0,UG/M3,1 Hr,Valid
Tashkent,PM2.5 - Principal,2023-01-04 03:00 PM,2023,01,04,15,10.7,45,Good,9.0,UG/M3,1 Hr,Valid
Tashkent,PM2.5 - Principal,2023-01-04 04:00 PM,2023,01,04,16,11.3,47,Good,12.0,UG/M3,1 Hr,Valid
Tashkent,PM2.5 - Principal,2023-01-04 05:00 PM,2023,01,04,17,13.6,54,Moderate,16.0,UG/M3,1 Hr,Valid
Tashkent,PM2.5 - Principal,2023-01-04 06:00 PM,2023,01,04,18,17.3,62,Moderate,21.0,UG/M3,1 Hr,Valid
Tashkent,PM2.5 - Principal,2023-01-04 07:00 PM,2023,01,04,19,23.6,75,Moderate,30.0,UG/M3,1 Hr,Valid
Tashkent,PM2.5 - Principal,2023-01-04 08:00 PM,2023,01,04,20,21.8,71,Moderate,20.0,UG/M3,1 Hr,Valid
Tashkent,PM2.5 - Principal,2023-01-04 09:00 PM,2023,01,04,21,27.4,83,Moderate,33.0,UG/M3,1 Hr,Valid
Tashkent,PM2.5 - Principal,2023-01-04 10:00 PM,2023,01,04,22,18.7,65,Moderate,10.0,UG/M3,1 Hr,Valid
Tashkent,PM2.5 - Principal,2023-01-04 11:00 PM,2023,01,04,23,11.3,47,Good,4.0,UG/M3,1 Hr,Valid
Tashkent,PM2.5 - Principal,2023-01-05 12:00 AM,2023,01,05,00,7.1,30,Good,3.0,UG/M3,1 Hr,Valid
Tashkent,PM2.5 - Principal,2023-01-05 01:00 AM,2023,01,05,01,7.0,29,Good,7.0,UG/M3,1 Hr,Valid
Tashkent,PM2.5 - Principal,2023-01-05 02:00 AM,2023,01,05,02,6.0,25,Good,5.0,UG/M3,1 Hr,Valid
Tashkent,PM2.5 - Principal,2023-01-05 03:00 AM,2023,01,05,03,5.5,23,Good,5.0,UG/M3,1 Hr,Valid
Tashkent,PM2.5 - Principal,2023-01-05 04:00 AM,2023,01,05,04,5.5,23,Good,-999.0,UG/M3,1 Hr,Missing
Tashkent,PM2.5 - Principal,2023-01-05 06:00 AM,2023,01,05,06,-999.0,-999,N/A,3.0,UG/M3,1 Hr,Valid
Tashkent,PM2.5 - Principal,2023-01-05 07:00 AM,2023,01,05,07,3.1,13,Good,3.0,UG/M3,1 Hr,Valid
Tashkent,PM2.5 - Principal,2023-01-05 08:00 AM,2023,01,05,08,2.5,10,Good,2.0,UG/M3,1 Hr,Valid
Tashkent,PM2.5 - Principal,2023-01-05 09:00 AM,2023,01,05,09,2.7,11,Good,3.0,UG/M3,1 Hr,Valid
Tashkent,PM2.5 - Principal,2023-01-05 10:00 AM,2023,01,05,10,2.3,10,Good,2.0,UG/M3,1 Hr,Valid
Tashkent,PM2.5 - Principal,2023-01-05 11:00 AM,2023,01,05,11,0.6,3,Good,-1.0,UG/M3,1 Hr,Valid
Tashkent,PM2.5 - Principal,2023-01-05 12:00 PM,2023,01,05,12,0.0,0,Good,-1.0,UG/M3,1 Hr,Valid
Tashkent,PM2.5 - Principal,2023-01-05 01:00 PM,2023,01,05,13,8.4,35,Good,17.0,UG/M3,1 Hr,Valid
Tashkent,PM2.5 - Principal,2023-01-05 02:00 PM,2023,01,05,14,5.7,24,Good,3.0,UG/M3,1 Hr,Valid
Tashkent,PM2.5 - Principal,2023-01-05 03:00 PM,2023,01,05,15,4.8,20,Good,4.0,UG/M3,1 Hr,Valid
Tashkent,PM2.5 - Principal,2023-01-05 04:00 PM,2023,01,05,16,9.4,39,Good,14.0,UG/M3,1 Hr,Valid
Tashkent,PM2.5 - Principal,2023-01-05 05:00 PM,2023,01,05,17,9.2,38,Good,9.0,UG/M3,1 Hr,Valid
Tashkent,PM2.5 - Principal,2023-01-05 06:00 PM,2023,01,05,18,14.6,56,Moderate,20.0,UG/M3,1 Hr,Valid
Tashkent,PM2.5 - Principal,2023-01-05 07:00 PM,2023,01,05,19,17.3,62,Moderate,20.0,UG/M3,1 Hr,Valid
Tashkent,PM2.5 - Principal,2023-01-05 08:00 PM,2023,01,05,20,12.1,51,Moderate,7.0,UG/M3,1 Hr,Valid
Tashkent,PM2.5 - Principal,2023-01-05 09:00 PM,2023,01,05,21,10.0,42,Good,8.0,UG/M3,1 Hr,Valid
Tashkent,PM2.5 - Principal,2023-01-05 10:00 PM,2023,01,05,22,14.0,55,Moderate,18.0,UG/M3,1 Hr,Valid
Tashkent,PM2.5 - Principal,2023-01-05 11:00 PM,2023,01,05,23,9.0,38,Good,4.0,UG/M3,1 Hr,Valid
Tashkent,PM2.5 - Principal,2023-01-06 12:00 AM,2023,01,06,00,5.5,23,Good,2.0,UG/M3,1 Hr,Valid
Tashkent,PM2.5 - Principal,2023-01-06 01:00 AM,2023,01,06,01,6.7,28,Good,8.0,UG/M3,1 Hr,Valid
Tashkent,PM2.5 - Principal,2023-01-06 02:00 AM,2023,01,06,02,7.8,33,Good,9.0,UG/M3,1 Hr,Valid
Tashkent,PM2.5 - Principal,2023-01-06 03:00 AM,2023,01,06,03,6.9,29,Good,6.0,UG/M3,1 Hr,Valid
Tashkent,PM2.5 - Principal,2023-01-06 04:00 AM,2023,01,06,04,4.9,20,Good,3.0,UG/M3,1 Hr,Valid
Tashkent,PM2.5 - Principal,2023-01-06 05:00 AM,2023,01,06,05,7.4,31,Good,10.0,UG/M3,1 Hr,Valid
Tashkent,PM2.5 - Principal,2023-01-06 06:00 AM,2023,01,06,06,8.2,34,Good,9.0,UG/M3,1 Hr,Valid
Tashkent,PM2.5 - Principal,2023-01-06 07:00 AM,2023,01,06,07,18.6,65,Moderate,29.0,UG/M3,1 Hr,Valid
Tashkent,PM2.5 - Principal,2023-01-06 08:00 AM,2023,01,06,08,29.8,88,Moderate,41.0,UG/M3,1 Hr,Valid
Tashkent,PM2.5 - Principal,2023-01-06 09:00 AM,2023,01,06,09,42.4,118,Unhealthy for Sensitive Groups,55.0,UG/M3,1 Hr,Valid
Tashkent,PM2.5 - Principal,2023-01-06 10:00 AM,2023,01,06,10,56.2,151,Unhealthy,70.0,UG/M3,1 Hr,Valid
Tashkent,PM2.5 - Principal,2023-01-06 11:00 AM,2023,01,06,11,59.1,153,Unhealthy,62.0,UG/M3,1 Hr,Valid
Tashkent,PM2.5 - Principal,2023-01-06 12:00 PM,2023,01,06,12,56.0,151,Unhealthy,53.0,UG/M3,1 Hr,Valid
Tashkent,PM2.5 - Principal,2023-01-06 01:00 PM,2023,01,06,13,50.5,138,Unhealthy for Sensitive Groups,45.0,UG/M3,1 Hr,Valid
Tashkent,PM2.5 - Principal,2023-01-06 02:00 PM,2023,01,06,14,47.2,130,Unhealthy for Sensitive Groups,44.0,UG/M3,1 Hr,Valid
Tashkent,PM2.5 - Principal,2023-01-06 03:00 PM,2023,01,06,15,43.6,121,Unhealthy for Sensitive Groups,40.0,UG/M3,1 Hr,Valid
Tashkent,PM2.5 - Principal,2023-01-06 04:00 PM,2023,01,06,16,39.3,110,Unhealthy for Sensitive Groups,35.0,UG/M3,1 Hr,Valid
Tashkent,PM2.5 - Principal,2023-01-06 05:00 PM,2023,01,06,17,35.1,99,Moderate,31.0,UG/M3,1 Hr,Valid
Tashkent,PM2.5 - Principal,2023-01-06 06:00 PM,2023,01,06,18,34.5,98,Moderate,34.0,UG/M3,1 Hr,Valid
Tashkent,PM2.5 - Principal,2023-01-06 07:00 PM,2023,01,06,19,33.2,95,Moderate,32.0,UG/M3,1 Hr,Valid
Tashkent,PM2.5 - Principal,2023-01-06 08:00 PM,2023,01,06,20,34.1,97,Moderate,35.0,UG/M3,1 Hr,Valid
Tashkent,PM2.5 - Principal,2023-01-06 09:00 PM,2023,01,06,21,33.5,96,Moderate,33.0,UG/M3,1 Hr,Valid
Tashkent,PM2.5 - Principal,2023-01-06 10:00 PM,2023,01,06,22,30.7,90,Moderate,28.0,UG/M3,1 Hr,Valid
Tashkent,PM2.5 - Principal,2023-01-06 11:00 PM,2023,01,06,23,27.8,84,Moderate,25.0,UG/M3,1 Hr,Valid
Tashkent,PM2.5 - Principal,2023-01-07 12:00 AM,2023,01,07,00,22.9,74,Moderate,18.0,UG/M3,1 Hr,Valid
Tashkent,PM2.5 - Principal,2023-01-07 01:00 AM,2023,01,07,01,18.4,64,Moderate,14.0,UG/M3,1 Hr,Valid
Tashkent,PM2.5 - Principal,2023-01-07 02:00 AM,2023,01,07,02,14.7,56,Moderate,11.0,UG/M3,1 Hr,Valid
Tashkent,PM2.5 - Principal,2023-01-07 03:00 AM,2023,01,07,03,10.8,45,Good,7.0,UG/M3,1 Hr,Valid
Tashkent,PM2.5 - Principal,2023-01-07 04:00 AM,2023,01,07,04,8.9,37,Good,7.0,UG/M3,1 Hr,Valid
Tashkent,PM2.5 - Principal,2023-01-07 05:00 AM,2023,01,07,05,6.9,29,Good,5.0,UG/M3,1 Hr,Valid
Tashkent,PM2.5 - Principal,2023-01-07 06:00 AM,2023,01,07,06,6.9,29,Good,7.0,UG/M3,1 Hr,Valid
Tashkent,PM2.5 - Principal,2023-01-07 07:00 AM,2023,01,07,07,6.4,27,Good,6.0,UG/M3,1 Hr,Valid
Tashkent,PM2.5 - Principal,2023-01-07 08:00 AM,2023,01,07,08,7.2,30,Good,8.0,UG/M3,1 Hr,Valid
Tashkent,PM2.5 - Principal,2023-01-07 09:00 AM,2023,01,07,09,9.1,38,Good,11.0,UG/M3,1 Hr,Valid
Tashkent,PM2.5 - Principal,2023-01-07 10:00 AM,2023,01,07,10,8.0,33,Good,7.0,UG/M3,1 Hr,Valid
Tashkent,PM2.5 - Principal,2023-01-07 11:00 AM,2023,01,07,11,13.0,53,Moderate,18.0,UG/M3,1 Hr,Valid
Tashkent,PM2.5 - Principal,2023-01-07 12:00 PM,2023,01,07,12,15.5,58,Moderate,18.0,UG/M3,1 Hr,Valid
Tashkent,PM2.5 - Principal,2023-01-07 01:00 PM,2023,01,07,13,15.5,58,Moderate,-999.0,UG/M3,1 Hr,Missing
Tashkent,PM2.5 - Principal,2023-01-07 02:00 PM,2023,01,07,14,15.8,59,Moderate,16.0,UG/M3,1 Hr,Valid
Tashkent,PM2.5 - Principal,2023-01-07 03:00 PM,2023,01,07,15,14.2,55,Moderate,13.0,UG/M3,1 Hr,Valid
Tashkent,PM2.5 - Principal,2023-01-07 04:00 PM,2023,01,07,16,15.7,59,Moderate,17.0,UG/M3,1 Hr,Valid
Tashkent,PM2.5 - Principal,2023-01-07 05:00 PM,2023,01,07,17,34.4,98,Moderate,52.0,UG/M3,1 Hr,Valid
Tashkent,PM2.5 - Principal,2023-01-07 06:00 PM,2023,01,07,18,56.0,151,Unhealthy,77.0,UG/M3,1 Hr,Valid
Tashkent,PM2.5 - Principal,2023-01-07 07:00 PM,2023,01,07,19,48.4,133,Unhealthy for Sensitive Groups,41.0,UG/M3,1 Hr,Valid
Tashkent,PM2.5 - Principal,2023-01-07 08:00 PM,2023,01,07,20,38.2,108,Unhealthy for Sensitive Groups,28.0,UG/M3,1 Hr,Valid
Tashkent,PM2.5 - Principal,2023-01-07 09:00 PM,2023,01,07,21,36.0,102,Unhealthy for Sensitive Groups,34.0,UG/M3,1 Hr,Valid
Tashkent,PM2.5 - Principal,2023-01-07 10:00 PM,2023,01,07,22,31.0,91,Moderate,26.0,UG/M3,1 Hr,Valid
Tashkent,PM2.5 - Principal,2023-01-07 11:00 PM,2023,01,07,23,21.5,71,Moderate,12.0,UG/M3,1 Hr,Valid
Tashkent,PM2.5 - Principal,2023-01-08 12:00 AM,2023,01,08,00,15.7,59,Moderate,10.0,UG/M3,1 Hr,Valid
Tashkent,PM2.5 - Principal,2023-01-08 01:00 AM,2023,01,08,01,13.3,54,Moderate,11.0,UG/M3,1 Hr,Valid
Tashkent,PM2.5 - Principal,2023-01-08 02:00 AM,2023,01,08,02,14.6,56,Moderate,16.0,UG/M3,1 Hr,Valid
Tashkent,PM2.5 - Principal,2023-01-08 03:00 AM,2023,01,08,03,14.3,56,Moderate,14.0,UG/M3,1 Hr,Valid
Tashkent,PM2.5 - Principal,2023-01-08 04:00 AM,2023,01,08,04,12.1,51,Moderate,10.0,UG/M3,1 Hr,Valid
Tashkent,PM2.5 - Principal,2023-01-08 05:00 AM,2023,01,08,05,14.0,55,Moderate,16.0,UG/M3,1 Hr,Valid
Tashkent,PM2.5 - Principal,2023-01-08 06:00 AM,2023,01,08,06,15.5,58,Moderate,17.0,UG/M3,1 Hr,Valid
Tashkent,PM2.5 - Principal,2023-01-08 07:00 AM,2023,01,08,07,19.2,66,Moderate,23.0,UG/M3,1 Hr,Valid
Tashkent,PM2.5 - Principal,2023-01-08 08:00 AM,2023,01,08,08,25.6,79,Moderate,32.0,UG/M3,1 Hr,Valid
Tashkent,PM2.5 - Principal,2023-01-08 09:00 AM,2023,01,08,09,31.3,91,Moderate,37.0,UG/M3,1 Hr,Valid
Tashkent,PM2.5 - Principal,2023-01-08 10:00 AM,2023,01,08,10,37.1,105,Unhealthy for Sensitive Groups,43.0,UG/M3,1 Hr,Valid
Tashkent,PM2.5 - Principal,2023-01-08 11:00 AM,2023,01,08,11,36.5,103,Unhealthy for Sensitive Groups,36.0,UG/M3,1 Hr,Valid
Tashkent,PM2.5 - Principal,2023-01-08 12:00 PM,2023,01,08,12,29.2,87,Moderate,22.0,UG/M3,1 Hr,Valid
Tashkent,PM2.5 - Principal,2023-01-08 01:00 PM,2023,01,08,13,26.6,81,Moderate,24.0,UG/M3,1 Hr,Valid
Tashkent,PM2.5 - Principal,2023-01-08 02:00 PM,2023,01,08,14,24.3,77,Moderate,22.0,UG/M3,1 Hr,Valid
Tashkent,PM2.5 - Principal,2023-01-08 03:00 PM,2023,01,08,15,27.6,84,Moderate,31.0,UG/M3,1 Hr,Valid
Tashkent,PM2.5 - Principal,2023-01-08 04:00 PM,2023,01,08,16,27.3,83,Moderate,27.0,UG/M3,1 Hr,Valid
Tashkent,PM2.5 - Principal,2023-01-08 05:00 PM,2023,01,08,17,26.1,80,Moderate,25.0,UG/M3,1 Hr,Valid
Tashkent,PM2.5 - Principal,2023-01-08 06:00 PM,2023,01,08,18,31.4,92,Moderate,37.0,UG/M3,1 Hr,Valid
Tashkent,PM2.5 - Principal,2023-01-08 07:00 PM,2023,01,08,19,30.7,90,Moderate,30.0,UG/M3,1 Hr,Valid
Tashkent,PM2.5 - Principal,2023-01-08 08:00 PM,2023,01,08,20,25.3,79,Moderate,20.0,UG/M3,1 Hr,Valid
Tashkent,PM2.5 - Principal,2023-01-08 09:00 PM,2023,01,08,21,36.1,102,Unhealthy for Sensitive Groups,47.0,UG/M3,1 Hr,Valid
Tashkent,PM2.5 - Principal,2023-01-08 10:00 PM,2023,01,08,22,41.0,115,Unhealthy for Sensitive Groups,46.0,UG/M3,1 Hr,Valid
Tashkent,PM2.5 - Principal,2023-01-08 11:00 PM,2023,01,08,23,46.5,128,Unhealthy for Sensitive Groups,52.0,UG/M3,1 Hr,Valid
Tashkent,PM2.5 - Principal,2023-01-09 12:00 AM,2023,01,09,00,37.2,105,Unhealthy for Sensitive Groups,28.0,UG/M3,1 Hr,Valid
Tashkent,PM2.5 - Principal,2023-01-09 01:00 AM,2023,01,09,01,34.1,97,Moderate,31.0,UG/M3,1 Hr,Valid
Tashkent,PM2.5 - Principal,2023-01-09 02:00 AM,2023,01,09,02,37.5,106,Unhealthy for Sensitive Groups,41.0,UG/M3,1 Hr,Valid
Tashkent,PM2.5 - Principal,2023-01-09 03:00 AM,2023,01,09,03,39.7,111,Unhealthy for Sensitive Groups,42.0,UG/M3,1 Hr,Valid
Tashkent,PM2.5 - Principal,2023-01-09 04:00 AM,2023,01,09,04,41.3,115,Unhealthy for Sensitive Groups,43.0,UG/M3,1 Hr,Valid
Tashkent,PM2.5 - Principal,2023-01-09 05:00 AM,2023,01,09,05,44.2,122,Unhealthy for Sensitive Groups,47.0,UG/M3,1 Hr,Valid
Tashkent,PM2.5 - Principal,2023-01-09 06:00 AM,2023,01,09,06,43.1,120,Unhealthy for Sensitive Groups,42.0,UG/M3,1 Hr,Valid
Tashkent,PM2.5 - Principal,2023-01-09 07:00 AM,2023,01,09,07,44.0,122,Unhealthy for Sensitive Groups,45.0,UG/M3,1 Hr,Valid
Tashkent,PM2.5 - Principal,2023-01-09 08:00 AM,2023,01,09,08,45.8,126,Unhealthy for Sensitive Groups,48.0,UG/M3,1 Hr,Valid
Tashkent,PM2.5 - Principal,2023-01-09 09:00 AM,2023,01,09,09,43.1,120,Unhealthy for Sensitive Groups,40.0,UG/M3,1 Hr,Valid
Tashkent,PM2.5 - Principal,2023-01-09 10:00 AM,2023,01,09,10,38.9,109,Unhealthy for Sensitive Groups,34.0,UG/M3,1 Hr,Valid
Tashkent,PM2.5 - Principal,2023-01-09 11:00 AM,2023,01,09,11,33.8,97,Moderate,27.0,UG/M3,1 Hr,Valid
Tashkent,PM2.5 - Principal,2023-01-09 12:00 PM,2023,01,09,12,25.3,79,Moderate,18.0,UG/M3,1 Hr,Valid
Tashkent,PM2.5 - Principal,2023-01-09 01:00 PM,2023,01,09,13,25.1,78,Moderate,25.0,UG/M3,1 Hr,Valid
Tashkent,PM2.5 - Principal,2023-01-09 02:00 PM,2023,01,09,14,25.0,78,Moderate,25.0,UG/M3,1 Hr,Valid
Tashkent,PM2.5 - Principal,2023-01-09 03:00 PM,2023,01,09,15,20.0,68,Moderate,15.0,UG/M3,1 Hr,Valid
Tashkent,PM2.5 - Principal,2023-01-09 04:00 PM,2023,01,09,16,22.0,72,Moderate,24.0,UG/M3,1 Hr,Valid
Tashkent,PM2.5 - Principal,2023-01-09 05:00 PM,2023,01,09,17,26.0,80,Moderate,30.0,UG/M3,1 Hr,Valid
Tashkent,PM2.5 - Principal,2023-01-09 06:00 PM,2023,01,09,18,28.0,84,Moderate,30.0,UG/M3,1 Hr,Valid
Tashkent,PM2.5 - Principal,2023-01-09 07:00 PM,2023,01,09,19,26.9,82,Moderate,26.0,UG/M3,1 Hr,Valid
Tashkent,PM2.5 - Principal,2023-01-09 08:00 PM,2023,01,09,20,23.9,76,Moderate,21.0,UG/M3,1 Hr,Valid
Tashkent,PM2.5 - Principal,2023-01-09 09:00 PM,2023,01,09,21,17.4,62,Moderate,11.0,UG/M3,1 Hr,Valid
Tashkent,PM2.5 - Principal,2023-01-09 10:00 PM,2023,01,09,22,18.7,65,Moderate,20.0,UG/M3,1 Hr,Valid
Tashkent,PM2.5 - Principal,2023-01-09 11:00 PM,2023,01,09,23,19.8,67,Moderate,21.0,UG/M3,1 Hr,Valid
Tashkent,PM2.5 - Principal,2023-01-10 12:00 AM,2023,01,10,00,15.9,59,Moderate,12.0,UG/M3,1 Hr,Valid
Tashkent,PM2.5 - Principal,2023-01-10 01:00 AM,2023,01,10,01,17.9,63,Moderate,20.0,UG/M3,1 Hr,Valid
Tashkent,PM2.5 - Principal,2023-01-10 02:00 AM,2023,01,10,02,15.9,59,Moderate,14.0,UG/M3,1 Hr,Valid
Tashkent,PM2.5 - Principal,2023-01-10 03:00 AM,2023,01,10,03,14.4,56,Moderate,13.0,UG/M3,1 Hr,Valid
Tashkent,PM2.5 - Principal,2023-01-10 04:00 AM,2023,01,10,04,12.2,51,Moderate,10.0,UG/M3,1 Hr,Valid
Tashkent,PM2.5 - Principal,2023-01-10 05:00 AM,2023,01,10,05,11.1,46,Good,10.0,UG/M3,1 Hr,Valid
Tashkent,PM2.5 - Principal,2023-01-10 06:00 AM,2023,01,10,06,10.5,44,Good,10.0,UG/M3,1 Hr,Valid
Tashkent,PM2.5 - Principal,2023-01-10 07:00 AM,2023,01,10,07,9.7,40,Good,9.0,UG/M3,1 Hr,Valid
Tashkent,PM2.5 - Principal,2023-01-10 08:00 AM,2023,01,10,08,10.8,45,Good,12.0,UG/M3,1 Hr,Valid
Tashkent,PM2.5 - Principal,2023-01-10 09:00 AM,2023,01,10,09,10.9,45,Good,11.0,UG/M3,1 Hr,Valid
Tashkent,PM2.5 - Principal,2023-01-10 10:00 AM,2023,01,10,10,10.9,45,Good,11.0,UG/M3,1 Hr,Valid
Tashkent,PM2.5 - Principal,2023-01-10 11:00 AM,2023,01,10,11,14.4,56,Moderate,18.0,UG/M3,1 Hr,Valid
Tashkent,PM2.5 - Principal,2023-01-10 12:00 PM,2023,01,10,12,15.7,59,Moderate,17.0,UG/M3,1 Hr,Valid
Tashkent,PM2.5 - Principal,2023-01-10 01:00 PM,2023,01,10,13,15.8,59,Moderate,16.0,UG/M3,1 Hr,Valid
Tashkent,PM2.5 - Principal,2023-01-10 02:00 PM,2023,01,10,14,12.4,52,Moderate,9.0,UG/M3,1 Hr,Valid
Tashkent,PM2.5 - Principal,2023-01-10 03:00 PM,2023,01,10,15,13.2,53,Moderate,14.0,UG/M3,1 Hr,Valid
Tashkent,PM2.5 - Principal,2023-01-10 04:00 PM,2023,01,10,16,12.1,51,Moderate,11.0,UG/M3,1 Hr,Valid
Tashkent,PM2.5 - Principal,2023-01-10 05:00 PM,2023,01,10,17,12.5,52,Moderate,13.0,UG/M3,1 Hr,Valid
Tashkent,PM2.5 - Principal,2023-01-10 06:00 PM,2023,01,10,18,19.2,66,Moderate,26.0,UG/M3,1 Hr,Valid
Tashkent,PM2.5 - Principal,2023-01-10 07:00 PM,2023,01,10,19,19.1,66,Moderate,19.0,UG/M3,1 Hr,Valid
Tashkent,PM2.5 - Principal,2023-01-10 08:00 PM,2023,01,10,20,19.5,67,Moderate,20.0,UG/M3,1 Hr,Valid
Tashkent,PM2.5 - Principal,2023-01-10 09:00 PM,2023,01,10,21,20.2,68,Moderate,21.0,UG/M3,1 Hr,Valid
Tashkent,PM2.5 - Principal,2023-01-10 10:00 PM,2023,01,10,22,30.6,90,Moderate,41.0,UG/M3,1 Hr,Valid
Tashkent,PM2.5 - Principal,2023-01-10 11:00 PM,2023,01,10,23,43.3,120,Unhealthy for Sensitive Groups,56.0,UG/M3,1 Hr,Valid
Tashkent,PM2.5 - Principal,2023-01-11 12:00 AM,2023,01,11,00,46.1,127,Unhealthy for Sensitive Groups,49.0,UG/M3,1 Hr,Valid
Tashkent,PM2.5 - Principal,2023-01-11 01:00 AM,2023,01,11,01,58.5,153,Unhealthy,71.0,UG/M3,1 Hr,Valid
Tashkent,PM2.5 - Principal,2023-01-11 02:00 AM,2023,01,11,02,48.7,134,Unhealthy for Sensitive Groups,39.0,UG/M3,1 Hr,Valid
Tashkent,PM2.5 - Principal,2023-01-11 03:00 AM,2023,01,11,03,37.9,107,Unhealthy for Sensitive Groups,27.0,UG/M3,1 Hr,Valid
Tashkent,PM2.5 - Principal,2023-01-11 04:00 AM,2023,01,11,04,36.4,103,Unhealthy for Sensitive Groups,35.0,UG/M3,1 Hr,Valid
Tashkent,PM2.5 - Principal,2023-01-11 05:00 AM,2023,01,11,05,43.2,120,Unhealthy for Sensitive Groups,50.0,UG/M3,1 Hr,Valid
Tashkent,PM2.5 - Principal,2023-01-11 06:00 AM,2023,01,11,06,46.6,128,Unhealthy for Sensitive Groups,50.0,UG/M3,1 Hr,Valid
Tashkent,PM2.5 - Principal,2023-01-11 07:00 AM,2023,01,11,07,53.8,146,Unhealthy for Sensitive Groups,61.0,UG/M3,1 Hr,Valid
Tashkent,PM2.5 - Principal,2023-01-11 08:00 AM,2023,01,11,08,69.4,158,Unhealthy,85.0,UG/M3,1 Hr,Valid
Tashkent,PM2.5 - Principal,2023-01-11 09:00 AM,2023,01,11,09,63.2,155,Unhealthy,57.0,UG/M3,1 Hr,Valid
Tashkent,PM2.5 - Principal,2023-01-11 10:00 AM,2023,01,11,10,61.6,154,Unhealthy,60.0,UG/M3,1 Hr,Valid
Tashkent,PM2.5 - Principal,2023-01-11 11:00 AM,2023,01,11,11,47.3,130,Unhealthy for Sensitive Groups,33.0,UG/M3,1 Hr,Valid
Tashkent,PM2.5 - Principal,2023-01-11 12:00 PM,2023,01,11,12,35.1,99,Moderate,23.0,UG/M3,1 Hr,Valid
Tashkent,PM2.5 - Principal,2023-01-11 01:00 PM,2023,01,11,13,30.5,90,Moderate,26.0,UG/M3,1 Hr,Valid
Tashkent,PM2.5 - Principal,2023-01-11 02:00 PM,2023,01,11,14,22.7,73,Moderate,15.0,UG/M3,1 Hr,Valid
Tashkent,PM2.5 - Principal,2023-01-11 03:00 PM,2023,01,11,15,19.3,66,Moderate,16.0,UG/M3,1 Hr,Valid
Tashkent,PM2.5 - Principal,2023-01-11 04:00 PM,2023,01,11,16,17.6,63,Moderate,16.0,UG/M3,1 Hr,Valid
Tashkent,PM2.5 - Principal,2023-01-11 05:00 PM,2023,01,11,17,16.3,60,Moderate,15.0,UG/M3,1 Hr,Valid
Tashkent,PM2.5 - Principal,2023-01-11 06:00 PM,2023,01,11,18,18.1,64,Moderate,20.0,UG/M3,1 Hr,Valid
Tashkent,PM2.5 - Principal,2023-01-11 07:00 PM,2023,01,11,19,23.5,75,Moderate,29.0,UG/M3,1 Hr,Valid
Tashkent,PM2.5 - Principal,2023-01-11 08:00 PM,2023,01,11,20,33.7,96,Moderate,44.0,UG/M3,1 Hr,Valid
Tashkent,PM2.5 - Principal,2023-01-11 09:00 PM,2023,01,11,21,41.3,115,Unhealthy for Sensitive Groups,49.0,UG/M3,1 Hr,Valid
Tashkent,PM2.5 - Principal,2023-01-11 10:00 PM,2023,01,11,22,39.6,111,Unhealthy for Sensitive Groups,38.0,UG/M3,1 Hr,Valid
Tashkent,PM2.5 - Principal,2023-01-11 11:00 PM,2023,01,11,23,45.8,126,Unhealthy for Sensitive Groups,52.0,UG/M3,1 Hr,Valid
Tashkent,PM2.5 - Principal,2023-01-12 12:00 AM,2023,01,12,00,50.4,138,Unhealthy for Sensitive Groups,55.0,UG/M3,1 Hr,Valid
Tashkent,PM2.5 - Principal,2023-01-12 01:00 AM,2023,01,12,01,92.7,170,Unhealthy,135.0,UG/M3,1 Hr,Valid
Tashkent,PM2.5 - Principal,2023-01-12 02:00 AM,2023,01,12,02,137.8,193,Unhealthy,183.0,UG/M3,1 Hr,Valid
Tashkent,PM2.5 - Principal,2023-01-12 03:00 AM,2023,01,12,03,164.9,215,Very Unhealthy,192.0,UG/M3,1 Hr,Valid
Tashkent,PM2.5 - Principal,2023-01-12 04:00 AM,2023,01,12,04,155.9,206,Very Unhealthy,147.0,UG/M3,1 Hr,Valid
Tashkent,PM2.5 - Principal,2023-01-12 05:00 AM,2023,01,12,05,112.5,180,Unhealthy,69.0,UG/M3,1 Hr,Valid
Tashkent,PM2.5 - Principal,2023-01-12 06:00 AM,2023,01,12,06,85.2,166,Unhealthy,58.0,UG/M3,1 Hr,Valid
Tashkent,PM2.5 - Principal,2023-01-12 07:00 AM,2023,01,12,07,69.1,158,Unhealthy,53.0,UG/M3,1 Hr,Valid
Tashkent,PM2.5 - Principal,2023-01-12 08:00 AM,2023,01,12,08,63.0,155,Unhealthy,57.0,UG/M3,1 Hr,Valid
Tashkent,PM2.5 - Principal,2023-01-12 09:00 AM,2023,01,12,09,69.0,158,Unhealthy,75.0,UG/M3,1 Hr,Valid
Tashkent,PM2.5 - Principal,2023-01-12 10:00 AM,2023,01,12,10,101.0,174,Unhealthy,133.0,UG/M3,1 Hr,Valid
Tashkent,PM2.5 - Principal,2023-01-12 11:00 AM,2023,01,12,11,118.5,184,Unhealthy,136.0,UG/M3,1 Hr,Valid
Tashkent,PM2.5 - Principal,2023-01-12 12:00 PM,2023,01,12,12,93.2,170,Unhealthy,68.0,UG/M3,1 Hr,Valid
Tashkent,PM2.5 - Principal,2023-01-12 01:00 PM,2023,01,12,13,76.6,162,Unhealthy,60.0,UG/M3,1 Hr,Valid
Tashkent,PM2.5 - Principal,2023-01-12 02:00 PM,2023,01,12,14,56.2,151,Unhealthy,36.0,UG/M3,1 Hr,Valid
Tashkent,PM2.5 - Principal,2023-01-12 03:00 PM,2023,01,12,15,49.1,134,Unhealthy for Sensitive Groups,42.0,UG/M3,1 Hr,Valid
Tashkent,PM2.5 - Principal,2023-01-12 04:00 PM,2023,01,12,16,44.0,122,Unhealthy for Sensitive Groups,39.0,UG/M3,1 Hr,Valid
Tashkent,PM2.5 - Principal,2023-01-12 05:00 PM,2023,01,12,17,48.5,133,Unhealthy for Sensitive Groups,53.0,UG/M3,1 Hr,Valid
Tashkent,PM2.5 - Principal,2023-01-12 06:00 PM,2023,01,12,18,48.7,134,Unhealthy for Sensitive Groups,49.0,UG/M3,1 Hr,Valid
Tashkent,PM2.5 - Principal,2023-01-12 07:00 PM,2023,01,12,19,64.8,156,Unhealthy,81.0,UG/M3,1 Hr,Valid
Tashkent,PM2.5 - Principal,2023-01-12 08:00 PM,2023,01,12,20,94.4,171,Unhealthy,124.0,UG/M3,1 Hr,Valid
Tashkent,PM2.5 - Principal,2023-01-12 09:00 PM,2023,01,12,21,113.2,181,Unhealthy,132.0,UG/M3,1 Hr,Valid
Tashkent,PM2.5 - Principal,2023-01-12 10:00 PM,2023,01,12,22,116.1,182,Unhealthy,119.0,UG/M3,1 Hr,Valid
Tashkent,PM2.5 - Principal,2023-01-12 11:00 PM,2023,01,12,23,124.0,186,Unhealthy,132.0,UG/M3,1 Hr,Valid
Tashkent,PM2.5 - Principal,2023-01-13 12:00 AM,2023,01,13,00,125.5,187,Unhealthy,127.0,UG/M3,1 Hr,Valid
Tashkent,PM2.5 - Principal,2023-01-13 01:00 AM,2023,01,13,01,121.7,185,Unhealthy,118.0,UG/M3,1 Hr,Valid
Tashkent,PM2.5 - Principal,2023-01-13 02:00 AM,2023,01,13,02,114.3,181,Unhealthy,107.0,UG/M3,1 Hr,Valid
Tashkent,PM2.5 - Principal,2023-01-13 03:00 AM,2023,01,13,03,112.2,180,Unhealthy,110.0,UG/M3,1 Hr,Valid
Tashkent,PM2.5 - Principal,2023-01-13 04:00 AM,2023,01,13,04,102.1,175,Unhealthy,92.0,UG/M3,1 Hr,Valid
Tashkent,PM2.5 - Principal,2023-01-13 05:00 AM,2023,01,13,05,88.0,168,Unhealthy,74.0,UG/M3,1 Hr,Valid
Tashkent,PM2.5 - Principal,2023-01-13 06:00 AM,2023,01,13,06,69.5,158,Unhealthy,51.0,UG/M3,1 Hr,Valid
Tashkent,PM2.5 - Principal,2023-01-13 07:00 AM,2023,01,13,07,58.7,153,Unhealthy,48.0,UG/M3,1 Hr,Valid
Tashkent,PM2.5 - Principal,2023-01-13 08:00 AM,2023,01,13,08,53.8,146,Unhealthy for Sensitive Groups,49.0,UG/M3,1 Hr,Valid
Tashkent,PM2.5 - Principal,2023-01-13 09:00 AM,2023,01,13,09,58.9,153,Unhealthy,64.0,UG/M3,1 Hr,Valid
Tashkent,PM2.5 - Principal,2023-01-13 10:00 AM,2023,01,13,10,75.4,161,Unhealthy,92.0,UG/M3,1 Hr,Valid
Tashkent,PM2.5 - Principal,2023-01-13 11:00 AM,2023,01,13,11,87.7,168,Unhealthy,100.0,UG/M3,1 Hr,Valid
Tashkent,PM2.5 - Principal,2023-01-13 12:00 PM,2023,01,13,12,88.8,168,Unhealthy,90.0,UG/M3,1 Hr,Valid
Tashkent,PM2.5 - Principal,2023-01-13 01:00 PM,2023,01,13,13,154.4,205,Very Unhealthy,220.0,UG/M3,1 Hr,Valid
Tashkent,PM2.5 - Principal,2023-01-13 02:00 PM,2023,01,13,14,181.2,231,Very Unhealthy,208.0,UG/M3,1 Hr,Valid
Tashkent,PM2.5 - Principal,2023-01-13 03:00 PM,2023,01,13,15,183.1,233,Very Unhealthy,185.0,UG/M3,1 Hr,Valid
Tashkent,PM2.5 - Principal,2023-01-13 04:00 PM,2023,01,13,16,176.0,226,Very Unhealthy,169.0,UG/M3,1 Hr,Valid
Tashkent,PM2.5 - Principal,2023-01-13 05:00 PM,2023,01,13,17,168.5,219,Very Unhealthy,161.0,UG/M3,1 Hr,Valid
Tashkent,PM2.5 - Principal,2023-01-13 06:00 PM,2023,01,13,18,166.2,217,Very Unhealthy,164.0,UG/M3,1 Hr,Valid
Tashkent,PM2.5 - Principal,2023-01-13 07:00 PM,2023,01,13,19,172.6,223,Very Unhealthy,179.0,UG/M3,1 Hr,Valid
Tashkent,PM2.5 - Principal,2023-01-13 08:00 PM,2023,01,13,20,192.3,242,Very Unhealthy,212.0,UG/M3,1 Hr,Valid
Tashkent,PM2.5 - Principal,2023-01-13 09:00 PM,2023,01,13,21,207.6,258,Very Unhealthy,223.0,UG/M3,1 Hr,Valid
Tashkent,PM2.5 - Principal,2023-01-13 10:00 PM,2023,01,13,22,249.3,299,Very Unhealthy,291.0,UG/M3,1 Hr,Valid
Tashkent,PM2.5 - Principal,2023-01-13 11:00 PM,2023,01,13,23,277.2,327,Hazardous,305.0,UG/M3,1 Hr,Valid
Tashkent,PM2.5 - Principal,2023-01-14 12:00 AM,2023,01,14,00,271.2,322,Hazardous,268.0,UG/M3,1 Hr,Valid
Tashkent,PM2.5 - Principal,2023-01-14 01:00 AM,2023,01,14,01,233.3,283,Very Unhealthy,191.0,UG/M3,1 Hr,Valid
Tashkent,PM2.5 - Principal,2023-01-14 02:00 AM,2023,01,14,02,169.8,220,Very Unhealthy,108.0,UG/M3,1 Hr,Valid
Tashkent,PM2.5 - Principal,2023-01-14 03:00 AM,2023,01,14,03,138.4,194,Unhealthy,107.0,UG/M3,1 Hr,Valid
Tashkent,PM2.5 - Principal,2023-01-14 04:00 AM,2023,01,14,04,130.7,190,Unhealthy,123.0,UG/M3,1 Hr,Valid
Tashkent,PM2.5 - Principal,2023-01-14 05:00 AM,2023,01,14,05,121.8,185,Unhealthy,113.0,UG/M3,1 Hr,Valid
Tashkent,PM2.5 - Principal,2023-01-14 06:00 AM,2023,01,14,06,123.4,186,Unhealthy,125.0,UG/M3,1 Hr,Valid
Tashkent,PM2.5 - Principal,2023-01-14 07:00 AM,2023,01,14,07,125.7,187,Unhealthy,128.0,UG/M3,1 Hr,Valid
Tashkent,PM2.5 - Principal,2023-01-14 08:00 AM,2023,01,14,08,120.8,185,Unhealthy,116.0,UG/M3,1 Hr,Valid
Tashkent,PM2.5 - Principal,2023-01-14 09:00 AM,2023,01,14,09,121.4,185,Unhealthy,122.0,UG/M3,1 Hr,Valid
Tashkent,PM2.5 - Principal,2023-01-14 10:00 AM,2023,01,14,10,152.1,203,Very Unhealthy,183.0,UG/M3,1 Hr,Valid
Tashkent,PM2.5 - Principal,2023-01-14 11:00 AM,2023,01,14,11,187.0,237,Very Unhealthy,222.0,UG/M3,1 Hr,Valid
Tashkent,PM2.5 - Principal,2023-01-14 12:00 PM,2023,01,14,12,140.5,195,Unhealthy,94.0,UG/M3,1 Hr,Valid
Tashkent,PM2.5 - Principal,2023-01-14 01:00 PM,2023,01,14,13,103.7,176,Unhealthy,67.0,UG/M3,1 Hr,Valid
Tashkent,PM2.5 - Principal,2023-01-14 02:00 PM,2023,01,14,14,74.8,161,Unhealthy,46.0,UG/M3,1 Hr,Valid
Tashkent,PM2.5 - Principal,2023-01-14 03:00 PM,2023,01,14,15,59.9,153,Unhealthy,45.0,UG/M3,1 Hr,Valid
Tashkent,PM2.5 - Principal,2023-01-14 04:00 PM,2023,01,14,16,43.9,122,Unhealthy for Sensitive Groups,28.0,UG/M3,1 Hr,Valid
Tashkent,PM2.5 - Principal,2023-01-14 05:00 PM,2023,01,14,17,43.4,120,Unhealthy for Sensitive Groups,43.0,UG/M3,1 Hr,Valid
Tashkent,PM2.5 - Principal,2023-01-14 06:00 PM,2023,01,14,18,50.2,137,Unhealthy for Sensitive Groups,57.0,UG/M3,1 Hr,Valid
Tashkent,PM2.5 - Principal,2023-01-14 07:00 PM,2023,01,14,19,65.1,156,Unhealthy,80.0,UG/M3,1 Hr,Valid
Tashkent,PM2.5 - Principal,2023-01-14 08:00 PM,2023,01,14,20,101.5,175,Unhealthy,138.0,UG/M3,1 Hr,Valid
Tashkent,PM2.5 - Principal,2023-01-14 09:00 PM,2023,01,14,21,136.7,193,Unhealthy,172.0,UG/M3,1 Hr,Valid
Tashkent,PM2.5 - Principal,2023-01-14 10:00 PM,2023,01,14,22,188.3,238,Very Unhealthy,240.0,UG/M3,1 Hr,Valid
Tashkent,PM2.5 - Principal,2023-01-14 11:00 PM,2023,01,14,23,231.2,281,Very Unhealthy,274.0,UG/M3,1 Hr,Valid
Tashkent,PM2.5 - Principal,2023-01-15 12:00 AM,2023,01,15,00,252.1,303,Hazardous,273.0,UG/M3,1 Hr,Valid
Tashkent,PM2.5 - Principal,2023-01-15 01:00 AM,2023,01,15,01,182.0,232,Very Unhealthy,112.0,UG/M3,1 Hr,Valid
Tashkent,PM2.5 - Principal,2023-01-15 02:00 AM,2023,01,15,02,153.0,203,Very Unhealthy,124.0,UG/M3,1 Hr,Valid
Tashkent,PM2.5 - Principal,2023-01-15 03:00 AM,2023,01,15,03,117.5,183,Unhealthy,82.0,UG/M3,1 Hr,Valid
Tashkent,PM2.5 - Principal,2023-01-15 04:00 AM,2023,01,15,04,96.2,172,Unhealthy,75.0,UG/M3,1 Hr,Valid
Tashkent,PM2.5 - Principal,2023-01-15 05:00 AM,2023,01,15,05,108.1,178,Unhealthy,120.0,UG/M3,1 Hr,Valid
Tashkent,PM2.5 - Principal,2023-01-15 06:00 AM,2023,01,15,06,123.0,186,Unhealthy,138.0,UG/M3,1 Hr,Valid
Tashkent,PM2.5 - Principal,2023-01-15 07:00 AM,2023,01,15,07,131.5,190,Unhealthy,140.0,UG/M3,1 Hr,Valid
Tashkent,PM2.5 - Principal,2023-01-15 08:00 AM,2023,01,15,08,138.7,194,Unhealthy,146.0,UG/M3,1 Hr,Valid
Tashkent,PM2.5 - Principal,2023-01-15 09:00 AM,2023,01,15,09,141.8,196,Unhealthy,145.0,UG/M3,1 Hr,Valid
Tashkent,PM2.5 - Principal,2023-01-15 10:00 AM,2023,01,15,10,211.4,261,Very Unhealthy,281.0,UG/M3,1 Hr,Valid
Tashkent,PM2.5 - Principal,2023-01-15 11:00 AM,2023,01,15,11,193.7,244,Very Unhealthy,176.0,UG/M3,1 Hr,Valid
Tashkent,PM2.5 - Principal,2023-01-15 12:00 PM,2023,01,15,12,132.3,191,Unhealthy,71.0,UG/M3,1 Hr,Valid
Tashkent,PM2.5 - Principal,2023-01-15 01:00 PM,2023,01,15,13,87.6,168,Unhealthy,43.0,UG/M3,1 Hr,Valid
Tashkent,PM2.5 - Principal,2023-01-15 02:00 PM,2023,01,15,14,63.8,155,Unhealthy,40.0,UG/M3,1 Hr,Valid
Tashkent,PM2.5 - Principal,2023-01-15 03:00 PM,2023,01,15,15,50.4,138,Unhealthy for Sensitive Groups,37.0,UG/M3,1 Hr,Valid
Tashkent,PM2.5 - Principal,2023-01-15 04:00 PM,2023,01,15,16,42.1,117,Unhealthy for Sensitive Groups,34.0,UG/M3,1 Hr,Valid
Tashkent,PM2.5 - Principal,2023-01-15 05:00 PM,2023,01,15,17,42.5,118,Unhealthy for Sensitive Groups,43.0,UG/M3,1 Hr,Valid
Tashkent,PM2.5 - Principal,2023-01-15 06:00 PM,2023,01,15,18,56.2,151,Unhealthy,70.0,UG/M3,1 Hr,Valid
Tashkent,PM2.5 - Principal,2023-01-15 07:00 PM,2023,01,15,19,74.1,161,Unhealthy,92.0,UG/M3,1 Hr,Valid
Tashkent,PM2.5 - Principal,2023-01-15 08:00 PM,2023,01,15,20,132.5,191,Unhealthy,191.0,UG/M3,1 Hr,Valid
Tashkent,PM2.5 - Principal,2023-01-15 09:00 PM,2023,01,15,21,143.2,196,Unhealthy,154.0,UG/M3,1 Hr,Valid
Tashkent,PM2.5 - Principal,2023-01-15 10:00 PM,2023,01,15,22,176.6,227,Very Unhealthy,210.0,UG/M3,1 Hr,Valid
Tashkent,PM2.5 - Principal,2023-01-15 11:00 PM,2023,01,15,23,207.8,258,Very Unhealthy,239.0,UG/M3,1 Hr,Valid
Tashkent,PM2.5 - Principal,2023-01-16 12:00 AM,2023,01,16,00,216.4,266,Very Unhealthy,225.0,UG/M3,1 Hr,Valid
Tashkent,PM2.5 - Principal,2023-01-16 01:00 AM,2023,01,16,01,227.2,277,Very Unhealthy,238.0,UG/M3,1 Hr,Valid
Tashkent,PM2.5 - Principal,2023-01-16 02:00 AM,2023,01,16,02,235.6,285,Very Unhealthy,244.0,UG/M3,1 Hr,Valid
Tashkent,PM2.5 - Principal,2023-01-16 03:00 AM,2023,01,16,03,226.3,276,Very Unhealthy,217.0,UG/M3,1 Hr,Valid
Tashkent,PM2.5 - Principal,2023-01-16 04:00 AM,2023,01,16,04,209.1,259,Very Unhealthy,192.0,UG/M3,1 Hr,Valid
Tashkent,PM2.5 - Principal,2023-01-16 05:00 AM,2023,01,16,05,206.6,257,Very Unhealthy,204.0,UG/M3,1 Hr,Valid
Tashkent,PM2.5 - Principal,2023-01-16 06:00 AM,2023,01,16,06,196.8,247,Very Unhealthy,187.0,UG/M3,1 Hr,Valid
Tashkent,PM2.5 - Principal,2023-01-16 07:00 AM,2023,01,16,07,181.8,232,Very Unhealthy,151.0,UG/M3,1 Hr,Valid
Tashkent,PM2.5 - Principal,2023-01-16 08:00 AM,2023,01,16,08,159.1,210,Very Unhealthy,136.0,UG/M3,1 Hr,Valid
Tashkent,PM2.5 - Principal,2023-01-16 09:00 AM,2023,01,16,09,150.6,201,Very Unhealthy,140.0,UG/M3,1 Hr,Valid
Tashkent,PM2.5 - Principal,2023-01-16 10:00 AM,2023,01,16,10,178.2,228,Very Unhealthy,213.0,UG/M3,1 Hr,Valid
Tashkent,PM2.5 - Principal,2023-01-16 11:00 AM,2023,01,16,11,187.4,238,Very Unhealthy,199.0,UG/M3,1 Hr,Valid
Tashkent,PM2.5 - Principal,2023-01-16 12:00 PM,2023,01,16,12,149.7,200,Unhealthy,110.0,UG/M3,1 Hr,Valid
Tashkent,PM2.5 - Principal,2023-01-16 01:00 PM,2023,01,16,13,146.8,198,Unhealthy,144.0,UG/M3,1 Hr,Valid
Tashkent,PM2.5 - Principal,2023-01-16 02:00 PM,2023,01,16,14,123.4,186,Unhealthy,100.0,UG/M3,1 Hr,Valid
Tashkent,PM2.5 - Principal,2023-01-16 03:00 PM,2023,01,16,15,90.6,169,Unhealthy,58.0,UG/M3,1 Hr,Valid
Tashkent,PM2.5 - Principal,2023-01-16 04:00 PM,2023,01,16,16,69.3,158,Unhealthy,48.0,UG/M3,1 Hr,Valid
Tashkent,PM2.5 - Principal,2023-01-16 05:00 PM,2023,01,16,17,72.1,160,Unhealthy,75.0,UG/M3,1 Hr,Valid
Tashkent,PM2.5 - Principal,2023-01-16 06:00 PM,2023,01,16,18,96.5,172,Unhealthy,121.0,UG/M3,1 Hr,Valid
Tashkent,PM2.5 - Principal,2023-01-16 07:00 PM,2023,01,16,19,105.7,177,Unhealthy,115.0,UG/M3,1 Hr,Valid
Tashkent,PM2.5 - Principal,2023-01-16 08:00 PM,2023,01,16,20,158.3,209,Very Unhealthy,211.0,UG/M3,1 Hr,Valid
Tashkent,PM2.5 - Principal,2023-01-16 09:00 PM,2023,01,16,21,195.2,245,Very Unhealthy,232.0,UG/M3,1 Hr,Valid
Tashkent,PM2.5 - Principal,2023-01-16 10:00 PM,2023,01,16,22,215.6,266,Very Unhealthy,236.0,UG/M3,1 Hr,Valid
Tashkent,PM2.5 - Principal,2023-01-16 11:00 PM,2023,01,16,23,208.3,258,Very Unhealthy,201.0,UG/M3,1 Hr,Valid
Tashkent,PM2.5 - Principal,2023-01-17 12:00 AM,2023,01,17,00,214.1,264,Very Unhealthy,220.0,UG/M3,1 Hr,Valid
Tashkent,PM2.5 - Principal,2023-01-17 01:00 AM,2023,01,17,01,210.5,260,Very Unhealthy,207.0,UG/M3,1 Hr,Valid
Tashkent,PM2.5 - Principal,2023-01-17 02:00 AM,2023,01,17,02,212.3,262,Very Unhealthy,214.0,UG/M3,1 Hr,Valid
Tashkent,PM2.5 - Principal,2023-01-17 03:00 AM,2023,01,17,03,221.6,271,Very Unhealthy,231.0,UG/M3,1 Hr,Valid
Tashkent,PM2.5 - Principal,2023-01-17 04:00 AM,2023,01,17,04,221.3,271,Very Unhealthy,221.0,UG/M3,1 Hr,Valid
Tashkent,PM2.5 - Principal,2023-01-17 05:00 AM,2023,01,17,05,199.6,250,Very Unhealthy,178.0,UG/M3,1 Hr,Valid
Tashkent,PM2.5 - Principal,2023-01-17 06:00 AM,2023,01,17,06,197.3,247,Very Unhealthy,195.0,UG/M3,1 Hr,Valid
Tashkent,PM2.5 - Principal,2023-01-17 07:00 AM,2023,01,17,07,204.7,255,Very Unhealthy,203.0,UG/M3,1 Hr,Valid
Tashkent,PM2.5 - Principal,2023-01-17 08:00 AM,2023,01,17,08,199.9,250,Very Unhealthy,186.0,UG/M3,1 Hr,Valid
Tashkent,PM2.5 - Principal,2023-01-17 09:00 AM,2023,01,17,09,193.6,244,Very Unhealthy,177.0,UG/M3,1 Hr,Valid
Tashkent,PM2.5 - Principal,2023-01-17 10:00 AM,2023,01,17,10,160.3,211,Very Unhealthy,128.0,UG/M3,1 Hr,Valid
Tashkent,PM2.5 - Principal,2023-01-17 11:00 AM,2023,01,17,11,122.2,185,Unhealthy,88.0,UG/M3,1 Hr,Valid
Tashkent,PM2.5 - Principal,2023-01-17 12:00 PM,2023,01,17,12,86.0,167,Unhealthy,50.0,UG/M3,1 Hr,Valid
Tashkent,PM2.5 - Principal,2023-01-17 01:00 PM,2023,01,17,13,71.0,159,Unhealthy,56.0,UG/M3,1 Hr,Valid
Tashkent,PM2.5 - Principal,2023-01-17 02:00 PM,2023,01,17,14,57.4,152,Unhealthy,44.0,UG/M3,1 Hr,Valid
Tashkent,PM2.5 - Principal,2023-01-17 03:00 PM,2023,01,17,15,50.7,138,Unhealthy for Sensitive Groups,44.0,UG/M3,1 Hr,Valid
Tashkent,PM2.5 - Principal,2023-01-17 04:00 PM,2023,01,17,16,50.6,138,Unhealthy for Sensitive Groups,-999.0,UG/M3,1 Hr,Missing
Tashkent,PM2.5 - Principal,2023-01-17 05:00 PM,2023,01,17,17,39.5,111,Unhealthy for Sensitive Groups,34.0,UG/M3,1 Hr,Valid
Tashkent,PM2.5 - Principal,2023-01-17 06:00 PM,2023,01,17,18,48.3,133,Unhealthy for Sensitive Groups,55.0,UG/M3,1 Hr,Valid
Tashkent,PM2.5 - Principal,2023-01-17 07:00 PM,2023,01,17,19,86.0,167,Unhealthy,119.0,UG/M3,1 Hr,Valid
Tashkent,PM2.5 - Principal,2023-01-17 08:00 PM,2023,01,17,20,123.6,186,Unhealthy,159.0,UG/M3,1 Hr,Valid
Tashkent,PM2.5 - Principal,2023-01-17 09:00 PM,2023,01,17,21,136.0,193,Unhealthy,148.0,UG/M3,1 Hr,Valid
Tashkent,PM2.5 - Principal,2023-01-17 10:00 PM,2023,01,17,22,140.5,195,Unhealthy,145.0,UG/M3,1 Hr,Valid
Tashkent,PM2.5 - Principal,2023-01-17 11:00 PM,2023,01,17,23,200.0,250,Very Unhealthy,259.0,UG/M3,1 Hr,Valid
Tashkent,PM2.5 - Principal,2023-01-18 12:00 AM,2023,01,18,00,219.0,269,Very Unhealthy,238.0,UG/M3,1 Hr,Valid
Tashkent,PM2.5 - Principal,2023-01-18 01:00 AM,2023,01,18,01,224.0,274,Very Unhealthy,229.0,UG/M3,1 Hr,Valid
Tashkent,PM2.5 - Principal,2023-01-18 02:00 AM,2023,01,18,02,214.0,264,Very Unhealthy,204.0,UG/M3,1 Hr,Valid
Tashkent,PM2.5 - Principal,2023-01-18 03:00 AM,2023,01,18,03,217.0,267,Very Unhealthy,220.0,UG/M3,1 Hr,Valid
Tashkent,PM2.5 - Principal,2023-01-18 04:00 AM,2023,01,18,04,228.0,278,Very Unhealthy,239.0,UG/M3,1 Hr,Valid
Tashkent,PM2.5 - Principal,2023-01-18 05:00 AM,2023,01,18,05,200.0,250,Very Unhealthy,172.0,UG/M3,1 Hr,Valid
Tashkent,PM2.5 - Principal,2023-01-18 06:00 AM,2023,01,18,06,160.0,210,Very Unhealthy,120.0,UG/M3,1 Hr,Valid
Tashkent,PM2.5 - Principal,2023-01-18 07:00 AM,2023,01,18,07,132.0,190,Unhealthy,104.0,UG/M3,1 Hr,Valid
Tashkent,PM2.5 - Principal,2023-01-18 08:00 AM,2023,01,18,08,119.9,184,Unhealthy,108.0,UG/M3,1 Hr,Valid
Tashkent,PM2.5 - Principal,2023-01-18 09:00 AM,2023,01,18,09,100.4,174,Unhealthy,81.0,UG/M3,1 Hr,Valid
Tashkent,PM2.5 - Principal,2023-01-18 10:00 AM,2023,01,18,10,103.7,176,Unhealthy,107.0,UG/M3,1 Hr,Valid
Tashkent,PM2.5 - Principal,2023-01-18 11:00 AM,2023,01,18,11,97.3,173,Unhealthy,91.0,UG/M3,1 Hr,Valid
Tashkent,PM2.5 - Principal,2023-01-18 12:00 PM,2023,01,18,12,114.1,181,Unhealthy,131.0,UG/M3,1 Hr,Valid
Tashkent,PM2.5 - Principal,2023-01-18 01:00 PM,2023,01,18,13,119.0,184,Unhealthy,124.0,UG/M3,1 Hr,Valid
Tashkent,PM2.5 - Principal,2023-01-18 02:00 PM,2023,01,18,14,113.5,181,Unhealthy,108.0,UG/M3,1 Hr,Valid
Tashkent,PM2.5 - Principal,2023-01-18 03:00 PM,2023,01,18,15,90.2,169,Unhealthy,67.0,UG/M3,1 Hr,Valid
Tashkent,PM2.5 - Principal,2023-01-18 04:00 PM,2023,01,18,16,56.5,152,Unhealthy,23.0,UG/M3,1 Hr,Valid
Tashkent,PM2.5 - Principal,2023-01-18 05:00 PM,2023,01,18,17,44.7,124,Unhealthy for Sensitive Groups,33.0,UG/M3,1 Hr,Valid
Tashkent,PM2.5 - Principal,2023-01-18 06:00 PM,2023,01,18,18,53.3,145,Unhealthy for Sensitive Groups,62.0,UG/M3,1 Hr,Valid
Tashkent,PM2.5 - Principal,2023-01-18 07:00 PM,2023,01,18,19,66.6,157,Unhealthy,80.0,UG/M3,1 Hr,Valid
Tashkent,PM2.5 - Principal,2023-01-18 08:00 PM,2023,01,18,20,81.3,164,Unhealthy,96.0,UG/M3,1 Hr,Valid
Tashkent,PM2.5 - Principal,2023-01-18 09:00 PM,2023,01,18,21,132.1,191,Unhealthy,183.0,UG/M3,1 Hr,Valid
Tashkent,PM2.5 - Principal,2023-01-18 10:00 PM,2023,01,18,22,174.1,224,Very Unhealthy,216.0,UG/M3,1 Hr,Valid
Tashkent,PM2.5 - Principal,2023-01-18 11:00 PM,2023,01,18,23,198.5,249,Very Unhealthy,223.0,UG/M3,1 Hr,Valid
Tashkent,PM2.5 - Principal,2023-01-19 12:00 AM,2023,01,19,00,213.7,264,Very Unhealthy,229.0,UG/M3,1 Hr,Valid
Tashkent,PM2.5 - Principal,2023-01-19 01:00 AM,2023,01,19,01,209.9,260,Very Unhealthy,206.0,UG/M3,1 Hr,Valid
Tashkent,PM2.5 - Principal,2023-01-19 02:00 AM,2023,01,19,02,204.9,255,Very Unhealthy,200.0,UG/M3,1 Hr,Valid
Tashkent,PM2.5 - Principal,2023-01-19 03:00 AM,2023,01,19,03,223.0,273,Very Unhealthy,241.0,UG/M3,1 Hr,Valid
Tashkent,PM2.5 - Principal,2023-01-19 04:00 AM,2023,01,19,04,221.0,271,Very Unhealthy,219.0,UG/M3,1 Hr,Valid
Tashkent,PM2.5 - Principal,2023-01-19 05:00 AM,2023,01,19,05,226.5,276,Very Unhealthy,232.0,UG/M3,1 Hr,Valid
Tashkent,PM2.5 - Principal,2023-01-19 06:00 AM,2023,01,19,06,211.2,261,Very Unhealthy,196.0,UG/M3,1 Hr,Valid
Tashkent,PM2.5 - Principal,2023-01-19 07:00 AM,2023,01,19,07,182.1,232,Very Unhealthy,153.0,UG/M3,1 Hr,Valid
Tashkent,PM2.5 - Principal,2023-01-19 08:00 AM,2023,01,19,08,188.0,238,Very Unhealthy,182.0,UG/M3,1 Hr,Valid
Tashkent,PM2.5 - Principal,2023-01-19 09:00 AM,2023,01,19,09,179.2,229,Very Unhealthy,164.0,UG/M3,1 Hr,Valid
Tashkent,PM2.5 - Principal,2023-01-19 10:00 AM,2023,01,19,10,171.4,222,Very Unhealthy,158.0,UG/M3,1 Hr,Valid
Tashkent,PM2.5 - Principal,2023-01-19 11:00 AM,2023,01,19,11,144.1,197,Unhealthy,122.0,UG/M3,1 Hr,Valid
Tashkent,PM2.5 - Principal,2023-01-19 12:00 PM,2023,01,19,12,129.8,189,Unhealthy,116.0,UG/M3,1 Hr,Valid
Tashkent,PM2.5 - Principal,2023-01-19 01:00 PM,2023,01,19,13,126.9,188,Unhealthy,124.0,UG/M3,1 Hr,Valid
Tashkent,PM2.5 - Principal,2023-01-19 02:00 PM,2023,01,19,14,111.9,180,Unhealthy,97.0,UG/M3,1 Hr,Valid
Tashkent,PM2.5 - Principal,2023-01-19 03:00 PM,2023,01,19,15,77.9,163,Unhealthy,44.0,UG/M3,1 Hr,Valid
Tashkent,PM2.5 - Principal,2023-01-19 04:00 PM,2023,01,19,16,61.9,154,Unhealthy,46.0,UG/M3,1 Hr,Valid
Tashkent,PM2.5 - Principal,2023-01-19 05:00 PM,2023,01,19,17,60.4,154,Unhealthy,59.0,UG/M3,1 Hr,Valid
Tashkent,PM2.5 - Principal,2023-01-19 06:00 PM,2023,01,19,18,69.7,158,Unhealthy,79.0,UG/M3,1 Hr,Valid
Tashkent,PM2.5 - Principal,2023-01-19 07:00 PM,2023,01,19,19,98.8,173,Unhealthy,128.0,UG/M3,1 Hr,Valid
Tashkent,PM2.5 - Principal,2023-01-19 08:00 PM,2023,01,19,20,124.4,187,Unhealthy,150.0,UG/M3,1 Hr,Valid
Tashkent,PM2.5 - Principal,2023-01-19 09:00 PM,2023,01,19,21,148.7,199,Unhealthy,173.0,UG/M3,1 Hr,Valid
Tashkent,PM2.5 - Principal,2023-01-19 10:00 PM,2023,01,19,22,178.8,229,Very Unhealthy,209.0,UG/M3,1 Hr,Valid
Tashkent,PM2.5 - Principal,2023-01-19 11:00 PM,2023,01,19,23,212.4,262,Very Unhealthy,246.0,UG/M3,1 Hr,Valid
Tashkent,PM2.5 - Principal,2023-01-20 12:00 AM,2023,01,20,00,187.7,238,Very Unhealthy,163.0,UG/M3,1 Hr,Valid
Tashkent,PM2.5 - Principal,2023-01-20 01:00 AM,2023,01,20,01,171.3,222,Very Unhealthy,155.0,UG/M3,1 Hr,Valid
Tashkent,PM2.5 - Principal,2023-01-20 02:00 AM,2023,01,20,02,145.1,197,Unhealthy,119.0,UG/M3,1 Hr,Valid
Tashkent,PM2.5 - Principal,2023-01-20 03:00 AM,2023,01,20,03,131.6,190,Unhealthy,118.0,UG/M3,1 Hr,Valid
Tashkent,PM2.5 - Principal,2023-01-20 04:00 AM,2023,01,20,04,132.8,191,Unhealthy,134.0,UG/M3,1 Hr,Valid
Tashkent,PM2.5 - Principal,2023-01-20 05:00 AM,2023,01,20,05,143.9,197,Unhealthy,155.0,UG/M3,1 Hr,Valid
Tashkent,PM2.5 - Principal,2023-01-20 06:00 AM,2023,01,20,06,146.4,198,Unhealthy,149.0,UG/M3,1 Hr,Valid
Tashkent,PM2.5 - Principal,2023-01-20 07:00 AM,2023,01,20,07,161.2,212,Very Unhealthy,176.0,UG/M3,1 Hr,Valid
Tashkent,PM2.5 - Principal,2023-01-20 08:00 AM,2023,01,20,08,146.6,198,Unhealthy,132.0,UG/M3,1 Hr,Valid
Tashkent,PM2.5 - Principal,2023-01-20 09:00 AM,2023,01,20,09,144.3,197,Unhealthy,142.0,UG/M3,1 Hr,Valid
Tashkent,PM2.5 - Principal,2023-01-20 10:00 AM,2023,01,20,10,143.1,196,Unhealthy,142.0,UG/M3,1 Hr,Valid
Tashkent,PM2.5 - Principal,2023-01-20 11:00 AM,2023,01,20,11,144.1,197,Unhealthy,-999.0,UG/M3,1 Hr,Missing
Tashkent,PM2.5 - Principal,2023-01-20 12:00 PM,2023,01,20,12,89.6,169,Unhealthy,63.0,UG/M3,1 Hr,Valid
Tashkent,PM2.5 - Principal,2023-01-20 01:00 PM,2023,01,20,13,58.4,152,Unhealthy,35.0,UG/M3,1 Hr,Valid
Tashkent,PM2.5 - Principal,2023-01-20 02:00 PM,2023,01,20,14,43.2,120,Unhealthy for Sensitive Groups,30.0,UG/M3,1 Hr,Valid
Tashkent,PM2.5 - Principal,2023-01-20 03:00 PM,2023,01,20,15,42.5,118,Unhealthy for Sensitive Groups,42.0,UG/M3,1 Hr,Valid
Tashkent,PM2.5 - Principal,2023-01-20 04:00 PM,2023,01,20,16,55.9,151,Unhealthy,69.0,UG/M3,1 Hr,Valid
Tashkent,PM2.5 - Principal,2023-01-20 05:00 PM,2023,01,20,17,64.5,156,Unhealthy,73.0,UG/M3,1 Hr,Valid
Tashkent,PM2.5 - Principal,2023-01-20 06:00 PM,2023,01,20,18,71.7,159,Unhealthy,79.0,UG/M3,1 Hr,Valid
Tashkent,PM2.5 - Principal,2023-01-20 07:00 PM,2023,01,20,19,75.8,161,Unhealthy,80.0,UG/M3,1 Hr,Valid
Tashkent,PM2.5 - Principal,2023-01-20 08:00 PM,2023,01,20,20,70.9,159,Unhealthy,66.0,UG/M3,1 Hr,Valid
Tashkent,PM2.5 - Principal,2023-01-20 09:00 PM,2023,01,20,21,73.4,160,Unhealthy,76.0,UG/M3,1 Hr,Valid
Tashkent,PM2.5 - Principal,2023-01-20 10:00 PM,2023,01,20,22,136.7,193,Unhealthy,200.0,UG/M3,1 Hr,Valid
Tashkent,PM2.5 - Principal,2023-01-20 11:00 PM,2023,01,20,23,197.3,247,Very Unhealthy,258.0,UG/M3,1 Hr,Valid
Tashkent,PM2.5 - Principal,2023-01-21 12:00 AM,2023,01,21,00,224.2,274,Very Unhealthy,251.0,UG/M3,1 Hr,Valid
Tashkent,PM2.5 - Principal,2023-01-21 01:00 AM,2023,01,21,01,227.1,277,Very Unhealthy,230.0,UG/M3,1 Hr,Valid
Tashkent,PM2.5 - Principal,2023-01-21 02:00 AM,2023,01,21,02,217.0,267,Very Unhealthy,207.0,UG/M3,1 Hr,Valid
Tashkent,PM2.5 - Principal,2023-01-21 03:00 AM,2023,01,21,03,200.5,251,Very Unhealthy,184.0,UG/M3,1 Hr,Valid
Tashkent,PM2.5 - Principal,2023-01-21 04:00 AM,2023,01,21,04,189.7,240,Very Unhealthy,179.0,UG/M3,1 Hr,Valid
Tashkent,PM2.5 - Principal,2023-01-21 05:00 AM,2023,01,21,05,179.4,230,Very Unhealthy,169.0,UG/M3,1 Hr,Valid
Tashkent,PM2.5 - Principal,2023-01-21 06:00 AM,2023,01,21,06,185.7,236,Very Unhealthy,192.0,UG/M3,1 Hr,Valid
Tashkent,PM2.5 - Principal,2023-01-21 07:00 AM,2023,01,21,07,194.3,244,Very Unhealthy,203.0,UG/M3,1 Hr,Valid
Tashkent,PM2.5 - Principal,2023-01-21 08:00 AM,2023,01,21,08,208.2,258,Very Unhealthy,222.0,UG/M3,1 Hr,Valid
Tashkent,PM2.5 - Principal,2023-01-21 09:00 AM,2023,01,21,09,212.9,263,Very Unhealthy,230.0,UG/M3,1 Hr,Valid
Tashkent,PM2.5 - Principal,2023-01-21 10:00 AM,2023,01,21,10,192.6,243,Very Unhealthy,158.0,UG/M3,1 Hr,Valid
Tashkent,PM2.5 - Principal,2023-01-21 11:00 AM,2023,01,21,11,132.7,191,Unhealthy,77.0,UG/M3,1 Hr,Valid
Tashkent,PM2.5 - Principal,2023-01-21 12:00 PM,2023,01,21,12,92.8,170,Unhealthy,53.0,UG/M3,1 Hr,Valid
Tashkent,PM2.5 - Principal,2023-01-21 01:00 PM,2023,01,21,13,63.9,155,Unhealthy,35.0,UG/M3,1 Hr,Valid
Tashkent,PM2.5 - Principal,2023-01-21 02:00 PM,2023,01,21,14,53.4,145,Unhealthy for Sensitive Groups,43.0,UG/M3,1 Hr,Valid
Tashkent,PM2.5 - Principal,2023-01-21 03:00 PM,2023,01,21,15,53.1,144,Unhealthy for Sensitive Groups,53.0,UG/M3,1 Hr,Valid
Tashkent,PM2.5 - Principal,2023-01-21 04:00 PM,2023,01,21,16,60.0,153,Unhealthy,67.0,UG/M3,1 Hr,Valid
Tashkent,PM2.5 - Principal,2023-01-21 05:00 PM,2023,01,21,17,63.5,155,Unhealthy,67.0,UG/M3,1 Hr,Valid
Tashkent,PM2.5 - Principal,2023-01-21 06:00 PM,2023,01,21,18,70.2,159,Unhealthy,77.0,UG/M3,1 Hr,Valid
Tashkent,PM2.5 - Principal,2023-01-21 07:00 PM,2023,01,21,19,77.6,162,Unhealthy,85.0,UG/M3,1 Hr,Valid
Tashkent,PM2.5 - Principal,2023-01-21 08:00 PM,2023,01,21,20,87.2,167,Unhealthy,97.0,UG/M3,1 Hr,Valid
Tashkent,PM2.5 - Principal,2023-01-21 09:00 PM,2023,01,21,21,96.6,172,Unhealthy,106.0,UG/M3,1 Hr,Valid
Tashkent,PM2.5 - Principal,2023-01-21 10:00 PM,2023,01,21,22,133.8,191,Unhealthy,171.0,UG/M3,1 Hr,Valid
Tashkent,PM2.5 - Principal,2023-01-21 11:00 PM,2023,01,21,23,190.9,241,Very Unhealthy,248.0,UG/M3,1 Hr,Valid
Tashkent,PM2.5 - Principal,2023-01-22 12:00 AM,2023,01,22,00,224.9,275,Very Unhealthy,259.0,UG/M3,1 Hr,Valid
Tashkent,PM2.5 - Principal,2023-01-22 01:00 AM,2023,01,22,01,247.5,297,Very Unhealthy,270.0,UG/M3,1 Hr,Valid
Tashkent,PM2.5 - Principal,2023-01-22 02:00 AM,2023,01,22,02,247.2,297,Very Unhealthy,247.0,UG/M3,1 Hr,Valid
Tashkent,PM2.5 - Principal,2023-01-22 03:00 AM,2023,01,22,03,244.1,294,Very Unhealthy,241.0,UG/M3,1 Hr,Valid
Tashkent,PM2.5 - Principal,2023-01-22 04:00 AM,2023,01,22,04,284.1,334,Hazardous,324.0,UG/M3,1 Hr,Valid
Tashkent,PM2.5 - Principal,2023-01-22 05:00 AM,2023,01,22,05,323.0,373,Hazardous,362.0,UG/M3,1 Hr,Valid
Tashkent,PM2.5 - Principal,2023-01-22 06:00 AM,2023,01,22,06,322.5,372,Hazardous,322.0,UG/M3,1 Hr,Valid
Tashkent,PM2.5 - Principal,2023-01-22 07:00 AM,2023,01,22,07,292.3,342,Hazardous,262.0,UG/M3,1 Hr,Valid
Tashkent,PM2.5 - Principal,2023-01-22 08:00 AM,2023,01,22,08,262.6,313,Hazardous,233.0,UG/M3,1 Hr,Valid
Tashkent,PM2.5 - Principal,2023-01-22 09:00 AM,2023,01,22,09,205.3,255,Very Unhealthy,148.0,UG/M3,1 Hr,Valid
Tashkent,PM2.5 - Principal,2023-01-22 10:00 AM,2023,01,22,10,169.6,220,Very Unhealthy,134.0,UG/M3,1 Hr,Valid
Tashkent,PM2.5 - Principal,2023-01-22 11:00 AM,2023,01,22,11,137.3,193,Unhealthy,105.0,UG/M3,1 Hr,Valid
Tashkent,PM2.5 - Principal,2023-01-22 12:00 PM,2023,01,22,12,98.1,173,Unhealthy,59.0,UG/M3,1 Hr,Valid
Tashkent,PM2.5 - Principal,2023-01-22 01:00 PM,2023,01,22,13,78.5,163,Unhealthy,59.0,UG/M3,1 Hr,Valid
Tashkent,PM2.5 - Principal,2023-01-22 02:00 PM,2023,01,22,14,75.2,161,Unhealthy,72.0,UG/M3,1 Hr,Valid
Tashkent,PM2.5 - Principal,2023-01-22 03:00 PM,2023,01,22,15,73.1,160,Unhealthy,71.0,UG/M3,1 Hr,Valid
Tashkent,PM2.5 - Principal,2023-01-22 04:00 PM,2023,01,22,16,71.0,159,Unhealthy,69.0,UG/M3,1 Hr,Valid
Tashkent,PM2.5 - Principal,2023-01-22 05:00 PM,2023,01,22,17,69.9,158,Unhealthy,69.0,UG/M3,1 Hr,Valid
Tashkent,PM2.5 - Principal,2023-01-22 06:00 PM,2023,01,22,18,69.9,158,Unhealthy,-999.0,UG/M3,1 Hr,Missing
Tashkent,PM2.5 - Principal,2023-01-22 07:00 PM,2023,01,22,19,111.9,180,Unhealthy,133.0,UG/M3,1 Hr,Valid
Tashkent,PM2.5 - Principal,2023-01-22 08:00 PM,2023,01,22,20,156.5,207,Very Unhealthy,190.0,UG/M3,1 Hr,Valid
Tashkent,PM2.5 - Principal,2023-01-22 09:00 PM,2023,01,22,21,206.9,257,Very Unhealthy,251.0,UG/M3,1 Hr,Valid
Tashkent,PM2.5 - Principal,2023-01-22 10:00 PM,2023,01,22,22,244.6,294,Very Unhealthy,280.0,UG/M3,1 Hr,Valid
Tashkent,PM2.5 - Principal,2023-01-22 11:00 PM,2023,01,22,23,252.9,303,Hazardous,261.0,UG/M3,1 Hr,Valid
Tashkent,PM2.5 - Principal,2023-01-23 12:00 AM,2023,01,23,00,249.9,300,Very Unhealthy,247.0,UG/M3,1 Hr,Valid
Tashkent,PM2.5 - Principal,2023-01-23 01:00 AM,2023,01,23,01,257.5,308,Hazardous,265.0,UG/M3,1 Hr,Valid
Tashkent,PM2.5 - Principal,2023-01-23 02:00 AM,2023,01,23,02,282.3,333,Hazardous,307.0,UG/M3,1 Hr,Valid
Tashkent,PM2.5 - Principal,2023-01-23 03:00 AM,2023,01,23,03,266.6,317,Hazardous,251.0,UG/M3,1 Hr,Valid
Tashkent,PM2.5 - Principal,2023-01-23 04:00 AM,2023,01,23,04,247.8,297,Very Unhealthy,229.0,UG/M3,1 Hr,Valid
Tashkent,PM2.5 - Principal,2023-01-23 05:00 AM,2023,01,23,05,239.9,290,Very Unhealthy,232.0,UG/M3,1 Hr,Valid
Tashkent,PM2.5 - Principal,2023-01-23 06:00 AM,2023,01,23,06,240.4,290,Very Unhealthy,241.0,UG/M3,1 Hr,Valid
Tashkent,PM2.5 - Principal,2023-01-23 07:00 AM,2023,01,23,07,252.2,303,Hazardous,267.0,UG/M3,1 Hr,Valid
Tashkent,PM2.5 - Principal,2023-01-23 08:00 AM,2023,01,23,08,198.8,249,Very Unhealthy,144.0,UG/M3,1 Hr,Valid
Tashkent,PM2.5 - Principal,2023-01-23 09:00 AM,2023,01,23,09,177.9,228,Very Unhealthy,157.0,UG/M3,1 Hr,Valid
Tashkent,PM2.5 - Principal,2023-01-23 10:00 AM,2023,01,23,10,168.9,219,Very Unhealthy,160.0,UG/M3,1 Hr,Valid
Tashkent,PM2.5 - Principal,2023-01-23 11:00 AM,2023,01,23,11,173.4,224,Very Unhealthy,178.0,UG/M3,1 Hr,Valid
Tashkent,PM2.5 - Principal,2023-01-23 12:00 PM,2023,01,23,12,162.7,213,Very Unhealthy,152.0,UG/M3,1 Hr,Valid
Tashkent,PM2.5 - Principal,2023-01-23 01:00 PM,2023,01,23,13,137.3,193,Unhealthy,112.0,UG/M3,1 Hr,Valid
Tashkent,PM2.5 - Principal,2023-01-23 02:00 PM,2023,01,23,14,123.1,186,Unhealthy,109.0,UG/M3,1 Hr,Valid
Tashkent,PM2.5 - Principal,2023-01-23 03:00 PM,2023,01,23,15,109.5,179,Unhealthy,96.0,UG/M3,1 Hr,Valid
Tashkent,PM2.5 - Principal,2023-01-23 04:00 PM,2023,01,23,16,99.7,174,Unhealthy,90.0,UG/M3,1 Hr,Valid
Tashkent,PM2.5 - Principal,2023-01-23 05:00 PM,2023,01,23,17,100.3,174,Unhealthy,101.0,UG/M3,1 Hr,Valid
Tashkent,PM2.5 - Principal,2023-01-23 06:00 PM,2023,01,23,18,102.6,175,Unhealthy,105.0,UG/M3,1 Hr,Valid
Tashkent,PM2.5 - Principal,2023-01-23 07:00 PM,2023,01,23,19,106.2,177,Unhealthy,110.0,UG/M3,1 Hr,Valid
Tashkent,PM2.5 - Principal,2023-01-23 08:00 PM,2023,01,23,20,137.2,193,Unhealthy,169.0,UG/M3,1 Hr,Valid
Tashkent,PM2.5 - Principal,2023-01-23 09:00 PM,2023,01,23,21,163.8,214,Very Unhealthy,190.0,UG/M3,1 Hr,Valid
Tashkent,PM2.5 - Principal,2023-01-23 10:00 PM,2023,01,23,22,186.9,237,Very Unhealthy,210.0,UG/M3,1 Hr,Valid
Tashkent,PM2.5 - Principal,2023-01-23 11:00 PM,2023,01,23,23,184.9,235,Very Unhealthy,183.0,UG/M3,1 Hr,Valid
Tashkent,PM2.5 - Principal,2023-01-24 12:00 AM,2023,01,24,00,218.4,268,Very Unhealthy,252.0,UG/M3,1 Hr,Valid
Tashkent,PM2.5 - Principal,2023-01-24 01:00 AM,2023,01,24,01,232.7,282,Very Unhealthy,247.0,UG/M3,1 Hr,Valid
Tashkent,PM2.5 - Principal,2023-01-24 02:00 AM,2023,01,24,02,228.3,278,Very Unhealthy,224.0,UG/M3,1 Hr,Valid
Tashkent,PM2.5 - Principal,2023-01-24 03:00 AM,2023,01,24,03,210.7,261,Very Unhealthy,193.0,UG/M3,1 Hr,Valid
Tashkent,PM2.5 - Principal,2023-01-24 04:00 AM,2023,01,24,04,194.8,245,Very Unhealthy,179.0,UG/M3,1 Hr,Valid
Tashkent,PM2.5 - Principal,2023-01-24 05:00 AM,2023,01,24,05,182.4,233,Very Unhealthy,170.0,UG/M3,1 Hr,Valid
Tashkent,PM2.5 - Principal,2023-01-24 06:00 AM,2023,01,24,06,175.7,226,Very Unhealthy,169.0,UG/M3,1 Hr,Valid
Tashkent,PM2.5 - Principal,2023-01-24 07:00 AM,2023,01,24,07,187.2,237,Very Unhealthy,194.0,UG/M3,1 Hr,Valid
Tashkent,PM2.5 - Principal,2023-01-24 08:00 AM,2023,01,24,08,187.8,238,Very Unhealthy,189.0,UG/M3,1 Hr,Valid
Tashkent,PM2.5 - Principal,2023-01-24 09:00 AM,2023,01,24,09,183.2,233,Very Unhealthy,174.0,UG/M3,1 Hr,Valid
Tashkent,PM2.5 - Principal,2023-01-24 10:00 AM,2023,01,24,10,171.0,221,Very Unhealthy,154.0,UG/M3,1 Hr,Valid
Tashkent,PM2.5 - Principal,2023-01-24 11:00 AM,2023,01,24,11,150.8,201,Very Unhealthy,132.0,UG/M3,1 Hr,Valid
Tashkent,PM2.5 - Principal,2023-01-24 12:00 PM,2023,01,24,12,120.2,184,Unhealthy,91.0,UG/M3,1 Hr,Valid
Tashkent,PM2.5 - Principal,2023-01-24 01:00 PM,2023,01,24,13,99.6,174,Unhealthy,79.0,UG/M3,1 Hr,Valid
Tashkent,PM2.5 - Principal,2023-01-24 02:00 PM,2023,01,24,14,78.7,163,Unhealthy,58.0,UG/M3,1 Hr,Valid
Tashkent,PM2.5 - Principal,2023-01-24 03:00 PM,2023,01,24,15,73.3,160,Unhealthy,68.0,UG/M3,1 Hr,Valid
Tashkent,PM2.5 - Principal,2023-01-24 04:00 PM,2023,01,24,16,75.1,161,Unhealthy,77.0,UG/M3,1 Hr,Valid
Tashkent,PM2.5 - Principal,2023-01-24 05:00 PM,2023,01,24,17,79.5,163,Unhealthy,84.0,UG/M3,1 Hr,Valid
Tashkent,PM2.5 - Principal,2023-01-24 06:00 PM,2023,01,24,18,91.7,170,Unhealthy,104.0,UG/M3,1 Hr,Valid
Tashkent,PM2.5 - Principal,2023-01-24 07:00 PM,2023,01,24,19,116.3,182,Unhealthy,141.0,UG/M3,1 Hr,Valid
Tashkent,PM2.5 - Principal,2023-01-24 08:00 PM,2023,01,24,20,153.6,204,Very Unhealthy,191.0,UG/M3,1 Hr,Valid
Tashkent,PM2.5 - Principal,2023-01-24 09:00 PM,2023,01,24,21,173.8,224,Very Unhealthy,194.0,UG/M3,1 Hr,Valid
Tashkent,PM2.5 - Principal,2023-01-24 10:00 PM,2023,01,24,22,204.9,255,Very Unhealthy,236.0,UG/M3,1 Hr,Valid
Tashkent,PM2.5 - Principal,2023-01-24 11:00 PM,2023,01,24,23,225.9,276,Very Unhealthy,247.0,UG/M3,1 Hr,Valid
Tashkent,PM2.5 - Principal,2023-01-25 12:00 AM,2023,01,25,00,240.0,290,Very Unhealthy,254.0,UG/M3,1 Hr,Valid
Tashkent,PM2.5 - Principal,2023-01-25 01:00 AM,2023,01,25,01,255.5,306,Hazardous,271.0,UG/M3,1 Hr,Valid
Tashkent,PM2.5 - Principal,2023-01-25 02:00 AM,2023,01,25,02,290.2,340,Hazardous,325.0,UG/M3,1 Hr,Valid
Tashkent,PM2.5 - Principal,2023-01-25 03:00 AM,2023,01,25,03,303.1,353,Hazardous,316.0,UG/M3,1 Hr,Valid
Tashkent,PM2.5 - Principal,2023-01-25 04:00 AM,2023,01,25,04,271.6,322,Hazardous,240.0,UG/M3,1 Hr,Valid
Tashkent,PM2.5 - Principal,2023-01-25 05:00 AM,2023,01,25,05,220.3,270,Very Unhealthy,169.0,UG/M3,1 Hr,Valid
Tashkent,PM2.5 - Principal,2023-01-25 06:00 AM,2023,01,25,06,203.1,253,Very Unhealthy,186.0,UG/M3,1 Hr,Valid
Tashkent,PM2.5 - Principal,2023-01-25 07:00 AM,2023,01,25,07,192.5,243,Very Unhealthy,179.0,UG/M3,1 Hr,Valid
Tashkent,PM2.5 - Principal,2023-01-25 08:00 AM,2023,01,25,08,184.6,235,Very Unhealthy,176.0,UG/M3,1 Hr,Valid
Tashkent,PM2.5 - Principal,2023-01-25 09:00 AM,2023,01,25,09,163.2,214,Very Unhealthy,143.0,UG/M3,1 Hr,Valid
Tashkent,PM2.5 - Principal,2023-01-25 10:00 AM,2023,01,25,10,125.6,187,Unhealthy,88.0,UG/M3,1 Hr,Valid
Tashkent,PM2.5 - Principal,2023-01-25 11:00 AM,2023,01,25,11,74.7,161,Unhealthy,24.0,UG/M3,1 Hr,Valid
Tashkent,PM2.5 - Principal,2023-01-25 12:00 PM,2023,01,25,12,54.8,149,Unhealthy for Sensitive Groups,35.0,UG/M3,1 Hr,Valid
Tashkent,PM2.5 - Principal,2023-01-25 01:00 PM,2023,01,25,13,58.9,153,Unhealthy,63.0,UG/M3,1 Hr,Valid
Tashkent,PM2.5 - Principal,2023-01-25 02:00 PM,2023,01,25,14,56.4,151,Unhealthy,54.0,UG/M3,1 Hr,Valid
Tashkent,PM2.5 - Principal,2023-01-25 03:00 PM,2023,01,25,15,58.1,152,Unhealthy,60.0,UG/M3,1 Hr,Valid
Tashkent,PM2.5 - Principal,2023-01-25 04:00 PM,2023,01,25,16,79.0,163,Unhealthy,100.0,UG/M3,1 Hr,Valid
Tashkent,PM2.5 - Principal,2023-01-25 05:00 PM,2023,01,25,17,92.0,170,Unhealthy,105.0,UG/M3,1 Hr,Valid
Tashkent,PM2.5 - Principal,2023-01-25 06:00 PM,2023,01,25,18,110.5,179,Unhealthy,129.0,UG/M3,1 Hr,Valid
Tashkent,PM2.5 - Principal,2023-01-25 07:00 PM,2023,01,25,19,128.7,189,Unhealthy,147.0,UG/M3,1 Hr,Valid
Tashkent,PM2.5 - Principal,2023-01-25 08:00 PM,2023,01,25,20,136.3,193,Unhealthy,144.0,UG/M3,1 Hr,Valid
Tashkent,PM2.5 - Principal,2023-01-25 09:00 PM,2023,01,25,21,150.1,200,Unhealthy,164.0,UG/M3,1 Hr,Valid
Tashkent,PM2.5 - Principal,2023-01-25 10:00 PM,2023,01,25,22,169.6,220,Very Unhealthy,189.0,UG/M3,1 Hr,Valid
Tashkent,PM2.5 - Principal,2023-01-25 11:00 PM,2023,01,25,23,172.3,223,Very Unhealthy,175.0,UG/M3,1 Hr,Valid
Tashkent,PM2.5 - Principal,2023-01-26 12:00 AM,2023,01,26,00,196.6,247,Very Unhealthy,221.0,UG/M3,1 Hr,Valid
Tashkent,PM2.5 - Principal,2023-01-26 01:00 AM,2023,01,26,01,224.3,274,Very Unhealthy,252.0,UG/M3,1 Hr,Valid
Tashkent,PM2.5 - Principal,2023-01-26 02:00 AM,2023,01,26,02,264.7,315,Hazardous,305.0,UG/M3,1 Hr,Valid
Tashkent,PM2.5 - Principal,2023-01-26 03:00 AM,2023,01,26,03,301.3,351,Hazardous,338.0,UG/M3,1 Hr,Valid
Tashkent,PM2.5 - Principal,2023-01-26 04:00 AM,2023,01,26,04,339.2,389,Hazardous,377.0,UG/M3,1 Hr,Valid
Tashkent,PM2.5 - Principal,2023-01-26 05:00 AM,2023,01,26,05,333.6,383,Hazardous,328.0,UG/M3,1 Hr,Valid
Tashkent,PM2.5 - Principal,2023-01-26 06:00 AM,2023,01,26,06,322.8,373,Hazardous,312.0,UG/M3,1 Hr,Valid
Tashkent,PM2.5 - Principal,2023-01-26 07:00 AM,2023,01,26,07,280.4,331,Hazardous,238.0,UG/M3,1 Hr,Valid
Tashkent,PM2.5 - Principal,2023-01-26 08:00 AM,2023,01,26,08,258.2,309,Hazardous,236.0,UG/M3,1 Hr,Valid
Tashkent,PM2.5 - Principal,2023-01-26 09:00 AM,2023,01,26,09,236.1,286,Very Unhealthy,214.0,UG/M3,1 Hr,Valid
Tashkent,PM2.5 - Principal,2023-01-26 10:00 AM,2023,01,26,10,195.0,245,Very Unhealthy,154.0,UG/M3,1 Hr,Valid
Tashkent,PM2.5 - Principal,2023-01-26 11:00 AM,2023,01,26,11,158.0,208,Very Unhealthy,121.0,UG/M3,1 Hr,Valid
Tashkent,PM2.5 - Principal,2023-01-26 12:00 PM,2023,01,26,12,104.9,177,Unhealthy,52.0,UG/M3,1 Hr,Valid
Tashkent,PM2.5 - Principal,2023-01-26 01:00 PM,2023,01,26,13,81.9,165,Unhealthy,59.0,UG/M3,1 Hr,Valid
Tashkent,PM2.5 - Principal,2023-01-26 02:00 PM,2023,01,26,14,80.4,164,Unhealthy,79.0,UG/M3,1 Hr,Valid
Tashkent,PM2.5 - Principal,2023-01-26 03:00 PM,2023,01,26,15,78.6,163,Unhealthy,77.0,UG/M3,1 Hr,Valid
Tashkent,PM2.5 - Principal,2023-01-26 04:00 PM,2023,01,26,16,77.3,162,Unhealthy,76.0,UG/M3,1 Hr,Valid
Tashkent,PM2.5 - Principal,2023-01-26 05:00 PM,2023,01,26,17,64.1,155,Unhealthy,51.0,UG/M3,1 Hr,Valid
Tashkent,PM2.5 - Principal,2023-01-26 06:00 PM,2023,01,26,18,51.5,140,Unhealthy for Sensitive Groups,39.0,UG/M3,1 Hr,Valid
Tashkent,PM2.5 - Principal,2023-01-26 07:00 PM,2023,01,26,19,50.2,137,Unhealthy for Sensitive Groups,49.0,UG/M3,1 Hr,Valid
Tashkent,PM2.5 - Principal,2023-01-26 08:00 PM,2023,01,26,20,61.6,154,Unhealthy,73.0,UG/M3,1 Hr,Valid
Tashkent,PM2.5 - Principal,2023-01-26 09:00 PM,2023,01,26,21,107.7,178,Unhealthy,154.0,UG/M3,1 Hr,Valid
Tashkent,PM2.5 - Principal,2023-01-26 10:00 PM,2023,01,26,22,155.9,206,Very Unhealthy,204.0,UG/M3,1 Hr,Valid
Tashkent,PM2.5 - Principal,2023-01-26 11:00 PM,2023,01,26,23,175.4,226,Very Unhealthy,195.0,UG/M3,1 Hr,Valid
Tashkent,PM2.5 - Principal,2023-01-27 12:00 AM,2023,01,27,00,194.7,245,Very Unhealthy,214.0,UG/M3,1 Hr,Valid
Tashkent,PM2.5 - Principal,2023-01-27 01:00 AM,2023,01,27,01,199.3,249,Very Unhealthy,204.0,UG/M3,1 Hr,Valid
Tashkent,PM2.5 - Principal,2023-01-27 02:00 AM,2023,01,27,02,174.7,225,Very Unhealthy,150.0,UG/M3,1 Hr,Valid
Tashkent,PM2.5 - Principal,2023-01-27 03:00 AM,2023,01,27,03,207.8,258,Very Unhealthy,241.0,UG/M3,1 Hr,Valid
Tashkent,PM2.5 - Principal,2023-01-27 04:00 AM,2023,01,27,04,205.9,256,Very Unhealthy,204.0,UG/M3,1 Hr,Valid
Tashkent,PM2.5 - Principal,2023-01-27 05:00 AM,2023,01,27,05,183.9,234,Very Unhealthy,162.0,UG/M3,1 Hr,Valid
Tashkent,PM2.5 - Principal,2023-01-27 06:00 AM,2023,01,27,06,172.0,222,Very Unhealthy,160.0,UG/M3,1 Hr,Valid
Tashkent,PM2.5 - Principal,2023-01-27 07:00 AM,2023,01,27,07,172.5,223,Very Unhealthy,173.0,UG/M3,1 Hr,Valid
Tashkent,PM2.5 - Principal,2023-01-27 08:00 AM,2023,01,27,08,178.4,229,Very Unhealthy,183.0,UG/M3,1 Hr,Valid
Tashkent,PM2.5 - Principal,2023-01-27 09:00 AM,2023,01,27,09,181.7,232,Very Unhealthy,187.0,UG/M3,1 Hr,Valid
Tashkent,PM2.5 - Principal,2023-01-27 10:00 AM,2023,01,27,10,187.4,238,Very Unhealthy,197.0,UG/M3,1 Hr,Valid
Tashkent,PM2.5 - Principal,2023-01-27 11:00 AM,2023,01,27,11,188.4,239,Very Unhealthy,190.0,UG/M3,1 Hr,Valid
Tashkent,PM2.5 - Principal,2023-01-27 12:00 PM,2023,01,27,12,186.3,236,Very Unhealthy,183.0,UG/M3,1 Hr,Valid
Tashkent,PM2.5 - Principal,2023-01-27 01:00 PM,2023,01,27,13,184.2,234,Very Unhealthy,181.0,UG/M3,1 Hr,Valid
Tashkent,PM2.5 - Principal,2023-01-27 02:00 PM,2023,01,27,14,195.8,246,Very Unhealthy,218.0,UG/M3,1 Hr,Valid
Tashkent,PM2.5 - Principal,2023-01-27 03:00 PM,2023,01,27,15,170.4,221,Very Unhealthy,130.0,UG/M3,1 Hr,Valid
Tashkent,PM2.5 - Principal,2023-01-27 04:00 PM,2023,01,27,16,124.1,186,Unhealthy,83.0,UG/M3,1 Hr,Valid
Tashkent,PM2.5 - Principal,2023-01-27 05:00 PM,2023,01,27,17,85.0,166,Unhealthy,46.0,UG/M3,1 Hr,Valid
Tashkent,PM2.5 - Principal,2023-01-27 06:00 PM,2023,01,27,18,72.5,160,Unhealthy,60.0,UG/M3,1 Hr,Valid
Tashkent,PM2.5 - Principal,2023-01-27 07:00 PM,2023,01,27,19,69.2,158,Unhealthy,66.0,UG/M3,1 Hr,Valid
Tashkent,PM2.5 - Principal,2023-01-27 08:00 PM,2023,01,27,20,96.6,172,Unhealthy,124.0,UG/M3,1 Hr,Valid
Tashkent,PM2.5 - Principal,2023-01-27 09:00 PM,2023,01,27,21,120.3,184,Unhealthy,144.0,UG/M3,1 Hr,Valid
Tashkent,PM2.5 - Principal,2023-01-27 10:00 PM,2023,01,27,22,148.6,199,Unhealthy,177.0,UG/M3,1 Hr,Valid
Tashkent,PM2.5 - Principal,2023-01-27 11:00 PM,2023,01,27,23,163.3,214,Very Unhealthy,178.0,UG/M3,1 Hr,Valid
Tashkent,PM2.5 - Principal,2023-01-28 12:00 AM,2023,01,28,00,170.6,221,Very Unhealthy,178.0,UG/M3,1 Hr,Valid
Tashkent,PM2.5 - Principal,2023-01-28 01:00 AM,2023,01,28,01,147.3,198,Unhealthy,124.0,UG/M3,1 Hr,Valid
Tashkent,PM2.5 - Principal,2023-01-28 02:00 AM,2023,01,28,02,115.1,182,Unhealthy,83.0,UG/M3,1 Hr,Valid
Tashkent,PM2.5 - Principal,2023-01-28 03:00 AM,2023,01,28,03,101.5,175,Unhealthy,88.0,UG/M3,1 Hr,Valid
Tashkent,PM2.5 - Principal,2023-01-28 04:00 AM,2023,01,28,04,97.7,173,Unhealthy,94.0,UG/M3,1 Hr,Valid
Tashkent,PM2.5 - Principal,2023-01-28 05:00 AM,2023,01,28,05,99.8,174,Unhealthy,102.0,UG/M3,1 Hr,Valid
Tashkent,PM2.5 - Principal,2023-01-28 06:00 AM,2023,01,28,06,110.9,180,Unhealthy,122.0,UG/M3,1 Hr,Valid
Tashkent,PM2.5 - Principal,2023-01-28 07:00 AM,2023,01,28,07,107.9,178,Unhealthy,105.0,UG/M3,1 Hr,Valid
Tashkent,PM2.5 - Principal,2023-01-28 08:00 AM,2023,01,28,08,100.9,174,Unhealthy,94.0,UG/M3,1 Hr,Valid
Tashkent,PM2.5 - Principal,2023-01-28 09:00 AM,2023,01,28,09,90.4,169,Unhealthy,80.0,UG/M3,1 Hr,Valid
Tashkent,PM2.5 - Principal,2023-01-28 10:00 AM,2023,01,28,10,79.7,163,Unhealthy,69.0,UG/M3,1 Hr,Valid
Tashkent,PM2.5 - Principal,2023-01-28 11:00 AM,2023,01,28,11,65.8,156,Unhealthy,52.0,UG/M3,1 Hr,Valid
Tashkent,PM2.5 - Principal,2023-01-28 12:00 PM,2023,01,28,12,51.4,140,Unhealthy for Sensitive Groups,37.0,UG/M3,1 Hr,Valid
Tashkent,PM2.5 - Principal,2023-01-28 01:00 PM,2023,01,28,13,40.1,112,Unhealthy for Sensitive Groups,29.0,UG/M3,1 Hr,Valid
Tashkent,PM2.5 - Principal,2023-01-28 02:00 PM,2023,01,28,14,37.0,105,Unhealthy for Sensitive Groups,34.0,UG/M3,1 Hr,Valid
Tashkent,PM2.5 - Principal,2023-01-28 03:00 PM,2023,01,28,15,30.0,89,Moderate,23.0,UG/M3,1 Hr,Valid
Tashkent,PM2.5 - Principal,2023-01-28 04:00 PM,2023,01,28,16,29.5,88,Moderate,29.0,UG/M3,1 Hr,Valid
Tashkent,PM2.5 - Principal,2023-01-28 05:00 PM,2023,01,28,17,33.2,95,Moderate,37.0,UG/M3,1 Hr,Valid
Tashkent,PM2.5 - Principal,2023-01-28 06:00 PM,2023,01,28,18,37.6,106,Unhealthy for Sensitive Groups,42.0,UG/M3,1 Hr,Valid
Tashkent,PM2.5 - Principal,2023-01-28 07:00 PM,2023,01,28,19,45.8,126,Unhealthy for Sensitive Groups,54.0,UG/M3,1 Hr,Valid
Tashkent,PM2.5 - Principal,2023-01-28 08:00 PM,2023,01,28,20,56.8,152,Unhealthy,68.0,UG/M3,1 Hr,Valid
Tashkent,PM2.5 - Principal,2023-01-28 09:00 PM,2023,01,28,21,92.4,170,Unhealthy,128.0,UG/M3,1 Hr,Valid
Tashkent,PM2.5 - Principal,2023-01-28 10:00 PM,2023,01,28,22,141.2,195,Unhealthy,190.0,UG/M3,1 Hr,Valid
Tashkent,PM2.5 - Principal,2023-01-28 11:00 PM,2023,01,28,23,164.6,215,Very Unhealthy,188.0,UG/M3,1 Hr,Valid
Tashkent,PM2.5 - Principal,2023-01-29 12:00 AM,2023,01,29,00,177.8,228,Very Unhealthy,191.0,UG/M3,1 Hr,Valid
Tashkent,PM2.5 - Principal,2023-01-29 01:00 AM,2023,01,29,01,188.4,239,Very Unhealthy,199.0,UG/M3,1 Hr,Valid
Tashkent,PM2.5 - Principal,2023-01-29 02:00 AM,2023,01,29,02,209.7,260,Very Unhealthy,231.0,UG/M3,1 Hr,Valid
Tashkent,PM2.5 - Principal,2023-01-29 03:00 AM,2023,01,29,03,230.3,280,Very Unhealthy,251.0,UG/M3,1 Hr,Valid
Tashkent,PM2.5 - Principal,2023-01-29 04:00 AM,2023,01,29,04,234.7,284,Very Unhealthy,239.0,UG/M3,1 Hr,Valid
Tashkent,PM2.5 - Principal,2023-01-29 05:00 AM,2023,01,29,05,224.3,274,Very Unhealthy,214.0,UG/M3,1 Hr,Valid
Tashkent,PM2.5 - Principal,2023-01-29 06:00 AM,2023,01,29,06,202.2,252,Very Unhealthy,180.0,UG/M3,1 Hr,Valid
Tashkent,PM2.5 - Principal,2023-01-29 07:00 AM,2023,01,29,07,185.1,235,Very Unhealthy,168.0,UG/M3,1 Hr,Valid
Tashkent,PM2.5 - Principal,2023-01-29 08:00 AM,2023,01,29,08,170.6,221,Very Unhealthy,155.0,UG/M3,1 Hr,Valid
Tashkent,PM2.5 - Principal,2023-01-29 09:00 AM,2023,01,29,09,170.2,221,Very Unhealthy,158.0,UG/M3,1 Hr,Valid
Tashkent,PM2.5 - Principal,2023-01-29 10:00 AM,2023,01,29,10,164.7,215,Very Unhealthy,156.0,UG/M3,1 Hr,Valid
Tashkent,PM2.5 - Principal,2023-01-29 11:00 AM,2023,01,29,11,166.3,217,Very Unhealthy,169.0,UG/M3,1 Hr,Valid
Tashkent,PM2.5 - Principal,2023-01-29 12:00 PM,2023,01,29,12,146.6,198,Unhealthy,128.0,UG/M3,1 Hr,Valid
Tashkent,PM2.5 - Principal,2023-01-29 01:00 PM,2023,01,29,13,149.2,199,Unhealthy,152.0,UG/M3,1 Hr,Valid
Tashkent,PM2.5 - Principal,2023-01-29 02:00 PM,2023,01,29,14,168.7,219,Very Unhealthy,189.0,UG/M3,1 Hr,Valid
Tashkent,PM2.5 - Principal,2023-01-29 03:00 PM,2023,01,29,15,168.8,219,Very Unhealthy,170.0,UG/M3,1 Hr,Valid
Tashkent,PM2.5 - Principal,2023-01-29 04:00 PM,2023,01,29,16,170.5,221,Very Unhealthy,175.0,UG/M3,1 Hr,Valid
Tashkent,PM2.5 - Principal,2023-01-29 05:00 PM,2023,01,29,17,170.5,221,Very Unhealthy,174.0,UG/M3,1 Hr,Valid
Tashkent,PM2.5 - Principal,2023-01-29 06:00 PM,2023,01,29,18,168.6,219,Very Unhealthy,165.0,UG/M3,1 Hr,Valid
Tashkent,PM2.5 - Principal,2023-01-29 07:00 PM,2023,01,29,19,164.2,215,Very Unhealthy,155.0,UG/M3,1 Hr,Valid
Tashkent,PM2.5 - Principal,2023-01-29 08:00 PM,2023,01,29,20,174.3,225,Very Unhealthy,194.0,UG/M3,1 Hr,Valid
Tashkent,PM2.5 - Principal,2023-01-29 09:00 PM,2023,01,29,21,187.4,238,Very Unhealthy,207.0,UG/M3,1 Hr,Valid
Tashkent,PM2.5 - Principal,2023-01-29 10:00 PM,2023,01,29,22,191.9,242,Very Unhealthy,199.0,UG/M3,1 Hr,Valid
Tashkent,PM2.5 - Principal,2023-01-29 11:00 PM,2023,01,29,23,193.5,244,Very Unhealthy,196.0,UG/M3,1 Hr,Valid
Tashkent,PM2.5 - Principal,2023-01-30 12:00 AM,2023,01,30,00,188.9,239,Very Unhealthy,186.0,UG/M3,1 Hr,Valid
Tashkent,PM2.5 - Principal,2023-01-30 01:00 AM,2023,01,30,01,187.1,237,Very Unhealthy,182.0,UG/M3,1 Hr,Valid
Tashkent,PM2.5 - Principal,2023-01-30 02:00 AM,2023,01,30,02,193.0,243,Very Unhealthy,209.0,UG/M3,1 Hr,Valid
Tashkent,PM2.5 - Principal,2023-01-30 03:00 AM,2023,01,30,03,201.4,251,Very Unhealthy,219.0,UG/M3,1 Hr,Valid
Tashkent,PM2.5 - Principal,2023-01-30 04:00 AM,2023,01,30,04,203.2,253,Very Unhealthy,207.0,UG/M3,1 Hr,Valid
Tashkent,PM2.5 - Principal,2023-01-30 05:00 AM,2023,01,30,05,152.3,203,Very Unhealthy,97.0,UG/M3,1 Hr,Valid
Tashkent,PM2.5 - Principal,2023-01-30 06:00 AM,2023,01,30,06,110.6,179,Unhealthy,69.0,UG/M3,1 Hr,Valid
Tashkent,PM2.5 - Principal,2023-01-30 07:00 AM,2023,01,30,07,87.3,167,Unhealthy,64.0,UG/M3,1 Hr,Valid
Tashkent,PM2.5 - Principal,2023-01-30 08:00 AM,2023,01,30,08,80.1,164,Unhealthy,73.0,UG/M3,1 Hr,Valid
Tashkent,PM2.5 - Principal,2023-01-30 09:00 AM,2023,01,30,09,82.5,165,Unhealthy,85.0,UG/M3,1 Hr,Valid
Tashkent,PM2.5 - Principal,2023-01-30 10:00 AM,2023,01,30,10,85.2,166,Unhealthy,88.0,UG/M3,1 Hr,Valid
Tashkent,PM2.5 - Principal,2023-01-30 11:00 AM,2023,01,30,11,80.6,164,Unhealthy,76.0,UG/M3,1 Hr,Valid
Tashkent,PM2.5 - Principal,2023-01-30 12:00 PM,2023,01,30,12,73.7,160,Unhealthy,67.0,UG/M3,1 Hr,Valid
Tashkent,PM2.5 - Principal,2023-01-30 01:00 PM,2023,01,30,13,69.8,158,Unhealthy,66.0,UG/M3,1 Hr,Valid
Tashkent,PM2.5 - Principal,2023-01-30 02:00 PM,2023,01,30,14,55.4,150,Unhealthy for Sensitive Groups,41.0,UG/M3,1 Hr,Valid
Tashkent,PM2.5 - Principal,2023-01-30 03:00 PM,2023,01,30,15,40.1,112,Unhealthy for Sensitive Groups,25.0,UG/M3,1 Hr,Valid
Tashkent,PM2.5 - Principal,2023-01-30 04:00 PM,2023,01,30,16,35.5,101,Unhealthy for Sensitive Groups,31.0,UG/M3,1 Hr,Valid
Tashkent,PM2.5 - Principal,2023-01-30 05:00 PM,2023,01,30,17,37.7,106,Unhealthy for Sensitive Groups,40.0,UG/M3,1 Hr,Valid
Tashkent,PM2.5 - Principal,2023-01-30 06:00 PM,2023,01,30,18,105.9,177,Unhealthy,174.0,UG/M3,1 Hr,Valid
Tashkent,PM2.5 - Principal,2023-01-30 07:00 PM,2023,01,30,19,124.4,187,Unhealthy,143.0,UG/M3,1 Hr,Valid
Tashkent,PM2.5 - Principal,2023-01-30 08:00 PM,2023,01,30,20,117.7,183,Unhealthy,111.0,UG/M3,1 Hr,Valid
Tashkent,PM2.5 - Principal,2023-01-30 09:00 PM,2023,01,30,21,116.8,183,Unhealthy,116.0,UG/M3,1 Hr,Valid
Tashkent,PM2.5 - Principal,2023-01-30 10:00 PM,2023,01,30,22,117.4,183,Unhealthy,118.0,UG/M3,1 Hr,Valid
Tashkent,PM2.5 - Principal,2023-01-30 11:00 PM,2023,01,30,23,92.7,170,Unhealthy,68.0,UG/M3,1 Hr,Valid
Tashkent,PM2.5 - Principal,2023-01-31 12:00 AM,2023,01,31,00,68.8,158,Unhealthy,45.0,UG/M3,1 Hr,Valid
Tashkent,PM2.5 - Principal,2023-01-31 01:00 AM,2023,01,31,01,66.9,157,Unhealthy,65.0,UG/M3,1 Hr,Valid
Tashkent,PM2.5 - Principal,2023-01-31 02:00 AM,2023,01,31,02,70.9,159,Unhealthy,75.0,UG/M3,1 Hr,Valid
Tashkent,PM2.5 - Principal,2023-01-31 03:00 AM,2023,01,31,03,85.4,166,Unhealthy,100.0,UG/M3,1 Hr,Valid
Tashkent,PM2.5 - Principal,2023-01-31 04:00 AM,2023,01,31,04,86.7,167,Unhealthy,88.0,UG/M3,1 Hr,Valid
Tashkent,PM2.5 - Principal,2023-01-31 05:00 AM,2023,01,31,05,86.8,167,Unhealthy,87.0,UG/M3,1 Hr,Valid
Tashkent,PM2.5 - Principal,2023-01-31 06:00 AM,2023,01,31,06,67.9,157,Unhealthy,49.0,UG/M3,1 Hr,Valid
Tashkent,PM2.5 - Principal,2023-01-31 07:00 AM,2023,01,31,07,61.9,154,Unhealthy,56.0,UG/M3,1 Hr,Valid
Tashkent,PM2.5 - Principal,2023-01-31 08:00 AM,2023,01,31,08,50.9,139,Unhealthy for Sensitive Groups,40.0,UG/M3,1 Hr,Valid
Tashkent,PM2.5 - Principal,2023-01-31 09:00 AM,2023,01,31,09,41.4,116,Unhealthy for Sensitive Groups,32.0,UG/M3,1 Hr,Valid
Tashkent,PM2.5 - Principal,2023-01-31 10:00 AM,2023,01,31,10,36.2,103,Unhealthy for Sensitive Groups,31.0,UG/M3,1 Hr,Valid
Tashkent,PM2.5 - Principal,2023-01-31 11:00 AM,2023,01,31,11,30.6,90,Moderate,25.0,UG/M3,1 Hr,Valid
Tashkent,PM2.5 - Principal,2023-01-31 12:00 PM,2023,01,31,12,26.8,82,Moderate,23.0,UG/M3,1 Hr,Valid
Tashkent,PM2.5 - Principal,2023-01-31 01:00 PM,2023,01,31,13,25.3,79,Moderate,24.0,UG/M3,1 Hr,Valid
Tashkent,PM2.5 - Principal,2023-01-31 02:00 PM,2023,01,31,14,28.6,86,Moderate,32.0,UG/M3,1 Hr,Valid
Tashkent,PM2.5 - Principal,2023-01-31 03:00 PM,2023,01,31,15,21.8,71,Moderate,15.0,UG/M3,1 Hr,Valid
Tashkent,PM2.5 - Principal,2023-01-31 04:00 PM,2023,01,31,16,19.9,67,Moderate,18.0,UG/M3,1 Hr,Valid
Tashkent,PM2.5 - Principal,2023-01-31 05:00 PM,2023,01,31,17,15.4,58,Moderate,11.0,UG/M3,1 Hr,Valid
Tashkent,PM2.5 - Principal,2023-01-31 06:00 PM,2023,01,31,18,16.2,60,Moderate,17.0,UG/M3,1 Hr,Valid
Tashkent,PM2.5 - Principal,2023-01-31 07:00 PM,2023,01,31,19,15.6,58,Moderate,15.0,UG/M3,1 Hr,Valid
Tashkent,PM2.5 - Principal,2023-01-31 08:00 PM,2023,01,31,20,16.2,60,Moderate,17.0,UG/M3,1 Hr,Valid
Tashkent,PM2.5 - Principal,2023-01-31 09:00 PM,2023,01,31,21,19.1,66,Moderate,22.0,UG/M3,1 Hr,Valid
Tashkent,PM2.5 - Principal,2023-01-31 10:00 PM,2023,01,31,22,19.5,67,Moderate,20.0,UG/M3,1 Hr,Valid
Tashkent,PM2.5 - Principal,2023-01-31 11:00 PM,2023,01,31,23,16.7,61,Moderate,14.0,UG/M3,1 Hr,Valid
Tashkent,PM2.5 - Principal,2023-02-01 12:00 AM,2023,02,01,00,15.3,58,Moderate,14.0,UG/M3,1 Hr,Valid
Tashkent,PM2.5 - Principal,2023-02-01 01:00 AM,2023,02,01,01,13.1,53,Moderate,11.0,UG/M3,1 Hr,Valid
Tashkent,PM2.5 - Principal,2023-02-01 02:00 AM,2023,02,01,02,11.0,46,Good,9.0,UG/M3,1 Hr,Valid
Tashkent,PM2.5 - Principal,2023-02-01 03:00 AM,2023,02,01,03,11.0,46,Good,11.0,UG/M3,1 Hr,Valid
Tashkent,PM2.5 - Principal,2023-02-01 04:00 AM,2023,02,01,04,10.5,44,Good,10.0,UG/M3,1 Hr,Valid
Tashkent,PM2.5 - Principal,2023-02-01 05:00 AM,2023,02,01,05,10.2,43,Good,10.0,UG/M3,1 Hr,Valid
Tashkent,PM2.5 - Principal,2023-02-01 06:00 AM,2023,02,01,06,10.1,42,Good,10.0,UG/M3,1 Hr,Valid
Tashkent,PM2.5 - Principal,2023-02-01 07:00 AM,2023,02,01,07,9.0,38,Good,8.0,UG/M3,1 Hr,Valid
Tashkent,PM2.5 - Principal,2023-02-01 08:00 AM,2023,02,01,08,10.0,42,Good,11.0,UG/M3,1 Hr,Valid
Tashkent,PM2.5 - Principal,2023-02-01 09:00 AM,2023,02,01,09,12.0,50,Good,14.0,UG/M3,1 Hr,Valid
Tashkent,PM2.5 - Principal,2023-02-01 10:00 AM,2023,02,01,10,22.5,73,Moderate,33.0,UG/M3,1 Hr,Valid
Tashkent,PM2.5 - Principal,2023-02-01 11:00 AM,2023,02,01,11,34.7,99,Moderate,47.0,UG/M3,1 Hr,Valid
Tashkent,PM2.5 - Principal,2023-02-01 12:00 PM,2023,02,01,12,26.3,81,Moderate,18.0,UG/M3,1 Hr,Valid
Tashkent,PM2.5 - Principal,2023-02-01 01:00 PM,2023,02,01,13,26.6,81,Moderate,27.0,UG/M3,1 Hr,Valid
Tashkent,PM2.5 - Principal,2023-02-01 02:00 PM,2023,02,01,14,18.8,65,Moderate,11.0,UG/M3,1 Hr,Valid
Tashkent,PM2.5 - Principal,2023-02-01 03:00 PM,2023,02,01,15,23.9,76,Moderate,29.0,UG/M3,1 Hr,Valid
Tashkent,PM2.5 - Principal,2023-02-01 04:00 PM,2023,02,01,16,30.4,89,Moderate,37.0,UG/M3,1 Hr,Valid
Tashkent,PM2.5 - Principal,2023-02-01 05:00 PM,2023,02,01,17,23.2,74,Moderate,16.0,UG/M3,1 Hr,Valid
Tashkent,PM2.5 - Principal,2023-02-01 06:00 PM,2023,02,01,18,21.6,71,Moderate,20.0,UG/M3,1 Hr,Valid
Tashkent,PM2.5 - Principal,2023-02-01 07:00 PM,2023,02,01,19,19.8,67,Moderate,18.0,UG/M3,1 Hr,Valid
Tashkent,PM2.5 - Principal,2023-02-01 08:00 PM,2023,02,01,20,18.4,64,Moderate,17.0,UG/M3,1 Hr,Valid
Tashkent,PM2.5 - Principal,2023-02-01 09:00 PM,2023,02,01,21,20.7,69,Moderate,23.0,UG/M3,1 Hr,Valid
Tashkent,PM2.5 - Principal,2023-02-01 10:00 PM,2023,02,01,22,20.3,68,Moderate,20.0,UG/M3,1 Hr,Valid
Tashkent,PM2.5 - Principal,2023-02-01 11:00 PM,2023,02,01,23,17.6,63,Moderate,15.0,UG/M3,1 Hr,Valid
Tashkent,PM2.5 - Principal,2023-02-02 12:00 AM,2023,02,02,00,13.8,55,Moderate,10.0,UG/M3,1 Hr,Valid
Tashkent,PM2.5 - Principal,2023-02-02 01:00 AM,2023,02,02,01,12.9,53,Moderate,12.0,UG/M3,1 Hr,Valid
Tashkent,PM2.5 - Principal,2023-02-02 02:00 AM,2023,02,02,02,27.9,84,Moderate,43.0,UG/M3,1 Hr,Valid
Tashkent,PM2.5 - Principal,2023-02-02 03:00 AM,2023,02,02,03,40.9,114,Unhealthy for Sensitive Groups,54.0,UG/M3,1 Hr,Valid
Tashkent,PM2.5 - Principal,2023-02-02 04:00 AM,2023,02,02,04,38.9,109,Unhealthy for Sensitive Groups,37.0,UG/M3,1 Hr,Valid
Tashkent,PM2.5 - Principal,2023-02-02 05:00 AM,2023,02,02,05,28.9,86,Moderate,19.0,UG/M3,1 Hr,Valid
Tashkent,PM2.5 - Principal,2023-02-02 06:00 AM,2023,02,02,06,17.9,63,Moderate,7.0,UG/M3,1 Hr,Valid
Tashkent,PM2.5 - Principal,2023-02-02 07:00 AM,2023,02,02,07,15.4,58,Moderate,13.0,UG/M3,1 Hr,Valid
Tashkent,PM2.5 - Principal,2023-02-02 08:00 AM,2023,02,02,08,23.7,75,Moderate,32.0,UG/M3,1 Hr,Valid
Tashkent,PM2.5 - Principal,2023-02-02 09:00 AM,2023,02,02,09,33.8,97,Moderate,44.0,UG/M3,1 Hr,Valid
Tashkent,PM2.5 - Principal,2023-02-02 10:00 AM,2023,02,02,10,43.9,122,Unhealthy for Sensitive Groups,54.0,UG/M3,1 Hr,Valid
Tashkent,PM2.5 - Principal,2023-02-02 11:00 AM,2023,02,02,11,39.9,112,Unhealthy for Sensitive Groups,36.0,UG/M3,1 Hr,Valid
Tashkent,PM2.5 - Principal,2023-02-02 12:00 PM,2023,02,02,12,32.9,95,Moderate,26.0,UG/M3,1 Hr,Valid
Tashkent,PM2.5 - Principal,2023-02-02 01:00 PM,2023,02,02,13,29.4,87,Moderate,26.0,UG/M3,1 Hr,Valid
Tashkent,PM2.5 - Principal,2023-02-02 02:00 PM,2023,02,02,14,26.7,82,Moderate,24.0,UG/M3,1 Hr,Valid
Tashkent,PM2.5 - Principal,2023-02-02 03:00 PM,2023,02,02,15,26.3,81,Moderate,26.0,UG/M3,1 Hr,Valid
Tashkent,PM2.5 - Principal,2023-02-02 04:00 PM,2023,02,02,16,27.6,84,Moderate,29.0,UG/M3,1 Hr,Valid
Tashkent,PM2.5 - Principal,2023-02-02 05:00 PM,2023,02,02,17,22.8,74,Moderate,18.0,UG/M3,1 Hr,Valid
Tashkent,PM2.5 - Principal,2023-02-02 06:00 PM,2023,02,02,18,16.4,60,Moderate,10.0,UG/M3,1 Hr,Valid
Tashkent,PM2.5 - Principal,2023-02-02 07:00 PM,2023,02,02,19,15.2,58,Moderate,14.0,UG/M3,1 Hr,Valid
Tashkent,PM2.5 - Principal,2023-02-02 08:00 PM,2023,02,02,20,16.6,60,Moderate,18.0,UG/M3,1 Hr,Valid
Tashkent,PM2.5 - Principal,2023-02-02 09:00 PM,2023,02,02,21,16.2,60,Moderate,16.0,UG/M3,1 Hr,Valid
Tashkent,PM2.5 - Principal,2023-02-02 10:00 PM,2023,02,02,22,14.6,56,Moderate,13.0,UG/M3,1 Hr,Valid
Tashkent,PM2.5 - Principal,2023-02-02 11:00 PM,2023,02,02,23,14.8,57,Moderate,15.0,UG/M3,1 Hr,Valid
Tashkent,PM2.5 - Principal,2023-02-03 12:00 AM,2023,02,03,00,13.4,54,Moderate,12.0,UG/M3,1 Hr,Valid
Tashkent,PM2.5 - Principal,2023-02-03 01:00 AM,2023,02,03,01,15.2,58,Moderate,17.0,UG/M3,1 Hr,Valid
Tashkent,PM2.5 - Principal,2023-02-03 02:00 AM,2023,02,03,02,16.1,59,Moderate,17.0,UG/M3,1 Hr,Valid
Tashkent,PM2.5 - Principal,2023-02-03 03:00 AM,2023,02,03,03,16.0,59,Moderate,-999.0,UG/M3,1 Hr,Missing
Tashkent,PM2.5 - Principal,2023-02-03 04:00 AM,2023,02,03,04,22.6,73,Moderate,26.0,UG/M3,1 Hr,Valid
Tashkent,PM2.5 - Principal,2023-02-03 05:00 AM,2023,02,03,05,26.8,82,Moderate,30.0,UG/M3,1 Hr,Valid
Tashkent,PM2.5 - Principal,2023-02-03 06:00 AM,2023,02,03,06,29.6,88,Moderate,32.0,UG/M3,1 Hr,Valid
Tashkent,PM2.5 - Principal,2023-02-03 07:00 AM,2023,02,03,07,25.6,79,Moderate,22.0,UG/M3,1 Hr,Valid
Tashkent,PM2.5 - Principal,2023-02-03 08:00 AM,2023,02,03,08,28.8,86,Moderate,32.0,UG/M3,1 Hr,Valid
Tashkent,PM2.5 - Principal,2023-02-03 09:00 AM,2023,02,03,09,27.4,83,Moderate,26.0,UG/M3,1 Hr,Valid
Tashkent,PM2.5 - Principal,2023-02-03 10:00 AM,2023,02,03,10,38.7,109,Unhealthy for Sensitive Groups,50.0,UG/M3,1 Hr,Valid
Tashkent,PM2.5 - Principal,2023-02-03 11:00 AM,2023,02,03,11,31.3,91,Moderate,24.0,UG/M3,1 Hr,Valid
Tashkent,PM2.5 - Principal,2023-02-03 12:00 PM,2023,02,03,12,26.6,81,Moderate,22.0,UG/M3,1 Hr,Valid
Tashkent,PM2.5 - Principal,2023-02-03 01:00 PM,2023,02,03,13,22.8,74,Moderate,19.0,UG/M3,1 Hr,Valid
Tashkent,PM2.5 - Principal,2023-02-03 02:00 PM,2023,02,03,14,24.4,77,Moderate,26.0,UG/M3,1 Hr,Valid
Tashkent,PM2.5 - Principal,2023-02-03 03:00 PM,2023,02,03,15,40.2,113,Unhealthy for Sensitive Groups,56.0,UG/M3,1 Hr,Valid
Tashkent,PM2.5 - Principal,2023-02-03 04:00 PM,2023,02,03,16,68.1,158,Unhealthy,96.0,UG/M3,1 Hr,Valid
Tashkent,PM2.5 - Principal,2023-02-03 05:00 PM,2023,02,03,17,87.0,167,Unhealthy,106.0,UG/M3,1 Hr,Valid
Tashkent,PM2.5 - Principal,2023-02-03 06:00 PM,2023,02,03,18,95.5,172,Unhealthy,104.0,UG/M3,1 Hr,Valid
Tashkent,PM2.5 - Principal,2023-02-03 07:00 PM,2023,02,03,19,97.2,173,Unhealthy,99.0,UG/M3,1 Hr,Valid
Tashkent,PM2.5 - Principal,2023-02-03 08:00 PM,2023,02,03,20,89.6,169,Unhealthy,82.0,UG/M3,1 Hr,Valid
Tashkent,PM2.5 - Principal,2023-02-03 09:00 PM,2023,02,03,21,79.8,164,Unhealthy,70.0,UG/M3,1 Hr,Valid
Tashkent,PM2.5 - Principal,2023-02-03 10:00 PM,2023,02,03,22,68.9,158,Unhealthy,58.0,UG/M3,1 Hr,Valid
Tashkent,PM2.5 - Principal,2023-02-03 11:00 PM,2023,02,03,23,53.4,145,Unhealthy for Sensitive Groups,38.0,UG/M3,1 Hr,Valid
Tashkent,PM2.5 - Principal,2023-02-04 12:00 AM,2023,02,04,00,41.7,116,Unhealthy for Sensitive Groups,30.0,UG/M3,1 Hr,Valid
Tashkent,PM2.5 - Principal,2023-02-04 01:00 AM,2023,02,04,01,34.8,99,Moderate,28.0,UG/M3,1 Hr,Valid
Tashkent,PM2.5 - Principal,2023-02-04 02:00 AM,2023,02,04,02,28.9,86,Moderate,23.0,UG/M3,1 Hr,Valid
Tashkent,PM2.5 - Principal,2023-02-04 03:00 AM,2023,02,04,03,21.9,72,Moderate,15.0,UG/M3,1 Hr,Valid
Tashkent,PM2.5 - Principal,2023-02-04 04:00 AM,2023,02,04,04,21.4,71,Moderate,21.0,UG/M3,1 Hr,Valid
Tashkent,PM2.5 - Principal,2023-02-04 05:00 AM,2023,02,04,05,22.2,72,Moderate,23.0,UG/M3,1 Hr,Valid
Tashkent,PM2.5 - Principal,2023-02-04 06:00 AM,2023,02,04,06,19.6,67,Moderate,17.0,UG/M3,1 Hr,Valid
Tashkent,PM2.5 - Principal,2023-02-04 07:00 AM,2023,02,04,07,15.2,58,Moderate,11.0,UG/M3,1 Hr,Valid
Tashkent,PM2.5 - Principal,2023-02-04 08:00 AM,2023,02,04,08,16.1,59,Moderate,17.0,UG/M3,1 Hr,Valid
Tashkent,PM2.5 - Principal,2023-02-04 09:00 AM,2023,02,04,09,14.5,56,Moderate,13.0,UG/M3,1 Hr,Valid
Tashkent,PM2.5 - Principal,2023-02-04 10:00 AM,2023,02,04,10,13.2,53,Moderate,12.0,UG/M3,1 Hr,Valid
Tashkent,PM2.5 - Principal,2023-02-04 11:00 AM,2023,02,04,11,11.6,48,Good,10.0,UG/M3,1 Hr,Valid
Tashkent,PM2.5 - Principal,2023-02-04 12:00 PM,2023,02,04,12,10.8,45,Good,10.0,UG/M3,1 Hr,Valid
Tashkent,PM2.5 - Principal,2023-02-04 01:00 PM,2023,02,04,13,15.9,59,Moderate,21.0,UG/M3,1 Hr,Valid
Tashkent,PM2.5 - Principal,2023-02-04 02:00 PM,2023,02,04,14,19.9,67,Moderate,24.0,UG/M3,1 Hr,Valid
Tashkent,PM2.5 - Principal,2023-02-04 03:00 PM,2023,02,04,15,23.9,76,Moderate,28.0,UG/M3,1 Hr,Valid
Tashkent,PM2.5 - Principal,2023-02-04 04:00 PM,2023,02,04,16,22.9,74,Moderate,22.0,UG/M3,1 Hr,Valid
Tashkent,PM2.5 - Principal,2023-02-04 05:00 PM,2023,02,04,17,22.9,74,Moderate,23.0,UG/M3,1 Hr,Valid
Tashkent,PM2.5 - Principal,2023-02-04 06:00 PM,2023,02,04,18,23.9,76,Moderate,25.0,UG/M3,1 Hr,Valid
Tashkent,PM2.5 - Principal,2023-02-04 07:00 PM,2023,02,04,19,27.0,82,Moderate,30.0,UG/M3,1 Hr,Valid
Tashkent,PM2.5 - Principal,2023-02-04 08:00 PM,2023,02,04,20,28.0,84,Moderate,29.0,UG/M3,1 Hr,Valid
Tashkent,PM2.5 - Principal,2023-02-04 09:00 PM,2023,02,04,21,26.5,81,Moderate,25.0,UG/M3,1 Hr,Valid
Tashkent,PM2.5 - Principal,2023-02-04 10:00 PM,2023,02,04,22,24.2,76,Moderate,22.0,UG/M3,1 Hr,Valid
Tashkent,PM2.5 - Principal,2023-02-04 11:00 PM,2023,02,04,23,25.6,79,Moderate,27.0,UG/M3,1 Hr,Valid
Tashkent,PM2.5 - Principal,2023-02-05 12:00 AM,2023,02,05,00,22.5,73,Moderate,18.0,UG/M3,1 Hr,Valid
Tashkent,PM2.5 - Principal,2023-02-05 01:00 AM,2023,02,05,01,19.2,66,Moderate,16.0,UG/M3,1 Hr,Valid
Tashkent,PM2.5 - Principal,2023-02-05 02:00 AM,2023,02,05,02,20.5,69,Moderate,22.0,UG/M3,1 Hr,Valid
Tashkent,PM2.5 - Principal,2023-02-05 03:00 AM,2023,02,05,03,30.2,89,Moderate,40.0,UG/M3,1 Hr,Valid
Tashkent,PM2.5 - Principal,2023-02-05 04:00 AM,2023,02,05,04,34.1,97,Moderate,38.0,UG/M3,1 Hr,Valid
Tashkent,PM2.5 - Principal,2023-02-05 05:00 AM,2023,02,05,05,27.0,82,Moderate,20.0,UG/M3,1 Hr,Valid
Tashkent,PM2.5 - Principal,2023-02-05 06:00 AM,2023,02,05,06,26.5,81,Moderate,26.0,UG/M3,1 Hr,Valid
Tashkent,PM2.5 - Principal,2023-02-05 07:00 AM,2023,02,05,07,32.7,94,Moderate,39.0,UG/M3,1 Hr,Valid
Tashkent,PM2.5 - Principal,2023-02-05 08:00 AM,2023,02,05,08,40.3,113,Unhealthy for Sensitive Groups,48.0,UG/M3,1 Hr,Valid
Tashkent,PM2.5 - Principal,2023-02-05 09:00 AM,2023,02,05,09,39.1,110,Unhealthy for Sensitive Groups,38.0,UG/M3,1 Hr,Valid
Tashkent,PM2.5 - Principal,2023-02-05 10:00 AM,2023,02,05,10,35.5,101,Unhealthy for Sensitive Groups,32.0,UG/M3,1 Hr,Valid
Tashkent,PM2.5 - Principal,2023-02-05 11:00 AM,2023,02,05,11,31.2,91,Moderate,27.0,UG/M3,1 Hr,Valid
Tashkent,PM2.5 - Principal,2023-02-05 12:00 PM,2023,02,05,12,29.6,88,Moderate,28.0,UG/M3,1 Hr,Valid
Tashkent,PM2.5 - Principal,2023-02-05 01:00 PM,2023,02,05,13,25.3,79,Moderate,21.0,UG/M3,1 Hr,Valid
Tashkent,PM2.5 - Principal,2023-02-05 02:00 PM,2023,02,05,14,18.1,64,Moderate,11.0,UG/M3,1 Hr,Valid
Tashkent,PM2.5 - Principal,2023-02-05 03:00 PM,2023,02,05,15,14.0,55,Moderate,10.0,UG/M3,1 Hr,Valid
Tashkent,PM2.5 - Principal,2023-02-05 04:00 PM,2023,02,05,16,15.5,58,Moderate,17.0,UG/M3,1 Hr,Valid
Tashkent,PM2.5 - Principal,2023-02-05 05:00 PM,2023,02,05,17,16.7,61,Moderate,18.0,UG/M3,1 Hr,Valid
Tashkent,PM2.5 - Principal,2023-02-05 06:00 PM,2023,02,05,18,15.3,58,Moderate,14.0,UG/M3,1 Hr,Valid
Tashkent,PM2.5 - Principal,2023-02-05 07:00 PM,2023,02,05,19,17.6,63,Moderate,20.0,UG/M3,1 Hr,Valid
Tashkent,PM2.5 - Principal,2023-02-05 08:00 PM,2023,02,05,20,20.8,69,Moderate,24.0,UG/M3,1 Hr,Valid
Tashkent,PM2.5 - Principal,2023-02-05 09:00 PM,2023,02,05,21,31.4,92,Moderate,42.0,UG/M3,1 Hr,Valid
Tashkent,PM2.5 - Principal,2023-02-05 10:00 PM,2023,02,05,22,38.7,109,Unhealthy for Sensitive Groups,46.0,UG/M3,1 Hr,Valid
Tashkent,PM2.5 - Principal,2023-02-05 11:00 PM,2023,02,05,23,34.3,98,Moderate,30.0,UG/M3,1 Hr,Valid
Tashkent,PM2.5 - Principal,2023-02-06 12:00 AM,2023,02,06,00,35.6,101,Unhealthy for Sensitive Groups,37.0,UG/M3,1 Hr,Valid
Tashkent,PM2.5 - Principal,2023-02-06 01:00 AM,2023,02,06,01,35.8,102,Unhealthy for Sensitive Groups,36.0,UG/M3,1 Hr,Valid
Tashkent,PM2.5 - Principal,2023-02-06 02:00 AM,2023,02,06,02,35.9,102,Unhealthy for Sensitive Groups,36.0,UG/M3,1 Hr,Valid
Tashkent,PM2.5 - Principal,2023-02-06 03:00 AM,2023,02,06,03,46.9,129,Unhealthy for Sensitive Groups,58.0,UG/M3,1 Hr,Valid
Tashkent,PM2.5 - Principal,2023-02-06 04:00 AM,2023,02,06,04,58.4,152,Unhealthy,70.0,UG/M3,1 Hr,Valid
Tashkent,PM2.5 - Principal,2023-02-06 05:00 AM,2023,02,06,05,40.7,114,Unhealthy for Sensitive Groups,23.0,UG/M3,1 Hr,Valid
Tashkent,PM2.5 - Principal,2023-02-06 06:00 AM,2023,02,06,06,24.8,78,Moderate,9.0,UG/M3,1 Hr,Valid
Tashkent,PM2.5 - Principal,2023-02-06 07:00 AM,2023,02,06,07,28.9,86,Moderate,33.0,UG/M3,1 Hr,Valid
Tashkent,PM2.5 - Principal,2023-02-06 08:00 AM,2023,02,06,08,42.9,119,Unhealthy for Sensitive Groups,57.0,UG/M3,1 Hr,Valid
Tashkent,PM2.5 - Principal,2023-02-06 09:00 AM,2023,02,06,09,53.9,146,Unhealthy for Sensitive Groups,65.0,UG/M3,1 Hr,Valid
Tashkent,PM2.5 - Principal,2023-02-06 10:00 AM,2023,02,06,10,38.9,109,Unhealthy for Sensitive Groups,24.0,UG/M3,1 Hr,Valid
Tashkent,PM2.5 - Principal,2023-02-06 11:00 AM,2023,02,06,11,43.9,122,Unhealthy for Sensitive Groups,49.0,UG/M3,1 Hr,Valid
Tashkent,PM2.5 - Principal,2023-02-06 12:00 PM,2023,02,06,12,56.5,152,Unhealthy,69.0,UG/M3,1 Hr,Valid
Tashkent,PM2.5 - Principal,2023-02-06 01:00 PM,2023,02,06,13,62.7,155,Unhealthy,69.0,UG/M3,1 Hr,Valid
Tashkent,PM2.5 - Principal,2023-02-06 02:00 PM,2023,02,06,14,56.8,152,Unhealthy,51.0,UG/M3,1 Hr,Valid
Tashkent,PM2.5 - Principal,2023-02-06 03:00 PM,2023,02,06,15,36.9,104,Unhealthy for Sensitive Groups,17.0,UG/M3,1 Hr,Valid
Tashkent,PM2.5 - Principal,2023-02-06 04:00 PM,2023,02,06,16,26.9,82,Moderate,17.0,UG/M3,1 Hr,Valid
Tashkent,PM2.5 - Principal,2023-02-06 05:00 PM,2023,02,06,17,19.9,67,Moderate,13.0,UG/M3,1 Hr,Valid
Tashkent,PM2.5 - Principal,2023-02-06 06:00 PM,2023,02,06,18,17.9,63,Moderate,16.0,UG/M3,1 Hr,Valid
Tashkent,PM2.5 - Principal,2023-02-06 07:00 PM,2023,02,06,19,23.9,76,Moderate,30.0,UG/M3,1 Hr,Valid
Tashkent,PM2.5 - Principal,2023-02-06 08:00 PM,2023,02,06,20,32.9,95,Moderate,42.0,UG/M3,1 Hr,Valid
Tashkent,PM2.5 - Principal,2023-02-06 09:00 PM,2023,02,06,21,42.9,119,Unhealthy for Sensitive Groups,53.0,UG/M3,1 Hr,Valid
Tashkent,PM2.5 - Principal,2023-02-06 10:00 PM,2023,02,06,22,61.0,154,Unhealthy,79.0,UG/M3,1 Hr,Valid
Tashkent,PM2.5 - Principal,2023-02-06 11:00 PM,2023,02,06,23,57.0,152,Unhealthy,53.0,UG/M3,1 Hr,Valid
Tashkent,PM2.5 - Principal,2023-02-07 12:00 AM,2023,02,07,00,49.9,136,Unhealthy for Sensitive Groups,43.0,UG/M3,1 Hr,Valid
Tashkent,PM2.5 - Principal,2023-02-07 01:00 AM,2023,02,07,01,46.4,128,Unhealthy for Sensitive Groups,43.0,UG/M3,1 Hr,Valid
Tashkent,PM2.5 - Principal,2023-02-07 02:00 AM,2023,02,07,02,37.2,105,Unhealthy for Sensitive Groups,28.0,UG/M3,1 Hr,Valid
Tashkent,PM2.5 - Principal,2023-02-07 03:00 AM,2023,02,07,03,26.6,81,Moderate,16.0,UG/M3,1 Hr,Valid
Tashkent,PM2.5 - Principal,2023-02-07 04:00 AM,2023,02,07,04,20.3,68,Moderate,14.0,UG/M3,1 Hr,Valid
Tashkent,PM2.5 - Principal,2023-02-07 05:00 AM,2023,02,07,05,14.6,56,Moderate,9.0,UG/M3,1 Hr,Valid
Tashkent,PM2.5 - Principal,2023-02-07 06:00 AM,2023,02,07,06,13.8,55,Moderate,13.0,UG/M3,1 Hr,Valid
Tashkent,PM2.5 - Principal,2023-02-07 07:00 AM,2023,02,07,07,10.9,45,Good,8.0,UG/M3,1 Hr,Valid
Tashkent,PM2.5 - Principal,2023-02-07 08:00 AM,2023,02,07,08,9.9,41,Good,9.0,UG/M3,1 Hr,Valid
Tashkent,PM2.5 - Principal,2023-02-07 09:00 AM,2023,02,07,09,10.9,45,Good,12.0,UG/M3,1 Hr,Valid
Tashkent,PM2.5 - Principal,2023-02-07 10:00 AM,2023,02,07,10,10.9,45,Good,11.0,UG/M3,1 Hr,Valid
Tashkent,PM2.5 - Principal,2023-02-07 11:00 AM,2023,02,07,11,10.9,45,Good,11.0,UG/M3,1 Hr,Valid
Tashkent,PM2.5 - Principal,2023-02-07 12:00 PM,2023,02,07,12,9.4,39,Good,8.0,UG/M3,1 Hr,Valid
Tashkent,PM2.5 - Principal,2023-02-07 01:00 PM,2023,02,07,13,9.2,38,Good,9.0,UG/M3,1 Hr,Valid
Tashkent,PM2.5 - Principal,2023-02-07 02:00 PM,2023,02,07,14,9.1,38,Good,9.0,UG/M3,1 Hr,Valid
Tashkent,PM2.5 - Principal,2023-02-07 03:00 PM,2023,02,07,15,7.5,31,Good,6.0,UG/M3,1 Hr,Valid
Tashkent,PM2.5 - Principal,2023-02-07 04:00 PM,2023,02,07,16,6.7,28,Good,6.0,UG/M3,1 Hr,Valid
Tashkent,PM2.5 - Principal,2023-02-07 05:00 PM,2023,02,07,17,6.3,26,Good,6.0,UG/M3,1 Hr,Valid
Tashkent,PM2.5 - Principal,2023-02-07 06:00 PM,2023,02,07,18,7.1,30,Good,8.0,UG/M3,1 Hr,Valid
Tashkent,PM2.5 - Principal,2023-02-07 07:00 PM,2023,02,07,19,11.0,46,Good,15.0,UG/M3,1 Hr,Valid
Tashkent,PM2.5 - Principal,2023-02-07 08:00 PM,2023,02,07,20,10.5,44,Good,10.0,UG/M3,1 Hr,Valid
Tashkent,PM2.5 - Principal,2023-02-07 09:00 PM,2023,02,07,21,13.2,53,Moderate,16.0,UG/M3,1 Hr,Valid
Tashkent,PM2.5 - Principal,2023-02-07 10:00 PM,2023,02,07,22,10.1,42,Good,7.0,UG/M3,1 Hr,Valid
Tashkent,PM2.5 - Principal,2023-02-07 11:00 PM,2023,02,07,23,9.0,38,Good,8.0,UG/M3,1 Hr,Valid
Tashkent,PM2.5 - Principal,2023-02-08 12:00 AM,2023,02,08,00,12.0,50,Good,15.0,UG/M3,1 Hr,Valid
Tashkent,PM2.5 - Principal,2023-02-08 01:00 AM,2023,02,08,01,12.5,52,Moderate,13.0,UG/M3,1 Hr,Valid
Tashkent,PM2.5 - Principal,2023-02-08 02:00 AM,2023,02,08,02,10.2,43,Good,8.0,UG/M3,1 Hr,Valid
Tashkent,PM2.5 - Principal,2023-02-08 03:00 AM,2023,02,08,03,9.1,38,Good,8.0,UG/M3,1 Hr,Valid
Tashkent,PM2.5 - Principal,2023-02-08 04:00 AM,2023,02,08,04,9.5,40,Good,10.0,UG/M3,1 Hr,Valid
Tashkent,PM2.5 - Principal,2023-02-08 05:00 AM,2023,02,08,05,9.2,38,Good,9.0,UG/M3,1 Hr,Valid
Tashkent,PM2.5 - Principal,2023-02-08 06:00 AM,2023,02,08,06,9.1,38,Good,9.0,UG/M3,1 Hr,Valid
Tashkent,PM2.5 - Principal,2023-02-08 07:00 AM,2023,02,08,07,9.0,38,Good,9.0,UG/M3,1 Hr,Valid
Tashkent,PM2.5 - Principal,2023-02-08 08:00 AM,2023,02,08,08,12.0,50,Good,15.0,UG/M3,1 Hr,Valid
Tashkent,PM2.5 - Principal,2023-02-08 09:00 AM,2023,02,08,09,20.0,68,Moderate,28.0,UG/M3,1 Hr,Valid
Tashkent,PM2.5 - Principal,2023-02-08 10:00 AM,2023,02,08,10,25.5,79,Moderate,31.0,UG/M3,1 Hr,Valid
Tashkent,PM2.5 - Principal,2023-02-08 11:00 AM,2023,02,08,11,29.2,87,Moderate,33.0,UG/M3,1 Hr,Valid
Tashkent,PM2.5 - Principal,2023-02-08 12:00 PM,2023,02,08,12,27.6,84,Moderate,26.0,UG/M3,1 Hr,Valid
Tashkent,PM2.5 - Principal,2023-02-08 01:00 PM,2023,02,08,13,28.3,85,Moderate,29.0,UG/M3,1 Hr,Valid
Tashkent,PM2.5 - Principal,2023-02-08 02:00 PM,2023,02,08,14,19.1,66,Moderate,10.0,UG/M3,1 Hr,Valid
Tashkent,PM2.5 - Principal,2023-02-08 03:00 PM,2023,02,08,15,30.0,89,Moderate,41.0,UG/M3,1 Hr,Valid
Tashkent,PM2.5 - Principal,2023-02-08 04:00 PM,2023,02,08,16,32.5,94,Moderate,35.0,UG/M3,1 Hr,Valid
Tashkent,PM2.5 - Principal,2023-02-08 05:00 PM,2023,02,08,17,35.2,100,Moderate,38.0,UG/M3,1 Hr,Valid
Tashkent,PM2.5 - Principal,2023-02-08 06:00 PM,2023,02,08,18,29.6,88,Moderate,24.0,UG/M3,1 Hr,Valid
Tashkent,PM2.5 - Principal,2023-02-08 07:00 PM,2023,02,08,19,32.3,93,Moderate,35.0,UG/M3,1 Hr,Valid
Tashkent,PM2.5 - Principal,2023-02-08 08:00 PM,2023,02,08,20,26.1,80,Moderate,20.0,UG/M3,1 Hr,Valid
Tashkent,PM2.5 - Principal,2023-02-08 09:00 PM,2023,02,08,21,22.0,72,Moderate,18.0,UG/M3,1 Hr,Valid
Tashkent,PM2.5 - Principal,2023-02-08 10:00 PM,2023,02,08,22,18.5,64,Moderate,15.0,UG/M3,1 Hr,Valid
Tashkent,PM2.5 - Principal,2023-02-08 11:00 PM,2023,02,08,23,17.7,63,Moderate,17.0,UG/M3,1 Hr,Valid
Tashkent,PM2.5 - Principal,2023-02-09 12:00 AM,2023,02,09,00,19.8,67,Moderate,22.0,UG/M3,1 Hr,Valid
Tashkent,PM2.5 - Principal,2023-02-09 01:00 AM,2023,02,09,01,16.9,61,Moderate,14.0,UG/M3,1 Hr,Valid
Tashkent,PM2.5 - Principal,2023-02-09 02:00 AM,2023,02,09,02,12.9,53,Moderate,9.0,UG/M3,1 Hr,Valid
Tashkent,PM2.5 - Principal,2023-02-09 03:00 AM,2023,02,09,03,12.9,53,Moderate,13.0,UG/M3,1 Hr,Valid
Tashkent,PM2.5 - Principal,2023-02-09 04:00 AM,2023,02,09,04,19.4,66,Moderate,26.0,UG/M3,1 Hr,Valid
Tashkent,PM2.5 - Principal,2023-02-09 05:00 AM,2023,02,09,05,22.2,72,Moderate,25.0,UG/M3,1 Hr,Valid
Tashkent,PM2.5 - Principal,2023-02-09 06:00 AM,2023,02,09,06,25.1,78,Moderate,28.0,UG/M3,1 Hr,Valid
Tashkent,PM2.5 - Principal,2023-02-09 07:00 AM,2023,02,09,07,26.0,80,Moderate,27.0,UG/M3,1 Hr,Valid
Tashkent,PM2.5 - Principal,2023-02-09 08:00 AM,2023,02,09,08,29.0,87,Moderate,32.0,UG/M3,1 Hr,Valid
Tashkent,PM2.5 - Principal,2023-02-09 09:00 AM,2023,02,09,09,28.5,85,Moderate,28.0,UG/M3,1 Hr,Valid
Tashkent,PM2.5 - Principal,2023-02-09 10:00 AM,2023,02,09,10,31.2,91,Moderate,34.0,UG/M3,1 Hr,Valid
Tashkent,PM2.5 - Principal,2023-02-09 11:00 AM,2023,02,09,11,28.1,85,Moderate,25.0,UG/M3,1 Hr,Valid
Tashkent,PM2.5 - Principal,2023-02-09 12:00 PM,2023,02,09,12,28.5,85,Moderate,29.0,UG/M3,1 Hr,Valid
Tashkent,PM2.5 - Principal,2023-02-09 01:00 PM,2023,02,09,13,22.7,73,Moderate,17.0,UG/M3,1 Hr,Valid
Tashkent,PM2.5 - Principal,2023-02-09 02:00 PM,2023,02,09,14,20.8,69,Moderate,19.0,UG/M3,1 Hr,Valid
Tashkent,PM2.5 - Principal,2023-02-09 03:00 PM,2023,02,09,15,15.9,59,Moderate,11.0,UG/M3,1 Hr,Valid
Tashkent,PM2.5 - Principal,2023-02-09 04:00 PM,2023,02,09,16,13.9,55,Moderate,12.0,UG/M3,1 Hr,Valid
Tashkent,PM2.5 - Principal,2023-02-09 05:00 PM,2023,02,09,17,10.4,43,Good,7.0,UG/M3,1 Hr,Valid
Tashkent,PM2.5 - Principal,2023-02-09 06:00 PM,2023,02,09,18,9.2,38,Good,8.0,UG/M3,1 Hr,Valid
Tashkent,PM2.5 - Principal,2023-02-09 07:00 PM,2023,02,09,19,9.6,40,Good,10.0,UG/M3,1 Hr,Valid
Tashkent,PM2.5 - Principal,2023-02-09 08:00 PM,2023,02,09,20,10.8,45,Good,12.0,UG/M3,1 Hr,Valid
Tashkent,PM2.5 - Principal,2023-02-09 09:00 PM,2023,02,09,21,11.4,48,Good,12.0,UG/M3,1 Hr,Valid
Tashkent,PM2.5 - Principal,2023-02-09 10:00 PM,2023,02,09,22,13.1,53,Moderate,15.0,UG/M3,1 Hr,Valid
Tashkent,PM2.5 - Principal,2023-02-09 11:00 PM,2023,02,09,23,11.0,46,Good,9.0,UG/M3,1 Hr,Valid
Tashkent,PM2.5 - Principal,2023-02-10 12:00 AM,2023,02,10,00,10.0,42,Good,9.0,UG/M3,1 Hr,Valid
Tashkent,PM2.5 - Principal,2023-02-10 01:00 AM,2023,02,10,01,9.5,40,Good,9.0,UG/M3,1 Hr,Valid
Tashkent,PM2.5 - Principal,2023-02-10 02:00 AM,2023,02,10,02,9.7,40,Good,10.0,UG/M3,1 Hr,Valid
Tashkent,PM2.5 - Principal,2023-02-10 03:00 AM,2023,02,10,03,9.3,39,Good,9.0,UG/M3,1 Hr,Valid
Tashkent,PM2.5 - Principal,2023-02-10 04:00 AM,2023,02,10,04,8.6,36,Good,8.0,UG/M3,1 Hr,Valid
Tashkent,PM2.5 - Principal,2023-02-10 05:00 AM,2023,02,10,05,8.8,37,Good,9.0,UG/M3,1 Hr,Valid
Tashkent,PM2.5 - Principal,2023-02-10 06:00 AM,2023,02,10,06,9.8,41,Good,11.0,UG/M3,1 Hr,Valid
Tashkent,PM2.5 - Principal,2023-02-10 07:00 AM,2023,02,10,07,10.8,45,Good,12.0,UG/M3,1 Hr,Valid
Tashkent,PM2.5 - Principal,2023-02-10 08:00 AM,2023,02,10,08,14.9,57,Moderate,19.0,UG/M3,1 Hr,Valid
Tashkent,PM2.5 - Principal,2023-02-10 09:00 AM,2023,02,10,09,20.9,70,Moderate,27.0,UG/M3,1 Hr,Valid
Tashkent,PM2.5 - Principal,2023-02-10 10:00 AM,2023,02,10,10,20.9,70,Moderate,21.0,UG/M3,1 Hr,Valid
Tashkent,PM2.5 - Principal,2023-02-10 11:00 AM,2023,02,10,11,18.9,65,Moderate,17.0,UG/M3,1 Hr,Valid
Tashkent,PM2.5 - Principal,2023-02-10 12:00 PM,2023,02,10,12,20.5,69,Moderate,22.0,UG/M3,1 Hr,Valid
Tashkent,PM2.5 - Principal,2023-02-10 01:00 PM,2023,02,10,13,20.7,69,Moderate,21.0,UG/M3,1 Hr,Valid
Tashkent,PM2.5 - Principal,2023-02-10 02:00 PM,2023,02,10,14,19.3,66,Moderate,18.0,UG/M3,1 Hr,Valid
Tashkent,PM2.5 - Principal,2023-02-10 03:00 PM,2023,02,10,15,18.1,64,Moderate,17.0,UG/M3,1 Hr,Valid
Tashkent,PM2.5 - Principal,2023-02-10 04:00 PM,2023,02,10,16,17.0,61,Moderate,16.0,UG/M3,1 Hr,Valid
Tashkent,PM2.5 - Principal,2023-02-10 05:00 PM,2023,02,10,17,16.5,60,Moderate,16.0,UG/M3,1 Hr,Valid
Tashkent,PM2.5 - Principal,2023-02-10 06:00 PM,2023,02,10,18,16.2,60,Moderate,16.0,UG/M3,1 Hr,Valid
Tashkent,PM2.5 - Principal,2023-02-10 07:00 PM,2023,02,10,19,17.1,62,Moderate,18.0,UG/M3,1 Hr,Valid
Tashkent,PM2.5 - Principal,2023-02-10 08:00 PM,2023,02,10,20,16.6,60,Moderate,16.0,UG/M3,1 Hr,Valid
Tashkent,PM2.5 - Principal,2023-02-10 09:00 PM,2023,02,10,21,16.6,60,Moderate,16.0,UG/M3,1 Hr,Valid
Tashkent,PM2.5 - Principal,2023-02-10 10:00 PM,2023,02,10,22,17.0,61,Moderate,18.0,UG/M3,1 Hr,Valid
Tashkent,PM2.5 - Principal,2023-02-10 11:00 PM,2023,02,10,23,17.0,61,Moderate,17.0,UG/M3,1 Hr,Valid
Tashkent,PM2.5 - Principal,2023-02-11 12:00 AM,2023,02,11,00,16.9,61,Moderate,17.0,UG/M3,1 Hr,Valid
Tashkent,PM2.5 - Principal,2023-02-11 01:00 AM,2023,02,11,01,17.5,62,Moderate,20.0,UG/M3,1 Hr,Valid
Tashkent,PM2.5 - Principal,2023-02-11 02:00 AM,2023,02,11,02,18.9,65,Moderate,22.0,UG/M3,1 Hr,Valid
Tashkent,PM2.5 - Principal,2023-02-11 03:00 AM,2023,02,11,03,24.0,76,Moderate,29.0,UG/M3,1 Hr,Valid
Tashkent,PM2.5 - Principal,2023-02-11 04:00 AM,2023,02,11,04,28.8,86,Moderate,33.0,UG/M3,1 Hr,Valid
Tashkent,PM2.5 - Principal,2023-02-11 05:00 AM,2023,02,11,05,29.9,88,Moderate,31.0,UG/M3,1 Hr,Valid
Tashkent,PM2.5 - Principal,2023-02-11 06:00 AM,2023,02,11,06,32.9,95,Moderate,36.0,UG/M3,1 Hr,Valid
Tashkent,PM2.5 - Principal,2023-02-11 07:00 AM,2023,02,11,07,32.9,95,Moderate,33.0,UG/M3,1 Hr,Valid
Tashkent,PM2.5 - Principal,2023-02-11 08:00 AM,2023,02,11,08,35.9,102,Unhealthy for Sensitive Groups,39.0,UG/M3,1 Hr,Valid
Tashkent,PM2.5 - Principal,2023-02-11 09:00 AM,2023,02,11,09,38.9,109,Unhealthy for Sensitive Groups,42.0,UG/M3,1 Hr,Valid
Tashkent,PM2.5 - Principal,2023-02-11 10:00 AM,2023,02,11,10,37.5,106,Unhealthy for Sensitive Groups,36.0,UG/M3,1 Hr,Valid
Tashkent,PM2.5 - Principal,2023-02-11 11:00 AM,2023,02,11,11,30.2,89,Moderate,23.0,UG/M3,1 Hr,Valid
Tashkent,PM2.5 - Principal,2023-02-11 12:00 PM,2023,02,11,12,26.1,80,Moderate,22.0,UG/M3,1 Hr,Valid
Tashkent,PM2.5 - Principal,2023-02-11 01:00 PM,2023,02,11,13,24.3,77,Moderate,22.0,UG/M3,1 Hr,Valid
Tashkent,PM2.5 - Principal,2023-02-11 02:00 PM,2023,02,11,14,22.5,73,Moderate,21.0,UG/M3,1 Hr,Valid
Tashkent,PM2.5 - Principal,2023-02-11 03:00 PM,2023,02,11,15,21.2,70,Moderate,20.0,UG/M3,1 Hr,Valid
Tashkent,PM2.5 - Principal,2023-02-11 04:00 PM,2023,02,11,16,21.1,70,Moderate,21.0,UG/M3,1 Hr,Valid
Tashkent,PM2.5 - Principal,2023-02-11 05:00 PM,2023,02,11,17,19.0,66,Moderate,17.0,UG/M3,1 Hr,Valid
Tashkent,PM2.5 - Principal,2023-02-11 06:00 PM,2023,02,11,18,22.5,73,Moderate,26.0,UG/M3,1 Hr,Valid
Tashkent,PM2.5 - Principal,2023-02-11 07:00 PM,2023,02,11,19,24.7,77,Moderate,27.0,UG/M3,1 Hr,Valid
Tashkent,PM2.5 - Principal,2023-02-11 08:00 PM,2023,02,11,20,28.3,85,Moderate,32.0,UG/M3,1 Hr,Valid
Tashkent,PM2.5 - Principal,2023-02-11 09:00 PM,2023,02,11,21,29.1,87,Moderate,30.0,UG/M3,1 Hr,Valid
Tashkent,PM2.5 - Principal,2023-02-11 10:00 PM,2023,02,11,22,30.9,91,Moderate,33.0,UG/M3,1 Hr,Valid
Tashkent,PM2.5 - Principal,2023-02-11 11:00 PM,2023,02,11,23,33.5,96,Moderate,36.0,UG/M3,1 Hr,Valid
Tashkent,PM2.5 - Principal,2023-02-12 12:00 AM,2023,02,12,00,35.7,101,Unhealthy for Sensitive Groups,38.0,UG/M3,1 Hr,Valid
Tashkent,PM2.5 - Principal,2023-02-12 01:00 AM,2023,02,12,01,33.8,97,Moderate,32.0,UG/M3,1 Hr,Valid
Tashkent,PM2.5 - Principal,2023-02-12 02:00 AM,2023,02,12,02,31.9,93,Moderate,30.0,UG/M3,1 Hr,Valid
Tashkent,PM2.5 - Principal,2023-02-12 03:00 AM,2023,02,12,03,31.4,92,Moderate,31.0,UG/M3,1 Hr,Valid
Tashkent,PM2.5 - Principal,2023-02-12 04:00 AM,2023,02,12,04,35.2,100,Moderate,39.0,UG/M3,1 Hr,Valid
Tashkent,PM2.5 - Principal,2023-02-12 05:00 AM,2023,02,12,05,38.5,108,Unhealthy for Sensitive Groups,44.0,UG/M3,1 Hr,Valid
Tashkent,PM2.5 - Principal,2023-02-12 06:00 AM,2023,02,12,06,48.8,134,Unhealthy for Sensitive Groups,58.0,UG/M3,1 Hr,Valid
Tashkent,PM2.5 - Principal,2023-02-12 07:00 AM,2023,02,12,07,63.9,155,Unhealthy,79.0,UG/M3,1 Hr,Valid
Tashkent,PM2.5 - Principal,2023-02-12 08:00 AM,2023,02,12,08,53.4,145,Unhealthy for Sensitive Groups,43.0,UG/M3,1 Hr,Valid
Tashkent,PM2.5 - Principal,2023-02-12 09:00 AM,2023,02,12,09,38.7,109,Unhealthy for Sensitive Groups,24.0,UG/M3,1 Hr,Valid
Tashkent,PM2.5 - Principal,2023-02-12 10:00 AM,2023,02,12,10,34.8,99,Moderate,31.0,UG/M3,1 Hr,Valid
Tashkent,PM2.5 - Principal,2023-02-12 11:00 AM,2023,02,12,11,25.4,79,Moderate,16.0,UG/M3,1 Hr,Valid
Tashkent,PM2.5 - Principal,2023-02-12 12:00 PM,2023,02,12,12,27.2,83,Moderate,29.0,UG/M3,1 Hr,Valid
Tashkent,PM2.5 - Principal,2023-02-12 01:00 PM,2023,02,12,13,26.1,80,Moderate,25.0,UG/M3,1 Hr,Valid
Tashkent,PM2.5 - Principal,2023-02-12 02:00 PM,2023,02,12,14,28.0,84,Moderate,30.0,UG/M3,1 Hr,Valid
Tashkent,PM2.5 - Principal,2023-02-12 03:00 PM,2023,02,12,15,26.0,80,Moderate,24.0,UG/M3,1 Hr,Valid
Tashkent,PM2.5 - Principal,2023-02-12 04:00 PM,2023,02,12,16,18.0,63,Moderate,10.0,UG/M3,1 Hr,Valid
Tashkent,PM2.5 - Principal,2023-02-12 05:00 PM,2023,02,12,17,16.5,60,Moderate,15.0,UG/M3,1 Hr,Valid
Tashkent,PM2.5 - Principal,2023-02-12 06:00 PM,2023,02,12,18,17.7,63,Moderate,19.0,UG/M3,1 Hr,Valid
Tashkent,PM2.5 - Principal,2023-02-12 07:00 PM,2023,02,12,19,25.8,80,Moderate,34.0,UG/M3,1 Hr,Valid
Tashkent,PM2.5 - Principal,2023-02-12 08:00 PM,2023,02,12,20,39.9,112,Unhealthy for Sensitive Groups,54.0,UG/M3,1 Hr,Valid
Tashkent,PM2.5 - Principal,2023-02-12 09:00 PM,2023,02,12,21,51.9,141,Unhealthy for Sensitive Groups,64.0,UG/M3,1 Hr,Valid
Tashkent,PM2.5 - Principal,2023-02-12 10:00 PM,2023,02,12,22,55.4,150,Unhealthy for Sensitive Groups,59.0,UG/M3,1 Hr,Valid
Tashkent,PM2.5 - Principal,2023-02-12 11:00 PM,2023,02,12,23,73.2,160,Unhealthy,91.0,UG/M3,1 Hr,Valid
Tashkent,PM2.5 - Principal,2023-02-13 12:00 AM,2023,02,13,00,80.6,164,Unhealthy,88.0,UG/M3,1 Hr,Valid
Tashkent,PM2.5 - Principal,2023-02-13 01:00 AM,2023,02,13,01,49.8,136,Unhealthy for Sensitive Groups,19.0,UG/M3,1 Hr,Valid
Tashkent,PM2.5 - Principal,2023-02-13 02:00 AM,2023,02,13,02,40.9,114,Unhealthy for Sensitive Groups,32.0,UG/M3,1 Hr,Valid
Tashkent,PM2.5 - Principal,2023-02-13 03:00 AM,2023,02,13,03,26.9,82,Moderate,13.0,UG/M3,1 Hr,Valid
Tashkent,PM2.5 - Principal,2023-02-13 04:00 AM,2023,02,13,04,32.9,95,Moderate,39.0,UG/M3,1 Hr,Valid
Tashkent,PM2.5 - Principal,2023-02-13 05:00 AM,2023,02,13,05,18.9,65,Moderate,5.0,UG/M3,1 Hr,Valid
Tashkent,PM2.5 - Principal,2023-02-13 06:00 AM,2023,02,13,06,16.9,61,Moderate,15.0,UG/M3,1 Hr,Valid
Tashkent,PM2.5 - Principal,2023-02-13 07:00 AM,2023,02,13,07,16.4,60,Moderate,16.0,UG/M3,1 Hr,Valid
Tashkent,PM2.5 - Principal,2023-02-13 08:00 AM,2023,02,13,08,14.7,56,Moderate,13.0,UG/M3,1 Hr,Valid
Tashkent,PM2.5 - Principal,2023-02-13 09:00 AM,2023,02,13,09,18.8,65,Moderate,23.0,UG/M3,1 Hr,Valid
Tashkent,PM2.5 - Principal,2023-02-13 10:00 AM,2023,02,13,10,14.9,57,Moderate,11.0,UG/M3,1 Hr,Valid
Tashkent,PM2.5 - Principal,2023-02-13 11:00 AM,2023,02,13,11,20.4,68,Moderate,26.0,UG/M3,1 Hr,Valid
Tashkent,PM2.5 - Principal,2023-02-13 12:00 PM,2023,02,13,12,14.7,56,Moderate,9.0,UG/M3,1 Hr,Valid
Tashkent,PM2.5 - Principal,2023-02-13 01:00 PM,2023,02,13,13,21.8,71,Moderate,29.0,UG/M3,1 Hr,Valid
Tashkent,PM2.5 - Principal,2023-02-13 02:00 PM,2023,02,13,14,32.9,95,Moderate,44.0,UG/M3,1 Hr,Valid
Tashkent,PM2.5 - Principal,2023-02-13 03:00 PM,2023,02,13,15,45.4,125,Unhealthy for Sensitive Groups,58.0,UG/M3,1 Hr,Valid
Tashkent,PM2.5 - Principal,2023-02-13 04:00 PM,2023,02,13,16,50.7,138,Unhealthy for Sensitive Groups,56.0,UG/M3,1 Hr,Valid
Tashkent,PM2.5 - Principal,2023-02-13 05:00 PM,2023,02,13,17,48.8,134,Unhealthy for Sensitive Groups,47.0,UG/M3,1 Hr,Valid
Tashkent,PM2.5 - Principal,2023-02-13 06:00 PM,2023,02,13,18,41.9,117,Unhealthy for Sensitive Groups,35.0,UG/M3,1 Hr,Valid
Tashkent,PM2.5 - Principal,2023-02-13 07:00 PM,2023,02,13,19,41.9,117,Unhealthy for Sensitive Groups,42.0,UG/M3,1 Hr,Valid
Tashkent,PM2.5 - Principal,2023-02-13 08:00 PM,2023,02,13,20,48.4,133,Unhealthy for Sensitive Groups,55.0,UG/M3,1 Hr,Valid
Tashkent,PM2.5 - Principal,2023-02-13 09:00 PM,2023,02,13,21,52.2,142,Unhealthy for Sensitive Groups,56.0,UG/M3,1 Hr,Valid
Tashkent,PM2.5 - Principal,2023-02-13 10:00 PM,2023,02,13,22,49.6,136,Unhealthy for Sensitive Groups,47.0,UG/M3,1 Hr,Valid
Tashkent,PM2.5 - Principal,2023-02-13 11:00 PM,2023,02,13,23,49.3,135,Unhealthy for Sensitive Groups,49.0,UG/M3,1 Hr,Valid
Tashkent,PM2.5 - Principal,2023-02-14 12:00 AM,2023,02,14,00,47.6,131,Unhealthy for Sensitive Groups,46.0,UG/M3,1 Hr,Valid
Tashkent,PM2.5 - Principal,2023-02-14 01:00 AM,2023,02,14,01,51.5,140,Unhealthy for Sensitive Groups,57.0,UG/M3,1 Hr,Valid
Tashkent,PM2.5 - Principal,2023-02-14 02:00 AM,2023,02,14,02,51.7,141,Unhealthy for Sensitive Groups,52.0,UG/M3,1 Hr,Valid
Tashkent,PM2.5 - Principal,2023-02-14 03:00 AM,2023,02,14,03,53.3,145,Unhealthy for Sensitive Groups,56.0,UG/M3,1 Hr,Valid
Tashkent,PM2.5 - Principal,2023-02-14 04:00 AM,2023,02,14,04,62.0,154,Unhealthy,70.0,UG/M3,1 Hr,Valid
Tashkent,PM2.5 - Principal,2023-02-14 05:00 AM,2023,02,14,05,68.5,158,Unhealthy,75.0,UG/M3,1 Hr,Valid
Tashkent,PM2.5 - Principal,2023-02-14 06:00 AM,2023,02,14,06,59.5,153,Unhealthy,50.0,UG/M3,1 Hr,Valid
Tashkent,PM2.5 - Principal,2023-02-14 07:00 AM,2023,02,14,07,51.8,141,Unhealthy for Sensitive Groups,42.0,UG/M3,1 Hr,Valid
Tashkent,PM2.5 - Principal,2023-02-14 08:00 AM,2023,02,14,08,43.8,121,Unhealthy for Sensitive Groups,37.0,UG/M3,1 Hr,Valid
Tashkent,PM2.5 - Principal,2023-02-14 09:00 AM,2023,02,14,09,34.9,99,Moderate,26.0,UG/M3,1 Hr,Valid
Tashkent,PM2.5 - Principal,2023-02-14 10:00 AM,2023,02,14,10,24.4,77,Moderate,14.0,UG/M3,1 Hr,Valid
Tashkent,PM2.5 - Principal,2023-02-14 11:00 AM,2023,02,14,11,25.7,80,Moderate,27.0,UG/M3,1 Hr,Valid
Tashkent,PM2.5 - Principal,2023-02-14 12:00 PM,2023,02,14,12,19.8,67,Moderate,14.0,UG/M3,1 Hr,Valid
Tashkent,PM2.5 - Principal,2023-02-14 01:00 PM,2023,02,14,13,19.4,66,Moderate,19.0,UG/M3,1 Hr,Valid
Tashkent,PM2.5 - Principal,2023-02-14 02:00 PM,2023,02,14,14,18.7,65,Moderate,18.0,UG/M3,1 Hr,Valid
Tashkent,PM2.5 - Principal,2023-02-14 03:00 PM,2023,02,14,15,28.3,85,Moderate,38.0,UG/M3,1 Hr,Valid
Tashkent,PM2.5 - Principal,2023-02-14 04:00 PM,2023,02,14,16,42.1,117,Unhealthy for Sensitive Groups,56.0,UG/M3,1 Hr,Valid
Tashkent,PM2.5 - Principal,2023-02-14 05:00 PM,2023,02,14,17,43.5,121,Unhealthy for Sensitive Groups,45.0,UG/M3,1 Hr,Valid
Tashkent,PM2.5 - Principal,2023-02-14 06:00 PM,2023,02,14,18,41.7,116,Unhealthy for Sensitive Groups,40.0,UG/M3,1 Hr,Valid
Tashkent,PM2.5 - Principal,2023-02-14 07:00 PM,2023,02,14,19,46.8,129,Unhealthy for Sensitive Groups,52.0,UG/M3,1 Hr,Valid
Tashkent,PM2.5 - Principal,2023-02-14 08:00 PM,2023,02,14,20,60.9,154,Unhealthy,75.0,UG/M3,1 Hr,Valid
Tashkent,PM2.5 - Principal,2023-02-14 09:00 PM,2023,02,14,21,66.9,157,Unhealthy,73.0,UG/M3,1 Hr,Valid
Tashkent,PM2.5 - Principal,2023-02-14 10:00 PM,2023,02,14,22,56.4,151,Unhealthy,46.0,UG/M3,1 Hr,Valid
Tashkent,PM2.5 - Principal,2023-02-14 11:00 PM,2023,02,14,23,49.7,136,Unhealthy for Sensitive Groups,43.0,UG/M3,1 Hr,Valid
Tashkent,PM2.5 - Principal,2023-02-15 12:00 AM,2023,02,15,00,42.8,119,Unhealthy for Sensitive Groups,36.0,UG/M3,1 Hr,Valid
Tashkent,PM2.5 - Principal,2023-02-15 01:00 AM,2023,02,15,01,41.9,117,Unhealthy for Sensitive Groups,41.0,UG/M3,1 Hr,Valid
Tashkent,PM2.5 - Principal,2023-02-15 02:00 AM,2023,02,15,02,44.9,124,Unhealthy for Sensitive Groups,48.0,UG/M3,1 Hr,Valid
Tashkent,PM2.5 - Principal,2023-02-15 03:00 AM,2023,02,15,03,42.4,118,Unhealthy for Sensitive Groups,40.0,UG/M3,1 Hr,Valid
Tashkent,PM2.5 - Principal,2023-02-15 04:00 AM,2023,02,15,04,37.2,105,Unhealthy for Sensitive Groups,32.0,UG/M3,1 Hr,Valid
Tashkent,PM2.5 - Principal,2023-02-15 05:00 AM,2023,02,15,05,38.6,109,Unhealthy for Sensitive Groups,40.0,UG/M3,1 Hr,Valid
Tashkent,PM2.5 - Principal,2023-02-15 06:00 AM,2023,02,15,06,38.8,109,Unhealthy for Sensitive Groups,39.0,UG/M3,1 Hr,Valid
Tashkent,PM2.5 - Principal,2023-02-15 07:00 AM,2023,02,15,07,39.9,112,Unhealthy for Sensitive Groups,41.0,UG/M3,1 Hr,Valid
Tashkent,PM2.5 - Principal,2023-02-15 08:00 AM,2023,02,15,08,45.4,125,Unhealthy for Sensitive Groups,51.0,UG/M3,1 Hr,Valid
Tashkent,PM2.5 - Principal,2023-02-15 09:00 AM,2023,02,15,09,53.3,145,Unhealthy for Sensitive Groups,62.0,UG/M3,1 Hr,Valid
Tashkent,PM2.5 - Principal,2023-02-15 10:00 AM,2023,02,15,10,56.5,152,Unhealthy,60.0,UG/M3,1 Hr,Valid
Tashkent,PM2.5 - Principal,2023-02-15 11:00 AM,2023,02,15,11,52.9,144,Unhealthy for Sensitive Groups,49.0,UG/M3,1 Hr,Valid
Tashkent,PM2.5 - Principal,2023-02-15 12:00 PM,2023,02,15,12,49.0,134,Unhealthy for Sensitive Groups,45.0,UG/M3,1 Hr,Valid
Tashkent,PM2.5 - Principal,2023-02-15 01:00 PM,2023,02,15,13,42.2,117,Unhealthy for Sensitive Groups,35.0,UG/M3,1 Hr,Valid
Tashkent,PM2.5 - Principal,2023-02-15 02:00 PM,2023,02,15,14,37.2,105,Unhealthy for Sensitive Groups,32.0,UG/M3,1 Hr,Valid
Tashkent,PM2.5 - Principal,2023-02-15 03:00 PM,2023,02,15,15,30.9,91,Moderate,25.0,UG/M3,1 Hr,Valid
Tashkent,PM2.5 - Principal,2023-02-15 04:00 PM,2023,02,15,16,27.4,83,Moderate,24.0,UG/M3,1 Hr,Valid
Tashkent,PM2.5 - Principal,2023-02-15 05:00 PM,2023,02,15,17,27.2,83,Moderate,27.0,UG/M3,1 Hr,Valid
Tashkent,PM2.5 - Principal,2023-02-15 06:00 PM,2023,02,15,18,26.1,80,Moderate,25.0,UG/M3,1 Hr,Valid
Tashkent,PM2.5 - Principal,2023-02-15 07:00 PM,2023,02,15,19,27.0,82,Moderate,28.0,UG/M3,1 Hr,Valid
Tashkent,PM2.5 - Principal,2023-02-15 08:00 PM,2023,02,15,20,27.5,83,Moderate,28.0,UG/M3,1 Hr,Valid
Tashkent,PM2.5 - Principal,2023-02-15 09:00 PM,2023,02,15,21,27.5,83,Moderate,-999.0,UG/M3,1 Hr,Missing
Tashkent,PM2.5 - Principal,2023-02-15 10:00 PM,2023,02,15,22,35.1,99,Moderate,39.0,UG/M3,1 Hr,Valid
Tashkent,PM2.5 - Principal,2023-02-15 11:00 PM,2023,02,15,23,40.2,113,Unhealthy for Sensitive Groups,45.0,UG/M3,1 Hr,Valid
Tashkent,PM2.5 - Principal,2023-02-16 12:00 AM,2023,02,16,00,42.1,117,Unhealthy for Sensitive Groups,44.0,UG/M3,1 Hr,Valid
Tashkent,PM2.5 - Principal,2023-02-16 01:00 AM,2023,02,16,01,42.5,118,Unhealthy for Sensitive Groups,43.0,UG/M3,1 Hr,Valid
Tashkent,PM2.5 - Principal,2023-02-16 02:00 AM,2023,02,16,02,45.4,125,Unhealthy for Sensitive Groups,48.0,UG/M3,1 Hr,Valid
Tashkent,PM2.5 - Principal,2023-02-16 03:00 AM,2023,02,16,03,41.1,115,Unhealthy for Sensitive Groups,37.0,UG/M3,1 Hr,Valid
Tashkent,PM2.5 - Principal,2023-02-16 04:00 AM,2023,02,16,04,39.6,111,Unhealthy for Sensitive Groups,38.0,UG/M3,1 Hr,Valid
Tashkent,PM2.5 - Principal,2023-02-16 05:00 AM,2023,02,16,05,43.2,120,Unhealthy for Sensitive Groups,47.0,UG/M3,1 Hr,Valid
Tashkent,PM2.5 - Principal,2023-02-16 06:00 AM,2023,02,16,06,50.1,137,Unhealthy for Sensitive Groups,57.0,UG/M3,1 Hr,Valid
Tashkent,PM2.5 - Principal,2023-02-16 07:00 AM,2023,02,16,07,54.5,148,Unhealthy for Sensitive Groups,59.0,UG/M3,1 Hr,Valid
Tashkent,PM2.5 - Principal,2023-02-16 08:00 AM,2023,02,16,08,53.3,145,Unhealthy for Sensitive Groups,55.0,UG/M3,1 Hr,Valid
Tashkent,PM2.5 - Principal,2023-02-16 09:00 AM,2023,02,16,09,53.9,146,Unhealthy for Sensitive Groups,55.0,UG/M3,1 Hr,Valid
Tashkent,PM2.5 - Principal,2023-02-16 10:00 AM,2023,02,16,10,55.8,151,Unhealthy,59.0,UG/M3,1 Hr,Valid
Tashkent,PM2.5 - Principal,2023-02-16 11:00 AM,2023,02,16,11,54.8,149,Unhealthy for Sensitive Groups,53.0,UG/M3,1 Hr,Valid
Tashkent,PM2.5 - Principal,2023-02-16 12:00 PM,2023,02,16,12,48.9,134,Unhealthy for Sensitive Groups,39.0,UG/M3,1 Hr,Valid
Tashkent,PM2.5 - Principal,2023-02-16 01:00 PM,2023,02,16,13,35.9,102,Unhealthy for Sensitive Groups,25.0,UG/M3,1 Hr,Valid
Tashkent,PM2.5 - Principal,2023-02-16 02:00 PM,2023,02,16,14,30.4,89,Moderate,25.0,UG/M3,1 Hr,Valid
Tashkent,PM2.5 - Principal,2023-02-16 03:00 PM,2023,02,16,15,25.2,79,Moderate,20.0,UG/M3,1 Hr,Valid
Tashkent,PM2.5 - Principal,2023-02-16 04:00 PM,2023,02,16,16,43.6,121,Unhealthy for Sensitive Groups,62.0,UG/M3,1 Hr,Valid
Tashkent,PM2.5 - Principal,2023-02-16 05:00 PM,2023,02,16,17,53.3,145,Unhealthy for Sensitive Groups,63.0,UG/M3,1 Hr,Valid
Tashkent,PM2.5 - Principal,2023-02-16 06:00 PM,2023,02,16,18,49.1,134,Unhealthy for Sensitive Groups,45.0,UG/M3,1 Hr,Valid
Tashkent,PM2.5 - Principal,2023-02-16 07:00 PM,2023,02,16,19,48.0,132,Unhealthy for Sensitive Groups,47.0,UG/M3,1 Hr,Valid
Tashkent,PM2.5 - Principal,2023-02-16 08:00 PM,2023,02,16,20,52.0,142,Unhealthy for Sensitive Groups,56.0,UG/M3,1 Hr,Valid
Tashkent,PM2.5 - Principal,2023-02-16 09:00 PM,2023,02,16,21,46.5,128,Unhealthy for Sensitive Groups,41.0,UG/M3,1 Hr,Valid
Tashkent,PM2.5 - Principal,2023-02-16 10:00 PM,2023,02,16,22,43.7,121,Unhealthy for Sensitive Groups,41.0,UG/M3,1 Hr,Valid
Tashkent,PM2.5 - Principal,2023-02-16 11:00 PM,2023,02,16,23,48.3,133,Unhealthy for Sensitive Groups,53.0,UG/M3,1 Hr,Valid
Tashkent,PM2.5 - Principal,2023-02-17 12:00 AM,2023,02,17,00,41.6,116,Unhealthy for Sensitive Groups,35.0,UG/M3,1 Hr,Valid
Tashkent,PM2.5 - Principal,2023-02-17 01:00 AM,2023,02,17,01,37.3,105,Unhealthy for Sensitive Groups,33.0,UG/M3,1 Hr,Valid
Tashkent,PM2.5 - Principal,2023-02-17 02:00 AM,2023,02,17,02,32.6,94,Moderate,28.0,UG/M3,1 Hr,Valid
Tashkent,PM2.5 - Principal,2023-02-17 03:00 AM,2023,02,17,03,29.3,87,Moderate,26.0,UG/M3,1 Hr,Valid
Tashkent,PM2.5 - Principal,2023-02-17 04:00 AM,2023,02,17,04,21.6,71,Moderate,14.0,UG/M3,1 Hr,Valid
Tashkent,PM2.5 - Principal,2023-02-17 05:00 AM,2023,02,17,05,17.8,63,Moderate,14.0,UG/M3,1 Hr,Valid
Tashkent,PM2.5 - Principal,2023-02-17 06:00 AM,2023,02,17,06,16.4,60,Moderate,15.0,UG/M3,1 Hr,Valid
Tashkent,PM2.5 - Principal,2023-02-17 07:00 AM,2023,02,17,07,19.2,66,Moderate,22.0,UG/M3,1 Hr,Valid
Tashkent,PM2.5 - Principal,2023-02-17 08:00 AM,2023,02,17,08,23.0,74,Moderate,27.0,UG/M3,1 Hr,Valid
Tashkent,PM2.5 - Principal,2023-02-17 09:00 AM,2023,02,17,09,25.0,78,Moderate,27.0,UG/M3,1 Hr,Valid
Tashkent,PM2.5 - Principal,2023-02-17 10:00 AM,2023,02,17,10,28.5,85,Moderate,32.0,UG/M3,1 Hr,Valid
Tashkent,PM2.5 - Principal,2023-02-17 11:00 AM,2023,02,17,11,30.7,90,Moderate,33.0,UG/M3,1 Hr,Valid
Tashkent,PM2.5 - Principal,2023-02-17 12:00 PM,2023,02,17,12,28.8,86,Moderate,27.0,UG/M3,1 Hr,Valid
Tashkent,PM2.5 - Principal,2023-02-17 01:00 PM,2023,02,17,13,34.4,98,Moderate,40.0,UG/M3,1 Hr,Valid
Tashkent,PM2.5 - Principal,2023-02-17 02:00 PM,2023,02,17,14,46.7,129,Unhealthy for Sensitive Groups,59.0,UG/M3,1 Hr,Valid
Tashkent,PM2.5 - Principal,2023-02-17 03:00 PM,2023,02,17,15,36.8,104,Unhealthy for Sensitive Groups,27.0,UG/M3,1 Hr,Valid
Tashkent,PM2.5 - Principal,2023-02-17 04:00 PM,2023,02,17,16,24.4,77,Moderate,12.0,UG/M3,1 Hr,Valid
Tashkent,PM2.5 - Principal,2023-02-17 05:00 PM,2023,02,17,17,19.2,66,Moderate,14.0,UG/M3,1 Hr,Valid
Tashkent,PM2.5 - Principal,2023-02-17 06:00 PM,2023,02,17,18,15.1,57,Moderate,11.0,UG/M3,1 Hr,Valid
Tashkent,PM2.5 - Principal,2023-02-17 07:00 PM,2023,02,17,19,15.5,58,Moderate,16.0,UG/M3,1 Hr,Valid
Tashkent,PM2.5 - Principal,2023-02-17 08:00 PM,2023,02,17,20,19.7,67,Moderate,24.0,UG/M3,1 Hr,Valid
Tashkent,PM2.5 - Principal,2023-02-17 09:00 PM,2023,02,17,21,21.8,71,Moderate,24.0,UG/M3,1 Hr,Valid
Tashkent,PM2.5 - Principal,2023-02-17 10:00 PM,2023,02,17,22,21.4,71,Moderate,21.0,UG/M3,1 Hr,Valid
Tashkent,PM2.5 - Principal,2023-02-17 11:00 PM,2023,02,17,23,17.7,63,Moderate,14.0,UG/M3,1 Hr,Valid
Tashkent,PM2.5 - Principal,2023-02-18 12:00 AM,2023,02,18,00,16.8,61,Moderate,16.0,UG/M3,1 Hr,Valid
Tashkent,PM2.5 - Principal,2023-02-18 01:00 AM,2023,02,18,01,19.4,66,Moderate,22.0,UG/M3,1 Hr,Valid
Tashkent,PM2.5 - Principal,2023-02-18 02:00 AM,2023,02,18,02,22.7,73,Moderate,26.0,UG/M3,1 Hr,Valid
Tashkent,PM2.5 - Principal,2023-02-18 03:00 AM,2023,02,18,03,22.3,72,Moderate,22.0,UG/M3,1 Hr,Valid
Tashkent,PM2.5 - Principal,2023-02-18 04:00 AM,2023,02,18,04,25.1,78,Moderate,28.0,UG/M3,1 Hr,Valid
Tashkent,PM2.5 - Principal,2023-02-18 05:00 AM,2023,02,18,05,30.5,90,Moderate,36.0,UG/M3,1 Hr,Valid
Tashkent,PM2.5 - Principal,2023-02-18 06:00 AM,2023,02,18,06,31.2,91,Moderate,32.0,UG/M3,1 Hr,Valid
Tashkent,PM2.5 - Principal,2023-02-18 07:00 AM,2023,02,18,07,32.1,93,Moderate,33.0,UG/M3,1 Hr,Valid
Tashkent,PM2.5 - Principal,2023-02-18 08:00 AM,2023,02,18,08,49.5,135,Unhealthy for Sensitive Groups,67.0,UG/M3,1 Hr,Valid
Tashkent,PM2.5 - Principal,2023-02-18 09:00 AM,2023,02,18,09,62.7,155,Unhealthy,76.0,UG/M3,1 Hr,Valid
Tashkent,PM2.5 - Principal,2023-02-18 10:00 AM,2023,02,18,10,63.4,155,Unhealthy,64.0,UG/M3,1 Hr,Valid
Tashkent,PM2.5 - Principal,2023-02-18 11:00 AM,2023,02,18,11,54.2,147,Unhealthy for Sensitive Groups,45.0,UG/M3,1 Hr,Valid
Tashkent,PM2.5 - Principal,2023-02-18 12:00 PM,2023,02,18,12,49.1,134,Unhealthy for Sensitive Groups,44.0,UG/M3,1 Hr,Valid
Tashkent,PM2.5 - Principal,2023-02-18 01:00 PM,2023,02,18,13,43.0,119,Unhealthy for Sensitive Groups,37.0,UG/M3,1 Hr,Valid
Tashkent,PM2.5 - Principal,2023-02-18 02:00 PM,2023,02,18,14,31.0,91,Moderate,19.0,UG/M3,1 Hr,Valid
Tashkent,PM2.5 - Principal,2023-02-18 03:00 PM,2023,02,18,15,23.0,74,Moderate,15.0,UG/M3,1 Hr,Valid
Tashkent,PM2.5 - Principal,2023-02-18 04:00 PM,2023,02,18,16,19.0,66,Moderate,15.0,UG/M3,1 Hr,Valid
Tashkent,PM2.5 - Principal,2023-02-18 05:00 PM,2023,02,18,17,15.4,58,Moderate,12.0,UG/M3,1 Hr,Valid
Tashkent,PM2.5 - Principal,2023-02-18 06:00 PM,2023,02,18,18,17.7,63,Moderate,20.0,UG/M3,1 Hr,Valid
Tashkent,PM2.5 - Principal,2023-02-18 07:00 PM,2023,02,18,19,15.3,58,Moderate,13.0,UG/M3,1 Hr,Valid
Tashkent,PM2.5 - Principal,2023-02-18 08:00 PM,2023,02,18,20,20.1,68,Moderate,25.0,UG/M3,1 Hr,Valid
Tashkent,PM2.5 - Principal,2023-02-18 09:00 PM,2023,02,18,21,29.0,87,Moderate,38.0,UG/M3,1 Hr,Valid
Tashkent,PM2.5 - Principal,2023-02-18 10:00 PM,2023,02,18,22,35.5,101,Unhealthy for Sensitive Groups,42.0,UG/M3,1 Hr,Valid
Tashkent,PM2.5 - Principal,2023-02-18 11:00 PM,2023,02,18,23,33.7,96,Moderate,32.0,UG/M3,1 Hr,Valid
Tashkent,PM2.5 - Principal,2023-02-19 12:00 AM,2023,02,19,00,45.8,126,Unhealthy for Sensitive Groups,58.0,UG/M3,1 Hr,Valid
Tashkent,PM2.5 - Principal,2023-02-19 01:00 AM,2023,02,19,01,42.9,119,Unhealthy for Sensitive Groups,40.0,UG/M3,1 Hr,Valid
Tashkent,PM2.5 - Principal,2023-02-19 02:00 AM,2023,02,19,02,56.4,151,Unhealthy,70.0,UG/M3,1 Hr,Valid
Tashkent,PM2.5 - Principal,2023-02-19 03:00 AM,2023,02,19,03,55.7,151,Unhealthy,55.0,UG/M3,1 Hr,Valid
Tashkent,PM2.5 - Principal,2023-02-19 04:00 AM,2023,02,19,04,47.8,131,Unhealthy for Sensitive Groups,40.0,UG/M3,1 Hr,Valid
Tashkent,PM2.5 - Principal,2023-02-19 05:00 AM,2023,02,19,05,41.4,116,Unhealthy for Sensitive Groups,35.0,UG/M3,1 Hr,Valid
Tashkent,PM2.5 - Principal,2023-02-19 06:00 AM,2023,02,19,06,41.7,116,Unhealthy for Sensitive Groups,42.0,UG/M3,1 Hr,Valid
Tashkent,PM2.5 - Principal,2023-02-19 07:00 AM,2023,02,19,07,39.8,112,Unhealthy for Sensitive Groups,38.0,UG/M3,1 Hr,Valid
Tashkent,PM2.5 - Principal,2023-02-19 08:00 AM,2023,02,19,08,43.9,122,Unhealthy for Sensitive Groups,48.0,UG/M3,1 Hr,Valid
Tashkent,PM2.5 - Principal,2023-02-19 09:00 AM,2023,02,19,09,56.4,151,Unhealthy,69.0,UG/M3,1 Hr,Valid
Tashkent,PM2.5 - Principal,2023-02-19 10:00 AM,2023,02,19,10,53.7,146,Unhealthy for Sensitive Groups,51.0,UG/M3,1 Hr,Valid
Tashkent,PM2.5 - Principal,2023-02-19 11:00 AM,2023,02,19,11,55.3,150,Unhealthy for Sensitive Groups,57.0,UG/M3,1 Hr,Valid
Tashkent,PM2.5 - Principal,2023-02-19 12:00 PM,2023,02,19,12,39.6,111,Unhealthy for Sensitive Groups,24.0,UG/M3,1 Hr,Valid
Tashkent,PM2.5 - Principal,2023-02-19 01:00 PM,2023,02,19,13,31.8,92,Moderate,24.0,UG/M3,1 Hr,Valid
Tashkent,PM2.5 - Principal,2023-02-19 02:00 PM,2023,02,19,14,24.9,78,Moderate,18.0,UG/M3,1 Hr,Valid
Tashkent,PM2.5 - Principal,2023-02-19 03:00 PM,2023,02,19,15,22.9,74,Moderate,21.0,UG/M3,1 Hr,Valid
Tashkent,PM2.5 - Principal,2023-02-19 04:00 PM,2023,02,19,16,22.4,73,Moderate,22.0,UG/M3,1 Hr,Valid
Tashkent,PM2.5 - Principal,2023-02-19 05:00 PM,2023,02,19,17,24.7,77,Moderate,27.0,UG/M3,1 Hr,Valid
Tashkent,PM2.5 - Principal,2023-02-19 06:00 PM,2023,02,19,18,27.8,84,Moderate,31.0,UG/M3,1 Hr,Valid
Tashkent,PM2.5 - Principal,2023-02-19 07:00 PM,2023,02,19,19,28.9,86,Moderate,30.0,UG/M3,1 Hr,Valid
Tashkent,PM2.5 - Principal,2023-02-19 08:00 PM,2023,02,19,20,32.4,94,Moderate,36.0,UG/M3,1 Hr,Valid
Tashkent,PM2.5 - Principal,2023-02-19 09:00 PM,2023,02,19,21,25.7,80,Moderate,19.0,UG/M3,1 Hr,Valid
Tashkent,PM2.5 - Principal,2023-02-19 10:00 PM,2023,02,19,22,25.3,79,Moderate,25.0,UG/M3,1 Hr,Valid
Tashkent,PM2.5 - Principal,2023-02-19 11:00 PM,2023,02,19,23,35.1,99,Moderate,45.0,UG/M3,1 Hr,Valid
Tashkent,PM2.5 - Principal,2023-02-20 12:00 AM,2023,02,20,00,39.5,111,Unhealthy for Sensitive Groups,44.0,UG/M3,1 Hr,Valid
Tashkent,PM2.5 - Principal,2023-02-20 01:00 AM,2023,02,20,01,38.7,109,Unhealthy for Sensitive Groups,38.0,UG/M3,1 Hr,Valid
Tashkent,PM2.5 - Principal,2023-02-20 02:00 AM,2023,02,20,02,38.9,109,Unhealthy for Sensitive Groups,39.0,UG/M3,1 Hr,Valid
Tashkent,PM2.5 - Principal,2023-02-20 03:00 AM,2023,02,20,03,34.9,99,Moderate,31.0,UG/M3,1 Hr,Valid
Tashkent,PM2.5 - Principal,2023-02-20 04:00 AM,2023,02,20,04,24.4,77,Moderate,14.0,UG/M3,1 Hr,Valid
Tashkent,PM2.5 - Principal,2023-02-20 05:00 AM,2023,02,20,05,27.2,83,Moderate,30.0,UG/M3,1 Hr,Valid
Tashkent,PM2.5 - Principal,2023-02-20 06:00 AM,2023,02,20,06,30.1,89,Moderate,33.0,UG/M3,1 Hr,Valid
Tashkent,PM2.5 - Principal,2023-02-20 07:00 AM,2023,02,20,07,21.0,70,Moderate,12.0,UG/M3,1 Hr,Valid
Tashkent,PM2.5 - Principal,2023-02-20 08:00 AM,2023,02,20,08,16.5,60,Moderate,12.0,UG/M3,1 Hr,Valid
Tashkent,PM2.5 - Principal,2023-02-20 09:00 AM,2023,02,20,09,13.7,54,Moderate,11.0,UG/M3,1 Hr,Valid
Tashkent,PM2.5 - Principal,2023-02-20 10:00 AM,2023,02,20,10,16.8,61,Moderate,20.0,UG/M3,1 Hr,Valid
Tashkent,PM2.5 - Principal,2023-02-20 11:00 AM,2023,02,20,11,19.4,66,Moderate,22.0,UG/M3,1 Hr,Valid
Tashkent,PM2.5 - Principal,2023-02-20 12:00 PM,2023,02,20,12,20.2,68,Moderate,21.0,UG/M3,1 Hr,Valid
Tashkent,PM2.5 - Principal,2023-02-20 01:00 PM,2023,02,20,13,26.1,80,Moderate,32.0,UG/M3,1 Hr,Valid
Tashkent,PM2.5 - Principal,2023-02-20 02:00 PM,2023,02,20,14,27.0,82,Moderate,28.0,UG/M3,1 Hr,Valid
Tashkent,PM2.5 - Principal,2023-02-20 03:00 PM,2023,02,20,15,19.0,66,Moderate,11.0,UG/M3,1 Hr,Valid
Tashkent,PM2.5 - Principal,2023-02-20 04:00 PM,2023,02,20,16,13.0,53,Moderate,7.0,UG/M3,1 Hr,Valid
Tashkent,PM2.5 - Principal,2023-02-20 05:00 PM,2023,02,20,17,14.0,55,Moderate,15.0,UG/M3,1 Hr,Valid
Tashkent,PM2.5 - Principal,2023-02-20 06:00 PM,2023,02,20,18,15.4,58,Moderate,17.0,UG/M3,1 Hr,Valid
Tashkent,PM2.5 - Principal,2023-02-20 07:00 PM,2023,02,20,19,19.2,66,Moderate,23.0,UG/M3,1 Hr,Valid
Tashkent,PM2.5 - Principal,2023-02-20 08:00 PM,2023,02,20,20,19.6,67,Moderate,20.0,UG/M3,1 Hr,Valid
Tashkent,PM2.5 - Principal,2023-02-20 09:00 PM,2023,02,20,21,19.8,67,Moderate,20.0,UG/M3,1 Hr,Valid
Tashkent,PM2.5 - Principal,2023-02-20 10:00 PM,2023,02,20,22,14.4,56,Moderate,9.0,UG/M3,1 Hr,Valid
Tashkent,PM2.5 - Principal,2023-02-20 11:00 PM,2023,02,20,23,13.2,53,Moderate,12.0,UG/M3,1 Hr,Valid
Tashkent,PM2.5 - Principal,2023-02-21 12:00 AM,2023,02,21,00,19.1,66,Moderate,25.0,UG/M3,1 Hr,Valid
Tashkent,PM2.5 - Principal,2023-02-21 01:00 AM,2023,02,21,01,17.5,62,Moderate,16.0,UG/M3,1 Hr,Valid
Tashkent,PM2.5 - Principal,2023-02-21 02:00 AM,2023,02,21,02,12.7,52,Moderate,8.0,UG/M3,1 Hr,Valid
Tashkent,PM2.5 - Principal,2023-02-21 03:00 AM,2023,02,21,03,35.8,102,Unhealthy for Sensitive Groups,59.0,UG/M3,1 Hr,Valid
Tashkent,PM2.5 - Principal,2023-02-21 04:00 AM,2023,02,21,04,34.9,99,Moderate,34.0,UG/M3,1 Hr,Valid
Tashkent,PM2.5 - Principal,2023-02-21 05:00 AM,2023,02,21,05,29.4,87,Moderate,24.0,UG/M3,1 Hr,Valid
Tashkent,PM2.5 - Principal,2023-02-21 06:00 AM,2023,02,21,06,24.2,76,Moderate,19.0,UG/M3,1 Hr,Valid
Tashkent,PM2.5 - Principal,2023-02-21 07:00 AM,2023,02,21,07,20.6,69,Moderate,17.0,UG/M3,1 Hr,Valid
Tashkent,PM2.5 - Principal,2023-02-21 08:00 AM,2023,02,21,08,18.3,64,Moderate,16.0,UG/M3,1 Hr,Valid
Tashkent,PM2.5 - Principal,2023-02-21 09:00 AM,2023,02,21,09,16.1,59,Moderate,14.0,UG/M3,1 Hr,Valid
Tashkent,PM2.5 - Principal,2023-02-21 10:00 AM,2023,02,21,10,19.5,67,Moderate,23.0,UG/M3,1 Hr,Valid
Tashkent,PM2.5 - Principal,2023-02-21 11:00 AM,2023,02,21,11,21.2,70,Moderate,23.0,UG/M3,1 Hr,Valid
Tashkent,PM2.5 - Principal,2023-02-21 12:00 PM,2023,02,21,12,21.2,70,Moderate,-999.0,UG/M3,1 Hr,Missing
Tashkent,PM2.5 - Principal,2023-02-21 01:00 PM,2023,02,21,13,17.0,61,Moderate,15.0,UG/M3,1 Hr,Valid
Tashkent,PM2.5 - Principal,2023-02-21 02:00 PM,2023,02,21,14,15.3,58,Moderate,14.0,UG/M3,1 Hr,Valid
Tashkent,PM2.5 - Principal,2023-02-21 03:00 PM,2023,02,21,15,14.0,55,Moderate,13.0,UG/M3,1 Hr,Valid
Tashkent,PM2.5 - Principal,2023-02-21 04:00 PM,2023,02,21,16,10.9,45,Good,8.0,UG/M3,1 Hr,Valid
Tashkent,PM2.5 - Principal,2023-02-21 05:00 PM,2023,02,21,17,9.9,41,Good,9.0,UG/M3,1 Hr,Valid
Tashkent,PM2.5 - Principal,2023-02-21 06:00 PM,2023,02,21,18,8.4,35,Good,7.0,UG/M3,1 Hr,Valid
Tashkent,PM2.5 - Principal,2023-02-21 07:00 PM,2023,02,21,19,11.2,47,Good,14.0,UG/M3,1 Hr,Valid
Tashkent,PM2.5 - Principal,2023-02-21 08:00 PM,2023,02,21,20,10.6,44,Good,10.0,UG/M3,1 Hr,Valid
Tashkent,PM2.5 - Principal,2023-02-21 09:00 PM,2023,02,21,21,9.8,41,Good,9.0,UG/M3,1 Hr,Valid
Tashkent,PM2.5 - Principal,2023-02-21 10:00 PM,2023,02,21,22,8.4,35,Good,7.0,UG/M3,1 Hr,Valid
Tashkent,PM2.5 - Principal,2023-02-21 11:00 PM,2023,02,21,23,6.6,28,Good,5.0,UG/M3,1 Hr,Valid
Tashkent,PM2.5 - Principal,2023-02-22 12:00 AM,2023,02,22,00,6.3,26,Good,6.0,UG/M3,1 Hr,Valid
Tashkent,PM2.5 - Principal,2023-02-22 01:00 AM,2023,02,22,01,6.6,28,Good,7.0,UG/M3,1 Hr,Valid
Tashkent,PM2.5 - Principal,2023-02-22 02:00 AM,2023,02,22,02,11.3,47,Good,16.0,UG/M3,1 Hr,Valid
Tashkent,PM2.5 - Principal,2023-02-22 03:00 AM,2023,02,22,03,16.1,59,Moderate,21.0,UG/M3,1 Hr,Valid
Tashkent,PM2.5 - Principal,2023-02-22 04:00 AM,2023,02,22,04,28.5,85,Moderate,41.0,UG/M3,1 Hr,Valid
Tashkent,PM2.5 - Principal,2023-02-22 05:00 AM,2023,02,22,05,26.2,81,Moderate,24.0,UG/M3,1 Hr,Valid
Tashkent,PM2.5 - Principal,2023-02-22 06:00 AM,2023,02,22,06,26.6,81,Moderate,27.0,UG/M3,1 Hr,Valid
Tashkent,PM2.5 - Principal,2023-02-22 07:00 AM,2023,02,22,07,20.8,69,Moderate,15.0,UG/M3,1 Hr,Valid
Tashkent,PM2.5 - Principal,2023-02-22 08:00 AM,2023,02,22,08,19.4,66,Moderate,18.0,UG/M3,1 Hr,Valid
Tashkent,PM2.5 - Principal,2023-02-22 09:00 AM,2023,02,22,09,27.2,83,Moderate,35.0,UG/M3,1 Hr,Valid
Tashkent,PM2.5 - Principal,2023-02-22 10:00 AM,2023,02,22,10,33.1,95,Moderate,39.0,UG/M3,1 Hr,Valid
Tashkent,PM2.5 - Principal,2023-02-22 11:00 AM,2023,02,22,11,39.5,111,Unhealthy for Sensitive Groups,46.0,UG/M3,1 Hr,Valid
Tashkent,PM2.5 - Principal,2023-02-22 12:00 PM,2023,02,22,12,41.7,116,Unhealthy for Sensitive Groups,44.0,UG/M3,1 Hr,Valid
Tashkent,PM2.5 - Principal,2023-02-22 01:00 PM,2023,02,22,13,42.3,118,Unhealthy for Sensitive Groups,43.0,UG/M3,1 Hr,Valid
Tashkent,PM2.5 - Principal,2023-02-22 02:00 PM,2023,02,22,14,42.7,119,Unhealthy for Sensitive Groups,43.0,UG/M3,1 Hr,Valid
Tashkent,PM2.5 - Principal,2023-02-22 03:00 PM,2023,02,22,15,37.8,107,Unhealthy for Sensitive Groups,33.0,UG/M3,1 Hr,Valid
Tashkent,PM2.5 - Principal,2023-02-22 04:00 PM,2023,02,22,16,29.9,88,Moderate,22.0,UG/M3,1 Hr,Valid
Tashkent,PM2.5 - Principal,2023-02-22 05:00 PM,2023,02,22,17,29.9,88,Moderate,30.0,UG/M3,1 Hr,Valid
Tashkent,PM2.5 - Principal,2023-02-22 06:00 PM,2023,02,22,18,27.4,83,Moderate,25.0,UG/M3,1 Hr,Valid
Tashkent,PM2.5 - Principal,2023-02-22 07:00 PM,2023,02,22,19,29.2,87,Moderate,31.0,UG/M3,1 Hr,Valid
Tashkent,PM2.5 - Principal,2023-02-22 08:00 PM,2023,02,22,20,26.6,81,Moderate,24.0,UG/M3,1 Hr,Valid
Tashkent,PM2.5 - Principal,2023-02-22 09:00 PM,2023,02,22,21,25.3,79,Moderate,24.0,UG/M3,1 Hr,Valid
Tashkent,PM2.5 - Principal,2023-02-22 10:00 PM,2023,02,22,22,24.1,76,Moderate,23.0,UG/M3,1 Hr,Valid
Tashkent,PM2.5 - Principal,2023-02-22 11:00 PM,2023,02,22,23,34.5,98,Moderate,45.0,UG/M3,1 Hr,Valid
Tashkent,PM2.5 - Principal,2023-02-23 12:00 AM,2023,02,23,00,37.2,105,Unhealthy for Sensitive Groups,40.0,UG/M3,1 Hr,Valid
Tashkent,PM2.5 - Principal,2023-02-23 01:00 AM,2023,02,23,01,38.6,109,Unhealthy for Sensitive Groups,40.0,UG/M3,1 Hr,Valid
Tashkent,PM2.5 - Principal,2023-02-23 02:00 AM,2023,02,23,02,36.3,103,Unhealthy for Sensitive Groups,34.0,UG/M3,1 Hr,Valid
Tashkent,PM2.5 - Principal,2023-02-23 03:00 AM,2023,02,23,03,41.6,116,Unhealthy for Sensitive Groups,47.0,UG/M3,1 Hr,Valid
Tashkent,PM2.5 - Principal,2023-02-23 04:00 AM,2023,02,23,04,43.3,120,Unhealthy for Sensitive Groups,45.0,UG/M3,1 Hr,Valid
Tashkent,PM2.5 - Principal,2023-02-23 05:00 AM,2023,02,23,05,37.1,105,Unhealthy for Sensitive Groups,31.0,UG/M3,1 Hr,Valid
Tashkent,PM2.5 - Principal,2023-02-23 06:00 AM,2023,02,23,06,27.0,82,Moderate,17.0,UG/M3,1 Hr,Valid
Tashkent,PM2.5 - Principal,2023-02-23 07:00 AM,2023,02,23,07,25.5,79,Moderate,24.0,UG/M3,1 Hr,Valid
Tashkent,PM2.5 - Principal,2023-02-23 08:00 AM,2023,02,23,08,27.2,83,Moderate,29.0,UG/M3,1 Hr,Valid
Tashkent,PM2.5 - Principal,2023-02-23 09:00 AM,2023,02,23,09,29.6,88,Moderate,32.0,UG/M3,1 Hr,Valid
Tashkent,PM2.5 - Principal,2023-02-23 10:00 AM,2023,02,23,10,30.8,90,Moderate,32.0,UG/M3,1 Hr,Valid
Tashkent,PM2.5 - Principal,2023-02-23 11:00 AM,2023,02,23,11,30.8,90,Moderate,-999.0,UG/M3,1 Hr,Missing
Tashkent,PM2.5 - Principal,2023-02-23 12:00 PM,2023,02,23,12,29.6,88,Moderate,29.0,UG/M3,1 Hr,Valid
Tashkent,PM2.5 - Principal,2023-02-23 02:00 PM,2023,02,23,14,16.0,59,Moderate,11.0,UG/M3,1 Hr,Valid
Tashkent,PM2.5 - Principal,2023-02-23 03:00 PM,2023,02,23,15,11.2,47,Good,8.0,UG/M3,1 Hr,Valid
Tashkent,PM2.5 - Principal,2023-02-23 04:00 PM,2023,02,23,16,9.4,39,Good,8.0,UG/M3,1 Hr,Valid
Tashkent,PM2.5 - Principal,2023-02-23 05:00 PM,2023,02,23,17,8.1,34,Good,7.0,UG/M3,1 Hr,Valid
Tashkent,PM2.5 - Principal,2023-02-23 06:00 PM,2023,02,23,18,11.1,46,Good,14.0,UG/M3,1 Hr,Valid
Tashkent,PM2.5 - Principal,2023-02-23 07:00 PM,2023,02,23,19,19.1,66,Moderate,27.0,UG/M3,1 Hr,Valid
Tashkent,PM2.5 - Principal,2023-02-23 08:00 PM,2023,02,23,20,23.5,75,Moderate,28.0,UG/M3,1 Hr,Valid
Tashkent,PM2.5 - Principal,2023-02-23 09:00 PM,2023,02,23,21,27.3,83,Moderate,31.0,UG/M3,1 Hr,Valid
Tashkent,PM2.5 - Principal,2023-02-23 10:00 PM,2023,02,23,22,18.1,64,Moderate,9.0,UG/M3,1 Hr,Valid
Tashkent,PM2.5 - Principal,2023-02-23 11:00 PM,2023,02,23,23,13.5,54,Moderate,9.0,UG/M3,1 Hr,Valid
Tashkent,PM2.5 - Principal,2023-02-24 12:00 AM,2023,02,24,00,15.2,58,Moderate,17.0,UG/M3,1 Hr,Valid
Tashkent,PM2.5 - Principal,2023-02-24 01:00 AM,2023,02,24,01,17.6,63,Moderate,20.0,UG/M3,1 Hr,Valid
Tashkent,PM2.5 - Principal,2023-02-24 02:00 AM,2023,02,24,02,20.8,69,Moderate,24.0,UG/M3,1 Hr,Valid
Tashkent,PM2.5 - Principal,2023-02-24 03:00 AM,2023,02,24,03,23.9,76,Moderate,27.0,UG/M3,1 Hr,Valid
Tashkent,PM2.5 - Principal,2023-02-24 04:00 AM,2023,02,24,04,25.9,80,Moderate,28.0,UG/M3,1 Hr,Valid
Tashkent,PM2.5 - Principal,2023-02-24 05:00 AM,2023,02,24,05,25.4,79,Moderate,25.0,UG/M3,1 Hr,Valid
Tashkent,PM2.5 - Principal,2023-02-24 06:00 AM,2023,02,24,06,25.7,80,Moderate,26.0,UG/M3,1 Hr,Valid
Tashkent,PM2.5 - Principal,2023-02-24 07:00 AM,2023,02,24,07,20.8,69,Moderate,16.0,UG/M3,1 Hr,Valid
Tashkent,PM2.5 - Principal,2023-02-24 08:00 AM,2023,02,24,08,27.9,84,Moderate,35.0,UG/M3,1 Hr,Valid
Tashkent,PM2.5 - Principal,2023-02-24 09:00 AM,2023,02,24,09,21.9,72,Moderate,16.0,UG/M3,1 Hr,Valid
Tashkent,PM2.5 - Principal,2023-02-24 10:00 AM,2023,02,24,10,15.9,59,Moderate,10.0,UG/M3,1 Hr,Valid
Tashkent,PM2.5 - Principal,2023-02-24 11:00 AM,2023,02,24,11,22.4,73,Moderate,29.0,UG/M3,1 Hr,Valid
Tashkent,PM2.5 - Principal,2023-02-24 12:00 PM,2023,02,24,12,26.7,82,Moderate,31.0,UG/M3,1 Hr,Valid
Tashkent,PM2.5 - Principal,2023-02-24 01:00 PM,2023,02,24,13,29.3,87,Moderate,32.0,UG/M3,1 Hr,Valid
Tashkent,PM2.5 - Principal,2023-02-24 02:00 PM,2023,02,24,14,30.6,90,Moderate,32.0,UG/M3,1 Hr,Valid
Tashkent,PM2.5 - Principal,2023-02-24 03:00 PM,2023,02,24,15,30.8,90,Moderate,31.0,UG/M3,1 Hr,Valid
Tashkent,PM2.5 - Principal,2023-02-24 04:00 PM,2023,02,24,16,30.9,91,Moderate,31.0,UG/M3,1 Hr,Valid
Tashkent,PM2.5 - Principal,2023-02-24 05:00 PM,2023,02,24,17,30.4,89,Moderate,30.0,UG/M3,1 Hr,Valid
Tashkent,PM2.5 - Principal,2023-02-24 06:00 PM,2023,02,24,18,30.7,90,Moderate,31.0,UG/M3,1 Hr,Valid
Tashkent,PM2.5 - Principal,2023-02-24 07:00 PM,2023,02,24,19,39.8,112,Unhealthy for Sensitive Groups,49.0,UG/M3,1 Hr,Valid
Tashkent,PM2.5 - Principal,2023-02-24 08:00 PM,2023,02,24,20,40.9,114,Unhealthy for Sensitive Groups,42.0,UG/M3,1 Hr,Valid
Tashkent,PM2.5 - Principal,2023-02-24 09:00 PM,2023,02,24,21,39.9,112,Unhealthy for Sensitive Groups,39.0,UG/M3,1 Hr,Valid
Tashkent,PM2.5 - Principal,2023-02-24 10:00 PM,2023,02,24,22,45.1,125,Unhealthy for Sensitive Groups,52.0,UG/M3,1 Hr,Valid
Tashkent,PM2.5 - Principal,2023-02-24 11:00 PM,2023,02,24,23,57.0,152,Unhealthy,68.0,UG/M3,1 Hr,Valid
Tashkent,PM2.5 - Principal,2023-02-25 12:00 AM,2023,02,25,00,55.0,149,Unhealthy for Sensitive Groups,53.0,UG/M3,1 Hr,Valid
Tashkent,PM2.5 - Principal,2023-02-25 01:00 AM,2023,02,25,01,33.4,96,Moderate,12.0,UG/M3,1 Hr,Valid
Tashkent,PM2.5 - Principal,2023-02-25 02:00 AM,2023,02,25,02,21.2,70,Moderate,9.0,UG/M3,1 Hr,Valid
Tashkent,PM2.5 - Principal,2023-02-25 03:00 AM,2023,02,25,03,19.1,66,Moderate,17.0,UG/M3,1 Hr,Valid
Tashkent,PM2.5 - Principal,2023-02-25 04:00 AM,2023,02,25,04,15.5,58,Moderate,12.0,UG/M3,1 Hr,Valid
Tashkent,PM2.5 - Principal,2023-02-25 05:00 AM,2023,02,25,05,11.7,49,Good,8.0,UG/M3,1 Hr,Valid
Tashkent,PM2.5 - Principal,2023-02-25 06:00 AM,2023,02,25,06,9.8,41,Good,8.0,UG/M3,1 Hr,Valid
Tashkent,PM2.5 - Principal,2023-02-25 07:00 AM,2023,02,25,07,7.9,33,Good,6.0,UG/M3,1 Hr,Valid
Tashkent,PM2.5 - Principal,2023-02-25 08:00 AM,2023,02,25,08,7.4,31,Good,7.0,UG/M3,1 Hr,Valid
Tashkent,PM2.5 - Principal,2023-02-25 09:00 AM,2023,02,25,09,6.7,28,Good,6.0,UG/M3,1 Hr,Valid
Tashkent,PM2.5 - Principal,2023-02-25 10:00 AM,2023,02,25,10,8.3,35,Good,10.0,UG/M3,1 Hr,Valid
Tashkent,PM2.5 - Principal,2023-02-25 11:00 AM,2023,02,25,11,10.6,44,Good,13.0,UG/M3,1 Hr,Valid
Tashkent,PM2.5 - Principal,2023-02-25 12:00 PM,2023,02,25,12,8.8,37,Good,7.0,UG/M3,1 Hr,Valid
Tashkent,PM2.5 - Principal,2023-02-25 01:00 PM,2023,02,25,13,6.9,29,Good,5.0,UG/M3,1 Hr,Valid
Tashkent,PM2.5 - Principal,2023-02-25 02:00 PM,2023,02,25,14,7.4,31,Good,8.0,UG/M3,1 Hr,Valid
Tashkent,PM2.5 - Principal,2023-02-25 03:00 PM,2023,02,25,15,9.2,38,Good,11.0,UG/M3,1 Hr,Valid
Tashkent,PM2.5 - Principal,2023-02-25 04:00 PM,2023,02,25,16,7.6,32,Good,6.0,UG/M3,1 Hr,Valid
Tashkent,PM2.5 - Principal,2023-02-25 05:00 PM,2023,02,25,17,6.3,26,Good,5.0,UG/M3,1 Hr,Valid
Tashkent,PM2.5 - Principal,2023-02-25 06:00 PM,2023,02,25,18,7.6,32,Good,9.0,UG/M3,1 Hr,Valid
Tashkent,PM2.5 - Principal,2023-02-25 07:00 PM,2023,02,25,19,6.8,28,Good,6.0,UG/M3,1 Hr,Valid
Tashkent,PM2.5 - Principal,2023-02-25 08:00 PM,2023,02,25,20,6.4,27,Good,6.0,UG/M3,1 Hr,Valid
Tashkent,PM2.5 - Principal,2023-02-25 09:00 PM,2023,02,25,21,11.7,49,Good,17.0,UG/M3,1 Hr,Valid
Tashkent,PM2.5 - Principal,2023-02-25 10:00 PM,2023,02,25,22,15.3,58,Moderate,19.0,UG/M3,1 Hr,Valid
Tashkent,PM2.5 - Principal,2023-02-25 11:00 PM,2023,02,25,23,20.1,68,Moderate,25.0,UG/M3,1 Hr,Valid
Tashkent,PM2.5 - Principal,2023-02-26 12:00 AM,2023,02,26,00,31.0,91,Moderate,42.0,UG/M3,1 Hr,Valid
Tashkent,PM2.5 - Principal,2023-02-26 01:00 AM,2023,02,26,01,43.0,119,Unhealthy for Sensitive Groups,55.0,UG/M3,1 Hr,Valid
Tashkent,PM2.5 - Principal,2023-02-26 02:00 AM,2023,02,26,02,53.0,144,Unhealthy for Sensitive Groups,63.0,UG/M3,1 Hr,Valid
Tashkent,PM2.5 - Principal,2023-02-26 03:00 AM,2023,02,26,03,60.0,153,Unhealthy,67.0,UG/M3,1 Hr,Valid
Tashkent,PM2.5 - Principal,2023-02-26 04:00 AM,2023,02,26,04,62.5,155,Unhealthy,65.0,UG/M3,1 Hr,Valid
Tashkent,PM2.5 - Principal,2023-02-26 05:00 AM,2023,02,26,05,102.2,175,Unhealthy,142.0,UG/M3,1 Hr,Valid
Tashkent,PM2.5 - Principal,2023-02-26 06:00 AM,2023,02,26,06,101.6,175,Unhealthy,101.0,UG/M3,1 Hr,Valid
Tashkent,PM2.5 - Principal,2023-02-26 07:00 AM,2023,02,26,07,106.3,177,Unhealthy,111.0,UG/M3,1 Hr,Valid
Tashkent,PM2.5 - Principal,2023-02-26 08:00 AM,2023,02,26,08,125.1,187,Unhealthy,144.0,UG/M3,1 Hr,Valid
Tashkent,PM2.5 - Principal,2023-02-26 09:00 AM,2023,02,26,09,114.1,181,Unhealthy,103.0,UG/M3,1 Hr,Valid
Tashkent,PM2.5 - Principal,2023-02-26 10:00 AM,2023,02,26,10,73.0,160,Unhealthy,32.0,UG/M3,1 Hr,Valid
Tashkent,PM2.5 - Principal,2023-02-26 11:00 AM,2023,02,26,11,47.0,129,Unhealthy for Sensitive Groups,21.0,UG/M3,1 Hr,Valid
Tashkent,PM2.5 - Principal,2023-02-26 12:00 PM,2023,02,26,12,30.5,90,Moderate,14.0,UG/M3,1 Hr,Valid
Tashkent,PM2.5 - Principal,2023-02-26 01:00 PM,2023,02,26,13,22.2,72,Moderate,14.0,UG/M3,1 Hr,Valid
Tashkent,PM2.5 - Principal,2023-02-26 02:00 PM,2023,02,26,14,17.6,63,Moderate,13.0,UG/M3,1 Hr,Valid
Tashkent,PM2.5 - Principal,2023-02-26 03:00 PM,2023,02,26,15,15.3,58,Moderate,13.0,UG/M3,1 Hr,Valid
Tashkent,PM2.5 - Principal,2023-02-26 04:00 PM,2023,02,26,16,11.6,48,Good,8.0,UG/M3,1 Hr,Valid
Tashkent,PM2.5 - Principal,2023-02-26 05:00 PM,2023,02,26,17,12.8,52,Moderate,14.0,UG/M3,1 Hr,Valid
Tashkent,PM2.5 - Principal,2023-02-26 06:00 PM,2023,02,26,18,14.3,56,Moderate,16.0,UG/M3,1 Hr,Valid
Tashkent,PM2.5 - Principal,2023-02-26 07:00 PM,2023,02,26,19,22.1,72,Moderate,30.0,UG/M3,1 Hr,Valid
Tashkent,PM2.5 - Principal,2023-02-26 08:00 PM,2023,02,26,20,30.5,90,Moderate,39.0,UG/M3,1 Hr,Valid
Tashkent,PM2.5 - Principal,2023-02-26 09:00 PM,2023,02,26,21,34.7,99,Moderate,39.0,UG/M3,1 Hr,Valid
Tashkent,PM2.5 - Principal,2023-02-26 10:00 PM,2023,02,26,22,48.8,134,Unhealthy for Sensitive Groups,63.0,UG/M3,1 Hr,Valid
Tashkent,PM2.5 - Principal,2023-02-26 11:00 PM,2023,02,26,23,57.9,152,Unhealthy,67.0,UG/M3,1 Hr,Valid
Tashkent,PM2.5 - Principal,2023-02-27 12:00 AM,2023,02,27,00,53.4,145,Unhealthy for Sensitive Groups,49.0,UG/M3,1 Hr,Valid
Tashkent,PM2.5 - Principal,2023-02-27 01:00 AM,2023,02,27,01,48.7,134,Unhealthy for Sensitive Groups,44.0,UG/M3,1 Hr,Valid
Tashkent,PM2.5 - Principal,2023-02-27 02:00 AM,2023,02,27,02,54.3,147,Unhealthy for Sensitive Groups,60.0,UG/M3,1 Hr,Valid
Tashkent,PM2.5 - Principal,2023-02-27 03:00 AM,2023,02,27,03,64.6,156,Unhealthy,75.0,UG/M3,1 Hr,Valid
Tashkent,PM2.5 - Principal,2023-02-27 04:00 AM,2023,02,27,04,71.3,159,Unhealthy,78.0,UG/M3,1 Hr,Valid
Tashkent,PM2.5 - Principal,2023-02-27 05:00 AM,2023,02,27,05,79.6,163,Unhealthy,88.0,UG/M3,1 Hr,Valid
Tashkent,PM2.5 - Principal,2023-02-27 06:00 AM,2023,02,27,06,90.8,169,Unhealthy,102.0,UG/M3,1 Hr,Valid
Tashkent,PM2.5 - Principal,2023-02-27 07:00 AM,2023,02,27,07,97.4,173,Unhealthy,104.0,UG/M3,1 Hr,Valid
Tashkent,PM2.5 - Principal,2023-02-27 08:00 AM,2023,02,27,08,99.7,174,Unhealthy,102.0,UG/M3,1 Hr,Valid
Tashkent,PM2.5 - Principal,2023-02-27 09:00 AM,2023,02,27,09,82.8,165,Unhealthy,66.0,UG/M3,1 Hr,Valid
Tashkent,PM2.5 - Principal,2023-02-27 10:00 AM,2023,02,27,10,64.9,156,Unhealthy,47.0,UG/M3,1 Hr,Valid
Tashkent,PM2.5 - Principal,2023-02-27 11:00 AM,2023,02,27,11,45.9,127,Unhealthy for Sensitive Groups,27.0,UG/M3,1 Hr,Valid
Tashkent,PM2.5 - Principal,2023-02-27 12:00 PM,2023,02,27,12,36.4,103,Unhealthy for Sensitive Groups,27.0,UG/M3,1 Hr,Valid
Tashkent,PM2.5 - Principal,2023-02-27 01:00 PM,2023,02,27,13,23.7,75,Moderate,11.0,UG/M3,1 Hr,Valid
Tashkent,PM2.5 - Principal,2023-02-27 02:00 PM,2023,02,27,14,15.8,59,Moderate,8.0,UG/M3,1 Hr,Valid
Tashkent,PM2.5 - Principal,2023-02-27 03:00 PM,2023,02,27,15,11.9,50,Good,8.0,UG/M3,1 Hr,Valid
Tashkent,PM2.5 - Principal,2023-02-27 04:00 PM,2023,02,27,16,9.9,41,Good,8.0,UG/M3,1 Hr,Valid
Tashkent,PM2.5 - Principal,2023-02-27 05:00 PM,2023,02,27,17,9.9,41,Good,10.0,UG/M3,1 Hr,Valid
Tashkent,PM2.5 - Principal,2023-02-27 06:00 PM,2023,02,27,18,8.9,37,Good,8.0,UG/M3,1 Hr,Valid
Tashkent,PM2.5 - Principal,2023-02-27 07:00 PM,2023,02,27,19,12.9,53,Moderate,17.0,UG/M3,1 Hr,Valid
Tashkent,PM2.5 - Principal,2023-02-27 08:00 PM,2023,02,27,20,24.4,77,Moderate,36.0,UG/M3,1 Hr,Valid
Tashkent,PM2.5 - Principal,2023-02-27 09:00 PM,2023,02,27,21,40.7,114,Unhealthy for Sensitive Groups,57.0,UG/M3,1 Hr,Valid
Tashkent,PM2.5 - Principal,2023-02-27 10:00 PM,2023,02,27,22,58.8,153,Unhealthy,77.0,UG/M3,1 Hr,Valid
Tashkent,PM2.5 - Principal,2023-02-27 11:00 PM,2023,02,27,23,78.4,163,Unhealthy,98.0,UG/M3,1 Hr,Valid
Tashkent,PM2.5 - Principal,2023-02-28 12:00 AM,2023,02,28,00,72.7,160,Unhealthy,67.0,UG/M3,1 Hr,Valid
Tashkent,PM2.5 - Principal,2023-02-28 01:00 AM,2023,02,28,01,62.3,155,Unhealthy,52.0,UG/M3,1 Hr,Valid
Tashkent,PM2.5 - Principal,2023-02-28 02:00 AM,2023,02,28,02,51.6,141,Unhealthy for Sensitive Groups,41.0,UG/M3,1 Hr,Valid
Tashkent,PM2.5 - Principal,2023-02-28 03:00 AM,2023,02,28,03,34.3,98,Moderate,17.0,UG/M3,1 Hr,Valid
Tashkent,PM2.5 - Principal,2023-02-28 04:00 AM,2023,02,28,04,25.6,79,Moderate,17.0,UG/M3,1 Hr,Valid
Tashkent,PM2.5 - Principal,2023-02-28 05:00 AM,2023,02,28,05,21.3,70,Moderate,17.0,UG/M3,1 Hr,Valid
Tashkent,PM2.5 - Principal,2023-02-28 06:00 AM,2023,02,28,06,18.6,65,Moderate,16.0,UG/M3,1 Hr,Valid
Tashkent,PM2.5 - Principal,2023-02-28 07:00 AM,2023,02,28,07,20.3,68,Moderate,22.0,UG/M3,1 Hr,Valid
Tashkent,PM2.5 - Principal,2023-02-28 08:00 AM,2023,02,28,08,28.6,86,Moderate,37.0,UG/M3,1 Hr,Valid
Tashkent,PM2.5 - Principal,2023-02-28 09:00 AM,2023,02,28,09,30.3,89,Moderate,32.0,UG/M3,1 Hr,Valid
Tashkent,PM2.5 - Principal,2023-02-28 10:00 AM,2023,02,28,10,28.6,86,Moderate,27.0,UG/M3,1 Hr,Valid
Tashkent,PM2.5 - Principal,2023-02-28 11:00 AM,2023,02,28,11,25.8,80,Moderate,23.0,UG/M3,1 Hr,Valid
Tashkent,PM2.5 - Principal,2023-02-28 12:00 PM,2023,02,28,12,21.9,72,Moderate,18.0,UG/M3,1 Hr,Valid
Tashkent,PM2.5 - Principal,2023-02-28 01:00 PM,2023,02,28,13,18.9,65,Moderate,16.0,UG/M3,1 Hr,Valid
Tashkent,PM2.5 - Principal,2023-02-28 02:00 PM,2023,02,28,14,16.9,61,Moderate,15.0,UG/M3,1 Hr,Valid
Tashkent,PM2.5 - Principal,2023-02-28 03:00 PM,2023,02,28,15,13.9,55,Moderate,11.0,UG/M3,1 Hr,Valid
Tashkent,PM2.5 - Principal,2023-02-28 04:00 PM,2023,02,28,16,14.9,57,Moderate,16.0,UG/M3,1 Hr,Valid
Tashkent,PM2.5 - Principal,2023-02-28 05:00 PM,2023,02,28,17,12.9,53,Moderate,11.0,UG/M3,1 Hr,Valid
Tashkent,PM2.5 - Principal,2023-02-28 06:00 PM,2023,02,28,18,15.4,58,Moderate,18.0,UG/M3,1 Hr,Valid
Tashkent,PM2.5 - Principal,2023-02-28 07:00 PM,2023,02,28,19,26.2,81,Moderate,37.0,UG/M3,1 Hr,Valid
Tashkent,PM2.5 - Principal,2023-02-28 08:00 PM,2023,02,28,20,24.6,77,Moderate,23.0,UG/M3,1 Hr,Valid
Tashkent,PM2.5 - Principal,2023-02-28 09:00 PM,2023,02,28,21,23.3,75,Moderate,22.0,UG/M3,1 Hr,Valid
Tashkent,PM2.5 - Principal,2023-02-28 10:00 PM,2023,02,28,22,24.1,76,Moderate,25.0,UG/M3,1 Hr,Valid
Tashkent,PM2.5 - Principal,2023-02-28 11:00 PM,2023,02,28,23,29.5,88,Moderate,35.0,UG/M3,1 Hr,Valid
Tashkent,PM2.5 - Principal,2023-03-01 12:00 AM,2023,03,01,00,25.2,79,Moderate,21.0,UG/M3,1 Hr,Valid
Tashkent,PM2.5 - Principal,2023-03-01 01:00 AM,2023,03,01,01,17.1,62,Moderate,9.0,UG/M3,1 Hr,Valid
Tashkent,PM2.5 - Principal,2023-03-01 02:00 AM,2023,03,01,02,14.0,55,Moderate,11.0,UG/M3,1 Hr,Valid
Tashkent,PM2.5 - Principal,2023-03-01 03:00 AM,2023,03,01,03,10.5,44,Good,7.0,UG/M3,1 Hr,Valid
Tashkent,PM2.5 - Principal,2023-03-01 04:00 AM,2023,03,01,04,14.2,55,Moderate,18.0,UG/M3,1 Hr,Valid
Tashkent,PM2.5 - Principal,2023-03-01 05:00 AM,2023,03,01,05,11.6,48,Good,9.0,UG/M3,1 Hr,Valid
Tashkent,PM2.5 - Principal,2023-03-01 06:00 AM,2023,03,01,06,11.3,47,Good,11.0,UG/M3,1 Hr,Valid
Tashkent,PM2.5 - Principal,2023-03-01 07:00 AM,2023,03,01,07,16.1,59,Moderate,21.0,UG/M3,1 Hr,Valid
Tashkent,PM2.5 - Principal,2023-03-01 08:00 AM,2023,03,01,08,18.0,63,Moderate,20.0,UG/M3,1 Hr,Valid
Tashkent,PM2.5 - Principal,2023-03-01 09:00 AM,2023,03,01,09,25.0,78,Moderate,32.0,UG/M3,1 Hr,Valid
Tashkent,PM2.5 - Principal,2023-03-01 10:00 AM,2023,03,01,10,32.0,93,Moderate,39.0,UG/M3,1 Hr,Valid
Tashkent,PM2.5 - Principal,2023-03-01 11:00 AM,2023,03,01,11,25.0,78,Moderate,18.0,UG/M3,1 Hr,Valid
Tashkent,PM2.5 - Principal,2023-03-01 12:00 PM,2023,03,01,12,18.5,64,Moderate,12.0,UG/M3,1 Hr,Valid
Tashkent,PM2.5 - Principal,2023-03-01 01:00 PM,2023,03,01,13,14.7,56,Moderate,11.0,UG/M3,1 Hr,Valid
Tashkent,PM2.5 - Principal,2023-03-01 02:00 PM,2023,03,01,14,13.3,54,Moderate,12.0,UG/M3,1 Hr,Valid
Tashkent,PM2.5 - Principal,2023-03-01 03:00 PM,2023,03,01,15,12.6,52,Moderate,12.0,UG/M3,1 Hr,Valid
Tashkent,PM2.5 - Principal,2023-03-01 04:00 PM,2023,03,01,16,17.3,62,Moderate,22.0,UG/M3,1 Hr,Valid
Tashkent,PM2.5 - Principal,2023-03-01 05:00 PM,2023,03,01,17,18.6,65,Moderate,20.0,UG/M3,1 Hr,Valid
Tashkent,PM2.5 - Principal,2023-03-01 06:00 PM,2023,03,01,18,22.3,72,Moderate,26.0,UG/M3,1 Hr,Valid
Tashkent,PM2.5 - Principal,2023-03-01 07:00 PM,2023,03,01,19,19.6,67,Moderate,17.0,UG/M3,1 Hr,Valid
Tashkent,PM2.5 - Principal,2023-03-01 08:00 PM,2023,03,01,20,24.8,78,Moderate,30.0,UG/M3,1 Hr,Valid
Tashkent,PM2.5 - Principal,2023-03-01 09:00 PM,2023,03,01,21,21.4,71,Moderate,18.0,UG/M3,1 Hr,Valid
Tashkent,PM2.5 - Principal,2023-03-01 10:00 PM,2023,03,01,22,24.7,77,Moderate,28.0,UG/M3,1 Hr,Valid
Tashkent,PM2.5 - Principal,2023-03-01 11:00 PM,2023,03,01,23,19.8,67,Moderate,15.0,UG/M3,1 Hr,Valid
Tashkent,PM2.5 - Principal,2023-03-02 12:00 AM,2023,03,02,00,16.9,61,Moderate,14.0,UG/M3,1 Hr,Valid
Tashkent,PM2.5 - Principal,2023-03-02 01:00 AM,2023,03,02,01,14.9,57,Moderate,13.0,UG/M3,1 Hr,Valid
Tashkent,PM2.5 - Principal,2023-03-02 02:00 AM,2023,03,02,02,12.9,53,Moderate,11.0,UG/M3,1 Hr,Valid
Tashkent,PM2.5 - Principal,2023-03-02 03:00 AM,2023,03,02,03,9.4,39,Good,6.0,UG/M3,1 Hr,Valid
Tashkent,PM2.5 - Principal,2023-03-02 04:00 AM,2023,03,02,04,7.2,30,Good,5.0,UG/M3,1 Hr,Valid
Tashkent,PM2.5 - Principal,2023-03-02 05:00 AM,2023,03,02,05,6.1,25,Good,5.0,UG/M3,1 Hr,Valid
Tashkent,PM2.5 - Principal,2023-03-02 06:00 AM,2023,03,02,06,4.5,19,Good,3.0,UG/M3,1 Hr,Valid
Tashkent,PM2.5 - Principal,2023-03-02 07:00 AM,2023,03,02,07,7.2,30,Good,10.0,UG/M3,1 Hr,Valid
Tashkent,PM2.5 - Principal,2023-03-02 08:00 AM,2023,03,02,08,12.6,52,Moderate,18.0,UG/M3,1 Hr,Valid
Tashkent,PM2.5 - Principal,2023-03-02 09:00 AM,2023,03,02,09,15.8,59,Moderate,19.0,UG/M3,1 Hr,Valid
Tashkent,PM2.5 - Principal,2023-03-02 10:00 AM,2023,03,02,10,23.4,75,Moderate,31.0,UG/M3,1 Hr,Valid
Tashkent,PM2.5 - Principal,2023-03-02 11:00 AM,2023,03,02,11,23.2,74,Moderate,23.0,UG/M3,1 Hr,Valid
Tashkent,PM2.5 - Principal,2023-03-02 12:00 PM,2023,03,02,12,19.6,67,Moderate,16.0,UG/M3,1 Hr,Valid
Tashkent,PM2.5 - Principal,2023-03-02 01:00 PM,2023,03,02,13,17.3,62,Moderate,15.0,UG/M3,1 Hr,Valid
Tashkent,PM2.5 - Principal,2023-03-02 02:00 PM,2023,03,02,14,13.1,53,Moderate,9.0,UG/M3,1 Hr,Valid
Tashkent,PM2.5 - Principal,2023-03-02 03:00 PM,2023,03,02,15,11.5,48,Good,10.0,UG/M3,1 Hr,Valid
Tashkent,PM2.5 - Principal,2023-03-02 04:00 PM,2023,03,02,16,10.2,43,Good,9.0,UG/M3,1 Hr,Valid
Tashkent,PM2.5 - Principal,2023-03-02 05:00 PM,2023,03,02,17,8.6,36,Good,7.0,UG/M3,1 Hr,Valid
Tashkent,PM2.5 - Principal,2023-03-02 06:00 PM,2023,03,02,18,10.3,43,Good,12.0,UG/M3,1 Hr,Valid
Tashkent,PM2.5 - Principal,2023-03-02 07:00 PM,2023,03,02,19,15.6,58,Moderate,21.0,UG/M3,1 Hr,Valid
Tashkent,PM2.5 - Principal,2023-03-02 08:00 PM,2023,03,02,20,19.3,66,Moderate,23.0,UG/M3,1 Hr,Valid
Tashkent,PM2.5 - Principal,2023-03-02 09:00 PM,2023,03,02,21,21.6,71,Moderate,24.0,UG/M3,1 Hr,Valid
Tashkent,PM2.5 - Principal,2023-03-02 10:00 PM,2023,03,02,22,20.3,68,Moderate,19.0,UG/M3,1 Hr,Valid
Tashkent,PM2.5 - Principal,2023-03-02 11:00 PM,2023,03,02,23,15.6,58,Moderate,11.0,UG/M3,1 Hr,Valid
Tashkent,PM2.5 - Principal,2023-03-03 12:00 AM,2023,03,03,00,11.8,49,Good,8.0,UG/M3,1 Hr,Valid
Tashkent,PM2.5 - Principal,2023-03-03 01:00 AM,2023,03,03,01,12.9,53,Moderate,14.0,UG/M3,1 Hr,Valid
Tashkent,PM2.5 - Principal,2023-03-03 02:00 AM,2023,03,03,02,10.9,45,Good,9.0,UG/M3,1 Hr,Valid
Tashkent,PM2.5 - Principal,2023-03-03 03:00 AM,2023,03,03,03,8.9,37,Good,7.0,UG/M3,1 Hr,Valid
Tashkent,PM2.5 - Principal,2023-03-03 04:00 AM,2023,03,03,04,11.4,48,Good,14.0,UG/M3,1 Hr,Valid
Tashkent,PM2.5 - Principal,2023-03-03 05:00 AM,2023,03,03,05,10.2,43,Good,9.0,UG/M3,1 Hr,Valid
Tashkent,PM2.5 - Principal,2023-03-03 06:00 AM,2023,03,03,06,10.1,42,Good,10.0,UG/M3,1 Hr,Valid
Tashkent,PM2.5 - Principal,2023-03-03 07:00 AM,2023,03,03,07,11.5,48,Good,13.0,UG/M3,1 Hr,Valid
Tashkent,PM2.5 - Principal,2023-03-03 08:00 AM,2023,03,03,08,18.2,64,Moderate,25.0,UG/M3,1 Hr,Valid
Tashkent,PM2.5 - Principal,2023-03-03 09:00 AM,2023,03,03,09,22.1,72,Moderate,26.0,UG/M3,1 Hr,Valid
Tashkent,PM2.5 - Principal,2023-03-03 10:00 AM,2023,03,03,10,23.0,74,Moderate,24.0,UG/M3,1 Hr,Valid
Tashkent,PM2.5 - Principal,2023-03-03 11:00 AM,2023,03,03,11,25.5,79,Moderate,28.0,UG/M3,1 Hr,Valid
Tashkent,PM2.5 - Principal,2023-03-03 12:00 PM,2023,03,03,12,31.7,92,Moderate,38.0,UG/M3,1 Hr,Valid
Tashkent,PM2.5 - Principal,2023-03-03 01:00 PM,2023,03,03,13,34.8,99,Moderate,38.0,UG/M3,1 Hr,Valid
Tashkent,PM2.5 - Principal,2023-03-03 02:00 PM,2023,03,03,14,37.9,107,Unhealthy for Sensitive Groups,41.0,UG/M3,1 Hr,Valid
Tashkent,PM2.5 - Principal,2023-03-03 03:00 PM,2023,03,03,15,30.4,89,Moderate,23.0,UG/M3,1 Hr,Valid
Tashkent,PM2.5 - Principal,2023-03-03 04:00 PM,2023,03,03,16,29.2,87,Moderate,28.0,UG/M3,1 Hr,Valid
Tashkent,PM2.5 - Principal,2023-03-03 05:00 PM,2023,03,03,17,28.6,86,Moderate,28.0,UG/M3,1 Hr,Valid
Tashkent,PM2.5 - Principal,2023-03-03 06:00 PM,2023,03,03,18,30.3,89,Moderate,32.0,UG/M3,1 Hr,Valid
Tashkent,PM2.5 - Principal,2023-03-03 07:00 PM,2023,03,03,19,39.1,110,Unhealthy for Sensitive Groups,48.0,UG/M3,1 Hr,Valid
Tashkent,PM2.5 - Principal,2023-03-03 08:00 PM,2023,03,03,20,57.5,152,Unhealthy,76.0,UG/M3,1 Hr,Valid
Tashkent,PM2.5 - Principal,2023-03-03 09:00 PM,2023,03,03,21,69.3,158,Unhealthy,81.0,UG/M3,1 Hr,Valid
Tashkent,PM2.5 - Principal,2023-03-03 10:00 PM,2023,03,03,22,57.6,152,Unhealthy,46.0,UG/M3,1 Hr,Valid
Tashkent,PM2.5 - Principal,2023-03-03 11:00 PM,2023,03,03,23,45.8,126,Unhealthy for Sensitive Groups,34.0,UG/M3,1 Hr,Valid
Tashkent,PM2.5 - Principal,2023-03-04 12:00 AM,2023,03,04,00,50.9,139,Unhealthy for Sensitive Groups,56.0,UG/M3,1 Hr,Valid
Tashkent,PM2.5 - Principal,2023-03-04 01:00 AM,2023,03,04,01,59.9,153,Unhealthy,69.0,UG/M3,1 Hr,Valid
Tashkent,PM2.5 - Principal,2023-03-04 02:00 AM,2023,03,04,02,67.9,157,Unhealthy,76.0,UG/M3,1 Hr,Valid
Tashkent,PM2.5 - Principal,2023-03-04 03:00 AM,2023,03,04,03,69.9,158,Unhealthy,72.0,UG/M3,1 Hr,Valid
Tashkent,PM2.5 - Principal,2023-03-04 04:00 AM,2023,03,04,04,70.0,158,Unhealthy,70.0,UG/M3,1 Hr,Valid
Tashkent,PM2.5 - Principal,2023-03-04 05:00 AM,2023,03,04,05,69.0,158,Unhealthy,68.0,UG/M3,1 Hr,Valid
Tashkent,PM2.5 - Principal,2023-03-04 06:00 AM,2023,03,04,06,61.5,154,Unhealthy,54.0,UG/M3,1 Hr,Valid
Tashkent,PM2.5 - Principal,2023-03-04 07:00 AM,2023,03,04,07,60.2,153,Unhealthy,59.0,UG/M3,1 Hr,Valid
Tashkent,PM2.5 - Principal,2023-03-04 08:00 AM,2023,03,04,08,62.6,155,Unhealthy,65.0,UG/M3,1 Hr,Valid
Tashkent,PM2.5 - Principal,2023-03-04 09:00 AM,2023,03,04,09,69.3,158,Unhealthy,76.0,UG/M3,1 Hr,Valid
Tashkent,PM2.5 - Principal,2023-03-04 10:00 AM,2023,03,04,10,76.1,162,Unhealthy,83.0,UG/M3,1 Hr,Valid
Tashkent,PM2.5 - Principal,2023-03-04 11:00 AM,2023,03,04,11,61.4,154,Unhealthy,45.0,UG/M3,1 Hr,Valid
Tashkent,PM2.5 - Principal,2023-03-04 12:00 PM,2023,03,04,12,39.7,111,Unhealthy for Sensitive Groups,19.0,UG/M3,1 Hr,Valid
Tashkent,PM2.5 - Principal,2023-03-04 01:00 PM,2023,03,04,13,27.8,84,Moderate,16.0,UG/M3,1 Hr,Valid
Tashkent,PM2.5 - Principal,2023-03-04 02:00 PM,2023,03,04,14,22.9,74,Moderate,18.0,UG/M3,1 Hr,Valid
Tashkent,PM2.5 - Principal,2023-03-04 03:00 PM,2023,03,04,15,20.4,68,Moderate,18.0,UG/M3,1 Hr,Valid
Tashkent,PM2.5 - Principal,2023-03-04 04:00 PM,2023,03,04,16,17.2,62,Moderate,14.0,UG/M3,1 Hr,Valid
Tashkent,PM2.5 - Principal,2023-03-04 05:00 PM,2023,03,04,17,19.6,67,Moderate,22.0,UG/M3,1 Hr,Valid
Tashkent,PM2.5 - Principal,2023-03-04 06:00 PM,2023,03,04,18,21.2,70,Moderate,23.0,UG/M3,1 Hr,Valid
Tashkent,PM2.5 - Principal,2023-03-04 07:00 PM,2023,03,04,19,23.1,74,Moderate,25.0,UG/M3,1 Hr,Valid
Tashkent,PM2.5 - Principal,2023-03-04 08:00 PM,2023,03,04,20,25.0,78,Moderate,27.0,UG/M3,1 Hr,Valid
Tashkent,PM2.5 - Principal,2023-03-04 09:00 PM,2023,03,04,21,24.0,76,Moderate,23.0,UG/M3,1 Hr,Valid
Tashkent,PM2.5 - Principal,2023-03-04 10:00 PM,2023,03,04,22,20.5,69,Moderate,17.0,UG/M3,1 Hr,Valid
Tashkent,PM2.5 - Principal,2023-03-04 11:00 PM,2023,03,04,23,16.7,61,Moderate,13.0,UG/M3,1 Hr,Valid
Tashkent,PM2.5 - Principal,2023-03-05 12:00 AM,2023,03,05,00,15.3,58,Moderate,14.0,UG/M3,1 Hr,Valid
Tashkent,PM2.5 - Principal,2023-03-05 01:00 AM,2023,03,05,01,15.6,58,Moderate,16.0,UG/M3,1 Hr,Valid
Tashkent,PM2.5 - Principal,2023-03-05 02:00 AM,2023,03,05,02,16.3,60,Moderate,17.0,UG/M3,1 Hr,Valid
Tashkent,PM2.5 - Principal,2023-03-05 03:00 AM,2023,03,05,03,13.1,53,Moderate,10.0,UG/M3,1 Hr,Valid
Tashkent,PM2.5 - Principal,2023-03-05 04:00 AM,2023,03,05,04,15.0,57,Moderate,17.0,UG/M3,1 Hr,Valid
Tashkent,PM2.5 - Principal,2023-03-05 05:00 AM,2023,03,05,05,14.0,55,Moderate,13.0,UG/M3,1 Hr,Valid
Tashkent,PM2.5 - Principal,2023-03-05 06:00 AM,2023,03,05,06,12.5,52,Moderate,11.0,UG/M3,1 Hr,Valid
Tashkent,PM2.5 - Principal,2023-03-05 07:00 AM,2023,03,05,07,11.7,49,Good,11.0,UG/M3,1 Hr,Valid
Tashkent,PM2.5 - Principal,2023-03-05 08:00 AM,2023,03,05,08,11.8,49,Good,12.0,UG/M3,1 Hr,Valid
Tashkent,PM2.5 - Principal,2023-03-05 09:00 AM,2023,03,05,09,14.0,55,Moderate,17.0,UG/M3,1 Hr,Valid
Tashkent,PM2.5 - Principal,2023-03-05 10:00 AM,2023,03,05,10,17.7,63,Moderate,21.0,UG/M3,1 Hr,Valid
Tashkent,PM2.5 - Principal,2023-03-05 11:00 AM,2023,03,05,11,24.8,78,Moderate,32.0,UG/M3,1 Hr,Valid
Tashkent,PM2.5 - Principal,2023-03-05 12:00 PM,2023,03,05,12,25.9,80,Moderate,27.0,UG/M3,1 Hr,Valid
Tashkent,PM2.5 - Principal,2023-03-05 01:00 PM,2023,03,05,13,23.9,76,Moderate,22.0,UG/M3,1 Hr,Valid
Tashkent,PM2.5 - Principal,2023-03-05 02:00 PM,2023,03,05,14,19.9,67,Moderate,16.0,UG/M3,1 Hr,Valid
Tashkent,PM2.5 - Principal,2023-03-05 03:00 PM,2023,03,05,15,19.4,66,Moderate,19.0,UG/M3,1 Hr,Valid
Tashkent,PM2.5 - Principal,2023-03-05 04:00 PM,2023,03,05,16,22.7,73,Moderate,26.0,UG/M3,1 Hr,Valid
Tashkent,PM2.5 - Principal,2023-03-05 05:00 PM,2023,03,05,17,24.8,78,Moderate,27.0,UG/M3,1 Hr,Valid
Tashkent,PM2.5 - Principal,2023-03-05 06:00 PM,2023,03,05,18,29.4,87,Moderate,34.0,UG/M3,1 Hr,Valid
Tashkent,PM2.5 - Principal,2023-03-05 07:00 PM,2023,03,05,19,27.7,84,Moderate,26.0,UG/M3,1 Hr,Valid
Tashkent,PM2.5 - Principal,2023-03-05 08:00 PM,2023,03,05,20,28.8,86,Moderate,30.0,UG/M3,1 Hr,Valid
Tashkent,PM2.5 - Principal,2023-03-05 09:00 PM,2023,03,05,21,22.4,73,Moderate,16.0,UG/M3,1 Hr,Valid
Tashkent,PM2.5 - Principal,2023-03-05 10:00 PM,2023,03,05,22,21.2,70,Moderate,20.0,UG/M3,1 Hr,Valid
Tashkent,PM2.5 - Principal,2023-03-05 11:00 PM,2023,03,05,23,18.1,64,Moderate,15.0,UG/M3,1 Hr,Valid
Tashkent,PM2.5 - Principal,2023-03-06 12:00 AM,2023,03,06,00,16.0,59,Moderate,14.0,UG/M3,1 Hr,Valid
Tashkent,PM2.5 - Principal,2023-03-06 01:00 AM,2023,03,06,01,13.5,54,Moderate,11.0,UG/M3,1 Hr,Valid
Tashkent,PM2.5 - Principal,2023-03-06 02:00 AM,2023,03,06,02,10.2,43,Good,7.0,UG/M3,1 Hr,Valid
Tashkent,PM2.5 - Principal,2023-03-06 03:00 AM,2023,03,06,03,10.1,42,Good,10.0,UG/M3,1 Hr,Valid
Tashkent,PM2.5 - Principal,2023-03-06 04:00 AM,2023,03,06,04,10.0,42,Good,10.0,UG/M3,1 Hr,Valid
Tashkent,PM2.5 - Principal,2023-03-06 05:00 AM,2023,03,06,05,11.0,46,Good,12.0,UG/M3,1 Hr,Valid
Tashkent,PM2.5 - Principal,2023-03-06 06:00 AM,2023,03,06,06,10.5,44,Good,10.0,UG/M3,1 Hr,Valid
Tashkent,PM2.5 - Principal,2023-03-06 07:00 AM,2023,03,06,07,12.7,52,Moderate,15.0,UG/M3,1 Hr,Valid
Tashkent,PM2.5 - Principal,2023-03-06 08:00 AM,2023,03,06,08,15.3,58,Moderate,18.0,UG/M3,1 Hr,Valid
Tashkent,PM2.5 - Principal,2023-03-06 09:00 AM,2023,03,06,09,16.6,60,Moderate,18.0,UG/M3,1 Hr,Valid
Tashkent,PM2.5 - Principal,2023-03-06 10:00 AM,2023,03,06,10,17.3,62,Moderate,18.0,UG/M3,1 Hr,Valid
Tashkent,PM2.5 - Principal,2023-03-06 11:00 AM,2023,03,06,11,17.6,63,Moderate,18.0,UG/M3,1 Hr,Valid
Tashkent,PM2.5 - Principal,2023-03-06 12:00 PM,2023,03,06,12,17.6,63,Moderate,-999.0,UG/M3,1 Hr,Missing
Tashkent,PM2.5 - Principal,2023-03-06 01:00 PM,2023,03,06,13,12.5,52,Moderate,10.0,UG/M3,1 Hr,Valid
Tashkent,PM2.5 - Principal,2023-03-06 02:00 PM,2023,03,06,14,12.0,50,Good,11.0,UG/M3,1 Hr,Valid
Tashkent,PM2.5 - Principal,2023-03-06 03:00 PM,2023,03,06,15,11.5,48,Good,11.0,UG/M3,1 Hr,Valid
Tashkent,PM2.5 - Principal,2023-03-06 04:00 PM,2023,03,06,16,13.6,54,Moderate,16.0,UG/M3,1 Hr,Valid
Tashkent,PM2.5 - Principal,2023-03-06 05:00 PM,2023,03,06,17,14.2,55,Moderate,15.0,UG/M3,1 Hr,Valid
Tashkent,PM2.5 - Principal,2023-03-06 06:00 PM,2023,03,06,18,14.1,55,Moderate,14.0,UG/M3,1 Hr,Valid
Tashkent,PM2.5 - Principal,2023-03-06 07:00 PM,2023,03,06,19,16.4,60,Moderate,19.0,UG/M3,1 Hr,Valid
Tashkent,PM2.5 - Principal,2023-03-06 08:00 PM,2023,03,06,20,13.8,55,Moderate,11.0,UG/M3,1 Hr,Valid
Tashkent,PM2.5 - Principal,2023-03-06 09:00 PM,2023,03,06,21,12.9,53,Moderate,12.0,UG/M3,1 Hr,Valid
Tashkent,PM2.5 - Principal,2023-03-06 10:00 PM,2023,03,06,22,11.5,48,Good,10.0,UG/M3,1 Hr,Valid
Tashkent,PM2.5 - Principal,2023-03-06 11:00 PM,2023,03,06,23,10.8,45,Good,10.0,UG/M3,1 Hr,Valid
Tashkent,PM2.5 - Principal,2023-03-07 12:00 AM,2023,03,07,00,10.4,43,Good,10.0,UG/M3,1 Hr,Valid
Tashkent,PM2.5 - Principal,2023-03-07 01:00 AM,2023,03,07,01,8.6,36,Good,7.0,UG/M3,1 Hr,Valid
Tashkent,PM2.5 - Principal,2023-03-07 02:00 AM,2023,03,07,02,8.8,37,Good,9.0,UG/M3,1 Hr,Valid
Tashkent,PM2.5 - Principal,2023-03-07 03:00 AM,2023,03,07,03,10.9,45,Good,13.0,UG/M3,1 Hr,Valid
Tashkent,PM2.5 - Principal,2023-03-07 04:00 AM,2023,03,07,04,10.4,43,Good,10.0,UG/M3,1 Hr,Valid
Tashkent,PM2.5 - Principal,2023-03-07 05:00 AM,2023,03,07,05,12.7,52,Moderate,15.0,UG/M3,1 Hr,Valid
Tashkent,PM2.5 - Principal,2023-03-07 06:00 AM,2023,03,07,06,12.3,51,Moderate,12.0,UG/M3,1 Hr,Valid
Tashkent,PM2.5 - Principal,2023-03-07 07:00 AM,2023,03,07,07,13.1,53,Moderate,14.0,UG/M3,1 Hr,Valid
Tashkent,PM2.5 - Principal,2023-03-07 08:00 AM,2023,03,07,08,15.0,57,Moderate,17.0,UG/M3,1 Hr,Valid
Tashkent,PM2.5 - Principal,2023-03-07 09:00 AM,2023,03,07,09,14.5,56,Moderate,14.0,UG/M3,1 Hr,Valid
Tashkent,PM2.5 - Principal,2023-03-07 10:00 AM,2023,03,07,10,14.7,56,Moderate,15.0,UG/M3,1 Hr,Valid
Tashkent,PM2.5 - Principal,2023-03-07 11:00 AM,2023,03,07,11,13.8,55,Moderate,13.0,UG/M3,1 Hr,Valid
Tashkent,PM2.5 - Principal,2023-03-07 12:00 PM,2023,03,07,12,13.4,54,Moderate,13.0,UG/M3,1 Hr,Valid
Tashkent,PM2.5 - Principal,2023-03-07 01:00 PM,2023,03,07,13,14.6,56,Moderate,16.0,UG/M3,1 Hr,Valid
Tashkent,PM2.5 - Principal,2023-03-07 02:00 PM,2023,03,07,14,10.8,45,Good,7.0,UG/M3,1 Hr,Valid
Tashkent,PM2.5 - Principal,2023-03-07 03:00 PM,2023,03,07,15,8.4,35,Good,6.0,UG/M3,1 Hr,Valid
Tashkent,PM2.5 - Principal,2023-03-07 04:00 PM,2023,03,07,16,7.7,32,Good,7.0,UG/M3,1 Hr,Valid
Tashkent,PM2.5 - Principal,2023-03-07 05:00 PM,2023,03,07,17,8.8,37,Good,10.0,UG/M3,1 Hr,Valid
Tashkent,PM2.5 - Principal,2023-03-07 06:00 PM,2023,03,07,18,10.4,43,Good,12.0,UG/M3,1 Hr,Valid
Tashkent,PM2.5 - Principal,2023-03-07 07:00 PM,2023,03,07,19,16.7,61,Moderate,23.0,UG/M3,1 Hr,Valid
Tashkent,PM2.5 - Principal,2023-03-07 08:00 PM,2023,03,07,20,16.8,61,Moderate,17.0,UG/M3,1 Hr,Valid
Tashkent,PM2.5 - Principal,2023-03-07 09:00 PM,2023,03,07,21,15.4,58,Moderate,14.0,UG/M3,1 Hr,Valid
Tashkent,PM2.5 - Principal,2023-03-07 10:00 PM,2023,03,07,22,13.2,53,Moderate,11.0,UG/M3,1 Hr,Valid
Tashkent,PM2.5 - Principal,2023-03-07 11:00 PM,2023,03,07,23,12.6,52,Moderate,12.0,UG/M3,1 Hr,Valid
Tashkent,PM2.5 - Principal,2023-03-08 12:00 AM,2023,03,08,00,10.8,45,Good,9.0,UG/M3,1 Hr,Valid
Tashkent,PM2.5 - Principal,2023-03-08 01:00 AM,2023,03,08,01,12.9,53,Moderate,15.0,UG/M3,1 Hr,Valid
Tashkent,PM2.5 - Principal,2023-03-08 02:00 AM,2023,03,08,02,12.4,52,Moderate,12.0,UG/M3,1 Hr,Valid
Tashkent,PM2.5 - Principal,2023-03-08 03:00 AM,2023,03,08,03,10.2,43,Good,8.0,UG/M3,1 Hr,Valid
Tashkent,PM2.5 - Principal,2023-03-08 04:00 AM,2023,03,08,04,12.1,51,Moderate,14.0,UG/M3,1 Hr,Valid
Tashkent,PM2.5 - Principal,2023-03-08 05:00 AM,2023,03,08,05,10.0,42,Good,8.0,UG/M3,1 Hr,Valid
Tashkent,PM2.5 - Principal,2023-03-08 06:00 AM,2023,03,08,06,10.0,42,Good,10.0,UG/M3,1 Hr,Valid
Tashkent,PM2.5 - Principal,2023-03-08 07:00 AM,2023,03,08,07,9.0,38,Good,8.0,UG/M3,1 Hr,Valid
Tashkent,PM2.5 - Principal,2023-03-08 08:00 AM,2023,03,08,08,11.3,47,Good,14.0,UG/M3,1 Hr,Valid
Tashkent,PM2.5 - Principal,2023-03-08 09:00 AM,2023,03,08,09,17.7,63,Moderate,24.0,UG/M3,1 Hr,Valid
Tashkent,PM2.5 - Principal,2023-03-08 10:00 AM,2023,03,08,10,23.8,76,Moderate,30.0,UG/M3,1 Hr,Valid
Tashkent,PM2.5 - Principal,2023-03-08 11:00 AM,2023,03,08,11,24.9,78,Moderate,26.0,UG/M3,1 Hr,Valid
Tashkent,PM2.5 - Principal,2023-03-08 12:00 PM,2023,03,08,12,19.4,66,Moderate,14.0,UG/M3,1 Hr,Valid
Tashkent,PM2.5 - Principal,2023-03-08 01:00 PM,2023,03,08,13,17.2,62,Moderate,15.0,UG/M3,1 Hr,Valid
Tashkent,PM2.5 - Principal,2023-03-08 02:00 PM,2023,03,08,14,15.6,58,Moderate,14.0,UG/M3,1 Hr,Valid
Tashkent,PM2.5 - Principal,2023-03-08 03:00 PM,2023,03,08,15,11.3,47,Good,7.0,UG/M3,1 Hr,Valid
Tashkent,PM2.5 - Principal,2023-03-08 04:00 PM,2023,03,08,16,8.1,34,Good,5.0,UG/M3,1 Hr,Valid
Tashkent,PM2.5 - Principal,2023-03-08 05:00 PM,2023,03,08,17,7.0,29,Good,6.0,UG/M3,1 Hr,Valid
Tashkent,PM2.5 - Principal,2023-03-08 06:00 PM,2023,03,08,18,7.0,29,Good,7.0,UG/M3,1 Hr,Valid
Tashkent,PM2.5 - Principal,2023-03-08 07:00 PM,2023,03,08,19,8.0,33,Good,9.0,UG/M3,1 Hr,Valid
Tashkent,PM2.5 - Principal,2023-03-08 08:00 PM,2023,03,08,20,12.0,50,Good,16.0,UG/M3,1 Hr,Valid
Tashkent,PM2.5 - Principal,2023-03-08 09:00 PM,2023,03,08,21,20.0,68,Moderate,28.0,UG/M3,1 Hr,Valid
Tashkent,PM2.5 - Principal,2023-03-08 10:00 PM,2023,03,08,22,17.5,62,Moderate,15.0,UG/M3,1 Hr,Valid
Tashkent,PM2.5 - Principal,2023-03-08 11:00 PM,2023,03,08,23,17.7,63,Moderate,18.0,UG/M3,1 Hr,Valid
Tashkent,PM2.5 - Principal,2023-03-09 12:00 AM,2023,03,09,00,13.8,55,Moderate,10.0,UG/M3,1 Hr,Valid
Tashkent,PM2.5 - Principal,2023-03-09 01:00 AM,2023,03,09,01,12.9,53,Moderate,12.0,UG/M3,1 Hr,Valid
Tashkent,PM2.5 - Principal,2023-03-09 02:00 AM,2023,03,09,02,11.9,50,Good,11.0,UG/M3,1 Hr,Valid
Tashkent,PM2.5 - Principal,2023-03-09 03:00 AM,2023,03,09,03,16.9,61,Moderate,22.0,UG/M3,1 Hr,Valid
Tashkent,PM2.5 - Principal,2023-03-09 04:00 AM,2023,03,09,04,25.4,79,Moderate,34.0,UG/M3,1 Hr,Valid
Tashkent,PM2.5 - Principal,2023-03-09 05:00 AM,2023,03,09,05,35.7,101,Unhealthy for Sensitive Groups,46.0,UG/M3,1 Hr,Valid
Tashkent,PM2.5 - Principal,2023-03-09 06:00 AM,2023,03,09,06,42.3,118,Unhealthy for Sensitive Groups,49.0,UG/M3,1 Hr,Valid
Tashkent,PM2.5 - Principal,2023-03-09 07:00 AM,2023,03,09,07,49.6,136,Unhealthy for Sensitive Groups,57.0,UG/M3,1 Hr,Valid
Tashkent,PM2.5 - Principal,2023-03-09 08:00 AM,2023,03,09,08,56.8,152,Unhealthy,64.0,UG/M3,1 Hr,Valid
Tashkent,PM2.5 - Principal,2023-03-09 09:00 AM,2023,03,09,09,59.9,153,Unhealthy,63.0,UG/M3,1 Hr,Valid
Tashkent,PM2.5 - Principal,2023-03-09 10:00 AM,2023,03,09,10,47.9,132,Unhealthy for Sensitive Groups,36.0,UG/M3,1 Hr,Valid
Tashkent,PM2.5 - Principal,2023-03-09 11:00 AM,2023,03,09,11,32.4,94,Moderate,17.0,UG/M3,1 Hr,Valid
Tashkent,PM2.5 - Principal,2023-03-09 12:00 PM,2023,03,09,12,21.2,70,Moderate,10.0,UG/M3,1 Hr,Valid
Tashkent,PM2.5 - Principal,2023-03-09 01:00 PM,2023,03,09,13,16.6,60,Moderate,12.0,UG/M3,1 Hr,Valid
Tashkent,PM2.5 - Principal,2023-03-09 02:00 PM,2023,03,09,14,14.8,57,Moderate,13.0,UG/M3,1 Hr,Valid
Tashkent,PM2.5 - Principal,2023-03-09 03:00 PM,2023,03,09,15,15.9,59,Moderate,17.0,UG/M3,1 Hr,Valid
Tashkent,PM2.5 - Principal,2023-03-09 04:00 PM,2023,03,09,16,14.9,57,Moderate,14.0,UG/M3,1 Hr,Valid
Tashkent,PM2.5 - Principal,2023-03-09 05:00 PM,2023,03,09,17,14.9,57,Moderate,15.0,UG/M3,1 Hr,Valid
Tashkent,PM2.5 - Principal,2023-03-09 06:00 PM,2023,03,09,18,16.4,60,Moderate,18.0,UG/M3,1 Hr,Valid
Tashkent,PM2.5 - Principal,2023-03-09 07:00 PM,2023,03,09,19,19.2,66,Moderate,22.0,UG/M3,1 Hr,Valid
Tashkent,PM2.5 - Principal,2023-03-09 08:00 PM,2023,03,09,20,20.1,68,Moderate,21.0,UG/M3,1 Hr,Valid
Tashkent,PM2.5 - Principal,2023-03-09 09:00 PM,2023,03,09,21,34.0,97,Moderate,48.0,UG/M3,1 Hr,Valid
Tashkent,PM2.5 - Principal,2023-03-09 10:00 PM,2023,03,09,22,45.5,126,Unhealthy for Sensitive Groups,57.0,UG/M3,1 Hr,Valid
Tashkent,PM2.5 - Principal,2023-03-09 11:00 PM,2023,03,09,23,61.2,154,Unhealthy,77.0,UG/M3,1 Hr,Valid
Tashkent,PM2.5 - Principal,2023-03-10 12:00 AM,2023,03,10,00,58.6,153,Unhealthy,56.0,UG/M3,1 Hr,Valid
Tashkent,PM2.5 - Principal,2023-03-10 01:00 AM,2023,03,10,01,42.3,118,Unhealthy for Sensitive Groups,26.0,UG/M3,1 Hr,Valid
Tashkent,PM2.5 - Principal,2023-03-10 02:00 AM,2023,03,10,02,27.1,83,Moderate,12.0,UG/M3,1 Hr,Valid
Tashkent,PM2.5 - Principal,2023-03-10 03:00 AM,2023,03,10,03,20.0,68,Moderate,13.0,UG/M3,1 Hr,Valid
Tashkent,PM2.5 - Principal,2023-03-10 04:00 AM,2023,03,10,04,16.0,59,Moderate,12.0,UG/M3,1 Hr,Valid
Tashkent,PM2.5 - Principal,2023-03-10 05:00 AM,2023,03,10,05,13.0,53,Moderate,10.0,UG/M3,1 Hr,Valid
Tashkent,PM2.5 - Principal,2023-03-10 06:00 AM,2023,03,10,06,12.5,52,Moderate,12.0,UG/M3,1 Hr,Valid
Tashkent,PM2.5 - Principal,2023-03-10 07:00 AM,2023,03,10,07,15.2,58,Moderate,18.0,UG/M3,1 Hr,Valid
Tashkent,PM2.5 - Principal,2023-03-10 08:00 AM,2023,03,10,08,20.1,68,Moderate,25.0,UG/M3,1 Hr,Valid
Tashkent,PM2.5 - Principal,2023-03-10 09:00 AM,2023,03,10,09,17.5,62,Moderate,15.0,UG/M3,1 Hr,Valid
Tashkent,PM2.5 - Principal,2023-03-10 10:00 AM,2023,03,10,10,16.7,61,Moderate,16.0,UG/M3,1 Hr,Valid
Tashkent,PM2.5 - Principal,2023-03-10 11:00 AM,2023,03,10,11,16.8,61,Moderate,17.0,UG/M3,1 Hr,Valid
Tashkent,PM2.5 - Principal,2023-03-10 12:00 PM,2023,03,10,12,18.4,64,Moderate,20.0,UG/M3,1 Hr,Valid
Tashkent,PM2.5 - Principal,2023-03-10 01:00 PM,2023,03,10,13,16.2,60,Moderate,14.0,UG/M3,1 Hr,Valid
Tashkent,PM2.5 - Principal,2023-03-10 02:00 PM,2023,03,10,14,17.1,62,Moderate,18.0,UG/M3,1 Hr,Valid
Tashkent,PM2.5 - Principal,2023-03-10 03:00 PM,2023,03,10,15,15.5,58,Moderate,14.0,UG/M3,1 Hr,Valid
Tashkent,PM2.5 - Principal,2023-03-10 04:00 PM,2023,03,10,16,17.2,62,Moderate,19.0,UG/M3,1 Hr,Valid
Tashkent,PM2.5 - Principal,2023-03-10 05:00 PM,2023,03,10,17,17.6,63,Moderate,18.0,UG/M3,1 Hr,Valid
Tashkent,PM2.5 - Principal,2023-03-10 06:00 PM,2023,03,10,18,17.7,63,Moderate,18.0,UG/M3,1 Hr,Valid
Tashkent,PM2.5 - Principal,2023-03-10 07:00 PM,2023,03,10,19,17.7,63,Moderate,-999.0,UG/M3,1 Hr,Missing
Tashkent,PM2.5 - Principal,2023-03-10 08:00 PM,2023,03,10,20,17.3,62,Moderate,17.0,UG/M3,1 Hr,Valid
Tashkent,PM2.5 - Principal,2023-03-10 09:00 PM,2023,03,10,21,16.1,59,Moderate,14.0,UG/M3,1 Hr,Valid
Tashkent,PM2.5 - Principal,2023-03-10 10:00 PM,2023,03,10,22,14.1,55,Moderate,12.0,UG/M3,1 Hr,Valid
Tashkent,PM2.5 - Principal,2023-03-10 11:00 PM,2023,03,10,23,12.5,52,Moderate,11.0,UG/M3,1 Hr,Valid
Tashkent,PM2.5 - Principal,2023-03-11 12:00 AM,2023,03,11,00,10.5,44,Good,9.0,UG/M3,1 Hr,Valid
Tashkent,PM2.5 - Principal,2023-03-11 01:00 AM,2023,03,11,01,9.7,40,Good,9.0,UG/M3,1 Hr,Valid
Tashkent,PM2.5 - Principal,2023-03-11 02:00 AM,2023,03,11,02,10.3,43,Good,11.0,UG/M3,1 Hr,Valid
Tashkent,PM2.5 - Principal,2023-03-11 03:00 AM,2023,03,11,03,8.6,36,Good,7.0,UG/M3,1 Hr,Valid
Tashkent,PM2.5 - Principal,2023-03-11 04:00 AM,2023,03,11,04,8.8,37,Good,9.0,UG/M3,1 Hr,Valid
Tashkent,PM2.5 - Principal,2023-03-11 05:00 AM,2023,03,11,05,8.4,35,Good,8.0,UG/M3,1 Hr,Valid
Tashkent,PM2.5 - Principal,2023-03-11 06:00 AM,2023,03,11,06,8.2,34,Good,8.0,UG/M3,1 Hr,Valid
Tashkent,PM2.5 - Principal,2023-03-11 07:00 AM,2023,03,11,07,9.1,38,Good,10.0,UG/M3,1 Hr,Valid
Tashkent,PM2.5 - Principal,2023-03-11 08:00 AM,2023,03,11,08,12.0,50,Good,15.0,UG/M3,1 Hr,Valid
Tashkent,PM2.5 - Principal,2023-03-11 09:00 AM,2023,03,11,09,12.5,52,Moderate,13.0,UG/M3,1 Hr,Valid
Tashkent,PM2.5 - Principal,2023-03-11 10:00 AM,2023,03,11,10,10.7,45,Good,9.0,UG/M3,1 Hr,Valid
Tashkent,PM2.5 - Principal,2023-03-11 11:00 AM,2023,03,11,11,14.8,57,Moderate,19.0,UG/M3,1 Hr,Valid
Tashkent,PM2.5 - Principal,2023-03-11 12:00 PM,2023,03,11,12,15.9,59,Moderate,17.0,UG/M3,1 Hr,Valid
Tashkent,PM2.5 - Principal,2023-03-11 01:00 PM,2023,03,11,13,16.9,61,Moderate,18.0,UG/M3,1 Hr,Valid
Tashkent,PM2.5 - Principal,2023-03-11 02:00 PM,2023,03,11,14,20.9,70,Moderate,25.0,UG/M3,1 Hr,Valid
Tashkent,PM2.5 - Principal,2023-03-11 03:00 PM,2023,03,11,15,36.4,103,Unhealthy for Sensitive Groups,52.0,UG/M3,1 Hr,Valid
Tashkent,PM2.5 - Principal,2023-03-11 04:00 PM,2023,03,11,16,32.7,94,Moderate,29.0,UG/M3,1 Hr,Valid
Tashkent,PM2.5 - Principal,2023-03-11 05:00 PM,2023,03,11,17,29.3,87,Moderate,26.0,UG/M3,1 Hr,Valid
Tashkent,PM2.5 - Principal,2023-03-11 06:00 PM,2023,03,11,18,27.6,84,Moderate,26.0,UG/M3,1 Hr,Valid
Tashkent,PM2.5 - Principal,2023-03-11 07:00 PM,2023,03,11,19,41.8,117,Unhealthy for Sensitive Groups,56.0,UG/M3,1 Hr,Valid
Tashkent,PM2.5 - Principal,2023-03-11 08:00 PM,2023,03,11,20,40.9,114,Unhealthy for Sensitive Groups,40.0,UG/M3,1 Hr,Valid
Tashkent,PM2.5 - Principal,2023-03-11 09:00 PM,2023,03,11,21,48.9,134,Unhealthy for Sensitive Groups,57.0,UG/M3,1 Hr,Valid
Tashkent,PM2.5 - Principal,2023-03-11 10:00 PM,2023,03,11,22,50.4,138,Unhealthy for Sensitive Groups,52.0,UG/M3,1 Hr,Valid
Tashkent,PM2.5 - Principal,2023-03-11 11:00 PM,2023,03,11,23,50.2,137,Unhealthy for Sensitive Groups,50.0,UG/M3,1 Hr,Valid
Tashkent,PM2.5 - Principal,2023-03-12 12:00 AM,2023,03,12,00,46.1,127,Unhealthy for Sensitive Groups,42.0,UG/M3,1 Hr,Valid
Tashkent,PM2.5 - Principal,2023-03-12 01:00 AM,2023,03,12,01,42.0,117,Unhealthy for Sensitive Groups,38.0,UG/M3,1 Hr,Valid
Tashkent,PM2.5 - Principal,2023-03-12 02:00 AM,2023,03,12,02,34.5,98,Moderate,27.0,UG/M3,1 Hr,Valid
Tashkent,PM2.5 - Principal,2023-03-12 03:00 AM,2023,03,12,03,34.2,97,Moderate,34.0,UG/M3,1 Hr,Valid
Tashkent,PM2.5 - Principal,2023-03-12 04:00 AM,2023,03,12,04,32.6,94,Moderate,31.0,UG/M3,1 Hr,Valid
Tashkent,PM2.5 - Principal,2023-03-12 05:00 AM,2023,03,12,05,27.8,84,Moderate,23.0,UG/M3,1 Hr,Valid
Tashkent,PM2.5 - Principal,2023-03-12 06:00 AM,2023,03,12,06,19.4,66,Moderate,11.0,UG/M3,1 Hr,Valid
Tashkent,PM2.5 - Principal,2023-03-12 07:00 AM,2023,03,12,07,12.6,52,Moderate,6.0,UG/M3,1 Hr,Valid
Tashkent,PM2.5 - Principal,2023-03-12 08:00 AM,2023,03,12,08,8.8,37,Good,5.0,UG/M3,1 Hr,Valid
Tashkent,PM2.5 - Principal,2023-03-12 09:00 AM,2023,03,12,09,6.9,29,Good,5.0,UG/M3,1 Hr,Valid
Tashkent,PM2.5 - Principal,2023-03-12 10:00 AM,2023,03,12,10,5.9,25,Good,5.0,UG/M3,1 Hr,Valid
Tashkent,PM2.5 - Principal,2023-03-12 11:00 AM,2023,03,12,11,5.4,23,Good,5.0,UG/M3,1 Hr,Valid
Tashkent,PM2.5 - Principal,2023-03-12 12:00 PM,2023,03,12,12,6.2,26,Good,7.0,UG/M3,1 Hr,Valid
Tashkent,PM2.5 - Principal,2023-03-12 01:00 PM,2023,03,12,13,7.1,30,Good,8.0,UG/M3,1 Hr,Valid
Tashkent,PM2.5 - Principal,2023-03-12 02:00 PM,2023,03,12,14,7.0,29,Good,7.0,UG/M3,1 Hr,Valid
Tashkent,PM2.5 - Principal,2023-03-12 03:00 PM,2023,03,12,15,6.5,27,Good,6.0,UG/M3,1 Hr,Valid
Tashkent,PM2.5 - Principal,2023-03-12 04:00 PM,2023,03,12,16,5.2,22,Good,4.0,UG/M3,1 Hr,Valid
Tashkent,PM2.5 - Principal,2023-03-12 05:00 PM,2023,03,12,17,3.6,15,Good,2.0,UG/M3,1 Hr,Valid
Tashkent,PM2.5 - Principal,2023-03-12 06:00 PM,2023,03,12,18,3.3,14,Good,3.0,UG/M3,1 Hr,Valid
Tashkent,PM2.5 - Principal,2023-03-12 07:00 PM,2023,03,12,19,4.6,19,Good,6.0,UG/M3,1 Hr,Valid
Tashkent,PM2.5 - Principal,2023-03-12 08:00 PM,2023,03,12,20,5.8,24,Good,7.0,UG/M3,1 Hr,Valid
Tashkent,PM2.5 - Principal,2023-03-12 09:00 PM,2023,03,12,21,9.4,39,Good,13.0,UG/M3,1 Hr,Valid
Tashkent,PM2.5 - Principal,2023-03-12 10:00 PM,2023,03,12,22,12.2,51,Moderate,15.0,UG/M3,1 Hr,Valid
Tashkent,PM2.5 - Principal,2023-03-12 11:00 PM,2023,03,12,23,24.1,76,Moderate,36.0,UG/M3,1 Hr,Valid
Tashkent,PM2.5 - Principal,2023-03-13 12:00 AM,2023,03,13,00,39.5,111,Unhealthy for Sensitive Groups,55.0,UG/M3,1 Hr,Valid
Tashkent,PM2.5 - Principal,2023-03-13 01:00 AM,2023,03,13,01,40.7,114,Unhealthy for Sensitive Groups,42.0,UG/M3,1 Hr,Valid
Tashkent,PM2.5 - Principal,2023-03-13 02:00 AM,2023,03,13,02,48.3,133,Unhealthy for Sensitive Groups,56.0,UG/M3,1 Hr,Valid
Tashkent,PM2.5 - Principal,2023-03-13 03:00 AM,2023,03,13,03,49.7,136,Unhealthy for Sensitive Groups,51.0,UG/M3,1 Hr,Valid
Tashkent,PM2.5 - Principal,2023-03-13 04:00 AM,2023,03,13,04,59.8,153,Unhealthy,70.0,UG/M3,1 Hr,Valid
Tashkent,PM2.5 - Principal,2023-03-13 05:00 AM,2023,03,13,05,71.9,159,Unhealthy,84.0,UG/M3,1 Hr,Valid
Tashkent,PM2.5 - Principal,2023-03-13 06:00 AM,2023,03,13,06,80.9,164,Unhealthy,90.0,UG/M3,1 Hr,Valid
Tashkent,PM2.5 - Principal,2023-03-13 07:00 AM,2023,03,13,07,78.9,163,Unhealthy,77.0,UG/M3,1 Hr,Valid
Tashkent,PM2.5 - Principal,2023-03-13 08:00 AM,2023,03,13,08,62.0,154,Unhealthy,45.0,UG/M3,1 Hr,Valid
Tashkent,PM2.5 - Principal,2023-03-13 09:00 AM,2023,03,13,09,41.0,115,Unhealthy for Sensitive Groups,20.0,UG/M3,1 Hr,Valid
Tashkent,PM2.5 - Principal,2023-03-13 10:00 AM,2023,03,13,10,22.0,72,Moderate,3.0,UG/M3,1 Hr,Valid
Tashkent,PM2.5 - Principal,2023-03-13 11:00 AM,2023,03,13,11,13.4,54,Moderate,5.0,UG/M3,1 Hr,Valid
Tashkent,PM2.5 - Principal,2023-03-13 12:00 PM,2023,03,13,12,9.2,38,Good,5.0,UG/M3,1 Hr,Valid
Tashkent,PM2.5 - Principal,2023-03-13 01:00 PM,2023,03,13,13,8.6,36,Good,8.0,UG/M3,1 Hr,Valid
Tashkent,PM2.5 - Principal,2023-03-13 02:00 PM,2023,03,13,14,8.8,37,Good,9.0,UG/M3,1 Hr,Valid
Tashkent,PM2.5 - Principal,2023-03-13 03:00 PM,2023,03,13,15,9.3,39,Good,10.0,UG/M3,1 Hr,Valid
Tashkent,PM2.5 - Principal,2023-03-13 04:00 PM,2023,03,13,16,11.1,46,Good,13.0,UG/M3,1 Hr,Valid
Tashkent,PM2.5 - Principal,2023-03-13 05:00 PM,2023,03,13,17,12.5,52,Moderate,14.0,UG/M3,1 Hr,Valid
Tashkent,PM2.5 - Principal,2023-03-13 06:00 PM,2023,03,13,18,13.7,54,Moderate,15.0,UG/M3,1 Hr,Valid
Tashkent,PM2.5 - Principal,2023-03-13 07:00 PM,2023,03,13,19,12.3,51,Moderate,11.0,UG/M3,1 Hr,Valid
Tashkent,PM2.5 - Principal,2023-03-13 08:00 PM,2023,03,13,20,16.1,59,Moderate,20.0,UG/M3,1 Hr,Valid
Tashkent,PM2.5 - Principal,2023-03-13 09:00 PM,2023,03,13,21,23.5,75,Moderate,31.0,UG/M3,1 Hr,Valid
Tashkent,PM2.5 - Principal,2023-03-13 10:00 PM,2023,03,13,22,30.3,89,Moderate,37.0,UG/M3,1 Hr,Valid
Tashkent,PM2.5 - Principal,2023-03-13 11:00 PM,2023,03,13,23,22.1,72,Moderate,14.0,UG/M3,1 Hr,Valid
Tashkent,PM2.5 - Principal,2023-03-14 12:00 AM,2023,03,14,00,16.0,59,Moderate,10.0,UG/M3,1 Hr,Valid
Tashkent,PM2.5 - Principal,2023-03-14 01:00 AM,2023,03,14,01,12.5,52,Moderate,9.0,UG/M3,1 Hr,Valid
Tashkent,PM2.5 - Principal,2023-03-14 02:00 AM,2023,03,14,02,9.7,40,Good,7.0,UG/M3,1 Hr,Valid
Tashkent,PM2.5 - Principal,2023-03-14 03:00 AM,2023,03,14,03,7.8,33,Good,6.0,UG/M3,1 Hr,Valid
Tashkent,PM2.5 - Principal,2023-03-14 04:00 AM,2023,03,14,04,4.9,20,Good,2.0,UG/M3,1 Hr,Valid
Tashkent,PM2.5 - Principal,2023-03-14 05:00 AM,2023,03,14,05,3.4,14,Good,2.0,UG/M3,1 Hr,Valid
Tashkent,PM2.5 - Principal,2023-03-14 06:00 AM,2023,03,14,06,1.7,7,Good,0.0,UG/M3,1 Hr,Valid
Tashkent,PM2.5 - Principal,2023-03-14 07:00 AM,2023,03,14,07,2.3,10,Good,3.0,UG/M3,1 Hr,Valid
Tashkent,PM2.5 - Principal,2023-03-14 08:00 AM,2023,03,14,08,2.6,11,Good,3.0,UG/M3,1 Hr,Valid
Tashkent,PM2.5 - Principal,2023-03-14 09:00 AM,2023,03,14,09,0.8,3,Good,-1.0,UG/M3,1 Hr,Valid
Tashkent,PM2.5 - Principal,2023-03-14 10:00 AM,2023,03,14,10,0.4,2,Good,0.0,UG/M3,1 Hr,Valid
Tashkent,PM2.5 - Principal,2023-03-14 11:00 AM,2023,03,14,11,1.7,7,Good,3.0,UG/M3,1 Hr,Valid
Tashkent,PM2.5 - Principal,2023-03-14 12:00 PM,2023,03,14,12,1.8,8,Good,2.0,UG/M3,1 Hr,Valid
Tashkent,PM2.5 - Principal,2023-03-14 01:00 PM,2023,03,14,13,1.4,6,Good,1.0,UG/M3,1 Hr,Valid
Tashkent,PM2.5 - Principal,2023-03-14 02:00 PM,2023,03,14,14,1.7,7,Good,2.0,UG/M3,1 Hr,Valid
Tashkent,PM2.5 - Principal,2023-03-14 03:00 PM,2023,03,14,15,2.3,10,Good,3.0,UG/M3,1 Hr,Valid
Tashkent,PM2.5 - Principal,2023-03-14 04:00 PM,2023,03,14,16,2.6,11,Good,3.0,UG/M3,1 Hr,Valid
Tashkent,PM2.5 - Principal,2023-03-14 05:00 PM,2023,03,14,17,3.8,16,Good,5.0,UG/M3,1 Hr,Valid
Tashkent,PM2.5 - Principal,2023-03-14 06:00 PM,2023,03,14,18,4.9,20,Good,6.0,UG/M3,1 Hr,Valid
Tashkent,PM2.5 - Principal,2023-03-14 07:00 PM,2023,03,14,19,7.4,31,Good,10.0,UG/M3,1 Hr,Valid
Tashkent,PM2.5 - Principal,2023-03-14 08:00 PM,2023,03,14,20,12.2,51,Moderate,17.0,UG/M3,1 Hr,Valid
Tashkent,PM2.5 - Principal,2023-03-14 09:00 PM,2023,03,14,21,23.6,75,Moderate,35.0,UG/M3,1 Hr,Valid
Tashkent,PM2.5 - Principal,2023-03-14 10:00 PM,2023,03,14,22,32.3,93,Moderate,41.0,UG/M3,1 Hr,Valid
Tashkent,PM2.5 - Principal,2023-03-14 11:00 PM,2023,03,14,23,41.6,116,Unhealthy for Sensitive Groups,51.0,UG/M3,1 Hr,Valid
Tashkent,PM2.5 - Principal,2023-03-15 12:00 AM,2023,03,15,00,27.8,84,Moderate,14.0,UG/M3,1 Hr,Valid
Tashkent,PM2.5 - Principal,2023-03-15 01:00 AM,2023,03,15,01,18.4,64,Moderate,9.0,UG/M3,1 Hr,Valid
Tashkent,PM2.5 - Principal,2023-03-15 02:00 AM,2023,03,15,02,12.2,51,Moderate,6.0,UG/M3,1 Hr,Valid
Tashkent,PM2.5 - Principal,2023-03-15 03:00 AM,2023,03,15,03,8.6,36,Good,5.0,UG/M3,1 Hr,Valid
Tashkent,PM2.5 - Principal,2023-03-15 04:00 AM,2023,03,15,04,5.3,22,Good,2.0,UG/M3,1 Hr,Valid
Tashkent,PM2.5 - Principal,2023-03-15 05:00 AM,2023,03,15,05,4.1,17,Good,3.0,UG/M3,1 Hr,Valid
Tashkent,PM2.5 - Principal,2023-03-15 06:00 AM,2023,03,15,06,6.5,27,Good,9.0,UG/M3,1 Hr,Valid
Tashkent,PM2.5 - Principal,2023-03-15 07:00 AM,2023,03,15,07,8.7,36,Good,11.0,UG/M3,1 Hr,Valid
Tashkent,PM2.5 - Principal,2023-03-15 08:00 AM,2023,03,15,08,13.8,55,Moderate,19.0,UG/M3,1 Hr,Valid
Tashkent,PM2.5 - Principal,2023-03-15 09:00 AM,2023,03,15,09,10.4,43,Good,7.0,UG/M3,1 Hr,Valid
Tashkent,PM2.5 - Principal,2023-03-15 10:00 AM,2023,03,15,10,7.2,30,Good,4.0,UG/M3,1 Hr,Valid
Tashkent,PM2.5 - Principal,2023-03-15 11:00 AM,2023,03,15,11,4.6,19,Good,2.0,UG/M3,1 Hr,Valid
Tashkent,PM2.5 - Principal,2023-03-15 12:00 PM,2023,03,15,12,5.3,22,Good,6.0,UG/M3,1 Hr,Valid
Tashkent,PM2.5 - Principal,2023-03-15 01:00 PM,2023,03,15,13,4.6,19,Good,4.0,UG/M3,1 Hr,Valid
Tashkent,PM2.5 - Principal,2023-03-15 02:00 PM,2023,03,15,14,4.3,18,Good,4.0,UG/M3,1 Hr,Valid
Tashkent,PM2.5 - Principal,2023-03-15 03:00 PM,2023,03,15,15,3.6,15,Good,3.0,UG/M3,1 Hr,Valid
Tashkent,PM2.5 - Principal,2023-03-15 04:00 PM,2023,03,15,16,2.3,10,Good,1.0,UG/M3,1 Hr,Valid
Tashkent,PM2.5 - Principal,2023-03-15 05:00 PM,2023,03,15,17,1.6,7,Good,1.0,UG/M3,1 Hr,Valid
Tashkent,PM2.5 - Principal,2023-03-15 06:00 PM,2023,03,15,18,2.8,12,Good,4.0,UG/M3,1 Hr,Valid
Tashkent,PM2.5 - Principal,2023-03-15 07:00 PM,2023,03,15,19,6.9,29,Good,11.0,UG/M3,1 Hr,Valid
Tashkent,PM2.5 - Principal,2023-03-15 08:00 PM,2023,03,15,20,11.4,48,Good,16.0,UG/M3,1 Hr,Valid
Tashkent,PM2.5 - Principal,2023-03-15 09:00 PM,2023,03,15,21,16.2,60,Moderate,21.0,UG/M3,1 Hr,Valid
Tashkent,PM2.5 - Principal,2023-03-15 10:00 PM,2023,03,15,22,16.1,59,Moderate,16.0,UG/M3,1 Hr,Valid
Tashkent,PM2.5 - Principal,2023-03-15 11:00 PM,2023,03,15,23,21.5,71,Moderate,27.0,UG/M3,1 Hr,Valid
Tashkent,PM2.5 - Principal,2023-03-16 12:00 AM,2023,03,16,00,21.7,71,Moderate,22.0,UG/M3,1 Hr,Valid
Tashkent,PM2.5 - Principal,2023-03-16 01:00 AM,2023,03,16,01,28.8,86,Moderate,36.0,UG/M3,1 Hr,Valid
Tashkent,PM2.5 - Principal,2023-03-16 02:00 AM,2023,03,16,02,33.4,96,Moderate,38.0,UG/M3,1 Hr,Valid
Tashkent,PM2.5 - Principal,2023-03-16 03:00 AM,2023,03,16,03,32.7,94,Moderate,32.0,UG/M3,1 Hr,Valid
Tashkent,PM2.5 - Principal,2023-03-16 04:00 AM,2023,03,16,04,30.3,89,Moderate,28.0,UG/M3,1 Hr,Valid
Tashkent,PM2.5 - Principal,2023-03-16 05:00 AM,2023,03,16,05,29.6,88,Moderate,29.0,UG/M3,1 Hr,Valid
Tashkent,PM2.5 - Principal,2023-03-16 06:00 AM,2023,03,16,06,28.3,85,Moderate,27.0,UG/M3,1 Hr,Valid
Tashkent,PM2.5 - Principal,2023-03-16 07:00 AM,2023,03,16,07,22.6,73,Moderate,17.0,UG/M3,1 Hr,Valid
Tashkent,PM2.5 - Principal,2023-03-16 08:00 AM,2023,03,16,08,14.3,56,Moderate,6.0,UG/M3,1 Hr,Valid
Tashkent,PM2.5 - Principal,2023-03-16 09:00 AM,2023,03,16,09,12.6,52,Moderate,11.0,UG/M3,1 Hr,Valid
Tashkent,PM2.5 - Principal,2023-03-16 10:00 AM,2023,03,16,10,12.3,51,Moderate,12.0,UG/M3,1 Hr,Valid
Tashkent,PM2.5 - Principal,2023-03-16 11:00 AM,2023,03,16,11,13.1,53,Moderate,14.0,UG/M3,1 Hr,Valid
Tashkent,PM2.5 - Principal,2023-03-16 12:00 PM,2023,03,16,12,11.5,48,Good,10.0,UG/M3,1 Hr,Valid
Tashkent,PM2.5 - Principal,2023-03-16 01:00 PM,2023,03,16,13,10.2,43,Good,9.0,UG/M3,1 Hr,Valid
Tashkent,PM2.5 - Principal,2023-03-16 02:00 PM,2023,03,16,14,8.6,36,Good,7.0,UG/M3,1 Hr,Valid
Tashkent,PM2.5 - Principal,2023-03-16 03:00 PM,2023,03,16,15,6.8,28,Good,5.0,UG/M3,1 Hr,Valid
Tashkent,PM2.5 - Principal,2023-03-16 04:00 PM,2023,03,16,16,6.4,27,Good,6.0,UG/M3,1 Hr,Valid
Tashkent,PM2.5 - Principal,2023-03-16 05:00 PM,2023,03,16,17,8.2,34,Good,10.0,UG/M3,1 Hr,Valid
Tashkent,PM2.5 - Principal,2023-03-16 06:00 PM,2023,03,16,18,7.0,29,Good,6.0,UG/M3,1 Hr,Valid
Tashkent,PM2.5 - Principal,2023-03-16 07:00 PM,2023,03,16,19,9.0,38,Good,11.0,UG/M3,1 Hr,Valid
Tashkent,PM2.5 - Principal,2023-03-16 08:00 PM,2023,03,16,20,11.5,48,Good,14.0,UG/M3,1 Hr,Valid
Tashkent,PM2.5 - Principal,2023-03-16 09:00 PM,2023,03,16,21,11.7,49,Good,12.0,UG/M3,1 Hr,Valid
Tashkent,PM2.5 - Principal,2023-03-16 10:00 PM,2023,03,16,22,17.8,63,Moderate,24.0,UG/M3,1 Hr,Valid
Tashkent,PM2.5 - Principal,2023-03-16 11:00 PM,2023,03,16,23,33.4,96,Moderate,49.0,UG/M3,1 Hr,Valid
Tashkent,PM2.5 - Principal,2023-03-17 12:00 AM,2023,03,17,00,37.2,105,Unhealthy for Sensitive Groups,41.0,UG/M3,1 Hr,Valid
Tashkent,PM2.5 - Principal,2023-03-17 01:00 AM,2023,03,17,01,32.1,93,Moderate,27.0,UG/M3,1 Hr,Valid
Tashkent,PM2.5 - Principal,2023-03-17 02:00 AM,2023,03,17,02,21.5,71,Moderate,11.0,UG/M3,1 Hr,Valid
Tashkent,PM2.5 - Principal,2023-03-17 03:00 AM,2023,03,17,03,14.7,56,Moderate,8.0,UG/M3,1 Hr,Valid
Tashkent,PM2.5 - Principal,2023-03-17 04:00 AM,2023,03,17,04,9.3,39,Good,4.0,UG/M3,1 Hr,Valid
Tashkent,PM2.5 - Principal,2023-03-17 05:00 AM,2023,03,17,05,8.6,36,Good,8.0,UG/M3,1 Hr,Valid
Tashkent,PM2.5 - Principal,2023-03-17 06:00 AM,2023,03,17,06,7.3,30,Good,6.0,UG/M3,1 Hr,Valid
Tashkent,PM2.5 - Principal,2023-03-17 07:00 AM,2023,03,17,07,6.6,28,Good,6.0,UG/M3,1 Hr,Valid
Tashkent,PM2.5 - Principal,2023-03-17 08:00 AM,2023,03,17,08,6.3,26,Good,6.0,UG/M3,1 Hr,Valid
Tashkent,PM2.5 - Principal,2023-03-17 09:00 AM,2023,03,17,09,7.1,30,Good,8.0,UG/M3,1 Hr,Valid
Tashkent,PM2.5 - Principal,2023-03-17 10:00 AM,2023,03,17,10,11.5,48,Good,16.0,UG/M3,1 Hr,Valid
Tashkent,PM2.5 - Principal,2023-03-17 11:00 AM,2023,03,17,11,13.7,54,Moderate,16.0,UG/M3,1 Hr,Valid
Tashkent,PM2.5 - Principal,2023-03-17 12:00 PM,2023,03,17,12,15.3,58,Moderate,17.0,UG/M3,1 Hr,Valid
Tashkent,PM2.5 - Principal,2023-03-17 01:00 PM,2023,03,17,13,15.1,57,Moderate,15.0,UG/M3,1 Hr,Valid
Tashkent,PM2.5 - Principal,2023-03-17 02:00 PM,2023,03,17,14,11.5,48,Good,8.0,UG/M3,1 Hr,Valid
Tashkent,PM2.5 - Principal,2023-03-17 03:00 PM,2023,03,17,15,7.7,32,Good,4.0,UG/M3,1 Hr,Valid
Tashkent,PM2.5 - Principal,2023-03-17 04:00 PM,2023,03,17,16,8.8,37,Good,10.0,UG/M3,1 Hr,Valid
Tashkent,PM2.5 - Principal,2023-03-17 05:00 PM,2023,03,17,17,9.9,41,Good,11.0,UG/M3,1 Hr,Valid
Tashkent,PM2.5 - Principal,2023-03-17 06:00 PM,2023,03,17,18,10.9,45,Good,12.0,UG/M3,1 Hr,Valid
Tashkent,PM2.5 - Principal,2023-03-17 07:00 PM,2023,03,17,19,9.9,41,Good,9.0,UG/M3,1 Hr,Valid
Tashkent,PM2.5 - Principal,2023-03-17 08:00 PM,2023,03,17,20,12.9,53,Moderate,16.0,UG/M3,1 Hr,Valid
Tashkent,PM2.5 - Principal,2023-03-17 09:00 PM,2023,03,17,21,14.4,56,Moderate,16.0,UG/M3,1 Hr,Valid
Tashkent,PM2.5 - Principal,2023-03-17 10:00 PM,2023,03,17,22,24.2,76,Moderate,34.0,UG/M3,1 Hr,Valid
Tashkent,PM2.5 - Principal,2023-03-17 11:00 PM,2023,03,17,23,30.6,90,Moderate,37.0,UG/M3,1 Hr,Valid
Tashkent,PM2.5 - Principal,2023-03-18 12:00 AM,2023,03,18,00,33.8,97,Moderate,37.0,UG/M3,1 Hr,Valid
Tashkent,PM2.5 - Principal,2023-03-18 01:00 AM,2023,03,18,01,34.4,98,Moderate,35.0,UG/M3,1 Hr,Valid
Tashkent,PM2.5 - Principal,2023-03-18 02:00 AM,2023,03,18,02,41.7,116,Unhealthy for Sensitive Groups,49.0,UG/M3,1 Hr,Valid
Tashkent,PM2.5 - Principal,2023-03-18 03:00 AM,2023,03,18,03,43.8,121,Unhealthy for Sensitive Groups,46.0,UG/M3,1 Hr,Valid
Tashkent,PM2.5 - Principal,2023-03-18 04:00 AM,2023,03,18,04,31.4,92,Moderate,19.0,UG/M3,1 Hr,Valid
Tashkent,PM2.5 - Principal,2023-03-18 05:00 AM,2023,03,18,05,25.2,79,Moderate,19.0,UG/M3,1 Hr,Valid
Tashkent,PM2.5 - Principal,2023-03-18 06:00 AM,2023,03,18,06,18.1,64,Moderate,11.0,UG/M3,1 Hr,Valid
Tashkent,PM2.5 - Principal,2023-03-18 07:00 AM,2023,03,18,07,14.5,56,Moderate,11.0,UG/M3,1 Hr,Valid
Tashkent,PM2.5 - Principal,2023-03-18 08:00 AM,2023,03,18,08,14.7,56,Moderate,15.0,UG/M3,1 Hr,Valid
Tashkent,PM2.5 - Principal,2023-03-18 09:00 AM,2023,03,18,09,20.3,68,Moderate,26.0,UG/M3,1 Hr,Valid
Tashkent,PM2.5 - Principal,2023-03-18 10:00 AM,2023,03,18,10,28.6,86,Moderate,37.0,UG/M3,1 Hr,Valid
Tashkent,PM2.5 - Principal,2023-03-18 11:00 AM,2023,03,18,11,32.3,93,Moderate,36.0,UG/M3,1 Hr,Valid
Tashkent,PM2.5 - Principal,2023-03-18 12:00 PM,2023,03,18,12,32.1,93,Moderate,32.0,UG/M3,1 Hr,Valid
Tashkent,PM2.5 - Principal,2023-03-18 01:00 PM,2023,03,18,13,31.0,91,Moderate,30.0,UG/M3,1 Hr,Valid
Tashkent,PM2.5 - Principal,2023-03-18 02:00 PM,2023,03,18,14,31.5,92,Moderate,32.0,UG/M3,1 Hr,Valid
Tashkent,PM2.5 - Principal,2023-03-18 03:00 PM,2023,03,18,15,27.7,84,Moderate,24.0,UG/M3,1 Hr,Valid
Tashkent,PM2.5 - Principal,2023-03-18 04:00 PM,2023,03,18,16,22.3,72,Moderate,17.0,UG/M3,1 Hr,Valid
Tashkent,PM2.5 - Principal,2023-03-18 05:00 PM,2023,03,18,17,24.6,77,Moderate,27.0,UG/M3,1 Hr,Valid
Tashkent,PM2.5 - Principal,2023-03-18 06:00 PM,2023,03,18,18,24.8,78,Moderate,25.0,UG/M3,1 Hr,Valid
Tashkent,PM2.5 - Principal,2023-03-18 07:00 PM,2023,03,18,19,27.4,83,Moderate,30.0,UG/M3,1 Hr,Valid
Tashkent,PM2.5 - Principal,2023-03-18 08:00 PM,2023,03,18,20,33.7,96,Moderate,40.0,UG/M3,1 Hr,Valid
Tashkent,PM2.5 - Principal,2023-03-18 09:00 PM,2023,03,18,21,36.8,104,Unhealthy for Sensitive Groups,40.0,UG/M3,1 Hr,Valid
Tashkent,PM2.5 - Principal,2023-03-18 10:00 PM,2023,03,18,22,45.9,127,Unhealthy for Sensitive Groups,55.0,UG/M3,1 Hr,Valid
Tashkent,PM2.5 - Principal,2023-03-18 11:00 PM,2023,03,18,23,47.4,130,Unhealthy for Sensitive Groups,49.0,UG/M3,1 Hr,Valid
Tashkent,PM2.5 - Principal,2023-03-19 12:00 AM,2023,03,19,00,49.7,136,Unhealthy for Sensitive Groups,52.0,UG/M3,1 Hr,Valid
Tashkent,PM2.5 - Principal,2023-03-19 01:00 AM,2023,03,19,01,50.3,137,Unhealthy for Sensitive Groups,51.0,UG/M3,1 Hr,Valid
Tashkent,PM2.5 - Principal,2023-03-19 02:00 AM,2023,03,19,02,51.6,141,Unhealthy for Sensitive Groups,53.0,UG/M3,1 Hr,Valid
Tashkent,PM2.5 - Principal,2023-03-19 03:00 AM,2023,03,19,03,48.8,134,Unhealthy for Sensitive Groups,46.0,UG/M3,1 Hr,Valid
Tashkent,PM2.5 - Principal,2023-03-19 04:00 AM,2023,03,19,04,41.4,116,Unhealthy for Sensitive Groups,34.0,UG/M3,1 Hr,Valid
Tashkent,PM2.5 - Principal,2023-03-19 05:00 AM,2023,03,19,05,38.2,108,Unhealthy for Sensitive Groups,35.0,UG/M3,1 Hr,Valid
Tashkent,PM2.5 - Principal,2023-03-19 06:00 AM,2023,03,19,06,35.7,101,Unhealthy for Sensitive Groups,32.0,UG/M3,1 Hr,Valid
Tashkent,PM2.5 - Principal,2023-03-19 07:00 AM,2023,03,19,07,32.4,94,Moderate,29.0,UG/M3,1 Hr,Valid
Tashkent,PM2.5 - Principal,2023-03-19 08:00 AM,2023,03,19,08,36.0,102,Unhealthy for Sensitive Groups,40.0,UG/M3,1 Hr,Valid
Tashkent,PM2.5 - Principal,2023-03-19 09:00 AM,2023,03,19,09,41.6,116,Unhealthy for Sensitive Groups,48.0,UG/M3,1 Hr,Valid
Tashkent,PM2.5 - Principal,2023-03-19 10:00 AM,2023,03,19,10,45.3,125,Unhealthy for Sensitive Groups,50.0,UG/M3,1 Hr,Valid
Tashkent,PM2.5 - Principal,2023-03-19 11:00 AM,2023,03,19,11,51.3,140,Unhealthy for Sensitive Groups,57.0,UG/M3,1 Hr,Valid
Tashkent,PM2.5 - Principal,2023-03-19 12:00 PM,2023,03,19,12,46.7,129,Unhealthy for Sensitive Groups,42.0,UG/M3,1 Hr,Valid
Tashkent,PM2.5 - Principal,2023-03-19 01:00 PM,2023,03,19,13,47.8,131,Unhealthy for Sensitive Groups,49.0,UG/M3,1 Hr,Valid
Tashkent,PM2.5 - Principal,2023-03-19 02:00 PM,2023,03,19,14,45.9,127,Unhealthy for Sensitive Groups,44.0,UG/M3,1 Hr,Valid
Tashkent,PM2.5 - Principal,2023-03-19 03:00 PM,2023,03,19,15,34.9,99,Moderate,24.0,UG/M3,1 Hr,Valid
Tashkent,PM2.5 - Principal,2023-03-19 04:00 PM,2023,03,19,16,29.4,87,Moderate,24.0,UG/M3,1 Hr,Valid
Tashkent,PM2.5 - Principal,2023-03-19 05:00 PM,2023,03,19,17,30.7,90,Moderate,32.0,UG/M3,1 Hr,Valid
Tashkent,PM2.5 - Principal,2023-03-19 06:00 PM,2023,03,19,18,39.3,110,Unhealthy for Sensitive Groups,48.0,UG/M3,1 Hr,Valid
Tashkent,PM2.5 - Principal,2023-03-19 07:00 PM,2023,03,19,19,43.1,120,Unhealthy for Sensitive Groups,47.0,UG/M3,1 Hr,Valid
Tashkent,PM2.5 - Principal,2023-03-19 08:00 PM,2023,03,19,20,43.0,119,Unhealthy for Sensitive Groups,43.0,UG/M3,1 Hr,Valid
Tashkent,PM2.5 - Principal,2023-03-19 09:00 PM,2023,03,19,21,39.5,111,Unhealthy for Sensitive Groups,36.0,UG/M3,1 Hr,Valid
Tashkent,PM2.5 - Principal,2023-03-19 10:00 PM,2023,03,19,22,37.7,106,Unhealthy for Sensitive Groups,36.0,UG/M3,1 Hr,Valid
Tashkent,PM2.5 - Principal,2023-03-19 11:00 PM,2023,03,19,23,35.8,102,Unhealthy for Sensitive Groups,34.0,UG/M3,1 Hr,Valid
Tashkent,PM2.5 - Principal,2023-03-20 12:00 AM,2023,03,20,00,36.4,103,Unhealthy for Sensitive Groups,37.0,UG/M3,1 Hr,Valid
Tashkent,PM2.5 - Principal,2023-03-20 01:00 AM,2023,03,20,01,41.7,116,Unhealthy for Sensitive Groups,47.0,UG/M3,1 Hr,Valid
Tashkent,PM2.5 - Principal,2023-03-20 02:00 AM,2023,03,20,02,44.8,124,Unhealthy for Sensitive Groups,48.0,UG/M3,1 Hr,Valid
Tashkent,PM2.5 - Principal,2023-03-20 03:00 AM,2023,03,20,03,56.4,151,Unhealthy,68.0,UG/M3,1 Hr,Valid
Tashkent,PM2.5 - Principal,2023-03-20 04:00 AM,2023,03,20,04,60.2,153,Unhealthy,64.0,UG/M3,1 Hr,Valid
Tashkent,PM2.5 - Principal,2023-03-20 05:00 AM,2023,03,20,05,63.6,155,Unhealthy,67.0,UG/M3,1 Hr,Valid
Tashkent,PM2.5 - Principal,2023-03-20 06:00 AM,2023,03,20,06,63.3,155,Unhealthy,63.0,UG/M3,1 Hr,Valid
Tashkent,PM2.5 - Principal,2023-03-20 07:00 AM,2023,03,20,07,57.6,152,Unhealthy,52.0,UG/M3,1 Hr,Valid
Tashkent,PM2.5 - Principal,2023-03-20 08:00 AM,2023,03,20,08,53.3,145,Unhealthy for Sensitive Groups,49.0,UG/M3,1 Hr,Valid
Tashkent,PM2.5 - Principal,2023-03-20 09:00 AM,2023,03,20,09,34.1,97,Moderate,15.0,UG/M3,1 Hr,Valid
Tashkent,PM2.5 - Principal,2023-03-20 10:00 AM,2023,03,20,10,31.0,91,Moderate,28.0,UG/M3,1 Hr,Valid
Tashkent,PM2.5 - Principal,2023-03-20 11:00 AM,2023,03,20,11,23.5,75,Moderate,16.0,UG/M3,1 Hr,Valid
Tashkent,PM2.5 - Principal,2023-03-20 12:00 PM,2023,03,20,12,21.2,70,Moderate,19.0,UG/M3,1 Hr,Valid
Tashkent,PM2.5 - Principal,2023-03-20 01:00 PM,2023,03,20,13,16.1,59,Moderate,11.0,UG/M3,1 Hr,Valid
Tashkent,PM2.5 - Principal,2023-03-20 02:00 PM,2023,03,20,14,18.0,63,Moderate,20.0,UG/M3,1 Hr,Valid
Tashkent,PM2.5 - Principal,2023-03-20 03:00 PM,2023,03,20,15,23.5,75,Moderate,29.0,UG/M3,1 Hr,Valid
Tashkent,PM2.5 - Principal,2023-03-20 04:00 PM,2023,03,20,16,34.2,97,Moderate,45.0,UG/M3,1 Hr,Valid
Tashkent,PM2.5 - Principal,2023-03-20 05:00 PM,2023,03,20,17,41.6,116,Unhealthy for Sensitive Groups,49.0,UG/M3,1 Hr,Valid
Tashkent,PM2.5 - Principal,2023-03-20 06:00 PM,2023,03,20,18,41.8,117,Unhealthy for Sensitive Groups,42.0,UG/M3,1 Hr,Valid
Tashkent,PM2.5 - Principal,2023-03-20 07:00 PM,2023,03,20,19,34.4,98,Moderate,27.0,UG/M3,1 Hr,Valid
Tashkent,PM2.5 - Principal,2023-03-20 08:00 PM,2023,03,20,20,30.6,90,Moderate,27.0,UG/M3,1 Hr,Valid
Tashkent,PM2.5 - Principal,2023-03-20 09:00 PM,2023,03,20,21,25.3,79,Moderate,20.0,UG/M3,1 Hr,Valid
Tashkent,PM2.5 - Principal,2023-03-20 10:00 PM,2023,03,20,22,17.1,62,Moderate,9.0,UG/M3,1 Hr,Valid
Tashkent,PM2.5 - Principal,2023-03-20 11:00 PM,2023,03,20,23,15.0,57,Moderate,13.0,UG/M3,1 Hr,Valid
Tashkent,PM2.5 - Principal,2023-03-21 12:00 AM,2023,03,21,00,13.0,53,Moderate,11.0,UG/M3,1 Hr,Valid
Tashkent,PM2.5 - Principal,2023-03-21 01:00 AM,2023,03,21,01,11.0,46,Good,9.0,UG/M3,1 Hr,Valid
Tashkent,PM2.5 - Principal,2023-03-21 02:00 AM,2023,03,21,02,9.0,38,Good,7.0,UG/M3,1 Hr,Valid
Tashkent,PM2.5 - Principal,2023-03-21 03:00 AM,2023,03,21,03,14.0,55,Moderate,19.0,UG/M3,1 Hr,Valid
Tashkent,PM2.5 - Principal,2023-03-21 04:00 AM,2023,03,21,04,22.4,73,Moderate,31.0,UG/M3,1 Hr,Valid
Tashkent,PM2.5 - Principal,2023-03-21 05:00 AM,2023,03,21,05,36.2,103,Unhealthy for Sensitive Groups,50.0,UG/M3,1 Hr,Valid
Tashkent,PM2.5 - Principal,2023-03-21 06:00 AM,2023,03,21,06,55.6,151,Unhealthy,75.0,UG/M3,1 Hr,Valid
Tashkent,PM2.5 - Principal,2023-03-21 07:00 AM,2023,03,21,07,72.8,160,Unhealthy,90.0,UG/M3,1 Hr,Valid
Tashkent,PM2.5 - Principal,2023-03-21 08:00 AM,2023,03,21,08,76.4,162,Unhealthy,80.0,UG/M3,1 Hr,Valid
Tashkent,PM2.5 - Principal,2023-03-21 09:00 AM,2023,03,21,09,46.2,127,Unhealthy for Sensitive Groups,16.0,UG/M3,1 Hr,Valid
Tashkent,PM2.5 - Principal,2023-03-21 10:00 AM,2023,03,21,10,38.1,107,Unhealthy for Sensitive Groups,30.0,UG/M3,1 Hr,Valid
Tashkent,PM2.5 - Principal,2023-03-21 11:00 AM,2023,03,21,11,26.5,81,Moderate,15.0,UG/M3,1 Hr,Valid
Tashkent,PM2.5 - Principal,2023-03-21 12:00 PM,2023,03,21,12,18.2,64,Moderate,10.0,UG/M3,1 Hr,Valid
Tashkent,PM2.5 - Principal,2023-03-21 01:00 PM,2023,03,21,13,14.6,56,Moderate,11.0,UG/M3,1 Hr,Valid
Tashkent,PM2.5 - Principal,2023-03-21 02:00 PM,2023,03,21,14,16.3,60,Moderate,18.0,UG/M3,1 Hr,Valid
Tashkent,PM2.5 - Principal,2023-03-21 03:00 PM,2023,03,21,15,15.6,58,Moderate,15.0,UG/M3,1 Hr,Valid
Tashkent,PM2.5 - Principal,2023-03-21 04:00 PM,2023,03,21,16,13.3,54,Moderate,11.0,UG/M3,1 Hr,Valid
Tashkent,PM2.5 - Principal,2023-03-21 05:00 PM,2023,03,21,17,12.1,51,Moderate,11.0,UG/M3,1 Hr,Valid
Tashkent,PM2.5 - Principal,2023-03-21 06:00 PM,2023,03,21,18,12.0,50,Good,12.0,UG/M3,1 Hr,Valid
Tashkent,PM2.5 - Principal,2023-03-21 07:00 PM,2023,03,21,19,11.5,48,Good,11.0,UG/M3,1 Hr,Valid
Tashkent,PM2.5 - Principal,2023-03-21 08:00 PM,2023,03,21,20,20.2,68,Moderate,29.0,UG/M3,1 Hr,Valid
Tashkent,PM2.5 - Principal,2023-03-21 09:00 PM,2023,03,21,21,33.1,95,Moderate,46.0,UG/M3,1 Hr,Valid
Tashkent,PM2.5 - Principal,2023-03-21 10:00 PM,2023,03,21,22,44.0,122,Unhealthy for Sensitive Groups,55.0,UG/M3,1 Hr,Valid
Tashkent,PM2.5 - Principal,2023-03-21 11:00 PM,2023,03,21,23,47.0,129,Unhealthy for Sensitive Groups,50.0,UG/M3,1 Hr,Valid
Tashkent,PM2.5 - Principal,2023-03-22 12:00 AM,2023,03,22,00,48.5,133,Unhealthy for Sensitive Groups,50.0,UG/M3,1 Hr,Valid
Tashkent,PM2.5 - Principal,2023-03-22 01:00 AM,2023,03,22,01,54.2,147,Unhealthy for Sensitive Groups,60.0,UG/M3,1 Hr,Valid
Tashkent,PM2.5 - Principal,2023-03-22 02:00 AM,2023,03,22,02,63.1,155,Unhealthy,72.0,UG/M3,1 Hr,Valid
Tashkent,PM2.5 - Principal,2023-03-22 03:00 AM,2023,03,22,03,73.0,160,Unhealthy,83.0,UG/M3,1 Hr,Valid
Tashkent,PM2.5 - Principal,2023-03-22 04:00 AM,2023,03,22,04,76.5,162,Unhealthy,80.0,UG/M3,1 Hr,Valid
Tashkent,PM2.5 - Principal,2023-03-22 05:00 AM,2023,03,22,05,70.2,159,Unhealthy,64.0,UG/M3,1 Hr,Valid
Tashkent,PM2.5 - Principal,2023-03-22 06:00 AM,2023,03,22,06,64.1,155,Unhealthy,58.0,UG/M3,1 Hr,Valid
Tashkent,PM2.5 - Principal,2023-03-22 07:00 AM,2023,03,22,07,64.0,155,Unhealthy,64.0,UG/M3,1 Hr,Valid
Tashkent,PM2.5 - Principal,2023-03-22 08:00 AM,2023,03,22,08,66.0,156,Unhealthy,68.0,UG/M3,1 Hr,Valid
Tashkent,PM2.5 - Principal,2023-03-22 09:00 AM,2023,03,22,09,53.5,145,Unhealthy for Sensitive Groups,41.0,UG/M3,1 Hr,Valid
Tashkent,PM2.5 - Principal,2023-03-22 10:00 AM,2023,03,22,10,33.7,96,Moderate,14.0,UG/M3,1 Hr,Valid
Tashkent,PM2.5 - Principal,2023-03-22 11:00 AM,2023,03,22,11,20.8,69,Moderate,8.0,UG/M3,1 Hr,Valid
Tashkent,PM2.5 - Principal,2023-03-22 12:00 PM,2023,03,22,12,15.4,58,Moderate,10.0,UG/M3,1 Hr,Valid
Tashkent,PM2.5 - Principal,2023-03-22 01:00 PM,2023,03,22,13,11.7,49,Good,8.0,UG/M3,1 Hr,Valid
Tashkent,PM2.5 - Principal,2023-03-22 02:00 PM,2023,03,22,14,9.8,41,Good,8.0,UG/M3,1 Hr,Valid
Tashkent,PM2.5 - Principal,2023-03-22 03:00 PM,2023,03,22,15,10.4,43,Good,11.0,UG/M3,1 Hr,Valid
Tashkent,PM2.5 - Principal,2023-03-22 04:00 PM,2023,03,22,16,8.1,34,Good,6.0,UG/M3,1 Hr,Valid
Tashkent,PM2.5 - Principal,2023-03-22 05:00 PM,2023,03,22,17,7.0,29,Good,6.0,UG/M3,1 Hr,Valid
Tashkent,PM2.5 - Principal,2023-03-22 06:00 PM,2023,03,22,18,7.0,29,Good,7.0,UG/M3,1 Hr,Valid
Tashkent,PM2.5 - Principal,2023-03-22 07:00 PM,2023,03,22,19,7.5,31,Good,8.0,UG/M3,1 Hr,Valid
Tashkent,PM2.5 - Principal,2023-03-22 08:00 PM,2023,03,22,20,13.2,53,Moderate,19.0,UG/M3,1 Hr,Valid
Tashkent,PM2.5 - Principal,2023-03-22 09:00 PM,2023,03,22,21,14.1,55,Moderate,15.0,UG/M3,1 Hr,Valid
Tashkent,PM2.5 - Principal,2023-03-22 10:00 PM,2023,03,22,22,24.5,77,Moderate,35.0,UG/M3,1 Hr,Valid
Tashkent,PM2.5 - Principal,2023-03-22 11:00 PM,2023,03,22,23,25.7,80,Moderate,27.0,UG/M3,1 Hr,Valid
Tashkent,PM2.5 - Principal,2023-03-23 12:00 AM,2023,03,23,00,27.8,84,Moderate,30.0,UG/M3,1 Hr,Valid
Tashkent,PM2.5 - Principal,2023-03-23 01:00 AM,2023,03,23,01,27.9,84,Moderate,28.0,UG/M3,1 Hr,Valid
Tashkent,PM2.5 - Principal,2023-03-23 02:00 AM,2023,03,23,02,18.9,65,Moderate,10.0,UG/M3,1 Hr,Valid
Tashkent,PM2.5 - Principal,2023-03-23 03:00 AM,2023,03,23,03,12.4,52,Moderate,6.0,UG/M3,1 Hr,Valid
Tashkent,PM2.5 - Principal,2023-03-23 04:00 AM,2023,03,23,04,8.2,34,Good,4.0,UG/M3,1 Hr,Valid
Tashkent,PM2.5 - Principal,2023-03-23 05:00 AM,2023,03,23,05,5.1,21,Good,2.0,UG/M3,1 Hr,Valid
Tashkent,PM2.5 - Principal,2023-03-23 06:00 AM,2023,03,23,06,3.0,13,Good,1.0,UG/M3,1 Hr,Valid
Tashkent,PM2.5 - Principal,2023-03-23 07:00 AM,2023,03,23,07,2.5,10,Good,2.0,UG/M3,1 Hr,Valid
Tashkent,PM2.5 - Principal,2023-03-23 08:00 AM,2023,03,23,08,2.7,11,Good,3.0,UG/M3,1 Hr,Valid
Tashkent,PM2.5 - Principal,2023-03-23 09:00 AM,2023,03,23,09,2.3,10,Good,2.0,UG/M3,1 Hr,Valid
Tashkent,PM2.5 - Principal,2023-03-23 10:00 AM,2023,03,23,10,3.1,13,Good,4.0,UG/M3,1 Hr,Valid
Tashkent,PM2.5 - Principal,2023-03-23 11:00 AM,2023,03,23,11,2.0,8,Good,1.0,UG/M3,1 Hr,Valid
Tashkent,PM2.5 - Principal,2023-03-23 12:00 PM,2023,03,23,12,3.0,13,Good,4.0,UG/M3,1 Hr,Valid
Tashkent,PM2.5 - Principal,2023-03-23 01:00 PM,2023,03,23,13,2.5,10,Good,2.0,UG/M3,1 Hr,Valid
Tashkent,PM2.5 - Principal,2023-03-23 02:00 PM,2023,03,23,14,1.7,7,Good,1.0,UG/M3,1 Hr,Valid
Tashkent,PM2.5 - Principal,2023-03-23 03:00 PM,2023,03,23,15,2.3,10,Good,3.0,UG/M3,1 Hr,Valid
Tashkent,PM2.5 - Principal,2023-03-23 04:00 PM,2023,03,23,16,2.6,11,Good,3.0,UG/M3,1 Hr,Valid
Tashkent,PM2.5 - Principal,2023-03-23 05:00 PM,2023,03,23,17,3.3,14,Good,4.0,UG/M3,1 Hr,Valid
Tashkent,PM2.5 - Principal,2023-03-23 06:00 PM,2023,03,23,18,5.1,21,Good,7.0,UG/M3,1 Hr,Valid
Tashkent,PM2.5 - Principal,2023-03-23 07:00 PM,2023,03,23,19,5.5,23,Good,6.0,UG/M3,1 Hr,Valid
Tashkent,PM2.5 - Principal,2023-03-23 08:00 PM,2023,03,23,20,10.2,43,Good,15.0,UG/M3,1 Hr,Valid
Tashkent,PM2.5 - Principal,2023-03-23 09:00 PM,2023,03,23,21,13.1,53,Moderate,16.0,UG/M3,1 Hr,Valid
Tashkent,PM2.5 - Principal,2023-03-23 10:00 PM,2023,03,23,22,17.5,62,Moderate,22.0,UG/M3,1 Hr,Valid
Tashkent,PM2.5 - Principal,2023-03-23 11:00 PM,2023,03,23,23,30.2,89,Moderate,43.0,UG/M3,1 Hr,Valid
Tashkent,PM2.5 - Principal,2023-03-24 12:00 AM,2023,03,24,00,34.6,98,Moderate,39.0,UG/M3,1 Hr,Valid
Tashkent,PM2.5 - Principal,2023-03-24 01:00 AM,2023,03,24,01,30.8,90,Moderate,27.0,UG/M3,1 Hr,Valid
Tashkent,PM2.5 - Principal,2023-03-24 02:00 AM,2023,03,24,02,28.9,86,Moderate,27.0,UG/M3,1 Hr,Valid
Tashkent,PM2.5 - Principal,2023-03-24 03:00 AM,2023,03,24,03,19.9,67,Moderate,11.0,UG/M3,1 Hr,Valid
Tashkent,PM2.5 - Principal,2023-03-24 04:00 AM,2023,03,24,04,13.4,54,Moderate,7.0,UG/M3,1 Hr,Valid
Tashkent,PM2.5 - Principal,2023-03-24 05:00 AM,2023,03,24,05,8.2,34,Good,3.0,UG/M3,1 Hr,Valid
Tashkent,PM2.5 - Principal,2023-03-24 06:00 AM,2023,03,24,06,8.1,34,Good,8.0,UG/M3,1 Hr,Valid
Tashkent,PM2.5 - Principal,2023-03-24 07:00 AM,2023,03,24,07,10.5,44,Good,13.0,UG/M3,1 Hr,Valid
Tashkent,PM2.5 - Principal,2023-03-24 08:00 AM,2023,03,24,08,13.7,54,Moderate,17.0,UG/M3,1 Hr,Valid
Tashkent,PM2.5 - Principal,2023-03-24 09:00 AM,2023,03,24,09,12.3,51,Moderate,11.0,UG/M3,1 Hr,Valid
Tashkent,PM2.5 - Principal,2023-03-24 10:00 AM,2023,03,24,10,14.6,56,Moderate,17.0,UG/M3,1 Hr,Valid
Tashkent,PM2.5 - Principal,2023-03-24 11:00 AM,2023,03,24,11,16.8,61,Moderate,19.0,UG/M3,1 Hr,Valid
Tashkent,PM2.5 - Principal,2023-03-24 12:00 PM,2023,03,24,12,18.9,65,Moderate,21.0,UG/M3,1 Hr,Valid
Tashkent,PM2.5 - Principal,2023-03-24 01:00 PM,2023,03,24,13,20.9,70,Moderate,23.0,UG/M3,1 Hr,Valid
Tashkent,PM2.5 - Principal,2023-03-24 02:00 PM,2023,03,24,14,23.9,76,Moderate,27.0,UG/M3,1 Hr,Valid
Tashkent,PM2.5 - Principal,2023-03-24 03:00 PM,2023,03,24,15,29.4,87,Moderate,35.0,UG/M3,1 Hr,Valid
Tashkent,PM2.5 - Principal,2023-03-24 04:00 PM,2023,03,24,16,29.2,87,Moderate,29.0,UG/M3,1 Hr,Valid
Tashkent,PM2.5 - Principal,2023-03-24 05:00 PM,2023,03,24,17,29.6,88,Moderate,30.0,UG/M3,1 Hr,Valid
Tashkent,PM2.5 - Principal,2023-03-24 06:00 PM,2023,03,24,18,28.3,85,Moderate,27.0,UG/M3,1 Hr,Valid
Tashkent,PM2.5 - Principal,2023-03-24 07:00 PM,2023,03,24,19,29.1,87,Moderate,30.0,UG/M3,1 Hr,Valid
Tashkent,PM2.5 - Principal,2023-03-24 08:00 PM,2023,03,24,20,26.0,80,Moderate,23.0,UG/M3,1 Hr,Valid
Tashkent,PM2.5 - Principal,2023-03-24 09:00 PM,2023,03,24,21,30.5,90,Moderate,35.0,UG/M3,1 Hr,Valid
Tashkent,PM2.5 - Principal,2023-03-24 10:00 PM,2023,03,24,22,34.7,99,Moderate,39.0,UG/M3,1 Hr,Valid
Tashkent,PM2.5 - Principal,2023-03-24 11:00 PM,2023,03,24,23,35.1,99,Moderate,36.0,UG/M3,1 Hr,Valid
Tashkent,PM2.5 - Principal,2023-03-25 12:00 AM,2023,03,25,00,30.7,90,Moderate,25.0,UG/M3,1 Hr,Valid
Tashkent,PM2.5 - Principal,2023-03-25 01:00 AM,2023,03,25,01,30.0,89,Moderate,29.0,UG/M3,1 Hr,Valid
Tashkent,PM2.5 - Principal,2023-03-25 02:00 AM,2023,03,25,02,29.5,88,Moderate,29.0,UG/M3,1 Hr,Valid
Tashkent,PM2.5 - Principal,2023-03-25 03:00 AM,2023,03,25,03,32.6,94,Moderate,37.0,UG/M3,1 Hr,Valid
Tashkent,PM2.5 - Principal,2023-03-25 04:00 AM,2023,03,25,04,34.4,98,Moderate,37.0,UG/M3,1 Hr,Valid
Tashkent,PM2.5 - Principal,2023-03-25 05:00 AM,2023,03,25,05,35.0,99,Moderate,36.0,UG/M3,1 Hr,Valid
Tashkent,PM2.5 - Principal,2023-03-25 06:00 AM,2023,03,25,06,35.4,100,Moderate,36.0,UG/M3,1 Hr,Valid
Tashkent,PM2.5 - Principal,2023-03-25 07:00 AM,2023,03,25,07,33.2,95,Moderate,30.0,UG/M3,1 Hr,Valid
Tashkent,PM2.5 - Principal,2023-03-25 08:00 AM,2023,03,25,08,31.4,92,Moderate,28.0,UG/M3,1 Hr,Valid
Tashkent,PM2.5 - Principal,2023-03-25 09:00 AM,2023,03,25,09,30.1,89,Moderate,28.0,UG/M3,1 Hr,Valid
Tashkent,PM2.5 - Principal,2023-03-25 10:00 AM,2023,03,25,10,38.9,109,Unhealthy for Sensitive Groups,49.0,UG/M3,1 Hr,Valid
Tashkent,PM2.5 - Principal,2023-03-25 11:00 AM,2023,03,25,11,37.0,105,Unhealthy for Sensitive Groups,35.0,UG/M3,1 Hr,Valid
Tashkent,PM2.5 - Principal,2023-03-25 12:00 PM,2023,03,25,12,30.5,90,Moderate,24.0,UG/M3,1 Hr,Valid
Tashkent,PM2.5 - Principal,2023-03-25 01:00 PM,2023,03,25,13,27.7,84,Moderate,25.0,UG/M3,1 Hr,Valid
Tashkent,PM2.5 - Principal,2023-03-25 02:00 PM,2023,03,25,14,23.3,75,Moderate,19.0,UG/M3,1 Hr,Valid
Tashkent,PM2.5 - Principal,2023-03-25 03:00 PM,2023,03,25,15,22.1,72,Moderate,21.0,UG/M3,1 Hr,Valid
Tashkent,PM2.5 - Principal,2023-03-25 04:00 PM,2023,03,25,16,22.5,73,Moderate,23.0,UG/M3,1 Hr,Valid
Tashkent,PM2.5 - Principal,2023-03-25 05:00 PM,2023,03,25,17,20.7,69,Moderate,19.0,UG/M3,1 Hr,Valid
Tashkent,PM2.5 - Principal,2023-03-25 06:00 PM,2023,03,25,18,21.8,71,Moderate,23.0,UG/M3,1 Hr,Valid
Tashkent,PM2.5 - Principal,2023-03-25 07:00 PM,2023,03,25,19,19.9,67,Moderate,18.0,UG/M3,1 Hr,Valid
Tashkent,PM2.5 - Principal,2023-03-25 08:00 PM,2023,03,25,20,18.9,65,Moderate,18.0,UG/M3,1 Hr,Valid
Tashkent,PM2.5 - Principal,2023-03-25 09:00 PM,2023,03,25,21,23.4,75,Moderate,28.0,UG/M3,1 Hr,Valid
Tashkent,PM2.5 - Principal,2023-03-25 10:00 PM,2023,03,25,22,25.1,78,Moderate,27.0,UG/M3,1 Hr,Valid
Tashkent,PM2.5 - Principal,2023-03-25 11:00 PM,2023,03,25,23,24.4,77,Moderate,25.0,UG/M3,1 Hr,Valid
Tashkent,PM2.5 - Principal,2023-03-26 12:00 AM,2023,03,26,00,36.0,102,Unhealthy for Sensitive Groups,47.0,UG/M3,1 Hr,Valid
Tashkent,PM2.5 - Principal,2023-03-26 01:00 AM,2023,03,26,01,45.5,126,Unhealthy for Sensitive Groups,55.0,UG/M3,1 Hr,Valid
Tashkent,PM2.5 - Principal,2023-03-26 02:00 AM,2023,03,26,02,51.7,141,Unhealthy for Sensitive Groups,58.0,UG/M3,1 Hr,Valid
Tashkent,PM2.5 - Principal,2023-03-26 03:00 AM,2023,03,26,03,53.3,145,Unhealthy for Sensitive Groups,55.0,UG/M3,1 Hr,Valid
Tashkent,PM2.5 - Principal,2023-03-26 04:00 AM,2023,03,26,04,55.1,149,Unhealthy for Sensitive Groups,57.0,UG/M3,1 Hr,Valid
Tashkent,PM2.5 - Principal,2023-03-26 05:00 AM,2023,03,26,05,51.1,139,Unhealthy for Sensitive Groups,47.0,UG/M3,1 Hr,Valid
Tashkent,PM2.5 - Principal,2023-03-26 06:00 AM,2023,03,26,06,47.5,131,Unhealthy for Sensitive Groups,44.0,UG/M3,1 Hr,Valid
Tashkent,PM2.5 - Principal,2023-03-26 07:00 AM,2023,03,26,07,43.7,121,Unhealthy for Sensitive Groups,40.0,UG/M3,1 Hr,Valid
Tashkent,PM2.5 - Principal,2023-03-26 08:00 AM,2023,03,26,08,49.8,136,Unhealthy for Sensitive Groups,56.0,UG/M3,1 Hr,Valid
Tashkent,PM2.5 - Principal,2023-03-26 09:00 AM,2023,03,26,09,36.4,103,Unhealthy for Sensitive Groups,23.0,UG/M3,1 Hr,Valid
Tashkent,PM2.5 - Principal,2023-03-26 10:00 AM,2023,03,26,10,31.2,91,Moderate,26.0,UG/M3,1 Hr,Valid
Tashkent,PM2.5 - Principal,2023-03-26 11:00 AM,2023,03,26,11,30.1,89,Moderate,29.0,UG/M3,1 Hr,Valid
Tashkent,PM2.5 - Principal,2023-03-26 12:00 PM,2023,03,26,12,23.5,75,Moderate,17.0,UG/M3,1 Hr,Valid
Tashkent,PM2.5 - Principal,2023-03-26 01:00 PM,2023,03,26,13,19.2,66,Moderate,15.0,UG/M3,1 Hr,Valid
Tashkent,PM2.5 - Principal,2023-03-26 02:00 PM,2023,03,26,14,14.6,56,Moderate,10.0,UG/M3,1 Hr,Valid
Tashkent,PM2.5 - Principal,2023-03-26 03:00 PM,2023,03,26,15,13.3,54,Moderate,12.0,UG/M3,1 Hr,Valid
Tashkent,PM2.5 - Principal,2023-03-26 04:00 PM,2023,03,26,16,13.6,54,Moderate,14.0,UG/M3,1 Hr,Valid
Tashkent,PM2.5 - Principal,2023-03-26 05:00 PM,2023,03,26,17,15.8,59,Moderate,18.0,UG/M3,1 Hr,Valid
Tashkent,PM2.5 - Principal,2023-03-26 06:00 PM,2023,03,26,18,17.9,63,Moderate,20.0,UG/M3,1 Hr,Valid
Tashkent,PM2.5 - Principal,2023-03-26 07:00 PM,2023,03,26,19,20.9,70,Moderate,24.0,UG/M3,1 Hr,Valid
Tashkent,PM2.5 - Principal,2023-03-26 08:00 PM,2023,03,26,20,26.9,82,Moderate,33.0,UG/M3,1 Hr,Valid
Tashkent,PM2.5 - Principal,2023-03-26 09:00 PM,2023,03,26,21,36.9,104,Unhealthy for Sensitive Groups,47.0,UG/M3,1 Hr,Valid
Tashkent,PM2.5 - Principal,2023-03-26 10:00 PM,2023,03,26,22,48.9,134,Unhealthy for Sensitive Groups,61.0,UG/M3,1 Hr,Valid
Tashkent,PM2.5 - Principal,2023-03-26 11:00 PM,2023,03,26,23,55.0,149,Unhealthy for Sensitive Groups,61.0,UG/M3,1 Hr,Valid
Tashkent,PM2.5 - Principal,2023-03-27 12:00 AM,2023,03,27,00,62.5,155,Unhealthy,70.0,UG/M3,1 Hr,Valid
Tashkent,PM2.5 - Principal,2023-03-27 01:00 AM,2023,03,27,01,58.2,152,Unhealthy,54.0,UG/M3,1 Hr,Valid
Tashkent,PM2.5 - Principal,2023-03-27 02:00 AM,2023,03,27,02,56.1,151,Unhealthy,54.0,UG/M3,1 Hr,Valid
Tashkent,PM2.5 - Principal,2023-03-27 03:00 AM,2023,03,27,03,55.0,149,Unhealthy for Sensitive Groups,54.0,UG/M3,1 Hr,Valid
Tashkent,PM2.5 - Principal,2023-03-27 04:00 AM,2023,03,27,04,57.5,152,Unhealthy,60.0,UG/M3,1 Hr,Valid
Tashkent,PM2.5 - Principal,2023-03-27 05:00 AM,2023,03,27,05,57.7,152,Unhealthy,58.0,UG/M3,1 Hr,Valid
Tashkent,PM2.5 - Principal,2023-03-27 06:00 AM,2023,03,27,06,44.8,124,Unhealthy for Sensitive Groups,32.0,UG/M3,1 Hr,Valid
Tashkent,PM2.5 - Principal,2023-03-27 07:00 AM,2023,03,27,07,34.9,99,Moderate,25.0,UG/M3,1 Hr,Valid
Tashkent,PM2.5 - Principal,2023-03-27 08:00 AM,2023,03,27,08,32.4,94,Moderate,30.0,UG/M3,1 Hr,Valid
Tashkent,PM2.5 - Principal,2023-03-27 09:00 AM,2023,03,27,09,22.2,72,Moderate,12.0,UG/M3,1 Hr,Valid
Tashkent,PM2.5 - Principal,2023-03-27 10:00 AM,2023,03,27,10,26.1,80,Moderate,30.0,UG/M3,1 Hr,Valid
Tashkent,PM2.5 - Principal,2023-03-27 11:00 AM,2023,03,27,11,28.0,84,Moderate,30.0,UG/M3,1 Hr,Valid
Tashkent,PM2.5 - Principal,2023-03-27 12:00 PM,2023,03,27,12,31.0,91,Moderate,34.0,UG/M3,1 Hr,Valid
Tashkent,PM2.5 - Principal,2023-03-27 01:00 PM,2023,03,27,13,26.5,81,Moderate,22.0,UG/M3,1 Hr,Valid
Tashkent,PM2.5 - Principal,2023-03-27 02:00 PM,2023,03,27,14,26.7,82,Moderate,27.0,UG/M3,1 Hr,Valid
Tashkent,PM2.5 - Principal,2023-03-27 03:00 PM,2023,03,27,15,25.8,80,Moderate,25.0,UG/M3,1 Hr,Valid
Tashkent,PM2.5 - Principal,2023-03-27 04:00 PM,2023,03,27,16,25.4,79,Moderate,25.0,UG/M3,1 Hr,Valid
Tashkent,PM2.5 - Principal,2023-03-27 05:00 PM,2023,03,27,17,25.4,79,Moderate,-999.0,UG/M3,1 Hr,Missing
Tashkent,PM2.5 - Principal,2023-03-27 06:00 PM,2023,03,27,18,22.4,73,Moderate,21.0,UG/M3,1 Hr,Valid
Tashkent,PM2.5 - Principal,2023-03-27 07:00 PM,2023,03,27,19,22.2,72,Moderate,22.0,UG/M3,1 Hr,Valid
Tashkent,PM2.5 - Principal,2023-03-27 08:00 PM,2023,03,27,20,24.2,76,Moderate,26.0,UG/M3,1 Hr,Valid
Tashkent,PM2.5 - Principal,2023-03-27 09:00 PM,2023,03,27,21,25.6,79,Moderate,28.0,UG/M3,1 Hr,Valid
Tashkent,PM2.5 - Principal,2023-03-27 10:00 PM,2023,03,27,22,30.1,89,Moderate,36.0,UG/M3,1 Hr,Valid
Tashkent,PM2.5 - Principal,2023-03-27 11:00 PM,2023,03,27,23,41.6,116,Unhealthy for Sensitive Groups,52.0,UG/M3,1 Hr,Valid
Tashkent,PM2.5 - Principal,2023-03-28 12:00 AM,2023,03,28,00,44.8,124,Unhealthy for Sensitive Groups,48.0,UG/M3,1 Hr,Valid
Tashkent,PM2.5 - Principal,2023-03-28 01:00 AM,2023,03,28,01,45.9,127,Unhealthy for Sensitive Groups,47.0,UG/M3,1 Hr,Valid
Tashkent,PM2.5 - Principal,2023-03-28 02:00 AM,2023,03,28,02,33.9,97,Moderate,22.0,UG/M3,1 Hr,Valid
Tashkent,PM2.5 - Principal,2023-03-28 03:00 AM,2023,03,28,03,20.9,70,Moderate,8.0,UG/M3,1 Hr,Valid
Tashkent,PM2.5 - Principal,2023-03-28 04:00 AM,2023,03,28,04,13.9,55,Moderate,7.0,UG/M3,1 Hr,Valid
Tashkent,PM2.5 - Principal,2023-03-28 05:00 AM,2023,03,28,05,8.9,37,Good,4.0,UG/M3,1 Hr,Valid
Tashkent,PM2.5 - Principal,2023-03-28 06:00 AM,2023,03,28,06,6.4,27,Good,4.0,UG/M3,1 Hr,Valid
Tashkent,PM2.5 - Principal,2023-03-28 07:00 AM,2023,03,28,07,7.2,30,Good,8.0,UG/M3,1 Hr,Valid
Tashkent,PM2.5 - Principal,2023-03-28 08:00 AM,2023,03,28,08,8.6,36,Good,10.0,UG/M3,1 Hr,Valid
Tashkent,PM2.5 - Principal,2023-03-28 09:00 AM,2023,03,28,09,10.3,43,Good,12.0,UG/M3,1 Hr,Valid
Tashkent,PM2.5 - Principal,2023-03-28 10:00 AM,2023,03,28,10,10.1,42,Good,10.0,UG/M3,1 Hr,Valid
Tashkent,PM2.5 - Principal,2023-03-28 11:00 AM,2023,03,28,11,11.0,46,Good,12.0,UG/M3,1 Hr,Valid
Tashkent,PM2.5 - Principal,2023-03-28 12:00 PM,2023,03,28,12,14.0,55,Moderate,17.0,UG/M3,1 Hr,Valid
Tashkent,PM2.5 - Principal,2023-03-28 01:00 PM,2023,03,28,13,14.5,56,Moderate,15.0,UG/M3,1 Hr,Valid
Tashkent,PM2.5 - Principal,2023-03-28 02:00 PM,2023,03,28,14,12.2,51,Moderate,10.0,UG/M3,1 Hr,Valid
Tashkent,PM2.5 - Principal,2023-03-28 03:00 PM,2023,03,28,15,11.1,46,Good,10.0,UG/M3,1 Hr,Valid
Tashkent,PM2.5 - Principal,2023-03-28 04:00 PM,2023,03,28,16,14.0,55,Moderate,17.0,UG/M3,1 Hr,Valid
Tashkent,PM2.5 - Principal,2023-03-28 05:00 PM,2023,03,28,17,14.0,55,Moderate,14.0,UG/M3,1 Hr,Valid
Tashkent,PM2.5 - Principal,2023-03-28 06:00 PM,2023,03,28,18,15.5,58,Moderate,17.0,UG/M3,1 Hr,Valid
Tashkent,PM2.5 - Principal,2023-03-28 07:00 PM,2023,03,28,19,14.2,55,Moderate,13.0,UG/M3,1 Hr,Valid
Tashkent,PM2.5 - Principal,2023-03-28 08:00 PM,2023,03,28,20,24.1,76,Moderate,34.0,UG/M3,1 Hr,Valid
Tashkent,PM2.5 - Principal,2023-03-28 09:00 PM,2023,03,28,21,27.5,83,Moderate,31.0,UG/M3,1 Hr,Valid
Tashkent,PM2.5 - Principal,2023-03-28 10:00 PM,2023,03,28,22,31.2,91,Moderate,35.0,UG/M3,1 Hr,Valid
Tashkent,PM2.5 - Principal,2023-03-28 11:00 PM,2023,03,28,23,31.1,91,Moderate,31.0,UG/M3,1 Hr,Valid
Tashkent,PM2.5 - Principal,2023-03-29 12:00 AM,2023,03,29,00,38.5,108,Unhealthy for Sensitive Groups,46.0,UG/M3,1 Hr,Valid
Tashkent,PM2.5 - Principal,2023-03-29 01:00 AM,2023,03,29,01,34.7,99,Moderate,31.0,UG/M3,1 Hr,Valid
Tashkent,PM2.5 - Principal,2023-03-29 02:00 AM,2023,03,29,02,28.8,86,Moderate,23.0,UG/M3,1 Hr,Valid
Tashkent,PM2.5 - Principal,2023-03-29 03:00 AM,2023,03,29,03,20.4,68,Moderate,12.0,UG/M3,1 Hr,Valid
Tashkent,PM2.5 - Principal,2023-03-29 04:00 AM,2023,03,29,04,14.7,56,Moderate,9.0,UG/M3,1 Hr,Valid
Tashkent,PM2.5 - Principal,2023-03-29 05:00 AM,2023,03,29,05,13.3,54,Moderate,12.0,UG/M3,1 Hr,Valid
Tashkent,PM2.5 - Principal,2023-03-29 06:00 AM,2023,03,29,06,10.6,44,Good,8.0,UG/M3,1 Hr,Valid
Tashkent,PM2.5 - Principal,2023-03-29 07:00 AM,2023,03,29,07,9.3,39,Good,8.0,UG/M3,1 Hr,Valid
Tashkent,PM2.5 - Principal,2023-03-29 08:00 AM,2023,03,29,08,10.1,42,Good,11.0,UG/M3,1 Hr,Valid
Tashkent,PM2.5 - Principal,2023-03-29 09:00 AM,2023,03,29,09,9.5,40,Good,9.0,UG/M3,1 Hr,Valid
Tashkent,PM2.5 - Principal,2023-03-29 10:00 AM,2023,03,29,10,11.2,47,Good,13.0,UG/M3,1 Hr,Valid
Tashkent,PM2.5 - Principal,2023-03-29 11:00 AM,2023,03,29,11,12.6,52,Moderate,14.0,UG/M3,1 Hr,Valid
Tashkent,PM2.5 - Principal,2023-03-29 12:00 PM,2023,03,29,12,10.8,45,Good,9.0,UG/M3,1 Hr,Valid
Tashkent,PM2.5 - Principal,2023-03-29 01:00 PM,2023,03,29,13,9.4,39,Good,8.0,UG/M3,1 Hr,Valid
Tashkent,PM2.5 - Principal,2023-03-29 02:00 PM,2023,03,29,14,8.9,37,Good,8.0,UG/M3,1 Hr,Valid
Tashkent,PM2.5 - Principal,2023-03-29 03:00 PM,2023,03,29,15,9.8,41,Good,11.0,UG/M3,1 Hr,Valid
Tashkent,PM2.5 - Principal,2023-03-29 04:00 PM,2023,03,29,16,10.7,45,Good,12.0,UG/M3,1 Hr,Valid
Tashkent,PM2.5 - Principal,2023-03-29 05:00 PM,2023,03,29,17,14.4,56,Moderate,18.0,UG/M3,1 Hr,Valid
Tashkent,PM2.5 - Principal,2023-03-29 06:00 PM,2023,03,29,18,16.2,60,Moderate,18.0,UG/M3,1 Hr,Valid
Tashkent,PM2.5 - Principal,2023-03-29 07:00 PM,2023,03,29,19,18.1,64,Moderate,20.0,UG/M3,1 Hr,Valid
Tashkent,PM2.5 - Principal,2023-03-29 08:00 PM,2023,03,29,20,22.0,72,Moderate,26.0,UG/M3,1 Hr,Valid
Tashkent,PM2.5 - Principal,2023-03-29 09:00 PM,2023,03,29,21,24.0,76,Moderate,26.0,UG/M3,1 Hr,Valid
Tashkent,PM2.5 - Principal,2023-03-29 10:00 PM,2023,03,29,22,24.0,76,Moderate,-999.0,UG/M3,1 Hr,Missing
Tashkent,PM2.5 - Principal,2023-03-29 11:00 PM,2023,03,29,23,22.0,72,Moderate,21.0,UG/M3,1 Hr,Valid
Tashkent,PM2.5 - Principal,2023-03-30 12:00 AM,2023,03,30,00,24.2,76,Moderate,26.0,UG/M3,1 Hr,Valid
Tashkent,PM2.5 - Principal,2023-03-30 01:00 AM,2023,03,30,01,23.6,75,Moderate,23.0,UG/M3,1 Hr,Valid
Tashkent,PM2.5 - Principal,2023-03-30 02:00 AM,2023,03,30,02,20.1,68,Moderate,17.0,UG/M3,1 Hr,Valid
Tashkent,PM2.5 - Principal,2023-03-30 03:00 AM,2023,03,30,03,18.5,64,Moderate,17.0,UG/M3,1 Hr,Valid
Tashkent,PM2.5 - Principal,2023-03-30 04:00 AM,2023,03,30,04,19.3,66,Moderate,19.0,UG/M3,1 Hr,Valid
Tashkent,PM2.5 - Principal,2023-03-30 05:00 AM,2023,03,30,05,15.8,59,Moderate,13.0,UG/M3,1 Hr,Valid
Tashkent,PM2.5 - Principal,2023-03-30 06:00 AM,2023,03,30,06,14.9,57,Moderate,14.0,UG/M3,1 Hr,Valid
Tashkent,PM2.5 - Principal,2023-03-30 07:00 AM,2023,03,30,07,12.9,53,Moderate,11.0,UG/M3,1 Hr,Valid
Tashkent,PM2.5 - Principal,2023-03-30 08:00 AM,2023,03,30,08,10.9,45,Good,9.0,UG/M3,1 Hr,Valid
Tashkent,PM2.5 - Principal,2023-03-30 09:00 AM,2023,03,30,09,12.4,52,Moderate,14.0,UG/M3,1 Hr,Valid
Tashkent,PM2.5 - Principal,2023-03-30 10:00 AM,2023,03,30,10,15.2,58,Moderate,18.0,UG/M3,1 Hr,Valid
Tashkent,PM2.5 - Principal,2023-03-30 11:00 AM,2023,03,30,11,25.6,79,Moderate,36.0,UG/M3,1 Hr,Valid
Tashkent,PM2.5 - Principal,2023-03-30 12:00 PM,2023,03,30,12,28.8,86,Moderate,32.0,UG/M3,1 Hr,Valid
Tashkent,PM2.5 - Principal,2023-03-30 01:00 PM,2023,03,30,13,23.4,75,Moderate,18.0,UG/M3,1 Hr,Valid
Tashkent,PM2.5 - Principal,2023-03-30 02:00 PM,2023,03,30,14,21.2,70,Moderate,19.0,UG/M3,1 Hr,Valid
Tashkent,PM2.5 - Principal,2023-03-30 03:00 PM,2023,03,30,15,17.1,62,Moderate,13.0,UG/M3,1 Hr,Valid
Tashkent,PM2.5 - Principal,2023-03-30 04:00 PM,2023,03,30,16,21.0,70,Moderate,25.0,UG/M3,1 Hr,Valid
Tashkent,PM2.5 - Principal,2023-03-30 05:00 PM,2023,03,30,17,21.0,70,Moderate,21.0,UG/M3,1 Hr,Valid
Tashkent,PM2.5 - Principal,2023-03-30 06:00 PM,2023,03,30,18,21.0,70,Moderate,21.0,UG/M3,1 Hr,Valid
Tashkent,PM2.5 - Principal,2023-03-30 07:00 PM,2023,03,30,19,20.0,68,Moderate,19.0,UG/M3,1 Hr,Valid
Tashkent,PM2.5 - Principal,2023-03-30 08:00 PM,2023,03,30,20,24.0,76,Moderate,28.0,UG/M3,1 Hr,Valid
Tashkent,PM2.5 - Principal,2023-03-30 09:00 PM,2023,03,30,21,23.5,75,Moderate,23.0,UG/M3,1 Hr,Valid
Tashkent,PM2.5 - Principal,2023-03-30 10:00 PM,2023,03,30,22,23.7,75,Moderate,24.0,UG/M3,1 Hr,Valid
Tashkent,PM2.5 - Principal,2023-03-30 11:00 PM,2023,03,30,23,21.8,71,Moderate,20.0,UG/M3,1 Hr,Valid
Tashkent,PM2.5 - Principal,2023-03-31 12:00 AM,2023,03,31,00,25.4,79,Moderate,29.0,UG/M3,1 Hr,Valid
Tashkent,PM2.5 - Principal,2023-03-31 01:00 AM,2023,03,31,01,24.7,77,Moderate,24.0,UG/M3,1 Hr,Valid
Tashkent,PM2.5 - Principal,2023-03-31 02:00 AM,2023,03,31,02,24.8,78,Moderate,25.0,UG/M3,1 Hr,Valid
Tashkent,PM2.5 - Principal,2023-03-31 03:00 AM,2023,03,31,03,25.4,79,Moderate,27.0,UG/M3,1 Hr,Valid
Tashkent,PM2.5 - Principal,2023-03-31 04:00 AM,2023,03,31,04,22.6,73,Moderate,18.0,UG/M3,1 Hr,Valid
Tashkent,PM2.5 - Principal,2023-03-31 05:00 AM,2023,03,31,05,17.9,63,Moderate,14.0,UG/M3,1 Hr,Valid
Tashkent,PM2.5 - Principal,2023-03-31 06:00 AM,2023,03,31,06,14.9,57,Moderate,12.0,UG/M3,1 Hr,Valid
Tashkent,PM2.5 - Principal,2023-03-31 07:00 AM,2023,03,31,07,15.4,58,Moderate,16.0,UG/M3,1 Hr,Valid
Tashkent,PM2.5 - Principal,2023-03-31 08:00 AM,2023,03,31,08,12.7,52,Moderate,10.0,UG/M3,1 Hr,Valid
Tashkent,PM2.5 - Principal,2023-03-31 09:00 AM,2023,03,31,09,10.8,45,Good,9.0,UG/M3,1 Hr,Valid
Tashkent,PM2.5 - Principal,2023-03-31 10:00 AM,2023,03,31,10,10.9,45,Good,11.0,UG/M3,1 Hr,Valid
Tashkent,PM2.5 - Principal,2023-03-31 11:00 AM,2023,03,31,11,17.9,63,Moderate,25.0,UG/M3,1 Hr,Valid
Tashkent,PM2.5 - Principal,2023-03-31 12:00 PM,2023,03,31,12,15.4,58,Moderate,13.0,UG/M3,1 Hr,Valid
Tashkent,PM2.5 - Principal,2023-03-31 01:00 PM,2023,03,31,13,14.7,56,Moderate,14.0,UG/M3,1 Hr,Valid
Tashkent,PM2.5 - Principal,2023-03-31 02:00 PM,2023,03,31,14,14.8,57,Moderate,15.0,UG/M3,1 Hr,Valid
Tashkent,PM2.5 - Principal,2023-03-31 03:00 PM,2023,03,31,15,17.9,63,Moderate,21.0,UG/M3,1 Hr,Valid
Tashkent,PM2.5 - Principal,2023-03-31 04:00 PM,2023,03,31,16,20.9,70,Moderate,24.0,UG/M3,1 Hr,Valid
Tashkent,PM2.5 - Principal,2023-03-31 05:00 PM,2023,03,31,17,18.4,64,Moderate,16.0,UG/M3,1 Hr,Valid
Tashkent,PM2.5 - Principal,2023-03-31 06:00 PM,2023,03,31,18,14.7,56,Moderate,11.0,UG/M3,1 Hr,Valid
Tashkent,PM2.5 - Principal,2023-03-31 07:00 PM,2023,03,31,19,17.8,63,Moderate,21.0,UG/M3,1 Hr,Valid
Tashkent,PM2.5 - Principal,2023-03-31 08:00 PM,2023,03,31,20,25.4,79,Moderate,33.0,UG/M3,1 Hr,Valid
Tashkent,PM2.5 - Principal,2023-03-31 09:00 PM,2023,03,31,21,30.7,90,Moderate,36.0,UG/M3,1 Hr,Valid
Tashkent,PM2.5 - Principal,2023-03-31 10:00 PM,2023,03,31,22,34.3,98,Moderate,38.0,UG/M3,1 Hr,Valid
Tashkent,PM2.5 - Principal,2023-03-31 11:00 PM,2023,03,31,23,39.6,111,Unhealthy for Sensitive Groups,45.0,UG/M3,1 Hr,Valid
Tashkent,PM2.5 - Principal,2023-04-01 12:00 AM,2023,04,01,00,36.3,103,Unhealthy for Sensitive Groups,33.0,UG/M3,1 Hr,Valid
Tashkent,PM2.5 - Principal,2023-04-01 01:00 AM,2023,04,01,01,37.1,105,Unhealthy for Sensitive Groups,38.0,UG/M3,1 Hr,Valid
Tashkent,PM2.5 - Principal,2023-04-01 02:00 AM,2023,04,01,02,38.0,107,Unhealthy for Sensitive Groups,39.0,UG/M3,1 Hr,Valid
Tashkent,PM2.5 - Principal,2023-04-01 03:00 AM,2023,04,01,03,32.5,94,Moderate,27.0,UG/M3,1 Hr,Valid
Tashkent,PM2.5 - Principal,2023-04-01 04:00 AM,2023,04,01,04,30.2,89,Moderate,28.0,UG/M3,1 Hr,Valid
Tashkent,PM2.5 - Principal,2023-04-01 05:00 AM,2023,04,01,05,28.6,86,Moderate,27.0,UG/M3,1 Hr,Valid
Tashkent,PM2.5 - Principal,2023-04-01 06:00 AM,2023,04,01,06,23.8,76,Moderate,19.0,UG/M3,1 Hr,Valid
Tashkent,PM2.5 - Principal,2023-04-01 07:00 AM,2023,04,01,07,24.4,77,Moderate,25.0,UG/M3,1 Hr,Valid
Tashkent,PM2.5 - Principal,2023-04-01 08:00 AM,2023,04,01,08,31.7,92,Moderate,39.0,UG/M3,1 Hr,Valid
Tashkent,PM2.5 - Principal,2023-04-01 09:00 AM,2023,04,01,09,32.3,93,Moderate,33.0,UG/M3,1 Hr,Valid
Tashkent,PM2.5 - Principal,2023-04-01 10:00 AM,2023,04,01,10,34.1,97,Moderate,36.0,UG/M3,1 Hr,Valid
Tashkent,PM2.5 - Principal,2023-04-01 11:00 AM,2023,04,01,11,33.5,96,Moderate,33.0,UG/M3,1 Hr,Valid
Tashkent,PM2.5 - Principal,2023-04-01 12:00 PM,2023,04,01,12,37.7,106,Unhealthy for Sensitive Groups,42.0,UG/M3,1 Hr,Valid
Tashkent,PM2.5 - Principal,2023-04-01 01:00 PM,2023,04,01,13,38.8,109,Unhealthy for Sensitive Groups,40.0,UG/M3,1 Hr,Valid
Tashkent,PM2.5 - Principal,2023-04-01 02:00 PM,2023,04,01,14,34.9,99,Moderate,31.0,UG/M3,1 Hr,Valid
Tashkent,PM2.5 - Principal,2023-04-01 03:00 PM,2023,04,01,15,31.4,92,Moderate,28.0,UG/M3,1 Hr,Valid
Tashkent,PM2.5 - Principal,2023-04-01 04:00 PM,2023,04,01,16,26.2,81,Moderate,21.0,UG/M3,1 Hr,Valid
Tashkent,PM2.5 - Principal,2023-04-01 05:00 PM,2023,04,01,17,23.1,74,Moderate,20.0,UG/M3,1 Hr,Valid
Tashkent,PM2.5 - Principal,2023-04-01 06:00 PM,2023,04,01,18,21.0,70,Moderate,19.0,UG/M3,1 Hr,Valid
Tashkent,PM2.5 - Principal,2023-04-01 07:00 PM,2023,04,01,19,24.5,77,Moderate,28.0,UG/M3,1 Hr,Valid
Tashkent,PM2.5 - Principal,2023-04-01 08:00 PM,2023,04,01,20,34.2,97,Moderate,44.0,UG/M3,1 Hr,Valid
Tashkent,PM2.5 - Principal,2023-04-01 09:00 PM,2023,04,01,21,42.1,117,Unhealthy for Sensitive Groups,50.0,UG/M3,1 Hr,Valid
Tashkent,PM2.5 - Principal,2023-04-01 10:00 PM,2023,04,01,22,47.5,131,Unhealthy for Sensitive Groups,53.0,UG/M3,1 Hr,Valid
Tashkent,PM2.5 - Principal,2023-04-01 11:00 PM,2023,04,01,23,44.2,122,Unhealthy for Sensitive Groups,41.0,UG/M3,1 Hr,Valid
Tashkent,PM2.5 - Principal,2023-04-02 12:00 AM,2023,04,02,00,45.6,126,Unhealthy for Sensitive Groups,47.0,UG/M3,1 Hr,Valid
Tashkent,PM2.5 - Principal,2023-04-02 01:00 AM,2023,04,02,01,43.3,120,Unhealthy for Sensitive Groups,41.0,UG/M3,1 Hr,Valid
Tashkent,PM2.5 - Principal,2023-04-02 02:00 AM,2023,04,02,02,39.1,110,Unhealthy for Sensitive Groups,35.0,UG/M3,1 Hr,Valid
Tashkent,PM2.5 - Principal,2023-04-02 03:00 AM,2023,04,02,03,39.5,111,Unhealthy for Sensitive Groups,40.0,UG/M3,1 Hr,Valid
Tashkent,PM2.5 - Principal,2023-04-02 04:00 AM,2023,04,02,04,36.7,104,Unhealthy for Sensitive Groups,34.0,UG/M3,1 Hr,Valid
Tashkent,PM2.5 - Principal,2023-04-02 05:00 AM,2023,04,02,05,38.8,109,Unhealthy for Sensitive Groups,41.0,UG/M3,1 Hr,Valid
Tashkent,PM2.5 - Principal,2023-04-02 06:00 AM,2023,04,02,06,31.4,92,Moderate,24.0,UG/M3,1 Hr,Valid
Tashkent,PM2.5 - Principal,2023-04-02 07:00 AM,2023,04,02,07,27.2,83,Moderate,23.0,UG/M3,1 Hr,Valid
Tashkent,PM2.5 - Principal,2023-04-02 08:00 AM,2023,04,02,08,21.1,70,Moderate,15.0,UG/M3,1 Hr,Valid
Tashkent,PM2.5 - Principal,2023-04-02 09:00 AM,2023,04,02,09,21.5,71,Moderate,22.0,UG/M3,1 Hr,Valid
Tashkent,PM2.5 - Principal,2023-04-02 10:00 AM,2023,04,02,10,22.2,72,Moderate,23.0,UG/M3,1 Hr,Valid
Tashkent,PM2.5 - Principal,2023-04-02 11:00 AM,2023,04,02,11,29.6,88,Moderate,37.0,UG/M3,1 Hr,Valid
Tashkent,PM2.5 - Principal,2023-04-02 12:00 PM,2023,04,02,12,39.8,112,Unhealthy for Sensitive Groups,50.0,UG/M3,1 Hr,Valid
Tashkent,PM2.5 - Principal,2023-04-02 01:00 PM,2023,04,02,13,38.9,109,Unhealthy for Sensitive Groups,38.0,UG/M3,1 Hr,Valid
Tashkent,PM2.5 - Principal,2023-04-02 02:00 PM,2023,04,02,14,42.9,119,Unhealthy for Sensitive Groups,47.0,UG/M3,1 Hr,Valid
Tashkent,PM2.5 - Principal,2023-04-02 03:00 PM,2023,04,02,15,45.9,127,Unhealthy for Sensitive Groups,49.0,UG/M3,1 Hr,Valid
Tashkent,PM2.5 - Principal,2023-04-02 04:00 PM,2023,04,02,16,47.4,130,Unhealthy for Sensitive Groups,49.0,UG/M3,1 Hr,Valid
Tashkent,PM2.5 - Principal,2023-04-02 05:00 PM,2023,04,02,17,47.4,130,Unhealthy for Sensitive Groups,-999.0,UG/M3,1 Hr,Missing
Tashkent,PM2.5 - Principal,2023-04-02 06:00 PM,2023,04,02,18,31.8,92,Moderate,24.0,UG/M3,1 Hr,Valid
Tashkent,PM2.5 - Principal,2023-04-02 07:00 PM,2023,04,02,19,26.7,82,Moderate,23.0,UG/M3,1 Hr,Valid
Tashkent,PM2.5 - Principal,2023-04-02 08:00 PM,2023,04,02,20,27.4,83,Moderate,28.0,UG/M3,1 Hr,Valid
Tashkent,PM2.5 - Principal,2023-04-02 09:00 PM,2023,04,02,21,29.2,87,Moderate,31.0,UG/M3,1 Hr,Valid
Tashkent,PM2.5 - Principal,2023-04-02 10:00 PM,2023,04,02,22,31.1,91,Moderate,33.0,UG/M3,1 Hr,Valid
Tashkent,PM2.5 - Principal,2023-04-02 11:00 PM,2023,04,02,23,31.0,91,Moderate,31.0,UG/M3,1 Hr,Valid
Tashkent,PM2.5 - Principal,2023-04-03 12:00 AM,2023,04,03,00,31.0,91,Moderate,31.0,UG/M3,1 Hr,Valid
Tashkent,PM2.5 - Principal,2023-04-03 01:00 AM,2023,04,03,01,32.5,94,Moderate,34.0,UG/M3,1 Hr,Valid
Tashkent,PM2.5 - Principal,2023-04-03 02:00 AM,2023,04,03,02,32.7,94,Moderate,33.0,UG/M3,1 Hr,Valid
Tashkent,PM2.5 - Principal,2023-04-03 03:00 AM,2023,04,03,03,35.3,100,Moderate,38.0,UG/M3,1 Hr,Valid
Tashkent,PM2.5 - Principal,2023-04-03 04:00 AM,2023,04,03,04,37.6,106,Unhealthy for Sensitive Groups,41.0,UG/M3,1 Hr,Valid
Tashkent,PM2.5 - Principal,2023-04-03 05:00 AM,2023,04,03,05,36.4,103,Unhealthy for Sensitive Groups,35.0,UG/M3,1 Hr,Valid
Tashkent,PM2.5 - Principal,2023-04-03 06:00 AM,2023,04,03,06,32.7,94,Moderate,28.0,UG/M3,1 Hr,Valid
Tashkent,PM2.5 - Principal,2023-04-03 07:00 AM,2023,04,03,07,32.9,95,Moderate,32.0,UG/M3,1 Hr,Valid
Tashkent,PM2.5 - Principal,2023-04-03 08:00 AM,2023,04,03,08,36.8,104,Unhealthy for Sensitive Groups,44.0,UG/M3,1 Hr,Valid
Tashkent,PM2.5 - Principal,2023-04-03 09:00 AM,2023,04,03,09,44.3,123,Unhealthy for Sensitive Groups,52.0,UG/M3,1 Hr,Valid
Tashkent,PM2.5 - Principal,2023-04-03 10:00 AM,2023,04,03,10,55.0,149,Unhealthy for Sensitive Groups,65.0,UG/M3,1 Hr,Valid
Tashkent,PM2.5 - Principal,2023-04-03 11:00 AM,2023,04,03,11,41.0,115,Unhealthy for Sensitive Groups,27.0,UG/M3,1 Hr,Valid
Tashkent,PM2.5 - Principal,2023-04-03 12:00 PM,2023,04,03,12,38.0,107,Unhealthy for Sensitive Groups,35.0,UG/M3,1 Hr,Valid
Tashkent,PM2.5 - Principal,2023-04-03 01:00 PM,2023,04,03,13,38.5,108,Unhealthy for Sensitive Groups,39.0,UG/M3,1 Hr,Valid
Tashkent,PM2.5 - Principal,2023-04-03 02:00 PM,2023,04,03,14,35.7,101,Unhealthy for Sensitive Groups,33.0,UG/M3,1 Hr,Valid
Tashkent,PM2.5 - Principal,2023-04-03 03:00 PM,2023,04,03,15,29.3,87,Moderate,23.0,UG/M3,1 Hr,Valid
Tashkent,PM2.5 - Principal,2023-04-03 04:00 PM,2023,04,03,16,22.6,73,Moderate,16.0,UG/M3,1 Hr,Valid
Tashkent,PM2.5 - Principal,2023-04-03 05:00 PM,2023,04,03,17,20.8,69,Moderate,19.0,UG/M3,1 Hr,Valid
Tashkent,PM2.5 - Principal,2023-04-03 06:00 PM,2023,04,03,18,20.9,70,Moderate,21.0,UG/M3,1 Hr,Valid
Tashkent,PM2.5 - Principal,2023-04-03 07:00 PM,2023,04,03,19,23.9,76,Moderate,27.0,UG/M3,1 Hr,Valid
Tashkent,PM2.5 - Principal,2023-04-03 08:00 PM,2023,04,03,20,20.4,68,Moderate,17.0,UG/M3,1 Hr,Valid
Tashkent,PM2.5 - Principal,2023-04-03 09:00 PM,2023,04,03,21,16.2,60,Moderate,12.0,UG/M3,1 Hr,Valid
Tashkent,PM2.5 - Principal,2023-04-03 10:00 PM,2023,04,03,22,16.6,60,Moderate,17.0,UG/M3,1 Hr,Valid
Tashkent,PM2.5 - Principal,2023-04-03 11:00 PM,2023,04,03,23,18.8,65,Moderate,21.0,UG/M3,1 Hr,Valid
Tashkent,PM2.5 - Principal,2023-04-04 12:00 AM,2023,04,04,00,16.8,61,Moderate,15.0,UG/M3,1 Hr,Valid
Tashkent,PM2.5 - Principal,2023-04-04 01:00 AM,2023,04,04,01,16.4,60,Moderate,16.0,UG/M3,1 Hr,Valid
Tashkent,PM2.5 - Principal,2023-04-04 02:00 AM,2023,04,04,02,21.2,70,Moderate,26.0,UG/M3,1 Hr,Valid
Tashkent,PM2.5 - Principal,2023-04-04 03:00 AM,2023,04,04,03,21.6,71,Moderate,22.0,UG/M3,1 Hr,Valid
Tashkent,PM2.5 - Principal,2023-04-04 04:00 AM,2023,04,04,04,31.8,92,Moderate,42.0,UG/M3,1 Hr,Valid
Tashkent,PM2.5 - Principal,2023-04-04 05:00 AM,2023,04,04,05,43.4,120,Unhealthy for Sensitive Groups,55.0,UG/M3,1 Hr,Valid
Tashkent,PM2.5 - Principal,2023-04-04 06:00 AM,2023,04,04,06,55.7,151,Unhealthy,68.0,UG/M3,1 Hr,Valid
Tashkent,PM2.5 - Principal,2023-04-04 07:00 AM,2023,04,04,07,55.8,151,Unhealthy,56.0,UG/M3,1 Hr,Valid
Tashkent,PM2.5 - Principal,2023-04-04 08:00 AM,2023,04,04,08,50.9,139,Unhealthy for Sensitive Groups,46.0,UG/M3,1 Hr,Valid
Tashkent,PM2.5 - Principal,2023-04-04 09:00 AM,2023,04,04,09,35.9,102,Unhealthy for Sensitive Groups,21.0,UG/M3,1 Hr,Valid
Tashkent,PM2.5 - Principal,2023-04-04 10:00 AM,2023,04,04,10,25.9,80,Moderate,16.0,UG/M3,1 Hr,Valid
Tashkent,PM2.5 - Principal,2023-04-04 11:00 AM,2023,04,04,11,15.4,58,Moderate,5.0,UG/M3,1 Hr,Valid
Tashkent,PM2.5 - Principal,2023-04-04 12:00 PM,2023,04,04,12,12.2,51,Moderate,9.0,UG/M3,1 Hr,Valid
Tashkent,PM2.5 - Principal,2023-04-04 01:00 PM,2023,04,04,13,9.1,38,Good,6.0,UG/M3,1 Hr,Valid
Tashkent,PM2.5 - Principal,2023-04-04 02:00 PM,2023,04,04,14,7.5,31,Good,6.0,UG/M3,1 Hr,Valid
Tashkent,PM2.5 - Principal,2023-04-04 03:00 PM,2023,04,04,15,8.2,34,Good,9.0,UG/M3,1 Hr,Valid
Tashkent,PM2.5 - Principal,2023-04-04 04:00 PM,2023,04,04,16,8.1,34,Good,8.0,UG/M3,1 Hr,Valid
Tashkent,PM2.5 - Principal,2023-04-04 05:00 PM,2023,04,04,17,7.5,31,Good,7.0,UG/M3,1 Hr,Valid
Tashkent,PM2.5 - Principal,2023-04-04 06:00 PM,2023,04,04,18,8.2,34,Good,9.0,UG/M3,1 Hr,Valid
Tashkent,PM2.5 - Principal,2023-04-04 07:00 PM,2023,04,04,19,7.1,30,Good,6.0,UG/M3,1 Hr,Valid
Tashkent,PM2.5 - Principal,2023-04-04 08:00 PM,2023,04,04,20,12.0,50,Good,17.0,UG/M3,1 Hr,Valid
Tashkent,PM2.5 - Principal,2023-04-04 09:00 PM,2023,04,04,21,11.5,48,Good,11.0,UG/M3,1 Hr,Valid
Tashkent,PM2.5 - Principal,2023-04-04 10:00 PM,2023,04,04,22,11.7,49,Good,12.0,UG/M3,1 Hr,Valid
Tashkent,PM2.5 - Principal,2023-04-04 11:00 PM,2023,04,04,23,10.3,43,Good,9.0,UG/M3,1 Hr,Valid
Tashkent,PM2.5 - Principal,2023-04-05 12:00 AM,2023,04,05,00,10.6,44,Good,11.0,UG/M3,1 Hr,Valid
Tashkent,PM2.5 - Principal,2023-04-05 01:00 AM,2023,04,05,01,9.8,41,Good,9.0,UG/M3,1 Hr,Valid
Tashkent,PM2.5 - Principal,2023-04-05 02:00 AM,2023,04,05,02,8.4,35,Good,7.0,UG/M3,1 Hr,Valid
Tashkent,PM2.5 - Principal,2023-04-05 03:00 AM,2023,04,05,03,12.7,52,Moderate,17.0,UG/M3,1 Hr,Valid
Tashkent,PM2.5 - Principal,2023-04-05 04:00 AM,2023,04,05,04,15.3,58,Moderate,18.0,UG/M3,1 Hr,Valid
Tashkent,PM2.5 - Principal,2023-04-05 05:00 AM,2023,04,05,05,18.6,65,Moderate,22.0,UG/M3,1 Hr,Valid
Tashkent,PM2.5 - Principal,2023-04-05 06:00 AM,2023,04,05,06,17.8,63,Moderate,17.0,UG/M3,1 Hr,Valid
Tashkent,PM2.5 - Principal,2023-04-05 07:00 AM,2023,04,05,07,19.4,66,Moderate,21.0,UG/M3,1 Hr,Valid
Tashkent,PM2.5 - Principal,2023-04-05 08:00 AM,2023,04,05,08,18.2,64,Moderate,17.0,UG/M3,1 Hr,Valid
Tashkent,PM2.5 - Principal,2023-04-05 09:00 AM,2023,04,05,09,13.1,53,Moderate,8.0,UG/M3,1 Hr,Valid
Tashkent,PM2.5 - Principal,2023-04-05 10:00 AM,2023,04,05,10,10.0,42,Good,7.0,UG/M3,1 Hr,Valid
Tashkent,PM2.5 - Principal,2023-04-05 11:00 AM,2023,04,05,11,11.0,46,Good,12.0,UG/M3,1 Hr,Valid
Tashkent,PM2.5 - Principal,2023-04-05 12:00 PM,2023,04,05,12,11.0,46,Good,11.0,UG/M3,1 Hr,Valid
Tashkent,PM2.5 - Principal,2023-04-05 01:00 PM,2023,04,05,13,9.5,40,Good,8.0,UG/M3,1 Hr,Valid
Tashkent,PM2.5 - Principal,2023-04-05 02:00 PM,2023,04,05,14,9.2,38,Good,9.0,UG/M3,1 Hr,Valid
Tashkent,PM2.5 - Principal,2023-04-05 03:00 PM,2023,04,05,15,7.6,32,Good,6.0,UG/M3,1 Hr,Valid
Tashkent,PM2.5 - Principal,2023-04-05 04:00 PM,2023,04,05,16,6.3,26,Good,5.0,UG/M3,1 Hr,Valid
Tashkent,PM2.5 - Principal,2023-04-05 05:00 PM,2023,04,05,17,6.1,25,Good,6.0,UG/M3,1 Hr,Valid
Tashkent,PM2.5 - Principal,2023-04-05 06:00 PM,2023,04,05,18,8.0,33,Good,10.0,UG/M3,1 Hr,Valid
Tashkent,PM2.5 - Principal,2023-04-05 07:00 PM,2023,04,05,19,7.0,29,Good,6.0,UG/M3,1 Hr,Valid
Tashkent,PM2.5 - Principal,2023-04-05 08:00 PM,2023,04,05,20,6.0,25,Good,5.0,UG/M3,1 Hr,Valid
Tashkent,PM2.5 - Principal,2023-04-05 09:00 PM,2023,04,05,21,6.5,27,Good,7.0,UG/M3,1 Hr,Valid
Tashkent,PM2.5 - Principal,2023-04-05 10:00 PM,2023,04,05,22,10.7,45,Good,15.0,UG/M3,1 Hr,Valid
Tashkent,PM2.5 - Principal,2023-04-05 11:00 PM,2023,04,05,23,11.8,49,Good,13.0,UG/M3,1 Hr,Valid
Tashkent,PM2.5 - Principal,2023-04-06 12:00 AM,2023,04,06,00,11.4,48,Good,11.0,UG/M3,1 Hr,Valid
Tashkent,PM2.5 - Principal,2023-04-06 01:00 AM,2023,04,06,01,11.2,47,Good,11.0,UG/M3,1 Hr,Valid
Tashkent,PM2.5 - Principal,2023-04-06 02:00 AM,2023,04,06,02,10.1,42,Good,9.0,UG/M3,1 Hr,Valid
Tashkent,PM2.5 - Principal,2023-04-06 03:00 AM,2023,04,06,03,13.5,54,Moderate,17.0,UG/M3,1 Hr,Valid
Tashkent,PM2.5 - Principal,2023-04-06 04:00 AM,2023,04,06,04,15.7,59,Moderate,18.0,UG/M3,1 Hr,Valid
Tashkent,PM2.5 - Principal,2023-04-06 05:00 AM,2023,04,06,05,23.3,75,Moderate,31.0,UG/M3,1 Hr,Valid
Tashkent,PM2.5 - Principal,2023-04-06 06:00 AM,2023,04,06,06,24.1,76,Moderate,25.0,UG/M3,1 Hr,Valid
Tashkent,PM2.5 - Principal,2023-04-06 07:00 AM,2023,04,06,07,23.1,74,Moderate,22.0,UG/M3,1 Hr,Valid
Tashkent,PM2.5 - Principal,2023-04-06 08:00 AM,2023,04,06,08,16.0,59,Moderate,9.0,UG/M3,1 Hr,Valid
Tashkent,PM2.5 - Principal,2023-04-06 09:00 AM,2023,04,06,09,11.0,46,Good,6.0,UG/M3,1 Hr,Valid
Tashkent,PM2.5 - Principal,2023-04-06 10:00 AM,2023,04,06,10,7.5,31,Good,4.0,UG/M3,1 Hr,Valid
Tashkent,PM2.5 - Principal,2023-04-06 11:00 AM,2023,04,06,11,5.2,22,Good,3.0,UG/M3,1 Hr,Valid
Tashkent,PM2.5 - Principal,2023-04-06 12:00 PM,2023,04,06,12,5.1,21,Good,5.0,UG/M3,1 Hr,Valid
Tashkent,PM2.5 - Principal,2023-04-06 01:00 PM,2023,04,06,13,5.5,23,Good,6.0,UG/M3,1 Hr,Valid
Tashkent,PM2.5 - Principal,2023-04-06 02:00 PM,2023,04,06,14,6.7,28,Good,8.0,UG/M3,1 Hr,Valid
Tashkent,PM2.5 - Principal,2023-04-06 03:00 PM,2023,04,06,15,13.3,54,Moderate,20.0,UG/M3,1 Hr,Valid
Tashkent,PM2.5 - Principal,2023-04-06 04:00 PM,2023,04,06,16,10.6,44,Good,8.0,UG/M3,1 Hr,Valid
Tashkent,PM2.5 - Principal,2023-04-06 05:00 PM,2023,04,06,17,8.8,37,Good,7.0,UG/M3,1 Hr,Valid
Tashkent,PM2.5 - Principal,2023-04-06 06:00 PM,2023,04,06,18,7.9,33,Good,7.0,UG/M3,1 Hr,Valid
Tashkent,PM2.5 - Principal,2023-04-06 07:00 PM,2023,04,06,19,17.4,62,Moderate,27.0,UG/M3,1 Hr,Valid
Tashkent,PM2.5 - Principal,2023-04-06 08:00 PM,2023,04,06,20,24.2,76,Moderate,31.0,UG/M3,1 Hr,Valid
Tashkent,PM2.5 - Principal,2023-04-06 09:00 PM,2023,04,06,21,28.1,85,Moderate,32.0,UG/M3,1 Hr,Valid
Tashkent,PM2.5 - Principal,2023-04-06 10:00 PM,2023,04,06,22,17.0,61,Moderate,6.0,UG/M3,1 Hr,Valid
Tashkent,PM2.5 - Principal,2023-04-06 11:00 PM,2023,04,06,23,12.0,50,Good,7.0,UG/M3,1 Hr,Valid
Tashkent,PM2.5 - Principal,2023-04-07 12:00 AM,2023,04,07,00,11.0,46,Good,10.0,UG/M3,1 Hr,Valid
Tashkent,PM2.5 - Principal,2023-04-07 01:00 AM,2023,04,07,01,12.0,50,Good,13.0,UG/M3,1 Hr,Valid
Tashkent,PM2.5 - Principal,2023-04-07 02:00 AM,2023,04,07,02,14.5,56,Moderate,17.0,UG/M3,1 Hr,Valid
Tashkent,PM2.5 - Principal,2023-04-07 03:00 AM,2023,04,07,03,10.7,45,Good,7.0,UG/M3,1 Hr,Valid
Tashkent,PM2.5 - Principal,2023-04-07 04:00 AM,2023,04,07,04,34.3,98,Moderate,58.0,UG/M3,1 Hr,Valid
Tashkent,PM2.5 - Principal,2023-04-07 05:00 AM,2023,04,07,05,45.1,125,Unhealthy for Sensitive Groups,56.0,UG/M3,1 Hr,Valid
Tashkent,PM2.5 - Principal,2023-04-07 06:00 AM,2023,04,07,06,46.6,128,Unhealthy for Sensitive Groups,48.0,UG/M3,1 Hr,Valid
Tashkent,PM2.5 - Principal,2023-04-07 07:00 AM,2023,04,07,07,43.3,120,Unhealthy for Sensitive Groups,40.0,UG/M3,1 Hr,Valid
Tashkent,PM2.5 - Principal,2023-04-07 08:00 AM,2023,04,07,08,41.6,116,Unhealthy for Sensitive Groups,40.0,UG/M3,1 Hr,Valid
Tashkent,PM2.5 - Principal,2023-04-07 09:00 AM,2023,04,07,09,43.8,121,Unhealthy for Sensitive Groups,46.0,UG/M3,1 Hr,Valid
Tashkent,PM2.5 - Principal,2023-04-07 10:00 AM,2023,04,07,10,32.9,95,Moderate,22.0,UG/M3,1 Hr,Valid
Tashkent,PM2.5 - Principal,2023-04-07 11:00 AM,2023,04,07,11,31.9,93,Moderate,31.0,UG/M3,1 Hr,Valid
Tashkent,PM2.5 - Principal,2023-04-07 12:00 PM,2023,04,07,12,29.4,87,Moderate,27.0,UG/M3,1 Hr,Valid
Tashkent,PM2.5 - Principal,2023-04-07 01:00 PM,2023,04,07,13,27.7,84,Moderate,26.0,UG/M3,1 Hr,Valid
Tashkent,PM2.5 - Principal,2023-04-07 02:00 PM,2023,04,07,14,33.3,96,Moderate,39.0,UG/M3,1 Hr,Valid
Tashkent,PM2.5 - Principal,2023-04-07 03:00 PM,2023,04,07,15,39.1,110,Unhealthy for Sensitive Groups,45.0,UG/M3,1 Hr,Valid
Tashkent,PM2.5 - Principal,2023-04-07 04:00 PM,2023,04,07,16,36.0,102,Unhealthy for Sensitive Groups,33.0,UG/M3,1 Hr,Valid
Tashkent,PM2.5 - Principal,2023-04-07 05:00 PM,2023,04,07,17,35.0,99,Moderate,34.0,UG/M3,1 Hr,Valid
Tashkent,PM2.5 - Principal,2023-04-07 06:00 PM,2023,04,07,18,29.5,88,Moderate,24.0,UG/M3,1 Hr,Valid
Tashkent,PM2.5 - Principal,2023-04-07 07:00 PM,2023,04,07,19,23.2,74,Moderate,17.0,UG/M3,1 Hr,Valid
Tashkent,PM2.5 - Principal,2023-04-07 08:00 PM,2023,04,07,20,21.6,71,Moderate,20.0,UG/M3,1 Hr,Valid
Tashkent,PM2.5 - Principal,2023-04-07 09:00 PM,2023,04,07,21,21.8,71,Moderate,22.0,UG/M3,1 Hr,Valid
Tashkent,PM2.5 - Principal,2023-04-07 10:00 PM,2023,04,07,22,23.9,76,Moderate,26.0,UG/M3,1 Hr,Valid
Tashkent,PM2.5 - Principal,2023-04-07 11:00 PM,2023,04,07,23,29.9,88,Moderate,36.0,UG/M3,1 Hr,Valid
Tashkent,PM2.5 - Principal,2023-04-08 12:00 AM,2023,04,08,00,29.4,87,Moderate,29.0,UG/M3,1 Hr,Valid
Tashkent,PM2.5 - Principal,2023-04-08 01:00 AM,2023,04,08,01,31.7,92,Moderate,34.0,UG/M3,1 Hr,Valid
Tashkent,PM2.5 - Principal,2023-04-08 02:00 AM,2023,04,08,02,30.8,90,Moderate,30.0,UG/M3,1 Hr,Valid
Tashkent,PM2.5 - Principal,2023-04-08 03:00 AM,2023,04,08,03,28.9,86,Moderate,27.0,UG/M3,1 Hr,Valid
Tashkent,PM2.5 - Principal,2023-04-08 04:00 AM,2023,04,08,04,28.9,86,Moderate,29.0,UG/M3,1 Hr,Valid
Tashkent,PM2.5 - Principal,2023-04-08 05:00 AM,2023,04,08,05,26.9,82,Moderate,25.0,UG/M3,1 Hr,Valid
Tashkent,PM2.5 - Principal,2023-04-08 06:00 AM,2023,04,08,06,29.4,87,Moderate,32.0,UG/M3,1 Hr,Valid
Tashkent,PM2.5 - Principal,2023-04-08 07:00 AM,2023,04,08,07,30.0,89,Moderate,31.0,UG/M3,1 Hr,Valid
Tashkent,PM2.5 - Principal,2023-04-08 08:00 AM,2023,04,08,08,31.1,91,Moderate,33.0,UG/M3,1 Hr,Valid
Tashkent,PM2.5 - Principal,2023-04-08 09:00 AM,2023,04,08,09,35.0,99,Moderate,41.0,UG/M3,1 Hr,Valid
Tashkent,PM2.5 - Principal,2023-04-08 10:00 AM,2023,04,08,10,36.1,102,Unhealthy for Sensitive Groups,38.0,UG/M3,1 Hr,Valid
Tashkent,PM2.5 - Principal,2023-04-08 11:00 AM,2023,04,08,11,32.2,93,Moderate,26.0,UG/M3,1 Hr,Valid
Tashkent,PM2.5 - Principal,2023-04-08 12:00 PM,2023,04,08,12,24.7,77,Moderate,18.0,UG/M3,1 Hr,Valid
Tashkent,PM2.5 - Principal,2023-04-08 01:00 PM,2023,04,08,13,21.3,70,Moderate,18.0,UG/M3,1 Hr,Valid
Tashkent,PM2.5 - Principal,2023-04-08 02:00 PM,2023,04,08,14,21.3,70,Moderate,-999.0,UG/M3,1 Hr,Missing
Tashkent,PM2.5 - Principal,2023-04-08 03:00 PM,2023,04,08,15,21.1,70,Moderate,21.0,UG/M3,1 Hr,Valid
Tashkent,PM2.5 - Principal,2023-04-08 04:00 PM,2023,04,08,16,23.3,75,Moderate,25.0,UG/M3,1 Hr,Valid
Tashkent,PM2.5 - Principal,2023-04-08 05:00 PM,2023,04,08,17,17.2,62,Moderate,12.0,UG/M3,1 Hr,Valid
Tashkent,PM2.5 - Principal,2023-04-08 06:00 PM,2023,04,08,18,19.2,66,Moderate,21.0,UG/M3,1 Hr,Valid
Tashkent,PM2.5 - Principal,2023-04-08 07:00 PM,2023,04,08,19,21.1,70,Moderate,23.0,UG/M3,1 Hr,Valid
Tashkent,PM2.5 - Principal,2023-04-08 08:00 PM,2023,04,08,20,17.5,62,Moderate,14.0,UG/M3,1 Hr,Valid
Tashkent,PM2.5 - Principal,2023-04-08 09:00 PM,2023,04,08,21,20.2,68,Moderate,23.0,UG/M3,1 Hr,Valid
Tashkent,PM2.5 - Principal,2023-04-08 10:00 PM,2023,04,08,22,21.1,70,Moderate,22.0,UG/M3,1 Hr,Valid
Tashkent,PM2.5 - Principal,2023-04-08 11:00 PM,2023,04,08,23,22.5,73,Moderate,24.0,UG/M3,1 Hr,Valid
Tashkent,PM2.5 - Principal,2023-04-09 12:00 AM,2023,04,09,00,18.7,65,Moderate,15.0,UG/M3,1 Hr,Valid
Tashkent,PM2.5 - Principal,2023-04-09 01:00 AM,2023,04,09,01,17.3,62,Moderate,16.0,UG/M3,1 Hr,Valid
Tashkent,PM2.5 - Principal,2023-04-09 02:00 AM,2023,04,09,02,14.6,56,Moderate,12.0,UG/M3,1 Hr,Valid
Tashkent,PM2.5 - Principal,2023-04-09 03:00 AM,2023,04,09,03,12.8,52,Moderate,11.0,UG/M3,1 Hr,Valid
Tashkent,PM2.5 - Principal,2023-04-09 04:00 AM,2023,04,09,04,10.4,43,Good,8.0,UG/M3,1 Hr,Valid
Tashkent,PM2.5 - Principal,2023-04-09 05:00 AM,2023,04,09,05,9.7,40,Good,9.0,UG/M3,1 Hr,Valid
Tashkent,PM2.5 - Principal,2023-04-09 06:00 AM,2023,04,09,06,10.3,43,Good,11.0,UG/M3,1 Hr,Valid
Tashkent,PM2.5 - Principal,2023-04-09 07:00 AM,2023,04,09,07,15.1,57,Moderate,20.0,UG/M3,1 Hr,Valid
Tashkent,PM2.5 - Principal,2023-04-09 08:00 AM,2023,04,09,08,17.0,61,Moderate,19.0,UG/M3,1 Hr,Valid
Tashkent,PM2.5 - Principal,2023-04-09 09:00 AM,2023,04,09,09,17.0,61,Moderate,17.0,UG/M3,1 Hr,Valid
Tashkent,PM2.5 - Principal,2023-04-09 10:00 AM,2023,04,09,10,20.0,68,Moderate,23.0,UG/M3,1 Hr,Valid
Tashkent,PM2.5 - Principal,2023-04-09 11:00 AM,2023,04,09,11,18.5,64,Moderate,17.0,UG/M3,1 Hr,Valid
Tashkent,PM2.5 - Principal,2023-04-09 12:00 PM,2023,04,09,12,17.7,63,Moderate,17.0,UG/M3,1 Hr,Valid
Tashkent,PM2.5 - Principal,2023-04-09 01:00 PM,2023,04,09,13,18.8,65,Moderate,20.0,UG/M3,1 Hr,Valid
Tashkent,PM2.5 - Principal,2023-04-09 02:00 PM,2023,04,09,14,21.9,72,Moderate,25.0,UG/M3,1 Hr,Valid
Tashkent,PM2.5 - Principal,2023-04-09 03:00 PM,2023,04,09,15,21.4,71,Moderate,21.0,UG/M3,1 Hr,Valid
Tashkent,PM2.5 - Principal,2023-04-09 04:00 PM,2023,04,09,16,20.2,68,Moderate,19.0,UG/M3,1 Hr,Valid
Tashkent,PM2.5 - Principal,2023-04-09 05:00 PM,2023,04,09,17,18.6,65,Moderate,17.0,UG/M3,1 Hr,Valid
Tashkent,PM2.5 - Principal,2023-04-09 06:00 PM,2023,04,09,18,19.4,66,Moderate,20.0,UG/M3,1 Hr,Valid
Tashkent,PM2.5 - Principal,2023-04-09 07:00 PM,2023,04,09,19,19.0,66,Moderate,18.0,UG/M3,1 Hr,Valid
Tashkent,PM2.5 - Principal,2023-04-09 08:00 PM,2023,04,09,20,18.3,64,Moderate,17.0,UG/M3,1 Hr,Valid
Tashkent,PM2.5 - Principal,2023-04-09 09:00 PM,2023,04,09,21,19.5,67,Moderate,22.0,UG/M3,1 Hr,Valid
Tashkent,PM2.5 - Principal,2023-04-09 10:00 PM,2023,04,09,22,17.2,62,Moderate,14.0,UG/M3,1 Hr,Valid
Tashkent,PM2.5 - Principal,2023-04-09 11:00 PM,2023,04,09,23,13.4,54,Moderate,10.0,UG/M3,1 Hr,Valid
Tashkent,PM2.5 - Principal,2023-04-10 12:00 AM,2023,04,10,00,11.2,47,Good,9.0,UG/M3,1 Hr,Valid
Tashkent,PM2.5 - Principal,2023-04-10 01:00 AM,2023,04,10,01,11.1,46,Good,11.0,UG/M3,1 Hr,Valid
Tashkent,PM2.5 - Principal,2023-04-10 02:00 AM,2023,04,10,02,12.0,50,Good,13.0,UG/M3,1 Hr,Valid
Tashkent,PM2.5 - Principal,2023-04-10 03:00 AM,2023,04,10,03,15.0,57,Moderate,18.0,UG/M3,1 Hr,Valid
Tashkent,PM2.5 - Principal,2023-04-10 04:00 AM,2023,04,10,04,15.5,58,Moderate,16.0,UG/M3,1 Hr,Valid
Tashkent,PM2.5 - Principal,2023-04-10 05:00 AM,2023,04,10,05,16.2,60,Moderate,17.0,UG/M3,1 Hr,Valid
Tashkent,PM2.5 - Principal,2023-04-10 06:00 AM,2023,04,10,06,16.1,59,Moderate,16.0,UG/M3,1 Hr,Valid
Tashkent,PM2.5 - Principal,2023-04-10 07:00 AM,2023,04,10,07,17.0,61,Moderate,18.0,UG/M3,1 Hr,Valid
Tashkent,PM2.5 - Principal,2023-04-10 08:00 AM,2023,04,10,08,15.0,57,Moderate,13.0,UG/M3,1 Hr,Valid
Tashkent,PM2.5 - Principal,2023-04-10 09:00 AM,2023,04,10,09,15.5,58,Moderate,16.0,UG/M3,1 Hr,Valid
Tashkent,PM2.5 - Principal,2023-04-10 10:00 AM,2023,04,10,10,15.7,59,Moderate,16.0,UG/M3,1 Hr,Valid
Tashkent,PM2.5 - Principal,2023-04-10 11:00 AM,2023,04,10,11,15.7,59,Moderate,-999.0,UG/M3,1 Hr,Missing
Tashkent,PM2.5 - Principal,2023-04-10 12:00 PM,2023,04,10,12,13.3,54,Moderate,11.0,UG/M3,1 Hr,Valid
Tashkent,PM2.5 - Principal,2023-04-10 01:00 PM,2023,04,10,13,14.5,56,Moderate,16.0,UG/M3,1 Hr,Valid
Tashkent,PM2.5 - Principal,2023-04-10 02:00 PM,2023,04,10,14,15.1,57,Moderate,16.0,UG/M3,1 Hr,Valid
Tashkent,PM2.5 - Principal,2023-04-10 03:00 PM,2023,04,10,15,18.7,65,Moderate,22.0,UG/M3,1 Hr,Valid
Tashkent,PM2.5 - Principal,2023-04-10 04:00 PM,2023,04,10,16,15.8,59,Moderate,13.0,UG/M3,1 Hr,Valid
Tashkent,PM2.5 - Principal,2023-04-10 05:00 PM,2023,04,10,17,11.8,49,Good,8.0,UG/M3,1 Hr,Valid
Tashkent,PM2.5 - Principal,2023-04-10 06:00 PM,2023,04,10,18,11.9,50,Good,12.0,UG/M3,1 Hr,Valid
Tashkent,PM2.5 - Principal,2023-04-10 07:00 PM,2023,04,10,19,13.4,54,Moderate,15.0,UG/M3,1 Hr,Valid
Tashkent,PM2.5 - Principal,2023-04-10 08:00 PM,2023,04,10,20,14.2,55,Moderate,15.0,UG/M3,1 Hr,Valid
Tashkent,PM2.5 - Principal,2023-04-10 09:00 PM,2023,04,10,21,12.6,52,Moderate,11.0,UG/M3,1 Hr,Valid
Tashkent,PM2.5 - Principal,2023-04-10 10:00 PM,2023,04,10,22,17.3,62,Moderate,22.0,UG/M3,1 Hr,Valid
Tashkent,PM2.5 - Principal,2023-04-10 11:00 PM,2023,04,10,23,18.1,64,Moderate,19.0,UG/M3,1 Hr,Valid
Tashkent,PM2.5 - Principal,2023-04-11 12:00 AM,2023,04,11,00,17.5,62,Moderate,17.0,UG/M3,1 Hr,Valid
Tashkent,PM2.5 - Principal,2023-04-11 01:00 AM,2023,04,11,01,13.2,53,Moderate,9.0,UG/M3,1 Hr,Valid
Tashkent,PM2.5 - Principal,2023-04-11 02:00 AM,2023,04,11,02,10.1,42,Good,7.0,UG/M3,1 Hr,Valid
Tashkent,PM2.5 - Principal,2023-04-11 03:00 AM,2023,04,11,03,9.5,40,Good,9.0,UG/M3,1 Hr,Valid
Tashkent,PM2.5 - Principal,2023-04-11 04:00 AM,2023,04,11,04,11.7,49,Good,14.0,UG/M3,1 Hr,Valid
Tashkent,PM2.5 - Principal,2023-04-11 05:00 AM,2023,04,11,05,11.8,49,Good,12.0,UG/M3,1 Hr,Valid
Tashkent,PM2.5 - Principal,2023-04-11 06:00 AM,2023,04,11,06,15.4,58,Moderate,19.0,UG/M3,1 Hr,Valid
Tashkent,PM2.5 - Principal,2023-04-11 07:00 AM,2023,04,11,07,13.7,54,Moderate,12.0,UG/M3,1 Hr,Valid
Tashkent,PM2.5 - Principal,2023-04-11 08:00 AM,2023,04,11,08,10.8,45,Good,8.0,UG/M3,1 Hr,Valid
Tashkent,PM2.5 - Principal,2023-04-11 09:00 AM,2023,04,11,09,13.4,54,Moderate,16.0,UG/M3,1 Hr,Valid
Tashkent,PM2.5 - Principal,2023-04-11 10:00 AM,2023,04,11,10,13.7,54,Moderate,14.0,UG/M3,1 Hr,Valid
Tashkent,PM2.5 - Principal,2023-04-11 11:00 AM,2023,04,11,11,11.3,47,Good,9.0,UG/M3,1 Hr,Valid
Tashkent,PM2.5 - Principal,2023-04-11 12:00 PM,2023,04,11,12,9.6,40,Good,8.0,UG/M3,1 Hr,Valid
Tashkent,PM2.5 - Principal,2023-04-11 01:00 PM,2023,04,11,13,9.3,39,Good,9.0,UG/M3,1 Hr,Valid
Tashkent,PM2.5 - Principal,2023-04-11 02:00 PM,2023,04,11,14,8.1,34,Good,7.0,UG/M3,1 Hr,Valid
Tashkent,PM2.5 - Principal,2023-04-11 03:00 PM,2023,04,11,15,10.0,42,Good,12.0,UG/M3,1 Hr,Valid
Tashkent,PM2.5 - Principal,2023-04-11 04:00 PM,2023,04,11,16,9.5,40,Good,9.0,UG/M3,1 Hr,Valid
Tashkent,PM2.5 - Principal,2023-04-11 05:00 PM,2023,04,11,17,9.2,38,Good,9.0,UG/M3,1 Hr,Valid
Tashkent,PM2.5 - Principal,2023-04-11 06:00 PM,2023,04,11,18,9.6,40,Good,10.0,UG/M3,1 Hr,Valid
Tashkent,PM2.5 - Principal,2023-04-11 07:00 PM,2023,04,11,19,10.3,43,Good,11.0,UG/M3,1 Hr,Valid
Tashkent,PM2.5 - Principal,2023-04-11 08:00 PM,2023,04,11,20,12.1,51,Moderate,14.0,UG/M3,1 Hr,Valid
Tashkent,PM2.5 - Principal,2023-04-11 09:00 PM,2023,04,11,21,16.5,60,Moderate,21.0,UG/M3,1 Hr,Valid
Tashkent,PM2.5 - Principal,2023-04-11 10:00 PM,2023,04,11,22,22.7,73,Moderate,29.0,UG/M3,1 Hr,Valid
Tashkent,PM2.5 - Principal,2023-04-11 11:00 PM,2023,04,11,23,43.9,122,Unhealthy for Sensitive Groups,65.0,UG/M3,1 Hr,Valid
Tashkent,PM2.5 - Principal,2023-04-12 12:00 AM,2023,04,12,00,57.4,152,Unhealthy,71.0,UG/M3,1 Hr,Valid
Tashkent,PM2.5 - Principal,2023-04-12 01:00 AM,2023,04,12,01,61.2,154,Unhealthy,65.0,UG/M3,1 Hr,Valid
Tashkent,PM2.5 - Principal,2023-04-12 02:00 AM,2023,04,12,02,66.6,157,Unhealthy,72.0,UG/M3,1 Hr,Valid
Tashkent,PM2.5 - Principal,2023-04-12 03:00 AM,2023,04,12,03,69.8,158,Unhealthy,73.0,UG/M3,1 Hr,Valid
Tashkent,PM2.5 - Principal,2023-04-12 04:00 AM,2023,04,12,04,69.4,158,Unhealthy,69.0,UG/M3,1 Hr,Valid
Tashkent,PM2.5 - Principal,2023-04-12 05:00 AM,2023,04,12,05,68.2,158,Unhealthy,67.0,UG/M3,1 Hr,Valid
Tashkent,PM2.5 - Principal,2023-04-12 06:00 AM,2023,04,12,06,72.1,160,Unhealthy,76.0,UG/M3,1 Hr,Valid
Tashkent,PM2.5 - Principal,2023-04-12 07:00 AM,2023,04,12,07,60.0,153,Unhealthy,48.0,UG/M3,1 Hr,Valid
Tashkent,PM2.5 - Principal,2023-04-12 08:00 AM,2023,04,12,08,51.5,140,Unhealthy for Sensitive Groups,43.0,UG/M3,1 Hr,Valid
Tashkent,PM2.5 - Principal,2023-04-12 09:00 AM,2023,04,12,09,31.2,91,Moderate,11.0,UG/M3,1 Hr,Valid
Tashkent,PM2.5 - Principal,2023-04-12 10:00 AM,2023,04,12,10,21.1,70,Moderate,11.0,UG/M3,1 Hr,Valid
Tashkent,PM2.5 - Principal,2023-04-12 11:00 AM,2023,04,12,11,21.1,70,Moderate,-999.0,UG/M3,1 Hr,Missing
Tashkent,PM2.5 - Principal,2023-04-12 01:00 PM,2023,04,12,13,-999.0,-999,N/A,7.0,UG/M3,1 Hr,Valid
Tashkent,PM2.5 - Principal,2023-04-12 02:00 PM,2023,04,12,14,11.1,46,Good,12.0,UG/M3,1 Hr,Valid
Tashkent,PM2.5 - Principal,2023-04-12 03:00 PM,2023,04,12,15,14.9,57,Moderate,18.0,UG/M3,1 Hr,Valid
Tashkent,PM2.5 - Principal,2023-04-12 04:00 PM,2023,04,12,16,17.0,61,Moderate,19.0,UG/M3,1 Hr,Valid
Tashkent,PM2.5 - Principal,2023-04-12 05:00 PM,2023,04,12,17,17.0,61,Moderate,17.0,UG/M3,1 Hr,Valid
Tashkent,PM2.5 - Principal,2023-04-12 06:00 PM,2023,04,12,18,17.5,62,Moderate,18.0,UG/M3,1 Hr,Valid
Tashkent,PM2.5 - Principal,2023-04-12 07:00 PM,2023,04,12,19,18.7,65,Moderate,20.0,UG/M3,1 Hr,Valid
Tashkent,PM2.5 - Principal,2023-04-12 08:00 PM,2023,04,12,20,23.3,75,Moderate,28.0,UG/M3,1 Hr,Valid
Tashkent,PM2.5 - Principal,2023-04-12 09:00 PM,2023,04,12,21,25.2,79,Moderate,27.0,UG/M3,1 Hr,Valid
Tashkent,PM2.5 - Principal,2023-04-12 10:00 PM,2023,04,12,22,29.1,87,Moderate,33.0,UG/M3,1 Hr,Valid
Tashkent,PM2.5 - Principal,2023-04-12 11:00 PM,2023,04,12,23,28.0,84,Moderate,27.0,UG/M3,1 Hr,Valid
Tashkent,PM2.5 - Principal,2023-04-13 12:00 AM,2023,04,13,00,20.0,68,Moderate,12.0,UG/M3,1 Hr,Valid
Tashkent,PM2.5 - Principal,2023-04-13 01:00 AM,2023,04,13,01,13.5,54,Moderate,7.0,UG/M3,1 Hr,Valid
Tashkent,PM2.5 - Principal,2023-04-13 02:00 AM,2023,04,13,02,12.7,52,Moderate,12.0,UG/M3,1 Hr,Valid
Tashkent,PM2.5 - Principal,2023-04-13 03:00 AM,2023,04,13,03,10.3,43,Good,8.0,UG/M3,1 Hr,Valid
Tashkent,PM2.5 - Principal,2023-04-13 04:00 AM,2023,04,13,04,8.6,36,Good,7.0,UG/M3,1 Hr,Valid
Tashkent,PM2.5 - Principal,2023-04-13 05:00 AM,2023,04,13,05,9.3,39,Good,10.0,UG/M3,1 Hr,Valid
Tashkent,PM2.5 - Principal,2023-04-13 06:00 AM,2023,04,13,06,9.1,38,Good,9.0,UG/M3,1 Hr,Valid
Tashkent,PM2.5 - Principal,2023-04-13 07:00 AM,2023,04,13,07,7.5,31,Good,6.0,UG/M3,1 Hr,Valid
Tashkent,PM2.5 - Principal,2023-04-13 08:00 AM,2023,04,13,08,6.7,28,Good,6.0,UG/M3,1 Hr,Valid
Tashkent,PM2.5 - Principal,2023-04-13 09:00 AM,2023,04,13,09,7.3,30,Good,8.0,UG/M3,1 Hr,Valid
Tashkent,PM2.5 - Principal,2023-04-13 10:00 AM,2023,04,13,10,7.6,32,Good,8.0,UG/M3,1 Hr,Valid
Tashkent,PM2.5 - Principal,2023-04-13 11:00 AM,2023,04,13,11,9.8,41,Good,12.0,UG/M3,1 Hr,Valid
Tashkent,PM2.5 - Principal,2023-04-13 12:00 PM,2023,04,13,12,9.4,39,Good,9.0,UG/M3,1 Hr,Valid
Tashkent,PM2.5 - Principal,2023-04-13 01:00 PM,2023,04,13,13,10.2,43,Good,11.0,UG/M3,1 Hr,Valid
Tashkent,PM2.5 - Principal,2023-04-13 02:00 PM,2023,04,13,14,10.6,44,Good,11.0,UG/M3,1 Hr,Valid
Tashkent,PM2.5 - Principal,2023-04-13 03:00 PM,2023,04,13,15,10.6,44,Good,-999.0,UG/M3,1 Hr,Missing
Tashkent,PM2.5 - Principal,2023-04-13 05:00 PM,2023,04,13,17,-999.0,-999,N/A,23.0,UG/M3,1 Hr,Valid
Tashkent,PM2.5 - Principal,2023-04-13 06:00 PM,2023,04,13,18,20.8,69,Moderate,21.0,UG/M3,1 Hr,Valid
Tashkent,PM2.5 - Principal,2023-04-13 07:00 PM,2023,04,13,19,28.0,84,Moderate,34.0,UG/M3,1 Hr,Valid
Tashkent,PM2.5 - Principal,2023-04-13 08:00 PM,2023,04,13,20,22.2,72,Moderate,17.0,UG/M3,1 Hr,Valid
Tashkent,PM2.5 - Principal,2023-04-13 09:00 PM,2023,04,13,21,19.0,66,Moderate,16.0,UG/M3,1 Hr,Valid
Tashkent,PM2.5 - Principal,2023-04-13 10:00 PM,2023,04,13,22,15.4,58,Moderate,12.0,UG/M3,1 Hr,Valid
Tashkent,PM2.5 - Principal,2023-04-13 11:00 PM,2023,04,13,23,17.2,62,Moderate,19.0,UG/M3,1 Hr,Valid
Tashkent,PM2.5 - Principal,2023-04-14 12:00 AM,2023,04,14,00,17.1,62,Moderate,17.0,UG/M3,1 Hr,Valid
Tashkent,PM2.5 - Principal,2023-04-14 01:00 AM,2023,04,14,01,17.0,61,Moderate,17.0,UG/M3,1 Hr,Valid
Tashkent,PM2.5 - Principal,2023-04-14 02:00 AM,2023,04,14,02,16.5,60,Moderate,16.0,UG/M3,1 Hr,Valid
Tashkent,PM2.5 - Principal,2023-04-14 03:00 AM,2023,04,14,03,16.7,61,Moderate,17.0,UG/M3,1 Hr,Valid
Tashkent,PM2.5 - Principal,2023-04-14 04:00 AM,2023,04,14,04,14.8,57,Moderate,13.0,UG/M3,1 Hr,Valid
Tashkent,PM2.5 - Principal,2023-04-14 05:00 AM,2023,04,14,05,13.4,54,Moderate,12.0,UG/M3,1 Hr,Valid
Tashkent,PM2.5 - Principal,2023-04-14 06:00 AM,2023,04,14,06,14.7,56,Moderate,16.0,UG/M3,1 Hr,Valid
Tashkent,PM2.5 - Principal,2023-04-14 07:00 AM,2023,04,14,07,14.4,56,Moderate,14.0,UG/M3,1 Hr,Valid
Tashkent,PM2.5 - Principal,2023-04-14 08:00 AM,2023,04,14,08,17.2,62,Moderate,21.0,UG/M3,1 Hr,Valid
Tashkent,PM2.5 - Principal,2023-04-14 09:00 AM,2023,04,14,09,15.8,59,Moderate,14.0,UG/M3,1 Hr,Valid
Tashkent,PM2.5 - Principal,2023-04-14 10:00 AM,2023,04,14,10,17.6,63,Moderate,20.0,UG/M3,1 Hr,Valid
Tashkent,PM2.5 - Principal,2023-04-14 11:00 AM,2023,04,14,11,18.6,65,Moderate,20.0,UG/M3,1 Hr,Valid
Tashkent,PM2.5 - Principal,2023-04-14 12:00 PM,2023,04,14,12,18.7,65,Moderate,19.0,UG/M3,1 Hr,Valid
Tashkent,PM2.5 - Principal,2023-04-14 01:00 PM,2023,04,14,13,19.3,66,Moderate,20.0,UG/M3,1 Hr,Valid
Tashkent,PM2.5 - Principal,2023-04-14 02:00 PM,2023,04,14,14,19.1,66,Moderate,19.0,UG/M3,1 Hr,Valid
Tashkent,PM2.5 - Principal,2023-04-14 03:00 PM,2023,04,14,15,19.5,67,Moderate,20.0,UG/M3,1 Hr,Valid
Tashkent,PM2.5 - Principal,2023-04-14 04:00 PM,2023,04,14,16,22.3,72,Moderate,25.0,UG/M3,1 Hr,Valid
Tashkent,PM2.5 - Principal,2023-04-14 05:00 PM,2023,04,14,17,31.6,92,Moderate,41.0,UG/M3,1 Hr,Valid
Tashkent,PM2.5 - Principal,2023-04-14 06:00 PM,2023,04,14,18,41.3,115,Unhealthy for Sensitive Groups,51.0,UG/M3,1 Hr,Valid
Tashkent,PM2.5 - Principal,2023-04-14 07:00 PM,2023,04,14,19,37.1,105,Unhealthy for Sensitive Groups,33.0,UG/M3,1 Hr,Valid
Tashkent,PM2.5 - Principal,2023-04-14 08:00 PM,2023,04,14,20,39.5,111,Unhealthy for Sensitive Groups,42.0,UG/M3,1 Hr,Valid
Tashkent,PM2.5 - Principal,2023-04-14 09:00 PM,2023,04,14,21,36.2,103,Unhealthy for Sensitive Groups,33.0,UG/M3,1 Hr,Valid
Tashkent,PM2.5 - Principal,2023-04-14 10:00 PM,2023,04,14,22,40.1,112,Unhealthy for Sensitive Groups,44.0,UG/M3,1 Hr,Valid
Tashkent,PM2.5 - Principal,2023-04-14 11:00 PM,2023,04,14,23,39.5,111,Unhealthy for Sensitive Groups,39.0,UG/M3,1 Hr,Valid
Tashkent,PM2.5 - Principal,2023-04-15 12:00 AM,2023,04,15,00,38.7,109,Unhealthy for Sensitive Groups,38.0,UG/M3,1 Hr,Valid
Tashkent,PM2.5 - Principal,2023-04-15 01:00 AM,2023,04,15,01,36.3,103,Unhealthy for Sensitive Groups,34.0,UG/M3,1 Hr,Valid
Tashkent,PM2.5 - Principal,2023-04-15 02:00 AM,2023,04,15,02,22.6,73,Moderate,9.0,UG/M3,1 Hr,Valid
Tashkent,PM2.5 - Principal,2023-04-15 03:00 AM,2023,04,15,03,29.3,87,Moderate,36.0,UG/M3,1 Hr,Valid
Tashkent,PM2.5 - Principal,2023-04-15 04:00 AM,2023,04,15,04,24.1,76,Moderate,19.0,UG/M3,1 Hr,Valid
Tashkent,PM2.5 - Principal,2023-04-15 05:00 AM,2023,04,15,05,19.0,66,Moderate,14.0,UG/M3,1 Hr,Valid
Tashkent,PM2.5 - Principal,2023-04-15 06:00 AM,2023,04,15,06,15.0,57,Moderate,11.0,UG/M3,1 Hr,Valid
Tashkent,PM2.5 - Principal,2023-04-15 07:00 AM,2023,04,15,07,13.0,53,Moderate,11.0,UG/M3,1 Hr,Valid
Tashkent,PM2.5 - Principal,2023-04-15 08:00 AM,2023,04,15,08,12.0,50,Good,11.0,UG/M3,1 Hr,Valid
Tashkent,PM2.5 - Principal,2023-04-15 09:00 AM,2023,04,15,09,9.4,39,Good,7.0,UG/M3,1 Hr,Valid
Tashkent,PM2.5 - Principal,2023-04-15 10:00 AM,2023,04,15,10,8.7,36,Good,8.0,UG/M3,1 Hr,Valid
Tashkent,PM2.5 - Principal,2023-04-15 11:00 AM,2023,04,15,11,9.3,39,Good,10.0,UG/M3,1 Hr,Valid
Tashkent,PM2.5 - Principal,2023-04-15 12:00 PM,2023,04,15,12,10.6,44,Good,12.0,UG/M3,1 Hr,Valid
Tashkent,PM2.5 - Principal,2023-04-15 01:00 PM,2023,04,15,13,10.3,43,Good,10.0,UG/M3,1 Hr,Valid
Tashkent,PM2.5 - Principal,2023-04-15 02:00 PM,2023,04,15,14,10.6,44,Good,11.0,UG/M3,1 Hr,Valid
Tashkent,PM2.5 - Principal,2023-04-15 03:00 PM,2023,04,15,15,12.3,51,Moderate,14.0,UG/M3,1 Hr,Valid
Tashkent,PM2.5 - Principal,2023-04-15 04:00 PM,2023,04,15,16,12.6,52,Moderate,13.0,UG/M3,1 Hr,Valid
Tashkent,PM2.5 - Principal,2023-04-15 05:00 PM,2023,04,15,17,11.3,47,Good,10.0,UG/M3,1 Hr,Valid
Tashkent,PM2.5 - Principal,2023-04-15 06:00 PM,2023,04,15,18,11.6,48,Good,12.0,UG/M3,1 Hr,Valid
Tashkent,PM2.5 - Principal,2023-04-15 07:00 PM,2023,04,15,19,16.8,61,Moderate,22.0,UG/M3,1 Hr,Valid
Tashkent,PM2.5 - Principal,2023-04-15 08:00 PM,2023,04,15,20,18.9,65,Moderate,21.0,UG/M3,1 Hr,Valid
Tashkent,PM2.5 - Principal,2023-04-15 09:00 PM,2023,04,15,21,20.4,68,Moderate,22.0,UG/M3,1 Hr,Valid
Tashkent,PM2.5 - Principal,2023-04-15 10:00 PM,2023,04,15,22,18.7,65,Moderate,17.0,UG/M3,1 Hr,Valid
Tashkent,PM2.5 - Principal,2023-04-15 11:00 PM,2023,04,15,23,20.8,69,Moderate,23.0,UG/M3,1 Hr,Valid
Tashkent,PM2.5 - Principal,2023-04-16 12:00 AM,2023,04,16,00,18.9,65,Moderate,17.0,UG/M3,1 Hr,Valid
Tashkent,PM2.5 - Principal,2023-04-16 01:00 AM,2023,04,16,01,17.9,63,Moderate,17.0,UG/M3,1 Hr,Valid
Tashkent,PM2.5 - Principal,2023-04-16 02:00 AM,2023,04,16,02,16.9,61,Moderate,16.0,UG/M3,1 Hr,Valid
Tashkent,PM2.5 - Principal,2023-04-16 03:00 AM,2023,04,16,03,20.4,68,Moderate,24.0,UG/M3,1 Hr,Valid
Tashkent,PM2.5 - Principal,2023-04-16 04:00 AM,2023,04,16,04,23.7,75,Moderate,27.0,UG/M3,1 Hr,Valid
Tashkent,PM2.5 - Principal,2023-04-16 05:00 AM,2023,04,16,05,24.3,77,Moderate,25.0,UG/M3,1 Hr,Valid
Tashkent,PM2.5 - Principal,2023-04-16 06:00 AM,2023,04,16,06,23.8,76,Moderate,24.0,UG/M3,1 Hr,Valid
Tashkent,PM2.5 - Principal,2023-04-16 07:00 AM,2023,04,16,07,25.1,78,Moderate,27.0,UG/M3,1 Hr,Valid
Tashkent,PM2.5 - Principal,2023-04-16 08:00 AM,2023,04,16,08,25.4,79,Moderate,26.0,UG/M3,1 Hr,Valid
Tashkent,PM2.5 - Principal,2023-04-16 09:00 AM,2023,04,16,09,27.7,84,Moderate,30.0,UG/M3,1 Hr,Valid
Tashkent,PM2.5 - Principal,2023-04-16 10:00 AM,2023,04,16,10,26.4,81,Moderate,25.0,UG/M3,1 Hr,Valid
Tashkent,PM2.5 - Principal,2023-04-16 11:00 AM,2023,04,16,11,19.2,66,Moderate,12.0,UG/M3,1 Hr,Valid
Tashkent,PM2.5 - Principal,2023-04-16 12:00 PM,2023,04,16,12,14.1,55,Moderate,9.0,UG/M3,1 Hr,Valid
Tashkent,PM2.5 - Principal,2023-04-16 01:00 PM,2023,04,16,13,11.0,46,Good,8.0,UG/M3,1 Hr,Valid
Tashkent,PM2.5 - Principal,2023-04-16 02:00 PM,2023,04,16,14,10.0,42,Good,9.0,UG/M3,1 Hr,Valid
Tashkent,PM2.5 - Principal,2023-04-16 03:00 PM,2023,04,16,15,9.0,38,Good,8.0,UG/M3,1 Hr,Valid
Tashkent,PM2.5 - Principal,2023-04-16 04:00 PM,2023,04,16,16,12.5,52,Moderate,16.0,UG/M3,1 Hr,Valid
Tashkent,PM2.5 - Principal,2023-04-16 05:00 PM,2023,04,16,17,17.2,62,Moderate,22.0,UG/M3,1 Hr,Valid
Tashkent,PM2.5 - Principal,2023-04-16 06:00 PM,2023,04,16,18,22.1,72,Moderate,27.0,UG/M3,1 Hr,Valid
Tashkent,PM2.5 - Principal,2023-04-16 07:00 PM,2023,04,16,19,27.5,83,Moderate,33.0,UG/M3,1 Hr,Valid
Tashkent,PM2.5 - Principal,2023-04-16 08:00 PM,2023,04,16,20,28.7,86,Moderate,30.0,UG/M3,1 Hr,Valid
Tashkent,PM2.5 - Principal,2023-04-16 09:00 PM,2023,04,16,21,23.8,76,Moderate,19.0,UG/M3,1 Hr,Valid
Tashkent,PM2.5 - Principal,2023-04-16 10:00 PM,2023,04,16,22,23.9,76,Moderate,24.0,UG/M3,1 Hr,Valid
Tashkent,PM2.5 - Principal,2023-04-16 11:00 PM,2023,04,16,23,18.9,65,Moderate,14.0,UG/M3,1 Hr,Valid
Tashkent,PM2.5 - Principal,2023-04-17 12:00 AM,2023,04,17,00,16.4,60,Moderate,14.0,UG/M3,1 Hr,Valid
Tashkent,PM2.5 - Principal,2023-04-17 01:00 AM,2023,04,17,01,17.7,63,Moderate,19.0,UG/M3,1 Hr,Valid
Tashkent,PM2.5 - Principal,2023-04-17 02:00 AM,2023,04,17,02,18.8,65,Moderate,20.0,UG/M3,1 Hr,Valid
Tashkent,PM2.5 - Principal,2023-04-17 03:00 AM,2023,04,17,03,19.9,67,Moderate,21.0,UG/M3,1 Hr,Valid
Tashkent,PM2.5 - Principal,2023-04-17 04:00 AM,2023,04,17,04,18.4,64,Moderate,17.0,UG/M3,1 Hr,Valid
Tashkent,PM2.5 - Principal,2023-04-17 05:00 AM,2023,04,17,05,13.2,53,Moderate,8.0,UG/M3,1 Hr,Valid
Tashkent,PM2.5 - Principal,2023-04-17 06:00 AM,2023,04,17,06,9.6,40,Good,6.0,UG/M3,1 Hr,Valid
Tashkent,PM2.5 - Principal,2023-04-17 07:00 AM,2023,04,17,07,8.3,35,Good,7.0,UG/M3,1 Hr,Valid
Tashkent,PM2.5 - Principal,2023-04-17 08:00 AM,2023,04,17,08,6.6,28,Good,5.0,UG/M3,1 Hr,Valid
Tashkent,PM2.5 - Principal,2023-04-17 09:00 AM,2023,04,17,09,10.8,45,Good,15.0,UG/M3,1 Hr,Valid
Tashkent,PM2.5 - Principal,2023-04-17 10:00 AM,2023,04,17,10,10.4,43,Good,10.0,UG/M3,1 Hr,Valid
Tashkent,PM2.5 - Principal,2023-04-17 11:00 AM,2023,04,17,11,11.7,49,Good,13.0,UG/M3,1 Hr,Valid
Tashkent,PM2.5 - Principal,2023-04-17 12:00 PM,2023,04,17,12,14.3,56,Moderate,17.0,UG/M3,1 Hr,Valid
Tashkent,PM2.5 - Principal,2023-04-17 01:00 PM,2023,04,17,13,14.1,55,Moderate,14.0,UG/M3,1 Hr,Valid
Tashkent,PM2.5 - Principal,2023-04-17 02:00 PM,2023,04,17,14,14.5,56,Moderate,15.0,UG/M3,1 Hr,Valid
Tashkent,PM2.5 - Principal,2023-04-17 03:00 PM,2023,04,17,15,14.7,56,Moderate,15.0,UG/M3,1 Hr,Valid
Tashkent,PM2.5 - Principal,2023-04-17 04:00 PM,2023,04,17,16,13.3,54,Moderate,12.0,UG/M3,1 Hr,Valid
Tashkent,PM2.5 - Principal,2023-04-17 05:00 PM,2023,04,17,17,13.6,54,Moderate,14.0,UG/M3,1 Hr,Valid
Tashkent,PM2.5 - Principal,2023-04-17 06:00 PM,2023,04,17,18,11.8,49,Good,10.0,UG/M3,1 Hr,Valid
Tashkent,PM2.5 - Principal,2023-04-17 07:00 PM,2023,04,17,19,11.4,48,Good,11.0,UG/M3,1 Hr,Valid
Tashkent,PM2.5 - Principal,2023-04-17 08:00 PM,2023,04,17,20,11.4,48,Good,11.0,UG/M3,1 Hr,Valid
Tashkent,PM2.5 - Principal,2023-04-17 09:00 PM,2023,04,17,21,12.4,52,Moderate,14.0,UG/M3,1 Hr,Valid
Tashkent,PM2.5 - Principal,2023-04-17 10:00 PM,2023,04,17,22,15.6,58,Moderate,19.0,UG/M3,1 Hr,Valid
Tashkent,PM2.5 - Principal,2023-04-17 11:00 PM,2023,04,17,23,20.9,70,Moderate,26.0,UG/M3,1 Hr,Valid
Tashkent,PM2.5 - Principal,2023-04-18 12:00 AM,2023,04,18,00,18.9,65,Moderate,17.0,UG/M3,1 Hr,Valid
Tashkent,PM2.5 - Principal,2023-04-18 01:00 AM,2023,04,18,01,14.9,57,Moderate,11.0,UG/M3,1 Hr,Valid
Tashkent,PM2.5 - Principal,2023-04-18 02:00 AM,2023,04,18,02,11.9,50,Good,9.0,UG/M3,1 Hr,Valid
Tashkent,PM2.5 - Principal,2023-04-18 03:00 AM,2023,04,18,03,15.4,58,Moderate,19.0,UG/M3,1 Hr,Valid
Tashkent,PM2.5 - Principal,2023-04-18 04:00 AM,2023,04,18,04,18.7,65,Moderate,22.0,UG/M3,1 Hr,Valid
Tashkent,PM2.5 - Principal,2023-04-18 05:00 AM,2023,04,18,05,22.8,74,Moderate,27.0,UG/M3,1 Hr,Valid
Tashkent,PM2.5 - Principal,2023-04-18 06:00 AM,2023,04,18,06,23.9,76,Moderate,25.0,UG/M3,1 Hr,Valid
Tashkent,PM2.5 - Principal,2023-04-18 07:00 AM,2023,04,18,07,34.4,98,Moderate,45.0,UG/M3,1 Hr,Valid
Tashkent,PM2.5 - Principal,2023-04-18 08:00 AM,2023,04,18,08,46.7,129,Unhealthy for Sensitive Groups,59.0,UG/M3,1 Hr,Valid
Tashkent,PM2.5 - Principal,2023-04-18 09:00 AM,2023,04,18,09,44.3,123,Unhealthy for Sensitive Groups,42.0,UG/M3,1 Hr,Valid
Tashkent,PM2.5 - Principal,2023-04-18 10:00 AM,2023,04,18,10,38.6,109,Unhealthy for Sensitive Groups,33.0,UG/M3,1 Hr,Valid
Tashkent,PM2.5 - Principal,2023-04-18 11:00 AM,2023,04,18,11,26.8,82,Moderate,15.0,UG/M3,1 Hr,Valid
Tashkent,PM2.5 - Principal,2023-04-18 12:00 PM,2023,04,18,12,18.4,64,Moderate,10.0,UG/M3,1 Hr,Valid
Tashkent,PM2.5 - Principal,2023-04-18 01:00 PM,2023,04,18,13,12.7,52,Moderate,7.0,UG/M3,1 Hr,Valid
Tashkent,PM2.5 - Principal,2023-04-18 02:00 PM,2023,04,18,14,9.8,41,Good,7.0,UG/M3,1 Hr,Valid
Tashkent,PM2.5 - Principal,2023-04-18 03:00 PM,2023,04,18,15,7.9,33,Good,6.0,UG/M3,1 Hr,Valid
Tashkent,PM2.5 - Principal,2023-04-18 04:00 PM,2023,04,18,16,7.4,31,Good,7.0,UG/M3,1 Hr,Valid
Tashkent,PM2.5 - Principal,2023-04-18 05:00 PM,2023,04,18,17,6.7,28,Good,6.0,UG/M3,1 Hr,Valid
Tashkent,PM2.5 - Principal,2023-04-18 06:00 PM,2023,04,18,18,8.3,35,Good,10.0,UG/M3,1 Hr,Valid
Tashkent,PM2.5 - Principal,2023-04-18 07:00 PM,2023,04,18,19,7.1,30,Good,6.0,UG/M3,1 Hr,Valid
Tashkent,PM2.5 - Principal,2023-04-18 08:00 PM,2023,04,18,20,11.5,48,Good,16.0,UG/M3,1 Hr,Valid
Tashkent,PM2.5 - Principal,2023-04-18 09:00 PM,2023,04,18,21,17.7,63,Moderate,24.0,UG/M3,1 Hr,Valid
Tashkent,PM2.5 - Principal,2023-04-18 10:00 PM,2023,04,18,22,14.3,56,Moderate,11.0,UG/M3,1 Hr,Valid
Tashkent,PM2.5 - Principal,2023-04-18 11:00 PM,2023,04,18,23,12.6,52,Moderate,11.0,UG/M3,1 Hr,Valid
Tashkent,PM2.5 - Principal,2023-04-19 12:00 AM,2023,04,19,00,18.3,64,Moderate,24.0,UG/M3,1 Hr,Valid
Tashkent,PM2.5 - Principal,2023-04-19 01:00 AM,2023,04,19,01,22.6,73,Moderate,27.0,UG/M3,1 Hr,Valid
Tashkent,PM2.5 - Principal,2023-04-19 02:00 AM,2023,04,19,02,16.3,60,Moderate,10.0,UG/M3,1 Hr,Valid
Tashkent,PM2.5 - Principal,2023-04-19 03:00 AM,2023,04,19,03,18.6,65,Moderate,21.0,UG/M3,1 Hr,Valid
Tashkent,PM2.5 - Principal,2023-04-19 04:00 AM,2023,04,19,04,17.3,62,Moderate,16.0,UG/M3,1 Hr,Valid
Tashkent,PM2.5 - Principal,2023-04-19 05:00 AM,2023,04,19,05,17.1,62,Moderate,17.0,UG/M3,1 Hr,Valid
Tashkent,PM2.5 - Principal,2023-04-19 06:00 AM,2023,04,19,06,27.5,83,Moderate,38.0,UG/M3,1 Hr,Valid
Tashkent,PM2.5 - Principal,2023-04-19 07:00 AM,2023,04,19,07,34.7,99,Moderate,42.0,UG/M3,1 Hr,Valid
Tashkent,PM2.5 - Principal,2023-04-19 08:00 AM,2023,04,19,08,35.9,102,Unhealthy for Sensitive Groups,37.0,UG/M3,1 Hr,Valid
Tashkent,PM2.5 - Principal,2023-04-19 09:00 AM,2023,04,19,09,31.9,93,Moderate,28.0,UG/M3,1 Hr,Valid
Tashkent,PM2.5 - Principal,2023-04-19 10:00 AM,2023,04,19,10,24.4,77,Moderate,17.0,UG/M3,1 Hr,Valid
Tashkent,PM2.5 - Principal,2023-04-19 11:00 AM,2023,04,19,11,20.2,68,Moderate,16.0,UG/M3,1 Hr,Valid
Tashkent,PM2.5 - Principal,2023-04-19 12:00 PM,2023,04,19,12,18.1,64,Moderate,16.0,UG/M3,1 Hr,Valid
Tashkent,PM2.5 - Principal,2023-04-19 01:00 PM,2023,04,19,13,16.0,59,Moderate,14.0,UG/M3,1 Hr,Valid
Tashkent,PM2.5 - Principal,2023-04-19 02:00 PM,2023,04,19,14,14.5,56,Moderate,13.0,UG/M3,1 Hr,Valid
Tashkent,PM2.5 - Principal,2023-04-19 03:00 PM,2023,04,19,15,12.2,51,Moderate,10.0,UG/M3,1 Hr,Valid
Tashkent,PM2.5 - Principal,2023-04-19 04:00 PM,2023,04,19,16,9.6,40,Good,7.0,UG/M3,1 Hr,Valid
Tashkent,PM2.5 - Principal,2023-04-19 05:00 PM,2023,04,19,17,8.3,35,Good,7.0,UG/M3,1 Hr,Valid
Tashkent,PM2.5 - Principal,2023-04-19 06:00 PM,2023,04,19,18,8.1,34,Good,8.0,UG/M3,1 Hr,Valid
Tashkent,PM2.5 - Principal,2023-04-19 07:00 PM,2023,04,19,19,8.0,33,Good,8.0,UG/M3,1 Hr,Valid
Tashkent,PM2.5 - Principal,2023-04-19 08:00 PM,2023,04,19,20,10.0,42,Good,12.0,UG/M3,1 Hr,Valid
Tashkent,PM2.5 - Principal,2023-04-19 09:00 PM,2023,04,19,21,12.0,50,Good,14.0,UG/M3,1 Hr,Valid
Tashkent,PM2.5 - Principal,2023-04-19 10:00 PM,2023,04,19,22,13.0,53,Moderate,14.0,UG/M3,1 Hr,Valid
Tashkent,PM2.5 - Principal,2023-04-19 11:00 PM,2023,04,19,23,19.5,67,Moderate,26.0,UG/M3,1 Hr,Valid
Tashkent,PM2.5 - Principal,2023-04-20 12:00 AM,2023,04,20,00,27.2,83,Moderate,35.0,UG/M3,1 Hr,Valid
Tashkent,PM2.5 - Principal,2023-04-20 01:00 AM,2023,04,20,01,30.1,89,Moderate,33.0,UG/M3,1 Hr,Valid
Tashkent,PM2.5 - Principal,2023-04-20 02:00 AM,2023,04,20,02,28.5,85,Moderate,27.0,UG/M3,1 Hr,Valid
Tashkent,PM2.5 - Principal,2023-04-20 03:00 AM,2023,04,20,03,31.2,91,Moderate,34.0,UG/M3,1 Hr,Valid
Tashkent,PM2.5 - Principal,2023-04-20 04:00 AM,2023,04,20,04,39.6,111,Unhealthy for Sensitive Groups,48.0,UG/M3,1 Hr,Valid
Tashkent,PM2.5 - Principal,2023-04-20 05:00 AM,2023,04,20,05,41.3,115,Unhealthy for Sensitive Groups,43.0,UG/M3,1 Hr,Valid
Tashkent,PM2.5 - Principal,2023-04-20 06:00 AM,2023,04,20,06,34.6,98,Moderate,28.0,UG/M3,1 Hr,Valid
Tashkent,PM2.5 - Principal,2023-04-20 07:00 AM,2023,04,20,07,34.8,99,Moderate,35.0,UG/M3,1 Hr,Valid
Tashkent,PM2.5 - Principal,2023-04-20 08:00 AM,2023,04,20,08,30.9,91,Moderate,27.0,UG/M3,1 Hr,Valid
Tashkent,PM2.5 - Principal,2023-04-20 09:00 AM,2023,04,20,09,31.4,92,Moderate,32.0,UG/M3,1 Hr,Valid
Tashkent,PM2.5 - Principal,2023-04-20 10:00 AM,2023,04,20,10,26.7,82,Moderate,22.0,UG/M3,1 Hr,Valid
Tashkent,PM2.5 - Principal,2023-04-20 11:00 AM,2023,04,20,11,19.8,67,Moderate,13.0,UG/M3,1 Hr,Valid
Tashkent,PM2.5 - Principal,2023-04-20 12:00 PM,2023,04,20,12,18.9,65,Moderate,18.0,UG/M3,1 Hr,Valid
Tashkent,PM2.5 - Principal,2023-04-20 01:00 PM,2023,04,20,13,17.9,63,Moderate,17.0,UG/M3,1 Hr,Valid
Tashkent,PM2.5 - Principal,2023-04-20 02:00 PM,2023,04,20,14,17.4,62,Moderate,17.0,UG/M3,1 Hr,Valid
Tashkent,PM2.5 - Principal,2023-04-20 03:00 PM,2023,04,20,15,15.7,59,Moderate,14.0,UG/M3,1 Hr,Valid
Tashkent,PM2.5 - Principal,2023-04-20 04:00 PM,2023,04,20,16,14.3,56,Moderate,13.0,UG/M3,1 Hr,Valid
Tashkent,PM2.5 - Principal,2023-04-20 05:00 PM,2023,04,20,17,13.1,53,Moderate,12.0,UG/M3,1 Hr,Valid
Tashkent,PM2.5 - Principal,2023-04-20 06:00 PM,2023,04,20,18,11.0,46,Good,9.0,UG/M3,1 Hr,Valid
Tashkent,PM2.5 - Principal,2023-04-20 07:00 PM,2023,04,20,19,11.5,48,Good,12.0,UG/M3,1 Hr,Valid
Tashkent,PM2.5 - Principal,2023-04-20 08:00 PM,2023,04,20,20,17.2,62,Moderate,23.0,UG/M3,1 Hr,Valid
Tashkent,PM2.5 - Principal,2023-04-20 09:00 PM,2023,04,20,21,26.1,80,Moderate,35.0,UG/M3,1 Hr,Valid
Tashkent,PM2.5 - Principal,2023-04-20 10:00 PM,2023,04,20,22,30.0,89,Moderate,34.0,UG/M3,1 Hr,Valid
Tashkent,PM2.5 - Principal,2023-04-20 11:00 PM,2023,04,20,23,28.5,85,Moderate,27.0,UG/M3,1 Hr,Valid
Tashkent,PM2.5 - Principal,2023-04-21 12:00 AM,2023,04,21,00,29.7,88,Moderate,31.0,UG/M3,1 Hr,Valid
Tashkent,PM2.5 - Principal,2023-04-21 01:00 AM,2023,04,21,01,36.8,104,Unhealthy for Sensitive Groups,44.0,UG/M3,1 Hr,Valid
Tashkent,PM2.5 - Principal,2023-04-21 02:00 AM,2023,04,21,02,31.4,92,Moderate,26.0,UG/M3,1 Hr,Valid
Tashkent,PM2.5 - Principal,2023-04-21 03:00 AM,2023,04,21,03,37.2,105,Unhealthy for Sensitive Groups,43.0,UG/M3,1 Hr,Valid
Tashkent,PM2.5 - Principal,2023-04-21 04:00 AM,2023,04,21,04,38.1,107,Unhealthy for Sensitive Groups,39.0,UG/M3,1 Hr,Valid
Tashkent,PM2.5 - Principal,2023-04-21 05:00 AM,2023,04,21,05,36.5,103,Unhealthy for Sensitive Groups,35.0,UG/M3,1 Hr,Valid
Tashkent,PM2.5 - Principal,2023-04-21 06:00 AM,2023,04,21,06,34.7,99,Moderate,33.0,UG/M3,1 Hr,Valid
Tashkent,PM2.5 - Principal,2023-04-21 07:00 AM,2023,04,21,07,39.8,112,Unhealthy for Sensitive Groups,45.0,UG/M3,1 Hr,Valid
Tashkent,PM2.5 - Principal,2023-04-21 08:00 AM,2023,04,21,08,37.8,107,Unhealthy for Sensitive Groups,36.0,UG/M3,1 Hr,Valid
Tashkent,PM2.5 - Principal,2023-04-21 09:00 AM,2023,04,21,09,34.1,97,Moderate,29.0,UG/M3,1 Hr,Valid
Tashkent,PM2.5 - Principal,2023-04-21 10:00 AM,2023,04,21,10,28.4,85,Moderate,23.0,UG/M3,1 Hr,Valid
Tashkent,PM2.5 - Principal,2023-04-21 11:00 AM,2023,04,21,11,26.7,82,Moderate,25.0,UG/M3,1 Hr,Valid
Tashkent,PM2.5 - Principal,2023-04-21 12:00 PM,2023,04,21,12,23.3,75,Moderate,20.0,UG/M3,1 Hr,Valid
Tashkent,PM2.5 - Principal,2023-04-21 01:00 PM,2023,04,21,13,21.1,70,Moderate,19.0,UG/M3,1 Hr,Valid
Tashkent,PM2.5 - Principal,2023-04-21 02:00 PM,2023,04,21,14,19.5,67,Moderate,18.0,UG/M3,1 Hr,Valid
Tashkent,PM2.5 - Principal,2023-04-21 03:00 PM,2023,04,21,15,19.7,67,Moderate,20.0,UG/M3,1 Hr,Valid
Tashkent,PM2.5 - Principal,2023-04-21 04:00 PM,2023,04,21,16,18.3,64,Moderate,17.0,UG/M3,1 Hr,Valid
Tashkent,PM2.5 - Principal,2023-04-21 05:00 PM,2023,04,21,17,17.6,63,Moderate,17.0,UG/M3,1 Hr,Valid
Tashkent,PM2.5 - Principal,2023-04-21 06:00 PM,2023,04,21,18,18.3,64,Moderate,19.0,UG/M3,1 Hr,Valid
Tashkent,PM2.5 - Principal,2023-04-21 07:00 PM,2023,04,21,19,18.1,64,Moderate,18.0,UG/M3,1 Hr,Valid
Tashkent,PM2.5 - Principal,2023-04-21 08:00 PM,2023,04,21,20,20.2,68,Moderate,23.0,UG/M3,1 Hr,Valid
Tashkent,PM2.5 - Principal,2023-04-21 09:00 PM,2023,04,21,21,40.2,113,Unhealthy for Sensitive Groups,60.0,UG/M3,1 Hr,Valid
Tashkent,PM2.5 - Principal,2023-04-21 10:00 PM,2023,04,21,22,51.1,139,Unhealthy for Sensitive Groups,62.0,UG/M3,1 Hr,Valid
Tashkent,PM2.5 - Principal,2023-04-21 11:00 PM,2023,04,21,23,56.0,151,Unhealthy,61.0,UG/M3,1 Hr,Valid
Tashkent,PM2.5 - Principal,2023-04-22 12:00 AM,2023,04,22,00,51.5,140,Unhealthy for Sensitive Groups,47.0,UG/M3,1 Hr,Valid
Tashkent,PM2.5 - Principal,2023-04-22 01:00 AM,2023,04,22,01,53.7,146,Unhealthy for Sensitive Groups,56.0,UG/M3,1 Hr,Valid
Tashkent,PM2.5 - Principal,2023-04-22 02:00 AM,2023,04,22,02,54.8,149,Unhealthy for Sensitive Groups,56.0,UG/M3,1 Hr,Valid
Tashkent,PM2.5 - Principal,2023-04-22 03:00 AM,2023,04,22,03,49.9,136,Unhealthy for Sensitive Groups,45.0,UG/M3,1 Hr,Valid
Tashkent,PM2.5 - Principal,2023-04-22 04:00 AM,2023,04,22,04,50.4,138,Unhealthy for Sensitive Groups,51.0,UG/M3,1 Hr,Valid
Tashkent,PM2.5 - Principal,2023-04-22 05:00 AM,2023,04,22,05,44.2,122,Unhealthy for Sensitive Groups,38.0,UG/M3,1 Hr,Valid
Tashkent,PM2.5 - Principal,2023-04-22 06:00 AM,2023,04,22,06,41.6,116,Unhealthy for Sensitive Groups,39.0,UG/M3,1 Hr,Valid
Tashkent,PM2.5 - Principal,2023-04-22 07:00 AM,2023,04,22,07,54.8,149,Unhealthy for Sensitive Groups,68.0,UG/M3,1 Hr,Valid
Tashkent,PM2.5 - Principal,2023-04-22 08:00 AM,2023,04,22,08,41.4,116,Unhealthy for Sensitive Groups,28.0,UG/M3,1 Hr,Valid
Tashkent,PM2.5 - Principal,2023-04-22 09:00 AM,2023,04,22,09,29.6,88,Moderate,18.0,UG/M3,1 Hr,Valid
Tashkent,PM2.5 - Principal,2023-04-22 10:00 AM,2023,04,22,10,24.8,78,Moderate,20.0,UG/M3,1 Hr,Valid
Tashkent,PM2.5 - Principal,2023-04-22 11:00 AM,2023,04,22,11,23.4,75,Moderate,22.0,UG/M3,1 Hr,Valid
Tashkent,PM2.5 - Principal,2023-04-22 12:00 PM,2023,04,22,12,22.2,72,Moderate,21.0,UG/M3,1 Hr,Valid
Tashkent,PM2.5 - Principal,2023-04-22 01:00 PM,2023,04,22,13,22.5,73,Moderate,23.0,UG/M3,1 Hr,Valid
Tashkent,PM2.5 - Principal,2023-04-22 02:00 PM,2023,04,22,14,23.2,74,Moderate,24.0,UG/M3,1 Hr,Valid
Tashkent,PM2.5 - Principal,2023-04-22 03:00 PM,2023,04,22,15,22.6,73,Moderate,22.0,UG/M3,1 Hr,Valid
Tashkent,PM2.5 - Principal,2023-04-22 04:00 PM,2023,04,22,16,20.8,69,Moderate,19.0,UG/M3,1 Hr,Valid
Tashkent,PM2.5 - Principal,2023-04-22 05:00 PM,2023,04,22,17,18.4,64,Moderate,16.0,UG/M3,1 Hr,Valid
Tashkent,PM2.5 - Principal,2023-04-22 06:00 PM,2023,04,22,18,14.6,56,Moderate,11.0,UG/M3,1 Hr,Valid
Tashkent,PM2.5 - Principal,2023-04-22 07:00 PM,2023,04,22,19,13.8,55,Moderate,13.0,UG/M3,1 Hr,Valid
Tashkent,PM2.5 - Principal,2023-04-22 08:00 PM,2023,04,22,20,19.9,67,Moderate,26.0,UG/M3,1 Hr,Valid
Tashkent,PM2.5 - Principal,2023-04-22 09:00 PM,2023,04,22,21,28.9,86,Moderate,38.0,UG/M3,1 Hr,Valid
Tashkent,PM2.5 - Principal,2023-04-22 10:00 PM,2023,04,22,22,39.9,112,Unhealthy for Sensitive Groups,51.0,UG/M3,1 Hr,Valid
Tashkent,PM2.5 - Principal,2023-04-22 11:00 PM,2023,04,22,23,43.4,120,Unhealthy for Sensitive Groups,47.0,UG/M3,1 Hr,Valid
Tashkent,PM2.5 - Principal,2023-04-23 12:00 AM,2023,04,23,00,45.7,126,Unhealthy for Sensitive Groups,48.0,UG/M3,1 Hr,Valid
Tashkent,PM2.5 - Principal,2023-04-23 01:00 AM,2023,04,23,01,36.8,104,Unhealthy for Sensitive Groups,28.0,UG/M3,1 Hr,Valid
Tashkent,PM2.5 - Principal,2023-04-23 02:00 AM,2023,04,23,02,30.4,89,Moderate,24.0,UG/M3,1 Hr,Valid
Tashkent,PM2.5 - Principal,2023-04-23 03:00 AM,2023,04,23,03,24.7,77,Moderate,19.0,UG/M3,1 Hr,Valid
Tashkent,PM2.5 - Principal,2023-04-23 04:00 AM,2023,04,23,04,19.8,67,Moderate,15.0,UG/M3,1 Hr,Valid
Tashkent,PM2.5 - Principal,2023-04-23 05:00 AM,2023,04,23,05,24.4,77,Moderate,29.0,UG/M3,1 Hr,Valid
Tashkent,PM2.5 - Principal,2023-04-23 06:00 AM,2023,04,23,06,32.7,94,Moderate,41.0,UG/M3,1 Hr,Valid
Tashkent,PM2.5 - Principal,2023-04-23 07:00 AM,2023,04,23,07,26.8,82,Moderate,21.0,UG/M3,1 Hr,Valid
Tashkent,PM2.5 - Principal,2023-04-23 08:00 AM,2023,04,23,08,16.4,60,Moderate,6.0,UG/M3,1 Hr,Valid
Tashkent,PM2.5 - Principal,2023-04-23 09:00 AM,2023,04,23,09,12.7,52,Moderate,9.0,UG/M3,1 Hr,Valid
Tashkent,PM2.5 - Principal,2023-04-23 10:00 AM,2023,04,23,10,9.8,41,Good,7.0,UG/M3,1 Hr,Valid
Tashkent,PM2.5 - Principal,2023-04-23 11:00 AM,2023,04,23,11,11.4,48,Good,13.0,UG/M3,1 Hr,Valid
Tashkent,PM2.5 - Principal,2023-04-23 12:00 PM,2023,04,23,12,9.7,40,Good,8.0,UG/M3,1 Hr,Valid
Tashkent,PM2.5 - Principal,2023-04-23 01:00 PM,2023,04,23,13,6.8,28,Good,4.0,UG/M3,1 Hr,Valid
Tashkent,PM2.5 - Principal,2023-04-23 02:00 PM,2023,04,23,14,4.9,20,Good,3.0,UG/M3,1 Hr,Valid
Tashkent,PM2.5 - Principal,2023-04-23 03:00 PM,2023,04,23,15,4.4,18,Good,4.0,UG/M3,1 Hr,Valid
Tashkent,PM2.5 - Principal,2023-04-23 04:00 PM,2023,04,23,16,4.2,18,Good,4.0,UG/M3,1 Hr,Valid
Tashkent,PM2.5 - Principal,2023-04-23 05:00 PM,2023,04,23,17,3.6,15,Good,3.0,UG/M3,1 Hr,Valid
Tashkent,PM2.5 - Principal,2023-04-23 06:00 PM,2023,04,23,18,4.8,20,Good,6.0,UG/M3,1 Hr,Valid
Tashkent,PM2.5 - Principal,2023-04-23 07:00 PM,2023,04,23,19,8.3,35,Good,12.0,UG/M3,1 Hr,Valid
Tashkent,PM2.5 - Principal,2023-04-23 08:00 PM,2023,04,23,20,16.2,60,Moderate,24.0,UG/M3,1 Hr,Valid
Tashkent,PM2.5 - Principal,2023-04-23 09:00 PM,2023,04,23,21,30.6,90,Moderate,45.0,UG/M3,1 Hr,Valid
Tashkent,PM2.5 - Principal,2023-04-23 10:00 PM,2023,04,23,22,37.8,107,Unhealthy for Sensitive Groups,45.0,UG/M3,1 Hr,Valid
Tashkent,PM2.5 - Principal,2023-04-23 11:00 PM,2023,04,23,23,40.9,114,Unhealthy for Sensitive Groups,44.0,UG/M3,1 Hr,Valid
Tashkent,PM2.5 - Principal,2023-04-24 12:00 AM,2023,04,24,00,33.4,96,Moderate,26.0,UG/M3,1 Hr,Valid
Tashkent,PM2.5 - Principal,2023-04-24 01:00 AM,2023,04,24,01,23.7,75,Moderate,14.0,UG/M3,1 Hr,Valid
Tashkent,PM2.5 - Principal,2023-04-24 02:00 AM,2023,04,24,02,23.3,75,Moderate,23.0,UG/M3,1 Hr,Valid
Tashkent,PM2.5 - Principal,2023-04-24 03:00 AM,2023,04,24,03,22.1,72,Moderate,21.0,UG/M3,1 Hr,Valid
Tashkent,PM2.5 - Principal,2023-04-24 04:00 AM,2023,04,24,04,18.5,64,Moderate,15.0,UG/M3,1 Hr,Valid
Tashkent,PM2.5 - Principal,2023-04-24 05:00 AM,2023,04,24,05,22.2,72,Moderate,26.0,UG/M3,1 Hr,Valid
Tashkent,PM2.5 - Principal,2023-04-24 06:00 AM,2023,04,24,06,23.1,74,Moderate,24.0,UG/M3,1 Hr,Valid
Tashkent,PM2.5 - Principal,2023-04-24 07:00 AM,2023,04,24,07,20.5,69,Moderate,18.0,UG/M3,1 Hr,Valid
Tashkent,PM2.5 - Principal,2023-04-24 08:00 AM,2023,04,24,08,18.7,65,Moderate,17.0,UG/M3,1 Hr,Valid
Tashkent,PM2.5 - Principal,2023-04-24 09:00 AM,2023,04,24,09,15.3,58,Moderate,12.0,UG/M3,1 Hr,Valid
Tashkent,PM2.5 - Principal,2023-04-24 10:00 AM,2023,04,24,10,18.1,64,Moderate,21.0,UG/M3,1 Hr,Valid
Tashkent,PM2.5 - Principal,2023-04-24 11:00 AM,2023,04,24,11,19.5,67,Moderate,21.0,UG/M3,1 Hr,Valid
Tashkent,PM2.5 - Principal,2023-04-24 12:00 PM,2023,04,24,12,20.7,69,Moderate,22.0,UG/M3,1 Hr,Valid
Tashkent,PM2.5 - Principal,2023-04-24 01:00 PM,2023,04,24,13,16.8,61,Moderate,13.0,UG/M3,1 Hr,Valid
Tashkent,PM2.5 - Principal,2023-04-24 02:00 PM,2023,04,24,14,14.9,57,Moderate,13.0,UG/M3,1 Hr,Valid
Tashkent,PM2.5 - Principal,2023-04-24 03:00 PM,2023,04,24,15,10.9,45,Good,7.0,UG/M3,1 Hr,Valid
Tashkent,PM2.5 - Principal,2023-04-24 04:00 PM,2023,04,24,16,10.4,43,Good,10.0,UG/M3,1 Hr,Valid
Tashkent,PM2.5 - Principal,2023-04-24 05:00 PM,2023,04,24,17,13.2,53,Moderate,16.0,UG/M3,1 Hr,Valid
Tashkent,PM2.5 - Principal,2023-04-24 06:00 PM,2023,04,24,18,10.6,44,Good,8.0,UG/M3,1 Hr,Valid
Tashkent,PM2.5 - Principal,2023-04-24 07:00 PM,2023,04,24,19,11.3,47,Good,12.0,UG/M3,1 Hr,Valid
Tashkent,PM2.5 - Principal,2023-04-24 08:00 PM,2023,04,24,20,10.6,44,Good,10.0,UG/M3,1 Hr,Valid
Tashkent,PM2.5 - Principal,2023-04-24 09:00 PM,2023,04,24,21,10.8,45,Good,11.0,UG/M3,1 Hr,Valid
Tashkent,PM2.5 - Principal,2023-04-24 10:00 PM,2023,04,24,22,14.4,56,Moderate,18.0,UG/M3,1 Hr,Valid
Tashkent,PM2.5 - Principal,2023-04-24 11:00 PM,2023,04,24,23,13.2,53,Moderate,12.0,UG/M3,1 Hr,Valid
Tashkent,PM2.5 - Principal,2023-04-25 12:00 AM,2023,04,25,00,14.6,56,Moderate,16.0,UG/M3,1 Hr,Valid
Tashkent,PM2.5 - Principal,2023-04-25 01:00 AM,2023,04,25,01,18.3,64,Moderate,22.0,UG/M3,1 Hr,Valid
Tashkent,PM2.5 - Principal,2023-04-25 02:00 AM,2023,04,25,02,24.6,77,Moderate,31.0,UG/M3,1 Hr,Valid
Tashkent,PM2.5 - Principal,2023-04-25 03:00 AM,2023,04,25,03,35.3,100,Moderate,46.0,UG/M3,1 Hr,Valid
Tashkent,PM2.5 - Principal,2023-04-25 04:00 AM,2023,04,25,04,37.1,105,Unhealthy for Sensitive Groups,39.0,UG/M3,1 Hr,Valid
Tashkent,PM2.5 - Principal,2023-04-25 05:00 AM,2023,04,25,05,29.5,88,Moderate,22.0,UG/M3,1 Hr,Valid
Tashkent,PM2.5 - Principal,2023-04-25 06:00 AM,2023,04,25,06,35.7,101,Unhealthy for Sensitive Groups,42.0,UG/M3,1 Hr,Valid
Tashkent,PM2.5 - Principal,2023-04-25 07:00 AM,2023,04,25,07,30.4,89,Moderate,25.0,UG/M3,1 Hr,Valid
Tashkent,PM2.5 - Principal,2023-04-25 08:00 AM,2023,04,25,08,27.7,84,Moderate,25.0,UG/M3,1 Hr,Valid
Tashkent,PM2.5 - Principal,2023-04-25 09:00 AM,2023,04,25,09,25.3,79,Moderate,23.0,UG/M3,1 Hr,Valid
Tashkent,PM2.5 - Principal,2023-04-25 10:00 AM,2023,04,25,10,22.6,73,Moderate,20.0,UG/M3,1 Hr,Valid
Tashkent,PM2.5 - Principal,2023-04-25 11:00 AM,2023,04,25,11,20.3,68,Moderate,18.0,UG/M3,1 Hr,Valid
Tashkent,PM2.5 - Principal,2023-04-25 12:00 PM,2023,04,25,12,22.6,73,Moderate,25.0,UG/M3,1 Hr,Valid
Tashkent,PM2.5 - Principal,2023-04-25 01:00 PM,2023,04,25,13,27.8,84,Moderate,33.0,UG/M3,1 Hr,Valid
Tashkent,PM2.5 - Principal,2023-04-25 02:00 PM,2023,04,25,14,28.9,86,Moderate,30.0,UG/M3,1 Hr,Valid
Tashkent,PM2.5 - Principal,2023-04-25 03:00 PM,2023,04,25,15,25.4,79,Moderate,22.0,UG/M3,1 Hr,Valid
Tashkent,PM2.5 - Principal,2023-04-25 04:00 PM,2023,04,25,16,21.2,70,Moderate,17.0,UG/M3,1 Hr,Valid
Tashkent,PM2.5 - Principal,2023-04-25 05:00 PM,2023,04,25,17,19.1,66,Moderate,17.0,UG/M3,1 Hr,Valid
Tashkent,PM2.5 - Principal,2023-04-25 06:00 PM,2023,04,25,18,14.5,56,Moderate,10.0,UG/M3,1 Hr,Valid
Tashkent,PM2.5 - Principal,2023-04-25 07:00 PM,2023,04,25,19,11.2,47,Good,8.0,UG/M3,1 Hr,Valid
Tashkent,PM2.5 - Principal,2023-04-25 08:00 PM,2023,04,25,20,17.1,62,Moderate,23.0,UG/M3,1 Hr,Valid
Tashkent,PM2.5 - Principal,2023-04-25 09:00 PM,2023,04,25,21,20.0,68,Moderate,23.0,UG/M3,1 Hr,Valid
Tashkent,PM2.5 - Principal,2023-04-25 10:00 PM,2023,04,25,22,31.0,91,Moderate,42.0,UG/M3,1 Hr,Valid
Tashkent,PM2.5 - Principal,2023-04-25 11:00 PM,2023,04,25,23,40.5,113,Unhealthy for Sensitive Groups,50.0,UG/M3,1 Hr,Valid
Tashkent,PM2.5 - Principal,2023-04-26 12:00 AM,2023,04,26,00,42.7,119,Unhealthy for Sensitive Groups,45.0,UG/M3,1 Hr,Valid
Tashkent,PM2.5 - Principal,2023-04-26 01:00 AM,2023,04,26,01,40.3,113,Unhealthy for Sensitive Groups,38.0,UG/M3,1 Hr,Valid
Tashkent,PM2.5 - Principal,2023-04-26 02:00 AM,2023,04,26,02,38.1,107,Unhealthy for Sensitive Groups,36.0,UG/M3,1 Hr,Valid
Tashkent,PM2.5 - Principal,2023-04-26 03:00 AM,2023,04,26,03,35.5,101,Unhealthy for Sensitive Groups,33.0,UG/M3,1 Hr,Valid
Tashkent,PM2.5 - Principal,2023-04-26 04:00 AM,2023,04,26,04,31.2,91,Moderate,27.0,UG/M3,1 Hr,Valid
Tashkent,PM2.5 - Principal,2023-04-26 05:00 AM,2023,04,26,05,28.6,86,Moderate,26.0,UG/M3,1 Hr,Valid
Tashkent,PM2.5 - Principal,2023-04-26 06:00 AM,2023,04,26,06,29.8,88,Moderate,31.0,UG/M3,1 Hr,Valid
Tashkent,PM2.5 - Principal,2023-04-26 07:00 AM,2023,04,26,07,29.4,87,Moderate,29.0,UG/M3,1 Hr,Valid
Tashkent,PM2.5 - Principal,2023-04-26 08:00 AM,2023,04,26,08,24.7,77,Moderate,20.0,UG/M3,1 Hr,Valid
Tashkent,PM2.5 - Principal,2023-04-26 09:00 AM,2023,04,26,09,18.8,65,Moderate,13.0,UG/M3,1 Hr,Valid
Tashkent,PM2.5 - Principal,2023-04-26 10:00 AM,2023,04,26,10,17.9,63,Moderate,17.0,UG/M3,1 Hr,Valid
Tashkent,PM2.5 - Principal,2023-04-26 11:00 AM,2023,04,26,11,17.9,63,Moderate,857.0,UG/M3,1 Hr,Invalid
Tashkent,PM2.5 - Principal,2023-04-26 12:00 PM,2023,04,26,12,-999.0,-999,N/A,857.0,UG/M3,1 Hr,Invalid
Tashkent,PM2.5 - Principal,2023-04-26 02:00 PM,2023,04,26,14,-999.0,-999,N/A,20.0,UG/M3,1 Hr,Valid
Tashkent,PM2.5 - Principal,2023-04-26 03:00 PM,2023,04,26,15,20.5,69,Moderate,21.0,UG/M3,1 Hr,Valid
Tashkent,PM2.5 - Principal,2023-04-26 04:00 PM,2023,04,26,16,21.3,70,Moderate,22.0,UG/M3,1 Hr,Valid
Tashkent,PM2.5 - Principal,2023-04-26 05:00 PM,2023,04,26,17,22.2,72,Moderate,23.0,UG/M3,1 Hr,Valid
Tashkent,PM2.5 - Principal,2023-04-26 06:00 PM,2023,04,26,18,21.5,71,Moderate,21.0,UG/M3,1 Hr,Valid
Tashkent,PM2.5 - Principal,2023-04-26 07:00 PM,2023,04,26,19,21.7,71,Moderate,22.0,UG/M3,1 Hr,Valid
Tashkent,PM2.5 - Principal,2023-04-26 08:00 PM,2023,04,26,20,19.2,66,Moderate,16.0,UG/M3,1 Hr,Valid
Tashkent,PM2.5 - Principal,2023-04-26 09:00 PM,2023,04,26,21,19.2,66,Moderate,18.0,UG/M3,1 Hr,Valid
Tashkent,PM2.5 - Principal,2023-04-26 10:00 PM,2023,04,26,22,19.4,66,Moderate,20.0,UG/M3,1 Hr,Valid
Tashkent,PM2.5 - Principal,2023-04-26 11:00 PM,2023,04,26,23,20.2,68,Moderate,22.0,UG/M3,1 Hr,Valid
Tashkent,PM2.5 - Principal,2023-04-27 12:00 AM,2023,04,27,00,19.8,67,Moderate,19.0,UG/M3,1 Hr,Valid
Tashkent,PM2.5 - Principal,2023-04-27 01:00 AM,2023,04,27,01,23.3,75,Moderate,28.0,UG/M3,1 Hr,Valid
Tashkent,PM2.5 - Principal,2023-04-27 02:00 AM,2023,04,27,02,27.2,83,Moderate,31.0,UG/M3,1 Hr,Valid
Tashkent,PM2.5 - Principal,2023-04-27 03:00 AM,2023,04,27,03,25.6,79,Moderate,24.0,UG/M3,1 Hr,Valid
Tashkent,PM2.5 - Principal,2023-04-27 04:00 AM,2023,04,27,04,27.7,84,Moderate,30.0,UG/M3,1 Hr,Valid
Tashkent,PM2.5 - Principal,2023-04-27 05:00 AM,2023,04,27,05,35.4,100,Moderate,43.0,UG/M3,1 Hr,Valid
Tashkent,PM2.5 - Principal,2023-04-27 06:00 AM,2023,04,27,06,32.7,94,Moderate,30.0,UG/M3,1 Hr,Valid
Tashkent,PM2.5 - Principal,2023-04-27 07:00 AM,2023,04,27,07,20.8,69,Moderate,9.0,UG/M3,1 Hr,Valid
Tashkent,PM2.5 - Principal,2023-04-27 08:00 AM,2023,04,27,08,23.4,75,Moderate,26.0,UG/M3,1 Hr,Valid
Tashkent,PM2.5 - Principal,2023-04-27 09:00 AM,2023,04,27,09,18.7,65,Moderate,14.0,UG/M3,1 Hr,Valid
Tashkent,PM2.5 - Principal,2023-04-27 10:00 AM,2023,04,27,10,15.3,58,Moderate,12.0,UG/M3,1 Hr,Valid
Tashkent,PM2.5 - Principal,2023-04-27 11:00 AM,2023,04,27,11,15.6,58,Moderate,16.0,UG/M3,1 Hr,Valid
Tashkent,PM2.5 - Principal,2023-04-27 12:00 PM,2023,04,27,12,15.8,59,Moderate,16.0,UG/M3,1 Hr,Valid
Tashkent,PM2.5 - Principal,2023-04-27 01:00 PM,2023,04,27,13,20.4,68,Moderate,25.0,UG/M3,1 Hr,Valid
Tashkent,PM2.5 - Principal,2023-04-27 02:00 PM,2023,04,27,14,20.2,68,Moderate,20.0,UG/M3,1 Hr,Valid
Tashkent,PM2.5 - Principal,2023-04-27 03:00 PM,2023,04,27,15,17.6,63,Moderate,15.0,UG/M3,1 Hr,Valid
Tashkent,PM2.5 - Principal,2023-04-27 04:00 PM,2023,04,27,16,16.2,60,Moderate,15.0,UG/M3,1 Hr,Valid
Tashkent,PM2.5 - Principal,2023-04-27 05:00 PM,2023,04,27,17,16.1,59,Moderate,16.0,UG/M3,1 Hr,Valid
Tashkent,PM2.5 - Principal,2023-04-27 06:00 PM,2023,04,27,18,15.5,58,Moderate,15.0,UG/M3,1 Hr,Valid
Tashkent,PM2.5 - Principal,2023-04-27 07:00 PM,2023,04,27,19,17.2,62,Moderate,19.0,UG/M3,1 Hr,Valid
Tashkent,PM2.5 - Principal,2023-04-27 08:00 PM,2023,04,27,20,19.1,66,Moderate,21.0,UG/M3,1 Hr,Valid
Tashkent,PM2.5 - Principal,2023-04-27 09:00 PM,2023,04,27,21,23.5,75,Moderate,28.0,UG/M3,1 Hr,Valid
Tashkent,PM2.5 - Principal,2023-04-27 10:00 PM,2023,04,27,22,28.7,86,Moderate,34.0,UG/M3,1 Hr,Valid
Tashkent,PM2.5 - Principal,2023-04-27 11:00 PM,2023,04,27,23,29.8,88,Moderate,31.0,UG/M3,1 Hr,Valid
Tashkent,PM2.5 - Principal,2023-04-28 12:00 AM,2023,04,28,00,28.4,85,Moderate,27.0,UG/M3,1 Hr,Valid
Tashkent,PM2.5 - Principal,2023-04-28 01:00 AM,2023,04,28,01,25.2,79,Moderate,22.0,UG/M3,1 Hr,Valid
Tashkent,PM2.5 - Principal,2023-04-28 02:00 AM,2023,04,28,02,23.6,75,Moderate,22.0,UG/M3,1 Hr,Valid
Tashkent,PM2.5 - Principal,2023-04-28 03:00 AM,2023,04,28,03,20.3,68,Moderate,17.0,UG/M3,1 Hr,Valid
Tashkent,PM2.5 - Principal,2023-04-28 04:00 AM,2023,04,28,04,17.6,63,Moderate,15.0,UG/M3,1 Hr,Valid
Tashkent,PM2.5 - Principal,2023-04-28 05:00 AM,2023,04,28,05,16.3,60,Moderate,15.0,UG/M3,1 Hr,Valid
Tashkent,PM2.5 - Principal,2023-04-28 06:00 AM,2023,04,28,06,18.6,65,Moderate,21.0,UG/M3,1 Hr,Valid
Tashkent,PM2.5 - Principal,2023-04-28 07:00 AM,2023,04,28,07,22.8,74,Moderate,27.0,UG/M3,1 Hr,Valid
Tashkent,PM2.5 - Principal,2023-04-28 08:00 AM,2023,04,28,08,27.4,83,Moderate,32.0,UG/M3,1 Hr,Valid
Tashkent,PM2.5 - Principal,2023-04-28 09:00 AM,2023,04,28,09,20.7,69,Moderate,14.0,UG/M3,1 Hr,Valid
Tashkent,PM2.5 - Principal,2023-04-28 10:00 AM,2023,04,28,10,15.3,58,Moderate,10.0,UG/M3,1 Hr,Valid
Tashkent,PM2.5 - Principal,2023-04-28 11:00 AM,2023,04,28,11,13.6,54,Moderate,12.0,UG/M3,1 Hr,Valid
Tashkent,PM2.5 - Principal,2023-04-28 12:00 PM,2023,04,28,12,12.3,51,Moderate,11.0,UG/M3,1 Hr,Valid
Tashkent,PM2.5 - Principal,2023-04-28 01:00 PM,2023,04,28,13,14.1,55,Moderate,16.0,UG/M3,1 Hr,Valid
Tashkent,PM2.5 - Principal,2023-04-28 02:00 PM,2023,04,28,14,17.0,61,Moderate,20.0,UG/M3,1 Hr,Valid
Tashkent,PM2.5 - Principal,2023-04-28 03:00 PM,2023,04,28,15,23.5,75,Moderate,30.0,UG/M3,1 Hr,Valid
Tashkent,PM2.5 - Principal,2023-04-28 04:00 PM,2023,04,28,16,18.7,65,Moderate,14.0,UG/M3,1 Hr,Valid
Tashkent,PM2.5 - Principal,2023-04-28 05:00 PM,2023,04,28,17,20.8,69,Moderate,23.0,UG/M3,1 Hr,Valid
Tashkent,PM2.5 - Principal,2023-04-28 06:00 PM,2023,04,28,18,18.9,65,Moderate,17.0,UG/M3,1 Hr,Valid
Tashkent,PM2.5 - Principal,2023-04-28 07:00 PM,2023,04,28,19,16.4,60,Moderate,14.0,UG/M3,1 Hr,Valid
Tashkent,PM2.5 - Principal,2023-04-28 08:00 PM,2023,04,28,20,16.7,61,Moderate,17.0,UG/M3,1 Hr,Valid
Tashkent,PM2.5 - Principal,2023-04-28 09:00 PM,2023,04,28,21,18.8,65,Moderate,21.0,UG/M3,1 Hr,Valid
Tashkent,PM2.5 - Principal,2023-04-28 10:00 PM,2023,04,28,22,16.9,61,Moderate,15.0,UG/M3,1 Hr,Valid
Tashkent,PM2.5 - Principal,2023-04-28 11:00 PM,2023,04,28,23,13.9,55,Moderate,11.0,UG/M3,1 Hr,Valid
Tashkent,PM2.5 - Principal,2023-04-29 12:00 AM,2023,04,29,00,12.4,52,Moderate,11.0,UG/M3,1 Hr,Valid
Tashkent,PM2.5 - Principal,2023-04-29 01:00 AM,2023,04,29,01,10.2,43,Good,8.0,UG/M3,1 Hr,Valid
Tashkent,PM2.5 - Principal,2023-04-29 02:00 AM,2023,04,29,02,10.1,42,Good,10.0,UG/M3,1 Hr,Valid
Tashkent,PM2.5 - Principal,2023-04-29 03:00 AM,2023,04,29,03,8.0,33,Good,6.0,UG/M3,1 Hr,Valid
Tashkent,PM2.5 - Principal,2023-04-29 04:00 AM,2023,04,29,04,6.0,25,Good,4.0,UG/M3,1 Hr,Valid
Tashkent,PM2.5 - Principal,2023-04-29 05:00 AM,2023,04,29,05,6.0,25,Good,6.0,UG/M3,1 Hr,Valid
Tashkent,PM2.5 - Principal,2023-04-29 06:00 AM,2023,04,29,06,7.5,31,Good,9.0,UG/M3,1 Hr,Valid
Tashkent,PM2.5 - Principal,2023-04-29 07:00 AM,2023,04,29,07,6.2,26,Good,5.0,UG/M3,1 Hr,Valid
Tashkent,PM2.5 - Principal,2023-04-29 08:00 AM,2023,04,29,08,6.6,28,Good,7.0,UG/M3,1 Hr,Valid
Tashkent,PM2.5 - Principal,2023-04-29 09:00 AM,2023,04,29,09,8.8,37,Good,11.0,UG/M3,1 Hr,Valid
Tashkent,PM2.5 - Principal,2023-04-29 10:00 AM,2023,04,29,10,8.9,37,Good,9.0,UG/M3,1 Hr,Valid
Tashkent,PM2.5 - Principal,2023-04-29 11:00 AM,2023,04,29,11,8.4,35,Good,8.0,UG/M3,1 Hr,Valid
Tashkent,PM2.5 - Principal,2023-04-29 12:00 PM,2023,04,29,12,8.2,34,Good,8.0,UG/M3,1 Hr,Valid
Tashkent,PM2.5 - Principal,2023-04-29 01:00 PM,2023,04,29,13,7.1,30,Good,6.0,UG/M3,1 Hr,Valid
Tashkent,PM2.5 - Principal,2023-04-29 02:00 PM,2023,04,29,14,8.5,35,Good,10.0,UG/M3,1 Hr,Valid
Tashkent,PM2.5 - Principal,2023-04-29 03:00 PM,2023,04,29,15,10.2,43,Good,12.0,UG/M3,1 Hr,Valid
Tashkent,PM2.5 - Principal,2023-04-29 04:00 PM,2023,04,29,16,13.1,53,Moderate,16.0,UG/M3,1 Hr,Valid
Tashkent,PM2.5 - Principal,2023-04-29 05:00 PM,2023,04,29,17,12.5,52,Moderate,12.0,UG/M3,1 Hr,Valid
Tashkent,PM2.5 - Principal,2023-04-29 06:00 PM,2023,04,29,18,12.2,51,Moderate,12.0,UG/M3,1 Hr,Valid
Tashkent,PM2.5 - Principal,2023-04-29 07:00 PM,2023,04,29,19,13.6,54,Moderate,15.0,UG/M3,1 Hr,Valid
Tashkent,PM2.5 - Principal,2023-04-29 08:00 PM,2023,04,29,20,18.8,65,Moderate,24.0,UG/M3,1 Hr,Valid
Tashkent,PM2.5 - Principal,2023-04-29 09:00 PM,2023,04,29,21,32.4,94,Moderate,46.0,UG/M3,1 Hr,Valid
Tashkent,PM2.5 - Principal,2023-04-29 10:00 PM,2023,04,29,22,40.7,114,Unhealthy for Sensitive Groups,49.0,UG/M3,1 Hr,Valid
Tashkent,PM2.5 - Principal,2023-04-29 11:00 PM,2023,04,29,23,38.3,108,Unhealthy for Sensitive Groups,36.0,UG/M3,1 Hr,Valid
Tashkent,PM2.5 - Principal,2023-04-30 12:00 AM,2023,04,30,00,34.1,97,Moderate,30.0,UG/M3,1 Hr,Valid
Tashkent,PM2.5 - Principal,2023-04-30 01:00 AM,2023,04,30,01,30.0,89,Moderate,26.0,UG/M3,1 Hr,Valid
Tashkent,PM2.5 - Principal,2023-04-30 02:00 AM,2023,04,30,02,21.0,70,Moderate,12.0,UG/M3,1 Hr,Valid
Tashkent,PM2.5 - Principal,2023-04-30 03:00 AM,2023,04,30,03,17.5,62,Moderate,14.0,UG/M3,1 Hr,Valid
Tashkent,PM2.5 - Principal,2023-04-30 04:00 AM,2023,04,30,04,12.7,52,Moderate,8.0,UG/M3,1 Hr,Valid
Tashkent,PM2.5 - Principal,2023-04-30 05:00 AM,2023,04,30,05,9.8,41,Good,7.0,UG/M3,1 Hr,Valid
Tashkent,PM2.5 - Principal,2023-04-30 06:00 AM,2023,04,30,06,10.9,45,Good,12.0,UG/M3,1 Hr,Valid
Tashkent,PM2.5 - Principal,2023-04-30 07:00 AM,2023,04,30,07,12.9,53,Moderate,15.0,UG/M3,1 Hr,Valid
Tashkent,PM2.5 - Principal,2023-04-30 08:00 AM,2023,04,30,08,11.4,48,Good,10.0,UG/M3,1 Hr,Valid
Tashkent,PM2.5 - Principal,2023-04-30 09:00 AM,2023,04,30,09,10.2,43,Good,9.0,UG/M3,1 Hr,Valid
Tashkent,PM2.5 - Principal,2023-04-30 10:00 AM,2023,04,30,10,11.6,48,Good,13.0,UG/M3,1 Hr,Valid
Tashkent,PM2.5 - Principal,2023-04-30 11:00 AM,2023,04,30,11,13.8,55,Moderate,16.0,UG/M3,1 Hr,Valid
Tashkent,PM2.5 - Principal,2023-04-30 12:00 PM,2023,04,30,12,10.8,45,Good,8.0,UG/M3,1 Hr,Valid
Tashkent,PM2.5 - Principal,2023-04-30 01:00 PM,2023,04,30,13,10.9,45,Good,11.0,UG/M3,1 Hr,Valid
Tashkent,PM2.5 - Principal,2023-04-30 02:00 PM,2023,04,30,14,9.4,39,Good,8.0,UG/M3,1 Hr,Valid
Tashkent,PM2.5 - Principal,2023-04-30 03:00 PM,2023,04,30,15,8.2,34,Good,7.0,UG/M3,1 Hr,Valid
Tashkent,PM2.5 - Principal,2023-04-30 04:00 PM,2023,04,30,16,10.6,44,Good,13.0,UG/M3,1 Hr,Valid
Tashkent,PM2.5 - Principal,2023-04-30 05:00 PM,2023,04,30,17,9.8,41,Good,9.0,UG/M3,1 Hr,Valid
Tashkent,PM2.5 - Principal,2023-04-30 06:00 PM,2023,04,30,18,10.4,43,Good,11.0,UG/M3,1 Hr,Valid
Tashkent,PM2.5 - Principal,2023-04-30 07:00 PM,2023,04,30,19,12.2,51,Moderate,14.0,UG/M3,1 Hr,Valid
Tashkent,PM2.5 - Principal,2023-04-30 08:00 PM,2023,04,30,20,21.1,70,Moderate,30.0,UG/M3,1 Hr,Valid
Tashkent,PM2.5 - Principal,2023-04-30 09:00 PM,2023,04,30,21,32.0,93,Moderate,43.0,UG/M3,1 Hr,Valid
Tashkent,PM2.5 - Principal,2023-04-30 10:00 PM,2023,04,30,22,30.5,90,Moderate,29.0,UG/M3,1 Hr,Valid
Tashkent,PM2.5 - Principal,2023-04-30 11:00 PM,2023,04,30,23,31.2,91,Moderate,32.0,UG/M3,1 Hr,Valid
Tashkent,PM2.5 - Principal,2023-05-01 12:00 AM,2023,05,01,00,36.6,104,Unhealthy for Sensitive Groups,42.0,UG/M3,1 Hr,Valid
Tashkent,PM2.5 - Principal,2023-05-01 01:00 AM,2023,05,01,01,33.8,97,Moderate,31.0,UG/M3,1 Hr,Valid
Tashkent,PM2.5 - Principal,2023-05-01 02:00 AM,2023,05,01,02,28.4,85,Moderate,23.0,UG/M3,1 Hr,Valid
Tashkent,PM2.5 - Principal,2023-05-01 03:00 AM,2023,05,01,03,23.2,74,Moderate,18.0,UG/M3,1 Hr,Valid
Tashkent,PM2.5 - Principal,2023-05-01 04:00 AM,2023,05,01,04,19.6,67,Moderate,16.0,UG/M3,1 Hr,Valid
Tashkent,PM2.5 - Principal,2023-05-01 05:00 AM,2023,05,01,05,17.8,63,Moderate,16.0,UG/M3,1 Hr,Valid
Tashkent,PM2.5 - Principal,2023-05-01 06:00 AM,2023,05,01,06,11.9,50,Good,6.0,UG/M3,1 Hr,Valid
Tashkent,PM2.5 - Principal,2023-05-01 07:00 AM,2023,05,01,07,9.9,41,Good,8.0,UG/M3,1 Hr,Valid
Tashkent,PM2.5 - Principal,2023-05-01 08:00 AM,2023,05,01,08,11.4,48,Good,13.0,UG/M3,1 Hr,Valid
Tashkent,PM2.5 - Principal,2023-05-01 09:00 AM,2023,05,01,09,11.7,49,Good,12.0,UG/M3,1 Hr,Valid
Tashkent,PM2.5 - Principal,2023-05-01 10:00 AM,2023,05,01,10,14.8,57,Moderate,18.0,UG/M3,1 Hr,Valid
Tashkent,PM2.5 - Principal,2023-05-01 11:00 AM,2023,05,01,11,22.9,74,Moderate,31.0,UG/M3,1 Hr,Valid
Tashkent,PM2.5 - Principal,2023-05-01 12:00 PM,2023,05,01,12,20.9,70,Moderate,19.0,UG/M3,1 Hr,Valid
Tashkent,PM2.5 - Principal,2023-05-01 01:00 PM,2023,05,01,13,18.9,65,Moderate,17.0,UG/M3,1 Hr,Valid
Tashkent,PM2.5 - Principal,2023-05-01 02:00 PM,2023,05,01,14,12.9,53,Moderate,7.0,UG/M3,1 Hr,Valid
Tashkent,PM2.5 - Principal,2023-05-01 03:00 PM,2023,05,01,15,10.4,43,Good,8.0,UG/M3,1 Hr,Valid
Tashkent,PM2.5 - Principal,2023-05-01 04:00 PM,2023,05,01,16,8.2,34,Good,6.0,UG/M3,1 Hr,Valid
Tashkent,PM2.5 - Principal,2023-05-01 05:00 PM,2023,05,01,17,7.6,32,Good,7.0,UG/M3,1 Hr,Valid
Tashkent,PM2.5 - Principal,2023-05-01 06:00 PM,2023,05,01,18,7.3,30,Good,7.0,UG/M3,1 Hr,Valid
Tashkent,PM2.5 - Principal,2023-05-01 07:00 PM,2023,05,01,19,7.1,30,Good,7.0,UG/M3,1 Hr,Valid
Tashkent,PM2.5 - Principal,2023-05-01 08:00 PM,2023,05,01,20,16.5,60,Moderate,26.0,UG/M3,1 Hr,Valid
Tashkent,PM2.5 - Principal,2023-05-01 09:00 PM,2023,05,01,21,18.7,65,Moderate,21.0,UG/M3,1 Hr,Valid
Tashkent,PM2.5 - Principal,2023-05-01 10:00 PM,2023,05,01,22,18.8,65,Moderate,19.0,UG/M3,1 Hr,Valid
Tashkent,PM2.5 - Principal,2023-05-01 11:00 PM,2023,05,01,23,19.4,66,Moderate,20.0,UG/M3,1 Hr,Valid
Tashkent,PM2.5 - Principal,2023-05-02 12:00 AM,2023,05,02,00,20.2,68,Moderate,21.0,UG/M3,1 Hr,Valid
Tashkent,PM2.5 - Principal,2023-05-02 01:00 AM,2023,05,02,01,24.6,77,Moderate,29.0,UG/M3,1 Hr,Valid
Tashkent,PM2.5 - Principal,2023-05-02 02:00 AM,2023,05,02,02,21.8,71,Moderate,19.0,UG/M3,1 Hr,Valid
Tashkent,PM2.5 - Principal,2023-05-02 03:00 AM,2023,05,02,03,24.9,78,Moderate,28.0,UG/M3,1 Hr,Valid
Tashkent,PM2.5 - Principal,2023-05-02 04:00 AM,2023,05,02,04,23.9,76,Moderate,23.0,UG/M3,1 Hr,Valid
Tashkent,PM2.5 - Principal,2023-05-02 05:00 AM,2023,05,02,05,22.4,73,Moderate,21.0,UG/M3,1 Hr,Valid
Tashkent,PM2.5 - Principal,2023-05-02 06:00 AM,2023,05,02,06,19.7,67,Moderate,17.0,UG/M3,1 Hr,Valid
Tashkent,PM2.5 - Principal,2023-05-02 07:00 AM,2023,05,02,07,22.2,72,Moderate,25.0,UG/M3,1 Hr,Valid
Tashkent,PM2.5 - Principal,2023-05-02 08:00 AM,2023,05,02,08,24.2,76,Moderate,27.0,UG/M3,1 Hr,Valid
Tashkent,PM2.5 - Principal,2023-05-02 09:00 AM,2023,05,02,09,26.2,81,Moderate,29.0,UG/M3,1 Hr,Valid
Tashkent,PM2.5 - Principal,2023-05-02 10:00 AM,2023,05,02,10,26.1,80,Moderate,26.0,UG/M3,1 Hr,Valid
Tashkent,PM2.5 - Principal,2023-05-02 11:00 AM,2023,05,02,11,26.9,82,Moderate,28.0,UG/M3,1 Hr,Valid
Tashkent,PM2.5 - Principal,2023-05-02 12:00 PM,2023,05,02,12,31.6,92,Moderate,36.0,UG/M3,1 Hr,Valid
Tashkent,PM2.5 - Principal,2023-05-02 01:00 PM,2023,05,02,13,33.3,96,Moderate,35.0,UG/M3,1 Hr,Valid
Tashkent,PM2.5 - Principal,2023-05-02 02:00 PM,2023,05,02,14,31.6,92,Moderate,30.0,UG/M3,1 Hr,Valid
Tashkent,PM2.5 - Principal,2023-05-02 03:00 PM,2023,05,02,15,25.8,80,Moderate,20.0,UG/M3,1 Hr,Valid
Tashkent,PM2.5 - Principal,2023-05-02 04:00 PM,2023,05,02,16,21.4,71,Moderate,17.0,UG/M3,1 Hr,Valid
Tashkent,PM2.5 - Principal,2023-05-02 05:00 PM,2023,05,02,17,16.2,60,Moderate,11.0,UG/M3,1 Hr,Valid
Tashkent,PM2.5 - Principal,2023-05-02 06:00 PM,2023,05,02,18,13.1,53,Moderate,10.0,UG/M3,1 Hr,Valid
Tashkent,PM2.5 - Principal,2023-05-02 07:00 PM,2023,05,02,19,13.0,53,Moderate,13.0,UG/M3,1 Hr,Valid
Tashkent,PM2.5 - Principal,2023-05-02 08:00 PM,2023,05,02,20,12.5,52,Moderate,12.0,UG/M3,1 Hr,Valid
Tashkent,PM2.5 - Principal,2023-05-02 09:00 PM,2023,05,02,21,15.2,58,Moderate,18.0,UG/M3,1 Hr,Valid
Tashkent,PM2.5 - Principal,2023-05-02 10:00 PM,2023,05,02,22,20.1,68,Moderate,25.0,UG/M3,1 Hr,Valid
Tashkent,PM2.5 - Principal,2023-05-02 11:00 PM,2023,05,02,23,20.0,68,Moderate,20.0,UG/M3,1 Hr,Valid
Tashkent,PM2.5 - Principal,2023-05-03 12:00 AM,2023,05,03,00,22.0,72,Moderate,24.0,UG/M3,1 Hr,Valid
Tashkent,PM2.5 - Principal,2023-05-03 01:00 AM,2023,05,03,01,27.5,83,Moderate,33.0,UG/M3,1 Hr,Valid
Tashkent,PM2.5 - Principal,2023-05-03 02:00 AM,2023,05,03,02,24.7,77,Moderate,22.0,UG/M3,1 Hr,Valid
Tashkent,PM2.5 - Principal,2023-05-03 03:00 AM,2023,05,03,03,24.8,78,Moderate,25.0,UG/M3,1 Hr,Valid
Tashkent,PM2.5 - Principal,2023-05-03 04:00 AM,2023,05,03,04,25.9,80,Moderate,27.0,UG/M3,1 Hr,Valid
Tashkent,PM2.5 - Principal,2023-05-03 05:00 AM,2023,05,03,05,20.4,68,Moderate,15.0,UG/M3,1 Hr,Valid
Tashkent,PM2.5 - Principal,2023-05-03 06:00 AM,2023,05,03,06,19.7,67,Moderate,19.0,UG/M3,1 Hr,Valid
Tashkent,PM2.5 - Principal,2023-05-03 07:00 AM,2023,05,03,07,15.8,59,Moderate,12.0,UG/M3,1 Hr,Valid
Tashkent,PM2.5 - Principal,2023-05-03 08:00 AM,2023,05,03,08,16.4,60,Moderate,17.0,UG/M3,1 Hr,Valid
Tashkent,PM2.5 - Principal,2023-05-03 09:00 AM,2023,05,03,09,14.2,55,Moderate,12.0,UG/M3,1 Hr,Valid
Tashkent,PM2.5 - Principal,2023-05-03 10:00 AM,2023,05,03,10,15.6,58,Moderate,17.0,UG/M3,1 Hr,Valid
Tashkent,PM2.5 - Principal,2023-05-03 11:00 AM,2023,05,03,11,13.8,55,Moderate,12.0,UG/M3,1 Hr,Valid
Tashkent,PM2.5 - Principal,2023-05-03 12:00 PM,2023,05,03,12,15.4,58,Moderate,17.0,UG/M3,1 Hr,Valid
Tashkent,PM2.5 - Principal,2023-05-03 01:00 PM,2023,05,03,13,13.6,54,Moderate,12.0,UG/M3,1 Hr,Valid
Tashkent,PM2.5 - Principal,2023-05-03 02:00 PM,2023,05,03,14,14.3,56,Moderate,15.0,UG/M3,1 Hr,Valid
Tashkent,PM2.5 - Principal,2023-05-03 03:00 PM,2023,05,03,15,11.6,48,Good,9.0,UG/M3,1 Hr,Valid
Tashkent,PM2.5 - Principal,2023-05-03 04:00 PM,2023,05,03,16,13.8,55,Moderate,16.0,UG/M3,1 Hr,Valid
Tashkent,PM2.5 - Principal,2023-05-03 05:00 PM,2023,05,03,17,10.9,45,Good,8.0,UG/M3,1 Hr,Valid
Tashkent,PM2.5 - Principal,2023-05-03 06:00 PM,2023,05,03,18,8.4,35,Good,6.0,UG/M3,1 Hr,Valid
Tashkent,PM2.5 - Principal,2023-05-03 07:00 PM,2023,05,03,19,7.2,30,Good,6.0,UG/M3,1 Hr,Valid
Tashkent,PM2.5 - Principal,2023-05-03 08:00 PM,2023,05,03,20,14.1,55,Moderate,21.0,UG/M3,1 Hr,Valid
Tashkent,PM2.5 - Principal,2023-05-03 09:00 PM,2023,05,03,21,13.0,53,Moderate,12.0,UG/M3,1 Hr,Valid
Tashkent,PM2.5 - Principal,2023-05-03 10:00 PM,2023,05,03,22,15.5,58,Moderate,18.0,UG/M3,1 Hr,Valid
Tashkent,PM2.5 - Principal,2023-05-03 11:00 PM,2023,05,03,23,14.2,55,Moderate,13.0,UG/M3,1 Hr,Valid
Tashkent,PM2.5 - Principal,2023-05-04 12:00 AM,2023,05,04,00,13.1,53,Moderate,12.0,UG/M3,1 Hr,Valid
Tashkent,PM2.5 - Principal,2023-05-04 01:00 AM,2023,05,04,01,15.0,57,Moderate,17.0,UG/M3,1 Hr,Valid
Tashkent,PM2.5 - Principal,2023-05-04 02:00 AM,2023,05,04,02,14.5,56,Moderate,14.0,UG/M3,1 Hr,Valid
Tashkent,PM2.5 - Principal,2023-05-04 03:00 AM,2023,05,04,03,21.2,70,Moderate,28.0,UG/M3,1 Hr,Valid
Tashkent,PM2.5 - Principal,2023-05-04 04:00 AM,2023,05,04,04,24.1,76,Moderate,27.0,UG/M3,1 Hr,Valid
Tashkent,PM2.5 - Principal,2023-05-04 05:00 AM,2023,05,04,05,22.0,72,Moderate,20.0,UG/M3,1 Hr,Valid
Tashkent,PM2.5 - Principal,2023-05-04 06:00 AM,2023,05,04,06,17.0,61,Moderate,12.0,UG/M3,1 Hr,Valid
Tashkent,PM2.5 - Principal,2023-05-04 07:00 AM,2023,05,04,07,16.5,60,Moderate,16.0,UG/M3,1 Hr,Valid
Tashkent,PM2.5 - Principal,2023-05-04 08:00 AM,2023,05,04,08,16.2,60,Moderate,16.0,UG/M3,1 Hr,Valid
Tashkent,PM2.5 - Principal,2023-05-04 09:00 AM,2023,05,04,09,13.6,54,Moderate,11.0,UG/M3,1 Hr,Valid
Tashkent,PM2.5 - Principal,2023-05-04 10:00 AM,2023,05,04,10,14.3,56,Moderate,15.0,UG/M3,1 Hr,Valid
Tashkent,PM2.5 - Principal,2023-05-04 11:00 AM,2023,05,04,11,11.1,46,Good,8.0,UG/M3,1 Hr,Valid
Tashkent,PM2.5 - Principal,2023-05-04 12:00 PM,2023,05,04,12,16.5,60,Moderate,22.0,UG/M3,1 Hr,Valid
Tashkent,PM2.5 - Principal,2023-05-04 01:00 PM,2023,05,04,13,19.2,66,Moderate,22.0,UG/M3,1 Hr,Valid
Tashkent,PM2.5 - Principal,2023-05-04 02:00 PM,2023,05,04,14,17.1,62,Moderate,15.0,UG/M3,1 Hr,Valid
Tashkent,PM2.5 - Principal,2023-05-04 03:00 PM,2023,05,04,15,17.5,62,Moderate,18.0,UG/M3,1 Hr,Valid
Tashkent,PM2.5 - Principal,2023-05-04 04:00 PM,2023,05,04,16,13.2,53,Moderate,9.0,UG/M3,1 Hr,Valid
Tashkent,PM2.5 - Principal,2023-05-04 05:00 PM,2023,05,04,17,10.1,42,Good,7.0,UG/M3,1 Hr,Valid
Tashkent,PM2.5 - Principal,2023-05-04 06:00 PM,2023,05,04,18,8.5,35,Good,7.0,UG/M3,1 Hr,Valid
Tashkent,PM2.5 - Principal,2023-05-04 07:00 PM,2023,05,04,19,10.2,43,Good,12.0,UG/M3,1 Hr,Valid
Tashkent,PM2.5 - Principal,2023-05-04 08:00 PM,2023,05,04,20,12.1,51,Moderate,14.0,UG/M3,1 Hr,Valid
Tashkent,PM2.5 - Principal,2023-05-04 09:00 PM,2023,05,04,21,18.5,64,Moderate,25.0,UG/M3,1 Hr,Valid
Tashkent,PM2.5 - Principal,2023-05-04 10:00 PM,2023,05,04,22,17.2,62,Moderate,16.0,UG/M3,1 Hr,Valid
Tashkent,PM2.5 - Principal,2023-05-04 11:00 PM,2023,05,04,23,22.6,73,Moderate,28.0,UG/M3,1 Hr,Valid
Tashkent,PM2.5 - Principal,2023-05-05 12:00 AM,2023,05,05,00,26.8,82,Moderate,31.0,UG/M3,1 Hr,Valid
Tashkent,PM2.5 - Principal,2023-05-05 01:00 AM,2023,05,05,01,28.4,85,Moderate,30.0,UG/M3,1 Hr,Valid
Tashkent,PM2.5 - Principal,2023-05-05 02:00 AM,2023,05,05,02,25.7,80,Moderate,23.0,UG/M3,1 Hr,Valid
Tashkent,PM2.5 - Principal,2023-05-05 03:00 AM,2023,05,05,03,25.8,80,Moderate,26.0,UG/M3,1 Hr,Valid
Tashkent,PM2.5 - Principal,2023-05-05 04:00 AM,2023,05,05,04,26.9,82,Moderate,28.0,UG/M3,1 Hr,Valid
Tashkent,PM2.5 - Principal,2023-05-05 05:00 AM,2023,05,05,05,26.4,81,Moderate,26.0,UG/M3,1 Hr,Valid
Tashkent,PM2.5 - Principal,2023-05-05 06:00 AM,2023,05,05,06,26.7,82,Moderate,27.0,UG/M3,1 Hr,Valid
Tashkent,PM2.5 - Principal,2023-05-05 07:00 AM,2023,05,05,07,23.8,76,Moderate,21.0,UG/M3,1 Hr,Valid
Tashkent,PM2.5 - Principal,2023-05-05 08:00 AM,2023,05,05,08,20.1,68,Moderate,16.0,UG/M3,1 Hr,Valid
Tashkent,PM2.5 - Principal,2023-05-05 09:00 AM,2023,05,05,09,21.5,71,Moderate,23.0,UG/M3,1 Hr,Valid
Tashkent,PM2.5 - Principal,2023-05-05 10:00 AM,2023,05,05,10,18.8,65,Moderate,16.0,UG/M3,1 Hr,Valid
Tashkent,PM2.5 - Principal,2023-05-05 11:00 AM,2023,05,05,11,13.8,55,Moderate,9.0,UG/M3,1 Hr,Valid
Tashkent,PM2.5 - Principal,2023-05-05 12:00 PM,2023,05,05,12,11.9,50,Good,10.0,UG/M3,1 Hr,Valid
Tashkent,PM2.5 - Principal,2023-05-05 01:00 PM,2023,05,05,13,9.9,41,Good,8.0,UG/M3,1 Hr,Valid
Tashkent,PM2.5 - Principal,2023-05-05 02:00 PM,2023,05,05,14,8.9,37,Good,8.0,UG/M3,1 Hr,Valid
Tashkent,PM2.5 - Principal,2023-05-05 03:00 PM,2023,05,05,15,7.4,31,Good,6.0,UG/M3,1 Hr,Valid
Tashkent,PM2.5 - Principal,2023-05-05 04:00 PM,2023,05,05,16,5.2,22,Good,3.0,UG/M3,1 Hr,Valid
Tashkent,PM2.5 - Principal,2023-05-05 05:00 PM,2023,05,05,17,3.6,15,Good,2.0,UG/M3,1 Hr,Valid
Tashkent,PM2.5 - Principal,2023-05-05 06:00 PM,2023,05,05,18,3.3,14,Good,3.0,UG/M3,1 Hr,Valid
Tashkent,PM2.5 - Principal,2023-05-05 07:00 PM,2023,05,05,19,7.6,32,Good,12.0,UG/M3,1 Hr,Valid
Tashkent,PM2.5 - Principal,2023-05-05 08:00 PM,2023,05,05,20,14.8,57,Moderate,22.0,UG/M3,1 Hr,Valid
Tashkent,PM2.5 - Principal,2023-05-05 09:00 PM,2023,05,05,21,26.9,82,Moderate,39.0,UG/M3,1 Hr,Valid
Tashkent,PM2.5 - Principal,2023-05-05 10:00 PM,2023,05,05,22,40.4,113,Unhealthy for Sensitive Groups,54.0,UG/M3,1 Hr,Valid
Tashkent,PM2.5 - Principal,2023-05-05 11:00 PM,2023,05,05,23,41.7,116,Unhealthy for Sensitive Groups,43.0,UG/M3,1 Hr,Valid
Tashkent,PM2.5 - Principal,2023-05-06 12:00 AM,2023,05,06,00,32.3,93,Moderate,23.0,UG/M3,1 Hr,Valid
Tashkent,PM2.5 - Principal,2023-05-06 01:00 AM,2023,05,06,01,28.6,86,Moderate,25.0,UG/M3,1 Hr,Valid
Tashkent,PM2.5 - Principal,2023-05-06 02:00 AM,2023,05,06,02,22.3,72,Moderate,16.0,UG/M3,1 Hr,Valid
Tashkent,PM2.5 - Principal,2023-05-06 03:00 AM,2023,05,06,03,23.6,75,Moderate,25.0,UG/M3,1 Hr,Valid
Tashkent,PM2.5 - Principal,2023-05-06 04:00 AM,2023,05,06,04,27.3,83,Moderate,31.0,UG/M3,1 Hr,Valid
Tashkent,PM2.5 - Principal,2023-05-06 05:00 AM,2023,05,06,05,32.6,94,Moderate,38.0,UG/M3,1 Hr,Valid
Tashkent,PM2.5 - Principal,2023-05-06 06:00 AM,2023,05,06,06,35.3,100,Moderate,38.0,UG/M3,1 Hr,Valid
Tashkent,PM2.5 - Principal,2023-05-06 07:00 AM,2023,05,06,07,37.1,105,Unhealthy for Sensitive Groups,39.0,UG/M3,1 Hr,Valid
Tashkent,PM2.5 - Principal,2023-05-06 08:00 AM,2023,05,06,08,44.0,122,Unhealthy for Sensitive Groups,51.0,UG/M3,1 Hr,Valid
Tashkent,PM2.5 - Principal,2023-05-06 09:00 AM,2023,05,06,09,47.5,131,Unhealthy for Sensitive Groups,51.0,UG/M3,1 Hr,Valid
Tashkent,PM2.5 - Principal,2023-05-06 10:00 AM,2023,05,06,10,47.5,131,Unhealthy for Sensitive Groups,-999.0,UG/M3,1 Hr,Missing
Tashkent,PM2.5 - Principal,2023-05-06 11:00 AM,2023,05,06,11,34.5,98,Moderate,28.0,UG/M3,1 Hr,Valid
Tashkent,PM2.5 - Principal,2023-05-06 12:00 PM,2023,05,06,12,30.7,90,Moderate,28.0,UG/M3,1 Hr,Valid
Tashkent,PM2.5 - Principal,2023-05-06 01:00 PM,2023,05,06,13,19.1,66,Moderate,9.0,UG/M3,1 Hr,Valid
Tashkent,PM2.5 - Principal,2023-05-06 02:00 PM,2023,05,06,14,17.5,62,Moderate,16.0,UG/M3,1 Hr,Valid
Tashkent,PM2.5 - Principal,2023-05-06 03:00 PM,2023,05,06,15,14.7,56,Moderate,12.0,UG/M3,1 Hr,Valid
Tashkent,PM2.5 - Principal,2023-05-06 04:00 PM,2023,05,06,16,14.3,56,Moderate,14.0,UG/M3,1 Hr,Valid
Tashkent,PM2.5 - Principal,2023-05-06 05:00 PM,2023,05,06,17,14.1,55,Moderate,14.0,UG/M3,1 Hr,Valid
Tashkent,PM2.5 - Principal,2023-05-06 06:00 PM,2023,05,06,18,13.0,53,Moderate,12.0,UG/M3,1 Hr,Valid
Tashkent,PM2.5 - Principal,2023-05-06 07:00 PM,2023,05,06,19,14.5,56,Moderate,16.0,UG/M3,1 Hr,Valid
Tashkent,PM2.5 - Principal,2023-05-06 08:00 PM,2023,05,06,20,17.2,62,Moderate,20.0,UG/M3,1 Hr,Valid
Tashkent,PM2.5 - Principal,2023-05-06 09:00 PM,2023,05,06,21,19.6,67,Moderate,22.0,UG/M3,1 Hr,Valid
Tashkent,PM2.5 - Principal,2023-05-06 10:00 PM,2023,05,06,22,22.3,72,Moderate,25.0,UG/M3,1 Hr,Valid
Tashkent,PM2.5 - Principal,2023-05-06 11:00 PM,2023,05,06,23,20.6,69,Moderate,19.0,UG/M3,1 Hr,Valid
Tashkent,PM2.5 - Principal,2023-05-07 12:00 AM,2023,05,07,00,21.8,71,Moderate,23.0,UG/M3,1 Hr,Valid
Tashkent,PM2.5 - Principal,2023-05-07 01:00 AM,2023,05,07,01,24.9,78,Moderate,28.0,UG/M3,1 Hr,Valid
Tashkent,PM2.5 - Principal,2023-05-07 02:00 AM,2023,05,07,02,24.4,77,Moderate,24.0,UG/M3,1 Hr,Valid
Tashkent,PM2.5 - Principal,2023-05-07 03:00 AM,2023,05,07,03,26.7,82,Moderate,29.0,UG/M3,1 Hr,Valid
Tashkent,PM2.5 - Principal,2023-05-07 04:00 AM,2023,05,07,04,29.8,88,Moderate,33.0,UG/M3,1 Hr,Valid
Tashkent,PM2.5 - Principal,2023-05-07 05:00 AM,2023,05,07,05,28.9,86,Moderate,28.0,UG/M3,1 Hr,Valid
Tashkent,PM2.5 - Principal,2023-05-07 06:00 AM,2023,05,07,06,31.9,93,Moderate,35.0,UG/M3,1 Hr,Valid
Tashkent,PM2.5 - Principal,2023-05-07 07:00 AM,2023,05,07,07,41.9,117,Unhealthy for Sensitive Groups,52.0,UG/M3,1 Hr,Valid
Tashkent,PM2.5 - Principal,2023-05-07 08:00 AM,2023,05,07,08,32.4,94,Moderate,23.0,UG/M3,1 Hr,Valid
Tashkent,PM2.5 - Principal,2023-05-07 09:00 AM,2023,05,07,09,26.7,82,Moderate,21.0,UG/M3,1 Hr,Valid
Tashkent,PM2.5 - Principal,2023-05-07 10:00 AM,2023,05,07,10,20.3,68,Moderate,14.0,UG/M3,1 Hr,Valid
Tashkent,PM2.5 - Principal,2023-05-07 11:00 AM,2023,05,07,11,15.6,58,Moderate,11.0,UG/M3,1 Hr,Valid
Tashkent,PM2.5 - Principal,2023-05-07 12:00 PM,2023,05,07,12,13.8,55,Moderate,12.0,UG/M3,1 Hr,Valid
Tashkent,PM2.5 - Principal,2023-05-07 01:00 PM,2023,05,07,13,11.4,48,Good,9.0,UG/M3,1 Hr,Valid
Tashkent,PM2.5 - Principal,2023-05-07 02:00 PM,2023,05,07,14,9.2,38,Good,7.0,UG/M3,1 Hr,Valid
Tashkent,PM2.5 - Principal,2023-05-07 03:00 PM,2023,05,07,15,8.1,34,Good,7.0,UG/M3,1 Hr,Valid
Tashkent,PM2.5 - Principal,2023-05-07 04:00 PM,2023,05,07,16,8.0,33,Good,-999.0,UG/M3,1 Hr,Missing
Tashkent,PM2.5 - Principal,2023-05-07 06:00 PM,2023,05,07,18,-999.0,-999,N/A,8.0,UG/M3,1 Hr,Valid
Tashkent,PM2.5 - Principal,2023-05-07 07:00 PM,2023,05,07,19,7.3,30,Good,7.0,UG/M3,1 Hr,Valid
Tashkent,PM2.5 - Principal,2023-05-07 08:00 PM,2023,05,07,20,7.1,30,Good,7.0,UG/M3,1 Hr,Valid
Tashkent,PM2.5 - Principal,2023-05-07 09:00 PM,2023,05,07,21,29.6,88,Moderate,50.0,UG/M3,1 Hr,Valid
Tashkent,PM2.5 - Principal,2023-05-07 10:00 PM,2023,05,07,22,23.6,75,Moderate,18.0,UG/M3,1 Hr,Valid
Tashkent,PM2.5 - Principal,2023-05-07 11:00 PM,2023,05,07,23,24.3,77,Moderate,25.0,UG/M3,1 Hr,Valid
Tashkent,PM2.5 - Principal,2023-05-08 12:00 AM,2023,05,08,00,27.6,84,Moderate,31.0,UG/M3,1 Hr,Valid
Tashkent,PM2.5 - Principal,2023-05-08 01:00 AM,2023,05,08,01,22.3,72,Moderate,17.0,UG/M3,1 Hr,Valid
Tashkent,PM2.5 - Principal,2023-05-08 02:00 AM,2023,05,08,02,17.6,63,Moderate,13.0,UG/M3,1 Hr,Valid
Tashkent,PM2.5 - Principal,2023-05-08 03:00 AM,2023,05,08,03,17.3,62,Moderate,17.0,UG/M3,1 Hr,Valid
Tashkent,PM2.5 - Principal,2023-05-08 04:00 AM,2023,05,08,04,14.1,55,Moderate,11.0,UG/M3,1 Hr,Valid
Tashkent,PM2.5 - Principal,2023-05-08 05:00 AM,2023,05,08,05,11.0,46,Good,8.0,UG/M3,1 Hr,Valid
Tashkent,PM2.5 - Principal,2023-05-08 06:00 AM,2023,05,08,06,9.5,40,Good,8.0,UG/M3,1 Hr,Valid
Tashkent,PM2.5 - Principal,2023-05-08 07:00 AM,2023,05,08,07,18.2,64,Moderate,27.0,UG/M3,1 Hr,Valid
Tashkent,PM2.5 - Principal,2023-05-08 08:00 AM,2023,05,08,08,15.6,58,Moderate,13.0,UG/M3,1 Hr,Valid
Tashkent,PM2.5 - Principal,2023-05-08 09:00 AM,2023,05,08,09,15.8,59,Moderate,16.0,UG/M3,1 Hr,Valid
Tashkent,PM2.5 - Principal,2023-05-08 10:00 AM,2023,05,08,10,18.4,64,Moderate,21.0,UG/M3,1 Hr,Valid
Tashkent,PM2.5 - Principal,2023-05-08 11:00 AM,2023,05,08,11,16.7,61,Moderate,15.0,UG/M3,1 Hr,Valid
Tashkent,PM2.5 - Principal,2023-05-08 12:00 PM,2023,05,08,12,16.3,60,Moderate,16.0,UG/M3,1 Hr,Valid
Tashkent,PM2.5 - Principal,2023-05-08 01:00 PM,2023,05,08,13,17.1,62,Moderate,18.0,UG/M3,1 Hr,Valid
Tashkent,PM2.5 - Principal,2023-05-08 02:00 PM,2023,05,08,14,17.5,62,Moderate,18.0,UG/M3,1 Hr,Valid
Tashkent,PM2.5 - Principal,2023-05-08 03:00 PM,2023,05,08,15,16.2,60,Moderate,15.0,UG/M3,1 Hr,Valid
Tashkent,PM2.5 - Principal,2023-05-08 04:00 PM,2023,05,08,16,17.1,62,Moderate,18.0,UG/M3,1 Hr,Valid
Tashkent,PM2.5 - Principal,2023-05-08 05:00 PM,2023,05,08,17,17.0,61,Moderate,17.0,UG/M3,1 Hr,Valid
Tashkent,PM2.5 - Principal,2023-05-08 06:00 PM,2023,05,08,18,16.5,60,Moderate,16.0,UG/M3,1 Hr,Valid
Tashkent,PM2.5 - Principal,2023-05-08 07:00 PM,2023,05,08,19,17.5,62,Moderate,19.0,UG/M3,1 Hr,Valid
Tashkent,PM2.5 - Principal,2023-05-08 08:00 PM,2023,05,08,20,19.4,66,Moderate,23.0,UG/M3,1 Hr,Valid
Tashkent,PM2.5 - Principal,2023-05-08 09:00 PM,2023,05,08,21,22.4,73,Moderate,26.0,UG/M3,1 Hr,Valid
Tashkent,PM2.5 - Principal,2023-05-08 10:00 PM,2023,05,08,22,21.8,71,Moderate,21.0,UG/M3,1 Hr,Valid
Tashkent,PM2.5 - Principal,2023-05-08 11:00 PM,2023,05,08,23,21.4,71,Moderate,21.0,UG/M3,1 Hr,Valid
Tashkent,PM2.5 - Principal,2023-05-09 12:00 AM,2023,05,09,00,20.4,68,Moderate,19.0,UG/M3,1 Hr,Valid
Tashkent,PM2.5 - Principal,2023-05-09 01:00 AM,2023,05,09,01,20.6,69,Moderate,21.0,UG/M3,1 Hr,Valid
Tashkent,PM2.5 - Principal,2023-05-09 02:00 AM,2023,05,09,02,17.5,62,Moderate,14.0,UG/M3,1 Hr,Valid
Tashkent,PM2.5 - Principal,2023-05-09 03:00 AM,2023,05,09,03,16.8,61,Moderate,16.0,UG/M3,1 Hr,Valid
Tashkent,PM2.5 - Principal,2023-05-09 04:00 AM,2023,05,09,04,15.5,58,Moderate,14.0,UG/M3,1 Hr,Valid
Tashkent,PM2.5 - Principal,2023-05-09 05:00 AM,2023,05,09,05,17.5,62,Moderate,20.0,UG/M3,1 Hr,Valid
Tashkent,PM2.5 - Principal,2023-05-09 06:00 AM,2023,05,09,06,14.8,57,Moderate,12.0,UG/M3,1 Hr,Valid
Tashkent,PM2.5 - Principal,2023-05-09 07:00 AM,2023,05,09,07,14.9,57,Moderate,15.0,UG/M3,1 Hr,Valid
Tashkent,PM2.5 - Principal,2023-05-09 08:00 AM,2023,05,09,08,16.4,60,Moderate,18.0,UG/M3,1 Hr,Valid
Tashkent,PM2.5 - Principal,2023-05-09 09:00 AM,2023,05,09,09,17.4,62,Moderate,19.0,UG/M3,1 Hr,Valid
Tashkent,PM2.5 - Principal,2023-05-09 10:00 AM,2023,05,09,10,21.8,71,Moderate,26.0,UG/M3,1 Hr,Valid
Tashkent,PM2.5 - Principal,2023-05-09 11:00 AM,2023,05,09,11,24.4,77,Moderate,27.0,UG/M3,1 Hr,Valid
Tashkent,PM2.5 - Principal,2023-05-09 12:00 PM,2023,05,09,12,25.7,80,Moderate,27.0,UG/M3,1 Hr,Valid
Tashkent,PM2.5 - Principal,2023-05-09 01:00 PM,2023,05,09,13,25.7,80,Moderate,-999.0,UG/M3,1 Hr,Missing
Tashkent,PM2.5 - Principal,2023-05-10 07:00 PM,2023,05,10,19,-999.0,-999,N/A,20.0,UG/M3,1 Hr,Valid
Tashkent,PM2.5 - Principal,2023-05-10 08:00 PM,2023,05,10,20,27.3,83,Moderate,32.0,UG/M3,1 Hr,Valid
Tashkent,PM2.5 - Principal,2023-05-10 09:00 PM,2023,05,10,21,29.6,88,Moderate,32.0,UG/M3,1 Hr,Valid
Tashkent,PM2.5 - Principal,2023-05-10 10:00 PM,2023,05,10,22,36.5,103,Unhealthy for Sensitive Groups,42.0,UG/M3,1 Hr,Valid
Tashkent,PM2.5 - Principal,2023-05-10 11:00 PM,2023,05,10,23,37.8,107,Unhealthy for Sensitive Groups,39.0,UG/M3,1 Hr,Valid
Tashkent,PM2.5 - Principal,2023-05-11 12:00 AM,2023,05,11,00,32.8,95,Moderate,28.0,UG/M3,1 Hr,Valid
Tashkent,PM2.5 - Principal,2023-05-11 01:00 AM,2023,05,11,01,30.3,89,Moderate,28.0,UG/M3,1 Hr,Valid
Tashkent,PM2.5 - Principal,2023-05-11 02:00 AM,2023,05,11,02,27.6,84,Moderate,25.0,UG/M3,1 Hr,Valid
Tashkent,PM2.5 - Principal,2023-05-11 03:00 AM,2023,05,11,03,21.8,71,Moderate,16.0,UG/M3,1 Hr,Valid
Tashkent,PM2.5 - Principal,2023-05-11 04:00 AM,2023,05,11,04,19.4,66,Moderate,17.0,UG/M3,1 Hr,Valid
Tashkent,PM2.5 - Principal,2023-05-11 05:00 AM,2023,05,11,05,17.7,63,Moderate,16.0,UG/M3,1 Hr,Valid
Tashkent,PM2.5 - Principal,2023-05-11 06:00 AM,2023,05,11,06,15.8,59,Moderate,14.0,UG/M3,1 Hr,Valid
Tashkent,PM2.5 - Principal,2023-05-11 07:00 AM,2023,05,11,07,15.9,59,Moderate,16.0,UG/M3,1 Hr,Valid
Tashkent,PM2.5 - Principal,2023-05-11 08:00 AM,2023,05,11,08,21.4,71,Moderate,27.0,UG/M3,1 Hr,Valid
Tashkent,PM2.5 - Principal,2023-05-11 09:00 AM,2023,05,11,09,34.2,97,Moderate,47.0,UG/M3,1 Hr,Valid
Tashkent,PM2.5 - Principal,2023-05-11 10:00 AM,2023,05,11,10,25.6,79,Moderate,17.0,UG/M3,1 Hr,Valid
Tashkent,PM2.5 - Principal,2023-05-11 11:00 AM,2023,05,11,11,23.3,75,Moderate,21.0,UG/M3,1 Hr,Valid
Tashkent,PM2.5 - Principal,2023-05-11 12:00 PM,2023,05,11,12,21.1,70,Moderate,19.0,UG/M3,1 Hr,Valid
Tashkent,PM2.5 - Principal,2023-05-11 01:00 PM,2023,05,11,13,26.5,81,Moderate,32.0,UG/M3,1 Hr,Valid
Tashkent,PM2.5 - Principal,2023-05-11 02:00 PM,2023,05,11,14,20.2,68,Moderate,14.0,UG/M3,1 Hr,Valid
Tashkent,PM2.5 - Principal,2023-05-11 03:00 PM,2023,05,11,15,17.6,63,Moderate,15.0,UG/M3,1 Hr,Valid
Tashkent,PM2.5 - Principal,2023-05-11 04:00 PM,2023,05,11,16,18.3,64,Moderate,19.0,UG/M3,1 Hr,Valid
Tashkent,PM2.5 - Principal,2023-05-11 05:00 PM,2023,05,11,17,18.6,65,Moderate,19.0,UG/M3,1 Hr,Valid
Tashkent,PM2.5 - Principal,2023-05-11 06:00 PM,2023,05,11,18,18.6,65,Moderate,-999.0,UG/M3,1 Hr,Missing
Tashkent,PM2.5 - Principal,2023-05-11 07:00 PM,2023,05,11,19,34.2,97,Moderate,42.0,UG/M3,1 Hr,Valid
Tashkent,PM2.5 - Principal,2023-05-11 08:00 PM,2023,05,11,20,34.0,97,Moderate,34.0,UG/M3,1 Hr,Valid
Tashkent,PM2.5 - Principal,2023-05-11 09:00 PM,2023,05,11,21,34.5,98,Moderate,35.0,UG/M3,1 Hr,Valid
Tashkent,PM2.5 - Principal,2023-05-11 10:00 PM,2023,05,11,22,36.3,103,Unhealthy for Sensitive Groups,38.0,UG/M3,1 Hr,Valid
Tashkent,PM2.5 - Principal,2023-05-11 11:00 PM,2023,05,11,23,37.6,106,Unhealthy for Sensitive Groups,39.0,UG/M3,1 Hr,Valid
Tashkent,PM2.5 - Principal,2023-05-12 12:00 AM,2023,05,12,00,36.8,104,Unhealthy for Sensitive Groups,36.0,UG/M3,1 Hr,Valid
Tashkent,PM2.5 - Principal,2023-05-12 01:00 AM,2023,05,12,01,32.4,94,Moderate,28.0,UG/M3,1 Hr,Valid
Tashkent,PM2.5 - Principal,2023-05-12 02:00 AM,2023,05,12,02,32.7,94,Moderate,33.0,UG/M3,1 Hr,Valid
Tashkent,PM2.5 - Principal,2023-05-12 03:00 AM,2023,05,12,03,34.3,98,Moderate,36.0,UG/M3,1 Hr,Valid
Tashkent,PM2.5 - Principal,2023-05-12 04:00 AM,2023,05,12,04,32.6,94,Moderate,31.0,UG/M3,1 Hr,Valid
Tashkent,PM2.5 - Principal,2023-05-12 05:00 AM,2023,05,12,05,31.8,92,Moderate,29.0,UG/M3,1 Hr,Valid
Tashkent,PM2.5 - Principal,2023-05-12 06:00 AM,2023,05,12,06,31.5,92,Moderate,31.0,UG/M3,1 Hr,Valid
Tashkent,PM2.5 - Principal,2023-05-12 07:00 AM,2023,05,12,07,33.2,95,Moderate,37.0,UG/M3,1 Hr,Valid
Tashkent,PM2.5 - Principal,2023-05-12 08:00 AM,2023,05,12,08,33.7,96,Moderate,35.0,UG/M3,1 Hr,Valid
Tashkent,PM2.5 - Principal,2023-05-12 09:00 AM,2023,05,12,09,32.1,93,Moderate,28.0,UG/M3,1 Hr,Valid
Tashkent,PM2.5 - Principal,2023-05-12 10:00 AM,2023,05,12,10,30.8,90,Moderate,28.0,UG/M3,1 Hr,Valid
Tashkent,PM2.5 - Principal,2023-05-12 11:00 AM,2023,05,12,11,33.5,96,Moderate,40.0,UG/M3,1 Hr,Valid
Tashkent,PM2.5 - Principal,2023-05-12 12:00 PM,2023,05,12,12,31.4,92,Moderate,27.0,UG/M3,1 Hr,Valid
Tashkent,PM2.5 - Principal,2023-05-12 01:00 PM,2023,05,12,13,28.9,86,Moderate,25.0,UG/M3,1 Hr,Valid
Tashkent,PM2.5 - Principal,2023-05-12 02:00 PM,2023,05,12,14,26.1,80,Moderate,23.0,UG/M3,1 Hr,Valid
Tashkent,PM2.5 - Principal,2023-05-12 03:00 PM,2023,05,12,15,25.2,79,Moderate,24.0,UG/M3,1 Hr,Valid
Tashkent,PM2.5 - Principal,2023-05-12 04:00 PM,2023,05,12,16,18.8,65,Moderate,13.0,UG/M3,1 Hr,Valid
Tashkent,PM2.5 - Principal,2023-05-12 05:00 PM,2023,05,12,17,17.4,62,Moderate,16.0,UG/M3,1 Hr,Valid
Tashkent,PM2.5 - Principal,2023-05-12 06:00 PM,2023,05,12,18,17.7,63,Moderate,18.0,UG/M3,1 Hr,Valid
Tashkent,PM2.5 - Principal,2023-05-12 07:00 PM,2023,05,12,19,23.8,76,Moderate,30.0,UG/M3,1 Hr,Valid
Tashkent,PM2.5 - Principal,2023-05-12 08:00 PM,2023,05,12,20,25.9,80,Moderate,28.0,UG/M3,1 Hr,Valid
Tashkent,PM2.5 - Principal,2023-05-12 09:00 PM,2023,05,12,21,25.9,80,Moderate,26.0,UG/M3,1 Hr,Valid
Tashkent,PM2.5 - Principal,2023-05-12 10:00 PM,2023,05,12,22,23.4,75,Moderate,21.0,UG/M3,1 Hr,Valid
Tashkent,PM2.5 - Principal,2023-05-12 11:00 PM,2023,05,12,23,22.2,72,Moderate,21.0,UG/M3,1 Hr,Valid
Tashkent,PM2.5 - Principal,2023-05-13 12:00 AM,2023,05,13,00,21.6,71,Moderate,21.0,UG/M3,1 Hr,Valid
Tashkent,PM2.5 - Principal,2023-05-13 01:00 AM,2023,05,13,01,17.8,63,Moderate,14.0,UG/M3,1 Hr,Valid
Tashkent,PM2.5 - Principal,2023-05-13 02:00 AM,2023,05,13,02,13.4,54,Moderate,9.0,UG/M3,1 Hr,Valid
Tashkent,PM2.5 - Principal,2023-05-13 03:00 AM,2023,05,13,03,10.6,44,Good,8.0,UG/M3,1 Hr,Valid
Tashkent,PM2.5 - Principal,2023-05-13 04:00 AM,2023,05,13,04,9.8,41,Good,9.0,UG/M3,1 Hr,Valid
Tashkent,PM2.5 - Principal,2023-05-13 05:00 AM,2023,05,13,05,13.4,54,Moderate,17.0,UG/M3,1 Hr,Valid
Tashkent,PM2.5 - Principal,2023-05-13 06:00 AM,2023,05,13,06,18.7,65,Moderate,24.0,UG/M3,1 Hr,Valid
Tashkent,PM2.5 - Principal,2023-05-13 07:00 AM,2023,05,13,07,14.8,57,Moderate,11.0,UG/M3,1 Hr,Valid
Tashkent,PM2.5 - Principal,2023-05-13 08:00 AM,2023,05,13,08,15.4,58,Moderate,16.0,UG/M3,1 Hr,Valid
Tashkent,PM2.5 - Principal,2023-05-13 09:00 AM,2023,05,13,09,25.2,79,Moderate,35.0,UG/M3,1 Hr,Valid
Tashkent,PM2.5 - Principal,2023-05-13 10:00 AM,2023,05,13,10,29.6,88,Moderate,34.0,UG/M3,1 Hr,Valid
Tashkent,PM2.5 - Principal,2023-05-13 11:00 AM,2023,05,13,11,31.3,91,Moderate,33.0,UG/M3,1 Hr,Valid
Tashkent,PM2.5 - Principal,2023-05-13 12:00 PM,2023,05,13,12,32.1,93,Moderate,33.0,UG/M3,1 Hr,Valid
Tashkent,PM2.5 - Principal,2023-05-13 01:00 PM,2023,05,13,13,32.1,93,Moderate,-999.0,UG/M3,1 Hr,Missing
Tashkent,PM2.5 - Principal,2023-05-13 02:00 PM,2023,05,13,14,26.7,82,Moderate,24.0,UG/M3,1 Hr,Valid
Tashkent,PM2.5 - Principal,2023-05-13 03:00 PM,2023,05,13,15,26.8,82,Moderate,27.0,UG/M3,1 Hr,Valid
Tashkent,PM2.5 - Principal,2023-05-13 04:00 PM,2023,05,13,16,28.5,85,Moderate,30.0,UG/M3,1 Hr,Valid
Tashkent,PM2.5 - Principal,2023-05-13 05:00 PM,2023,05,13,17,27.2,83,Moderate,26.0,UG/M3,1 Hr,Valid
Tashkent,PM2.5 - Principal,2023-05-13 06:00 PM,2023,05,13,18,27.1,83,Moderate,27.0,UG/M3,1 Hr,Valid
Tashkent,PM2.5 - Principal,2023-05-13 07:00 PM,2023,05,13,19,27.5,83,Moderate,28.0,UG/M3,1 Hr,Valid
Tashkent,PM2.5 - Principal,2023-05-13 08:00 PM,2023,05,13,20,22.8,74,Moderate,18.0,UG/M3,1 Hr,Valid
Tashkent,PM2.5 - Principal,2023-05-13 09:00 PM,2023,05,13,21,21.5,71,Moderate,20.0,UG/M3,1 Hr,Valid
Tashkent,PM2.5 - Principal,2023-05-13 10:00 PM,2023,05,13,22,20.0,68,Moderate,18.0,UG/M3,1 Hr,Valid
Tashkent,PM2.5 - Principal,2023-05-13 11:00 PM,2023,05,13,23,18.4,64,Moderate,17.0,UG/M3,1 Hr,Valid
Tashkent,PM2.5 - Principal,2023-05-14 12:00 AM,2023,05,14,00,16.1,59,Moderate,14.0,UG/M3,1 Hr,Valid
Tashkent,PM2.5 - Principal,2023-05-14 01:00 AM,2023,05,14,01,17.0,61,Moderate,18.0,UG/M3,1 Hr,Valid
Tashkent,PM2.5 - Principal,2023-05-14 02:00 AM,2023,05,14,02,19.0,66,Moderate,21.0,UG/M3,1 Hr,Valid
Tashkent,PM2.5 - Principal,2023-05-14 03:00 AM,2023,05,14,03,16.5,60,Moderate,14.0,UG/M3,1 Hr,Valid
Tashkent,PM2.5 - Principal,2023-05-14 04:00 AM,2023,05,14,04,13.2,53,Moderate,10.0,UG/M3,1 Hr,Valid
Tashkent,PM2.5 - Principal,2023-05-14 05:00 AM,2023,05,14,05,10.6,44,Good,8.0,UG/M3,1 Hr,Valid
Tashkent,PM2.5 - Principal,2023-05-14 06:00 AM,2023,05,14,06,10.3,43,Good,10.0,UG/M3,1 Hr,Valid
Tashkent,PM2.5 - Principal,2023-05-14 07:00 AM,2023,05,14,07,17.1,62,Moderate,24.0,UG/M3,1 Hr,Valid
Tashkent,PM2.5 - Principal,2023-05-14 08:00 AM,2023,05,14,08,16.0,59,Moderate,15.0,UG/M3,1 Hr,Valid
Tashkent,PM2.5 - Principal,2023-05-14 09:00 AM,2023,05,14,09,26.0,80,Moderate,36.0,UG/M3,1 Hr,Valid
Tashkent,PM2.5 - Principal,2023-05-14 10:00 AM,2023,05,14,10,24.5,77,Moderate,23.0,UG/M3,1 Hr,Valid
Tashkent,PM2.5 - Principal,2023-05-14 11:00 AM,2023,05,14,11,23.7,75,Moderate,23.0,UG/M3,1 Hr,Valid
Tashkent,PM2.5 - Principal,2023-05-14 12:00 PM,2023,05,14,12,29.8,88,Moderate,36.0,UG/M3,1 Hr,Valid
Tashkent,PM2.5 - Principal,2023-05-14 01:00 PM,2023,05,14,13,29.4,87,Moderate,29.0,UG/M3,1 Hr,Valid
Tashkent,PM2.5 - Principal,2023-05-14 02:00 PM,2023,05,14,14,28.7,86,Moderate,28.0,UG/M3,1 Hr,Valid
Tashkent,PM2.5 - Principal,2023-05-14 03:00 PM,2023,05,14,15,22.3,72,Moderate,16.0,UG/M3,1 Hr,Valid
Tashkent,PM2.5 - Principal,2023-05-14 04:00 PM,2023,05,14,16,17.6,63,Moderate,13.0,UG/M3,1 Hr,Valid
Tashkent,PM2.5 - Principal,2023-05-14 05:00 PM,2023,05,14,17,13.8,55,Moderate,10.0,UG/M3,1 Hr,Valid
Tashkent,PM2.5 - Principal,2023-05-14 06:00 PM,2023,05,14,18,14.9,57,Moderate,16.0,UG/M3,1 Hr,Valid
Tashkent,PM2.5 - Principal,2023-05-14 07:00 PM,2023,05,14,19,16.9,61,Moderate,19.0,UG/M3,1 Hr,Valid
Tashkent,PM2.5 - Principal,2023-05-14 08:00 PM,2023,05,14,20,17.4,62,Moderate,18.0,UG/M3,1 Hr,Valid
Tashkent,PM2.5 - Principal,2023-05-14 09:00 PM,2023,05,14,21,17.2,62,Moderate,17.0,UG/M3,1 Hr,Valid
Tashkent,PM2.5 - Principal,2023-05-14 10:00 PM,2023,05,14,22,17.1,62,Moderate,17.0,UG/M3,1 Hr,Valid
Tashkent,PM2.5 - Principal,2023-05-14 11:00 PM,2023,05,14,23,16.0,59,Moderate,15.0,UG/M3,1 Hr,Valid
Tashkent,PM2.5 - Principal,2023-05-15 12:00 AM,2023,05,15,00,15.0,57,Moderate,14.0,UG/M3,1 Hr,Valid
Tashkent,PM2.5 - Principal,2023-05-15 01:00 AM,2023,05,15,01,13.5,54,Moderate,12.0,UG/M3,1 Hr,Valid
Tashkent,PM2.5 - Principal,2023-05-15 02:00 AM,2023,05,15,02,12.8,52,Moderate,12.0,UG/M3,1 Hr,Valid
Tashkent,PM2.5 - Principal,2023-05-15 03:00 AM,2023,05,15,03,10.8,45,Good,9.0,UG/M3,1 Hr,Valid
Tashkent,PM2.5 - Principal,2023-05-15 04:00 AM,2023,05,15,04,9.4,39,Good,8.0,UG/M3,1 Hr,Valid
Tashkent,PM2.5 - Principal,2023-05-15 05:00 AM,2023,05,15,05,10.2,43,Good,11.0,UG/M3,1 Hr,Valid
Tashkent,PM2.5 - Principal,2023-05-15 06:00 AM,2023,05,15,06,10.1,42,Good,10.0,UG/M3,1 Hr,Valid
Tashkent,PM2.5 - Principal,2023-05-15 07:00 AM,2023,05,15,07,10.5,44,Good,11.0,UG/M3,1 Hr,Valid
Tashkent,PM2.5 - Principal,2023-05-15 08:00 AM,2023,05,15,08,13.7,54,Moderate,17.0,UG/M3,1 Hr,Valid
Tashkent,PM2.5 - Principal,2023-05-15 09:00 AM,2023,05,15,09,15.3,58,Moderate,17.0,UG/M3,1 Hr,Valid
Tashkent,PM2.5 - Principal,2023-05-15 10:00 AM,2023,05,15,10,16.1,59,Moderate,17.0,UG/M3,1 Hr,Valid
Tashkent,PM2.5 - Principal,2023-05-15 11:00 AM,2023,05,15,11,15.0,57,Moderate,14.0,UG/M3,1 Hr,Valid
Tashkent,PM2.5 - Principal,2023-05-15 12:00 PM,2023,05,15,12,13.5,54,Moderate,12.0,UG/M3,1 Hr,Valid
Tashkent,PM2.5 - Principal,2023-05-15 01:00 PM,2023,05,15,13,11.7,49,Good,10.0,UG/M3,1 Hr,Valid
Tashkent,PM2.5 - Principal,2023-05-15 02:00 PM,2023,05,15,14,10.8,45,Good,10.0,UG/M3,1 Hr,Valid
Tashkent,PM2.5 - Principal,2023-05-15 03:00 PM,2023,05,15,15,10.4,43,Good,10.0,UG/M3,1 Hr,Valid
Tashkent,PM2.5 - Principal,2023-05-15 04:00 PM,2023,05,15,16,11.6,48,Good,13.0,UG/M3,1 Hr,Valid
Tashkent,PM2.5 - Principal,2023-05-15 05:00 PM,2023,05,15,17,13.8,55,Moderate,17.0,UG/M3,1 Hr,Valid
Tashkent,PM2.5 - Principal,2023-05-15 06:00 PM,2023,05,15,18,15.1,57,Moderate,17.0,UG/M3,1 Hr,Valid
Tashkent,PM2.5 - Principal,2023-05-15 07:00 PM,2023,05,15,19,22.8,74,Moderate,30.0,UG/M3,1 Hr,Valid
Tashkent,PM2.5 - Principal,2023-05-15 08:00 PM,2023,05,15,20,26.9,82,Moderate,31.0,UG/M3,1 Hr,Valid
Tashkent,PM2.5 - Principal,2023-05-15 09:00 PM,2023,05,15,21,37.4,106,Unhealthy for Sensitive Groups,48.0,UG/M3,1 Hr,Valid
Tashkent,PM2.5 - Principal,2023-05-15 10:00 PM,2023,05,15,22,43.7,121,Unhealthy for Sensitive Groups,50.0,UG/M3,1 Hr,Valid
Tashkent,PM2.5 - Principal,2023-05-15 11:00 PM,2023,05,15,23,38.8,109,Unhealthy for Sensitive Groups,34.0,UG/M3,1 Hr,Valid
Tashkent,PM2.5 - Principal,2023-05-16 12:00 AM,2023,05,16,00,32.9,95,Moderate,27.0,UG/M3,1 Hr,Valid
Tashkent,PM2.5 - Principal,2023-05-16 01:00 AM,2023,05,16,01,29.9,88,Moderate,27.0,UG/M3,1 Hr,Valid
Tashkent,PM2.5 - Principal,2023-05-16 02:00 AM,2023,05,16,02,25.4,79,Moderate,21.0,UG/M3,1 Hr,Valid
Tashkent,PM2.5 - Principal,2023-05-16 03:00 AM,2023,05,16,03,35.2,100,Moderate,45.0,UG/M3,1 Hr,Valid
Tashkent,PM2.5 - Principal,2023-05-16 04:00 AM,2023,05,16,04,45.1,125,Unhealthy for Sensitive Groups,55.0,UG/M3,1 Hr,Valid
Tashkent,PM2.5 - Principal,2023-05-16 05:00 AM,2023,05,16,05,39.5,111,Unhealthy for Sensitive Groups,34.0,UG/M3,1 Hr,Valid
Tashkent,PM2.5 - Principal,2023-05-16 06:00 AM,2023,05,16,06,33.7,96,Moderate,28.0,UG/M3,1 Hr,Valid
Tashkent,PM2.5 - Principal,2023-05-16 07:00 AM,2023,05,16,07,31.3,91,Moderate,29.0,UG/M3,1 Hr,Valid
Tashkent,PM2.5 - Principal,2023-05-16 08:00 AM,2023,05,16,08,31.6,92,Moderate,32.0,UG/M3,1 Hr,Valid
Tashkent,PM2.5 - Principal,2023-05-16 09:00 AM,2023,05,16,09,30.8,90,Moderate,30.0,UG/M3,1 Hr,Valid
Tashkent,PM2.5 - Principal,2023-05-16 10:00 AM,2023,05,16,10,39.4,111,Unhealthy for Sensitive Groups,48.0,UG/M3,1 Hr,Valid
Tashkent,PM2.5 - Principal,2023-05-16 11:00 AM,2023,05,16,11,46.2,127,Unhealthy for Sensitive Groups,53.0,UG/M3,1 Hr,Valid
Tashkent,PM2.5 - Principal,2023-05-16 12:00 PM,2023,05,16,12,49.1,134,Unhealthy for Sensitive Groups,52.0,UG/M3,1 Hr,Valid
Tashkent,PM2.5 - Principal,2023-05-16 01:00 PM,2023,05,16,13,49.0,134,Unhealthy for Sensitive Groups,49.0,UG/M3,1 Hr,Valid
Tashkent,PM2.5 - Principal,2023-05-16 02:00 PM,2023,05,16,14,43.5,121,Unhealthy for Sensitive Groups,38.0,UG/M3,1 Hr,Valid
Tashkent,PM2.5 - Principal,2023-05-16 03:00 PM,2023,05,16,15,35.2,100,Moderate,27.0,UG/M3,1 Hr,Valid
Tashkent,PM2.5 - Principal,2023-05-16 04:00 PM,2023,05,16,16,29.6,88,Moderate,24.0,UG/M3,1 Hr,Valid
Tashkent,PM2.5 - Principal,2023-05-16 05:00 PM,2023,05,16,17,23.8,76,Moderate,18.0,UG/M3,1 Hr,Valid
Tashkent,PM2.5 - Principal,2023-05-16 06:00 PM,2023,05,16,18,22.9,74,Moderate,22.0,UG/M3,1 Hr,Valid
Tashkent,PM2.5 - Principal,2023-05-16 07:00 PM,2023,05,16,19,29.4,87,Moderate,36.0,UG/M3,1 Hr,Valid
Tashkent,PM2.5 - Principal,2023-05-16 08:00 PM,2023,05,16,20,31.7,92,Moderate,34.0,UG/M3,1 Hr,Valid
Tashkent,PM2.5 - Principal,2023-05-16 09:00 PM,2023,05,16,21,38.8,109,Unhealthy for Sensitive Groups,46.0,UG/M3,1 Hr,Valid
Tashkent,PM2.5 - Principal,2023-05-16 10:00 PM,2023,05,16,22,35.4,100,Moderate,32.0,UG/M3,1 Hr,Valid
Tashkent,PM2.5 - Principal,2023-05-16 11:00 PM,2023,05,16,23,32.7,94,Moderate,30.0,UG/M3,1 Hr,Valid
Tashkent,PM2.5 - Principal,2023-05-17 12:00 AM,2023,05,17,00,32.3,93,Moderate,32.0,UG/M3,1 Hr,Valid
Tashkent,PM2.5 - Principal,2023-05-17 01:00 AM,2023,05,17,01,46.1,127,Unhealthy for Sensitive Groups,60.0,UG/M3,1 Hr,Valid
Tashkent,PM2.5 - Principal,2023-05-17 02:00 AM,2023,05,17,02,35.5,101,Unhealthy for Sensitive Groups,25.0,UG/M3,1 Hr,Valid
Tashkent,PM2.5 - Principal,2023-05-17 03:00 AM,2023,05,17,03,40.7,114,Unhealthy for Sensitive Groups,46.0,UG/M3,1 Hr,Valid
Tashkent,PM2.5 - Principal,2023-05-17 04:00 AM,2023,05,17,04,38.8,109,Unhealthy for Sensitive Groups,37.0,UG/M3,1 Hr,Valid
Tashkent,PM2.5 - Principal,2023-05-17 05:00 AM,2023,05,17,05,29.9,88,Moderate,21.0,UG/M3,1 Hr,Valid
Tashkent,PM2.5 - Principal,2023-05-17 06:00 AM,2023,05,17,06,22.9,74,Moderate,16.0,UG/M3,1 Hr,Valid
Tashkent,PM2.5 - Principal,2023-05-17 07:00 AM,2023,05,17,07,20.9,70,Moderate,19.0,UG/M3,1 Hr,Valid
Tashkent,PM2.5 - Principal,2023-05-17 08:00 AM,2023,05,17,08,13.4,54,Moderate,6.0,UG/M3,1 Hr,Valid
Tashkent,PM2.5 - Principal,2023-05-17 09:00 AM,2023,05,17,09,10.7,45,Good,8.0,UG/M3,1 Hr,Valid
Tashkent,PM2.5 - Principal,2023-05-17 10:00 AM,2023,05,17,10,13.3,54,Moderate,16.0,UG/M3,1 Hr,Valid
Tashkent,PM2.5 - Principal,2023-05-17 11:00 AM,2023,05,17,11,20.1,68,Moderate,27.0,UG/M3,1 Hr,Valid
Tashkent,PM2.5 - Principal,2023-05-17 12:00 PM,2023,05,17,12,23.5,75,Moderate,27.0,UG/M3,1 Hr,Valid
Tashkent,PM2.5 - Principal,2023-05-17 01:00 PM,2023,05,17,13,23.5,75,Moderate,-999.0,UG/M3,1 Hr,Missing
Tashkent,PM2.5 - Principal,2023-05-17 02:00 PM,2023,05,17,14,19.1,66,Moderate,17.0,UG/M3,1 Hr,Valid
Tashkent,PM2.5 - Principal,2023-05-17 03:00 PM,2023,05,17,15,36.2,103,Unhealthy for Sensitive Groups,49.0,UG/M3,1 Hr,Valid
Tashkent,PM2.5 - Principal,2023-05-17 04:00 PM,2023,05,17,16,43.0,119,Unhealthy for Sensitive Groups,49.0,UG/M3,1 Hr,Valid
Tashkent,PM2.5 - Principal,2023-05-17 05:00 PM,2023,05,17,17,43.0,119,Unhealthy for Sensitive Groups,-999.0,UG/M3,1 Hr,Missing
Tashkent,PM2.5 - Principal,2023-05-17 06:00 PM,2023,05,17,18,30.7,90,Moderate,25.0,UG/M3,1 Hr,Valid
Tashkent,PM2.5 - Principal,2023-05-17 07:00 PM,2023,05,17,19,38.3,108,Unhealthy for Sensitive Groups,44.0,UG/M3,1 Hr,Valid
Tashkent,PM2.5 - Principal,2023-05-17 08:00 PM,2023,05,17,20,24.2,76,Moderate,12.0,UG/M3,1 Hr,Valid
Tashkent,PM2.5 - Principal,2023-05-17 09:00 PM,2023,05,17,21,17.9,63,Moderate,12.0,UG/M3,1 Hr,Valid
Tashkent,PM2.5 - Principal,2023-05-17 10:00 PM,2023,05,17,22,17.9,63,Moderate,-999.0,UG/M3,1 Hr,Missing
Tashkent,PM2.5 - Principal,2023-05-17 11:00 PM,2023,05,17,23,11.9,50,Good,9.0,UG/M3,1 Hr,Valid
Tashkent,PM2.5 - Principal,2023-05-18 12:00 AM,2023,05,18,00,10.8,45,Good,10.0,UG/M3,1 Hr,Valid
Tashkent,PM2.5 - Principal,2023-05-18 01:00 AM,2023,05,18,01,12.5,52,Moderate,14.0,UG/M3,1 Hr,Valid
Tashkent,PM2.5 - Principal,2023-05-18 02:00 AM,2023,05,18,02,12.2,51,Moderate,12.0,UG/M3,1 Hr,Valid
Tashkent,PM2.5 - Principal,2023-05-18 03:00 AM,2023,05,18,03,10.0,42,Good,8.0,UG/M3,1 Hr,Valid
Tashkent,PM2.5 - Principal,2023-05-18 04:00 AM,2023,05,18,04,12.0,50,Good,14.0,UG/M3,1 Hr,Valid
Tashkent,PM2.5 - Principal,2023-05-18 05:00 AM,2023,05,18,05,12.5,52,Moderate,13.0,UG/M3,1 Hr,Valid
Tashkent,PM2.5 - Principal,2023-05-18 06:00 AM,2023,05,18,06,11.2,47,Good,10.0,UG/M3,1 Hr,Valid
Tashkent,PM2.5 - Principal,2023-05-18 07:00 AM,2023,05,18,07,13.0,53,Moderate,15.0,UG/M3,1 Hr,Valid
Tashkent,PM2.5 - Principal,2023-05-18 08:00 AM,2023,05,18,08,19.5,67,Moderate,26.0,UG/M3,1 Hr,Valid
Tashkent,PM2.5 - Principal,2023-05-18 09:00 AM,2023,05,18,09,22.7,73,Moderate,26.0,UG/M3,1 Hr,Valid
Tashkent,PM2.5 - Principal,2023-05-18 10:00 AM,2023,05,18,10,22.7,73,Moderate,-999.0,UG/M3,1 Hr,Missing
Tashkent,PM2.5 - Principal,2023-05-18 11:00 AM,2023,05,18,11,29.6,88,Moderate,33.0,UG/M3,1 Hr,Valid
Tashkent,PM2.5 - Principal,2023-05-18 02:00 PM,2023,05,18,14,-999.0,-999,N/A,53.0,UG/M3,1 Hr,Valid
Tashkent,PM2.5 - Principal,2023-05-18 03:00 PM,2023,05,18,15,36.5,103,Unhealthy for Sensitive Groups,29.0,UG/M3,1 Hr,Valid
Tashkent,PM2.5 - Principal,2023-05-18 04:00 PM,2023,05,18,16,30.6,90,Moderate,26.0,UG/M3,1 Hr,Valid
Tashkent,PM2.5 - Principal,2023-05-18 05:00 PM,2023,05,18,17,19.2,66,Moderate,9.0,UG/M3,1 Hr,Valid
Tashkent,PM2.5 - Principal,2023-05-18 06:00 PM,2023,05,18,18,15.5,58,Moderate,12.0,UG/M3,1 Hr,Valid
Tashkent,PM2.5 - Principal,2023-05-18 07:00 PM,2023,05,18,19,13.2,53,Moderate,11.0,UG/M3,1 Hr,Valid
Tashkent,PM2.5 - Principal,2023-05-18 08:00 PM,2023,05,18,20,16.1,59,Moderate,19.0,UG/M3,1 Hr,Valid
Tashkent,PM2.5 - Principal,2023-05-18 09:00 PM,2023,05,18,21,18.5,64,Moderate,21.0,UG/M3,1 Hr,Valid
Tashkent,PM2.5 - Principal,2023-05-18 10:00 PM,2023,05,18,22,19.2,66,Moderate,20.0,UG/M3,1 Hr,Valid
Tashkent,PM2.5 - Principal,2023-05-18 11:00 PM,2023,05,18,23,22.6,73,Moderate,26.0,UG/M3,1 Hr,Valid
Tashkent,PM2.5 - Principal,2023-05-19 12:00 AM,2023,05,19,00,26.8,82,Moderate,31.0,UG/M3,1 Hr,Valid
Tashkent,PM2.5 - Principal,2023-05-19 01:00 AM,2023,05,19,01,29.9,88,Moderate,33.0,UG/M3,1 Hr,Valid
Tashkent,PM2.5 - Principal,2023-05-19 02:00 AM,2023,05,19,02,24.9,78,Moderate,20.0,UG/M3,1 Hr,Valid
Tashkent,PM2.5 - Principal,2023-05-19 03:00 AM,2023,05,19,03,24.9,78,Moderate,25.0,UG/M3,1 Hr,Valid
Tashkent,PM2.5 - Principal,2023-05-19 04:00 AM,2023,05,19,04,20.9,70,Moderate,17.0,UG/M3,1 Hr,Valid
Tashkent,PM2.5 - Principal,2023-05-19 05:00 AM,2023,05,19,05,18.9,65,Moderate,17.0,UG/M3,1 Hr,Valid
Tashkent,PM2.5 - Principal,2023-05-19 06:00 AM,2023,05,19,06,16.9,61,Moderate,15.0,UG/M3,1 Hr,Valid
Tashkent,PM2.5 - Principal,2023-05-19 07:00 AM,2023,05,19,07,16.4,60,Moderate,16.0,UG/M3,1 Hr,Valid
Tashkent,PM2.5 - Principal,2023-05-19 08:00 AM,2023,05,19,08,14.7,56,Moderate,13.0,UG/M3,1 Hr,Valid
Tashkent,PM2.5 - Principal,2023-05-19 09:00 AM,2023,05,19,09,14.8,57,Moderate,15.0,UG/M3,1 Hr,Valid
Tashkent,PM2.5 - Principal,2023-05-19 10:00 AM,2023,05,19,10,15.9,59,Moderate,17.0,UG/M3,1 Hr,Valid
Tashkent,PM2.5 - Principal,2023-05-19 11:00 AM,2023,05,19,11,20.4,68,Moderate,25.0,UG/M3,1 Hr,Valid
Tashkent,PM2.5 - Principal,2023-05-19 12:00 PM,2023,05,19,12,25.2,79,Moderate,30.0,UG/M3,1 Hr,Valid
Tashkent,PM2.5 - Principal,2023-05-19 01:00 PM,2023,05,19,13,26.6,81,Moderate,28.0,UG/M3,1 Hr,Valid
Tashkent,PM2.5 - Principal,2023-05-19 02:00 PM,2023,05,19,14,26.8,82,Moderate,27.0,UG/M3,1 Hr,Valid
Tashkent,PM2.5 - Principal,2023-05-19 03:00 PM,2023,05,19,15,22.4,73,Moderate,18.0,UG/M3,1 Hr,Valid
Tashkent,PM2.5 - Principal,2023-05-19 04:00 PM,2023,05,19,16,18.2,64,Moderate,14.0,UG/M3,1 Hr,Valid
Tashkent,PM2.5 - Principal,2023-05-19 05:00 PM,2023,05,19,17,20.6,69,Moderate,23.0,UG/M3,1 Hr,Valid
Tashkent,PM2.5 - Principal,2023-05-19 06:00 PM,2023,05,19,18,33.3,96,Moderate,46.0,UG/M3,1 Hr,Valid
Tashkent,PM2.5 - Principal,2023-05-19 07:00 PM,2023,05,19,19,30.1,89,Moderate,27.0,UG/M3,1 Hr,Valid
Tashkent,PM2.5 - Principal,2023-05-19 08:00 PM,2023,05,19,20,30.0,89,Moderate,30.0,UG/M3,1 Hr,Valid
Tashkent,PM2.5 - Principal,2023-05-19 09:00 PM,2023,05,19,21,24.5,77,Moderate,19.0,UG/M3,1 Hr,Valid
Tashkent,PM2.5 - Principal,2023-05-19 10:00 PM,2023,05,19,22,20.7,69,Moderate,17.0,UG/M3,1 Hr,Valid
Tashkent,PM2.5 - Principal,2023-05-19 11:00 PM,2023,05,19,23,17.3,62,Moderate,14.0,UG/M3,1 Hr,Valid
Tashkent,PM2.5 - Principal,2023-05-20 12:00 AM,2023,05,20,00,14.1,55,Moderate,11.0,UG/M3,1 Hr,Valid
Tashkent,PM2.5 - Principal,2023-05-20 01:00 AM,2023,05,20,01,15.5,58,Moderate,17.0,UG/M3,1 Hr,Valid
Tashkent,PM2.5 - Principal,2023-05-20 02:00 AM,2023,05,20,02,15.2,58,Moderate,15.0,UG/M3,1 Hr,Valid
Tashkent,PM2.5 - Principal,2023-05-20 03:00 AM,2023,05,20,03,16.1,59,Moderate,17.0,UG/M3,1 Hr,Valid
Tashkent,PM2.5 - Principal,2023-05-20 04:00 AM,2023,05,20,04,16.0,59,Moderate,16.0,UG/M3,1 Hr,Valid
Tashkent,PM2.5 - Principal,2023-05-20 05:00 AM,2023,05,20,05,15.0,57,Moderate,14.0,UG/M3,1 Hr,Valid
Tashkent,PM2.5 - Principal,2023-05-20 06:00 AM,2023,05,20,06,20.5,69,Moderate,26.0,UG/M3,1 Hr,Valid
Tashkent,PM2.5 - Principal,2023-05-20 07:00 AM,2023,05,20,07,23.2,74,Moderate,26.0,UG/M3,1 Hr,Valid
Tashkent,PM2.5 - Principal,2023-05-20 08:00 AM,2023,05,20,08,38.1,107,Unhealthy for Sensitive Groups,53.0,UG/M3,1 Hr,Valid
Tashkent,PM2.5 - Principal,2023-05-20 09:00 AM,2023,05,20,09,54.5,148,Unhealthy for Sensitive Groups,71.0,UG/M3,1 Hr,Valid
Tashkent,PM2.5 - Principal,2023-05-20 10:00 AM,2023,05,20,10,51.2,140,Unhealthy for Sensitive Groups,48.0,UG/M3,1 Hr,Valid
Tashkent,PM2.5 - Principal,2023-05-20 11:00 AM,2023,05,20,11,50.6,138,Unhealthy for Sensitive Groups,50.0,UG/M3,1 Hr,Valid
Tashkent,PM2.5 - Principal,2023-05-20 12:00 PM,2023,05,20,12,37.3,105,Unhealthy for Sensitive Groups,24.0,UG/M3,1 Hr,Valid
Tashkent,PM2.5 - Principal,2023-05-20 01:00 PM,2023,05,20,13,27.1,83,Moderate,17.0,UG/M3,1 Hr,Valid
Tashkent,PM2.5 - Principal,2023-05-20 02:00 PM,2023,05,20,14,20.5,69,Moderate,14.0,UG/M3,1 Hr,Valid
Tashkent,PM2.5 - Principal,2023-05-20 03:00 PM,2023,05,20,15,15.7,59,Moderate,11.0,UG/M3,1 Hr,Valid
Tashkent,PM2.5 - Principal,2023-05-20 04:00 PM,2023,05,20,16,14.8,57,Moderate,14.0,UG/M3,1 Hr,Valid
Tashkent,PM2.5 - Principal,2023-05-20 05:00 PM,2023,05,20,17,14.4,56,Moderate,14.0,UG/M3,1 Hr,Valid
Tashkent,PM2.5 - Principal,2023-05-20 06:00 PM,2023,05,20,18,16.2,60,Moderate,18.0,UG/M3,1 Hr,Valid
Tashkent,PM2.5 - Principal,2023-05-20 07:00 PM,2023,05,20,19,18.1,64,Moderate,20.0,UG/M3,1 Hr,Valid
Tashkent,PM2.5 - Principal,2023-05-20 08:00 PM,2023,05,20,20,20.5,69,Moderate,23.0,UG/M3,1 Hr,Valid
Tashkent,PM2.5 - Principal,2023-05-20 09:00 PM,2023,05,20,21,33.7,96,Moderate,47.0,UG/M3,1 Hr,Valid
Tashkent,PM2.5 - Principal,2023-05-20 10:00 PM,2023,05,20,22,28.3,85,Moderate,23.0,UG/M3,1 Hr,Valid
Tashkent,PM2.5 - Principal,2023-05-20 11:00 PM,2023,05,20,23,20.6,69,Moderate,13.0,UG/M3,1 Hr,Valid
Tashkent,PM2.5 - Principal,2023-05-21 12:00 AM,2023,05,21,00,16.3,60,Moderate,12.0,UG/M3,1 Hr,Valid
Tashkent,PM2.5 - Principal,2023-05-21 01:00 AM,2023,05,21,01,14.6,56,Moderate,13.0,UG/M3,1 Hr,Valid
Tashkent,PM2.5 - Principal,2023-05-21 02:00 AM,2023,05,21,02,17.3,62,Moderate,20.0,UG/M3,1 Hr,Valid
Tashkent,PM2.5 - Principal,2023-05-21 03:00 AM,2023,05,21,03,17.1,62,Moderate,17.0,UG/M3,1 Hr,Valid
Tashkent,PM2.5 - Principal,2023-05-21 04:00 AM,2023,05,21,04,16.5,60,Moderate,16.0,UG/M3,1 Hr,Valid
Tashkent,PM2.5 - Principal,2023-05-21 05:00 AM,2023,05,21,05,15.7,59,Moderate,15.0,UG/M3,1 Hr,Valid
Tashkent,PM2.5 - Principal,2023-05-21 06:00 AM,2023,05,21,06,16.3,60,Moderate,17.0,UG/M3,1 Hr,Valid
Tashkent,PM2.5 - Principal,2023-05-21 07:00 AM,2023,05,21,07,22.6,73,Moderate,29.0,UG/M3,1 Hr,Valid
Tashkent,PM2.5 - Principal,2023-05-21 08:00 AM,2023,05,21,08,19.8,67,Moderate,17.0,UG/M3,1 Hr,Valid
Tashkent,PM2.5 - Principal,2023-05-21 09:00 AM,2023,05,21,09,18.9,65,Moderate,18.0,UG/M3,1 Hr,Valid
Tashkent,PM2.5 - Principal,2023-05-21 10:00 AM,2023,05,21,10,9.4,39,Good,0.0,UG/M3,1 Hr,Valid
Tashkent,PM2.5 - Principal,2023-05-21 11:00 AM,2023,05,21,11,7.2,30,Good,5.0,UG/M3,1 Hr,Valid
Tashkent,PM2.5 - Principal,2023-05-21 12:00 PM,2023,05,21,12,6.1,25,Good,5.0,UG/M3,1 Hr,Valid
Tashkent,PM2.5 - Principal,2023-05-21 01:00 PM,2023,05,21,13,6.5,27,Good,7.0,UG/M3,1 Hr,Valid
Tashkent,PM2.5 - Principal,2023-05-21 02:00 PM,2023,05,21,14,6.7,28,Good,7.0,UG/M3,1 Hr,Valid
Tashkent,PM2.5 - Principal,2023-05-21 03:00 PM,2023,05,21,15,5.8,24,Good,5.0,UG/M3,1 Hr,Valid
Tashkent,PM2.5 - Principal,2023-05-21 04:00 PM,2023,05,21,16,11.9,50,Good,18.0,UG/M3,1 Hr,Valid
Tashkent,PM2.5 - Principal,2023-05-21 05:00 PM,2023,05,21,17,9.4,39,Good,7.0,UG/M3,1 Hr,Valid
Tashkent,PM2.5 - Principal,2023-05-21 06:00 PM,2023,05,21,18,7.7,32,Good,6.0,UG/M3,1 Hr,Valid
Tashkent,PM2.5 - Principal,2023-05-21 07:00 PM,2023,05,21,19,7.8,33,Good,8.0,UG/M3,1 Hr,Valid
Tashkent,PM2.5 - Principal,2023-05-21 08:00 PM,2023,05,21,20,30.9,91,Moderate,54.0,UG/M3,1 Hr,Valid
Tashkent,PM2.5 - Principal,2023-05-21 09:00 PM,2023,05,21,21,47.9,132,Unhealthy for Sensitive Groups,65.0,UG/M3,1 Hr,Valid
Tashkent,PM2.5 - Principal,2023-05-21 10:00 PM,2023,05,21,22,31.4,92,Moderate,15.0,UG/M3,1 Hr,Valid
Tashkent,PM2.5 - Principal,2023-05-21 11:00 PM,2023,05,21,23,24.7,77,Moderate,18.0,UG/M3,1 Hr,Valid
Tashkent,PM2.5 - Principal,2023-05-22 12:00 AM,2023,05,22,00,17.8,63,Moderate,11.0,UG/M3,1 Hr,Valid
Tashkent,PM2.5 - Principal,2023-05-22 01:00 AM,2023,05,22,01,15.4,58,Moderate,13.0,UG/M3,1 Hr,Valid
Tashkent,PM2.5 - Principal,2023-05-22 02:00 AM,2023,05,22,02,13.7,54,Moderate,12.0,UG/M3,1 Hr,Valid
Tashkent,PM2.5 - Principal,2023-05-22 03:00 AM,2023,05,22,03,12.3,51,Moderate,11.0,UG/M3,1 Hr,Valid
Tashkent,PM2.5 - Principal,2023-05-22 04:00 AM,2023,05,22,04,14.6,56,Moderate,17.0,UG/M3,1 Hr,Valid
Tashkent,PM2.5 - Principal,2023-05-22 05:00 AM,2023,05,22,05,13.3,54,Moderate,12.0,UG/M3,1 Hr,Valid
Tashkent,PM2.5 - Principal,2023-05-22 06:00 AM,2023,05,22,06,11.6,48,Good,10.0,UG/M3,1 Hr,Valid
Tashkent,PM2.5 - Principal,2023-05-22 07:00 AM,2023,05,22,07,12.3,51,Moderate,13.0,UG/M3,1 Hr,Valid
Tashkent,PM2.5 - Principal,2023-05-22 08:00 AM,2023,05,22,08,14.6,56,Moderate,17.0,UG/M3,1 Hr,Valid
Tashkent,PM2.5 - Principal,2023-05-22 09:00 AM,2023,05,22,09,15.1,57,Moderate,16.0,UG/M3,1 Hr,Valid
Tashkent,PM2.5 - Principal,2023-05-22 10:00 AM,2023,05,22,10,15.1,57,Moderate,-15.0,UG/M3,1 Hr,Invalid
Tashkent,PM2.5 - Principal,2023-05-22 11:00 AM,2023,05,22,11,-999.0,-999,N/A,-15.0,UG/M3,1 Hr,Invalid
Tashkent,PM2.5 - Principal,2023-05-22 12:00 PM,2023,05,22,12,-999.0,-999,N/A,-4.0,UG/M3,1 Hr,Valid
Tashkent,PM2.5 - Principal,2023-05-22 01:00 PM,2023,05,22,13,0.0,0,Good,-4.0,UG/M3,1 Hr,Valid
Tashkent,PM2.5 - Principal,2023-05-22 02:00 PM,2023,05,22,14,0.0,0,Good,-2.0,UG/M3,1 Hr,Valid
Tashkent,PM2.5 - Principal,2023-05-22 03:00 PM,2023,05,22,15,0.0,0,Good,-2.0,UG/M3,1 Hr,Valid
Tashkent,PM2.5 - Principal,2023-05-22 04:00 PM,2023,05,22,16,0.0,0,Good,-999.0,UG/M3,1 Hr,Missing
Tashkent,PM2.5 - Principal,2023-05-22 05:00 PM,2023,05,22,17,2.7,11,Good,5.0,UG/M3,1 Hr,Valid
Tashkent,PM2.5 - Principal,2023-05-22 06:00 PM,2023,05,22,18,3.4,14,Good,4.0,UG/M3,1 Hr,Valid
Tashkent,PM2.5 - Principal,2023-05-22 07:00 PM,2023,05,22,19,4.8,20,Good,6.0,UG/M3,1 Hr,Valid
Tashkent,PM2.5 - Principal,2023-05-22 08:00 PM,2023,05,22,20,10.5,44,Good,16.0,UG/M3,1 Hr,Valid
Tashkent,PM2.5 - Principal,2023-05-22 09:00 PM,2023,05,22,21,9.7,40,Good,9.0,UG/M3,1 Hr,Valid
Tashkent,PM2.5 - Principal,2023-05-22 10:00 PM,2023,05,22,22,8.8,37,Good,8.0,UG/M3,1 Hr,Valid
Tashkent,PM2.5 - Principal,2023-05-22 11:00 PM,2023,05,22,23,7.4,31,Good,6.0,UG/M3,1 Hr,Valid
Tashkent,PM2.5 - Principal,2023-05-23 12:00 AM,2023,05,23,00,7.2,30,Good,7.0,UG/M3,1 Hr,Valid
Tashkent,PM2.5 - Principal,2023-05-23 01:00 AM,2023,05,23,01,8.1,34,Good,9.0,UG/M3,1 Hr,Valid
Tashkent,PM2.5 - Principal,2023-05-23 02:00 AM,2023,05,23,02,8.0,33,Good,8.0,UG/M3,1 Hr,Valid
Tashkent,PM2.5 - Principal,2023-05-23 03:00 AM,2023,05,23,03,7.5,31,Good,7.0,UG/M3,1 Hr,Valid
Tashkent,PM2.5 - Principal,2023-05-23 04:00 AM,2023,05,23,04,8.2,34,Good,9.0,UG/M3,1 Hr,Valid
Tashkent,PM2.5 - Principal,2023-05-23 05:00 AM,2023,05,23,05,7.6,32,Good,7.0,UG/M3,1 Hr,Valid
Tashkent,PM2.5 - Principal,2023-05-23 06:00 AM,2023,05,23,06,10.3,43,Good,13.0,UG/M3,1 Hr,Valid
Tashkent,PM2.5 - Principal,2023-05-23 07:00 AM,2023,05,23,07,10.6,44,Good,11.0,UG/M3,1 Hr,Valid
Tashkent,PM2.5 - Principal,2023-05-23 08:00 AM,2023,05,23,08,13.8,55,Moderate,17.0,UG/M3,1 Hr,Valid
Tashkent,PM2.5 - Principal,2023-05-23 09:00 AM,2023,05,23,09,19.4,66,Moderate,25.0,UG/M3,1 Hr,Valid
Tashkent,PM2.5 - Principal,2023-05-23 10:00 AM,2023,05,23,10,23.2,74,Moderate,27.0,UG/M3,1 Hr,Valid
Tashkent,PM2.5 - Principal,2023-05-23 11:00 AM,2023,05,23,11,27.6,84,Moderate,32.0,UG/M3,1 Hr,Valid
Tashkent,PM2.5 - Principal,2023-05-23 12:00 PM,2023,05,23,12,25.8,80,Moderate,24.0,UG/M3,1 Hr,Valid
Tashkent,PM2.5 - Principal,2023-05-23 01:00 PM,2023,05,23,13,18.9,65,Moderate,12.0,UG/M3,1 Hr,Valid
Tashkent,PM2.5 - Principal,2023-05-23 02:00 PM,2023,05,23,14,12.9,53,Moderate,7.0,UG/M3,1 Hr,Valid
Tashkent,PM2.5 - Principal,2023-05-23 03:00 PM,2023,05,23,15,9.9,41,Good,7.0,UG/M3,1 Hr,Valid
Tashkent,PM2.5 - Principal,2023-05-23 04:00 PM,2023,05,23,16,8.4,35,Good,7.0,UG/M3,1 Hr,Valid
Tashkent,PM2.5 - Principal,2023-05-23 05:00 PM,2023,05,23,17,7.7,32,Good,7.0,UG/M3,1 Hr,Valid
Tashkent,PM2.5 - Principal,2023-05-23 06:00 PM,2023,05,23,18,7.7,32,Good,-999.0,UG/M3,1 Hr,Missing
Tashkent,PM2.5 - Principal,2023-05-23 07:00 PM,2023,05,23,19,8.5,35,Good,9.0,UG/M3,1 Hr,Valid
Tashkent,PM2.5 - Principal,2023-05-23 08:00 PM,2023,05,23,20,9.9,41,Good,11.0,UG/M3,1 Hr,Valid
Tashkent,PM2.5 - Principal,2023-05-23 09:00 PM,2023,05,23,21,11.0,46,Good,12.0,UG/M3,1 Hr,Valid
Tashkent,PM2.5 - Principal,2023-05-23 10:00 PM,2023,05,23,22,11.5,48,Good,12.0,UG/M3,1 Hr,Valid
Tashkent,PM2.5 - Principal,2023-05-23 11:00 PM,2023,05,23,23,16.8,61,Moderate,22.0,UG/M3,1 Hr,Valid
Tashkent,PM2.5 - Principal,2023-05-24 12:00 AM,2023,05,24,00,14.4,56,Moderate,12.0,UG/M3,1 Hr,Valid
Tashkent,PM2.5 - Principal,2023-05-24 01:00 AM,2023,05,24,01,14.7,56,Moderate,15.0,UG/M3,1 Hr,Valid
Tashkent,PM2.5 - Principal,2023-05-24 02:00 AM,2023,05,24,02,17.8,63,Moderate,21.0,UG/M3,1 Hr,Valid
Tashkent,PM2.5 - Principal,2023-05-24 03:00 AM,2023,05,24,03,15.4,58,Moderate,13.0,UG/M3,1 Hr,Valid
Tashkent,PM2.5 - Principal,2023-05-24 04:00 AM,2023,05,24,04,14.2,55,Moderate,13.0,UG/M3,1 Hr,Valid
Tashkent,PM2.5 - Principal,2023-05-24 05:00 AM,2023,05,24,05,12.6,52,Moderate,11.0,UG/M3,1 Hr,Valid
Tashkent,PM2.5 - Principal,2023-05-24 06:00 AM,2023,05,24,06,14.3,56,Moderate,16.0,UG/M3,1 Hr,Valid
Tashkent,PM2.5 - Principal,2023-05-24 07:00 AM,2023,05,24,07,13.1,53,Moderate,12.0,UG/M3,1 Hr,Valid
Tashkent,PM2.5 - Principal,2023-05-24 08:00 AM,2023,05,24,08,12.0,50,Good,11.0,UG/M3,1 Hr,Valid
Tashkent,PM2.5 - Principal,2023-05-24 09:00 AM,2023,05,24,09,12.5,52,Moderate,13.0,UG/M3,1 Hr,Valid
Tashkent,PM2.5 - Principal,2023-05-24 10:00 AM,2023,05,24,10,14.2,55,Moderate,16.0,UG/M3,1 Hr,Valid
Tashkent,PM2.5 - Principal,2023-05-24 11:00 AM,2023,05,24,11,13.6,54,Moderate,13.0,UG/M3,1 Hr,Valid
Tashkent,PM2.5 - Principal,2023-05-24 12:00 PM,2023,05,24,12,12.3,51,Moderate,11.0,UG/M3,1 Hr,Valid
Tashkent,PM2.5 - Principal,2023-05-24 01:00 PM,2023,05,24,13,12.6,52,Moderate,13.0,UG/M3,1 Hr,Valid
Tashkent,PM2.5 - Principal,2023-05-24 02:00 PM,2023,05,24,14,10.3,43,Good,8.0,UG/M3,1 Hr,Valid
Tashkent,PM2.5 - Principal,2023-05-24 03:00 PM,2023,05,24,15,7.6,32,Good,5.0,UG/M3,1 Hr,Valid
Tashkent,PM2.5 - Principal,2023-05-24 04:00 PM,2023,05,24,16,6.8,28,Good,6.0,UG/M3,1 Hr,Valid
Tashkent,PM2.5 - Principal,2023-05-24 05:00 PM,2023,05,24,17,8.9,37,Good,11.0,UG/M3,1 Hr,Valid
Tashkent,PM2.5 - Principal,2023-05-24 06:00 PM,2023,05,24,18,8.9,37,Good,9.0,UG/M3,1 Hr,Valid
Tashkent,PM2.5 - Principal,2023-05-24 07:00 PM,2023,05,24,19,12.9,53,Moderate,17.0,UG/M3,1 Hr,Valid
Tashkent,PM2.5 - Principal,2023-05-24 08:00 PM,2023,05,24,20,15.9,59,Moderate,19.0,UG/M3,1 Hr,Valid
Tashkent,PM2.5 - Principal,2023-05-24 09:00 PM,2023,05,24,21,17.9,63,Moderate,20.0,UG/M3,1 Hr,Valid
Tashkent,PM2.5 - Principal,2023-05-24 10:00 PM,2023,05,24,22,17.9,63,Moderate,18.0,UG/M3,1 Hr,Valid
Tashkent,PM2.5 - Principal,2023-05-24 11:00 PM,2023,05,24,23,15.4,58,Moderate,13.0,UG/M3,1 Hr,Valid
Tashkent,PM2.5 - Principal,2023-05-25 12:00 AM,2023,05,25,00,17.2,62,Moderate,19.0,UG/M3,1 Hr,Valid
Tashkent,PM2.5 - Principal,2023-05-25 01:00 AM,2023,05,25,01,16.6,60,Moderate,16.0,UG/M3,1 Hr,Valid
Tashkent,PM2.5 - Principal,2023-05-25 02:00 AM,2023,05,25,02,15.3,58,Moderate,14.0,UG/M3,1 Hr,Valid
Tashkent,PM2.5 - Principal,2023-05-25 03:00 AM,2023,05,25,03,12.6,52,Moderate,10.0,UG/M3,1 Hr,Valid
Tashkent,PM2.5 - Principal,2023-05-25 04:00 AM,2023,05,25,04,13.8,55,Moderate,15.0,UG/M3,1 Hr,Valid
Tashkent,PM2.5 - Principal,2023-05-25 05:00 AM,2023,05,25,05,14.4,56,Moderate,15.0,UG/M3,1 Hr,Valid
Tashkent,PM2.5 - Principal,2023-05-25 06:00 AM,2023,05,25,06,11.2,47,Good,8.0,UG/M3,1 Hr,Valid
Tashkent,PM2.5 - Principal,2023-05-25 07:00 AM,2023,05,25,07,15.1,57,Moderate,19.0,UG/M3,1 Hr,Valid
Tashkent,PM2.5 - Principal,2023-05-25 08:00 AM,2023,05,25,08,17.0,61,Moderate,19.0,UG/M3,1 Hr,Valid
Tashkent,PM2.5 - Principal,2023-05-25 09:00 AM,2023,05,25,09,18.0,63,Moderate,19.0,UG/M3,1 Hr,Valid
Tashkent,PM2.5 - Principal,2023-05-25 10:00 AM,2023,05,25,10,18.0,63,Moderate,18.0,UG/M3,1 Hr,Valid
Tashkent,PM2.5 - Principal,2023-05-25 11:00 AM,2023,05,25,11,12.0,50,Good,6.0,UG/M3,1 Hr,Valid
Tashkent,PM2.5 - Principal,2023-05-25 12:00 PM,2023,05,25,12,8.5,35,Good,5.0,UG/M3,1 Hr,Valid
Tashkent,PM2.5 - Principal,2023-05-25 01:00 PM,2023,05,25,13,8.2,34,Good,8.0,UG/M3,1 Hr,Valid
Tashkent,PM2.5 - Principal,2023-05-25 02:00 PM,2023,05,25,14,7.1,30,Good,6.0,UG/M3,1 Hr,Valid
Tashkent,PM2.5 - Principal,2023-05-25 03:00 PM,2023,05,25,15,8.0,33,Good,9.0,UG/M3,1 Hr,Valid
Tashkent,PM2.5 - Principal,2023-05-25 04:00 PM,2023,05,25,16,8.0,33,Good,8.0,UG/M3,1 Hr,Valid
Tashkent,PM2.5 - Principal,2023-05-25 05:00 PM,2023,05,25,17,9.0,38,Good,10.0,UG/M3,1 Hr,Valid
Tashkent,PM2.5 - Principal,2023-05-25 06:00 PM,2023,05,25,18,11.0,46,Good,13.0,UG/M3,1 Hr,Valid
Tashkent,PM2.5 - Principal,2023-05-25 07:00 PM,2023,05,25,19,14.0,55,Moderate,17.0,UG/M3,1 Hr,Valid
Tashkent,PM2.5 - Principal,2023-05-25 08:00 PM,2023,05,25,20,12.5,52,Moderate,11.0,UG/M3,1 Hr,Valid
Tashkent,PM2.5 - Principal,2023-05-25 09:00 PM,2023,05,25,21,14.7,56,Moderate,17.0,UG/M3,1 Hr,Valid
Tashkent,PM2.5 - Principal,2023-05-25 10:00 PM,2023,05,25,22,12.3,51,Moderate,10.0,UG/M3,1 Hr,Valid
Tashkent,PM2.5 - Principal,2023-05-25 11:00 PM,2023,05,25,23,14.1,55,Moderate,16.0,UG/M3,1 Hr,Valid
Tashkent,PM2.5 - Principal,2023-05-26 12:00 AM,2023,05,26,00,14.0,55,Moderate,14.0,UG/M3,1 Hr,Valid
Tashkent,PM2.5 - Principal,2023-05-26 01:00 AM,2023,05,26,01,15.5,58,Moderate,17.0,UG/M3,1 Hr,Valid
Tashkent,PM2.5 - Principal,2023-05-26 02:00 AM,2023,05,26,02,19.7,67,Moderate,24.0,UG/M3,1 Hr,Valid
Tashkent,PM2.5 - Principal,2023-05-26 03:00 AM,2023,05,26,03,16.8,61,Moderate,14.0,UG/M3,1 Hr,Valid
Tashkent,PM2.5 - Principal,2023-05-26 04:00 AM,2023,05,26,04,18.4,64,Moderate,20.0,UG/M3,1 Hr,Valid
Tashkent,PM2.5 - Principal,2023-05-26 05:00 AM,2023,05,26,05,19.7,67,Moderate,21.0,UG/M3,1 Hr,Valid
Tashkent,PM2.5 - Principal,2023-05-26 06:00 AM,2023,05,26,06,20.3,68,Moderate,21.0,UG/M3,1 Hr,Valid
Tashkent,PM2.5 - Principal,2023-05-26 07:00 AM,2023,05,26,07,20.3,68,Moderate,-999.0,UG/M3,1 Hr,Missing
Tashkent,PM2.5 - Principal,2023-05-26 08:00 AM,2023,05,26,08,18.1,64,Moderate,17.0,UG/M3,1 Hr,Valid
Tashkent,PM2.5 - Principal,2023-05-26 09:00 AM,2023,05,26,09,16.3,60,Moderate,15.0,UG/M3,1 Hr,Valid
Tashkent,PM2.5 - Principal,2023-05-26 10:00 AM,2023,05,26,10,16.8,61,Moderate,17.0,UG/M3,1 Hr,Valid
Tashkent,PM2.5 - Principal,2023-05-26 11:00 AM,2023,05,26,11,18.6,65,Moderate,21.0,UG/M3,1 Hr,Valid
Tashkent,PM2.5 - Principal,2023-05-26 12:00 PM,2023,05,26,12,13.8,55,Moderate,9.0,UG/M3,1 Hr,Valid
Tashkent,PM2.5 - Principal,2023-05-26 01:00 PM,2023,05,26,13,12.4,52,Moderate,11.0,UG/M3,1 Hr,Valid
Tashkent,PM2.5 - Principal,2023-05-26 02:00 PM,2023,05,26,14,13.7,54,Moderate,15.0,UG/M3,1 Hr,Valid
Tashkent,PM2.5 - Principal,2023-05-26 03:00 PM,2023,05,26,15,13.8,55,Moderate,14.0,UG/M3,1 Hr,Valid
Tashkent,PM2.5 - Principal,2023-05-26 04:00 PM,2023,05,26,16,13.9,55,Moderate,14.0,UG/M3,1 Hr,Valid
Tashkent,PM2.5 - Principal,2023-05-26 05:00 PM,2023,05,26,17,12.9,53,Moderate,12.0,UG/M3,1 Hr,Valid
Tashkent,PM2.5 - Principal,2023-05-26 06:00 PM,2023,05,26,18,12.4,52,Moderate,12.0,UG/M3,1 Hr,Valid
Tashkent,PM2.5 - Principal,2023-05-26 07:00 PM,2023,05,26,19,13.2,53,Moderate,14.0,UG/M3,1 Hr,Valid
Tashkent,PM2.5 - Principal,2023-05-26 08:00 PM,2023,05,26,20,17.1,62,Moderate,21.0,UG/M3,1 Hr,Valid
Tashkent,PM2.5 - Principal,2023-05-26 09:00 PM,2023,05,26,21,22.0,72,Moderate,27.0,UG/M3,1 Hr,Valid
Tashkent,PM2.5 - Principal,2023-05-26 10:00 PM,2023,05,26,22,34.5,98,Moderate,47.0,UG/M3,1 Hr,Valid
Tashkent,PM2.5 - Principal,2023-05-26 11:00 PM,2023,05,26,23,31.2,91,Moderate,28.0,UG/M3,1 Hr,Valid
Tashkent,PM2.5 - Principal,2023-05-27 12:00 AM,2023,05,27,00,29.1,87,Moderate,27.0,UG/M3,1 Hr,Valid
Tashkent,PM2.5 - Principal,2023-05-27 01:00 AM,2023,05,27,01,29.5,88,Moderate,30.0,UG/M3,1 Hr,Valid
Tashkent,PM2.5 - Principal,2023-05-27 02:00 AM,2023,05,27,02,32.2,93,Moderate,35.0,UG/M3,1 Hr,Valid
Tashkent,PM2.5 - Principal,2023-05-27 03:00 AM,2023,05,27,03,28.1,85,Moderate,24.0,UG/M3,1 Hr,Valid
Tashkent,PM2.5 - Principal,2023-05-27 04:00 AM,2023,05,27,04,24.5,77,Moderate,21.0,UG/M3,1 Hr,Valid
Tashkent,PM2.5 - Principal,2023-05-27 05:00 AM,2023,05,27,05,19.2,66,Moderate,14.0,UG/M3,1 Hr,Valid
Tashkent,PM2.5 - Principal,2023-05-27 06:00 AM,2023,05,27,06,15.1,57,Moderate,11.0,UG/M3,1 Hr,Valid
Tashkent,PM2.5 - Principal,2023-05-27 07:00 AM,2023,05,27,07,16.5,60,Moderate,18.0,UG/M3,1 Hr,Valid
Tashkent,PM2.5 - Principal,2023-05-27 08:00 AM,2023,05,27,08,17.7,63,Moderate,19.0,UG/M3,1 Hr,Valid
Tashkent,PM2.5 - Principal,2023-05-27 09:00 AM,2023,05,27,09,17.3,62,Moderate,17.0,UG/M3,1 Hr,Valid
Tashkent,PM2.5 - Principal,2023-05-27 10:00 AM,2023,05,27,10,18.6,65,Moderate,20.0,UG/M3,1 Hr,Valid
Tashkent,PM2.5 - Principal,2023-05-27 11:00 AM,2023,05,27,11,22.3,72,Moderate,26.0,UG/M3,1 Hr,Valid
Tashkent,PM2.5 - Principal,2023-05-27 12:00 PM,2023,05,27,12,19.1,66,Moderate,16.0,UG/M3,1 Hr,Valid
Tashkent,PM2.5 - Principal,2023-05-27 01:00 PM,2023,05,27,13,15.5,58,Moderate,12.0,UG/M3,1 Hr,Valid
Tashkent,PM2.5 - Principal,2023-05-27 02:00 PM,2023,05,27,14,13.7,54,Moderate,12.0,UG/M3,1 Hr,Valid
Tashkent,PM2.5 - Principal,2023-05-27 03:00 PM,2023,05,27,15,14.8,57,Moderate,16.0,UG/M3,1 Hr,Valid
Tashkent,PM2.5 - Principal,2023-05-27 04:00 PM,2023,05,27,16,14.9,57,Moderate,15.0,UG/M3,1 Hr,Valid
Tashkent,PM2.5 - Principal,2023-05-27 05:00 PM,2023,05,27,17,11.9,50,Good,9.0,UG/M3,1 Hr,Valid
Tashkent,PM2.5 - Principal,2023-05-27 06:00 PM,2023,05,27,18,9.9,41,Good,8.0,UG/M3,1 Hr,Valid
Tashkent,PM2.5 - Principal,2023-05-27 07:00 PM,2023,05,27,19,8.4,35,Good,7.0,UG/M3,1 Hr,Valid
Tashkent,PM2.5 - Principal,2023-05-27 08:00 PM,2023,05,27,20,11.2,47,Good,14.0,UG/M3,1 Hr,Valid
Tashkent,PM2.5 - Principal,2023-05-27 09:00 PM,2023,05,27,21,17.6,63,Moderate,24.0,UG/M3,1 Hr,Valid
Tashkent,PM2.5 - Principal,2023-05-27 10:00 PM,2023,05,27,22,19.3,66,Moderate,21.0,UG/M3,1 Hr,Valid
Tashkent,PM2.5 - Principal,2023-05-27 11:00 PM,2023,05,27,23,19.6,67,Moderate,20.0,UG/M3,1 Hr,Valid
Tashkent,PM2.5 - Principal,2023-05-28 12:00 AM,2023,05,28,00,21.8,71,Moderate,24.0,UG/M3,1 Hr,Valid
Tashkent,PM2.5 - Principal,2023-05-28 01:00 AM,2023,05,28,01,22.4,73,Moderate,23.0,UG/M3,1 Hr,Valid
Tashkent,PM2.5 - Principal,2023-05-28 02:00 AM,2023,05,28,02,20.7,69,Moderate,19.0,UG/M3,1 Hr,Valid
Tashkent,PM2.5 - Principal,2023-05-28 03:00 AM,2023,05,28,03,16.3,60,Moderate,12.0,UG/M3,1 Hr,Valid
Tashkent,PM2.5 - Principal,2023-05-28 04:00 AM,2023,05,28,04,15.1,57,Moderate,14.0,UG/M3,1 Hr,Valid
Tashkent,PM2.5 - Principal,2023-05-28 05:00 AM,2023,05,28,05,13.5,54,Moderate,12.0,UG/M3,1 Hr,Valid
Tashkent,PM2.5 - Principal,2023-05-28 06:00 AM,2023,05,28,06,15.2,58,Moderate,17.0,UG/M3,1 Hr,Valid
Tashkent,PM2.5 - Principal,2023-05-28 07:00 AM,2023,05,28,07,13.1,53,Moderate,11.0,UG/M3,1 Hr,Valid
Tashkent,PM2.5 - Principal,2023-05-28 08:00 AM,2023,05,28,08,11.0,46,Good,9.0,UG/M3,1 Hr,Valid
Tashkent,PM2.5 - Principal,2023-05-28 09:00 AM,2023,05,28,09,11.0,46,Good,11.0,UG/M3,1 Hr,Valid
Tashkent,PM2.5 - Principal,2023-05-28 10:00 AM,2023,05,28,10,9.5,40,Good,8.0,UG/M3,1 Hr,Valid
Tashkent,PM2.5 - Principal,2023-05-28 11:00 AM,2023,05,28,11,7.2,30,Good,5.0,UG/M3,1 Hr,Valid
Tashkent,PM2.5 - Principal,2023-05-28 12:00 PM,2023,05,28,12,6.6,28,Good,6.0,UG/M3,1 Hr,Valid
Tashkent,PM2.5 - Principal,2023-05-28 01:00 PM,2023,05,28,13,7.3,30,Good,8.0,UG/M3,1 Hr,Valid
Tashkent,PM2.5 - Principal,2023-05-28 02:00 PM,2023,05,28,14,6.1,25,Good,5.0,UG/M3,1 Hr,Valid
Tashkent,PM2.5 - Principal,2023-05-28 03:00 PM,2023,05,28,15,8.0,33,Good,10.0,UG/M3,1 Hr,Valid
Tashkent,PM2.5 - Principal,2023-05-28 04:00 PM,2023,05,28,16,8.5,35,Good,9.0,UG/M3,1 Hr,Valid
Tashkent,PM2.5 - Principal,2023-05-28 05:00 PM,2023,05,28,17,9.7,40,Good,11.0,UG/M3,1 Hr,Valid
Tashkent,PM2.5 - Principal,2023-05-28 06:00 PM,2023,05,28,18,8.8,37,Good,8.0,UG/M3,1 Hr,Valid
Tashkent,PM2.5 - Principal,2023-05-28 07:00 PM,2023,05,28,19,11.4,48,Good,14.0,UG/M3,1 Hr,Valid
Tashkent,PM2.5 - Principal,2023-05-28 08:00 PM,2023,05,28,20,15.7,59,Moderate,20.0,UG/M3,1 Hr,Valid
Tashkent,PM2.5 - Principal,2023-05-28 09:00 PM,2023,05,28,21,18.3,64,Moderate,21.0,UG/M3,1 Hr,Valid
Tashkent,PM2.5 - Principal,2023-05-28 10:00 PM,2023,05,28,22,19.6,67,Moderate,21.0,UG/M3,1 Hr,Valid
Tashkent,PM2.5 - Principal,2023-05-28 11:00 PM,2023,05,28,23,18.8,65,Moderate,18.0,UG/M3,1 Hr,Valid
Tashkent,PM2.5 - Principal,2023-05-29 12:00 AM,2023,05,29,00,20.4,68,Moderate,22.0,UG/M3,1 Hr,Valid
Tashkent,PM2.5 - Principal,2023-05-29 01:00 AM,2023,05,29,01,24.2,76,Moderate,28.0,UG/M3,1 Hr,Valid
Tashkent,PM2.5 - Principal,2023-05-29 02:00 AM,2023,05,29,02,25.1,78,Moderate,26.0,UG/M3,1 Hr,Valid
Tashkent,PM2.5 - Principal,2023-05-29 03:00 AM,2023,05,29,03,24.5,77,Moderate,24.0,UG/M3,1 Hr,Valid
Tashkent,PM2.5 - Principal,2023-05-29 04:00 AM,2023,05,29,04,22.2,72,Moderate,20.0,UG/M3,1 Hr,Valid
Tashkent,PM2.5 - Principal,2023-05-29 05:00 AM,2023,05,29,05,17.6,63,Moderate,13.0,UG/M3,1 Hr,Valid
Tashkent,PM2.5 - Principal,2023-05-29 06:00 AM,2023,05,29,06,14.8,57,Moderate,12.0,UG/M3,1 Hr,Valid
Tashkent,PM2.5 - Principal,2023-05-29 07:00 AM,2023,05,29,07,14.9,57,Moderate,15.0,UG/M3,1 Hr,Valid
Tashkent,PM2.5 - Principal,2023-05-29 08:00 AM,2023,05,29,08,12.9,53,Moderate,11.0,UG/M3,1 Hr,Valid
Tashkent,PM2.5 - Principal,2023-05-29 09:00 AM,2023,05,29,09,11.4,48,Good,10.0,UG/M3,1 Hr,Valid
Tashkent,PM2.5 - Principal,2023-05-29 10:00 AM,2023,05,29,10,15.7,59,Moderate,20.0,UG/M3,1 Hr,Valid
Tashkent,PM2.5 - Principal,2023-05-29 11:00 AM,2023,05,29,11,21.3,70,Moderate,27.0,UG/M3,1 Hr,Valid
Tashkent,PM2.5 - Principal,2023-05-29 12:00 PM,2023,05,29,12,17.6,63,Moderate,14.0,UG/M3,1 Hr,Valid
Tashkent,PM2.5 - Principal,2023-05-29 01:00 PM,2023,05,29,13,18.3,64,Moderate,19.0,UG/M3,1 Hr,Valid
Tashkent,PM2.5 - Principal,2023-05-29 02:00 PM,2023,05,29,14,19.6,67,Moderate,21.0,UG/M3,1 Hr,Valid
Tashkent,PM2.5 - Principal,2023-05-29 03:00 PM,2023,05,29,15,18.8,65,Moderate,18.0,UG/M3,1 Hr,Valid
Tashkent,PM2.5 - Principal,2023-05-29 04:00 PM,2023,05,29,16,20.4,68,Moderate,22.0,UG/M3,1 Hr,Valid
Tashkent,PM2.5 - Principal,2023-05-29 05:00 PM,2023,05,29,17,17.7,63,Moderate,15.0,UG/M3,1 Hr,Valid
Tashkent,PM2.5 - Principal,2023-05-29 06:00 PM,2023,05,29,18,19.3,66,Moderate,21.0,UG/M3,1 Hr,Valid
Tashkent,PM2.5 - Principal,2023-05-29 07:00 PM,2023,05,29,19,18.1,64,Moderate,17.0,UG/M3,1 Hr,Valid
Tashkent,PM2.5 - Principal,2023-05-29 08:00 PM,2023,05,29,20,19.0,66,Moderate,20.0,UG/M3,1 Hr,Valid
Tashkent,PM2.5 - Principal,2023-05-29 09:00 PM,2023,05,29,21,21.9,72,Moderate,25.0,UG/M3,1 Hr,Valid
Tashkent,PM2.5 - Principal,2023-05-29 10:00 PM,2023,05,29,22,21.9,72,Moderate,22.0,UG/M3,1 Hr,Valid
Tashkent,PM2.5 - Principal,2023-05-29 11:00 PM,2023,05,29,23,21.8,71,Moderate,22.0,UG/M3,1 Hr,Valid
Tashkent,PM2.5 - Principal,2023-05-30 12:00 AM,2023,05,30,00,25.3,79,Moderate,29.0,UG/M3,1 Hr,Valid
Tashkent,PM2.5 - Principal,2023-05-30 01:00 AM,2023,05,30,01,24.2,76,Moderate,23.0,UG/M3,1 Hr,Valid
Tashkent,PM2.5 - Principal,2023-05-30 02:00 AM,2023,05,30,02,25.5,79,Moderate,27.0,UG/M3,1 Hr,Valid
Tashkent,PM2.5 - Principal,2023-05-30 03:00 AM,2023,05,30,03,27.8,84,Moderate,30.0,UG/M3,1 Hr,Valid
Tashkent,PM2.5 - Principal,2023-05-30 04:00 AM,2023,05,30,04,24.9,78,Moderate,22.0,UG/M3,1 Hr,Valid
Tashkent,PM2.5 - Principal,2023-05-30 05:00 AM,2023,05,30,05,19.9,67,Moderate,15.0,UG/M3,1 Hr,Valid
Tashkent,PM2.5 - Principal,2023-05-30 06:00 AM,2023,05,30,06,15.9,59,Moderate,12.0,UG/M3,1 Hr,Valid
Tashkent,PM2.5 - Principal,2023-05-30 07:00 AM,2023,05,30,07,16.9,61,Moderate,18.0,UG/M3,1 Hr,Valid
Tashkent,PM2.5 - Principal,2023-05-30 08:00 AM,2023,05,30,08,19.4,66,Moderate,22.0,UG/M3,1 Hr,Valid
Tashkent,PM2.5 - Principal,2023-05-30 09:00 AM,2023,05,30,09,23.7,75,Moderate,28.0,UG/M3,1 Hr,Valid
Tashkent,PM2.5 - Principal,2023-05-30 10:00 AM,2023,05,30,10,26.3,81,Moderate,29.0,UG/M3,1 Hr,Valid
Tashkent,PM2.5 - Principal,2023-05-30 11:00 AM,2023,05,30,11,28.6,86,Moderate,31.0,UG/M3,1 Hr,Valid
Tashkent,PM2.5 - Principal,2023-05-30 12:00 PM,2023,05,30,12,29.3,87,Moderate,30.0,UG/M3,1 Hr,Valid
Tashkent,PM2.5 - Principal,2023-05-30 01:00 PM,2023,05,30,13,25.6,79,Moderate,22.0,UG/M3,1 Hr,Valid
Tashkent,PM2.5 - Principal,2023-05-30 02:00 PM,2023,05,30,14,27.8,84,Moderate,30.0,UG/M3,1 Hr,Valid
Tashkent,PM2.5 - Principal,2023-05-30 03:00 PM,2023,05,30,15,22.4,73,Moderate,17.0,UG/M3,1 Hr,Valid
Tashkent,PM2.5 - Principal,2023-05-30 04:00 PM,2023,05,30,16,18.7,65,Moderate,15.0,UG/M3,1 Hr,Valid
Tashkent,PM2.5 - Principal,2023-05-30 05:00 PM,2023,05,30,17,19.8,67,Moderate,21.0,UG/M3,1 Hr,Valid
Tashkent,PM2.5 - Principal,2023-05-30 06:00 PM,2023,05,30,18,17.9,63,Moderate,16.0,UG/M3,1 Hr,Valid
Tashkent,PM2.5 - Principal,2023-05-30 07:00 PM,2023,05,30,19,16.9,61,Moderate,16.0,UG/M3,1 Hr,Valid
Tashkent,PM2.5 - Principal,2023-05-30 08:00 PM,2023,05,30,20,18.4,64,Moderate,20.0,UG/M3,1 Hr,Valid
Tashkent,PM2.5 - Principal,2023-05-30 09:00 PM,2023,05,30,21,16.7,61,Moderate,15.0,UG/M3,1 Hr,Valid
Tashkent,PM2.5 - Principal,2023-05-30 10:00 PM,2023,05,30,22,20.8,69,Moderate,25.0,UG/M3,1 Hr,Valid
Tashkent,PM2.5 - Principal,2023-05-30 11:00 PM,2023,05,30,23,25.4,79,Moderate,30.0,UG/M3,1 Hr,Valid
Tashkent,PM2.5 - Principal,2023-05-31 12:00 AM,2023,05,31,00,23.2,74,Moderate,21.0,UG/M3,1 Hr,Valid
Tashkent,PM2.5 - Principal,2023-05-31 01:00 AM,2023,05,31,01,19.1,66,Moderate,15.0,UG/M3,1 Hr,Valid
Tashkent,PM2.5 - Principal,2023-05-31 02:00 AM,2023,05,31,02,13.5,54,Moderate,8.0,UG/M3,1 Hr,Valid
Tashkent,PM2.5 - Principal,2023-05-31 03:00 AM,2023,05,31,03,10.2,43,Good,7.0,UG/M3,1 Hr,Valid
Tashkent,PM2.5 - Principal,2023-05-31 04:00 AM,2023,05,31,04,10.6,44,Good,11.0,UG/M3,1 Hr,Valid
Tashkent,PM2.5 - Principal,2023-05-31 05:00 AM,2023,05,31,05,12.3,51,Moderate,14.0,UG/M3,1 Hr,Valid
Tashkent,PM2.5 - Principal,2023-05-31 06:00 AM,2023,05,31,06,13.6,54,Moderate,15.0,UG/M3,1 Hr,Valid
Tashkent,PM2.5 - Principal,2023-05-31 07:00 AM,2023,05,31,07,15.8,59,Moderate,18.0,UG/M3,1 Hr,Valid
Tashkent,PM2.5 - Principal,2023-05-31 08:00 AM,2023,05,31,08,17.4,62,Moderate,19.0,UG/M3,1 Hr,Valid
Tashkent,PM2.5 - Principal,2023-05-31 09:00 AM,2023,05,31,09,27.2,83,Moderate,37.0,UG/M3,1 Hr,Valid
Tashkent,PM2.5 - Principal,2023-05-31 10:00 AM,2023,05,31,10,32.6,94,Moderate,38.0,UG/M3,1 Hr,Valid
Tashkent,PM2.5 - Principal,2023-05-31 11:00 AM,2023,05,31,11,33.8,97,Moderate,35.0,UG/M3,1 Hr,Valid
Tashkent,PM2.5 - Principal,2023-05-31 12:00 PM,2023,05,31,12,31.9,93,Moderate,30.0,UG/M3,1 Hr,Valid
Tashkent,PM2.5 - Principal,2023-05-31 01:00 PM,2023,05,31,13,29.4,87,Moderate,27.0,UG/M3,1 Hr,Valid
Tashkent,PM2.5 - Principal,2023-05-31 02:00 PM,2023,05,31,14,23.7,75,Moderate,18.0,UG/M3,1 Hr,Valid
Tashkent,PM2.5 - Principal,2023-05-31 03:00 PM,2023,05,31,15,28.3,85,Moderate,33.0,UG/M3,1 Hr,Valid
Tashkent,PM2.5 - Principal,2023-05-31 04:00 PM,2023,05,31,16,28.1,85,Moderate,28.0,UG/M3,1 Hr,Valid
Tashkent,PM2.5 - Principal,2023-05-31 05:00 PM,2023,05,31,17,28.0,84,Moderate,28.0,UG/M3,1 Hr,Valid
Tashkent,PM2.5 - Principal,2023-05-31 06:00 PM,2023,05,31,18,28.5,85,Moderate,29.0,UG/M3,1 Hr,Valid
Tashkent,PM2.5 - Principal,2023-05-31 07:00 PM,2023,05,31,19,25.2,79,Moderate,22.0,UG/M3,1 Hr,Valid
Tashkent,PM2.5 - Principal,2023-05-31 08:00 PM,2023,05,31,20,24.1,76,Moderate,23.0,UG/M3,1 Hr,Valid
Tashkent,PM2.5 - Principal,2023-05-31 09:00 PM,2023,05,31,21,25.5,79,Moderate,27.0,UG/M3,1 Hr,Valid
Tashkent,PM2.5 - Principal,2023-05-31 10:00 PM,2023,05,31,22,32.2,93,Moderate,39.0,UG/M3,1 Hr,Valid
Tashkent,PM2.5 - Principal,2023-05-31 11:00 PM,2023,05,31,23,42.6,118,Unhealthy for Sensitive Groups,53.0,UG/M3,1 Hr,Valid
Tashkent,PM2.5 - Principal,2023-06-01 12:00 AM,2023,06,01,00,39.8,112,Unhealthy for Sensitive Groups,37.0,UG/M3,1 Hr,Valid
Tashkent,PM2.5 - Principal,2023-06-01 01:00 AM,2023,06,01,01,36.9,104,Unhealthy for Sensitive Groups,34.0,UG/M3,1 Hr,Valid
Tashkent,PM2.5 - Principal,2023-06-01 02:00 AM,2023,06,01,02,33.4,96,Moderate,30.0,UG/M3,1 Hr,Valid
Tashkent,PM2.5 - Principal,2023-06-01 03:00 AM,2023,06,01,03,32.2,93,Moderate,31.0,UG/M3,1 Hr,Valid
Tashkent,PM2.5 - Principal,2023-06-01 04:00 AM,2023,06,01,04,35.6,101,Unhealthy for Sensitive Groups,39.0,UG/M3,1 Hr,Valid
Tashkent,PM2.5 - Principal,2023-06-01 05:00 AM,2023,06,01,05,32.3,93,Moderate,29.0,UG/M3,1 Hr,Valid
Tashkent,PM2.5 - Principal,2023-06-01 06:00 AM,2023,06,01,06,31.1,91,Moderate,30.0,UG/M3,1 Hr,Valid
Tashkent,PM2.5 - Principal,2023-06-01 07:00 AM,2023,06,01,07,30.5,90,Moderate,30.0,UG/M3,1 Hr,Valid
Tashkent,PM2.5 - Principal,2023-06-01 08:00 AM,2023,06,01,08,25.2,79,Moderate,20.0,UG/M3,1 Hr,Valid
Tashkent,PM2.5 - Principal,2023-06-01 09:00 AM,2023,06,01,09,19.6,67,Moderate,14.0,UG/M3,1 Hr,Valid
Tashkent,PM2.5 - Principal,2023-06-01 10:00 AM,2023,06,01,10,17.8,63,Moderate,16.0,UG/M3,1 Hr,Valid
Tashkent,PM2.5 - Principal,2023-06-01 11:00 AM,2023,06,01,11,16.9,61,Moderate,16.0,UG/M3,1 Hr,Valid
Tashkent,PM2.5 - Principal,2023-06-01 12:00 PM,2023,06,01,12,15.4,58,Moderate,14.0,UG/M3,1 Hr,Valid
Tashkent,PM2.5 - Principal,2023-06-01 01:00 PM,2023,06,01,13,14.2,55,Moderate,13.0,UG/M3,1 Hr,Valid
Tashkent,PM2.5 - Principal,2023-06-01 02:00 PM,2023,06,01,14,12.6,52,Moderate,11.0,UG/M3,1 Hr,Valid
Tashkent,PM2.5 - Principal,2023-06-01 03:00 PM,2023,06,01,15,11.8,49,Good,11.0,UG/M3,1 Hr,Valid
Tashkent,PM2.5 - Principal,2023-06-01 04:00 PM,2023,06,01,16,10.8,45,Good,10.0,UG/M3,1 Hr,Valid
Tashkent,PM2.5 - Principal,2023-06-01 05:00 PM,2023,06,01,17,11.9,50,Good,13.0,UG/M3,1 Hr,Valid
Tashkent,PM2.5 - Principal,2023-06-01 06:00 PM,2023,06,01,18,13.4,54,Moderate,15.0,UG/M3,1 Hr,Valid
Tashkent,PM2.5 - Principal,2023-06-01 07:00 PM,2023,06,01,19,15.2,58,Moderate,17.0,UG/M3,1 Hr,Valid
Tashkent,PM2.5 - Principal,2023-06-01 08:00 PM,2023,06,01,20,17.6,63,Moderate,20.0,UG/M3,1 Hr,Valid
Tashkent,PM2.5 - Principal,2023-06-01 09:00 PM,2023,06,01,21,22.3,72,Moderate,27.0,UG/M3,1 Hr,Valid
Tashkent,PM2.5 - Principal,2023-06-01 10:00 PM,2023,06,01,22,24.6,77,Moderate,27.0,UG/M3,1 Hr,Valid
Tashkent,PM2.5 - Principal,2023-06-01 11:00 PM,2023,06,01,23,24.6,77,Moderate,-999.0,UG/M3,1 Hr,Missing
Tashkent,PM2.5 - Principal,2023-06-02 12:00 AM,2023,06,02,00,30.2,89,Moderate,33.0,UG/M3,1 Hr,Valid
Tashkent,PM2.5 - Principal,2023-06-02 01:00 AM,2023,06,02,01,34.6,98,Moderate,38.0,UG/M3,1 Hr,Valid
Tashkent,PM2.5 - Principal,2023-06-02 02:00 AM,2023,06,02,02,34.3,98,Moderate,34.0,UG/M3,1 Hr,Valid
Tashkent,PM2.5 - Principal,2023-06-02 03:00 AM,2023,06,02,03,31.0,91,Moderate,28.0,UG/M3,1 Hr,Valid
Tashkent,PM2.5 - Principal,2023-06-02 04:00 AM,2023,06,02,04,35.0,99,Moderate,39.0,UG/M3,1 Hr,Valid
Tashkent,PM2.5 - Principal,2023-06-02 05:00 AM,2023,06,02,05,36.0,102,Unhealthy for Sensitive Groups,37.0,UG/M3,1 Hr,Valid
Tashkent,PM2.5 - Principal,2023-06-02 06:00 AM,2023,06,02,06,36.5,103,Unhealthy for Sensitive Groups,37.0,UG/M3,1 Hr,Valid
Tashkent,PM2.5 - Principal,2023-06-02 07:00 AM,2023,06,02,07,29.4,87,Moderate,22.0,UG/M3,1 Hr,Valid
Tashkent,PM2.5 - Principal,2023-06-02 08:00 AM,2023,06,02,08,24.8,78,Moderate,20.0,UG/M3,1 Hr,Valid
Tashkent,PM2.5 - Principal,2023-06-02 09:00 AM,2023,06,02,09,22.9,74,Moderate,21.0,UG/M3,1 Hr,Valid
Tashkent,PM2.5 - Principal,2023-06-02 10:00 AM,2023,06,02,10,20.9,70,Moderate,19.0,UG/M3,1 Hr,Valid
Tashkent,PM2.5 - Principal,2023-06-02 11:00 AM,2023,06,02,11,17.9,63,Moderate,15.0,UG/M3,1 Hr,Valid
Tashkent,PM2.5 - Principal,2023-06-02 12:00 PM,2023,06,02,12,16.9,61,Moderate,16.0,UG/M3,1 Hr,Valid
Tashkent,PM2.5 - Principal,2023-06-02 01:00 PM,2023,06,02,13,15.4,58,Moderate,14.0,UG/M3,1 Hr,Valid
Tashkent,PM2.5 - Principal,2023-06-02 02:00 PM,2023,06,02,14,17.2,62,Moderate,19.0,UG/M3,1 Hr,Valid
Tashkent,PM2.5 - Principal,2023-06-02 03:00 PM,2023,06,02,15,19.1,66,Moderate,21.0,UG/M3,1 Hr,Valid
Tashkent,PM2.5 - Principal,2023-06-02 04:00 PM,2023,06,02,16,16.5,60,Moderate,14.0,UG/M3,1 Hr,Valid
Tashkent,PM2.5 - Principal,2023-06-02 05:00 PM,2023,06,02,17,14.7,56,Moderate,13.0,UG/M3,1 Hr,Valid
Tashkent,PM2.5 - Principal,2023-06-02 06:00 PM,2023,06,02,18,14.3,56,Moderate,13.0,UG/M3,1 Hr,Valid
Tashkent,PM2.5 - Principal,2023-06-02 07:00 PM,2023,06,02,19,14.6,56,Moderate,15.0,UG/M3,1 Hr,Valid
Tashkent,PM2.5 - Principal,2023-06-02 08:00 PM,2023,06,02,20,16.6,60,Moderate,20.0,UG/M3,1 Hr,Valid
Tashkent,PM2.5 - Principal,2023-06-02 09:00 PM,2023,06,02,21,46.1,127,Unhealthy for Sensitive Groups,75.0,UG/M3,1 Hr,Valid
Tashkent,PM2.5 - Principal,2023-06-02 10:00 PM,2023,06,02,22,36.0,102,Unhealthy for Sensitive Groups,26.0,UG/M3,1 Hr,Valid
Tashkent,PM2.5 - Principal,2023-06-02 11:00 PM,2023,06,02,23,28.0,84,Moderate,20.0,UG/M3,1 Hr,Valid
Tashkent,PM2.5 - Principal,2023-06-03 12:00 AM,2023,06,03,00,38.5,108,Unhealthy for Sensitive Groups,49.0,UG/M3,1 Hr,Valid
Tashkent,PM2.5 - Principal,2023-06-03 01:00 AM,2023,06,03,01,35.7,101,Unhealthy for Sensitive Groups,33.0,UG/M3,1 Hr,Valid
Tashkent,PM2.5 - Principal,2023-06-03 02:00 AM,2023,06,03,02,40.8,114,Unhealthy for Sensitive Groups,46.0,UG/M3,1 Hr,Valid
Tashkent,PM2.5 - Principal,2023-06-03 03:00 AM,2023,06,03,03,31.4,92,Moderate,22.0,UG/M3,1 Hr,Valid
Tashkent,PM2.5 - Principal,2023-06-03 04:00 AM,2023,06,03,04,32.2,93,Moderate,33.0,UG/M3,1 Hr,Valid
Tashkent,PM2.5 - Principal,2023-06-03 05:00 AM,2023,06,03,05,29.6,88,Moderate,27.0,UG/M3,1 Hr,Valid
Tashkent,PM2.5 - Principal,2023-06-03 06:00 AM,2023,06,03,06,27.3,83,Moderate,25.0,UG/M3,1 Hr,Valid
Tashkent,PM2.5 - Principal,2023-06-03 07:00 AM,2023,06,03,07,28.6,86,Moderate,30.0,UG/M3,1 Hr,Valid
Tashkent,PM2.5 - Principal,2023-06-03 08:00 AM,2023,06,03,08,24.3,77,Moderate,20.0,UG/M3,1 Hr,Valid
Tashkent,PM2.5 - Principal,2023-06-03 09:00 AM,2023,06,03,09,21.6,71,Moderate,19.0,UG/M3,1 Hr,Valid
Tashkent,PM2.5 - Principal,2023-06-03 10:00 AM,2023,06,03,10,20.3,68,Moderate,19.0,UG/M3,1 Hr,Valid
Tashkent,PM2.5 - Principal,2023-06-03 11:00 AM,2023,06,03,11,17.6,63,Moderate,15.0,UG/M3,1 Hr,Valid
Tashkent,PM2.5 - Principal,2023-06-03 12:00 PM,2023,06,03,12,15.3,58,Moderate,13.0,UG/M3,1 Hr,Valid
Tashkent,PM2.5 - Principal,2023-06-03 01:00 PM,2023,06,03,13,12.6,52,Moderate,10.0,UG/M3,1 Hr,Valid
Tashkent,PM2.5 - Principal,2023-06-03 02:00 PM,2023,06,03,14,12.3,51,Moderate,12.0,UG/M3,1 Hr,Valid
Tashkent,PM2.5 - Principal,2023-06-03 03:00 PM,2023,06,03,15,10.6,44,Good,9.0,UG/M3,1 Hr,Valid
Tashkent,PM2.5 - Principal,2023-06-03 04:00 PM,2023,06,03,16,8.8,37,Good,7.0,UG/M3,1 Hr,Valid
Tashkent,PM2.5 - Principal,2023-06-03 05:00 PM,2023,06,03,17,8.4,35,Good,8.0,UG/M3,1 Hr,Valid
Tashkent,PM2.5 - Principal,2023-06-03 06:00 PM,2023,06,03,18,8.7,36,Good,9.0,UG/M3,1 Hr,Valid
Tashkent,PM2.5 - Principal,2023-06-03 07:00 PM,2023,06,03,19,10.3,43,Good,12.0,UG/M3,1 Hr,Valid
Tashkent,PM2.5 - Principal,2023-06-03 08:00 PM,2023,06,03,20,12.6,52,Moderate,15.0,UG/M3,1 Hr,Valid
Tashkent,PM2.5 - Principal,2023-06-03 09:00 PM,2023,06,03,21,27.3,83,Moderate,42.0,UG/M3,1 Hr,Valid
Tashkent,PM2.5 - Principal,2023-06-03 10:00 PM,2023,06,03,22,36.6,104,Unhealthy for Sensitive Groups,46.0,UG/M3,1 Hr,Valid
Tashkent,PM2.5 - Principal,2023-06-03 11:00 PM,2023,06,03,23,37.3,105,Unhealthy for Sensitive Groups,38.0,UG/M3,1 Hr,Valid
Tashkent,PM2.5 - Principal,2023-06-04 12:00 AM,2023,06,04,00,32.1,93,Moderate,27.0,UG/M3,1 Hr,Valid
Tashkent,PM2.5 - Principal,2023-06-04 01:00 AM,2023,06,04,01,34.0,97,Moderate,36.0,UG/M3,1 Hr,Valid
Tashkent,PM2.5 - Principal,2023-06-04 02:00 AM,2023,06,04,02,28.0,84,Moderate,22.0,UG/M3,1 Hr,Valid
Tashkent,PM2.5 - Principal,2023-06-04 03:00 AM,2023,06,04,03,25.5,79,Moderate,23.0,UG/M3,1 Hr,Valid
Tashkent,PM2.5 - Principal,2023-06-04 04:00 AM,2023,06,04,04,24.7,77,Moderate,24.0,UG/M3,1 Hr,Valid
Tashkent,PM2.5 - Principal,2023-06-04 05:00 AM,2023,06,04,05,19.3,66,Moderate,14.0,UG/M3,1 Hr,Valid
Tashkent,PM2.5 - Principal,2023-06-04 06:00 AM,2023,06,04,06,17.6,63,Moderate,16.0,UG/M3,1 Hr,Valid
Tashkent,PM2.5 - Principal,2023-06-04 07:00 AM,2023,06,04,07,14.8,57,Moderate,12.0,UG/M3,1 Hr,Valid
Tashkent,PM2.5 - Principal,2023-06-04 08:00 AM,2023,06,04,08,14.4,56,Moderate,14.0,UG/M3,1 Hr,Valid
Tashkent,PM2.5 - Principal,2023-06-04 09:00 AM,2023,06,04,09,14.2,55,Moderate,14.0,UG/M3,1 Hr,Valid
Tashkent,PM2.5 - Principal,2023-06-04 10:00 AM,2023,06,04,10,14.1,55,Moderate,14.0,UG/M3,1 Hr,Valid
Tashkent,PM2.5 - Principal,2023-06-04 11:00 AM,2023,06,04,11,14.0,55,Moderate,14.0,UG/M3,1 Hr,Valid
Tashkent,PM2.5 - Principal,2023-06-04 12:00 PM,2023,06,04,12,14.0,55,Moderate,14.0,UG/M3,1 Hr,Valid
Tashkent,PM2.5 - Principal,2023-06-04 01:00 PM,2023,06,04,13,16.0,59,Moderate,18.0,UG/M3,1 Hr,Valid
Tashkent,PM2.5 - Principal,2023-06-04 02:00 PM,2023,06,04,14,17.0,61,Moderate,18.0,UG/M3,1 Hr,Valid
Tashkent,PM2.5 - Principal,2023-06-04 03:00 PM,2023,06,04,15,14.0,55,Moderate,11.0,UG/M3,1 Hr,Valid
Tashkent,PM2.5 - Principal,2023-06-04 04:00 PM,2023,06,04,16,24.5,77,Moderate,35.0,UG/M3,1 Hr,Valid
Tashkent,PM2.5 - Principal,2023-06-04 05:00 PM,2023,06,04,17,15.2,58,Moderate,6.0,UG/M3,1 Hr,Valid
Tashkent,PM2.5 - Principal,2023-06-04 06:00 PM,2023,06,04,18,12.6,52,Moderate,10.0,UG/M3,1 Hr,Valid
Tashkent,PM2.5 - Principal,2023-06-04 07:00 PM,2023,06,04,19,21.3,70,Moderate,30.0,UG/M3,1 Hr,Valid
Tashkent,PM2.5 - Principal,2023-06-04 08:00 PM,2023,06,04,20,25.6,79,Moderate,30.0,UG/M3,1 Hr,Valid
Tashkent,PM2.5 - Principal,2023-06-04 09:00 PM,2023,06,04,21,33.3,96,Moderate,41.0,UG/M3,1 Hr,Valid
Tashkent,PM2.5 - Principal,2023-06-04 10:00 PM,2023,06,04,22,39.6,111,Unhealthy for Sensitive Groups,46.0,UG/M3,1 Hr,Valid
Tashkent,PM2.5 - Principal,2023-06-04 11:00 PM,2023,06,04,23,37.3,105,Unhealthy for Sensitive Groups,35.0,UG/M3,1 Hr,Valid
Tashkent,PM2.5 - Principal,2023-06-05 12:00 AM,2023,06,05,00,43.6,121,Unhealthy for Sensitive Groups,50.0,UG/M3,1 Hr,Valid
Tashkent,PM2.5 - Principal,2023-06-05 01:00 AM,2023,06,05,01,31.8,92,Moderate,20.0,UG/M3,1 Hr,Valid
Tashkent,PM2.5 - Principal,2023-06-05 02:00 AM,2023,06,05,02,28.4,85,Moderate,25.0,UG/M3,1 Hr,Valid
Tashkent,PM2.5 - Principal,2023-06-05 03:00 AM,2023,06,05,03,24.7,77,Moderate,21.0,UG/M3,1 Hr,Valid
Tashkent,PM2.5 - Principal,2023-06-05 04:00 AM,2023,06,05,04,16.3,60,Moderate,8.0,UG/M3,1 Hr,Valid
Tashkent,PM2.5 - Principal,2023-06-05 05:00 AM,2023,06,05,05,15.1,57,Moderate,14.0,UG/M3,1 Hr,Valid
Tashkent,PM2.5 - Principal,2023-06-05 06:00 AM,2023,06,05,06,12.5,52,Moderate,10.0,UG/M3,1 Hr,Valid
Tashkent,PM2.5 - Principal,2023-06-05 07:00 AM,2023,06,05,07,12.7,52,Moderate,13.0,UG/M3,1 Hr,Valid
Tashkent,PM2.5 - Principal,2023-06-05 08:00 AM,2023,06,05,08,11.8,49,Good,11.0,UG/M3,1 Hr,Valid
Tashkent,PM2.5 - Principal,2023-06-05 09:00 AM,2023,06,05,09,9.9,41,Good,8.0,UG/M3,1 Hr,Valid
Tashkent,PM2.5 - Principal,2023-06-05 10:00 AM,2023,06,05,10,7.4,31,Good,5.0,UG/M3,1 Hr,Valid
Tashkent,PM2.5 - Principal,2023-06-05 11:00 AM,2023,06,05,11,7.7,32,Good,8.0,UG/M3,1 Hr,Valid
Tashkent,PM2.5 - Principal,2023-06-05 12:00 PM,2023,06,05,12,10.3,43,Good,13.0,UG/M3,1 Hr,Valid
Tashkent,PM2.5 - Principal,2023-06-05 01:00 PM,2023,06,05,13,9.1,38,Good,8.0,UG/M3,1 Hr,Valid
Tashkent,PM2.5 - Principal,2023-06-05 02:00 PM,2023,06,05,14,8.5,35,Good,8.0,UG/M3,1 Hr,Valid
Tashkent,PM2.5 - Principal,2023-06-05 03:00 PM,2023,06,05,15,6.7,28,Good,5.0,UG/M3,1 Hr,Valid
Tashkent,PM2.5 - Principal,2023-06-05 04:00 PM,2023,06,05,16,4.8,20,Good,3.0,UG/M3,1 Hr,Valid
Tashkent,PM2.5 - Principal,2023-06-05 05:00 PM,2023,06,05,17,6.4,27,Good,8.0,UG/M3,1 Hr,Valid
Tashkent,PM2.5 - Principal,2023-06-05 06:00 PM,2023,06,05,18,6.2,26,Good,6.0,UG/M3,1 Hr,Valid
Tashkent,PM2.5 - Principal,2023-06-05 07:00 PM,2023,06,05,19,5.6,23,Good,5.0,UG/M3,1 Hr,Valid
Tashkent,PM2.5 - Principal,2023-06-05 08:00 PM,2023,06,05,20,10.3,43,Good,15.0,UG/M3,1 Hr,Valid
Tashkent,PM2.5 - Principal,2023-06-05 09:00 PM,2023,06,05,21,16.6,60,Moderate,23.0,UG/M3,1 Hr,Valid
Tashkent,PM2.5 - Principal,2023-06-05 10:00 PM,2023,06,05,22,24.8,78,Moderate,33.0,UG/M3,1 Hr,Valid
Tashkent,PM2.5 - Principal,2023-06-05 11:00 PM,2023,06,05,23,21.9,72,Moderate,19.0,UG/M3,1 Hr,Valid
Tashkent,PM2.5 - Principal,2023-06-06 12:00 AM,2023,06,06,00,26.9,82,Moderate,32.0,UG/M3,1 Hr,Valid
Tashkent,PM2.5 - Principal,2023-06-06 01:00 AM,2023,06,06,01,25.4,79,Moderate,24.0,UG/M3,1 Hr,Valid
Tashkent,PM2.5 - Principal,2023-06-06 02:00 AM,2023,06,06,02,19.2,66,Moderate,13.0,UG/M3,1 Hr,Valid
Tashkent,PM2.5 - Principal,2023-06-06 03:00 AM,2023,06,06,03,14.1,55,Moderate,9.0,UG/M3,1 Hr,Valid
Tashkent,PM2.5 - Principal,2023-06-06 04:00 AM,2023,06,06,04,9.5,40,Good,5.0,UG/M3,1 Hr,Valid
Tashkent,PM2.5 - Principal,2023-06-06 05:00 AM,2023,06,06,05,9.2,38,Good,9.0,UG/M3,1 Hr,Valid
Tashkent,PM2.5 - Principal,2023-06-06 06:00 AM,2023,06,06,06,8.6,36,Good,8.0,UG/M3,1 Hr,Valid
Tashkent,PM2.5 - Principal,2023-06-06 07:00 AM,2023,06,06,07,8.8,37,Good,9.0,UG/M3,1 Hr,Valid
Tashkent,PM2.5 - Principal,2023-06-06 08:00 AM,2023,06,06,08,7.9,33,Good,7.0,UG/M3,1 Hr,Valid
Tashkent,PM2.5 - Principal,2023-06-06 09:00 AM,2023,06,06,09,11.4,48,Good,15.0,UG/M3,1 Hr,Valid
Tashkent,PM2.5 - Principal,2023-06-06 10:00 AM,2023,06,06,10,10.7,45,Good,10.0,UG/M3,1 Hr,Valid
Tashkent,PM2.5 - Principal,2023-06-06 11:00 AM,2023,06,06,11,8.8,37,Good,7.0,UG/M3,1 Hr,Valid
Tashkent,PM2.5 - Principal,2023-06-06 12:00 PM,2023,06,06,12,9.4,39,Good,10.0,UG/M3,1 Hr,Valid
Tashkent,PM2.5 - Principal,2023-06-06 01:00 PM,2023,06,06,13,10.2,43,Good,11.0,UG/M3,1 Hr,Valid
Tashkent,PM2.5 - Principal,2023-06-06 02:00 PM,2023,06,06,14,9.6,40,Good,9.0,UG/M3,1 Hr,Valid
Tashkent,PM2.5 - Principal,2023-06-06 03:00 PM,2023,06,06,15,9.8,41,Good,10.0,UG/M3,1 Hr,Valid
Tashkent,PM2.5 - Principal,2023-06-06 04:00 PM,2023,06,06,16,7.9,33,Good,6.0,UG/M3,1 Hr,Valid
Tashkent,PM2.5 - Principal,2023-06-06 05:00 PM,2023,06,06,17,8.9,37,Good,10.0,UG/M3,1 Hr,Valid
Tashkent,PM2.5 - Principal,2023-06-06 06:00 PM,2023,06,06,18,12.9,53,Moderate,17.0,UG/M3,1 Hr,Valid
Tashkent,PM2.5 - Principal,2023-06-06 07:00 PM,2023,06,06,19,14.9,57,Moderate,17.0,UG/M3,1 Hr,Valid
Tashkent,PM2.5 - Principal,2023-06-06 08:00 PM,2023,06,06,20,17.4,62,Moderate,20.0,UG/M3,1 Hr,Valid
Tashkent,PM2.5 - Principal,2023-06-06 09:00 PM,2023,06,06,21,28.7,86,Moderate,40.0,UG/M3,1 Hr,Valid
Tashkent,PM2.5 - Principal,2023-06-06 10:00 PM,2023,06,06,22,36.8,104,Unhealthy for Sensitive Groups,45.0,UG/M3,1 Hr,Valid
Tashkent,PM2.5 - Principal,2023-06-06 11:00 PM,2023,06,06,23,29.9,88,Moderate,23.0,UG/M3,1 Hr,Valid
Tashkent,PM2.5 - Principal,2023-06-07 12:00 AM,2023,06,07,00,25.4,79,Moderate,21.0,UG/M3,1 Hr,Valid
Tashkent,PM2.5 - Principal,2023-06-07 01:00 AM,2023,06,07,01,19.2,66,Moderate,13.0,UG/M3,1 Hr,Valid
Tashkent,PM2.5 - Principal,2023-06-07 02:00 AM,2023,06,07,02,15.1,57,Moderate,11.0,UG/M3,1 Hr,Valid
Tashkent,PM2.5 - Principal,2023-06-07 03:00 AM,2023,06,07,03,12.5,52,Moderate,10.0,UG/M3,1 Hr,Valid
Tashkent,PM2.5 - Principal,2023-06-07 04:00 AM,2023,06,07,04,11.2,47,Good,10.0,UG/M3,1 Hr,Valid
Tashkent,PM2.5 - Principal,2023-06-07 05:00 AM,2023,06,07,05,10.1,42,Good,9.0,UG/M3,1 Hr,Valid
Tashkent,PM2.5 - Principal,2023-06-07 06:00 AM,2023,06,07,06,10.0,42,Good,10.0,UG/M3,1 Hr,Valid
Tashkent,PM2.5 - Principal,2023-06-07 07:00 AM,2023,06,07,07,10.5,44,Good,11.0,UG/M3,1 Hr,Valid
Tashkent,PM2.5 - Principal,2023-06-07 08:00 AM,2023,06,07,08,10.7,45,Good,11.0,UG/M3,1 Hr,Valid
Tashkent,PM2.5 - Principal,2023-06-07 09:00 AM,2023,06,07,09,11.8,49,Good,13.0,UG/M3,1 Hr,Valid
Tashkent,PM2.5 - Principal,2023-06-07 10:00 AM,2023,06,07,10,13.4,54,Moderate,15.0,UG/M3,1 Hr,Valid
Tashkent,PM2.5 - Principal,2023-06-07 11:00 AM,2023,06,07,11,12.2,51,Moderate,11.0,UG/M3,1 Hr,Valid
Tashkent,PM2.5 - Principal,2023-06-07 12:00 PM,2023,06,07,12,10.2,43,Good,8.0,UG/M3,1 Hr,Valid
Tashkent,PM2.5 - Principal,2023-06-07 01:00 PM,2023,06,07,13,7.5,31,Good,5.0,UG/M3,1 Hr,Valid
Tashkent,PM2.5 - Principal,2023-06-07 02:00 PM,2023,06,07,14,5.2,22,Good,3.0,UG/M3,1 Hr,Valid
Tashkent,PM2.5 - Principal,2023-06-07 03:00 PM,2023,06,07,15,4.1,17,Good,3.0,UG/M3,1 Hr,Valid
Tashkent,PM2.5 - Principal,2023-06-07 04:00 PM,2023,06,07,16,4.0,17,Good,4.0,UG/M3,1 Hr,Valid
Tashkent,PM2.5 - Principal,2023-06-07 05:00 PM,2023,06,07,17,4.5,19,Good,5.0,UG/M3,1 Hr,Valid
Tashkent,PM2.5 - Principal,2023-06-07 06:00 PM,2023,06,07,18,4.7,20,Good,5.0,UG/M3,1 Hr,Valid
Tashkent,PM2.5 - Principal,2023-06-07 07:00 PM,2023,06,07,19,4.7,20,Good,-999.0,UG/M3,1 Hr,Missing
Tashkent,PM2.5 - Principal,2023-06-07 08:00 PM,2023,06,07,20,14.2,55,Moderate,19.0,UG/M3,1 Hr,Valid
Tashkent,PM2.5 - Principal,2023-06-07 09:00 PM,2023,06,07,21,28.9,86,Moderate,40.0,UG/M3,1 Hr,Valid
Tashkent,PM2.5 - Principal,2023-06-07 10:00 PM,2023,06,07,22,38.5,108,Unhealthy for Sensitive Groups,47.0,UG/M3,1 Hr,Valid
Tashkent,PM2.5 - Principal,2023-06-07 11:00 PM,2023,06,07,23,41.9,117,Unhealthy for Sensitive Groups,45.0,UG/M3,1 Hr,Valid
Tashkent,PM2.5 - Principal,2023-06-08 12:00 AM,2023,06,08,00,51.6,141,Unhealthy for Sensitive Groups,61.0,UG/M3,1 Hr,Valid
Tashkent,PM2.5 - Principal,2023-06-08 01:00 AM,2023,06,08,01,42.7,119,Unhealthy for Sensitive Groups,34.0,UG/M3,1 Hr,Valid
Tashkent,PM2.5 - Principal,2023-06-08 02:00 AM,2023,06,08,02,29.3,87,Moderate,16.0,UG/M3,1 Hr,Valid
Tashkent,PM2.5 - Principal,2023-06-08 03:00 AM,2023,06,08,03,16.6,60,Moderate,4.0,UG/M3,1 Hr,Valid
Tashkent,PM2.5 - Principal,2023-06-08 04:00 AM,2023,06,08,04,11.3,47,Good,6.0,UG/M3,1 Hr,Valid
Tashkent,PM2.5 - Principal,2023-06-08 05:00 AM,2023,06,08,05,10.6,44,Good,10.0,UG/M3,1 Hr,Valid
Tashkent,PM2.5 - Principal,2023-06-08 06:00 AM,2023,06,08,06,10.3,43,Good,10.0,UG/M3,1 Hr,Valid
Tashkent,PM2.5 - Principal,2023-06-08 07:00 AM,2023,06,08,07,9.1,38,Good,8.0,UG/M3,1 Hr,Valid
Tashkent,PM2.5 - Principal,2023-06-08 08:00 AM,2023,06,08,08,9.0,38,Good,9.0,UG/M3,1 Hr,Valid
Tashkent,PM2.5 - Principal,2023-06-08 09:00 AM,2023,06,08,09,7.5,31,Good,6.0,UG/M3,1 Hr,Valid
Tashkent,PM2.5 - Principal,2023-06-08 10:00 AM,2023,06,08,10,9.2,38,Good,11.0,UG/M3,1 Hr,Valid
Tashkent,PM2.5 - Principal,2023-06-08 11:00 AM,2023,06,08,11,10.6,44,Good,12.0,UG/M3,1 Hr,Valid
Tashkent,PM2.5 - Principal,2023-06-08 12:00 PM,2023,06,08,12,12.3,51,Moderate,14.0,UG/M3,1 Hr,Valid
Tashkent,PM2.5 - Principal,2023-06-08 01:00 PM,2023,06,08,13,14.1,55,Moderate,16.0,UG/M3,1 Hr,Valid
Tashkent,PM2.5 - Principal,2023-06-08 02:00 PM,2023,06,08,14,14.5,56,Moderate,15.0,UG/M3,1 Hr,Valid
Tashkent,PM2.5 - Principal,2023-06-08 03:00 PM,2023,06,08,15,12.7,52,Moderate,11.0,UG/M3,1 Hr,Valid
Tashkent,PM2.5 - Principal,2023-06-08 04:00 PM,2023,06,08,16,11.8,49,Good,11.0,UG/M3,1 Hr,Valid
Tashkent,PM2.5 - Principal,2023-06-08 05:00 PM,2023,06,08,17,11.8,49,Good,-999.0,UG/M3,1 Hr,Missing
Tashkent,PM2.5 - Principal,2023-06-08 06:00 PM,2023,06,08,18,11.2,47,Good,11.0,UG/M3,1 Hr,Valid
Tashkent,PM2.5 - Principal,2023-06-08 07:00 PM,2023,06,08,19,16.8,61,Moderate,21.0,UG/M3,1 Hr,Valid
Tashkent,PM2.5 - Principal,2023-06-08 08:00 PM,2023,06,08,20,21.7,71,Moderate,26.0,UG/M3,1 Hr,Valid
Tashkent,PM2.5 - Principal,2023-06-08 09:00 PM,2023,06,08,21,30.6,90,Moderate,39.0,UG/M3,1 Hr,Valid
Tashkent,PM2.5 - Principal,2023-06-08 10:00 PM,2023,06,08,22,49.1,134,Unhealthy for Sensitive Groups,67.0,UG/M3,1 Hr,Valid
Tashkent,PM2.5 - Principal,2023-06-08 11:00 PM,2023,06,08,23,49.5,135,Unhealthy for Sensitive Groups,50.0,UG/M3,1 Hr,Valid
Tashkent,PM2.5 - Principal,2023-06-09 12:00 AM,2023,06,09,00,44.2,122,Unhealthy for Sensitive Groups,39.0,UG/M3,1 Hr,Valid
Tashkent,PM2.5 - Principal,2023-06-09 01:00 AM,2023,06,09,01,37.1,105,Unhealthy for Sensitive Groups,30.0,UG/M3,1 Hr,Valid
Tashkent,PM2.5 - Principal,2023-06-09 02:00 AM,2023,06,09,02,28.0,84,Moderate,19.0,UG/M3,1 Hr,Valid
Tashkent,PM2.5 - Principal,2023-06-09 03:00 AM,2023,06,09,03,22.5,73,Moderate,17.0,UG/M3,1 Hr,Valid
Tashkent,PM2.5 - Principal,2023-06-09 04:00 AM,2023,06,09,04,17.7,63,Moderate,13.0,UG/M3,1 Hr,Valid
Tashkent,PM2.5 - Principal,2023-06-09 05:00 AM,2023,06,09,05,13.8,55,Moderate,10.0,UG/M3,1 Hr,Valid
Tashkent,PM2.5 - Principal,2023-06-09 06:00 AM,2023,06,09,06,12.9,53,Moderate,12.0,UG/M3,1 Hr,Valid
Tashkent,PM2.5 - Principal,2023-06-09 07:00 AM,2023,06,09,07,12.4,52,Moderate,12.0,UG/M3,1 Hr,Valid
Tashkent,PM2.5 - Principal,2023-06-09 08:00 AM,2023,06,09,08,11.7,49,Good,11.0,UG/M3,1 Hr,Valid
Tashkent,PM2.5 - Principal,2023-06-09 09:00 AM,2023,06,09,09,12.3,51,Moderate,13.0,UG/M3,1 Hr,Valid
Tashkent,PM2.5 - Principal,2023-06-09 10:00 AM,2023,06,09,10,19.6,67,Moderate,27.0,UG/M3,1 Hr,Valid
Tashkent,PM2.5 - Principal,2023-06-09 11:00 AM,2023,06,09,11,26.8,82,Moderate,34.0,UG/M3,1 Hr,Valid
Tashkent,PM2.5 - Principal,2023-06-09 12:00 PM,2023,06,09,12,28.4,85,Moderate,30.0,UG/M3,1 Hr,Valid
Tashkent,PM2.5 - Principal,2023-06-09 01:00 PM,2023,06,09,13,26.2,81,Moderate,24.0,UG/M3,1 Hr,Valid
Tashkent,PM2.5 - Principal,2023-06-09 02:00 PM,2023,06,09,14,30.6,90,Moderate,35.0,UG/M3,1 Hr,Valid
Tashkent,PM2.5 - Principal,2023-06-09 03:00 PM,2023,06,09,15,30.3,89,Moderate,30.0,UG/M3,1 Hr,Valid
Tashkent,PM2.5 - Principal,2023-06-09 04:00 PM,2023,06,09,16,26.1,80,Moderate,22.0,UG/M3,1 Hr,Valid
Tashkent,PM2.5 - Principal,2023-06-09 05:00 PM,2023,06,09,17,18.5,64,Moderate,11.0,UG/M3,1 Hr,Valid
Tashkent,PM2.5 - Principal,2023-06-09 06:00 PM,2023,06,09,18,41.7,116,Unhealthy for Sensitive Groups,65.0,UG/M3,1 Hr,Valid
Tashkent,PM2.5 - Principal,2023-06-09 07:00 PM,2023,06,09,19,53.4,145,Unhealthy for Sensitive Groups,65.0,UG/M3,1 Hr,Valid
Tashkent,PM2.5 - Principal,2023-06-09 08:00 PM,2023,06,09,20,53.4,145,Unhealthy for Sensitive Groups,-999.0,UG/M3,1 Hr,Missing
Tashkent,PM2.5 - Principal,2023-06-09 09:00 PM,2023,06,09,21,43.1,120,Unhealthy for Sensitive Groups,38.0,UG/M3,1 Hr,Valid
Tashkent,PM2.5 - Principal,2023-06-09 10:00 PM,2023,06,09,22,34.4,98,Moderate,28.0,UG/M3,1 Hr,Valid
Tashkent,PM2.5 - Principal,2023-06-09 11:00 PM,2023,06,09,23,25.1,78,Moderate,17.0,UG/M3,1 Hr,Valid
Tashkent,PM2.5 - Principal,2023-06-10 12:00 AM,2023,06,10,00,19.3,66,Moderate,14.0,UG/M3,1 Hr,Valid
Tashkent,PM2.5 - Principal,2023-06-10 01:00 AM,2023,06,10,01,15.1,57,Moderate,11.0,UG/M3,1 Hr,Valid
Tashkent,PM2.5 - Principal,2023-06-10 02:00 AM,2023,06,10,02,13.5,54,Moderate,12.0,UG/M3,1 Hr,Valid
Tashkent,PM2.5 - Principal,2023-06-10 03:00 AM,2023,06,10,03,14.2,55,Moderate,15.0,UG/M3,1 Hr,Valid
Tashkent,PM2.5 - Principal,2023-06-10 04:00 AM,2023,06,10,04,17.1,62,Moderate,20.0,UG/M3,1 Hr,Valid
Tashkent,PM2.5 - Principal,2023-06-10 05:00 AM,2023,06,10,05,22.0,72,Moderate,27.0,UG/M3,1 Hr,Valid
Tashkent,PM2.5 - Principal,2023-06-10 06:00 AM,2023,06,10,06,17.0,61,Moderate,12.0,UG/M3,1 Hr,Valid
Tashkent,PM2.5 - Principal,2023-06-10 07:00 AM,2023,06,10,07,15.0,57,Moderate,13.0,UG/M3,1 Hr,Valid
Tashkent,PM2.5 - Principal,2023-06-10 08:00 AM,2023,06,10,08,14.0,55,Moderate,13.0,UG/M3,1 Hr,Valid
Tashkent,PM2.5 - Principal,2023-06-10 09:00 AM,2023,06,10,09,11.4,48,Good,9.0,UG/M3,1 Hr,Valid
Tashkent,PM2.5 - Principal,2023-06-10 10:00 AM,2023,06,10,10,9.2,38,Good,7.0,UG/M3,1 Hr,Valid
Tashkent,PM2.5 - Principal,2023-06-10 11:00 AM,2023,06,10,11,6.6,28,Good,4.0,UG/M3,1 Hr,Valid
Tashkent,PM2.5 - Principal,2023-06-10 12:00 PM,2023,06,10,12,11.8,49,Good,17.0,UG/M3,1 Hr,Valid
Tashkent,PM2.5 - Principal,2023-06-10 01:00 PM,2023,06,10,13,11.4,48,Good,11.0,UG/M3,1 Hr,Valid
Tashkent,PM2.5 - Principal,2023-06-10 02:00 PM,2023,06,10,14,17.7,63,Moderate,24.0,UG/M3,1 Hr,Valid
Tashkent,PM2.5 - Principal,2023-06-10 03:00 PM,2023,06,10,15,16.8,61,Moderate,16.0,UG/M3,1 Hr,Valid
Tashkent,PM2.5 - Principal,2023-06-10 04:00 PM,2023,06,10,16,16.9,61,Moderate,17.0,UG/M3,1 Hr,Valid
Tashkent,PM2.5 - Principal,2023-06-10 05:00 PM,2023,06,10,17,17.4,62,Moderate,18.0,UG/M3,1 Hr,Valid
Tashkent,PM2.5 - Principal,2023-06-10 06:00 PM,2023,06,10,18,19.7,67,Moderate,22.0,UG/M3,1 Hr,Valid
Tashkent,PM2.5 - Principal,2023-06-10 07:00 PM,2023,06,10,19,16.3,60,Moderate,13.0,UG/M3,1 Hr,Valid
Tashkent,PM2.5 - Principal,2023-06-10 08:00 PM,2023,06,10,20,17.1,62,Moderate,18.0,UG/M3,1 Hr,Valid
Tashkent,PM2.5 - Principal,2023-06-10 09:00 PM,2023,06,10,21,18.5,64,Moderate,20.0,UG/M3,1 Hr,Valid
Tashkent,PM2.5 - Principal,2023-06-10 10:00 PM,2023,06,10,22,17.7,63,Moderate,17.0,UG/M3,1 Hr,Valid
Tashkent,PM2.5 - Principal,2023-06-10 11:00 PM,2023,06,10,23,16.4,60,Moderate,15.0,UG/M3,1 Hr,Valid
Tashkent,PM2.5 - Principal,2023-06-11 12:00 AM,2023,06,11,00,18.7,65,Moderate,21.0,UG/M3,1 Hr,Valid
Tashkent,PM2.5 - Principal,2023-06-11 01:00 AM,2023,06,11,01,22.3,72,Moderate,26.0,UG/M3,1 Hr,Valid
Tashkent,PM2.5 - Principal,2023-06-11 02:00 AM,2023,06,11,02,38.1,107,Unhealthy for Sensitive Groups,54.0,UG/M3,1 Hr,Valid
Tashkent,PM2.5 - Principal,2023-06-11 03:00 AM,2023,06,11,03,36.5,103,Unhealthy for Sensitive Groups,35.0,UG/M3,1 Hr,Valid
Tashkent,PM2.5 - Principal,2023-06-11 04:00 AM,2023,06,11,04,39.7,111,Unhealthy for Sensitive Groups,43.0,UG/M3,1 Hr,Valid
Tashkent,PM2.5 - Principal,2023-06-11 05:00 AM,2023,06,11,05,41.4,116,Unhealthy for Sensitive Groups,43.0,UG/M3,1 Hr,Valid
Tashkent,PM2.5 - Principal,2023-06-11 06:00 AM,2023,06,11,06,42.7,119,Unhealthy for Sensitive Groups,44.0,UG/M3,1 Hr,Valid
Tashkent,PM2.5 - Principal,2023-06-11 07:00 AM,2023,06,11,07,59.3,153,Unhealthy,76.0,UG/M3,1 Hr,Valid
Tashkent,PM2.5 - Principal,2023-06-11 08:00 AM,2023,06,11,08,80.1,164,Unhealthy,101.0,UG/M3,1 Hr,Valid
Tashkent,PM2.5 - Principal,2023-06-11 09:00 AM,2023,06,11,09,95.6,172,Unhealthy,111.0,UG/M3,1 Hr,Valid
Tashkent,PM2.5 - Principal,2023-06-11 10:00 AM,2023,06,11,10,97.8,173,Unhealthy,100.0,UG/M3,1 Hr,Valid
Tashkent,PM2.5 - Principal,2023-06-11 11:00 AM,2023,06,11,11,84.9,166,Unhealthy,72.0,UG/M3,1 Hr,Valid
Tashkent,PM2.5 - Principal,2023-06-11 12:00 PM,2023,06,11,12,71.9,159,Unhealthy,59.0,UG/M3,1 Hr,Valid
Tashkent,PM2.5 - Principal,2023-06-11 01:00 PM,2023,06,11,13,64.4,156,Unhealthy,57.0,UG/M3,1 Hr,Valid
Tashkent,PM2.5 - Principal,2023-06-11 02:00 PM,2023,06,11,14,60.2,153,Unhealthy,56.0,UG/M3,1 Hr,Valid
Tashkent,PM2.5 - Principal,2023-06-11 03:00 PM,2023,06,11,15,53.6,146,Unhealthy for Sensitive Groups,47.0,UG/M3,1 Hr,Valid
Tashkent,PM2.5 - Principal,2023-06-11 04:00 PM,2023,06,11,16,52.8,144,Unhealthy for Sensitive Groups,52.0,UG/M3,1 Hr,Valid
Tashkent,PM2.5 - Principal,2023-06-11 05:00 PM,2023,06,11,17,54.9,149,Unhealthy for Sensitive Groups,57.0,UG/M3,1 Hr,Valid
Tashkent,PM2.5 - Principal,2023-06-11 06:00 PM,2023,06,11,18,51.4,140,Unhealthy for Sensitive Groups,48.0,UG/M3,1 Hr,Valid
Tashkent,PM2.5 - Principal,2023-06-11 07:00 PM,2023,06,11,19,49.7,136,Unhealthy for Sensitive Groups,48.0,UG/M3,1 Hr,Valid
Tashkent,PM2.5 - Principal,2023-06-11 08:00 PM,2023,06,11,20,46.8,129,Unhealthy for Sensitive Groups,44.0,UG/M3,1 Hr,Valid
Tashkent,PM2.5 - Principal,2023-06-11 09:00 PM,2023,06,11,21,47.4,130,Unhealthy for Sensitive Groups,48.0,UG/M3,1 Hr,Valid
Tashkent,PM2.5 - Principal,2023-06-11 10:00 PM,2023,06,11,22,48.3,133,Unhealthy for Sensitive Groups,49.0,UG/M3,1 Hr,Valid
Tashkent,PM2.5 - Principal,2023-06-11 11:00 PM,2023,06,11,23,48.6,133,Unhealthy for Sensitive Groups,48.0,UG/M3,1 Hr,Valid
Tashkent,PM2.5 - Principal,2023-06-12 12:00 AM,2023,06,12,00,50.6,138,Unhealthy for Sensitive Groups,57.0,UG/M3,1 Hr,Valid
Tashkent,PM2.5 - Principal,2023-06-12 01:00 AM,2023,06,12,01,49.4,135,Unhealthy for Sensitive Groups,46.0,UG/M3,1 Hr,Valid
Tashkent,PM2.5 - Principal,2023-06-12 02:00 AM,2023,06,12,02,47.0,129,Unhealthy for Sensitive Groups,41.0,UG/M3,1 Hr,Valid
Tashkent,PM2.5 - Principal,2023-06-12 03:00 AM,2023,06,12,03,43.7,121,Unhealthy for Sensitive Groups,38.0,UG/M3,1 Hr,Valid
Tashkent,PM2.5 - Principal,2023-06-12 04:00 AM,2023,06,12,04,42.1,117,Unhealthy for Sensitive Groups,39.0,UG/M3,1 Hr,Valid
Tashkent,PM2.5 - Principal,2023-06-12 05:00 AM,2023,06,12,05,38.2,108,Unhealthy for Sensitive Groups,34.0,UG/M3,1 Hr,Valid
Tashkent,PM2.5 - Principal,2023-06-12 06:00 AM,2023,06,12,06,38.9,109,Unhealthy for Sensitive Groups,40.0,UG/M3,1 Hr,Valid
Tashkent,PM2.5 - Principal,2023-06-12 07:00 AM,2023,06,12,07,41.0,115,Unhealthy for Sensitive Groups,44.0,UG/M3,1 Hr,Valid
Tashkent,PM2.5 - Principal,2023-06-12 08:00 AM,2023,06,12,08,43.0,119,Unhealthy for Sensitive Groups,46.0,UG/M3,1 Hr,Valid
Tashkent,PM2.5 - Principal,2023-06-12 09:00 AM,2023,06,12,09,44.6,123,Unhealthy for Sensitive Groups,47.0,UG/M3,1 Hr,Valid
Tashkent,PM2.5 - Principal,2023-06-12 10:00 AM,2023,06,12,10,43.1,120,Unhealthy for Sensitive Groups,41.0,UG/M3,1 Hr,Valid
Tashkent,PM2.5 - Principal,2023-06-12 11:00 AM,2023,06,12,11,40.2,113,Unhealthy for Sensitive Groups,36.0,UG/M3,1 Hr,Valid
Tashkent,PM2.5 - Principal,2023-06-12 12:00 PM,2023,06,12,12,40.3,113,Unhealthy for Sensitive Groups,39.0,UG/M3,1 Hr,Valid
Tashkent,PM2.5 - Principal,2023-06-12 01:00 PM,2023,06,12,13,39.3,110,Unhealthy for Sensitive Groups,37.0,UG/M3,1 Hr,Valid
Tashkent,PM2.5 - Principal,2023-06-12 02:00 PM,2023,06,12,14,40.0,112,Unhealthy for Sensitive Groups,42.0,UG/M3,1 Hr,Valid
Tashkent,PM2.5 - Principal,2023-06-12 03:00 PM,2023,06,12,15,38.9,109,Unhealthy for Sensitive Groups,36.0,UG/M3,1 Hr,Valid
Tashkent,PM2.5 - Principal,2023-06-12 04:00 PM,2023,06,12,16,38.6,109,Unhealthy for Sensitive Groups,38.0,UG/M3,1 Hr,Valid
Tashkent,PM2.5 - Principal,2023-06-12 05:00 PM,2023,06,12,17,38.9,109,Unhealthy for Sensitive Groups,39.0,UG/M3,1 Hr,Valid
Tashkent,PM2.5 - Principal,2023-06-12 06:00 PM,2023,06,12,18,38.9,109,Unhealthy for Sensitive Groups,39.0,UG/M3,1 Hr,Valid
Tashkent,PM2.5 - Principal,2023-06-12 07:00 PM,2023,06,12,19,39.1,110,Unhealthy for Sensitive Groups,40.0,UG/M3,1 Hr,Valid
Tashkent,PM2.5 - Principal,2023-06-12 08:00 PM,2023,06,12,20,40.7,114,Unhealthy for Sensitive Groups,46.0,UG/M3,1 Hr,Valid
Tashkent,PM2.5 - Principal,2023-06-12 09:00 PM,2023,06,12,21,39.5,111,Unhealthy for Sensitive Groups,36.0,UG/M3,1 Hr,Valid
Tashkent,PM2.5 - Principal,2023-06-12 10:00 PM,2023,06,12,22,35.0,99,Moderate,28.0,UG/M3,1 Hr,Valid
Tashkent,PM2.5 - Principal,2023-06-12 11:00 PM,2023,06,12,23,32.2,93,Moderate,28.0,UG/M3,1 Hr,Valid
Tashkent,PM2.5 - Principal,2023-06-13 12:00 AM,2023,06,13,00,29.1,87,Moderate,26.0,UG/M3,1 Hr,Valid
Tashkent,PM2.5 - Principal,2023-06-13 01:00 AM,2023,06,13,01,23.2,74,Moderate,18.0,UG/M3,1 Hr,Valid
Tashkent,PM2.5 - Principal,2023-06-13 02:00 AM,2023,06,13,02,22.6,73,Moderate,22.0,UG/M3,1 Hr,Valid
Tashkent,PM2.5 - Principal,2023-06-13 03:00 AM,2023,06,13,03,19.7,67,Moderate,17.0,UG/M3,1 Hr,Valid
Tashkent,PM2.5 - Principal,2023-06-13 04:00 AM,2023,06,13,04,17.3,62,Moderate,15.0,UG/M3,1 Hr,Valid
Tashkent,PM2.5 - Principal,2023-06-13 05:00 AM,2023,06,13,05,15.6,58,Moderate,14.0,UG/M3,1 Hr,Valid
Tashkent,PM2.5 - Principal,2023-06-13 06:00 AM,2023,06,13,06,12.8,52,Moderate,10.0,UG/M3,1 Hr,Valid
Tashkent,PM2.5 - Principal,2023-06-13 07:00 AM,2023,06,13,07,13.4,54,Moderate,14.0,UG/M3,1 Hr,Valid
Tashkent,PM2.5 - Principal,2023-06-13 08:00 AM,2023,06,13,08,13.7,54,Moderate,14.0,UG/M3,1 Hr,Valid
Tashkent,PM2.5 - Principal,2023-06-13 09:00 AM,2023,06,13,09,16.8,61,Moderate,20.0,UG/M3,1 Hr,Valid
Tashkent,PM2.5 - Principal,2023-06-13 10:00 AM,2023,06,13,10,20.9,70,Moderate,25.0,UG/M3,1 Hr,Valid
Tashkent,PM2.5 - Principal,2023-06-13 11:00 AM,2023,06,13,11,19.4,66,Moderate,18.0,UG/M3,1 Hr,Valid
Tashkent,PM2.5 - Principal,2023-06-13 12:00 PM,2023,06,13,12,22.2,72,Moderate,25.0,UG/M3,1 Hr,Valid
Tashkent,PM2.5 - Principal,2023-06-13 01:00 PM,2023,06,13,13,25.1,78,Moderate,28.0,UG/M3,1 Hr,Valid
Tashkent,PM2.5 - Principal,2023-06-13 02:00 PM,2023,06,13,14,25.5,79,Moderate,26.0,UG/M3,1 Hr,Valid
Tashkent,PM2.5 - Principal,2023-06-13 03:00 PM,2023,06,13,15,26.2,81,Moderate,27.0,UG/M3,1 Hr,Valid
Tashkent,PM2.5 - Principal,2023-06-13 04:00 PM,2023,06,13,16,28.6,86,Moderate,31.0,UG/M3,1 Hr,Valid
Tashkent,PM2.5 - Principal,2023-06-13 05:00 PM,2023,06,13,17,31.8,92,Moderate,35.0,UG/M3,1 Hr,Valid
Tashkent,PM2.5 - Principal,2023-06-13 06:00 PM,2023,06,13,18,30.4,89,Moderate,29.0,UG/M3,1 Hr,Valid
Tashkent,PM2.5 - Principal,2023-06-13 07:00 PM,2023,06,13,19,31.7,92,Moderate,33.0,UG/M3,1 Hr,Valid
Tashkent,PM2.5 - Principal,2023-06-13 08:00 PM,2023,06,13,20,34.8,99,Moderate,38.0,UG/M3,1 Hr,Valid
Tashkent,PM2.5 - Principal,2023-06-13 09:00 PM,2023,06,13,21,36.9,104,Unhealthy for Sensitive Groups,39.0,UG/M3,1 Hr,Valid
Tashkent,PM2.5 - Principal,2023-06-13 10:00 PM,2023,06,13,22,44.9,124,Unhealthy for Sensitive Groups,53.0,UG/M3,1 Hr,Valid
Tashkent,PM2.5 - Principal,2023-06-13 11:00 PM,2023,06,13,23,41.4,116,Unhealthy for Sensitive Groups,38.0,UG/M3,1 Hr,Valid
Tashkent,PM2.5 - Principal,2023-06-14 12:00 AM,2023,06,14,00,44.2,122,Unhealthy for Sensitive Groups,47.0,UG/M3,1 Hr,Valid
Tashkent,PM2.5 - Principal,2023-06-14 01:00 AM,2023,06,14,01,46.1,127,Unhealthy for Sensitive Groups,48.0,UG/M3,1 Hr,Valid
Tashkent,PM2.5 - Principal,2023-06-14 02:00 AM,2023,06,14,02,40.1,112,Unhealthy for Sensitive Groups,34.0,UG/M3,1 Hr,Valid
Tashkent,PM2.5 - Principal,2023-06-14 03:00 AM,2023,06,14,03,37.9,107,Unhealthy for Sensitive Groups,35.0,UG/M3,1 Hr,Valid
Tashkent,PM2.5 - Principal,2023-06-14 04:00 AM,2023,06,14,04,33.9,97,Moderate,29.0,UG/M3,1 Hr,Valid
Tashkent,PM2.5 - Principal,2023-06-14 05:00 AM,2023,06,14,05,31.6,92,Moderate,29.0,UG/M3,1 Hr,Valid
Tashkent,PM2.5 - Principal,2023-06-14 06:00 AM,2023,06,14,06,27.0,82,Moderate,23.0,UG/M3,1 Hr,Valid
Tashkent,PM2.5 - Principal,2023-06-14 07:00 AM,2023,06,14,07,26.0,80,Moderate,25.0,UG/M3,1 Hr,Valid
Tashkent,PM2.5 - Principal,2023-06-14 08:00 AM,2023,06,14,08,30.5,90,Moderate,35.0,UG/M3,1 Hr,Valid
Tashkent,PM2.5 - Principal,2023-06-14 09:00 AM,2023,06,14,09,33.7,96,Moderate,37.0,UG/M3,1 Hr,Valid
Tashkent,PM2.5 - Principal,2023-06-14 10:00 AM,2023,06,14,10,37.3,105,Unhealthy for Sensitive Groups,41.0,UG/M3,1 Hr,Valid
Tashkent,PM2.5 - Principal,2023-06-14 11:00 AM,2023,06,14,11,37.6,106,Unhealthy for Sensitive Groups,38.0,UG/M3,1 Hr,Valid
Tashkent,PM2.5 - Principal,2023-06-14 12:00 PM,2023,06,14,12,43.8,121,Unhealthy for Sensitive Groups,50.0,UG/M3,1 Hr,Valid
Tashkent,PM2.5 - Principal,2023-06-14 01:00 PM,2023,06,14,13,46.4,128,Unhealthy for Sensitive Groups,49.0,UG/M3,1 Hr,Valid
Tashkent,PM2.5 - Principal,2023-06-14 02:00 PM,2023,06,14,14,47.7,131,Unhealthy for Sensitive Groups,49.0,UG/M3,1 Hr,Valid
Tashkent,PM2.5 - Principal,2023-06-14 03:00 PM,2023,06,14,15,50.3,137,Unhealthy for Sensitive Groups,53.0,UG/M3,1 Hr,Valid
Tashkent,PM2.5 - Principal,2023-06-14 04:00 PM,2023,06,14,16,43.1,120,Unhealthy for Sensitive Groups,36.0,UG/M3,1 Hr,Valid
Tashkent,PM2.5 - Principal,2023-06-14 05:00 PM,2023,06,14,17,36.5,103,Unhealthy for Sensitive Groups,30.0,UG/M3,1 Hr,Valid
Tashkent,PM2.5 - Principal,2023-06-14 06:00 PM,2023,06,14,18,35.7,101,Unhealthy for Sensitive Groups,35.0,UG/M3,1 Hr,Valid
Tashkent,PM2.5 - Principal,2023-06-14 07:00 PM,2023,06,14,19,35.4,100,Moderate,34.0,UG/M3,1 Hr,Valid
Tashkent,PM2.5 - Principal,2023-06-14 08:00 PM,2023,06,14,20,35.6,101,Unhealthy for Sensitive Groups,36.0,UG/M3,1 Hr,Valid
Tashkent,PM2.5 - Principal,2023-06-14 09:00 PM,2023,06,14,21,35.3,100,Moderate,35.0,UG/M3,1 Hr,Valid
Tashkent,PM2.5 - Principal,2023-06-14 10:00 PM,2023,06,14,22,41.3,115,Unhealthy for Sensitive Groups,49.0,UG/M3,1 Hr,Valid
Tashkent,PM2.5 - Principal,2023-06-14 11:00 PM,2023,06,14,23,45.5,126,Unhealthy for Sensitive Groups,51.0,UG/M3,1 Hr,Valid
Tashkent,PM2.5 - Principal,2023-06-15 12:00 AM,2023,06,15,00,47.4,130,Unhealthy for Sensitive Groups,50.0,UG/M3,1 Hr,Valid
Tashkent,PM2.5 - Principal,2023-06-15 01:00 AM,2023,06,15,01,45.9,127,Unhealthy for Sensitive Groups,44.0,UG/M3,1 Hr,Valid
Tashkent,PM2.5 - Principal,2023-06-15 02:00 AM,2023,06,15,02,40.7,114,Unhealthy for Sensitive Groups,34.0,UG/M3,1 Hr,Valid
Tashkent,PM2.5 - Principal,2023-06-15 03:00 AM,2023,06,15,03,36.4,103,Unhealthy for Sensitive Groups,30.0,UG/M3,1 Hr,Valid
Tashkent,PM2.5 - Principal,2023-06-15 04:00 AM,2023,06,15,04,30.6,90,Moderate,26.0,UG/M3,1 Hr,Valid
Tashkent,PM2.5 - Principal,2023-06-15 05:00 AM,2023,06,15,05,25.7,80,Moderate,21.0,UG/M3,1 Hr,Valid
Tashkent,PM2.5 - Principal,2023-06-15 06:00 AM,2023,06,15,06,22.3,72,Moderate,19.0,UG/M3,1 Hr,Valid
Tashkent,PM2.5 - Principal,2023-06-15 07:00 AM,2023,06,15,07,23.6,75,Moderate,25.0,UG/M3,1 Hr,Valid
Tashkent,PM2.5 - Principal,2023-06-15 08:00 AM,2023,06,15,08,25.3,79,Moderate,27.0,UG/M3,1 Hr,Valid
Tashkent,PM2.5 - Principal,2023-06-15 09:00 AM,2023,06,15,09,28.6,86,Moderate,32.0,UG/M3,1 Hr,Valid
Tashkent,PM2.5 - Principal,2023-06-15 10:00 AM,2023,06,15,10,30.3,89,Moderate,32.0,UG/M3,1 Hr,Valid
Tashkent,PM2.5 - Principal,2023-06-15 11:00 AM,2023,06,15,11,30.3,89,Moderate,-999.0,UG/M3,1 Hr,Missing
Tashkent,PM2.5 - Principal,2023-06-15 12:00 PM,2023,06,15,12,73.4,160,Unhealthy,95.0,UG/M3,1 Hr,Valid
Tashkent,PM2.5 - Principal,2023-06-15 01:00 PM,2023,06,15,13,75.4,161,Unhealthy,77.0,UG/M3,1 Hr,Valid
Tashkent,PM2.5 - Principal,2023-06-15 02:00 PM,2023,06,15,14,70.4,159,Unhealthy,66.0,UG/M3,1 Hr,Valid
Tashkent,PM2.5 - Principal,2023-06-15 03:00 PM,2023,06,15,15,68.1,158,Unhealthy,66.0,UG/M3,1 Hr,Valid
Tashkent,PM2.5 - Principal,2023-06-15 04:00 PM,2023,06,15,16,68.1,158,Unhealthy,-999.0,UG/M3,1 Hr,Missing
Tashkent,PM2.5 - Principal,2023-06-15 05:00 PM,2023,06,15,17,53.9,146,Unhealthy for Sensitive Groups,47.0,UG/M3,1 Hr,Valid
Tashkent,PM2.5 - Principal,2023-06-15 06:00 PM,2023,06,15,18,47.0,129,Unhealthy for Sensitive Groups,42.0,UG/M3,1 Hr,Valid
Tashkent,PM2.5 - Principal,2023-06-15 07:00 PM,2023,06,15,19,40.0,112,Unhealthy for Sensitive Groups,34.0,UG/M3,1 Hr,Valid
Tashkent,PM2.5 - Principal,2023-06-15 08:00 PM,2023,06,15,20,35.3,100,Moderate,31.0,UG/M3,1 Hr,Valid
Tashkent,PM2.5 - Principal,2023-06-15 09:00 PM,2023,06,15,21,38.2,108,Unhealthy for Sensitive Groups,41.0,UG/M3,1 Hr,Valid
Tashkent,PM2.5 - Principal,2023-06-15 10:00 PM,2023,06,15,22,40.1,112,Unhealthy for Sensitive Groups,42.0,UG/M3,1 Hr,Valid
Tashkent,PM2.5 - Principal,2023-06-15 11:00 PM,2023,06,15,23,37.5,106,Unhealthy for Sensitive Groups,35.0,UG/M3,1 Hr,Valid
Tashkent,PM2.5 - Principal,2023-06-16 12:00 AM,2023,06,16,00,35.7,101,Unhealthy for Sensitive Groups,34.0,UG/M3,1 Hr,Valid
Tashkent,PM2.5 - Principal,2023-06-16 01:00 AM,2023,06,16,01,38.8,109,Unhealthy for Sensitive Groups,42.0,UG/M3,1 Hr,Valid
Tashkent,PM2.5 - Principal,2023-06-16 02:00 AM,2023,06,16,02,37.4,106,Unhealthy for Sensitive Groups,36.0,UG/M3,1 Hr,Valid
Tashkent,PM2.5 - Principal,2023-06-16 03:00 AM,2023,06,16,03,34.2,97,Moderate,29.0,UG/M3,1 Hr,Valid
Tashkent,PM2.5 - Principal,2023-06-16 04:00 AM,2023,06,16,04,32.6,94,Moderate,30.0,UG/M3,1 Hr,Valid
Tashkent,PM2.5 - Principal,2023-06-16 05:00 AM,2023,06,16,05,24.7,77,Moderate,18.0,UG/M3,1 Hr,Valid
Tashkent,PM2.5 - Principal,2023-06-16 06:00 AM,2023,06,16,06,23.8,76,Moderate,23.0,UG/M3,1 Hr,Valid
Tashkent,PM2.5 - Principal,2023-06-16 07:00 AM,2023,06,16,07,23.4,75,Moderate,23.0,UG/M3,1 Hr,Valid
Tashkent,PM2.5 - Principal,2023-06-16 08:00 AM,2023,06,16,08,27.2,83,Moderate,31.0,UG/M3,1 Hr,Valid
Tashkent,PM2.5 - Principal,2023-06-16 09:00 AM,2023,06,16,09,32.6,94,Moderate,38.0,UG/M3,1 Hr,Valid
Tashkent,PM2.5 - Principal,2023-06-16 10:00 AM,2023,06,16,10,39.3,110,Unhealthy for Sensitive Groups,46.0,UG/M3,1 Hr,Valid
Tashkent,PM2.5 - Principal,2023-06-16 11:00 AM,2023,06,16,11,44.1,122,Unhealthy for Sensitive Groups,49.0,UG/M3,1 Hr,Valid
Tashkent,PM2.5 - Principal,2023-06-16 12:00 PM,2023,06,16,12,50.0,137,Unhealthy for Sensitive Groups,56.0,UG/M3,1 Hr,Valid
Tashkent,PM2.5 - Principal,2023-06-16 01:00 PM,2023,06,16,13,47.0,129,Unhealthy for Sensitive Groups,44.0,UG/M3,1 Hr,Valid
Tashkent,PM2.5 - Principal,2023-06-16 02:00 PM,2023,06,16,14,41.0,115,Unhealthy for Sensitive Groups,35.0,UG/M3,1 Hr,Valid
Tashkent,PM2.5 - Principal,2023-06-16 03:00 PM,2023,06,16,15,37.0,105,Unhealthy for Sensitive Groups,33.0,UG/M3,1 Hr,Valid
Tashkent,PM2.5 - Principal,2023-06-16 04:00 PM,2023,06,16,16,32.0,93,Moderate,27.0,UG/M3,1 Hr,Valid
Tashkent,PM2.5 - Principal,2023-06-16 05:00 PM,2023,06,16,17,26.5,81,Moderate,21.0,UG/M3,1 Hr,Valid
Tashkent,PM2.5 - Principal,2023-06-16 06:00 PM,2023,06,16,18,23.7,75,Moderate,21.0,UG/M3,1 Hr,Valid
Tashkent,PM2.5 - Principal,2023-06-16 07:00 PM,2023,06,16,19,24.3,77,Moderate,25.0,UG/M3,1 Hr,Valid
Tashkent,PM2.5 - Principal,2023-06-16 08:00 PM,2023,06,16,20,29.1,87,Moderate,34.0,UG/M3,1 Hr,Valid
Tashkent,PM2.5 - Principal,2023-06-16 09:00 PM,2023,06,16,21,30.5,90,Moderate,32.0,UG/M3,1 Hr,Valid
Tashkent,PM2.5 - Principal,2023-06-16 10:00 PM,2023,06,16,22,36.7,104,Unhealthy for Sensitive Groups,43.0,UG/M3,1 Hr,Valid
Tashkent,PM2.5 - Principal,2023-06-16 11:00 PM,2023,06,16,23,38.8,109,Unhealthy for Sensitive Groups,41.0,UG/M3,1 Hr,Valid
Tashkent,PM2.5 - Principal,2023-06-17 12:00 AM,2023,06,17,00,37.9,107,Unhealthy for Sensitive Groups,37.0,UG/M3,1 Hr,Valid
Tashkent,PM2.5 - Principal,2023-06-17 01:00 AM,2023,06,17,01,33.9,97,Moderate,30.0,UG/M3,1 Hr,Valid
Tashkent,PM2.5 - Principal,2023-06-17 02:00 AM,2023,06,17,02,31.9,93,Moderate,30.0,UG/M3,1 Hr,Valid
Tashkent,PM2.5 - Principal,2023-06-17 03:00 AM,2023,06,17,03,29.4,87,Moderate,27.0,UG/M3,1 Hr,Valid
Tashkent,PM2.5 - Principal,2023-06-17 04:00 AM,2023,06,17,04,28.2,85,Moderate,27.0,UG/M3,1 Hr,Valid
Tashkent,PM2.5 - Principal,2023-06-17 05:00 AM,2023,06,17,05,23.6,75,Moderate,19.0,UG/M3,1 Hr,Valid
Tashkent,PM2.5 - Principal,2023-06-17 06:00 AM,2023,06,17,06,20.8,69,Moderate,18.0,UG/M3,1 Hr,Valid
Tashkent,PM2.5 - Principal,2023-06-17 07:00 AM,2023,06,17,07,20.4,68,Moderate,20.0,UG/M3,1 Hr,Valid
Tashkent,PM2.5 - Principal,2023-06-17 08:00 AM,2023,06,17,08,22.2,72,Moderate,24.0,UG/M3,1 Hr,Valid
Tashkent,PM2.5 - Principal,2023-06-17 09:00 AM,2023,06,17,09,22.0,72,Moderate,22.0,UG/M3,1 Hr,Valid
Tashkent,PM2.5 - Principal,2023-06-17 10:00 AM,2023,06,17,10,24.5,77,Moderate,27.0,UG/M3,1 Hr,Valid
Tashkent,PM2.5 - Principal,2023-06-17 11:00 AM,2023,06,17,11,36.2,103,Unhealthy for Sensitive Groups,48.0,UG/M3,1 Hr,Valid
Tashkent,PM2.5 - Principal,2023-06-17 12:00 PM,2023,06,17,12,44.1,122,Unhealthy for Sensitive Groups,52.0,UG/M3,1 Hr,Valid
Tashkent,PM2.5 - Principal,2023-06-17 01:00 PM,2023,06,17,13,42.0,117,Unhealthy for Sensitive Groups,40.0,UG/M3,1 Hr,Valid
Tashkent,PM2.5 - Principal,2023-06-17 02:00 PM,2023,06,17,14,35.5,101,Unhealthy for Sensitive Groups,29.0,UG/M3,1 Hr,Valid
Tashkent,PM2.5 - Principal,2023-06-17 03:00 PM,2023,06,17,15,29.2,87,Moderate,23.0,UG/M3,1 Hr,Valid
Tashkent,PM2.5 - Principal,2023-06-17 04:00 PM,2023,06,17,16,24.6,77,Moderate,20.0,UG/M3,1 Hr,Valid
Tashkent,PM2.5 - Principal,2023-06-17 05:00 PM,2023,06,17,17,21.8,71,Moderate,19.0,UG/M3,1 Hr,Valid
Tashkent,PM2.5 - Principal,2023-06-17 06:00 PM,2023,06,17,18,19.4,66,Moderate,17.0,UG/M3,1 Hr,Valid
Tashkent,PM2.5 - Principal,2023-06-17 07:00 PM,2023,06,17,19,20.7,69,Moderate,22.0,UG/M3,1 Hr,Valid
Tashkent,PM2.5 - Principal,2023-06-17 08:00 PM,2023,06,17,20,31.3,91,Moderate,42.0,UG/M3,1 Hr,Valid
Tashkent,PM2.5 - Principal,2023-06-17 09:00 PM,2023,06,17,21,59.6,153,Unhealthy,88.0,UG/M3,1 Hr,Valid
Tashkent,PM2.5 - Principal,2023-06-17 10:00 PM,2023,06,17,22,57.3,152,Unhealthy,55.0,UG/M3,1 Hr,Valid
Tashkent,PM2.5 - Principal,2023-06-17 11:00 PM,2023,06,17,23,52.1,142,Unhealthy for Sensitive Groups,47.0,UG/M3,1 Hr,Valid
Tashkent,PM2.5 - Principal,2023-06-18 12:00 AM,2023,06,18,00,43.5,121,Unhealthy for Sensitive Groups,35.0,UG/M3,1 Hr,Valid
Tashkent,PM2.5 - Principal,2023-06-18 01:00 AM,2023,06,18,01,42.2,117,Unhealthy for Sensitive Groups,41.0,UG/M3,1 Hr,Valid
Tashkent,PM2.5 - Principal,2023-06-18 02:00 AM,2023,06,18,02,41.1,115,Unhealthy for Sensitive Groups,40.0,UG/M3,1 Hr,Valid
Tashkent,PM2.5 - Principal,2023-06-18 03:00 AM,2023,06,18,03,40.0,112,Unhealthy for Sensitive Groups,39.0,UG/M3,1 Hr,Valid
Tashkent,PM2.5 - Principal,2023-06-18 04:00 AM,2023,06,18,04,33.5,96,Moderate,27.0,UG/M3,1 Hr,Valid
Tashkent,PM2.5 - Principal,2023-06-18 05:00 AM,2023,06,18,05,25.2,79,Moderate,17.0,UG/M3,1 Hr,Valid
Tashkent,PM2.5 - Principal,2023-06-18 06:00 AM,2023,06,18,06,24.1,76,Moderate,23.0,UG/M3,1 Hr,Valid
Tashkent,PM2.5 - Principal,2023-06-18 07:00 AM,2023,06,18,07,21.5,71,Moderate,19.0,UG/M3,1 Hr,Valid
Tashkent,PM2.5 - Principal,2023-06-18 08:00 AM,2023,06,18,08,23.2,74,Moderate,25.0,UG/M3,1 Hr,Valid
Tashkent,PM2.5 - Principal,2023-06-18 09:00 AM,2023,06,18,09,22.1,72,Moderate,21.0,UG/M3,1 Hr,Valid
Tashkent,PM2.5 - Principal,2023-06-18 10:00 AM,2023,06,18,10,21.0,70,Moderate,20.0,UG/M3,1 Hr,Valid
Tashkent,PM2.5 - Principal,2023-06-18 11:00 AM,2023,06,18,11,22.0,72,Moderate,23.0,UG/M3,1 Hr,Valid
Tashkent,PM2.5 - Principal,2023-06-18 12:00 PM,2023,06,18,12,22.0,72,Moderate,22.0,UG/M3,1 Hr,Valid
Tashkent,PM2.5 - Principal,2023-06-18 01:00 PM,2023,06,18,13,22.0,72,Moderate,22.0,UG/M3,1 Hr,Valid
Tashkent,PM2.5 - Principal,2023-06-18 02:00 PM,2023,06,18,14,21.9,72,Moderate,-999.0,UG/M3,1 Hr,Missing
Tashkent,PM2.5 - Principal,2023-06-18 03:00 PM,2023,06,18,15,37.3,105,Unhealthy for Sensitive Groups,45.0,UG/M3,1 Hr,Valid
Tashkent,PM2.5 - Principal,2023-06-18 04:00 PM,2023,06,18,16,38.8,109,Unhealthy for Sensitive Groups,40.0,UG/M3,1 Hr,Valid
Tashkent,PM2.5 - Principal,2023-06-18 05:00 PM,2023,06,18,17,42.1,117,Unhealthy for Sensitive Groups,45.0,UG/M3,1 Hr,Valid
Tashkent,PM2.5 - Principal,2023-06-18 06:00 PM,2023,06,18,18,42.5,118,Unhealthy for Sensitive Groups,43.0,UG/M3,1 Hr,Valid
Tashkent,PM2.5 - Principal,2023-06-18 07:00 PM,2023,06,18,19,43.3,120,Unhealthy for Sensitive Groups,44.0,UG/M3,1 Hr,Valid
Tashkent,PM2.5 - Principal,2023-06-18 08:00 PM,2023,06,18,20,38.6,109,Unhealthy for Sensitive Groups,34.0,UG/M3,1 Hr,Valid
Tashkent,PM2.5 - Principal,2023-06-18 09:00 PM,2023,06,18,21,42.8,119,Unhealthy for Sensitive Groups,47.0,UG/M3,1 Hr,Valid
Tashkent,PM2.5 - Principal,2023-06-18 10:00 PM,2023,06,18,22,39.9,112,Unhealthy for Sensitive Groups,37.0,UG/M3,1 Hr,Valid
Tashkent,PM2.5 - Principal,2023-06-18 11:00 PM,2023,06,18,23,32.4,94,Moderate,25.0,UG/M3,1 Hr,Valid
Tashkent,PM2.5 - Principal,2023-06-19 12:00 AM,2023,06,19,00,30.7,90,Moderate,29.0,UG/M3,1 Hr,Valid
Tashkent,PM2.5 - Principal,2023-06-19 01:00 AM,2023,06,19,01,31.0,91,Moderate,31.0,UG/M3,1 Hr,Valid
Tashkent,PM2.5 - Principal,2023-06-19 02:00 AM,2023,06,19,02,30.5,90,Moderate,30.0,UG/M3,1 Hr,Valid
Tashkent,PM2.5 - Principal,2023-06-19 03:00 AM,2023,06,19,03,27.3,83,Moderate,24.0,UG/M3,1 Hr,Valid
Tashkent,PM2.5 - Principal,2023-06-19 04:00 AM,2023,06,19,04,25.1,78,Moderate,23.0,UG/M3,1 Hr,Valid
Tashkent,PM2.5 - Principal,2023-06-19 05:00 AM,2023,06,19,05,20.5,69,Moderate,16.0,UG/M3,1 Hr,Valid
Tashkent,PM2.5 - Principal,2023-06-19 06:00 AM,2023,06,19,06,19.2,66,Moderate,18.0,UG/M3,1 Hr,Valid
Tashkent,PM2.5 - Principal,2023-06-19 07:00 AM,2023,06,19,07,22.1,72,Moderate,25.0,UG/M3,1 Hr,Valid
Tashkent,PM2.5 - Principal,2023-06-19 08:00 AM,2023,06,19,08,23.0,74,Moderate,24.0,UG/M3,1 Hr,Valid
Tashkent,PM2.5 - Principal,2023-06-19 09:00 AM,2023,06,19,09,24.0,76,Moderate,25.0,UG/M3,1 Hr,Valid
Tashkent,PM2.5 - Principal,2023-06-19 10:00 AM,2023,06,19,10,28.5,85,Moderate,33.0,UG/M3,1 Hr,Valid
Tashkent,PM2.5 - Principal,2023-06-19 11:00 AM,2023,06,19,11,29.2,87,Moderate,30.0,UG/M3,1 Hr,Valid
Tashkent,PM2.5 - Principal,2023-06-19 12:00 PM,2023,06,19,12,33.6,96,Moderate,38.0,UG/M3,1 Hr,Valid
Tashkent,PM2.5 - Principal,2023-06-19 01:00 PM,2023,06,19,13,36.3,103,Unhealthy for Sensitive Groups,39.0,UG/M3,1 Hr,Valid
Tashkent,PM2.5 - Principal,2023-06-19 02:00 PM,2023,06,19,14,37.1,105,Unhealthy for Sensitive Groups,38.0,UG/M3,1 Hr,Valid
Tashkent,PM2.5 - Principal,2023-06-19 03:00 PM,2023,06,19,15,31.0,91,Moderate,25.0,UG/M3,1 Hr,Valid
Tashkent,PM2.5 - Principal,2023-06-19 04:00 PM,2023,06,19,16,30.0,89,Moderate,29.0,UG/M3,1 Hr,Valid
Tashkent,PM2.5 - Principal,2023-06-19 05:00 PM,2023,06,19,17,23.5,75,Moderate,17.0,UG/M3,1 Hr,Valid
Tashkent,PM2.5 - Principal,2023-06-19 06:00 PM,2023,06,19,18,23.7,75,Moderate,24.0,UG/M3,1 Hr,Valid
Tashkent,PM2.5 - Principal,2023-06-19 07:00 PM,2023,06,19,19,35.8,102,Unhealthy for Sensitive Groups,48.0,UG/M3,1 Hr,Valid
Tashkent,PM2.5 - Principal,2023-06-19 08:00 PM,2023,06,19,20,65.4,156,Unhealthy,95.0,UG/M3,1 Hr,Valid
Tashkent,PM2.5 - Principal,2023-06-19 09:00 PM,2023,06,19,21,57.7,152,Unhealthy,50.0,UG/M3,1 Hr,Valid
Tashkent,PM2.5 - Principal,2023-06-19 10:00 PM,2023,06,19,22,49.8,136,Unhealthy for Sensitive Groups,42.0,UG/M3,1 Hr,Valid
Tashkent,PM2.5 - Principal,2023-06-19 11:00 PM,2023,06,19,23,39.4,111,Unhealthy for Sensitive Groups,29.0,UG/M3,1 Hr,Valid
Tashkent,PM2.5 - Principal,2023-06-20 12:00 AM,2023,06,20,00,37.2,105,Unhealthy for Sensitive Groups,35.0,UG/M3,1 Hr,Valid
Tashkent,PM2.5 - Principal,2023-06-20 01:00 AM,2023,06,20,01,37.6,106,Unhealthy for Sensitive Groups,38.0,UG/M3,1 Hr,Valid
Tashkent,PM2.5 - Principal,2023-06-20 02:00 AM,2023,06,20,02,37.8,107,Unhealthy for Sensitive Groups,38.0,UG/M3,1 Hr,Valid
Tashkent,PM2.5 - Principal,2023-06-20 03:00 AM,2023,06,20,03,37.4,106,Unhealthy for Sensitive Groups,37.0,UG/M3,1 Hr,Valid
Tashkent,PM2.5 - Principal,2023-06-20 04:00 AM,2023,06,20,04,33.2,95,Moderate,29.0,UG/M3,1 Hr,Valid
Tashkent,PM2.5 - Principal,2023-06-20 05:00 AM,2023,06,20,05,30.6,90,Moderate,28.0,UG/M3,1 Hr,Valid
Tashkent,PM2.5 - Principal,2023-06-20 06:00 AM,2023,06,20,06,28.3,85,Moderate,26.0,UG/M3,1 Hr,Valid
Tashkent,PM2.5 - Principal,2023-06-20 07:00 AM,2023,06,20,07,28.1,85,Moderate,28.0,UG/M3,1 Hr,Valid
Tashkent,PM2.5 - Principal,2023-06-20 08:00 AM,2023,06,20,08,30.5,90,Moderate,33.0,UG/M3,1 Hr,Valid
Tashkent,PM2.5 - Principal,2023-06-20 09:00 AM,2023,06,20,09,39.1,110,Unhealthy for Sensitive Groups,49.0,UG/M3,1 Hr,Valid
Tashkent,PM2.5 - Principal,2023-06-20 10:00 AM,2023,06,20,10,38.6,109,Unhealthy for Sensitive Groups,38.0,UG/M3,1 Hr,Valid
Tashkent,PM2.5 - Principal,2023-06-20 11:00 AM,2023,06,20,11,43.5,121,Unhealthy for Sensitive Groups,49.0,UG/M3,1 Hr,Valid
Tashkent,PM2.5 - Principal,2023-06-20 12:00 PM,2023,06,20,12,47.9,132,Unhealthy for Sensitive Groups,52.0,UG/M3,1 Hr,Valid
Tashkent,PM2.5 - Principal,2023-06-20 01:00 PM,2023,06,20,13,46.9,129,Unhealthy for Sensitive Groups,46.0,UG/M3,1 Hr,Valid
Tashkent,PM2.5 - Principal,2023-06-20 02:00 PM,2023,06,20,14,46.4,128,Unhealthy for Sensitive Groups,46.0,UG/M3,1 Hr,Valid
Tashkent,PM2.5 - Principal,2023-06-20 03:00 PM,2023,06,20,15,45.7,126,Unhealthy for Sensitive Groups,45.0,UG/M3,1 Hr,Valid
Tashkent,PM2.5 - Principal,2023-06-20 04:00 PM,2023,06,20,16,47.8,131,Unhealthy for Sensitive Groups,50.0,UG/M3,1 Hr,Valid
Tashkent,PM2.5 - Principal,2023-06-20 05:00 PM,2023,06,20,17,49.9,136,Unhealthy for Sensitive Groups,52.0,UG/M3,1 Hr,Valid
Tashkent,PM2.5 - Principal,2023-06-20 06:00 PM,2023,06,20,18,49.8,136,Unhealthy for Sensitive Groups,50.0,UG/M3,1 Hr,Valid
Tashkent,PM2.5 - Principal,2023-06-20 07:00 PM,2023,06,20,19,45.2,125,Unhealthy for Sensitive Groups,38.0,UG/M3,1 Hr,Valid
Tashkent,PM2.5 - Principal,2023-06-20 08:00 PM,2023,06,20,20,44.6,123,Unhealthy for Sensitive Groups,41.0,UG/M3,1 Hr,Valid
Tashkent,PM2.5 - Principal,2023-06-20 09:00 PM,2023,06,20,21,46.3,128,Unhealthy for Sensitive Groups,51.0,UG/M3,1 Hr,Valid
Tashkent,PM2.5 - Principal,2023-06-20 10:00 PM,2023,06,20,22,48.6,133,Unhealthy for Sensitive Groups,54.0,UG/M3,1 Hr,Valid
Tashkent,PM2.5 - Principal,2023-06-20 11:00 PM,2023,06,20,23,52.6,143,Unhealthy for Sensitive Groups,59.0,UG/M3,1 Hr,Valid
Tashkent,PM2.5 - Principal,2023-06-21 12:00 AM,2023,06,21,00,52.4,143,Unhealthy for Sensitive Groups,52.0,UG/M3,1 Hr,Valid
Tashkent,PM2.5 - Principal,2023-06-21 01:00 AM,2023,06,21,01,52.9,144,Unhealthy for Sensitive Groups,54.0,UG/M3,1 Hr,Valid
Tashkent,PM2.5 - Principal,2023-06-21 02:00 AM,2023,06,21,02,52.2,142,Unhealthy for Sensitive Groups,51.0,UG/M3,1 Hr,Valid
Tashkent,PM2.5 - Principal,2023-06-21 03:00 AM,2023,06,21,03,50.7,138,Unhealthy for Sensitive Groups,48.0,UG/M3,1 Hr,Valid
Tashkent,PM2.5 - Principal,2023-06-21 04:00 AM,2023,06,21,04,49.0,134,Unhealthy for Sensitive Groups,46.0,UG/M3,1 Hr,Valid
Tashkent,PM2.5 - Principal,2023-06-21 05:00 AM,2023,06,21,05,43.1,120,Unhealthy for Sensitive Groups,35.0,UG/M3,1 Hr,Valid
Tashkent,PM2.5 - Principal,2023-06-21 06:00 AM,2023,06,21,06,41.0,115,Unhealthy for Sensitive Groups,38.0,UG/M3,1 Hr,Valid
Tashkent,PM2.5 - Principal,2023-06-21 07:00 AM,2023,06,21,07,44.2,122,Unhealthy for Sensitive Groups,49.0,UG/M3,1 Hr,Valid
Tashkent,PM2.5 - Principal,2023-06-21 08:00 AM,2023,06,21,08,46.2,127,Unhealthy for Sensitive Groups,49.0,UG/M3,1 Hr,Valid
Tashkent,PM2.5 - Principal,2023-06-21 09:00 AM,2023,06,21,09,37.3,105,Unhealthy for Sensitive Groups,28.0,UG/M3,1 Hr,Valid
Tashkent,PM2.5 - Principal,2023-06-21 10:00 AM,2023,06,21,10,34.1,97,Moderate,31.0,UG/M3,1 Hr,Valid
Tashkent,PM2.5 - Principal,2023-06-21 11:00 AM,2023,06,21,11,31.8,92,Moderate,29.0,UG/M3,1 Hr,Valid
Tashkent,PM2.5 - Principal,2023-06-21 12:00 PM,2023,06,21,12,33.8,97,Moderate,36.0,UG/M3,1 Hr,Valid
Tashkent,PM2.5 - Principal,2023-06-21 01:00 PM,2023,06,21,13,29.3,87,Moderate,25.0,UG/M3,1 Hr,Valid
Tashkent,PM2.5 - Principal,2023-06-21 02:00 PM,2023,06,21,14,23.1,74,Moderate,17.0,UG/M3,1 Hr,Valid
Tashkent,PM2.5 - Principal,2023-06-21 03:00 PM,2023,06,21,15,19.0,66,Moderate,15.0,UG/M3,1 Hr,Valid
Tashkent,PM2.5 - Principal,2023-06-21 04:00 PM,2023,06,21,16,17.0,61,Moderate,15.0,UG/M3,1 Hr,Valid
Tashkent,PM2.5 - Principal,2023-06-21 05:00 PM,2023,06,21,17,16.5,60,Moderate,16.0,UG/M3,1 Hr,Valid
Tashkent,PM2.5 - Principal,2023-06-21 06:00 PM,2023,06,21,18,17.2,62,Moderate,18.0,UG/M3,1 Hr,Valid
Tashkent,PM2.5 - Principal,2023-06-21 07:00 PM,2023,06,21,19,17.1,62,Moderate,17.0,UG/M3,1 Hr,Valid
Tashkent,PM2.5 - Principal,2023-06-21 08:00 PM,2023,06,21,20,19.5,67,Moderate,22.0,UG/M3,1 Hr,Valid
Tashkent,PM2.5 - Principal,2023-06-21 09:00 PM,2023,06,21,21,20.2,68,Moderate,21.0,UG/M3,1 Hr,Valid
Tashkent,PM2.5 - Principal,2023-06-21 10:00 PM,2023,06,21,22,19.1,66,Moderate,18.0,UG/M3,1 Hr,Valid
Tashkent,PM2.5 - Principal,2023-06-21 11:00 PM,2023,06,21,23,18.0,63,Moderate,17.0,UG/M3,1 Hr,Valid
Tashkent,PM2.5 - Principal,2023-06-22 12:00 AM,2023,06,22,00,16.3,60,Moderate,14.0,UG/M3,1 Hr,Valid
Tashkent,PM2.5 - Principal,2023-06-22 01:00 AM,2023,06,22,01,17.1,62,Moderate,18.0,UG/M3,1 Hr,Valid
Tashkent,PM2.5 - Principal,2023-06-22 02:00 AM,2023,06,22,02,14.0,55,Moderate,11.0,UG/M3,1 Hr,Valid
Tashkent,PM2.5 - Principal,2023-06-22 03:00 AM,2023,06,22,03,13.5,54,Moderate,13.0,UG/M3,1 Hr,Valid
Tashkent,PM2.5 - Principal,2023-06-22 04:00 AM,2023,06,22,04,15.2,58,Moderate,17.0,UG/M3,1 Hr,Valid
Tashkent,PM2.5 - Principal,2023-06-22 05:00 AM,2023,06,22,05,13.6,54,Moderate,12.0,UG/M3,1 Hr,Valid
Tashkent,PM2.5 - Principal,2023-06-22 06:00 AM,2023,06,22,06,12.3,51,Moderate,11.0,UG/M3,1 Hr,Valid
Tashkent,PM2.5 - Principal,2023-06-22 07:00 AM,2023,06,22,07,11.6,48,Good,11.0,UG/M3,1 Hr,Valid
Tashkent,PM2.5 - Principal,2023-06-22 08:00 AM,2023,06,22,08,13.2,53,Moderate,15.0,UG/M3,1 Hr,Valid
Tashkent,PM2.5 - Principal,2023-06-22 09:00 AM,2023,06,22,09,13.9,55,Moderate,15.0,UG/M3,1 Hr,Valid
Tashkent,PM2.5 - Principal,2023-06-22 10:00 AM,2023,06,22,10,13.1,53,Moderate,12.0,UG/M3,1 Hr,Valid
Tashkent,PM2.5 - Principal,2023-06-22 11:00 AM,2023,06,22,11,13.8,55,Moderate,15.0,UG/M3,1 Hr,Valid
Tashkent,PM2.5 - Principal,2023-06-22 12:00 PM,2023,06,22,12,13.5,54,Moderate,13.0,UG/M3,1 Hr,Valid
Tashkent,PM2.5 - Principal,2023-06-22 01:00 PM,2023,06,22,13,14.0,55,Moderate,15.0,UG/M3,1 Hr,Valid
Tashkent,PM2.5 - Principal,2023-06-22 02:00 PM,2023,06,22,14,11.7,49,Good,9.0,UG/M3,1 Hr,Valid
Tashkent,PM2.5 - Principal,2023-06-22 03:00 PM,2023,06,22,15,12.8,52,Moderate,14.0,UG/M3,1 Hr,Valid
Tashkent,PM2.5 - Principal,2023-06-22 04:00 PM,2023,06,22,16,13.3,54,Moderate,14.0,UG/M3,1 Hr,Valid
Tashkent,PM2.5 - Principal,2023-06-22 05:00 PM,2023,06,22,17,11.9,50,Good,10.0,UG/M3,1 Hr,Valid
Tashkent,PM2.5 - Principal,2023-06-22 06:00 PM,2023,06,22,18,11.1,46,Good,10.0,UG/M3,1 Hr,Valid
Tashkent,PM2.5 - Principal,2023-06-22 07:00 PM,2023,06,22,19,11.5,48,Good,12.0,UG/M3,1 Hr,Valid
Tashkent,PM2.5 - Principal,2023-06-22 08:00 PM,2023,06,22,20,13.4,54,Moderate,16.0,UG/M3,1 Hr,Valid
Tashkent,PM2.5 - Principal,2023-06-22 09:00 PM,2023,06,22,21,18.3,64,Moderate,23.0,UG/M3,1 Hr,Valid
Tashkent,PM2.5 - Principal,2023-06-22 10:00 PM,2023,06,22,22,19.6,67,Moderate,21.0,UG/M3,1 Hr,Valid
Tashkent,PM2.5 - Principal,2023-06-22 11:00 PM,2023,06,22,23,20.3,68,Moderate,21.0,UG/M3,1 Hr,Valid
Tashkent,PM2.5 - Principal,2023-06-23 12:00 AM,2023,06,23,00,16.1,59,Moderate,12.0,UG/M3,1 Hr,Valid
Tashkent,PM2.5 - Principal,2023-06-23 01:00 AM,2023,06,23,01,13.0,53,Moderate,10.0,UG/M3,1 Hr,Valid
Tashkent,PM2.5 - Principal,2023-06-23 02:00 AM,2023,06,23,02,11.5,48,Good,10.0,UG/M3,1 Hr,Valid
Tashkent,PM2.5 - Principal,2023-06-23 03:00 AM,2023,06,23,03,11.2,47,Good,11.0,UG/M3,1 Hr,Valid
Tashkent,PM2.5 - Principal,2023-06-23 04:00 AM,2023,06,23,04,11.1,46,Good,11.0,UG/M3,1 Hr,Valid
Tashkent,PM2.5 - Principal,2023-06-23 05:00 AM,2023,06,23,05,10.0,42,Good,9.0,UG/M3,1 Hr,Valid
Tashkent,PM2.5 - Principal,2023-06-23 06:00 AM,2023,06,23,06,11.0,46,Good,12.0,UG/M3,1 Hr,Valid
Tashkent,PM2.5 - Principal,2023-06-23 07:00 AM,2023,06,23,07,12.0,50,Good,13.0,UG/M3,1 Hr,Valid
Tashkent,PM2.5 - Principal,2023-06-23 08:00 AM,2023,06,23,08,15.5,58,Moderate,19.0,UG/M3,1 Hr,Valid
Tashkent,PM2.5 - Principal,2023-06-23 09:00 AM,2023,06,23,09,14.7,56,Moderate,14.0,UG/M3,1 Hr,Valid
Tashkent,PM2.5 - Principal,2023-06-23 10:00 AM,2023,06,23,10,11.3,47,Good,8.0,UG/M3,1 Hr,Valid
Tashkent,PM2.5 - Principal,2023-06-23 11:00 AM,2023,06,23,11,8.1,34,Good,5.0,UG/M3,1 Hr,Valid
Tashkent,PM2.5 - Principal,2023-06-23 12:00 PM,2023,06,23,12,6.5,27,Good,5.0,UG/M3,1 Hr,Valid
Tashkent,PM2.5 - Principal,2023-06-23 01:00 PM,2023,06,23,13,5.2,22,Good,4.0,UG/M3,1 Hr,Valid
Tashkent,PM2.5 - Principal,2023-06-23 02:00 PM,2023,06,23,14,6.6,28,Good,8.0,UG/M3,1 Hr,Valid
Tashkent,PM2.5 - Principal,2023-06-23 03:00 PM,2023,06,23,15,6.3,26,Good,6.0,UG/M3,1 Hr,Valid
Tashkent,PM2.5 - Principal,2023-06-23 04:00 PM,2023,06,23,16,6.1,25,Good,6.0,UG/M3,1 Hr,Valid
Tashkent,PM2.5 - Principal,2023-06-23 05:00 PM,2023,06,23,17,6.0,25,Good,6.0,UG/M3,1 Hr,Valid
Tashkent,PM2.5 - Principal,2023-06-23 06:00 PM,2023,06,23,18,6.5,27,Good,7.0,UG/M3,1 Hr,Valid
Tashkent,PM2.5 - Principal,2023-06-23 07:00 PM,2023,06,23,19,6.2,26,Good,6.0,UG/M3,1 Hr,Valid
Tashkent,PM2.5 - Principal,2023-06-23 08:00 PM,2023,06,23,20,12.6,52,Moderate,19.0,UG/M3,1 Hr,Valid
Tashkent,PM2.5 - Principal,2023-06-23 09:00 PM,2023,06,23,21,17.8,63,Moderate,23.0,UG/M3,1 Hr,Valid
Tashkent,PM2.5 - Principal,2023-06-23 10:00 PM,2023,06,23,22,21.9,72,Moderate,26.0,UG/M3,1 Hr,Valid
Tashkent,PM2.5 - Principal,2023-06-23 11:00 PM,2023,06,23,23,17.9,63,Moderate,14.0,UG/M3,1 Hr,Valid
Tashkent,PM2.5 - Principal,2023-06-24 12:00 AM,2023,06,24,00,16.9,61,Moderate,16.0,UG/M3,1 Hr,Valid
Tashkent,PM2.5 - Principal,2023-06-24 01:00 AM,2023,06,24,01,19.4,66,Moderate,22.0,UG/M3,1 Hr,Valid
Tashkent,PM2.5 - Principal,2023-06-24 02:00 AM,2023,06,24,02,18.2,64,Moderate,17.0,UG/M3,1 Hr,Valid
Tashkent,PM2.5 - Principal,2023-06-24 03:00 AM,2023,06,24,03,22.6,73,Moderate,27.0,UG/M3,1 Hr,Valid
Tashkent,PM2.5 - Principal,2023-06-24 04:00 AM,2023,06,24,04,19.3,66,Moderate,16.0,UG/M3,1 Hr,Valid
Tashkent,PM2.5 - Principal,2023-06-24 05:00 AM,2023,06,24,05,16.6,60,Moderate,14.0,UG/M3,1 Hr,Valid
Tashkent,PM2.5 - Principal,2023-06-24 06:00 AM,2023,06,24,06,13.3,54,Moderate,10.0,UG/M3,1 Hr,Valid
Tashkent,PM2.5 - Principal,2023-06-24 07:00 AM,2023,06,24,07,14.6,56,Moderate,16.0,UG/M3,1 Hr,Valid
Tashkent,PM2.5 - Principal,2023-06-24 08:00 AM,2023,06,24,08,16.8,61,Moderate,19.0,UG/M3,1 Hr,Valid
Tashkent,PM2.5 - Principal,2023-06-24 09:00 AM,2023,06,24,09,16.4,60,Moderate,16.0,UG/M3,1 Hr,Valid
Tashkent,PM2.5 - Principal,2023-06-24 10:00 AM,2023,06,24,10,20.7,69,Moderate,25.0,UG/M3,1 Hr,Valid
Tashkent,PM2.5 - Principal,2023-06-24 11:00 AM,2023,06,24,11,22.3,72,Moderate,24.0,UG/M3,1 Hr,Valid
Tashkent,PM2.5 - Principal,2023-06-24 12:00 PM,2023,06,24,12,19.1,66,Moderate,16.0,UG/M3,1 Hr,Valid
Tashkent,PM2.5 - Principal,2023-06-24 01:00 PM,2023,06,24,13,13.5,54,Moderate,8.0,UG/M3,1 Hr,Valid
Tashkent,PM2.5 - Principal,2023-06-24 02:00 PM,2023,06,24,14,11.2,47,Good,9.0,UG/M3,1 Hr,Valid
Tashkent,PM2.5 - Principal,2023-06-24 03:00 PM,2023,06,24,15,9.1,38,Good,7.0,UG/M3,1 Hr,Valid
Tashkent,PM2.5 - Principal,2023-06-24 04:00 PM,2023,06,24,16,8.0,33,Good,7.0,UG/M3,1 Hr,Valid
Tashkent,PM2.5 - Principal,2023-06-24 05:00 PM,2023,06,24,17,6.0,25,Good,4.0,UG/M3,1 Hr,Valid
Tashkent,PM2.5 - Principal,2023-06-24 06:00 PM,2023,06,24,18,5.5,23,Good,5.0,UG/M3,1 Hr,Valid
Tashkent,PM2.5 - Principal,2023-06-24 07:00 PM,2023,06,24,19,7.2,30,Good,9.0,UG/M3,1 Hr,Valid
Tashkent,PM2.5 - Principal,2023-06-24 08:00 PM,2023,06,24,20,10.1,42,Good,13.0,UG/M3,1 Hr,Valid
Tashkent,PM2.5 - Principal,2023-06-24 09:00 PM,2023,06,24,21,12.0,50,Good,14.0,UG/M3,1 Hr,Valid
Tashkent,PM2.5 - Principal,2023-06-24 10:00 PM,2023,06,24,22,10.5,44,Good,9.0,UG/M3,1 Hr,Valid
Tashkent,PM2.5 - Principal,2023-06-24 11:00 PM,2023,06,24,23,8.7,36,Good,7.0,UG/M3,1 Hr,Valid
Tashkent,PM2.5 - Principal,2023-06-25 12:00 AM,2023,06,25,00,7.3,30,Good,6.0,UG/M3,1 Hr,Valid
Tashkent,PM2.5 - Principal,2023-06-25 01:00 AM,2023,06,25,01,7.6,32,Good,8.0,UG/M3,1 Hr,Valid
Tashkent,PM2.5 - Principal,2023-06-25 02:00 AM,2023,06,25,02,7.3,30,Good,7.0,UG/M3,1 Hr,Valid
Tashkent,PM2.5 - Principal,2023-06-25 03:00 AM,2023,06,25,03,9.6,40,Good,12.0,UG/M3,1 Hr,Valid
Tashkent,PM2.5 - Principal,2023-06-25 04:00 AM,2023,06,25,04,10.8,45,Good,12.0,UG/M3,1 Hr,Valid
Tashkent,PM2.5 - Principal,2023-06-25 05:00 AM,2023,06,25,05,9.4,39,Good,8.0,UG/M3,1 Hr,Valid
Tashkent,PM2.5 - Principal,2023-06-25 06:00 AM,2023,06,25,06,9.2,38,Good,9.0,UG/M3,1 Hr,Valid
Tashkent,PM2.5 - Principal,2023-06-25 07:00 AM,2023,06,25,07,7.6,32,Good,6.0,UG/M3,1 Hr,Valid
Tashkent,PM2.5 - Principal,2023-06-25 08:00 AM,2023,06,25,08,10.3,43,Good,13.0,UG/M3,1 Hr,Valid
Tashkent,PM2.5 - Principal,2023-06-25 09:00 AM,2023,06,25,09,11.6,48,Good,13.0,UG/M3,1 Hr,Valid
Tashkent,PM2.5 - Principal,2023-06-25 10:00 AM,2023,06,25,10,12.3,51,Moderate,13.0,UG/M3,1 Hr,Valid
Tashkent,PM2.5 - Principal,2023-06-25 11:00 AM,2023,06,25,11,10.6,44,Good,9.0,UG/M3,1 Hr,Valid
Tashkent,PM2.5 - Principal,2023-06-25 12:00 PM,2023,06,25,12,10.3,43,Good,10.0,UG/M3,1 Hr,Valid
Tashkent,PM2.5 - Principal,2023-06-25 01:00 PM,2023,06,25,13,12.6,52,Moderate,15.0,UG/M3,1 Hr,Valid
Tashkent,PM2.5 - Principal,2023-06-25 02:00 PM,2023,06,25,14,14.3,56,Moderate,16.0,UG/M3,1 Hr,Valid
Tashkent,PM2.5 - Principal,2023-06-25 03:00 PM,2023,06,25,15,13.6,54,Moderate,13.0,UG/M3,1 Hr,Valid
Tashkent,PM2.5 - Principal,2023-06-25 04:00 PM,2023,06,25,16,11.8,49,Good,10.0,UG/M3,1 Hr,Valid
Tashkent,PM2.5 - Principal,2023-06-25 05:00 PM,2023,06,25,17,13.4,54,Moderate,15.0,UG/M3,1 Hr,Valid
Tashkent,PM2.5 - Principal,2023-06-25 06:00 PM,2023,06,25,18,12.2,51,Moderate,11.0,UG/M3,1 Hr,Valid
Tashkent,PM2.5 - Principal,2023-06-25 07:00 PM,2023,06,25,19,16.6,60,Moderate,21.0,UG/M3,1 Hr,Valid
Tashkent,PM2.5 - Principal,2023-06-25 08:00 PM,2023,06,25,20,16.8,61,Moderate,17.0,UG/M3,1 Hr,Valid
Tashkent,PM2.5 - Principal,2023-06-25 09:00 PM,2023,06,25,21,17.4,62,Moderate,18.0,UG/M3,1 Hr,Valid
Tashkent,PM2.5 - Principal,2023-06-25 10:00 PM,2023,06,25,22,25.7,80,Moderate,34.0,UG/M3,1 Hr,Valid
Tashkent,PM2.5 - Principal,2023-06-25 11:00 PM,2023,06,25,23,28.8,86,Moderate,32.0,UG/M3,1 Hr,Valid
Tashkent,PM2.5 - Principal,2023-06-26 12:00 AM,2023,06,26,00,28.4,85,Moderate,28.0,UG/M3,1 Hr,Valid
Tashkent,PM2.5 - Principal,2023-06-26 01:00 AM,2023,06,26,01,33.7,96,Moderate,39.0,UG/M3,1 Hr,Valid
Tashkent,PM2.5 - Principal,2023-06-26 02:00 AM,2023,06,26,02,32.8,95,Moderate,32.0,UG/M3,1 Hr,Valid
Tashkent,PM2.5 - Principal,2023-06-26 03:00 AM,2023,06,26,03,33.4,96,Moderate,34.0,UG/M3,1 Hr,Valid
Tashkent,PM2.5 - Principal,2023-06-26 04:00 AM,2023,06,26,04,30.7,90,Moderate,28.0,UG/M3,1 Hr,Valid
Tashkent,PM2.5 - Principal,2023-06-26 05:00 AM,2023,06,26,05,28.3,85,Moderate,26.0,UG/M3,1 Hr,Valid
Tashkent,PM2.5 - Principal,2023-06-26 06:00 AM,2023,06,26,06,27.6,84,Moderate,27.0,UG/M3,1 Hr,Valid
Tashkent,PM2.5 - Principal,2023-06-26 07:00 AM,2023,06,26,07,25.8,80,Moderate,24.0,UG/M3,1 Hr,Valid
Tashkent,PM2.5 - Principal,2023-06-26 08:00 AM,2023,06,26,08,28.4,85,Moderate,31.0,UG/M3,1 Hr,Valid
Tashkent,PM2.5 - Principal,2023-06-26 09:00 AM,2023,06,26,09,49.2,135,Unhealthy for Sensitive Groups,70.0,UG/M3,1 Hr,Valid
Tashkent,PM2.5 - Principal,2023-06-26 10:00 AM,2023,06,26,10,49.6,136,Unhealthy for Sensitive Groups,50.0,UG/M3,1 Hr,Valid
Tashkent,PM2.5 - Principal,2023-06-26 11:00 AM,2023,06,26,11,47.8,131,Unhealthy for Sensitive Groups,46.0,UG/M3,1 Hr,Valid
Tashkent,PM2.5 - Principal,2023-06-26 12:00 PM,2023,06,26,12,44.4,123,Unhealthy for Sensitive Groups,41.0,UG/M3,1 Hr,Valid
Tashkent,PM2.5 - Principal,2023-06-26 01:00 PM,2023,06,26,13,42.7,119,Unhealthy for Sensitive Groups,41.0,UG/M3,1 Hr,Valid
Tashkent,PM2.5 - Principal,2023-06-26 02:00 PM,2023,06,26,14,36.8,104,Unhealthy for Sensitive Groups,31.0,UG/M3,1 Hr,Valid
Tashkent,PM2.5 - Principal,2023-06-26 03:00 PM,2023,06,26,15,32.4,94,Moderate,28.0,UG/M3,1 Hr,Valid
Tashkent,PM2.5 - Principal,2023-06-26 04:00 PM,2023,06,26,16,29.2,87,Moderate,26.0,UG/M3,1 Hr,Valid
Tashkent,PM2.5 - Principal,2023-06-26 05:00 PM,2023,06,26,17,25.1,78,Moderate,21.0,UG/M3,1 Hr,Valid
Tashkent,PM2.5 - Principal,2023-06-26 06:00 PM,2023,06,26,18,21.5,71,Moderate,18.0,UG/M3,1 Hr,Valid
Tashkent,PM2.5 - Principal,2023-06-26 07:00 PM,2023,06,26,19,19.7,67,Moderate,18.0,UG/M3,1 Hr,Valid
Tashkent,PM2.5 - Principal,2023-06-26 08:00 PM,2023,06,26,20,19.8,67,Moderate,20.0,UG/M3,1 Hr,Valid
Tashkent,PM2.5 - Principal,2023-06-26 09:00 PM,2023,06,26,21,25.4,79,Moderate,31.0,UG/M3,1 Hr,Valid
Tashkent,PM2.5 - Principal,2023-06-26 10:00 PM,2023,06,26,22,28.7,86,Moderate,32.0,UG/M3,1 Hr,Valid
Tashkent,PM2.5 - Principal,2023-06-26 11:00 PM,2023,06,26,23,30.8,90,Moderate,33.0,UG/M3,1 Hr,Valid
Tashkent,PM2.5 - Principal,2023-06-27 12:00 AM,2023,06,27,00,31.9,93,Moderate,33.0,UG/M3,1 Hr,Valid
Tashkent,PM2.5 - Principal,2023-06-27 01:00 AM,2023,06,27,01,36.9,104,Unhealthy for Sensitive Groups,42.0,UG/M3,1 Hr,Valid
Tashkent,PM2.5 - Principal,2023-06-27 02:00 AM,2023,06,27,02,35.4,100,Moderate,34.0,UG/M3,1 Hr,Valid
Tashkent,PM2.5 - Principal,2023-06-27 03:00 AM,2023,06,27,03,36.7,104,Unhealthy for Sensitive Groups,38.0,UG/M3,1 Hr,Valid
Tashkent,PM2.5 - Principal,2023-06-27 04:00 AM,2023,06,27,04,31.3,91,Moderate,26.0,UG/M3,1 Hr,Valid
Tashkent,PM2.5 - Principal,2023-06-27 05:00 AM,2023,06,27,05,24.6,77,Moderate,18.0,UG/M3,1 Hr,Valid
Tashkent,PM2.5 - Principal,2023-06-27 06:00 AM,2023,06,27,06,23.3,75,Moderate,22.0,UG/M3,1 Hr,Valid
Tashkent,PM2.5 - Principal,2023-06-27 07:00 AM,2023,06,27,07,22.1,72,Moderate,21.0,UG/M3,1 Hr,Valid
Tashkent,PM2.5 - Principal,2023-06-27 08:00 AM,2023,06,27,08,26.5,81,Moderate,31.0,UG/M3,1 Hr,Valid
Tashkent,PM2.5 - Principal,2023-06-27 09:00 AM,2023,06,27,09,30.2,89,Moderate,34.0,UG/M3,1 Hr,Valid
Tashkent,PM2.5 - Principal,2023-06-27 10:00 AM,2023,06,27,10,46.1,127,Unhealthy for Sensitive Groups,62.0,UG/M3,1 Hr,Valid
Tashkent,PM2.5 - Principal,2023-06-27 11:00 AM,2023,06,27,11,44.0,122,Unhealthy for Sensitive Groups,42.0,UG/M3,1 Hr,Valid
Tashkent,PM2.5 - Principal,2023-06-27 12:00 PM,2023,06,27,12,36.5,103,Unhealthy for Sensitive Groups,29.0,UG/M3,1 Hr,Valid
Tashkent,PM2.5 - Principal,2023-06-27 01:00 PM,2023,06,27,13,27.2,83,Moderate,18.0,UG/M3,1 Hr,Valid
Tashkent,PM2.5 - Principal,2023-06-27 02:00 PM,2023,06,27,14,21.1,70,Moderate,15.0,UG/M3,1 Hr,Valid
Tashkent,PM2.5 - Principal,2023-06-27 03:00 PM,2023,06,27,15,16.5,60,Moderate,12.0,UG/M3,1 Hr,Valid
Tashkent,PM2.5 - Principal,2023-06-27 04:00 PM,2023,06,27,16,14.7,56,Moderate,13.0,UG/M3,1 Hr,Valid
Tashkent,PM2.5 - Principal,2023-06-27 05:00 PM,2023,06,27,17,13.8,55,Moderate,13.0,UG/M3,1 Hr,Valid
Tashkent,PM2.5 - Principal,2023-06-27 06:00 PM,2023,06,27,18,11.4,48,Good,9.0,UG/M3,1 Hr,Valid
Tashkent,PM2.5 - Principal,2023-06-27 07:00 PM,2023,06,27,19,11.2,47,Good,11.0,UG/M3,1 Hr,Valid
Tashkent,PM2.5 - Principal,2023-06-27 08:00 PM,2023,06,27,20,16.1,59,Moderate,21.0,UG/M3,1 Hr,Valid
Tashkent,PM2.5 - Principal,2023-06-27 09:00 PM,2023,06,27,21,22.0,72,Moderate,28.0,UG/M3,1 Hr,Valid
Tashkent,PM2.5 - Principal,2023-06-27 10:00 PM,2023,06,27,22,25.0,78,Moderate,28.0,UG/M3,1 Hr,Valid
Tashkent,PM2.5 - Principal,2023-06-27 11:00 PM,2023,06,27,23,25.5,79,Moderate,26.0,UG/M3,1 Hr,Valid
Tashkent,PM2.5 - Principal,2023-06-28 12:00 AM,2023,06,28,00,30.2,89,Moderate,35.0,UG/M3,1 Hr,Valid
Tashkent,PM2.5 - Principal,2023-06-28 01:00 AM,2023,06,28,01,28.6,86,Moderate,27.0,UG/M3,1 Hr,Valid
Tashkent,PM2.5 - Principal,2023-06-28 02:00 AM,2023,06,28,02,27.3,83,Moderate,26.0,UG/M3,1 Hr,Valid
Tashkent,PM2.5 - Principal,2023-06-28 03:00 AM,2023,06,28,03,24.1,76,Moderate,21.0,UG/M3,1 Hr,Valid
Tashkent,PM2.5 - Principal,2023-06-28 04:00 AM,2023,06,28,04,21.5,71,Moderate,19.0,UG/M3,1 Hr,Valid
Tashkent,PM2.5 - Principal,2023-06-28 05:00 AM,2023,06,28,05,21.2,70,Moderate,21.0,UG/M3,1 Hr,Valid
Tashkent,PM2.5 - Principal,2023-06-28 06:00 AM,2023,06,28,06,18.1,64,Moderate,15.0,UG/M3,1 Hr,Valid
Tashkent,PM2.5 - Principal,2023-06-28 07:00 AM,2023,06,28,07,17.5,62,Moderate,17.0,UG/M3,1 Hr,Valid
Tashkent,PM2.5 - Principal,2023-06-28 08:00 AM,2023,06,28,08,19.2,66,Moderate,21.0,UG/M3,1 Hr,Valid
Tashkent,PM2.5 - Principal,2023-06-28 09:00 AM,2023,06,28,09,18.1,64,Moderate,17.0,UG/M3,1 Hr,Valid
Tashkent,PM2.5 - Principal,2023-06-28 10:00 AM,2023,06,28,10,14.0,55,Moderate,10.0,UG/M3,1 Hr,Valid
Tashkent,PM2.5 - Principal,2023-06-28 11:00 AM,2023,06,28,11,15.5,58,Moderate,17.0,UG/M3,1 Hr,Valid
Tashkent,PM2.5 - Principal,2023-06-28 12:00 PM,2023,06,28,12,16.2,60,Moderate,17.0,UG/M3,1 Hr,Valid
Tashkent,PM2.5 - Principal,2023-06-28 01:00 PM,2023,06,28,13,14.1,55,Moderate,12.0,UG/M3,1 Hr,Valid
Tashkent,PM2.5 - Principal,2023-06-28 02:00 PM,2023,06,28,14,13.0,53,Moderate,12.0,UG/M3,1 Hr,Valid
Tashkent,PM2.5 - Principal,2023-06-28 03:00 PM,2023,06,28,15,11.0,46,Good,9.0,UG/M3,1 Hr,Valid
Tashkent,PM2.5 - Principal,2023-06-28 04:00 PM,2023,06,28,16,9.0,38,Good,7.0,UG/M3,1 Hr,Valid
Tashkent,PM2.5 - Principal,2023-06-28 05:00 PM,2023,06,28,17,9.5,40,Good,10.0,UG/M3,1 Hr,Valid
Tashkent,PM2.5 - Principal,2023-06-28 06:00 PM,2023,06,28,18,8.7,36,Good,8.0,UG/M3,1 Hr,Valid
Tashkent,PM2.5 - Principal,2023-06-28 07:00 PM,2023,06,28,19,8.3,35,Good,8.0,UG/M3,1 Hr,Valid
Tashkent,PM2.5 - Principal,2023-06-28 08:00 PM,2023,06,28,20,8.6,36,Good,9.0,UG/M3,1 Hr,Valid
Tashkent,PM2.5 - Principal,2023-06-28 09:00 PM,2023,06,28,21,9.8,41,Good,11.0,UG/M3,1 Hr,Valid
Tashkent,PM2.5 - Principal,2023-06-28 10:00 PM,2023,06,28,22,10.9,45,Good,12.0,UG/M3,1 Hr,Valid
Tashkent,PM2.5 - Principal,2023-06-28 11:00 PM,2023,06,28,23,8.9,37,Good,7.0,UG/M3,1 Hr,Valid
Tashkent,PM2.5 - Principal,2023-06-29 12:00 AM,2023,06,29,00,8.2,34,Good,7.0,UG/M3,1 Hr,Valid
Tashkent,PM2.5 - Principal,2023-06-29 01:00 AM,2023,06,29,01,8.1,34,Good,8.0,UG/M3,1 Hr,Valid
Tashkent,PM2.5 - Principal,2023-06-29 02:00 AM,2023,06,29,02,8.9,37,Good,10.0,UG/M3,1 Hr,Valid
Tashkent,PM2.5 - Principal,2023-06-29 03:00 AM,2023,06,29,03,8.5,35,Good,8.0,UG/M3,1 Hr,Valid
Tashkent,PM2.5 - Principal,2023-06-29 04:00 AM,2023,06,29,04,8.3,35,Good,8.0,UG/M3,1 Hr,Valid
Tashkent,PM2.5 - Principal,2023-06-29 05:00 AM,2023,06,29,05,8.5,35,Good,9.0,UG/M3,1 Hr,Valid
Tashkent,PM2.5 - Principal,2023-06-29 06:00 AM,2023,06,29,06,12.3,51,Moderate,16.0,UG/M3,1 Hr,Valid
Tashkent,PM2.5 - Principal,2023-06-29 07:00 AM,2023,06,29,07,14.6,56,Moderate,17.0,UG/M3,1 Hr,Valid
Tashkent,PM2.5 - Principal,2023-06-29 08:00 AM,2023,06,29,08,18.8,65,Moderate,23.0,UG/M3,1 Hr,Valid
Tashkent,PM2.5 - Principal,2023-06-29 09:00 AM,2023,06,29,09,27.4,83,Moderate,36.0,UG/M3,1 Hr,Valid
Tashkent,PM2.5 - Principal,2023-06-29 10:00 AM,2023,06,29,10,30.2,89,Moderate,33.0,UG/M3,1 Hr,Valid
Tashkent,PM2.5 - Principal,2023-06-29 11:00 AM,2023,06,29,11,17.1,62,Moderate,4.0,UG/M3,1 Hr,Valid
Tashkent,PM2.5 - Principal,2023-06-29 12:00 PM,2023,06,29,12,12.0,50,Good,7.0,UG/M3,1 Hr,Valid
Tashkent,PM2.5 - Principal,2023-06-29 01:00 PM,2023,06,29,13,8.5,35,Good,5.0,UG/M3,1 Hr,Valid
Tashkent,PM2.5 - Principal,2023-06-29 02:00 PM,2023,06,29,14,7.2,30,Good,6.0,UG/M3,1 Hr,Valid
Tashkent,PM2.5 - Principal,2023-06-29 03:00 PM,2023,06,29,15,6.1,25,Good,5.0,UG/M3,1 Hr,Valid
Tashkent,PM2.5 - Principal,2023-06-29 04:00 PM,2023,06,29,16,5.5,23,Good,5.0,UG/M3,1 Hr,Valid
Tashkent,PM2.5 - Principal,2023-06-29 05:00 PM,2023,06,29,17,4.2,18,Good,3.0,UG/M3,1 Hr,Valid
Tashkent,PM2.5 - Principal,2023-06-29 06:00 PM,2023,06,29,18,6.1,25,Good,8.0,UG/M3,1 Hr,Valid
Tashkent,PM2.5 - Principal,2023-06-29 07:00 PM,2023,06,29,19,7.5,31,Good,9.0,UG/M3,1 Hr,Valid
Tashkent,PM2.5 - Principal,2023-06-29 08:00 PM,2023,06,29,20,11.7,49,Good,16.0,UG/M3,1 Hr,Valid
Tashkent,PM2.5 - Principal,2023-06-29 09:00 PM,2023,06,29,21,14.3,56,Moderate,17.0,UG/M3,1 Hr,Valid
Tashkent,PM2.5 - Principal,2023-06-29 10:00 PM,2023,06,29,22,18.6,65,Moderate,23.0,UG/M3,1 Hr,Valid
Tashkent,PM2.5 - Principal,2023-06-29 11:00 PM,2023,06,29,23,21.3,70,Moderate,24.0,UG/M3,1 Hr,Valid
Tashkent,PM2.5 - Principal,2023-06-30 12:00 AM,2023,06,30,00,27.1,83,Moderate,33.0,UG/M3,1 Hr,Valid
Tashkent,PM2.5 - Principal,2023-06-30 01:00 AM,2023,06,30,01,27.0,82,Moderate,27.0,UG/M3,1 Hr,Valid
Tashkent,PM2.5 - Principal,2023-06-30 02:00 AM,2023,06,30,02,23.5,75,Moderate,20.0,UG/M3,1 Hr,Valid
Tashkent,PM2.5 - Principal,2023-06-30 03:00 AM,2023,06,30,03,23.2,74,Moderate,23.0,UG/M3,1 Hr,Valid
Tashkent,PM2.5 - Principal,2023-06-30 04:00 AM,2023,06,30,04,22.6,73,Moderate,22.0,UG/M3,1 Hr,Valid
Tashkent,PM2.5 - Principal,2023-06-30 05:00 AM,2023,06,30,05,18.8,65,Moderate,15.0,UG/M3,1 Hr,Valid
Tashkent,PM2.5 - Principal,2023-06-30 06:00 AM,2023,06,30,06,15.9,59,Moderate,13.0,UG/M3,1 Hr,Valid
Tashkent,PM2.5 - Principal,2023-06-30 07:00 AM,2023,06,30,07,16.4,60,Moderate,17.0,UG/M3,1 Hr,Valid
Tashkent,PM2.5 - Principal,2023-06-30 08:00 AM,2023,06,30,08,20.2,68,Moderate,24.0,UG/M3,1 Hr,Valid
Tashkent,PM2.5 - Principal,2023-06-30 09:00 AM,2023,06,30,09,23.6,75,Moderate,27.0,UG/M3,1 Hr,Valid
Tashkent,PM2.5 - Principal,2023-06-30 10:00 AM,2023,06,30,10,19.8,67,Moderate,16.0,UG/M3,1 Hr,Valid
Tashkent,PM2.5 - Principal,2023-06-30 11:00 AM,2023,06,30,11,18.9,65,Moderate,18.0,UG/M3,1 Hr,Valid
Tashkent,PM2.5 - Principal,2023-06-30 12:00 PM,2023,06,30,12,19.4,66,Moderate,20.0,UG/M3,1 Hr,Valid
Tashkent,PM2.5 - Principal,2023-06-30 01:00 PM,2023,06,30,13,21.7,71,Moderate,24.0,UG/M3,1 Hr,Valid
Tashkent,PM2.5 - Principal,2023-06-30 02:00 PM,2023,06,30,14,19.8,67,Moderate,18.0,UG/M3,1 Hr,Valid
Tashkent,PM2.5 - Principal,2023-06-30 03:00 PM,2023,06,30,15,17.9,63,Moderate,16.0,UG/M3,1 Hr,Valid
Tashkent,PM2.5 - Principal,2023-06-30 04:00 PM,2023,06,30,16,14.4,56,Moderate,11.0,UG/M3,1 Hr,Valid
Tashkent,PM2.5 - Principal,2023-06-30 05:00 PM,2023,06,30,17,11.2,47,Good,8.0,UG/M3,1 Hr,Valid
Tashkent,PM2.5 - Principal,2023-06-30 06:00 PM,2023,06,30,18,9.1,38,Good,7.0,UG/M3,1 Hr,Valid
Tashkent,PM2.5 - Principal,2023-06-30 07:00 PM,2023,06,30,19,8.0,33,Good,7.0,UG/M3,1 Hr,Valid
Tashkent,PM2.5 - Principal,2023-06-30 08:00 PM,2023,06,30,20,9.0,38,Good,10.0,UG/M3,1 Hr,Valid
Tashkent,PM2.5 - Principal,2023-06-30 09:00 PM,2023,06,30,21,17.0,61,Moderate,25.0,UG/M3,1 Hr,Valid
Tashkent,PM2.5 - Principal,2023-06-30 10:00 PM,2023,06,30,22,18.0,63,Moderate,19.0,UG/M3,1 Hr,Valid
Tashkent,PM2.5 - Principal,2023-06-30 11:00 PM,2023,06,30,23,21.5,71,Moderate,25.0,UG/M3,1 Hr,Valid
Tashkent,PM2.5 - Principal,2023-07-01 12:00 AM,2023,07,01,00,24.2,76,Moderate,27.0,UG/M3,1 Hr,Valid
Tashkent,PM2.5 - Principal,2023-07-01 01:00 AM,2023,07,01,01,25.6,79,Moderate,27.0,UG/M3,1 Hr,Valid
Tashkent,PM2.5 - Principal,2023-07-01 02:00 AM,2023,07,01,02,25.6,79,Moderate,-999.0,UG/M3,1 Hr,Missing
Tashkent,PM2.5 - Principal,2023-07-01 03:00 AM,2023,07,01,03,21.8,71,Moderate,20.0,UG/M3,1 Hr,Valid
Tashkent,PM2.5 - Principal,2023-07-01 04:00 AM,2023,07,01,04,19.6,67,Moderate,18.0,UG/M3,1 Hr,Valid
Tashkent,PM2.5 - Principal,2023-07-01 05:00 AM,2023,07,01,05,17.7,63,Moderate,16.0,UG/M3,1 Hr,Valid
Tashkent,PM2.5 - Principal,2023-07-01 06:00 AM,2023,07,01,06,17.3,62,Moderate,17.0,UG/M3,1 Hr,Valid
Tashkent,PM2.5 - Principal,2023-07-01 07:00 AM,2023,07,01,07,17.1,62,Moderate,17.0,UG/M3,1 Hr,Valid
Tashkent,PM2.5 - Principal,2023-07-01 08:00 AM,2023,07,01,08,17.4,62,Moderate,-999.0,UG/M3,1 Hr,Missing
Tashkent,PM2.5 - Principal,2023-07-01 09:00 AM,2023,07,01,09,22.1,72,Moderate,26.0,UG/M3,1 Hr,Valid
Tashkent,PM2.5 - Principal,2023-07-01 10:00 AM,2023,07,01,10,22.5,73,Moderate,23.0,UG/M3,1 Hr,Valid
Tashkent,PM2.5 - Principal,2023-07-01 11:00 AM,2023,07,01,11,20.9,70,Moderate,19.0,UG/M3,1 Hr,Valid
Tashkent,PM2.5 - Principal,2023-07-01 12:00 PM,2023,07,01,12,20.5,69,Moderate,20.0,UG/M3,1 Hr,Valid
Tashkent,PM2.5 - Principal,2023-07-01 01:00 PM,2023,07,01,13,18.7,65,Moderate,16.0,UG/M3,1 Hr,Valid
Tashkent,PM2.5 - Principal,2023-07-01 02:00 PM,2023,07,01,14,19.6,67,Moderate,21.0,UG/M3,1 Hr,Valid
Tashkent,PM2.5 - Principal,2023-07-01 03:00 PM,2023,07,01,15,22.1,72,Moderate,26.0,UG/M3,1 Hr,Valid
Tashkent,PM2.5 - Principal,2023-07-01 04:00 PM,2023,07,01,16,22.8,74,Moderate,24.0,UG/M3,1 Hr,Valid
Tashkent,PM2.5 - Principal,2023-07-01 05:00 PM,2023,07,01,17,25.1,78,Moderate,28.0,UG/M3,1 Hr,Valid
Tashkent,PM2.5 - Principal,2023-07-01 06:00 PM,2023,07,01,18,27.5,83,Moderate,30.0,UG/M3,1 Hr,Valid
Tashkent,PM2.5 - Principal,2023-07-01 07:00 PM,2023,07,01,19,23.1,74,Moderate,18.0,UG/M3,1 Hr,Valid
Tashkent,PM2.5 - Principal,2023-07-01 08:00 PM,2023,07,01,20,25.8,80,Moderate,29.0,UG/M3,1 Hr,Valid
Tashkent,PM2.5 - Principal,2023-07-01 09:00 PM,2023,07,01,21,31.9,93,Moderate,38.0,UG/M3,1 Hr,Valid
Tashkent,PM2.5 - Principal,2023-07-01 10:00 PM,2023,07,01,22,34.9,99,Moderate,38.0,UG/M3,1 Hr,Valid
Tashkent,PM2.5 - Principal,2023-07-01 11:00 PM,2023,07,01,23,36.4,103,Unhealthy for Sensitive Groups,38.0,UG/M3,1 Hr,Valid
Tashkent,PM2.5 - Principal,2023-07-02 12:00 AM,2023,07,02,00,42.2,117,Unhealthy for Sensitive Groups,48.0,UG/M3,1 Hr,Valid
Tashkent,PM2.5 - Principal,2023-07-02 01:00 AM,2023,07,02,01,44.6,123,Unhealthy for Sensitive Groups,47.0,UG/M3,1 Hr,Valid
Tashkent,PM2.5 - Principal,2023-07-02 02:00 AM,2023,07,02,02,45.8,126,Unhealthy for Sensitive Groups,47.0,UG/M3,1 Hr,Valid
Tashkent,PM2.5 - Principal,2023-07-02 03:00 AM,2023,07,02,03,45.8,126,Unhealthy for Sensitive Groups,-999.0,UG/M3,1 Hr,Missing
Tashkent,PM2.5 - Principal,2023-07-02 04:00 AM,2023,07,02,04,37.9,107,Unhealthy for Sensitive Groups,34.0,UG/M3,1 Hr,Valid
Tashkent,PM2.5 - Principal,2023-07-02 05:00 AM,2023,07,02,05,26.5,81,Moderate,18.0,UG/M3,1 Hr,Valid
Tashkent,PM2.5 - Principal,2023-07-02 06:00 AM,2023,07,02,06,23.0,74,Moderate,20.0,UG/M3,1 Hr,Valid
Tashkent,PM2.5 - Principal,2023-07-02 07:00 AM,2023,07,02,07,16.3,60,Moderate,10.0,UG/M3,1 Hr,Valid
Tashkent,PM2.5 - Principal,2023-07-02 08:00 AM,2023,07,02,08,18.1,64,Moderate,20.0,UG/M3,1 Hr,Valid
Tashkent,PM2.5 - Principal,2023-07-02 09:00 AM,2023,07,02,09,22.1,72,Moderate,26.0,UG/M3,1 Hr,Valid
Tashkent,PM2.5 - Principal,2023-07-02 10:00 AM,2023,07,02,10,24.0,76,Moderate,26.0,UG/M3,1 Hr,Valid
Tashkent,PM2.5 - Principal,2023-07-02 11:00 AM,2023,07,02,11,24.0,76,Moderate,-999.0,UG/M3,1 Hr,Missing
Tashkent,PM2.5 - Principal,2023-07-02 01:00 PM,2023,07,02,13,-999.0,-999,N/A,139.0,UG/M3,1 Hr,Valid
Tashkent,PM2.5 - Principal,2023-07-02 02:00 PM,2023,07,02,14,115.4,182,Unhealthy,115.0,UG/M3,1 Hr,Valid
Tashkent,PM2.5 - Principal,2023-07-02 03:00 PM,2023,07,02,15,107.4,178,Unhealthy,101.0,UG/M3,1 Hr,Valid
Tashkent,PM2.5 - Principal,2023-07-02 04:00 PM,2023,07,02,16,97.2,173,Unhealthy,88.0,UG/M3,1 Hr,Valid
Tashkent,PM2.5 - Principal,2023-07-02 05:00 PM,2023,07,02,17,86.3,167,Unhealthy,76.0,UG/M3,1 Hr,Valid
Tashkent,PM2.5 - Principal,2023-07-02 06:00 PM,2023,07,02,18,74.0,161,Unhealthy,62.0,UG/M3,1 Hr,Valid
Tashkent,PM2.5 - Principal,2023-07-02 07:00 PM,2023,07,02,19,60.4,154,Unhealthy,47.0,UG/M3,1 Hr,Valid
Tashkent,PM2.5 - Principal,2023-07-02 08:00 PM,2023,07,02,20,53.2,145,Unhealthy for Sensitive Groups,46.0,UG/M3,1 Hr,Valid
Tashkent,PM2.5 - Principal,2023-07-02 09:00 PM,2023,07,02,21,48.5,133,Unhealthy for Sensitive Groups,44.0,UG/M3,1 Hr,Valid
Tashkent,PM2.5 - Principal,2023-07-02 10:00 PM,2023,07,02,22,47.8,131,Unhealthy for Sensitive Groups,47.0,UG/M3,1 Hr,Valid
Tashkent,PM2.5 - Principal,2023-07-02 11:00 PM,2023,07,02,23,51.4,140,Unhealthy for Sensitive Groups,55.0,UG/M3,1 Hr,Valid
Tashkent,PM2.5 - Principal,2023-07-03 12:00 AM,2023,07,03,00,53.2,145,Unhealthy for Sensitive Groups,55.0,UG/M3,1 Hr,Valid
Tashkent,PM2.5 - Principal,2023-07-03 01:00 AM,2023,07,03,01,55.0,149,Unhealthy for Sensitive Groups,57.0,UG/M3,1 Hr,Valid
Tashkent,PM2.5 - Principal,2023-07-03 02:00 AM,2023,07,03,02,51.5,140,Unhealthy for Sensitive Groups,48.0,UG/M3,1 Hr,Valid
Tashkent,PM2.5 - Principal,2023-07-03 03:00 AM,2023,07,03,03,53.7,146,Unhealthy for Sensitive Groups,56.0,UG/M3,1 Hr,Valid
Tashkent,PM2.5 - Principal,2023-07-03 04:00 AM,2023,07,03,04,56.2,151,Unhealthy,60.0,UG/M3,1 Hr,Valid
Tashkent,PM2.5 - Principal,2023-07-03 05:00 AM,2023,07,03,05,57.5,152,Unhealthy,63.0,UG/M3,1 Hr,Valid
Tashkent,PM2.5 - Principal,2023-07-03 06:00 AM,2023,07,03,06,63.8,155,Unhealthy,72.0,UG/M3,1 Hr,Valid
Tashkent,PM2.5 - Principal,2023-07-03 07:00 AM,2023,07,03,07,71.8,159,Unhealthy,80.0,UG/M3,1 Hr,Valid
Tashkent,PM2.5 - Principal,2023-07-03 08:00 AM,2023,07,03,08,73.7,160,Unhealthy,76.0,UG/M3,1 Hr,Valid
Tashkent,PM2.5 - Principal,2023-07-03 09:00 AM,2023,07,03,09,71.7,159,Unhealthy,70.0,UG/M3,1 Hr,Valid
Tashkent,PM2.5 - Principal,2023-07-03 10:00 AM,2023,07,03,10,60.1,153,Unhealthy,45.0,UG/M3,1 Hr,Valid
Tashkent,PM2.5 - Principal,2023-07-03 11:00 AM,2023,07,03,11,46.3,128,Unhealthy for Sensitive Groups,34.0,UG/M3,1 Hr,Valid
Tashkent,PM2.5 - Principal,2023-07-03 12:00 PM,2023,07,03,12,40.1,112,Unhealthy for Sensitive Groups,34.0,UG/M3,1 Hr,Valid
Tashkent,PM2.5 - Principal,2023-07-03 01:00 PM,2023,07,03,13,40.1,112,Unhealthy for Sensitive Groups,-999.0,UG/M3,1 Hr,Missing
Tashkent,PM2.5 - Principal,2023-07-03 03:00 PM,2023,07,03,15,-999.0,-999,N/A,91.0,UG/M3,1 Hr,Valid
Tashkent,PM2.5 - Principal,2023-07-03 06:00 PM,2023,07,03,18,-999.0,-999,N/A,36.0,UG/M3,1 Hr,Valid
Tashkent,PM2.5 - Principal,2023-07-03 07:00 PM,2023,07,03,19,33.7,96,Moderate,29.0,UG/M3,1 Hr,Valid
Tashkent,PM2.5 - Principal,2023-07-03 08:00 PM,2023,07,03,20,30.5,90,Moderate,28.0,UG/M3,1 Hr,Valid
Tashkent,PM2.5 - Principal,2023-07-03 09:00 PM,2023,07,03,21,31.3,91,Moderate,32.0,UG/M3,1 Hr,Valid
Tashkent,PM2.5 - Principal,2023-07-03 10:00 PM,2023,07,03,22,24.9,78,Moderate,19.0,UG/M3,1 Hr,Valid
Tashkent,PM2.5 - Principal,2023-07-03 11:00 PM,2023,07,03,23,20.9,70,Moderate,17.0,UG/M3,1 Hr,Valid
Tashkent,PM2.5 - Principal,2023-07-04 12:00 AM,2023,07,04,00,18.9,65,Moderate,17.0,UG/M3,1 Hr,Valid
Tashkent,PM2.5 - Principal,2023-07-04 01:00 AM,2023,07,04,01,15.4,58,Moderate,12.0,UG/M3,1 Hr,Valid
Tashkent,PM2.5 - Principal,2023-07-04 02:00 AM,2023,07,04,02,13.7,54,Moderate,12.0,UG/M3,1 Hr,Valid
Tashkent,PM2.5 - Principal,2023-07-04 03:00 AM,2023,07,04,03,13.3,54,Moderate,13.0,UG/M3,1 Hr,Valid
Tashkent,PM2.5 - Principal,2023-07-04 04:00 AM,2023,07,04,04,13.1,53,Moderate,13.0,UG/M3,1 Hr,Valid
Tashkent,PM2.5 - Principal,2023-07-04 05:00 AM,2023,07,04,05,13.5,54,Moderate,14.0,UG/M3,1 Hr,Valid
Tashkent,PM2.5 - Principal,2023-07-04 06:00 AM,2023,07,04,06,11.7,49,Good,10.0,UG/M3,1 Hr,Valid
Tashkent,PM2.5 - Principal,2023-07-04 07:00 AM,2023,07,04,07,10.8,45,Good,10.0,UG/M3,1 Hr,Valid
Tashkent,PM2.5 - Principal,2023-07-04 08:00 AM,2023,07,04,08,13.9,55,Moderate,17.0,UG/M3,1 Hr,Valid
Tashkent,PM2.5 - Principal,2023-07-04 09:00 AM,2023,07,04,09,14.3,56,Moderate,15.0,UG/M3,1 Hr,Valid
Tashkent,PM2.5 - Principal,2023-07-04 10:00 AM,2023,07,04,10,14.9,57,Moderate,16.0,UG/M3,1 Hr,Valid
Tashkent,PM2.5 - Principal,2023-07-04 11:00 AM,2023,07,04,11,16.3,60,Moderate,18.0,UG/M3,1 Hr,Valid
Tashkent,PM2.5 - Principal,2023-07-04 12:00 PM,2023,07,04,12,14.8,57,Moderate,13.0,UG/M3,1 Hr,Valid
Tashkent,PM2.5 - Principal,2023-07-04 01:00 PM,2023,07,04,13,14.0,55,Moderate,13.0,UG/M3,1 Hr,Valid
Tashkent,PM2.5 - Principal,2023-07-04 02:00 PM,2023,07,04,14,12.2,51,Moderate,10.0,UG/M3,1 Hr,Valid
Tashkent,PM2.5 - Principal,2023-07-04 03:00 PM,2023,07,04,15,13.4,54,Moderate,15.0,UG/M3,1 Hr,Valid
Tashkent,PM2.5 - Principal,2023-07-04 04:00 PM,2023,07,04,16,16.0,59,Moderate,19.0,UG/M3,1 Hr,Valid
Tashkent,PM2.5 - Principal,2023-07-04 05:00 PM,2023,07,04,17,17.4,62,Moderate,19.0,UG/M3,1 Hr,Valid
Tashkent,PM2.5 - Principal,2023-07-04 06:00 PM,2023,07,04,18,15.3,58,Moderate,13.0,UG/M3,1 Hr,Valid
Tashkent,PM2.5 - Principal,2023-07-04 07:00 PM,2023,07,04,19,16.1,59,Moderate,17.0,UG/M3,1 Hr,Valid
Tashkent,PM2.5 - Principal,2023-07-04 08:00 PM,2023,07,04,20,16.5,60,Moderate,17.0,UG/M3,1 Hr,Valid
Tashkent,PM2.5 - Principal,2023-07-04 09:00 PM,2023,07,04,21,19.2,66,Moderate,22.0,UG/M3,1 Hr,Valid
Tashkent,PM2.5 - Principal,2023-07-04 10:00 PM,2023,07,04,22,27.6,84,Moderate,36.0,UG/M3,1 Hr,Valid
Tashkent,PM2.5 - Principal,2023-07-04 11:00 PM,2023,07,04,23,27.8,84,Moderate,28.0,UG/M3,1 Hr,Valid
Tashkent,PM2.5 - Principal,2023-07-05 12:00 AM,2023,07,05,00,30.9,91,Moderate,34.0,UG/M3,1 Hr,Valid
Tashkent,PM2.5 - Principal,2023-07-05 01:00 AM,2023,07,05,01,28.9,86,Moderate,27.0,UG/M3,1 Hr,Valid
Tashkent,PM2.5 - Principal,2023-07-05 02:00 AM,2023,07,05,02,23.9,76,Moderate,19.0,UG/M3,1 Hr,Valid
Tashkent,PM2.5 - Principal,2023-07-05 03:00 AM,2023,07,05,03,21.4,71,Moderate,19.0,UG/M3,1 Hr,Valid
Tashkent,PM2.5 - Principal,2023-07-05 04:00 AM,2023,07,05,04,16.2,60,Moderate,11.0,UG/M3,1 Hr,Valid
Tashkent,PM2.5 - Principal,2023-07-05 05:00 AM,2023,07,05,05,15.1,57,Moderate,14.0,UG/M3,1 Hr,Valid
Tashkent,PM2.5 - Principal,2023-07-05 06:00 AM,2023,07,05,06,13.5,54,Moderate,12.0,UG/M3,1 Hr,Valid
Tashkent,PM2.5 - Principal,2023-07-05 07:00 AM,2023,07,05,07,11.7,49,Good,10.0,UG/M3,1 Hr,Valid
Tashkent,PM2.5 - Principal,2023-07-05 08:00 AM,2023,07,05,08,12.8,52,Moderate,14.0,UG/M3,1 Hr,Valid
Tashkent,PM2.5 - Principal,2023-07-05 09:00 AM,2023,07,05,09,13.9,55,Moderate,15.0,UG/M3,1 Hr,Valid
Tashkent,PM2.5 - Principal,2023-07-05 10:00 AM,2023,07,05,10,17.4,62,Moderate,21.0,UG/M3,1 Hr,Valid
Tashkent,PM2.5 - Principal,2023-07-05 11:00 AM,2023,07,05,11,20.2,68,Moderate,23.0,UG/M3,1 Hr,Valid
Tashkent,PM2.5 - Principal,2023-07-05 12:00 PM,2023,07,05,12,20.1,68,Moderate,20.0,UG/M3,1 Hr,Valid
Tashkent,PM2.5 - Principal,2023-07-05 01:00 PM,2023,07,05,13,20.5,69,Moderate,21.0,UG/M3,1 Hr,Valid
Tashkent,PM2.5 - Principal,2023-07-05 02:00 PM,2023,07,05,14,17.7,63,Moderate,15.0,UG/M3,1 Hr,Valid
Tashkent,PM2.5 - Principal,2023-07-05 03:00 PM,2023,07,05,15,15.3,58,Moderate,13.0,UG/M3,1 Hr,Valid
Tashkent,PM2.5 - Principal,2023-07-05 04:00 PM,2023,07,05,16,12.6,52,Moderate,10.0,UG/M3,1 Hr,Valid
Tashkent,PM2.5 - Principal,2023-07-05 05:00 PM,2023,07,05,17,16.3,60,Moderate,20.0,UG/M3,1 Hr,Valid
Tashkent,PM2.5 - Principal,2023-07-05 06:00 PM,2023,07,05,18,14.1,55,Moderate,12.0,UG/M3,1 Hr,Valid
Tashkent,PM2.5 - Principal,2023-07-05 07:00 PM,2023,07,05,19,14.5,56,Moderate,15.0,UG/M3,1 Hr,Valid
Tashkent,PM2.5 - Principal,2023-07-05 08:00 PM,2023,07,05,20,17.7,63,Moderate,21.0,UG/M3,1 Hr,Valid
Tashkent,PM2.5 - Principal,2023-07-05 09:00 PM,2023,07,05,21,23.3,75,Moderate,29.0,UG/M3,1 Hr,Valid
Tashkent,PM2.5 - Principal,2023-07-05 10:00 PM,2023,07,05,22,26.2,81,Moderate,29.0,UG/M3,1 Hr,Valid
Tashkent,PM2.5 - Principal,2023-07-05 11:00 PM,2023,07,05,23,47.6,131,Unhealthy for Sensitive Groups,69.0,UG/M3,1 Hr,Valid
Tashkent,PM2.5 - Principal,2023-07-06 12:00 AM,2023,07,06,00,46.3,128,Unhealthy for Sensitive Groups,45.0,UG/M3,1 Hr,Valid
Tashkent,PM2.5 - Principal,2023-07-06 01:00 AM,2023,07,06,01,41.6,116,Unhealthy for Sensitive Groups,37.0,UG/M3,1 Hr,Valid
Tashkent,PM2.5 - Principal,2023-07-06 02:00 AM,2023,07,06,02,49.3,135,Unhealthy for Sensitive Groups,57.0,UG/M3,1 Hr,Valid
Tashkent,PM2.5 - Principal,2023-07-06 03:00 AM,2023,07,06,03,52.1,142,Unhealthy for Sensitive Groups,55.0,UG/M3,1 Hr,Valid
Tashkent,PM2.5 - Principal,2023-07-06 04:00 AM,2023,07,06,04,43.5,121,Unhealthy for Sensitive Groups,35.0,UG/M3,1 Hr,Valid
Tashkent,PM2.5 - Principal,2023-07-06 05:00 AM,2023,07,06,05,32.2,93,Moderate,21.0,UG/M3,1 Hr,Valid
Tashkent,PM2.5 - Principal,2023-07-06 06:00 AM,2023,07,06,06,22.1,72,Moderate,12.0,UG/M3,1 Hr,Valid
Tashkent,PM2.5 - Principal,2023-07-06 07:00 AM,2023,07,06,07,19.0,66,Moderate,16.0,UG/M3,1 Hr,Valid
Tashkent,PM2.5 - Principal,2023-07-06 08:00 AM,2023,07,06,08,15.5,58,Moderate,12.0,UG/M3,1 Hr,Valid
Tashkent,PM2.5 - Principal,2023-07-06 09:00 AM,2023,07,06,09,21.2,70,Moderate,27.0,UG/M3,1 Hr,Valid
Tashkent,PM2.5 - Principal,2023-07-06 10:00 AM,2023,07,06,10,23.1,74,Moderate,25.0,UG/M3,1 Hr,Valid
Tashkent,PM2.5 - Principal,2023-07-06 11:00 AM,2023,07,06,11,26.5,81,Moderate,30.0,UG/M3,1 Hr,Valid
Tashkent,PM2.5 - Principal,2023-07-06 12:00 PM,2023,07,06,12,27.7,84,Moderate,29.0,UG/M3,1 Hr,Valid
Tashkent,PM2.5 - Principal,2023-07-06 01:00 PM,2023,07,06,13,28.3,85,Moderate,29.0,UG/M3,1 Hr,Valid
Tashkent,PM2.5 - Principal,2023-07-06 02:00 PM,2023,07,06,14,29.1,87,Moderate,30.0,UG/M3,1 Hr,Valid
Tashkent,PM2.5 - Principal,2023-07-06 03:00 PM,2023,07,06,15,27.0,82,Moderate,25.0,UG/M3,1 Hr,Valid
Tashkent,PM2.5 - Principal,2023-07-06 04:00 PM,2023,07,06,16,26.5,81,Moderate,26.0,UG/M3,1 Hr,Valid
Tashkent,PM2.5 - Principal,2023-07-06 05:00 PM,2023,07,06,17,26.7,82,Moderate,27.0,UG/M3,1 Hr,Valid
Tashkent,PM2.5 - Principal,2023-07-06 06:00 PM,2023,07,06,18,25.8,80,Moderate,25.0,UG/M3,1 Hr,Valid
Tashkent,PM2.5 - Principal,2023-07-06 07:00 PM,2023,07,06,19,24.9,78,Moderate,24.0,UG/M3,1 Hr,Valid
Tashkent,PM2.5 - Principal,2023-07-06 08:00 PM,2023,07,06,20,24.2,76,Moderate,21.0,UG/M3,1 Hr,Valid
Tashkent,PM2.5 - Principal,2023-07-06 09:00 PM,2023,07,06,21,26.0,80,Moderate,30.0,UG/M3,1 Hr,Valid
Tashkent,PM2.5 - Principal,2023-07-06 10:00 PM,2023,07,06,22,25.0,78,Moderate,23.0,UG/M3,1 Hr,Valid
Tashkent,PM2.5 - Principal,2023-07-06 11:00 PM,2023,07,06,23,19.8,67,Moderate,15.0,UG/M3,1 Hr,Valid
Tashkent,PM2.5 - Principal,2023-07-07 12:00 AM,2023,07,07,00,16.4,60,Moderate,13.0,UG/M3,1 Hr,Valid
Tashkent,PM2.5 - Principal,2023-07-07 01:00 AM,2023,07,07,01,14.2,55,Moderate,12.0,UG/M3,1 Hr,Valid
Tashkent,PM2.5 - Principal,2023-07-07 02:00 AM,2023,07,07,02,13.1,53,Moderate,12.0,UG/M3,1 Hr,Valid
Tashkent,PM2.5 - Principal,2023-07-07 03:00 AM,2023,07,07,03,10.5,44,Good,8.0,UG/M3,1 Hr,Valid
Tashkent,PM2.5 - Principal,2023-07-07 04:00 AM,2023,07,07,04,8.7,36,Good,7.0,UG/M3,1 Hr,Valid
Tashkent,PM2.5 - Principal,2023-07-07 05:00 AM,2023,07,07,05,7.3,30,Good,6.0,UG/M3,1 Hr,Valid
Tashkent,PM2.5 - Principal,2023-07-07 06:00 AM,2023,07,07,06,5.1,21,Good,3.0,UG/M3,1 Hr,Valid
Tashkent,PM2.5 - Principal,2023-07-07 07:00 AM,2023,07,07,07,4.0,17,Good,3.0,UG/M3,1 Hr,Valid
Tashkent,PM2.5 - Principal,2023-07-07 08:00 AM,2023,07,07,08,5.5,23,Good,7.0,UG/M3,1 Hr,Valid
Tashkent,PM2.5 - Principal,2023-07-07 09:00 AM,2023,07,07,09,6.7,28,Good,8.0,UG/M3,1 Hr,Valid
Tashkent,PM2.5 - Principal,2023-07-07 10:00 AM,2023,07,07,10,6.3,26,Good,6.0,UG/M3,1 Hr,Valid
Tashkent,PM2.5 - Principal,2023-07-07 11:00 AM,2023,07,07,11,6.6,28,Good,7.0,UG/M3,1 Hr,Valid
Tashkent,PM2.5 - Principal,2023-07-07 12:00 PM,2023,07,07,12,8.8,37,Good,11.0,UG/M3,1 Hr,Valid
Tashkent,PM2.5 - Principal,2023-07-07 01:00 PM,2023,07,07,13,10.9,45,Good,13.0,UG/M3,1 Hr,Valid
Tashkent,PM2.5 - Principal,2023-07-07 02:00 PM,2023,07,07,14,10.4,43,Good,10.0,UG/M3,1 Hr,Valid
Tashkent,PM2.5 - Principal,2023-07-07 03:00 PM,2023,07,07,15,10.2,43,Good,10.0,UG/M3,1 Hr,Valid
Tashkent,PM2.5 - Principal,2023-07-07 04:00 PM,2023,07,07,16,10.6,44,Good,11.0,UG/M3,1 Hr,Valid
Tashkent,PM2.5 - Principal,2023-07-07 05:00 PM,2023,07,07,17,8.3,35,Good,6.0,UG/M3,1 Hr,Valid
Tashkent,PM2.5 - Principal,2023-07-07 06:00 PM,2023,07,07,18,8.1,34,Good,8.0,UG/M3,1 Hr,Valid
Tashkent,PM2.5 - Principal,2023-07-07 07:00 PM,2023,07,07,19,9.0,38,Good,10.0,UG/M3,1 Hr,Valid
Tashkent,PM2.5 - Principal,2023-07-07 08:00 PM,2023,07,07,20,10.0,42,Good,11.0,UG/M3,1 Hr,Valid
Tashkent,PM2.5 - Principal,2023-07-07 09:00 PM,2023,07,07,21,13.5,54,Moderate,17.0,UG/M3,1 Hr,Valid
Tashkent,PM2.5 - Principal,2023-07-07 10:00 PM,2023,07,07,22,12.7,52,Moderate,12.0,UG/M3,1 Hr,Valid
Tashkent,PM2.5 - Principal,2023-07-07 11:00 PM,2023,07,07,23,13.8,55,Moderate,15.0,UG/M3,1 Hr,Valid
Tashkent,PM2.5 - Principal,2023-07-08 12:00 AM,2023,07,08,00,12.9,53,Moderate,12.0,UG/M3,1 Hr,Valid
Tashkent,PM2.5 - Principal,2023-07-08 01:00 AM,2023,07,08,01,15.9,59,Moderate,19.0,UG/M3,1 Hr,Valid
Tashkent,PM2.5 - Principal,2023-07-08 02:00 AM,2023,07,08,02,21.9,72,Moderate,28.0,UG/M3,1 Hr,Valid
Tashkent,PM2.5 - Principal,2023-07-08 03:00 AM,2023,07,08,03,25.4,79,Moderate,29.0,UG/M3,1 Hr,Valid
Tashkent,PM2.5 - Principal,2023-07-08 04:00 AM,2023,07,08,04,25.7,80,Moderate,26.0,UG/M3,1 Hr,Valid
Tashkent,PM2.5 - Principal,2023-07-08 05:00 AM,2023,07,08,05,17.8,63,Moderate,10.0,UG/M3,1 Hr,Valid
Tashkent,PM2.5 - Principal,2023-07-08 06:00 AM,2023,07,08,06,13.4,54,Moderate,9.0,UG/M3,1 Hr,Valid
Tashkent,PM2.5 - Principal,2023-07-08 07:00 AM,2023,07,08,07,12.2,51,Moderate,11.0,UG/M3,1 Hr,Valid
Tashkent,PM2.5 - Principal,2023-07-08 08:00 AM,2023,07,08,08,11.6,48,Good,11.0,UG/M3,1 Hr,Valid
Tashkent,PM2.5 - Principal,2023-07-08 09:00 AM,2023,07,08,09,14.8,57,Moderate,18.0,UG/M3,1 Hr,Valid
Tashkent,PM2.5 - Principal,2023-07-08 10:00 AM,2023,07,08,10,19.4,66,Moderate,24.0,UG/M3,1 Hr,Valid
Tashkent,PM2.5 - Principal,2023-07-08 11:00 AM,2023,07,08,11,16.2,60,Moderate,13.0,UG/M3,1 Hr,Valid
Tashkent,PM2.5 - Principal,2023-07-08 12:00 PM,2023,07,08,12,16.6,60,Moderate,17.0,UG/M3,1 Hr,Valid
Tashkent,PM2.5 - Principal,2023-07-08 01:00 PM,2023,07,08,13,14.8,57,Moderate,13.0,UG/M3,1 Hr,Valid
Tashkent,PM2.5 - Principal,2023-07-08 02:00 PM,2023,07,08,14,14.8,57,Moderate,15.0,UG/M3,1 Hr,Valid
Tashkent,PM2.5 - Principal,2023-07-08 03:00 PM,2023,07,08,15,10.4,43,Good,6.0,UG/M3,1 Hr,Valid
Tashkent,PM2.5 - Principal,2023-07-08 04:00 PM,2023,07,08,16,9.7,40,Good,9.0,UG/M3,1 Hr,Valid
Tashkent,PM2.5 - Principal,2023-07-08 05:00 PM,2023,07,08,17,11.8,49,Good,14.0,UG/M3,1 Hr,Valid
Tashkent,PM2.5 - Principal,2023-07-08 06:00 PM,2023,07,08,18,11.4,48,Good,11.0,UG/M3,1 Hr,Valid
Tashkent,PM2.5 - Principal,2023-07-08 07:00 PM,2023,07,08,19,13.2,53,Moderate,15.0,UG/M3,1 Hr,Valid
Tashkent,PM2.5 - Principal,2023-07-08 08:00 PM,2023,07,08,20,13.6,54,Moderate,14.0,UG/M3,1 Hr,Valid
Tashkent,PM2.5 - Principal,2023-07-08 09:00 PM,2023,07,08,21,15.8,59,Moderate,18.0,UG/M3,1 Hr,Valid
Tashkent,PM2.5 - Principal,2023-07-08 10:00 PM,2023,07,08,22,18.4,64,Moderate,21.0,UG/M3,1 Hr,Valid
Tashkent,PM2.5 - Principal,2023-07-08 11:00 PM,2023,07,08,23,21.2,70,Moderate,24.0,UG/M3,1 Hr,Valid
Tashkent,PM2.5 - Principal,2023-07-09 12:00 AM,2023,07,09,00,16.6,60,Moderate,12.0,UG/M3,1 Hr,Valid
Tashkent,PM2.5 - Principal,2023-07-09 01:00 AM,2023,07,09,01,12.7,52,Moderate,9.0,UG/M3,1 Hr,Valid
Tashkent,PM2.5 - Principal,2023-07-09 02:00 AM,2023,07,09,02,10.8,45,Good,9.0,UG/M3,1 Hr,Valid
Tashkent,PM2.5 - Principal,2023-07-09 03:00 AM,2023,07,09,03,22.4,73,Moderate,34.0,UG/M3,1 Hr,Valid
Tashkent,PM2.5 - Principal,2023-07-09 04:00 AM,2023,07,09,04,31.2,91,Moderate,40.0,UG/M3,1 Hr,Valid
Tashkent,PM2.5 - Principal,2023-07-09 05:00 AM,2023,07,09,05,28.6,86,Moderate,26.0,UG/M3,1 Hr,Valid
Tashkent,PM2.5 - Principal,2023-07-09 06:00 AM,2023,07,09,06,24.8,78,Moderate,21.0,UG/M3,1 Hr,Valid
Tashkent,PM2.5 - Principal,2023-07-09 07:00 AM,2023,07,09,07,17.9,63,Moderate,11.0,UG/M3,1 Hr,Valid
Tashkent,PM2.5 - Principal,2023-07-09 08:00 AM,2023,07,09,08,15.9,59,Moderate,14.0,UG/M3,1 Hr,Valid
Tashkent,PM2.5 - Principal,2023-07-09 09:00 AM,2023,07,09,09,17.9,63,Moderate,20.0,UG/M3,1 Hr,Valid
Tashkent,PM2.5 - Principal,2023-07-09 10:00 AM,2023,07,09,10,18.4,64,Moderate,19.0,UG/M3,1 Hr,Valid
Tashkent,PM2.5 - Principal,2023-07-09 11:00 AM,2023,07,09,11,21.2,70,Moderate,24.0,UG/M3,1 Hr,Valid
Tashkent,PM2.5 - Principal,2023-07-09 12:00 PM,2023,07,09,12,19.6,67,Moderate,18.0,UG/M3,1 Hr,Valid
Tashkent,PM2.5 - Principal,2023-07-09 01:00 PM,2023,07,09,13,21.3,70,Moderate,23.0,UG/M3,1 Hr,Valid
Tashkent,PM2.5 - Principal,2023-07-09 02:00 PM,2023,07,09,14,17.6,63,Moderate,14.0,UG/M3,1 Hr,Valid
Tashkent,PM2.5 - Principal,2023-07-09 03:00 PM,2023,07,09,15,14.8,57,Moderate,12.0,UG/M3,1 Hr,Valid
Tashkent,PM2.5 - Principal,2023-07-09 04:00 PM,2023,07,09,16,12.4,52,Moderate,10.0,UG/M3,1 Hr,Valid
Tashkent,PM2.5 - Principal,2023-07-09 05:00 PM,2023,07,09,17,10.7,45,Good,9.0,UG/M3,1 Hr,Valid
Tashkent,PM2.5 - Principal,2023-07-09 06:00 PM,2023,07,09,18,9.3,39,Good,8.0,UG/M3,1 Hr,Valid
Tashkent,PM2.5 - Principal,2023-07-09 07:00 PM,2023,07,09,19,10.1,42,Good,11.0,UG/M3,1 Hr,Valid
Tashkent,PM2.5 - Principal,2023-07-09 08:00 PM,2023,07,09,20,16.0,59,Moderate,22.0,UG/M3,1 Hr,Valid
Tashkent,PM2.5 - Principal,2023-07-09 09:00 PM,2023,07,09,21,17.0,61,Moderate,18.0,UG/M3,1 Hr,Valid
Tashkent,PM2.5 - Principal,2023-07-09 10:00 PM,2023,07,09,22,17.5,62,Moderate,18.0,UG/M3,1 Hr,Valid
Tashkent,PM2.5 - Principal,2023-07-09 11:00 PM,2023,07,09,23,16.7,61,Moderate,16.0,UG/M3,1 Hr,Valid
Tashkent,PM2.5 - Principal,2023-07-10 12:00 AM,2023,07,10,00,12.3,51,Moderate,8.0,UG/M3,1 Hr,Valid
Tashkent,PM2.5 - Principal,2023-07-10 01:00 AM,2023,07,10,01,14.1,55,Moderate,16.0,UG/M3,1 Hr,Valid
Tashkent,PM2.5 - Principal,2023-07-10 02:00 AM,2023,07,10,02,24.5,77,Moderate,35.0,UG/M3,1 Hr,Valid
Tashkent,PM2.5 - Principal,2023-07-10 03:00 AM,2023,07,10,03,29.8,88,Moderate,35.0,UG/M3,1 Hr,Valid
Tashkent,PM2.5 - Principal,2023-07-10 04:00 AM,2023,07,10,04,30.4,89,Moderate,31.0,UG/M3,1 Hr,Valid
Tashkent,PM2.5 - Principal,2023-07-10 05:00 AM,2023,07,10,05,24.2,76,Moderate,18.0,UG/M3,1 Hr,Valid
Tashkent,PM2.5 - Principal,2023-07-10 06:00 AM,2023,07,10,06,18.6,65,Moderate,13.0,UG/M3,1 Hr,Valid
Tashkent,PM2.5 - Principal,2023-07-10 07:00 AM,2023,07,10,07,14.3,56,Moderate,10.0,UG/M3,1 Hr,Valid
Tashkent,PM2.5 - Principal,2023-07-10 08:00 AM,2023,07,10,08,15.6,58,Moderate,17.0,UG/M3,1 Hr,Valid
Tashkent,PM2.5 - Principal,2023-07-10 09:00 AM,2023,07,10,09,21.3,70,Moderate,27.0,UG/M3,1 Hr,Valid
Tashkent,PM2.5 - Principal,2023-07-10 10:00 AM,2023,07,10,10,22.6,73,Moderate,24.0,UG/M3,1 Hr,Valid
Tashkent,PM2.5 - Principal,2023-07-10 11:00 AM,2023,07,10,11,23.8,76,Moderate,25.0,UG/M3,1 Hr,Valid
Tashkent,PM2.5 - Principal,2023-07-10 12:00 PM,2023,07,10,12,26.9,82,Moderate,30.0,UG/M3,1 Hr,Valid
Tashkent,PM2.5 - Principal,2023-07-10 01:00 PM,2023,07,10,13,28.4,85,Moderate,30.0,UG/M3,1 Hr,Valid
Tashkent,PM2.5 - Principal,2023-07-10 02:00 PM,2023,07,10,14,28.2,85,Moderate,28.0,UG/M3,1 Hr,Valid
Tashkent,PM2.5 - Principal,2023-07-10 03:00 PM,2023,07,10,15,25.6,79,Moderate,23.0,UG/M3,1 Hr,Valid
Tashkent,PM2.5 - Principal,2023-07-10 04:00 PM,2023,07,10,16,19.8,67,Moderate,14.0,UG/M3,1 Hr,Valid
Tashkent,PM2.5 - Principal,2023-07-10 05:00 PM,2023,07,10,17,17.9,63,Moderate,16.0,UG/M3,1 Hr,Valid
Tashkent,PM2.5 - Principal,2023-07-10 06:00 PM,2023,07,10,18,16.4,60,Moderate,15.0,UG/M3,1 Hr,Valid
Tashkent,PM2.5 - Principal,2023-07-10 07:00 PM,2023,07,10,19,20.2,68,Moderate,24.0,UG/M3,1 Hr,Valid
Tashkent,PM2.5 - Principal,2023-07-10 08:00 PM,2023,07,10,20,23.1,74,Moderate,26.0,UG/M3,1 Hr,Valid
Tashkent,PM2.5 - Principal,2023-07-10 09:00 PM,2023,07,10,21,37.0,105,Unhealthy for Sensitive Groups,51.0,UG/M3,1 Hr,Valid
Tashkent,PM2.5 - Principal,2023-07-10 10:00 PM,2023,07,10,22,40.5,113,Unhealthy for Sensitive Groups,44.0,UG/M3,1 Hr,Valid
Tashkent,PM2.5 - Principal,2023-07-10 11:00 PM,2023,07,10,23,39.2,110,Unhealthy for Sensitive Groups,38.0,UG/M3,1 Hr,Valid
Tashkent,PM2.5 - Principal,2023-07-11 12:00 AM,2023,07,11,00,39.1,110,Unhealthy for Sensitive Groups,39.0,UG/M3,1 Hr,Valid
Tashkent,PM2.5 - Principal,2023-07-11 01:00 AM,2023,07,11,01,35.0,99,Moderate,31.0,UG/M3,1 Hr,Valid
Tashkent,PM2.5 - Principal,2023-07-11 02:00 AM,2023,07,11,02,31.0,91,Moderate,27.0,UG/M3,1 Hr,Valid
Tashkent,PM2.5 - Principal,2023-07-11 03:00 AM,2023,07,11,03,30.5,90,Moderate,30.0,UG/M3,1 Hr,Valid
Tashkent,PM2.5 - Principal,2023-07-11 04:00 AM,2023,07,11,04,28.7,86,Moderate,27.0,UG/M3,1 Hr,Valid
Tashkent,PM2.5 - Principal,2023-07-11 05:00 AM,2023,07,11,05,23.3,75,Moderate,18.0,UG/M3,1 Hr,Valid
Tashkent,PM2.5 - Principal,2023-07-11 06:00 AM,2023,07,11,06,18.6,65,Moderate,14.0,UG/M3,1 Hr,Valid
Tashkent,PM2.5 - Principal,2023-07-11 07:00 AM,2023,07,11,07,16.3,60,Moderate,14.0,UG/M3,1 Hr,Valid
Tashkent,PM2.5 - Principal,2023-07-11 08:00 AM,2023,07,11,08,16.1,59,Moderate,16.0,UG/M3,1 Hr,Valid
Tashkent,PM2.5 - Principal,2023-07-11 09:00 AM,2023,07,11,09,18.5,64,Moderate,21.0,UG/M3,1 Hr,Valid
Tashkent,PM2.5 - Principal,2023-07-11 10:00 AM,2023,07,11,10,19.2,66,Moderate,20.0,UG/M3,1 Hr,Valid
Tashkent,PM2.5 - Principal,2023-07-11 11:00 AM,2023,07,11,11,22.1,72,Moderate,25.0,UG/M3,1 Hr,Valid
Tashkent,PM2.5 - Principal,2023-07-11 12:00 PM,2023,07,11,12,25.0,78,Moderate,28.0,UG/M3,1 Hr,Valid
Tashkent,PM2.5 - Principal,2023-07-11 01:00 PM,2023,07,11,13,23.5,75,Moderate,22.0,UG/M3,1 Hr,Valid
Tashkent,PM2.5 - Principal,2023-07-11 02:00 PM,2023,07,11,14,23.7,75,Moderate,24.0,UG/M3,1 Hr,Valid
Tashkent,PM2.5 - Principal,2023-07-11 03:00 PM,2023,07,11,15,25.3,79,Moderate,27.0,UG/M3,1 Hr,Valid
Tashkent,PM2.5 - Principal,2023-07-11 04:00 PM,2023,07,11,16,22.1,72,Moderate,19.0,UG/M3,1 Hr,Valid
Tashkent,PM2.5 - Principal,2023-07-11 05:00 PM,2023,07,11,17,21.5,71,Moderate,21.0,UG/M3,1 Hr,Valid
Tashkent,PM2.5 - Principal,2023-07-11 06:00 PM,2023,07,11,18,24.7,77,Moderate,28.0,UG/M3,1 Hr,Valid
Tashkent,PM2.5 - Principal,2023-07-11 07:00 PM,2023,07,11,19,23.8,76,Moderate,23.0,UG/M3,1 Hr,Valid
Tashkent,PM2.5 - Principal,2023-07-11 08:00 PM,2023,07,11,20,27.1,83,Moderate,32.0,UG/M3,1 Hr,Valid
Tashkent,PM2.5 - Principal,2023-07-11 09:00 PM,2023,07,11,21,39.4,111,Unhealthy for Sensitive Groups,51.0,UG/M3,1 Hr,Valid
Tashkent,PM2.5 - Principal,2023-07-11 10:00 PM,2023,07,11,22,48.7,134,Unhealthy for Sensitive Groups,58.0,UG/M3,1 Hr,Valid
Tashkent,PM2.5 - Principal,2023-07-11 11:00 PM,2023,07,11,23,62.8,155,Unhealthy,77.0,UG/M3,1 Hr,Valid
Tashkent,PM2.5 - Principal,2023-07-12 12:00 AM,2023,07,12,00,59.4,153,Unhealthy,56.0,UG/M3,1 Hr,Valid
Tashkent,PM2.5 - Principal,2023-07-12 01:00 AM,2023,07,12,01,53.7,146,Unhealthy for Sensitive Groups,48.0,UG/M3,1 Hr,Valid
Tashkent,PM2.5 - Principal,2023-07-12 02:00 AM,2023,07,12,02,43.3,120,Unhealthy for Sensitive Groups,33.0,UG/M3,1 Hr,Valid
Tashkent,PM2.5 - Principal,2023-07-12 03:00 AM,2023,07,12,03,32.1,93,Moderate,21.0,UG/M3,1 Hr,Valid
Tashkent,PM2.5 - Principal,2023-07-12 04:00 AM,2023,07,12,04,27.5,83,Moderate,23.0,UG/M3,1 Hr,Valid
Tashkent,PM2.5 - Principal,2023-07-12 05:00 AM,2023,07,12,05,31.2,91,Moderate,35.0,UG/M3,1 Hr,Valid
Tashkent,PM2.5 - Principal,2023-07-12 06:00 AM,2023,07,12,06,26.1,80,Moderate,21.0,UG/M3,1 Hr,Valid
Tashkent,PM2.5 - Principal,2023-07-12 07:00 AM,2023,07,12,07,25.5,79,Moderate,25.0,UG/M3,1 Hr,Valid
Tashkent,PM2.5 - Principal,2023-07-12 08:00 AM,2023,07,12,08,32.2,93,Moderate,39.0,UG/M3,1 Hr,Valid
Tashkent,PM2.5 - Principal,2023-07-12 09:00 AM,2023,07,12,09,38.1,107,Unhealthy for Sensitive Groups,44.0,UG/M3,1 Hr,Valid
Tashkent,PM2.5 - Principal,2023-07-12 10:00 AM,2023,07,12,10,39.5,111,Unhealthy for Sensitive Groups,41.0,UG/M3,1 Hr,Valid
Tashkent,PM2.5 - Principal,2023-07-12 11:00 AM,2023,07,12,11,36.7,104,Unhealthy for Sensitive Groups,34.0,UG/M3,1 Hr,Valid
Tashkent,PM2.5 - Principal,2023-07-12 12:00 PM,2023,07,12,12,37.8,107,Unhealthy for Sensitive Groups,39.0,UG/M3,1 Hr,Valid
Tashkent,PM2.5 - Principal,2023-07-12 01:00 PM,2023,07,12,13,35.9,102,Unhealthy for Sensitive Groups,34.0,UG/M3,1 Hr,Valid
Tashkent,PM2.5 - Principal,2023-07-12 02:00 PM,2023,07,12,14,31.4,92,Moderate,27.0,UG/M3,1 Hr,Valid
Tashkent,PM2.5 - Principal,2023-07-12 03:00 PM,2023,07,12,15,23.7,75,Moderate,16.0,UG/M3,1 Hr,Valid
Tashkent,PM2.5 - Principal,2023-07-12 04:00 PM,2023,07,12,16,17.8,63,Moderate,12.0,UG/M3,1 Hr,Valid
Tashkent,PM2.5 - Principal,2023-07-12 05:00 PM,2023,07,12,17,14.4,56,Moderate,11.0,UG/M3,1 Hr,Valid
Tashkent,PM2.5 - Principal,2023-07-12 06:00 PM,2023,07,12,18,14.7,56,Moderate,15.0,UG/M3,1 Hr,Valid
Tashkent,PM2.5 - Principal,2023-07-12 07:00 PM,2023,07,12,19,29.8,88,Moderate,45.0,UG/M3,1 Hr,Valid
Tashkent,PM2.5 - Principal,2023-07-12 08:00 PM,2023,07,12,20,33.4,96,Moderate,37.0,UG/M3,1 Hr,Valid
Tashkent,PM2.5 - Principal,2023-07-12 09:00 PM,2023,07,12,21,35.7,101,Unhealthy for Sensitive Groups,38.0,UG/M3,1 Hr,Valid
Tashkent,PM2.5 - Principal,2023-07-12 10:00 PM,2023,07,12,22,41.8,117,Unhealthy for Sensitive Groups,48.0,UG/M3,1 Hr,Valid
Tashkent,PM2.5 - Principal,2023-07-12 11:00 PM,2023,07,12,23,55.4,150,Unhealthy for Sensitive Groups,69.0,UG/M3,1 Hr,Valid
Tashkent,PM2.5 - Principal,2023-07-13 12:00 AM,2023,07,13,00,66.7,157,Unhealthy,78.0,UG/M3,1 Hr,Valid
Tashkent,PM2.5 - Principal,2023-07-13 01:00 AM,2023,07,13,01,72.3,160,Unhealthy,78.0,UG/M3,1 Hr,Valid
Tashkent,PM2.5 - Principal,2023-07-13 02:00 AM,2023,07,13,02,72.3,160,Unhealthy,-999.0,UG/M3,1 Hr,Missing
Tashkent,PM2.5 - Principal,2023-07-13 03:00 AM,2023,07,13,03,40.1,112,Unhealthy for Sensitive Groups,24.0,UG/M3,1 Hr,Valid
Tashkent,PM2.5 - Principal,2023-07-13 10:00 AM,2023,07,13,10,-999.0,-999,N/A,22.0,UG/M3,1 Hr,Valid
Tashkent,PM2.5 - Principal,2023-07-13 11:00 AM,2023,07,13,11,32.6,94,Moderate,38.0,UG/M3,1 Hr,Valid
Tashkent,PM2.5 - Principal,2023-07-13 12:00 PM,2023,07,13,12,35.7,101,Unhealthy for Sensitive Groups,38.0,UG/M3,1 Hr,Valid
Tashkent,PM2.5 - Principal,2023-07-13 01:00 PM,2023,07,13,13,35.1,99,Moderate,-999.0,UG/M3,1 Hr,Missing
Tashkent,PM2.5 - Principal,2023-07-13 02:00 PM,2023,07,13,14,18.5,64,Moderate,11.0,UG/M3,1 Hr,Valid
Tashkent,PM2.5 - Principal,2023-07-13 03:00 PM,2023,07,13,15,15.8,59,Moderate,14.0,UG/M3,1 Hr,Valid
Tashkent,PM2.5 - Principal,2023-07-13 04:00 PM,2023,07,13,16,15.4,58,Moderate,15.0,UG/M3,1 Hr,Valid
Tashkent,PM2.5 - Principal,2023-07-13 05:00 PM,2023,07,13,17,14.6,56,Moderate,14.0,UG/M3,1 Hr,Valid
Tashkent,PM2.5 - Principal,2023-07-13 06:00 PM,2023,07,13,18,14.3,56,Moderate,14.0,UG/M3,1 Hr,Valid
Tashkent,PM2.5 - Principal,2023-07-13 07:00 PM,2023,07,13,19,14.3,56,Moderate,-999.0,UG/M3,1 Hr,Missing
Tashkent,PM2.5 - Principal,2023-07-13 08:00 PM,2023,07,13,20,20.1,68,Moderate,23.0,UG/M3,1 Hr,Valid
Tashkent,PM2.5 - Principal,2023-07-13 09:00 PM,2023,07,13,21,34.3,98,Moderate,45.0,UG/M3,1 Hr,Valid
Tashkent,PM2.5 - Principal,2023-07-13 10:00 PM,2023,07,13,22,45.9,127,Unhealthy for Sensitive Groups,56.0,UG/M3,1 Hr,Valid
Tashkent,PM2.5 - Principal,2023-07-13 11:00 PM,2023,07,13,23,54.2,147,Unhealthy for Sensitive Groups,62.0,UG/M3,1 Hr,Valid
Tashkent,PM2.5 - Principal,2023-07-14 12:00 AM,2023,07,14,00,59.7,153,Unhealthy,65.0,UG/M3,1 Hr,Valid
Tashkent,PM2.5 - Principal,2023-07-14 01:00 AM,2023,07,14,01,54.3,147,Unhealthy for Sensitive Groups,49.0,UG/M3,1 Hr,Valid
Tashkent,PM2.5 - Principal,2023-07-14 02:00 AM,2023,07,14,02,47.1,130,Unhealthy for Sensitive Groups,40.0,UG/M3,1 Hr,Valid
Tashkent,PM2.5 - Principal,2023-07-14 03:00 AM,2023,07,14,03,42.0,117,Unhealthy for Sensitive Groups,37.0,UG/M3,1 Hr,Valid
Tashkent,PM2.5 - Principal,2023-07-14 04:00 AM,2023,07,14,04,33.5,96,Moderate,25.0,UG/M3,1 Hr,Valid
Tashkent,PM2.5 - Principal,2023-07-14 05:00 AM,2023,07,14,05,23.7,75,Moderate,14.0,UG/M3,1 Hr,Valid
Tashkent,PM2.5 - Principal,2023-07-14 06:00 AM,2023,07,14,06,18.8,65,Moderate,14.0,UG/M3,1 Hr,Valid
Tashkent,PM2.5 - Principal,2023-07-14 07:00 AM,2023,07,14,07,16.9,61,Moderate,15.0,UG/M3,1 Hr,Valid
Tashkent,PM2.5 - Principal,2023-07-14 08:00 AM,2023,07,14,08,17.4,62,Moderate,18.0,UG/M3,1 Hr,Valid
Tashkent,PM2.5 - Principal,2023-07-14 09:00 AM,2023,07,14,09,29.7,88,Moderate,42.0,UG/M3,1 Hr,Valid
Tashkent,PM2.5 - Principal,2023-07-14 10:00 AM,2023,07,14,10,38.3,108,Unhealthy for Sensitive Groups,47.0,UG/M3,1 Hr,Valid
Tashkent,PM2.5 - Principal,2023-07-14 11:00 AM,2023,07,14,11,40.1,112,Unhealthy for Sensitive Groups,42.0,UG/M3,1 Hr,Valid
Tashkent,PM2.5 - Principal,2023-07-14 12:00 PM,2023,07,14,12,44.0,122,Unhealthy for Sensitive Groups,48.0,UG/M3,1 Hr,Valid
Tashkent,PM2.5 - Principal,2023-07-14 01:00 PM,2023,07,14,13,43.0,119,Unhealthy for Sensitive Groups,42.0,UG/M3,1 Hr,Valid
Tashkent,PM2.5 - Principal,2023-07-14 02:00 PM,2023,07,14,14,36.0,102,Unhealthy for Sensitive Groups,29.0,UG/M3,1 Hr,Valid
Tashkent,PM2.5 - Principal,2023-07-14 03:00 PM,2023,07,14,15,23.0,74,Moderate,10.0,UG/M3,1 Hr,Valid
Tashkent,PM2.5 - Principal,2023-07-14 04:00 PM,2023,07,14,16,35.5,101,Unhealthy for Sensitive Groups,48.0,UG/M3,1 Hr,Valid
Tashkent,PM2.5 - Principal,2023-07-14 05:00 PM,2023,07,14,17,53.2,145,Unhealthy for Sensitive Groups,71.0,UG/M3,1 Hr,Valid
Tashkent,PM2.5 - Principal,2023-07-14 06:00 PM,2023,07,14,18,30.1,89,Moderate,7.0,UG/M3,1 Hr,Valid
Tashkent,PM2.5 - Principal,2023-07-14 07:00 PM,2023,07,14,19,41.5,116,Unhealthy for Sensitive Groups,53.0,UG/M3,1 Hr,Valid
Tashkent,PM2.5 - Principal,2023-07-14 08:00 PM,2023,07,14,20,31.2,91,Moderate,21.0,UG/M3,1 Hr,Valid
Tashkent,PM2.5 - Principal,2023-07-14 09:00 PM,2023,07,14,21,23.6,75,Moderate,16.0,UG/M3,1 Hr,Valid
Tashkent,PM2.5 - Principal,2023-07-14 10:00 PM,2023,07,14,22,31.8,92,Moderate,40.0,UG/M3,1 Hr,Valid
Tashkent,PM2.5 - Principal,2023-07-14 11:00 PM,2023,07,14,23,38.4,108,Unhealthy for Sensitive Groups,45.0,UG/M3,1 Hr,Valid
Tashkent,PM2.5 - Principal,2023-07-15 12:00 AM,2023,07,15,00,34.7,99,Moderate,31.0,UG/M3,1 Hr,Valid
Tashkent,PM2.5 - Principal,2023-07-15 01:00 AM,2023,07,15,01,24.3,77,Moderate,14.0,UG/M3,1 Hr,Valid
Tashkent,PM2.5 - Principal,2023-07-15 02:00 AM,2023,07,15,02,17.6,63,Moderate,11.0,UG/M3,1 Hr,Valid
Tashkent,PM2.5 - Principal,2023-07-15 03:00 AM,2023,07,15,03,12.8,52,Moderate,8.0,UG/M3,1 Hr,Valid
Tashkent,PM2.5 - Principal,2023-07-15 04:00 AM,2023,07,15,04,10.4,43,Good,8.0,UG/M3,1 Hr,Valid
Tashkent,PM2.5 - Principal,2023-07-15 05:00 AM,2023,07,15,05,7.6,32,Good,5.0,UG/M3,1 Hr,Valid
Tashkent,PM2.5 - Principal,2023-07-15 06:00 AM,2023,07,15,06,6.8,28,Good,6.0,UG/M3,1 Hr,Valid
Tashkent,PM2.5 - Principal,2023-07-15 07:00 AM,2023,07,15,07,6.9,29,Good,7.0,UG/M3,1 Hr,Valid
Tashkent,PM2.5 - Principal,2023-07-15 08:00 AM,2023,07,15,08,18.4,64,Moderate,30.0,UG/M3,1 Hr,Valid
Tashkent,PM2.5 - Principal,2023-07-15 09:00 AM,2023,07,15,09,29.2,87,Moderate,40.0,UG/M3,1 Hr,Valid
Tashkent,PM2.5 - Principal,2023-07-15 10:00 AM,2023,07,15,10,29.6,88,Moderate,30.0,UG/M3,1 Hr,Valid
Tashkent,PM2.5 - Principal,2023-07-15 11:00 AM,2023,07,15,11,21.3,70,Moderate,13.0,UG/M3,1 Hr,Valid
Tashkent,PM2.5 - Principal,2023-07-15 12:00 PM,2023,07,15,12,15.1,57,Moderate,9.0,UG/M3,1 Hr,Valid
Tashkent,PM2.5 - Principal,2023-07-15 01:00 PM,2023,07,15,13,10.0,42,Good,5.0,UG/M3,1 Hr,Valid
Tashkent,PM2.5 - Principal,2023-07-15 02:00 PM,2023,07,15,14,8.0,33,Good,6.0,UG/M3,1 Hr,Valid
Tashkent,PM2.5 - Principal,2023-07-15 03:00 PM,2023,07,15,15,22.0,72,Moderate,36.0,UG/M3,1 Hr,Valid
Tashkent,PM2.5 - Principal,2023-07-15 04:00 PM,2023,07,15,16,31.0,91,Moderate,40.0,UG/M3,1 Hr,Valid
Tashkent,PM2.5 - Principal,2023-07-15 05:00 PM,2023,07,15,17,38.0,107,Unhealthy for Sensitive Groups,45.0,UG/M3,1 Hr,Valid
Tashkent,PM2.5 - Principal,2023-07-15 06:00 PM,2023,07,15,18,30.0,89,Moderate,22.0,UG/M3,1 Hr,Valid
Tashkent,PM2.5 - Principal,2023-07-15 07:00 PM,2023,07,15,19,36.5,103,Unhealthy for Sensitive Groups,43.0,UG/M3,1 Hr,Valid
Tashkent,PM2.5 - Principal,2023-07-15 08:00 PM,2023,07,15,20,29.7,88,Moderate,23.0,UG/M3,1 Hr,Valid
Tashkent,PM2.5 - Principal,2023-07-15 09:00 PM,2023,07,15,21,20.8,69,Moderate,12.0,UG/M3,1 Hr,Valid
Tashkent,PM2.5 - Principal,2023-07-15 10:00 PM,2023,07,15,22,20.4,68,Moderate,20.0,UG/M3,1 Hr,Valid
Tashkent,PM2.5 - Principal,2023-07-15 11:00 PM,2023,07,15,23,29.7,88,Moderate,39.0,UG/M3,1 Hr,Valid
Tashkent,PM2.5 - Principal,2023-07-16 12:00 AM,2023,07,16,00,20.3,68,Moderate,11.0,UG/M3,1 Hr,Valid
Tashkent,PM2.5 - Principal,2023-07-16 01:00 AM,2023,07,16,01,22.6,73,Moderate,25.0,UG/M3,1 Hr,Valid
Tashkent,PM2.5 - Principal,2023-07-16 02:00 AM,2023,07,16,02,23.3,75,Moderate,24.0,UG/M3,1 Hr,Valid
Tashkent,PM2.5 - Principal,2023-07-16 03:00 AM,2023,07,16,03,22.1,72,Moderate,21.0,UG/M3,1 Hr,Valid
Tashkent,PM2.5 - Principal,2023-07-16 04:00 AM,2023,07,16,04,23.5,75,Moderate,25.0,UG/M3,1 Hr,Valid
Tashkent,PM2.5 - Principal,2023-07-16 05:00 AM,2023,07,16,05,23.7,75,Moderate,24.0,UG/M3,1 Hr,Valid
Tashkent,PM2.5 - Principal,2023-07-16 06:00 AM,2023,07,16,06,23.3,75,Moderate,23.0,UG/M3,1 Hr,Valid
Tashkent,PM2.5 - Principal,2023-07-16 07:00 AM,2023,07,16,07,39.1,110,Unhealthy for Sensitive Groups,55.0,UG/M3,1 Hr,Valid
Tashkent,PM2.5 - Principal,2023-07-16 08:00 AM,2023,07,16,08,39.6,111,Unhealthy for Sensitive Groups,40.0,UG/M3,1 Hr,Valid
Tashkent,PM2.5 - Principal,2023-07-16 09:00 AM,2023,07,16,09,33.3,96,Moderate,27.0,UG/M3,1 Hr,Valid
Tashkent,PM2.5 - Principal,2023-07-16 10:00 AM,2023,07,16,10,26.6,81,Moderate,20.0,UG/M3,1 Hr,Valid
Tashkent,PM2.5 - Principal,2023-07-16 11:00 AM,2023,07,16,11,32.8,95,Moderate,39.0,UG/M3,1 Hr,Valid
Tashkent,PM2.5 - Principal,2023-07-16 12:00 PM,2023,07,16,12,34.9,99,Moderate,37.0,UG/M3,1 Hr,Valid
Tashkent,PM2.5 - Principal,2023-07-16 01:00 PM,2023,07,16,13,34.9,99,Moderate,35.0,UG/M3,1 Hr,Valid
Tashkent,PM2.5 - Principal,2023-07-16 02:00 PM,2023,07,16,14,39.9,112,Unhealthy for Sensitive Groups,45.0,UG/M3,1 Hr,Valid
Tashkent,PM2.5 - Principal,2023-07-16 03:00 PM,2023,07,16,15,25.4,79,Moderate,11.0,UG/M3,1 Hr,Valid
Tashkent,PM2.5 - Principal,2023-07-16 04:00 PM,2023,07,16,16,24.2,76,Moderate,23.0,UG/M3,1 Hr,Valid
Tashkent,PM2.5 - Principal,2023-07-16 05:00 PM,2023,07,16,17,25.1,78,Moderate,26.0,UG/M3,1 Hr,Valid
Tashkent,PM2.5 - Principal,2023-07-16 06:00 PM,2023,07,16,18,18.0,63,Moderate,11.0,UG/M3,1 Hr,Valid
Tashkent,PM2.5 - Principal,2023-07-16 07:00 PM,2023,07,16,19,33.0,95,Moderate,48.0,UG/M3,1 Hr,Valid
Tashkent,PM2.5 - Principal,2023-07-16 08:00 PM,2023,07,16,20,38.0,107,Unhealthy for Sensitive Groups,43.0,UG/M3,1 Hr,Valid
Tashkent,PM2.5 - Principal,2023-07-16 09:00 PM,2023,07,16,21,40.5,113,Unhealthy for Sensitive Groups,43.0,UG/M3,1 Hr,Valid
Tashkent,PM2.5 - Principal,2023-07-16 10:00 PM,2023,07,16,22,46.7,129,Unhealthy for Sensitive Groups,53.0,UG/M3,1 Hr,Valid
Tashkent,PM2.5 - Principal,2023-07-16 11:00 PM,2023,07,16,23,45.3,125,Unhealthy for Sensitive Groups,44.0,UG/M3,1 Hr,Valid
Tashkent,PM2.5 - Principal,2023-07-17 12:00 AM,2023,07,17,00,54.6,148,Unhealthy for Sensitive Groups,64.0,UG/M3,1 Hr,Valid
Tashkent,PM2.5 - Principal,2023-07-17 01:00 AM,2023,07,17,01,41.8,117,Unhealthy for Sensitive Groups,29.0,UG/M3,1 Hr,Valid
Tashkent,PM2.5 - Principal,2023-07-17 02:00 AM,2023,07,17,02,31.4,92,Moderate,21.0,UG/M3,1 Hr,Valid
Tashkent,PM2.5 - Principal,2023-07-17 03:00 AM,2023,07,17,03,30.2,89,Moderate,29.0,UG/M3,1 Hr,Valid
Tashkent,PM2.5 - Principal,2023-07-17 04:00 AM,2023,07,17,04,29.6,88,Moderate,29.0,UG/M3,1 Hr,Valid
Tashkent,PM2.5 - Principal,2023-07-17 05:00 AM,2023,07,17,05,29.3,87,Moderate,29.0,UG/M3,1 Hr,Valid
Tashkent,PM2.5 - Principal,2023-07-17 06:00 AM,2023,07,17,06,26.6,81,Moderate,24.0,UG/M3,1 Hr,Valid
Tashkent,PM2.5 - Principal,2023-07-17 07:00 AM,2023,07,17,07,24.3,77,Moderate,22.0,UG/M3,1 Hr,Valid
Tashkent,PM2.5 - Principal,2023-07-17 08:00 AM,2023,07,17,08,24.1,76,Moderate,24.0,UG/M3,1 Hr,Valid
Tashkent,PM2.5 - Principal,2023-07-17 09:00 AM,2023,07,17,09,28.0,84,Moderate,32.0,UG/M3,1 Hr,Valid
Tashkent,PM2.5 - Principal,2023-07-17 10:00 AM,2023,07,17,10,26.5,81,Moderate,25.0,UG/M3,1 Hr,Valid
Tashkent,PM2.5 - Principal,2023-07-17 11:00 AM,2023,07,17,11,26.7,82,Moderate,27.0,UG/M3,1 Hr,Valid
Tashkent,PM2.5 - Principal,2023-07-17 12:00 PM,2023,07,17,12,16.8,61,Moderate,7.0,UG/M3,1 Hr,Valid
Tashkent,PM2.5 - Principal,2023-07-17 01:00 PM,2023,07,17,13,13.9,55,Moderate,11.0,UG/M3,1 Hr,Valid
Tashkent,PM2.5 - Principal,2023-07-17 02:00 PM,2023,07,17,14,10.4,43,Good,7.0,UG/M3,1 Hr,Valid
Tashkent,PM2.5 - Principal,2023-07-17 03:00 PM,2023,07,17,15,8.7,36,Good,7.0,UG/M3,1 Hr,Valid
Tashkent,PM2.5 - Principal,2023-07-17 04:00 PM,2023,07,17,16,7.3,30,Good,6.0,UG/M3,1 Hr,Valid
Tashkent,PM2.5 - Principal,2023-07-17 05:00 PM,2023,07,17,17,6.1,25,Good,5.0,UG/M3,1 Hr,Valid
Tashkent,PM2.5 - Principal,2023-07-17 06:00 PM,2023,07,17,18,7.0,29,Good,8.0,UG/M3,1 Hr,Valid
Tashkent,PM2.5 - Principal,2023-07-17 07:00 PM,2023,07,17,19,14.0,55,Moderate,21.0,UG/M3,1 Hr,Valid
Tashkent,PM2.5 - Principal,2023-07-17 08:00 PM,2023,07,17,20,16.0,59,Moderate,18.0,UG/M3,1 Hr,Valid
Tashkent,PM2.5 - Principal,2023-07-17 09:00 PM,2023,07,17,21,25.0,78,Moderate,34.0,UG/M3,1 Hr,Valid
Tashkent,PM2.5 - Principal,2023-07-17 10:00 PM,2023,07,17,22,31.0,91,Moderate,37.0,UG/M3,1 Hr,Valid
Tashkent,PM2.5 - Principal,2023-07-17 11:00 PM,2023,07,17,23,34.5,98,Moderate,38.0,UG/M3,1 Hr,Valid
Tashkent,PM2.5 - Principal,2023-07-18 12:00 AM,2023,07,18,00,38.7,109,Unhealthy for Sensitive Groups,43.0,UG/M3,1 Hr,Valid
Tashkent,PM2.5 - Principal,2023-07-18 01:00 AM,2023,07,18,01,36.3,103,Unhealthy for Sensitive Groups,34.0,UG/M3,1 Hr,Valid
Tashkent,PM2.5 - Principal,2023-07-18 02:00 AM,2023,07,18,02,28.6,86,Moderate,21.0,UG/M3,1 Hr,Valid
Tashkent,PM2.5 - Principal,2023-07-18 03:00 AM,2023,07,18,03,25.3,79,Moderate,22.0,UG/M3,1 Hr,Valid
Tashkent,PM2.5 - Principal,2023-07-18 04:00 AM,2023,07,18,04,22.1,72,Moderate,19.0,UG/M3,1 Hr,Valid
Tashkent,PM2.5 - Principal,2023-07-18 05:00 AM,2023,07,18,05,19.0,66,Moderate,16.0,UG/M3,1 Hr,Valid
Tashkent,PM2.5 - Principal,2023-07-18 06:00 AM,2023,07,18,06,18.0,63,Moderate,17.0,UG/M3,1 Hr,Valid
Tashkent,PM2.5 - Principal,2023-07-18 07:00 AM,2023,07,18,07,16.0,59,Moderate,14.0,UG/M3,1 Hr,Valid
Tashkent,PM2.5 - Principal,2023-07-18 08:00 AM,2023,07,18,08,16.5,60,Moderate,17.0,UG/M3,1 Hr,Valid
Tashkent,PM2.5 - Principal,2023-07-18 09:00 AM,2023,07,18,09,16.2,60,Moderate,16.0,UG/M3,1 Hr,Valid
Tashkent,PM2.5 - Principal,2023-07-18 10:00 AM,2023,07,18,10,40.6,114,Unhealthy for Sensitive Groups,65.0,UG/M3,1 Hr,Valid
Tashkent,PM2.5 - Principal,2023-07-18 11:00 AM,2023,07,18,11,47.3,130,Unhealthy for Sensitive Groups,54.0,UG/M3,1 Hr,Valid
Tashkent,PM2.5 - Principal,2023-07-18 12:00 PM,2023,07,18,12,63.6,155,Unhealthy,80.0,UG/M3,1 Hr,Valid
Tashkent,PM2.5 - Principal,2023-07-18 01:00 PM,2023,07,18,13,54.8,149,Unhealthy for Sensitive Groups,46.0,UG/M3,1 Hr,Valid
Tashkent,PM2.5 - Principal,2023-07-18 02:00 PM,2023,07,18,14,35.9,102,Unhealthy for Sensitive Groups,17.0,UG/M3,1 Hr,Valid
Tashkent,PM2.5 - Principal,2023-07-18 03:00 PM,2023,07,18,15,26.4,81,Moderate,17.0,UG/M3,1 Hr,Valid
Tashkent,PM2.5 - Principal,2023-07-18 04:00 PM,2023,07,18,16,26.4,81,Moderate,-999.0,UG/M3,1 Hr,Missing
Tashkent,PM2.5 - Principal,2023-07-18 05:00 PM,2023,07,18,17,26.1,80,Moderate,26.0,UG/M3,1 Hr,Valid
Tashkent,PM2.5 - Principal,2023-07-18 06:00 PM,2023,07,18,18,20.3,68,Moderate,16.0,UG/M3,1 Hr,Valid
Tashkent,PM2.5 - Principal,2023-07-18 07:00 PM,2023,07,18,19,18.5,64,Moderate,17.0,UG/M3,1 Hr,Valid
Tashkent,PM2.5 - Principal,2023-07-18 08:00 PM,2023,07,18,20,25.5,79,Moderate,32.0,UG/M3,1 Hr,Valid
Tashkent,PM2.5 - Principal,2023-07-18 09:00 PM,2023,07,18,21,29.3,87,Moderate,33.0,UG/M3,1 Hr,Valid
Tashkent,PM2.5 - Principal,2023-07-18 10:00 PM,2023,07,18,22,28.6,86,Moderate,28.0,UG/M3,1 Hr,Valid
Tashkent,PM2.5 - Principal,2023-07-18 11:00 PM,2023,07,18,23,28.8,86,Moderate,29.0,UG/M3,1 Hr,Valid
Tashkent,PM2.5 - Principal,2023-07-19 12:00 AM,2023,07,19,00,22.8,74,Moderate,17.0,UG/M3,1 Hr,Valid
Tashkent,PM2.5 - Principal,2023-07-19 01:00 AM,2023,07,19,01,20.4,68,Moderate,18.0,UG/M3,1 Hr,Valid
Tashkent,PM2.5 - Principal,2023-07-19 02:00 AM,2023,07,19,02,20.2,68,Moderate,20.0,UG/M3,1 Hr,Valid
Tashkent,PM2.5 - Principal,2023-07-19 03:00 AM,2023,07,19,03,18.6,65,Moderate,17.0,UG/M3,1 Hr,Valid
Tashkent,PM2.5 - Principal,2023-07-19 04:00 AM,2023,07,19,04,17.8,63,Moderate,17.0,UG/M3,1 Hr,Valid
Tashkent,PM2.5 - Principal,2023-07-19 05:00 AM,2023,07,19,05,14.4,56,Moderate,11.0,UG/M3,1 Hr,Valid
Tashkent,PM2.5 - Principal,2023-07-19 06:00 AM,2023,07,19,06,16.2,60,Moderate,18.0,UG/M3,1 Hr,Valid
Tashkent,PM2.5 - Principal,2023-07-19 07:00 AM,2023,07,19,07,15.6,58,Moderate,15.0,UG/M3,1 Hr,Valid
Tashkent,PM2.5 - Principal,2023-07-19 08:00 AM,2023,07,19,08,16.2,60,Moderate,17.0,UG/M3,1 Hr,Valid
Tashkent,PM2.5 - Principal,2023-07-19 09:00 AM,2023,07,19,09,15.6,58,Moderate,15.0,UG/M3,1 Hr,Valid
Tashkent,PM2.5 - Principal,2023-07-19 10:00 AM,2023,07,19,10,16.3,60,Moderate,17.0,UG/M3,1 Hr,Valid
Tashkent,PM2.5 - Principal,2023-07-19 11:00 AM,2023,07,19,11,14.7,56,Moderate,13.0,UG/M3,1 Hr,Valid
Tashkent,PM2.5 - Principal,2023-07-19 12:00 PM,2023,07,19,12,11.8,49,Good,9.0,UG/M3,1 Hr,Valid
Tashkent,PM2.5 - Principal,2023-07-19 01:00 PM,2023,07,19,13,12.9,53,Moderate,14.0,UG/M3,1 Hr,Valid
Tashkent,PM2.5 - Principal,2023-07-19 02:00 PM,2023,07,19,14,11.9,50,Good,11.0,UG/M3,1 Hr,Valid
Tashkent,PM2.5 - Principal,2023-07-19 03:00 PM,2023,07,19,15,11.9,50,Good,12.0,UG/M3,1 Hr,Valid
Tashkent,PM2.5 - Principal,2023-07-19 04:00 PM,2023,07,19,16,10.9,45,Good,10.0,UG/M3,1 Hr,Valid
Tashkent,PM2.5 - Principal,2023-07-19 05:00 PM,2023,07,19,17,13.4,54,Moderate,16.0,UG/M3,1 Hr,Valid
Tashkent,PM2.5 - Principal,2023-07-19 06:00 PM,2023,07,19,18,12.2,51,Moderate,11.0,UG/M3,1 Hr,Valid
Tashkent,PM2.5 - Principal,2023-07-19 07:00 PM,2023,07,19,19,14.0,55,Moderate,16.0,UG/M3,1 Hr,Valid
Tashkent,PM2.5 - Principal,2023-07-19 08:00 PM,2023,07,19,20,37.5,106,Unhealthy for Sensitive Groups,61.0,UG/M3,1 Hr,Valid
Tashkent,PM2.5 - Principal,2023-07-19 09:00 PM,2023,07,19,21,37.7,106,Unhealthy for Sensitive Groups,38.0,UG/M3,1 Hr,Valid
Tashkent,PM2.5 - Principal,2023-07-19 10:00 PM,2023,07,19,22,26.8,82,Moderate,16.0,UG/M3,1 Hr,Valid
Tashkent,PM2.5 - Principal,2023-07-19 11:00 PM,2023,07,19,23,22.9,74,Moderate,19.0,UG/M3,1 Hr,Valid
Tashkent,PM2.5 - Principal,2023-07-20 12:00 AM,2023,07,20,00,17.4,62,Moderate,12.0,UG/M3,1 Hr,Valid
Tashkent,PM2.5 - Principal,2023-07-20 01:00 AM,2023,07,20,01,13.7,54,Moderate,10.0,UG/M3,1 Hr,Valid
Tashkent,PM2.5 - Principal,2023-07-20 02:00 AM,2023,07,20,02,10.8,45,Good,8.0,UG/M3,1 Hr,Valid
Tashkent,PM2.5 - Principal,2023-07-20 03:00 AM,2023,07,20,03,9.4,39,Good,8.0,UG/M3,1 Hr,Valid
Tashkent,PM2.5 - Principal,2023-07-20 04:00 AM,2023,07,20,04,8.7,36,Good,8.0,UG/M3,1 Hr,Valid
Tashkent,PM2.5 - Principal,2023-07-20 05:00 AM,2023,07,20,05,7.8,33,Good,7.0,UG/M3,1 Hr,Valid
Tashkent,PM2.5 - Principal,2023-07-20 06:00 AM,2023,07,20,06,7.9,33,Good,8.0,UG/M3,1 Hr,Valid
Tashkent,PM2.5 - Principal,2023-07-20 07:00 AM,2023,07,20,07,7.9,33,Good,8.0,UG/M3,1 Hr,Valid
Tashkent,PM2.5 - Principal,2023-07-20 08:00 AM,2023,07,20,08,15.4,58,Moderate,23.0,UG/M3,1 Hr,Valid
Tashkent,PM2.5 - Principal,2023-07-20 09:00 AM,2023,07,20,09,38.2,108,Unhealthy for Sensitive Groups,61.0,UG/M3,1 Hr,Valid
Tashkent,PM2.5 - Principal,2023-07-20 10:00 AM,2023,07,20,10,40.1,112,Unhealthy for Sensitive Groups,42.0,UG/M3,1 Hr,Valid
Tashkent,PM2.5 - Principal,2023-07-20 11:00 AM,2023,07,20,11,35.5,101,Unhealthy for Sensitive Groups,31.0,UG/M3,1 Hr,Valid
Tashkent,PM2.5 - Principal,2023-07-20 12:00 PM,2023,07,20,12,26.7,82,Moderate,18.0,UG/M3,1 Hr,Valid
Tashkent,PM2.5 - Principal,2023-07-20 01:00 PM,2023,07,20,13,20.3,68,Moderate,14.0,UG/M3,1 Hr,Valid
Tashkent,PM2.5 - Principal,2023-07-20 02:00 PM,2023,07,20,14,16.1,59,Moderate,12.0,UG/M3,1 Hr,Valid
Tashkent,PM2.5 - Principal,2023-07-20 03:00 PM,2023,07,20,15,13.5,54,Moderate,11.0,UG/M3,1 Hr,Valid
Tashkent,PM2.5 - Principal,2023-07-20 04:00 PM,2023,07,20,16,11.7,49,Good,10.0,UG/M3,1 Hr,Valid
Tashkent,PM2.5 - Principal,2023-07-20 05:00 PM,2023,07,20,17,14.4,56,Moderate,17.0,UG/M3,1 Hr,Valid
Tashkent,PM2.5 - Principal,2023-07-20 06:00 PM,2023,07,20,18,20.7,69,Moderate,27.0,UG/M3,1 Hr,Valid
Tashkent,PM2.5 - Principal,2023-07-20 07:00 PM,2023,07,20,19,24.8,78,Moderate,29.0,UG/M3,1 Hr,Valid
Tashkent,PM2.5 - Principal,2023-07-20 08:00 PM,2023,07,20,20,25.9,80,Moderate,27.0,UG/M3,1 Hr,Valid
Tashkent,PM2.5 - Principal,2023-07-20 09:00 PM,2023,07,20,21,21.9,72,Moderate,18.0,UG/M3,1 Hr,Valid
Tashkent,PM2.5 - Principal,2023-07-20 10:00 PM,2023,07,20,22,20.9,70,Moderate,20.0,UG/M3,1 Hr,Valid
Tashkent,PM2.5 - Principal,2023-07-20 11:00 PM,2023,07,20,23,23.4,75,Moderate,26.0,UG/M3,1 Hr,Valid
Tashkent,PM2.5 - Principal,2023-07-21 12:00 AM,2023,07,21,00,25.2,79,Moderate,27.0,UG/M3,1 Hr,Valid
Tashkent,PM2.5 - Principal,2023-07-21 01:00 AM,2023,07,21,01,21.6,71,Moderate,18.0,UG/M3,1 Hr,Valid
Tashkent,PM2.5 - Principal,2023-07-21 02:00 AM,2023,07,21,02,14.8,57,Moderate,8.0,UG/M3,1 Hr,Valid
Tashkent,PM2.5 - Principal,2023-07-21 03:00 AM,2023,07,21,03,13.4,54,Moderate,12.0,UG/M3,1 Hr,Valid
Tashkent,PM2.5 - Principal,2023-07-21 04:00 AM,2023,07,21,04,13.2,53,Moderate,13.0,UG/M3,1 Hr,Valid
Tashkent,PM2.5 - Principal,2023-07-21 05:00 AM,2023,07,21,05,14.6,56,Moderate,16.0,UG/M3,1 Hr,Valid
Tashkent,PM2.5 - Principal,2023-07-21 06:00 AM,2023,07,21,06,19.3,66,Moderate,24.0,UG/M3,1 Hr,Valid
Tashkent,PM2.5 - Principal,2023-07-21 07:00 AM,2023,07,21,07,26.6,81,Moderate,34.0,UG/M3,1 Hr,Valid
Tashkent,PM2.5 - Principal,2023-07-21 08:00 AM,2023,07,21,08,40.8,114,Unhealthy for Sensitive Groups,55.0,UG/M3,1 Hr,Valid
Tashkent,PM2.5 - Principal,2023-07-21 09:00 AM,2023,07,21,09,37.4,106,Unhealthy for Sensitive Groups,34.0,UG/M3,1 Hr,Valid
Tashkent,PM2.5 - Principal,2023-07-21 10:00 AM,2023,07,21,10,36.7,104,Unhealthy for Sensitive Groups,36.0,UG/M3,1 Hr,Valid
Tashkent,PM2.5 - Principal,2023-07-21 11:00 AM,2023,07,21,11,28.8,86,Moderate,21.0,UG/M3,1 Hr,Valid
Tashkent,PM2.5 - Principal,2023-07-21 12:00 PM,2023,07,21,12,24.4,77,Moderate,20.0,UG/M3,1 Hr,Valid
Tashkent,PM2.5 - Principal,2023-07-21 01:00 PM,2023,07,21,13,20.2,68,Moderate,16.0,UG/M3,1 Hr,Valid
Tashkent,PM2.5 - Principal,2023-07-21 02:00 PM,2023,07,21,14,21.1,70,Moderate,22.0,UG/M3,1 Hr,Valid
Tashkent,PM2.5 - Principal,2023-07-21 03:00 PM,2023,07,21,15,17.5,62,Moderate,14.0,UG/M3,1 Hr,Valid
Tashkent,PM2.5 - Principal,2023-07-21 04:00 PM,2023,07,21,16,13.7,54,Moderate,10.0,UG/M3,1 Hr,Valid
Tashkent,PM2.5 - Principal,2023-07-21 05:00 PM,2023,07,21,17,11.8,49,Good,10.0,UG/M3,1 Hr,Valid
Tashkent,PM2.5 - Principal,2023-07-21 06:00 PM,2023,07,21,18,12.9,53,Moderate,14.0,UG/M3,1 Hr,Valid
Tashkent,PM2.5 - Principal,2023-07-21 07:00 PM,2023,07,21,19,18.4,64,Moderate,24.0,UG/M3,1 Hr,Valid
Tashkent,PM2.5 - Principal,2023-07-21 08:00 PM,2023,07,21,20,22.7,73,Moderate,27.0,UG/M3,1 Hr,Valid
Tashkent,PM2.5 - Principal,2023-07-21 09:00 PM,2023,07,21,21,28.3,85,Moderate,34.0,UG/M3,1 Hr,Valid
Tashkent,PM2.5 - Principal,2023-07-21 10:00 PM,2023,07,21,22,28.1,85,Moderate,28.0,UG/M3,1 Hr,Valid
Tashkent,PM2.5 - Principal,2023-07-21 11:00 PM,2023,07,21,23,26.5,81,Moderate,25.0,UG/M3,1 Hr,Valid
Tashkent,PM2.5 - Principal,2023-07-22 12:00 AM,2023,07,22,00,34.7,99,Moderate,43.0,UG/M3,1 Hr,Valid
Tashkent,PM2.5 - Principal,2023-07-22 01:00 AM,2023,07,22,01,34.9,99,Moderate,35.0,UG/M3,1 Hr,Valid
Tashkent,PM2.5 - Principal,2023-07-22 02:00 AM,2023,07,22,02,32.4,94,Moderate,30.0,UG/M3,1 Hr,Valid
Tashkent,PM2.5 - Principal,2023-07-22 03:00 AM,2023,07,22,03,26.2,81,Moderate,20.0,UG/M3,1 Hr,Valid
Tashkent,PM2.5 - Principal,2023-07-22 04:00 AM,2023,07,22,04,26.1,80,Moderate,26.0,UG/M3,1 Hr,Valid
Tashkent,PM2.5 - Principal,2023-07-22 05:00 AM,2023,07,22,05,24.5,77,Moderate,23.0,UG/M3,1 Hr,Valid
Tashkent,PM2.5 - Principal,2023-07-22 06:00 AM,2023,07,22,06,21.2,70,Moderate,18.0,UG/M3,1 Hr,Valid
Tashkent,PM2.5 - Principal,2023-07-22 07:00 AM,2023,07,22,07,22.6,73,Moderate,24.0,UG/M3,1 Hr,Valid
Tashkent,PM2.5 - Principal,2023-07-22 08:00 AM,2023,07,22,08,21.8,71,Moderate,21.0,UG/M3,1 Hr,Valid
Tashkent,PM2.5 - Principal,2023-07-22 09:00 AM,2023,07,22,09,19.9,67,Moderate,18.0,UG/M3,1 Hr,Valid
Tashkent,PM2.5 - Principal,2023-07-22 10:00 AM,2023,07,22,10,22.9,74,Moderate,26.0,UG/M3,1 Hr,Valid
Tashkent,PM2.5 - Principal,2023-07-22 11:00 AM,2023,07,22,11,25.9,80,Moderate,29.0,UG/M3,1 Hr,Valid
Tashkent,PM2.5 - Principal,2023-07-22 12:00 PM,2023,07,22,12,26.4,81,Moderate,27.0,UG/M3,1 Hr,Valid
Tashkent,PM2.5 - Principal,2023-07-22 01:00 PM,2023,07,22,13,24.7,77,Moderate,23.0,UG/M3,1 Hr,Valid
Tashkent,PM2.5 - Principal,2023-07-22 02:00 PM,2023,07,22,14,27.9,84,Moderate,32.0,UG/M3,1 Hr,Valid
Tashkent,PM2.5 - Principal,2023-07-22 03:00 PM,2023,07,22,15,25.7,80,Moderate,23.0,UG/M3,1 Hr,Valid
Tashkent,PM2.5 - Principal,2023-07-22 04:00 PM,2023,07,22,16,24.5,77,Moderate,23.0,UG/M3,1 Hr,Valid
Tashkent,PM2.5 - Principal,2023-07-22 05:00 PM,2023,07,22,17,24.3,77,Moderate,24.0,UG/M3,1 Hr,Valid
Tashkent,PM2.5 - Principal,2023-07-22 06:00 PM,2023,07,22,18,22.8,74,Moderate,21.0,UG/M3,1 Hr,Valid
Tashkent,PM2.5 - Principal,2023-07-22 07:00 PM,2023,07,22,19,24.2,76,Moderate,26.0,UG/M3,1 Hr,Valid
Tashkent,PM2.5 - Principal,2023-07-22 08:00 PM,2023,07,22,20,28.2,85,Moderate,33.0,UG/M3,1 Hr,Valid
Tashkent,PM2.5 - Principal,2023-07-22 09:00 PM,2023,07,22,21,31.2,91,Moderate,36.0,UG/M3,1 Hr,Valid
Tashkent,PM2.5 - Principal,2023-07-22 10:00 PM,2023,07,22,22,39.1,110,Unhealthy for Sensitive Groups,46.0,UG/M3,1 Hr,Valid
Tashkent,PM2.5 - Principal,2023-07-22 11:00 PM,2023,07,22,23,32.0,93,Moderate,25.0,UG/M3,1 Hr,Valid
Tashkent,PM2.5 - Principal,2023-07-23 12:00 AM,2023,07,23,00,25.0,78,Moderate,18.0,UG/M3,1 Hr,Valid
Tashkent,PM2.5 - Principal,2023-07-23 01:00 AM,2023,07,23,01,22.0,72,Moderate,19.0,UG/M3,1 Hr,Valid
Tashkent,PM2.5 - Principal,2023-07-23 02:00 AM,2023,07,23,02,30.5,90,Moderate,39.0,UG/M3,1 Hr,Valid
Tashkent,PM2.5 - Principal,2023-07-23 03:00 AM,2023,07,23,03,37.2,105,Unhealthy for Sensitive Groups,44.0,UG/M3,1 Hr,Valid
Tashkent,PM2.5 - Principal,2023-07-23 04:00 AM,2023,07,23,04,33.1,95,Moderate,29.0,UG/M3,1 Hr,Valid
Tashkent,PM2.5 - Principal,2023-07-23 05:00 AM,2023,07,23,05,33.5,96,Moderate,34.0,UG/M3,1 Hr,Valid
Tashkent,PM2.5 - Principal,2023-07-23 06:00 AM,2023,07,23,06,32.7,94,Moderate,32.0,UG/M3,1 Hr,Valid
Tashkent,PM2.5 - Principal,2023-07-23 07:00 AM,2023,07,23,07,37.3,105,Unhealthy for Sensitive Groups,42.0,UG/M3,1 Hr,Valid
Tashkent,PM2.5 - Principal,2023-07-23 08:00 AM,2023,07,23,08,38.1,107,Unhealthy for Sensitive Groups,39.0,UG/M3,1 Hr,Valid
Tashkent,PM2.5 - Principal,2023-07-23 09:00 AM,2023,07,23,09,33.0,95,Moderate,28.0,UG/M3,1 Hr,Valid
Tashkent,PM2.5 - Principal,2023-07-23 10:00 AM,2023,07,23,10,28.0,84,Moderate,23.0,UG/M3,1 Hr,Valid
Tashkent,PM2.5 - Principal,2023-07-23 11:00 AM,2023,07,23,11,23.0,74,Moderate,18.0,UG/M3,1 Hr,Valid
Tashkent,PM2.5 - Principal,2023-07-23 12:00 PM,2023,07,23,12,20.5,69,Moderate,18.0,UG/M3,1 Hr,Valid
Tashkent,PM2.5 - Principal,2023-07-23 01:00 PM,2023,07,23,13,20.5,69,Moderate,-999.0,UG/M3,1 Hr,Missing
Tashkent,PM2.5 - Principal,2023-07-23 02:00 PM,2023,07,23,14,35.5,101,Unhealthy for Sensitive Groups,43.0,UG/M3,1 Hr,Valid
Tashkent,PM2.5 - Principal,2023-07-23 03:00 PM,2023,07,23,15,41.5,116,Unhealthy for Sensitive Groups,46.0,UG/M3,1 Hr,Valid
Tashkent,PM2.5 - Principal,2023-07-23 04:00 PM,2023,07,23,16,40.7,114,Unhealthy for Sensitive Groups,40.0,UG/M3,1 Hr,Valid
Tashkent,PM2.5 - Principal,2023-07-23 05:00 PM,2023,07,23,17,35.1,99,Moderate,30.0,UG/M3,1 Hr,Valid
Tashkent,PM2.5 - Principal,2023-07-23 06:00 PM,2023,07,23,18,34.5,98,Moderate,34.0,UG/M3,1 Hr,Valid
Tashkent,PM2.5 - Principal,2023-07-23 07:00 PM,2023,07,23,19,35.7,101,Unhealthy for Sensitive Groups,37.0,UG/M3,1 Hr,Valid
Tashkent,PM2.5 - Principal,2023-07-23 08:00 PM,2023,07,23,20,30.8,90,Moderate,26.0,UG/M3,1 Hr,Valid
Tashkent,PM2.5 - Principal,2023-07-23 09:00 PM,2023,07,23,21,28.9,86,Moderate,27.0,UG/M3,1 Hr,Valid
Tashkent,PM2.5 - Principal,2023-07-23 10:00 PM,2023,07,23,22,30.4,89,Moderate,32.0,UG/M3,1 Hr,Valid
Tashkent,PM2.5 - Principal,2023-07-23 11:00 PM,2023,07,23,23,36.7,104,Unhealthy for Sensitive Groups,43.0,UG/M3,1 Hr,Valid
Tashkent,PM2.5 - Principal,2023-07-24 12:00 AM,2023,07,24,00,39.9,112,Unhealthy for Sensitive Groups,45.0,UG/M3,1 Hr,Valid
Tashkent,PM2.5 - Principal,2023-07-24 01:00 AM,2023,07,24,01,38.6,109,Unhealthy for Sensitive Groups,37.0,UG/M3,1 Hr,Valid
Tashkent,PM2.5 - Principal,2023-07-24 02:00 AM,2023,07,24,02,34.8,99,Moderate,30.0,UG/M3,1 Hr,Valid
Tashkent,PM2.5 - Principal,2023-07-24 03:00 AM,2023,07,24,03,31.1,91,Moderate,26.0,UG/M3,1 Hr,Valid
Tashkent,PM2.5 - Principal,2023-07-24 04:00 AM,2023,07,24,04,29.8,88,Moderate,28.0,UG/M3,1 Hr,Valid
Tashkent,PM2.5 - Principal,2023-07-24 05:00 AM,2023,07,24,05,27.5,83,Moderate,25.0,UG/M3,1 Hr,Valid
Tashkent,PM2.5 - Principal,2023-07-24 06:00 AM,2023,07,24,06,26.8,82,Moderate,26.0,UG/M3,1 Hr,Valid
Tashkent,PM2.5 - Principal,2023-07-24 07:00 AM,2023,07,24,07,25.4,79,Moderate,24.0,UG/M3,1 Hr,Valid
Tashkent,PM2.5 - Principal,2023-07-24 08:00 AM,2023,07,24,08,31.7,92,Moderate,39.0,UG/M3,1 Hr,Valid
Tashkent,PM2.5 - Principal,2023-07-24 09:00 AM,2023,07,24,09,33.2,95,Moderate,35.0,UG/M3,1 Hr,Valid
Tashkent,PM2.5 - Principal,2023-07-24 10:00 AM,2023,07,24,10,29.4,87,Moderate,25.0,UG/M3,1 Hr,Valid
Tashkent,PM2.5 - Principal,2023-07-24 11:00 AM,2023,07,24,11,21.6,71,Moderate,14.0,UG/M3,1 Hr,Valid
Tashkent,PM2.5 - Principal,2023-07-24 12:00 PM,2023,07,24,12,19.8,67,Moderate,18.0,UG/M3,1 Hr,Valid
Tashkent,PM2.5 - Principal,2023-07-24 01:00 PM,2023,07,24,13,15.9,59,Moderate,12.0,UG/M3,1 Hr,Valid
Tashkent,PM2.5 - Principal,2023-07-24 02:00 PM,2023,07,24,14,19.9,67,Moderate,24.0,UG/M3,1 Hr,Valid
Tashkent,PM2.5 - Principal,2023-07-24 03:00 PM,2023,07,24,15,19.9,67,Moderate,20.0,UG/M3,1 Hr,Valid
Tashkent,PM2.5 - Principal,2023-07-24 04:00 PM,2023,07,24,16,19.4,66,Moderate,19.0,UG/M3,1 Hr,Valid
Tashkent,PM2.5 - Principal,2023-07-24 05:00 PM,2023,07,24,17,22.2,72,Moderate,25.0,UG/M3,1 Hr,Valid
Tashkent,PM2.5 - Principal,2023-07-24 06:00 PM,2023,07,24,18,30.1,89,Moderate,38.0,UG/M3,1 Hr,Valid
Tashkent,PM2.5 - Principal,2023-07-24 07:00 PM,2023,07,24,19,29.5,88,Moderate,29.0,UG/M3,1 Hr,Valid
Tashkent,PM2.5 - Principal,2023-07-24 08:00 PM,2023,07,24,20,27.7,84,Moderate,26.0,UG/M3,1 Hr,Valid
Tashkent,PM2.5 - Principal,2023-07-24 09:00 PM,2023,07,24,21,27.3,83,Moderate,27.0,UG/M3,1 Hr,Valid
Tashkent,PM2.5 - Principal,2023-07-24 10:00 PM,2023,07,24,22,28.1,85,Moderate,29.0,UG/M3,1 Hr,Valid
Tashkent,PM2.5 - Principal,2023-07-24 11:00 PM,2023,07,24,23,28.5,85,Moderate,29.0,UG/M3,1 Hr,Valid
Tashkent,PM2.5 - Principal,2023-07-25 12:00 AM,2023,07,25,00,26.8,82,Moderate,25.0,UG/M3,1 Hr,Valid
Tashkent,PM2.5 - Principal,2023-07-25 01:00 AM,2023,07,25,01,21.9,72,Moderate,17.0,UG/M3,1 Hr,Valid
Tashkent,PM2.5 - Principal,2023-07-25 02:00 AM,2023,07,25,02,16.9,61,Moderate,12.0,UG/M3,1 Hr,Valid
Tashkent,PM2.5 - Principal,2023-07-25 03:00 AM,2023,07,25,03,14.9,57,Moderate,13.0,UG/M3,1 Hr,Valid
Tashkent,PM2.5 - Principal,2023-07-25 04:00 AM,2023,07,25,04,15.9,59,Moderate,17.0,UG/M3,1 Hr,Valid
Tashkent,PM2.5 - Principal,2023-07-25 05:00 AM,2023,07,25,05,13.4,54,Moderate,11.0,UG/M3,1 Hr,Valid
Tashkent,PM2.5 - Principal,2023-07-25 06:00 AM,2023,07,25,06,15.2,58,Moderate,17.0,UG/M3,1 Hr,Valid
Tashkent,PM2.5 - Principal,2023-07-25 07:00 AM,2023,07,25,07,14.6,56,Moderate,14.0,UG/M3,1 Hr,Valid
Tashkent,PM2.5 - Principal,2023-07-25 08:00 AM,2023,07,25,08,20.3,68,Moderate,26.0,UG/M3,1 Hr,Valid
Tashkent,PM2.5 - Principal,2023-07-25 09:00 AM,2023,07,25,09,24.6,77,Moderate,29.0,UG/M3,1 Hr,Valid
Tashkent,PM2.5 - Principal,2023-07-25 10:00 AM,2023,07,25,10,20.8,69,Moderate,17.0,UG/M3,1 Hr,Valid
Tashkent,PM2.5 - Principal,2023-07-25 11:00 AM,2023,07,25,11,17.4,62,Moderate,14.0,UG/M3,1 Hr,Valid
Tashkent,PM2.5 - Principal,2023-07-25 12:00 PM,2023,07,25,12,17.7,63,Moderate,18.0,UG/M3,1 Hr,Valid
Tashkent,PM2.5 - Principal,2023-07-25 01:00 PM,2023,07,25,13,20.8,69,Moderate,24.0,UG/M3,1 Hr,Valid
Tashkent,PM2.5 - Principal,2023-07-25 02:00 PM,2023,07,25,14,23.4,75,Moderate,26.0,UG/M3,1 Hr,Valid
Tashkent,PM2.5 - Principal,2023-07-25 03:00 PM,2023,07,25,15,19.2,66,Moderate,15.0,UG/M3,1 Hr,Valid
Tashkent,PM2.5 - Principal,2023-07-25 04:00 PM,2023,07,25,16,16.6,60,Moderate,14.0,UG/M3,1 Hr,Valid
Tashkent,PM2.5 - Principal,2023-07-25 05:00 PM,2023,07,25,17,16.8,61,Moderate,17.0,UG/M3,1 Hr,Valid
Tashkent,PM2.5 - Principal,2023-07-25 06:00 PM,2023,07,25,18,16.4,60,Moderate,16.0,UG/M3,1 Hr,Valid
Tashkent,PM2.5 - Principal,2023-07-25 07:00 PM,2023,07,25,19,18.2,64,Moderate,20.0,UG/M3,1 Hr,Valid
Tashkent,PM2.5 - Principal,2023-07-25 08:00 PM,2023,07,25,20,30.6,90,Moderate,43.0,UG/M3,1 Hr,Valid
Tashkent,PM2.5 - Principal,2023-07-25 09:00 PM,2023,07,25,21,39.8,112,Unhealthy for Sensitive Groups,49.0,UG/M3,1 Hr,Valid
Tashkent,PM2.5 - Principal,2023-07-25 10:00 PM,2023,07,25,22,39.4,111,Unhealthy for Sensitive Groups,39.0,UG/M3,1 Hr,Valid
Tashkent,PM2.5 - Principal,2023-07-25 11:00 PM,2023,07,25,23,35.7,101,Unhealthy for Sensitive Groups,32.0,UG/M3,1 Hr,Valid
Tashkent,PM2.5 - Principal,2023-07-26 12:00 AM,2023,07,26,00,40.3,113,Unhealthy for Sensitive Groups,45.0,UG/M3,1 Hr,Valid
Tashkent,PM2.5 - Principal,2023-07-26 01:00 AM,2023,07,26,01,39.6,111,Unhealthy for Sensitive Groups,39.0,UG/M3,1 Hr,Valid
Tashkent,PM2.5 - Principal,2023-07-26 02:00 AM,2023,07,26,02,37.8,107,Unhealthy for Sensitive Groups,36.0,UG/M3,1 Hr,Valid
Tashkent,PM2.5 - Principal,2023-07-26 03:00 AM,2023,07,26,03,35.4,100,Moderate,33.0,UG/M3,1 Hr,Valid
Tashkent,PM2.5 - Principal,2023-07-26 04:00 AM,2023,07,26,04,30.2,89,Moderate,25.0,UG/M3,1 Hr,Valid
Tashkent,PM2.5 - Principal,2023-07-26 05:00 AM,2023,07,26,05,28.6,86,Moderate,27.0,UG/M3,1 Hr,Valid
Tashkent,PM2.5 - Principal,2023-07-26 06:00 AM,2023,07,26,06,23.8,76,Moderate,19.0,UG/M3,1 Hr,Valid
Tashkent,PM2.5 - Principal,2023-07-26 07:00 AM,2023,07,26,07,25.9,80,Moderate,28.0,UG/M3,1 Hr,Valid
Tashkent,PM2.5 - Principal,2023-07-26 08:00 AM,2023,07,26,08,34.4,98,Moderate,43.0,UG/M3,1 Hr,Valid
Tashkent,PM2.5 - Principal,2023-07-26 09:00 AM,2023,07,26,09,37.2,105,Unhealthy for Sensitive Groups,40.0,UG/M3,1 Hr,Valid
Tashkent,PM2.5 - Principal,2023-07-26 10:00 AM,2023,07,26,10,33.6,96,Moderate,30.0,UG/M3,1 Hr,Valid
Tashkent,PM2.5 - Principal,2023-07-26 11:00 AM,2023,07,26,11,28.3,85,Moderate,23.0,UG/M3,1 Hr,Valid
Tashkent,PM2.5 - Principal,2023-07-26 12:00 PM,2023,07,26,12,24.1,76,Moderate,20.0,UG/M3,1 Hr,Valid
Tashkent,PM2.5 - Principal,2023-07-26 01:00 PM,2023,07,26,13,20.5,69,Moderate,17.0,UG/M3,1 Hr,Valid
Tashkent,PM2.5 - Principal,2023-07-26 02:00 PM,2023,07,26,14,17.7,63,Moderate,15.0,UG/M3,1 Hr,Valid
Tashkent,PM2.5 - Principal,2023-07-26 03:00 PM,2023,07,26,15,17.3,62,Moderate,17.0,UG/M3,1 Hr,Valid
Tashkent,PM2.5 - Principal,2023-07-26 04:00 PM,2023,07,26,16,15.1,57,Moderate,13.0,UG/M3,1 Hr,Valid
Tashkent,PM2.5 - Principal,2023-07-26 05:00 PM,2023,07,26,17,15.0,57,Moderate,15.0,UG/M3,1 Hr,Valid
Tashkent,PM2.5 - Principal,2023-07-26 06:00 PM,2023,07,26,18,21.5,71,Moderate,28.0,UG/M3,1 Hr,Valid
Tashkent,PM2.5 - Principal,2023-07-26 07:00 PM,2023,07,26,19,30.7,90,Moderate,40.0,UG/M3,1 Hr,Valid
Tashkent,PM2.5 - Principal,2023-07-26 08:00 PM,2023,07,26,20,30.3,89,Moderate,30.0,UG/M3,1 Hr,Valid
Tashkent,PM2.5 - Principal,2023-07-26 09:00 PM,2023,07,26,21,33.6,96,Moderate,37.0,UG/M3,1 Hr,Valid
Tashkent,PM2.5 - Principal,2023-07-26 10:00 PM,2023,07,26,22,38.8,109,Unhealthy for Sensitive Groups,44.0,UG/M3,1 Hr,Valid
Tashkent,PM2.5 - Principal,2023-07-26 11:00 PM,2023,07,26,23,35.9,102,Unhealthy for Sensitive Groups,33.0,UG/M3,1 Hr,Valid
Tashkent,PM2.5 - Principal,2023-07-27 12:00 AM,2023,07,27,00,32.9,95,Moderate,30.0,UG/M3,1 Hr,Valid
Tashkent,PM2.5 - Principal,2023-07-27 01:00 AM,2023,07,27,01,31.4,92,Moderate,30.0,UG/M3,1 Hr,Valid
Tashkent,PM2.5 - Principal,2023-07-27 02:00 AM,2023,07,27,02,29.7,88,Moderate,28.0,UG/M3,1 Hr,Valid
Tashkent,PM2.5 - Principal,2023-07-27 03:00 AM,2023,07,27,03,29.8,88,Moderate,30.0,UG/M3,1 Hr,Valid
Tashkent,PM2.5 - Principal,2023-07-27 04:00 AM,2023,07,27,04,25.9,80,Moderate,22.0,UG/M3,1 Hr,Valid
Tashkent,PM2.5 - Principal,2023-07-27 05:00 AM,2023,07,27,05,23.9,76,Moderate,22.0,UG/M3,1 Hr,Valid
Tashkent,PM2.5 - Principal,2023-07-27 06:00 AM,2023,07,27,06,21.4,71,Moderate,19.0,UG/M3,1 Hr,Valid
Tashkent,PM2.5 - Principal,2023-07-27 07:00 AM,2023,07,27,07,22.2,72,Moderate,23.0,UG/M3,1 Hr,Valid
Tashkent,PM2.5 - Principal,2023-07-27 08:00 AM,2023,07,27,08,26.6,81,Moderate,31.0,UG/M3,1 Hr,Valid
Tashkent,PM2.5 - Principal,2023-07-27 09:00 AM,2023,07,27,09,31.3,91,Moderate,36.0,UG/M3,1 Hr,Valid
Tashkent,PM2.5 - Principal,2023-07-27 10:00 AM,2023,07,27,10,31.9,93,Moderate,33.0,UG/M3,1 Hr,Valid
Tashkent,PM2.5 - Principal,2023-07-27 11:00 AM,2023,07,27,11,33.8,97,Moderate,36.0,UG/M3,1 Hr,Valid
Tashkent,PM2.5 - Principal,2023-07-27 12:00 PM,2023,07,27,12,28.2,85,Moderate,22.0,UG/M3,1 Hr,Valid
Tashkent,PM2.5 - Principal,2023-07-27 01:00 PM,2023,07,27,13,25.2,79,Moderate,22.0,UG/M3,1 Hr,Valid
Tashkent,PM2.5 - Principal,2023-07-27 02:00 PM,2023,07,27,14,25.6,79,Moderate,26.0,UG/M3,1 Hr,Valid
Tashkent,PM2.5 - Principal,2023-07-27 03:00 PM,2023,07,27,15,28.1,85,Moderate,31.0,UG/M3,1 Hr,Valid
Tashkent,PM2.5 - Principal,2023-07-27 04:00 PM,2023,07,27,16,34.6,98,Moderate,41.0,UG/M3,1 Hr,Valid
Tashkent,PM2.5 - Principal,2023-07-27 05:00 PM,2023,07,27,17,48.8,134,Unhealthy for Sensitive Groups,63.0,UG/M3,1 Hr,Valid
Tashkent,PM2.5 - Principal,2023-07-27 06:00 PM,2023,07,27,18,43.4,120,Unhealthy for Sensitive Groups,38.0,UG/M3,1 Hr,Valid
Tashkent,PM2.5 - Principal,2023-07-27 07:00 PM,2023,07,27,19,38.2,108,Unhealthy for Sensitive Groups,33.0,UG/M3,1 Hr,Valid
Tashkent,PM2.5 - Principal,2023-07-27 08:00 PM,2023,07,27,20,40.6,114,Unhealthy for Sensitive Groups,43.0,UG/M3,1 Hr,Valid
Tashkent,PM2.5 - Principal,2023-07-27 09:00 PM,2023,07,27,21,32.8,95,Moderate,25.0,UG/M3,1 Hr,Valid
Tashkent,PM2.5 - Principal,2023-07-27 10:00 PM,2023,07,27,22,23.3,75,Moderate,14.0,UG/M3,1 Hr,Valid
Tashkent,PM2.5 - Principal,2023-07-27 11:00 PM,2023,07,27,23,19.6,67,Moderate,16.0,UG/M3,1 Hr,Valid
Tashkent,PM2.5 - Principal,2023-07-28 12:00 AM,2023,07,28,00,18.8,65,Moderate,18.0,UG/M3,1 Hr,Valid
Tashkent,PM2.5 - Principal,2023-07-28 01:00 AM,2023,07,28,01,16.9,61,Moderate,15.0,UG/M3,1 Hr,Valid
Tashkent,PM2.5 - Principal,2023-07-28 02:00 AM,2023,07,28,02,14.9,57,Moderate,13.0,UG/M3,1 Hr,Valid
Tashkent,PM2.5 - Principal,2023-07-28 03:00 AM,2023,07,28,03,15.4,58,Moderate,16.0,UG/M3,1 Hr,Valid
Tashkent,PM2.5 - Principal,2023-07-28 04:00 AM,2023,07,28,04,12.7,52,Moderate,10.0,UG/M3,1 Hr,Valid
Tashkent,PM2.5 - Principal,2023-07-28 05:00 AM,2023,07,28,05,13.3,54,Moderate,14.0,UG/M3,1 Hr,Valid
Tashkent,PM2.5 - Principal,2023-07-28 06:00 AM,2023,07,28,06,11.1,46,Good,9.0,UG/M3,1 Hr,Valid
Tashkent,PM2.5 - Principal,2023-07-28 07:00 AM,2023,07,28,07,10.5,44,Good,10.0,UG/M3,1 Hr,Valid
Tashkent,PM2.5 - Principal,2023-07-28 08:00 AM,2023,07,28,08,15.2,58,Moderate,20.0,UG/M3,1 Hr,Valid
Tashkent,PM2.5 - Principal,2023-07-28 09:00 AM,2023,07,28,09,30.1,89,Moderate,45.0,UG/M3,1 Hr,Valid
Tashkent,PM2.5 - Principal,2023-07-28 10:00 AM,2023,07,28,10,33.5,96,Moderate,37.0,UG/M3,1 Hr,Valid
Tashkent,PM2.5 - Principal,2023-07-28 11:00 AM,2023,07,28,11,30.2,89,Moderate,27.0,UG/M3,1 Hr,Valid
Tashkent,PM2.5 - Principal,2023-07-28 12:00 PM,2023,07,28,12,25.1,78,Moderate,20.0,UG/M3,1 Hr,Valid
Tashkent,PM2.5 - Principal,2023-07-28 01:00 PM,2023,07,28,13,24.5,77,Moderate,24.0,UG/M3,1 Hr,Valid
Tashkent,PM2.5 - Principal,2023-07-28 02:00 PM,2023,07,28,14,24.2,76,Moderate,24.0,UG/M3,1 Hr,Valid
Tashkent,PM2.5 - Principal,2023-07-28 03:00 PM,2023,07,28,15,24.6,77,Moderate,25.0,UG/M3,1 Hr,Valid
Tashkent,PM2.5 - Principal,2023-07-28 04:00 PM,2023,07,28,16,23.8,76,Moderate,23.0,UG/M3,1 Hr,Valid
Tashkent,PM2.5 - Principal,2023-07-28 05:00 PM,2023,07,28,17,21.4,71,Moderate,19.0,UG/M3,1 Hr,Valid
Tashkent,PM2.5 - Principal,2023-07-28 06:00 PM,2023,07,28,18,19.7,67,Moderate,18.0,UG/M3,1 Hr,Valid
Tashkent,PM2.5 - Principal,2023-07-28 07:00 PM,2023,07,28,19,16.8,61,Moderate,14.0,UG/M3,1 Hr,Valid
Tashkent,PM2.5 - Principal,2023-07-28 08:00 PM,2023,07,28,20,15.4,58,Moderate,14.0,UG/M3,1 Hr,Valid
Tashkent,PM2.5 - Principal,2023-07-28 09:00 PM,2023,07,28,21,21.2,70,Moderate,27.0,UG/M3,1 Hr,Valid
Tashkent,PM2.5 - Principal,2023-07-28 10:00 PM,2023,07,28,22,18.6,65,Moderate,16.0,UG/M3,1 Hr,Valid
Tashkent,PM2.5 - Principal,2023-07-28 11:00 PM,2023,07,28,23,22.6,73,Moderate,27.0,UG/M3,1 Hr,Valid
Tashkent,PM2.5 - Principal,2023-07-29 12:00 AM,2023,07,29,00,20.4,68,Moderate,18.0,UG/M3,1 Hr,Valid
Tashkent,PM2.5 - Principal,2023-07-29 01:00 AM,2023,07,29,01,20.6,69,Moderate,21.0,UG/M3,1 Hr,Valid
Tashkent,PM2.5 - Principal,2023-07-29 02:00 AM,2023,07,29,02,23.7,75,Moderate,27.0,UG/M3,1 Hr,Valid
Tashkent,PM2.5 - Principal,2023-07-29 03:00 AM,2023,07,29,03,24.8,78,Moderate,26.0,UG/M3,1 Hr,Valid
Tashkent,PM2.5 - Principal,2023-07-29 04:00 AM,2023,07,29,04,24.4,77,Moderate,24.0,UG/M3,1 Hr,Valid
Tashkent,PM2.5 - Principal,2023-07-29 05:00 AM,2023,07,29,05,19.8,67,Moderate,15.0,UG/M3,1 Hr,Valid
Tashkent,PM2.5 - Principal,2023-07-29 06:00 AM,2023,07,29,06,19.9,67,Moderate,20.0,UG/M3,1 Hr,Valid
Tashkent,PM2.5 - Principal,2023-07-29 07:00 AM,2023,07,29,07,22.3,72,Moderate,25.0,UG/M3,1 Hr,Valid
Tashkent,PM2.5 - Principal,2023-07-29 08:00 AM,2023,07,29,08,24.3,77,Moderate,27.0,UG/M3,1 Hr,Valid
Tashkent,PM2.5 - Principal,2023-07-29 09:00 AM,2023,07,29,09,30.8,90,Moderate,37.0,UG/M3,1 Hr,Valid
Tashkent,PM2.5 - Principal,2023-07-29 10:00 AM,2023,07,29,10,27.9,84,Moderate,25.0,UG/M3,1 Hr,Valid
Tashkent,PM2.5 - Principal,2023-07-29 11:00 AM,2023,07,29,11,30.4,89,Moderate,33.0,UG/M3,1 Hr,Valid
Tashkent,PM2.5 - Principal,2023-07-29 12:00 PM,2023,07,29,12,31.2,91,Moderate,32.0,UG/M3,1 Hr,Valid
Tashkent,PM2.5 - Principal,2023-07-29 01:00 PM,2023,07,29,13,31.6,92,Moderate,32.0,UG/M3,1 Hr,Valid
Tashkent,PM2.5 - Principal,2023-07-29 02:00 PM,2023,07,29,14,26.3,81,Moderate,21.0,UG/M3,1 Hr,Valid
Tashkent,PM2.5 - Principal,2023-07-29 03:00 PM,2023,07,29,15,24.1,76,Moderate,22.0,UG/M3,1 Hr,Valid
Tashkent,PM2.5 - Principal,2023-07-29 04:00 PM,2023,07,29,16,22.0,72,Moderate,20.0,UG/M3,1 Hr,Valid
Tashkent,PM2.5 - Principal,2023-07-29 05:00 PM,2023,07,29,17,21.3,70,Moderate,20.0,UG/M3,1 Hr,Valid
Tashkent,PM2.5 - Principal,2023-07-29 06:00 PM,2023,07,29,18,20.0,68,Moderate,19.0,UG/M3,1 Hr,Valid
Tashkent,PM2.5 - Principal,2023-07-29 07:00 PM,2023,07,29,19,21.9,72,Moderate,24.0,UG/M3,1 Hr,Valid
Tashkent,PM2.5 - Principal,2023-07-29 08:00 PM,2023,07,29,20,22.4,73,Moderate,23.0,UG/M3,1 Hr,Valid
Tashkent,PM2.5 - Principal,2023-07-29 09:00 PM,2023,07,29,21,23.9,76,Moderate,26.0,UG/M3,1 Hr,Valid
Tashkent,PM2.5 - Principal,2023-07-29 10:00 PM,2023,07,29,22,23.1,74,Moderate,22.0,UG/M3,1 Hr,Valid
Tashkent,PM2.5 - Principal,2023-07-29 11:00 PM,2023,07,29,23,25.9,80,Moderate,30.0,UG/M3,1 Hr,Valid
Tashkent,PM2.5 - Principal,2023-07-30 12:00 AM,2023,07,30,00,29.6,88,Moderate,34.0,UG/M3,1 Hr,Valid
Tashkent,PM2.5 - Principal,2023-07-30 01:00 AM,2023,07,30,01,30.6,90,Moderate,32.0,UG/M3,1 Hr,Valid
Tashkent,PM2.5 - Principal,2023-07-30 02:00 AM,2023,07,30,02,30.3,89,Moderate,30.0,UG/M3,1 Hr,Valid
Tashkent,PM2.5 - Principal,2023-07-30 03:00 AM,2023,07,30,03,34.2,97,Moderate,38.0,UG/M3,1 Hr,Valid
Tashkent,PM2.5 - Principal,2023-07-30 04:00 AM,2023,07,30,04,36.6,104,Unhealthy for Sensitive Groups,39.0,UG/M3,1 Hr,Valid
Tashkent,PM2.5 - Principal,2023-07-30 05:00 AM,2023,07,30,05,31.8,92,Moderate,27.0,UG/M3,1 Hr,Valid
Tashkent,PM2.5 - Principal,2023-07-30 06:00 AM,2023,07,30,06,28.1,85,Moderate,23.0,UG/M3,1 Hr,Valid
Tashkent,PM2.5 - Principal,2023-07-30 07:00 AM,2023,07,30,07,27.2,83,Moderate,26.0,UG/M3,1 Hr,Valid
Tashkent,PM2.5 - Principal,2023-07-30 08:00 AM,2023,07,30,08,24.2,76,Moderate,21.0,UG/M3,1 Hr,Valid
Tashkent,PM2.5 - Principal,2023-07-30 09:00 AM,2023,07,30,09,26.4,81,Moderate,29.0,UG/M3,1 Hr,Valid
Tashkent,PM2.5 - Principal,2023-07-30 10:00 AM,2023,07,30,10,27.1,83,Moderate,28.0,UG/M3,1 Hr,Valid
Tashkent,PM2.5 - Principal,2023-07-30 11:00 AM,2023,07,30,11,28.9,86,Moderate,31.0,UG/M3,1 Hr,Valid
Tashkent,PM2.5 - Principal,2023-07-30 12:00 PM,2023,07,30,12,29.8,88,Moderate,31.0,UG/M3,1 Hr,Valid
Tashkent,PM2.5 - Principal,2023-07-30 01:00 PM,2023,07,30,13,25.1,78,Moderate,20.0,UG/M3,1 Hr,Valid
Tashkent,PM2.5 - Principal,2023-07-30 02:00 PM,2023,07,30,14,19.5,67,Moderate,14.0,UG/M3,1 Hr,Valid
Tashkent,PM2.5 - Principal,2023-07-30 03:00 PM,2023,07,30,15,19.7,67,Moderate,20.0,UG/M3,1 Hr,Valid
Tashkent,PM2.5 - Principal,2023-07-30 04:00 PM,2023,07,30,16,17.3,62,Moderate,15.0,UG/M3,1 Hr,Valid
Tashkent,PM2.5 - Principal,2023-07-30 05:00 PM,2023,07,30,17,18.6,65,Moderate,20.0,UG/M3,1 Hr,Valid
Tashkent,PM2.5 - Principal,2023-07-30 06:00 PM,2023,07,30,18,15.3,58,Moderate,12.0,UG/M3,1 Hr,Valid
Tashkent,PM2.5 - Principal,2023-07-30 07:00 PM,2023,07,30,19,12.1,51,Moderate,9.0,UG/M3,1 Hr,Valid
Tashkent,PM2.5 - Principal,2023-07-30 08:00 PM,2023,07,30,20,18.0,63,Moderate,24.0,UG/M3,1 Hr,Valid
Tashkent,PM2.5 - Principal,2023-07-30 09:00 PM,2023,07,30,21,25.5,79,Moderate,33.0,UG/M3,1 Hr,Valid
Tashkent,PM2.5 - Principal,2023-07-30 10:00 PM,2023,07,30,22,30.2,89,Moderate,35.0,UG/M3,1 Hr,Valid
Tashkent,PM2.5 - Principal,2023-07-30 11:00 PM,2023,07,30,23,37.1,105,Unhealthy for Sensitive Groups,44.0,UG/M3,1 Hr,Valid
Tashkent,PM2.5 - Principal,2023-07-31 12:00 AM,2023,07,31,00,39.0,110,Unhealthy for Sensitive Groups,41.0,UG/M3,1 Hr,Valid
Tashkent,PM2.5 - Principal,2023-07-31 01:00 AM,2023,07,31,01,37.5,106,Unhealthy for Sensitive Groups,36.0,UG/M3,1 Hr,Valid
Tashkent,PM2.5 - Principal,2023-07-31 02:00 AM,2023,07,31,02,30.7,90,Moderate,24.0,UG/M3,1 Hr,Valid
Tashkent,PM2.5 - Principal,2023-07-31 03:00 AM,2023,07,31,03,24.8,78,Moderate,19.0,UG/M3,1 Hr,Valid
Tashkent,PM2.5 - Principal,2023-07-31 04:00 AM,2023,07,31,04,22.4,73,Moderate,20.0,UG/M3,1 Hr,Valid
Tashkent,PM2.5 - Principal,2023-07-31 05:00 AM,2023,07,31,05,17.7,63,Moderate,13.0,UG/M3,1 Hr,Valid
Tashkent,PM2.5 - Principal,2023-07-31 06:00 AM,2023,07,31,06,16.8,61,Moderate,16.0,UG/M3,1 Hr,Valid
Tashkent,PM2.5 - Principal,2023-07-31 07:00 AM,2023,07,31,07,17.4,62,Moderate,18.0,UG/M3,1 Hr,Valid
Tashkent,PM2.5 - Principal,2023-07-31 08:00 AM,2023,07,31,08,18.2,64,Moderate,19.0,UG/M3,1 Hr,Valid
Tashkent,PM2.5 - Principal,2023-07-31 09:00 AM,2023,07,31,09,18.1,64,Moderate,18.0,UG/M3,1 Hr,Valid
Tashkent,PM2.5 - Principal,2023-07-31 10:00 AM,2023,07,31,10,21.0,70,Moderate,24.0,UG/M3,1 Hr,Valid
Tashkent,PM2.5 - Principal,2023-07-31 11:00 AM,2023,07,31,11,21.0,70,Moderate,21.0,UG/M3,1 Hr,Valid
Tashkent,PM2.5 - Principal,2023-07-31 12:00 PM,2023,07,31,12,25.5,79,Moderate,30.0,UG/M3,1 Hr,Valid
Tashkent,PM2.5 - Principal,2023-07-31 01:00 PM,2023,07,31,13,25.2,79,Moderate,25.0,UG/M3,1 Hr,Valid
Tashkent,PM2.5 - Principal,2023-07-31 02:00 PM,2023,07,31,14,20.6,69,Moderate,16.0,UG/M3,1 Hr,Valid
Tashkent,PM2.5 - Principal,2023-07-31 03:00 PM,2023,07,31,15,15.8,59,Moderate,11.0,UG/M3,1 Hr,Valid
Tashkent,PM2.5 - Principal,2023-07-31 04:00 PM,2023,07,31,16,13.9,55,Moderate,12.0,UG/M3,1 Hr,Valid
Tashkent,PM2.5 - Principal,2023-07-31 05:00 PM,2023,07,31,17,13.9,55,Moderate,14.0,UG/M3,1 Hr,Valid
Tashkent,PM2.5 - Principal,2023-07-31 06:00 PM,2023,07,31,18,12.4,52,Moderate,11.0,UG/M3,1 Hr,Valid
Tashkent,PM2.5 - Principal,2023-07-31 07:00 PM,2023,07,31,19,12.2,51,Moderate,12.0,UG/M3,1 Hr,Valid
Tashkent,PM2.5 - Principal,2023-07-31 08:00 PM,2023,07,31,20,19.1,66,Moderate,26.0,UG/M3,1 Hr,Valid
Tashkent,PM2.5 - Principal,2023-07-31 09:00 PM,2023,07,31,21,26.0,80,Moderate,33.0,UG/M3,1 Hr,Valid
Tashkent,PM2.5 - Principal,2023-07-31 10:00 PM,2023,07,31,22,24.5,77,Moderate,23.0,UG/M3,1 Hr,Valid
Tashkent,PM2.5 - Principal,2023-07-31 11:00 PM,2023,07,31,23,20.2,68,Moderate,16.0,UG/M3,1 Hr,Valid
Tashkent,PM2.5 - Principal,2023-08-01 12:00 AM,2023,08,01,00,18.1,64,Moderate,16.0,UG/M3,1 Hr,Valid
Tashkent,PM2.5 - Principal,2023-08-01 01:00 AM,2023,08,01,01,16.5,60,Moderate,15.0,UG/M3,1 Hr,Valid
Tashkent,PM2.5 - Principal,2023-08-01 02:00 AM,2023,08,01,02,13.2,53,Moderate,10.0,UG/M3,1 Hr,Valid
Tashkent,PM2.5 - Principal,2023-08-01 03:00 AM,2023,08,01,03,11.1,46,Good,9.0,UG/M3,1 Hr,Valid
Tashkent,PM2.5 - Principal,2023-08-01 04:00 AM,2023,08,01,04,12.5,52,Moderate,14.0,UG/M3,1 Hr,Valid
Tashkent,PM2.5 - Principal,2023-08-01 05:00 AM,2023,08,01,05,17.2,62,Moderate,22.0,UG/M3,1 Hr,Valid
Tashkent,PM2.5 - Principal,2023-08-01 06:00 AM,2023,08,01,06,19.1,66,Moderate,21.0,UG/M3,1 Hr,Valid
Tashkent,PM2.5 - Principal,2023-08-01 07:00 AM,2023,08,01,07,20.0,68,Moderate,21.0,UG/M3,1 Hr,Valid
Tashkent,PM2.5 - Principal,2023-08-01 08:00 AM,2023,08,01,08,23.0,74,Moderate,26.0,UG/M3,1 Hr,Valid
Tashkent,PM2.5 - Principal,2023-08-01 09:00 AM,2023,08,01,09,24.5,77,Moderate,26.0,UG/M3,1 Hr,Valid
Tashkent,PM2.5 - Principal,2023-08-01 10:00 AM,2023,08,01,10,21.2,70,Moderate,18.0,UG/M3,1 Hr,Valid
Tashkent,PM2.5 - Principal,2023-08-01 11:00 AM,2023,08,01,11,19.6,67,Moderate,18.0,UG/M3,1 Hr,Valid
Tashkent,PM2.5 - Principal,2023-08-01 12:00 PM,2023,08,01,12,19.6,67,Moderate,-999.0,UG/M3,1 Hr,Missing
Tashkent,PM2.5 - Principal,2023-08-01 01:00 PM,2023,08,01,13,25.2,79,Moderate,28.0,UG/M3,1 Hr,Valid
Tashkent,PM2.5 - Principal,2023-08-01 02:00 PM,2023,08,01,14,23.9,76,Moderate,23.0,UG/M3,1 Hr,Valid
Tashkent,PM2.5 - Principal,2023-08-01 03:00 PM,2023,08,01,15,20.2,68,Moderate,17.0,UG/M3,1 Hr,Valid
Tashkent,PM2.5 - Principal,2023-08-01 04:00 PM,2023,08,01,16,13.9,55,Moderate,8.0,UG/M3,1 Hr,Valid
Tashkent,PM2.5 - Principal,2023-08-01 05:00 PM,2023,08,01,17,12.9,53,Moderate,12.0,UG/M3,1 Hr,Valid
Tashkent,PM2.5 - Principal,2023-08-01 06:00 PM,2023,08,01,18,10.9,45,Good,9.0,UG/M3,1 Hr,Valid
Tashkent,PM2.5 - Principal,2023-08-01 07:00 PM,2023,08,01,19,13.4,54,Moderate,16.0,UG/M3,1 Hr,Valid
Tashkent,PM2.5 - Principal,2023-08-01 08:00 PM,2023,08,01,20,16.7,61,Moderate,20.0,UG/M3,1 Hr,Valid
Tashkent,PM2.5 - Principal,2023-08-01 09:00 PM,2023,08,01,21,21.3,70,Moderate,26.0,UG/M3,1 Hr,Valid
Tashkent,PM2.5 - Principal,2023-08-01 10:00 PM,2023,08,01,22,20.1,68,Moderate,19.0,UG/M3,1 Hr,Valid
Tashkent,PM2.5 - Principal,2023-08-01 11:00 PM,2023,08,01,23,18.0,63,Moderate,16.0,UG/M3,1 Hr,Valid
Tashkent,PM2.5 - Principal,2023-08-02 12:00 AM,2023,08,02,00,15.5,58,Moderate,13.0,UG/M3,1 Hr,Valid
Tashkent,PM2.5 - Principal,2023-08-02 01:00 AM,2023,08,02,01,15.7,59,Moderate,16.0,UG/M3,1 Hr,Valid
Tashkent,PM2.5 - Principal,2023-08-02 02:00 AM,2023,08,02,02,14.8,57,Moderate,14.0,UG/M3,1 Hr,Valid
Tashkent,PM2.5 - Principal,2023-08-02 03:00 AM,2023,08,02,03,14.4,56,Moderate,14.0,UG/M3,1 Hr,Valid
Tashkent,PM2.5 - Principal,2023-08-02 04:00 AM,2023,08,02,04,12.7,52,Moderate,11.0,UG/M3,1 Hr,Valid
Tashkent,PM2.5 - Principal,2023-08-02 05:00 AM,2023,08,02,05,10.8,45,Good,9.0,UG/M3,1 Hr,Valid
Tashkent,PM2.5 - Principal,2023-08-02 06:00 AM,2023,08,02,06,12.4,52,Moderate,14.0,UG/M3,1 Hr,Valid
Tashkent,PM2.5 - Principal,2023-08-02 07:00 AM,2023,08,02,07,14.7,56,Moderate,17.0,UG/M3,1 Hr,Valid
Tashkent,PM2.5 - Principal,2023-08-02 08:00 AM,2023,08,02,08,17.8,63,Moderate,21.0,UG/M3,1 Hr,Valid
Tashkent,PM2.5 - Principal,2023-08-02 09:00 AM,2023,08,02,09,19.4,66,Moderate,21.0,UG/M3,1 Hr,Valid
Tashkent,PM2.5 - Principal,2023-08-02 10:00 AM,2023,08,02,10,16.7,61,Moderate,14.0,UG/M3,1 Hr,Valid
Tashkent,PM2.5 - Principal,2023-08-02 11:00 AM,2023,08,02,11,14.3,56,Moderate,12.0,UG/M3,1 Hr,Valid
Tashkent,PM2.5 - Principal,2023-08-02 12:00 PM,2023,08,02,12,10.6,44,Good,7.0,UG/M3,1 Hr,Valid
Tashkent,PM2.5 - Principal,2023-08-02 01:00 PM,2023,08,02,13,7.8,33,Good,5.0,UG/M3,1 Hr,Valid
Tashkent,PM2.5 - Principal,2023-08-02 02:00 PM,2023,08,02,14,7.9,33,Good,8.0,UG/M3,1 Hr,Valid
Tashkent,PM2.5 - Principal,2023-08-02 03:00 PM,2023,08,02,15,6.4,27,Good,5.0,UG/M3,1 Hr,Valid
Tashkent,PM2.5 - Principal,2023-08-02 04:00 PM,2023,08,02,16,6.2,26,Good,6.0,UG/M3,1 Hr,Valid
Tashkent,PM2.5 - Principal,2023-08-02 05:00 PM,2023,08,02,17,5.1,21,Good,4.0,UG/M3,1 Hr,Valid
Tashkent,PM2.5 - Principal,2023-08-02 06:00 PM,2023,08,02,18,5.5,23,Good,6.0,UG/M3,1 Hr,Valid
Tashkent,PM2.5 - Principal,2023-08-02 07:00 PM,2023,08,02,19,5.7,24,Good,6.0,UG/M3,1 Hr,Valid
Tashkent,PM2.5 - Principal,2023-08-02 08:00 PM,2023,08,02,20,5.7,24,Good,-999.0,UG/M3,1 Hr,Missing
Tashkent,PM2.5 - Principal,2023-08-02 09:00 PM,2023,08,02,21,23.2,74,Moderate,32.0,UG/M3,1 Hr,Valid
Tashkent,PM2.5 - Principal,2023-08-02 10:00 PM,2023,08,02,22,21.9,72,Moderate,21.0,UG/M3,1 Hr,Valid
Tashkent,PM2.5 - Principal,2023-08-02 11:00 PM,2023,08,02,23,18.2,64,Moderate,15.0,UG/M3,1 Hr,Valid
Tashkent,PM2.5 - Principal,2023-08-03 12:00 AM,2023,08,03,00,13.4,54,Moderate,9.0,UG/M3,1 Hr,Valid
Tashkent,PM2.5 - Principal,2023-08-03 01:00 AM,2023,08,03,01,9.6,40,Good,6.0,UG/M3,1 Hr,Valid
Tashkent,PM2.5 - Principal,2023-08-03 02:00 AM,2023,08,03,02,7.3,30,Good,5.0,UG/M3,1 Hr,Valid
Tashkent,PM2.5 - Principal,2023-08-03 03:00 AM,2023,08,03,03,7.1,30,Good,7.0,UG/M3,1 Hr,Valid
Tashkent,PM2.5 - Principal,2023-08-03 04:00 AM,2023,08,03,04,7.5,31,Good,8.0,UG/M3,1 Hr,Valid
Tashkent,PM2.5 - Principal,2023-08-03 05:00 AM,2023,08,03,05,12.2,51,Moderate,17.0,UG/M3,1 Hr,Valid
Tashkent,PM2.5 - Principal,2023-08-03 06:00 AM,2023,08,03,06,12.6,52,Moderate,13.0,UG/M3,1 Hr,Valid
Tashkent,PM2.5 - Principal,2023-08-03 07:00 AM,2023,08,03,07,11.3,47,Good,10.0,UG/M3,1 Hr,Valid
Tashkent,PM2.5 - Principal,2023-08-03 08:00 AM,2023,08,03,08,12.6,52,Moderate,14.0,UG/M3,1 Hr,Valid
Tashkent,PM2.5 - Principal,2023-08-03 09:00 AM,2023,08,03,09,16.3,60,Moderate,20.0,UG/M3,1 Hr,Valid
Tashkent,PM2.5 - Principal,2023-08-03 10:00 AM,2023,08,03,10,18.6,65,Moderate,21.0,UG/M3,1 Hr,Valid
Tashkent,PM2.5 - Principal,2023-08-03 11:00 AM,2023,08,03,11,25.8,80,Moderate,33.0,UG/M3,1 Hr,Valid
Tashkent,PM2.5 - Principal,2023-08-03 12:00 PM,2023,08,03,12,28.9,86,Moderate,32.0,UG/M3,1 Hr,Valid
Tashkent,PM2.5 - Principal,2023-08-03 01:00 PM,2023,08,03,13,30.4,89,Moderate,32.0,UG/M3,1 Hr,Valid
Tashkent,PM2.5 - Principal,2023-08-03 02:00 PM,2023,08,03,14,30.4,89,Moderate,-999.0,UG/M3,1 Hr,Missing
Tashkent,PM2.5 - Principal,2023-08-03 03:00 PM,2023,08,03,15,16.1,59,Moderate,9.0,UG/M3,1 Hr,Valid
Tashkent,PM2.5 - Principal,2023-08-03 04:00 PM,2023,08,03,16,10.9,45,Good,7.0,UG/M3,1 Hr,Valid
Tashkent,PM2.5 - Principal,2023-08-03 05:00 PM,2023,08,03,17,8.2,34,Good,6.0,UG/M3,1 Hr,Valid
Tashkent,PM2.5 - Principal,2023-08-03 06:00 PM,2023,08,03,18,6.5,27,Good,5.0,UG/M3,1 Hr,Valid
Tashkent,PM2.5 - Principal,2023-08-03 07:00 PM,2023,08,03,19,6.2,26,Good,6.0,UG/M3,1 Hr,Valid
Tashkent,PM2.5 - Principal,2023-08-03 08:00 PM,2023,08,03,20,10.1,42,Good,14.0,UG/M3,1 Hr,Valid
Tashkent,PM2.5 - Principal,2023-08-03 09:00 PM,2023,08,03,21,12.0,50,Good,14.0,UG/M3,1 Hr,Valid
Tashkent,PM2.5 - Principal,2023-08-03 10:00 PM,2023,08,03,22,14.5,56,Moderate,17.0,UG/M3,1 Hr,Valid
Tashkent,PM2.5 - Principal,2023-08-03 11:00 PM,2023,08,03,23,12.2,51,Moderate,10.0,UG/M3,1 Hr,Valid
Tashkent,PM2.5 - Principal,2023-08-04 12:00 AM,2023,08,04,00,10.1,42,Good,8.0,UG/M3,1 Hr,Valid
Tashkent,PM2.5 - Principal,2023-08-04 01:00 AM,2023,08,04,01,9.0,38,Good,8.0,UG/M3,1 Hr,Valid
Tashkent,PM2.5 - Principal,2023-08-04 02:00 AM,2023,08,04,02,8.0,33,Good,7.0,UG/M3,1 Hr,Valid
Tashkent,PM2.5 - Principal,2023-08-04 03:00 AM,2023,08,04,03,9.0,38,Good,10.0,UG/M3,1 Hr,Valid
Tashkent,PM2.5 - Principal,2023-08-04 04:00 AM,2023,08,04,04,8.5,35,Good,8.0,UG/M3,1 Hr,Valid
Tashkent,PM2.5 - Principal,2023-08-04 05:00 AM,2023,08,04,05,8.2,34,Good,8.0,UG/M3,1 Hr,Valid
Tashkent,PM2.5 - Principal,2023-08-04 06:00 AM,2023,08,04,06,8.6,36,Good,9.0,UG/M3,1 Hr,Valid
Tashkent,PM2.5 - Principal,2023-08-04 07:00 AM,2023,08,04,07,14.3,56,Moderate,20.0,UG/M3,1 Hr,Valid
Tashkent,PM2.5 - Principal,2023-08-04 08:00 AM,2023,08,04,08,18.6,65,Moderate,23.0,UG/M3,1 Hr,Valid
Tashkent,PM2.5 - Principal,2023-08-04 09:00 AM,2023,08,04,09,23.8,76,Moderate,29.0,UG/M3,1 Hr,Valid
Tashkent,PM2.5 - Principal,2023-08-04 10:00 AM,2023,08,04,10,30.9,91,Moderate,38.0,UG/M3,1 Hr,Valid
Tashkent,PM2.5 - Principal,2023-08-04 11:00 AM,2023,08,04,11,33.9,97,Moderate,37.0,UG/M3,1 Hr,Valid
Tashkent,PM2.5 - Principal,2023-08-04 12:00 PM,2023,08,04,12,23.9,76,Moderate,14.0,UG/M3,1 Hr,Valid
Tashkent,PM2.5 - Principal,2023-08-04 01:00 PM,2023,08,04,13,15.9,59,Moderate,8.0,UG/M3,1 Hr,Valid
Tashkent,PM2.5 - Principal,2023-08-04 02:00 PM,2023,08,04,14,9.4,39,Good,3.0,UG/M3,1 Hr,Valid
Tashkent,PM2.5 - Principal,2023-08-04 03:00 PM,2023,08,04,15,6.2,26,Good,3.0,UG/M3,1 Hr,Valid
Tashkent,PM2.5 - Principal,2023-08-04 04:00 PM,2023,08,04,16,5.1,21,Good,4.0,UG/M3,1 Hr,Valid
Tashkent,PM2.5 - Principal,2023-08-04 05:00 PM,2023,08,04,17,7.5,31,Good,10.0,UG/M3,1 Hr,Valid
Tashkent,PM2.5 - Principal,2023-08-04 06:00 PM,2023,08,04,18,8.2,34,Good,9.0,UG/M3,1 Hr,Valid
Tashkent,PM2.5 - Principal,2023-08-04 07:00 PM,2023,08,04,19,7.6,32,Good,7.0,UG/M3,1 Hr,Valid
Tashkent,PM2.5 - Principal,2023-08-04 08:00 PM,2023,08,04,20,8.3,35,Good,9.0,UG/M3,1 Hr,Valid
Tashkent,PM2.5 - Principal,2023-08-04 09:00 PM,2023,08,04,21,37.6,106,Unhealthy for Sensitive Groups,67.0,UG/M3,1 Hr,Valid
Tashkent,PM2.5 - Principal,2023-08-04 10:00 PM,2023,08,04,22,37.8,107,Unhealthy for Sensitive Groups,38.0,UG/M3,1 Hr,Valid
Tashkent,PM2.5 - Principal,2023-08-04 11:00 PM,2023,08,04,23,45.9,127,Unhealthy for Sensitive Groups,54.0,UG/M3,1 Hr,Valid
Tashkent,PM2.5 - Principal,2023-08-05 12:00 AM,2023,08,05,00,43.4,120,Unhealthy for Sensitive Groups,41.0,UG/M3,1 Hr,Valid
Tashkent,PM2.5 - Principal,2023-08-05 01:00 AM,2023,08,05,01,35.2,100,Moderate,27.0,UG/M3,1 Hr,Valid
Tashkent,PM2.5 - Principal,2023-08-05 02:00 AM,2023,08,05,02,22.6,73,Moderate,10.0,UG/M3,1 Hr,Valid
Tashkent,PM2.5 - Principal,2023-08-05 03:00 AM,2023,08,05,03,16.3,60,Moderate,10.0,UG/M3,1 Hr,Valid
Tashkent,PM2.5 - Principal,2023-08-05 04:00 AM,2023,08,05,04,12.6,52,Moderate,9.0,UG/M3,1 Hr,Valid
Tashkent,PM2.5 - Principal,2023-08-05 05:00 AM,2023,08,05,05,10.3,43,Good,8.0,UG/M3,1 Hr,Valid
Tashkent,PM2.5 - Principal,2023-08-05 06:00 AM,2023,08,05,06,10.6,44,Good,11.0,UG/M3,1 Hr,Valid
Tashkent,PM2.5 - Principal,2023-08-05 07:00 AM,2023,08,05,07,13.3,54,Moderate,16.0,UG/M3,1 Hr,Valid
Tashkent,PM2.5 - Principal,2023-08-05 08:00 AM,2023,08,05,08,20.6,69,Moderate,28.0,UG/M3,1 Hr,Valid
Tashkent,PM2.5 - Principal,2023-08-05 09:00 AM,2023,08,05,09,22.3,72,Moderate,24.0,UG/M3,1 Hr,Valid
Tashkent,PM2.5 - Principal,2023-08-05 10:00 AM,2023,08,05,10,23.1,74,Moderate,24.0,UG/M3,1 Hr,Valid
Tashkent,PM2.5 - Principal,2023-08-05 11:00 AM,2023,08,05,11,22.5,73,Moderate,22.0,UG/M3,1 Hr,Valid
Tashkent,PM2.5 - Principal,2023-08-05 12:00 PM,2023,08,05,12,16.2,60,Moderate,10.0,UG/M3,1 Hr,Valid
Tashkent,PM2.5 - Principal,2023-08-05 01:00 PM,2023,08,05,13,13.1,53,Moderate,10.0,UG/M3,1 Hr,Valid
Tashkent,PM2.5 - Principal,2023-08-05 02:00 PM,2023,08,05,14,11.0,46,Good,9.0,UG/M3,1 Hr,Valid
Tashkent,PM2.5 - Principal,2023-08-05 03:00 PM,2023,08,05,15,8.0,33,Good,5.0,UG/M3,1 Hr,Valid
Tashkent,PM2.5 - Principal,2023-08-05 04:00 PM,2023,08,05,16,5.0,21,Good,2.0,UG/M3,1 Hr,Valid
Tashkent,PM2.5 - Principal,2023-08-05 05:00 PM,2023,08,05,17,4.0,17,Good,3.0,UG/M3,1 Hr,Valid
Tashkent,PM2.5 - Principal,2023-08-05 06:00 PM,2023,08,05,18,3.0,13,Good,2.0,UG/M3,1 Hr,Valid
Tashkent,PM2.5 - Principal,2023-08-05 07:00 PM,2023,08,05,19,5.5,23,Good,8.0,UG/M3,1 Hr,Valid
Tashkent,PM2.5 - Principal,2023-08-05 08:00 PM,2023,08,05,20,8.7,36,Good,12.0,UG/M3,1 Hr,Valid
Tashkent,PM2.5 - Principal,2023-08-05 09:00 PM,2023,08,05,21,15.3,58,Moderate,22.0,UG/M3,1 Hr,Valid
Tashkent,PM2.5 - Principal,2023-08-05 10:00 PM,2023,08,05,22,20.6,69,Moderate,26.0,UG/M3,1 Hr,Valid
Tashkent,PM2.5 - Principal,2023-08-05 11:00 PM,2023,08,05,23,23.3,75,Moderate,26.0,UG/M3,1 Hr,Valid
Tashkent,PM2.5 - Principal,2023-08-06 12:00 AM,2023,08,06,00,25.1,78,Moderate,27.0,UG/M3,1 Hr,Valid
Tashkent,PM2.5 - Principal,2023-08-06 01:00 AM,2023,08,06,01,28.5,85,Moderate,32.0,UG/M3,1 Hr,Valid
Tashkent,PM2.5 - Principal,2023-08-06 02:00 AM,2023,08,06,02,24.2,76,Moderate,20.0,UG/M3,1 Hr,Valid
Tashkent,PM2.5 - Principal,2023-08-06 03:00 AM,2023,08,06,03,23.6,75,Moderate,23.0,UG/M3,1 Hr,Valid
Tashkent,PM2.5 - Principal,2023-08-06 04:00 AM,2023,08,06,04,22.3,72,Moderate,21.0,UG/M3,1 Hr,Valid
Tashkent,PM2.5 - Principal,2023-08-06 05:00 AM,2023,08,06,05,18.6,65,Moderate,15.0,UG/M3,1 Hr,Valid
Tashkent,PM2.5 - Principal,2023-08-06 06:00 AM,2023,08,06,06,20.3,68,Moderate,22.0,UG/M3,1 Hr,Valid
Tashkent,PM2.5 - Principal,2023-08-06 07:00 AM,2023,08,06,07,19.1,66,Moderate,18.0,UG/M3,1 Hr,Valid
Tashkent,PM2.5 - Principal,2023-08-06 08:00 AM,2023,08,06,08,16.0,59,Moderate,13.0,UG/M3,1 Hr,Valid
Tashkent,PM2.5 - Principal,2023-08-06 09:00 AM,2023,08,06,09,18.0,63,Moderate,20.0,UG/M3,1 Hr,Valid
Tashkent,PM2.5 - Principal,2023-08-06 10:00 AM,2023,08,06,10,19.5,67,Moderate,21.0,UG/M3,1 Hr,Valid
Tashkent,PM2.5 - Principal,2023-08-06 11:00 AM,2023,08,06,11,24.7,77,Moderate,30.0,UG/M3,1 Hr,Valid
Tashkent,PM2.5 - Principal,2023-08-06 12:00 PM,2023,08,06,12,28.3,85,Moderate,32.0,UG/M3,1 Hr,Valid
Tashkent,PM2.5 - Principal,2023-08-06 01:00 PM,2023,08,06,13,29.6,88,Moderate,31.0,UG/M3,1 Hr,Valid
Tashkent,PM2.5 - Principal,2023-08-06 02:00 PM,2023,08,06,14,23.8,76,Moderate,18.0,UG/M3,1 Hr,Valid
Tashkent,PM2.5 - Principal,2023-08-06 03:00 PM,2023,08,06,15,29.9,88,Moderate,36.0,UG/M3,1 Hr,Valid
Tashkent,PM2.5 - Principal,2023-08-06 04:00 PM,2023,08,06,16,21.9,72,Moderate,14.0,UG/M3,1 Hr,Valid
Tashkent,PM2.5 - Principal,2023-08-06 05:00 PM,2023,08,06,17,16.9,61,Moderate,12.0,UG/M3,1 Hr,Valid
Tashkent,PM2.5 - Principal,2023-08-06 06:00 PM,2023,08,06,18,20.4,68,Moderate,24.0,UG/M3,1 Hr,Valid
Tashkent,PM2.5 - Principal,2023-08-06 07:00 PM,2023,08,06,19,18.2,64,Moderate,16.0,UG/M3,1 Hr,Valid
Tashkent,PM2.5 - Principal,2023-08-06 08:00 PM,2023,08,06,20,17.6,63,Moderate,17.0,UG/M3,1 Hr,Valid
Tashkent,PM2.5 - Principal,2023-08-06 09:00 PM,2023,08,06,21,21.3,70,Moderate,25.0,UG/M3,1 Hr,Valid
Tashkent,PM2.5 - Principal,2023-08-06 10:00 PM,2023,08,06,22,22.6,73,Moderate,24.0,UG/M3,1 Hr,Valid
Tashkent,PM2.5 - Principal,2023-08-06 11:00 PM,2023,08,06,23,24.8,78,Moderate,27.0,UG/M3,1 Hr,Valid
Tashkent,PM2.5 - Principal,2023-08-07 12:00 AM,2023,08,07,00,21.9,72,Moderate,19.0,UG/M3,1 Hr,Valid
Tashkent,PM2.5 - Principal,2023-08-07 01:00 AM,2023,08,07,01,15.4,58,Moderate,9.0,UG/M3,1 Hr,Valid
Tashkent,PM2.5 - Principal,2023-08-07 02:00 AM,2023,08,07,02,15.2,58,Moderate,15.0,UG/M3,1 Hr,Valid
Tashkent,PM2.5 - Principal,2023-08-07 03:00 AM,2023,08,07,03,13.1,53,Moderate,11.0,UG/M3,1 Hr,Valid
Tashkent,PM2.5 - Principal,2023-08-07 04:00 AM,2023,08,07,04,12.0,50,Good,11.0,UG/M3,1 Hr,Valid
Tashkent,PM2.5 - Principal,2023-08-07 05:00 AM,2023,08,07,05,11.0,46,Good,10.0,UG/M3,1 Hr,Valid
Tashkent,PM2.5 - Principal,2023-08-07 06:00 AM,2023,08,07,06,12.0,50,Good,13.0,UG/M3,1 Hr,Valid
Tashkent,PM2.5 - Principal,2023-08-07 07:00 AM,2023,08,07,07,10.5,44,Good,9.0,UG/M3,1 Hr,Valid
Tashkent,PM2.5 - Principal,2023-08-07 08:00 AM,2023,08,07,08,8.2,34,Good,6.0,UG/M3,1 Hr,Valid
Tashkent,PM2.5 - Principal,2023-08-07 09:00 AM,2023,08,07,09,8.1,34,Good,8.0,UG/M3,1 Hr,Valid
Tashkent,PM2.5 - Principal,2023-08-07 10:00 AM,2023,08,07,10,7.5,31,Good,7.0,UG/M3,1 Hr,Valid
Tashkent,PM2.5 - Principal,2023-08-07 11:00 AM,2023,08,07,11,8.7,36,Good,10.0,UG/M3,1 Hr,Valid
Tashkent,PM2.5 - Principal,2023-08-07 12:00 PM,2023,08,07,12,7.8,33,Good,7.0,UG/M3,1 Hr,Valid
Tashkent,PM2.5 - Principal,2023-08-07 01:00 PM,2023,08,07,13,7.4,31,Good,7.0,UG/M3,1 Hr,Valid
Tashkent,PM2.5 - Principal,2023-08-07 02:00 PM,2023,08,07,14,8.2,34,Good,9.0,UG/M3,1 Hr,Valid
Tashkent,PM2.5 - Principal,2023-08-07 03:00 PM,2023,08,07,15,8.1,34,Good,8.0,UG/M3,1 Hr,Valid
Tashkent,PM2.5 - Principal,2023-08-07 04:00 PM,2023,08,07,16,9.0,38,Good,10.0,UG/M3,1 Hr,Valid
Tashkent,PM2.5 - Principal,2023-08-07 05:00 PM,2023,08,07,17,10.5,44,Good,12.0,UG/M3,1 Hr,Valid
Tashkent,PM2.5 - Principal,2023-08-07 06:00 PM,2023,08,07,18,16.7,61,Moderate,23.0,UG/M3,1 Hr,Valid
Tashkent,PM2.5 - Principal,2023-08-07 07:00 PM,2023,08,07,19,16.3,60,Moderate,16.0,UG/M3,1 Hr,Valid
Tashkent,PM2.5 - Principal,2023-08-07 08:00 PM,2023,08,07,20,14.1,55,Moderate,12.0,UG/M3,1 Hr,Valid
Tashkent,PM2.5 - Principal,2023-08-07 09:00 PM,2023,08,07,21,14.5,56,Moderate,15.0,UG/M3,1 Hr,Valid
Tashkent,PM2.5 - Principal,2023-08-07 10:00 PM,2023,08,07,22,18.3,64,Moderate,22.0,UG/M3,1 Hr,Valid
Tashkent,PM2.5 - Principal,2023-08-07 11:00 PM,2023,08,07,23,20.6,69,Moderate,23.0,UG/M3,1 Hr,Valid
Tashkent,PM2.5 - Principal,2023-08-08 12:00 AM,2023,08,08,00,14.3,56,Moderate,8.0,UG/M3,1 Hr,Valid
Tashkent,PM2.5 - Principal,2023-08-08 01:00 AM,2023,08,08,01,12.1,51,Moderate,10.0,UG/M3,1 Hr,Valid
Tashkent,PM2.5 - Principal,2023-08-08 02:00 AM,2023,08,08,02,11.0,46,Good,10.0,UG/M3,1 Hr,Valid
Tashkent,PM2.5 - Principal,2023-08-08 03:00 AM,2023,08,08,03,9.5,40,Good,8.0,UG/M3,1 Hr,Valid
Tashkent,PM2.5 - Principal,2023-08-08 04:00 AM,2023,08,08,04,8.7,36,Good,8.0,UG/M3,1 Hr,Valid
Tashkent,PM2.5 - Principal,2023-08-08 05:00 AM,2023,08,08,05,8.3,35,Good,8.0,UG/M3,1 Hr,Valid
Tashkent,PM2.5 - Principal,2023-08-08 06:00 AM,2023,08,08,06,10.1,42,Good,12.0,UG/M3,1 Hr,Valid
Tashkent,PM2.5 - Principal,2023-08-08 07:00 AM,2023,08,08,07,11.5,48,Good,13.0,UG/M3,1 Hr,Valid
Tashkent,PM2.5 - Principal,2023-08-08 08:00 AM,2023,08,08,08,11.2,47,Good,11.0,UG/M3,1 Hr,Valid
Tashkent,PM2.5 - Principal,2023-08-08 09:00 AM,2023,08,08,09,10.6,44,Good,10.0,UG/M3,1 Hr,Valid
Tashkent,PM2.5 - Principal,2023-08-08 10:00 AM,2023,08,08,10,11.3,47,Good,12.0,UG/M3,1 Hr,Valid
Tashkent,PM2.5 - Principal,2023-08-08 11:00 AM,2023,08,08,11,12.4,52,Moderate,14.0,UG/M3,1 Hr,Valid
Tashkent,PM2.5 - Principal,2023-08-08 12:00 PM,2023,08,08,12,15.3,58,Moderate,18.0,UG/M3,1 Hr,Valid
Tashkent,PM2.5 - Principal,2023-08-08 01:00 PM,2023,08,08,13,15.6,58,Moderate,16.0,UG/M3,1 Hr,Valid
Tashkent,PM2.5 - Principal,2023-08-08 02:00 PM,2023,08,08,14,13.8,55,Moderate,12.0,UG/M3,1 Hr,Valid
Tashkent,PM2.5 - Principal,2023-08-08 03:00 PM,2023,08,08,15,12.4,52,Moderate,11.0,UG/M3,1 Hr,Valid
Tashkent,PM2.5 - Principal,2023-08-08 04:00 PM,2023,08,08,16,10.7,45,Good,9.0,UG/M3,1 Hr,Valid
Tashkent,PM2.5 - Principal,2023-08-08 05:00 PM,2023,08,08,17,8.3,35,Good,6.0,UG/M3,1 Hr,Valid
Tashkent,PM2.5 - Principal,2023-08-08 06:00 PM,2023,08,08,18,7.1,30,Good,6.0,UG/M3,1 Hr,Valid
Tashkent,PM2.5 - Principal,2023-08-08 07:00 PM,2023,08,08,19,9.0,38,Good,11.0,UG/M3,1 Hr,Valid
Tashkent,PM2.5 - Principal,2023-08-08 08:00 PM,2023,08,08,20,11.5,48,Good,14.0,UG/M3,1 Hr,Valid
Tashkent,PM2.5 - Principal,2023-08-08 09:00 PM,2023,08,08,21,19.2,66,Moderate,27.0,UG/M3,1 Hr,Valid
Tashkent,PM2.5 - Principal,2023-08-08 10:00 PM,2023,08,08,22,23.6,75,Moderate,28.0,UG/M3,1 Hr,Valid
Tashkent,PM2.5 - Principal,2023-08-08 11:00 PM,2023,08,08,23,30.3,89,Moderate,37.0,UG/M3,1 Hr,Valid
Tashkent,PM2.5 - Principal,2023-08-09 12:00 AM,2023,08,09,00,28.6,86,Moderate,27.0,UG/M3,1 Hr,Valid
Tashkent,PM2.5 - Principal,2023-08-09 01:00 AM,2023,08,09,01,28.3,85,Moderate,28.0,UG/M3,1 Hr,Valid
Tashkent,PM2.5 - Principal,2023-08-09 02:00 AM,2023,08,09,02,24.1,76,Moderate,20.0,UG/M3,1 Hr,Valid
Tashkent,PM2.5 - Principal,2023-08-09 03:00 AM,2023,08,09,03,22.5,73,Moderate,21.0,UG/M3,1 Hr,Valid
Tashkent,PM2.5 - Principal,2023-08-09 04:00 AM,2023,08,09,04,18.2,64,Moderate,14.0,UG/M3,1 Hr,Valid
Tashkent,PM2.5 - Principal,2023-08-09 05:00 AM,2023,08,09,05,15.6,58,Moderate,13.0,UG/M3,1 Hr,Valid
Tashkent,PM2.5 - Principal,2023-08-09 06:00 AM,2023,08,09,06,13.3,54,Moderate,11.0,UG/M3,1 Hr,Valid
Tashkent,PM2.5 - Principal,2023-08-09 07:00 AM,2023,08,09,07,11.6,48,Good,10.0,UG/M3,1 Hr,Valid
Tashkent,PM2.5 - Principal,2023-08-09 08:00 AM,2023,08,09,08,16.8,61,Moderate,22.0,UG/M3,1 Hr,Valid
Tashkent,PM2.5 - Principal,2023-08-09 09:00 AM,2023,08,09,09,16.9,61,Moderate,17.0,UG/M3,1 Hr,Valid
Tashkent,PM2.5 - Principal,2023-08-09 10:00 AM,2023,08,09,10,15.4,58,Moderate,14.0,UG/M3,1 Hr,Valid
Tashkent,PM2.5 - Principal,2023-08-09 11:00 AM,2023,08,09,11,16.2,60,Moderate,17.0,UG/M3,1 Hr,Valid
Tashkent,PM2.5 - Principal,2023-08-09 12:00 PM,2023,08,09,12,16.1,59,Moderate,16.0,UG/M3,1 Hr,Valid
Tashkent,PM2.5 - Principal,2023-08-09 01:00 PM,2023,08,09,13,14.5,56,Moderate,13.0,UG/M3,1 Hr,Valid
Tashkent,PM2.5 - Principal,2023-08-09 02:00 PM,2023,08,09,14,11.7,49,Good,9.0,UG/M3,1 Hr,Valid
Tashkent,PM2.5 - Principal,2023-08-09 03:00 PM,2023,08,09,15,9.8,41,Good,8.0,UG/M3,1 Hr,Valid
Tashkent,PM2.5 - Principal,2023-08-09 04:00 PM,2023,08,09,16,11.4,48,Good,13.0,UG/M3,1 Hr,Valid
Tashkent,PM2.5 - Principal,2023-08-09 05:00 PM,2023,08,09,17,11.7,49,Good,12.0,UG/M3,1 Hr,Valid
Tashkent,PM2.5 - Principal,2023-08-09 06:00 PM,2023,08,09,18,13.8,55,Moderate,16.0,UG/M3,1 Hr,Valid
Tashkent,PM2.5 - Principal,2023-08-09 07:00 PM,2023,08,09,19,12.4,52,Moderate,11.0,UG/M3,1 Hr,Valid
Tashkent,PM2.5 - Principal,2023-08-09 08:00 PM,2023,08,09,20,14.2,55,Moderate,16.0,UG/M3,1 Hr,Valid
Tashkent,PM2.5 - Principal,2023-08-09 09:00 PM,2023,08,09,21,22.1,72,Moderate,30.0,UG/M3,1 Hr,Valid
Tashkent,PM2.5 - Principal,2023-08-09 10:00 PM,2023,08,09,22,34.0,97,Moderate,46.0,UG/M3,1 Hr,Valid
Tashkent,PM2.5 - Principal,2023-08-09 11:00 PM,2023,08,09,23,39.0,110,Unhealthy for Sensitive Groups,44.0,UG/M3,1 Hr,Valid
Tashkent,PM2.5 - Principal,2023-08-10 12:00 AM,2023,08,10,00,37.0,105,Unhealthy for Sensitive Groups,35.0,UG/M3,1 Hr,Valid
Tashkent,PM2.5 - Principal,2023-08-10 01:00 AM,2023,08,10,01,34.5,98,Moderate,32.0,UG/M3,1 Hr,Valid
Tashkent,PM2.5 - Principal,2023-08-10 02:00 AM,2023,08,10,02,29.7,88,Moderate,25.0,UG/M3,1 Hr,Valid
Tashkent,PM2.5 - Principal,2023-08-10 03:00 AM,2023,08,10,03,24.8,78,Moderate,20.0,UG/M3,1 Hr,Valid
Tashkent,PM2.5 - Principal,2023-08-10 04:00 AM,2023,08,10,04,19.4,66,Moderate,14.0,UG/M3,1 Hr,Valid
Tashkent,PM2.5 - Principal,2023-08-10 05:00 AM,2023,08,10,05,15.2,58,Moderate,11.0,UG/M3,1 Hr,Valid
Tashkent,PM2.5 - Principal,2023-08-10 06:00 AM,2023,08,10,06,14.1,55,Moderate,13.0,UG/M3,1 Hr,Valid
Tashkent,PM2.5 - Principal,2023-08-10 07:00 AM,2023,08,10,07,13.0,53,Moderate,12.0,UG/M3,1 Hr,Valid
Tashkent,PM2.5 - Principal,2023-08-10 08:00 AM,2023,08,10,08,14.5,56,Moderate,16.0,UG/M3,1 Hr,Valid
Tashkent,PM2.5 - Principal,2023-08-10 09:00 AM,2023,08,10,09,15.7,59,Moderate,17.0,UG/M3,1 Hr,Valid
Tashkent,PM2.5 - Principal,2023-08-10 10:00 AM,2023,08,10,10,21.3,70,Moderate,27.0,UG/M3,1 Hr,Valid
Tashkent,PM2.5 - Principal,2023-08-10 11:00 AM,2023,08,10,11,18.1,64,Moderate,15.0,UG/M3,1 Hr,Valid
Tashkent,PM2.5 - Principal,2023-08-10 12:00 PM,2023,08,10,12,13.0,53,Moderate,8.0,UG/M3,1 Hr,Valid
Tashkent,PM2.5 - Principal,2023-08-10 01:00 PM,2023,08,10,13,10.0,42,Good,7.0,UG/M3,1 Hr,Valid
Tashkent,PM2.5 - Principal,2023-08-10 02:00 PM,2023,08,10,14,11.5,48,Good,13.0,UG/M3,1 Hr,Valid
Tashkent,PM2.5 - Principal,2023-08-10 03:00 PM,2023,08,10,15,10.7,45,Good,10.0,UG/M3,1 Hr,Valid
Tashkent,PM2.5 - Principal,2023-08-10 04:00 PM,2023,08,10,16,10.3,43,Good,10.0,UG/M3,1 Hr,Valid
Tashkent,PM2.5 - Principal,2023-08-10 05:00 PM,2023,08,10,17,9.6,40,Good,9.0,UG/M3,1 Hr,Valid
Tashkent,PM2.5 - Principal,2023-08-10 06:00 PM,2023,08,10,18,10.3,43,Good,11.0,UG/M3,1 Hr,Valid
Tashkent,PM2.5 - Principal,2023-08-10 07:00 PM,2023,08,10,19,8.6,36,Good,7.0,UG/M3,1 Hr,Valid
Tashkent,PM2.5 - Principal,2023-08-10 08:00 PM,2023,08,10,20,12.8,52,Moderate,17.0,UG/M3,1 Hr,Valid
Tashkent,PM2.5 - Principal,2023-08-10 09:00 PM,2023,08,10,21,14.4,56,Moderate,16.0,UG/M3,1 Hr,Valid
Tashkent,PM2.5 - Principal,2023-08-10 10:00 PM,2023,08,10,22,13.7,54,Moderate,13.0,UG/M3,1 Hr,Valid
Tashkent,PM2.5 - Principal,2023-08-10 11:00 PM,2023,08,10,23,18.3,64,Moderate,23.0,UG/M3,1 Hr,Valid
Tashkent,PM2.5 - Principal,2023-08-11 12:00 AM,2023,08,11,00,20.1,68,Moderate,22.0,UG/M3,1 Hr,Valid
Tashkent,PM2.5 - Principal,2023-08-11 01:00 AM,2023,08,11,01,28.0,84,Moderate,36.0,UG/M3,1 Hr,Valid
Tashkent,PM2.5 - Principal,2023-08-11 02:00 AM,2023,08,11,02,30.0,89,Moderate,32.0,UG/M3,1 Hr,Valid
Tashkent,PM2.5 - Principal,2023-08-11 03:00 AM,2023,08,11,03,30.5,90,Moderate,31.0,UG/M3,1 Hr,Valid
Tashkent,PM2.5 - Principal,2023-08-11 04:00 AM,2023,08,11,04,27.2,83,Moderate,24.0,UG/M3,1 Hr,Valid
Tashkent,PM2.5 - Principal,2023-08-11 05:00 AM,2023,08,11,05,24.1,76,Moderate,21.0,UG/M3,1 Hr,Valid
Tashkent,PM2.5 - Principal,2023-08-11 06:00 AM,2023,08,11,06,22.0,72,Moderate,20.0,UG/M3,1 Hr,Valid
Tashkent,PM2.5 - Principal,2023-08-11 07:00 AM,2023,08,11,07,24.0,76,Moderate,26.0,UG/M3,1 Hr,Valid
Tashkent,PM2.5 - Principal,2023-08-11 08:00 AM,2023,08,11,08,22.0,72,Moderate,20.0,UG/M3,1 Hr,Valid
Tashkent,PM2.5 - Principal,2023-08-11 09:00 AM,2023,08,11,09,14.0,55,Moderate,6.0,UG/M3,1 Hr,Valid
Tashkent,PM2.5 - Principal,2023-08-11 10:00 AM,2023,08,11,10,10.0,42,Good,6.0,UG/M3,1 Hr,Valid
Tashkent,PM2.5 - Principal,2023-08-11 11:00 AM,2023,08,11,11,7.9,33,Good,6.0,UG/M3,1 Hr,Valid
Tashkent,PM2.5 - Principal,2023-08-11 12:00 PM,2023,08,11,12,9.4,39,Good,11.0,UG/M3,1 Hr,Valid
Tashkent,PM2.5 - Principal,2023-08-11 01:00 PM,2023,08,11,13,9.2,38,Good,9.0,UG/M3,1 Hr,Valid
Tashkent,PM2.5 - Principal,2023-08-11 02:00 PM,2023,08,11,14,8.1,34,Good,7.0,UG/M3,1 Hr,Valid
Tashkent,PM2.5 - Principal,2023-08-11 03:00 PM,2023,08,11,15,6.0,25,Good,4.0,UG/M3,1 Hr,Valid
Tashkent,PM2.5 - Principal,2023-08-11 04:00 PM,2023,08,11,16,6.0,25,Good,6.0,UG/M3,1 Hr,Valid
Tashkent,PM2.5 - Principal,2023-08-11 05:00 PM,2023,08,11,17,6.0,25,Good,6.0,UG/M3,1 Hr,Valid
Tashkent,PM2.5 - Principal,2023-08-11 06:00 PM,2023,08,11,18,4.5,19,Good,3.0,UG/M3,1 Hr,Valid
Tashkent,PM2.5 - Principal,2023-08-11 07:00 PM,2023,08,11,19,4.2,18,Good,4.0,UG/M3,1 Hr,Valid
Tashkent,PM2.5 - Principal,2023-08-11 08:00 PM,2023,08,11,20,6.1,25,Good,8.0,UG/M3,1 Hr,Valid
Tashkent,PM2.5 - Principal,2023-08-11 09:00 PM,2023,08,11,21,11.5,48,Good,17.0,UG/M3,1 Hr,Valid
Tashkent,PM2.5 - Principal,2023-08-11 10:00 PM,2023,08,11,22,14.2,55,Moderate,17.0,UG/M3,1 Hr,Valid
Tashkent,PM2.5 - Principal,2023-08-11 11:00 PM,2023,08,11,23,9.6,40,Good,5.0,UG/M3,1 Hr,Valid
Tashkent,PM2.5 - Principal,2023-08-12 12:00 AM,2023,08,12,00,10.8,45,Good,12.0,UG/M3,1 Hr,Valid
Tashkent,PM2.5 - Principal,2023-08-12 01:00 AM,2023,08,12,01,10.9,45,Good,11.0,UG/M3,1 Hr,Valid
Tashkent,PM2.5 - Principal,2023-08-12 02:00 AM,2023,08,12,02,9.9,41,Good,9.0,UG/M3,1 Hr,Valid
Tashkent,PM2.5 - Principal,2023-08-12 03:00 AM,2023,08,12,03,9.9,41,Good,10.0,UG/M3,1 Hr,Valid
Tashkent,PM2.5 - Principal,2023-08-12 04:00 AM,2023,08,12,04,8.4,35,Good,7.0,UG/M3,1 Hr,Valid
Tashkent,PM2.5 - Principal,2023-08-12 05:00 AM,2023,08,12,05,9.2,38,Good,10.0,UG/M3,1 Hr,Valid
Tashkent,PM2.5 - Principal,2023-08-12 06:00 AM,2023,08,12,06,7.6,32,Good,6.0,UG/M3,1 Hr,Valid
Tashkent,PM2.5 - Principal,2023-08-12 07:00 AM,2023,08,12,07,8.8,37,Good,10.0,UG/M3,1 Hr,Valid
Tashkent,PM2.5 - Principal,2023-08-12 08:00 AM,2023,08,12,08,8.9,37,Good,9.0,UG/M3,1 Hr,Valid
Tashkent,PM2.5 - Principal,2023-08-12 09:00 AM,2023,08,12,09,13.9,55,Moderate,19.0,UG/M3,1 Hr,Valid
Tashkent,PM2.5 - Principal,2023-08-12 10:00 AM,2023,08,12,10,9.4,39,Good,5.0,UG/M3,1 Hr,Valid
Tashkent,PM2.5 - Principal,2023-08-12 11:00 AM,2023,08,12,11,7.2,30,Good,5.0,UG/M3,1 Hr,Valid
Tashkent,PM2.5 - Principal,2023-08-12 12:00 PM,2023,08,12,12,5.1,21,Good,3.0,UG/M3,1 Hr,Valid
Tashkent,PM2.5 - Principal,2023-08-12 01:00 PM,2023,08,12,13,5.5,23,Good,6.0,UG/M3,1 Hr,Valid
Tashkent,PM2.5 - Principal,2023-08-12 02:00 PM,2023,08,12,14,5.2,22,Good,5.0,UG/M3,1 Hr,Valid
Tashkent,PM2.5 - Principal,2023-08-12 03:00 PM,2023,08,12,15,5.6,23,Good,6.0,UG/M3,1 Hr,Valid
Tashkent,PM2.5 - Principal,2023-08-12 04:00 PM,2023,08,12,16,6.8,28,Good,8.0,UG/M3,1 Hr,Valid
Tashkent,PM2.5 - Principal,2023-08-12 05:00 PM,2023,08,12,17,6.9,29,Good,7.0,UG/M3,1 Hr,Valid
Tashkent,PM2.5 - Principal,2023-08-12 06:00 PM,2023,08,12,18,6.4,27,Good,6.0,UG/M3,1 Hr,Valid
Tashkent,PM2.5 - Principal,2023-08-12 07:00 PM,2023,08,12,19,7.2,30,Good,8.0,UG/M3,1 Hr,Valid
Tashkent,PM2.5 - Principal,2023-08-12 08:00 PM,2023,08,12,20,9.1,38,Good,11.0,UG/M3,1 Hr,Valid
Tashkent,PM2.5 - Principal,2023-08-12 09:00 PM,2023,08,12,21,17.0,61,Moderate,25.0,UG/M3,1 Hr,Valid
Tashkent,PM2.5 - Principal,2023-08-12 10:00 PM,2023,08,12,22,18.0,63,Moderate,19.0,UG/M3,1 Hr,Valid
Tashkent,PM2.5 - Principal,2023-08-12 11:00 PM,2023,08,12,23,21.0,70,Moderate,24.0,UG/M3,1 Hr,Valid
Tashkent,PM2.5 - Principal,2023-08-13 12:00 AM,2023,08,13,00,18.0,63,Moderate,15.0,UG/M3,1 Hr,Valid
Tashkent,PM2.5 - Principal,2023-08-13 01:00 AM,2023,08,13,01,15.5,58,Moderate,13.0,UG/M3,1 Hr,Valid
Tashkent,PM2.5 - Principal,2023-08-13 02:00 AM,2023,08,13,02,21.2,70,Moderate,27.0,UG/M3,1 Hr,Valid
Tashkent,PM2.5 - Principal,2023-08-13 03:00 AM,2023,08,13,03,22.6,73,Moderate,24.0,UG/M3,1 Hr,Valid
Tashkent,PM2.5 - Principal,2023-08-13 04:00 AM,2023,08,13,04,22.3,72,Moderate,22.0,UG/M3,1 Hr,Valid
Tashkent,PM2.5 - Principal,2023-08-13 05:00 AM,2023,08,13,05,22.6,73,Moderate,23.0,UG/M3,1 Hr,Valid
Tashkent,PM2.5 - Principal,2023-08-13 06:00 AM,2023,08,13,06,24.3,77,Moderate,26.0,UG/M3,1 Hr,Valid
Tashkent,PM2.5 - Principal,2023-08-13 07:00 AM,2023,08,13,07,25.1,78,Moderate,26.0,UG/M3,1 Hr,Valid
Tashkent,PM2.5 - Principal,2023-08-13 08:00 AM,2023,08,13,08,24.5,77,Moderate,24.0,UG/M3,1 Hr,Valid
Tashkent,PM2.5 - Principal,2023-08-13 09:00 AM,2023,08,13,09,20.2,68,Moderate,16.0,UG/M3,1 Hr,Valid
Tashkent,PM2.5 - Principal,2023-08-13 10:00 AM,2023,08,13,10,17.1,62,Moderate,14.0,UG/M3,1 Hr,Valid
Tashkent,PM2.5 - Principal,2023-08-13 11:00 AM,2023,08,13,11,14.5,56,Moderate,12.0,UG/M3,1 Hr,Valid
Tashkent,PM2.5 - Principal,2023-08-13 12:00 PM,2023,08,13,12,14.7,56,Moderate,15.0,UG/M3,1 Hr,Valid
Tashkent,PM2.5 - Principal,2023-08-13 01:00 PM,2023,08,13,13,16.8,61,Moderate,19.0,UG/M3,1 Hr,Valid
Tashkent,PM2.5 - Principal,2023-08-13 02:00 PM,2023,08,13,14,11.4,48,Good,6.0,UG/M3,1 Hr,Valid
Tashkent,PM2.5 - Principal,2023-08-13 03:00 PM,2023,08,13,15,7.7,32,Good,4.0,UG/M3,1 Hr,Valid
Tashkent,PM2.5 - Principal,2023-08-13 04:00 PM,2023,08,13,16,4.8,20,Good,2.0,UG/M3,1 Hr,Valid
Tashkent,PM2.5 - Principal,2023-08-13 05:00 PM,2023,08,13,17,3.4,14,Good,2.0,UG/M3,1 Hr,Valid
Tashkent,PM2.5 - Principal,2023-08-13 06:00 PM,2023,08,13,18,2.7,11,Good,2.0,UG/M3,1 Hr,Valid
Tashkent,PM2.5 - Principal,2023-08-13 07:00 PM,2023,08,13,19,3.3,14,Good,4.0,UG/M3,1 Hr,Valid
Tashkent,PM2.5 - Principal,2023-08-13 08:00 PM,2023,08,13,20,6.1,25,Good,9.0,UG/M3,1 Hr,Valid
Tashkent,PM2.5 - Principal,2023-08-13 09:00 PM,2023,08,13,21,11.0,46,Good,16.0,UG/M3,1 Hr,Valid
Tashkent,PM2.5 - Principal,2023-08-13 10:00 PM,2023,08,13,22,9.5,40,Good,8.0,UG/M3,1 Hr,Valid
Tashkent,PM2.5 - Principal,2023-08-13 11:00 PM,2023,08,13,23,10.2,43,Good,11.0,UG/M3,1 Hr,Valid
Tashkent,PM2.5 - Principal,2023-08-14 12:00 AM,2023,08,14,00,8.6,36,Good,7.0,UG/M3,1 Hr,Valid
Tashkent,PM2.5 - Principal,2023-08-14 01:00 AM,2023,08,14,01,6.3,26,Good,4.0,UG/M3,1 Hr,Valid
Tashkent,PM2.5 - Principal,2023-08-14 02:00 AM,2023,08,14,02,5.1,21,Good,4.0,UG/M3,1 Hr,Valid
Tashkent,PM2.5 - Principal,2023-08-14 03:00 AM,2023,08,14,03,8.0,33,Good,11.0,UG/M3,1 Hr,Valid
Tashkent,PM2.5 - Principal,2023-08-14 04:00 AM,2023,08,14,04,9.5,40,Good,11.0,UG/M3,1 Hr,Valid
Tashkent,PM2.5 - Principal,2023-08-14 05:00 AM,2023,08,14,05,11.2,47,Good,13.0,UG/M3,1 Hr,Valid
Tashkent,PM2.5 - Principal,2023-08-14 06:00 AM,2023,08,14,06,14.6,56,Moderate,18.0,UG/M3,1 Hr,Valid
Tashkent,PM2.5 - Principal,2023-08-14 07:00 AM,2023,08,14,07,18.8,65,Moderate,23.0,UG/M3,1 Hr,Valid
Tashkent,PM2.5 - Principal,2023-08-14 08:00 AM,2023,08,14,08,23.4,75,Moderate,28.0,UG/M3,1 Hr,Valid
Tashkent,PM2.5 - Principal,2023-08-14 09:00 AM,2023,08,14,09,23.7,75,Moderate,24.0,UG/M3,1 Hr,Valid
Tashkent,PM2.5 - Principal,2023-08-14 10:00 AM,2023,08,14,10,18.8,65,Moderate,14.0,UG/M3,1 Hr,Valid
Tashkent,PM2.5 - Principal,2023-08-14 11:00 AM,2023,08,14,11,15.9,59,Moderate,13.0,UG/M3,1 Hr,Valid
Tashkent,PM2.5 - Principal,2023-08-14 12:00 PM,2023,08,14,12,13.9,55,Moderate,12.0,UG/M3,1 Hr,Valid
Tashkent,PM2.5 - Principal,2023-08-14 01:00 PM,2023,08,14,13,13.4,54,Moderate,13.0,UG/M3,1 Hr,Valid
Tashkent,PM2.5 - Principal,2023-08-14 02:00 PM,2023,08,14,14,12.2,51,Moderate,11.0,UG/M3,1 Hr,Valid
Tashkent,PM2.5 - Principal,2023-08-14 03:00 PM,2023,08,14,15,10.6,44,Good,9.0,UG/M3,1 Hr,Valid
Tashkent,PM2.5 - Principal,2023-08-14 04:00 PM,2023,08,14,16,8.3,35,Good,6.0,UG/M3,1 Hr,Valid
Tashkent,PM2.5 - Principal,2023-08-14 05:00 PM,2023,08,14,17,5.6,23,Good,3.0,UG/M3,1 Hr,Valid
Tashkent,PM2.5 - Principal,2023-08-14 06:00 PM,2023,08,14,18,3.3,14,Good,1.0,UG/M3,1 Hr,Valid
Tashkent,PM2.5 - Principal,2023-08-14 07:00 PM,2023,08,14,19,3.6,15,Good,4.0,UG/M3,1 Hr,Valid
Tashkent,PM2.5 - Principal,2023-08-14 08:00 PM,2023,08,14,20,6.3,26,Good,9.0,UG/M3,1 Hr,Valid
Tashkent,PM2.5 - Principal,2023-08-14 09:00 PM,2023,08,14,21,7.6,32,Good,9.0,UG/M3,1 Hr,Valid
Tashkent,PM2.5 - Principal,2023-08-14 10:00 PM,2023,08,14,22,7.3,30,Good,7.0,UG/M3,1 Hr,Valid
Tashkent,PM2.5 - Principal,2023-08-14 11:00 PM,2023,08,14,23,9.1,38,Good,11.0,UG/M3,1 Hr,Valid
Tashkent,PM2.5 - Principal,2023-08-15 12:00 AM,2023,08,15,00,11.0,46,Good,13.0,UG/M3,1 Hr,Valid
Tashkent,PM2.5 - Principal,2023-08-15 01:00 AM,2023,08,15,01,13.0,53,Moderate,15.0,UG/M3,1 Hr,Valid
Tashkent,PM2.5 - Principal,2023-08-15 02:00 AM,2023,08,15,02,14.0,55,Moderate,15.0,UG/M3,1 Hr,Valid
Tashkent,PM2.5 - Principal,2023-08-15 03:00 AM,2023,08,15,03,10.0,42,Good,6.0,UG/M3,1 Hr,Valid
Tashkent,PM2.5 - Principal,2023-08-15 04:00 AM,2023,08,15,04,15.0,57,Moderate,20.0,UG/M3,1 Hr,Valid
Tashkent,PM2.5 - Principal,2023-08-15 05:00 AM,2023,08,15,05,15.5,58,Moderate,16.0,UG/M3,1 Hr,Valid
Tashkent,PM2.5 - Principal,2023-08-15 06:00 AM,2023,08,15,06,13.7,54,Moderate,12.0,UG/M3,1 Hr,Valid
Tashkent,PM2.5 - Principal,2023-08-15 07:00 AM,2023,08,15,07,15.8,59,Moderate,18.0,UG/M3,1 Hr,Valid
Tashkent,PM2.5 - Principal,2023-08-15 08:00 AM,2023,08,15,08,17.9,63,Moderate,20.0,UG/M3,1 Hr,Valid
Tashkent,PM2.5 - Principal,2023-08-15 09:00 AM,2023,08,15,09,16.4,60,Moderate,15.0,UG/M3,1 Hr,Valid
Tashkent,PM2.5 - Principal,2023-08-15 10:00 AM,2023,08,15,10,17.7,63,Moderate,19.0,UG/M3,1 Hr,Valid
Tashkent,PM2.5 - Principal,2023-08-15 11:00 AM,2023,08,15,11,16.8,61,Moderate,16.0,UG/M3,1 Hr,Valid
Tashkent,PM2.5 - Principal,2023-08-15 12:00 PM,2023,08,15,12,16.4,60,Moderate,16.0,UG/M3,1 Hr,Valid
Tashkent,PM2.5 - Principal,2023-08-15 01:00 PM,2023,08,15,13,11.7,49,Good,7.0,UG/M3,1 Hr,Valid
Tashkent,PM2.5 - Principal,2023-08-15 02:00 PM,2023,08,15,14,8.3,35,Good,5.0,UG/M3,1 Hr,Valid
Tashkent,PM2.5 - Principal,2023-08-15 03:00 PM,2023,08,15,15,6.1,25,Good,4.0,UG/M3,1 Hr,Valid
Tashkent,PM2.5 - Principal,2023-08-15 04:00 PM,2023,08,15,16,3.5,15,Good,1.0,UG/M3,1 Hr,Valid
Tashkent,PM2.5 - Principal,2023-08-15 05:00 PM,2023,08,15,17,1.7,7,Good,0.0,UG/M3,1 Hr,Valid
Tashkent,PM2.5 - Principal,2023-08-15 06:00 PM,2023,08,15,18,4.3,18,Good,7.0,UG/M3,1 Hr,Valid
Tashkent,PM2.5 - Principal,2023-08-15 07:00 PM,2023,08,15,19,5.1,21,Good,6.0,UG/M3,1 Hr,Valid
Tashkent,PM2.5 - Principal,2023-08-15 08:00 PM,2023,08,15,20,7.5,31,Good,10.0,UG/M3,1 Hr,Valid
Tashkent,PM2.5 - Principal,2023-08-15 09:00 PM,2023,08,15,21,13.7,54,Moderate,20.0,UG/M3,1 Hr,Valid
Tashkent,PM2.5 - Principal,2023-08-15 10:00 PM,2023,08,15,22,19.9,67,Moderate,26.0,UG/M3,1 Hr,Valid
Tashkent,PM2.5 - Principal,2023-08-15 11:00 PM,2023,08,15,23,17.4,62,Moderate,15.0,UG/M3,1 Hr,Valid
Tashkent,PM2.5 - Principal,2023-08-16 12:00 AM,2023,08,16,00,11.7,49,Good,6.0,UG/M3,1 Hr,Valid
Tashkent,PM2.5 - Principal,2023-08-16 01:00 AM,2023,08,16,01,16.3,60,Moderate,21.0,UG/M3,1 Hr,Valid
Tashkent,PM2.5 - Principal,2023-08-16 02:00 AM,2023,08,16,02,24.1,76,Moderate,32.0,UG/M3,1 Hr,Valid
Tashkent,PM2.5 - Principal,2023-08-16 03:00 AM,2023,08,16,03,27.5,83,Moderate,31.0,UG/M3,1 Hr,Valid
Tashkent,PM2.5 - Principal,2023-08-16 04:00 AM,2023,08,16,04,24.8,78,Moderate,22.0,UG/M3,1 Hr,Valid
Tashkent,PM2.5 - Principal,2023-08-16 05:00 AM,2023,08,16,05,23.4,75,Moderate,22.0,UG/M3,1 Hr,Valid
Tashkent,PM2.5 - Principal,2023-08-16 06:00 AM,2023,08,16,06,20.2,68,Moderate,17.0,UG/M3,1 Hr,Valid
Tashkent,PM2.5 - Principal,2023-08-16 07:00 AM,2023,08,16,07,19.1,66,Moderate,18.0,UG/M3,1 Hr,Valid
Tashkent,PM2.5 - Principal,2023-08-16 08:00 AM,2023,08,16,08,18.5,64,Moderate,18.0,UG/M3,1 Hr,Valid
Tashkent,PM2.5 - Principal,2023-08-16 09:00 AM,2023,08,16,09,24.2,76,Moderate,30.0,UG/M3,1 Hr,Valid
Tashkent,PM2.5 - Principal,2023-08-16 10:00 AM,2023,08,16,10,27.1,83,Moderate,30.0,UG/M3,1 Hr,Valid
Tashkent,PM2.5 - Principal,2023-08-16 11:00 AM,2023,08,16,11,23.5,75,Moderate,20.0,UG/M3,1 Hr,Valid
Tashkent,PM2.5 - Principal,2023-08-16 12:00 PM,2023,08,16,12,20.5,69,Moderate,17.0,UG/M3,1 Hr,Valid
Tashkent,PM2.5 - Principal,2023-08-16 01:00 PM,2023,08,16,13,17.6,63,Moderate,15.0,UG/M3,1 Hr,Valid
Tashkent,PM2.5 - Principal,2023-08-16 02:00 PM,2023,08,16,14,15.3,58,Moderate,13.0,UG/M3,1 Hr,Valid
Tashkent,PM2.5 - Principal,2023-08-16 03:00 PM,2023,08,16,15,15.1,57,Moderate,15.0,UG/M3,1 Hr,Valid
Tashkent,PM2.5 - Principal,2023-08-16 04:00 PM,2023,08,16,16,14.5,56,Moderate,14.0,UG/M3,1 Hr,Valid
Tashkent,PM2.5 - Principal,2023-08-16 05:00 PM,2023,08,16,17,15.2,58,Moderate,16.0,UG/M3,1 Hr,Valid
Tashkent,PM2.5 - Principal,2023-08-16 06:00 PM,2023,08,16,18,13.1,53,Moderate,11.0,UG/M3,1 Hr,Valid
Tashkent,PM2.5 - Principal,2023-08-16 07:00 PM,2023,08,16,19,11.0,46,Good,9.0,UG/M3,1 Hr,Valid
Tashkent,PM2.5 - Principal,2023-08-16 08:00 PM,2023,08,16,20,17.5,62,Moderate,24.0,UG/M3,1 Hr,Valid
Tashkent,PM2.5 - Principal,2023-08-16 09:00 PM,2023,08,16,21,24.7,77,Moderate,32.0,UG/M3,1 Hr,Valid
Tashkent,PM2.5 - Principal,2023-08-16 10:00 PM,2023,08,16,22,25.3,79,Moderate,26.0,UG/M3,1 Hr,Valid
Tashkent,PM2.5 - Principal,2023-08-16 11:00 PM,2023,08,16,23,26.6,81,Moderate,28.0,UG/M3,1 Hr,Valid
Tashkent,PM2.5 - Principal,2023-08-17 12:00 AM,2023,08,17,00,32.8,95,Moderate,39.0,UG/M3,1 Hr,Valid
Tashkent,PM2.5 - Principal,2023-08-17 01:00 AM,2023,08,17,01,30.9,91,Moderate,29.0,UG/M3,1 Hr,Valid
Tashkent,PM2.5 - Principal,2023-08-17 02:00 AM,2023,08,17,02,29.4,87,Moderate,28.0,UG/M3,1 Hr,Valid
Tashkent,PM2.5 - Principal,2023-08-17 03:00 AM,2023,08,17,03,30.2,89,Moderate,31.0,UG/M3,1 Hr,Valid
Tashkent,PM2.5 - Principal,2023-08-17 04:00 AM,2023,08,17,04,29.6,88,Moderate,29.0,UG/M3,1 Hr,Valid
Tashkent,PM2.5 - Principal,2023-08-17 05:00 AM,2023,08,17,05,25.8,80,Moderate,22.0,UG/M3,1 Hr,Valid
Tashkent,PM2.5 - Principal,2023-08-17 06:00 AM,2023,08,17,06,21.9,72,Moderate,18.0,UG/M3,1 Hr,Valid
Tashkent,PM2.5 - Principal,2023-08-17 07:00 AM,2023,08,17,07,23.4,75,Moderate,25.0,UG/M3,1 Hr,Valid
Tashkent,PM2.5 - Principal,2023-08-17 08:00 AM,2023,08,17,08,24.2,76,Moderate,25.0,UG/M3,1 Hr,Valid
Tashkent,PM2.5 - Principal,2023-08-17 09:00 AM,2023,08,17,09,24.6,77,Moderate,25.0,UG/M3,1 Hr,Valid
Tashkent,PM2.5 - Principal,2023-08-17 10:00 AM,2023,08,17,10,22.8,74,Moderate,21.0,UG/M3,1 Hr,Valid
Tashkent,PM2.5 - Principal,2023-08-17 11:00 AM,2023,08,17,11,18.4,64,Moderate,14.0,UG/M3,1 Hr,Valid
Tashkent,PM2.5 - Principal,2023-08-17 12:00 PM,2023,08,17,12,20.1,68,Moderate,22.0,UG/M3,1 Hr,Valid
Tashkent,PM2.5 - Principal,2023-08-17 01:00 PM,2023,08,17,13,19.5,67,Moderate,19.0,UG/M3,1 Hr,Valid
Tashkent,PM2.5 - Principal,2023-08-17 02:00 PM,2023,08,17,14,16.7,61,Moderate,14.0,UG/M3,1 Hr,Valid
Tashkent,PM2.5 - Principal,2023-08-17 03:00 PM,2023,08,17,15,15.8,59,Moderate,15.0,UG/M3,1 Hr,Valid
Tashkent,PM2.5 - Principal,2023-08-17 04:00 PM,2023,08,17,16,15.2,58,Moderate,14.0,UG/M3,1 Hr,Valid
Tashkent,PM2.5 - Principal,2023-08-17 05:00 PM,2023,08,17,17,16.4,60,Moderate,18.0,UG/M3,1 Hr,Valid
Tashkent,PM2.5 - Principal,2023-08-17 06:00 PM,2023,08,17,18,17.1,62,Moderate,18.0,UG/M3,1 Hr,Valid
Tashkent,PM2.5 - Principal,2023-08-17 07:00 PM,2023,08,17,19,17.0,61,Moderate,17.0,UG/M3,1 Hr,Valid
Tashkent,PM2.5 - Principal,2023-08-17 08:00 PM,2023,08,17,20,20.1,68,Moderate,24.0,UG/M3,1 Hr,Valid
Tashkent,PM2.5 - Principal,2023-08-17 09:00 PM,2023,08,17,21,25.7,80,Moderate,31.0,UG/M3,1 Hr,Valid
Tashkent,PM2.5 - Principal,2023-08-17 10:00 PM,2023,08,17,22,31.3,91,Moderate,37.0,UG/M3,1 Hr,Valid
Tashkent,PM2.5 - Principal,2023-08-17 11:00 PM,2023,08,17,23,34.6,98,Moderate,38.0,UG/M3,1 Hr,Valid
Tashkent,PM2.5 - Principal,2023-08-18 12:00 AM,2023,08,18,00,36.8,104,Unhealthy for Sensitive Groups,39.0,UG/M3,1 Hr,Valid
Tashkent,PM2.5 - Principal,2023-08-18 01:00 AM,2023,08,18,01,36.9,104,Unhealthy for Sensitive Groups,37.0,UG/M3,1 Hr,Valid
Tashkent,PM2.5 - Principal,2023-08-18 02:00 AM,2023,08,18,02,36.9,104,Unhealthy for Sensitive Groups,37.0,UG/M3,1 Hr,Valid
Tashkent,PM2.5 - Principal,2023-08-18 03:00 AM,2023,08,18,03,33.4,96,Moderate,30.0,UG/M3,1 Hr,Valid
Tashkent,PM2.5 - Principal,2023-08-18 04:00 AM,2023,08,18,04,31.2,91,Moderate,29.0,UG/M3,1 Hr,Valid
Tashkent,PM2.5 - Principal,2023-08-18 05:00 AM,2023,08,18,05,28.1,85,Moderate,25.0,UG/M3,1 Hr,Valid
Tashkent,PM2.5 - Principal,2023-08-18 06:00 AM,2023,08,18,06,25.5,79,Moderate,23.0,UG/M3,1 Hr,Valid
Tashkent,PM2.5 - Principal,2023-08-18 07:00 AM,2023,08,18,07,25.9,80,Moderate,25.0,UG/M3,1 Hr,Valid
Tashkent,PM2.5 - Principal,2023-08-18 08:00 AM,2023,08,18,08,25.1,78,Moderate,24.0,UG/M3,1 Hr,Valid
Tashkent,PM2.5 - Principal,2023-08-18 09:00 AM,2023,08,18,09,25.0,78,Moderate,25.0,UG/M3,1 Hr,Valid
Tashkent,PM2.5 - Principal,2023-08-18 10:00 AM,2023,08,18,10,33.3,96,Moderate,43.0,UG/M3,1 Hr,Valid
Tashkent,PM2.5 - Principal,2023-08-18 11:00 AM,2023,08,18,11,29.4,87,Moderate,25.0,UG/M3,1 Hr,Valid
Tashkent,PM2.5 - Principal,2023-08-18 12:00 PM,2023,08,18,12,28.3,85,Moderate,27.0,UG/M3,1 Hr,Valid
Tashkent,PM2.5 - Principal,2023-08-18 01:00 PM,2023,08,18,13,30.0,89,Moderate,32.0,UG/M3,1 Hr,Valid
Tashkent,PM2.5 - Principal,2023-08-18 02:00 PM,2023,08,18,14,27.2,83,Moderate,24.0,UG/M3,1 Hr,Valid
Tashkent,PM2.5 - Principal,2023-08-18 03:00 PM,2023,08,18,15,18.5,64,Moderate,10.0,UG/M3,1 Hr,Valid
Tashkent,PM2.5 - Principal,2023-08-18 04:00 PM,2023,08,18,16,18.2,64,Moderate,18.0,UG/M3,1 Hr,Valid
Tashkent,PM2.5 - Principal,2023-08-18 05:00 PM,2023,08,18,17,15.6,58,Moderate,13.0,UG/M3,1 Hr,Valid
Tashkent,PM2.5 - Principal,2023-08-18 06:00 PM,2023,08,18,18,15.3,58,Moderate,15.0,UG/M3,1 Hr,Valid
Tashkent,PM2.5 - Principal,2023-08-18 07:00 PM,2023,08,18,19,17.6,63,Moderate,20.0,UG/M3,1 Hr,Valid
Tashkent,PM2.5 - Principal,2023-08-18 08:00 PM,2023,08,18,20,17.3,62,Moderate,17.0,UG/M3,1 Hr,Valid
Tashkent,PM2.5 - Principal,2023-08-18 09:00 PM,2023,08,18,21,22.1,72,Moderate,27.0,UG/M3,1 Hr,Valid
Tashkent,PM2.5 - Principal,2023-08-18 10:00 PM,2023,08,18,22,19.0,66,Moderate,16.0,UG/M3,1 Hr,Valid
Tashkent,PM2.5 - Principal,2023-08-18 11:00 PM,2023,08,18,23,20.0,68,Moderate,21.0,UG/M3,1 Hr,Valid
Tashkent,PM2.5 - Principal,2023-08-19 12:00 AM,2023,08,19,00,20.0,68,Moderate,20.0,UG/M3,1 Hr,Valid
Tashkent,PM2.5 - Principal,2023-08-19 01:00 AM,2023,08,19,01,25.0,78,Moderate,30.0,UG/M3,1 Hr,Valid
Tashkent,PM2.5 - Principal,2023-08-19 02:00 AM,2023,08,19,02,24.5,77,Moderate,24.0,UG/M3,1 Hr,Valid
Tashkent,PM2.5 - Principal,2023-08-19 03:00 AM,2023,08,19,03,24.2,76,Moderate,24.0,UG/M3,1 Hr,Valid
Tashkent,PM2.5 - Principal,2023-08-19 04:00 AM,2023,08,19,04,23.6,75,Moderate,23.0,UG/M3,1 Hr,Valid
Tashkent,PM2.5 - Principal,2023-08-19 05:00 AM,2023,08,19,05,17.8,63,Moderate,12.0,UG/M3,1 Hr,Valid
Tashkent,PM2.5 - Principal,2023-08-19 06:00 AM,2023,08,19,06,15.4,58,Moderate,13.0,UG/M3,1 Hr,Valid
Tashkent,PM2.5 - Principal,2023-08-19 07:00 AM,2023,08,19,07,15.2,58,Moderate,15.0,UG/M3,1 Hr,Valid
Tashkent,PM2.5 - Principal,2023-08-19 08:00 AM,2023,08,19,08,13.1,53,Moderate,11.0,UG/M3,1 Hr,Valid
Tashkent,PM2.5 - Principal,2023-08-19 09:00 AM,2023,08,19,09,11.0,46,Good,9.0,UG/M3,1 Hr,Valid
Tashkent,PM2.5 - Principal,2023-08-19 10:00 AM,2023,08,19,10,12.5,52,Moderate,14.0,UG/M3,1 Hr,Valid
Tashkent,PM2.5 - Principal,2023-08-19 11:00 AM,2023,08,19,11,13.7,54,Moderate,15.0,UG/M3,1 Hr,Valid
Tashkent,PM2.5 - Principal,2023-08-19 12:00 PM,2023,08,19,12,12.3,51,Moderate,11.0,UG/M3,1 Hr,Valid
Tashkent,PM2.5 - Principal,2023-08-19 01:00 PM,2023,08,19,13,11.6,48,Good,11.0,UG/M3,1 Hr,Valid
Tashkent,PM2.5 - Principal,2023-08-19 02:00 PM,2023,08,19,14,9.8,41,Good,8.0,UG/M3,1 Hr,Valid
Tashkent,PM2.5 - Principal,2023-08-19 03:00 PM,2023,08,19,15,8.4,35,Good,7.0,UG/M3,1 Hr,Valid
Tashkent,PM2.5 - Principal,2023-08-19 04:00 PM,2023,08,19,16,6.7,28,Good,5.0,UG/M3,1 Hr,Valid
Tashkent,PM2.5 - Principal,2023-08-19 05:00 PM,2023,08,19,17,4.8,20,Good,3.0,UG/M3,1 Hr,Valid
Tashkent,PM2.5 - Principal,2023-08-19 06:00 PM,2023,08,19,18,4.9,20,Good,5.0,UG/M3,1 Hr,Valid
Tashkent,PM2.5 - Principal,2023-08-19 07:00 PM,2023,08,19,19,6.9,29,Good,9.0,UG/M3,1 Hr,Valid
Tashkent,PM2.5 - Principal,2023-08-19 08:00 PM,2023,08,19,20,11.9,50,Good,17.0,UG/M3,1 Hr,Valid
Tashkent,PM2.5 - Principal,2023-08-19 09:00 PM,2023,08,19,21,17.9,63,Moderate,24.0,UG/M3,1 Hr,Valid
Tashkent,PM2.5 - Principal,2023-08-19 10:00 PM,2023,08,19,22,14.9,57,Moderate,12.0,UG/M3,1 Hr,Valid
Tashkent,PM2.5 - Principal,2023-08-19 11:00 PM,2023,08,19,23,14.9,57,Moderate,15.0,UG/M3,1 Hr,Valid
Tashkent,PM2.5 - Principal,2023-08-20 12:00 AM,2023,08,20,00,13.9,55,Moderate,13.0,UG/M3,1 Hr,Valid
Tashkent,PM2.5 - Principal,2023-08-20 01:00 AM,2023,08,20,01,11.9,50,Good,10.0,UG/M3,1 Hr,Valid
Tashkent,PM2.5 - Principal,2023-08-20 02:00 AM,2023,08,20,02,13.5,54,Moderate,15.0,UG/M3,1 Hr,Valid
Tashkent,PM2.5 - Principal,2023-08-20 03:00 AM,2023,08,20,03,13.2,53,Moderate,13.0,UG/M3,1 Hr,Valid
Tashkent,PM2.5 - Principal,2023-08-20 04:00 AM,2023,08,20,04,14.1,55,Moderate,15.0,UG/M3,1 Hr,Valid
Tashkent,PM2.5 - Principal,2023-08-20 05:00 AM,2023,08,20,05,12.5,52,Moderate,11.0,UG/M3,1 Hr,Valid
Tashkent,PM2.5 - Principal,2023-08-20 06:00 AM,2023,08,20,06,11.2,47,Good,10.0,UG/M3,1 Hr,Valid
Tashkent,PM2.5 - Principal,2023-08-20 07:00 AM,2023,08,20,07,11.6,48,Good,12.0,UG/M3,1 Hr,Valid
Tashkent,PM2.5 - Principal,2023-08-20 08:00 AM,2023,08,20,08,14.8,57,Moderate,18.0,UG/M3,1 Hr,Valid
Tashkent,PM2.5 - Principal,2023-08-20 09:00 AM,2023,08,20,09,12.9,53,Moderate,11.0,UG/M3,1 Hr,Valid
Tashkent,PM2.5 - Principal,2023-08-20 10:00 AM,2023,08,20,10,16.4,60,Moderate,20.0,UG/M3,1 Hr,Valid
Tashkent,PM2.5 - Principal,2023-08-20 11:00 AM,2023,08,20,11,15.2,58,Moderate,14.0,UG/M3,1 Hr,Valid
Tashkent,PM2.5 - Principal,2023-08-20 12:00 PM,2023,08,20,12,13.1,53,Moderate,11.0,UG/M3,1 Hr,Valid
Tashkent,PM2.5 - Principal,2023-08-20 01:00 PM,2023,08,20,13,10.0,42,Good,7.0,UG/M3,1 Hr,Valid
Tashkent,PM2.5 - Principal,2023-08-20 02:00 PM,2023,08,20,14,6.5,27,Good,3.0,UG/M3,1 Hr,Valid
Tashkent,PM2.5 - Principal,2023-08-20 03:00 PM,2023,08,20,15,4.7,20,Good,3.0,UG/M3,1 Hr,Valid
Tashkent,PM2.5 - Principal,2023-08-20 04:00 PM,2023,08,20,16,5.3,22,Good,6.0,UG/M3,1 Hr,Valid
Tashkent,PM2.5 - Principal,2023-08-20 05:00 PM,2023,08,20,17,5.6,23,Good,6.0,UG/M3,1 Hr,Valid
Tashkent,PM2.5 - Principal,2023-08-20 06:00 PM,2023,08,20,18,5.3,22,Good,5.0,UG/M3,1 Hr,Valid
Tashkent,PM2.5 - Principal,2023-08-20 07:00 PM,2023,08,20,19,13.1,53,Moderate,21.0,UG/M3,1 Hr,Valid
Tashkent,PM2.5 - Principal,2023-08-20 08:00 PM,2023,08,20,20,15.5,58,Moderate,18.0,UG/M3,1 Hr,Valid
Tashkent,PM2.5 - Principal,2023-08-20 09:00 PM,2023,08,20,21,14.2,55,Moderate,13.0,UG/M3,1 Hr,Valid
Tashkent,PM2.5 - Principal,2023-08-20 10:00 PM,2023,08,20,22,13.1,53,Moderate,12.0,UG/M3,1 Hr,Valid
Tashkent,PM2.5 - Principal,2023-08-20 11:00 PM,2023,08,20,23,12.0,50,Good,11.0,UG/M3,1 Hr,Valid
Tashkent,PM2.5 - Principal,2023-08-21 12:00 AM,2023,08,21,00,11.0,46,Good,10.0,UG/M3,1 Hr,Valid
Tashkent,PM2.5 - Principal,2023-08-21 01:00 AM,2023,08,21,01,10.5,44,Good,10.0,UG/M3,1 Hr,Valid
Tashkent,PM2.5 - Principal,2023-08-21 02:00 AM,2023,08,21,02,10.5,44,Good,-999.0,UG/M3,1 Hr,Missing
Tashkent,PM2.5 - Principal,2023-08-21 04:00 AM,2023,08,21,04,-999.0,-999,N/A,12.0,UG/M3,1 Hr,Valid
Tashkent,PM2.5 - Principal,2023-08-21 05:00 AM,2023,08,21,05,12.5,52,Moderate,13.0,UG/M3,1 Hr,Valid
Tashkent,PM2.5 - Principal,2023-08-21 06:00 AM,2023,08,21,06,10.5,44,Good,9.0,UG/M3,1 Hr,Valid
Tashkent,PM2.5 - Principal,2023-08-21 07:00 AM,2023,08,21,07,9.2,38,Good,8.0,UG/M3,1 Hr,Valid
Tashkent,PM2.5 - Principal,2023-08-21 08:00 AM,2023,08,21,08,14.2,55,Moderate,19.0,UG/M3,1 Hr,Valid
Tashkent,PM2.5 - Principal,2023-08-21 09:00 AM,2023,08,21,09,14.1,55,Moderate,14.0,UG/M3,1 Hr,Valid
Tashkent,PM2.5 - Principal,2023-08-21 10:00 AM,2023,08,21,10,15.5,58,Moderate,17.0,UG/M3,1 Hr,Valid
Tashkent,PM2.5 - Principal,2023-08-21 11:00 AM,2023,08,21,11,16.7,61,Moderate,18.0,UG/M3,1 Hr,Valid
Tashkent,PM2.5 - Principal,2023-08-21 12:00 PM,2023,08,21,12,16.8,61,Moderate,17.0,UG/M3,1 Hr,Valid
Tashkent,PM2.5 - Principal,2023-08-21 01:00 PM,2023,08,21,13,12.4,52,Moderate,8.0,UG/M3,1 Hr,Valid
Tashkent,PM2.5 - Principal,2023-08-21 02:00 PM,2023,08,21,14,10.7,45,Good,9.0,UG/M3,1 Hr,Valid
Tashkent,PM2.5 - Principal,2023-08-21 03:00 PM,2023,08,21,15,10.8,45,Good,11.0,UG/M3,1 Hr,Valid
Tashkent,PM2.5 - Principal,2023-08-21 04:00 PM,2023,08,21,16,9.9,41,Good,9.0,UG/M3,1 Hr,Valid
Tashkent,PM2.5 - Principal,2023-08-21 05:00 PM,2023,08,21,17,7.9,33,Good,6.0,UG/M3,1 Hr,Valid
Tashkent,PM2.5 - Principal,2023-08-21 06:00 PM,2023,08,21,18,6.9,29,Good,6.0,UG/M3,1 Hr,Valid
Tashkent,PM2.5 - Principal,2023-08-21 07:00 PM,2023,08,21,19,9.4,39,Good,12.0,UG/M3,1 Hr,Valid
Tashkent,PM2.5 - Principal,2023-08-21 08:00 PM,2023,08,21,20,15.7,59,Moderate,22.0,UG/M3,1 Hr,Valid
Tashkent,PM2.5 - Principal,2023-08-21 09:00 PM,2023,08,21,21,23.3,75,Moderate,31.0,UG/M3,1 Hr,Valid
Tashkent,PM2.5 - Principal,2023-08-21 10:00 PM,2023,08,21,22,27.1,83,Moderate,31.0,UG/M3,1 Hr,Valid
Tashkent,PM2.5 - Principal,2023-08-21 11:00 PM,2023,08,21,23,36.0,102,Unhealthy for Sensitive Groups,45.0,UG/M3,1 Hr,Valid
Tashkent,PM2.5 - Principal,2023-08-22 12:00 AM,2023,08,22,00,42.0,117,Unhealthy for Sensitive Groups,48.0,UG/M3,1 Hr,Valid
Tashkent,PM2.5 - Principal,2023-08-22 01:00 AM,2023,08,22,01,42.0,117,Unhealthy for Sensitive Groups,42.0,UG/M3,1 Hr,Valid
Tashkent,PM2.5 - Principal,2023-08-22 02:00 AM,2023,08,22,02,39.5,111,Unhealthy for Sensitive Groups,37.0,UG/M3,1 Hr,Valid
Tashkent,PM2.5 - Principal,2023-08-22 03:00 AM,2023,08,22,03,41.2,115,Unhealthy for Sensitive Groups,43.0,UG/M3,1 Hr,Valid
Tashkent,PM2.5 - Principal,2023-08-22 04:00 AM,2023,08,22,04,36.6,104,Unhealthy for Sensitive Groups,32.0,UG/M3,1 Hr,Valid
Tashkent,PM2.5 - Principal,2023-08-22 05:00 AM,2023,08,22,05,31.3,91,Moderate,26.0,UG/M3,1 Hr,Valid
Tashkent,PM2.5 - Principal,2023-08-22 06:00 AM,2023,08,22,06,31.1,91,Moderate,31.0,UG/M3,1 Hr,Valid
Tashkent,PM2.5 - Principal,2023-08-22 07:00 AM,2023,08,22,07,29.5,88,Moderate,28.0,UG/M3,1 Hr,Valid
Tashkent,PM2.5 - Principal,2023-08-22 08:00 AM,2023,08,22,08,23.7,75,Moderate,18.0,UG/M3,1 Hr,Valid
Tashkent,PM2.5 - Principal,2023-08-22 09:00 AM,2023,08,22,09,22.3,72,Moderate,21.0,UG/M3,1 Hr,Valid
Tashkent,PM2.5 - Principal,2023-08-22 10:00 AM,2023,08,22,10,17.6,63,Moderate,13.0,UG/M3,1 Hr,Valid
Tashkent,PM2.5 - Principal,2023-08-22 11:00 AM,2023,08,22,11,15.3,58,Moderate,13.0,UG/M3,1 Hr,Valid
Tashkent,PM2.5 - Principal,2023-08-22 12:00 PM,2023,08,22,12,20.6,69,Moderate,26.0,UG/M3,1 Hr,Valid
Tashkent,PM2.5 - Principal,2023-08-22 01:00 PM,2023,08,22,13,15.8,59,Moderate,11.0,UG/M3,1 Hr,Valid
Tashkent,PM2.5 - Principal,2023-08-22 02:00 PM,2023,08,22,14,12.9,53,Moderate,10.0,UG/M3,1 Hr,Valid
Tashkent,PM2.5 - Principal,2023-08-22 03:00 PM,2023,08,22,15,10.9,45,Good,9.0,UG/M3,1 Hr,Valid
Tashkent,PM2.5 - Principal,2023-08-22 04:00 PM,2023,08,22,16,8.4,35,Good,6.0,UG/M3,1 Hr,Valid
Tashkent,PM2.5 - Principal,2023-08-22 05:00 PM,2023,08,22,17,7.7,32,Good,7.0,UG/M3,1 Hr,Valid
Tashkent,PM2.5 - Principal,2023-08-22 06:00 PM,2023,08,22,18,8.3,35,Good,9.0,UG/M3,1 Hr,Valid
Tashkent,PM2.5 - Principal,2023-08-22 07:00 PM,2023,08,22,19,12.1,51,Moderate,16.0,UG/M3,1 Hr,Valid
Tashkent,PM2.5 - Principal,2023-08-22 08:00 PM,2023,08,22,20,14.5,56,Moderate,17.0,UG/M3,1 Hr,Valid
Tashkent,PM2.5 - Principal,2023-08-22 09:00 PM,2023,08,22,21,22.2,72,Moderate,30.0,UG/M3,1 Hr,Valid
Tashkent,PM2.5 - Principal,2023-08-22 10:00 PM,2023,08,22,22,33.6,96,Moderate,45.0,UG/M3,1 Hr,Valid
Tashkent,PM2.5 - Principal,2023-08-22 11:00 PM,2023,08,22,23,50.8,139,Unhealthy for Sensitive Groups,68.0,UG/M3,1 Hr,Valid
Tashkent,PM2.5 - Principal,2023-08-23 12:00 AM,2023,08,23,00,47.9,132,Unhealthy for Sensitive Groups,45.0,UG/M3,1 Hr,Valid
Tashkent,PM2.5 - Principal,2023-08-23 01:00 AM,2023,08,23,01,41.9,117,Unhealthy for Sensitive Groups,36.0,UG/M3,1 Hr,Valid
Tashkent,PM2.5 - Principal,2023-08-23 02:00 AM,2023,08,23,02,31.9,93,Moderate,22.0,UG/M3,1 Hr,Valid
Tashkent,PM2.5 - Principal,2023-08-23 03:00 AM,2023,08,23,03,25.4,79,Moderate,19.0,UG/M3,1 Hr,Valid
Tashkent,PM2.5 - Principal,2023-08-23 04:00 AM,2023,08,23,04,22.2,72,Moderate,19.0,UG/M3,1 Hr,Valid
Tashkent,PM2.5 - Principal,2023-08-23 05:00 AM,2023,08,23,05,18.6,65,Moderate,15.0,UG/M3,1 Hr,Valid
Tashkent,PM2.5 - Principal,2023-08-23 06:00 AM,2023,08,23,06,18.8,65,Moderate,19.0,UG/M3,1 Hr,Valid
Tashkent,PM2.5 - Principal,2023-08-23 07:00 AM,2023,08,23,07,18.4,64,Moderate,18.0,UG/M3,1 Hr,Valid
Tashkent,PM2.5 - Principal,2023-08-23 08:00 AM,2023,08,23,08,15.2,58,Moderate,12.0,UG/M3,1 Hr,Valid
Tashkent,PM2.5 - Principal,2023-08-23 09:00 AM,2023,08,23,09,14.5,56,Moderate,14.0,UG/M3,1 Hr,Valid
Tashkent,PM2.5 - Principal,2023-08-23 10:00 AM,2023,08,23,10,17.7,63,Moderate,21.0,UG/M3,1 Hr,Valid
Tashkent,PM2.5 - Principal,2023-08-23 11:00 AM,2023,08,23,11,17.3,62,Moderate,17.0,UG/M3,1 Hr,Valid
Tashkent,PM2.5 - Principal,2023-08-23 12:00 PM,2023,08,23,12,14.6,56,Moderate,12.0,UG/M3,1 Hr,Valid
Tashkent,PM2.5 - Principal,2023-08-23 01:00 PM,2023,08,23,13,14.0,55,Moderate,13.0,UG/M3,1 Hr,Valid
Tashkent,PM2.5 - Principal,2023-08-23 02:00 PM,2023,08,23,14,11.4,48,Good,9.0,UG/M3,1 Hr,Valid
Tashkent,PM2.5 - Principal,2023-08-23 03:00 PM,2023,08,23,15,12.2,51,Moderate,13.0,UG/M3,1 Hr,Valid
Tashkent,PM2.5 - Principal,2023-08-23 04:00 PM,2023,08,23,16,14.6,56,Moderate,17.0,UG/M3,1 Hr,Valid
Tashkent,PM2.5 - Principal,2023-08-23 05:00 PM,2023,08,23,17,14.3,56,Moderate,14.0,UG/M3,1 Hr,Valid
Tashkent,PM2.5 - Principal,2023-08-23 06:00 PM,2023,08,23,18,13.6,54,Moderate,13.0,UG/M3,1 Hr,Valid
Tashkent,PM2.5 - Principal,2023-08-23 07:00 PM,2023,08,23,19,17.3,62,Moderate,21.0,UG/M3,1 Hr,Valid
Tashkent,PM2.5 - Principal,2023-08-23 08:00 PM,2023,08,23,20,22.6,73,Moderate,28.0,UG/M3,1 Hr,Valid
Tashkent,PM2.5 - Principal,2023-08-23 09:00 PM,2023,08,23,21,25.3,79,Moderate,28.0,UG/M3,1 Hr,Valid
Tashkent,PM2.5 - Principal,2023-08-23 10:00 PM,2023,08,23,22,25.1,78,Moderate,25.0,UG/M3,1 Hr,Valid
Tashkent,PM2.5 - Principal,2023-08-23 11:00 PM,2023,08,23,23,25.0,78,Moderate,25.0,UG/M3,1 Hr,Valid
Tashkent,PM2.5 - Principal,2023-08-24 12:00 AM,2023,08,24,00,29.0,87,Moderate,33.0,UG/M3,1 Hr,Valid
Tashkent,PM2.5 - Principal,2023-08-24 01:00 AM,2023,08,24,01,33.5,96,Moderate,38.0,UG/M3,1 Hr,Valid
Tashkent,PM2.5 - Principal,2023-08-24 02:00 AM,2023,08,24,02,33.7,96,Moderate,34.0,UG/M3,1 Hr,Valid
Tashkent,PM2.5 - Principal,2023-08-24 03:00 AM,2023,08,24,03,29.8,88,Moderate,26.0,UG/M3,1 Hr,Valid
Tashkent,PM2.5 - Principal,2023-08-24 04:00 AM,2023,08,24,04,28.4,85,Moderate,27.0,UG/M3,1 Hr,Valid
Tashkent,PM2.5 - Principal,2023-08-24 05:00 AM,2023,08,24,05,27.2,83,Moderate,26.0,UG/M3,1 Hr,Valid
Tashkent,PM2.5 - Principal,2023-08-24 06:00 AM,2023,08,24,06,22.1,72,Moderate,17.0,UG/M3,1 Hr,Valid
Tashkent,PM2.5 - Principal,2023-08-24 07:00 AM,2023,08,24,07,20.5,69,Moderate,19.0,UG/M3,1 Hr,Valid
Tashkent,PM2.5 - Principal,2023-08-24 08:00 AM,2023,08,24,08,24.2,76,Moderate,28.0,UG/M3,1 Hr,Valid
Tashkent,PM2.5 - Principal,2023-08-24 09:00 AM,2023,08,24,09,24.6,77,Moderate,25.0,UG/M3,1 Hr,Valid
Tashkent,PM2.5 - Principal,2023-08-24 10:00 AM,2023,08,24,10,23.8,76,Moderate,23.0,UG/M3,1 Hr,Valid
Tashkent,PM2.5 - Principal,2023-08-24 11:00 AM,2023,08,24,11,21.4,71,Moderate,19.0,UG/M3,1 Hr,Valid
Tashkent,PM2.5 - Principal,2023-08-24 12:00 PM,2023,08,24,12,18.7,65,Moderate,16.0,UG/M3,1 Hr,Valid
Tashkent,PM2.5 - Principal,2023-08-24 01:00 PM,2023,08,24,13,13.3,54,Moderate,8.0,UG/M3,1 Hr,Valid
Tashkent,PM2.5 - Principal,2023-08-24 02:00 PM,2023,08,24,14,10.6,44,Good,8.0,UG/M3,1 Hr,Valid
Tashkent,PM2.5 - Principal,2023-08-24 03:00 PM,2023,08,24,15,7.8,33,Good,5.0,UG/M3,1 Hr,Valid
Tashkent,PM2.5 - Principal,2023-08-24 04:00 PM,2023,08,24,16,6.4,27,Good,5.0,UG/M3,1 Hr,Valid
Tashkent,PM2.5 - Principal,2023-08-24 05:00 PM,2023,08,24,17,6.7,28,Good,7.0,UG/M3,1 Hr,Valid
Tashkent,PM2.5 - Principal,2023-08-24 06:00 PM,2023,08,24,18,5.3,22,Good,4.0,UG/M3,1 Hr,Valid
Tashkent,PM2.5 - Principal,2023-08-24 07:00 PM,2023,08,24,19,6.1,25,Good,7.0,UG/M3,1 Hr,Valid
Tashkent,PM2.5 - Principal,2023-08-24 08:00 PM,2023,08,24,20,13.0,53,Moderate,20.0,UG/M3,1 Hr,Valid
Tashkent,PM2.5 - Principal,2023-08-24 09:00 PM,2023,08,24,21,27.0,82,Moderate,41.0,UG/M3,1 Hr,Valid
Tashkent,PM2.5 - Principal,2023-08-24 10:00 PM,2023,08,24,22,39.5,111,Unhealthy for Sensitive Groups,52.0,UG/M3,1 Hr,Valid
Tashkent,PM2.5 - Principal,2023-08-24 11:00 PM,2023,08,24,23,37.7,106,Unhealthy for Sensitive Groups,36.0,UG/M3,1 Hr,Valid
Tashkent,PM2.5 - Principal,2023-08-25 12:00 AM,2023,08,25,00,34.3,98,Moderate,31.0,UG/M3,1 Hr,Valid
Tashkent,PM2.5 - Principal,2023-08-25 01:00 AM,2023,08,25,01,30.6,90,Moderate,27.0,UG/M3,1 Hr,Valid
Tashkent,PM2.5 - Principal,2023-08-25 02:00 AM,2023,08,25,02,25.8,80,Moderate,21.0,UG/M3,1 Hr,Valid
Tashkent,PM2.5 - Principal,2023-08-25 03:00 AM,2023,08,25,03,23.9,76,Moderate,22.0,UG/M3,1 Hr,Valid
Tashkent,PM2.5 - Principal,2023-08-25 04:00 AM,2023,08,25,04,21.9,72,Moderate,20.0,UG/M3,1 Hr,Valid
Tashkent,PM2.5 - Principal,2023-08-25 05:00 AM,2023,08,25,05,19.4,66,Moderate,17.0,UG/M3,1 Hr,Valid
Tashkent,PM2.5 - Principal,2023-08-25 06:00 AM,2023,08,25,06,15.7,59,Moderate,12.0,UG/M3,1 Hr,Valid
Tashkent,PM2.5 - Principal,2023-08-25 07:00 AM,2023,08,25,07,13.8,55,Moderate,12.0,UG/M3,1 Hr,Valid
Tashkent,PM2.5 - Principal,2023-08-25 08:00 AM,2023,08,25,08,11.9,50,Good,10.0,UG/M3,1 Hr,Valid
Tashkent,PM2.5 - Principal,2023-08-25 09:00 AM,2023,08,25,09,9.9,41,Good,8.0,UG/M3,1 Hr,Valid
Tashkent,PM2.5 - Principal,2023-08-25 10:00 AM,2023,08,25,10,10.4,43,Good,11.0,UG/M3,1 Hr,Valid
Tashkent,PM2.5 - Principal,2023-08-25 11:00 AM,2023,08,25,11,12.7,52,Moderate,15.0,UG/M3,1 Hr,Valid
Tashkent,PM2.5 - Principal,2023-08-25 12:00 PM,2023,08,25,12,17.8,63,Moderate,23.0,UG/M3,1 Hr,Valid
Tashkent,PM2.5 - Principal,2023-08-25 01:00 PM,2023,08,25,13,19.9,67,Moderate,22.0,UG/M3,1 Hr,Valid
Tashkent,PM2.5 - Principal,2023-08-25 02:00 PM,2023,08,25,14,13.9,55,Moderate,8.0,UG/M3,1 Hr,Valid
Tashkent,PM2.5 - Principal,2023-08-25 03:00 PM,2023,08,25,15,10.9,45,Good,8.0,UG/M3,1 Hr,Valid
Tashkent,PM2.5 - Principal,2023-08-25 04:00 PM,2023,08,25,16,8.4,35,Good,6.0,UG/M3,1 Hr,Valid
Tashkent,PM2.5 - Principal,2023-08-25 05:00 PM,2023,08,25,17,8.2,34,Good,8.0,UG/M3,1 Hr,Valid
Tashkent,PM2.5 - Principal,2023-08-25 06:00 PM,2023,08,25,18,7.1,30,Good,6.0,UG/M3,1 Hr,Valid
Tashkent,PM2.5 - Principal,2023-08-25 07:00 PM,2023,08,25,19,9.0,38,Good,11.0,UG/M3,1 Hr,Valid
Tashkent,PM2.5 - Principal,2023-08-25 08:00 PM,2023,08,25,20,12.0,50,Good,15.0,UG/M3,1 Hr,Valid
Tashkent,PM2.5 - Principal,2023-08-25 09:00 PM,2023,08,25,21,14.5,56,Moderate,17.0,UG/M3,1 Hr,Valid
Tashkent,PM2.5 - Principal,2023-08-25 10:00 PM,2023,08,25,22,14.2,55,Moderate,14.0,UG/M3,1 Hr,Valid
Tashkent,PM2.5 - Principal,2023-08-25 11:00 PM,2023,08,25,23,14.6,56,Moderate,15.0,UG/M3,1 Hr,Valid
Tashkent,PM2.5 - Principal,2023-08-26 12:00 AM,2023,08,26,00,16.3,60,Moderate,18.0,UG/M3,1 Hr,Valid
Tashkent,PM2.5 - Principal,2023-08-26 01:00 AM,2023,08,26,01,16.6,60,Moderate,17.0,UG/M3,1 Hr,Valid
Tashkent,PM2.5 - Principal,2023-08-26 02:00 AM,2023,08,26,02,17.8,63,Moderate,19.0,UG/M3,1 Hr,Valid
Tashkent,PM2.5 - Principal,2023-08-26 03:00 AM,2023,08,26,03,16.4,60,Moderate,15.0,UG/M3,1 Hr,Valid
Tashkent,PM2.5 - Principal,2023-08-26 04:00 AM,2023,08,26,04,12.7,52,Moderate,9.0,UG/M3,1 Hr,Valid
Tashkent,PM2.5 - Principal,2023-08-26 05:00 AM,2023,08,26,05,10.3,43,Good,8.0,UG/M3,1 Hr,Valid
Tashkent,PM2.5 - Principal,2023-08-26 06:00 AM,2023,08,26,06,14.1,55,Moderate,18.0,UG/M3,1 Hr,Valid
Tashkent,PM2.5 - Principal,2023-08-26 07:00 AM,2023,08,26,07,15.0,57,Moderate,16.0,UG/M3,1 Hr,Valid
Tashkent,PM2.5 - Principal,2023-08-26 08:00 AM,2023,08,26,08,18.5,64,Moderate,22.0,UG/M3,1 Hr,Valid
Tashkent,PM2.5 - Principal,2023-08-26 09:00 AM,2023,08,26,09,21.2,70,Moderate,24.0,UG/M3,1 Hr,Valid
Tashkent,PM2.5 - Principal,2023-08-26 10:00 AM,2023,08,26,10,23.6,75,Moderate,26.0,UG/M3,1 Hr,Valid
Tashkent,PM2.5 - Principal,2023-08-26 11:00 AM,2023,08,26,11,19.3,66,Moderate,15.0,UG/M3,1 Hr,Valid
Tashkent,PM2.5 - Principal,2023-08-26 12:00 PM,2023,08,26,12,20.6,69,Moderate,22.0,UG/M3,1 Hr,Valid
Tashkent,PM2.5 - Principal,2023-08-26 01:00 PM,2023,08,26,13,18.3,64,Moderate,16.0,UG/M3,1 Hr,Valid
Tashkent,PM2.5 - Principal,2023-08-26 02:00 PM,2023,08,26,14,16.6,60,Moderate,15.0,UG/M3,1 Hr,Valid
Tashkent,PM2.5 - Principal,2023-08-26 03:00 PM,2023,08,26,15,11.8,49,Good,7.0,UG/M3,1 Hr,Valid
Tashkent,PM2.5 - Principal,2023-08-26 04:00 PM,2023,08,26,16,12.4,52,Moderate,13.0,UG/M3,1 Hr,Valid
Tashkent,PM2.5 - Principal,2023-08-26 05:00 PM,2023,08,26,17,12.2,51,Moderate,12.0,UG/M3,1 Hr,Valid
Tashkent,PM2.5 - Principal,2023-08-26 06:00 PM,2023,08,26,18,11.6,48,Good,11.0,UG/M3,1 Hr,Valid
Tashkent,PM2.5 - Principal,2023-08-26 07:00 PM,2023,08,26,19,10.3,43,Good,9.0,UG/M3,1 Hr,Valid
Tashkent,PM2.5 - Principal,2023-08-26 08:00 PM,2023,08,26,20,19.1,66,Moderate,28.0,UG/M3,1 Hr,Valid
Tashkent,PM2.5 - Principal,2023-08-26 09:00 PM,2023,08,26,21,23.0,74,Moderate,27.0,UG/M3,1 Hr,Valid
Tashkent,PM2.5 - Principal,2023-08-26 10:00 PM,2023,08,26,22,21.0,70,Moderate,19.0,UG/M3,1 Hr,Valid
Tashkent,PM2.5 - Principal,2023-08-26 11:00 PM,2023,08,26,23,16.5,60,Moderate,12.0,UG/M3,1 Hr,Valid
Tashkent,PM2.5 - Principal,2023-08-27 12:00 AM,2023,08,27,00,11.7,49,Good,7.0,UG/M3,1 Hr,Valid
Tashkent,PM2.5 - Principal,2023-08-27 01:00 AM,2023,08,27,01,10.3,43,Good,9.0,UG/M3,1 Hr,Valid
Tashkent,PM2.5 - Principal,2023-08-27 02:00 AM,2023,08,27,02,8.1,34,Good,6.0,UG/M3,1 Hr,Valid
Tashkent,PM2.5 - Principal,2023-08-27 03:00 AM,2023,08,27,03,8.5,35,Good,9.0,UG/M3,1 Hr,Valid
Tashkent,PM2.5 - Principal,2023-08-27 04:00 AM,2023,08,27,04,10.2,43,Good,12.0,UG/M3,1 Hr,Valid
Tashkent,PM2.5 - Principal,2023-08-27 05:00 AM,2023,08,27,05,11.1,46,Good,12.0,UG/M3,1 Hr,Valid
Tashkent,PM2.5 - Principal,2023-08-27 06:00 AM,2023,08,27,06,10.5,44,Good,10.0,UG/M3,1 Hr,Valid
Tashkent,PM2.5 - Principal,2023-08-27 07:00 AM,2023,08,27,07,10.2,43,Good,10.0,UG/M3,1 Hr,Valid
Tashkent,PM2.5 - Principal,2023-08-27 08:00 AM,2023,08,27,08,10.6,44,Good,11.0,UG/M3,1 Hr,Valid
Tashkent,PM2.5 - Principal,2023-08-27 09:00 AM,2023,08,27,09,11.8,49,Good,13.0,UG/M3,1 Hr,Valid
Tashkent,PM2.5 - Principal,2023-08-27 10:00 AM,2023,08,27,10,14.9,57,Moderate,18.0,UG/M3,1 Hr,Valid
Tashkent,PM2.5 - Principal,2023-08-27 11:00 AM,2023,08,27,11,13.4,54,Moderate,12.0,UG/M3,1 Hr,Valid
Tashkent,PM2.5 - Principal,2023-08-27 12:00 PM,2023,08,27,12,11.7,49,Good,10.0,UG/M3,1 Hr,Valid
Tashkent,PM2.5 - Principal,2023-08-27 01:00 PM,2023,08,27,13,9.3,39,Good,7.0,UG/M3,1 Hr,Valid
Tashkent,PM2.5 - Principal,2023-08-27 02:00 PM,2023,08,27,14,11.6,48,Good,14.0,UG/M3,1 Hr,Valid
Tashkent,PM2.5 - Principal,2023-08-27 03:00 PM,2023,08,27,15,11.8,49,Good,12.0,UG/M3,1 Hr,Valid
Tashkent,PM2.5 - Principal,2023-08-27 04:00 PM,2023,08,27,16,16.4,60,Moderate,21.0,UG/M3,1 Hr,Valid
Tashkent,PM2.5 - Principal,2023-08-27 05:00 PM,2023,08,27,17,21.2,70,Moderate,26.0,UG/M3,1 Hr,Valid
Tashkent,PM2.5 - Principal,2023-08-27 06:00 PM,2023,08,27,18,21.1,70,Moderate,21.0,UG/M3,1 Hr,Valid
Tashkent,PM2.5 - Principal,2023-08-27 07:00 PM,2023,08,27,19,20.0,68,Moderate,19.0,UG/M3,1 Hr,Valid
Tashkent,PM2.5 - Principal,2023-08-27 08:00 PM,2023,08,27,20,19.5,67,Moderate,19.0,UG/M3,1 Hr,Valid
Tashkent,PM2.5 - Principal,2023-08-27 09:00 PM,2023,08,27,21,22.7,73,Moderate,26.0,UG/M3,1 Hr,Valid
Tashkent,PM2.5 - Principal,2023-08-27 10:00 PM,2023,08,27,22,24.8,78,Moderate,27.0,UG/M3,1 Hr,Valid
Tashkent,PM2.5 - Principal,2023-08-27 11:00 PM,2023,08,27,23,22.9,74,Moderate,21.0,UG/M3,1 Hr,Valid
Tashkent,PM2.5 - Principal,2023-08-28 12:00 AM,2023,08,28,00,17.9,63,Moderate,13.0,UG/M3,1 Hr,Valid
Tashkent,PM2.5 - Principal,2023-08-28 01:00 AM,2023,08,28,01,17.4,62,Moderate,17.0,UG/M3,1 Hr,Valid
Tashkent,PM2.5 - Principal,2023-08-28 02:00 AM,2023,08,28,02,18.7,65,Moderate,20.0,UG/M3,1 Hr,Valid
Tashkent,PM2.5 - Principal,2023-08-28 03:00 AM,2023,08,28,03,22.8,74,Moderate,27.0,UG/M3,1 Hr,Valid
Tashkent,PM2.5 - Principal,2023-08-28 04:00 AM,2023,08,28,04,21.9,72,Moderate,21.0,UG/M3,1 Hr,Valid
Tashkent,PM2.5 - Principal,2023-08-28 05:00 AM,2023,08,28,05,19.9,67,Moderate,18.0,UG/M3,1 Hr,Valid
Tashkent,PM2.5 - Principal,2023-08-28 06:00 AM,2023,08,28,06,17.9,63,Moderate,16.0,UG/M3,1 Hr,Valid
Tashkent,PM2.5 - Principal,2023-08-28 07:00 AM,2023,08,28,07,13.9,55,Moderate,10.0,UG/M3,1 Hr,Valid
Tashkent,PM2.5 - Principal,2023-08-28 08:00 AM,2023,08,28,08,17.9,63,Moderate,22.0,UG/M3,1 Hr,Valid
Tashkent,PM2.5 - Principal,2023-08-28 09:00 AM,2023,08,28,09,27.4,83,Moderate,37.0,UG/M3,1 Hr,Valid
Tashkent,PM2.5 - Principal,2023-08-28 10:00 AM,2023,08,28,10,30.7,90,Moderate,34.0,UG/M3,1 Hr,Valid
Tashkent,PM2.5 - Principal,2023-08-28 11:00 AM,2023,08,28,11,29.3,87,Moderate,28.0,UG/M3,1 Hr,Valid
Tashkent,PM2.5 - Principal,2023-08-28 12:00 PM,2023,08,28,12,26.1,80,Moderate,23.0,UG/M3,1 Hr,Valid
Tashkent,PM2.5 - Principal,2023-08-28 01:00 PM,2023,08,28,13,21.5,71,Moderate,17.0,UG/M3,1 Hr,Valid
Tashkent,PM2.5 - Principal,2023-08-28 02:00 PM,2023,08,28,14,18.2,64,Moderate,15.0,UG/M3,1 Hr,Valid
Tashkent,PM2.5 - Principal,2023-08-28 03:00 PM,2023,08,28,15,12.6,52,Moderate,7.0,UG/M3,1 Hr,Valid
Tashkent,PM2.5 - Principal,2023-08-28 04:00 PM,2023,08,28,16,13.3,54,Moderate,14.0,UG/M3,1 Hr,Valid
Tashkent,PM2.5 - Principal,2023-08-28 05:00 PM,2023,08,28,17,12.6,52,Moderate,12.0,UG/M3,1 Hr,Valid
Tashkent,PM2.5 - Principal,2023-08-28 06:00 PM,2023,08,28,18,14.3,56,Moderate,16.0,UG/M3,1 Hr,Valid
Tashkent,PM2.5 - Principal,2023-08-28 07:00 PM,2023,08,28,19,18.1,64,Moderate,22.0,UG/M3,1 Hr,Valid
Tashkent,PM2.5 - Principal,2023-08-28 08:00 PM,2023,08,28,20,19.0,66,Moderate,20.0,UG/M3,1 Hr,Valid
Tashkent,PM2.5 - Principal,2023-08-28 09:00 PM,2023,08,28,21,23.0,74,Moderate,27.0,UG/M3,1 Hr,Valid
Tashkent,PM2.5 - Principal,2023-08-28 10:00 PM,2023,08,28,22,27.0,82,Moderate,31.0,UG/M3,1 Hr,Valid
Tashkent,PM2.5 - Principal,2023-08-28 11:00 PM,2023,08,28,23,24.0,76,Moderate,21.0,UG/M3,1 Hr,Valid
Tashkent,PM2.5 - Principal,2023-08-29 12:00 AM,2023,08,29,00,22.5,73,Moderate,21.0,UG/M3,1 Hr,Valid
Tashkent,PM2.5 - Principal,2023-08-29 01:00 AM,2023,08,29,01,21.7,71,Moderate,21.0,UG/M3,1 Hr,Valid
Tashkent,PM2.5 - Principal,2023-08-29 02:00 AM,2023,08,29,02,16.3,60,Moderate,11.0,UG/M3,1 Hr,Valid
Tashkent,PM2.5 - Principal,2023-08-29 03:00 AM,2023,08,29,03,12.6,52,Moderate,9.0,UG/M3,1 Hr,Valid
Tashkent,PM2.5 - Principal,2023-08-29 04:00 AM,2023,08,29,04,11.8,49,Good,11.0,UG/M3,1 Hr,Valid
Tashkent,PM2.5 - Principal,2023-08-29 05:00 AM,2023,08,29,05,11.4,48,Good,11.0,UG/M3,1 Hr,Valid
Tashkent,PM2.5 - Principal,2023-08-29 06:00 AM,2023,08,29,06,9.7,40,Good,8.0,UG/M3,1 Hr,Valid
Tashkent,PM2.5 - Principal,2023-08-29 07:00 AM,2023,08,29,07,9.3,39,Good,9.0,UG/M3,1 Hr,Valid
Tashkent,PM2.5 - Principal,2023-08-29 08:00 AM,2023,08,29,08,9.1,38,Good,9.0,UG/M3,1 Hr,Valid
Tashkent,PM2.5 - Principal,2023-08-29 09:00 AM,2023,08,29,09,9.1,38,Good,-999.0,UG/M3,1 Hr,Missing
Tashkent,PM2.5 - Principal,2023-08-29 10:00 AM,2023,08,29,10,7.7,32,Good,7.0,UG/M3,1 Hr,Valid
Tashkent,PM2.5 - Principal,2023-08-29 11:00 AM,2023,08,29,11,8.4,35,Good,9.0,UG/M3,1 Hr,Valid
Tashkent,PM2.5 - Principal,2023-08-29 12:00 PM,2023,08,29,12,10.8,45,Good,13.0,UG/M3,1 Hr,Valid
Tashkent,PM2.5 - Principal,2023-08-29 01:00 PM,2023,08,29,13,12.4,52,Moderate,14.0,UG/M3,1 Hr,Valid
Tashkent,PM2.5 - Principal,2023-08-29 02:00 PM,2023,08,29,14,12.2,51,Moderate,12.0,UG/M3,1 Hr,Valid
Tashkent,PM2.5 - Principal,2023-08-29 03:00 PM,2023,08,29,15,11.1,46,Good,10.0,UG/M3,1 Hr,Valid
Tashkent,PM2.5 - Principal,2023-08-29 04:00 PM,2023,08,29,16,10.0,42,Good,9.0,UG/M3,1 Hr,Valid
Tashkent,PM2.5 - Principal,2023-08-29 05:00 PM,2023,08,29,17,11.5,48,Good,13.0,UG/M3,1 Hr,Valid
Tashkent,PM2.5 - Principal,2023-08-29 06:00 PM,2023,08,29,18,13.2,53,Moderate,15.0,UG/M3,1 Hr,Valid
Tashkent,PM2.5 - Principal,2023-08-29 07:00 PM,2023,08,29,19,15.1,57,Moderate,17.0,UG/M3,1 Hr,Valid
Tashkent,PM2.5 - Principal,2023-08-29 08:00 PM,2023,08,29,20,25.5,79,Moderate,36.0,UG/M3,1 Hr,Valid
Tashkent,PM2.5 - Principal,2023-08-29 09:00 PM,2023,08,29,21,34.2,97,Moderate,43.0,UG/M3,1 Hr,Valid
Tashkent,PM2.5 - Principal,2023-08-29 10:00 PM,2023,08,29,22,39.6,111,Unhealthy for Sensitive Groups,45.0,UG/M3,1 Hr,Valid
Tashkent,PM2.5 - Principal,2023-08-29 11:00 PM,2023,08,29,23,45.3,125,Unhealthy for Sensitive Groups,51.0,UG/M3,1 Hr,Valid
Tashkent,PM2.5 - Principal,2023-08-30 12:00 AM,2023,08,30,00,34.6,98,Moderate,24.0,UG/M3,1 Hr,Valid
Tashkent,PM2.5 - Principal,2023-08-30 01:00 AM,2023,08,30,01,23.8,76,Moderate,13.0,UG/M3,1 Hr,Valid
Tashkent,PM2.5 - Principal,2023-08-30 02:00 AM,2023,08,30,02,16.4,60,Moderate,9.0,UG/M3,1 Hr,Valid
Tashkent,PM2.5 - Principal,2023-08-30 03:00 AM,2023,08,30,03,13.2,53,Moderate,10.0,UG/M3,1 Hr,Valid
Tashkent,PM2.5 - Principal,2023-08-30 04:00 AM,2023,08,30,04,14.6,56,Moderate,16.0,UG/M3,1 Hr,Valid
Tashkent,PM2.5 - Principal,2023-08-30 05:00 AM,2023,08,30,05,13.3,54,Moderate,12.0,UG/M3,1 Hr,Valid
Tashkent,PM2.5 - Principal,2023-08-30 06:00 AM,2023,08,30,06,15.6,58,Moderate,18.0,UG/M3,1 Hr,Valid
Tashkent,PM2.5 - Principal,2023-08-30 07:00 AM,2023,08,30,07,15.3,58,Moderate,15.0,UG/M3,1 Hr,Valid
Tashkent,PM2.5 - Principal,2023-08-30 08:00 AM,2023,08,30,08,15.1,57,Moderate,15.0,UG/M3,1 Hr,Valid
Tashkent,PM2.5 - Principal,2023-08-30 09:00 AM,2023,08,30,09,15.1,57,Moderate,-999.0,UG/M3,1 Hr,Missing
Tashkent,PM2.5 - Principal,2023-08-30 10:00 AM,2023,08,30,10,25.0,78,Moderate,30.0,UG/M3,1 Hr,Valid
Tashkent,PM2.5 - Principal,2023-08-30 11:00 AM,2023,08,30,11,27.8,84,Moderate,30.0,UG/M3,1 Hr,Valid
Tashkent,PM2.5 - Principal,2023-08-30 12:00 PM,2023,08,30,12,27.8,84,Moderate,-999.0,UG/M3,1 Hr,Missing
Tashkent,PM2.5 - Principal,2023-08-30 01:00 PM,2023,08,30,13,17.5,62,Moderate,13.0,UG/M3,1 Hr,Valid
Tashkent,PM2.5 - Principal,2023-08-30 02:00 PM,2023,08,30,14,14.8,57,Moderate,13.0,UG/M3,1 Hr,Valid
Tashkent,PM2.5 - Principal,2023-08-30 03:00 PM,2023,08,30,15,14.8,57,Moderate,-999.0,UG/M3,1 Hr,Missing
Tashkent,PM2.5 - Principal,2023-08-30 04:00 PM,2023,08,30,16,12.1,51,Moderate,11.0,UG/M3,1 Hr,Valid
Tashkent,PM2.5 - Principal,2023-08-30 05:00 PM,2023,08,30,17,10.9,45,Good,10.0,UG/M3,1 Hr,Valid
Tashkent,PM2.5 - Principal,2023-08-30 06:00 PM,2023,08,30,18,10.4,43,Good,10.0,UG/M3,1 Hr,Valid
Tashkent,PM2.5 - Principal,2023-08-30 07:00 PM,2023,08,30,19,11.7,49,Good,13.0,UG/M3,1 Hr,Valid
Tashkent,PM2.5 - Principal,2023-08-30 08:00 PM,2023,08,30,20,16.4,60,Moderate,21.0,UG/M3,1 Hr,Valid
Tashkent,PM2.5 - Principal,2023-08-30 09:00 PM,2023,08,30,21,20.2,68,Moderate,24.0,UG/M3,1 Hr,Valid
Tashkent,PM2.5 - Principal,2023-08-30 10:00 PM,2023,08,30,22,19.6,67,Moderate,19.0,UG/M3,1 Hr,Valid
Tashkent,PM2.5 - Principal,2023-08-30 11:00 PM,2023,08,30,23,16.3,60,Moderate,13.0,UG/M3,1 Hr,Valid
Tashkent,PM2.5 - Principal,2023-08-31 12:00 AM,2023,08,31,00,14.6,56,Moderate,13.0,UG/M3,1 Hr,Valid
Tashkent,PM2.5 - Principal,2023-08-31 01:00 AM,2023,08,31,01,12.8,52,Moderate,11.0,UG/M3,1 Hr,Valid
Tashkent,PM2.5 - Principal,2023-08-31 02:00 AM,2023,08,31,02,11.4,48,Good,10.0,UG/M3,1 Hr,Valid
Tashkent,PM2.5 - Principal,2023-08-31 03:00 AM,2023,08,31,03,10.7,45,Good,10.0,UG/M3,1 Hr,Valid
Tashkent,PM2.5 - Principal,2023-08-31 04:00 AM,2023,08,31,04,10.3,43,Good,10.0,UG/M3,1 Hr,Valid
Tashkent,PM2.5 - Principal,2023-08-31 05:00 AM,2023,08,31,05,12.6,52,Moderate,15.0,UG/M3,1 Hr,Valid
Tashkent,PM2.5 - Principal,2023-08-31 06:00 AM,2023,08,31,06,13.8,55,Moderate,15.0,UG/M3,1 Hr,Valid
Tashkent,PM2.5 - Principal,2023-08-31 07:00 AM,2023,08,31,07,14.9,57,Moderate,16.0,UG/M3,1 Hr,Valid
Tashkent,PM2.5 - Principal,2023-08-31 08:00 AM,2023,08,31,08,10.9,45,Good,7.0,UG/M3,1 Hr,Valid
Tashkent,PM2.5 - Principal,2023-08-31 09:00 AM,2023,08,31,09,13.4,54,Moderate,16.0,UG/M3,1 Hr,Valid
Tashkent,PM2.5 - Principal,2023-08-31 10:00 AM,2023,08,31,10,9.7,40,Good,6.0,UG/M3,1 Hr,Valid
Tashkent,PM2.5 - Principal,2023-08-31 11:00 AM,2023,08,31,11,10.8,45,Good,12.0,UG/M3,1 Hr,Valid
Tashkent,PM2.5 - Principal,2023-08-31 12:00 PM,2023,08,31,12,8.9,37,Good,7.0,UG/M3,1 Hr,Valid
Tashkent,PM2.5 - Principal,2023-08-31 01:00 PM,2023,08,31,13,7.4,31,Good,6.0,UG/M3,1 Hr,Valid
Tashkent,PM2.5 - Principal,2023-08-31 02:00 PM,2023,08,31,14,6.7,28,Good,6.0,UG/M3,1 Hr,Valid
Tashkent,PM2.5 - Principal,2023-08-31 03:00 PM,2023,08,31,15,6.7,28,Good,-999.0,UG/M3,1 Hr,Missing
Tashkent,PM2.5 - Principal,2023-08-31 04:00 PM,2023,08,31,16,10.2,43,Good,12.0,UG/M3,1 Hr,Valid
Tashkent,PM2.5 - Principal,2023-08-31 05:00 PM,2023,08,31,17,8.3,35,Good,7.0,UG/M3,1 Hr,Valid
Tashkent,PM2.5 - Principal,2023-08-31 06:00 PM,2023,08,31,18,7.6,32,Good,7.0,UG/M3,1 Hr,Valid
Tashkent,PM2.5 - Principal,2023-08-31 07:00 PM,2023,08,31,19,8.8,37,Good,10.0,UG/M3,1 Hr,Valid
Tashkent,PM2.5 - Principal,2023-08-31 08:00 PM,2023,08,31,20,11.9,50,Good,15.0,UG/M3,1 Hr,Valid
Tashkent,PM2.5 - Principal,2023-08-31 09:00 PM,2023,08,31,21,14.0,55,Moderate,16.0,UG/M3,1 Hr,Valid
Tashkent,PM2.5 - Principal,2023-08-31 10:00 PM,2023,08,31,22,10.9,45,Good,8.0,UG/M3,1 Hr,Valid
Tashkent,PM2.5 - Principal,2023-08-31 11:00 PM,2023,08,31,23,10.4,43,Good,10.0,UG/M3,1 Hr,Valid
Tashkent,PM2.5 - Principal,2023-09-01 12:00 AM,2023,09,01,00,9.7,40,Good,9.0,UG/M3,1 Hr,Valid
Tashkent,PM2.5 - Principal,2023-09-01 01:00 AM,2023,09,01,01,12.3,51,Moderate,15.0,UG/M3,1 Hr,Valid
Tashkent,PM2.5 - Principal,2023-09-01 02:00 AM,2023,09,01,02,8.6,36,Good,5.0,UG/M3,1 Hr,Valid
Tashkent,PM2.5 - Principal,2023-09-01 03:00 AM,2023,09,01,03,9.3,39,Good,10.0,UG/M3,1 Hr,Valid
Tashkent,PM2.5 - Principal,2023-09-01 04:00 AM,2023,09,01,04,8.6,36,Good,8.0,UG/M3,1 Hr,Valid
Tashkent,PM2.5 - Principal,2023-09-01 05:00 AM,2023,09,01,05,8.3,35,Good,8.0,UG/M3,1 Hr,Valid
Tashkent,PM2.5 - Principal,2023-09-01 06:00 AM,2023,09,01,06,7.6,32,Good,7.0,UG/M3,1 Hr,Valid
Tashkent,PM2.5 - Principal,2023-09-01 07:00 AM,2023,09,01,07,10.3,43,Good,13.0,UG/M3,1 Hr,Valid
Tashkent,PM2.5 - Principal,2023-09-01 08:00 AM,2023,09,01,08,13.6,54,Moderate,17.0,UG/M3,1 Hr,Valid
Tashkent,PM2.5 - Principal,2023-09-01 09:00 AM,2023,09,01,09,17.3,62,Moderate,21.0,UG/M3,1 Hr,Valid
Tashkent,PM2.5 - Principal,2023-09-01 10:00 AM,2023,09,01,10,15.6,58,Moderate,14.0,UG/M3,1 Hr,Valid
Tashkent,PM2.5 - Principal,2023-09-01 11:00 AM,2023,09,01,11,11.8,49,Good,8.0,UG/M3,1 Hr,Valid
Tashkent,PM2.5 - Principal,2023-09-01 12:00 PM,2023,09,01,12,9.4,39,Good,7.0,UG/M3,1 Hr,Valid
Tashkent,PM2.5 - Principal,2023-09-01 01:00 PM,2023,09,01,13,7.2,30,Good,5.0,UG/M3,1 Hr,Valid
Tashkent,PM2.5 - Principal,2023-09-01 02:00 PM,2023,09,01,14,5.6,23,Good,4.0,UG/M3,1 Hr,Valid
Tashkent,PM2.5 - Principal,2023-09-01 03:00 PM,2023,09,01,15,4.8,20,Good,4.0,UG/M3,1 Hr,Valid
Tashkent,PM2.5 - Principal,2023-09-01 04:00 PM,2023,09,01,16,4.4,18,Good,4.0,UG/M3,1 Hr,Valid
Tashkent,PM2.5 - Principal,2023-09-01 05:00 PM,2023,09,01,17,4.6,19,Good,5.0,UG/M3,1 Hr,Valid
Tashkent,PM2.5 - Principal,2023-09-01 06:00 PM,2023,09,01,18,5.3,22,Good,6.0,UG/M3,1 Hr,Valid
Tashkent,PM2.5 - Principal,2023-09-01 07:00 PM,2023,09,01,19,8.1,34,Good,11.0,UG/M3,1 Hr,Valid
Tashkent,PM2.5 - Principal,2023-09-01 08:00 PM,2023,09,01,20,13.0,53,Moderate,18.0,UG/M3,1 Hr,Valid
Tashkent,PM2.5 - Principal,2023-09-01 09:00 PM,2023,09,01,21,22.0,72,Moderate,31.0,UG/M3,1 Hr,Valid
Tashkent,PM2.5 - Principal,2023-09-01 10:00 PM,2023,09,01,22,21.5,71,Moderate,21.0,UG/M3,1 Hr,Valid
Tashkent,PM2.5 - Principal,2023-09-01 11:00 PM,2023,09,01,23,20.7,69,Moderate,20.0,UG/M3,1 Hr,Valid
Tashkent,PM2.5 - Principal,2023-09-02 12:00 AM,2023,09,02,00,15.3,58,Moderate,10.0,UG/M3,1 Hr,Valid
Tashkent,PM2.5 - Principal,2023-09-02 01:00 AM,2023,09,02,01,10.6,44,Good,6.0,UG/M3,1 Hr,Valid
Tashkent,PM2.5 - Principal,2023-09-02 02:00 AM,2023,09,02,02,10.3,43,Good,10.0,UG/M3,1 Hr,Valid
Tashkent,PM2.5 - Principal,2023-09-02 03:00 AM,2023,09,02,03,11.1,46,Good,12.0,UG/M3,1 Hr,Valid
Tashkent,PM2.5 - Principal,2023-09-02 04:00 AM,2023,09,02,04,11.5,48,Good,12.0,UG/M3,1 Hr,Valid
Tashkent,PM2.5 - Principal,2023-09-02 05:00 AM,2023,09,02,05,11.2,47,Good,11.0,UG/M3,1 Hr,Valid
Tashkent,PM2.5 - Principal,2023-09-02 06:00 AM,2023,09,02,06,9.6,40,Good,8.0,UG/M3,1 Hr,Valid
Tashkent,PM2.5 - Principal,2023-09-02 07:00 AM,2023,09,02,07,9.8,41,Good,10.0,UG/M3,1 Hr,Valid
Tashkent,PM2.5 - Principal,2023-09-02 08:00 AM,2023,09,02,08,10.9,45,Good,12.0,UG/M3,1 Hr,Valid
Tashkent,PM2.5 - Principal,2023-09-02 09:00 AM,2023,09,02,09,10.4,43,Good,10.0,UG/M3,1 Hr,Valid
Tashkent,PM2.5 - Principal,2023-09-02 10:00 AM,2023,09,02,10,8.7,36,Good,7.0,UG/M3,1 Hr,Valid
Tashkent,PM2.5 - Principal,2023-09-02 11:00 AM,2023,09,02,11,7.8,33,Good,7.0,UG/M3,1 Hr,Valid
Tashkent,PM2.5 - Principal,2023-09-02 12:00 PM,2023,09,02,12,7.9,33,Good,8.0,UG/M3,1 Hr,Valid
Tashkent,PM2.5 - Principal,2023-09-02 01:00 PM,2023,09,02,13,9.3,39,Good,11.0,UG/M3,1 Hr,Valid
Tashkent,PM2.5 - Principal,2023-09-02 02:00 PM,2023,09,02,14,7.7,32,Good,6.0,UG/M3,1 Hr,Valid
Tashkent,PM2.5 - Principal,2023-09-02 03:00 PM,2023,09,02,15,7.8,33,Good,8.0,UG/M3,1 Hr,Valid
Tashkent,PM2.5 - Principal,2023-09-02 04:00 PM,2023,09,02,16,7.9,33,Good,8.0,UG/M3,1 Hr,Valid
Tashkent,PM2.5 - Principal,2023-09-02 05:00 PM,2023,09,02,17,6.9,29,Good,6.0,UG/M3,1 Hr,Valid
Tashkent,PM2.5 - Principal,2023-09-02 06:00 PM,2023,09,02,18,5.4,23,Good,4.0,UG/M3,1 Hr,Valid
Tashkent,PM2.5 - Principal,2023-09-02 07:00 PM,2023,09,02,19,8.2,34,Good,11.0,UG/M3,1 Hr,Valid
Tashkent,PM2.5 - Principal,2023-09-02 08:00 PM,2023,09,02,20,16.6,60,Moderate,25.0,UG/M3,1 Hr,Valid
Tashkent,PM2.5 - Principal,2023-09-02 09:00 PM,2023,09,02,21,22.3,72,Moderate,28.0,UG/M3,1 Hr,Valid
Tashkent,PM2.5 - Principal,2023-09-02 10:00 PM,2023,09,02,22,29.1,87,Moderate,36.0,UG/M3,1 Hr,Valid
Tashkent,PM2.5 - Principal,2023-09-02 11:00 PM,2023,09,02,23,43.0,119,Unhealthy for Sensitive Groups,57.0,UG/M3,1 Hr,Valid
Tashkent,PM2.5 - Principal,2023-09-03 12:00 AM,2023,09,03,00,44.0,122,Unhealthy for Sensitive Groups,45.0,UG/M3,1 Hr,Valid
Tashkent,PM2.5 - Principal,2023-09-03 01:00 AM,2023,09,03,01,41.5,116,Unhealthy for Sensitive Groups,39.0,UG/M3,1 Hr,Valid
Tashkent,PM2.5 - Principal,2023-09-03 02:00 AM,2023,09,03,02,38.2,108,Unhealthy for Sensitive Groups,35.0,UG/M3,1 Hr,Valid
Tashkent,PM2.5 - Principal,2023-09-03 03:00 AM,2023,09,03,03,31.6,92,Moderate,25.0,UG/M3,1 Hr,Valid
Tashkent,PM2.5 - Principal,2023-09-03 04:00 AM,2023,09,03,04,22.8,74,Moderate,14.0,UG/M3,1 Hr,Valid
Tashkent,PM2.5 - Principal,2023-09-03 05:00 AM,2023,09,03,05,18.4,64,Moderate,14.0,UG/M3,1 Hr,Valid
Tashkent,PM2.5 - Principal,2023-09-03 06:00 AM,2023,09,03,06,13.7,54,Moderate,9.0,UG/M3,1 Hr,Valid
Tashkent,PM2.5 - Principal,2023-09-03 07:00 AM,2023,09,03,07,13.8,55,Moderate,14.0,UG/M3,1 Hr,Valid
Tashkent,PM2.5 - Principal,2023-09-03 08:00 AM,2023,09,03,08,16.4,60,Moderate,19.0,UG/M3,1 Hr,Valid
Tashkent,PM2.5 - Principal,2023-09-03 09:00 AM,2023,09,03,09,18.7,65,Moderate,21.0,UG/M3,1 Hr,Valid
Tashkent,PM2.5 - Principal,2023-09-03 10:00 AM,2023,09,03,10,20.8,69,Moderate,23.0,UG/M3,1 Hr,Valid
Tashkent,PM2.5 - Principal,2023-09-03 11:00 AM,2023,09,03,11,17.9,63,Moderate,15.0,UG/M3,1 Hr,Valid
Tashkent,PM2.5 - Principal,2023-09-03 12:00 PM,2023,09,03,12,17.4,62,Moderate,17.0,UG/M3,1 Hr,Valid
Tashkent,PM2.5 - Principal,2023-09-03 01:00 PM,2023,09,03,13,12.7,52,Moderate,8.0,UG/M3,1 Hr,Valid
Tashkent,PM2.5 - Principal,2023-09-03 02:00 PM,2023,09,03,14,10.3,43,Good,8.0,UG/M3,1 Hr,Valid
Tashkent,PM2.5 - Principal,2023-09-03 03:00 PM,2023,09,03,15,8.6,36,Good,7.0,UG/M3,1 Hr,Valid
Tashkent,PM2.5 - Principal,2023-09-03 04:00 PM,2023,09,03,16,6.8,28,Good,5.0,UG/M3,1 Hr,Valid
Tashkent,PM2.5 - Principal,2023-09-03 05:00 PM,2023,09,03,17,6.9,29,Good,7.0,UG/M3,1 Hr,Valid
Tashkent,PM2.5 - Principal,2023-09-03 06:00 PM,2023,09,03,18,6.4,27,Good,6.0,UG/M3,1 Hr,Valid
Tashkent,PM2.5 - Principal,2023-09-03 07:00 PM,2023,09,03,19,8.7,36,Good,11.0,UG/M3,1 Hr,Valid
Tashkent,PM2.5 - Principal,2023-09-03 08:00 PM,2023,09,03,20,15.3,58,Moderate,22.0,UG/M3,1 Hr,Valid
Tashkent,PM2.5 - Principal,2023-09-03 09:00 PM,2023,09,03,21,21.1,70,Moderate,27.0,UG/M3,1 Hr,Valid
Tashkent,PM2.5 - Principal,2023-09-03 10:00 PM,2023,09,03,22,27.5,83,Moderate,34.0,UG/M3,1 Hr,Valid
Tashkent,PM2.5 - Principal,2023-09-03 11:00 PM,2023,09,03,23,31.2,91,Moderate,35.0,UG/M3,1 Hr,Valid
Tashkent,PM2.5 - Principal,2023-09-04 12:00 AM,2023,09,04,00,29.1,87,Moderate,27.0,UG/M3,1 Hr,Valid
Tashkent,PM2.5 - Principal,2023-09-04 01:00 AM,2023,09,04,01,23.5,75,Moderate,18.0,UG/M3,1 Hr,Valid
Tashkent,PM2.5 - Principal,2023-09-04 02:00 AM,2023,09,04,02,26.2,81,Moderate,29.0,UG/M3,1 Hr,Valid
Tashkent,PM2.5 - Principal,2023-09-04 03:00 AM,2023,09,04,03,25.1,78,Moderate,24.0,UG/M3,1 Hr,Valid
Tashkent,PM2.5 - Principal,2023-09-04 04:00 AM,2023,09,04,04,27.0,82,Moderate,29.0,UG/M3,1 Hr,Valid
Tashkent,PM2.5 - Principal,2023-09-04 05:00 AM,2023,09,04,05,24.0,76,Moderate,21.0,UG/M3,1 Hr,Valid
Tashkent,PM2.5 - Principal,2023-09-04 06:00 AM,2023,09,04,06,21.0,70,Moderate,18.0,UG/M3,1 Hr,Valid
Tashkent,PM2.5 - Principal,2023-09-04 07:00 AM,2023,09,04,07,17.5,62,Moderate,14.0,UG/M3,1 Hr,Valid
Tashkent,PM2.5 - Principal,2023-09-04 08:00 AM,2023,09,04,08,13.7,54,Moderate,10.0,UG/M3,1 Hr,Valid
Tashkent,PM2.5 - Principal,2023-09-04 09:00 AM,2023,09,04,09,10.8,45,Good,8.0,UG/M3,1 Hr,Valid
Tashkent,PM2.5 - Principal,2023-09-04 10:00 AM,2023,09,04,10,7.4,31,Good,4.0,UG/M3,1 Hr,Valid
Tashkent,PM2.5 - Principal,2023-09-04 11:00 AM,2023,09,04,11,3.7,15,Good,0.0,UG/M3,1 Hr,Valid
Tashkent,PM2.5 - Principal,2023-09-04 12:00 PM,2023,09,04,12,3.3,14,Good,3.0,UG/M3,1 Hr,Valid
Tashkent,PM2.5 - Principal,2023-09-04 01:00 PM,2023,09,04,13,4.1,17,Good,5.0,UG/M3,1 Hr,Valid
Tashkent,PM2.5 - Principal,2023-09-04 02:00 PM,2023,09,04,14,3.5,15,Good,3.0,UG/M3,1 Hr,Valid
Tashkent,PM2.5 - Principal,2023-09-04 03:00 PM,2023,09,04,15,1.2,5,Good,-1.0,UG/M3,1 Hr,Valid
Tashkent,PM2.5 - Principal,2023-09-04 04:00 PM,2023,09,04,16,1.1,5,Good,1.0,UG/M3,1 Hr,Valid
Tashkent,PM2.5 - Principal,2023-09-04 05:00 PM,2023,09,04,17,2.0,8,Good,3.0,UG/M3,1 Hr,Valid
Tashkent,PM2.5 - Principal,2023-09-04 06:00 PM,2023,09,04,18,3.0,13,Good,4.0,UG/M3,1 Hr,Valid
Tashkent,PM2.5 - Principal,2023-09-04 07:00 PM,2023,09,04,19,4.0,17,Good,5.0,UG/M3,1 Hr,Valid
Tashkent,PM2.5 - Principal,2023-09-04 08:00 PM,2023,09,04,20,6.5,27,Good,9.0,UG/M3,1 Hr,Valid
Tashkent,PM2.5 - Principal,2023-09-04 09:00 PM,2023,09,04,21,7.7,32,Good,9.0,UG/M3,1 Hr,Valid
Tashkent,PM2.5 - Principal,2023-09-04 10:00 PM,2023,09,04,22,8.3,35,Good,9.0,UG/M3,1 Hr,Valid
Tashkent,PM2.5 - Principal,2023-09-04 11:00 PM,2023,09,04,23,7.6,32,Good,7.0,UG/M3,1 Hr,Valid
Tashkent,PM2.5 - Principal,2023-09-05 12:00 AM,2023,09,05,00,6.8,28,Good,6.0,UG/M3,1 Hr,Valid
Tashkent,PM2.5 - Principal,2023-09-05 01:00 AM,2023,09,05,01,5.4,23,Good,4.0,UG/M3,1 Hr,Valid
Tashkent,PM2.5 - Principal,2023-09-05 02:00 AM,2023,09,05,02,4.2,18,Good,3.0,UG/M3,1 Hr,Valid
Tashkent,PM2.5 - Principal,2023-09-05 03:00 AM,2023,09,05,03,5.6,23,Good,7.0,UG/M3,1 Hr,Valid
Tashkent,PM2.5 - Principal,2023-09-05 04:00 AM,2023,09,05,04,5.3,22,Good,5.0,UG/M3,1 Hr,Valid
Tashkent,PM2.5 - Principal,2023-09-05 05:00 AM,2023,09,05,05,4.1,17,Good,3.0,UG/M3,1 Hr,Valid
Tashkent,PM2.5 - Principal,2023-09-05 06:00 AM,2023,09,05,06,6.5,27,Good,9.0,UG/M3,1 Hr,Valid
Tashkent,PM2.5 - Principal,2023-09-05 07:00 AM,2023,09,05,07,8.2,34,Good,10.0,UG/M3,1 Hr,Valid
Tashkent,PM2.5 - Principal,2023-09-05 08:00 AM,2023,09,05,08,9.6,40,Good,11.0,UG/M3,1 Hr,Valid
Tashkent,PM2.5 - Principal,2023-09-05 09:00 AM,2023,09,05,09,13.8,55,Moderate,18.0,UG/M3,1 Hr,Valid
Tashkent,PM2.5 - Principal,2023-09-05 10:00 AM,2023,09,05,10,16.4,60,Moderate,19.0,UG/M3,1 Hr,Valid
Tashkent,PM2.5 - Principal,2023-09-05 11:00 AM,2023,09,05,11,15.7,59,Moderate,15.0,UG/M3,1 Hr,Valid
Tashkent,PM2.5 - Principal,2023-09-05 12:00 PM,2023,09,05,12,14.3,56,Moderate,13.0,UG/M3,1 Hr,Valid
Tashkent,PM2.5 - Principal,2023-09-05 01:00 PM,2023,09,05,13,14.1,55,Moderate,14.0,UG/M3,1 Hr,Valid
Tashkent,PM2.5 - Principal,2023-09-05 02:00 PM,2023,09,05,14,16.0,59,Moderate,18.0,UG/M3,1 Hr,Valid
Tashkent,PM2.5 - Principal,2023-09-05 03:00 PM,2023,09,05,15,14.0,55,Moderate,12.0,UG/M3,1 Hr,Valid
Tashkent,PM2.5 - Principal,2023-09-05 04:00 PM,2023,09,05,16,12.0,50,Good,10.0,UG/M3,1 Hr,Valid
Tashkent,PM2.5 - Principal,2023-09-05 05:00 PM,2023,09,05,17,9.0,38,Good,6.0,UG/M3,1 Hr,Valid
Tashkent,PM2.5 - Principal,2023-09-05 06:00 PM,2023,09,05,18,6.5,27,Good,4.0,UG/M3,1 Hr,Valid
Tashkent,PM2.5 - Principal,2023-09-05 07:00 PM,2023,09,05,19,6.2,26,Good,6.0,UG/M3,1 Hr,Valid
Tashkent,PM2.5 - Principal,2023-09-05 08:00 PM,2023,09,05,20,9.6,40,Good,13.0,UG/M3,1 Hr,Valid
Tashkent,PM2.5 - Principal,2023-09-05 09:00 PM,2023,09,05,21,12.8,52,Moderate,16.0,UG/M3,1 Hr,Valid
Tashkent,PM2.5 - Principal,2023-09-05 10:00 PM,2023,09,05,22,11.9,50,Good,11.0,UG/M3,1 Hr,Valid
Tashkent,PM2.5 - Principal,2023-09-05 11:00 PM,2023,09,05,23,10.9,45,Good,10.0,UG/M3,1 Hr,Valid
Tashkent,PM2.5 - Principal,2023-09-06 12:00 AM,2023,09,06,00,11.9,50,Good,13.0,UG/M3,1 Hr,Valid
Tashkent,PM2.5 - Principal,2023-09-06 01:00 AM,2023,09,06,01,21.4,71,Moderate,31.0,UG/M3,1 Hr,Valid
Tashkent,PM2.5 - Principal,2023-09-06 02:00 AM,2023,09,06,02,19.2,66,Moderate,17.0,UG/M3,1 Hr,Valid
Tashkent,PM2.5 - Principal,2023-09-06 03:00 AM,2023,09,06,03,23.1,74,Moderate,27.0,UG/M3,1 Hr,Valid
Tashkent,PM2.5 - Principal,2023-09-06 04:00 AM,2023,09,06,04,23.0,74,Moderate,23.0,UG/M3,1 Hr,Valid
Tashkent,PM2.5 - Principal,2023-09-06 05:00 AM,2023,09,06,05,20.0,68,Moderate,17.0,UG/M3,1 Hr,Valid
Tashkent,PM2.5 - Principal,2023-09-06 06:00 AM,2023,09,06,06,17.5,62,Moderate,15.0,UG/M3,1 Hr,Valid
Tashkent,PM2.5 - Principal,2023-09-06 07:00 AM,2023,09,06,07,16.2,60,Moderate,15.0,UG/M3,1 Hr,Valid
Tashkent,PM2.5 - Principal,2023-09-06 08:00 AM,2023,09,06,08,17.6,63,Moderate,19.0,UG/M3,1 Hr,Valid
Tashkent,PM2.5 - Principal,2023-09-06 09:00 AM,2023,09,06,09,17.3,62,Moderate,17.0,UG/M3,1 Hr,Valid
Tashkent,PM2.5 - Principal,2023-09-06 10:00 AM,2023,09,06,10,18.1,64,Moderate,19.0,UG/M3,1 Hr,Valid
Tashkent,PM2.5 - Principal,2023-09-06 11:00 AM,2023,09,06,11,16.0,59,Moderate,14.0,UG/M3,1 Hr,Valid
Tashkent,PM2.5 - Principal,2023-09-06 12:00 PM,2023,09,06,12,12.5,52,Moderate,9.0,UG/M3,1 Hr,Valid
Tashkent,PM2.5 - Principal,2023-09-06 01:00 PM,2023,09,06,13,11.2,47,Good,10.0,UG/M3,1 Hr,Valid
Tashkent,PM2.5 - Principal,2023-09-06 02:00 PM,2023,09,06,14,14.1,55,Moderate,17.0,UG/M3,1 Hr,Valid
Tashkent,PM2.5 - Principal,2023-09-06 03:00 PM,2023,09,06,15,11.0,46,Good,8.0,UG/M3,1 Hr,Valid
Tashkent,PM2.5 - Principal,2023-09-06 04:00 PM,2023,09,06,16,10.0,42,Good,9.0,UG/M3,1 Hr,Valid
Tashkent,PM2.5 - Principal,2023-09-06 05:00 PM,2023,09,06,17,11.0,46,Good,12.0,UG/M3,1 Hr,Valid
Tashkent,PM2.5 - Principal,2023-09-06 06:00 PM,2023,09,06,18,12.0,50,Good,13.0,UG/M3,1 Hr,Valid
Tashkent,PM2.5 - Principal,2023-09-06 07:00 PM,2023,09,06,19,16.0,59,Moderate,20.0,UG/M3,1 Hr,Valid
Tashkent,PM2.5 - Principal,2023-09-06 08:00 PM,2023,09,06,20,22.0,72,Moderate,28.0,UG/M3,1 Hr,Valid
Tashkent,PM2.5 - Principal,2023-09-06 09:00 PM,2023,09,06,21,24.5,77,Moderate,27.0,UG/M3,1 Hr,Valid
Tashkent,PM2.5 - Principal,2023-09-06 10:00 PM,2023,09,06,22,27.7,84,Moderate,31.0,UG/M3,1 Hr,Valid
Tashkent,PM2.5 - Principal,2023-09-06 11:00 PM,2023,09,06,23,27.8,84,Moderate,28.0,UG/M3,1 Hr,Valid
Tashkent,PM2.5 - Principal,2023-09-07 12:00 AM,2023,09,07,00,33.4,96,Moderate,39.0,UG/M3,1 Hr,Valid
Tashkent,PM2.5 - Principal,2023-09-07 01:00 AM,2023,09,07,01,35.2,100,Moderate,37.0,UG/M3,1 Hr,Valid
Tashkent,PM2.5 - Principal,2023-09-07 02:00 AM,2023,09,07,02,32.1,93,Moderate,29.0,UG/M3,1 Hr,Valid
Tashkent,PM2.5 - Principal,2023-09-07 03:00 AM,2023,09,07,03,32.5,94,Moderate,33.0,UG/M3,1 Hr,Valid
Tashkent,PM2.5 - Principal,2023-09-07 04:00 AM,2023,09,07,04,33.2,95,Moderate,34.0,UG/M3,1 Hr,Valid
Tashkent,PM2.5 - Principal,2023-09-07 05:00 AM,2023,09,07,05,31.6,92,Moderate,30.0,UG/M3,1 Hr,Valid
Tashkent,PM2.5 - Principal,2023-09-07 06:00 AM,2023,09,07,06,26.4,81,Moderate,21.0,UG/M3,1 Hr,Valid
Tashkent,PM2.5 - Principal,2023-09-07 07:00 AM,2023,09,07,07,22.6,73,Moderate,19.0,UG/M3,1 Hr,Valid
Tashkent,PM2.5 - Principal,2023-09-07 08:00 AM,2023,09,07,08,20.8,69,Moderate,19.0,UG/M3,1 Hr,Valid
Tashkent,PM2.5 - Principal,2023-09-07 09:00 AM,2023,09,07,09,20.4,68,Moderate,20.0,UG/M3,1 Hr,Valid
Tashkent,PM2.5 - Principal,2023-09-07 10:00 AM,2023,09,07,10,20.2,68,Moderate,20.0,UG/M3,1 Hr,Valid
Tashkent,PM2.5 - Principal,2023-09-07 11:00 AM,2023,09,07,11,20.1,68,Moderate,20.0,UG/M3,1 Hr,Valid
Tashkent,PM2.5 - Principal,2023-09-07 12:00 PM,2023,09,07,12,18.0,63,Moderate,16.0,UG/M3,1 Hr,Valid
Tashkent,PM2.5 - Principal,2023-09-07 01:00 PM,2023,09,07,13,18.5,64,Moderate,19.0,UG/M3,1 Hr,Valid
Tashkent,PM2.5 - Principal,2023-09-07 02:00 PM,2023,09,07,14,21.2,70,Moderate,24.0,UG/M3,1 Hr,Valid
Tashkent,PM2.5 - Principal,2023-09-07 03:00 PM,2023,09,07,15,25.1,78,Moderate,29.0,UG/M3,1 Hr,Valid
Tashkent,PM2.5 - Principal,2023-09-07 04:00 PM,2023,09,07,16,29.5,88,Moderate,34.0,UG/M3,1 Hr,Valid
Tashkent,PM2.5 - Principal,2023-09-07 05:00 PM,2023,09,07,17,27.2,83,Moderate,25.0,UG/M3,1 Hr,Valid
Tashkent,PM2.5 - Principal,2023-09-07 06:00 PM,2023,09,07,18,27.6,84,Moderate,28.0,UG/M3,1 Hr,Valid
Tashkent,PM2.5 - Principal,2023-09-07 07:00 PM,2023,09,07,19,37.8,107,Unhealthy for Sensitive Groups,48.0,UG/M3,1 Hr,Valid
Tashkent,PM2.5 - Principal,2023-09-07 08:00 PM,2023,09,07,20,53.4,145,Unhealthy for Sensitive Groups,69.0,UG/M3,1 Hr,Valid
Tashkent,PM2.5 - Principal,2023-09-07 09:00 PM,2023,09,07,21,60.7,154,Unhealthy,68.0,UG/M3,1 Hr,Valid
Tashkent,PM2.5 - Principal,2023-09-07 10:00 PM,2023,09,07,22,70.8,159,Unhealthy,81.0,UG/M3,1 Hr,Valid
Tashkent,PM2.5 - Principal,2023-09-07 11:00 PM,2023,09,07,23,81.9,165,Unhealthy,93.0,UG/M3,1 Hr,Valid
Tashkent,PM2.5 - Principal,2023-09-08 12:00 AM,2023,09,08,00,74.4,161,Unhealthy,67.0,UG/M3,1 Hr,Valid
Tashkent,PM2.5 - Principal,2023-09-08 01:00 AM,2023,09,08,01,56.7,152,Unhealthy,39.0,UG/M3,1 Hr,Valid
Tashkent,PM2.5 - Principal,2023-09-08 02:00 AM,2023,09,08,02,44.3,123,Unhealthy for Sensitive Groups,32.0,UG/M3,1 Hr,Valid
Tashkent,PM2.5 - Principal,2023-09-08 03:00 AM,2023,09,08,03,33.1,95,Moderate,22.0,UG/M3,1 Hr,Valid
Tashkent,PM2.5 - Principal,2023-09-08 04:00 AM,2023,09,08,04,33.0,95,Moderate,33.0,UG/M3,1 Hr,Valid
Tashkent,PM2.5 - Principal,2023-09-08 05:00 AM,2023,09,08,05,33.5,96,Moderate,34.0,UG/M3,1 Hr,Valid
Tashkent,PM2.5 - Principal,2023-09-08 06:00 AM,2023,09,08,06,28.7,86,Moderate,24.0,UG/M3,1 Hr,Valid
Tashkent,PM2.5 - Principal,2023-09-08 07:00 AM,2023,09,08,07,27.8,84,Moderate,27.0,UG/M3,1 Hr,Valid
Tashkent,PM2.5 - Principal,2023-09-08 08:00 AM,2023,09,08,08,27.4,83,Moderate,27.0,UG/M3,1 Hr,Valid
Tashkent,PM2.5 - Principal,2023-09-08 09:00 AM,2023,09,08,09,32.2,93,Moderate,37.0,UG/M3,1 Hr,Valid
Tashkent,PM2.5 - Principal,2023-09-08 10:00 AM,2023,09,08,10,34.1,97,Moderate,36.0,UG/M3,1 Hr,Valid
Tashkent,PM2.5 - Principal,2023-09-08 11:00 AM,2023,09,08,11,34.0,97,Moderate,34.0,UG/M3,1 Hr,Valid
Tashkent,PM2.5 - Principal,2023-09-08 12:00 PM,2023,09,08,12,31.2,91,Moderate,28.0,UG/M3,1 Hr,Valid
Tashkent,PM2.5 - Principal,2023-09-08 01:00 PM,2023,09,08,13,29.9,88,Moderate,28.0,UG/M3,1 Hr,Valid
Tashkent,PM2.5 - Principal,2023-09-08 02:00 PM,2023,09,08,14,29.1,87,Moderate,28.0,UG/M3,1 Hr,Valid
Tashkent,PM2.5 - Principal,2023-09-08 03:00 PM,2023,09,08,15,29.4,87,Moderate,-999.0,UG/M3,1 Hr,Missing
Tashkent,PM2.5 - Principal,2023-09-08 04:00 PM,2023,09,08,16,24.4,77,Moderate,21.0,UG/M3,1 Hr,Valid
Tashkent,PM2.5 - Principal,2023-09-08 05:00 PM,2023,09,08,17,18.6,65,Moderate,15.0,UG/M3,1 Hr,Valid
Tashkent,PM2.5 - Principal,2023-09-08 06:00 PM,2023,09,08,18,17.7,63,Moderate,17.0,UG/M3,1 Hr,Valid
Tashkent,PM2.5 - Principal,2023-09-08 07:00 PM,2023,09,08,19,17.3,62,Moderate,17.0,UG/M3,1 Hr,Valid
Tashkent,PM2.5 - Principal,2023-09-08 08:00 PM,2023,09,08,20,17.6,63,Moderate,18.0,UG/M3,1 Hr,Valid
Tashkent,PM2.5 - Principal,2023-09-08 09:00 PM,2023,09,08,21,16.8,61,Moderate,16.0,UG/M3,1 Hr,Valid
Tashkent,PM2.5 - Principal,2023-09-08 10:00 PM,2023,09,08,22,13.4,54,Moderate,10.0,UG/M3,1 Hr,Valid
Tashkent,PM2.5 - Principal,2023-09-08 11:00 PM,2023,09,08,23,10.6,44,Good,8.0,UG/M3,1 Hr,Valid
Tashkent,PM2.5 - Principal,2023-09-09 12:00 AM,2023,09,09,00,10.8,45,Good,11.0,UG/M3,1 Hr,Valid
Tashkent,PM2.5 - Principal,2023-09-09 01:00 AM,2023,09,09,01,11.4,48,Good,12.0,UG/M3,1 Hr,Valid
Tashkent,PM2.5 - Principal,2023-09-09 02:00 AM,2023,09,09,02,11.2,47,Good,11.0,UG/M3,1 Hr,Valid
Tashkent,PM2.5 - Principal,2023-09-09 03:00 AM,2023,09,09,03,15.1,57,Moderate,19.0,UG/M3,1 Hr,Valid
Tashkent,PM2.5 - Principal,2023-09-09 04:00 AM,2023,09,09,04,20.0,68,Moderate,25.0,UG/M3,1 Hr,Valid
Tashkent,PM2.5 - Principal,2023-09-09 05:00 AM,2023,09,09,05,23.0,74,Moderate,26.0,UG/M3,1 Hr,Valid
Tashkent,PM2.5 - Principal,2023-09-09 06:00 AM,2023,09,09,06,22.0,72,Moderate,21.0,UG/M3,1 Hr,Valid
Tashkent,PM2.5 - Principal,2023-09-09 07:00 AM,2023,09,09,07,22.0,72,Moderate,22.0,UG/M3,1 Hr,Valid
Tashkent,PM2.5 - Principal,2023-09-09 08:00 AM,2023,09,09,08,18.5,64,Moderate,15.0,UG/M3,1 Hr,Valid
Tashkent,PM2.5 - Principal,2023-09-09 09:00 AM,2023,09,09,09,16.2,60,Moderate,14.0,UG/M3,1 Hr,Valid
Tashkent,PM2.5 - Principal,2023-09-09 10:00 AM,2023,09,09,10,17.6,63,Moderate,19.0,UG/M3,1 Hr,Valid
Tashkent,PM2.5 - Principal,2023-09-09 11:00 AM,2023,09,09,11,15.8,59,Moderate,14.0,UG/M3,1 Hr,Valid
Tashkent,PM2.5 - Principal,2023-09-09 12:00 PM,2023,09,09,12,16.9,61,Moderate,18.0,UG/M3,1 Hr,Valid
Tashkent,PM2.5 - Principal,2023-09-09 01:00 PM,2023,09,09,13,21.4,71,Moderate,26.0,UG/M3,1 Hr,Valid
Tashkent,PM2.5 - Principal,2023-09-09 02:00 PM,2023,09,09,14,18.2,64,Moderate,15.0,UG/M3,1 Hr,Valid
Tashkent,PM2.5 - Principal,2023-09-09 03:00 PM,2023,09,09,15,17.2,62,Moderate,16.0,UG/M3,1 Hr,Valid
Tashkent,PM2.5 - Principal,2023-09-09 04:00 PM,2023,09,09,16,18.0,63,Moderate,19.0,UG/M3,1 Hr,Valid
Tashkent,PM2.5 - Principal,2023-09-09 05:00 PM,2023,09,09,17,17.0,61,Moderate,16.0,UG/M3,1 Hr,Valid
Tashkent,PM2.5 - Principal,2023-09-09 06:00 PM,2023,09,09,18,18.8,65,Moderate,21.0,UG/M3,1 Hr,Valid
Tashkent,PM2.5 - Principal,2023-09-09 07:00 PM,2023,09,09,19,18.4,64,Moderate,18.0,UG/M3,1 Hr,Valid
Tashkent,PM2.5 - Principal,2023-09-09 08:00 PM,2023,09,09,20,25.2,79,Moderate,32.0,UG/M3,1 Hr,Valid
Tashkent,PM2.5 - Principal,2023-09-09 09:00 PM,2023,09,09,21,34.6,98,Moderate,44.0,UG/M3,1 Hr,Valid
Tashkent,PM2.5 - Principal,2023-09-09 10:00 PM,2023,09,09,22,31.3,91,Moderate,28.0,UG/M3,1 Hr,Valid
Tashkent,PM2.5 - Principal,2023-09-09 11:00 PM,2023,09,09,23,28.1,85,Moderate,25.0,UG/M3,1 Hr,Valid
Tashkent,PM2.5 - Principal,2023-09-10 12:00 AM,2023,09,10,00,24.5,77,Moderate,21.0,UG/M3,1 Hr,Valid
Tashkent,PM2.5 - Principal,2023-09-10 01:00 AM,2023,09,10,01,23.7,75,Moderate,23.0,UG/M3,1 Hr,Valid
Tashkent,PM2.5 - Principal,2023-09-10 02:00 AM,2023,09,10,02,26.3,81,Moderate,29.0,UG/M3,1 Hr,Valid
Tashkent,PM2.5 - Principal,2023-09-10 03:00 AM,2023,09,10,03,24.1,76,Moderate,22.0,UG/M3,1 Hr,Valid
Tashkent,PM2.5 - Principal,2023-09-10 04:00 AM,2023,09,10,04,21.0,70,Moderate,18.0,UG/M3,1 Hr,Valid
Tashkent,PM2.5 - Principal,2023-09-10 05:00 AM,2023,09,10,05,18.5,64,Moderate,16.0,UG/M3,1 Hr,Valid
Tashkent,PM2.5 - Principal,2023-09-10 06:00 AM,2023,09,10,06,18.7,65,Moderate,19.0,UG/M3,1 Hr,Valid
Tashkent,PM2.5 - Principal,2023-09-10 07:00 AM,2023,09,10,07,18.3,64,Moderate,18.0,UG/M3,1 Hr,Valid
Tashkent,PM2.5 - Principal,2023-09-10 08:00 AM,2023,09,10,08,24.6,77,Moderate,31.0,UG/M3,1 Hr,Valid
Tashkent,PM2.5 - Principal,2023-09-10 09:00 AM,2023,09,10,09,29.8,88,Moderate,35.0,UG/M3,1 Hr,Valid
Tashkent,PM2.5 - Principal,2023-09-10 10:00 AM,2023,09,10,10,33.9,97,Moderate,38.0,UG/M3,1 Hr,Valid
Tashkent,PM2.5 - Principal,2023-09-10 11:00 AM,2023,09,10,11,33.4,96,Moderate,33.0,UG/M3,1 Hr,Valid
Tashkent,PM2.5 - Principal,2023-09-10 12:00 PM,2023,09,10,12,35.2,100,Moderate,37.0,UG/M3,1 Hr,Valid
Tashkent,PM2.5 - Principal,2023-09-10 01:00 PM,2023,09,10,13,38.6,109,Unhealthy for Sensitive Groups,42.0,UG/M3,1 Hr,Valid
Tashkent,PM2.5 - Principal,2023-09-10 02:00 PM,2023,09,10,14,41.8,117,Unhealthy for Sensitive Groups,45.0,UG/M3,1 Hr,Valid
Tashkent,PM2.5 - Principal,2023-09-10 03:00 PM,2023,09,10,15,38.9,109,Unhealthy for Sensitive Groups,36.0,UG/M3,1 Hr,Valid
Tashkent,PM2.5 - Principal,2023-09-10 04:00 PM,2023,09,10,16,38.9,109,Unhealthy for Sensitive Groups,39.0,UG/M3,1 Hr,Valid
Tashkent,PM2.5 - Principal,2023-09-10 05:00 PM,2023,09,10,17,39.9,112,Unhealthy for Sensitive Groups,41.0,UG/M3,1 Hr,Valid
Tashkent,PM2.5 - Principal,2023-09-10 06:00 PM,2023,09,10,18,37.9,107,Unhealthy for Sensitive Groups,36.0,UG/M3,1 Hr,Valid
Tashkent,PM2.5 - Principal,2023-09-10 07:00 PM,2023,09,10,19,39.2,110,Unhealthy for Sensitive Groups,41.0,UG/M3,1 Hr,Valid
Tashkent,PM2.5 - Principal,2023-09-10 08:00 PM,2023,09,10,20,30.7,90,Moderate,22.0,UG/M3,1 Hr,Valid
Tashkent,PM2.5 - Principal,2023-09-10 09:00 PM,2023,09,10,21,25.8,80,Moderate,21.0,UG/M3,1 Hr,Valid
Tashkent,PM2.5 - Principal,2023-09-10 10:00 PM,2023,09,10,22,25.4,79,Moderate,25.0,UG/M3,1 Hr,Valid
Tashkent,PM2.5 - Principal,2023-09-10 11:00 PM,2023,09,10,23,31.2,91,Moderate,37.0,UG/M3,1 Hr,Valid
Tashkent,PM2.5 - Principal,2023-09-11 12:00 AM,2023,09,11,00,39.1,110,Unhealthy for Sensitive Groups,47.0,UG/M3,1 Hr,Valid
Tashkent,PM2.5 - Principal,2023-09-11 01:00 AM,2023,09,11,01,48.5,133,Unhealthy for Sensitive Groups,58.0,UG/M3,1 Hr,Valid
Tashkent,PM2.5 - Principal,2023-09-11 02:00 AM,2023,09,11,02,48.7,134,Unhealthy for Sensitive Groups,49.0,UG/M3,1 Hr,Valid
Tashkent,PM2.5 - Principal,2023-09-11 03:00 AM,2023,09,11,03,55.8,151,Unhealthy,63.0,UG/M3,1 Hr,Valid
Tashkent,PM2.5 - Principal,2023-09-11 04:00 AM,2023,09,11,04,57.9,152,Unhealthy,60.0,UG/M3,1 Hr,Valid
Tashkent,PM2.5 - Principal,2023-09-11 05:00 AM,2023,09,11,05,54.9,149,Unhealthy for Sensitive Groups,52.0,UG/M3,1 Hr,Valid
Tashkent,PM2.5 - Principal,2023-09-11 06:00 AM,2023,09,11,06,51.4,140,Unhealthy for Sensitive Groups,48.0,UG/M3,1 Hr,Valid
Tashkent,PM2.5 - Principal,2023-09-11 07:00 AM,2023,09,11,07,47.7,131,Unhealthy for Sensitive Groups,44.0,UG/M3,1 Hr,Valid
Tashkent,PM2.5 - Principal,2023-09-11 08:00 AM,2023,09,11,08,44.3,123,Unhealthy for Sensitive Groups,41.0,UG/M3,1 Hr,Valid
Tashkent,PM2.5 - Principal,2023-09-11 09:00 AM,2023,09,11,09,40.1,112,Unhealthy for Sensitive Groups,36.0,UG/M3,1 Hr,Valid
Tashkent,PM2.5 - Principal,2023-09-11 10:00 AM,2023,09,11,10,36.2,103,Unhealthy for Sensitive Groups,32.0,UG/M3,1 Hr,Valid
Tashkent,PM2.5 - Principal,2023-09-11 11:00 AM,2023,09,11,11,29.5,88,Moderate,23.0,UG/M3,1 Hr,Valid
Tashkent,PM2.5 - Principal,2023-09-11 12:00 PM,2023,09,11,12,23.7,75,Moderate,18.0,UG/M3,1 Hr,Valid
Tashkent,PM2.5 - Principal,2023-09-11 01:00 PM,2023,09,11,13,21.3,70,Moderate,19.0,UG/M3,1 Hr,Valid
Tashkent,PM2.5 - Principal,2023-09-11 02:00 PM,2023,09,11,14,21.6,71,Moderate,22.0,UG/M3,1 Hr,Valid
Tashkent,PM2.5 - Principal,2023-09-11 03:00 PM,2023,09,11,15,30.8,90,Moderate,40.0,UG/M3,1 Hr,Valid
Tashkent,PM2.5 - Principal,2023-09-11 04:00 PM,2023,09,11,16,106.4,177,Unhealthy,182.0,UG/M3,1 Hr,Valid
Tashkent,PM2.5 - Principal,2023-09-11 05:00 PM,2023,09,11,17,108.2,178,Unhealthy,110.0,UG/M3,1 Hr,Valid
Tashkent,PM2.5 - Principal,2023-09-11 06:00 PM,2023,09,11,18,102.6,175,Unhealthy,97.0,UG/M3,1 Hr,Valid
Tashkent,PM2.5 - Principal,2023-09-11 07:00 PM,2023,09,11,19,82.8,165,Unhealthy,63.0,UG/M3,1 Hr,Valid
Tashkent,PM2.5 - Principal,2023-09-11 08:00 PM,2023,09,11,20,63.9,155,Unhealthy,45.0,UG/M3,1 Hr,Valid
Tashkent,PM2.5 - Principal,2023-09-11 09:00 PM,2023,09,11,21,58.9,153,Unhealthy,54.0,UG/M3,1 Hr,Valid
Tashkent,PM2.5 - Principal,2023-09-11 10:00 PM,2023,09,11,22,58.9,153,Unhealthy,59.0,UG/M3,1 Hr,Valid
Tashkent,PM2.5 - Principal,2023-09-11 11:00 PM,2023,09,11,23,57.4,152,Unhealthy,56.0,UG/M3,1 Hr,Valid
Tashkent,PM2.5 - Principal,2023-09-12 12:00 AM,2023,09,12,00,57.7,152,Unhealthy,58.0,UG/M3,1 Hr,Valid
Tashkent,PM2.5 - Principal,2023-09-12 01:00 AM,2023,09,12,01,57.8,152,Unhealthy,58.0,UG/M3,1 Hr,Valid
Tashkent,PM2.5 - Principal,2023-09-12 02:00 AM,2023,09,12,02,54.9,149,Unhealthy for Sensitive Groups,52.0,UG/M3,1 Hr,Valid
Tashkent,PM2.5 - Principal,2023-09-12 03:00 AM,2023,09,12,03,53.9,146,Unhealthy for Sensitive Groups,53.0,UG/M3,1 Hr,Valid
Tashkent,PM2.5 - Principal,2023-09-12 04:00 AM,2023,09,12,04,49.9,136,Unhealthy for Sensitive Groups,46.0,UG/M3,1 Hr,Valid
Tashkent,PM2.5 - Principal,2023-09-12 05:00 AM,2023,09,12,05,46.9,129,Unhealthy for Sensitive Groups,44.0,UG/M3,1 Hr,Valid
Tashkent,PM2.5 - Principal,2023-09-12 06:00 AM,2023,09,12,06,47.2,130,Unhealthy for Sensitive Groups,43.0,UG/M3,1 Hr,Valid
Tashkent,PM2.5 - Principal,2023-09-12 07:00 AM,2023,09,12,07,46.8,129,Unhealthy for Sensitive Groups,44.0,UG/M3,1 Hr,Valid
Tashkent,PM2.5 - Principal,2023-09-12 08:00 AM,2023,09,12,08,48.5,133,Unhealthy for Sensitive Groups,53.0,UG/M3,1 Hr,Valid
Tashkent,PM2.5 - Principal,2023-09-12 09:00 AM,2023,09,12,09,51.4,140,Unhealthy for Sensitive Groups,59.0,UG/M3,1 Hr,Valid
Tashkent,PM2.5 - Principal,2023-09-12 10:00 AM,2023,09,12,10,50.9,139,Unhealthy for Sensitive Groups,50.0,UG/M3,1 Hr,Valid
Tashkent,PM2.5 - Principal,2023-09-12 11:00 AM,2023,09,12,11,46.5,128,Unhealthy for Sensitive Groups,38.0,UG/M3,1 Hr,Valid
Tashkent,PM2.5 - Principal,2023-09-12 12:00 PM,2023,09,12,12,42.8,119,Unhealthy for Sensitive Groups,37.0,UG/M3,1 Hr,Valid
Tashkent,PM2.5 - Principal,2023-09-12 01:00 PM,2023,09,12,13,40.6,114,Unhealthy for Sensitive Groups,37.0,UG/M3,1 Hr,Valid
Tashkent,PM2.5 - Principal,2023-09-12 02:00 PM,2023,09,12,14,40.6,114,Unhealthy for Sensitive Groups,-999.0,UG/M3,1 Hr,Missing
Tashkent,PM2.5 - Principal,2023-09-12 03:00 PM,2023,09,12,15,41.2,115,Unhealthy for Sensitive Groups,42.0,UG/M3,1 Hr,Valid
Tashkent,PM2.5 - Principal,2023-09-12 04:00 PM,2023,09,12,16,41.1,115,Unhealthy for Sensitive Groups,41.0,UG/M3,1 Hr,Valid
Tashkent,PM2.5 - Principal,2023-09-12 05:00 PM,2023,09,12,17,38.3,108,Unhealthy for Sensitive Groups,35.0,UG/M3,1 Hr,Valid
Tashkent,PM2.5 - Principal,2023-09-12 06:00 PM,2023,09,12,18,34.5,98,Moderate,31.0,UG/M3,1 Hr,Valid
Tashkent,PM2.5 - Principal,2023-09-12 07:00 PM,2023,09,12,19,32.1,93,Moderate,30.0,UG/M3,1 Hr,Valid
Tashkent,PM2.5 - Principal,2023-09-12 08:00 PM,2023,09,12,20,30.5,90,Moderate,29.0,UG/M3,1 Hr,Valid
Tashkent,PM2.5 - Principal,2023-09-12 09:00 PM,2023,09,12,21,26.7,82,Moderate,23.0,UG/M3,1 Hr,Valid
Tashkent,PM2.5 - Principal,2023-09-12 10:00 PM,2023,09,12,22,20.8,69,Moderate,15.0,UG/M3,1 Hr,Valid
Tashkent,PM2.5 - Principal,2023-09-12 11:00 PM,2023,09,12,23,17.4,62,Moderate,14.0,UG/M3,1 Hr,Valid
Tashkent,PM2.5 - Principal,2023-09-13 12:00 AM,2023,09,13,00,14.7,56,Moderate,12.0,UG/M3,1 Hr,Valid
Tashkent,PM2.5 - Principal,2023-09-13 01:00 AM,2023,09,13,01,13.3,54,Moderate,12.0,UG/M3,1 Hr,Valid
Tashkent,PM2.5 - Principal,2023-09-13 02:00 AM,2023,09,13,02,15.1,57,Moderate,17.0,UG/M3,1 Hr,Valid
Tashkent,PM2.5 - Principal,2023-09-13 03:00 AM,2023,09,13,03,13.0,53,Moderate,11.0,UG/M3,1 Hr,Valid
Tashkent,PM2.5 - Principal,2023-09-13 04:00 AM,2023,09,13,04,16.0,59,Moderate,19.0,UG/M3,1 Hr,Valid
Tashkent,PM2.5 - Principal,2023-09-13 05:00 AM,2023,09,13,05,17.0,61,Moderate,18.0,UG/M3,1 Hr,Valid
Tashkent,PM2.5 - Principal,2023-09-13 06:00 AM,2023,09,13,06,18.5,64,Moderate,20.0,UG/M3,1 Hr,Valid
Tashkent,PM2.5 - Principal,2023-09-13 07:00 AM,2023,09,13,07,18.7,65,Moderate,19.0,UG/M3,1 Hr,Valid
Tashkent,PM2.5 - Principal,2023-09-13 08:00 AM,2023,09,13,08,19.8,67,Moderate,21.0,UG/M3,1 Hr,Valid
Tashkent,PM2.5 - Principal,2023-09-13 09:00 AM,2023,09,13,09,16.0,59,Moderate,12.0,UG/M3,1 Hr,Valid
Tashkent,PM2.5 - Principal,2023-09-13 10:00 AM,2023,09,13,10,14.6,56,Moderate,13.0,UG/M3,1 Hr,Valid
Tashkent,PM2.5 - Principal,2023-09-13 11:00 AM,2023,09,13,11,11.2,47,Good,8.0,UG/M3,1 Hr,Valid
Tashkent,PM2.5 - Principal,2023-09-13 12:00 PM,2023,09,13,12,9.1,38,Good,7.0,UG/M3,1 Hr,Valid
Tashkent,PM2.5 - Principal,2023-09-13 01:00 PM,2023,09,13,13,7.5,31,Good,6.0,UG/M3,1 Hr,Valid
Tashkent,PM2.5 - Principal,2023-09-13 02:00 PM,2023,09,13,14,7.7,32,Good,8.0,UG/M3,1 Hr,Valid
Tashkent,PM2.5 - Principal,2023-09-13 03:00 PM,2023,09,13,15,6.8,28,Good,6.0,UG/M3,1 Hr,Valid
Tashkent,PM2.5 - Principal,2023-09-13 04:00 PM,2023,09,13,16,7.9,33,Good,9.0,UG/M3,1 Hr,Valid
Tashkent,PM2.5 - Principal,2023-09-13 05:00 PM,2023,09,13,17,7.4,31,Good,7.0,UG/M3,1 Hr,Valid
Tashkent,PM2.5 - Principal,2023-09-13 06:00 PM,2023,09,13,18,6.7,28,Good,6.0,UG/M3,1 Hr,Valid
Tashkent,PM2.5 - Principal,2023-09-13 07:00 PM,2023,09,13,19,8.8,37,Good,11.0,UG/M3,1 Hr,Valid
Tashkent,PM2.5 - Principal,2023-09-13 08:00 PM,2023,09,13,20,8.4,35,Good,8.0,UG/M3,1 Hr,Valid
Tashkent,PM2.5 - Principal,2023-09-13 09:00 PM,2023,09,13,21,8.7,36,Good,9.0,UG/M3,1 Hr,Valid
Tashkent,PM2.5 - Principal,2023-09-13 10:00 PM,2023,09,13,22,9.2,38,Good,10.0,UG/M3,1 Hr,Valid
Tashkent,PM2.5 - Principal,2023-09-13 11:00 PM,2023,09,13,23,9.1,38,Good,9.0,UG/M3,1 Hr,Valid
Tashkent,PM2.5 - Principal,2023-09-14 12:00 AM,2023,09,14,00,9.5,40,Good,10.0,UG/M3,1 Hr,Valid
Tashkent,PM2.5 - Principal,2023-09-14 01:00 AM,2023,09,14,01,9.7,40,Good,10.0,UG/M3,1 Hr,Valid
Tashkent,PM2.5 - Principal,2023-09-14 02:00 AM,2023,09,14,02,10.3,43,Good,11.0,UG/M3,1 Hr,Valid
Tashkent,PM2.5 - Principal,2023-09-14 03:00 AM,2023,09,14,03,12.2,51,Moderate,14.0,UG/M3,1 Hr,Valid
Tashkent,PM2.5 - Principal,2023-09-14 04:00 AM,2023,09,14,04,12.6,52,Moderate,13.0,UG/M3,1 Hr,Valid
Tashkent,PM2.5 - Principal,2023-09-14 05:00 AM,2023,09,14,05,14.3,56,Moderate,16.0,UG/M3,1 Hr,Valid
Tashkent,PM2.5 - Principal,2023-09-14 06:00 AM,2023,09,14,06,15.1,57,Moderate,16.0,UG/M3,1 Hr,Valid
Tashkent,PM2.5 - Principal,2023-09-14 07:00 AM,2023,09,14,07,15.5,58,Moderate,16.0,UG/M3,1 Hr,Valid
Tashkent,PM2.5 - Principal,2023-09-14 08:00 AM,2023,09,14,08,22.7,73,Moderate,30.0,UG/M3,1 Hr,Valid
Tashkent,PM2.5 - Principal,2023-09-14 09:00 AM,2023,09,14,09,24.8,78,Moderate,27.0,UG/M3,1 Hr,Valid
Tashkent,PM2.5 - Principal,2023-09-14 10:00 AM,2023,09,14,10,25.4,79,Moderate,26.0,UG/M3,1 Hr,Valid
Tashkent,PM2.5 - Principal,2023-09-14 11:00 AM,2023,09,14,11,26.2,81,Moderate,27.0,UG/M3,1 Hr,Valid
Tashkent,PM2.5 - Principal,2023-09-14 12:00 PM,2023,09,14,12,24.1,76,Moderate,22.0,UG/M3,1 Hr,Valid
Tashkent,PM2.5 - Principal,2023-09-14 01:00 PM,2023,09,14,13,19.0,66,Moderate,14.0,UG/M3,1 Hr,Valid
Tashkent,PM2.5 - Principal,2023-09-14 02:00 PM,2023,09,14,14,13.0,53,Moderate,7.0,UG/M3,1 Hr,Valid
Tashkent,PM2.5 - Principal,2023-09-14 03:00 PM,2023,09,14,15,7.5,31,Good,2.0,UG/M3,1 Hr,Valid
Tashkent,PM2.5 - Principal,2023-09-14 04:00 PM,2023,09,14,16,6.7,28,Good,6.0,UG/M3,1 Hr,Valid
Tashkent,PM2.5 - Principal,2023-09-14 05:00 PM,2023,09,14,17,6.3,26,Good,6.0,UG/M3,1 Hr,Valid
Tashkent,PM2.5 - Principal,2023-09-14 06:00 PM,2023,09,14,18,6.3,26,Good,-999.0,UG/M3,1 Hr,Missing
Tashkent,PM2.5 - Principal,2023-09-14 07:00 PM,2023,09,14,19,14.7,56,Moderate,19.0,UG/M3,1 Hr,Valid
Tashkent,PM2.5 - Principal,2023-09-14 08:00 PM,2023,09,14,20,14.3,56,Moderate,14.0,UG/M3,1 Hr,Valid
Tashkent,PM2.5 - Principal,2023-09-14 09:00 PM,2023,09,14,21,18.4,64,Moderate,22.0,UG/M3,1 Hr,Valid
Tashkent,PM2.5 - Principal,2023-09-14 10:00 PM,2023,09,14,22,23.8,76,Moderate,29.0,UG/M3,1 Hr,Valid
Tashkent,PM2.5 - Principal,2023-09-14 11:00 PM,2023,09,14,23,21.9,72,Moderate,20.0,UG/M3,1 Hr,Valid
Tashkent,PM2.5 - Principal,2023-09-15 12:00 AM,2023,09,15,00,18.4,64,Moderate,15.0,UG/M3,1 Hr,Valid
Tashkent,PM2.5 - Principal,2023-09-15 01:00 AM,2023,09,15,01,14.1,55,Moderate,10.0,UG/M3,1 Hr,Valid
Tashkent,PM2.5 - Principal,2023-09-15 02:00 AM,2023,09,15,02,14.0,55,Moderate,14.0,UG/M3,1 Hr,Valid
Tashkent,PM2.5 - Principal,2023-09-15 03:00 AM,2023,09,15,03,16.0,59,Moderate,18.0,UG/M3,1 Hr,Valid
Tashkent,PM2.5 - Principal,2023-09-15 04:00 AM,2023,09,15,04,18.0,63,Moderate,20.0,UG/M3,1 Hr,Valid
Tashkent,PM2.5 - Principal,2023-09-15 05:00 AM,2023,09,15,05,21.0,70,Moderate,24.0,UG/M3,1 Hr,Valid
Tashkent,PM2.5 - Principal,2023-09-15 06:00 AM,2023,09,15,06,23.0,74,Moderate,25.0,UG/M3,1 Hr,Valid
Tashkent,PM2.5 - Principal,2023-09-15 07:00 AM,2023,09,15,07,26.5,81,Moderate,30.0,UG/M3,1 Hr,Valid
Tashkent,PM2.5 - Principal,2023-09-15 08:00 AM,2023,09,15,08,28.2,85,Moderate,30.0,UG/M3,1 Hr,Valid
Tashkent,PM2.5 - Principal,2023-09-15 09:00 AM,2023,09,15,09,30.6,90,Moderate,33.0,UG/M3,1 Hr,Valid
Tashkent,PM2.5 - Principal,2023-09-15 10:00 AM,2023,09,15,10,31.3,91,Moderate,32.0,UG/M3,1 Hr,Valid
Tashkent,PM2.5 - Principal,2023-09-15 11:00 AM,2023,09,15,11,24.6,77,Moderate,18.0,UG/M3,1 Hr,Valid
Tashkent,PM2.5 - Principal,2023-09-15 12:00 PM,2023,09,15,12,20.8,69,Moderate,17.0,UG/M3,1 Hr,Valid
Tashkent,PM2.5 - Principal,2023-09-15 01:00 PM,2023,09,15,13,12.9,53,Moderate,5.0,UG/M3,1 Hr,Valid
Tashkent,PM2.5 - Principal,2023-09-15 02:00 PM,2023,09,15,14,8.9,37,Good,5.0,UG/M3,1 Hr,Valid
Tashkent,PM2.5 - Principal,2023-09-15 03:00 PM,2023,09,15,15,5.4,23,Good,2.0,UG/M3,1 Hr,Valid
Tashkent,PM2.5 - Principal,2023-09-15 04:00 PM,2023,09,15,16,1.7,7,Good,-2.0,UG/M3,1 Hr,Valid
Tashkent,PM2.5 - Principal,2023-09-15 05:00 PM,2023,09,15,17,2.8,12,Good,4.0,UG/M3,1 Hr,Valid
Tashkent,PM2.5 - Principal,2023-09-15 06:00 PM,2023,09,15,18,4.9,20,Good,7.0,UG/M3,1 Hr,Valid
Tashkent,PM2.5 - Principal,2023-09-15 07:00 PM,2023,09,15,19,8.4,35,Good,12.0,UG/M3,1 Hr,Valid
Tashkent,PM2.5 - Principal,2023-09-15 08:00 PM,2023,09,15,20,11.2,47,Good,14.0,UG/M3,1 Hr,Valid
Tashkent,PM2.5 - Principal,2023-09-15 09:00 PM,2023,09,15,21,16.1,59,Moderate,21.0,UG/M3,1 Hr,Valid
Tashkent,PM2.5 - Principal,2023-09-15 10:00 PM,2023,09,15,22,17.0,61,Moderate,18.0,UG/M3,1 Hr,Valid
Tashkent,PM2.5 - Principal,2023-09-15 11:00 PM,2023,09,15,23,15.5,58,Moderate,14.0,UG/M3,1 Hr,Valid
Tashkent,PM2.5 - Principal,2023-09-16 12:00 AM,2023,09,16,00,17.2,62,Moderate,19.0,UG/M3,1 Hr,Valid
Tashkent,PM2.5 - Principal,2023-09-16 01:00 AM,2023,09,16,01,13.1,53,Moderate,9.0,UG/M3,1 Hr,Valid
Tashkent,PM2.5 - Principal,2023-09-16 02:00 AM,2023,09,16,02,12.0,50,Good,11.0,UG/M3,1 Hr,Valid
Tashkent,PM2.5 - Principal,2023-09-16 03:00 AM,2023,09,16,03,14.5,56,Moderate,17.0,UG/M3,1 Hr,Valid
Tashkent,PM2.5 - Principal,2023-09-16 04:00 AM,2023,09,16,04,14.7,56,Moderate,15.0,UG/M3,1 Hr,Valid
Tashkent,PM2.5 - Principal,2023-09-16 05:00 AM,2023,09,16,05,15.8,59,Moderate,17.0,UG/M3,1 Hr,Valid
Tashkent,PM2.5 - Principal,2023-09-16 06:00 AM,2023,09,16,06,13.9,55,Moderate,12.0,UG/M3,1 Hr,Valid
Tashkent,PM2.5 - Principal,2023-09-16 07:00 AM,2023,09,16,07,14.9,57,Moderate,16.0,UG/M3,1 Hr,Valid
Tashkent,PM2.5 - Principal,2023-09-16 08:00 AM,2023,09,16,08,15.9,59,Moderate,17.0,UG/M3,1 Hr,Valid
Tashkent,PM2.5 - Principal,2023-09-16 09:00 AM,2023,09,16,09,18.9,65,Moderate,22.0,UG/M3,1 Hr,Valid
Tashkent,PM2.5 - Principal,2023-09-16 10:00 AM,2023,09,16,10,20.9,70,Moderate,23.0,UG/M3,1 Hr,Valid
Tashkent,PM2.5 - Principal,2023-09-16 11:00 AM,2023,09,16,11,18.4,64,Moderate,16.0,UG/M3,1 Hr,Valid
Tashkent,PM2.5 - Principal,2023-09-16 12:00 PM,2023,09,16,12,19.2,66,Moderate,20.0,UG/M3,1 Hr,Valid
Tashkent,PM2.5 - Principal,2023-09-16 01:00 PM,2023,09,16,13,20.6,69,Moderate,22.0,UG/M3,1 Hr,Valid
Tashkent,PM2.5 - Principal,2023-09-16 02:00 PM,2023,09,16,14,18.3,64,Moderate,16.0,UG/M3,1 Hr,Valid
Tashkent,PM2.5 - Principal,2023-09-16 03:00 PM,2023,09,16,15,16.2,60,Moderate,14.0,UG/M3,1 Hr,Valid
Tashkent,PM2.5 - Principal,2023-09-16 04:00 PM,2023,09,16,16,12.0,50,Good,8.0,UG/M3,1 Hr,Valid
Tashkent,PM2.5 - Principal,2023-09-16 05:00 PM,2023,09,16,17,8.0,33,Good,4.0,UG/M3,1 Hr,Valid
Tashkent,PM2.5 - Principal,2023-09-16 06:00 PM,2023,09,16,18,7.5,31,Good,7.0,UG/M3,1 Hr,Valid
Tashkent,PM2.5 - Principal,2023-09-16 07:00 PM,2023,09,16,19,14.7,56,Moderate,22.0,UG/M3,1 Hr,Valid
Tashkent,PM2.5 - Principal,2023-09-16 08:00 PM,2023,09,16,20,19.8,67,Moderate,25.0,UG/M3,1 Hr,Valid
Tashkent,PM2.5 - Principal,2023-09-16 09:00 PM,2023,09,16,21,25.9,80,Moderate,32.0,UG/M3,1 Hr,Valid
Tashkent,PM2.5 - Principal,2023-09-16 10:00 PM,2023,09,16,22,20.9,70,Moderate,16.0,UG/M3,1 Hr,Valid
Tashkent,PM2.5 - Principal,2023-09-16 11:00 PM,2023,09,16,23,20.9,70,Moderate,21.0,UG/M3,1 Hr,Valid
Tashkent,PM2.5 - Principal,2023-09-17 12:00 AM,2023,09,17,00,22.9,74,Moderate,25.0,UG/M3,1 Hr,Valid
Tashkent,PM2.5 - Principal,2023-09-17 01:00 AM,2023,09,17,01,30.9,91,Moderate,39.0,UG/M3,1 Hr,Valid
Tashkent,PM2.5 - Principal,2023-09-17 02:00 AM,2023,09,17,02,34.0,97,Moderate,37.0,UG/M3,1 Hr,Valid
Tashkent,PM2.5 - Principal,2023-09-17 03:00 AM,2023,09,17,03,33.5,96,Moderate,33.0,UG/M3,1 Hr,Valid
Tashkent,PM2.5 - Principal,2023-09-17 04:00 AM,2023,09,17,04,30.7,90,Moderate,28.0,UG/M3,1 Hr,Valid
Tashkent,PM2.5 - Principal,2023-09-17 05:00 AM,2023,09,17,05,28.8,86,Moderate,27.0,UG/M3,1 Hr,Valid
Tashkent,PM2.5 - Principal,2023-09-17 06:00 AM,2023,09,17,06,26.9,82,Moderate,25.0,UG/M3,1 Hr,Valid
Tashkent,PM2.5 - Principal,2023-09-17 07:00 AM,2023,09,17,07,25.4,79,Moderate,24.0,UG/M3,1 Hr,Valid
Tashkent,PM2.5 - Principal,2023-09-17 08:00 AM,2023,09,17,08,21.7,71,Moderate,18.0,UG/M3,1 Hr,Valid
Tashkent,PM2.5 - Principal,2023-09-17 09:00 AM,2023,09,17,09,17.3,62,Moderate,13.0,UG/M3,1 Hr,Valid
Tashkent,PM2.5 - Principal,2023-09-17 10:00 AM,2023,09,17,10,13.6,54,Moderate,10.0,UG/M3,1 Hr,Valid
Tashkent,PM2.5 - Principal,2023-09-17 11:00 AM,2023,09,17,11,13.8,55,Moderate,14.0,UG/M3,1 Hr,Valid
Tashkent,PM2.5 - Principal,2023-09-17 12:00 PM,2023,09,17,12,10.9,45,Good,8.0,UG/M3,1 Hr,Valid
Tashkent,PM2.5 - Principal,2023-09-17 01:00 PM,2023,09,17,13,8.9,37,Good,7.0,UG/M3,1 Hr,Valid
Tashkent,PM2.5 - Principal,2023-09-17 02:00 PM,2023,09,17,14,10.4,43,Good,12.0,UG/M3,1 Hr,Valid
Tashkent,PM2.5 - Principal,2023-09-17 03:00 PM,2023,09,17,15,12.2,51,Moderate,14.0,UG/M3,1 Hr,Valid
Tashkent,PM2.5 - Principal,2023-09-17 04:00 PM,2023,09,17,16,13.1,53,Moderate,14.0,UG/M3,1 Hr,Valid
Tashkent,PM2.5 - Principal,2023-09-17 05:00 PM,2023,09,17,17,11.5,48,Good,10.0,UG/M3,1 Hr,Valid
Tashkent,PM2.5 - Principal,2023-09-17 06:00 PM,2023,09,17,18,12.2,51,Moderate,13.0,UG/M3,1 Hr,Valid
Tashkent,PM2.5 - Principal,2023-09-17 07:00 PM,2023,09,17,19,12.1,51,Moderate,12.0,UG/M3,1 Hr,Valid
Tashkent,PM2.5 - Principal,2023-09-17 08:00 PM,2023,09,17,20,17.5,62,Moderate,23.0,UG/M3,1 Hr,Valid
Tashkent,PM2.5 - Principal,2023-09-17 09:00 PM,2023,09,17,21,20.7,69,Moderate,24.0,UG/M3,1 Hr,Valid
Tashkent,PM2.5 - Principal,2023-09-17 10:00 PM,2023,09,17,22,25.8,80,Moderate,31.0,UG/M3,1 Hr,Valid
Tashkent,PM2.5 - Principal,2023-09-17 11:00 PM,2023,09,17,23,32.9,95,Moderate,40.0,UG/M3,1 Hr,Valid
Tashkent,PM2.5 - Principal,2023-09-18 12:00 AM,2023,09,18,00,31.4,92,Moderate,30.0,UG/M3,1 Hr,Valid
Tashkent,PM2.5 - Principal,2023-09-18 01:00 AM,2023,09,18,01,25.2,79,Moderate,19.0,UG/M3,1 Hr,Valid
Tashkent,PM2.5 - Principal,2023-09-18 02:00 AM,2023,09,18,02,24.6,77,Moderate,24.0,UG/M3,1 Hr,Valid
Tashkent,PM2.5 - Principal,2023-09-18 03:00 AM,2023,09,18,03,24.3,77,Moderate,24.0,UG/M3,1 Hr,Valid
Tashkent,PM2.5 - Principal,2023-09-18 04:00 AM,2023,09,18,04,26.6,81,Moderate,29.0,UG/M3,1 Hr,Valid
Tashkent,PM2.5 - Principal,2023-09-18 05:00 AM,2023,09,18,05,27.3,83,Moderate,28.0,UG/M3,1 Hr,Valid
Tashkent,PM2.5 - Principal,2023-09-18 06:00 AM,2023,09,18,06,27.6,84,Moderate,28.0,UG/M3,1 Hr,Valid
Tashkent,PM2.5 - Principal,2023-09-18 07:00 AM,2023,09,18,07,28.8,86,Moderate,30.0,UG/M3,1 Hr,Valid
Tashkent,PM2.5 - Principal,2023-09-18 08:00 AM,2023,09,18,08,30.9,91,Moderate,33.0,UG/M3,1 Hr,Valid
Tashkent,PM2.5 - Principal,2023-09-18 09:00 AM,2023,09,18,09,26.9,82,Moderate,23.0,UG/M3,1 Hr,Valid
Tashkent,PM2.5 - Principal,2023-09-18 10:00 AM,2023,09,18,10,24.9,78,Moderate,23.0,UG/M3,1 Hr,Valid
Tashkent,PM2.5 - Principal,2023-09-18 11:00 AM,2023,09,18,11,19.4,66,Moderate,14.0,UG/M3,1 Hr,Valid
Tashkent,PM2.5 - Principal,2023-09-18 12:00 PM,2023,09,18,12,15.7,59,Moderate,12.0,UG/M3,1 Hr,Valid
Tashkent,PM2.5 - Principal,2023-09-18 01:00 PM,2023,09,18,13,13.8,55,Moderate,12.0,UG/M3,1 Hr,Valid
Tashkent,PM2.5 - Principal,2023-09-18 02:00 PM,2023,09,18,14,11.9,50,Good,10.0,UG/M3,1 Hr,Valid
Tashkent,PM2.5 - Principal,2023-09-18 03:00 PM,2023,09,18,15,10.4,43,Good,9.0,UG/M3,1 Hr,Valid
Tashkent,PM2.5 - Principal,2023-09-18 04:00 PM,2023,09,18,16,8.7,36,Good,7.0,UG/M3,1 Hr,Valid
Tashkent,PM2.5 - Principal,2023-09-18 05:00 PM,2023,09,18,17,7.3,30,Good,6.0,UG/M3,1 Hr,Valid
Tashkent,PM2.5 - Principal,2023-09-18 06:00 PM,2023,09,18,18,6.6,28,Good,6.0,UG/M3,1 Hr,Valid
Tashkent,PM2.5 - Principal,2023-09-18 07:00 PM,2023,09,18,19,12.8,52,Moderate,19.0,UG/M3,1 Hr,Valid
Tashkent,PM2.5 - Principal,2023-09-18 08:00 PM,2023,09,18,20,20.4,68,Moderate,28.0,UG/M3,1 Hr,Valid
Tashkent,PM2.5 - Principal,2023-09-18 09:00 PM,2023,09,18,21,28.2,85,Moderate,36.0,UG/M3,1 Hr,Valid
Tashkent,PM2.5 - Principal,2023-09-18 10:00 PM,2023,09,18,22,27.6,84,Moderate,27.0,UG/M3,1 Hr,Valid
Tashkent,PM2.5 - Principal,2023-09-18 11:00 PM,2023,09,18,23,30.8,90,Moderate,34.0,UG/M3,1 Hr,Valid
Tashkent,PM2.5 - Principal,2023-09-19 12:00 AM,2023,09,19,00,31.9,93,Moderate,33.0,UG/M3,1 Hr,Valid
Tashkent,PM2.5 - Principal,2023-09-19 01:00 AM,2023,09,19,01,29.4,87,Moderate,27.0,UG/M3,1 Hr,Valid
Tashkent,PM2.5 - Principal,2023-09-19 02:00 AM,2023,09,19,02,28.7,86,Moderate,28.0,UG/M3,1 Hr,Valid
Tashkent,PM2.5 - Principal,2023-09-19 03:00 AM,2023,09,19,03,24.8,78,Moderate,21.0,UG/M3,1 Hr,Valid
Tashkent,PM2.5 - Principal,2023-09-19 04:00 AM,2023,09,19,04,21.9,72,Moderate,19.0,UG/M3,1 Hr,Valid
Tashkent,PM2.5 - Principal,2023-09-19 05:00 AM,2023,09,19,05,20.9,70,Moderate,20.0,UG/M3,1 Hr,Valid
Tashkent,PM2.5 - Principal,2023-09-19 06:00 AM,2023,09,19,06,20.6,69,Moderate,20.0,UG/M3,1 Hr,Valid
Tashkent,PM2.5 - Principal,2023-09-19 07:00 AM,2023,09,19,07,21.7,71,Moderate,23.0,UG/M3,1 Hr,Valid
Tashkent,PM2.5 - Principal,2023-09-19 08:00 AM,2023,09,19,08,22.8,74,Moderate,24.0,UG/M3,1 Hr,Valid
Tashkent,PM2.5 - Principal,2023-09-19 09:00 AM,2023,09,19,09,24.6,77,Moderate,27.0,UG/M3,1 Hr,Valid
Tashkent,PM2.5 - Principal,2023-09-19 10:00 AM,2023,09,19,10,23.0,74,Moderate,21.0,UG/M3,1 Hr,Valid
Tashkent,PM2.5 - Principal,2023-09-19 11:00 AM,2023,09,19,11,16.9,61,Moderate,11.0,UG/M3,1 Hr,Valid
Tashkent,PM2.5 - Principal,2023-09-19 12:00 PM,2023,09,19,12,13.4,54,Moderate,10.0,UG/M3,1 Hr,Valid
Tashkent,PM2.5 - Principal,2023-09-19 01:00 PM,2023,09,19,13,11.2,47,Good,9.0,UG/M3,1 Hr,Valid
Tashkent,PM2.5 - Principal,2023-09-19 02:00 PM,2023,09,19,14,11.6,48,Good,12.0,UG/M3,1 Hr,Valid
Tashkent,PM2.5 - Principal,2023-09-19 03:00 PM,2023,09,19,15,12.3,51,Moderate,13.0,UG/M3,1 Hr,Valid
Tashkent,PM2.5 - Principal,2023-09-19 04:00 PM,2023,09,19,16,13.1,53,Moderate,14.0,UG/M3,1 Hr,Valid
Tashkent,PM2.5 - Principal,2023-09-19 05:00 PM,2023,09,19,17,14.0,55,Moderate,15.0,UG/M3,1 Hr,Valid
Tashkent,PM2.5 - Principal,2023-09-19 06:00 PM,2023,09,19,18,15.5,58,Moderate,17.0,UG/M3,1 Hr,Valid
Tashkent,PM2.5 - Principal,2023-09-19 07:00 PM,2023,09,19,19,18.2,64,Moderate,21.0,UG/M3,1 Hr,Valid
Tashkent,PM2.5 - Principal,2023-09-19 08:00 PM,2023,09,19,20,21.1,70,Moderate,24.0,UG/M3,1 Hr,Valid
Tashkent,PM2.5 - Principal,2023-09-19 09:00 PM,2023,09,19,21,26.5,81,Moderate,32.0,UG/M3,1 Hr,Valid
Tashkent,PM2.5 - Principal,2023-09-19 10:00 PM,2023,09,19,22,30.2,89,Moderate,34.0,UG/M3,1 Hr,Valid
Tashkent,PM2.5 - Principal,2023-09-19 11:00 PM,2023,09,19,23,31.6,92,Moderate,33.0,UG/M3,1 Hr,Valid
Tashkent,PM2.5 - Principal,2023-09-20 12:00 AM,2023,09,20,00,34.8,99,Moderate,38.0,UG/M3,1 Hr,Valid
Tashkent,PM2.5 - Principal,2023-09-20 01:00 AM,2023,09,20,01,38.4,108,Unhealthy for Sensitive Groups,42.0,UG/M3,1 Hr,Valid
Tashkent,PM2.5 - Principal,2023-09-20 02:00 AM,2023,09,20,02,24.2,76,Moderate,10.0,UG/M3,1 Hr,Valid
Tashkent,PM2.5 - Principal,2023-09-20 03:00 AM,2023,09,20,03,15.6,58,Moderate,7.0,UG/M3,1 Hr,Valid
Tashkent,PM2.5 - Principal,2023-09-20 04:00 AM,2023,09,20,04,12.8,52,Moderate,10.0,UG/M3,1 Hr,Valid
Tashkent,PM2.5 - Principal,2023-09-20 05:00 AM,2023,09,20,05,9.8,41,Good,7.0,UG/M3,1 Hr,Valid
Tashkent,PM2.5 - Principal,2023-09-20 06:00 AM,2023,09,20,06,9.9,41,Good,10.0,UG/M3,1 Hr,Valid
Tashkent,PM2.5 - Principal,2023-09-20 07:00 AM,2023,09,20,07,11.4,48,Good,13.0,UG/M3,1 Hr,Valid
Tashkent,PM2.5 - Principal,2023-09-20 08:00 AM,2023,09,20,08,13.7,54,Moderate,16.0,UG/M3,1 Hr,Valid
Tashkent,PM2.5 - Principal,2023-09-20 09:00 AM,2023,09,20,09,11.3,47,Good,9.0,UG/M3,1 Hr,Valid
Tashkent,PM2.5 - Principal,2023-09-20 10:00 AM,2023,09,20,10,11.1,46,Good,11.0,UG/M3,1 Hr,Valid
Tashkent,PM2.5 - Principal,2023-09-20 11:00 AM,2023,09,20,11,11.0,46,Good,11.0,UG/M3,1 Hr,Valid
Tashkent,PM2.5 - Principal,2023-09-20 12:00 PM,2023,09,20,12,10.0,42,Good,9.0,UG/M3,1 Hr,Valid
Tashkent,PM2.5 - Principal,2023-09-20 01:00 PM,2023,09,20,13,9.5,40,Good,9.0,UG/M3,1 Hr,Valid
Tashkent,PM2.5 - Principal,2023-09-20 02:00 PM,2023,09,20,14,9.7,40,Good,10.0,UG/M3,1 Hr,Valid
Tashkent,PM2.5 - Principal,2023-09-20 03:00 PM,2023,09,20,15,9.3,39,Good,9.0,UG/M3,1 Hr,Valid
Tashkent,PM2.5 - Principal,2023-09-20 04:00 PM,2023,09,20,16,9.6,40,Good,10.0,UG/M3,1 Hr,Valid
Tashkent,PM2.5 - Principal,2023-09-20 05:00 PM,2023,09,20,17,11.1,46,Good,13.0,UG/M3,1 Hr,Valid
Tashkent,PM2.5 - Principal,2023-09-20 06:00 PM,2023,09,20,18,13.2,53,Moderate,16.0,UG/M3,1 Hr,Valid
Tashkent,PM2.5 - Principal,2023-09-20 07:00 PM,2023,09,20,19,16.3,60,Moderate,19.0,UG/M3,1 Hr,Valid
Tashkent,PM2.5 - Principal,2023-09-20 08:00 PM,2023,09,20,20,21.1,70,Moderate,26.0,UG/M3,1 Hr,Valid
Tashkent,PM2.5 - Principal,2023-09-20 09:00 PM,2023,09,20,21,21.5,71,Moderate,22.0,UG/M3,1 Hr,Valid
Tashkent,PM2.5 - Principal,2023-09-20 10:00 PM,2023,09,20,22,23.7,75,Moderate,26.0,UG/M3,1 Hr,Valid
Tashkent,PM2.5 - Principal,2023-09-20 11:00 PM,2023,09,20,23,27.9,84,Moderate,32.0,UG/M3,1 Hr,Valid
Tashkent,PM2.5 - Principal,2023-09-21 12:00 AM,2023,09,21,00,25.4,79,Moderate,23.0,UG/M3,1 Hr,Valid
Tashkent,PM2.5 - Principal,2023-09-21 01:00 AM,2023,09,21,01,25.7,80,Moderate,26.0,UG/M3,1 Hr,Valid
Tashkent,PM2.5 - Principal,2023-09-21 02:00 AM,2023,09,21,02,23.8,76,Moderate,22.0,UG/M3,1 Hr,Valid
Tashkent,PM2.5 - Principal,2023-09-21 03:00 AM,2023,09,21,03,24.9,78,Moderate,26.0,UG/M3,1 Hr,Valid
Tashkent,PM2.5 - Principal,2023-09-21 04:00 AM,2023,09,21,04,22.9,74,Moderate,21.0,UG/M3,1 Hr,Valid
Tashkent,PM2.5 - Principal,2023-09-21 05:00 AM,2023,09,21,05,22.4,73,Moderate,22.0,UG/M3,1 Hr,Valid
Tashkent,PM2.5 - Principal,2023-09-21 06:00 AM,2023,09,21,06,21.2,70,Moderate,19.0,UG/M3,1 Hr,Valid
Tashkent,PM2.5 - Principal,2023-09-21 07:00 AM,2023,09,21,07,19.0,66,Moderate,17.0,UG/M3,1 Hr,Valid
Tashkent,PM2.5 - Principal,2023-09-21 08:00 AM,2023,09,21,08,15.4,58,Moderate,12.0,UG/M3,1 Hr,Valid
Tashkent,PM2.5 - Principal,2023-09-21 09:00 AM,2023,09,21,09,13.2,53,Moderate,11.0,UG/M3,1 Hr,Valid
Tashkent,PM2.5 - Principal,2023-09-21 10:00 AM,2023,09,21,10,11.6,48,Good,10.0,UG/M3,1 Hr,Valid
Tashkent,PM2.5 - Principal,2023-09-21 11:00 AM,2023,09,21,11,10.8,45,Good,10.0,UG/M3,1 Hr,Valid
Tashkent,PM2.5 - Principal,2023-09-21 12:00 PM,2023,09,21,12,10.8,45,Good,11.0,UG/M3,1 Hr,Valid
Tashkent,PM2.5 - Principal,2023-09-21 01:00 PM,2023,09,21,13,9.4,39,Good,8.0,UG/M3,1 Hr,Valid
Tashkent,PM2.5 - Principal,2023-09-21 02:00 PM,2023,09,21,14,8.2,34,Good,7.0,UG/M3,1 Hr,Valid
Tashkent,PM2.5 - Principal,2023-09-21 03:00 PM,2023,09,21,15,7.6,32,Good,7.0,UG/M3,1 Hr,Valid
Tashkent,PM2.5 - Principal,2023-09-21 04:00 PM,2023,09,21,16,7.8,33,Good,8.0,UG/M3,1 Hr,Valid
Tashkent,PM2.5 - Principal,2023-09-21 05:00 PM,2023,09,21,17,6.8,28,Good,6.0,UG/M3,1 Hr,Valid
Tashkent,PM2.5 - Principal,2023-09-21 06:00 PM,2023,09,21,18,7.4,31,Good,8.0,UG/M3,1 Hr,Valid
Tashkent,PM2.5 - Principal,2023-09-21 07:00 PM,2023,09,21,19,10.2,43,Good,13.0,UG/M3,1 Hr,Valid
Tashkent,PM2.5 - Principal,2023-09-21 08:00 PM,2023,09,21,20,10.1,42,Good,10.0,UG/M3,1 Hr,Valid
Tashkent,PM2.5 - Principal,2023-09-21 09:00 PM,2023,09,21,21,8.5,35,Good,7.0,UG/M3,1 Hr,Valid
Tashkent,PM2.5 - Principal,2023-09-21 10:00 PM,2023,09,21,22,7.7,32,Good,7.0,UG/M3,1 Hr,Valid
Tashkent,PM2.5 - Principal,2023-09-21 11:00 PM,2023,09,21,23,7.8,33,Good,8.0,UG/M3,1 Hr,Valid
Tashkent,PM2.5 - Principal,2023-09-22 12:00 AM,2023,09,22,00,9.9,41,Good,12.0,UG/M3,1 Hr,Valid
Tashkent,PM2.5 - Principal,2023-09-22 01:00 AM,2023,09,22,01,9.9,41,Good,10.0,UG/M3,1 Hr,Valid
Tashkent,PM2.5 - Principal,2023-09-22 02:00 AM,2023,09,22,02,7.9,33,Good,6.0,UG/M3,1 Hr,Valid
Tashkent,PM2.5 - Principal,2023-09-22 03:00 AM,2023,09,22,03,7.4,31,Good,7.0,UG/M3,1 Hr,Valid
Tashkent,PM2.5 - Principal,2023-09-22 04:00 AM,2023,09,22,04,7.2,30,Good,7.0,UG/M3,1 Hr,Valid
Tashkent,PM2.5 - Principal,2023-09-22 05:00 AM,2023,09,22,05,8.6,36,Good,10.0,UG/M3,1 Hr,Valid
Tashkent,PM2.5 - Principal,2023-09-22 06:00 AM,2023,09,22,06,10.3,43,Good,12.0,UG/M3,1 Hr,Valid
Tashkent,PM2.5 - Principal,2023-09-22 07:00 AM,2023,09,22,07,12.1,51,Moderate,14.0,UG/M3,1 Hr,Valid
Tashkent,PM2.5 - Principal,2023-09-22 08:00 AM,2023,09,22,08,13.0,53,Moderate,14.0,UG/M3,1 Hr,Valid
Tashkent,PM2.5 - Principal,2023-09-22 09:00 AM,2023,09,22,09,12.0,50,Good,11.0,UG/M3,1 Hr,Valid
Tashkent,PM2.5 - Principal,2023-09-22 10:00 AM,2023,09,22,10,11.0,46,Good,10.0,UG/M3,1 Hr,Valid
Tashkent,PM2.5 - Principal,2023-09-22 11:00 AM,2023,09,22,11,9.5,40,Good,8.0,UG/M3,1 Hr,Valid
Tashkent,PM2.5 - Principal,2023-09-22 12:00 PM,2023,09,22,12,7.2,30,Good,5.0,UG/M3,1 Hr,Valid
Tashkent,PM2.5 - Principal,2023-09-22 01:00 PM,2023,09,22,13,5.1,21,Good,3.0,UG/M3,1 Hr,Valid
Tashkent,PM2.5 - Principal,2023-09-22 02:00 PM,2023,09,22,14,3.5,15,Good,2.0,UG/M3,1 Hr,Valid
Tashkent,PM2.5 - Principal,2023-09-22 03:00 PM,2023,09,22,15,2.7,11,Good,2.0,UG/M3,1 Hr,Valid
Tashkent,PM2.5 - Principal,2023-09-22 04:00 PM,2023,09,22,16,2.8,12,Good,3.0,UG/M3,1 Hr,Valid
Tashkent,PM2.5 - Principal,2023-09-22 05:00 PM,2023,09,22,17,2.9,12,Good,3.0,UG/M3,1 Hr,Valid
Tashkent,PM2.5 - Principal,2023-09-22 06:00 PM,2023,09,22,18,2.9,12,Good,3.0,UG/M3,1 Hr,Valid
Tashkent,PM2.5 - Principal,2023-09-22 07:00 PM,2023,09,22,19,3.9,16,Good,5.0,UG/M3,1 Hr,Valid
Tashkent,PM2.5 - Principal,2023-09-22 08:00 PM,2023,09,22,20,5.4,23,Good,7.0,UG/M3,1 Hr,Valid
Tashkent,PM2.5 - Principal,2023-09-22 09:00 PM,2023,09,22,21,9.2,38,Good,13.0,UG/M3,1 Hr,Valid
Tashkent,PM2.5 - Principal,2023-09-22 10:00 PM,2023,09,22,22,8.6,36,Good,8.0,UG/M3,1 Hr,Valid
Tashkent,PM2.5 - Principal,2023-09-22 11:00 PM,2023,09,22,23,8.3,35,Good,8.0,UG/M3,1 Hr,Valid
Tashkent,PM2.5 - Principal,2023-09-23 12:00 AM,2023,09,23,00,13.1,53,Moderate,18.0,UG/M3,1 Hr,Valid
Tashkent,PM2.5 - Principal,2023-09-23 01:00 AM,2023,09,23,01,16.5,60,Moderate,20.0,UG/M3,1 Hr,Valid
Tashkent,PM2.5 - Principal,2023-09-23 02:00 AM,2023,09,23,02,19.7,67,Moderate,23.0,UG/M3,1 Hr,Valid
Tashkent,PM2.5 - Principal,2023-09-23 03:00 AM,2023,09,23,03,20.8,69,Moderate,22.0,UG/M3,1 Hr,Valid
Tashkent,PM2.5 - Principal,2023-09-23 04:00 AM,2023,09,23,04,19.4,66,Moderate,18.0,UG/M3,1 Hr,Valid
Tashkent,PM2.5 - Principal,2023-09-23 05:00 AM,2023,09,23,05,24.2,76,Moderate,29.0,UG/M3,1 Hr,Valid
Tashkent,PM2.5 - Principal,2023-09-23 06:00 AM,2023,09,23,06,19.6,67,Moderate,15.0,UG/M3,1 Hr,Valid
Tashkent,PM2.5 - Principal,2023-09-23 07:00 AM,2023,09,23,07,16.3,60,Moderate,13.0,UG/M3,1 Hr,Valid
Tashkent,PM2.5 - Principal,2023-09-23 08:00 AM,2023,09,23,08,16.1,59,Moderate,16.0,UG/M3,1 Hr,Valid
Tashkent,PM2.5 - Principal,2023-09-23 09:00 AM,2023,09,23,09,16.0,59,Moderate,16.0,UG/M3,1 Hr,Valid
Tashkent,PM2.5 - Principal,2023-09-23 10:00 AM,2023,09,23,10,19.0,66,Moderate,22.0,UG/M3,1 Hr,Valid
Tashkent,PM2.5 - Principal,2023-09-23 11:00 AM,2023,09,23,11,16.5,60,Moderate,14.0,UG/M3,1 Hr,Valid
Tashkent,PM2.5 - Principal,2023-09-23 12:00 PM,2023,09,23,12,13.7,54,Moderate,11.0,UG/M3,1 Hr,Valid
Tashkent,PM2.5 - Principal,2023-09-23 01:00 PM,2023,09,23,13,12.3,51,Moderate,11.0,UG/M3,1 Hr,Valid
Tashkent,PM2.5 - Principal,2023-09-23 02:00 PM,2023,09,23,14,11.6,48,Good,11.0,UG/M3,1 Hr,Valid
Tashkent,PM2.5 - Principal,2023-09-23 03:00 PM,2023,09,23,15,11.3,47,Good,11.0,UG/M3,1 Hr,Valid
Tashkent,PM2.5 - Principal,2023-09-23 04:00 PM,2023,09,23,16,8.6,36,Good,6.0,UG/M3,1 Hr,Valid
Tashkent,PM2.5 - Principal,2023-09-23 05:00 PM,2023,09,23,17,7.3,30,Good,6.0,UG/M3,1 Hr,Valid
Tashkent,PM2.5 - Principal,2023-09-23 06:00 PM,2023,09,23,18,7.1,30,Good,7.0,UG/M3,1 Hr,Valid
Tashkent,PM2.5 - Principal,2023-09-23 07:00 PM,2023,09,23,19,13.0,53,Moderate,19.0,UG/M3,1 Hr,Valid
Tashkent,PM2.5 - Principal,2023-09-23 08:00 PM,2023,09,23,20,19.0,66,Moderate,25.0,UG/M3,1 Hr,Valid
Tashkent,PM2.5 - Principal,2023-09-23 09:00 PM,2023,09,23,21,32.0,93,Moderate,45.0,UG/M3,1 Hr,Valid
Tashkent,PM2.5 - Principal,2023-09-23 10:00 PM,2023,09,23,22,29.0,87,Moderate,26.0,UG/M3,1 Hr,Valid
Tashkent,PM2.5 - Principal,2023-09-23 11:00 PM,2023,09,23,23,30.0,89,Moderate,31.0,UG/M3,1 Hr,Valid
Tashkent,PM2.5 - Principal,2023-09-24 12:00 AM,2023,09,24,00,35.0,99,Moderate,40.0,UG/M3,1 Hr,Valid
Tashkent,PM2.5 - Principal,2023-09-24 01:00 AM,2023,09,24,01,37.0,105,Unhealthy for Sensitive Groups,39.0,UG/M3,1 Hr,Valid
Tashkent,PM2.5 - Principal,2023-09-24 02:00 AM,2023,09,24,02,32.5,94,Moderate,28.0,UG/M3,1 Hr,Valid
Tashkent,PM2.5 - Principal,2023-09-24 03:00 AM,2023,09,24,03,27.7,84,Moderate,23.0,UG/M3,1 Hr,Valid
Tashkent,PM2.5 - Principal,2023-09-24 04:00 AM,2023,09,24,04,26.8,82,Moderate,26.0,UG/M3,1 Hr,Valid
Tashkent,PM2.5 - Principal,2023-09-24 05:00 AM,2023,09,24,05,25.9,80,Moderate,25.0,UG/M3,1 Hr,Valid
Tashkent,PM2.5 - Principal,2023-09-24 06:00 AM,2023,09,24,06,24.9,78,Moderate,24.0,UG/M3,1 Hr,Valid
Tashkent,PM2.5 - Principal,2023-09-24 07:00 AM,2023,09,24,07,22.9,74,Moderate,21.0,UG/M3,1 Hr,Valid
Tashkent,PM2.5 - Principal,2023-09-24 08:00 AM,2023,09,24,08,25.9,80,Moderate,29.0,UG/M3,1 Hr,Valid
Tashkent,PM2.5 - Principal,2023-09-24 09:00 AM,2023,09,24,09,26.4,81,Moderate,27.0,UG/M3,1 Hr,Valid
Tashkent,PM2.5 - Principal,2023-09-24 10:00 AM,2023,09,24,10,26.7,82,Moderate,27.0,UG/M3,1 Hr,Valid
Tashkent,PM2.5 - Principal,2023-09-24 11:00 AM,2023,09,24,11,26.3,81,Moderate,26.0,UG/M3,1 Hr,Valid
Tashkent,PM2.5 - Principal,2023-09-24 12:00 PM,2023,09,24,12,25.2,79,Moderate,24.0,UG/M3,1 Hr,Valid
Tashkent,PM2.5 - Principal,2023-09-24 01:00 PM,2023,09,24,13,21.1,70,Moderate,16.0,UG/M3,1 Hr,Valid
Tashkent,PM2.5 - Principal,2023-09-24 02:00 PM,2023,09,24,14,19.7,67,Moderate,18.0,UG/M3,1 Hr,Valid
Tashkent,PM2.5 - Principal,2023-09-24 03:00 PM,2023,09,24,15,17.2,62,Moderate,15.0,UG/M3,1 Hr,Valid
Tashkent,PM2.5 - Principal,2023-09-24 04:00 PM,2023,09,24,16,15.0,57,Moderate,13.0,UG/M3,1 Hr,Valid
Tashkent,PM2.5 - Principal,2023-09-24 05:00 PM,2023,09,24,17,13.5,54,Moderate,12.0,UG/M3,1 Hr,Valid
Tashkent,PM2.5 - Principal,2023-09-24 06:00 PM,2023,09,24,18,12.7,52,Moderate,12.0,UG/M3,1 Hr,Valid
Tashkent,PM2.5 - Principal,2023-09-24 07:00 PM,2023,09,24,19,21.8,71,Moderate,31.0,UG/M3,1 Hr,Valid
Tashkent,PM2.5 - Principal,2023-09-24 08:00 PM,2023,09,24,20,33.9,97,Moderate,46.0,UG/M3,1 Hr,Valid
Tashkent,PM2.5 - Principal,2023-09-24 09:00 PM,2023,09,24,21,39.4,111,Unhealthy for Sensitive Groups,45.0,UG/M3,1 Hr,Valid
Tashkent,PM2.5 - Principal,2023-09-24 10:00 PM,2023,09,24,22,44.7,124,Unhealthy for Sensitive Groups,50.0,UG/M3,1 Hr,Valid
Tashkent,PM2.5 - Principal,2023-09-24 11:00 PM,2023,09,24,23,44.3,123,Unhealthy for Sensitive Groups,44.0,UG/M3,1 Hr,Valid
Tashkent,PM2.5 - Principal,2023-09-25 12:00 AM,2023,09,25,00,41.1,115,Unhealthy for Sensitive Groups,38.0,UG/M3,1 Hr,Valid
Tashkent,PM2.5 - Principal,2023-09-25 01:00 AM,2023,09,25,01,37.5,106,Unhealthy for Sensitive Groups,34.0,UG/M3,1 Hr,Valid
Tashkent,PM2.5 - Principal,2023-09-25 02:00 AM,2023,09,25,02,35.8,102,Unhealthy for Sensitive Groups,34.0,UG/M3,1 Hr,Valid
Tashkent,PM2.5 - Principal,2023-09-25 03:00 AM,2023,09,25,03,29.4,87,Moderate,23.0,UG/M3,1 Hr,Valid
Tashkent,PM2.5 - Principal,2023-09-25 04:00 AM,2023,09,25,04,27.7,84,Moderate,26.0,UG/M3,1 Hr,Valid
Tashkent,PM2.5 - Principal,2023-09-25 05:00 AM,2023,09,25,05,27.3,83,Moderate,27.0,UG/M3,1 Hr,Valid
Tashkent,PM2.5 - Principal,2023-09-25 06:00 AM,2023,09,25,06,28.1,85,Moderate,29.0,UG/M3,1 Hr,Valid
Tashkent,PM2.5 - Principal,2023-09-25 07:00 AM,2023,09,25,07,30.0,89,Moderate,32.0,UG/M3,1 Hr,Valid
Tashkent,PM2.5 - Principal,2023-09-25 08:00 AM,2023,09,25,08,26.0,80,Moderate,22.0,UG/M3,1 Hr,Valid
Tashkent,PM2.5 - Principal,2023-09-25 09:00 AM,2023,09,25,09,30.0,89,Moderate,34.0,UG/M3,1 Hr,Valid
Tashkent,PM2.5 - Principal,2023-09-25 10:00 AM,2023,09,25,10,29.0,87,Moderate,28.0,UG/M3,1 Hr,Valid
Tashkent,PM2.5 - Principal,2023-09-25 11:00 AM,2023,09,25,11,23.5,75,Moderate,18.0,UG/M3,1 Hr,Valid
Tashkent,PM2.5 - Principal,2023-09-25 12:00 PM,2023,09,25,12,19.2,66,Moderate,15.0,UG/M3,1 Hr,Valid
Tashkent,PM2.5 - Principal,2023-09-25 01:00 PM,2023,09,25,13,16.6,60,Moderate,14.0,UG/M3,1 Hr,Valid
Tashkent,PM2.5 - Principal,2023-09-25 02:00 PM,2023,09,25,14,16.3,60,Moderate,16.0,UG/M3,1 Hr,Valid
Tashkent,PM2.5 - Principal,2023-09-25 03:00 PM,2023,09,25,15,15.1,57,Moderate,14.0,UG/M3,1 Hr,Valid
Tashkent,PM2.5 - Principal,2023-09-25 04:00 PM,2023,09,25,16,14.5,56,Moderate,14.0,UG/M3,1 Hr,Valid
Tashkent,PM2.5 - Principal,2023-09-25 05:00 PM,2023,09,25,17,13.2,53,Moderate,12.0,UG/M3,1 Hr,Valid
Tashkent,PM2.5 - Principal,2023-09-25 06:00 PM,2023,09,25,18,13.1,53,Moderate,13.0,UG/M3,1 Hr,Valid
Tashkent,PM2.5 - Principal,2023-09-25 07:00 PM,2023,09,25,19,18.0,63,Moderate,23.0,UG/M3,1 Hr,Valid
Tashkent,PM2.5 - Principal,2023-09-25 08:00 PM,2023,09,25,20,29.5,88,Moderate,41.0,UG/M3,1 Hr,Valid
Tashkent,PM2.5 - Principal,2023-09-25 09:00 PM,2023,09,25,21,36.7,104,Unhealthy for Sensitive Groups,44.0,UG/M3,1 Hr,Valid
Tashkent,PM2.5 - Principal,2023-09-25 10:00 PM,2023,09,25,22,50.8,139,Unhealthy for Sensitive Groups,65.0,UG/M3,1 Hr,Valid
Tashkent,PM2.5 - Principal,2023-09-25 11:00 PM,2023,09,25,23,47.4,130,Unhealthy for Sensitive Groups,44.0,UG/M3,1 Hr,Valid
Tashkent,PM2.5 - Principal,2023-09-26 12:00 AM,2023,09,26,00,45.7,126,Unhealthy for Sensitive Groups,44.0,UG/M3,1 Hr,Valid
Tashkent,PM2.5 - Principal,2023-09-26 01:00 AM,2023,09,26,01,43.8,121,Unhealthy for Sensitive Groups,42.0,UG/M3,1 Hr,Valid
Tashkent,PM2.5 - Principal,2023-09-26 02:00 AM,2023,09,26,02,49.4,135,Unhealthy for Sensitive Groups,55.0,UG/M3,1 Hr,Valid
Tashkent,PM2.5 - Principal,2023-09-26 03:00 AM,2023,09,26,03,48.2,132,Unhealthy for Sensitive Groups,47.0,UG/M3,1 Hr,Valid
Tashkent,PM2.5 - Principal,2023-09-26 04:00 AM,2023,09,26,04,45.6,126,Unhealthy for Sensitive Groups,43.0,UG/M3,1 Hr,Valid
Tashkent,PM2.5 - Principal,2023-09-26 05:00 AM,2023,09,26,05,45.8,126,Unhealthy for Sensitive Groups,46.0,UG/M3,1 Hr,Valid
Tashkent,PM2.5 - Principal,2023-09-26 06:00 AM,2023,09,26,06,40.9,114,Unhealthy for Sensitive Groups,36.0,UG/M3,1 Hr,Valid
Tashkent,PM2.5 - Principal,2023-09-26 07:00 AM,2023,09,26,07,39.4,111,Unhealthy for Sensitive Groups,37.0,UG/M3,1 Hr,Valid
Tashkent,PM2.5 - Principal,2023-09-26 08:00 AM,2023,09,26,08,41.9,117,Unhealthy for Sensitive Groups,45.0,UG/M3,1 Hr,Valid
Tashkent,PM2.5 - Principal,2023-09-26 09:00 AM,2023,09,26,09,41.0,115,Unhealthy for Sensitive Groups,40.0,UG/M3,1 Hr,Valid
Tashkent,PM2.5 - Principal,2023-09-26 10:00 AM,2023,09,26,10,40.8,114,Unhealthy for Sensitive Groups,40.0,UG/M3,1 Hr,Valid
Tashkent,PM2.5 - Principal,2023-09-26 11:00 AM,2023,09,26,11,40.8,114,Unhealthy for Sensitive Groups,-999.0,UG/M3,1 Hr,Missing
Tashkent,PM2.5 - Principal,2023-09-26 12:00 PM,2023,09,26,12,30.8,90,Moderate,26.0,UG/M3,1 Hr,Valid
Tashkent,PM2.5 - Principal,2023-09-26 01:00 PM,2023,09,26,13,29.7,88,Moderate,29.0,UG/M3,1 Hr,Valid
Tashkent,PM2.5 - Principal,2023-09-26 02:00 PM,2023,09,26,14,29.7,88,Moderate,29.0,UG/M3,1 Hr,Valid
Tashkent,PM2.5 - Principal,2023-09-26 03:00 PM,2023,09,26,15,29.7,88,Moderate,-999.0,UG/M3,1 Hr,Missing
Tashkent,PM2.5 - Principal,2023-09-26 04:00 PM,2023,09,26,16,21.6,71,Moderate,18.0,UG/M3,1 Hr,Valid
Tashkent,PM2.5 - Principal,2023-09-26 05:00 PM,2023,09,26,17,14.9,57,Moderate,10.0,UG/M3,1 Hr,Valid
Tashkent,PM2.5 - Principal,2023-09-26 06:00 PM,2023,09,26,18,16.5,60,Moderate,18.0,UG/M3,1 Hr,Valid
Tashkent,PM2.5 - Principal,2023-09-26 07:00 PM,2023,09,26,19,14.7,56,Moderate,13.0,UG/M3,1 Hr,Valid
Tashkent,PM2.5 - Principal,2023-09-26 08:00 PM,2023,09,26,20,19.9,67,Moderate,25.0,UG/M3,1 Hr,Valid
Tashkent,PM2.5 - Principal,2023-09-26 09:00 PM,2023,09,26,21,18.9,65,Moderate,18.0,UG/M3,1 Hr,Valid
Tashkent,PM2.5 - Principal,2023-09-26 10:00 PM,2023,09,26,22,17.9,63,Moderate,17.0,UG/M3,1 Hr,Valid
Tashkent,PM2.5 - Principal,2023-09-26 11:00 PM,2023,09,26,23,16.4,60,Moderate,15.0,UG/M3,1 Hr,Valid
Tashkent,PM2.5 - Principal,2023-09-27 12:00 AM,2023,09,27,00,19.2,66,Moderate,22.0,UG/M3,1 Hr,Valid
Tashkent,PM2.5 - Principal,2023-09-27 01:00 AM,2023,09,27,01,22.1,72,Moderate,25.0,UG/M3,1 Hr,Valid
Tashkent,PM2.5 - Principal,2023-09-27 02:00 AM,2023,09,27,02,23.5,75,Moderate,25.0,UG/M3,1 Hr,Valid
Tashkent,PM2.5 - Principal,2023-09-27 03:00 AM,2023,09,27,03,23.5,75,Moderate,-999.0,UG/M3,1 Hr,Missing
Tashkent,PM2.5 - Principal,2023-09-27 04:00 AM,2023,09,27,04,32.5,94,Moderate,37.0,UG/M3,1 Hr,Valid
Tashkent,PM2.5 - Principal,2023-09-27 05:00 AM,2023,09,27,05,28.7,86,Moderate,26.0,UG/M3,1 Hr,Valid
Tashkent,PM2.5 - Principal,2023-09-27 06:00 AM,2023,09,27,06,32.6,94,Moderate,36.0,UG/M3,1 Hr,Valid
Tashkent,PM2.5 - Principal,2023-09-27 07:00 AM,2023,09,27,07,33.8,97,Moderate,35.0,UG/M3,1 Hr,Valid
Tashkent,PM2.5 - Principal,2023-09-27 08:00 AM,2023,09,27,08,39.5,111,Unhealthy for Sensitive Groups,45.0,UG/M3,1 Hr,Valid
Tashkent,PM2.5 - Principal,2023-09-27 09:00 AM,2023,09,27,09,35.2,100,Moderate,31.0,UG/M3,1 Hr,Valid
Tashkent,PM2.5 - Principal,2023-09-27 10:00 AM,2023,09,27,10,34.6,98,Moderate,34.0,UG/M3,1 Hr,Valid
Tashkent,PM2.5 - Principal,2023-09-27 11:00 AM,2023,09,27,11,36.3,103,Unhealthy for Sensitive Groups,38.0,UG/M3,1 Hr,Valid
Tashkent,PM2.5 - Principal,2023-09-27 12:00 PM,2023,09,27,12,29.7,88,Moderate,23.0,UG/M3,1 Hr,Valid
Tashkent,PM2.5 - Principal,2023-09-27 01:00 PM,2023,09,27,13,24.3,77,Moderate,19.0,UG/M3,1 Hr,Valid
Tashkent,PM2.5 - Principal,2023-09-27 02:00 PM,2023,09,27,14,18.6,65,Moderate,13.0,UG/M3,1 Hr,Valid
Tashkent,PM2.5 - Principal,2023-09-27 03:00 PM,2023,09,27,15,15.3,58,Moderate,12.0,UG/M3,1 Hr,Valid
Tashkent,PM2.5 - Principal,2023-09-27 04:00 PM,2023,09,27,16,13.6,54,Moderate,12.0,UG/M3,1 Hr,Valid
Tashkent,PM2.5 - Principal,2023-09-27 05:00 PM,2023,09,27,17,14.8,57,Moderate,16.0,UG/M3,1 Hr,Valid
Tashkent,PM2.5 - Principal,2023-09-27 06:00 PM,2023,09,27,18,17.4,62,Moderate,20.0,UG/M3,1 Hr,Valid
Tashkent,PM2.5 - Principal,2023-09-27 07:00 PM,2023,09,27,19,22.2,72,Moderate,27.0,UG/M3,1 Hr,Valid
Tashkent,PM2.5 - Principal,2023-09-27 08:00 PM,2023,09,27,20,45.6,126,Unhealthy for Sensitive Groups,69.0,UG/M3,1 Hr,Valid
Tashkent,PM2.5 - Principal,2023-09-27 09:00 PM,2023,09,27,21,44.3,123,Unhealthy for Sensitive Groups,43.0,UG/M3,1 Hr,Valid
Tashkent,PM2.5 - Principal,2023-09-27 10:00 PM,2023,09,27,22,48.6,133,Unhealthy for Sensitive Groups,53.0,UG/M3,1 Hr,Valid
Tashkent,PM2.5 - Principal,2023-09-27 11:00 PM,2023,09,27,23,47.8,131,Unhealthy for Sensitive Groups,47.0,UG/M3,1 Hr,Valid
Tashkent,PM2.5 - Principal,2023-09-28 12:00 AM,2023,09,28,00,51.4,140,Unhealthy for Sensitive Groups,55.0,UG/M3,1 Hr,Valid
Tashkent,PM2.5 - Principal,2023-09-28 01:00 AM,2023,09,28,01,46.2,127,Unhealthy for Sensitive Groups,41.0,UG/M3,1 Hr,Valid
Tashkent,PM2.5 - Principal,2023-09-28 02:00 AM,2023,09,28,02,41.1,115,Unhealthy for Sensitive Groups,36.0,UG/M3,1 Hr,Valid
Tashkent,PM2.5 - Principal,2023-09-28 03:00 AM,2023,09,28,03,37.0,105,Unhealthy for Sensitive Groups,33.0,UG/M3,1 Hr,Valid
Tashkent,PM2.5 - Principal,2023-09-28 04:00 AM,2023,09,28,04,34.5,98,Moderate,32.0,UG/M3,1 Hr,Valid
Tashkent,PM2.5 - Principal,2023-09-28 05:00 AM,2023,09,28,05,33.7,96,Moderate,33.0,UG/M3,1 Hr,Valid
Tashkent,PM2.5 - Principal,2023-09-28 06:00 AM,2023,09,28,06,32.8,95,Moderate,32.0,UG/M3,1 Hr,Valid
Tashkent,PM2.5 - Principal,2023-09-28 07:00 AM,2023,09,28,07,24.4,77,Moderate,16.0,UG/M3,1 Hr,Valid
Tashkent,PM2.5 - Principal,2023-09-28 08:00 AM,2023,09,28,08,27.7,84,Moderate,31.0,UG/M3,1 Hr,Valid
Tashkent,PM2.5 - Principal,2023-09-28 09:00 AM,2023,09,28,09,24.8,78,Moderate,22.0,UG/M3,1 Hr,Valid
Tashkent,PM2.5 - Principal,2023-09-28 10:00 AM,2023,09,28,10,36.9,104,Unhealthy for Sensitive Groups,49.0,UG/M3,1 Hr,Valid
Tashkent,PM2.5 - Principal,2023-09-28 11:00 AM,2023,09,28,11,47.4,130,Unhealthy for Sensitive Groups,58.0,UG/M3,1 Hr,Valid
Tashkent,PM2.5 - Principal,2023-09-28 12:00 PM,2023,09,28,12,35.2,100,Moderate,23.0,UG/M3,1 Hr,Valid
Tashkent,PM2.5 - Principal,2023-09-28 01:00 PM,2023,09,28,13,28.1,85,Moderate,21.0,UG/M3,1 Hr,Valid
Tashkent,PM2.5 - Principal,2023-09-28 02:00 PM,2023,09,28,14,23.5,75,Moderate,19.0,UG/M3,1 Hr,Valid
Tashkent,PM2.5 - Principal,2023-09-28 03:00 PM,2023,09,28,15,19.7,67,Moderate,16.0,UG/M3,1 Hr,Valid
Tashkent,PM2.5 - Principal,2023-09-28 04:00 PM,2023,09,28,16,13.3,54,Moderate,7.0,UG/M3,1 Hr,Valid
Tashkent,PM2.5 - Principal,2023-09-28 05:00 PM,2023,09,28,17,11.6,48,Good,10.0,UG/M3,1 Hr,Valid
Tashkent,PM2.5 - Principal,2023-09-28 06:00 PM,2023,09,28,18,10.3,43,Good,9.0,UG/M3,1 Hr,Valid
Tashkent,PM2.5 - Principal,2023-09-28 07:00 PM,2023,09,28,19,12.1,51,Moderate,14.0,UG/M3,1 Hr,Valid
Tashkent,PM2.5 - Principal,2023-09-28 08:00 PM,2023,09,28,20,15.5,58,Moderate,19.0,UG/M3,1 Hr,Valid
Tashkent,PM2.5 - Principal,2023-09-28 09:00 PM,2023,09,28,21,22.7,73,Moderate,30.0,UG/M3,1 Hr,Valid
Tashkent,PM2.5 - Principal,2023-09-28 10:00 PM,2023,09,28,22,25.3,79,Moderate,28.0,UG/M3,1 Hr,Valid
Tashkent,PM2.5 - Principal,2023-09-28 11:00 PM,2023,09,28,23,23.1,74,Moderate,21.0,UG/M3,1 Hr,Valid
Tashkent,PM2.5 - Principal,2023-09-29 12:00 AM,2023,09,29,00,21.0,70,Moderate,19.0,UG/M3,1 Hr,Valid
Tashkent,PM2.5 - Principal,2023-09-29 01:00 AM,2023,09,29,01,24.0,76,Moderate,27.0,UG/M3,1 Hr,Valid
Tashkent,PM2.5 - Principal,2023-09-29 02:00 AM,2023,09,29,02,27.0,82,Moderate,30.0,UG/M3,1 Hr,Valid
Tashkent,PM2.5 - Principal,2023-09-29 03:00 AM,2023,09,29,03,26.0,80,Moderate,25.0,UG/M3,1 Hr,Valid
Tashkent,PM2.5 - Principal,2023-09-29 04:00 AM,2023,09,29,04,23.0,74,Moderate,20.0,UG/M3,1 Hr,Valid
Tashkent,PM2.5 - Principal,2023-09-29 05:00 AM,2023,09,29,05,22.0,72,Moderate,21.0,UG/M3,1 Hr,Valid
Tashkent,PM2.5 - Principal,2023-09-29 06:00 AM,2023,09,29,06,18.5,64,Moderate,15.0,UG/M3,1 Hr,Valid
Tashkent,PM2.5 - Principal,2023-09-29 07:00 AM,2023,09,29,07,18.7,65,Moderate,19.0,UG/M3,1 Hr,Valid
Tashkent,PM2.5 - Principal,2023-09-29 08:00 AM,2023,09,29,08,20.8,69,Moderate,23.0,UG/M3,1 Hr,Valid
Tashkent,PM2.5 - Principal,2023-09-29 09:00 AM,2023,09,29,09,18.9,65,Moderate,17.0,UG/M3,1 Hr,Valid
Tashkent,PM2.5 - Principal,2023-09-29 10:00 AM,2023,09,29,10,18.9,65,Moderate,19.0,UG/M3,1 Hr,Valid
Tashkent,PM2.5 - Principal,2023-09-29 11:00 AM,2023,09,29,11,17.9,63,Moderate,17.0,UG/M3,1 Hr,Valid
Tashkent,PM2.5 - Principal,2023-09-29 12:00 PM,2023,09,29,12,16.9,61,Moderate,16.0,UG/M3,1 Hr,Valid
Tashkent,PM2.5 - Principal,2023-09-29 01:00 PM,2023,09,29,13,13.9,55,Moderate,11.0,UG/M3,1 Hr,Valid
Tashkent,PM2.5 - Principal,2023-09-29 02:00 PM,2023,09,29,14,12.4,52,Moderate,11.0,UG/M3,1 Hr,Valid
Tashkent,PM2.5 - Principal,2023-09-29 03:00 PM,2023,09,29,15,10.7,45,Good,9.0,UG/M3,1 Hr,Valid
Tashkent,PM2.5 - Principal,2023-09-29 04:00 PM,2023,09,29,16,8.8,37,Good,7.0,UG/M3,1 Hr,Valid
Tashkent,PM2.5 - Principal,2023-09-29 05:00 PM,2023,09,29,17,9.4,39,Good,10.0,UG/M3,1 Hr,Valid
Tashkent,PM2.5 - Principal,2023-09-29 06:00 PM,2023,09,29,18,12.7,52,Moderate,16.0,UG/M3,1 Hr,Valid
Tashkent,PM2.5 - Principal,2023-09-29 07:00 PM,2023,09,29,19,20.3,68,Moderate,28.0,UG/M3,1 Hr,Valid
Tashkent,PM2.5 - Principal,2023-09-29 08:00 PM,2023,09,29,20,18.1,64,Moderate,16.0,UG/M3,1 Hr,Valid
Tashkent,PM2.5 - Principal,2023-09-29 09:00 PM,2023,09,29,21,17.0,61,Moderate,16.0,UG/M3,1 Hr,Valid
Tashkent,PM2.5 - Principal,2023-09-29 10:00 PM,2023,09,29,22,15.5,58,Moderate,14.0,UG/M3,1 Hr,Valid
Tashkent,PM2.5 - Principal,2023-09-29 11:00 PM,2023,09,29,23,16.2,60,Moderate,17.0,UG/M3,1 Hr,Valid
Tashkent,PM2.5 - Principal,2023-09-30 12:00 AM,2023,09,30,00,20.6,69,Moderate,25.0,UG/M3,1 Hr,Valid
Tashkent,PM2.5 - Principal,2023-09-30 01:00 AM,2023,09,30,01,27.8,84,Moderate,35.0,UG/M3,1 Hr,Valid
Tashkent,PM2.5 - Principal,2023-09-30 02:00 AM,2023,09,30,02,28.4,85,Moderate,29.0,UG/M3,1 Hr,Valid
Tashkent,PM2.5 - Principal,2023-09-30 03:00 AM,2023,09,30,03,32.2,93,Moderate,36.0,UG/M3,1 Hr,Valid
Tashkent,PM2.5 - Principal,2023-09-30 04:00 AM,2023,09,30,04,28.1,85,Moderate,24.0,UG/M3,1 Hr,Valid
Tashkent,PM2.5 - Principal,2023-09-30 05:00 AM,2023,09,30,05,25.0,78,Moderate,22.0,UG/M3,1 Hr,Valid
Tashkent,PM2.5 - Principal,2023-09-30 06:00 AM,2023,09,30,06,23.5,75,Moderate,22.0,UG/M3,1 Hr,Valid
Tashkent,PM2.5 - Principal,2023-09-30 07:00 AM,2023,09,30,07,21.7,71,Moderate,20.0,UG/M3,1 Hr,Valid
Tashkent,PM2.5 - Principal,2023-09-30 08:00 AM,2023,09,30,08,24.3,77,Moderate,27.0,UG/M3,1 Hr,Valid
Tashkent,PM2.5 - Principal,2023-09-30 09:00 AM,2023,09,30,09,24.1,76,Moderate,24.0,UG/M3,1 Hr,Valid
Tashkent,PM2.5 - Principal,2023-09-30 10:00 AM,2023,09,30,10,17.5,62,Moderate,11.0,UG/M3,1 Hr,Valid
Tashkent,PM2.5 - Principal,2023-09-30 11:00 AM,2023,09,30,11,14.2,55,Moderate,11.0,UG/M3,1 Hr,Valid
Tashkent,PM2.5 - Principal,2023-09-30 12:00 PM,2023,09,30,12,13.1,53,Moderate,12.0,UG/M3,1 Hr,Valid
Tashkent,PM2.5 - Principal,2023-09-30 01:00 PM,2023,09,30,13,11.5,48,Good,10.0,UG/M3,1 Hr,Valid
Tashkent,PM2.5 - Principal,2023-09-30 02:00 PM,2023,09,30,14,11.7,49,Good,12.0,UG/M3,1 Hr,Valid
Tashkent,PM2.5 - Principal,2023-09-30 03:00 PM,2023,09,30,15,10.3,43,Good,9.0,UG/M3,1 Hr,Valid
Tashkent,PM2.5 - Principal,2023-09-30 04:00 PM,2023,09,30,16,8.6,36,Good,7.0,UG/M3,1 Hr,Valid
Tashkent,PM2.5 - Principal,2023-09-30 05:00 PM,2023,09,30,17,8.8,37,Good,9.0,UG/M3,1 Hr,Valid
Tashkent,PM2.5 - Principal,2023-09-30 06:00 PM,2023,09,30,18,8.9,37,Good,9.0,UG/M3,1 Hr,Valid
Tashkent,PM2.5 - Principal,2023-09-30 07:00 PM,2023,09,30,19,19.4,66,Moderate,30.0,UG/M3,1 Hr,Valid
Tashkent,PM2.5 - Principal,2023-09-30 08:00 PM,2023,09,30,20,19.7,67,Moderate,20.0,UG/M3,1 Hr,Valid
Tashkent,PM2.5 - Principal,2023-09-30 09:00 PM,2023,09,30,21,21.8,71,Moderate,24.0,UG/M3,1 Hr,Valid
Tashkent,PM2.5 - Principal,2023-09-30 10:00 PM,2023,09,30,22,31.9,93,Moderate,42.0,UG/M3,1 Hr,Valid
Tashkent,PM2.5 - Principal,2023-09-30 11:00 PM,2023,09,30,23,30.4,89,Moderate,29.0,UG/M3,1 Hr,Valid
Tashkent,PM2.5 - Principal,2023-10-01 12:00 AM,2023,10,01,00,24.2,76,Moderate,18.0,UG/M3,1 Hr,Valid
Tashkent,PM2.5 - Principal,2023-10-01 01:00 AM,2023,10,01,01,24.6,77,Moderate,25.0,UG/M3,1 Hr,Valid
Tashkent,PM2.5 - Principal,2023-10-01 02:00 AM,2023,10,01,02,25.3,79,Moderate,26.0,UG/M3,1 Hr,Valid
Tashkent,PM2.5 - Principal,2023-10-01 03:00 AM,2023,10,01,03,26.6,81,Moderate,28.0,UG/M3,1 Hr,Valid
Tashkent,PM2.5 - Principal,2023-10-01 04:00 AM,2023,10,01,04,21.3,70,Moderate,16.0,UG/M3,1 Hr,Valid
Tashkent,PM2.5 - Principal,2023-10-01 05:00 AM,2023,10,01,05,19.6,67,Moderate,18.0,UG/M3,1 Hr,Valid
Tashkent,PM2.5 - Principal,2023-10-01 06:00 AM,2023,10,01,06,18.3,64,Moderate,17.0,UG/M3,1 Hr,Valid
Tashkent,PM2.5 - Principal,2023-10-01 07:00 AM,2023,10,01,07,18.1,64,Moderate,18.0,UG/M3,1 Hr,Valid
Tashkent,PM2.5 - Principal,2023-10-01 08:00 AM,2023,10,01,08,22.0,72,Moderate,26.0,UG/M3,1 Hr,Valid
Tashkent,PM2.5 - Principal,2023-10-01 09:00 AM,2023,10,01,09,21.5,71,Moderate,21.0,UG/M3,1 Hr,Valid
Tashkent,PM2.5 - Principal,2023-10-01 10:00 AM,2023,10,01,10,21.2,70,Moderate,21.0,UG/M3,1 Hr,Valid
Tashkent,PM2.5 - Principal,2023-10-01 11:00 AM,2023,10,01,11,21.2,70,Moderate,-999.0,UG/M3,1 Hr,Missing
Tashkent,PM2.5 - Principal,2023-10-01 12:00 PM,2023,10,01,12,18.2,64,Moderate,16.0,UG/M3,1 Hr,Valid
Tashkent,PM2.5 - Principal,2023-10-01 01:00 PM,2023,10,01,13,13.3,54,Moderate,10.0,UG/M3,1 Hr,Valid
Tashkent,PM2.5 - Principal,2023-10-01 02:00 PM,2023,10,01,14,11.0,46,Good,9.0,UG/M3,1 Hr,Valid
Tashkent,PM2.5 - Principal,2023-10-01 03:00 PM,2023,10,01,15,8.4,35,Good,6.0,UG/M3,1 Hr,Valid
Tashkent,PM2.5 - Principal,2023-10-01 04:00 PM,2023,10,01,16,8.7,36,Good,9.0,UG/M3,1 Hr,Valid
Tashkent,PM2.5 - Principal,2023-10-01 05:00 PM,2023,10,01,17,12.8,52,Moderate,17.0,UG/M3,1 Hr,Valid
Tashkent,PM2.5 - Principal,2023-10-01 06:00 PM,2023,10,01,18,12.9,53,Moderate,13.0,UG/M3,1 Hr,Valid
Tashkent,PM2.5 - Principal,2023-10-01 07:00 PM,2023,10,01,19,17.9,63,Moderate,23.0,UG/M3,1 Hr,Valid
Tashkent,PM2.5 - Principal,2023-10-01 08:00 PM,2023,10,01,20,20.9,70,Moderate,24.0,UG/M3,1 Hr,Valid
Tashkent,PM2.5 - Principal,2023-10-01 09:00 PM,2023,10,01,21,32.5,94,Moderate,44.0,UG/M3,1 Hr,Valid
Tashkent,PM2.5 - Principal,2023-10-01 10:00 PM,2023,10,01,22,49.7,136,Unhealthy for Sensitive Groups,67.0,UG/M3,1 Hr,Valid
Tashkent,PM2.5 - Principal,2023-10-01 11:00 PM,2023,10,01,23,53.8,146,Unhealthy for Sensitive Groups,58.0,UG/M3,1 Hr,Valid
Tashkent,PM2.5 - Principal,2023-10-02 12:00 AM,2023,10,02,00,42.4,118,Unhealthy for Sensitive Groups,31.0,UG/M3,1 Hr,Valid
Tashkent,PM2.5 - Principal,2023-10-02 01:00 AM,2023,10,02,01,40.2,113,Unhealthy for Sensitive Groups,38.0,UG/M3,1 Hr,Valid
Tashkent,PM2.5 - Principal,2023-10-02 02:00 AM,2023,10,02,02,40.1,112,Unhealthy for Sensitive Groups,40.0,UG/M3,1 Hr,Valid
Tashkent,PM2.5 - Principal,2023-10-02 03:00 AM,2023,10,02,03,37.5,106,Unhealthy for Sensitive Groups,35.0,UG/M3,1 Hr,Valid
Tashkent,PM2.5 - Principal,2023-10-02 04:00 AM,2023,10,02,04,32.2,93,Moderate,27.0,UG/M3,1 Hr,Valid
Tashkent,PM2.5 - Principal,2023-10-02 05:00 AM,2023,10,02,05,31.1,91,Moderate,30.0,UG/M3,1 Hr,Valid
Tashkent,PM2.5 - Principal,2023-10-02 06:00 AM,2023,10,02,06,26.0,80,Moderate,21.0,UG/M3,1 Hr,Valid
Tashkent,PM2.5 - Principal,2023-10-02 07:00 AM,2023,10,02,07,19.0,66,Moderate,12.0,UG/M3,1 Hr,Valid
Tashkent,PM2.5 - Principal,2023-10-02 08:00 AM,2023,10,02,08,24.5,77,Moderate,30.0,UG/M3,1 Hr,Valid
Tashkent,PM2.5 - Principal,2023-10-02 09:00 AM,2023,10,02,09,24.2,76,Moderate,24.0,UG/M3,1 Hr,Valid
Tashkent,PM2.5 - Principal,2023-10-02 10:00 AM,2023,10,02,10,22.1,72,Moderate,20.0,UG/M3,1 Hr,Valid
Tashkent,PM2.5 - Principal,2023-10-02 11:00 AM,2023,10,02,11,19.0,66,Moderate,16.0,UG/M3,1 Hr,Valid
Tashkent,PM2.5 - Principal,2023-10-02 12:00 PM,2023,10,02,12,15.0,57,Moderate,11.0,UG/M3,1 Hr,Valid
Tashkent,PM2.5 - Principal,2023-10-02 01:00 PM,2023,10,02,13,16.5,60,Moderate,18.0,UG/M3,1 Hr,Valid
Tashkent,PM2.5 - Principal,2023-10-02 02:00 PM,2023,10,02,14,17.2,62,Moderate,18.0,UG/M3,1 Hr,Valid
Tashkent,PM2.5 - Principal,2023-10-02 03:00 PM,2023,10,02,15,13.1,53,Moderate,9.0,UG/M3,1 Hr,Valid
Tashkent,PM2.5 - Principal,2023-10-02 04:00 PM,2023,10,02,16,11.5,48,Good,10.0,UG/M3,1 Hr,Valid
Tashkent,PM2.5 - Principal,2023-10-02 05:00 PM,2023,10,02,17,11.7,49,Good,12.0,UG/M3,1 Hr,Valid
Tashkent,PM2.5 - Principal,2023-10-02 06:00 PM,2023,10,02,18,14.8,57,Moderate,18.0,UG/M3,1 Hr,Valid
Tashkent,PM2.5 - Principal,2023-10-02 07:00 PM,2023,10,02,19,16.4,60,Moderate,18.0,UG/M3,1 Hr,Valid
Tashkent,PM2.5 - Principal,2023-10-02 08:00 PM,2023,10,02,20,34.2,97,Moderate,52.0,UG/M3,1 Hr,Valid
Tashkent,PM2.5 - Principal,2023-10-02 09:00 PM,2023,10,02,21,44.6,123,Unhealthy for Sensitive Groups,55.0,UG/M3,1 Hr,Valid
Tashkent,PM2.5 - Principal,2023-10-02 10:00 PM,2023,10,02,22,68.8,158,Unhealthy,93.0,UG/M3,1 Hr,Valid
Tashkent,PM2.5 - Principal,2023-10-02 11:00 PM,2023,10,02,23,78.4,163,Unhealthy,88.0,UG/M3,1 Hr,Valid
Tashkent,PM2.5 - Principal,2023-10-03 12:00 AM,2023,10,03,00,67.2,157,Unhealthy,56.0,UG/M3,1 Hr,Valid
Tashkent,PM2.5 - Principal,2023-10-03 01:00 AM,2023,10,03,01,54.6,148,Unhealthy for Sensitive Groups,42.0,UG/M3,1 Hr,Valid
Tashkent,PM2.5 - Principal,2023-10-03 02:00 AM,2023,10,03,02,40.3,113,Unhealthy for Sensitive Groups,26.0,UG/M3,1 Hr,Valid
Tashkent,PM2.5 - Principal,2023-10-03 03:00 AM,2023,10,03,03,31.6,92,Moderate,23.0,UG/M3,1 Hr,Valid
Tashkent,PM2.5 - Principal,2023-10-03 04:00 AM,2023,10,03,04,27.3,83,Moderate,23.0,UG/M3,1 Hr,Valid
Tashkent,PM2.5 - Principal,2023-10-03 05:00 AM,2023,10,03,05,24.6,77,Moderate,22.0,UG/M3,1 Hr,Valid
Tashkent,PM2.5 - Principal,2023-10-03 06:00 AM,2023,10,03,06,26.3,81,Moderate,28.0,UG/M3,1 Hr,Valid
Tashkent,PM2.5 - Principal,2023-10-03 07:00 AM,2023,10,03,07,27.1,83,Moderate,28.0,UG/M3,1 Hr,Valid
Tashkent,PM2.5 - Principal,2023-10-03 08:00 AM,2023,10,03,08,27.5,83,Moderate,28.0,UG/M3,1 Hr,Valid
Tashkent,PM2.5 - Principal,2023-10-03 09:00 AM,2023,10,03,09,27.5,83,Moderate,-999.0,UG/M3,1 Hr,Missing
Tashkent,PM2.5 - Principal,2023-10-04 11:00 AM,2023,10,04,11,-999.0,-999,N/A,14.0,UG/M3,1 Hr,Valid
Tashkent,PM2.5 - Principal,2023-10-04 12:00 PM,2023,10,04,12,12.9,53,Moderate,12.0,UG/M3,1 Hr,Valid
Tashkent,PM2.5 - Principal,2023-10-04 01:00 PM,2023,10,04,13,14.2,55,Moderate,16.0,UG/M3,1 Hr,Valid
Tashkent,PM2.5 - Principal,2023-10-04 02:00 PM,2023,10,04,14,12.9,53,Moderate,11.0,UG/M3,1 Hr,Valid
Tashkent,PM2.5 - Principal,2023-10-04 03:00 PM,2023,10,04,15,14.0,55,Moderate,16.0,UG/M3,1 Hr,Valid
Tashkent,PM2.5 - Principal,2023-10-04 04:00 PM,2023,10,04,16,14.0,55,Moderate,14.0,UG/M3,1 Hr,Valid
Tashkent,PM2.5 - Principal,2023-10-04 05:00 PM,2023,10,04,17,14.0,55,Moderate,14.0,UG/M3,1 Hr,Valid
Tashkent,PM2.5 - Principal,2023-10-04 06:00 PM,2023,10,04,18,16.7,61,Moderate,20.0,UG/M3,1 Hr,Valid
Tashkent,PM2.5 - Principal,2023-10-04 07:00 PM,2023,10,04,19,25.5,79,Moderate,34.0,UG/M3,1 Hr,Valid
Tashkent,PM2.5 - Principal,2023-10-04 08:00 PM,2023,10,04,20,23.7,75,Moderate,22.0,UG/M3,1 Hr,Valid
Tashkent,PM2.5 - Principal,2023-10-04 09:00 PM,2023,10,04,21,23.8,76,Moderate,24.0,UG/M3,1 Hr,Valid
Tashkent,PM2.5 - Principal,2023-10-04 10:00 PM,2023,10,04,22,23.9,76,Moderate,24.0,UG/M3,1 Hr,Valid
Tashkent,PM2.5 - Principal,2023-10-04 11:00 PM,2023,10,04,23,21.9,72,Moderate,20.0,UG/M3,1 Hr,Valid
Tashkent,PM2.5 - Principal,2023-10-05 12:00 AM,2023,10,05,00,22.4,73,Moderate,23.0,UG/M3,1 Hr,Valid
Tashkent,PM2.5 - Principal,2023-10-05 01:00 AM,2023,10,05,01,24.7,77,Moderate,27.0,UG/M3,1 Hr,Valid
Tashkent,PM2.5 - Principal,2023-10-05 02:00 AM,2023,10,05,02,26.3,81,Moderate,28.0,UG/M3,1 Hr,Valid
Tashkent,PM2.5 - Principal,2023-10-05 03:00 AM,2023,10,05,03,29.1,87,Moderate,32.0,UG/M3,1 Hr,Valid
Tashkent,PM2.5 - Principal,2023-10-05 04:00 AM,2023,10,05,04,30.0,89,Moderate,31.0,UG/M3,1 Hr,Valid
Tashkent,PM2.5 - Principal,2023-10-05 05:00 AM,2023,10,05,05,31.9,93,Moderate,35.0,UG/M3,1 Hr,Valid
Tashkent,PM2.5 - Principal,2023-10-05 06:00 AM,2023,10,05,06,28.9,86,Moderate,25.0,UG/M3,1 Hr,Valid
Tashkent,PM2.5 - Principal,2023-10-05 07:00 AM,2023,10,05,07,28.1,85,Moderate,27.0,UG/M3,1 Hr,Valid
Tashkent,PM2.5 - Principal,2023-10-05 08:00 AM,2023,10,05,08,28.0,84,Moderate,28.0,UG/M3,1 Hr,Valid
Tashkent,PM2.5 - Principal,2023-10-05 09:00 AM,2023,10,05,09,34.4,98,Moderate,41.0,UG/M3,1 Hr,Valid
Tashkent,PM2.5 - Principal,2023-10-05 10:00 AM,2023,10,05,10,33.7,96,Moderate,33.0,UG/M3,1 Hr,Valid
Tashkent,PM2.5 - Principal,2023-10-05 11:00 AM,2023,10,05,11,33.6,96,Moderate,34.0,UG/M3,1 Hr,Valid
Tashkent,PM2.5 - Principal,2023-10-05 12:00 PM,2023,10,05,12,39.3,110,Unhealthy for Sensitive Groups,46.0,UG/M3,1 Hr,Valid
Tashkent,PM2.5 - Principal,2023-10-05 01:00 PM,2023,10,05,13,35.0,99,Moderate,30.0,UG/M3,1 Hr,Valid
Tashkent,PM2.5 - Principal,2023-10-05 02:00 PM,2023,10,05,14,28.9,86,Moderate,23.0,UG/M3,1 Hr,Valid
Tashkent,PM2.5 - Principal,2023-10-05 03:00 PM,2023,10,05,15,23.4,75,Moderate,18.0,UG/M3,1 Hr,Valid
Tashkent,PM2.5 - Principal,2023-10-05 04:00 PM,2023,10,05,16,21.7,71,Moderate,20.0,UG/M3,1 Hr,Valid
Tashkent,PM2.5 - Principal,2023-10-05 05:00 PM,2023,10,05,17,23.8,76,Moderate,26.0,UG/M3,1 Hr,Valid
Tashkent,PM2.5 - Principal,2023-10-05 06:00 PM,2023,10,05,18,22.9,74,Moderate,22.0,UG/M3,1 Hr,Valid
Tashkent,PM2.5 - Principal,2023-10-05 07:00 PM,2023,10,05,19,20.4,68,Moderate,18.0,UG/M3,1 Hr,Valid
Tashkent,PM2.5 - Principal,2023-10-05 08:00 PM,2023,10,05,20,16.7,61,Moderate,13.0,UG/M3,1 Hr,Valid
Tashkent,PM2.5 - Principal,2023-10-05 09:00 PM,2023,10,05,21,15.3,58,Moderate,14.0,UG/M3,1 Hr,Valid
Tashkent,PM2.5 - Principal,2023-10-05 10:00 PM,2023,10,05,22,13.1,53,Moderate,11.0,UG/M3,1 Hr,Valid
Tashkent,PM2.5 - Principal,2023-10-05 11:00 PM,2023,10,05,23,12.5,52,Moderate,12.0,UG/M3,1 Hr,Valid
Tashkent,PM2.5 - Principal,2023-10-06 12:00 AM,2023,10,06,00,12.2,51,Moderate,12.0,UG/M3,1 Hr,Valid
Tashkent,PM2.5 - Principal,2023-10-06 01:00 AM,2023,10,06,01,13.1,53,Moderate,14.0,UG/M3,1 Hr,Valid
Tashkent,PM2.5 - Principal,2023-10-06 02:00 AM,2023,10,06,02,15.0,57,Moderate,17.0,UG/M3,1 Hr,Valid
Tashkent,PM2.5 - Principal,2023-10-06 03:00 AM,2023,10,06,03,16.0,59,Moderate,17.0,UG/M3,1 Hr,Valid
Tashkent,PM2.5 - Principal,2023-10-06 04:00 AM,2023,10,06,04,16.5,60,Moderate,17.0,UG/M3,1 Hr,Valid
Tashkent,PM2.5 - Principal,2023-10-06 05:00 AM,2023,10,06,05,17.7,63,Moderate,19.0,UG/M3,1 Hr,Valid
Tashkent,PM2.5 - Principal,2023-10-06 06:00 AM,2023,10,06,06,18.6,65,Moderate,20.0,UG/M3,1 Hr,Valid
Tashkent,PM2.5 - Principal,2023-10-06 07:00 AM,2023,10,06,07,20.4,68,Moderate,22.0,UG/M3,1 Hr,Valid
Tashkent,PM2.5 - Principal,2023-10-06 08:00 AM,2023,10,06,08,21.2,70,Moderate,22.0,UG/M3,1 Hr,Valid
Tashkent,PM2.5 - Principal,2023-10-06 09:00 AM,2023,10,06,09,23.6,75,Moderate,26.0,UG/M3,1 Hr,Valid
Tashkent,PM2.5 - Principal,2023-10-06 10:00 AM,2023,10,06,10,23.3,75,Moderate,23.0,UG/M3,1 Hr,Valid
Tashkent,PM2.5 - Principal,2023-10-06 11:00 AM,2023,10,06,11,30.1,89,Moderate,37.0,UG/M3,1 Hr,Valid
Tashkent,PM2.5 - Principal,2023-10-06 12:00 PM,2023,10,06,12,31.5,92,Moderate,33.0,UG/M3,1 Hr,Valid
Tashkent,PM2.5 - Principal,2023-10-06 01:00 PM,2023,10,06,13,35.2,100,Moderate,39.0,UG/M3,1 Hr,Valid
Tashkent,PM2.5 - Principal,2023-10-06 02:00 PM,2023,10,06,14,35.1,99,Moderate,35.0,UG/M3,1 Hr,Valid
Tashkent,PM2.5 - Principal,2023-10-06 03:00 PM,2023,10,06,15,26.0,80,Moderate,17.0,UG/M3,1 Hr,Valid
Tashkent,PM2.5 - Principal,2023-10-06 04:00 PM,2023,10,06,16,21.5,71,Moderate,17.0,UG/M3,1 Hr,Valid
Tashkent,PM2.5 - Principal,2023-10-06 05:00 PM,2023,10,06,17,22.7,73,Moderate,24.0,UG/M3,1 Hr,Valid
Tashkent,PM2.5 - Principal,2023-10-06 06:00 PM,2023,10,06,18,22.3,72,Moderate,22.0,UG/M3,1 Hr,Valid
Tashkent,PM2.5 - Principal,2023-10-06 07:00 PM,2023,10,06,19,26.1,80,Moderate,30.0,UG/M3,1 Hr,Valid
Tashkent,PM2.5 - Principal,2023-10-06 08:00 PM,2023,10,06,20,26.5,81,Moderate,27.0,UG/M3,1 Hr,Valid
Tashkent,PM2.5 - Principal,2023-10-06 09:00 PM,2023,10,06,21,21.7,71,Moderate,17.0,UG/M3,1 Hr,Valid
Tashkent,PM2.5 - Principal,2023-10-06 10:00 PM,2023,10,06,22,17.8,63,Moderate,14.0,UG/M3,1 Hr,Valid
Tashkent,PM2.5 - Principal,2023-10-06 11:00 PM,2023,10,06,23,13.9,55,Moderate,10.0,UG/M3,1 Hr,Valid
Tashkent,PM2.5 - Principal,2023-10-07 12:00 AM,2023,10,07,00,12.4,52,Moderate,11.0,UG/M3,1 Hr,Valid
Tashkent,PM2.5 - Principal,2023-10-07 01:00 AM,2023,10,07,01,16.2,60,Moderate,20.0,UG/M3,1 Hr,Valid
Tashkent,PM2.5 - Principal,2023-10-07 02:00 AM,2023,10,07,02,14.1,55,Moderate,12.0,UG/M3,1 Hr,Valid
Tashkent,PM2.5 - Principal,2023-10-07 03:00 AM,2023,10,07,03,16.0,59,Moderate,18.0,UG/M3,1 Hr,Valid
Tashkent,PM2.5 - Principal,2023-10-07 04:00 AM,2023,10,07,04,16.5,60,Moderate,17.0,UG/M3,1 Hr,Valid
Tashkent,PM2.5 - Principal,2023-10-07 05:00 AM,2023,10,07,05,16.7,61,Moderate,17.0,UG/M3,1 Hr,Valid
Tashkent,PM2.5 - Principal,2023-10-07 06:00 AM,2023,10,07,06,17.8,63,Moderate,19.0,UG/M3,1 Hr,Valid
Tashkent,PM2.5 - Principal,2023-10-07 07:00 AM,2023,10,07,07,19.9,67,Moderate,22.0,UG/M3,1 Hr,Valid
Tashkent,PM2.5 - Principal,2023-10-07 08:00 AM,2023,10,07,08,25.4,79,Moderate,31.0,UG/M3,1 Hr,Valid
Tashkent,PM2.5 - Principal,2023-10-07 09:00 AM,2023,10,07,09,34.2,97,Moderate,43.0,UG/M3,1 Hr,Valid
Tashkent,PM2.5 - Principal,2023-10-07 10:00 AM,2023,10,07,10,44.1,122,Unhealthy for Sensitive Groups,54.0,UG/M3,1 Hr,Valid
Tashkent,PM2.5 - Principal,2023-10-07 11:00 AM,2023,10,07,11,48.0,132,Unhealthy for Sensitive Groups,52.0,UG/M3,1 Hr,Valid
Tashkent,PM2.5 - Principal,2023-10-07 12:00 PM,2023,10,07,12,45.0,124,Unhealthy for Sensitive Groups,42.0,UG/M3,1 Hr,Valid
Tashkent,PM2.5 - Principal,2023-10-07 01:00 PM,2023,10,07,13,44.5,123,Unhealthy for Sensitive Groups,44.0,UG/M3,1 Hr,Valid
Tashkent,PM2.5 - Principal,2023-10-07 02:00 PM,2023,10,07,14,39.2,110,Unhealthy for Sensitive Groups,34.0,UG/M3,1 Hr,Valid
Tashkent,PM2.5 - Principal,2023-10-07 03:00 PM,2023,10,07,15,37.1,105,Unhealthy for Sensitive Groups,35.0,UG/M3,1 Hr,Valid
Tashkent,PM2.5 - Principal,2023-10-07 04:00 PM,2023,10,07,16,37.5,106,Unhealthy for Sensitive Groups,38.0,UG/M3,1 Hr,Valid
Tashkent,PM2.5 - Principal,2023-10-07 05:00 PM,2023,10,07,17,40.7,114,Unhealthy for Sensitive Groups,44.0,UG/M3,1 Hr,Valid
Tashkent,PM2.5 - Principal,2023-10-07 06:00 PM,2023,10,07,18,42.8,119,Unhealthy for Sensitive Groups,45.0,UG/M3,1 Hr,Valid
Tashkent,PM2.5 - Principal,2023-10-07 07:00 PM,2023,10,07,19,50.4,138,Unhealthy for Sensitive Groups,59.0,UG/M3,1 Hr,Valid
Tashkent,PM2.5 - Principal,2023-10-07 08:00 PM,2023,10,07,20,56.0,151,Unhealthy,63.0,UG/M3,1 Hr,Valid
Tashkent,PM2.5 - Principal,2023-10-07 09:00 PM,2023,10,07,21,57.4,152,Unhealthy,59.0,UG/M3,1 Hr,Valid
Tashkent,PM2.5 - Principal,2023-10-07 10:00 PM,2023,10,07,22,65.9,156,Unhealthy,74.0,UG/M3,1 Hr,Valid
Tashkent,PM2.5 - Principal,2023-10-07 11:00 PM,2023,10,07,23,70.0,158,Unhealthy,74.0,UG/M3,1 Hr,Valid
Tashkent,PM2.5 - Principal,2023-10-08 12:00 AM,2023,10,08,00,71.5,159,Unhealthy,73.0,UG/M3,1 Hr,Valid
Tashkent,PM2.5 - Principal,2023-10-08 01:00 AM,2023,10,08,01,74.2,161,Unhealthy,77.0,UG/M3,1 Hr,Valid
Tashkent,PM2.5 - Principal,2023-10-08 02:00 AM,2023,10,08,02,64.6,156,Unhealthy,55.0,UG/M3,1 Hr,Valid
Tashkent,PM2.5 - Principal,2023-10-08 03:00 AM,2023,10,08,03,53.8,146,Unhealthy for Sensitive Groups,43.0,UG/M3,1 Hr,Valid
Tashkent,PM2.5 - Principal,2023-10-08 04:00 AM,2023,10,08,04,46.5,128,Unhealthy for Sensitive Groups,39.0,UG/M3,1 Hr,Valid
Tashkent,PM2.5 - Principal,2023-10-08 05:00 AM,2023,10,08,05,47.7,131,Unhealthy for Sensitive Groups,49.0,UG/M3,1 Hr,Valid
Tashkent,PM2.5 - Principal,2023-10-08 06:00 AM,2023,10,08,06,52.8,144,Unhealthy for Sensitive Groups,58.0,UG/M3,1 Hr,Valid
Tashkent,PM2.5 - Principal,2023-10-08 07:00 AM,2023,10,08,07,50.9,139,Unhealthy for Sensitive Groups,49.0,UG/M3,1 Hr,Valid
Tashkent,PM2.5 - Principal,2023-10-08 08:00 AM,2023,10,08,08,46.5,128,Unhealthy for Sensitive Groups,42.0,UG/M3,1 Hr,Valid
Tashkent,PM2.5 - Principal,2023-10-08 09:00 AM,2023,10,08,09,47.2,130,Unhealthy for Sensitive Groups,48.0,UG/M3,1 Hr,Valid
Tashkent,PM2.5 - Principal,2023-10-08 10:00 AM,2023,10,08,10,44.6,123,Unhealthy for Sensitive Groups,42.0,UG/M3,1 Hr,Valid
Tashkent,PM2.5 - Principal,2023-10-08 11:00 AM,2023,10,08,11,38.3,108,Unhealthy for Sensitive Groups,32.0,UG/M3,1 Hr,Valid
Tashkent,PM2.5 - Principal,2023-10-08 12:00 PM,2023,10,08,12,38.1,107,Unhealthy for Sensitive Groups,38.0,UG/M3,1 Hr,Valid
Tashkent,PM2.5 - Principal,2023-10-08 01:00 PM,2023,10,08,13,39.6,111,Unhealthy for Sensitive Groups,41.0,UG/M3,1 Hr,Valid
Tashkent,PM2.5 - Principal,2023-10-08 02:00 PM,2023,10,08,14,33.7,96,Moderate,28.0,UG/M3,1 Hr,Valid
Tashkent,PM2.5 - Principal,2023-10-08 03:00 PM,2023,10,08,15,32.8,95,Moderate,32.0,UG/M3,1 Hr,Valid
Tashkent,PM2.5 - Principal,2023-10-08 04:00 PM,2023,10,08,16,41.9,117,Unhealthy for Sensitive Groups,51.0,UG/M3,1 Hr,Valid
Tashkent,PM2.5 - Principal,2023-10-08 05:00 PM,2023,10,08,17,37.4,106,Unhealthy for Sensitive Groups,33.0,UG/M3,1 Hr,Valid
Tashkent,PM2.5 - Principal,2023-10-08 06:00 PM,2023,10,08,18,35.9,102,Unhealthy for Sensitive Groups,34.0,UG/M3,1 Hr,Valid
Tashkent,PM2.5 - Principal,2023-10-08 07:00 PM,2023,10,08,19,38.2,108,Unhealthy for Sensitive Groups,41.0,UG/M3,1 Hr,Valid
Tashkent,PM2.5 - Principal,2023-10-08 08:00 PM,2023,10,08,20,35.8,102,Unhealthy for Sensitive Groups,33.0,UG/M3,1 Hr,Valid
Tashkent,PM2.5 - Principal,2023-10-08 09:00 PM,2023,10,08,21,38.1,107,Unhealthy for Sensitive Groups,41.0,UG/M3,1 Hr,Valid
Tashkent,PM2.5 - Principal,2023-10-08 10:00 PM,2023,10,08,22,46.5,128,Unhealthy for Sensitive Groups,55.0,UG/M3,1 Hr,Valid
Tashkent,PM2.5 - Principal,2023-10-08 11:00 PM,2023,10,08,23,49.6,136,Unhealthy for Sensitive Groups,53.0,UG/M3,1 Hr,Valid
Tashkent,PM2.5 - Principal,2023-10-09 12:00 AM,2023,10,09,00,49.3,135,Unhealthy for Sensitive Groups,49.0,UG/M3,1 Hr,Valid
Tashkent,PM2.5 - Principal,2023-10-09 01:00 AM,2023,10,09,01,46.2,127,Unhealthy for Sensitive Groups,43.0,UG/M3,1 Hr,Valid
Tashkent,PM2.5 - Principal,2023-10-09 02:00 AM,2023,10,09,02,43.6,121,Unhealthy for Sensitive Groups,40.0,UG/M3,1 Hr,Valid
Tashkent,PM2.5 - Principal,2023-10-09 03:00 AM,2023,10,09,03,45.8,126,Unhealthy for Sensitive Groups,49.0,UG/M3,1 Hr,Valid
Tashkent,PM2.5 - Principal,2023-10-09 04:00 AM,2023,10,09,04,47.1,130,Unhealthy for Sensitive Groups,49.0,UG/M3,1 Hr,Valid
Tashkent,PM2.5 - Principal,2023-10-09 05:00 AM,2023,10,09,05,45.8,126,Unhealthy for Sensitive Groups,44.0,UG/M3,1 Hr,Valid
Tashkent,PM2.5 - Principal,2023-10-09 06:00 AM,2023,10,09,06,45.5,126,Unhealthy for Sensitive Groups,45.0,UG/M3,1 Hr,Valid
Tashkent,PM2.5 - Principal,2023-10-09 07:00 AM,2023,10,09,07,43.7,121,Unhealthy for Sensitive Groups,41.0,UG/M3,1 Hr,Valid
Tashkent,PM2.5 - Principal,2023-10-09 08:00 AM,2023,10,09,08,45.2,125,Unhealthy for Sensitive Groups,47.0,UG/M3,1 Hr,Valid
Tashkent,PM2.5 - Principal,2023-10-09 09:00 AM,2023,10,09,09,43.3,120,Unhealthy for Sensitive Groups,39.0,UG/M3,1 Hr,Valid
Tashkent,PM2.5 - Principal,2023-10-09 10:00 AM,2023,10,09,10,37.0,105,Unhealthy for Sensitive Groups,30.0,UG/M3,1 Hr,Valid
Tashkent,PM2.5 - Principal,2023-10-09 11:00 AM,2023,10,09,11,27.0,82,Moderate,18.0,UG/M3,1 Hr,Valid
Tashkent,PM2.5 - Principal,2023-10-09 12:00 PM,2023,10,09,12,21.4,71,Moderate,16.0,UG/M3,1 Hr,Valid
Tashkent,PM2.5 - Principal,2023-10-09 01:00 PM,2023,10,09,13,18.7,65,Moderate,16.0,UG/M3,1 Hr,Valid
Tashkent,PM2.5 - Principal,2023-10-09 02:00 PM,2023,10,09,14,16.8,61,Moderate,15.0,UG/M3,1 Hr,Valid
Tashkent,PM2.5 - Principal,2023-10-09 03:00 PM,2023,10,09,15,15.9,59,Moderate,15.0,UG/M3,1 Hr,Valid
Tashkent,PM2.5 - Principal,2023-10-09 04:00 PM,2023,10,09,16,15.9,59,Moderate,16.0,UG/M3,1 Hr,Valid
Tashkent,PM2.5 - Principal,2023-10-09 05:00 PM,2023,10,09,17,15.4,58,Moderate,15.0,UG/M3,1 Hr,Valid
Tashkent,PM2.5 - Principal,2023-10-09 06:00 PM,2023,10,09,18,16.7,61,Moderate,18.0,UG/M3,1 Hr,Valid
Tashkent,PM2.5 - Principal,2023-10-09 07:00 PM,2023,10,09,19,25.3,79,Moderate,34.0,UG/M3,1 Hr,Valid
Tashkent,PM2.5 - Principal,2023-10-09 08:00 PM,2023,10,09,20,32.1,93,Moderate,39.0,UG/M3,1 Hr,Valid
Tashkent,PM2.5 - Principal,2023-10-09 09:00 PM,2023,10,09,21,32.5,94,Moderate,33.0,UG/M3,1 Hr,Valid
Tashkent,PM2.5 - Principal,2023-10-09 10:00 PM,2023,10,09,22,31.2,91,Moderate,30.0,UG/M3,1 Hr,Valid
Tashkent,PM2.5 - Principal,2023-10-09 11:00 PM,2023,10,09,23,34.1,97,Moderate,37.0,UG/M3,1 Hr,Valid
Tashkent,PM2.5 - Principal,2023-10-10 12:00 AM,2023,10,10,00,39.0,110,Unhealthy for Sensitive Groups,44.0,UG/M3,1 Hr,Valid
Tashkent,PM2.5 - Principal,2023-10-10 01:00 AM,2023,10,10,01,41.5,116,Unhealthy for Sensitive Groups,44.0,UG/M3,1 Hr,Valid
Tashkent,PM2.5 - Principal,2023-10-10 02:00 AM,2023,10,10,02,38.7,109,Unhealthy for Sensitive Groups,36.0,UG/M3,1 Hr,Valid
Tashkent,PM2.5 - Principal,2023-10-10 03:00 AM,2023,10,10,03,36.8,104,Unhealthy for Sensitive Groups,35.0,UG/M3,1 Hr,Valid
Tashkent,PM2.5 - Principal,2023-10-10 04:00 AM,2023,10,10,04,28.9,86,Moderate,21.0,UG/M3,1 Hr,Valid
Tashkent,PM2.5 - Principal,2023-10-10 05:00 AM,2023,10,10,05,25.4,79,Moderate,22.0,UG/M3,1 Hr,Valid
Tashkent,PM2.5 - Principal,2023-10-10 06:00 AM,2023,10,10,06,28.2,85,Moderate,31.0,UG/M3,1 Hr,Valid
Tashkent,PM2.5 - Principal,2023-10-10 07:00 AM,2023,10,10,07,34.1,97,Moderate,40.0,UG/M3,1 Hr,Valid
Tashkent,PM2.5 - Principal,2023-10-10 08:00 AM,2023,10,10,08,37.0,105,Unhealthy for Sensitive Groups,40.0,UG/M3,1 Hr,Valid
Tashkent,PM2.5 - Principal,2023-10-10 09:00 AM,2023,10,10,09,33.5,96,Moderate,30.0,UG/M3,1 Hr,Valid
Tashkent,PM2.5 - Principal,2023-10-10 10:00 AM,2023,10,10,10,21.7,71,Moderate,10.0,UG/M3,1 Hr,Valid
Tashkent,PM2.5 - Principal,2023-10-10 11:00 AM,2023,10,10,11,17.3,62,Moderate,13.0,UG/M3,1 Hr,Valid
Tashkent,PM2.5 - Principal,2023-10-10 12:00 PM,2023,10,10,12,18.1,64,Moderate,19.0,UG/M3,1 Hr,Valid
Tashkent,PM2.5 - Principal,2023-10-10 01:00 PM,2023,10,10,13,19.5,67,Moderate,21.0,UG/M3,1 Hr,Valid
Tashkent,PM2.5 - Principal,2023-10-10 02:00 PM,2023,10,10,14,20.7,69,Moderate,22.0,UG/M3,1 Hr,Valid
Tashkent,PM2.5 - Principal,2023-10-10 03:00 PM,2023,10,10,15,21.8,71,Moderate,23.0,UG/M3,1 Hr,Valid
Tashkent,PM2.5 - Principal,2023-10-10 04:00 PM,2023,10,10,16,25.4,79,Moderate,29.0,UG/M3,1 Hr,Valid
Tashkent,PM2.5 - Principal,2023-10-10 05:00 PM,2023,10,10,17,22.2,72,Moderate,19.0,UG/M3,1 Hr,Valid
Tashkent,PM2.5 - Principal,2023-10-10 06:00 PM,2023,10,10,18,24.6,77,Moderate,27.0,UG/M3,1 Hr,Valid
Tashkent,PM2.5 - Principal,2023-10-10 07:00 PM,2023,10,10,19,40.8,114,Unhealthy for Sensitive Groups,57.0,UG/M3,1 Hr,Valid
Tashkent,PM2.5 - Principal,2023-10-10 08:00 PM,2023,10,10,20,46.9,129,Unhealthy for Sensitive Groups,53.0,UG/M3,1 Hr,Valid
Tashkent,PM2.5 - Principal,2023-10-10 09:00 PM,2023,10,10,21,52.4,143,Unhealthy for Sensitive Groups,58.0,UG/M3,1 Hr,Valid
Tashkent,PM2.5 - Principal,2023-10-10 10:00 PM,2023,10,10,22,43.7,121,Unhealthy for Sensitive Groups,35.0,UG/M3,1 Hr,Valid
Tashkent,PM2.5 - Principal,2023-10-10 11:00 PM,2023,10,10,23,41.8,117,Unhealthy for Sensitive Groups,40.0,UG/M3,1 Hr,Valid
Tashkent,PM2.5 - Principal,2023-10-11 12:00 AM,2023,10,11,00,34.9,99,Moderate,28.0,UG/M3,1 Hr,Valid
Tashkent,PM2.5 - Principal,2023-10-11 01:00 AM,2023,10,11,01,31.9,93,Moderate,29.0,UG/M3,1 Hr,Valid
Tashkent,PM2.5 - Principal,2023-10-11 02:00 AM,2023,10,11,02,20.9,70,Moderate,10.0,UG/M3,1 Hr,Valid
Tashkent,PM2.5 - Principal,2023-10-11 03:00 AM,2023,10,11,03,16.9,61,Moderate,13.0,UG/M3,1 Hr,Valid
Tashkent,PM2.5 - Principal,2023-10-11 04:00 AM,2023,10,11,04,13.4,54,Moderate,10.0,UG/M3,1 Hr,Valid
Tashkent,PM2.5 - Principal,2023-10-11 05:00 AM,2023,10,11,05,12.7,52,Moderate,12.0,UG/M3,1 Hr,Valid
Tashkent,PM2.5 - Principal,2023-10-11 06:00 AM,2023,10,11,06,15.3,58,Moderate,18.0,UG/M3,1 Hr,Valid
Tashkent,PM2.5 - Principal,2023-10-11 07:00 AM,2023,10,11,07,17.6,63,Moderate,20.0,UG/M3,1 Hr,Valid
Tashkent,PM2.5 - Principal,2023-10-11 08:00 AM,2023,10,11,08,22.3,72,Moderate,27.0,UG/M3,1 Hr,Valid
Tashkent,PM2.5 - Principal,2023-10-11 09:00 AM,2023,10,11,09,25.1,78,Moderate,28.0,UG/M3,1 Hr,Valid
Tashkent,PM2.5 - Principal,2023-10-11 10:00 AM,2023,10,11,10,29.5,88,Moderate,34.0,UG/M3,1 Hr,Valid
Tashkent,PM2.5 - Principal,2023-10-11 11:00 AM,2023,10,11,11,31.7,92,Moderate,34.0,UG/M3,1 Hr,Valid
Tashkent,PM2.5 - Principal,2023-10-11 12:00 PM,2023,10,11,12,32.8,95,Moderate,34.0,UG/M3,1 Hr,Valid
Tashkent,PM2.5 - Principal,2023-10-11 01:00 PM,2023,10,11,13,31.9,93,Moderate,31.0,UG/M3,1 Hr,Valid
Tashkent,PM2.5 - Principal,2023-10-11 02:00 PM,2023,10,11,14,35.4,100,Moderate,39.0,UG/M3,1 Hr,Valid
Tashkent,PM2.5 - Principal,2023-10-11 03:00 PM,2023,10,11,15,30.2,89,Moderate,25.0,UG/M3,1 Hr,Valid
Tashkent,PM2.5 - Principal,2023-10-11 04:00 PM,2023,10,11,16,25.6,79,Moderate,21.0,UG/M3,1 Hr,Valid
Tashkent,PM2.5 - Principal,2023-10-11 05:00 PM,2023,10,11,17,27.3,83,Moderate,29.0,UG/M3,1 Hr,Valid
Tashkent,PM2.5 - Principal,2023-10-11 06:00 PM,2023,10,11,18,29.1,87,Moderate,31.0,UG/M3,1 Hr,Valid
Tashkent,PM2.5 - Principal,2023-10-11 07:00 PM,2023,10,11,19,35.5,101,Unhealthy for Sensitive Groups,42.0,UG/M3,1 Hr,Valid
Tashkent,PM2.5 - Principal,2023-10-11 08:00 PM,2023,10,11,20,42.7,119,Unhealthy for Sensitive Groups,50.0,UG/M3,1 Hr,Valid
Tashkent,PM2.5 - Principal,2023-10-11 09:00 PM,2023,10,11,21,49.9,136,Unhealthy for Sensitive Groups,57.0,UG/M3,1 Hr,Valid
Tashkent,PM2.5 - Principal,2023-10-11 10:00 PM,2023,10,11,22,59.4,153,Unhealthy,69.0,UG/M3,1 Hr,Valid
Tashkent,PM2.5 - Principal,2023-10-11 11:00 PM,2023,10,11,23,67.7,157,Unhealthy,76.0,UG/M3,1 Hr,Valid
Tashkent,PM2.5 - Principal,2023-10-12 12:00 AM,2023,10,12,00,64.3,156,Unhealthy,61.0,UG/M3,1 Hr,Valid
Tashkent,PM2.5 - Principal,2023-10-12 01:00 AM,2023,10,12,01,66.1,156,Unhealthy,68.0,UG/M3,1 Hr,Valid
Tashkent,PM2.5 - Principal,2023-10-12 02:00 AM,2023,10,12,02,61.5,154,Unhealthy,57.0,UG/M3,1 Hr,Valid
Tashkent,PM2.5 - Principal,2023-10-12 03:00 AM,2023,10,12,03,54.8,149,Unhealthy for Sensitive Groups,48.0,UG/M3,1 Hr,Valid
Tashkent,PM2.5 - Principal,2023-10-12 04:00 AM,2023,10,12,04,52.9,144,Unhealthy for Sensitive Groups,51.0,UG/M3,1 Hr,Valid
Tashkent,PM2.5 - Principal,2023-10-12 05:00 AM,2023,10,12,05,46.9,129,Unhealthy for Sensitive Groups,41.0,UG/M3,1 Hr,Valid
Tashkent,PM2.5 - Principal,2023-10-12 06:00 AM,2023,10,12,06,43.9,122,Unhealthy for Sensitive Groups,40.0,UG/M3,1 Hr,Valid
Tashkent,PM2.5 - Principal,2023-10-12 07:00 AM,2023,10,12,07,42.0,117,Unhealthy for Sensitive Groups,40.0,UG/M3,1 Hr,Valid
Tashkent,PM2.5 - Principal,2023-10-12 08:00 AM,2023,10,12,08,44.8,124,Unhealthy for Sensitive Groups,48.0,UG/M3,1 Hr,Valid
Tashkent,PM2.5 - Principal,2023-10-12 09:00 AM,2023,10,12,09,47.7,131,Unhealthy for Sensitive Groups,51.0,UG/M3,1 Hr,Valid
Tashkent,PM2.5 - Principal,2023-10-12 10:00 AM,2023,10,12,10,41.4,116,Unhealthy for Sensitive Groups,35.0,UG/M3,1 Hr,Valid
Tashkent,PM2.5 - Principal,2023-10-12 11:00 AM,2023,10,12,11,42.2,117,Unhealthy for Sensitive Groups,43.0,UG/M3,1 Hr,Valid
Tashkent,PM2.5 - Principal,2023-10-12 12:00 PM,2023,10,12,12,42.1,117,Unhealthy for Sensitive Groups,42.0,UG/M3,1 Hr,Valid
Tashkent,PM2.5 - Principal,2023-10-12 01:00 PM,2023,10,12,13,43.0,119,Unhealthy for Sensitive Groups,44.0,UG/M3,1 Hr,Valid
Tashkent,PM2.5 - Principal,2023-10-12 02:00 PM,2023,10,12,14,45.5,126,Unhealthy for Sensitive Groups,51.0,UG/M3,1 Hr,Valid
Tashkent,PM2.5 - Principal,2023-10-12 03:00 PM,2023,10,12,15,48.2,132,Unhealthy for Sensitive Groups,53.0,UG/M3,1 Hr,Valid
Tashkent,PM2.5 - Principal,2023-10-12 04:00 PM,2023,10,12,16,56.7,152,Unhealthy,65.0,UG/M3,1 Hr,Valid
Tashkent,PM2.5 - Principal,2023-10-12 05:00 PM,2023,10,12,17,62.4,155,Unhealthy,68.0,UG/M3,1 Hr,Valid
Tashkent,PM2.5 - Principal,2023-10-12 06:00 PM,2023,10,12,18,47.3,130,Unhealthy for Sensitive Groups,32.0,UG/M3,1 Hr,Valid
Tashkent,PM2.5 - Principal,2023-10-12 07:00 PM,2023,10,12,19,31.1,91,Moderate,15.0,UG/M3,1 Hr,Valid
Tashkent,PM2.5 - Principal,2023-10-12 08:00 PM,2023,10,12,20,21.5,71,Moderate,12.0,UG/M3,1 Hr,Valid
Tashkent,PM2.5 - Principal,2023-10-12 09:00 PM,2023,10,12,21,17.2,62,Moderate,13.0,UG/M3,1 Hr,Valid
Tashkent,PM2.5 - Principal,2023-10-12 10:00 PM,2023,10,12,22,19.1,66,Moderate,21.0,UG/M3,1 Hr,Valid
Tashkent,PM2.5 - Principal,2023-10-12 11:00 PM,2023,10,12,23,17.5,62,Moderate,16.0,UG/M3,1 Hr,Valid
Tashkent,PM2.5 - Principal,2023-10-13 12:00 AM,2023,10,13,00,16.7,61,Moderate,16.0,UG/M3,1 Hr,Valid
Tashkent,PM2.5 - Principal,2023-10-13 01:00 AM,2023,10,13,01,19.8,67,Moderate,23.0,UG/M3,1 Hr,Valid
Tashkent,PM2.5 - Principal,2023-10-13 02:00 AM,2023,10,13,02,17.4,62,Moderate,15.0,UG/M3,1 Hr,Valid
Tashkent,PM2.5 - Principal,2023-10-13 03:00 AM,2023,10,13,03,14.7,56,Moderate,12.0,UG/M3,1 Hr,Valid
Tashkent,PM2.5 - Principal,2023-10-13 04:00 AM,2023,10,13,04,11.8,49,Good,9.0,UG/M3,1 Hr,Valid
Tashkent,PM2.5 - Principal,2023-10-13 05:00 AM,2023,10,13,05,9.9,41,Good,8.0,UG/M3,1 Hr,Valid
Tashkent,PM2.5 - Principal,2023-10-13 06:00 AM,2023,10,13,06,7.9,33,Good,6.0,UG/M3,1 Hr,Valid
Tashkent,PM2.5 - Principal,2023-10-13 07:00 AM,2023,10,13,07,6.9,29,Good,6.0,UG/M3,1 Hr,Valid
Tashkent,PM2.5 - Principal,2023-10-13 08:00 AM,2023,10,13,08,6.9,29,Good,-999.0,UG/M3,1 Hr,Missing
Tashkent,PM2.5 - Principal,2023-10-13 09:00 AM,2023,10,13,09,6.9,29,Good,7.0,UG/M3,1 Hr,Valid
Tashkent,PM2.5 - Principal,2023-10-13 10:00 AM,2023,10,13,10,5.2,22,Good,4.0,UG/M3,1 Hr,Valid
Tashkent,PM2.5 - Principal,2023-10-13 11:00 AM,2023,10,13,11,5.1,21,Good,5.0,UG/M3,1 Hr,Valid
Tashkent,PM2.5 - Principal,2023-10-13 12:00 PM,2023,10,13,12,5.5,23,Good,6.0,UG/M3,1 Hr,Valid
Tashkent,PM2.5 - Principal,2023-10-13 01:00 PM,2023,10,13,13,5.7,24,Good,6.0,UG/M3,1 Hr,Valid
Tashkent,PM2.5 - Principal,2023-10-13 02:00 PM,2023,10,13,14,4.3,18,Good,3.0,UG/M3,1 Hr,Valid
Tashkent,PM2.5 - Principal,2023-10-13 03:00 PM,2023,10,13,15,5.1,21,Good,6.0,UG/M3,1 Hr,Valid
Tashkent,PM2.5 - Principal,2023-10-13 04:00 PM,2023,10,13,16,5.0,21,Good,5.0,UG/M3,1 Hr,Valid
Tashkent,PM2.5 - Principal,2023-10-13 05:00 PM,2023,10,13,17,4.5,19,Good,4.0,UG/M3,1 Hr,Valid
Tashkent,PM2.5 - Principal,2023-10-13 06:00 PM,2023,10,13,18,5.7,24,Good,7.0,UG/M3,1 Hr,Valid
Tashkent,PM2.5 - Principal,2023-10-13 07:00 PM,2023,10,13,19,6.8,28,Good,8.0,UG/M3,1 Hr,Valid
Tashkent,PM2.5 - Principal,2023-10-13 08:00 PM,2023,10,13,20,9.4,39,Good,12.0,UG/M3,1 Hr,Valid
Tashkent,PM2.5 - Principal,2023-10-13 09:00 PM,2023,10,13,21,10.2,43,Good,11.0,UG/M3,1 Hr,Valid
Tashkent,PM2.5 - Principal,2023-10-13 10:00 PM,2023,10,13,22,9.6,40,Good,9.0,UG/M3,1 Hr,Valid
Tashkent,PM2.5 - Principal,2023-10-13 11:00 PM,2023,10,13,23,10.3,43,Good,11.0,UG/M3,1 Hr,Valid
Tashkent,PM2.5 - Principal,2023-10-14 12:00 AM,2023,10,14,00,14.6,56,Moderate,19.0,UG/M3,1 Hr,Valid
Tashkent,PM2.5 - Principal,2023-10-14 01:00 AM,2023,10,14,01,14.3,56,Moderate,14.0,UG/M3,1 Hr,Valid
Tashkent,PM2.5 - Principal,2023-10-14 02:00 AM,2023,10,14,02,20.1,68,Moderate,26.0,UG/M3,1 Hr,Valid
Tashkent,PM2.5 - Principal,2023-10-14 03:00 AM,2023,10,14,03,19.5,67,Moderate,19.0,UG/M3,1 Hr,Valid
Tashkent,PM2.5 - Principal,2023-10-14 04:00 AM,2023,10,14,04,26.2,81,Moderate,33.0,UG/M3,1 Hr,Valid
Tashkent,PM2.5 - Principal,2023-10-14 05:00 AM,2023,10,14,05,25.1,78,Moderate,24.0,UG/M3,1 Hr,Valid
Tashkent,PM2.5 - Principal,2023-10-14 06:00 AM,2023,10,14,06,24.0,76,Moderate,23.0,UG/M3,1 Hr,Valid
Tashkent,PM2.5 - Principal,2023-10-14 07:00 AM,2023,10,14,07,26.5,81,Moderate,29.0,UG/M3,1 Hr,Valid
Tashkent,PM2.5 - Principal,2023-10-14 08:00 AM,2023,10,14,08,28.7,86,Moderate,31.0,UG/M3,1 Hr,Valid
Tashkent,PM2.5 - Principal,2023-10-14 09:00 AM,2023,10,14,09,27.3,83,Moderate,26.0,UG/M3,1 Hr,Valid
Tashkent,PM2.5 - Principal,2023-10-14 10:00 AM,2023,10,14,10,17.6,63,Moderate,8.0,UG/M3,1 Hr,Valid
Tashkent,PM2.5 - Principal,2023-10-14 11:00 AM,2023,10,14,11,11.3,47,Good,5.0,UG/M3,1 Hr,Valid
Tashkent,PM2.5 - Principal,2023-10-14 12:00 PM,2023,10,14,12,7.1,30,Good,3.0,UG/M3,1 Hr,Valid
Tashkent,PM2.5 - Principal,2023-10-14 01:00 PM,2023,10,14,13,6.0,25,Good,5.0,UG/M3,1 Hr,Valid
Tashkent,PM2.5 - Principal,2023-10-14 02:00 PM,2023,10,14,14,5.0,21,Good,4.0,UG/M3,1 Hr,Valid
Tashkent,PM2.5 - Principal,2023-10-14 03:00 PM,2023,10,14,15,4.0,17,Good,3.0,UG/M3,1 Hr,Valid
Tashkent,PM2.5 - Principal,2023-10-14 04:00 PM,2023,10,14,16,4.0,17,Good,4.0,UG/M3,1 Hr,Valid
Tashkent,PM2.5 - Principal,2023-10-14 05:00 PM,2023,10,14,17,5.0,21,Good,6.0,UG/M3,1 Hr,Valid
Tashkent,PM2.5 - Principal,2023-10-14 06:00 PM,2023,10,14,18,6.4,27,Good,8.0,UG/M3,1 Hr,Valid
Tashkent,PM2.5 - Principal,2023-10-14 07:00 PM,2023,10,14,19,13.2,53,Moderate,20.0,UG/M3,1 Hr,Valid
Tashkent,PM2.5 - Principal,2023-10-14 08:00 PM,2023,10,14,20,20.6,69,Moderate,28.0,UG/M3,1 Hr,Valid
Tashkent,PM2.5 - Principal,2023-10-14 09:00 PM,2023,10,14,21,25.3,79,Moderate,30.0,UG/M3,1 Hr,Valid
Tashkent,PM2.5 - Principal,2023-10-14 10:00 PM,2023,10,14,22,29.6,88,Moderate,34.0,UG/M3,1 Hr,Valid
Tashkent,PM2.5 - Principal,2023-10-14 11:00 PM,2023,10,14,23,38.3,108,Unhealthy for Sensitive Groups,47.0,UG/M3,1 Hr,Valid
Tashkent,PM2.5 - Principal,2023-10-15 12:00 AM,2023,10,15,00,53.1,144,Unhealthy for Sensitive Groups,68.0,UG/M3,1 Hr,Valid
Tashkent,PM2.5 - Principal,2023-10-15 01:00 AM,2023,10,15,01,64.0,155,Unhealthy,75.0,UG/M3,1 Hr,Valid
Tashkent,PM2.5 - Principal,2023-10-15 02:00 AM,2023,10,15,02,82.0,165,Unhealthy,100.0,UG/M3,1 Hr,Valid
Tashkent,PM2.5 - Principal,2023-10-15 03:00 AM,2023,10,15,03,90.5,169,Unhealthy,99.0,UG/M3,1 Hr,Valid
Tashkent,PM2.5 - Principal,2023-10-15 04:00 AM,2023,10,15,04,95.7,172,Unhealthy,101.0,UG/M3,1 Hr,Valid
Tashkent,PM2.5 - Principal,2023-10-15 05:00 AM,2023,10,15,05,97.4,173,Unhealthy,99.0,UG/M3,1 Hr,Valid
Tashkent,PM2.5 - Principal,2023-10-15 06:00 AM,2023,10,15,06,104.2,176,Unhealthy,111.0,UG/M3,1 Hr,Valid
Tashkent,PM2.5 - Principal,2023-10-15 07:00 AM,2023,10,15,07,100.6,174,Unhealthy,97.0,UG/M3,1 Hr,Valid
Tashkent,PM2.5 - Principal,2023-10-15 08:00 AM,2023,10,15,08,95.8,172,Unhealthy,91.0,UG/M3,1 Hr,Valid
Tashkent,PM2.5 - Principal,2023-10-15 09:00 AM,2023,10,15,09,64.9,156,Unhealthy,34.0,UG/M3,1 Hr,Valid
Tashkent,PM2.5 - Principal,2023-10-15 10:00 AM,2023,10,15,10,43.4,120,Unhealthy for Sensitive Groups,22.0,UG/M3,1 Hr,Valid
Tashkent,PM2.5 - Principal,2023-10-15 11:00 AM,2023,10,15,11,34.7,99,Moderate,26.0,UG/M3,1 Hr,Valid
Tashkent,PM2.5 - Principal,2023-10-15 12:00 PM,2023,10,15,12,29.8,88,Moderate,25.0,UG/M3,1 Hr,Valid
Tashkent,PM2.5 - Principal,2023-10-15 01:00 PM,2023,10,15,13,32.9,95,Moderate,36.0,UG/M3,1 Hr,Valid
Tashkent,PM2.5 - Principal,2023-10-15 02:00 PM,2023,10,15,14,33.9,97,Moderate,35.0,UG/M3,1 Hr,Valid
Tashkent,PM2.5 - Principal,2023-10-15 03:00 PM,2023,10,15,15,30.4,89,Moderate,27.0,UG/M3,1 Hr,Valid
Tashkent,PM2.5 - Principal,2023-10-15 04:00 PM,2023,10,15,16,21.7,71,Moderate,13.0,UG/M3,1 Hr,Valid
Tashkent,PM2.5 - Principal,2023-10-15 05:00 PM,2023,10,15,17,14.3,56,Moderate,7.0,UG/M3,1 Hr,Valid
Tashkent,PM2.5 - Principal,2023-10-15 06:00 PM,2023,10,15,18,16.6,60,Moderate,19.0,UG/M3,1 Hr,Valid
Tashkent,PM2.5 - Principal,2023-10-15 07:00 PM,2023,10,15,19,17.3,62,Moderate,18.0,UG/M3,1 Hr,Valid
Tashkent,PM2.5 - Principal,2023-10-15 08:00 PM,2023,10,15,20,22.1,72,Moderate,27.0,UG/M3,1 Hr,Valid
Tashkent,PM2.5 - Principal,2023-10-15 09:00 PM,2023,10,15,21,22.0,72,Moderate,22.0,UG/M3,1 Hr,Valid
Tashkent,PM2.5 - Principal,2023-10-15 10:00 PM,2023,10,15,22,35.5,101,Unhealthy for Sensitive Groups,49.0,UG/M3,1 Hr,Valid
Tashkent,PM2.5 - Principal,2023-10-15 11:00 PM,2023,10,15,23,47.2,130,Unhealthy for Sensitive Groups,59.0,UG/M3,1 Hr,Valid
Tashkent,PM2.5 - Principal,2023-10-16 12:00 AM,2023,10,16,00,60.1,153,Unhealthy,73.0,UG/M3,1 Hr,Valid
Tashkent,PM2.5 - Principal,2023-10-16 01:00 AM,2023,10,16,01,72.5,160,Unhealthy,85.0,UG/M3,1 Hr,Valid
Tashkent,PM2.5 - Principal,2023-10-16 02:00 AM,2023,10,16,02,69.2,158,Unhealthy,66.0,UG/M3,1 Hr,Valid
Tashkent,PM2.5 - Principal,2023-10-16 03:00 AM,2023,10,16,03,64.6,156,Unhealthy,60.0,UG/M3,1 Hr,Valid
Tashkent,PM2.5 - Principal,2023-10-16 04:00 AM,2023,10,16,04,58.3,152,Unhealthy,52.0,UG/M3,1 Hr,Valid
Tashkent,PM2.5 - Principal,2023-10-16 05:00 AM,2023,10,16,05,54.6,148,Unhealthy for Sensitive Groups,51.0,UG/M3,1 Hr,Valid
Tashkent,PM2.5 - Principal,2023-10-16 06:00 AM,2023,10,16,06,47.3,130,Unhealthy for Sensitive Groups,40.0,UG/M3,1 Hr,Valid
Tashkent,PM2.5 - Principal,2023-10-16 07:00 AM,2023,10,16,07,47.6,131,Unhealthy for Sensitive Groups,48.0,UG/M3,1 Hr,Valid
Tashkent,PM2.5 - Principal,2023-10-16 08:00 AM,2023,10,16,08,50.3,137,Unhealthy for Sensitive Groups,53.0,UG/M3,1 Hr,Valid
Tashkent,PM2.5 - Principal,2023-10-16 09:00 AM,2023,10,16,09,49.1,134,Unhealthy for Sensitive Groups,48.0,UG/M3,1 Hr,Valid
Tashkent,PM2.5 - Principal,2023-10-16 10:00 AM,2023,10,16,10,50.5,138,Unhealthy for Sensitive Groups,52.0,UG/M3,1 Hr,Valid
Tashkent,PM2.5 - Principal,2023-10-16 11:00 AM,2023,10,16,11,39.7,111,Unhealthy for Sensitive Groups,29.0,UG/M3,1 Hr,Valid
Tashkent,PM2.5 - Principal,2023-10-16 12:00 PM,2023,10,16,12,37.8,107,Unhealthy for Sensitive Groups,36.0,UG/M3,1 Hr,Valid
Tashkent,PM2.5 - Principal,2023-10-16 01:00 PM,2023,10,16,13,39.9,112,Unhealthy for Sensitive Groups,42.0,UG/M3,1 Hr,Valid
Tashkent,PM2.5 - Principal,2023-10-16 02:00 PM,2023,10,16,14,40.4,113,Unhealthy for Sensitive Groups,41.0,UG/M3,1 Hr,Valid
Tashkent,PM2.5 - Principal,2023-10-16 03:00 PM,2023,10,16,15,33.2,95,Moderate,26.0,UG/M3,1 Hr,Valid
Tashkent,PM2.5 - Principal,2023-10-16 04:00 PM,2023,10,16,16,35.1,99,Moderate,37.0,UG/M3,1 Hr,Valid
Tashkent,PM2.5 - Principal,2023-10-16 05:00 PM,2023,10,16,17,30.5,90,Moderate,26.0,UG/M3,1 Hr,Valid
Tashkent,PM2.5 - Principal,2023-10-16 06:00 PM,2023,10,16,18,28.2,85,Moderate,26.0,UG/M3,1 Hr,Valid
Tashkent,PM2.5 - Principal,2023-10-16 07:00 PM,2023,10,16,19,38.1,107,Unhealthy for Sensitive Groups,48.0,UG/M3,1 Hr,Valid
Tashkent,PM2.5 - Principal,2023-10-16 08:00 PM,2023,10,16,20,43.5,121,Unhealthy for Sensitive Groups,49.0,UG/M3,1 Hr,Valid
Tashkent,PM2.5 - Principal,2023-10-16 09:00 PM,2023,10,16,21,52.7,143,Unhealthy for Sensitive Groups,62.0,UG/M3,1 Hr,Valid
Tashkent,PM2.5 - Principal,2023-10-16 10:00 PM,2023,10,16,22,63.8,155,Unhealthy,75.0,UG/M3,1 Hr,Valid
Tashkent,PM2.5 - Principal,2023-10-16 11:00 PM,2023,10,16,23,73.4,160,Unhealthy,83.0,UG/M3,1 Hr,Valid
Tashkent,PM2.5 - Principal,2023-10-17 12:00 AM,2023,10,17,00,78.2,163,Unhealthy,83.0,UG/M3,1 Hr,Valid
Tashkent,PM2.5 - Principal,2023-10-17 01:00 AM,2023,10,17,01,85.1,166,Unhealthy,92.0,UG/M3,1 Hr,Valid
Tashkent,PM2.5 - Principal,2023-10-17 02:00 AM,2023,10,17,02,78.0,163,Unhealthy,71.0,UG/M3,1 Hr,Valid
Tashkent,PM2.5 - Principal,2023-10-17 03:00 AM,2023,10,17,03,72.5,160,Unhealthy,67.0,UG/M3,1 Hr,Valid
Tashkent,PM2.5 - Principal,2023-10-17 04:00 AM,2023,10,17,04,70.7,159,Unhealthy,69.0,UG/M3,1 Hr,Valid
Tashkent,PM2.5 - Principal,2023-10-17 05:00 AM,2023,10,17,05,67.8,157,Unhealthy,65.0,UG/M3,1 Hr,Valid
Tashkent,PM2.5 - Principal,2023-10-17 06:00 AM,2023,10,17,06,66.6,157,Unhealthy,65.0,UG/M3,1 Hr,Valid
Tashkent,PM2.5 - Principal,2023-10-17 07:00 AM,2023,10,17,07,64.0,155,Unhealthy,61.0,UG/M3,1 Hr,Valid
Tashkent,PM2.5 - Principal,2023-10-17 08:00 AM,2023,10,17,08,67.9,157,Unhealthy,72.0,UG/M3,1 Hr,Valid
Tashkent,PM2.5 - Principal,2023-10-17 09:00 AM,2023,10,17,09,66.9,157,Unhealthy,65.0,UG/M3,1 Hr,Valid
Tashkent,PM2.5 - Principal,2023-10-17 10:00 AM,2023,10,17,10,64.9,156,Unhealthy,61.0,UG/M3,1 Hr,Valid
Tashkent,PM2.5 - Principal,2023-10-17 11:00 AM,2023,10,17,11,58.8,153,Unhealthy,52.0,UG/M3,1 Hr,Valid
Tashkent,PM2.5 - Principal,2023-10-17 12:00 PM,2023,10,17,12,56.2,151,Unhealthy,53.0,UG/M3,1 Hr,Valid
Tashkent,PM2.5 - Principal,2023-10-17 01:00 PM,2023,10,17,13,60.2,153,Unhealthy,64.0,UG/M3,1 Hr,Valid
Tashkent,PM2.5 - Principal,2023-10-17 02:00 PM,2023,10,17,14,58.4,152,Unhealthy,54.0,UG/M3,1 Hr,Valid
Tashkent,PM2.5 - Principal,2023-10-17 03:00 PM,2023,10,17,15,56.8,152,Unhealthy,53.0,UG/M3,1 Hr,Valid
Tashkent,PM2.5 - Principal,2023-10-17 04:00 PM,2023,10,17,16,51.7,141,Unhealthy for Sensitive Groups,45.0,UG/M3,1 Hr,Valid
Tashkent,PM2.5 - Principal,2023-10-17 05:00 PM,2023,10,17,17,52.5,143,Unhealthy for Sensitive Groups,54.0,UG/M3,1 Hr,Valid
Tashkent,PM2.5 - Principal,2023-10-17 06:00 PM,2023,10,17,18,55.3,150,Unhealthy for Sensitive Groups,60.0,UG/M3,1 Hr,Valid
Tashkent,PM2.5 - Principal,2023-10-17 07:00 PM,2023,10,17,19,58.5,153,Unhealthy,64.0,UG/M3,1 Hr,Valid
Tashkent,PM2.5 - Principal,2023-10-17 08:00 PM,2023,10,17,20,80.5,164,Unhealthy,101.0,UG/M3,1 Hr,Valid
Tashkent,PM2.5 - Principal,2023-10-17 09:00 PM,2023,10,17,21,107.2,178,Unhealthy,134.0,UG/M3,1 Hr,Valid
Tashkent,PM2.5 - Principal,2023-10-17 10:00 PM,2023,10,17,22,124.6,187,Unhealthy,142.0,UG/M3,1 Hr,Valid
Tashkent,PM2.5 - Principal,2023-10-17 11:00 PM,2023,10,17,23,117.8,183,Unhealthy,111.0,UG/M3,1 Hr,Valid
Tashkent,PM2.5 - Principal,2023-10-18 12:00 AM,2023,10,18,00,102.9,175,Unhealthy,88.0,UG/M3,1 Hr,Valid
Tashkent,PM2.5 - Principal,2023-10-18 01:00 AM,2023,10,18,01,92.9,170,Unhealthy,83.0,UG/M3,1 Hr,Valid
Tashkent,PM2.5 - Principal,2023-10-18 02:00 AM,2023,10,18,02,96.9,172,Unhealthy,101.0,UG/M3,1 Hr,Valid
Tashkent,PM2.5 - Principal,2023-10-18 03:00 AM,2023,10,18,03,96.4,172,Unhealthy,96.0,UG/M3,1 Hr,Valid
Tashkent,PM2.5 - Principal,2023-10-18 04:00 AM,2023,10,18,04,83.2,165,Unhealthy,70.0,UG/M3,1 Hr,Valid
Tashkent,PM2.5 - Principal,2023-10-18 05:00 AM,2023,10,18,05,70.6,159,Unhealthy,58.0,UG/M3,1 Hr,Valid
Tashkent,PM2.5 - Principal,2023-10-18 06:00 AM,2023,10,18,06,65.8,156,Unhealthy,61.0,UG/M3,1 Hr,Valid
Tashkent,PM2.5 - Principal,2023-10-18 07:00 AM,2023,10,18,07,63.4,155,Unhealthy,61.0,UG/M3,1 Hr,Valid
Tashkent,PM2.5 - Principal,2023-10-18 08:00 AM,2023,10,18,08,66.1,156,Unhealthy,69.0,UG/M3,1 Hr,Valid
Tashkent,PM2.5 - Principal,2023-10-18 09:00 AM,2023,10,18,09,52.5,143,Unhealthy for Sensitive Groups,39.0,UG/M3,1 Hr,Valid
Tashkent,PM2.5 - Principal,2023-10-18 10:00 AM,2023,10,18,10,55.7,151,Unhealthy,59.0,UG/M3,1 Hr,Valid
Tashkent,PM2.5 - Principal,2023-10-18 11:00 AM,2023,10,18,11,56.8,152,Unhealthy,58.0,UG/M3,1 Hr,Valid
Tashkent,PM2.5 - Principal,2023-10-18 12:00 PM,2023,10,18,12,52.4,143,Unhealthy for Sensitive Groups,48.0,UG/M3,1 Hr,Valid
Tashkent,PM2.5 - Principal,2023-10-18 01:00 PM,2023,10,18,13,49.7,136,Unhealthy for Sensitive Groups,47.0,UG/M3,1 Hr,Valid
Tashkent,PM2.5 - Principal,2023-10-18 02:00 PM,2023,10,18,14,57.3,152,Unhealthy,65.0,UG/M3,1 Hr,Valid
Tashkent,PM2.5 - Principal,2023-10-18 03:00 PM,2023,10,18,15,67.0,157,Unhealthy,77.0,UG/M3,1 Hr,Valid
Tashkent,PM2.5 - Principal,2023-10-18 04:00 PM,2023,10,18,16,65.0,156,Unhealthy,63.0,UG/M3,1 Hr,Valid
Tashkent,PM2.5 - Principal,2023-10-18 05:00 PM,2023,10,18,17,60.0,153,Unhealthy,55.0,UG/M3,1 Hr,Valid
Tashkent,PM2.5 - Principal,2023-10-18 06:00 PM,2023,10,18,18,53.6,146,Unhealthy for Sensitive Groups,47.0,UG/M3,1 Hr,Valid
Tashkent,PM2.5 - Principal,2023-10-18 07:00 PM,2023,10,18,19,47.8,131,Unhealthy for Sensitive Groups,42.0,UG/M3,1 Hr,Valid
Tashkent,PM2.5 - Principal,2023-10-18 08:00 PM,2023,10,18,20,46.9,129,Unhealthy for Sensitive Groups,46.0,UG/M3,1 Hr,Valid
Tashkent,PM2.5 - Principal,2023-10-18 09:00 PM,2023,10,18,21,49.0,134,Unhealthy for Sensitive Groups,51.0,UG/M3,1 Hr,Valid
Tashkent,PM2.5 - Principal,2023-10-18 10:00 PM,2023,10,18,22,48.5,133,Unhealthy for Sensitive Groups,48.0,UG/M3,1 Hr,Valid
Tashkent,PM2.5 - Principal,2023-10-18 11:00 PM,2023,10,18,23,54.6,148,Unhealthy for Sensitive Groups,62.0,UG/M3,1 Hr,Valid
Tashkent,PM2.5 - Principal,2023-10-19 12:00 AM,2023,10,19,00,60.2,153,Unhealthy,67.0,UG/M3,1 Hr,Valid
Tashkent,PM2.5 - Principal,2023-10-19 01:00 AM,2023,10,19,01,65.6,156,Unhealthy,72.0,UG/M3,1 Hr,Valid
Tashkent,PM2.5 - Principal,2023-10-19 02:00 AM,2023,10,19,02,63.5,155,Unhealthy,61.0,UG/M3,1 Hr,Valid
Tashkent,PM2.5 - Principal,2023-10-19 03:00 AM,2023,10,19,03,63.9,155,Unhealthy,65.0,UG/M3,1 Hr,Valid
Tashkent,PM2.5 - Principal,2023-10-19 04:00 AM,2023,10,19,04,61.8,154,Unhealthy,59.0,UG/M3,1 Hr,Valid
Tashkent,PM2.5 - Principal,2023-10-19 05:00 AM,2023,10,19,05,56.5,152,Unhealthy,49.0,UG/M3,1 Hr,Valid
Tashkent,PM2.5 - Principal,2023-10-19 06:00 AM,2023,10,19,06,54.2,147,Unhealthy for Sensitive Groups,51.0,UG/M3,1 Hr,Valid
Tashkent,PM2.5 - Principal,2023-10-19 07:00 AM,2023,10,19,07,53.9,146,Unhealthy for Sensitive Groups,52.0,UG/M3,1 Hr,Valid
Tashkent,PM2.5 - Principal,2023-10-19 08:00 AM,2023,10,19,08,51.0,139,Unhealthy for Sensitive Groups,46.0,UG/M3,1 Hr,Valid
Tashkent,PM2.5 - Principal,2023-10-19 09:00 AM,2023,10,19,09,52.4,143,Unhealthy for Sensitive Groups,55.0,UG/M3,1 Hr,Valid
Tashkent,PM2.5 - Principal,2023-10-19 10:00 AM,2023,10,19,10,60.5,154,Unhealthy,74.0,UG/M3,1 Hr,Valid
Tashkent,PM2.5 - Principal,2023-10-19 11:00 AM,2023,10,19,11,53.6,146,Unhealthy for Sensitive Groups,43.0,UG/M3,1 Hr,Valid
Tashkent,PM2.5 - Principal,2023-10-19 12:00 PM,2023,10,19,12,45.0,124,Unhealthy for Sensitive Groups,37.0,UG/M3,1 Hr,Valid
Tashkent,PM2.5 - Principal,2023-10-19 01:00 PM,2023,10,19,13,38.0,107,Unhealthy for Sensitive Groups,31.0,UG/M3,1 Hr,Valid
Tashkent,PM2.5 - Principal,2023-10-19 02:00 PM,2023,10,19,14,31.4,92,Moderate,25.0,UG/M3,1 Hr,Valid
Tashkent,PM2.5 - Principal,2023-10-19 03:00 PM,2023,10,19,15,29.2,87,Moderate,27.0,UG/M3,1 Hr,Valid
Tashkent,PM2.5 - Principal,2023-10-19 04:00 PM,2023,10,19,16,26.6,81,Moderate,24.0,UG/M3,1 Hr,Valid
Tashkent,PM2.5 - Principal,2023-10-19 05:00 PM,2023,10,19,17,27.3,83,Moderate,28.0,UG/M3,1 Hr,Valid
Tashkent,PM2.5 - Principal,2023-10-19 06:00 PM,2023,10,19,18,35.1,99,Moderate,43.0,UG/M3,1 Hr,Valid
Tashkent,PM2.5 - Principal,2023-10-19 07:00 PM,2023,10,19,19,37.5,106,Unhealthy for Sensitive Groups,40.0,UG/M3,1 Hr,Valid
Tashkent,PM2.5 - Principal,2023-10-19 08:00 PM,2023,10,19,20,47.2,130,Unhealthy for Sensitive Groups,57.0,UG/M3,1 Hr,Valid
Tashkent,PM2.5 - Principal,2023-10-19 09:00 PM,2023,10,19,21,57.1,152,Unhealthy,67.0,UG/M3,1 Hr,Valid
Tashkent,PM2.5 - Principal,2023-10-19 10:00 PM,2023,10,19,22,75.5,161,Unhealthy,94.0,UG/M3,1 Hr,Valid
Tashkent,PM2.5 - Principal,2023-10-19 11:00 PM,2023,10,19,23,82.7,165,Unhealthy,90.0,UG/M3,1 Hr,Valid
Tashkent,PM2.5 - Principal,2023-10-20 12:00 AM,2023,10,20,00,68.3,158,Unhealthy,54.0,UG/M3,1 Hr,Valid
Tashkent,PM2.5 - Principal,2023-10-20 01:00 AM,2023,10,20,01,47.1,130,Unhealthy for Sensitive Groups,26.0,UG/M3,1 Hr,Valid
Tashkent,PM2.5 - Principal,2023-10-20 02:00 AM,2023,10,20,02,36.0,102,Unhealthy for Sensitive Groups,25.0,UG/M3,1 Hr,Valid
Tashkent,PM2.5 - Principal,2023-10-20 03:00 AM,2023,10,20,03,31.5,92,Moderate,27.0,UG/M3,1 Hr,Valid
Tashkent,PM2.5 - Principal,2023-10-20 04:00 AM,2023,10,20,04,27.7,84,Moderate,24.0,UG/M3,1 Hr,Valid
Tashkent,PM2.5 - Principal,2023-10-20 05:00 AM,2023,10,20,05,27.3,83,Moderate,27.0,UG/M3,1 Hr,Valid
Tashkent,PM2.5 - Principal,2023-10-20 06:00 AM,2023,10,20,06,28.6,86,Moderate,30.0,UG/M3,1 Hr,Valid
Tashkent,PM2.5 - Principal,2023-10-20 07:00 AM,2023,10,20,07,30.8,90,Moderate,33.0,UG/M3,1 Hr,Valid
Tashkent,PM2.5 - Principal,2023-10-20 08:00 AM,2023,10,20,08,34.9,99,Moderate,39.0,UG/M3,1 Hr,Valid
Tashkent,PM2.5 - Principal,2023-10-20 09:00 AM,2023,10,20,09,38.4,108,Unhealthy for Sensitive Groups,42.0,UG/M3,1 Hr,Valid
Tashkent,PM2.5 - Principal,2023-10-20 10:00 AM,2023,10,20,10,38.7,109,Unhealthy for Sensitive Groups,39.0,UG/M3,1 Hr,Valid
Tashkent,PM2.5 - Principal,2023-10-20 11:00 AM,2023,10,20,11,45.8,126,Unhealthy for Sensitive Groups,53.0,UG/M3,1 Hr,Valid
Tashkent,PM2.5 - Principal,2023-10-20 12:00 PM,2023,10,20,12,46.9,129,Unhealthy for Sensitive Groups,48.0,UG/M3,1 Hr,Valid
Tashkent,PM2.5 - Principal,2023-10-20 01:00 PM,2023,10,20,13,46.4,128,Unhealthy for Sensitive Groups,46.0,UG/M3,1 Hr,Valid
Tashkent,PM2.5 - Principal,2023-10-20 02:00 PM,2023,10,20,14,46.7,129,Unhealthy for Sensitive Groups,47.0,UG/M3,1 Hr,Valid
Tashkent,PM2.5 - Principal,2023-10-20 03:00 PM,2023,10,20,15,40.3,113,Unhealthy for Sensitive Groups,34.0,UG/M3,1 Hr,Valid
Tashkent,PM2.5 - Principal,2023-10-20 04:00 PM,2023,10,20,16,35.3,100,Moderate,30.0,UG/M3,1 Hr,Valid
Tashkent,PM2.5 - Principal,2023-10-20 05:00 PM,2023,10,20,17,29.0,87,Moderate,23.0,UG/M3,1 Hr,Valid
Tashkent,PM2.5 - Principal,2023-10-20 06:00 PM,2023,10,20,18,35.5,101,Unhealthy for Sensitive Groups,42.0,UG/M3,1 Hr,Valid
Tashkent,PM2.5 - Principal,2023-10-20 07:00 PM,2023,10,20,19,46.2,127,Unhealthy for Sensitive Groups,57.0,UG/M3,1 Hr,Valid
Tashkent,PM2.5 - Principal,2023-10-20 08:00 PM,2023,10,20,20,58.1,152,Unhealthy,70.0,UG/M3,1 Hr,Valid
Tashkent,PM2.5 - Principal,2023-10-20 09:00 PM,2023,10,20,21,70.0,158,Unhealthy,82.0,UG/M3,1 Hr,Valid
Tashkent,PM2.5 - Principal,2023-10-20 10:00 PM,2023,10,20,22,75.0,161,Unhealthy,80.0,UG/M3,1 Hr,Valid
Tashkent,PM2.5 - Principal,2023-10-20 11:00 PM,2023,10,20,23,74.0,161,Unhealthy,73.0,UG/M3,1 Hr,Valid
Tashkent,PM2.5 - Principal,2023-10-21 12:00 AM,2023,10,21,00,75.0,161,Unhealthy,76.0,UG/M3,1 Hr,Valid
Tashkent,PM2.5 - Principal,2023-10-21 01:00 AM,2023,10,21,01,66.5,157,Unhealthy,58.0,UG/M3,1 Hr,Valid
Tashkent,PM2.5 - Principal,2023-10-21 02:00 AM,2023,10,21,02,54.2,147,Unhealthy for Sensitive Groups,42.0,UG/M3,1 Hr,Valid
Tashkent,PM2.5 - Principal,2023-10-21 03:00 AM,2023,10,21,03,40.1,112,Unhealthy for Sensitive Groups,26.0,UG/M3,1 Hr,Valid
Tashkent,PM2.5 - Principal,2023-10-21 04:00 AM,2023,10,21,04,33.0,95,Moderate,26.0,UG/M3,1 Hr,Valid
Tashkent,PM2.5 - Principal,2023-10-21 05:00 AM,2023,10,21,05,27.0,82,Moderate,21.0,UG/M3,1 Hr,Valid
Tashkent,PM2.5 - Principal,2023-10-21 06:00 AM,2023,10,21,06,24.5,77,Moderate,22.0,UG/M3,1 Hr,Valid
Tashkent,PM2.5 - Principal,2023-10-21 07:00 AM,2023,10,21,07,25.7,80,Moderate,27.0,UG/M3,1 Hr,Valid
Tashkent,PM2.5 - Principal,2023-10-21 08:00 AM,2023,10,21,08,23.8,76,Moderate,22.0,UG/M3,1 Hr,Valid
Tashkent,PM2.5 - Principal,2023-10-21 09:00 AM,2023,10,21,09,27.4,83,Moderate,31.0,UG/M3,1 Hr,Valid
Tashkent,PM2.5 - Principal,2023-10-21 10:00 AM,2023,10,21,10,31.7,92,Moderate,36.0,UG/M3,1 Hr,Valid
Tashkent,PM2.5 - Principal,2023-10-21 11:00 AM,2023,10,21,11,42.3,118,Unhealthy for Sensitive Groups,53.0,UG/M3,1 Hr,Valid
Tashkent,PM2.5 - Principal,2023-10-21 12:00 PM,2023,10,21,12,45.1,125,Unhealthy for Sensitive Groups,48.0,UG/M3,1 Hr,Valid
Tashkent,PM2.5 - Principal,2023-10-21 01:00 PM,2023,10,21,13,45.0,124,Unhealthy for Sensitive Groups,45.0,UG/M3,1 Hr,Valid
Tashkent,PM2.5 - Principal,2023-10-21 02:00 PM,2023,10,21,14,39.5,111,Unhealthy for Sensitive Groups,34.0,UG/M3,1 Hr,Valid
Tashkent,PM2.5 - Principal,2023-10-21 03:00 PM,2023,10,21,15,32.7,94,Moderate,26.0,UG/M3,1 Hr,Valid
Tashkent,PM2.5 - Principal,2023-10-21 04:00 PM,2023,10,21,16,22.8,74,Moderate,13.0,UG/M3,1 Hr,Valid
Tashkent,PM2.5 - Principal,2023-10-21 05:00 PM,2023,10,21,17,14.9,57,Moderate,7.0,UG/M3,1 Hr,Valid
Tashkent,PM2.5 - Principal,2023-10-21 06:00 PM,2023,10,21,18,10.9,45,Good,7.0,UG/M3,1 Hr,Valid
Tashkent,PM2.5 - Principal,2023-10-21 07:00 PM,2023,10,21,19,11.4,48,Good,12.0,UG/M3,1 Hr,Valid
Tashkent,PM2.5 - Principal,2023-10-21 08:00 PM,2023,10,21,20,13.7,54,Moderate,16.0,UG/M3,1 Hr,Valid
Tashkent,PM2.5 - Principal,2023-10-21 09:00 PM,2023,10,21,21,33.8,97,Moderate,54.0,UG/M3,1 Hr,Valid
Tashkent,PM2.5 - Principal,2023-10-21 10:00 PM,2023,10,21,22,31.4,92,Moderate,29.0,UG/M3,1 Hr,Valid
Tashkent,PM2.5 - Principal,2023-10-21 11:00 PM,2023,10,21,23,30.2,89,Moderate,29.0,UG/M3,1 Hr,Valid
Tashkent,PM2.5 - Principal,2023-10-22 12:00 AM,2023,10,22,00,28.6,86,Moderate,27.0,UG/M3,1 Hr,Valid
Tashkent,PM2.5 - Principal,2023-10-22 01:00 AM,2023,10,22,01,30.3,89,Moderate,32.0,UG/M3,1 Hr,Valid
Tashkent,PM2.5 - Principal,2023-10-22 02:00 AM,2023,10,22,02,34.6,98,Moderate,39.0,UG/M3,1 Hr,Valid
Tashkent,PM2.5 - Principal,2023-10-22 03:00 AM,2023,10,22,03,37.3,105,Unhealthy for Sensitive Groups,40.0,UG/M3,1 Hr,Valid
Tashkent,PM2.5 - Principal,2023-10-22 04:00 AM,2023,10,22,04,40.6,114,Unhealthy for Sensitive Groups,44.0,UG/M3,1 Hr,Valid
Tashkent,PM2.5 - Principal,2023-10-22 05:00 AM,2023,10,22,05,40.8,114,Unhealthy for Sensitive Groups,41.0,UG/M3,1 Hr,Valid
Tashkent,PM2.5 - Principal,2023-10-22 06:00 AM,2023,10,22,06,41.4,116,Unhealthy for Sensitive Groups,42.0,UG/M3,1 Hr,Valid
Tashkent,PM2.5 - Principal,2023-10-22 07:00 AM,2023,10,22,07,36.7,104,Unhealthy for Sensitive Groups,32.0,UG/M3,1 Hr,Valid
Tashkent,PM2.5 - Principal,2023-10-22 08:00 AM,2023,10,22,08,36.8,104,Unhealthy for Sensitive Groups,37.0,UG/M3,1 Hr,Valid
Tashkent,PM2.5 - Principal,2023-10-22 09:00 AM,2023,10,22,09,35.5,101,Unhealthy for Sensitive Groups,33.0,UG/M3,1 Hr,Valid
Tashkent,PM2.5 - Principal,2023-10-22 10:00 AM,2023,10,22,10,36.5,103,Unhealthy for Sensitive Groups,38.0,UG/M3,1 Hr,Valid
Tashkent,PM2.5 - Principal,2023-10-22 11:00 AM,2023,10,22,11,36.3,103,Unhealthy for Sensitive Groups,36.0,UG/M3,1 Hr,Valid
Tashkent,PM2.5 - Principal,2023-10-22 12:00 PM,2023,10,22,12,29.9,88,Moderate,23.0,UG/M3,1 Hr,Valid
Tashkent,PM2.5 - Principal,2023-10-22 01:00 PM,2023,10,22,13,28.5,85,Moderate,27.0,UG/M3,1 Hr,Valid
Tashkent,PM2.5 - Principal,2023-10-22 02:00 PM,2023,10,22,14,31.6,92,Moderate,35.0,UG/M3,1 Hr,Valid
Tashkent,PM2.5 - Principal,2023-10-22 03:00 PM,2023,10,22,15,25.8,80,Moderate,20.0,UG/M3,1 Hr,Valid
Tashkent,PM2.5 - Principal,2023-10-22 04:00 PM,2023,10,22,16,24.4,77,Moderate,23.0,UG/M3,1 Hr,Valid
Tashkent,PM2.5 - Principal,2023-10-22 05:00 PM,2023,10,22,17,25.2,79,Moderate,26.0,UG/M3,1 Hr,Valid
Tashkent,PM2.5 - Principal,2023-10-22 06:00 PM,2023,10,22,18,26.0,80,Moderate,27.0,UG/M3,1 Hr,Valid
Tashkent,PM2.5 - Principal,2023-10-22 07:00 PM,2023,10,22,19,30.3,89,Moderate,35.0,UG/M3,1 Hr,Valid
Tashkent,PM2.5 - Principal,2023-10-22 08:00 PM,2023,10,22,20,30.6,90,Moderate,31.0,UG/M3,1 Hr,Valid
Tashkent,PM2.5 - Principal,2023-10-22 09:00 PM,2023,10,22,21,30.8,90,Moderate,31.0,UG/M3,1 Hr,Valid
Tashkent,PM2.5 - Principal,2023-10-22 10:00 PM,2023,10,22,22,31.7,92,Moderate,33.0,UG/M3,1 Hr,Valid
Tashkent,PM2.5 - Principal,2023-10-22 11:00 PM,2023,10,22,23,33.0,95,Moderate,35.0,UG/M3,1 Hr,Valid
Tashkent,PM2.5 - Principal,2023-10-23 12:00 AM,2023,10,23,00,35.5,101,Unhealthy for Sensitive Groups,38.0,UG/M3,1 Hr,Valid
Tashkent,PM2.5 - Principal,2023-10-23 01:00 AM,2023,10,23,01,36.7,104,Unhealthy for Sensitive Groups,38.0,UG/M3,1 Hr,Valid
Tashkent,PM2.5 - Principal,2023-10-23 02:00 AM,2023,10,23,02,37.8,107,Unhealthy for Sensitive Groups,39.0,UG/M3,1 Hr,Valid
Tashkent,PM2.5 - Principal,2023-10-23 03:00 AM,2023,10,23,03,37.6,106,Unhealthy for Sensitive Groups,38.0,UG/M3,1 Hr,Valid
Tashkent,PM2.5 - Principal,2023-10-23 04:00 AM,2023,10,23,04,33.4,96,Moderate,26.0,UG/M3,1 Hr,Valid
Tashkent,PM2.5 - Principal,2023-10-23 05:00 AM,2023,10,23,05,27.9,84,Moderate,22.0,UG/M3,1 Hr,Valid
Tashkent,PM2.5 - Principal,2023-10-23 06:00 AM,2023,10,23,06,22.9,74,Moderate,19.0,UG/M3,1 Hr,Valid
Tashkent,PM2.5 - Principal,2023-10-23 07:00 AM,2023,10,23,07,22.4,73,Moderate,22.0,UG/M3,1 Hr,Valid
Tashkent,PM2.5 - Principal,2023-10-23 08:00 AM,2023,10,23,08,29.2,87,Moderate,36.0,UG/M3,1 Hr,Valid
Tashkent,PM2.5 - Principal,2023-10-23 09:00 AM,2023,10,23,09,27.6,84,Moderate,26.0,UG/M3,1 Hr,Valid
Tashkent,PM2.5 - Principal,2023-10-23 10:00 AM,2023,10,23,10,27.3,83,Moderate,27.0,UG/M3,1 Hr,Valid
Tashkent,PM2.5 - Principal,2023-10-23 11:00 AM,2023,10,23,11,23.1,74,Moderate,19.0,UG/M3,1 Hr,Valid
Tashkent,PM2.5 - Principal,2023-10-23 12:00 PM,2023,10,23,12,21.0,70,Moderate,19.0,UG/M3,1 Hr,Valid
Tashkent,PM2.5 - Principal,2023-10-23 01:00 PM,2023,10,23,13,26.5,81,Moderate,32.0,UG/M3,1 Hr,Valid
Tashkent,PM2.5 - Principal,2023-10-23 02:00 PM,2023,10,23,14,24.2,76,Moderate,22.0,UG/M3,1 Hr,Valid
Tashkent,PM2.5 - Principal,2023-10-23 03:00 PM,2023,10,23,15,20.6,69,Moderate,17.0,UG/M3,1 Hr,Valid
Tashkent,PM2.5 - Principal,2023-10-23 04:00 PM,2023,10,23,16,20.8,69,Moderate,21.0,UG/M3,1 Hr,Valid
Tashkent,PM2.5 - Principal,2023-10-23 05:00 PM,2023,10,23,17,19.9,67,Moderate,19.0,UG/M3,1 Hr,Valid
Tashkent,PM2.5 - Principal,2023-10-23 06:00 PM,2023,10,23,18,22.4,73,Moderate,25.0,UG/M3,1 Hr,Valid
Tashkent,PM2.5 - Principal,2023-10-23 07:00 PM,2023,10,23,19,22.2,72,Moderate,22.0,UG/M3,1 Hr,Valid
Tashkent,PM2.5 - Principal,2023-10-23 08:00 PM,2023,10,23,20,23.0,74,Moderate,24.0,UG/M3,1 Hr,Valid
Tashkent,PM2.5 - Principal,2023-10-23 09:00 PM,2023,10,23,21,23.0,74,Moderate,23.0,UG/M3,1 Hr,Valid
Tashkent,PM2.5 - Principal,2023-10-23 10:00 PM,2023,10,23,22,23.4,75,Moderate,24.0,UG/M3,1 Hr,Valid
Tashkent,PM2.5 - Principal,2023-10-23 11:00 PM,2023,10,23,23,24.1,76,Moderate,25.0,UG/M3,1 Hr,Valid
Tashkent,PM2.5 - Principal,2023-10-24 12:00 AM,2023,10,24,00,29.6,88,Moderate,35.0,UG/M3,1 Hr,Valid
Tashkent,PM2.5 - Principal,2023-10-24 01:00 AM,2023,10,24,01,40.3,113,Unhealthy for Sensitive Groups,51.0,UG/M3,1 Hr,Valid
Tashkent,PM2.5 - Principal,2023-10-24 02:00 AM,2023,10,24,02,45.6,126,Unhealthy for Sensitive Groups,51.0,UG/M3,1 Hr,Valid
Tashkent,PM2.5 - Principal,2023-10-24 03:00 AM,2023,10,24,03,44.3,123,Unhealthy for Sensitive Groups,43.0,UG/M3,1 Hr,Valid
Tashkent,PM2.5 - Principal,2023-10-24 04:00 AM,2023,10,24,04,41.1,115,Unhealthy for Sensitive Groups,38.0,UG/M3,1 Hr,Valid
Tashkent,PM2.5 - Principal,2023-10-24 05:00 AM,2023,10,24,05,38.5,108,Unhealthy for Sensitive Groups,36.0,UG/M3,1 Hr,Valid
Tashkent,PM2.5 - Principal,2023-10-24 06:00 AM,2023,10,24,06,37.7,106,Unhealthy for Sensitive Groups,37.0,UG/M3,1 Hr,Valid
Tashkent,PM2.5 - Principal,2023-10-24 07:00 AM,2023,10,24,07,38.8,109,Unhealthy for Sensitive Groups,40.0,UG/M3,1 Hr,Valid
Tashkent,PM2.5 - Principal,2023-10-24 08:00 AM,2023,10,24,08,36.4,103,Unhealthy for Sensitive Groups,34.0,UG/M3,1 Hr,Valid
Tashkent,PM2.5 - Principal,2023-10-24 09:00 AM,2023,10,24,09,30.7,90,Moderate,25.0,UG/M3,1 Hr,Valid
Tashkent,PM2.5 - Principal,2023-10-24 10:00 AM,2023,10,24,10,25.8,80,Moderate,21.0,UG/M3,1 Hr,Valid
Tashkent,PM2.5 - Principal,2023-10-24 11:00 AM,2023,10,24,11,22.4,73,Moderate,19.0,UG/M3,1 Hr,Valid
Tashkent,PM2.5 - Principal,2023-10-24 12:00 PM,2023,10,24,12,17.7,63,Moderate,13.0,UG/M3,1 Hr,Valid
Tashkent,PM2.5 - Principal,2023-10-24 01:00 PM,2023,10,24,13,13.3,54,Moderate,9.0,UG/M3,1 Hr,Valid
Tashkent,PM2.5 - Principal,2023-10-24 02:00 PM,2023,10,24,14,13.1,53,Moderate,13.0,UG/M3,1 Hr,Valid
Tashkent,PM2.5 - Principal,2023-10-24 03:00 PM,2023,10,24,15,13.0,53,Moderate,13.0,UG/M3,1 Hr,Valid
Tashkent,PM2.5 - Principal,2023-10-24 04:00 PM,2023,10,24,16,12.0,50,Good,11.0,UG/M3,1 Hr,Valid
Tashkent,PM2.5 - Principal,2023-10-24 05:00 PM,2023,10,24,17,10.0,42,Good,8.0,UG/M3,1 Hr,Valid
Tashkent,PM2.5 - Principal,2023-10-24 06:00 PM,2023,10,24,18,16.5,60,Moderate,23.0,UG/M3,1 Hr,Valid
Tashkent,PM2.5 - Principal,2023-10-24 07:00 PM,2023,10,24,19,23.7,75,Moderate,31.0,UG/M3,1 Hr,Valid
Tashkent,PM2.5 - Principal,2023-10-24 08:00 PM,2023,10,24,20,37.3,105,Unhealthy for Sensitive Groups,51.0,UG/M3,1 Hr,Valid
Tashkent,PM2.5 - Principal,2023-10-24 09:00 PM,2023,10,24,21,51.6,141,Unhealthy for Sensitive Groups,66.0,UG/M3,1 Hr,Valid
Tashkent,PM2.5 - Principal,2023-10-24 10:00 PM,2023,10,24,22,47.3,130,Unhealthy for Sensitive Groups,43.0,UG/M3,1 Hr,Valid
Tashkent,PM2.5 - Principal,2023-10-24 11:00 PM,2023,10,24,23,39.1,110,Unhealthy for Sensitive Groups,31.0,UG/M3,1 Hr,Valid
Tashkent,PM2.5 - Principal,2023-10-25 12:00 AM,2023,10,25,00,23.0,74,Moderate,7.0,UG/M3,1 Hr,Valid
Tashkent,PM2.5 - Principal,2023-10-25 01:00 AM,2023,10,25,01,15.0,57,Moderate,7.0,UG/M3,1 Hr,Valid
Tashkent,PM2.5 - Principal,2023-10-25 02:00 AM,2023,10,25,02,16.5,60,Moderate,18.0,UG/M3,1 Hr,Valid
Tashkent,PM2.5 - Principal,2023-10-25 03:00 AM,2023,10,25,03,18.7,65,Moderate,21.0,UG/M3,1 Hr,Valid
Tashkent,PM2.5 - Principal,2023-10-25 04:00 AM,2023,10,25,04,18.8,65,Moderate,19.0,UG/M3,1 Hr,Valid
Tashkent,PM2.5 - Principal,2023-10-25 05:00 AM,2023,10,25,05,18.9,65,Moderate,19.0,UG/M3,1 Hr,Valid
Tashkent,PM2.5 - Principal,2023-10-25 06:00 AM,2023,10,25,06,21.9,72,Moderate,25.0,UG/M3,1 Hr,Valid
Tashkent,PM2.5 - Principal,2023-10-25 07:00 AM,2023,10,25,07,21.4,71,Moderate,21.0,UG/M3,1 Hr,Valid
Tashkent,PM2.5 - Principal,2023-10-25 08:00 AM,2023,10,25,08,25.2,79,Moderate,29.0,UG/M3,1 Hr,Valid
Tashkent,PM2.5 - Principal,2023-10-25 09:00 AM,2023,10,25,09,17.1,62,Moderate,9.0,UG/M3,1 Hr,Valid
Tashkent,PM2.5 - Principal,2023-10-25 10:00 AM,2023,10,25,10,13.5,54,Moderate,10.0,UG/M3,1 Hr,Valid
Tashkent,PM2.5 - Principal,2023-10-25 11:00 AM,2023,10,25,11,10.2,43,Good,7.0,UG/M3,1 Hr,Valid
Tashkent,PM2.5 - Principal,2023-10-25 12:00 PM,2023,10,25,12,10.6,44,Good,11.0,UG/M3,1 Hr,Valid
Tashkent,PM2.5 - Principal,2023-10-25 01:00 PM,2023,10,25,13,13.3,54,Moderate,16.0,UG/M3,1 Hr,Valid
Tashkent,PM2.5 - Principal,2023-10-25 02:00 PM,2023,10,25,14,16.6,60,Moderate,20.0,UG/M3,1 Hr,Valid
Tashkent,PM2.5 - Principal,2023-10-25 03:00 PM,2023,10,25,15,17.3,62,Moderate,18.0,UG/M3,1 Hr,Valid
Tashkent,PM2.5 - Principal,2023-10-25 04:00 PM,2023,10,25,16,22.1,72,Moderate,27.0,UG/M3,1 Hr,Valid
Tashkent,PM2.5 - Principal,2023-10-25 05:00 PM,2023,10,25,17,24.5,77,Moderate,27.0,UG/M3,1 Hr,Valid
Tashkent,PM2.5 - Principal,2023-10-25 06:00 PM,2023,10,25,18,24.5,77,Moderate,-999.0,UG/M3,1 Hr,Missing
Tashkent,PM2.5 - Principal,2023-10-25 07:00 PM,2023,10,25,19,36.1,102,Unhealthy for Sensitive Groups,42.0,UG/M3,1 Hr,Valid
Tashkent,PM2.5 - Principal,2023-10-25 08:00 PM,2023,10,25,20,51.5,140,Unhealthy for Sensitive Groups,63.0,UG/M3,1 Hr,Valid
Tashkent,PM2.5 - Principal,2023-10-25 09:00 PM,2023,10,25,21,69.3,158,Unhealthy,85.0,UG/M3,1 Hr,Valid
Tashkent,PM2.5 - Principal,2023-10-25 10:00 PM,2023,10,25,22,70.2,159,Unhealthy,71.0,UG/M3,1 Hr,Valid
Tashkent,PM2.5 - Principal,2023-10-25 11:00 PM,2023,10,25,23,59.4,153,Unhealthy,49.0,UG/M3,1 Hr,Valid
Tashkent,PM2.5 - Principal,2023-10-26 12:00 AM,2023,10,26,00,50.1,137,Unhealthy for Sensitive Groups,41.0,UG/M3,1 Hr,Valid
Tashkent,PM2.5 - Principal,2023-10-26 01:00 AM,2023,10,26,01,39.5,111,Unhealthy for Sensitive Groups,29.0,UG/M3,1 Hr,Valid
Tashkent,PM2.5 - Principal,2023-10-26 02:00 AM,2023,10,26,02,31.2,91,Moderate,23.0,UG/M3,1 Hr,Valid
Tashkent,PM2.5 - Principal,2023-10-26 03:00 AM,2023,10,26,03,29.6,88,Moderate,28.0,UG/M3,1 Hr,Valid
Tashkent,PM2.5 - Principal,2023-10-26 04:00 AM,2023,10,26,04,28.3,85,Moderate,27.0,UG/M3,1 Hr,Valid
Tashkent,PM2.5 - Principal,2023-10-26 05:00 AM,2023,10,26,05,22.6,73,Moderate,17.0,UG/M3,1 Hr,Valid
Tashkent,PM2.5 - Principal,2023-10-26 06:00 AM,2023,10,26,06,19.8,67,Moderate,17.0,UG/M3,1 Hr,Valid
Tashkent,PM2.5 - Principal,2023-10-26 07:00 AM,2023,10,26,07,20.4,68,Moderate,21.0,UG/M3,1 Hr,Valid
Tashkent,PM2.5 - Principal,2023-10-26 08:00 AM,2023,10,26,08,22.7,73,Moderate,25.0,UG/M3,1 Hr,Valid
Tashkent,PM2.5 - Principal,2023-10-26 09:00 AM,2023,10,26,09,25.8,80,Moderate,29.0,UG/M3,1 Hr,Valid
Tashkent,PM2.5 - Principal,2023-10-26 10:00 AM,2023,10,26,10,22.9,74,Moderate,20.0,UG/M3,1 Hr,Valid
Tashkent,PM2.5 - Principal,2023-10-26 11:00 AM,2023,10,26,11,25.4,79,Moderate,28.0,UG/M3,1 Hr,Valid
Tashkent,PM2.5 - Principal,2023-10-26 12:00 PM,2023,10,26,12,24.6,77,Moderate,24.0,UG/M3,1 Hr,Valid
Tashkent,PM2.5 - Principal,2023-10-26 01:00 PM,2023,10,26,13,22.2,72,Moderate,19.0,UG/M3,1 Hr,Valid
Tashkent,PM2.5 - Principal,2023-10-26 02:00 PM,2023,10,26,14,22.5,73,Moderate,23.0,UG/M3,1 Hr,Valid
Tashkent,PM2.5 - Principal,2023-10-26 03:00 PM,2023,10,26,15,22.7,73,Moderate,23.0,UG/M3,1 Hr,Valid
Tashkent,PM2.5 - Principal,2023-10-26 04:00 PM,2023,10,26,16,21.6,71,Moderate,20.0,UG/M3,1 Hr,Valid
Tashkent,PM2.5 - Principal,2023-10-26 05:00 PM,2023,10,26,17,24.6,77,Moderate,29.0,UG/M3,1 Hr,Valid
Tashkent,PM2.5 - Principal,2023-10-26 06:00 PM,2023,10,26,18,25.2,79,Moderate,27.0,UG/M3,1 Hr,Valid
Tashkent,PM2.5 - Principal,2023-10-26 07:00 PM,2023,10,26,19,27.0,82,Moderate,30.0,UG/M3,1 Hr,Valid
Tashkent,PM2.5 - Principal,2023-10-26 08:00 PM,2023,10,26,20,36.5,103,Unhealthy for Sensitive Groups,45.0,UG/M3,1 Hr,Valid
Tashkent,PM2.5 - Principal,2023-10-26 09:00 PM,2023,10,26,21,37.7,106,Unhealthy for Sensitive Groups,39.0,UG/M3,1 Hr,Valid
Tashkent,PM2.5 - Principal,2023-10-26 10:00 PM,2023,10,26,22,37.3,105,Unhealthy for Sensitive Groups,37.0,UG/M3,1 Hr,Valid
Tashkent,PM2.5 - Principal,2023-10-26 11:00 PM,2023,10,26,23,38.6,109,Unhealthy for Sensitive Groups,40.0,UG/M3,1 Hr,Valid
Tashkent,PM2.5 - Principal,2023-10-27 12:00 AM,2023,10,27,00,42.8,119,Unhealthy for Sensitive Groups,47.0,UG/M3,1 Hr,Valid
Tashkent,PM2.5 - Principal,2023-10-27 01:00 AM,2023,10,27,01,37.4,106,Unhealthy for Sensitive Groups,32.0,UG/M3,1 Hr,Valid
Tashkent,PM2.5 - Principal,2023-10-27 02:00 AM,2023,10,27,02,26.2,81,Moderate,15.0,UG/M3,1 Hr,Valid
Tashkent,PM2.5 - Principal,2023-10-27 03:00 AM,2023,10,27,03,19.6,67,Moderate,13.0,UG/M3,1 Hr,Valid
Tashkent,PM2.5 - Principal,2023-10-27 04:00 AM,2023,10,27,04,17.8,63,Moderate,16.0,UG/M3,1 Hr,Valid
Tashkent,PM2.5 - Principal,2023-10-27 05:00 AM,2023,10,27,05,17.8,63,Moderate,18.0,UG/M3,1 Hr,Valid
Tashkent,PM2.5 - Principal,2023-10-27 06:00 AM,2023,10,27,06,16.9,61,Moderate,16.0,UG/M3,1 Hr,Valid
Tashkent,PM2.5 - Principal,2023-10-27 07:00 AM,2023,10,27,07,19.9,67,Moderate,23.0,UG/M3,1 Hr,Valid
Tashkent,PM2.5 - Principal,2023-10-27 08:00 AM,2023,10,27,08,22.9,74,Moderate,26.0,UG/M3,1 Hr,Valid
Tashkent,PM2.5 - Principal,2023-10-27 09:00 AM,2023,10,27,09,28.9,86,Moderate,35.0,UG/M3,1 Hr,Valid
Tashkent,PM2.5 - Principal,2023-10-27 10:00 AM,2023,10,27,10,38.4,108,Unhealthy for Sensitive Groups,48.0,UG/M3,1 Hr,Valid
Tashkent,PM2.5 - Principal,2023-10-27 11:00 AM,2023,10,27,11,34.2,97,Moderate,30.0,UG/M3,1 Hr,Valid
Tashkent,PM2.5 - Principal,2023-10-27 12:00 PM,2023,10,27,12,27.1,83,Moderate,20.0,UG/M3,1 Hr,Valid
Tashkent,PM2.5 - Principal,2023-10-27 01:00 PM,2023,10,27,13,20.0,68,Moderate,13.0,UG/M3,1 Hr,Valid
Tashkent,PM2.5 - Principal,2023-10-27 02:00 PM,2023,10,27,14,15.5,58,Moderate,11.0,UG/M3,1 Hr,Valid
Tashkent,PM2.5 - Principal,2023-10-27 03:00 PM,2023,10,27,15,13.2,53,Moderate,11.0,UG/M3,1 Hr,Valid
Tashkent,PM2.5 - Principal,2023-10-27 04:00 PM,2023,10,27,16,11.6,48,Good,10.0,UG/M3,1 Hr,Valid
Tashkent,PM2.5 - Principal,2023-10-27 05:00 PM,2023,10,27,17,13.8,55,Moderate,16.0,UG/M3,1 Hr,Valid
Tashkent,PM2.5 - Principal,2023-10-27 06:00 PM,2023,10,27,18,26.4,81,Moderate,39.0,UG/M3,1 Hr,Valid
Tashkent,PM2.5 - Principal,2023-10-27 07:00 PM,2023,10,27,19,28.7,86,Moderate,31.0,UG/M3,1 Hr,Valid
Tashkent,PM2.5 - Principal,2023-10-27 08:00 PM,2023,10,27,20,30.8,90,Moderate,33.0,UG/M3,1 Hr,Valid
Tashkent,PM2.5 - Principal,2023-10-27 09:00 PM,2023,10,27,21,34.9,99,Moderate,39.0,UG/M3,1 Hr,Valid
Tashkent,PM2.5 - Principal,2023-10-27 10:00 PM,2023,10,27,22,34.9,99,Moderate,-999.0,UG/M3,1 Hr,Missing
Tashkent,PM2.5 - Principal,2023-10-28 12:00 AM,2023,10,28,00,-999.0,-999,N/A,29.0,UG/M3,1 Hr,Valid
Tashkent,PM2.5 - Principal,2023-10-28 01:00 AM,2023,10,28,01,30.0,89,Moderate,30.0,UG/M3,1 Hr,Valid
Tashkent,PM2.5 - Principal,2023-10-28 02:00 AM,2023,10,28,02,26.1,80,Moderate,23.0,UG/M3,1 Hr,Valid
Tashkent,PM2.5 - Principal,2023-10-28 03:00 AM,2023,10,28,03,20.3,68,Moderate,15.0,UG/M3,1 Hr,Valid
Tashkent,PM2.5 - Principal,2023-10-28 04:00 AM,2023,10,28,04,14.5,56,Moderate,9.0,UG/M3,1 Hr,Valid
Tashkent,PM2.5 - Principal,2023-10-28 05:00 AM,2023,10,28,05,11.2,47,Good,8.0,UG/M3,1 Hr,Valid
Tashkent,PM2.5 - Principal,2023-10-28 06:00 AM,2023,10,28,06,10.6,44,Good,10.0,UG/M3,1 Hr,Valid
Tashkent,PM2.5 - Principal,2023-10-28 07:00 AM,2023,10,28,07,11.3,47,Good,12.0,UG/M3,1 Hr,Valid
Tashkent,PM2.5 - Principal,2023-10-28 08:00 AM,2023,10,28,08,11.6,48,Good,12.0,UG/M3,1 Hr,Valid
Tashkent,PM2.5 - Principal,2023-10-28 09:00 AM,2023,10,28,09,18.8,65,Moderate,26.0,UG/M3,1 Hr,Valid
Tashkent,PM2.5 - Principal,2023-10-28 10:00 AM,2023,10,28,10,13.4,54,Moderate,8.0,UG/M3,1 Hr,Valid
Tashkent,PM2.5 - Principal,2023-10-28 11:00 AM,2023,10,28,11,10.7,45,Good,8.0,UG/M3,1 Hr,Valid
Tashkent,PM2.5 - Principal,2023-10-28 12:00 PM,2023,10,28,12,11.3,47,Good,12.0,UG/M3,1 Hr,Valid
Tashkent,PM2.5 - Principal,2023-10-28 01:00 PM,2023,10,28,13,15.1,57,Moderate,19.0,UG/M3,1 Hr,Valid
Tashkent,PM2.5 - Principal,2023-10-28 02:00 PM,2023,10,28,14,14.5,56,Moderate,14.0,UG/M3,1 Hr,Valid
Tashkent,PM2.5 - Principal,2023-10-28 03:00 PM,2023,10,28,15,15.2,58,Moderate,16.0,UG/M3,1 Hr,Valid
Tashkent,PM2.5 - Principal,2023-10-28 04:00 PM,2023,10,28,16,18.6,65,Moderate,22.0,UG/M3,1 Hr,Valid
Tashkent,PM2.5 - Principal,2023-10-28 05:00 PM,2023,10,28,17,21.8,71,Moderate,25.0,UG/M3,1 Hr,Valid
Tashkent,PM2.5 - Principal,2023-10-28 06:00 PM,2023,10,28,18,27.9,84,Moderate,34.0,UG/M3,1 Hr,Valid
Tashkent,PM2.5 - Principal,2023-10-28 07:00 PM,2023,10,28,19,33.4,96,Moderate,39.0,UG/M3,1 Hr,Valid
Tashkent,PM2.5 - Principal,2023-10-28 08:00 PM,2023,10,28,20,40.7,114,Unhealthy for Sensitive Groups,48.0,UG/M3,1 Hr,Valid
Tashkent,PM2.5 - Principal,2023-10-28 09:00 PM,2023,10,28,21,53.8,146,Unhealthy for Sensitive Groups,67.0,UG/M3,1 Hr,Valid
Tashkent,PM2.5 - Principal,2023-10-28 10:00 PM,2023,10,28,22,55.9,151,Unhealthy,58.0,UG/M3,1 Hr,Valid
Tashkent,PM2.5 - Principal,2023-10-28 11:00 PM,2023,10,28,23,53.4,145,Unhealthy for Sensitive Groups,51.0,UG/M3,1 Hr,Valid
Tashkent,PM2.5 - Principal,2023-10-29 12:00 AM,2023,10,29,00,45.2,125,Unhealthy for Sensitive Groups,37.0,UG/M3,1 Hr,Valid
Tashkent,PM2.5 - Principal,2023-10-29 01:00 AM,2023,10,29,01,37.1,105,Unhealthy for Sensitive Groups,29.0,UG/M3,1 Hr,Valid
Tashkent,PM2.5 - Principal,2023-10-29 02:00 AM,2023,10,29,02,32.0,93,Moderate,27.0,UG/M3,1 Hr,Valid
Tashkent,PM2.5 - Principal,2023-10-29 03:00 AM,2023,10,29,03,24.5,77,Moderate,17.0,UG/M3,1 Hr,Valid
Tashkent,PM2.5 - Principal,2023-10-29 04:00 AM,2023,10,29,04,17.7,63,Moderate,11.0,UG/M3,1 Hr,Valid
Tashkent,PM2.5 - Principal,2023-10-29 05:00 AM,2023,10,29,05,13.3,54,Moderate,9.0,UG/M3,1 Hr,Valid
Tashkent,PM2.5 - Principal,2023-10-29 06:00 AM,2023,10,29,06,13.6,54,Moderate,14.0,UG/M3,1 Hr,Valid
Tashkent,PM2.5 - Principal,2023-10-29 07:00 AM,2023,10,29,07,11.8,49,Good,10.0,UG/M3,1 Hr,Valid
Tashkent,PM2.5 - Principal,2023-10-29 08:00 AM,2023,10,29,08,11.9,50,Good,12.0,UG/M3,1 Hr,Valid
Tashkent,PM2.5 - Principal,2023-10-29 09:00 AM,2023,10,29,09,12.4,52,Moderate,13.0,UG/M3,1 Hr,Valid
Tashkent,PM2.5 - Principal,2023-10-29 10:00 AM,2023,10,29,10,11.7,49,Good,11.0,UG/M3,1 Hr,Valid
Tashkent,PM2.5 - Principal,2023-10-29 11:00 AM,2023,10,29,11,11.3,47,Good,11.0,UG/M3,1 Hr,Valid
Tashkent,PM2.5 - Principal,2023-10-29 12:00 PM,2023,10,29,12,12.1,51,Moderate,13.0,UG/M3,1 Hr,Valid
Tashkent,PM2.5 - Principal,2023-10-29 01:00 PM,2023,10,29,13,11.0,46,Good,10.0,UG/M3,1 Hr,Valid
Tashkent,PM2.5 - Principal,2023-10-29 02:00 PM,2023,10,29,14,12.0,50,Good,13.0,UG/M3,1 Hr,Valid
Tashkent,PM2.5 - Principal,2023-10-29 03:00 PM,2023,10,29,15,12.6,52,Moderate,14.0,UG/M3,1 Hr,Valid
Tashkent,PM2.5 - Principal,2023-10-29 04:00 PM,2023,10,29,16,19.5,67,Moderate,26.0,UG/M3,1 Hr,Valid
Tashkent,PM2.5 - Principal,2023-10-29 05:00 PM,2023,10,29,17,25.2,79,Moderate,31.0,UG/M3,1 Hr,Valid
Tashkent,PM2.5 - Principal,2023-10-29 06:00 PM,2023,10,29,18,33.6,96,Moderate,42.0,UG/M3,1 Hr,Valid
Tashkent,PM2.5 - Principal,2023-10-29 07:00 PM,2023,10,29,19,42.3,118,Unhealthy for Sensitive Groups,51.0,UG/M3,1 Hr,Valid
Tashkent,PM2.5 - Principal,2023-10-29 08:00 PM,2023,10,29,20,51.6,141,Unhealthy for Sensitive Groups,61.0,UG/M3,1 Hr,Valid
Tashkent,PM2.5 - Principal,2023-10-29 09:00 PM,2023,10,29,21,59.8,153,Unhealthy,68.0,UG/M3,1 Hr,Valid
Tashkent,PM2.5 - Principal,2023-10-29 10:00 PM,2023,10,29,22,50.9,139,Unhealthy for Sensitive Groups,42.0,UG/M3,1 Hr,Valid
Tashkent,PM2.5 - Principal,2023-10-29 11:00 PM,2023,10,29,23,41.4,116,Unhealthy for Sensitive Groups,32.0,UG/M3,1 Hr,Valid
Tashkent,PM2.5 - Principal,2023-10-30 12:00 AM,2023,10,30,00,37.7,106,Unhealthy for Sensitive Groups,34.0,UG/M3,1 Hr,Valid
Tashkent,PM2.5 - Principal,2023-10-30 01:00 AM,2023,10,30,01,37.3,105,Unhealthy for Sensitive Groups,37.0,UG/M3,1 Hr,Valid
Tashkent,PM2.5 - Principal,2023-10-30 02:00 AM,2023,10,30,02,39.6,111,Unhealthy for Sensitive Groups,42.0,UG/M3,1 Hr,Valid
Tashkent,PM2.5 - Principal,2023-10-30 03:00 AM,2023,10,30,03,36.8,104,Unhealthy for Sensitive Groups,34.0,UG/M3,1 Hr,Valid
Tashkent,PM2.5 - Principal,2023-10-30 04:00 AM,2023,10,30,04,36.4,103,Unhealthy for Sensitive Groups,36.0,UG/M3,1 Hr,Valid
Tashkent,PM2.5 - Principal,2023-10-30 05:00 AM,2023,10,30,05,35.2,100,Moderate,34.0,UG/M3,1 Hr,Valid
Tashkent,PM2.5 - Principal,2023-10-30 06:00 AM,2023,10,30,06,31.6,92,Moderate,28.0,UG/M3,1 Hr,Valid
Tashkent,PM2.5 - Principal,2023-10-30 07:00 AM,2023,10,30,07,30.2,89,Moderate,29.0,UG/M3,1 Hr,Valid
Tashkent,PM2.5 - Principal,2023-10-30 08:00 AM,2023,10,30,08,34.1,97,Moderate,38.0,UG/M3,1 Hr,Valid
Tashkent,PM2.5 - Principal,2023-10-30 09:00 AM,2023,10,30,09,34.1,97,Moderate,35.0,UG/M3,1 Hr,Valid
Tashkent,PM2.5 - Principal,2023-10-30 10:00 AM,2023,10,30,10,33.0,95,Moderate,31.0,UG/M3,1 Hr,Valid
Tashkent,PM2.5 - Principal,2023-10-30 11:00 AM,2023,10,30,11,30.8,90,Moderate,27.0,UG/M3,1 Hr,Valid
Tashkent,PM2.5 - Principal,2023-10-30 12:00 PM,2023,10,30,12,29.4,87,Moderate,27.0,UG/M3,1 Hr,Valid
Tashkent,PM2.5 - Principal,2023-10-30 01:00 PM,2023,10,30,13,26.8,82,Moderate,24.0,UG/M3,1 Hr,Valid
Tashkent,PM2.5 - Principal,2023-10-30 02:00 PM,2023,10,30,14,26.4,81,Moderate,25.0,UG/M3,1 Hr,Valid
Tashkent,PM2.5 - Principal,2023-10-30 03:00 PM,2023,10,30,15,29.2,87,Moderate,34.0,UG/M3,1 Hr,Valid
Tashkent,PM2.5 - Principal,2023-10-30 04:00 PM,2023,10,30,16,26.2,81,Moderate,22.0,UG/M3,1 Hr,Valid
Tashkent,PM2.5 - Principal,2023-10-30 05:00 PM,2023,10,30,17,24.8,78,Moderate,23.0,UG/M3,1 Hr,Valid
Tashkent,PM2.5 - Principal,2023-10-30 06:00 PM,2023,10,30,18,27.0,82,Moderate,30.0,UG/M3,1 Hr,Valid
Tashkent,PM2.5 - Principal,2023-10-30 07:00 PM,2023,10,30,19,34.2,97,Moderate,42.0,UG/M3,1 Hr,Valid
Tashkent,PM2.5 - Principal,2023-10-30 08:00 PM,2023,10,30,20,39.8,112,Unhealthy for Sensitive Groups,45.0,UG/M3,1 Hr,Valid
Tashkent,PM2.5 - Principal,2023-10-30 09:00 PM,2023,10,30,21,55.4,150,Unhealthy for Sensitive Groups,71.0,UG/M3,1 Hr,Valid
Tashkent,PM2.5 - Principal,2023-10-30 10:00 PM,2023,10,30,22,53.2,145,Unhealthy for Sensitive Groups,51.0,UG/M3,1 Hr,Valid
Tashkent,PM2.5 - Principal,2023-10-30 11:00 PM,2023,10,30,23,49.6,136,Unhealthy for Sensitive Groups,46.0,UG/M3,1 Hr,Valid
Tashkent,PM2.5 - Principal,2023-10-31 12:00 AM,2023,10,31,00,45.3,125,Unhealthy for Sensitive Groups,41.0,UG/M3,1 Hr,Valid
Tashkent,PM2.5 - Principal,2023-10-31 01:00 AM,2023,10,31,01,50.6,138,Unhealthy for Sensitive Groups,56.0,UG/M3,1 Hr,Valid
Tashkent,PM2.5 - Principal,2023-10-31 02:00 AM,2023,10,31,02,56.3,151,Unhealthy,62.0,UG/M3,1 Hr,Valid
Tashkent,PM2.5 - Principal,2023-10-31 03:00 AM,2023,10,31,03,53.6,146,Unhealthy for Sensitive Groups,51.0,UG/M3,1 Hr,Valid
Tashkent,PM2.5 - Principal,2023-10-31 04:00 AM,2023,10,31,04,50.3,137,Unhealthy for Sensitive Groups,47.0,UG/M3,1 Hr,Valid
Tashkent,PM2.5 - Principal,2023-10-31 05:00 AM,2023,10,31,05,46.6,128,Unhealthy for Sensitive Groups,43.0,UG/M3,1 Hr,Valid
Tashkent,PM2.5 - Principal,2023-10-31 06:00 AM,2023,10,31,06,31.3,91,Moderate,16.0,UG/M3,1 Hr,Valid
Tashkent,PM2.5 - Principal,2023-10-31 07:00 AM,2023,10,31,07,20.1,68,Moderate,9.0,UG/M3,1 Hr,Valid
Tashkent,PM2.5 - Principal,2023-10-31 08:00 AM,2023,10,31,08,14.5,56,Moderate,9.0,UG/M3,1 Hr,Valid
Tashkent,PM2.5 - Principal,2023-10-31 09:00 AM,2023,10,31,09,12.2,51,Moderate,10.0,UG/M3,1 Hr,Valid
Tashkent,PM2.5 - Principal,2023-10-31 10:00 AM,2023,10,31,10,9.6,40,Good,7.0,UG/M3,1 Hr,Valid
Tashkent,PM2.5 - Principal,2023-10-31 11:00 AM,2023,10,31,11,10.3,43,Good,11.0,UG/M3,1 Hr,Valid
Tashkent,PM2.5 - Principal,2023-10-31 12:00 PM,2023,10,31,12,8.6,36,Good,7.0,UG/M3,1 Hr,Valid
Tashkent,PM2.5 - Principal,2023-10-31 01:00 PM,2023,10,31,13,8.3,35,Good,8.0,UG/M3,1 Hr,Valid
Tashkent,PM2.5 - Principal,2023-10-31 02:00 PM,2023,10,31,14,7.1,30,Good,6.0,UG/M3,1 Hr,Valid
Tashkent,PM2.5 - Principal,2023-10-31 03:00 PM,2023,10,31,15,4.0,17,Good,1.0,UG/M3,1 Hr,Valid
Tashkent,PM2.5 - Principal,2023-10-31 04:00 PM,2023,10,31,16,1.5,6,Good,-1.0,UG/M3,1 Hr,Valid
Tashkent,PM2.5 - Principal,2023-10-31 05:00 PM,2023,10,31,17,3.7,15,Good,6.0,UG/M3,1 Hr,Valid
Tashkent,PM2.5 - Principal,2023-10-31 06:00 PM,2023,10,31,18,4.8,20,Good,6.0,UG/M3,1 Hr,Valid
Tashkent,PM2.5 - Principal,2023-10-31 07:00 PM,2023,10,31,19,4.8,20,Good,-999.0,UG/M3,1 Hr,Missing
Tashkent,PM2.5 - Principal,2023-10-31 08:00 PM,2023,10,31,20,21.6,71,Moderate,30.0,UG/M3,1 Hr,Valid
Tashkent,PM2.5 - Principal,2023-10-31 09:00 PM,2023,10,31,21,27.5,83,Moderate,32.0,UG/M3,1 Hr,Valid
Tashkent,PM2.5 - Principal,2023-10-31 10:00 PM,2023,10,31,22,35.2,100,Moderate,42.0,UG/M3,1 Hr,Valid
Tashkent,PM2.5 - Principal,2023-10-31 11:00 PM,2023,10,31,23,38.2,108,Unhealthy for Sensitive Groups,41.0,UG/M3,1 Hr,Valid
Tashkent,PM2.5 - Principal,2023-11-01 12:00 AM,2023,11,01,00,48.2,132,Unhealthy for Sensitive Groups,58.0,UG/M3,1 Hr,Valid
Tashkent,PM2.5 - Principal,2023-11-01 01:00 AM,2023,11,01,01,63.2,155,Unhealthy,78.0,UG/M3,1 Hr,Valid
Tashkent,PM2.5 - Principal,2023-11-01 02:00 AM,2023,11,01,02,66.1,156,Unhealthy,69.0,UG/M3,1 Hr,Valid
Tashkent,PM2.5 - Principal,2023-11-01 03:00 AM,2023,11,01,03,69.5,158,Unhealthy,73.0,UG/M3,1 Hr,Valid
Tashkent,PM2.5 - Principal,2023-11-01 04:00 AM,2023,11,01,04,61.2,154,Unhealthy,53.0,UG/M3,1 Hr,Valid
Tashkent,PM2.5 - Principal,2023-11-01 05:00 AM,2023,11,01,05,63.1,155,Unhealthy,65.0,UG/M3,1 Hr,Valid
Tashkent,PM2.5 - Principal,2023-11-01 06:00 AM,2023,11,01,06,61.5,154,Unhealthy,60.0,UG/M3,1 Hr,Valid
Tashkent,PM2.5 - Principal,2023-11-01 07:00 AM,2023,11,01,07,59.2,153,Unhealthy,57.0,UG/M3,1 Hr,Valid
Tashkent,PM2.5 - Principal,2023-11-01 08:00 AM,2023,11,01,08,46.6,128,Unhealthy for Sensitive Groups,34.0,UG/M3,1 Hr,Valid
Tashkent,PM2.5 - Principal,2023-11-01 09:00 AM,2023,11,01,09,44.3,123,Unhealthy for Sensitive Groups,42.0,UG/M3,1 Hr,Valid
Tashkent,PM2.5 - Principal,2023-11-01 10:00 AM,2023,11,01,10,33.1,95,Moderate,22.0,UG/M3,1 Hr,Valid
Tashkent,PM2.5 - Principal,2023-11-01 11:00 AM,2023,11,01,11,17.0,61,Moderate,1.0,UG/M3,1 Hr,Valid
Tashkent,PM2.5 - Principal,2023-11-01 12:00 PM,2023,11,01,12,9.0,38,Good,1.0,UG/M3,1 Hr,Valid
Tashkent,PM2.5 - Principal,2023-11-01 01:00 PM,2023,11,01,13,4.0,17,Good,-1.0,UG/M3,1 Hr,Valid
Tashkent,PM2.5 - Principal,2023-11-01 02:00 PM,2023,11,01,14,0.4,2,Good,-3.0,UG/M3,1 Hr,Valid
Tashkent,PM2.5 - Principal,2023-11-01 03:00 PM,2023,11,01,15,3.2,13,Good,6.0,UG/M3,1 Hr,Valid
Tashkent,PM2.5 - Principal,2023-11-01 04:00 PM,2023,11,01,16,5.1,21,Good,7.0,UG/M3,1 Hr,Valid
Tashkent,PM2.5 - Principal,2023-11-01 05:00 PM,2023,11,01,17,5.5,23,Good,6.0,UG/M3,1 Hr,Valid
Tashkent,PM2.5 - Principal,2023-11-01 06:00 PM,2023,11,01,18,9.7,40,Good,14.0,UG/M3,1 Hr,Valid
Tashkent,PM2.5 - Principal,2023-11-01 07:00 PM,2023,11,01,19,13.3,54,Moderate,17.0,UG/M3,1 Hr,Valid
Tashkent,PM2.5 - Principal,2023-11-01 08:00 PM,2023,11,01,20,17.1,62,Moderate,21.0,UG/M3,1 Hr,Valid
Tashkent,PM2.5 - Principal,2023-11-01 09:00 PM,2023,11,01,21,16.5,60,Moderate,16.0,UG/M3,1 Hr,Valid
Tashkent,PM2.5 - Principal,2023-11-01 10:00 PM,2023,11,01,22,19.2,66,Moderate,22.0,UG/M3,1 Hr,Valid
Tashkent,PM2.5 - Principal,2023-11-01 11:00 PM,2023,11,01,23,18.6,65,Moderate,18.0,UG/M3,1 Hr,Valid
Tashkent,PM2.5 - Principal,2023-11-02 12:00 AM,2023,11,02,00,24.8,78,Moderate,31.0,UG/M3,1 Hr,Valid
Tashkent,PM2.5 - Principal,2023-11-02 01:00 AM,2023,11,02,01,30.9,91,Moderate,37.0,UG/M3,1 Hr,Valid
Tashkent,PM2.5 - Principal,2023-11-02 02:00 AM,2023,11,02,02,37.4,106,Unhealthy for Sensitive Groups,44.0,UG/M3,1 Hr,Valid
Tashkent,PM2.5 - Principal,2023-11-02 03:00 AM,2023,11,02,03,38.7,109,Unhealthy for Sensitive Groups,40.0,UG/M3,1 Hr,Valid
Tashkent,PM2.5 - Principal,2023-11-02 04:00 AM,2023,11,02,04,47.3,130,Unhealthy for Sensitive Groups,56.0,UG/M3,1 Hr,Valid
Tashkent,PM2.5 - Principal,2023-11-02 05:00 AM,2023,11,02,05,45.6,126,Unhealthy for Sensitive Groups,44.0,UG/M3,1 Hr,Valid
Tashkent,PM2.5 - Principal,2023-11-02 06:00 AM,2023,11,02,06,42.8,119,Unhealthy for Sensitive Groups,40.0,UG/M3,1 Hr,Valid
Tashkent,PM2.5 - Principal,2023-11-02 07:00 AM,2023,11,02,07,43.9,122,Unhealthy for Sensitive Groups,45.0,UG/M3,1 Hr,Valid
Tashkent,PM2.5 - Principal,2023-11-02 08:00 AM,2023,11,02,08,46.9,129,Unhealthy for Sensitive Groups,50.0,UG/M3,1 Hr,Valid
Tashkent,PM2.5 - Principal,2023-11-02 09:00 AM,2023,11,02,09,55.4,150,Unhealthy for Sensitive Groups,64.0,UG/M3,1 Hr,Valid
Tashkent,PM2.5 - Principal,2023-11-02 10:00 AM,2023,11,02,10,46.2,127,Unhealthy for Sensitive Groups,37.0,UG/M3,1 Hr,Valid
Tashkent,PM2.5 - Principal,2023-11-02 11:00 AM,2023,11,02,11,30.6,90,Moderate,15.0,UG/M3,1 Hr,Valid
Tashkent,PM2.5 - Principal,2023-11-02 12:00 PM,2023,11,02,12,22.8,74,Moderate,15.0,UG/M3,1 Hr,Valid
Tashkent,PM2.5 - Principal,2023-11-02 01:00 PM,2023,11,02,13,17.4,62,Moderate,12.0,UG/M3,1 Hr,Valid
Tashkent,PM2.5 - Principal,2023-11-02 02:00 PM,2023,11,02,14,12.6,52,Moderate,8.0,UG/M3,1 Hr,Valid
Tashkent,PM2.5 - Principal,2023-11-02 03:00 PM,2023,11,02,15,9.3,39,Good,6.0,UG/M3,1 Hr,Valid
Tashkent,PM2.5 - Principal,2023-11-02 04:00 PM,2023,11,02,16,7.1,30,Good,5.0,UG/M3,1 Hr,Valid
Tashkent,PM2.5 - Principal,2023-11-02 05:00 PM,2023,11,02,17,7.0,29,Good,7.0,UG/M3,1 Hr,Valid
Tashkent,PM2.5 - Principal,2023-11-02 06:00 PM,2023,11,02,18,17.5,62,Moderate,28.0,UG/M3,1 Hr,Valid
Tashkent,PM2.5 - Principal,2023-11-02 07:00 PM,2023,11,02,19,22.2,72,Moderate,27.0,UG/M3,1 Hr,Valid
Tashkent,PM2.5 - Principal,2023-11-02 08:00 PM,2023,11,02,20,23.1,74,Moderate,24.0,UG/M3,1 Hr,Valid
Tashkent,PM2.5 - Principal,2023-11-02 09:00 PM,2023,11,02,21,27.0,82,Moderate,31.0,UG/M3,1 Hr,Valid
Tashkent,PM2.5 - Principal,2023-11-02 10:00 PM,2023,11,02,22,33.5,96,Moderate,40.0,UG/M3,1 Hr,Valid
Tashkent,PM2.5 - Principal,2023-11-02 11:00 PM,2023,11,02,23,38.7,109,Unhealthy for Sensitive Groups,44.0,UG/M3,1 Hr,Valid
Tashkent,PM2.5 - Principal,2023-11-03 12:00 AM,2023,11,03,00,42.8,119,Unhealthy for Sensitive Groups,47.0,UG/M3,1 Hr,Valid
Tashkent,PM2.5 - Principal,2023-11-03 01:00 AM,2023,11,03,01,49.9,136,Unhealthy for Sensitive Groups,57.0,UG/M3,1 Hr,Valid
Tashkent,PM2.5 - Principal,2023-11-03 02:00 AM,2023,11,03,02,57.9,152,Unhealthy,66.0,UG/M3,1 Hr,Valid
Tashkent,PM2.5 - Principal,2023-11-03 03:00 AM,2023,11,03,03,58.9,153,Unhealthy,60.0,UG/M3,1 Hr,Valid
Tashkent,PM2.5 - Principal,2023-11-03 04:00 AM,2023,11,03,04,48.0,132,Unhealthy for Sensitive Groups,37.0,UG/M3,1 Hr,Valid
Tashkent,PM2.5 - Principal,2023-11-03 05:00 AM,2023,11,03,05,42.0,117,Unhealthy for Sensitive Groups,36.0,UG/M3,1 Hr,Valid
Tashkent,PM2.5 - Principal,2023-11-03 06:00 AM,2023,11,03,06,43.0,119,Unhealthy for Sensitive Groups,44.0,UG/M3,1 Hr,Valid
Tashkent,PM2.5 - Principal,2023-11-03 07:00 AM,2023,11,03,07,46.0,127,Unhealthy for Sensitive Groups,49.0,UG/M3,1 Hr,Valid
Tashkent,PM2.5 - Principal,2023-11-03 08:00 AM,2023,11,03,08,53.0,144,Unhealthy for Sensitive Groups,60.0,UG/M3,1 Hr,Valid
Tashkent,PM2.5 - Principal,2023-11-03 09:00 AM,2023,11,03,09,54.9,149,Unhealthy for Sensitive Groups,58.0,UG/M3,1 Hr,Valid
Tashkent,PM2.5 - Principal,2023-11-03 10:00 AM,2023,11,03,10,44.9,124,Unhealthy for Sensitive Groups,34.0,UG/M3,1 Hr,Valid
Tashkent,PM2.5 - Principal,2023-11-03 11:00 AM,2023,11,03,11,35.8,102,Unhealthy for Sensitive Groups,27.0,UG/M3,1 Hr,Valid
Tashkent,PM2.5 - Principal,2023-11-03 12:00 PM,2023,11,03,12,35.4,100,Moderate,35.0,UG/M3,1 Hr,Valid
Tashkent,PM2.5 - Principal,2023-11-03 01:00 PM,2023,11,03,13,32.7,94,Moderate,30.0,UG/M3,1 Hr,Valid
Tashkent,PM2.5 - Principal,2023-11-03 02:00 PM,2023,11,03,14,31.3,91,Moderate,30.0,UG/M3,1 Hr,Valid
Tashkent,PM2.5 - Principal,2023-11-03 03:00 PM,2023,11,03,15,37.1,105,Unhealthy for Sensitive Groups,43.0,UG/M3,1 Hr,Valid
Tashkent,PM2.5 - Principal,2023-11-03 04:00 PM,2023,11,03,16,38.5,108,Unhealthy for Sensitive Groups,40.0,UG/M3,1 Hr,Valid
Tashkent,PM2.5 - Principal,2023-11-03 05:00 PM,2023,11,03,17,45.2,125,Unhealthy for Sensitive Groups,52.0,UG/M3,1 Hr,Valid
Tashkent,PM2.5 - Principal,2023-11-03 06:00 PM,2023,11,03,18,51.6,141,Unhealthy for Sensitive Groups,58.0,UG/M3,1 Hr,Valid
Tashkent,PM2.5 - Principal,2023-11-03 07:00 PM,2023,11,03,19,59.3,153,Unhealthy,67.0,UG/M3,1 Hr,Valid
Tashkent,PM2.5 - Principal,2023-11-03 08:00 PM,2023,11,03,20,64.1,155,Unhealthy,69.0,UG/M3,1 Hr,Valid
Tashkent,PM2.5 - Principal,2023-11-03 09:00 PM,2023,11,03,21,73.5,160,Unhealthy,83.0,UG/M3,1 Hr,Valid
Tashkent,PM2.5 - Principal,2023-11-03 10:00 PM,2023,11,03,22,91.3,169,Unhealthy,109.0,UG/M3,1 Hr,Valid
Tashkent,PM2.5 - Principal,2023-11-03 11:00 PM,2023,11,03,23,112.6,180,Unhealthy,134.0,UG/M3,1 Hr,Valid
Tashkent,PM2.5 - Principal,2023-11-04 12:00 AM,2023,11,04,00,114.8,182,Unhealthy,117.0,UG/M3,1 Hr,Valid
Tashkent,PM2.5 - Principal,2023-11-04 01:00 AM,2023,11,04,01,101.4,175,Unhealthy,88.0,UG/M3,1 Hr,Valid
Tashkent,PM2.5 - Principal,2023-11-04 02:00 AM,2023,11,04,02,90.2,169,Unhealthy,79.0,UG/M3,1 Hr,Valid
Tashkent,PM2.5 - Principal,2023-11-04 03:00 AM,2023,11,04,03,75.1,161,Unhealthy,60.0,UG/M3,1 Hr,Valid
Tashkent,PM2.5 - Principal,2023-11-04 04:00 AM,2023,11,04,04,69.5,158,Unhealthy,64.0,UG/M3,1 Hr,Valid
Tashkent,PM2.5 - Principal,2023-11-04 05:00 AM,2023,11,04,05,76.7,162,Unhealthy,84.0,UG/M3,1 Hr,Valid
Tashkent,PM2.5 - Principal,2023-11-04 06:00 AM,2023,11,04,06,78.3,163,Unhealthy,80.0,UG/M3,1 Hr,Valid
Tashkent,PM2.5 - Principal,2023-11-04 07:00 AM,2023,11,04,07,79.1,163,Unhealthy,80.0,UG/M3,1 Hr,Valid
Tashkent,PM2.5 - Principal,2023-11-04 08:00 AM,2023,11,04,08,79.2,163,Unhealthy,-999.0,UG/M3,1 Hr,Missing
Tashkent,PM2.5 - Principal,2023-11-04 10:00 AM,2023,11,04,10,-999.0,-999,N/A,77.0,UG/M3,1 Hr,Valid
Tashkent,PM2.5 - Principal,2023-11-04 11:00 AM,2023,11,04,11,64.2,155,Unhealthy,56.0,UG/M3,1 Hr,Valid
Tashkent,PM2.5 - Principal,2023-11-04 12:00 PM,2023,11,04,12,63.5,155,Unhealthy,59.0,UG/M3,1 Hr,Valid
Tashkent,PM2.5 - Principal,2023-11-04 01:00 PM,2023,11,04,13,55.7,151,Unhealthy,48.0,UG/M3,1 Hr,Valid
Tashkent,PM2.5 - Principal,2023-11-04 02:00 PM,2023,11,04,14,37.7,106,Unhealthy for Sensitive Groups,22.0,UG/M3,1 Hr,Valid
Tashkent,PM2.5 - Principal,2023-11-04 03:00 PM,2023,11,04,15,30.8,90,Moderate,24.0,UG/M3,1 Hr,Valid
Tashkent,PM2.5 - Principal,2023-11-04 04:00 PM,2023,11,04,16,22.8,74,Moderate,15.0,UG/M3,1 Hr,Valid
Tashkent,PM2.5 - Principal,2023-11-04 05:00 PM,2023,11,04,17,18.9,65,Moderate,15.0,UG/M3,1 Hr,Valid
Tashkent,PM2.5 - Principal,2023-11-04 06:00 PM,2023,11,04,18,18.8,65,Moderate,-999.0,UG/M3,1 Hr,Missing
Tashkent,PM2.5 - Principal,2023-11-04 07:00 PM,2023,11,04,19,36.3,103,Unhealthy for Sensitive Groups,45.0,UG/M3,1 Hr,Valid
Tashkent,PM2.5 - Principal,2023-11-04 08:00 PM,2023,11,04,20,41.2,115,Unhealthy for Sensitive Groups,45.0,UG/M3,1 Hr,Valid
Tashkent,PM2.5 - Principal,2023-11-04 09:00 PM,2023,11,04,21,41.2,115,Unhealthy for Sensitive Groups,-999.0,UG/M3,1 Hr,Missing
Tashkent,PM2.5 - Principal,2023-11-04 10:00 PM,2023,11,04,22,89.0,168,Unhealthy,110.0,UG/M3,1 Hr,Valid
Tashkent,PM2.5 - Principal,2023-11-04 11:00 PM,2023,11,04,23,98.9,173,Unhealthy,106.0,UG/M3,1 Hr,Valid
Tashkent,PM2.5 - Principal,2023-11-05 12:00 AM,2023,11,05,00,88.7,168,Unhealthy,80.0,UG/M3,1 Hr,Valid
Tashkent,PM2.5 - Principal,2023-11-05 01:00 AM,2023,11,05,01,85.2,166,Unhealthy,82.0,UG/M3,1 Hr,Valid
Tashkent,PM2.5 - Principal,2023-11-05 02:00 AM,2023,11,05,02,73.4,160,Unhealthy,62.0,UG/M3,1 Hr,Valid
Tashkent,PM2.5 - Principal,2023-11-05 03:00 AM,2023,11,05,03,61.6,154,Unhealthy,50.0,UG/M3,1 Hr,Valid
Tashkent,PM2.5 - Principal,2023-11-05 04:00 AM,2023,11,05,04,51.2,140,Unhealthy for Sensitive Groups,41.0,UG/M3,1 Hr,Valid
Tashkent,PM2.5 - Principal,2023-11-05 05:00 AM,2023,11,05,05,43.1,120,Unhealthy for Sensitive Groups,35.0,UG/M3,1 Hr,Valid
Tashkent,PM2.5 - Principal,2023-11-05 06:00 AM,2023,11,05,06,44.0,122,Unhealthy for Sensitive Groups,45.0,UG/M3,1 Hr,Valid
Tashkent,PM2.5 - Principal,2023-11-05 07:00 AM,2023,11,05,07,46.0,127,Unhealthy for Sensitive Groups,48.0,UG/M3,1 Hr,Valid
Tashkent,PM2.5 - Principal,2023-11-05 08:00 AM,2023,11,05,08,49.5,135,Unhealthy for Sensitive Groups,53.0,UG/M3,1 Hr,Valid
Tashkent,PM2.5 - Principal,2023-11-05 09:00 AM,2023,11,05,09,33.2,95,Moderate,17.0,UG/M3,1 Hr,Valid
Tashkent,PM2.5 - Principal,2023-11-05 10:00 AM,2023,11,05,10,23.1,74,Moderate,13.0,UG/M3,1 Hr,Valid
Tashkent,PM2.5 - Principal,2023-11-05 11:00 AM,2023,11,05,11,22.5,73,Moderate,22.0,UG/M3,1 Hr,Valid
Tashkent,PM2.5 - Principal,2023-11-05 12:00 PM,2023,11,05,12,20.2,68,Moderate,18.0,UG/M3,1 Hr,Valid
Tashkent,PM2.5 - Principal,2023-11-05 01:00 PM,2023,11,05,13,21.6,71,Moderate,23.0,UG/M3,1 Hr,Valid
Tashkent,PM2.5 - Principal,2023-11-05 02:00 PM,2023,11,05,14,16.8,61,Moderate,12.0,UG/M3,1 Hr,Valid
Tashkent,PM2.5 - Principal,2023-11-05 03:00 PM,2023,11,05,15,13.3,54,Moderate,10.0,UG/M3,1 Hr,Valid
Tashkent,PM2.5 - Principal,2023-11-05 04:00 PM,2023,11,05,16,16.6,60,Moderate,20.0,UG/M3,1 Hr,Valid
Tashkent,PM2.5 - Principal,2023-11-05 05:00 PM,2023,11,05,17,15.8,59,Moderate,15.0,UG/M3,1 Hr,Valid
Tashkent,PM2.5 - Principal,2023-11-05 06:00 PM,2023,11,05,18,25.9,80,Moderate,36.0,UG/M3,1 Hr,Valid
Tashkent,PM2.5 - Principal,2023-11-05 07:00 PM,2023,11,05,19,31.9,93,Moderate,38.0,UG/M3,1 Hr,Valid
Tashkent,PM2.5 - Principal,2023-11-05 08:00 PM,2023,11,05,20,36.4,103,Unhealthy for Sensitive Groups,41.0,UG/M3,1 Hr,Valid
Tashkent,PM2.5 - Principal,2023-11-05 09:00 PM,2023,11,05,21,45.7,126,Unhealthy for Sensitive Groups,55.0,UG/M3,1 Hr,Valid
Tashkent,PM2.5 - Principal,2023-11-05 10:00 PM,2023,11,05,22,67.8,157,Unhealthy,90.0,UG/M3,1 Hr,Valid
Tashkent,PM2.5 - Principal,2023-11-05 11:00 PM,2023,11,05,23,77.4,162,Unhealthy,87.0,UG/M3,1 Hr,Valid
Tashkent,PM2.5 - Principal,2023-11-06 12:00 AM,2023,11,06,00,83.2,165,Unhealthy,89.0,UG/M3,1 Hr,Valid
Tashkent,PM2.5 - Principal,2023-11-06 01:00 AM,2023,11,06,01,82.6,165,Unhealthy,82.0,UG/M3,1 Hr,Valid
Tashkent,PM2.5 - Principal,2023-11-06 02:00 AM,2023,11,06,02,73.8,160,Unhealthy,65.0,UG/M3,1 Hr,Valid
Tashkent,PM2.5 - Principal,2023-11-06 03:00 AM,2023,11,06,03,63.4,155,Unhealthy,53.0,UG/M3,1 Hr,Valid
Tashkent,PM2.5 - Principal,2023-11-06 04:00 AM,2023,11,06,04,52.2,142,Unhealthy for Sensitive Groups,41.0,UG/M3,1 Hr,Valid
Tashkent,PM2.5 - Principal,2023-11-06 05:00 AM,2023,11,06,05,42.6,118,Unhealthy for Sensitive Groups,33.0,UG/M3,1 Hr,Valid
Tashkent,PM2.5 - Principal,2023-11-06 06:00 AM,2023,11,06,06,40.8,114,Unhealthy for Sensitive Groups,39.0,UG/M3,1 Hr,Valid
Tashkent,PM2.5 - Principal,2023-11-06 07:00 AM,2023,11,06,07,42.4,118,Unhealthy for Sensitive Groups,44.0,UG/M3,1 Hr,Valid
Tashkent,PM2.5 - Principal,2023-11-06 08:00 AM,2023,11,06,08,46.2,127,Unhealthy for Sensitive Groups,50.0,UG/M3,1 Hr,Valid
Tashkent,PM2.5 - Principal,2023-11-06 09:00 AM,2023,11,06,09,58.6,153,Unhealthy,71.0,UG/M3,1 Hr,Valid
Tashkent,PM2.5 - Principal,2023-11-06 10:00 AM,2023,11,06,10,63.2,155,Unhealthy,68.0,UG/M3,1 Hr,Valid
Tashkent,PM2.5 - Principal,2023-11-06 11:00 AM,2023,11,06,11,43.6,121,Unhealthy for Sensitive Groups,24.0,UG/M3,1 Hr,Valid
Tashkent,PM2.5 - Principal,2023-11-06 12:00 PM,2023,11,06,12,31.3,91,Moderate,19.0,UG/M3,1 Hr,Valid
Tashkent,PM2.5 - Principal,2023-11-06 01:00 PM,2023,11,06,13,28.6,86,Moderate,26.0,UG/M3,1 Hr,Valid
Tashkent,PM2.5 - Principal,2023-11-06 02:00 PM,2023,11,06,14,40.8,114,Unhealthy for Sensitive Groups,53.0,UG/M3,1 Hr,Valid
Tashkent,PM2.5 - Principal,2023-11-06 03:00 PM,2023,11,06,15,49.4,135,Unhealthy for Sensitive Groups,58.0,UG/M3,1 Hr,Valid
Tashkent,PM2.5 - Principal,2023-11-06 04:00 PM,2023,11,06,16,58.7,153,Unhealthy,68.0,UG/M3,1 Hr,Valid
Tashkent,PM2.5 - Principal,2023-11-06 05:00 PM,2023,11,06,17,63.8,155,Unhealthy,69.0,UG/M3,1 Hr,Valid
Tashkent,PM2.5 - Principal,2023-11-06 06:00 PM,2023,11,06,18,68.9,158,Unhealthy,74.0,UG/M3,1 Hr,Valid
Tashkent,PM2.5 - Principal,2023-11-06 07:00 PM,2023,11,06,19,68.9,158,Unhealthy,69.0,UG/M3,1 Hr,Valid
Tashkent,PM2.5 - Principal,2023-11-06 08:00 PM,2023,11,06,20,75.9,162,Unhealthy,83.0,UG/M3,1 Hr,Valid
Tashkent,PM2.5 - Principal,2023-11-06 09:00 PM,2023,11,06,21,79.9,164,Unhealthy,84.0,UG/M3,1 Hr,Valid
Tashkent,PM2.5 - Principal,2023-11-06 10:00 PM,2023,11,06,22,68.9,158,Unhealthy,58.0,UG/M3,1 Hr,Valid
Tashkent,PM2.5 - Principal,2023-11-06 11:00 PM,2023,11,06,23,69.5,158,Unhealthy,70.0,UG/M3,1 Hr,Valid
Tashkent,PM2.5 - Principal,2023-11-07 12:00 AM,2023,11,07,00,78.2,163,Unhealthy,87.0,UG/M3,1 Hr,Valid
Tashkent,PM2.5 - Principal,2023-11-07 01:00 AM,2023,11,07,01,87.6,168,Unhealthy,99.0,UG/M3,1 Hr,Valid
Tashkent,PM2.5 - Principal,2023-11-07 02:00 AM,2023,11,07,02,88.2,168,Unhealthy,91.0,UG/M3,1 Hr,Valid
Tashkent,PM2.5 - Principal,2023-11-07 03:00 AM,2023,11,07,03,88.5,168,Unhealthy,89.0,UG/M3,1 Hr,Valid
Tashkent,PM2.5 - Principal,2023-11-07 04:00 AM,2023,11,07,04,87.5,168,Unhealthy,86.0,UG/M3,1 Hr,Valid
Tashkent,PM2.5 - Principal,2023-11-07 05:00 AM,2023,11,07,05,81.5,164,Unhealthy,73.0,UG/M3,1 Hr,Valid
Tashkent,PM2.5 - Principal,2023-11-07 06:00 AM,2023,11,07,06,75.9,162,Unhealthy,68.0,UG/M3,1 Hr,Valid
Tashkent,PM2.5 - Principal,2023-11-07 07:00 AM,2023,11,07,07,60.5,154,Unhealthy,47.0,UG/M3,1 Hr,Valid
Tashkent,PM2.5 - Principal,2023-11-07 08:00 AM,2023,11,07,08,55.7,151,Unhealthy,51.0,UG/M3,1 Hr,Valid
Tashkent,PM2.5 - Principal,2023-11-07 09:00 AM,2023,11,07,09,50.3,137,Unhealthy for Sensitive Groups,45.0,UG/M3,1 Hr,Valid
Tashkent,PM2.5 - Principal,2023-11-07 10:00 AM,2023,11,07,10,48.6,133,Unhealthy for Sensitive Groups,47.0,UG/M3,1 Hr,Valid
Tashkent,PM2.5 - Principal,2023-11-07 11:00 AM,2023,11,07,11,44.3,123,Unhealthy for Sensitive Groups,40.0,UG/M3,1 Hr,Valid
Tashkent,PM2.5 - Principal,2023-11-07 12:00 PM,2023,11,07,12,51.6,141,Unhealthy for Sensitive Groups,59.0,UG/M3,1 Hr,Valid
Tashkent,PM2.5 - Principal,2023-11-07 01:00 PM,2023,11,07,13,68.3,158,Unhealthy,85.0,UG/M3,1 Hr,Valid
Tashkent,PM2.5 - Principal,2023-11-07 02:00 PM,2023,11,07,14,76.1,162,Unhealthy,84.0,UG/M3,1 Hr,Valid
Tashkent,PM2.5 - Principal,2023-11-07 03:00 PM,2023,11,07,15,75.5,161,Unhealthy,75.0,UG/M3,1 Hr,Valid
Tashkent,PM2.5 - Principal,2023-11-07 04:00 PM,2023,11,07,16,71.7,159,Unhealthy,68.0,UG/M3,1 Hr,Valid
Tashkent,PM2.5 - Principal,2023-11-07 05:00 PM,2023,11,07,17,76.8,162,Unhealthy,82.0,UG/M3,1 Hr,Valid
Tashkent,PM2.5 - Principal,2023-11-07 06:00 PM,2023,11,07,18,79.4,163,Unhealthy,82.0,UG/M3,1 Hr,Valid
Tashkent,PM2.5 - Principal,2023-11-07 07:00 PM,2023,11,07,19,87.7,168,Unhealthy,96.0,UG/M3,1 Hr,Valid
Tashkent,PM2.5 - Principal,2023-11-07 08:00 PM,2023,11,07,20,98.8,173,Unhealthy,110.0,UG/M3,1 Hr,Valid
Tashkent,PM2.5 - Principal,2023-11-07 09:00 PM,2023,11,07,21,107.9,178,Unhealthy,117.0,UG/M3,1 Hr,Valid
Tashkent,PM2.5 - Principal,2023-11-07 10:00 PM,2023,11,07,22,111.9,180,Unhealthy,116.0,UG/M3,1 Hr,Valid
Tashkent,PM2.5 - Principal,2023-11-07 11:00 PM,2023,11,07,23,111.4,180,Unhealthy,111.0,UG/M3,1 Hr,Valid
Tashkent,PM2.5 - Principal,2023-11-08 12:00 AM,2023,11,08,00,110.1,179,Unhealthy,110.0,UG/M3,1 Hr,Valid
Tashkent,PM2.5 - Principal,2023-11-08 01:00 AM,2023,11,08,01,102.1,175,Unhealthy,91.0,UG/M3,1 Hr,Valid
Tashkent,PM2.5 - Principal,2023-11-08 02:00 AM,2023,11,08,02,88.6,168,Unhealthy,70.0,UG/M3,1 Hr,Valid
Tashkent,PM2.5 - Principal,2023-11-08 03:00 AM,2023,11,08,03,66.7,157,Unhealthy,48.0,UG/M3,1 Hr,Valid
Tashkent,PM2.5 - Principal,2023-11-08 04:00 AM,2023,11,08,04,50.3,137,Unhealthy for Sensitive Groups,34.0,UG/M3,1 Hr,Valid
Tashkent,PM2.5 - Principal,2023-11-08 05:00 AM,2023,11,08,05,35.1,99,Moderate,20.0,UG/M3,1 Hr,Valid
Tashkent,PM2.5 - Principal,2023-11-08 06:00 AM,2023,11,08,06,26.5,81,Moderate,18.0,UG/M3,1 Hr,Valid
Tashkent,PM2.5 - Principal,2023-11-08 07:00 AM,2023,11,08,07,23.2,74,Moderate,20.0,UG/M3,1 Hr,Valid
Tashkent,PM2.5 - Principal,2023-11-08 08:00 AM,2023,11,08,08,19.6,67,Moderate,16.0,UG/M3,1 Hr,Valid
Tashkent,PM2.5 - Principal,2023-11-08 09:00 AM,2023,11,08,09,25.3,79,Moderate,31.0,UG/M3,1 Hr,Valid
Tashkent,PM2.5 - Principal,2023-11-08 10:00 AM,2023,11,08,10,30.6,90,Moderate,36.0,UG/M3,1 Hr,Valid
Tashkent,PM2.5 - Principal,2023-11-08 11:00 AM,2023,11,08,11,45.8,126,Unhealthy for Sensitive Groups,61.0,UG/M3,1 Hr,Valid
Tashkent,PM2.5 - Principal,2023-11-08 12:00 PM,2023,11,08,12,48.9,134,Unhealthy for Sensitive Groups,52.0,UG/M3,1 Hr,Valid
Tashkent,PM2.5 - Principal,2023-11-08 01:00 PM,2023,11,08,13,45.4,125,Unhealthy for Sensitive Groups,42.0,UG/M3,1 Hr,Valid
Tashkent,PM2.5 - Principal,2023-11-08 02:00 PM,2023,11,08,14,44.2,122,Unhealthy for Sensitive Groups,43.0,UG/M3,1 Hr,Valid
Tashkent,PM2.5 - Principal,2023-11-08 03:00 PM,2023,11,08,15,38.6,109,Unhealthy for Sensitive Groups,33.0,UG/M3,1 Hr,Valid
Tashkent,PM2.5 - Principal,2023-11-08 04:00 PM,2023,11,08,16,35.8,102,Unhealthy for Sensitive Groups,33.0,UG/M3,1 Hr,Valid
Tashkent,PM2.5 - Principal,2023-11-08 05:00 PM,2023,11,08,17,34.9,99,Moderate,34.0,UG/M3,1 Hr,Valid
Tashkent,PM2.5 - Principal,2023-11-08 06:00 PM,2023,11,08,18,41.9,117,Unhealthy for Sensitive Groups,49.0,UG/M3,1 Hr,Valid
Tashkent,PM2.5 - Principal,2023-11-08 07:00 PM,2023,11,08,19,56.9,152,Unhealthy,72.0,UG/M3,1 Hr,Valid
Tashkent,PM2.5 - Principal,2023-11-08 08:00 PM,2023,11,08,20,51.9,141,Unhealthy for Sensitive Groups,47.0,UG/M3,1 Hr,Valid
Tashkent,PM2.5 - Principal,2023-11-08 09:00 PM,2023,11,08,21,45.4,125,Unhealthy for Sensitive Groups,39.0,UG/M3,1 Hr,Valid
Tashkent,PM2.5 - Principal,2023-11-08 10:00 PM,2023,11,08,22,53.2,145,Unhealthy for Sensitive Groups,61.0,UG/M3,1 Hr,Valid
Tashkent,PM2.5 - Principal,2023-11-08 11:00 PM,2023,11,08,23,57.1,152,Unhealthy,61.0,UG/M3,1 Hr,Valid
Tashkent,PM2.5 - Principal,2023-11-09 12:00 AM,2023,11,09,00,60.0,153,Unhealthy,63.0,UG/M3,1 Hr,Valid
Tashkent,PM2.5 - Principal,2023-11-09 01:00 AM,2023,11,09,01,43.0,119,Unhealthy for Sensitive Groups,26.0,UG/M3,1 Hr,Valid
Tashkent,PM2.5 - Principal,2023-11-09 02:00 AM,2023,11,09,02,30.5,90,Moderate,18.0,UG/M3,1 Hr,Valid
Tashkent,PM2.5 - Principal,2023-11-09 03:00 AM,2023,11,09,03,21.2,70,Moderate,12.0,UG/M3,1 Hr,Valid
Tashkent,PM2.5 - Principal,2023-11-09 04:00 AM,2023,11,09,04,16.6,60,Moderate,12.0,UG/M3,1 Hr,Valid
Tashkent,PM2.5 - Principal,2023-11-09 05:00 AM,2023,11,09,05,16.8,61,Moderate,17.0,UG/M3,1 Hr,Valid
Tashkent,PM2.5 - Principal,2023-11-09 06:00 AM,2023,11,09,06,14.4,56,Moderate,12.0,UG/M3,1 Hr,Valid
Tashkent,PM2.5 - Principal,2023-11-09 07:00 AM,2023,11,09,07,11.1,46,Good,8.0,UG/M3,1 Hr,Valid
Tashkent,PM2.5 - Principal,2023-11-09 08:00 AM,2023,11,09,08,10.5,44,Good,10.0,UG/M3,1 Hr,Valid
Tashkent,PM2.5 - Principal,2023-11-09 09:00 AM,2023,11,09,09,9.2,38,Good,8.0,UG/M3,1 Hr,Valid
Tashkent,PM2.5 - Principal,2023-11-09 10:00 AM,2023,11,09,10,10.1,42,Good,11.0,UG/M3,1 Hr,Valid
Tashkent,PM2.5 - Principal,2023-11-09 11:00 AM,2023,11,09,11,8.0,33,Good,6.0,UG/M3,1 Hr,Valid
Tashkent,PM2.5 - Principal,2023-11-09 12:00 PM,2023,11,09,12,7.0,29,Good,6.0,UG/M3,1 Hr,Valid
Tashkent,PM2.5 - Principal,2023-11-09 01:00 PM,2023,11,09,13,6.5,27,Good,6.0,UG/M3,1 Hr,Valid
Tashkent,PM2.5 - Principal,2023-11-09 02:00 PM,2023,11,09,14,8.2,34,Good,10.0,UG/M3,1 Hr,Valid
Tashkent,PM2.5 - Principal,2023-11-09 03:00 PM,2023,11,09,15,10.1,42,Good,12.0,UG/M3,1 Hr,Valid
Tashkent,PM2.5 - Principal,2023-11-09 04:00 PM,2023,11,09,16,10.0,42,Good,10.0,UG/M3,1 Hr,Valid
Tashkent,PM2.5 - Principal,2023-11-09 05:00 PM,2023,11,09,17,8.5,35,Good,7.0,UG/M3,1 Hr,Valid
Tashkent,PM2.5 - Principal,2023-11-09 06:00 PM,2023,11,09,18,12.7,52,Moderate,17.0,UG/M3,1 Hr,Valid
Tashkent,PM2.5 - Principal,2023-11-09 07:00 PM,2023,11,09,19,14.8,57,Moderate,17.0,UG/M3,1 Hr,Valid
Tashkent,PM2.5 - Principal,2023-11-09 08:00 PM,2023,11,09,20,16.9,61,Moderate,19.0,UG/M3,1 Hr,Valid
Tashkent,PM2.5 - Principal,2023-11-09 09:00 PM,2023,11,09,21,19.9,67,Moderate,23.0,UG/M3,1 Hr,Valid
Tashkent,PM2.5 - Principal,2023-11-09 10:00 PM,2023,11,09,22,20.9,70,Moderate,22.0,UG/M3,1 Hr,Valid
Tashkent,PM2.5 - Principal,2023-11-09 11:00 PM,2023,11,09,23,23.9,76,Moderate,27.0,UG/M3,1 Hr,Valid
Tashkent,PM2.5 - Principal,2023-11-10 12:00 AM,2023,11,10,00,31.0,91,Moderate,38.0,UG/M3,1 Hr,Valid
Tashkent,PM2.5 - Principal,2023-11-10 01:00 AM,2023,11,10,01,50.5,138,Unhealthy for Sensitive Groups,70.0,UG/M3,1 Hr,Valid
Tashkent,PM2.5 - Principal,2023-11-10 02:00 AM,2023,11,10,02,60.2,153,Unhealthy,70.0,UG/M3,1 Hr,Valid
Tashkent,PM2.5 - Principal,2023-11-10 03:00 AM,2023,11,10,03,60.6,154,Unhealthy,61.0,UG/M3,1 Hr,Valid
Tashkent,PM2.5 - Principal,2023-11-10 04:00 AM,2023,11,10,04,55.8,151,Unhealthy,51.0,UG/M3,1 Hr,Valid
Tashkent,PM2.5 - Principal,2023-11-10 05:00 AM,2023,11,10,05,50.9,139,Unhealthy for Sensitive Groups,46.0,UG/M3,1 Hr,Valid
Tashkent,PM2.5 - Principal,2023-11-10 06:00 AM,2023,11,10,06,46.4,128,Unhealthy for Sensitive Groups,42.0,UG/M3,1 Hr,Valid
Tashkent,PM2.5 - Principal,2023-11-10 07:00 AM,2023,11,10,07,37.7,106,Unhealthy for Sensitive Groups,29.0,UG/M3,1 Hr,Valid
Tashkent,PM2.5 - Principal,2023-11-10 08:00 AM,2023,11,10,08,26.8,82,Moderate,16.0,UG/M3,1 Hr,Valid
Tashkent,PM2.5 - Principal,2023-11-10 09:00 AM,2023,11,10,09,31.4,92,Moderate,36.0,UG/M3,1 Hr,Valid
Tashkent,PM2.5 - Principal,2023-11-10 10:00 AM,2023,11,10,10,24.2,76,Moderate,17.0,UG/M3,1 Hr,Valid
Tashkent,PM2.5 - Principal,2023-11-10 11:00 AM,2023,11,10,11,18.1,64,Moderate,12.0,UG/M3,1 Hr,Valid
Tashkent,PM2.5 - Principal,2023-11-10 12:00 PM,2023,11,10,12,15.0,57,Moderate,12.0,UG/M3,1 Hr,Valid
Tashkent,PM2.5 - Principal,2023-11-10 01:00 PM,2023,11,10,13,13.0,53,Moderate,11.0,UG/M3,1 Hr,Valid
Tashkent,PM2.5 - Principal,2023-11-10 02:00 PM,2023,11,10,14,12.0,50,Good,11.0,UG/M3,1 Hr,Valid
Tashkent,PM2.5 - Principal,2023-11-10 03:00 PM,2023,11,10,15,11.9,50,Good,-999.0,UG/M3,1 Hr,Missing
Tashkent,PM2.5 - Principal,2023-11-10 04:00 PM,2023,11,10,16,6.6,28,Good,4.0,UG/M3,1 Hr,Valid
Tashkent,PM2.5 - Principal,2023-11-10 05:00 PM,2023,11,10,17,7.9,33,Good,9.0,UG/M3,1 Hr,Valid
Tashkent,PM2.5 - Principal,2023-11-10 06:00 PM,2023,11,10,18,13.3,54,Moderate,18.0,UG/M3,1 Hr,Valid
Tashkent,PM2.5 - Principal,2023-11-10 07:00 PM,2023,11,10,19,19.3,66,Moderate,25.0,UG/M3,1 Hr,Valid
Tashkent,PM2.5 - Principal,2023-11-10 08:00 PM,2023,11,10,20,29.3,87,Moderate,39.0,UG/M3,1 Hr,Valid
Tashkent,PM2.5 - Principal,2023-11-10 09:00 PM,2023,11,10,21,41.2,115,Unhealthy for Sensitive Groups,53.0,UG/M3,1 Hr,Valid
Tashkent,PM2.5 - Principal,2023-11-10 10:00 PM,2023,11,10,22,51.6,141,Unhealthy for Sensitive Groups,62.0,UG/M3,1 Hr,Valid
Tashkent,PM2.5 - Principal,2023-11-10 11:00 PM,2023,11,10,23,46.8,129,Unhealthy for Sensitive Groups,42.0,UG/M3,1 Hr,Valid
Tashkent,PM2.5 - Principal,2023-11-11 12:00 AM,2023,11,11,00,44.9,124,Unhealthy for Sensitive Groups,43.0,UG/M3,1 Hr,Valid
Tashkent,PM2.5 - Principal,2023-11-11 01:00 AM,2023,11,11,01,34.9,99,Moderate,25.0,UG/M3,1 Hr,Valid
Tashkent,PM2.5 - Principal,2023-11-11 02:00 AM,2023,11,11,02,27.9,84,Moderate,21.0,UG/M3,1 Hr,Valid
Tashkent,PM2.5 - Principal,2023-11-11 03:00 AM,2023,11,11,03,20.9,70,Moderate,14.0,UG/M3,1 Hr,Valid
Tashkent,PM2.5 - Principal,2023-11-11 04:00 AM,2023,11,11,04,14.4,56,Moderate,8.0,UG/M3,1 Hr,Valid
Tashkent,PM2.5 - Principal,2023-11-11 05:00 AM,2023,11,11,05,12.2,51,Moderate,10.0,UG/M3,1 Hr,Valid
Tashkent,PM2.5 - Principal,2023-11-11 06:00 AM,2023,11,11,06,10.6,44,Good,9.0,UG/M3,1 Hr,Valid
Tashkent,PM2.5 - Principal,2023-11-11 07:00 AM,2023,11,11,07,12.3,51,Moderate,14.0,UG/M3,1 Hr,Valid
Tashkent,PM2.5 - Principal,2023-11-11 08:00 AM,2023,11,11,08,18.6,65,Moderate,25.0,UG/M3,1 Hr,Valid
Tashkent,PM2.5 - Principal,2023-11-11 09:00 AM,2023,11,11,09,17.8,63,Moderate,17.0,UG/M3,1 Hr,Valid
Tashkent,PM2.5 - Principal,2023-11-11 10:00 AM,2023,11,11,10,13.4,54,Moderate,9.0,UG/M3,1 Hr,Valid
Tashkent,PM2.5 - Principal,2023-11-11 11:00 AM,2023,11,11,11,14.6,56,Moderate,16.0,UG/M3,1 Hr,Valid
Tashkent,PM2.5 - Principal,2023-11-11 12:00 PM,2023,11,11,12,20.8,69,Moderate,27.0,UG/M3,1 Hr,Valid
Tashkent,PM2.5 - Principal,2023-11-11 01:00 PM,2023,11,11,13,28.4,85,Moderate,36.0,UG/M3,1 Hr,Valid
Tashkent,PM2.5 - Principal,2023-11-11 02:00 PM,2023,11,11,14,36.2,103,Unhealthy for Sensitive Groups,44.0,UG/M3,1 Hr,Valid
Tashkent,PM2.5 - Principal,2023-11-11 03:00 PM,2023,11,11,15,45.1,125,Unhealthy for Sensitive Groups,54.0,UG/M3,1 Hr,Valid
Tashkent,PM2.5 - Principal,2023-11-11 04:00 PM,2023,11,11,16,45.5,126,Unhealthy for Sensitive Groups,46.0,UG/M3,1 Hr,Valid
Tashkent,PM2.5 - Principal,2023-11-11 05:00 PM,2023,11,11,17,51.7,141,Unhealthy for Sensitive Groups,58.0,UG/M3,1 Hr,Valid
Tashkent,PM2.5 - Principal,2023-11-11 06:00 PM,2023,11,11,18,61.4,154,Unhealthy,71.0,UG/M3,1 Hr,Valid
Tashkent,PM2.5 - Principal,2023-11-11 07:00 PM,2023,11,11,19,60.2,153,Unhealthy,59.0,UG/M3,1 Hr,Valid
Tashkent,PM2.5 - Principal,2023-11-11 08:00 PM,2023,11,11,20,62.1,154,Unhealthy,64.0,UG/M3,1 Hr,Valid
Tashkent,PM2.5 - Principal,2023-11-11 09:00 PM,2023,11,11,21,86.5,167,Unhealthy,111.0,UG/M3,1 Hr,Valid
Tashkent,PM2.5 - Principal,2023-11-11 10:00 PM,2023,11,11,22,114.2,181,Unhealthy,142.0,UG/M3,1 Hr,Valid
Tashkent,PM2.5 - Principal,2023-11-11 11:00 PM,2023,11,11,23,115.1,182,Unhealthy,116.0,UG/M3,1 Hr,Valid
Tashkent,PM2.5 - Principal,2023-11-12 12:00 AM,2023,11,12,00,84.0,166,Unhealthy,53.0,UG/M3,1 Hr,Valid
Tashkent,PM2.5 - Principal,2023-11-12 01:00 AM,2023,11,12,01,68.0,157,Unhealthy,52.0,UG/M3,1 Hr,Valid
Tashkent,PM2.5 - Principal,2023-11-12 02:00 AM,2023,11,12,02,48.5,133,Unhealthy for Sensitive Groups,29.0,UG/M3,1 Hr,Valid
Tashkent,PM2.5 - Principal,2023-11-12 03:00 AM,2023,11,12,03,32.2,93,Moderate,16.0,UG/M3,1 Hr,Valid
Tashkent,PM2.5 - Principal,2023-11-12 04:00 AM,2023,11,12,04,19.6,67,Moderate,7.0,UG/M3,1 Hr,Valid
Tashkent,PM2.5 - Principal,2023-11-12 05:00 AM,2023,11,12,05,11.8,49,Good,4.0,UG/M3,1 Hr,Valid
Tashkent,PM2.5 - Principal,2023-11-12 06:00 AM,2023,11,12,06,8.3,35,Good,5.0,UG/M3,1 Hr,Valid
Tashkent,PM2.5 - Principal,2023-11-12 07:00 AM,2023,11,12,07,9.6,40,Good,11.0,UG/M3,1 Hr,Valid
Tashkent,PM2.5 - Principal,2023-11-12 08:00 AM,2023,11,12,08,15.8,59,Moderate,22.0,UG/M3,1 Hr,Valid
Tashkent,PM2.5 - Principal,2023-11-12 09:00 AM,2023,11,12,09,22.9,74,Moderate,30.0,UG/M3,1 Hr,Valid
Tashkent,PM2.5 - Principal,2023-11-12 10:00 AM,2023,11,12,10,34.9,99,Moderate,47.0,UG/M3,1 Hr,Valid
Tashkent,PM2.5 - Principal,2023-11-12 11:00 AM,2023,11,12,11,33.4,96,Moderate,32.0,UG/M3,1 Hr,Valid
Tashkent,PM2.5 - Principal,2023-11-12 12:00 PM,2023,11,12,12,31.7,92,Moderate,30.0,UG/M3,1 Hr,Valid
Tashkent,PM2.5 - Principal,2023-11-12 01:00 PM,2023,11,12,13,33.3,96,Moderate,35.0,UG/M3,1 Hr,Valid
Tashkent,PM2.5 - Principal,2023-11-12 02:00 PM,2023,11,12,14,34.1,97,Moderate,35.0,UG/M3,1 Hr,Valid
Tashkent,PM2.5 - Principal,2023-11-12 03:00 PM,2023,11,12,15,31.5,92,Moderate,29.0,UG/M3,1 Hr,Valid
Tashkent,PM2.5 - Principal,2023-11-12 04:00 PM,2023,11,12,16,30.7,90,Moderate,30.0,UG/M3,1 Hr,Valid
Tashkent,PM2.5 - Principal,2023-11-12 05:00 PM,2023,11,12,17,30.4,89,Moderate,30.0,UG/M3,1 Hr,Valid
Tashkent,PM2.5 - Principal,2023-11-12 06:00 PM,2023,11,12,18,29.2,87,Moderate,28.0,UG/M3,1 Hr,Valid
Tashkent,PM2.5 - Principal,2023-11-12 07:00 PM,2023,11,12,19,35.1,99,Moderate,41.0,UG/M3,1 Hr,Valid
Tashkent,PM2.5 - Principal,2023-11-12 08:00 PM,2023,11,12,20,38.1,107,Unhealthy for Sensitive Groups,44.0,UG/M3,1 Hr,Valid
Tashkent,PM2.5 - Principal,2023-11-12 09:00 PM,2023,11,12,21,39.3,110,Unhealthy for Sensitive Groups,41.0,UG/M3,1 Hr,Valid
Tashkent,PM2.5 - Principal,2023-11-12 10:00 PM,2023,11,12,22,45.5,126,Unhealthy for Sensitive Groups,52.0,UG/M3,1 Hr,Valid
Tashkent,PM2.5 - Principal,2023-11-12 11:00 PM,2023,11,12,23,52.5,143,Unhealthy for Sensitive Groups,59.0,UG/M3,1 Hr,Valid
Tashkent,PM2.5 - Principal,2023-11-13 12:00 AM,2023,11,13,00,58.2,152,Unhealthy,64.0,UG/M3,1 Hr,Valid
Tashkent,PM2.5 - Principal,2023-11-13 01:00 AM,2023,11,13,01,66.1,156,Unhealthy,74.0,UG/M3,1 Hr,Valid
Tashkent,PM2.5 - Principal,2023-11-13 02:00 AM,2023,11,13,02,62.5,155,Unhealthy,59.0,UG/M3,1 Hr,Valid
Tashkent,PM2.5 - Principal,2023-11-13 03:00 AM,2023,11,13,03,55.7,151,Unhealthy,49.0,UG/M3,1 Hr,Valid
Tashkent,PM2.5 - Principal,2023-11-13 04:00 AM,2023,11,13,04,48.8,134,Unhealthy for Sensitive Groups,42.0,UG/M3,1 Hr,Valid
Tashkent,PM2.5 - Principal,2023-11-13 05:00 AM,2023,11,13,05,47.4,130,Unhealthy for Sensitive Groups,46.0,UG/M3,1 Hr,Valid
Tashkent,PM2.5 - Principal,2023-11-13 06:00 AM,2023,11,13,06,50.3,137,Unhealthy for Sensitive Groups,53.0,UG/M3,1 Hr,Valid
Tashkent,PM2.5 - Principal,2023-11-13 07:00 AM,2023,11,13,07,55.9,151,Unhealthy,63.0,UG/M3,1 Hr,Valid
Tashkent,PM2.5 - Principal,2023-11-13 08:00 AM,2023,11,13,08,60.9,154,Unhealthy,67.0,UG/M3,1 Hr,Valid
Tashkent,PM2.5 - Principal,2023-11-13 09:00 AM,2023,11,13,09,58.2,152,Unhealthy,55.0,UG/M3,1 Hr,Valid
Tashkent,PM2.5 - Principal,2023-11-13 10:00 AM,2023,11,13,10,46.7,129,Unhealthy for Sensitive Groups,35.0,UG/M3,1 Hr,Valid
Tashkent,PM2.5 - Principal,2023-11-13 11:00 AM,2023,11,13,11,32.3,93,Moderate,18.0,UG/M3,1 Hr,Valid
Tashkent,PM2.5 - Principal,2023-11-13 12:00 PM,2023,11,13,12,19.1,66,Moderate,6.0,UG/M3,1 Hr,Valid
Tashkent,PM2.5 - Principal,2023-11-13 01:00 PM,2023,11,13,13,15.0,57,Moderate,11.0,UG/M3,1 Hr,Valid
Tashkent,PM2.5 - Principal,2023-11-13 02:00 PM,2023,11,13,14,12.5,52,Moderate,10.0,UG/M3,1 Hr,Valid
Tashkent,PM2.5 - Principal,2023-11-13 03:00 PM,2023,11,13,15,14.7,56,Moderate,17.0,UG/M3,1 Hr,Valid
Tashkent,PM2.5 - Principal,2023-11-13 04:00 PM,2023,11,13,16,14.3,56,Moderate,14.0,UG/M3,1 Hr,Valid
Tashkent,PM2.5 - Principal,2023-11-13 05:00 PM,2023,11,13,17,15.1,57,Moderate,16.0,UG/M3,1 Hr,Valid
Tashkent,PM2.5 - Principal,2023-11-13 06:00 PM,2023,11,13,18,17.5,62,Moderate,20.0,UG/M3,1 Hr,Valid
Tashkent,PM2.5 - Principal,2023-11-13 07:00 PM,2023,11,13,19,22.7,73,Moderate,28.0,UG/M3,1 Hr,Valid
Tashkent,PM2.5 - Principal,2023-11-13 08:00 PM,2023,11,13,20,25.3,79,Moderate,28.0,UG/M3,1 Hr,Valid
Tashkent,PM2.5 - Principal,2023-11-13 09:00 PM,2023,11,13,21,31.6,92,Moderate,38.0,UG/M3,1 Hr,Valid
Tashkent,PM2.5 - Principal,2023-11-13 10:00 PM,2023,11,13,22,43.8,121,Unhealthy for Sensitive Groups,56.0,UG/M3,1 Hr,Valid
Tashkent,PM2.5 - Principal,2023-11-13 11:00 PM,2023,11,13,23,59.4,153,Unhealthy,75.0,UG/M3,1 Hr,Valid
Tashkent,PM2.5 - Principal,2023-11-14 12:00 AM,2023,11,14,00,74.7,161,Unhealthy,90.0,UG/M3,1 Hr,Valid
Tashkent,PM2.5 - Principal,2023-11-14 01:00 AM,2023,11,14,01,75.3,161,Unhealthy,76.0,UG/M3,1 Hr,Valid
Tashkent,PM2.5 - Principal,2023-11-14 02:00 AM,2023,11,14,02,67.6,157,Unhealthy,60.0,UG/M3,1 Hr,Valid
Tashkent,PM2.5 - Principal,2023-11-14 03:00 AM,2023,11,14,03,64.8,156,Unhealthy,62.0,UG/M3,1 Hr,Valid
Tashkent,PM2.5 - Principal,2023-11-14 04:00 AM,2023,11,14,04,54.4,148,Unhealthy for Sensitive Groups,44.0,UG/M3,1 Hr,Valid
Tashkent,PM2.5 - Principal,2023-11-14 05:00 AM,2023,11,14,05,50.2,137,Unhealthy for Sensitive Groups,46.0,UG/M3,1 Hr,Valid
Tashkent,PM2.5 - Principal,2023-11-14 06:00 AM,2023,11,14,06,43.1,120,Unhealthy for Sensitive Groups,36.0,UG/M3,1 Hr,Valid
Tashkent,PM2.5 - Principal,2023-11-14 07:00 AM,2023,11,14,07,41.0,115,Unhealthy for Sensitive Groups,39.0,UG/M3,1 Hr,Valid
Tashkent,PM2.5 - Principal,2023-11-14 08:00 AM,2023,11,14,08,44.0,122,Unhealthy for Sensitive Groups,47.0,UG/M3,1 Hr,Valid
Tashkent,PM2.5 - Principal,2023-11-14 09:00 AM,2023,11,14,09,45.0,124,Unhealthy for Sensitive Groups,46.0,UG/M3,1 Hr,Valid
Tashkent,PM2.5 - Principal,2023-11-14 10:00 AM,2023,11,14,10,35.5,101,Unhealthy for Sensitive Groups,26.0,UG/M3,1 Hr,Valid
Tashkent,PM2.5 - Principal,2023-11-14 11:00 AM,2023,11,14,11,24.7,77,Moderate,14.0,UG/M3,1 Hr,Valid
Tashkent,PM2.5 - Principal,2023-11-14 12:00 PM,2023,11,14,12,16.8,61,Moderate,9.0,UG/M3,1 Hr,Valid
Tashkent,PM2.5 - Principal,2023-11-14 01:00 PM,2023,11,14,13,10.9,45,Good,5.0,UG/M3,1 Hr,Valid
Tashkent,PM2.5 - Principal,2023-11-14 02:00 PM,2023,11,14,14,7.4,31,Good,4.0,UG/M3,1 Hr,Valid
Tashkent,PM2.5 - Principal,2023-11-14 03:00 PM,2023,11,14,15,5.7,24,Good,4.0,UG/M3,1 Hr,Valid
Tashkent,PM2.5 - Principal,2023-11-14 04:00 PM,2023,11,14,16,4.8,20,Good,4.0,UG/M3,1 Hr,Valid
Tashkent,PM2.5 - Principal,2023-11-14 05:00 PM,2023,11,14,17,6.9,29,Good,9.0,UG/M3,1 Hr,Valid
Tashkent,PM2.5 - Principal,2023-11-14 06:00 PM,2023,11,14,18,18.9,65,Moderate,31.0,UG/M3,1 Hr,Valid
Tashkent,PM2.5 - Principal,2023-11-14 07:00 PM,2023,11,14,19,30.9,91,Moderate,43.0,UG/M3,1 Hr,Valid
Tashkent,PM2.5 - Principal,2023-11-14 08:00 PM,2023,11,14,20,42.9,119,Unhealthy for Sensitive Groups,55.0,UG/M3,1 Hr,Valid
Tashkent,PM2.5 - Principal,2023-11-14 09:00 PM,2023,11,14,21,77.0,162,Unhealthy,111.0,UG/M3,1 Hr,Valid
Tashkent,PM2.5 - Principal,2023-11-14 10:00 PM,2023,11,14,22,104.0,176,Unhealthy,131.0,UG/M3,1 Hr,Valid
Tashkent,PM2.5 - Principal,2023-11-14 11:00 PM,2023,11,14,23,102.5,175,Unhealthy,101.0,UG/M3,1 Hr,Valid
Tashkent,PM2.5 - Principal,2023-11-15 12:00 AM,2023,11,15,00,88.2,168,Unhealthy,74.0,UG/M3,1 Hr,Valid
Tashkent,PM2.5 - Principal,2023-11-15 01:00 AM,2023,11,15,01,70.6,159,Unhealthy,53.0,UG/M3,1 Hr,Valid
Tashkent,PM2.5 - Principal,2023-11-15 02:00 AM,2023,11,15,02,50.3,137,Unhealthy for Sensitive Groups,30.0,UG/M3,1 Hr,Valid
Tashkent,PM2.5 - Principal,2023-11-15 03:00 AM,2023,11,15,03,43.6,121,Unhealthy for Sensitive Groups,37.0,UG/M3,1 Hr,Valid
Tashkent,PM2.5 - Principal,2023-11-15 04:00 AM,2023,11,15,04,34.3,98,Moderate,25.0,UG/M3,1 Hr,Valid
Tashkent,PM2.5 - Principal,2023-11-15 05:00 AM,2023,11,15,05,35.1,99,Moderate,36.0,UG/M3,1 Hr,Valid
Tashkent,PM2.5 - Principal,2023-11-15 06:00 AM,2023,11,15,06,39.0,110,Unhealthy for Sensitive Groups,43.0,UG/M3,1 Hr,Valid
Tashkent,PM2.5 - Principal,2023-11-15 07:00 AM,2023,11,15,07,42.5,118,Unhealthy for Sensitive Groups,46.0,UG/M3,1 Hr,Valid
Tashkent,PM2.5 - Principal,2023-11-15 08:00 AM,2023,11,15,08,49.2,135,Unhealthy for Sensitive Groups,56.0,UG/M3,1 Hr,Valid
Tashkent,PM2.5 - Principal,2023-11-15 09:00 AM,2023,11,15,09,52.1,142,Unhealthy for Sensitive Groups,55.0,UG/M3,1 Hr,Valid
Tashkent,PM2.5 - Principal,2023-11-15 10:00 AM,2023,11,15,10,53.5,145,Unhealthy for Sensitive Groups,55.0,UG/M3,1 Hr,Valid
Tashkent,PM2.5 - Principal,2023-11-15 11:00 AM,2023,11,15,11,53.5,145,Unhealthy for Sensitive Groups,-999.0,UG/M3,1 Hr,Missing
Tashkent,PM2.5 - Principal,2023-11-15 06:00 PM,2023,11,15,18,-999.0,-999,N/A,9.0,UG/M3,1 Hr,Valid
Tashkent,PM2.5 - Principal,2023-11-15 07:00 PM,2023,11,15,19,9.1,38,Good,9.0,UG/M3,1 Hr,Valid
Tashkent,PM2.5 - Principal,2023-11-15 08:00 PM,2023,11,15,20,9.0,38,Good,-999.0,UG/M3,1 Hr,Missing
Tashkent,PM2.5 - Principal,2023-11-28 09:00 PM,2023,11,28,21,-999.0,-999,N/A,144.0,UG/M3,1 Hr,Valid
Tashkent,PM2.5 - Principal,2023-11-28 10:00 PM,2023,11,28,22,154.0,204,Very Unhealthy,163.0,UG/M3,1 Hr,Valid
Tashkent,PM2.5 - Principal,2023-11-28 11:00 PM,2023,11,28,23,135.2,192,Unhealthy,112.0,UG/M3,1 Hr,Valid
Tashkent,PM2.5 - Principal,2023-11-29 12:00 AM,2023,11,29,00,120.5,185,Unhealthy,103.0,UG/M3,1 Hr,Valid
Tashkent,PM2.5 - Principal,2023-11-29 01:00 AM,2023,11,29,01,91.2,169,Unhealthy,68.0,UG/M3,1 Hr,Valid
Tashkent,PM2.5 - Principal,2023-11-29 02:00 AM,2023,11,29,02,78.4,163,Unhealthy,66.0,UG/M3,1 Hr,Valid
Tashkent,PM2.5 - Principal,2023-11-29 03:00 AM,2023,11,29,03,60.0,153,Unhealthy,42.0,UG/M3,1 Hr,Valid
Tashkent,PM2.5 - Principal,2023-11-29 04:00 AM,2023,11,29,04,39.9,112,Unhealthy for Sensitive Groups,20.0,UG/M3,1 Hr,Valid
Tashkent,PM2.5 - Principal,2023-11-29 05:00 AM,2023,11,29,05,41.4,116,Unhealthy for Sensitive Groups,43.0,UG/M3,1 Hr,Valid
Tashkent,PM2.5 - Principal,2023-11-29 06:00 AM,2023,11,29,06,44.2,122,Unhealthy for Sensitive Groups,47.0,UG/M3,1 Hr,Valid
Tashkent,PM2.5 - Principal,2023-11-29 07:00 AM,2023,11,29,07,51.1,139,Unhealthy for Sensitive Groups,58.0,UG/M3,1 Hr,Valid
Tashkent,PM2.5 - Principal,2023-11-29 08:00 AM,2023,11,29,08,70.0,158,Unhealthy,89.0,UG/M3,1 Hr,Valid
Tashkent,PM2.5 - Principal,2023-11-29 09:00 AM,2023,11,29,09,97.0,172,Unhealthy,124.0,UG/M3,1 Hr,Valid
Tashkent,PM2.5 - Principal,2023-11-29 10:00 AM,2023,11,29,10,93.5,171,Unhealthy,90.0,UG/M3,1 Hr,Valid
Tashkent,PM2.5 - Principal,2023-11-29 11:00 AM,2023,11,29,11,123.7,186,Unhealthy,154.0,UG/M3,1 Hr,Valid
Tashkent,PM2.5 - Principal,2023-11-29 12:00 PM,2023,11,29,12,129.8,189,Unhealthy,136.0,UG/M3,1 Hr,Valid
Tashkent,PM2.5 - Principal,2023-11-29 01:00 PM,2023,11,29,13,140.9,195,Unhealthy,152.0,UG/M3,1 Hr,Valid
Tashkent,PM2.5 - Principal,2023-11-29 02:00 PM,2023,11,29,14,163.4,214,Very Unhealthy,186.0,UG/M3,1 Hr,Valid
Tashkent,PM2.5 - Principal,2023-11-29 03:00 PM,2023,11,29,15,328.3,378,Hazardous,493.0,UG/M3,1 Hr,Valid
Tashkent,PM2.5 - Principal,2023-11-29 04:00 PM,2023,11,29,16,467.7,478,Hazardous,607.0,UG/M3,1 Hr,Valid
Tashkent,PM2.5 - Principal,2023-11-29 05:00 PM,2023,11,29,17,544.9,529,Hazardous,622.0,UG/M3,1 Hr,Valid
Tashkent,PM2.5 - Principal,2023-11-29 06:00 PM,2023,11,29,18,565.0,543,Hazardous,585.0,UG/M3,1 Hr,Valid
Tashkent,PM2.5 - Principal,2023-11-29 07:00 PM,2023,11,29,19,538.0,525,Hazardous,511.0,UG/M3,1 Hr,Valid
Tashkent,PM2.5 - Principal,2023-11-29 08:00 PM,2023,11,29,20,446.5,464,Hazardous,355.0,UG/M3,1 Hr,Valid
Tashkent,PM2.5 - Principal,2023-11-29 09:00 PM,2023,11,29,21,292.2,342,Hazardous,138.0,UG/M3,1 Hr,Valid
Tashkent,PM2.5 - Principal,2023-11-29 10:00 PM,2023,11,29,22,158.1,209,Very Unhealthy,24.0,UG/M3,1 Hr,Valid
Tashkent,PM2.5 - Principal,2023-11-29 11:00 PM,2023,11,29,23,84.5,166,Unhealthy,11.0,UG/M3,1 Hr,Valid
Tashkent,PM2.5 - Principal,2023-11-30 12:00 AM,2023,11,30,00,47.2,130,Unhealthy for Sensitive Groups,10.0,UG/M3,1 Hr,Valid
Tashkent,PM2.5 - Principal,2023-11-30 01:00 AM,2023,11,30,01,27.6,84,Moderate,8.0,UG/M3,1 Hr,Valid
Tashkent,PM2.5 - Principal,2023-11-30 02:00 AM,2023,11,30,02,15.7,59,Moderate,4.0,UG/M3,1 Hr,Valid
Tashkent,PM2.5 - Principal,2023-11-30 03:00 AM,2023,11,30,03,8.8,37,Good,2.0,UG/M3,1 Hr,Valid
Tashkent,PM2.5 - Principal,2023-11-30 04:00 AM,2023,11,30,04,4.8,20,Good,1.0,UG/M3,1 Hr,Valid
Tashkent,PM2.5 - Principal,2023-11-30 05:00 AM,2023,11,30,05,2.3,10,Good,0.0,UG/M3,1 Hr,Valid
Tashkent,PM2.5 - Principal,2023-11-30 06:00 AM,2023,11,30,06,3.6,15,Good,5.0,UG/M3,1 Hr,Valid
Tashkent,PM2.5 - Principal,2023-11-30 07:00 AM,2023,11,30,07,4.2,18,Good,5.0,UG/M3,1 Hr,Valid
Tashkent,PM2.5 - Principal,2023-11-30 08:00 AM,2023,11,30,08,4.5,19,Good,5.0,UG/M3,1 Hr,Valid
Tashkent,PM2.5 - Principal,2023-11-30 09:00 AM,2023,11,30,09,5.7,24,Good,7.0,UG/M3,1 Hr,Valid
Tashkent,PM2.5 - Principal,2023-11-30 10:00 AM,2023,11,30,10,11.3,47,Good,17.0,UG/M3,1 Hr,Valid
Tashkent,PM2.5 - Principal,2023-11-30 11:00 AM,2023,11,30,11,14.6,56,Moderate,18.0,UG/M3,1 Hr,Valid
Tashkent,PM2.5 - Principal,2023-11-30 12:00 PM,2023,11,30,12,15.3,58,Moderate,16.0,UG/M3,1 Hr,Valid
Tashkent,PM2.5 - Principal,2023-11-30 01:00 PM,2023,11,30,13,16.1,59,Moderate,17.0,UG/M3,1 Hr,Valid
Tashkent,PM2.5 - Principal,2023-11-30 02:00 PM,2023,11,30,14,17.0,61,Moderate,18.0,UG/M3,1 Hr,Valid
Tashkent,PM2.5 - Principal,2023-11-30 03:00 PM,2023,11,30,15,17.0,61,Moderate,17.0,UG/M3,1 Hr,Valid
Tashkent,PM2.5 - Principal,2023-11-30 04:00 PM,2023,11,30,16,23.5,75,Moderate,30.0,UG/M3,1 Hr,Valid
Tashkent,PM2.5 - Principal,2023-11-30 05:00 PM,2023,11,30,17,29.7,88,Moderate,36.0,UG/M3,1 Hr,Valid
Tashkent,PM2.5 - Principal,2023-11-30 06:00 PM,2023,11,30,18,32.8,95,Moderate,36.0,UG/M3,1 Hr,Valid
Tashkent,PM2.5 - Principal,2023-11-30 07:00 PM,2023,11,30,19,46.4,128,Unhealthy for Sensitive Groups,60.0,UG/M3,1 Hr,Valid
Tashkent,PM2.5 - Principal,2023-11-30 08:00 PM,2023,11,30,20,57.7,152,Unhealthy,69.0,UG/M3,1 Hr,Valid
Tashkent,PM2.5 - Principal,2023-11-30 09:00 PM,2023,11,30,21,70.3,159,Unhealthy,83.0,UG/M3,1 Hr,Valid
Tashkent,PM2.5 - Principal,2023-11-30 10:00 PM,2023,11,30,22,74.6,161,Unhealthy,79.0,UG/M3,1 Hr,Valid
Tashkent,PM2.5 - Principal,2023-11-30 11:00 PM,2023,11,30,23,79.3,163,Unhealthy,84.0,UG/M3,1 Hr,Valid
Tashkent,PM2.5 - Principal,2023-12-01 12:00 AM,2023,12,01,00,93.6,171,Unhealthy,108.0,UG/M3,1 Hr,Valid
Tashkent,PM2.5 - Principal,2023-12-01 01:00 AM,2023,12,01,01,93.3,171,Unhealthy,93.0,UG/M3,1 Hr,Valid
Tashkent,PM2.5 - Principal,2023-12-01 02:00 AM,2023,12,01,02,94.1,171,Unhealthy,95.0,UG/M3,1 Hr,Valid
Tashkent,PM2.5 - Principal,2023-12-01 03:00 AM,2023,12,01,03,114.6,182,Unhealthy,135.0,UG/M3,1 Hr,Valid
Tashkent,PM2.5 - Principal,2023-12-01 04:00 AM,2023,12,01,04,106.3,177,Unhealthy,98.0,UG/M3,1 Hr,Valid
Tashkent,PM2.5 - Principal,2023-12-01 05:00 AM,2023,12,01,05,67.6,157,Unhealthy,29.0,UG/M3,1 Hr,Valid
Tashkent,PM2.5 - Principal,2023-12-01 06:00 AM,2023,12,01,06,45.8,126,Unhealthy for Sensitive Groups,24.0,UG/M3,1 Hr,Valid
Tashkent,PM2.5 - Principal,2023-12-01 07:00 AM,2023,12,01,07,50.4,138,Unhealthy for Sensitive Groups,55.0,UG/M3,1 Hr,Valid
Tashkent,PM2.5 - Principal,2023-12-01 08:00 AM,2023,12,01,08,70.2,159,Unhealthy,90.0,UG/M3,1 Hr,Valid
Tashkent,PM2.5 - Principal,2023-12-01 09:00 AM,2023,12,01,09,65.1,156,Unhealthy,60.0,UG/M3,1 Hr,Valid
Tashkent,PM2.5 - Principal,2023-12-01 10:00 AM,2023,12,01,10,61.5,154,Unhealthy,58.0,UG/M3,1 Hr,Valid
Tashkent,PM2.5 - Principal,2023-12-01 11:00 AM,2023,12,01,11,58.2,152,Unhealthy,55.0,UG/M3,1 Hr,Valid
Tashkent,PM2.5 - Principal,2023-12-01 12:00 PM,2023,12,01,12,70.6,159,Unhealthy,83.0,UG/M3,1 Hr,Valid
Tashkent,PM2.5 - Principal,2023-12-01 01:00 PM,2023,12,01,13,81.8,165,Unhealthy,93.0,UG/M3,1 Hr,Valid
Tashkent,PM2.5 - Principal,2023-12-01 02:00 PM,2023,12,01,14,85.9,167,Unhealthy,90.0,UG/M3,1 Hr,Valid
Tashkent,PM2.5 - Principal,2023-12-01 03:00 PM,2023,12,01,15,99.9,174,Unhealthy,114.0,UG/M3,1 Hr,Valid
Tashkent,PM2.5 - Principal,2023-12-01 04:00 PM,2023,12,01,16,88.9,168,Unhealthy,78.0,UG/M3,1 Hr,Valid
Tashkent,PM2.5 - Principal,2023-12-01 05:00 PM,2023,12,01,17,86.4,167,Unhealthy,84.0,UG/M3,1 Hr,Valid
Tashkent,PM2.5 - Principal,2023-12-01 06:00 PM,2023,12,01,18,82.2,165,Unhealthy,78.0,UG/M3,1 Hr,Valid
Tashkent,PM2.5 - Principal,2023-12-01 07:00 PM,2023,12,01,19,89.1,168,Unhealthy,96.0,UG/M3,1 Hr,Valid
Tashkent,PM2.5 - Principal,2023-12-01 08:00 PM,2023,12,01,20,99.5,174,Unhealthy,110.0,UG/M3,1 Hr,Valid
Tashkent,PM2.5 - Principal,2023-12-01 09:00 PM,2023,12,01,21,102.7,175,Unhealthy,106.0,UG/M3,1 Hr,Valid
Tashkent,PM2.5 - Principal,2023-12-01 10:00 PM,2023,12,01,22,101.4,175,Unhealthy,100.0,UG/M3,1 Hr,Valid
Tashkent,PM2.5 - Principal,2023-12-01 11:00 PM,2023,12,01,23,128.7,189,Unhealthy,156.0,UG/M3,1 Hr,Valid
Tashkent,PM2.5 - Principal,2023-12-02 12:00 AM,2023,12,02,00,123.3,186,Unhealthy,118.0,UG/M3,1 Hr,Valid
Tashkent,PM2.5 - Principal,2023-12-02 01:00 AM,2023,12,02,01,106.6,177,Unhealthy,90.0,UG/M3,1 Hr,Valid
Tashkent,PM2.5 - Principal,2023-12-02 02:00 AM,2023,12,02,02,92.3,170,Unhealthy,78.0,UG/M3,1 Hr,Valid
Tashkent,PM2.5 - Principal,2023-12-02 03:00 AM,2023,12,02,03,79.6,163,Unhealthy,67.0,UG/M3,1 Hr,Valid
Tashkent,PM2.5 - Principal,2023-12-02 04:00 AM,2023,12,02,04,89.3,168,Unhealthy,99.0,UG/M3,1 Hr,Valid
Tashkent,PM2.5 - Principal,2023-12-02 05:00 AM,2023,12,02,05,89.6,169,Unhealthy,90.0,UG/M3,1 Hr,Valid
Tashkent,PM2.5 - Principal,2023-12-02 06:00 AM,2023,12,02,06,78.3,163,Unhealthy,67.0,UG/M3,1 Hr,Valid
Tashkent,PM2.5 - Principal,2023-12-02 07:00 AM,2023,12,02,07,71.1,159,Unhealthy,64.0,UG/M3,1 Hr,Valid
Tashkent,PM2.5 - Principal,2023-12-02 08:00 AM,2023,12,02,08,69.5,158,Unhealthy,68.0,UG/M3,1 Hr,Valid
Tashkent,PM2.5 - Principal,2023-12-02 09:00 AM,2023,12,02,09,84.7,166,Unhealthy,100.0,UG/M3,1 Hr,Valid
Tashkent,PM2.5 - Principal,2023-12-02 10:00 AM,2023,12,02,10,101.8,175,Unhealthy,119.0,UG/M3,1 Hr,Valid
Tashkent,PM2.5 - Principal,2023-12-02 11:00 AM,2023,12,02,11,107.0,178,Unhealthy,115.0,UG/M3,1 Hr,Valid
Tashkent,PM2.5 - Principal,2023-12-02 12:00 PM,2023,12,02,12,97.7,173,Unhealthy,87.0,UG/M3,1 Hr,Valid
Tashkent,PM2.5 - Principal,2023-12-02 01:00 PM,2023,12,02,13,87.6,168,Unhealthy,76.0,UG/M3,1 Hr,Valid
Tashkent,PM2.5 - Principal,2023-12-02 02:00 PM,2023,12,02,14,79.0,163,Unhealthy,69.0,UG/M3,1 Hr,Valid
Tashkent,PM2.5 - Principal,2023-12-02 03:00 PM,2023,12,02,15,83.6,166,Unhealthy,89.0,UG/M3,1 Hr,Valid
Tashkent,PM2.5 - Principal,2023-12-02 04:00 PM,2023,12,02,16,88.4,168,Unhealthy,94.0,UG/M3,1 Hr,Valid
Tashkent,PM2.5 - Principal,2023-12-02 05:00 PM,2023,12,02,17,105.7,177,Unhealthy,124.0,UG/M3,1 Hr,Valid
Tashkent,PM2.5 - Principal,2023-12-02 06:00 PM,2023,12,02,18,140.1,195,Unhealthy,174.0,UG/M3,1 Hr,Valid
Tashkent,PM2.5 - Principal,2023-12-02 07:00 PM,2023,12,02,19,224.1,274,Very Unhealthy,308.0,UG/M3,1 Hr,Valid
Tashkent,PM2.5 - Principal,2023-12-02 08:00 PM,2023,12,02,20,224.5,274,Very Unhealthy,225.0,UG/M3,1 Hr,Valid
Tashkent,PM2.5 - Principal,2023-12-02 09:00 PM,2023,12,02,21,266.8,317,Hazardous,309.0,UG/M3,1 Hr,Valid
Tashkent,PM2.5 - Principal,2023-12-02 10:00 PM,2023,12,02,22,272.4,323,Hazardous,278.0,UG/M3,1 Hr,Valid
Tashkent,PM2.5 - Principal,2023-12-02 11:00 PM,2023,12,02,23,281.7,332,Hazardous,291.0,UG/M3,1 Hr,Valid
Tashkent,PM2.5 - Principal,2023-12-03 12:00 AM,2023,12,03,00,275.3,326,Hazardous,269.0,UG/M3,1 Hr,Valid
Tashkent,PM2.5 - Principal,2023-12-03 01:00 AM,2023,12,03,01,276.7,327,Hazardous,278.0,UG/M3,1 Hr,Valid
Tashkent,PM2.5 - Principal,2023-12-03 02:00 AM,2023,12,03,02,237.8,288,Very Unhealthy,199.0,UG/M3,1 Hr,Valid
Tashkent,PM2.5 - Principal,2023-12-03 03:00 AM,2023,12,03,03,185.9,236,Very Unhealthy,134.0,UG/M3,1 Hr,Valid
Tashkent,PM2.5 - Principal,2023-12-03 04:00 AM,2023,12,03,04,157.4,208,Very Unhealthy,129.0,UG/M3,1 Hr,Valid
Tashkent,PM2.5 - Principal,2023-12-03 05:00 AM,2023,12,03,05,133.2,191,Unhealthy,109.0,UG/M3,1 Hr,Valid
Tashkent,PM2.5 - Principal,2023-12-03 06:00 AM,2023,12,03,06,103.1,176,Unhealthy,73.0,UG/M3,1 Hr,Valid
Tashkent,PM2.5 - Principal,2023-12-03 07:00 AM,2023,12,03,07,107.0,178,Unhealthy,111.0,UG/M3,1 Hr,Valid
Tashkent,PM2.5 - Principal,2023-12-03 08:00 AM,2023,12,03,08,126.5,188,Unhealthy,146.0,UG/M3,1 Hr,Valid
Tashkent,PM2.5 - Principal,2023-12-03 09:00 AM,2023,12,03,09,108.2,178,Unhealthy,90.0,UG/M3,1 Hr,Valid
Tashkent,PM2.5 - Principal,2023-12-03 10:00 AM,2023,12,03,10,96.5,172,Unhealthy,85.0,UG/M3,1 Hr,Valid
Tashkent,PM2.5 - Principal,2023-12-03 11:00 AM,2023,12,03,11,78.2,163,Unhealthy,60.0,UG/M3,1 Hr,Valid
Tashkent,PM2.5 - Principal,2023-12-03 12:00 PM,2023,12,03,12,71.6,159,Unhealthy,65.0,UG/M3,1 Hr,Valid
Tashkent,PM2.5 - Principal,2023-12-03 01:00 PM,2023,12,03,13,75.2,161,Unhealthy,79.0,UG/M3,1 Hr,Valid
Tashkent,PM2.5 - Principal,2023-12-03 02:00 PM,2023,12,03,14,87.1,167,Unhealthy,99.0,UG/M3,1 Hr,Valid
Tashkent,PM2.5 - Principal,2023-12-03 03:00 PM,2023,12,03,15,123.0,186,Unhealthy,159.0,UG/M3,1 Hr,Valid
Tashkent,PM2.5 - Principal,2023-12-03 04:00 PM,2023,12,03,16,128.0,188,Unhealthy,133.0,UG/M3,1 Hr,Valid
Tashkent,PM2.5 - Principal,2023-12-03 05:00 PM,2023,12,03,17,129.0,189,Unhealthy,130.0,UG/M3,1 Hr,Valid
Tashkent,PM2.5 - Principal,2023-12-03 06:00 PM,2023,12,03,18,145.5,197,Unhealthy,162.0,UG/M3,1 Hr,Valid
Tashkent,PM2.5 - Principal,2023-12-03 07:00 PM,2023,12,03,19,139.7,194,Unhealthy,134.0,UG/M3,1 Hr,Valid
Tashkent,PM2.5 - Principal,2023-12-03 08:00 PM,2023,12,03,20,134.8,192,Unhealthy,130.0,UG/M3,1 Hr,Valid
Tashkent,PM2.5 - Principal,2023-12-03 09:00 PM,2023,12,03,21,131.9,190,Unhealthy,129.0,UG/M3,1 Hr,Valid
Tashkent,PM2.5 - Principal,2023-12-03 10:00 PM,2023,12,03,22,133.4,191,Unhealthy,135.0,UG/M3,1 Hr,Valid
Tashkent,PM2.5 - Principal,2023-12-03 11:00 PM,2023,12,03,23,158.7,209,Very Unhealthy,184.0,UG/M3,1 Hr,Valid
Tashkent,PM2.5 - Principal,2023-12-04 12:00 AM,2023,12,04,00,151.8,202,Very Unhealthy,145.0,UG/M3,1 Hr,Valid
Tashkent,PM2.5 - Principal,2023-12-04 01:00 AM,2023,12,04,01,134.1,192,Unhealthy,114.0,UG/M3,1 Hr,Valid
Tashkent,PM2.5 - Principal,2023-12-04 02:00 AM,2023,12,04,02,129.7,189,Unhealthy,119.0,UG/M3,1 Hr,Valid
Tashkent,PM2.5 - Principal,2023-12-04 03:00 AM,2023,12,04,03,114.8,182,Unhealthy,100.0,UG/M3,1 Hr,Valid
Tashkent,PM2.5 - Principal,2023-12-04 04:00 AM,2023,12,04,04,88.9,168,Unhealthy,65.0,UG/M3,1 Hr,Valid
Tashkent,PM2.5 - Principal,2023-12-04 05:00 AM,2023,12,04,05,80.9,164,Unhealthy,73.0,UG/M3,1 Hr,Valid
Tashkent,PM2.5 - Principal,2023-12-04 06:00 AM,2023,12,04,06,79.9,164,Unhealthy,79.0,UG/M3,1 Hr,Valid
Tashkent,PM2.5 - Principal,2023-12-04 07:00 AM,2023,12,04,07,69.9,158,Unhealthy,60.0,UG/M3,1 Hr,Valid
Tashkent,PM2.5 - Principal,2023-12-04 08:00 AM,2023,12,04,08,69.4,158,Unhealthy,69.0,UG/M3,1 Hr,Valid
Tashkent,PM2.5 - Principal,2023-12-04 09:00 AM,2023,12,04,09,90.2,169,Unhealthy,111.0,UG/M3,1 Hr,Valid
Tashkent,PM2.5 - Principal,2023-12-04 10:00 AM,2023,12,04,10,121.1,185,Unhealthy,152.0,UG/M3,1 Hr,Valid
Tashkent,PM2.5 - Principal,2023-12-04 11:00 AM,2023,12,04,11,98.0,173,Unhealthy,75.0,UG/M3,1 Hr,Valid
Tashkent,PM2.5 - Principal,2023-12-04 12:00 PM,2023,12,04,12,106.0,177,Unhealthy,114.0,UG/M3,1 Hr,Valid
Tashkent,PM2.5 - Principal,2023-12-04 01:00 PM,2023,12,04,13,98.5,173,Unhealthy,91.0,UG/M3,1 Hr,Valid
Tashkent,PM2.5 - Principal,2023-12-04 02:00 PM,2023,12,04,14,83.7,166,Unhealthy,69.0,UG/M3,1 Hr,Valid
Tashkent,PM2.5 - Principal,2023-12-04 03:00 PM,2023,12,04,15,86.3,167,Unhealthy,89.0,UG/M3,1 Hr,Valid
Tashkent,PM2.5 - Principal,2023-12-04 04:00 PM,2023,12,04,16,82.6,165,Unhealthy,79.0,UG/M3,1 Hr,Valid
Tashkent,PM2.5 - Principal,2023-12-04 05:00 PM,2023,12,04,17,82.8,165,Unhealthy,83.0,UG/M3,1 Hr,Valid
Tashkent,PM2.5 - Principal,2023-12-04 06:00 PM,2023,12,04,18,105.4,177,Unhealthy,128.0,UG/M3,1 Hr,Valid
Tashkent,PM2.5 - Principal,2023-12-04 07:00 PM,2023,12,04,19,102.7,175,Unhealthy,100.0,UG/M3,1 Hr,Valid
Tashkent,PM2.5 - Principal,2023-12-04 08:00 PM,2023,12,04,20,100.3,174,Unhealthy,98.0,UG/M3,1 Hr,Valid
Tashkent,PM2.5 - Principal,2023-12-04 09:00 PM,2023,12,04,21,109.1,179,Unhealthy,118.0,UG/M3,1 Hr,Valid
Tashkent,PM2.5 - Principal,2023-12-04 10:00 PM,2023,12,04,22,114.6,182,Unhealthy,122.0,UG/M3,1 Hr,Valid
Tashkent,PM2.5 - Principal,2023-12-04 11:00 PM,2023,12,04,23,136.8,193,Unhealthy,158.0,UG/M3,1 Hr,Valid
Tashkent,PM2.5 - Principal,2023-12-05 12:00 AM,2023,12,05,00,147.9,199,Unhealthy,159.0,UG/M3,1 Hr,Valid
Tashkent,PM2.5 - Principal,2023-12-05 01:00 AM,2023,12,05,01,147.9,199,Unhealthy,-999.0,UG/M3,1 Hr,Missing
Tashkent,PM2.5 - Principal,2023-12-09 12:00 AM,2023,12,09,00,-999.0,-999,N/A,18.0,UG/M3,1 Hr,Valid
Tashkent,PM2.5 - Principal,2023-12-09 01:00 AM,2023,12,09,01,16.9,61,Moderate,16.0,UG/M3,1 Hr,Valid
Tashkent,PM2.5 - Principal,2023-12-09 02:00 AM,2023,12,09,02,16.1,59,Moderate,15.0,UG/M3,1 Hr,Valid
Tashkent,PM2.5 - Principal,2023-12-09 03:00 AM,2023,12,09,03,16.7,61,Moderate,18.0,UG/M3,1 Hr,Valid
Tashkent,PM2.5 - Principal,2023-12-09 04:00 AM,2023,12,09,04,14.9,57,Moderate,12.0,UG/M3,1 Hr,Valid
Tashkent,PM2.5 - Principal,2023-12-09 05:00 AM,2023,12,09,05,16.0,59,Moderate,18.0,UG/M3,1 Hr,Valid
Tashkent,PM2.5 - Principal,2023-12-09 06:00 AM,2023,12,09,06,16.0,59,Moderate,16.0,UG/M3,1 Hr,Valid
Tashkent,PM2.5 - Principal,2023-12-09 07:00 AM,2023,12,09,07,15.6,58,Moderate,15.0,UG/M3,1 Hr,Valid
Tashkent,PM2.5 - Principal,2023-12-09 08:00 AM,2023,12,09,08,18.5,64,Moderate,22.0,UG/M3,1 Hr,Valid
Tashkent,PM2.5 - Principal,2023-12-09 09:00 AM,2023,12,09,09,20.7,69,Moderate,23.0,UG/M3,1 Hr,Valid
Tashkent,PM2.5 - Principal,2023-12-09 10:00 AM,2023,12,09,10,23.9,76,Moderate,27.0,UG/M3,1 Hr,Valid
Tashkent,PM2.5 - Principal,2023-12-09 11:00 AM,2023,12,09,11,27.4,83,Moderate,31.0,UG/M3,1 Hr,Valid
Tashkent,PM2.5 - Principal,2023-12-09 12:00 PM,2023,12,09,12,34.2,97,Moderate,41.0,UG/M3,1 Hr,Valid
Tashkent,PM2.5 - Principal,2023-12-09 01:00 PM,2023,12,09,13,40.6,114,Unhealthy for Sensitive Groups,47.0,UG/M3,1 Hr,Valid
Tashkent,PM2.5 - Principal,2023-12-09 02:00 PM,2023,12,09,14,41.3,115,Unhealthy for Sensitive Groups,42.0,UG/M3,1 Hr,Valid
Tashkent,PM2.5 - Principal,2023-12-09 03:00 PM,2023,12,09,15,42.6,118,Unhealthy for Sensitive Groups,44.0,UG/M3,1 Hr,Valid
Tashkent,PM2.5 - Principal,2023-12-09 04:00 PM,2023,12,09,16,43.3,120,Unhealthy for Sensitive Groups,44.0,UG/M3,1 Hr,Valid
Tashkent,PM2.5 - Principal,2023-12-09 05:00 PM,2023,12,09,17,45.6,126,Unhealthy for Sensitive Groups,48.0,UG/M3,1 Hr,Valid
Tashkent,PM2.5 - Principal,2023-12-09 06:00 PM,2023,12,09,18,38.8,109,Unhealthy for Sensitive Groups,32.0,UG/M3,1 Hr,Valid
Tashkent,PM2.5 - Principal,2023-12-09 07:00 PM,2023,12,09,19,37.9,107,Unhealthy for Sensitive Groups,37.0,UG/M3,1 Hr,Valid
Tashkent,PM2.5 - Principal,2023-12-09 08:00 PM,2023,12,09,20,42.9,119,Unhealthy for Sensitive Groups,48.0,UG/M3,1 Hr,Valid
Tashkent,PM2.5 - Principal,2023-12-09 09:00 PM,2023,12,09,21,43.6,121,Unhealthy for Sensitive Groups,45.0,UG/M3,1 Hr,Valid
Tashkent,PM2.5 - Principal,2023-12-09 10:00 PM,2023,12,09,22,59.9,153,Unhealthy,76.0,UG/M3,1 Hr,Valid
Tashkent,PM2.5 - Principal,2023-12-09 11:00 PM,2023,12,09,23,94.5,171,Unhealthy,129.0,UG/M3,1 Hr,Valid
Tashkent,PM2.5 - Principal,2023-12-10 12:00 AM,2023,12,10,00,125.2,187,Unhealthy,156.0,UG/M3,1 Hr,Valid
Tashkent,PM2.5 - Principal,2023-12-10 01:00 AM,2023,12,10,01,156.1,207,Very Unhealthy,187.0,UG/M3,1 Hr,Valid
Tashkent,PM2.5 - Principal,2023-12-10 02:00 AM,2023,12,10,02,154.0,204,Very Unhealthy,152.0,UG/M3,1 Hr,Valid
Tashkent,PM2.5 - Principal,2023-12-10 03:00 AM,2023,12,10,03,146.0,198,Unhealthy,138.0,UG/M3,1 Hr,Valid
Tashkent,PM2.5 - Principal,2023-12-10 04:00 AM,2023,12,10,04,135.5,192,Unhealthy,125.0,UG/M3,1 Hr,Valid
Tashkent,PM2.5 - Principal,2023-12-10 05:00 AM,2023,12,10,05,125.2,187,Unhealthy,115.0,UG/M3,1 Hr,Valid
Tashkent,PM2.5 - Principal,2023-12-10 06:00 AM,2023,12,10,06,104.1,176,Unhealthy,83.0,UG/M3,1 Hr,Valid
Tashkent,PM2.5 - Principal,2023-12-10 07:00 AM,2023,12,10,07,89.5,169,Unhealthy,75.0,UG/M3,1 Hr,Valid
Tashkent,PM2.5 - Principal,2023-12-10 08:00 AM,2023,12,10,08,74.7,161,Unhealthy,60.0,UG/M3,1 Hr,Valid
Tashkent,PM2.5 - Principal,2023-12-10 09:00 AM,2023,12,10,09,57.8,152,Unhealthy,41.0,UG/M3,1 Hr,Valid
Tashkent,PM2.5 - Principal,2023-12-10 10:00 AM,2023,12,10,10,55.9,151,Unhealthy,54.0,UG/M3,1 Hr,Valid
Tashkent,PM2.5 - Principal,2023-12-10 11:00 AM,2023,12,10,11,64.4,156,Unhealthy,73.0,UG/M3,1 Hr,Valid
Tashkent,PM2.5 - Principal,2023-12-10 12:00 PM,2023,12,10,12,57.2,152,Unhealthy,50.0,UG/M3,1 Hr,Valid
Tashkent,PM2.5 - Principal,2023-12-10 01:00 PM,2023,12,10,13,42.5,118,Unhealthy for Sensitive Groups,28.0,UG/M3,1 Hr,Valid
Tashkent,PM2.5 - Principal,2023-12-10 02:00 PM,2023,12,10,14,33.7,96,Moderate,25.0,UG/M3,1 Hr,Valid
Tashkent,PM2.5 - Principal,2023-12-10 03:00 PM,2023,12,10,15,31.3,91,Moderate,29.0,UG/M3,1 Hr,Valid
Tashkent,PM2.5 - Principal,2023-12-10 04:00 PM,2023,12,10,16,35.1,99,Moderate,39.0,UG/M3,1 Hr,Valid
Tashkent,PM2.5 - Principal,2023-12-10 05:00 PM,2023,12,10,17,49.0,134,Unhealthy for Sensitive Groups,63.0,UG/M3,1 Hr,Valid
Tashkent,PM2.5 - Principal,2023-12-10 06:00 PM,2023,12,10,18,63.5,155,Unhealthy,78.0,UG/M3,1 Hr,Valid
Tashkent,PM2.5 - Principal,2023-12-10 07:00 PM,2023,12,10,19,78.2,163,Unhealthy,93.0,UG/M3,1 Hr,Valid
Tashkent,PM2.5 - Principal,2023-12-10 08:00 PM,2023,12,10,20,70.6,159,Unhealthy,63.0,UG/M3,1 Hr,Valid
Tashkent,PM2.5 - Principal,2023-12-10 09:00 PM,2023,12,10,21,63.8,155,Unhealthy,57.0,UG/M3,1 Hr,Valid
Tashkent,PM2.5 - Principal,2023-12-10 10:00 PM,2023,12,10,22,65.4,156,Unhealthy,67.0,UG/M3,1 Hr,Valid
Tashkent,PM2.5 - Principal,2023-12-10 11:00 PM,2023,12,10,23,84.7,166,Unhealthy,104.0,UG/M3,1 Hr,Valid
Tashkent,PM2.5 - Principal,2023-12-11 12:00 AM,2023,12,11,00,95.3,172,Unhealthy,106.0,UG/M3,1 Hr,Valid
Tashkent,PM2.5 - Principal,2023-12-11 01:00 AM,2023,12,11,01,101.1,175,Unhealthy,107.0,UG/M3,1 Hr,Valid
Tashkent,PM2.5 - Principal,2023-12-11 02:00 AM,2023,12,11,02,95.1,171,Unhealthy,89.0,UG/M3,1 Hr,Valid
Tashkent,PM2.5 - Principal,2023-12-11 03:00 AM,2023,12,11,03,105.5,177,Unhealthy,116.0,UG/M3,1 Hr,Valid
Tashkent,PM2.5 - Principal,2023-12-11 04:00 AM,2023,12,11,04,107.2,178,Unhealthy,109.0,UG/M3,1 Hr,Valid
Tashkent,PM2.5 - Principal,2023-12-11 05:00 AM,2023,12,11,05,104.6,176,Unhealthy,102.0,UG/M3,1 Hr,Valid
Tashkent,PM2.5 - Principal,2023-12-11 06:00 AM,2023,12,11,06,71.3,159,Unhealthy,38.0,UG/M3,1 Hr,Valid
Tashkent,PM2.5 - Principal,2023-12-11 07:00 AM,2023,12,11,07,54.1,147,Unhealthy for Sensitive Groups,37.0,UG/M3,1 Hr,Valid
Tashkent,PM2.5 - Principal,2023-12-11 08:00 AM,2023,12,11,08,51.0,139,Unhealthy for Sensitive Groups,48.0,UG/M3,1 Hr,Valid
Tashkent,PM2.5 - Principal,2023-12-11 09:00 AM,2023,12,11,09,58.5,153,Unhealthy,66.0,UG/M3,1 Hr,Valid
Tashkent,PM2.5 - Principal,2023-12-11 10:00 AM,2023,12,11,10,65.2,156,Unhealthy,72.0,UG/M3,1 Hr,Valid
Tashkent,PM2.5 - Principal,2023-12-11 11:00 AM,2023,12,11,11,58.1,152,Unhealthy,51.0,UG/M3,1 Hr,Valid
Tashkent,PM2.5 - Principal,2023-12-11 12:00 PM,2023,12,11,12,74.0,161,Unhealthy,90.0,UG/M3,1 Hr,Valid
Tashkent,PM2.5 - Principal,2023-12-11 01:00 PM,2023,12,11,13,75.0,161,Unhealthy,76.0,UG/M3,1 Hr,Valid
Tashkent,PM2.5 - Principal,2023-12-11 02:00 PM,2023,12,11,14,61.5,154,Unhealthy,48.0,UG/M3,1 Hr,Valid
Tashkent,PM2.5 - Principal,2023-12-11 03:00 PM,2023,12,11,15,59.7,153,Unhealthy,58.0,UG/M3,1 Hr,Valid
Tashkent,PM2.5 - Principal,2023-12-11 04:00 PM,2023,12,11,16,63.8,155,Unhealthy,68.0,UG/M3,1 Hr,Valid
Tashkent,PM2.5 - Principal,2023-12-11 05:00 PM,2023,12,11,17,80.4,164,Unhealthy,97.0,UG/M3,1 Hr,Valid
Tashkent,PM2.5 - Principal,2023-12-11 06:00 PM,2023,12,11,18,80.7,164,Unhealthy,81.0,UG/M3,1 Hr,Valid
Tashkent,PM2.5 - Principal,2023-12-11 07:00 PM,2023,12,11,19,61.3,154,Unhealthy,42.0,UG/M3,1 Hr,Valid
Tashkent,PM2.5 - Principal,2023-12-11 08:00 PM,2023,12,11,20,51.1,139,Unhealthy for Sensitive Groups,41.0,UG/M3,1 Hr,Valid
Tashkent,PM2.5 - Principal,2023-12-11 09:00 PM,2023,12,11,21,44.0,122,Unhealthy for Sensitive Groups,37.0,UG/M3,1 Hr,Valid
Tashkent,PM2.5 - Principal,2023-12-11 10:00 PM,2023,12,11,22,36.5,103,Unhealthy for Sensitive Groups,29.0,UG/M3,1 Hr,Valid
Tashkent,PM2.5 - Principal,2023-12-11 11:00 PM,2023,12,11,23,25.2,79,Moderate,14.0,UG/M3,1 Hr,Valid
Tashkent,PM2.5 - Principal,2023-12-12 12:00 AM,2023,12,12,00,22.6,73,Moderate,20.0,UG/M3,1 Hr,Valid
Tashkent,PM2.5 - Principal,2023-12-12 01:00 AM,2023,12,12,01,18.3,64,Moderate,14.0,UG/M3,1 Hr,Valid
Tashkent,PM2.5 - Principal,2023-12-12 02:00 AM,2023,12,12,02,17.6,63,Moderate,17.0,UG/M3,1 Hr,Valid
Tashkent,PM2.5 - Principal,2023-12-12 03:00 AM,2023,12,12,03,23.3,75,Moderate,29.0,UG/M3,1 Hr,Valid
Tashkent,PM2.5 - Principal,2023-12-12 04:00 AM,2023,12,12,04,29.1,87,Moderate,35.0,UG/M3,1 Hr,Valid
Tashkent,PM2.5 - Principal,2023-12-12 05:00 AM,2023,12,12,05,24.5,77,Moderate,20.0,UG/M3,1 Hr,Valid
Tashkent,PM2.5 - Principal,2023-12-12 06:00 AM,2023,12,12,06,28.7,86,Moderate,33.0,UG/M3,1 Hr,Valid
Tashkent,PM2.5 - Principal,2023-12-12 07:00 AM,2023,12,12,07,31.8,92,Moderate,35.0,UG/M3,1 Hr,Valid
Tashkent,PM2.5 - Principal,2023-12-12 08:00 AM,2023,12,12,08,41.4,116,Unhealthy for Sensitive Groups,51.0,UG/M3,1 Hr,Valid
Tashkent,PM2.5 - Principal,2023-12-12 09:00 AM,2023,12,12,09,42.2,117,Unhealthy for Sensitive Groups,43.0,UG/M3,1 Hr,Valid
Tashkent,PM2.5 - Principal,2023-12-12 10:00 AM,2023,12,12,10,41.6,116,Unhealthy for Sensitive Groups,41.0,UG/M3,1 Hr,Valid
Tashkent,PM2.5 - Principal,2023-12-12 11:00 AM,2023,12,12,11,39.8,112,Unhealthy for Sensitive Groups,38.0,UG/M3,1 Hr,Valid
Tashkent,PM2.5 - Principal,2023-12-12 12:00 PM,2023,12,12,12,40.9,114,Unhealthy for Sensitive Groups,42.0,UG/M3,1 Hr,Valid
Tashkent,PM2.5 - Principal,2023-12-12 01:00 PM,2023,12,12,13,48.9,134,Unhealthy for Sensitive Groups,57.0,UG/M3,1 Hr,Valid
Tashkent,PM2.5 - Principal,2023-12-12 02:00 PM,2023,12,12,14,46.9,129,Unhealthy for Sensitive Groups,45.0,UG/M3,1 Hr,Valid
Tashkent,PM2.5 - Principal,2023-12-12 03:00 PM,2023,12,12,15,44.4,123,Unhealthy for Sensitive Groups,42.0,UG/M3,1 Hr,Valid
Tashkent,PM2.5 - Principal,2023-12-12 04:00 PM,2023,12,12,16,40.7,114,Unhealthy for Sensitive Groups,37.0,UG/M3,1 Hr,Valid
Tashkent,PM2.5 - Principal,2023-12-12 05:00 PM,2023,12,12,17,37.2,105,Unhealthy for Sensitive Groups,32.0,UG/M3,1 Hr,Valid
Tashkent,PM2.5 - Principal,2023-12-12 06:00 PM,2023,12,12,18,39.3,110,Unhealthy for Sensitive Groups,42.0,UG/M3,1 Hr,Valid
Tashkent,PM2.5 - Principal,2023-12-12 07:00 PM,2023,12,12,19,43.1,120,Unhealthy for Sensitive Groups,48.0,UG/M3,1 Hr,Valid
Tashkent,PM2.5 - Principal,2023-12-12 08:00 PM,2023,12,12,20,53.7,146,Unhealthy for Sensitive Groups,64.0,UG/M3,1 Hr,Valid
Tashkent,PM2.5 - Principal,2023-12-12 09:00 PM,2023,12,12,21,60.4,154,Unhealthy,67.0,UG/M3,1 Hr,Valid
Tashkent,PM2.5 - Principal,2023-12-12 10:00 PM,2023,12,12,22,58.7,153,Unhealthy,57.0,UG/M3,1 Hr,Valid
Tashkent,PM2.5 - Principal,2023-12-12 11:00 PM,2023,12,12,23,49.3,135,Unhealthy for Sensitive Groups,40.0,UG/M3,1 Hr,Valid
Tashkent,PM2.5 - Principal,2023-12-13 12:00 AM,2023,12,13,00,48.1,132,Unhealthy for Sensitive Groups,47.0,UG/M3,1 Hr,Valid
Tashkent,PM2.5 - Principal,2023-12-13 01:00 AM,2023,12,13,01,44.5,123,Unhealthy for Sensitive Groups,41.0,UG/M3,1 Hr,Valid
Tashkent,PM2.5 - Principal,2023-12-13 02:00 AM,2023,12,13,02,79.3,163,Unhealthy,114.0,UG/M3,1 Hr,Valid
Tashkent,PM2.5 - Principal,2023-12-13 03:00 AM,2023,12,13,03,102.6,175,Unhealthy,126.0,UG/M3,1 Hr,Valid
Tashkent,PM2.5 - Principal,2023-12-13 04:00 AM,2023,12,13,04,134.3,192,Unhealthy,166.0,UG/M3,1 Hr,Valid
Tashkent,PM2.5 - Principal,2023-12-13 05:00 AM,2023,12,13,05,142.1,196,Unhealthy,150.0,UG/M3,1 Hr,Valid
Tashkent,PM2.5 - Principal,2023-12-13 06:00 AM,2023,12,13,06,139.6,194,Unhealthy,137.0,UG/M3,1 Hr,Valid
Tashkent,PM2.5 - Principal,2023-12-13 07:00 AM,2023,12,13,07,116.8,183,Unhealthy,94.0,UG/M3,1 Hr,Valid
Tashkent,PM2.5 - Principal,2023-12-13 08:00 AM,2023,12,13,08,117.4,183,Unhealthy,118.0,UG/M3,1 Hr,Valid
Tashkent,PM2.5 - Principal,2023-12-13 09:00 AM,2023,12,13,09,136.7,193,Unhealthy,156.0,UG/M3,1 Hr,Valid
Tashkent,PM2.5 - Principal,2023-12-13 10:00 AM,2023,12,13,10,171.3,222,Very Unhealthy,206.0,UG/M3,1 Hr,Valid
Tashkent,PM2.5 - Principal,2023-12-13 11:00 AM,2023,12,13,11,186.2,236,Very Unhealthy,201.0,UG/M3,1 Hr,Valid
Tashkent,PM2.5 - Principal,2023-12-13 12:00 PM,2023,12,13,12,165.6,216,Very Unhealthy,145.0,UG/M3,1 Hr,Valid
Tashkent,PM2.5 - Principal,2023-12-13 01:00 PM,2023,12,13,13,130.8,190,Unhealthy,96.0,UG/M3,1 Hr,Valid
Tashkent,PM2.5 - Principal,2023-12-13 02:00 PM,2023,12,13,14,106.9,178,Unhealthy,83.0,UG/M3,1 Hr,Valid
Tashkent,PM2.5 - Principal,2023-12-13 03:00 PM,2023,12,13,15,87.9,168,Unhealthy,69.0,UG/M3,1 Hr,Valid
Tashkent,PM2.5 - Principal,2023-12-13 04:00 PM,2023,12,13,16,68.4,158,Unhealthy,49.0,UG/M3,1 Hr,Valid
Tashkent,PM2.5 - Principal,2023-12-13 05:00 PM,2023,12,13,17,51.2,140,Unhealthy for Sensitive Groups,34.0,UG/M3,1 Hr,Valid
Tashkent,PM2.5 - Principal,2023-12-13 06:00 PM,2023,12,13,18,52.5,143,Unhealthy for Sensitive Groups,54.0,UG/M3,1 Hr,Valid
Tashkent,PM2.5 - Principal,2023-12-13 07:00 PM,2023,12,13,19,80.8,164,Unhealthy,109.0,UG/M3,1 Hr,Valid
Tashkent,PM2.5 - Principal,2023-12-13 08:00 PM,2023,12,13,20,81.8,165,Unhealthy,83.0,UG/M3,1 Hr,Valid
Tashkent,PM2.5 - Principal,2023-12-13 09:00 PM,2023,12,13,21,101.9,175,Unhealthy,122.0,UG/M3,1 Hr,Valid
Tashkent,PM2.5 - Principal,2023-12-13 10:00 PM,2023,12,13,22,131.4,190,Unhealthy,161.0,UG/M3,1 Hr,Valid
Tashkent,PM2.5 - Principal,2023-12-13 11:00 PM,2023,12,13,23,179.2,229,Very Unhealthy,227.0,UG/M3,1 Hr,Valid
Tashkent,PM2.5 - Principal,2023-12-14 12:00 AM,2023,12,14,00,205.1,255,Very Unhealthy,231.0,UG/M3,1 Hr,Valid
Tashkent,PM2.5 - Principal,2023-12-14 01:00 AM,2023,12,14,01,244.0,294,Very Unhealthy,283.0,UG/M3,1 Hr,Valid
Tashkent,PM2.5 - Principal,2023-12-14 02:00 AM,2023,12,14,02,284.0,334,Hazardous,324.0,UG/M3,1 Hr,Valid
Tashkent,PM2.5 - Principal,2023-12-14 03:00 AM,2023,12,14,03,297.5,348,Hazardous,311.0,UG/M3,1 Hr,Valid
Tashkent,PM2.5 - Principal,2023-12-14 04:00 AM,2023,12,14,04,308.8,359,Hazardous,320.0,UG/M3,1 Hr,Valid
Tashkent,PM2.5 - Principal,2023-12-14 05:00 AM,2023,12,14,05,307.9,358,Hazardous,307.0,UG/M3,1 Hr,Valid
Tashkent,PM2.5 - Principal,2023-12-14 06:00 AM,2023,12,14,06,287.9,338,Hazardous,268.0,UG/M3,1 Hr,Valid
Tashkent,PM2.5 - Principal,2023-12-14 07:00 AM,2023,12,14,07,296.5,347,Hazardous,305.0,UG/M3,1 Hr,Valid
Tashkent,PM2.5 - Principal,2023-12-14 08:00 AM,2023,12,14,08,285.7,336,Hazardous,275.0,UG/M3,1 Hr,Valid
Tashkent,PM2.5 - Principal,2023-12-14 09:00 AM,2023,12,14,09,248.4,298,Very Unhealthy,211.0,UG/M3,1 Hr,Valid
Tashkent,PM2.5 - Principal,2023-12-14 10:00 AM,2023,12,14,10,242.4,292,Very Unhealthy,209.0,UG/M3,1 Hr,Valid
Tashkent,PM2.5 - Principal,2023-12-14 11:00 AM,2023,12,14,11,154.3,205,Very Unhealthy,80.0,UG/M3,1 Hr,Valid
Tashkent,PM2.5 - Principal,2023-12-14 12:00 PM,2023,12,14,12,94.6,171,Unhealthy,35.0,UG/M3,1 Hr,Valid
Tashkent,PM2.5 - Principal,2023-12-14 01:00 PM,2023,12,14,13,75.2,161,Unhealthy,56.0,UG/M3,1 Hr,Valid
Tashkent,PM2.5 - Principal,2023-12-14 02:00 PM,2023,12,14,14,70.6,159,Unhealthy,66.0,UG/M3,1 Hr,Valid
Tashkent,PM2.5 - Principal,2023-12-14 03:00 PM,2023,12,14,15,49.7,136,Unhealthy for Sensitive Groups,29.0,UG/M3,1 Hr,Valid
Tashkent,PM2.5 - Principal,2023-12-14 04:00 PM,2023,12,14,16,55.8,151,Unhealthy,62.0,UG/M3,1 Hr,Valid
Tashkent,PM2.5 - Principal,2023-12-14 05:00 PM,2023,12,14,17,49.8,136,Unhealthy for Sensitive Groups,44.0,UG/M3,1 Hr,Valid
Tashkent,PM2.5 - Principal,2023-12-14 06:00 PM,2023,12,14,18,61.9,154,Unhealthy,74.0,UG/M3,1 Hr,Valid
Tashkent,PM2.5 - Principal,2023-12-14 07:00 PM,2023,12,14,19,96.4,172,Unhealthy,131.0,UG/M3,1 Hr,Valid
Tashkent,PM2.5 - Principal,2023-12-14 08:00 PM,2023,12,14,20,141.2,195,Unhealthy,186.0,UG/M3,1 Hr,Valid
Tashkent,PM2.5 - Principal,2023-12-14 09:00 PM,2023,12,14,21,151.0,201,Very Unhealthy,161.0,UG/M3,1 Hr,Valid
Tashkent,PM2.5 - Principal,2023-12-14 10:00 PM,2023,12,14,22,163.0,213,Very Unhealthy,175.0,UG/M3,1 Hr,Valid
Tashkent,PM2.5 - Principal,2023-12-14 11:00 PM,2023,12,14,23,186.5,237,Very Unhealthy,210.0,UG/M3,1 Hr,Valid
Tashkent,PM2.5 - Principal,2023-12-15 12:00 AM,2023,12,15,00,182.2,232,Very Unhealthy,178.0,UG/M3,1 Hr,Valid
Tashkent,PM2.5 - Principal,2023-12-15 01:00 AM,2023,12,15,01,172.1,222,Very Unhealthy,162.0,UG/M3,1 Hr,Valid
Tashkent,PM2.5 - Principal,2023-12-15 02:00 AM,2023,12,15,02,148.5,199,Unhealthy,125.0,UG/M3,1 Hr,Valid
Tashkent,PM2.5 - Principal,2023-12-15 03:00 AM,2023,12,15,03,147.8,199,Unhealthy,147.0,UG/M3,1 Hr,Valid
Tashkent,PM2.5 - Principal,2023-12-15 04:00 AM,2023,12,15,04,124.4,187,Unhealthy,101.0,UG/M3,1 Hr,Valid
Tashkent,PM2.5 - Principal,2023-12-15 05:00 AM,2023,12,15,05,96.7,172,Unhealthy,69.0,UG/M3,1 Hr,Valid
Tashkent,PM2.5 - Principal,2023-12-15 06:00 AM,2023,12,15,06,69.3,158,Unhealthy,42.0,UG/M3,1 Hr,Valid
Tashkent,PM2.5 - Principal,2023-12-15 07:00 AM,2023,12,15,07,56.6,152,Unhealthy,44.0,UG/M3,1 Hr,Valid
Tashkent,PM2.5 - Principal,2023-12-15 08:00 AM,2023,12,15,08,53.3,145,Unhealthy for Sensitive Groups,50.0,UG/M3,1 Hr,Valid
Tashkent,PM2.5 - Principal,2023-12-15 09:00 AM,2023,12,15,09,58.6,153,Unhealthy,64.0,UG/M3,1 Hr,Valid
Tashkent,PM2.5 - Principal,2023-12-15 10:00 AM,2023,12,15,10,66.8,157,Unhealthy,75.0,UG/M3,1 Hr,Valid
Tashkent,PM2.5 - Principal,2023-12-15 11:00 AM,2023,12,15,11,90.8,169,Unhealthy,115.0,UG/M3,1 Hr,Valid
Tashkent,PM2.5 - Principal,2023-12-15 12:00 PM,2023,12,15,12,88.9,168,Unhealthy,87.0,UG/M3,1 Hr,Valid
Tashkent,PM2.5 - Principal,2023-12-15 01:00 PM,2023,12,15,13,95.4,172,Unhealthy,102.0,UG/M3,1 Hr,Valid
Tashkent,PM2.5 - Principal,2023-12-15 02:00 PM,2023,12,15,14,101.2,175,Unhealthy,107.0,UG/M3,1 Hr,Valid
Tashkent,PM2.5 - Principal,2023-12-15 03:00 PM,2023,12,15,15,73.1,160,Unhealthy,45.0,UG/M3,1 Hr,Valid
Tashkent,PM2.5 - Principal,2023-12-15 04:00 PM,2023,12,15,16,61.0,154,Unhealthy,49.0,UG/M3,1 Hr,Valid
Tashkent,PM2.5 - Principal,2023-12-15 05:00 PM,2023,12,15,17,58.0,152,Unhealthy,55.0,UG/M3,1 Hr,Valid
Tashkent,PM2.5 - Principal,2023-12-15 06:00 PM,2023,12,15,18,56.5,152,Unhealthy,55.0,UG/M3,1 Hr,Valid
Tashkent,PM2.5 - Principal,2023-12-15 07:00 PM,2023,12,15,19,59.2,153,Unhealthy,62.0,UG/M3,1 Hr,Valid
Tashkent,PM2.5 - Principal,2023-12-15 08:00 PM,2023,12,15,20,71.6,159,Unhealthy,84.0,UG/M3,1 Hr,Valid
Tashkent,PM2.5 - Principal,2023-12-15 09:00 PM,2023,12,15,21,88.8,168,Unhealthy,106.0,UG/M3,1 Hr,Valid
Tashkent,PM2.5 - Principal,2023-12-15 10:00 PM,2023,12,15,22,86.4,167,Unhealthy,84.0,UG/M3,1 Hr,Valid
Tashkent,PM2.5 - Principal,2023-12-15 11:00 PM,2023,12,15,23,89.2,168,Unhealthy,92.0,UG/M3,1 Hr,Valid
Tashkent,PM2.5 - Principal,2023-12-16 12:00 AM,2023,12,16,00,97.1,172,Unhealthy,105.0,UG/M3,1 Hr,Valid
Tashkent,PM2.5 - Principal,2023-12-16 01:00 AM,2023,12,16,01,100.5,174,Unhealthy,104.0,UG/M3,1 Hr,Valid
Tashkent,PM2.5 - Principal,2023-12-16 02:00 AM,2023,12,16,02,102.7,175,Unhealthy,105.0,UG/M3,1 Hr,Valid
Tashkent,PM2.5 - Principal,2023-12-16 03:00 AM,2023,12,16,03,95.8,172,Unhealthy,89.0,UG/M3,1 Hr,Valid
Tashkent,PM2.5 - Principal,2023-12-16 04:00 AM,2023,12,16,04,93.1,170,Unhealthy,90.0,UG/M3,1 Hr,Valid
Tashkent,PM2.5 - Principal,2023-12-16 05:00 AM,2023,12,16,05,85.8,167,Unhealthy,78.0,UG/M3,1 Hr,Valid
Tashkent,PM2.5 - Principal,2023-12-16 06:00 AM,2023,12,16,06,86.7,167,Unhealthy,86.0,UG/M3,1 Hr,Valid
Tashkent,PM2.5 - Principal,2023-12-16 07:00 AM,2023,12,16,07,92.1,170,Unhealthy,100.0,UG/M3,1 Hr,Valid
Tashkent,PM2.5 - Principal,2023-12-16 08:00 AM,2023,12,16,08,93.2,170,Unhealthy,96.0,UG/M3,1 Hr,Valid
Tashkent,PM2.5 - Principal,2023-12-16 09:00 AM,2023,12,16,09,93.0,170,Unhealthy,93.0,UG/M3,1 Hr,Valid
Tashkent,PM2.5 - Principal,2023-12-16 10:00 AM,2023,12,16,10,96.2,172,Unhealthy,105.0,UG/M3,1 Hr,Valid
Tashkent,PM2.5 - Principal,2023-12-16 11:00 AM,2023,12,16,11,95.9,172,Unhealthy,95.0,UG/M3,1 Hr,Valid
Tashkent,PM2.5 - Principal,2023-12-16 12:00 PM,2023,12,16,12,100.2,174,Unhealthy,110.0,UG/M3,1 Hr,Valid
Tashkent,PM2.5 - Principal,2023-12-16 01:00 PM,2023,12,16,13,98.0,173,Unhealthy,93.0,UG/M3,1 Hr,Valid
Tashkent,PM2.5 - Principal,2023-12-16 02:00 PM,2023,12,16,14,101.2,175,Unhealthy,109.0,UG/M3,1 Hr,Valid
Tashkent,PM2.5 - Principal,2023-12-16 03:00 PM,2023,12,16,15,111.4,180,Unhealthy,126.0,UG/M3,1 Hr,Valid
Tashkent,PM2.5 - Principal,2023-12-16 04:00 PM,2023,12,16,16,123.3,186,Unhealthy,137.0,UG/M3,1 Hr,Valid
Tashkent,PM2.5 - Principal,2023-12-16 05:00 PM,2023,12,16,17,126.9,188,Unhealthy,137.0,UG/M3,1 Hr,Valid
Tashkent,PM2.5 - Principal,2023-12-16 06:00 PM,2023,12,16,18,124.2,186,Unhealthy,123.0,UG/M3,1 Hr,Valid
Tashkent,PM2.5 - Principal,2023-12-16 07:00 PM,2023,12,16,19,117.4,183,Unhealthy,103.0,UG/M3,1 Hr,Valid
Tashkent,PM2.5 - Principal,2023-12-16 08:00 PM,2023,12,16,20,118.9,184,Unhealthy,122.0,UG/M3,1 Hr,Valid
Tashkent,PM2.5 - Principal,2023-12-16 09:00 PM,2023,12,16,21,119.7,184,Unhealthy,121.0,UG/M3,1 Hr,Valid
Tashkent,PM2.5 - Principal,2023-12-16 10:00 PM,2023,12,16,22,120.8,185,Unhealthy,123.0,UG/M3,1 Hr,Valid
Tashkent,PM2.5 - Principal,2023-12-16 11:00 PM,2023,12,16,23,123.2,186,Unhealthy,128.0,UG/M3,1 Hr,Valid
Tashkent,PM2.5 - Principal,2023-12-17 12:00 AM,2023,12,17,00,132.2,191,Unhealthy,147.0,UG/M3,1 Hr,Valid
Tashkent,PM2.5 - Principal,2023-12-17 01:00 AM,2023,12,17,01,131.0,190,Unhealthy,132.0,UG/M3,1 Hr,Valid
Tashkent,PM2.5 - Principal,2023-12-17 02:00 AM,2023,12,17,02,139.1,194,Unhealthy,154.0,UG/M3,1 Hr,Valid
Tashkent,PM2.5 - Principal,2023-12-17 03:00 AM,2023,12,17,03,135.7,192,Unhealthy,129.0,UG/M3,1 Hr,Valid
Tashkent,PM2.5 - Principal,2023-12-17 04:00 AM,2023,12,17,04,127.8,188,Unhealthy,112.0,UG/M3,1 Hr,Valid
Tashkent,PM2.5 - Principal,2023-12-17 05:00 AM,2023,12,17,05,120.1,184,Unhealthy,105.0,UG/M3,1 Hr,Valid
Tashkent,PM2.5 - Principal,2023-12-17 06:00 AM,2023,12,17,06,111.4,180,Unhealthy,98.0,UG/M3,1 Hr,Valid
Tashkent,PM2.5 - Principal,2023-12-17 07:00 AM,2023,12,17,07,101.9,175,Unhealthy,91.0,UG/M3,1 Hr,Valid
Tashkent,PM2.5 - Principal,2023-12-17 08:00 AM,2023,12,17,08,98.6,173,Unhealthy,94.0,UG/M3,1 Hr,Valid
Tashkent,PM2.5 - Principal,2023-12-17 09:00 AM,2023,12,17,09,98.3,173,Unhealthy,98.0,UG/M3,1 Hr,Valid
Tashkent,PM2.5 - Principal,2023-12-17 10:00 AM,2023,12,17,10,102.7,175,Unhealthy,109.0,UG/M3,1 Hr,Valid
Tashkent,PM2.5 - Principal,2023-12-17 11:00 AM,2023,12,17,11,108.9,179,Unhealthy,118.0,UG/M3,1 Hr,Valid
Tashkent,PM2.5 - Principal,2023-12-17 12:00 PM,2023,12,17,12,106.9,178,Unhealthy,104.0,UG/M3,1 Hr,Valid
Tashkent,PM2.5 - Principal,2023-12-17 01:00 PM,2023,12,17,13,79.1,163,Unhealthy,51.0,UG/M3,1 Hr,Valid
Tashkent,PM2.5 - Principal,2023-12-17 02:00 PM,2023,12,17,14,51.5,140,Unhealthy for Sensitive Groups,24.0,UG/M3,1 Hr,Valid
Tashkent,PM2.5 - Principal,2023-12-17 03:00 PM,2023,12,17,15,35.7,101,Unhealthy for Sensitive Groups,20.0,UG/M3,1 Hr,Valid
Tashkent,PM2.5 - Principal,2023-12-17 04:00 PM,2023,12,17,16,29.3,87,Moderate,23.0,UG/M3,1 Hr,Valid
Tashkent,PM2.5 - Principal,2023-12-17 05:00 PM,2023,12,17,17,36.1,102,Unhealthy for Sensitive Groups,43.0,UG/M3,1 Hr,Valid
Tashkent,PM2.5 - Principal,2023-12-17 06:00 PM,2023,12,17,18,45.5,126,Unhealthy for Sensitive Groups,55.0,UG/M3,1 Hr,Valid
Tashkent,PM2.5 - Principal,2023-12-17 07:00 PM,2023,12,17,19,53.7,146,Unhealthy for Sensitive Groups,62.0,UG/M3,1 Hr,Valid
Tashkent,PM2.5 - Principal,2023-12-17 08:00 PM,2023,12,17,20,62.8,155,Unhealthy,72.0,UG/M3,1 Hr,Valid
Tashkent,PM2.5 - Principal,2023-12-17 09:00 PM,2023,12,17,21,69.4,158,Unhealthy,76.0,UG/M3,1 Hr,Valid
Tashkent,PM2.5 - Principal,2023-12-17 10:00 PM,2023,12,17,22,76.2,162,Unhealthy,83.0,UG/M3,1 Hr,Valid
Tashkent,PM2.5 - Principal,2023-12-17 11:00 PM,2023,12,17,23,78.6,163,Unhealthy,81.0,UG/M3,1 Hr,Valid
Tashkent,PM2.5 - Principal,2023-12-18 12:00 AM,2023,12,18,00,93.8,171,Unhealthy,109.0,UG/M3,1 Hr,Valid
Tashkent,PM2.5 - Principal,2023-12-18 01:00 AM,2023,12,18,01,116.4,182,Unhealthy,139.0,UG/M3,1 Hr,Valid
Tashkent,PM2.5 - Principal,2023-12-18 02:00 AM,2023,12,18,02,127.7,188,Unhealthy,139.0,UG/M3,1 Hr,Valid
Tashkent,PM2.5 - Principal,2023-12-18 03:00 AM,2023,12,18,03,85.3,166,Unhealthy,43.0,UG/M3,1 Hr,Valid
Tashkent,PM2.5 - Principal,2023-12-18 04:00 AM,2023,12,18,04,82.6,165,Unhealthy,80.0,UG/M3,1 Hr,Valid
Tashkent,PM2.5 - Principal,2023-12-18 05:00 AM,2023,12,18,05,67.8,157,Unhealthy,53.0,UG/M3,1 Hr,Valid
Tashkent,PM2.5 - Principal,2023-12-18 06:00 AM,2023,12,18,06,42.9,119,Unhealthy for Sensitive Groups,18.0,UG/M3,1 Hr,Valid
Tashkent,PM2.5 - Principal,2023-12-18 07:00 AM,2023,12,18,07,31.4,92,Moderate,20.0,UG/M3,1 Hr,Valid
Tashkent,PM2.5 - Principal,2023-12-18 08:00 AM,2023,12,18,08,29.2,87,Moderate,27.0,UG/M3,1 Hr,Valid
Tashkent,PM2.5 - Principal,2023-12-18 09:00 AM,2023,12,18,09,29.6,88,Moderate,30.0,UG/M3,1 Hr,Valid
Tashkent,PM2.5 - Principal,2023-12-18 10:00 AM,2023,12,18,10,30.2,89,Moderate,31.0,UG/M3,1 Hr,Valid
Tashkent,PM2.5 - Principal,2023-12-18 11:00 AM,2023,12,18,11,30.6,90,Moderate,31.0,UG/M3,1 Hr,Valid
Tashkent,PM2.5 - Principal,2023-12-18 12:00 PM,2023,12,18,12,30.6,90,Moderate,-999.0,UG/M3,1 Hr,Missing
Tashkent,PM2.5 - Principal,2023-12-18 01:00 PM,2023,12,18,13,31.5,92,Moderate,32.0,UG/M3,1 Hr,Valid
Tashkent,PM2.5 - Principal,2023-12-18 02:00 PM,2023,12,18,14,38.0,107,Unhealthy for Sensitive Groups,43.0,UG/M3,1 Hr,Valid
Tashkent,PM2.5 - Principal,2023-12-18 03:00 PM,2023,12,18,15,36.9,104,Unhealthy for Sensitive Groups,36.0,UG/M3,1 Hr,Valid
Tashkent,PM2.5 - Principal,2023-12-18 04:00 PM,2023,12,18,16,54.0,147,Unhealthy for Sensitive Groups,70.0,UG/M3,1 Hr,Valid
Tashkent,PM2.5 - Principal,2023-12-18 05:00 PM,2023,12,18,17,69.2,158,Unhealthy,84.0,UG/M3,1 Hr,Valid
Tashkent,PM2.5 - Principal,2023-12-18 06:00 PM,2023,12,18,18,178.5,229,Very Unhealthy,286.0,UG/M3,1 Hr,Valid
Tashkent,PM2.5 - Principal,2023-12-18 07:00 PM,2023,12,18,19,164.2,215,Very Unhealthy,150.0,UG/M3,1 Hr,Valid
Tashkent,PM2.5 - Principal,2023-12-18 08:00 PM,2023,12,18,20,128.0,188,Unhealthy,92.0,UG/M3,1 Hr,Valid
Tashkent,PM2.5 - Principal,2023-12-18 09:00 PM,2023,12,18,21,169.0,219,Very Unhealthy,210.0,UG/M3,1 Hr,Valid
Tashkent,PM2.5 - Principal,2023-12-18 10:00 PM,2023,12,18,22,182.0,232,Very Unhealthy,195.0,UG/M3,1 Hr,Valid
Tashkent,PM2.5 - Principal,2023-12-18 11:00 PM,2023,12,18,23,140.5,195,Unhealthy,99.0,UG/M3,1 Hr,Valid
Tashkent,PM2.5 - Principal,2023-12-19 12:00 AM,2023,12,19,00,118.2,183,Unhealthy,96.0,UG/M3,1 Hr,Valid
Tashkent,PM2.5 - Principal,2023-12-19 01:00 AM,2023,12,19,01,162.1,212,Very Unhealthy,206.0,UG/M3,1 Hr,Valid
Tashkent,PM2.5 - Principal,2023-12-19 02:00 AM,2023,12,19,02,181.5,232,Very Unhealthy,201.0,UG/M3,1 Hr,Valid
Tashkent,PM2.5 - Principal,2023-12-19 03:00 AM,2023,12,19,03,199.8,250,Very Unhealthy,218.0,UG/M3,1 Hr,Valid
Tashkent,PM2.5 - Principal,2023-12-19 04:00 AM,2023,12,19,04,202.4,252,Very Unhealthy,205.0,UG/M3,1 Hr,Valid
Tashkent,PM2.5 - Principal,2023-12-19 05:00 AM,2023,12,19,05,180.2,230,Very Unhealthy,158.0,UG/M3,1 Hr,Valid
Tashkent,PM2.5 - Principal,2023-12-19 06:00 AM,2023,12,19,06,135.5,192,Unhealthy,91.0,UG/M3,1 Hr,Valid
Tashkent,PM2.5 - Principal,2023-12-19 07:00 AM,2023,12,19,07,102.2,175,Unhealthy,69.0,UG/M3,1 Hr,Valid
Tashkent,PM2.5 - Principal,2023-12-19 08:00 AM,2023,12,19,08,73.1,160,Unhealthy,44.0,UG/M3,1 Hr,Valid
Tashkent,PM2.5 - Principal,2023-12-19 09:00 AM,2023,12,19,09,50.0,137,Unhealthy for Sensitive Groups,27.0,UG/M3,1 Hr,Valid
Tashkent,PM2.5 - Principal,2023-12-19 10:00 AM,2023,12,19,10,43.0,119,Unhealthy for Sensitive Groups,36.0,UG/M3,1 Hr,Valid
Tashkent,PM2.5 - Principal,2023-12-19 11:00 AM,2023,12,19,11,39.9,112,Unhealthy for Sensitive Groups,37.0,UG/M3,1 Hr,Valid
Tashkent,PM2.5 - Principal,2023-12-19 12:00 PM,2023,12,19,12,35.4,100,Moderate,31.0,UG/M3,1 Hr,Valid
Tashkent,PM2.5 - Principal,2023-12-19 01:00 PM,2023,12,19,13,35.2,100,Moderate,35.0,UG/M3,1 Hr,Valid
Tashkent,PM2.5 - Principal,2023-12-19 02:00 PM,2023,12,19,14,45.5,126,Unhealthy for Sensitive Groups,56.0,UG/M3,1 Hr,Valid
Tashkent,PM2.5 - Principal,2023-12-19 03:00 PM,2023,12,19,15,55.7,151,Unhealthy,66.0,UG/M3,1 Hr,Valid
Tashkent,PM2.5 - Principal,2023-12-19 04:00 PM,2023,12,19,16,52.8,144,Unhealthy for Sensitive Groups,50.0,UG/M3,1 Hr,Valid
Tashkent,PM2.5 - Principal,2023-12-19 05:00 PM,2023,12,19,17,40.9,114,Unhealthy for Sensitive Groups,29.0,UG/M3,1 Hr,Valid
Tashkent,PM2.5 - Principal,2023-12-19 06:00 PM,2023,12,19,18,40.9,114,Unhealthy for Sensitive Groups,-999.0,UG/M3,1 Hr,Missing
Tashkent,PM2.5 - Principal,2023-12-19 08:00 PM,2023,12,19,20,-999.0,-999,N/A,30.0,UG/M3,1 Hr,Valid
Tashkent,PM2.5 - Principal,2023-12-19 09:00 PM,2023,12,19,21,36.3,103,Unhealthy for Sensitive Groups,39.0,UG/M3,1 Hr,Valid
Tashkent,PM2.5 - Principal,2023-12-19 10:00 PM,2023,12,19,22,40.0,112,Unhealthy for Sensitive Groups,43.0,UG/M3,1 Hr,Valid
Tashkent,PM2.5 - Principal,2023-12-19 11:00 PM,2023,12,19,23,44.2,122,Unhealthy for Sensitive Groups,48.0,UG/M3,1 Hr,Valid
Tashkent,PM2.5 - Principal,2023-12-20 12:00 AM,2023,12,20,00,42.0,117,Unhealthy for Sensitive Groups,40.0,UG/M3,1 Hr,Valid
Tashkent,PM2.5 - Principal,2023-12-20 01:00 AM,2023,12,20,01,48.1,132,Unhealthy for Sensitive Groups,54.0,UG/M3,1 Hr,Valid
Tashkent,PM2.5 - Principal,2023-12-20 02:00 AM,2023,12,20,02,61.1,154,Unhealthy,74.0,UG/M3,1 Hr,Valid
Tashkent,PM2.5 - Principal,2023-12-20 03:00 AM,2023,12,20,03,65.0,156,Unhealthy,69.0,UG/M3,1 Hr,Valid
Tashkent,PM2.5 - Principal,2023-12-20 04:00 AM,2023,12,20,04,65.5,156,Unhealthy,66.0,UG/M3,1 Hr,Valid
Tashkent,PM2.5 - Principal,2023-12-20 05:00 AM,2023,12,20,05,58.7,153,Unhealthy,52.0,UG/M3,1 Hr,Valid
Tashkent,PM2.5 - Principal,2023-12-20 06:00 AM,2023,12,20,06,46.8,129,Unhealthy for Sensitive Groups,35.0,UG/M3,1 Hr,Valid
Tashkent,PM2.5 - Principal,2023-12-20 07:00 AM,2023,12,20,07,47.4,130,Unhealthy for Sensitive Groups,48.0,UG/M3,1 Hr,Valid
Tashkent,PM2.5 - Principal,2023-12-20 08:00 AM,2023,12,20,08,39.7,111,Unhealthy for Sensitive Groups,32.0,UG/M3,1 Hr,Valid
Tashkent,PM2.5 - Principal,2023-12-20 09:00 AM,2023,12,20,09,38.8,109,Unhealthy for Sensitive Groups,38.0,UG/M3,1 Hr,Valid
Tashkent,PM2.5 - Principal,2023-12-20 10:00 AM,2023,12,20,10,41.9,117,Unhealthy for Sensitive Groups,45.0,UG/M3,1 Hr,Valid
Tashkent,PM2.5 - Principal,2023-12-20 11:00 AM,2023,12,20,11,60.4,154,Unhealthy,79.0,UG/M3,1 Hr,Valid
Tashkent,PM2.5 - Principal,2023-12-20 12:00 PM,2023,12,20,12,78.7,163,Unhealthy,97.0,UG/M3,1 Hr,Valid
Tashkent,PM2.5 - Principal,2023-12-20 01:00 PM,2023,12,20,13,83.8,166,Unhealthy,89.0,UG/M3,1 Hr,Valid
Tashkent,PM2.5 - Principal,2023-12-20 02:00 PM,2023,12,20,14,72.4,160,Unhealthy,61.0,UG/M3,1 Hr,Valid
Tashkent,PM2.5 - Principal,2023-12-20 03:00 PM,2023,12,20,15,65.7,156,Unhealthy,59.0,UG/M3,1 Hr,Valid
Tashkent,PM2.5 - Principal,2023-12-20 04:00 PM,2023,12,20,16,57.3,152,Unhealthy,49.0,UG/M3,1 Hr,Valid
Tashkent,PM2.5 - Principal,2023-12-20 05:00 PM,2023,12,20,17,52.1,142,Unhealthy for Sensitive Groups,47.0,UG/M3,1 Hr,Valid
Tashkent,PM2.5 - Principal,2023-12-20 06:00 PM,2023,12,20,18,72.0,160,Unhealthy,92.0,UG/M3,1 Hr,Valid
Tashkent,PM2.5 - Principal,2023-12-20 07:00 PM,2023,12,20,19,100.0,174,Unhealthy,128.0,UG/M3,1 Hr,Valid
Tashkent,PM2.5 - Principal,2023-12-20 08:00 PM,2023,12,20,20,116.0,182,Unhealthy,132.0,UG/M3,1 Hr,Valid
Tashkent,PM2.5 - Principal,2023-12-20 09:00 PM,2023,12,20,21,120.5,185,Unhealthy,125.0,UG/M3,1 Hr,Valid
Tashkent,PM2.5 - Principal,2023-12-20 10:00 PM,2023,12,20,22,112.2,180,Unhealthy,104.0,UG/M3,1 Hr,Valid
Tashkent,PM2.5 - Principal,2023-12-20 11:00 PM,2023,12,20,23,100.1,174,Unhealthy,88.0,UG/M3,1 Hr,Valid
Tashkent,PM2.5 - Principal,2023-12-21 12:00 AM,2023,12,21,00,113.5,181,Unhealthy,127.0,UG/M3,1 Hr,Valid
Tashkent,PM2.5 - Principal,2023-12-21 01:00 AM,2023,12,21,01,146.7,198,Unhealthy,180.0,UG/M3,1 Hr,Valid
Tashkent,PM2.5 - Principal,2023-12-21 02:00 AM,2023,12,21,02,164.4,215,Very Unhealthy,182.0,UG/M3,1 Hr,Valid
Tashkent,PM2.5 - Principal,2023-12-21 03:00 AM,2023,12,21,03,192.2,242,Very Unhealthy,220.0,UG/M3,1 Hr,Valid
Tashkent,PM2.5 - Principal,2023-12-21 04:00 AM,2023,12,21,04,196.6,247,Very Unhealthy,201.0,UG/M3,1 Hr,Valid
Tashkent,PM2.5 - Principal,2023-12-21 05:00 AM,2023,12,21,05,190.3,240,Very Unhealthy,184.0,UG/M3,1 Hr,Valid
Tashkent,PM2.5 - Principal,2023-12-21 06:00 AM,2023,12,21,06,187.1,237,Very Unhealthy,184.0,UG/M3,1 Hr,Valid
Tashkent,PM2.5 - Principal,2023-12-21 07:00 AM,2023,12,21,07,190.0,240,Very Unhealthy,193.0,UG/M3,1 Hr,Valid
Tashkent,PM2.5 - Principal,2023-12-21 08:00 AM,2023,12,21,08,213.0,263,Very Unhealthy,236.0,UG/M3,1 Hr,Valid
Tashkent,PM2.5 - Principal,2023-12-21 09:00 AM,2023,12,21,09,210.0,260,Very Unhealthy,207.0,UG/M3,1 Hr,Valid
Tashkent,PM2.5 - Principal,2023-12-21 10:00 AM,2023,12,21,10,196.5,247,Very Unhealthy,183.0,UG/M3,1 Hr,Valid
Tashkent,PM2.5 - Principal,2023-12-21 11:00 AM,2023,12,21,11,173.5,224,Very Unhealthy,146.0,UG/M3,1 Hr,Valid
Tashkent,PM2.5 - Principal,2023-12-21 12:00 PM,2023,12,21,12,174.3,225,Very Unhealthy,168.0,UG/M3,1 Hr,Valid
Tashkent,PM2.5 - Principal,2023-12-21 01:00 PM,2023,12,21,13,170.3,221,Very Unhealthy,164.0,UG/M3,1 Hr,Valid
Tashkent,PM2.5 - Principal,2023-12-21 02:00 PM,2023,12,21,14,181.3,232,Very Unhealthy,199.0,UG/M3,1 Hr,Valid
Tashkent,PM2.5 - Principal,2023-12-21 03:00 PM,2023,12,21,15,183.4,234,Very Unhealthy,187.0,UG/M3,1 Hr,Valid
Tashkent,PM2.5 - Principal,2023-12-21 04:00 PM,2023,12,21,16,175.9,226,Very Unhealthy,164.0,UG/M3,1 Hr,Valid
Tashkent,PM2.5 - Principal,2023-12-21 05:00 PM,2023,12,21,17,186.3,236,Very Unhealthy,203.0,UG/M3,1 Hr,Valid
Tashkent,PM2.5 - Principal,2023-12-21 06:00 PM,2023,12,21,18,190.7,241,Very Unhealthy,198.0,UG/M3,1 Hr,Valid
Tashkent,PM2.5 - Principal,2023-12-21 07:00 PM,2023,12,21,19,181.3,232,Very Unhealthy,166.0,UG/M3,1 Hr,Valid
Tashkent,PM2.5 - Principal,2023-12-21 08:00 PM,2023,12,21,20,174.8,225,Very Unhealthy,159.0,UG/M3,1 Hr,Valid
Tashkent,PM2.5 - Principal,2023-12-21 09:00 PM,2023,12,21,21,179.2,229,Very Unhealthy,190.0,UG/M3,1 Hr,Valid
Tashkent,PM2.5 - Principal,2023-12-21 10:00 PM,2023,12,21,22,193.0,243,Very Unhealthy,220.0,UG/M3,1 Hr,Valid
Tashkent,PM2.5 - Principal,2023-12-21 11:00 PM,2023,12,21,23,242.8,292,Very Unhealthy,295.0,UG/M3,1 Hr,Valid
Tashkent,PM2.5 - Principal,2023-12-22 12:00 AM,2023,12,22,00,231.8,282,Very Unhealthy,219.0,UG/M3,1 Hr,Valid
Tashkent,PM2.5 - Principal,2023-12-22 01:00 AM,2023,12,22,01,200.5,251,Very Unhealthy,164.0,UG/M3,1 Hr,Valid
Tashkent,PM2.5 - Principal,2023-12-22 02:00 AM,2023,12,22,02,184.1,234,Very Unhealthy,165.0,UG/M3,1 Hr,Valid
Tashkent,PM2.5 - Principal,2023-12-22 03:00 AM,2023,12,22,03,158.8,209,Very Unhealthy,136.0,UG/M3,1 Hr,Valid
Tashkent,PM2.5 - Principal,2023-12-22 04:00 AM,2023,12,22,04,165.9,216,Very Unhealthy,173.0,UG/M3,1 Hr,Valid
Tashkent,PM2.5 - Principal,2023-12-22 05:00 AM,2023,12,22,05,177.4,228,Very Unhealthy,189.0,UG/M3,1 Hr,Valid
Tashkent,PM2.5 - Principal,2023-12-22 06:00 AM,2023,12,22,06,185.2,235,Very Unhealthy,193.0,UG/M3,1 Hr,Valid
Tashkent,PM2.5 - Principal,2023-12-22 07:00 AM,2023,12,22,07,215.6,266,Very Unhealthy,246.0,UG/M3,1 Hr,Valid
Tashkent,PM2.5 - Principal,2023-12-22 08:00 AM,2023,12,22,08,256.3,307,Hazardous,297.0,UG/M3,1 Hr,Valid
Tashkent,PM2.5 - Principal,2023-12-22 09:00 AM,2023,12,22,09,295.6,346,Hazardous,335.0,UG/M3,1 Hr,Valid
Tashkent,PM2.5 - Principal,2023-12-22 10:00 AM,2023,12,22,10,321.3,371,Hazardous,347.0,UG/M3,1 Hr,Valid
Tashkent,PM2.5 - Principal,2023-12-22 11:00 AM,2023,12,22,11,325.1,375,Hazardous,329.0,UG/M3,1 Hr,Valid
Tashkent,PM2.5 - Principal,2023-12-22 12:00 PM,2023,12,22,12,268.5,319,Hazardous,212.0,UG/M3,1 Hr,Valid
Tashkent,PM2.5 - Principal,2023-12-22 01:00 PM,2023,12,22,13,233.7,283,Very Unhealthy,199.0,UG/M3,1 Hr,Valid
Tashkent,PM2.5 - Principal,2023-12-22 02:00 PM,2023,12,22,14,203.9,254,Very Unhealthy,174.0,UG/M3,1 Hr,Valid
Tashkent,PM2.5 - Principal,2023-12-22 03:00 PM,2023,12,22,15,175.9,226,Very Unhealthy,148.0,UG/M3,1 Hr,Valid
Tashkent,PM2.5 - Principal,2023-12-22 04:00 PM,2023,12,22,16,170.4,221,Very Unhealthy,165.0,UG/M3,1 Hr,Valid
Tashkent,PM2.5 - Principal,2023-12-22 05:00 PM,2023,12,22,17,228.2,278,Very Unhealthy,286.0,UG/M3,1 Hr,Valid
Tashkent,PM2.5 - Principal,2023-12-22 06:00 PM,2023,12,22,18,300.6,351,Hazardous,373.0,UG/M3,1 Hr,Valid
Tashkent,PM2.5 - Principal,2023-12-22 07:00 PM,2023,12,22,19,258.8,309,Hazardous,217.0,UG/M3,1 Hr,Valid
Tashkent,PM2.5 - Principal,2023-12-22 08:00 PM,2023,12,22,20,234.8,285,Very Unhealthy,211.0,UG/M3,1 Hr,Valid
Tashkent,PM2.5 - Principal,2023-12-22 09:00 PM,2023,12,22,21,279.4,330,Hazardous,324.0,UG/M3,1 Hr,Valid
Tashkent,PM2.5 - Principal,2023-12-22 10:00 PM,2023,12,22,22,339.7,389,Hazardous,400.0,UG/M3,1 Hr,Valid
Tashkent,PM2.5 - Principal,2023-12-22 11:00 PM,2023,12,22,23,337.3,387,Hazardous,335.0,UG/M3,1 Hr,Valid
Tashkent,PM2.5 - Principal,2023-12-23 12:00 AM,2023,12,23,00,323.6,373,Hazardous,310.0,UG/M3,1 Hr,Valid
Tashkent,PM2.5 - Principal,2023-12-23 01:00 AM,2023,12,23,01,311.8,362,Hazardous,300.0,UG/M3,1 Hr,Valid
Tashkent,PM2.5 - Principal,2023-12-23 02:00 AM,2023,12,23,02,281.9,332,Hazardous,252.0,UG/M3,1 Hr,Valid
Tashkent,PM2.5 - Principal,2023-12-23 03:00 AM,2023,12,23,03,257.9,308,Hazardous,234.0,UG/M3,1 Hr,Valid
Tashkent,PM2.5 - Principal,2023-12-23 04:00 AM,2023,12,23,04,239.8,289,Very Unhealthy,217.0,UG/M3,1 Hr,Valid
Tashkent,PM2.5 - Principal,2023-12-23 05:00 AM,2023,12,23,05,203.2,253,Very Unhealthy,169.0,UG/M3,1 Hr,Valid
Tashkent,PM2.5 - Principal,2023-12-23 06:00 AM,2023,12,23,06,156.0,206,Very Unhealthy,109.0,UG/M3,1 Hr,Valid
Tashkent,PM2.5 - Principal,2023-12-23 07:00 AM,2023,12,23,07,133.5,191,Unhealthy,111.0,UG/M3,1 Hr,Valid
Tashkent,PM2.5 - Principal,2023-12-23 08:00 AM,2023,12,23,08,140.7,195,Unhealthy,148.0,UG/M3,1 Hr,Valid
Tashkent,PM2.5 - Principal,2023-12-23 09:00 AM,2023,12,23,09,137.8,193,Unhealthy,135.0,UG/M3,1 Hr,Valid
Tashkent,PM2.5 - Principal,2023-12-23 10:00 AM,2023,12,23,10,102.8,175,Unhealthy,68.0,UG/M3,1 Hr,Valid
Tashkent,PM2.5 - Principal,2023-12-23 11:00 AM,2023,12,23,11,113.4,181,Unhealthy,124.0,UG/M3,1 Hr,Valid
Tashkent,PM2.5 - Principal,2023-12-23 12:00 PM,2023,12,23,12,111.6,180,Unhealthy,110.0,UG/M3,1 Hr,Valid
Tashkent,PM2.5 - Principal,2023-12-23 01:00 PM,2023,12,23,13,109.3,179,Unhealthy,107.0,UG/M3,1 Hr,Valid
Tashkent,PM2.5 - Principal,2023-12-23 02:00 PM,2023,12,23,14,111.1,180,Unhealthy,113.0,UG/M3,1 Hr,Valid
Tashkent,PM2.5 - Principal,2023-12-23 03:00 PM,2023,12,23,15,91.5,170,Unhealthy,72.0,UG/M3,1 Hr,Valid
Tashkent,PM2.5 - Principal,2023-12-23 04:00 PM,2023,12,23,16,89.2,168,Unhealthy,87.0,UG/M3,1 Hr,Valid
Tashkent,PM2.5 - Principal,2023-12-23 05:00 PM,2023,12,23,17,105.6,177,Unhealthy,122.0,UG/M3,1 Hr,Valid
Tashkent,PM2.5 - Principal,2023-12-23 06:00 PM,2023,12,23,18,129.3,189,Unhealthy,153.0,UG/M3,1 Hr,Valid
Tashkent,PM2.5 - Principal,2023-12-23 07:00 PM,2023,12,23,19,146.6,198,Unhealthy,164.0,UG/M3,1 Hr,Valid
Tashkent,PM2.5 - Principal,2023-12-23 08:00 PM,2023,12,23,20,102.3,175,Unhealthy,58.0,UG/M3,1 Hr,Valid
Tashkent,PM2.5 - Principal,2023-12-23 09:00 PM,2023,12,23,21,74.6,161,Unhealthy,47.0,UG/M3,1 Hr,Valid
Tashkent,PM2.5 - Principal,2023-12-23 10:00 PM,2023,12,23,22,51.3,140,Unhealthy for Sensitive Groups,28.0,UG/M3,1 Hr,Valid
Tashkent,PM2.5 - Principal,2023-12-23 11:00 PM,2023,12,23,23,41.1,115,Unhealthy for Sensitive Groups,31.0,UG/M3,1 Hr,Valid
Tashkent,PM2.5 - Principal,2023-12-24 12:00 AM,2023,12,24,00,33.0,95,Moderate,25.0,UG/M3,1 Hr,Valid
Tashkent,PM2.5 - Principal,2023-12-24 01:00 AM,2023,12,24,01,42.0,117,Unhealthy for Sensitive Groups,51.0,UG/M3,1 Hr,Valid
Tashkent,PM2.5 - Principal,2023-12-24 02:00 AM,2023,12,24,02,33.0,95,Moderate,24.0,UG/M3,1 Hr,Valid
Tashkent,PM2.5 - Principal,2023-12-24 03:00 AM,2023,12,24,03,27.9,84,Moderate,23.0,UG/M3,1 Hr,Valid
Tashkent,PM2.5 - Principal,2023-12-24 04:00 AM,2023,12,24,04,24.4,77,Moderate,21.0,UG/M3,1 Hr,Valid
Tashkent,PM2.5 - Principal,2023-12-24 05:00 AM,2023,12,24,05,26.7,82,Moderate,29.0,UG/M3,1 Hr,Valid
Tashkent,PM2.5 - Principal,2023-12-24 06:00 AM,2023,12,24,06,21.8,71,Moderate,17.0,UG/M3,1 Hr,Valid
Tashkent,PM2.5 - Principal,2023-12-24 07:00 AM,2023,12,24,07,31.9,93,Moderate,42.0,UG/M3,1 Hr,Valid
Tashkent,PM2.5 - Principal,2023-12-24 08:00 AM,2023,12,24,08,38.9,109,Unhealthy for Sensitive Groups,46.0,UG/M3,1 Hr,Valid
Tashkent,PM2.5 - Principal,2023-12-24 09:00 AM,2023,12,24,09,46.9,129,Unhealthy for Sensitive Groups,55.0,UG/M3,1 Hr,Valid
Tashkent,PM2.5 - Principal,2023-12-24 10:00 AM,2023,12,24,10,52.9,144,Unhealthy for Sensitive Groups,59.0,UG/M3,1 Hr,Valid
Tashkent,PM2.5 - Principal,2023-12-24 11:00 AM,2023,12,24,11,54.9,149,Unhealthy for Sensitive Groups,57.0,UG/M3,1 Hr,Valid
Tashkent,PM2.5 - Principal,2023-12-24 12:00 PM,2023,12,24,12,58.0,152,Unhealthy,61.0,UG/M3,1 Hr,Valid
Tashkent,PM2.5 - Principal,2023-12-24 01:00 PM,2023,12,24,13,57.5,152,Unhealthy,57.0,UG/M3,1 Hr,Valid
Tashkent,PM2.5 - Principal,2023-12-24 02:00 PM,2023,12,24,14,62.2,154,Unhealthy,67.0,UG/M3,1 Hr,Valid
Tashkent,PM2.5 - Principal,2023-12-24 03:00 PM,2023,12,24,15,103.1,176,Unhealthy,144.0,UG/M3,1 Hr,Valid
Tashkent,PM2.5 - Principal,2023-12-24 04:00 PM,2023,12,24,16,102.5,175,Unhealthy,102.0,UG/M3,1 Hr,Valid
Tashkent,PM2.5 - Principal,2023-12-24 05:00 PM,2023,12,24,17,100.7,174,Unhealthy,99.0,UG/M3,1 Hr,Valid
Tashkent,PM2.5 - Principal,2023-12-24 06:00 PM,2023,12,24,18,97.9,173,Unhealthy,95.0,UG/M3,1 Hr,Valid
Tashkent,PM2.5 - Principal,2023-12-24 07:00 PM,2023,12,24,19,88.9,168,Unhealthy,80.0,UG/M3,1 Hr,Valid
Tashkent,PM2.5 - Principal,2023-12-24 08:00 PM,2023,12,24,20,84.4,166,Unhealthy,80.0,UG/M3,1 Hr,Valid
Tashkent,PM2.5 - Principal,2023-12-24 09:00 PM,2023,12,24,21,71.2,159,Unhealthy,58.0,UG/M3,1 Hr,Valid
Tashkent,PM2.5 - Principal,2023-12-24 10:00 PM,2023,12,24,22,62.1,154,Unhealthy,53.0,UG/M3,1 Hr,Valid
Tashkent,PM2.5 - Principal,2023-12-24 11:00 PM,2023,12,24,23,62.5,155,Unhealthy,63.0,UG/M3,1 Hr,Valid
Tashkent,PM2.5 - Principal,2023-12-25 12:00 AM,2023,12,25,00,56.7,152,Unhealthy,51.0,UG/M3,1 Hr,Valid
Tashkent,PM2.5 - Principal,2023-12-25 01:00 AM,2023,12,25,01,47.3,130,Unhealthy for Sensitive Groups,38.0,UG/M3,1 Hr,Valid
Tashkent,PM2.5 - Principal,2023-12-25 02:00 AM,2023,12,25,02,43.6,121,Unhealthy for Sensitive Groups,40.0,UG/M3,1 Hr,Valid
Tashkent,PM2.5 - Principal,2023-12-25 03:00 AM,2023,12,25,03,40.8,114,Unhealthy for Sensitive Groups,38.0,UG/M3,1 Hr,Valid
Tashkent,PM2.5 - Principal,2023-12-25 04:00 AM,2023,12,25,04,35.9,102,Unhealthy for Sensitive Groups,31.0,UG/M3,1 Hr,Valid
Tashkent,PM2.5 - Principal,2023-12-25 05:00 AM,2023,12,25,05,36.9,104,Unhealthy for Sensitive Groups,38.0,UG/M3,1 Hr,Valid
Tashkent,PM2.5 - Principal,2023-12-25 06:00 AM,2023,12,25,06,37.4,106,Unhealthy for Sensitive Groups,38.0,UG/M3,1 Hr,Valid
Tashkent,PM2.5 - Principal,2023-12-25 07:00 AM,2023,12,25,07,39.2,110,Unhealthy for Sensitive Groups,41.0,UG/M3,1 Hr,Valid
Tashkent,PM2.5 - Principal,2023-12-25 08:00 AM,2023,12,25,08,47.6,131,Unhealthy for Sensitive Groups,56.0,UG/M3,1 Hr,Valid
Tashkent,PM2.5 - Principal,2023-12-25 09:00 AM,2023,12,25,09,68.8,158,Unhealthy,90.0,UG/M3,1 Hr,Valid
Tashkent,PM2.5 - Principal,2023-12-25 10:00 AM,2023,12,25,10,60.9,154,Unhealthy,53.0,UG/M3,1 Hr,Valid
Tashkent,PM2.5 - Principal,2023-12-25 11:00 AM,2023,12,25,11,57.9,152,Unhealthy,55.0,UG/M3,1 Hr,Valid
Tashkent,PM2.5 - Principal,2023-12-25 12:00 PM,2023,12,25,12,63.4,155,Unhealthy,69.0,UG/M3,1 Hr,Valid
Tashkent,PM2.5 - Principal,2023-12-25 01:00 PM,2023,12,25,13,69.7,158,Unhealthy,76.0,UG/M3,1 Hr,Valid
Tashkent,PM2.5 - Principal,2023-12-25 02:00 PM,2023,12,25,14,71.3,159,Unhealthy,73.0,UG/M3,1 Hr,Valid
Tashkent,PM2.5 - Principal,2023-12-25 03:00 PM,2023,12,25,15,74.6,161,Unhealthy,78.0,UG/M3,1 Hr,Valid
Tashkent,PM2.5 - Principal,2023-12-25 04:00 PM,2023,12,25,16,67.3,157,Unhealthy,60.0,UG/M3,1 Hr,Valid
Tashkent,PM2.5 - Principal,2023-12-25 05:00 PM,2023,12,25,17,71.6,159,Unhealthy,76.0,UG/M3,1 Hr,Valid
Tashkent,PM2.5 - Principal,2023-12-25 06:00 PM,2023,12,25,18,90.8,169,Unhealthy,110.0,UG/M3,1 Hr,Valid
Tashkent,PM2.5 - Principal,2023-12-25 07:00 PM,2023,12,25,19,83.4,165,Unhealthy,76.0,UG/M3,1 Hr,Valid
Tashkent,PM2.5 - Principal,2023-12-25 08:00 PM,2023,12,25,20,93.2,170,Unhealthy,103.0,UG/M3,1 Hr,Valid
Tashkent,PM2.5 - Principal,2023-12-25 09:00 PM,2023,12,25,21,91.1,169,Unhealthy,89.0,UG/M3,1 Hr,Valid
Tashkent,PM2.5 - Principal,2023-12-25 10:00 PM,2023,12,25,22,76.0,162,Unhealthy,61.0,UG/M3,1 Hr,Valid
Tashkent,PM2.5 - Principal,2023-12-25 11:00 PM,2023,12,25,23,98.0,173,Unhealthy,120.0,UG/M3,1 Hr,Valid
Tashkent,PM2.5 - Principal,2023-12-26 12:00 AM,2023,12,26,00,149.0,199,Unhealthy,200.0,UG/M3,1 Hr,Valid
Tashkent,PM2.5 - Principal,2023-12-26 01:00 AM,2023,12,26,01,245.5,295,Very Unhealthy,342.0,UG/M3,1 Hr,Valid
Tashkent,PM2.5 - Principal,2023-12-26 02:00 AM,2023,12,26,02,329.8,380,Hazardous,414.0,UG/M3,1 Hr,Valid
Tashkent,PM2.5 - Principal,2023-12-26 03:00 AM,2023,12,26,03,294.9,345,Hazardous,260.0,UG/M3,1 Hr,Valid
Tashkent,PM2.5 - Principal,2023-12-26 04:00 AM,2023,12,26,04,188.9,239,Very Unhealthy,83.0,UG/M3,1 Hr,Valid
Tashkent,PM2.5 - Principal,2023-12-26 05:00 AM,2023,12,26,05,123.4,186,Unhealthy,58.0,UG/M3,1 Hr,Valid
Tashkent,PM2.5 - Principal,2023-12-26 06:00 AM,2023,12,26,06,81.2,164,Unhealthy,39.0,UG/M3,1 Hr,Valid
Tashkent,PM2.5 - Principal,2023-12-26 07:00 AM,2023,12,26,07,54.6,148,Unhealthy for Sensitive Groups,28.0,UG/M3,1 Hr,Valid
Tashkent,PM2.5 - Principal,2023-12-26 08:00 AM,2023,12,26,08,37.2,105,Unhealthy for Sensitive Groups,20.0,UG/M3,1 Hr,Valid
Tashkent,PM2.5 - Principal,2023-12-26 09:00 AM,2023,12,26,09,25.1,78,Moderate,13.0,UG/M3,1 Hr,Valid
Tashkent,PM2.5 - Principal,2023-12-26 10:00 AM,2023,12,26,10,16.5,60,Moderate,8.0,UG/M3,1 Hr,Valid
Tashkent,PM2.5 - Principal,2023-12-26 11:00 AM,2023,12,26,11,18.7,65,Moderate,21.0,UG/M3,1 Hr,Valid
Tashkent,PM2.5 - Principal,2023-12-26 12:00 PM,2023,12,26,12,17.8,63,Moderate,17.0,UG/M3,1 Hr,Valid
Tashkent,PM2.5 - Principal,2023-12-26 01:00 PM,2023,12,26,13,19.3,66,Moderate,21.0,UG/M3,1 Hr,Valid
Tashkent,PM2.5 - Principal,2023-12-26 02:00 PM,2023,12,26,14,22.1,72,Moderate,25.0,UG/M3,1 Hr,Valid
Tashkent,PM2.5 - Principal,2023-12-26 03:00 PM,2023,12,26,15,26.5,81,Moderate,31.0,UG/M3,1 Hr,Valid
Tashkent,PM2.5 - Principal,2023-12-26 04:00 PM,2023,12,26,16,34.7,99,Moderate,43.0,UG/M3,1 Hr,Valid
Tashkent,PM2.5 - Principal,2023-12-26 05:00 PM,2023,12,26,17,38.8,109,Unhealthy for Sensitive Groups,43.0,UG/M3,1 Hr,Valid
Tashkent,PM2.5 - Principal,2023-12-26 06:00 PM,2023,12,26,18,43.4,120,Unhealthy for Sensitive Groups,48.0,UG/M3,1 Hr,Valid
Tashkent,PM2.5 - Principal,2023-12-26 07:00 PM,2023,12,26,19,55.2,150,Unhealthy for Sensitive Groups,67.0,UG/M3,1 Hr,Valid
Tashkent,PM2.5 - Principal,2023-12-26 08:00 PM,2023,12,26,20,64.6,156,Unhealthy,74.0,UG/M3,1 Hr,Valid
Tashkent,PM2.5 - Principal,2023-12-26 09:00 PM,2023,12,26,21,79.3,163,Unhealthy,94.0,UG/M3,1 Hr,Valid
Tashkent,PM2.5 - Principal,2023-12-26 10:00 PM,2023,12,26,22,84.1,166,Unhealthy,89.0,UG/M3,1 Hr,Valid
Tashkent,PM2.5 - Principal,2023-12-26 11:00 PM,2023,12,26,23,144.1,197,Unhealthy,204.0,UG/M3,1 Hr,Valid
Tashkent,PM2.5 - Principal,2023-12-27 12:00 AM,2023,12,27,00,153.5,204,Very Unhealthy,163.0,UG/M3,1 Hr,Valid
Tashkent,PM2.5 - Principal,2023-12-27 01:00 AM,2023,12,27,01,130.2,190,Unhealthy,107.0,UG/M3,1 Hr,Valid
Tashkent,PM2.5 - Principal,2023-12-27 02:00 AM,2023,12,27,02,93.6,171,Unhealthy,57.0,UG/M3,1 Hr,Valid
Tashkent,PM2.5 - Principal,2023-12-27 03:00 AM,2023,12,27,03,100.3,174,Unhealthy,107.0,UG/M3,1 Hr,Valid
Tashkent,PM2.5 - Principal,2023-12-27 04:00 AM,2023,12,27,04,107.6,178,Unhealthy,115.0,UG/M3,1 Hr,Valid
Tashkent,PM2.5 - Principal,2023-12-27 05:00 AM,2023,12,27,05,89.8,169,Unhealthy,72.0,UG/M3,1 Hr,Valid
Tashkent,PM2.5 - Principal,2023-12-27 06:00 AM,2023,12,27,06,72.9,160,Unhealthy,56.0,UG/M3,1 Hr,Valid
Tashkent,PM2.5 - Principal,2023-12-27 07:00 AM,2023,12,27,07,60.4,154,Unhealthy,48.0,UG/M3,1 Hr,Valid
Tashkent,PM2.5 - Principal,2023-12-27 08:00 AM,2023,12,27,08,52.7,143,Unhealthy for Sensitive Groups,45.0,UG/M3,1 Hr,Valid
Tashkent,PM2.5 - Principal,2023-12-27 09:00 AM,2023,12,27,09,57.8,152,Unhealthy,63.0,UG/M3,1 Hr,Valid
Tashkent,PM2.5 - Principal,2023-12-27 10:00 AM,2023,12,27,10,74.9,161,Unhealthy,92.0,UG/M3,1 Hr,Valid
Tashkent,PM2.5 - Principal,2023-12-27 11:00 AM,2023,12,27,11,107.4,178,Unhealthy,140.0,UG/M3,1 Hr,Valid
Tashkent,PM2.5 - Principal,2023-12-27 12:00 PM,2023,12,27,12,186.2,236,Very Unhealthy,265.0,UG/M3,1 Hr,Valid
Tashkent,PM2.5 - Principal,2023-12-27 01:00 PM,2023,12,27,13,245.6,295,Very Unhealthy,305.0,UG/M3,1 Hr,Valid
Tashkent,PM2.5 - Principal,2023-12-27 02:00 PM,2023,12,27,14,261.8,312,Hazardous,278.0,UG/M3,1 Hr,Valid
Tashkent,PM2.5 - Principal,2023-12-27 03:00 PM,2023,12,27,15,244.9,295,Very Unhealthy,228.0,UG/M3,1 Hr,Valid
Tashkent,PM2.5 - Principal,2023-12-27 04:00 PM,2023,12,27,16,192.4,243,Very Unhealthy,140.0,UG/M3,1 Hr,Valid
Tashkent,PM2.5 - Principal,2023-12-27 05:00 PM,2023,12,27,17,142.2,196,Unhealthy,92.0,UG/M3,1 Hr,Valid
Tashkent,PM2.5 - Principal,2023-12-27 06:00 PM,2023,12,27,18,123.6,186,Unhealthy,105.0,UG/M3,1 Hr,Valid
Tashkent,PM2.5 - Principal,2023-12-27 07:00 PM,2023,12,27,19,100.8,174,Unhealthy,78.0,UG/M3,1 Hr,Valid
Tashkent,PM2.5 - Principal,2023-12-27 08:00 PM,2023,12,27,20,96.9,172,Unhealthy,93.0,UG/M3,1 Hr,Valid
Tashkent,PM2.5 - Principal,2023-12-27 09:00 PM,2023,12,27,21,97.9,173,Unhealthy,99.0,UG/M3,1 Hr,Valid
Tashkent,PM2.5 - Principal,2023-12-27 10:00 PM,2023,12,27,22,108.4,178,Unhealthy,119.0,UG/M3,1 Hr,Valid
Tashkent,PM2.5 - Principal,2023-12-27 11:00 PM,2023,12,27,23,110.7,180,Unhealthy,113.0,UG/M3,1 Hr,Valid
Tashkent,PM2.5 - Principal,2023-12-28 12:00 AM,2023,12,28,00,104.8,176,Unhealthy,99.0,UG/M3,1 Hr,Valid
Tashkent,PM2.5 - Principal,2023-12-28 01:00 AM,2023,12,28,01,87.8,168,Unhealthy,71.0,UG/M3,1 Hr,Valid
Tashkent,PM2.5 - Principal,2023-12-28 02:00 AM,2023,12,28,02,65.4,156,Unhealthy,43.0,UG/M3,1 Hr,Valid
Tashkent,PM2.5 - Principal,2023-12-28 03:00 AM,2023,12,28,03,51.6,141,Unhealthy for Sensitive Groups,38.0,UG/M3,1 Hr,Valid
Tashkent,PM2.5 - Principal,2023-12-28 04:00 AM,2023,12,28,04,39.8,112,Unhealthy for Sensitive Groups,28.0,UG/M3,1 Hr,Valid
Tashkent,PM2.5 - Principal,2023-12-28 05:00 AM,2023,12,28,05,36.4,103,Unhealthy for Sensitive Groups,33.0,UG/M3,1 Hr,Valid
Tashkent,PM2.5 - Principal,2023-12-28 06:00 AM,2023,12,28,06,32.6,94,Moderate,29.0,UG/M3,1 Hr,Valid
Tashkent,PM2.5 - Principal,2023-12-28 07:00 AM,2023,12,28,07,57.8,152,Unhealthy,83.0,UG/M3,1 Hr,Valid
Tashkent,PM2.5 - Principal,2023-12-28 08:00 AM,2023,12,28,08,49.9,136,Unhealthy for Sensitive Groups,42.0,UG/M3,1 Hr,Valid
Tashkent,PM2.5 - Principal,2023-12-28 09:00 AM,2023,12,28,09,40.4,113,Unhealthy for Sensitive Groups,31.0,UG/M3,1 Hr,Valid
Tashkent,PM2.5 - Principal,2023-12-28 10:00 AM,2023,12,28,10,33.7,96,Moderate,27.0,UG/M3,1 Hr,Valid
Tashkent,PM2.5 - Principal,2023-12-28 11:00 AM,2023,12,28,11,31.8,92,Moderate,30.0,UG/M3,1 Hr,Valid
Tashkent,PM2.5 - Principal,2023-12-28 12:00 PM,2023,12,28,12,29.4,87,Moderate,27.0,UG/M3,1 Hr,Valid
Tashkent,PM2.5 - Principal,2023-12-28 01:00 PM,2023,12,28,13,30.7,90,Moderate,32.0,UG/M3,1 Hr,Valid
Tashkent,PM2.5 - Principal,2023-12-28 02:00 PM,2023,12,28,14,27.8,84,Moderate,25.0,UG/M3,1 Hr,Valid
Tashkent,PM2.5 - Principal,2023-12-28 03:00 PM,2023,12,28,15,27.4,83,Moderate,27.0,UG/M3,1 Hr,Valid
Tashkent,PM2.5 - Principal,2023-12-28 04:00 PM,2023,12,28,16,26.2,81,Moderate,25.0,UG/M3,1 Hr,Valid
Tashkent,PM2.5 - Principal,2023-12-28 05:00 PM,2023,12,28,17,27.6,84,Moderate,29.0,UG/M3,1 Hr,Valid
Tashkent,PM2.5 - Principal,2023-12-28 06:00 PM,2023,12,28,18,28.8,86,Moderate,30.0,UG/M3,1 Hr,Valid
Tashkent,PM2.5 - Principal,2023-12-28 07:00 PM,2023,12,28,19,35.9,102,Unhealthy for Sensitive Groups,45.0,UG/M3,1 Hr,Valid
Tashkent,PM2.5 - Principal,2023-12-28 08:00 PM,2023,12,28,20,39.9,112,Unhealthy for Sensitive Groups,45.0,UG/M3,1 Hr,Valid
Tashkent,PM2.5 - Principal,2023-12-28 09:00 PM,2023,12,28,21,40.4,113,Unhealthy for Sensitive Groups,41.0,UG/M3,1 Hr,Valid
Tashkent,PM2.5 - Principal,2023-12-28 10:00 PM,2023,12,28,22,43.6,121,Unhealthy for Sensitive Groups,47.0,UG/M3,1 Hr,Valid
Tashkent,PM2.5 - Principal,2023-12-28 11:00 PM,2023,12,28,23,37.7,106,Unhealthy for Sensitive Groups,31.0,UG/M3,1 Hr,Valid
Tashkent,PM2.5 - Principal,2023-12-29 12:00 AM,2023,12,29,00,35.5,101,Unhealthy for Sensitive Groups,33.0,UG/M3,1 Hr,Valid
Tashkent,PM2.5 - Principal,2023-12-29 01:00 AM,2023,12,29,01,38.5,108,Unhealthy for Sensitive Groups,42.0,UG/M3,1 Hr,Valid
Tashkent,PM2.5 - Principal,2023-12-29 02:00 AM,2023,12,29,02,53.8,146,Unhealthy for Sensitive Groups,69.0,UG/M3,1 Hr,Valid
Tashkent,PM2.5 - Principal,2023-12-29 03:00 AM,2023,12,29,03,98.9,173,Unhealthy,144.0,UG/M3,1 Hr,Valid
Tashkent,PM2.5 - Principal,2023-12-29 04:00 AM,2023,12,29,04,218.4,268,Very Unhealthy,338.0,UG/M3,1 Hr,Valid
Tashkent,PM2.5 - Principal,2023-12-29 05:00 AM,2023,12,29,05,351.3,402,Hazardous,484.0,UG/M3,1 Hr,Valid
Tashkent,PM2.5 - Principal,2023-12-29 06:00 AM,2023,12,29,06,439.2,460,Hazardous,527.0,UG/M3,1 Hr,Valid
Tashkent,PM2.5 - Principal,2023-12-29 07:00 AM,2023,12,29,07,472.1,481,Hazardous,505.0,UG/M3,1 Hr,Valid
Tashkent,PM2.5 - Principal,2023-12-29 08:00 AM,2023,12,29,08,394.1,430,Hazardous,316.0,UG/M3,1 Hr,Valid
Tashkent,PM2.5 - Principal,2023-12-29 09:00 AM,2023,12,29,09,229.5,279,Very Unhealthy,65.0,UG/M3,1 Hr,Valid
Tashkent,PM2.5 - Principal,2023-12-29 10:00 AM,2023,12,29,10,123.7,186,Unhealthy,18.0,UG/M3,1 Hr,Valid
Tashkent,PM2.5 - Principal,2023-12-29 11:00 AM,2023,12,29,11,66.3,157,Unhealthy,9.0,UG/M3,1 Hr,Valid
Tashkent,PM2.5 - Principal,2023-12-29 12:00 PM,2023,12,29,12,36.1,102,Unhealthy for Sensitive Groups,6.0,UG/M3,1 Hr,Valid
Tashkent,PM2.5 - Principal,2023-12-29 01:00 PM,2023,12,29,13,21.0,70,Moderate,6.0,UG/M3,1 Hr,Valid
Tashkent,PM2.5 - Principal,2023-12-29 02:00 PM,2023,12,29,14,15.5,58,Moderate,10.0,UG/M3,1 Hr,Valid
Tashkent,PM2.5 - Principal,2023-12-29 03:00 PM,2023,12,29,15,16.2,60,Moderate,17.0,UG/M3,1 Hr,Valid
Tashkent,PM2.5 - Principal,2023-12-29 04:00 PM,2023,12,29,16,19.0,66,Moderate,22.0,UG/M3,1 Hr,Valid
Tashkent,PM2.5 - Principal,2023-12-29 05:00 PM,2023,12,29,17,19.4,66,Moderate,20.0,UG/M3,1 Hr,Valid
Tashkent,PM2.5 - Principal,2023-12-29 06:00 PM,2023,12,29,18,31.1,91,Moderate,43.0,UG/M3,1 Hr,Valid
Tashkent,PM2.5 - Principal,2023-12-29 07:00 PM,2023,12,29,19,27.0,82,Moderate,23.0,UG/M3,1 Hr,Valid
Tashkent,PM2.5 - Principal,2023-12-29 08:00 PM,2023,12,29,20,25.4,79,Moderate,24.0,UG/M3,1 Hr,Valid
Tashkent,PM2.5 - Principal,2023-12-29 09:00 PM,2023,12,29,21,28.2,85,Moderate,31.0,UG/M3,1 Hr,Valid
Tashkent,PM2.5 - Principal,2023-12-29 10:00 PM,2023,12,29,22,48.1,132,Unhealthy for Sensitive Groups,68.0,UG/M3,1 Hr,Valid
Tashkent,PM2.5 - Principal,2023-12-29 11:00 PM,2023,12,29,23,123.5,186,Unhealthy,199.0,UG/M3,1 Hr,Valid
Tashkent,PM2.5 - Principal,2023-12-30 12:00 AM,2023,12,30,00,162.3,213,Very Unhealthy,201.0,UG/M3,1 Hr,Valid
Tashkent,PM2.5 - Principal,2023-12-30 01:00 AM,2023,12,30,01,151.1,202,Very Unhealthy,140.0,UG/M3,1 Hr,Valid
Tashkent,PM2.5 - Principal,2023-12-30 02:00 AM,2023,12,30,02,140.6,195,Unhealthy,130.0,UG/M3,1 Hr,Valid
Tashkent,PM2.5 - Principal,2023-12-30 03:00 AM,2023,12,30,03,136.8,193,Unhealthy,133.0,UG/M3,1 Hr,Valid
Tashkent,PM2.5 - Principal,2023-12-30 04:00 AM,2023,12,30,04,124.9,187,Unhealthy,113.0,UG/M3,1 Hr,Valid
Tashkent,PM2.5 - Principal,2023-12-30 05:00 AM,2023,12,30,05,127.9,188,Unhealthy,131.0,UG/M3,1 Hr,Valid
Tashkent,PM2.5 - Principal,2023-12-30 06:00 AM,2023,12,30,06,128.9,189,Unhealthy,130.0,UG/M3,1 Hr,Valid
Tashkent,PM2.5 - Principal,2023-12-30 07:00 AM,2023,12,30,07,140.5,195,Unhealthy,152.0,UG/M3,1 Hr,Valid
Tashkent,PM2.5 - Principal,2023-12-30 08:00 AM,2023,12,30,08,138.2,194,Unhealthy,136.0,UG/M3,1 Hr,Valid
Tashkent,PM2.5 - Principal,2023-12-30 09:00 AM,2023,12,30,09,120.6,185,Unhealthy,103.0,UG/M3,1 Hr,Valid
Tashkent,PM2.5 - Principal,2023-12-30 10:00 AM,2023,12,30,10,113.2,181,Unhealthy,105.0,UG/M3,1 Hr,Valid
Tashkent,PM2.5 - Principal,2023-12-30 11:00 AM,2023,12,30,11,132.6,191,Unhealthy,153.0,UG/M3,1 Hr,Valid
Tashkent,PM2.5 - Principal,2023-12-30 12:00 PM,2023,12,30,12,110.8,180,Unhealthy,85.0,UG/M3,1 Hr,Valid
Tashkent,PM2.5 - Principal,2023-12-30 01:00 PM,2023,12,30,13,89.9,169,Unhealthy,71.0,UG/M3,1 Hr,Valid
Tashkent,PM2.5 - Principal,2023-12-30 02:00 PM,2023,12,30,14,89.4,169,Unhealthy,89.0,UG/M3,1 Hr,Valid
Tashkent,PM2.5 - Principal,2023-12-30 03:00 PM,2023,12,30,15,88.7,168,Unhealthy,88.0,UG/M3,1 Hr,Valid
Tashkent,PM2.5 - Principal,2023-12-30 04:00 PM,2023,12,30,16,85.3,166,Unhealthy,82.0,UG/M3,1 Hr,Valid
Tashkent,PM2.5 - Principal,2023-12-30 05:00 PM,2023,12,30,17,74.1,161,Unhealthy,63.0,UG/M3,1 Hr,Valid
Tashkent,PM2.5 - Principal,2023-12-30 06:00 PM,2023,12,30,18,71.0,159,Unhealthy,68.0,UG/M3,1 Hr,Valid
Tashkent,PM2.5 - Principal,2023-12-30 07:00 PM,2023,12,30,19,87.5,168,Unhealthy,104.0,UG/M3,1 Hr,Valid
Tashkent,PM2.5 - Principal,2023-12-30 08:00 PM,2023,12,30,20,111.2,180,Unhealthy,135.0,UG/M3,1 Hr,Valid
Tashkent,PM2.5 - Principal,2023-12-30 09:00 PM,2023,12,30,21,112.1,180,Unhealthy,113.0,UG/M3,1 Hr,Valid
Tashkent,PM2.5 - Principal,2023-12-30 10:00 PM,2023,12,30,22,105.0,177,Unhealthy,98.0,UG/M3,1 Hr,Valid
Tashkent,PM2.5 - Principal,2023-12-30 11:00 PM,2023,12,30,23,71.5,159,Unhealthy,38.0,UG/M3,1 Hr,Valid
Tashkent,PM2.5 - Principal,2023-12-31 12:00 AM,2023,12,31,00,61.2,154,Unhealthy,51.0,UG/M3,1 Hr,Valid
Tashkent,PM2.5 - Principal,2023-12-31 01:00 AM,2023,12,31,01,46.6,128,Unhealthy for Sensitive Groups,32.0,UG/M3,1 Hr,Valid
Tashkent,PM2.5 - Principal,2023-12-31 02:00 AM,2023,12,31,02,80.3,164,Unhealthy,114.0,UG/M3,1 Hr,Valid
Tashkent,PM2.5 - Principal,2023-12-31 03:00 AM,2023,12,31,03,91.6,170,Unhealthy,103.0,UG/M3,1 Hr,Valid
Tashkent,PM2.5 - Principal,2023-12-31 04:00 AM,2023,12,31,04,86.8,167,Unhealthy,82.0,UG/M3,1 Hr,Valid
Tashkent,PM2.5 - Principal,2023-12-31 05:00 AM,2023,12,31,05,87.4,167,Unhealthy,88.0,UG/M3,1 Hr,Valid
Tashkent,PM2.5 - Principal,2023-12-31 06:00 AM,2023,12,31,06,88.7,168,Unhealthy,90.0,UG/M3,1 Hr,Valid
Tashkent,PM2.5 - Principal,2023-12-31 07:00 AM,2023,12,31,07,92.8,170,Unhealthy,97.0,UG/M3,1 Hr,Valid
Tashkent,PM2.5 - Principal,2023-12-31 08:00 AM,2023,12,31,08,81.9,165,Unhealthy,71.0,UG/M3,1 Hr,Valid
Tashkent,PM2.5 - Principal,2023-12-31 09:00 AM,2023,12,31,09,108.4,178,Unhealthy,135.0,UG/M3,1 Hr,Valid
Tashkent,PM2.5 - Principal,2023-12-31 10:00 AM,2023,12,31,10,110.2,179,Unhealthy,112.0,UG/M3,1 Hr,Valid
Tashkent,PM2.5 - Principal,2023-12-31 11:00 AM,2023,12,31,11,104.6,176,Unhealthy,99.0,UG/M3,1 Hr,Valid
Tashkent,PM2.5 - Principal,2023-12-31 12:00 PM,2023,12,31,12,91.3,169,Unhealthy,78.0,UG/M3,1 Hr,Valid
Tashkent,PM2.5 - Principal,2023-12-31 01:00 PM,2023,12,31,13,78.6,163,Unhealthy,66.0,UG/M3,1 Hr,Valid
Tashkent,PM2.5 - Principal,2023-12-31 02:00 PM,2023,12,31,14,60.8,154,Unhealthy,43.0,UG/M3,1 Hr,Valid
Tashkent,PM2.5 - Principal,2023-12-31 03:00 PM,2023,12,31,15,40.9,114,Unhealthy for Sensitive Groups,21.0,UG/M3,1 Hr,Valid
Tashkent,PM2.5 - Principal,2023-12-31 04:00 PM,2023,12,31,16,60.9,154,Unhealthy,81.0,UG/M3,1 Hr,Valid
Tashkent,PM2.5 - Principal,2023-12-31 05:00 PM,2023,12,31,17,68.9,158,Unhealthy,77.0,UG/M3,1 Hr,Valid
Tashkent,PM2.5 - Principal,2023-12-31 06:00 PM,2023,12,31,18,71.9,159,Unhealthy,75.0,UG/M3,1 Hr,Valid
Tashkent,PM2.5 - Principal,2023-12-31 07:00 PM,2023,12,31,19,70.4,159,Unhealthy,69.0,UG/M3,1 Hr,Valid
Tashkent,PM2.5 - Principal,2023-12-31 08:00 PM,2023,12,31,20,87.2,167,Unhealthy,104.0,UG/M3,1 Hr,Valid
Tashkent,PM2.5 - Principal,2023-12-31 09:00 PM,2023,12,31,21,82.1,165,Unhealthy,77.0,UG/M3,1 Hr,Valid
Tashkent,PM2.5 - Principal,2023-12-31 10:00 PM,2023,12,31,22,74.5,161,Unhealthy,67.0,UG/M3,1 Hr,Valid
Tashkent,PM2.5 - Principal,2023-12-31 11:00 PM,2023,12,31,23,62.2,154,Unhealthy,50.0,UG/M3,1 Hr,Valid
Tashkent,PM2.5 - Principal,2024-01-01 12:00 AM,2024,01,01,00,57.6,152,Unhealthy,53.0,UG/M3,1 Hr,Valid
