Site,Parameter,Date (LT),Year,Month,Day,Hour,NowCast Conc.,AQI,AQI Category,Raw Conc.,Conc. Unit,Duration,QC Name
Nairobi CMR,PM2.5 - Principal,2025-01-28 02:00 PM,2025,01,28,14,-999.0,-999,N/A,1.2,UG/M3,1 Hr,Valid
Nairobi CMR,PM2.5 - Principal,2025-01-28 03:00 PM,2025,01,28,15,1.2,7,Good,1.2,UG/M3,1 Hr,Valid
Nairobi CMR,PM2.5 - Principal,2025-01-28 04:00 PM,2025,01,28,16,1.1,6,Good,1.0,UG/M3,1 Hr,Valid
Nairobi CMR,PM2.5 - Principal,2025-01-28 05:00 PM,2025,01,28,17,0.9,5,Good,0.8,UG/M3,1 Hr,Valid
Nairobi CMR,PM2.5 - Principal,2025-01-28 06:00 PM,2025,01,28,18,0.6,3,Good,0.3,UG/M3,1 Hr,Valid
Nairobi CMR,PM2.5 - Principal,2025-01-28 07:00 PM,2025,01,28,19,0.5,3,Good,0.5,UG/M3,1 Hr,Valid
Nairobi CMR,PM2.5 - Principal,2025-01-28 08:00 PM,2025,01,28,20,0.6,3,Good,0.7,UG/M3,1 Hr,Valid
Nairobi CMR,PM2.5 - Principal,2025-01-28 09:00 PM,2025,01,28,21,0.5,3,Good,0.4,UG/M3,1 Hr,Valid
Nairobi CMR,PM2.5 - Principal,2025-01-28 10:00 PM,2025,01,28,22,0.5,3,Good,0.5,UG/M3,1 Hr,Valid
Nairobi CMR,PM2.5 - Principal,2025-01-28 11:00 PM,2025,01,28,23,0.5,3,Good,0.5,UG/M3,1 Hr,Valid
Nairobi CMR,PM2.5 - Principal,2025-01-29 12:00 AM,2025,01,29,00,0.5,3,Good,0.6,UG/M3,1 Hr,Valid
Nairobi CMR,PM2.5 - Principal,2025-01-29 01:00 AM,2025,01,29,01,0.5,3,Good,0.6,UG/M3,1 Hr,Valid
Nairobi CMR,PM2.5 - Principal,2025-01-29 02:00 AM,2025,01,29,02,0.5,3,Good,0.5,UG/M3,1 Hr,Valid
Nairobi CMR,PM2.5 - Principal,2025-01-29 03:00 AM,2025,01,29,03,0.5,3,Good,0.5,UG/M3,1 Hr,Valid
Nairobi CMR,PM2.5 - Principal,2025-01-29 04:00 AM,2025,01,29,04,0.5,3,Good,0.5,UG/M3,1 Hr,Valid
Nairobi CMR,PM2.5 - Principal,2025-01-29 05:00 AM,2025,01,29,05,0.5,3,Good,0.6,UG/M3,1 Hr,Valid
Nairobi CMR,PM2.5 - Principal,2025-01-29 06:00 AM,2025,01,29,06,0.6,3,Good,0.7,UG/M3,1 Hr,Valid
Nairobi CMR,PM2.5 - Principal,2025-01-29 07:00 AM,2025,01,29,07,0.6,3,Good,0.6,UG/M3,1 Hr,Valid
Nairobi CMR,PM2.5 - Principal,2025-01-29 08:00 AM,2025,01,29,08,0.6,3,Good,0.6,UG/M3,1 Hr,Valid
Nairobi CMR,PM2.5 - Principal,2025-01-29 09:00 AM,2025,01,29,09,0.7,4,Good,0.9,UG/M3,1 Hr,Valid
Nairobi CMR,PM2.5 - Principal,2025-01-29 10:00 AM,2025,01,29,10,0.6,3,Good,0.5,UG/M3,1 Hr,Valid
Nairobi CMR,PM2.5 - Principal,2025-01-29 11:00 AM,2025,01,29,11,0.5,3,Good,0.4,UG/M3,1 Hr,Valid
Nairobi CMR,PM2.5 - Principal,2025-01-29 12:00 PM,2025,01,29,12,0.4,2,Good,0.3,UG/M3,1 Hr,Valid
Nairobi CMR,PM2.5 - Principal,2025-01-29 01:00 PM,2025,01,29,13,0.2,1,Good,0.1,UG/M3,1 Hr,Valid
Nairobi CMR,PM2.5 - Principal,2025-01-29 02:00 PM,2025,01,29,14,0.2,1,Good,0.2,UG/M3,1 Hr,Valid
Nairobi CMR,PM2.5 - Principal,2025-01-29 03:00 PM,2025,01,29,15,0.2,1,Good,0.3,UG/M3,1 Hr,Valid
Nairobi CMR,PM2.5 - Principal,2025-01-29 04:00 PM,2025,01,29,16,0.3,2,Good,0.5,UG/M3,1 Hr,Valid
Nairobi CMR,PM2.5 - Principal,2025-01-29 05:00 PM,2025,01,29,17,0.5,3,Good,0.7,UG/M3,1 Hr,Valid
Nairobi CMR,PM2.5 - Principal,2025-01-29 06:00 PM,2025,01,29,18,0.5,3,Good,0.6,UG/M3,1 Hr,Valid
Nairobi CMR,PM2.5 - Principal,2025-01-29 07:00 PM,2025,01,29,19,0.8,4,Good,1.1,UG/M3,1 Hr,Valid
Nairobi CMR,PM2.5 - Principal,2025-01-29 08:00 PM,2025,01,29,20,0.8,4,Good,0.8,UG/M3,1 Hr,Valid
Nairobi CMR,PM2.5 - Principal,2025-01-29 09:00 PM,2025,01,29,21,0.7,4,Good,0.7,UG/M3,1 Hr,Valid
Nairobi CMR,PM2.5 - Principal,2025-01-29 10:00 PM,2025,01,29,22,0.8,4,Good,1.0,UG/M3,1 Hr,Valid
Nairobi CMR,PM2.5 - Principal,2025-01-29 11:00 PM,2025,01,29,23,0.8,4,Good,0.9,UG/M3,1 Hr,Valid
Nairobi CMR,PM2.5 - Principal,2025-01-30 12:00 AM,2025,01,30,00,0.8,4,Good,0.9,UG/M3,1 Hr,Valid
Nairobi CMR,PM2.5 - Principal,2025-01-30 01:00 AM,2025,01,30,01,0.8,4,Good,0.9,UG/M3,1 Hr,Valid
Nairobi CMR,PM2.5 - Principal,2025-01-30 02:00 AM,2025,01,30,02,0.8,4,Good,0.8,UG/M3,1 Hr,Valid
Nairobi CMR,PM2.5 - Principal,2025-01-30 03:00 AM,2025,01,30,03,0.7,4,Good,0.7,UG/M3,1 Hr,Valid
Nairobi CMR,PM2.5 - Principal,2025-01-30 04:00 AM,2025,01,30,04,0.7,4,Good,0.7,UG/M3,1 Hr,Valid
Nairobi CMR,PM2.5 - Principal,2025-01-30 05:00 AM,2025,01,30,05,0.6,3,Good,0.5,UG/M3,1 Hr,Valid
Nairobi CMR,PM2.5 - Principal,2025-01-30 06:00 AM,2025,01,30,06,0.5,3,Good,0.4,UG/M3,1 Hr,Valid
Nairobi CMR,PM2.5 - Principal,2025-01-30 07:00 AM,2025,01,30,07,0.5,3,Good,0.5,UG/M3,1 Hr,Valid
Nairobi CMR,PM2.5 - Principal,2025-01-30 08:00 AM,2025,01,30,08,0.5,3,Good,0.5,UG/M3,1 Hr,Valid
Nairobi CMR,PM2.5 - Principal,2025-01-30 09:00 AM,2025,01,30,09,0.4,2,Good,0.4,UG/M3,1 Hr,Valid
Nairobi CMR,PM2.5 - Principal,2025-01-30 10:00 AM,2025,01,30,10,0.4,2,Good,0.5,UG/M3,1 Hr,Valid
Nairobi CMR,PM2.5 - Principal,2025-01-30 11:00 AM,2025,01,30,11,0.4,2,Good,0.5,UG/M3,1 Hr,Valid
Nairobi CMR,PM2.5 - Principal,2025-01-30 12:00 PM,2025,01,30,12,0.4,2,Good,0.4,UG/M3,1 Hr,Valid
Nairobi CMR,PM2.5 - Principal,2025-01-30 01:00 PM,2025,01,30,13,0.4,2,Good,0.5,UG/M3,1 Hr,Valid
Nairobi CMR,PM2.5 - Principal,2025-01-30 02:00 PM,2025,01,30,14,0.4,2,Good,0.5,UG/M3,1 Hr,Valid
Nairobi CMR,PM2.5 - Principal,2025-01-30 03:00 PM,2025,01,30,15,0.4,2,Good,0.4,UG/M3,1 Hr,Valid
Nairobi CMR,PM2.5 - Principal,2025-01-30 04:00 PM,2025,01,30,16,0.4,2,Good,0.5,UG/M3,1 Hr,Valid
Nairobi CMR,PM2.5 - Principal,2025-01-30 05:00 PM,2025,01,30,17,0.4,2,Good,0.3,UG/M3,1 Hr,Valid
Nairobi CMR,PM2.5 - Principal,2025-01-30 06:00 PM,2025,01,30,18,0.4,2,Good,0.4,UG/M3,1 Hr,Valid
Nairobi CMR,PM2.5 - Principal,2025-01-30 07:00 PM,2025,01,30,19,0.3,2,Good,0.3,UG/M3,1 Hr,Valid
Nairobi CMR,PM2.5 - Principal,2025-01-30 08:00 PM,2025,01,30,20,0.3,2,Good,0.4,UG/M3,1 Hr,Valid
Nairobi CMR,PM2.5 - Principal,2025-01-30 09:00 PM,2025,01,30,21,0.4,2,Good,0.6,UG/M3,1 Hr,Valid
Nairobi CMR,PM2.5 - Principal,2025-01-30 10:00 PM,2025,01,30,22,0.6,3,Good,0.8,UG/M3,1 Hr,Valid
Nairobi CMR,PM2.5 - Principal,2025-01-30 11:00 PM,2025,01,30,23,0.7,4,Good,0.9,UG/M3,1 Hr,Valid
Nairobi CMR,PM2.5 - Principal,2025-01-31 12:00 AM,2025,01,31,00,0.8,4,Good,0.9,UG/M3,1 Hr,Valid
Nairobi CMR,PM2.5 - Principal,2025-01-31 01:00 AM,2025,01,31,01,0.8,4,Good,0.8,UG/M3,1 Hr,Valid
Nairobi CMR,PM2.5 - Principal,2025-01-31 02:00 AM,2025,01,31,02,0.7,4,Good,0.7,UG/M3,1 Hr,Valid
Nairobi CMR,PM2.5 - Principal,2025-01-31 03:00 AM,2025,01,31,03,0.6,3,Good,0.6,UG/M3,1 Hr,Valid
Nairobi CMR,PM2.5 - Principal,2025-01-31 04:00 AM,2025,01,31,04,0.7,4,Good,0.8,UG/M3,1 Hr,Valid
Nairobi CMR,PM2.5 - Principal,2025-01-31 05:00 AM,2025,01,31,05,0.7,4,Good,0.7,UG/M3,1 Hr,Valid
Nairobi CMR,PM2.5 - Principal,2025-01-31 06:00 AM,2025,01,31,06,0.7,4,Good,0.7,UG/M3,1 Hr,Valid
Nairobi CMR,PM2.5 - Principal,2025-01-31 07:00 AM,2025,01,31,07,0.9,5,Good,1.1,UG/M3,1 Hr,Valid
Nairobi CMR,PM2.5 - Principal,2025-01-31 08:00 AM,2025,01,31,08,1.2,7,Good,1.5,UG/M3,1 Hr,Valid
Nairobi CMR,PM2.5 - Principal,2025-01-31 09:00 AM,2025,01,31,09,1.3,7,Good,1.4,UG/M3,1 Hr,Valid
Nairobi CMR,PM2.5 - Principal,2025-01-31 10:00 AM,2025,01,31,10,1.0,6,Good,0.7,UG/M3,1 Hr,Valid
Nairobi CMR,PM2.5 - Principal,2025-01-31 11:00 AM,2025,01,31,11,0.9,5,Good,0.8,UG/M3,1 Hr,Valid
Nairobi CMR,PM2.5 - Principal,2025-01-31 12:00 PM,2025,01,31,12,0.9,5,Good,1.0,UG/M3,1 Hr,Valid
Nairobi CMR,PM2.5 - Principal,2025-01-31 01:00 PM,2025,01,31,13,0.9,5,Good,0.9,UG/M3,1 Hr,Valid
Nairobi CMR,PM2.5 - Principal,2025-01-31 02:00 PM,2025,01,31,14,0.9,5,Good,0.9,UG/M3,1 Hr,Valid
Nairobi CMR,PM2.5 - Principal,2025-01-31 03:00 PM,2025,01,31,15,0.9,5,Good,0.9,UG/M3,1 Hr,Valid
Nairobi CMR,PM2.5 - Principal,2025-01-31 04:00 PM,2025,01,31,16,0.9,5,Good,0.9,UG/M3,1 Hr,Valid
Nairobi CMR,PM2.5 - Principal,2025-01-31 05:00 PM,2025,01,31,17,0.9,5,Good,0.9,UG/M3,1 Hr,Valid
Nairobi CMR,PM2.5 - Principal,2025-01-31 06:00 PM,2025,01,31,18,0.9,5,Good,1.0,UG/M3,1 Hr,Valid
Nairobi CMR,PM2.5 - Principal,2025-01-31 07:00 PM,2025,01,31,19,0.9,5,Good,1.0,UG/M3,1 Hr,Valid
Nairobi CMR,PM2.5 - Principal,2025-01-31 08:00 PM,2025,01,31,20,1.0,6,Good,1.1,UG/M3,1 Hr,Valid
Nairobi CMR,PM2.5 - Principal,2025-01-31 09:00 PM,2025,01,31,21,0.9,5,Good,0.8,UG/M3,1 Hr,Valid
Nairobi CMR,PM2.5 - Principal,2025-01-31 10:00 PM,2025,01,31,22,0.8,4,Good,0.7,UG/M3,1 Hr,Valid
Nairobi CMR,PM2.5 - Principal,2025-01-31 11:00 PM,2025,01,31,23,0.8,4,Good,0.8,UG/M3,1 Hr,Valid
Nairobi CMR,PM2.5 - Principal,2025-02-01 12:00 AM,2025,02,01,00,1.1,6,Good,1.4,UG/M3,1 Hr,Valid
Nairobi CMR,PM2.5 - Principal,2025-02-01 01:00 AM,2025,02,01,01,1.0,6,Good,1.0,UG/M3,1 Hr,Valid
Nairobi CMR,PM2.5 - Principal,2025-02-01 02:00 AM,2025,02,01,02,0.8,4,Good,0.7,UG/M3,1 Hr,Valid
Nairobi CMR,PM2.5 - Principal,2025-02-01 03:00 AM,2025,02,01,03,0.7,4,Good,0.6,UG/M3,1 Hr,Valid
Nairobi CMR,PM2.5 - Principal,2025-02-01 04:00 AM,2025,02,01,04,0.6,3,Good,0.5,UG/M3,1 Hr,Valid
Nairobi CMR,PM2.5 - Principal,2025-02-01 05:00 AM,2025,02,01,05,0.6,3,Good,0.7,UG/M3,1 Hr,Valid
Nairobi CMR,PM2.5 - Principal,2025-02-01 06:00 AM,2025,02,01,06,0.6,3,Good,0.7,UG/M3,1 Hr,Valid
Nairobi CMR,PM2.5 - Principal,2025-02-01 07:00 AM,2025,02,01,07,0.7,4,Good,0.9,UG/M3,1 Hr,Valid
Nairobi CMR,PM2.5 - Principal,2025-02-01 08:00 AM,2025,02,01,08,1.0,6,Good,1.3,UG/M3,1 Hr,Valid
Nairobi CMR,PM2.5 - Principal,2025-02-01 09:00 AM,2025,02,01,09,1.0,6,Good,1.0,UG/M3,1 Hr,Valid
Nairobi CMR,PM2.5 - Principal,2025-02-01 10:00 AM,2025,02,01,10,0.9,5,Good,0.8,UG/M3,1 Hr,Valid
Nairobi CMR,PM2.5 - Principal,2025-02-01 11:00 AM,2025,02,01,11,0.9,5,Good,0.9,UG/M3,1 Hr,Valid
Nairobi CMR,PM2.5 - Principal,2025-02-01 12:00 PM,2025,02,01,12,0.8,4,Good,0.8,UG/M3,1 Hr,Valid
Nairobi CMR,PM2.5 - Principal,2025-02-01 01:00 PM,2025,02,01,13,0.8,4,Good,0.8,UG/M3,1 Hr,Valid
Nairobi CMR,PM2.5 - Principal,2025-02-01 02:00 PM,2025,02,01,14,0.8,4,Good,0.8,UG/M3,1 Hr,Valid
Nairobi CMR,PM2.5 - Principal,2025-02-01 03:00 PM,2025,02,01,15,0.8,4,Good,0.9,UG/M3,1 Hr,Valid
Nairobi CMR,PM2.5 - Principal,2025-02-01 04:00 PM,2025,02,01,16,0.9,5,Good,1.0,UG/M3,1 Hr,Valid
Nairobi CMR,PM2.5 - Principal,2025-02-01 05:00 PM,2025,02,01,17,0.9,5,Good,0.9,UG/M3,1 Hr,Valid
Nairobi CMR,PM2.5 - Principal,2025-02-01 06:00 PM,2025,02,01,18,0.7,4,Good,0.6,UG/M3,1 Hr,Valid
Nairobi CMR,PM2.5 - Principal,2025-02-01 07:00 PM,2025,02,01,19,0.7,4,Good,0.8,UG/M3,1 Hr,Valid
Nairobi CMR,PM2.5 - Principal,2025-02-01 08:00 PM,2025,02,01,20,0.8,4,Good,0.9,UG/M3,1 Hr,Valid
Nairobi CMR,PM2.5 - Principal,2025-02-01 09:00 PM,2025,02,01,21,0.8,4,Good,0.9,UG/M3,1 Hr,Valid
Nairobi CMR,PM2.5 - Principal,2025-02-01 10:00 PM,2025,02,01,22,0.9,5,Good,1.0,UG/M3,1 Hr,Valid
Nairobi CMR,PM2.5 - Principal,2025-02-01 11:00 PM,2025,02,01,23,1.0,6,Good,1.1,UG/M3,1 Hr,Valid
Nairobi CMR,PM2.5 - Principal,2025-02-02 12:00 AM,2025,02,02,00,0.8,4,Good,0.7,UG/M3,1 Hr,Valid
Nairobi CMR,PM2.5 - Principal,2025-02-02 01:00 AM,2025,02,02,01,0.6,3,Good,0.5,UG/M3,1 Hr,Valid
Nairobi CMR,PM2.5 - Principal,2025-02-02 02:00 AM,2025,02,02,02,0.6,3,Good,0.6,UG/M3,1 Hr,Valid
Nairobi CMR,PM2.5 - Principal,2025-02-02 03:00 AM,2025,02,02,03,0.5,3,Good,0.5,UG/M3,1 Hr,Valid
Nairobi CMR,PM2.5 - Principal,2025-02-02 04:00 AM,2025,02,02,04,0.5,3,Good,0.5,UG/M3,1 Hr,Valid
Nairobi CMR,PM2.5 - Principal,2025-02-02 05:00 AM,2025,02,02,05,0.5,3,Good,0.5,UG/M3,1 Hr,Valid
Nairobi CMR,PM2.5 - Principal,2025-02-02 06:00 AM,2025,02,02,06,0.6,3,Good,0.7,UG/M3,1 Hr,Valid
Nairobi CMR,PM2.5 - Principal,2025-02-02 07:00 AM,2025,02,02,07,0.7,4,Good,0.8,UG/M3,1 Hr,Valid
Nairobi CMR,PM2.5 - Principal,2025-02-02 08:00 AM,2025,02,02,08,0.8,4,Good,1.0,UG/M3,1 Hr,Valid
Nairobi CMR,PM2.5 - Principal,2025-02-02 09:00 AM,2025,02,02,09,0.9,5,Good,1.0,UG/M3,1 Hr,Valid
Nairobi CMR,PM2.5 - Principal,2025-02-02 10:00 AM,2025,02,02,10,0.8,4,Good,0.8,UG/M3,1 Hr,Valid
Nairobi CMR,PM2.5 - Principal,2025-02-02 11:00 AM,2025,02,02,11,0.8,4,Good,0.9,UG/M3,1 Hr,Valid
Nairobi CMR,PM2.5 - Principal,2025-02-02 12:00 PM,2025,02,02,12,0.9,5,Good,1.1,UG/M3,1 Hr,Valid
Nairobi CMR,PM2.5 - Principal,2025-02-02 01:00 PM,2025,02,02,13,0.9,5,Good,0.9,UG/M3,1 Hr,Valid
Nairobi CMR,PM2.5 - Principal,2025-02-02 02:00 PM,2025,02,02,14,0.9,5,Good,0.9,UG/M3,1 Hr,Valid
Nairobi CMR,PM2.5 - Principal,2025-02-02 03:00 PM,2025,02,02,15,0.8,4,Good,0.8,UG/M3,1 Hr,Valid
Nairobi CMR,PM2.5 - Principal,2025-02-02 04:00 PM,2025,02,02,16,0.9,5,Good,1.1,UG/M3,1 Hr,Valid
Nairobi CMR,PM2.5 - Principal,2025-02-02 05:00 PM,2025,02,02,17,1.0,6,Good,1.1,UG/M3,1 Hr,Valid
Nairobi CMR,PM2.5 - Principal,2025-02-02 06:00 PM,2025,02,02,18,0.9,5,Good,1.0,UG/M3,1 Hr,Valid
Nairobi CMR,PM2.5 - Principal,2025-02-02 07:00 PM,2025,02,02,19,0.9,5,Good,0.8,UG/M3,1 Hr,Valid
Nairobi CMR,PM2.5 - Principal,2025-02-02 08:00 PM,2025,02,02,20,0.9,5,Good,1.1,UG/M3,1 Hr,Valid
Nairobi CMR,PM2.5 - Principal,2025-02-02 09:00 PM,2025,02,02,21,0.9,5,Good,1.0,UG/M3,1 Hr,Valid
Nairobi CMR,PM2.5 - Principal,2025-02-02 10:00 PM,2025,02,02,22,0.9,5,Good,0.9,UG/M3,1 Hr,Valid
Nairobi CMR,PM2.5 - Principal,2025-02-02 11:00 PM,2025,02,02,23,0.9,5,Good,0.9,UG/M3,1 Hr,Valid
Nairobi CMR,PM2.5 - Principal,2025-02-03 12:00 AM,2025,02,03,00,0.8,4,Good,0.7,UG/M3,1 Hr,Valid
Nairobi CMR,PM2.5 - Principal,2025-02-03 01:00 AM,2025,02,03,01,0.8,4,Good,0.9,UG/M3,1 Hr,Valid
Nairobi CMR,PM2.5 - Principal,2025-02-03 02:00 AM,2025,02,03,02,0.8,4,Good,0.8,UG/M3,1 Hr,Valid
Nairobi CMR,PM2.5 - Principal,2025-02-03 03:00 AM,2025,02,03,03,0.7,4,Good,0.7,UG/M3,1 Hr,Valid
Nairobi CMR,PM2.5 - Principal,2025-02-03 04:00 AM,2025,02,03,04,0.7,4,Good,0.7,UG/M3,1 Hr,Valid
Nairobi CMR,PM2.5 - Principal,2025-02-03 05:00 AM,2025,02,03,05,0.7,4,Good,0.8,UG/M3,1 Hr,Valid
Nairobi CMR,PM2.5 - Principal,2025-02-03 06:00 AM,2025,02,03,06,0.8,4,Good,0.9,UG/M3,1 Hr,Valid
Nairobi CMR,PM2.5 - Principal,2025-02-03 07:00 AM,2025,02,03,07,0.9,5,Good,1.1,UG/M3,1 Hr,Valid
Nairobi CMR,PM2.5 - Principal,2025-02-03 08:00 AM,2025,02,03,08,1.3,7,Good,1.8,UG/M3,1 Hr,Valid
Nairobi CMR,PM2.5 - Principal,2025-02-03 09:00 AM,2025,02,03,09,1.7,9,Good,2.2,UG/M3,1 Hr,Valid
Nairobi CMR,PM2.5 - Principal,2025-02-03 10:00 AM,2025,02,03,10,1.8,10,Good,1.9,UG/M3,1 Hr,Valid
Nairobi CMR,PM2.5 - Principal,2025-02-03 11:00 AM,2025,02,03,11,1.9,11,Good,2.0,UG/M3,1 Hr,Valid
Nairobi CMR,PM2.5 - Principal,2025-02-03 12:00 PM,2025,02,03,12,1.9,11,Good,2.0,UG/M3,1 Hr,Valid
Nairobi CMR,PM2.5 - Principal,2025-02-03 01:00 PM,2025,02,03,13,2.0,11,Good,2.2,UG/M3,1 Hr,Valid
Nairobi CMR,PM2.5 - Principal,2025-02-03 02:00 PM,2025,02,03,14,2.2,12,Good,2.4,UG/M3,1 Hr,Valid
Nairobi CMR,PM2.5 - Principal,2025-02-03 03:00 PM,2025,02,03,15,2.1,12,Good,2.1,UG/M3,1 Hr,Valid
Nairobi CMR,PM2.5 - Principal,2025-02-03 04:00 PM,2025,02,03,16,2.0,11,Good,1.9,UG/M3,1 Hr,Valid
Nairobi CMR,PM2.5 - Principal,2025-02-03 05:00 PM,2025,02,03,17,2.0,11,Good,2.0,UG/M3,1 Hr,Valid
Nairobi CMR,PM2.5 - Principal,2025-02-03 06:00 PM,2025,02,03,18,2.0,11,Good,2.1,UG/M3,1 Hr,Valid
Nairobi CMR,PM2.5 - Principal,2025-02-03 07:00 PM,2025,02,03,19,2.0,11,Good,1.9,UG/M3,1 Hr,Valid
Nairobi CMR,PM2.5 - Principal,2025-02-03 08:00 PM,2025,02,03,20,1.9,11,Good,1.7,UG/M3,1 Hr,Valid
Nairobi CMR,PM2.5 - Principal,2025-02-03 09:00 PM,2025,02,03,21,1.7,9,Good,1.5,UG/M3,1 Hr,Valid
Nairobi CMR,PM2.5 - Principal,2025-02-03 10:00 PM,2025,02,03,22,1.6,9,Good,1.5,UG/M3,1 Hr,Valid
Nairobi CMR,PM2.5 - Principal,2025-02-03 11:00 PM,2025,02,03,23,1.5,8,Good,1.5,UG/M3,1 Hr,Valid
Nairobi CMR,PM2.5 - Principal,2025-02-04 12:00 AM,2025,02,04,00,1.5,8,Good,1.4,UG/M3,1 Hr,Valid
Nairobi CMR,PM2.5 - Principal,2025-02-04 01:00 AM,2025,02,04,01,1.4,8,Good,1.4,UG/M3,1 Hr,Valid
Nairobi CMR,PM2.5 - Principal,2025-02-04 02:00 AM,2025,02,04,02,1.4,8,Good,1.4,UG/M3,1 Hr,Valid
Nairobi CMR,PM2.5 - Principal,2025-02-04 03:00 AM,2025,02,04,03,1.3,7,Good,1.3,UG/M3,1 Hr,Valid
Nairobi CMR,PM2.5 - Principal,2025-02-04 04:00 AM,2025,02,04,04,1.3,7,Good,1.3,UG/M3,1 Hr,Valid
Nairobi CMR,PM2.5 - Principal,2025-02-04 05:00 AM,2025,02,04,05,1.2,7,Good,1.2,UG/M3,1 Hr,Valid
Nairobi CMR,PM2.5 - Principal,2025-02-04 06:00 AM,2025,02,04,06,1.2,7,Good,1.3,UG/M3,1 Hr,Valid
Nairobi CMR,PM2.5 - Principal,2025-02-04 07:00 AM,2025,02,04,07,1.3,7,Good,1.3,UG/M3,1 Hr,Valid
Nairobi CMR,PM2.5 - Principal,2025-02-04 08:00 AM,2025,02,04,08,1.3,7,Good,1.4,UG/M3,1 Hr,Valid
Nairobi CMR,PM2.5 - Principal,2025-02-04 09:00 AM,2025,02,04,09,1.4,8,Good,1.6,UG/M3,1 Hr,Valid
Nairobi CMR,PM2.5 - Principal,2025-02-04 10:00 AM,2025,02,04,10,1.4,8,Good,1.7,UG/M3,1 Hr,Valid
Nairobi CMR,PM2.5 - Principal,2025-02-04 11:00 AM,2025,02,04,11,1.5,8,Good,1.7,UG/M3,1 Hr,Valid
Nairobi CMR,PM2.5 - Principal,2025-02-04 12:00 PM,2025,02,04,12,1.6,9,Good,1.8,UG/M3,1 Hr,Valid
Nairobi CMR,PM2.5 - Principal,2025-02-04 01:00 PM,2025,02,04,13,1.7,9,Good,1.8,UG/M3,1 Hr,Valid
Nairobi CMR,PM2.5 - Principal,2025-02-04 02:00 PM,2025,02,04,14,1.7,9,Good,1.8,UG/M3,1 Hr,Valid
Nairobi CMR,PM2.5 - Principal,2025-02-04 03:00 PM,2025,02,04,15,1.6,9,Good,1.6,UG/M3,1 Hr,Valid
Nairobi CMR,PM2.5 - Principal,2025-02-04 04:00 PM,2025,02,04,16,1.7,9,Good,1.8,UG/M3,1 Hr,Valid
Nairobi CMR,PM2.5 - Principal,2025-02-04 05:00 PM,2025,02,04,17,1.7,9,Good,1.8,UG/M3,1 Hr,Valid
Nairobi CMR,PM2.5 - Principal,2025-02-04 06:00 PM,2025,02,04,18,1.8,10,Good,2.1,UG/M3,1 Hr,Valid
Nairobi CMR,PM2.5 - Principal,2025-02-04 07:00 PM,2025,02,04,19,2.0,11,Good,2.3,UG/M3,1 Hr,Valid
Nairobi CMR,PM2.5 - Principal,2025-02-04 08:00 PM,2025,02,04,20,1.9,11,Good,1.9,UG/M3,1 Hr,Valid
Nairobi CMR,PM2.5 - Principal,2025-02-04 09:00 PM,2025,02,04,21,1.9,11,Good,1.8,UG/M3,1 Hr,Valid
Nairobi CMR,PM2.5 - Principal,2025-02-04 10:00 PM,2025,02,04,22,1.8,10,Good,1.7,UG/M3,1 Hr,Valid
Nairobi CMR,PM2.5 - Principal,2025-02-04 11:00 PM,2025,02,04,23,1.8,10,Good,1.7,UG/M3,1 Hr,Valid
Nairobi CMR,PM2.5 - Principal,2025-02-05 12:00 AM,2025,02,05,00,1.7,9,Good,1.7,UG/M3,1 Hr,Valid
Nairobi CMR,PM2.5 - Principal,2025-02-05 01:00 AM,2025,02,05,01,1.7,9,Good,1.6,UG/M3,1 Hr,Valid
Nairobi CMR,PM2.5 - Principal,2025-02-05 02:00 AM,2025,02,05,02,1.5,8,Good,1.4,UG/M3,1 Hr,Valid
Nairobi CMR,PM2.5 - Principal,2025-02-05 03:00 AM,2025,02,05,03,1.4,8,Good,1.3,UG/M3,1 Hr,Valid
Nairobi CMR,PM2.5 - Principal,2025-02-05 04:00 AM,2025,02,05,04,1.3,7,Good,1.2,UG/M3,1 Hr,Valid
Nairobi CMR,PM2.5 - Principal,2025-02-05 05:00 AM,2025,02,05,05,1.2,7,Good,1.2,UG/M3,1 Hr,Valid
Nairobi CMR,PM2.5 - Principal,2025-02-05 06:00 AM,2025,02,05,06,1.2,7,Good,1.3,UG/M3,1 Hr,Valid
Nairobi CMR,PM2.5 - Principal,2025-02-05 07:00 AM,2025,02,05,07,1.3,7,Good,1.4,UG/M3,1 Hr,Valid
Nairobi CMR,PM2.5 - Principal,2025-02-05 08:00 AM,2025,02,05,08,1.4,8,Good,1.8,UG/M3,1 Hr,Valid
Nairobi CMR,PM2.5 - Principal,2025-02-05 09:00 AM,2025,02,05,09,1.7,9,Good,2.1,UG/M3,1 Hr,Valid
Nairobi CMR,PM2.5 - Principal,2025-02-05 10:00 AM,2025,02,05,10,1.7,9,Good,1.6,UG/M3,1 Hr,Valid
Nairobi CMR,PM2.5 - Principal,2025-02-05 11:00 AM,2025,02,05,11,1.7,9,Good,1.7,UG/M3,1 Hr,Valid
Nairobi CMR,PM2.5 - Principal,2025-02-05 12:00 PM,2025,02,05,12,1.6,9,Good,1.6,UG/M3,1 Hr,Valid
Nairobi CMR,PM2.5 - Principal,2025-02-05 01:00 PM,2025,02,05,13,1.6,9,Good,1.7,UG/M3,1 Hr,Valid
Nairobi CMR,PM2.5 - Principal,2025-02-05 02:00 PM,2025,02,05,14,1.6,9,Good,1.7,UG/M3,1 Hr,Valid
Nairobi CMR,PM2.5 - Principal,2025-02-05 03:00 PM,2025,02,05,15,1.6,9,Good,1.7,UG/M3,1 Hr,Valid
Nairobi CMR,PM2.5 - Principal,2025-02-05 04:00 PM,2025,02,05,16,1.6,9,Good,1.7,UG/M3,1 Hr,Valid
Nairobi CMR,PM2.5 - Principal,2025-02-05 05:00 PM,2025,02,05,17,1.7,9,Good,1.8,UG/M3,1 Hr,Valid
Nairobi CMR,PM2.5 - Principal,2025-02-05 06:00 PM,2025,02,05,18,1.7,9,Good,1.9,UG/M3,1 Hr,Valid
Nairobi CMR,PM2.5 - Principal,2025-02-05 07:00 PM,2025,02,05,19,1.8,10,Good,1.9,UG/M3,1 Hr,Valid
Nairobi CMR,PM2.5 - Principal,2025-02-05 08:00 PM,2025,02,05,20,1.7,9,Good,1.6,UG/M3,1 Hr,Valid
Nairobi CMR,PM2.5 - Principal,2025-02-05 09:00 PM,2025,02,05,21,1.8,10,Good,2.2,UG/M3,1 Hr,Valid
Nairobi CMR,PM2.5 - Principal,2025-02-05 10:00 PM,2025,02,05,22,1.7,9,Good,1.4,UG/M3,1 Hr,Valid
Nairobi CMR,PM2.5 - Principal,2025-02-05 11:00 PM,2025,02,05,23,1.5,8,Good,1.3,UG/M3,1 Hr,Valid
Nairobi CMR,PM2.5 - Principal,2025-02-06 12:00 AM,2025,02,06,00,1.3,7,Good,1.2,UG/M3,1 Hr,Valid
Nairobi CMR,PM2.5 - Principal,2025-02-06 01:00 AM,2025,02,06,01,1.1,6,Good,1.0,UG/M3,1 Hr,Valid
Nairobi CMR,PM2.5 - Principal,2025-02-06 02:00 AM,2025,02,06,02,1.0,6,Good,0.9,UG/M3,1 Hr,Valid
Nairobi CMR,PM2.5 - Principal,2025-02-06 03:00 AM,2025,02,06,03,0.9,5,Good,0.9,UG/M3,1 Hr,Valid
Nairobi CMR,PM2.5 - Principal,2025-02-06 04:00 AM,2025,02,06,04,0.9,5,Good,1.0,UG/M3,1 Hr,Valid
Nairobi CMR,PM2.5 - Principal,2025-02-06 05:00 AM,2025,02,06,05,0.9,5,Good,1.0,UG/M3,1 Hr,Valid
Nairobi CMR,PM2.5 - Principal,2025-02-06 06:00 AM,2025,02,06,06,0.9,5,Good,0.9,UG/M3,1 Hr,Valid
Nairobi CMR,PM2.5 - Principal,2025-02-06 07:00 AM,2025,02,06,07,0.9,5,Good,1.0,UG/M3,1 Hr,Valid
Nairobi CMR,PM2.5 - Principal,2025-02-06 08:00 AM,2025,02,06,08,1.1,6,Good,1.3,UG/M3,1 Hr,Valid
Nairobi CMR,PM2.5 - Principal,2025-02-06 09:00 AM,2025,02,06,09,1.1,6,Good,1.3,UG/M3,1 Hr,Valid
Nairobi CMR,PM2.5 - Principal,2025-02-06 10:00 AM,2025,02,06,10,1.1,6,Good,1.1,UG/M3,1 Hr,Valid
Nairobi CMR,PM2.5 - Principal,2025-02-06 11:00 AM,2025,02,06,11,1.1,6,Good,1.2,UG/M3,1 Hr,Valid
Nairobi CMR,PM2.5 - Principal,2025-02-06 12:00 PM,2025,02,06,12,1.1,6,Good,1.2,UG/M3,1 Hr,Valid
Nairobi CMR,PM2.5 - Principal,2025-02-06 01:00 PM,2025,02,06,13,1.2,7,Good,1.3,UG/M3,1 Hr,Valid
Nairobi CMR,PM2.5 - Principal,2025-02-06 02:00 PM,2025,02,06,14,1.2,7,Good,1.3,UG/M3,1 Hr,Valid
Nairobi CMR,PM2.5 - Principal,2025-02-06 03:00 PM,2025,02,06,15,1.3,7,Good,1.4,UG/M3,1 Hr,Valid
Nairobi CMR,PM2.5 - Principal,2025-02-06 04:00 PM,2025,02,06,16,1.3,7,Good,1.5,UG/M3,1 Hr,Valid
Nairobi CMR,PM2.5 - Principal,2025-02-06 05:00 PM,2025,02,06,17,1.4,8,Good,1.5,UG/M3,1 Hr,Valid
Nairobi CMR,PM2.5 - Principal,2025-02-06 06:00 PM,2025,02,06,18,1.4,8,Good,1.4,UG/M3,1 Hr,Valid
Nairobi CMR,PM2.5 - Principal,2025-02-06 07:00 PM,2025,02,06,19,1.4,8,Good,1.5,UG/M3,1 Hr,Valid
Nairobi CMR,PM2.5 - Principal,2025-02-06 08:00 PM,2025,02,06,20,1.2,7,Good,1.0,UG/M3,1 Hr,Valid
Nairobi CMR,PM2.5 - Principal,2025-02-06 09:00 PM,2025,02,06,21,1.0,6,Good,0.8,UG/M3,1 Hr,Valid
Nairobi CMR,PM2.5 - Principal,2025-02-06 10:00 PM,2025,02,06,22,1.0,6,Good,1.0,UG/M3,1 Hr,Valid
Nairobi CMR,PM2.5 - Principal,2025-02-06 11:00 PM,2025,02,06,23,1.0,6,Good,1.1,UG/M3,1 Hr,Valid
Nairobi CMR,PM2.5 - Principal,2025-02-07 12:00 AM,2025,02,07,00,1.1,6,Good,1.2,UG/M3,1 Hr,Valid
Nairobi CMR,PM2.5 - Principal,2025-02-07 01:00 AM,2025,02,07,01,1.0,6,Good,1.0,UG/M3,1 Hr,Valid
Nairobi CMR,PM2.5 - Principal,2025-02-07 02:00 AM,2025,02,07,02,0.9,5,Good,0.9,UG/M3,1 Hr,Valid
Nairobi CMR,PM2.5 - Principal,2025-02-07 03:00 AM,2025,02,07,03,0.9,5,Good,0.8,UG/M3,1 Hr,Valid
Nairobi CMR,PM2.5 - Principal,2025-02-07 04:00 AM,2025,02,07,04,0.7,4,Good,0.7,UG/M3,1 Hr,Valid
Nairobi CMR,PM2.5 - Principal,2025-02-07 05:00 AM,2025,02,07,05,0.6,3,Good,0.6,UG/M3,1 Hr,Valid
Nairobi CMR,PM2.5 - Principal,2025-02-07 06:00 AM,2025,02,07,06,0.6,3,Good,0.7,UG/M3,1 Hr,Valid
Nairobi CMR,PM2.5 - Principal,2025-02-07 07:00 AM,2025,02,07,07,0.7,4,Good,0.8,UG/M3,1 Hr,Valid
Nairobi CMR,PM2.5 - Principal,2025-02-07 08:00 AM,2025,02,07,08,0.8,4,Good,1.0,UG/M3,1 Hr,Valid
Nairobi CMR,PM2.5 - Principal,2025-02-07 09:00 AM,2025,02,07,09,0.9,5,Good,1.0,UG/M3,1 Hr,Valid
Nairobi CMR,PM2.5 - Principal,2025-02-07 10:00 AM,2025,02,07,10,0.8,4,Good,0.8,UG/M3,1 Hr,Valid
Nairobi CMR,PM2.5 - Principal,2025-02-07 11:00 AM,2025,02,07,11,0.8,4,Good,0.9,UG/M3,1 Hr,Valid
Nairobi CMR,PM2.5 - Principal,2025-02-07 12:00 PM,2025,02,07,12,0.8,4,Good,0.9,UG/M3,1 Hr,Valid
Nairobi CMR,PM2.5 - Principal,2025-02-07 01:00 PM,2025,02,07,13,0.8,4,Good,0.9,UG/M3,1 Hr,Valid
Nairobi CMR,PM2.5 - Principal,2025-02-07 02:00 PM,2025,02,07,14,0.8,4,Good,0.8,UG/M3,1 Hr,Valid
Nairobi CMR,PM2.5 - Principal,2025-02-07 03:00 PM,2025,02,07,15,0.8,4,Good,0.8,UG/M3,1 Hr,Valid
Nairobi CMR,PM2.5 - Principal,2025-02-07 04:00 PM,2025,02,07,16,0.9,5,Good,1.0,UG/M3,1 Hr,Valid
Nairobi CMR,PM2.5 - Principal,2025-02-07 05:00 PM,2025,02,07,17,0.9,5,Good,1.1,UG/M3,1 Hr,Valid
Nairobi CMR,PM2.5 - Principal,2025-02-07 06:00 PM,2025,02,07,18,0.9,5,Good,1.1,UG/M3,1 Hr,Valid
Nairobi CMR,PM2.5 - Principal,2025-02-07 07:00 PM,2025,02,07,19,0.9,5,Good,1.0,UG/M3,1 Hr,Valid
Nairobi CMR,PM2.5 - Principal,2025-02-07 08:00 PM,2025,02,07,20,0.8,4,Good,0.7,UG/M3,1 Hr,Valid
Nairobi CMR,PM2.5 - Principal,2025-02-07 09:00 PM,2025,02,07,21,0.7,4,Good,0.6,UG/M3,1 Hr,Valid
Nairobi CMR,PM2.5 - Principal,2025-02-07 10:00 PM,2025,02,07,22,0.7,4,Good,0.8,UG/M3,1 Hr,Valid
Nairobi CMR,PM2.5 - Principal,2025-02-07 11:00 PM,2025,02,07,23,0.8,4,Good,1.0,UG/M3,1 Hr,Valid
Nairobi CMR,PM2.5 - Principal,2025-02-08 12:00 AM,2025,02,08,00,0.8,4,Good,0.8,UG/M3,1 Hr,Valid
Nairobi CMR,PM2.5 - Principal,2025-02-08 01:00 AM,2025,02,08,01,0.7,4,Good,0.6,UG/M3,1 Hr,Valid
Nairobi CMR,PM2.5 - Principal,2025-02-08 02:00 AM,2025,02,08,02,0.6,3,Good,0.6,UG/M3,1 Hr,Valid
Nairobi CMR,PM2.5 - Principal,2025-02-08 03:00 AM,2025,02,08,03,0.5,3,Good,0.5,UG/M3,1 Hr,Valid
Nairobi CMR,PM2.5 - Principal,2025-02-08 04:00 AM,2025,02,08,04,0.5,3,Good,0.5,UG/M3,1 Hr,Valid
Nairobi CMR,PM2.5 - Principal,2025-02-08 05:00 AM,2025,02,08,05,0.5,3,Good,0.5,UG/M3,1 Hr,Valid
Nairobi CMR,PM2.5 - Principal,2025-02-08 06:00 AM,2025,02,08,06,0.5,3,Good,0.5,UG/M3,1 Hr,Valid
Nairobi CMR,PM2.5 - Principal,2025-02-08 07:00 AM,2025,02,08,07,0.6,3,Good,0.8,UG/M3,1 Hr,Valid
Nairobi CMR,PM2.5 - Principal,2025-02-08 08:00 AM,2025,02,08,08,0.7,4,Good,0.8,UG/M3,1 Hr,Valid
Nairobi CMR,PM2.5 - Principal,2025-02-08 09:00 AM,2025,02,08,09,0.8,4,Good,0.9,UG/M3,1 Hr,Valid
Nairobi CMR,PM2.5 - Principal,2025-02-08 10:00 AM,2025,02,08,10,0.8,4,Good,0.8,UG/M3,1 Hr,Valid
Nairobi CMR,PM2.5 - Principal,2025-02-08 11:00 AM,2025,02,08,11,0.8,4,Good,0.9,UG/M3,1 Hr,Valid
Nairobi CMR,PM2.5 - Principal,2025-02-08 12:00 PM,2025,02,08,12,0.8,4,Good,0.8,UG/M3,1 Hr,Valid
Nairobi CMR,PM2.5 - Principal,2025-02-08 01:00 PM,2025,02,08,13,0.8,4,Good,0.8,UG/M3,1 Hr,Valid
Nairobi CMR,PM2.5 - Principal,2025-02-08 02:00 PM,2025,02,08,14,0.8,4,Good,0.8,UG/M3,1 Hr,Valid
Nairobi CMR,PM2.5 - Principal,2025-02-08 03:00 PM,2025,02,08,15,0.7,4,Good,0.7,UG/M3,1 Hr,Valid
Nairobi CMR,PM2.5 - Principal,2025-02-08 04:00 PM,2025,02,08,16,0.7,4,Good,0.7,UG/M3,1 Hr,Valid
Nairobi CMR,PM2.5 - Principal,2025-02-08 05:00 PM,2025,02,08,17,0.7,4,Good,0.7,UG/M3,1 Hr,Valid
Nairobi CMR,PM2.5 - Principal,2025-02-08 06:00 PM,2025,02,08,18,0.6,3,Good,0.6,UG/M3,1 Hr,Valid
Nairobi CMR,PM2.5 - Principal,2025-02-08 07:00 PM,2025,02,08,19,0.6,3,Good,0.7,UG/M3,1 Hr,Valid
Nairobi CMR,PM2.5 - Principal,2025-02-08 08:00 PM,2025,02,08,20,0.6,3,Good,0.6,UG/M3,1 Hr,Valid
Nairobi CMR,PM2.5 - Principal,2025-02-08 09:00 PM,2025,02,08,21,0.7,4,Good,0.9,UG/M3,1 Hr,Valid
Nairobi CMR,PM2.5 - Principal,2025-02-08 10:00 PM,2025,02,08,22,0.9,5,Good,1.1,UG/M3,1 Hr,Valid
Nairobi CMR,PM2.5 - Principal,2025-02-08 11:00 PM,2025,02,08,23,1.0,6,Good,1.2,UG/M3,1 Hr,Valid
Nairobi CMR,PM2.5 - Principal,2025-02-09 12:00 AM,2025,02,09,00,1.1,6,Good,1.3,UG/M3,1 Hr,Valid
Nairobi CMR,PM2.5 - Principal,2025-02-09 01:00 AM,2025,02,09,01,1.1,6,Good,1.2,UG/M3,1 Hr,Valid
Nairobi CMR,PM2.5 - Principal,2025-02-09 02:00 AM,2025,02,09,02,0.9,5,Good,0.7,UG/M3,1 Hr,Valid
Nairobi CMR,PM2.5 - Principal,2025-02-09 03:00 AM,2025,02,09,03,0.7,4,Good,0.6,UG/M3,1 Hr,Valid
Nairobi CMR,PM2.5 - Principal,2025-02-09 04:00 AM,2025,02,09,04,0.6,3,Good,0.5,UG/M3,1 Hr,Valid
Nairobi CMR,PM2.5 - Principal,2025-02-09 05:00 AM,2025,02,09,05,0.5,3,Good,0.5,UG/M3,1 Hr,Valid
Nairobi CMR,PM2.5 - Principal,2025-02-09 06:00 AM,2025,02,09,06,0.5,3,Good,0.6,UG/M3,1 Hr,Valid
Nairobi CMR,PM2.5 - Principal,2025-02-09 07:00 AM,2025,02,09,07,0.6,3,Good,0.8,UG/M3,1 Hr,Valid
Nairobi CMR,PM2.5 - Principal,2025-02-09 08:00 AM,2025,02,09,08,0.7,4,Good,0.8,UG/M3,1 Hr,Valid
Nairobi CMR,PM2.5 - Principal,2025-02-09 09:00 AM,2025,02,09,09,0.7,4,Good,0.7,UG/M3,1 Hr,Valid
Nairobi CMR,PM2.5 - Principal,2025-02-09 10:00 AM,2025,02,09,10,0.6,3,Good,0.6,UG/M3,1 Hr,Valid
Nairobi CMR,PM2.5 - Principal,2025-02-09 11:00 AM,2025,02,09,11,0.6,3,Good,0.7,UG/M3,1 Hr,Valid
Nairobi CMR,PM2.5 - Principal,2025-02-09 12:00 PM,2025,02,09,12,0.7,4,Good,0.9,UG/M3,1 Hr,Valid
Nairobi CMR,PM2.5 - Principal,2025-02-09 01:00 PM,2025,02,09,13,0.8,4,Good,0.9,UG/M3,1 Hr,Valid
Nairobi CMR,PM2.5 - Principal,2025-02-09 02:00 PM,2025,02,09,14,0.8,4,Good,0.8,UG/M3,1 Hr,Valid
Nairobi CMR,PM2.5 - Principal,2025-02-09 03:00 PM,2025,02,09,15,0.7,4,Good,0.7,UG/M3,1 Hr,Valid
Nairobi CMR,PM2.5 - Principal,2025-02-09 04:00 PM,2025,02,09,16,0.6,3,Good,0.6,UG/M3,1 Hr,Valid
Nairobi CMR,PM2.5 - Principal,2025-02-09 05:00 PM,2025,02,09,17,0.6,3,Good,0.5,UG/M3,1 Hr,Valid
Nairobi CMR,PM2.5 - Principal,2025-02-09 06:00 PM,2025,02,09,18,0.5,3,Good,0.5,UG/M3,1 Hr,Valid
Nairobi CMR,PM2.5 - Principal,2025-02-09 07:00 PM,2025,02,09,19,0.5,3,Good,0.5,UG/M3,1 Hr,Valid
Nairobi CMR,PM2.5 - Principal,2025-02-09 08:00 PM,2025,02,09,20,0.6,3,Good,0.7,UG/M3,1 Hr,Valid
Nairobi CMR,PM2.5 - Principal,2025-02-09 09:00 PM,2025,02,09,21,0.6,3,Good,0.8,UG/M3,1 Hr,Valid
Nairobi CMR,PM2.5 - Principal,2025-02-09 10:00 PM,2025,02,09,22,0.7,4,Good,0.8,UG/M3,1 Hr,Valid
Nairobi CMR,PM2.5 - Principal,2025-02-09 11:00 PM,2025,02,09,23,0.7,4,Good,0.8,UG/M3,1 Hr,Valid
Nairobi CMR,PM2.5 - Principal,2025-02-10 12:00 AM,2025,02,10,00,0.6,3,Good,0.6,UG/M3,1 Hr,Valid
Nairobi CMR,PM2.5 - Principal,2025-02-10 01:00 AM,2025,02,10,01,0.6,3,Good,0.6,UG/M3,1 Hr,Valid
Nairobi CMR,PM2.5 - Principal,2025-02-10 02:00 AM,2025,02,10,02,0.5,3,Good,0.5,UG/M3,1 Hr,Valid
Nairobi CMR,PM2.5 - Principal,2025-02-10 03:00 AM,2025,02,10,03,0.4,2,Good,0.4,UG/M3,1 Hr,Valid
Nairobi CMR,PM2.5 - Principal,2025-02-10 04:00 AM,2025,02,10,04,0.4,2,Good,0.5,UG/M3,1 Hr,Valid
Nairobi CMR,PM2.5 - Principal,2025-02-10 05:00 AM,2025,02,10,05,0.4,2,Good,0.4,UG/M3,1 Hr,Valid
Nairobi CMR,PM2.5 - Principal,2025-02-10 06:00 AM,2025,02,10,06,0.4,2,Good,0.4,UG/M3,1 Hr,Valid
Nairobi CMR,PM2.5 - Principal,2025-02-10 07:00 AM,2025,02,10,07,0.4,2,Good,0.5,UG/M3,1 Hr,Valid
Nairobi CMR,PM2.5 - Principal,2025-02-10 08:00 AM,2025,02,10,08,0.5,3,Good,0.6,UG/M3,1 Hr,Valid
Nairobi CMR,PM2.5 - Principal,2025-02-10 09:00 AM,2025,02,10,09,0.5,3,Good,0.6,UG/M3,1 Hr,Valid
Nairobi CMR,PM2.5 - Principal,2025-02-10 10:00 AM,2025,02,10,10,0.5,3,Good,0.6,UG/M3,1 Hr,Valid
Nairobi CMR,PM2.5 - Principal,2025-02-10 11:00 AM,2025,02,10,11,0.6,3,Good,0.8,UG/M3,1 Hr,Valid
Nairobi CMR,PM2.5 - Principal,2025-02-10 12:00 PM,2025,02,10,12,0.7,4,Good,0.9,UG/M3,1 Hr,Valid
Nairobi CMR,PM2.5 - Principal,2025-02-10 01:00 PM,2025,02,10,13,0.7,4,Good,0.7,UG/M3,1 Hr,Valid
Nairobi CMR,PM2.5 - Principal,2025-02-10 02:00 PM,2025,02,10,14,0.7,4,Good,0.8,UG/M3,1 Hr,Valid
Nairobi CMR,PM2.5 - Principal,2025-02-10 03:00 PM,2025,02,10,15,0.8,4,Good,0.9,UG/M3,1 Hr,Valid
Nairobi CMR,PM2.5 - Principal,2025-02-10 04:00 PM,2025,02,10,16,0.8,4,Good,0.9,UG/M3,1 Hr,Valid
Nairobi CMR,PM2.5 - Principal,2025-02-10 05:00 PM,2025,02,10,17,0.8,4,Good,0.9,UG/M3,1 Hr,Valid
Nairobi CMR,PM2.5 - Principal,2025-02-10 06:00 PM,2025,02,10,18,6.8,38,Good,12.9,UG/M3,1 Hr,Valid
Nairobi CMR,PM2.5 - Principal,2025-02-10 07:00 PM,2025,02,10,19,3.7,21,Good,0.7,UG/M3,1 Hr,Valid
Nairobi CMR,PM2.5 - Principal,2025-02-10 08:00 PM,2025,02,10,20,2.2,12,Good,0.8,UG/M3,1 Hr,Valid
Nairobi CMR,PM2.5 - Principal,2025-02-10 09:00 PM,2025,02,10,21,1.6,9,Good,1.0,UG/M3,1 Hr,Valid
Nairobi CMR,PM2.5 - Principal,2025-02-10 10:00 PM,2025,02,10,22,1.1,6,Good,0.6,UG/M3,1 Hr,Valid
Nairobi CMR,PM2.5 - Principal,2025-02-10 11:00 PM,2025,02,10,23,0.8,4,Good,0.5,UG/M3,1 Hr,Valid
Nairobi CMR,PM2.5 - Principal,2025-02-11 12:00 AM,2025,02,11,00,0.6,3,Good,0.5,UG/M3,1 Hr,Valid
Nairobi CMR,PM2.5 - Principal,2025-02-11 01:00 AM,2025,02,11,01,0.5,3,Good,0.5,UG/M3,1 Hr,Valid
Nairobi CMR,PM2.5 - Principal,2025-02-11 02:00 AM,2025,02,11,02,0.4,2,Good,0.4,UG/M3,1 Hr,Valid
Nairobi CMR,PM2.5 - Principal,2025-02-11 03:00 AM,2025,02,11,03,0.4,2,Good,0.4,UG/M3,1 Hr,Valid
Nairobi CMR,PM2.5 - Principal,2025-02-11 04:00 AM,2025,02,11,04,0.4,2,Good,0.4,UG/M3,1 Hr,Valid
Nairobi CMR,PM2.5 - Principal,2025-02-11 05:00 AM,2025,02,11,05,0.3,2,Good,0.3,UG/M3,1 Hr,Valid
Nairobi CMR,PM2.5 - Principal,2025-02-11 06:00 AM,2025,02,11,06,0.4,2,Good,0.5,UG/M3,1 Hr,Valid
Nairobi CMR,PM2.5 - Principal,2025-02-11 07:00 AM,2025,02,11,07,0.4,2,Good,0.4,UG/M3,1 Hr,Valid
Nairobi CMR,PM2.5 - Principal,2025-02-11 08:00 AM,2025,02,11,08,0.5,3,Good,0.7,UG/M3,1 Hr,Valid
Nairobi CMR,PM2.5 - Principal,2025-02-11 09:00 AM,2025,02,11,09,0.5,3,Good,0.6,UG/M3,1 Hr,Valid
Nairobi CMR,PM2.5 - Principal,2025-02-11 10:00 AM,2025,02,11,10,0.5,3,Good,0.6,UG/M3,1 Hr,Valid
Nairobi CMR,PM2.5 - Principal,2025-02-11 11:00 AM,2025,02,11,11,0.5,3,Good,0.6,UG/M3,1 Hr,Valid
Nairobi CMR,PM2.5 - Principal,2025-02-11 12:00 PM,2025,02,11,12,0.6,3,Good,0.7,UG/M3,1 Hr,Valid
Nairobi CMR,PM2.5 - Principal,2025-02-11 01:00 PM,2025,02,11,13,0.6,3,Good,0.7,UG/M3,1 Hr,Valid
Nairobi CMR,PM2.5 - Principal,2025-02-11 02:00 PM,2025,02,11,14,0.7,4,Good,0.8,UG/M3,1 Hr,Valid
Nairobi CMR,PM2.5 - Principal,2025-02-11 03:00 PM,2025,02,11,15,0.8,4,Good,0.9,UG/M3,1 Hr,Valid
Nairobi CMR,PM2.5 - Principal,2025-02-11 04:00 PM,2025,02,11,16,0.9,5,Good,1.0,UG/M3,1 Hr,Valid
Nairobi CMR,PM2.5 - Principal,2025-02-11 05:00 PM,2025,02,11,17,1.0,6,Good,1.1,UG/M3,1 Hr,Valid
Nairobi CMR,PM2.5 - Principal,2025-02-11 06:00 PM,2025,02,11,18,1.1,6,Good,1.2,UG/M3,1 Hr,Valid
Nairobi CMR,PM2.5 - Principal,2025-02-11 07:00 PM,2025,02,11,19,1.1,6,Good,1.2,UG/M3,1 Hr,Valid
Nairobi CMR,PM2.5 - Principal,2025-02-11 08:00 PM,2025,02,11,20,0.9,5,Good,0.8,UG/M3,1 Hr,Valid
Nairobi CMR,PM2.5 - Principal,2025-02-11 09:00 PM,2025,02,11,21,0.7,4,Good,0.5,UG/M3,1 Hr,Valid
Nairobi CMR,PM2.5 - Principal,2025-02-11 10:00 PM,2025,02,11,22,0.6,3,Good,0.6,UG/M3,1 Hr,Valid
Nairobi CMR,PM2.5 - Principal,2025-02-11 11:00 PM,2025,02,11,23,0.6,3,Good,0.6,UG/M3,1 Hr,Valid
Nairobi CMR,PM2.5 - Principal,2025-02-12 12:00 AM,2025,02,12,00,9.4,52,Moderate,18.3,UG/M3,1 Hr,Valid
Nairobi CMR,PM2.5 - Principal,2025-02-12 01:00 AM,2025,02,12,01,13.4,59,Moderate,17.5,UG/M3,1 Hr,Valid
Nairobi CMR,PM2.5 - Principal,2025-02-12 02:00 AM,2025,02,12,02,15.0,62,Moderate,16.6,UG/M3,1 Hr,Valid
Nairobi CMR,PM2.5 - Principal,2025-02-12 03:00 AM,2025,02,12,03,15.7,63,Moderate,16.4,UG/M3,1 Hr,Valid
Nairobi CMR,PM2.5 - Principal,2025-02-12 04:00 AM,2025,02,12,04,17.8,67,Moderate,19.9,UG/M3,1 Hr,Valid
Nairobi CMR,PM2.5 - Principal,2025-02-12 05:00 AM,2025,02,12,05,16.8,65,Moderate,15.9,UG/M3,1 Hr,Valid
Nairobi CMR,PM2.5 - Principal,2025-02-12 06:00 AM,2025,02,12,06,16.9,66,Moderate,17.0,UG/M3,1 Hr,Valid
Nairobi CMR,PM2.5 - Principal,2025-02-12 07:00 AM,2025,02,12,07,18.6,69,Moderate,20.4,UG/M3,1 Hr,Valid
Nairobi CMR,PM2.5 - Principal,2025-02-12 08:00 AM,2025,02,12,08,23.0,77,Moderate,27.4,UG/M3,1 Hr,Valid
Nairobi CMR,PM2.5 - Principal,2025-02-12 09:00 AM,2025,02,12,09,25.7,82,Moderate,28.4,UG/M3,1 Hr,Valid
Nairobi CMR,PM2.5 - Principal,2025-02-12 10:00 AM,2025,02,12,10,23.3,77,Moderate,21.0,UG/M3,1 Hr,Valid
Nairobi CMR,PM2.5 - Principal,2025-02-12 11:00 AM,2025,02,12,11,20.8,73,Moderate,17.8,UG/M3,1 Hr,Valid
Nairobi CMR,PM2.5 - Principal,2025-02-12 12:00 PM,2025,02,12,12,19.6,71,Moderate,18.1,UG/M3,1 Hr,Valid
Nairobi CMR,PM2.5 - Principal,2025-02-12 01:00 PM,2025,02,12,13,18.4,68,Moderate,16.9,UG/M3,1 Hr,Valid
Nairobi CMR,PM2.5 - Principal,2025-02-12 02:00 PM,2025,02,12,14,16.1,64,Moderate,14.1,UG/M3,1 Hr,Valid
Nairobi CMR,PM2.5 - Principal,2025-02-12 03:00 PM,2025,02,12,15,14.4,61,Moderate,12.8,UG/M3,1 Hr,Valid
Nairobi CMR,PM2.5 - Principal,2025-02-12 04:00 PM,2025,02,12,16,13.2,59,Moderate,12.1,UG/M3,1 Hr,Valid
Nairobi CMR,PM2.5 - Principal,2025-02-12 05:00 PM,2025,02,12,17,12.6,58,Moderate,12.0,UG/M3,1 Hr,Valid
Nairobi CMR,PM2.5 - Principal,2025-02-12 06:00 PM,2025,02,12,18,12.5,57,Moderate,12.4,UG/M3,1 Hr,Valid
Nairobi CMR,PM2.5 - Principal,2025-02-12 07:00 PM,2025,02,12,19,13.2,59,Moderate,14.0,UG/M3,1 Hr,Valid
Nairobi CMR,PM2.5 - Principal,2025-02-12 08:00 PM,2025,02,12,20,16.4,65,Moderate,19.7,UG/M3,1 Hr,Valid
Nairobi CMR,PM2.5 - Principal,2025-02-12 09:00 PM,2025,02,12,21,17.5,67,Moderate,19.6,UG/M3,1 Hr,Valid
Nairobi CMR,PM2.5 - Principal,2025-02-12 10:00 PM,2025,02,12,22,16.8,65,Moderate,16.1,UG/M3,1 Hr,Valid
Nairobi CMR,PM2.5 - Principal,2025-02-12 11:00 PM,2025,02,12,23,15.2,62,Moderate,12.7,UG/M3,1 Hr,Valid
Nairobi CMR,PM2.5 - Principal,2025-02-13 12:00 AM,2025,02,13,00,14.6,61,Moderate,13.9,UG/M3,1 Hr,Valid
Nairobi CMR,PM2.5 - Principal,2025-02-13 01:00 AM,2025,02,13,01,14.1,60,Moderate,13.2,UG/M3,1 Hr,Valid
Nairobi CMR,PM2.5 - Principal,2025-02-13 02:00 AM,2025,02,13,02,13.3,59,Moderate,12.2,UG/M3,1 Hr,Valid
Nairobi CMR,PM2.5 - Principal,2025-02-13 03:00 AM,2025,02,13,03,12.6,58,Moderate,11.7,UG/M3,1 Hr,Valid
Nairobi CMR,PM2.5 - Principal,2025-02-13 04:00 AM,2025,02,13,04,13.0,58,Moderate,13.7,UG/M3,1 Hr,Valid
Nairobi CMR,PM2.5 - Principal,2025-02-13 05:00 AM,2025,02,13,05,12.7,58,Moderate,12.2,UG/M3,1 Hr,Valid
Nairobi CMR,PM2.5 - Principal,2025-02-13 06:00 AM,2025,02,13,06,12.4,57,Moderate,12.1,UG/M3,1 Hr,Valid
Nairobi CMR,PM2.5 - Principal,2025-02-13 07:00 AM,2025,02,13,07,12.4,57,Moderate,12.5,UG/M3,1 Hr,Valid
Nairobi CMR,PM2.5 - Principal,2025-02-13 08:00 AM,2025,02,13,08,13.0,58,Moderate,13.9,UG/M3,1 Hr,Valid
Nairobi CMR,PM2.5 - Principal,2025-02-13 09:00 AM,2025,02,13,09,12.7,58,Moderate,12.2,UG/M3,1 Hr,Valid
Nairobi CMR,PM2.5 - Principal,2025-02-13 10:00 AM,2025,02,13,10,13.0,58,Moderate,14.4,UG/M3,1 Hr,Valid
Nairobi CMR,PM2.5 - Principal,2025-02-13 11:00 AM,2025,02,13,11,12.7,58,Moderate,11.6,UG/M3,1 Hr,Valid
Nairobi CMR,PM2.5 - Principal,2025-02-13 12:00 PM,2025,02,13,12,12.4,57,Moderate,11.4,UG/M3,1 Hr,Valid
Nairobi CMR,PM2.5 - Principal,2025-02-13 01:00 PM,2025,02,13,13,12.3,57,Moderate,12.3,UG/M3,1 Hr,Valid
Nairobi CMR,PM2.5 - Principal,2025-02-13 02:00 PM,2025,02,13,14,12.6,58,Moderate,13.3,UG/M3,1 Hr,Valid
Nairobi CMR,PM2.5 - Principal,2025-02-13 03:00 PM,2025,02,13,15,12.8,58,Moderate,13.6,UG/M3,1 Hr,Valid
Nairobi CMR,PM2.5 - Principal,2025-02-13 04:00 PM,2025,02,13,16,12.8,58,Moderate,13.1,UG/M3,1 Hr,Valid
Nairobi CMR,PM2.5 - Principal,2025-02-13 05:00 PM,2025,02,13,17,12.7,58,Moderate,12.2,UG/M3,1 Hr,Valid
Nairobi CMR,PM2.5 - Principal,2025-02-13 06:00 PM,2025,02,13,18,13.3,59,Moderate,15.0,UG/M3,1 Hr,Valid
Nairobi CMR,PM2.5 - Principal,2025-02-13 07:00 PM,2025,02,13,19,14.0,60,Moderate,15.8,UG/M3,1 Hr,Valid
Nairobi CMR,PM2.5 - Principal,2025-02-13 08:00 PM,2025,02,13,20,16.4,65,Moderate,19.3,UG/M3,1 Hr,Valid
Nairobi CMR,PM2.5 - Principal,2025-02-13 09:00 PM,2025,02,13,21,20.2,72,Moderate,23.5,UG/M3,1 Hr,Valid
Nairobi CMR,PM2.5 - Principal,2025-02-13 10:00 PM,2025,02,13,22,26.3,83,Moderate,32.5,UG/M3,1 Hr,Valid
Nairobi CMR,PM2.5 - Principal,2025-02-13 11:00 PM,2025,02,13,23,30.8,91,Moderate,35.3,UG/M3,1 Hr,Valid
Nairobi CMR,PM2.5 - Principal,2025-02-14 12:00 AM,2025,02,14,00,33.6,97,Moderate,36.5,UG/M3,1 Hr,Valid
Nairobi CMR,PM2.5 - Principal,2025-02-14 01:00 AM,2025,02,14,01,31.7,93,Moderate,29.9,UG/M3,1 Hr,Valid
Nairobi CMR,PM2.5 - Principal,2025-02-14 02:00 AM,2025,02,14,02,30.2,90,Moderate,28.8,UG/M3,1 Hr,Valid
Nairobi CMR,PM2.5 - Principal,2025-02-14 03:00 AM,2025,02,14,03,25.7,82,Moderate,21.2,UG/M3,1 Hr,Valid
Nairobi CMR,PM2.5 - Principal,2025-02-14 04:00 AM,2025,02,14,04,22.9,77,Moderate,20.1,UG/M3,1 Hr,Valid
Nairobi CMR,PM2.5 - Principal,2025-02-14 05:00 AM,2025,02,14,05,26.7,84,Moderate,30.5,UG/M3,1 Hr,Valid
Nairobi CMR,PM2.5 - Principal,2025-02-14 06:00 AM,2025,02,14,06,29.7,89,Moderate,32.7,UG/M3,1 Hr,Valid
Nairobi CMR,PM2.5 - Principal,2025-02-14 07:00 AM,2025,02,14,07,29.6,89,Moderate,29.7,UG/M3,1 Hr,Valid
Nairobi CMR,PM2.5 - Principal,2025-02-14 08:00 AM,2025,02,14,08,36.2,103,Unhealthy for Sensitive Groups,42.7,UG/M3,1 Hr,Valid
Nairobi CMR,PM2.5 - Principal,2025-02-14 09:00 AM,2025,02,14,09,42.9,119,Unhealthy for Sensitive Groups,49.6,UG/M3,1 Hr,Valid
Nairobi CMR,PM2.5 - Principal,2025-02-14 10:00 AM,2025,02,14,10,31.4,93,Moderate,20.0,UG/M3,1 Hr,Valid
Nairobi CMR,PM2.5 - Principal,2025-02-14 11:00 AM,2025,02,14,11,26.1,83,Moderate,20.8,UG/M3,1 Hr,Valid
Nairobi CMR,PM2.5 - Principal,2025-02-14 12:00 PM,2025,02,14,12,23.4,78,Moderate,20.7,UG/M3,1 Hr,Valid
Nairobi CMR,PM2.5 - Principal,2025-02-14 01:00 PM,2025,02,14,13,20.9,73,Moderate,18.5,UG/M3,1 Hr,Valid
Nairobi CMR,PM2.5 - Principal,2025-02-14 02:00 PM,2025,02,14,14,18.1,68,Moderate,15.4,UG/M3,1 Hr,Valid
Nairobi CMR,PM2.5 - Principal,2025-02-14 03:00 PM,2025,02,14,15,16.3,64,Moderate,14.6,UG/M3,1 Hr,Valid
Nairobi CMR,PM2.5 - Principal,2025-02-14 04:00 PM,2025,02,14,16,14.9,62,Moderate,13.6,UG/M3,1 Hr,Valid
Nairobi CMR,PM2.5 - Principal,2025-02-14 05:00 PM,2025,02,14,17,15.2,62,Moderate,15.5,UG/M3,1 Hr,Valid
Nairobi CMR,PM2.5 - Principal,2025-02-14 06:00 PM,2025,02,14,18,15.9,64,Moderate,16.7,UG/M3,1 Hr,Valid
Nairobi CMR,PM2.5 - Principal,2025-02-14 07:00 PM,2025,02,14,19,16.0,64,Moderate,16.1,UG/M3,1 Hr,Valid
Nairobi CMR,PM2.5 - Principal,2025-02-14 08:00 PM,2025,02,14,20,17.2,66,Moderate,18.4,UG/M3,1 Hr,Valid
Nairobi CMR,PM2.5 - Principal,2025-02-14 09:00 PM,2025,02,14,21,21.0,73,Moderate,25.6,UG/M3,1 Hr,Valid
Nairobi CMR,PM2.5 - Principal,2025-02-14 10:00 PM,2025,02,14,22,32.1,94,Moderate,42.9,UG/M3,1 Hr,Valid
Nairobi CMR,PM2.5 - Principal,2025-02-14 11:00 PM,2025,02,14,23,38.4,108,Unhealthy for Sensitive Groups,44.7,UG/M3,1 Hr,Valid
Nairobi CMR,PM2.5 - Principal,2025-02-15 12:00 AM,2025,02,15,00,34.1,98,Moderate,29.9,UG/M3,1 Hr,Valid
Nairobi CMR,PM2.5 - Principal,2025-02-15 01:00 AM,2025,02,15,01,29.7,89,Moderate,25.4,UG/M3,1 Hr,Valid
Nairobi CMR,PM2.5 - Principal,2025-02-15 02:00 AM,2025,02,15,02,25.8,82,Moderate,21.9,UG/M3,1 Hr,Valid
Nairobi CMR,PM2.5 - Principal,2025-02-15 03:00 AM,2025,02,15,03,23.6,78,Moderate,21.5,UG/M3,1 Hr,Valid
Nairobi CMR,PM2.5 - Principal,2025-02-15 04:00 AM,2025,02,15,04,23.7,78,Moderate,23.8,UG/M3,1 Hr,Valid
Nairobi CMR,PM2.5 - Principal,2025-02-15 05:00 AM,2025,02,15,05,23.8,78,Moderate,24.0,UG/M3,1 Hr,Valid
Nairobi CMR,PM2.5 - Principal,2025-02-15 06:00 AM,2025,02,15,06,24.0,79,Moderate,24.2,UG/M3,1 Hr,Valid
Nairobi CMR,PM2.5 - Principal,2025-02-15 07:00 AM,2025,02,15,07,24.6,80,Moderate,25.3,UG/M3,1 Hr,Valid
Nairobi CMR,PM2.5 - Principal,2025-02-15 08:00 AM,2025,02,15,08,29.7,89,Moderate,34.8,UG/M3,1 Hr,Valid
Nairobi CMR,PM2.5 - Principal,2025-02-15 09:00 AM,2025,02,15,09,30.4,91,Moderate,31.1,UG/M3,1 Hr,Valid
Nairobi CMR,PM2.5 - Principal,2025-02-15 10:00 AM,2025,02,15,10,26.1,83,Moderate,21.8,UG/M3,1 Hr,Valid
Nairobi CMR,PM2.5 - Principal,2025-02-15 11:00 AM,2025,02,15,11,24.5,80,Moderate,21.5,UG/M3,1 Hr,Valid
Nairobi CMR,PM2.5 - Principal,2025-02-15 12:00 PM,2025,02,15,12,21.5,74,Moderate,18.6,UG/M3,1 Hr,Valid
Nairobi CMR,PM2.5 - Principal,2025-02-15 01:00 PM,2025,02,15,13,19.2,70,Moderate,17.4,UG/M3,1 Hr,Valid
Nairobi CMR,PM2.5 - Principal,2025-02-15 02:00 PM,2025,02,15,14,18.8,69,Moderate,18.5,UG/M3,1 Hr,Valid
Nairobi CMR,PM2.5 - Principal,2025-02-15 03:00 PM,2025,02,15,15,19.0,69,Moderate,19.3,UG/M3,1 Hr,Valid
Nairobi CMR,PM2.5 - Principal,2025-02-15 04:00 PM,2025,02,15,16,18.5,69,Moderate,18.1,UG/M3,1 Hr,Valid
Nairobi CMR,PM2.5 - Principal,2025-02-15 05:00 PM,2025,02,15,17,17.2,66,Moderate,15.9,UG/M3,1 Hr,Valid
Nairobi CMR,PM2.5 - Principal,2025-02-15 06:00 PM,2025,02,15,18,15.9,64,Moderate,14.7,UG/M3,1 Hr,Valid
Nairobi CMR,PM2.5 - Principal,2025-02-15 07:00 PM,2025,02,15,19,16.6,65,Moderate,17.4,UG/M3,1 Hr,Valid
Nairobi CMR,PM2.5 - Principal,2025-02-15 08:00 PM,2025,02,15,20,19.4,70,Moderate,22.3,UG/M3,1 Hr,Valid
Nairobi CMR,PM2.5 - Principal,2025-02-15 09:00 PM,2025,02,15,21,23.9,79,Moderate,28.7,UG/M3,1 Hr,Valid
Nairobi CMR,PM2.5 - Principal,2025-02-15 10:00 PM,2025,02,15,22,24.9,80,Moderate,26.0,UG/M3,1 Hr,Valid
Nairobi CMR,PM2.5 - Principal,2025-02-15 11:00 PM,2025,02,15,23,23.6,78,Moderate,22.2,UG/M3,1 Hr,Valid
Nairobi CMR,PM2.5 - Principal,2025-02-16 12:00 AM,2025,02,16,00,23.1,77,Moderate,22.7,UG/M3,1 Hr,Valid
Nairobi CMR,PM2.5 - Principal,2025-02-16 01:00 AM,2025,02,16,01,25.4,81,Moderate,27.9,UG/M3,1 Hr,Valid
Nairobi CMR,PM2.5 - Principal,2025-02-16 02:00 AM,2025,02,16,02,24.5,80,Moderate,23.5,UG/M3,1 Hr,Valid
Nairobi CMR,PM2.5 - Principal,2025-02-16 03:00 AM,2025,02,16,03,22.8,77,Moderate,21.2,UG/M3,1 Hr,Valid
Nairobi CMR,PM2.5 - Principal,2025-02-16 04:00 AM,2025,02,16,04,22.0,75,Moderate,21.2,UG/M3,1 Hr,Valid
Nairobi CMR,PM2.5 - Principal,2025-02-16 05:00 AM,2025,02,16,05,21.6,74,Moderate,21.3,UG/M3,1 Hr,Valid
Nairobi CMR,PM2.5 - Principal,2025-02-16 06:00 AM,2025,02,16,06,21.7,74,Moderate,21.5,UG/M3,1 Hr,Valid
Nairobi CMR,PM2.5 - Principal,2025-02-16 07:00 AM,2025,02,16,07,22.3,76,Moderate,22.6,UG/M3,1 Hr,Valid
Nairobi CMR,PM2.5 - Principal,2025-02-16 08:00 AM,2025,02,16,08,22.7,76,Moderate,23.8,UG/M3,1 Hr,Valid
Nairobi CMR,PM2.5 - Principal,2025-02-16 09:00 AM,2025,02,16,09,22.1,75,Moderate,20.6,UG/M3,1 Hr,Valid
Nairobi CMR,PM2.5 - Principal,2025-02-16 10:00 AM,2025,02,16,10,21.6,74,Moderate,20.5,UG/M3,1 Hr,Valid
Nairobi CMR,PM2.5 - Principal,2025-02-16 11:00 AM,2025,02,16,11,29.0,88,Moderate,38.2,UG/M3,1 Hr,Valid
Nairobi CMR,PM2.5 - Principal,2025-02-16 12:00 PM,2025,02,16,12,27.6,85,Moderate,25.9,UG/M3,1 Hr,Valid
Nairobi CMR,PM2.5 - Principal,2025-02-16 01:00 PM,2025,02,16,13,24.6,80,Moderate,21.3,UG/M3,1 Hr,Valid
Nairobi CMR,PM2.5 - Principal,2025-02-16 02:00 PM,2025,02,16,14,22.4,76,Moderate,20.0,UG/M3,1 Hr,Valid
Nairobi CMR,PM2.5 - Principal,2025-02-16 03:00 PM,2025,02,16,15,20.2,72,Moderate,18.3,UG/M3,1 Hr,Valid
Nairobi CMR,PM2.5 - Principal,2025-02-16 04:00 PM,2025,02,16,16,18.5,69,Moderate,16.9,UG/M3,1 Hr,Valid
Nairobi CMR,PM2.5 - Principal,2025-02-16 05:00 PM,2025,02,16,17,16.1,64,Moderate,13.8,UG/M3,1 Hr,Valid
Nairobi CMR,PM2.5 - Principal,2025-02-16 06:00 PM,2025,02,16,18,15.8,63,Moderate,15.6,UG/M3,1 Hr,Valid
Nairobi CMR,PM2.5 - Principal,2025-02-16 07:00 PM,2025,02,16,19,15.8,63,Moderate,15.8,UG/M3,1 Hr,Valid
Nairobi CMR,PM2.5 - Principal,2025-02-16 08:00 PM,2025,02,16,20,17.9,67,Moderate,20.1,UG/M3,1 Hr,Valid
Nairobi CMR,PM2.5 - Principal,2025-02-16 09:00 PM,2025,02,16,21,21.6,74,Moderate,25.3,UG/M3,1 Hr,Valid
Nairobi CMR,PM2.5 - Principal,2025-02-16 10:00 PM,2025,02,16,22,24.8,80,Moderate,28.1,UG/M3,1 Hr,Valid
Nairobi CMR,PM2.5 - Principal,2025-02-16 11:00 PM,2025,02,16,23,22.7,76,Moderate,20.7,UG/M3,1 Hr,Valid
Nairobi CMR,PM2.5 - Principal,2025-02-17 12:00 AM,2025,02,17,00,21.5,74,Moderate,20.3,UG/M3,1 Hr,Valid
Nairobi CMR,PM2.5 - Principal,2025-02-17 01:00 AM,2025,02,17,01,26.4,83,Moderate,31.3,UG/M3,1 Hr,Valid
Nairobi CMR,PM2.5 - Principal,2025-02-17 02:00 AM,2025,02,17,02,26.1,83,Moderate,25.9,UG/M3,1 Hr,Valid
Nairobi CMR,PM2.5 - Principal,2025-02-17 03:00 AM,2025,02,17,03,24.7,80,Moderate,23.3,UG/M3,1 Hr,Valid
Nairobi CMR,PM2.5 - Principal,2025-02-17 04:00 AM,2025,02,17,04,23.0,77,Moderate,21.3,UG/M3,1 Hr,Valid
Nairobi CMR,PM2.5 - Principal,2025-02-17 05:00 AM,2025,02,17,05,22.1,75,Moderate,21.2,UG/M3,1 Hr,Valid
Nairobi CMR,PM2.5 - Principal,2025-02-17 06:00 AM,2025,02,17,06,24.3,79,Moderate,26.6,UG/M3,1 Hr,Valid
Nairobi CMR,PM2.5 - Principal,2025-02-17 07:00 AM,2025,02,17,07,26.1,83,Moderate,29.9,UG/M3,1 Hr,Valid
Nairobi CMR,PM2.5 - Principal,2025-02-17 08:00 AM,2025,02,17,08,30.4,91,Moderate,35.5,UG/M3,1 Hr,Valid
Nairobi CMR,PM2.5 - Principal,2025-02-17 09:00 AM,2025,02,17,09,32.8,95,Moderate,35.8,UG/M3,1 Hr,Valid
Nairobi CMR,PM2.5 - Principal,2025-02-17 10:00 AM,2025,02,17,10,30.4,91,Moderate,27.4,UG/M3,1 Hr,Valid
Nairobi CMR,PM2.5 - Principal,2025-02-17 11:00 AM,2025,02,17,11,27.4,85,Moderate,23.5,UG/M3,1 Hr,Valid
Nairobi CMR,PM2.5 - Principal,2025-02-17 12:00 PM,2025,02,17,12,25.7,82,Moderate,23.0,UG/M3,1 Hr,Valid
Nairobi CMR,PM2.5 - Principal,2025-02-17 01:00 PM,2025,02,17,13,24.6,80,Moderate,23.1,UG/M3,1 Hr,Valid
Nairobi CMR,PM2.5 - Principal,2025-02-17 02:00 PM,2025,02,17,14,24.4,80,Moderate,24.1,UG/M3,1 Hr,Valid
Nairobi CMR,PM2.5 - Principal,2025-02-17 03:00 PM,2025,02,17,15,23.0,77,Moderate,21.1,UG/M3,1 Hr,Valid
Nairobi CMR,PM2.5 - Principal,2025-02-17 04:00 PM,2025,02,17,16,21.8,75,Moderate,20.4,UG/M3,1 Hr,Valid
Nairobi CMR,PM2.5 - Principal,2025-02-17 05:00 PM,2025,02,17,17,19.7,71,Moderate,18.0,UG/M3,1 Hr,Valid
Nairobi CMR,PM2.5 - Principal,2025-02-17 06:00 PM,2025,02,17,18,17.8,67,Moderate,16.0,UG/M3,1 Hr,Valid
Nairobi CMR,PM2.5 - Principal,2025-02-17 07:00 PM,2025,02,17,19,16.7,65,Moderate,15.7,UG/M3,1 Hr,Valid
Nairobi CMR,PM2.5 - Principal,2025-02-17 08:00 PM,2025,02,17,20,17.4,66,Moderate,18.2,UG/M3,1 Hr,Valid
Nairobi CMR,PM2.5 - Principal,2025-02-17 09:00 PM,2025,02,17,21,19.1,70,Moderate,21.2,UG/M3,1 Hr,Valid
Nairobi CMR,PM2.5 - Principal,2025-02-17 10:00 PM,2025,02,17,22,22.4,76,Moderate,27.0,UG/M3,1 Hr,Valid
Nairobi CMR,PM2.5 - Principal,2025-02-17 11:00 PM,2025,02,17,23,25.7,82,Moderate,29.2,UG/M3,1 Hr,Valid
Nairobi CMR,PM2.5 - Principal,2025-02-18 12:00 AM,2025,02,18,00,27.8,86,Moderate,29.9,UG/M3,1 Hr,Valid
Nairobi CMR,PM2.5 - Principal,2025-02-18 01:00 AM,2025,02,18,01,32.5,95,Moderate,37.1,UG/M3,1 Hr,Valid
Nairobi CMR,PM2.5 - Principal,2025-02-18 02:00 AM,2025,02,18,02,34.5,98,Moderate,36.5,UG/M3,1 Hr,Valid
Nairobi CMR,PM2.5 - Principal,2025-02-18 03:00 AM,2025,02,18,03,30.3,90,Moderate,26.1,UG/M3,1 Hr,Valid
Nairobi CMR,PM2.5 - Principal,2025-02-18 04:00 AM,2025,02,18,04,26.2,83,Moderate,22.1,UG/M3,1 Hr,Valid
Nairobi CMR,PM2.5 - Principal,2025-02-18 05:00 AM,2025,02,18,05,25.4,81,Moderate,24.7,UG/M3,1 Hr,Valid
Nairobi CMR,PM2.5 - Principal,2025-02-18 06:00 AM,2025,02,18,06,25.5,82,Moderate,25.7,UG/M3,1 Hr,Valid
Nairobi CMR,PM2.5 - Principal,2025-02-18 07:00 AM,2025,02,18,07,26.9,84,Moderate,28.3,UG/M3,1 Hr,Valid
Nairobi CMR,PM2.5 - Principal,2025-02-18 08:00 AM,2025,02,18,08,29.9,90,Moderate,33.9,UG/M3,1 Hr,Valid
Nairobi CMR,PM2.5 - Principal,2025-02-18 09:00 AM,2025,02,18,09,32.7,95,Moderate,37.2,UG/M3,1 Hr,Valid
Nairobi CMR,PM2.5 - Principal,2025-02-18 10:00 AM,2025,02,18,10,29.2,88,Moderate,24.0,UG/M3,1 Hr,Valid
Nairobi CMR,PM2.5 - Principal,2025-02-18 11:00 AM,2025,02,18,11,25.7,82,Moderate,21.2,UG/M3,1 Hr,Valid
Nairobi CMR,PM2.5 - Principal,2025-02-18 12:00 PM,2025,02,18,12,22.3,76,Moderate,19.3,UG/M3,1 Hr,Valid
Nairobi CMR,PM2.5 - Principal,2025-02-18 01:00 PM,2025,02,18,13,21.0,73,Moderate,19.6,UG/M3,1 Hr,Valid
Nairobi CMR,PM2.5 - Principal,2025-02-18 02:00 PM,2025,02,18,14,19.6,71,Moderate,18.4,UG/M3,1 Hr,Valid
Nairobi CMR,PM2.5 - Principal,2025-02-18 03:00 PM,2025,02,18,15,19.1,70,Moderate,18.6,UG/M3,1 Hr,Valid
Nairobi CMR,PM2.5 - Principal,2025-02-18 04:00 PM,2025,02,18,16,19.0,69,Moderate,19.0,UG/M3,1 Hr,Valid
Nairobi CMR,PM2.5 - Principal,2025-02-18 05:00 PM,2025,02,18,17,18.7,69,Moderate,18.5,UG/M3,1 Hr,Valid
Nairobi CMR,PM2.5 - Principal,2025-02-18 06:00 PM,2025,02,18,18,18.2,68,Moderate,17.8,UG/M3,1 Hr,Valid
Nairobi CMR,PM2.5 - Principal,2025-02-18 07:00 PM,2025,02,18,19,20.2,72,Moderate,22.2,UG/M3,1 Hr,Valid
Nairobi CMR,PM2.5 - Principal,2025-02-18 08:00 PM,2025,02,18,20,25.1,81,Moderate,30.0,UG/M3,1 Hr,Valid
Nairobi CMR,PM2.5 - Principal,2025-02-18 09:00 PM,2025,02,18,21,44.1,122,Unhealthy for Sensitive Groups,63.1,UG/M3,1 Hr,Valid
Nairobi CMR,PM2.5 - Principal,2025-02-18 10:00 PM,2025,02,18,22,44.5,123,Unhealthy for Sensitive Groups,45.0,UG/M3,1 Hr,Valid
Nairobi CMR,PM2.5 - Principal,2025-02-18 11:00 PM,2025,02,18,23,39.2,110,Unhealthy for Sensitive Groups,33.9,UG/M3,1 Hr,Valid
Nairobi CMR,PM2.5 - Principal,2025-02-19 12:00 AM,2025,02,19,00,35.9,102,Unhealthy for Sensitive Groups,32.7,UG/M3,1 Hr,Valid
Nairobi CMR,PM2.5 - Principal,2025-02-19 01:00 AM,2025,02,19,01,34.1,98,Moderate,32.4,UG/M3,1 Hr,Valid
Nairobi CMR,PM2.5 - Principal,2025-02-19 02:00 AM,2025,02,19,02,37.4,106,Unhealthy for Sensitive Groups,40.8,UG/M3,1 Hr,Valid
Nairobi CMR,PM2.5 - Principal,2025-02-19 03:00 AM,2025,02,19,03,35.7,101,Unhealthy for Sensitive Groups,34.1,UG/M3,1 Hr,Valid
Nairobi CMR,PM2.5 - Principal,2025-02-19 04:00 AM,2025,02,19,04,32.3,94,Moderate,28.8,UG/M3,1 Hr,Valid
Nairobi CMR,PM2.5 - Principal,2025-02-19 05:00 AM,2025,02,19,05,28.7,88,Moderate,25.2,UG/M3,1 Hr,Valid
Nairobi CMR,PM2.5 - Principal,2025-02-19 06:00 AM,2025,02,19,06,26.7,84,Moderate,24.8,UG/M3,1 Hr,Valid
Nairobi CMR,PM2.5 - Principal,2025-02-19 07:00 AM,2025,02,19,07,27.7,86,Moderate,28.8,UG/M3,1 Hr,Valid
Nairobi CMR,PM2.5 - Principal,2025-02-19 08:00 AM,2025,02,19,08,31.3,92,Moderate,35.0,UG/M3,1 Hr,Valid
Nairobi CMR,PM2.5 - Principal,2025-02-19 09:00 AM,2025,02,19,09,33.9,97,Moderate,37.5,UG/M3,1 Hr,Valid
Nairobi CMR,PM2.5 - Principal,2025-02-19 10:00 AM,2025,02,19,10,30.0,90,Moderate,24.8,UG/M3,1 Hr,Valid
Nairobi CMR,PM2.5 - Principal,2025-02-19 11:00 AM,2025,02,19,11,25.9,82,Moderate,21.7,UG/M3,1 Hr,Valid
Nairobi CMR,PM2.5 - Principal,2025-02-19 12:00 PM,2025,02,19,12,22.1,75,Moderate,18.7,UG/M3,1 Hr,Valid
Nairobi CMR,PM2.5 - Principal,2025-02-19 01:00 PM,2025,02,19,13,19.5,70,Moderate,17.0,UG/M3,1 Hr,Valid
Nairobi CMR,PM2.5 - Principal,2025-02-19 02:00 PM,2025,02,19,14,16.9,66,Moderate,14.4,UG/M3,1 Hr,Valid
Nairobi CMR,PM2.5 - Principal,2025-02-19 03:00 PM,2025,02,19,15,15.5,63,Moderate,14.2,UG/M3,1 Hr,Valid
Nairobi CMR,PM2.5 - Principal,2025-02-19 04:00 PM,2025,02,19,16,15.1,62,Moderate,14.8,UG/M3,1 Hr,Valid
Nairobi CMR,PM2.5 - Principal,2025-02-19 05:00 PM,2025,02,19,17,14.9,62,Moderate,14.7,UG/M3,1 Hr,Valid
Nairobi CMR,PM2.5 - Principal,2025-02-19 06:00 PM,2025,02,19,18,17.4,66,Moderate,19.9,UG/M3,1 Hr,Valid
Nairobi CMR,PM2.5 - Principal,2025-02-19 07:00 PM,2025,02,19,19,18.7,69,Moderate,20.0,UG/M3,1 Hr,Valid
Nairobi CMR,PM2.5 - Principal,2025-02-19 08:00 PM,2025,02,19,20,20.3,72,Moderate,22.0,UG/M3,1 Hr,Valid
Nairobi CMR,PM2.5 - Principal,2025-02-19 09:00 PM,2025,02,19,21,25.4,81,Moderate,30.6,UG/M3,1 Hr,Valid
Nairobi CMR,PM2.5 - Principal,2025-02-19 10:00 PM,2025,02,19,22,35.0,99,Moderate,44.7,UG/M3,1 Hr,Valid
Nairobi CMR,PM2.5 - Principal,2025-02-19 11:00 PM,2025,02,19,23,41.9,117,Unhealthy for Sensitive Groups,48.8,UG/M3,1 Hr,Valid
Nairobi CMR,PM2.5 - Principal,2025-02-20 12:00 AM,2025,02,20,00,44.1,122,Unhealthy for Sensitive Groups,46.3,UG/M3,1 Hr,Valid
Nairobi CMR,PM2.5 - Principal,2025-02-20 01:00 AM,2025,02,20,01,40.4,113,Unhealthy for Sensitive Groups,36.8,UG/M3,1 Hr,Valid
Nairobi CMR,PM2.5 - Principal,2025-02-20 02:00 AM,2025,02,20,02,44.6,123,Unhealthy for Sensitive Groups,48.8,UG/M3,1 Hr,Valid
Nairobi CMR,PM2.5 - Principal,2025-02-20 03:00 AM,2025,02,20,03,41.6,116,Unhealthy for Sensitive Groups,38.7,UG/M3,1 Hr,Valid
Nairobi CMR,PM2.5 - Principal,2025-02-20 04:00 AM,2025,02,20,04,34.0,97,Moderate,26.4,UG/M3,1 Hr,Valid
Nairobi CMR,PM2.5 - Principal,2025-02-20 05:00 AM,2025,02,20,05,29.5,89,Moderate,25.1,UG/M3,1 Hr,Valid
Nairobi CMR,PM2.5 - Principal,2025-02-20 06:00 AM,2025,02,20,06,25.8,82,Moderate,22.2,UG/M3,1 Hr,Valid
Nairobi CMR,PM2.5 - Principal,2025-02-20 07:00 AM,2025,02,20,07,29.1,88,Moderate,32.5,UG/M3,1 Hr,Valid
Nairobi CMR,PM2.5 - Principal,2025-02-20 08:00 AM,2025,02,20,08,34.8,99,Moderate,40.6,UG/M3,1 Hr,Valid
Nairobi CMR,PM2.5 - Principal,2025-02-20 09:00 AM,2025,02,20,09,37.7,106,Unhealthy for Sensitive Groups,40.5,UG/M3,1 Hr,Valid
Nairobi CMR,PM2.5 - Principal,2025-02-20 10:00 AM,2025,02,20,10,31.0,92,Moderate,24.5,UG/M3,1 Hr,Valid
Nairobi CMR,PM2.5 - Principal,2025-02-20 11:00 AM,2025,02,20,11,25.5,82,Moderate,20.1,UG/M3,1 Hr,Valid
Nairobi CMR,PM2.5 - Principal,2025-02-20 12:00 PM,2025,02,20,12,25.1,81,Moderate,24.8,UG/M3,1 Hr,Valid
Nairobi CMR,PM2.5 - Principal,2025-02-20 01:00 PM,2025,02,20,13,23.5,78,Moderate,21.9,UG/M3,1 Hr,Valid
Nairobi CMR,PM2.5 - Principal,2025-02-20 02:00 PM,2025,02,20,14,22.7,76,Moderate,21.9,UG/M3,1 Hr,Valid
Nairobi CMR,PM2.5 - Principal,2025-02-20 03:00 PM,2025,02,20,15,21.7,74,Moderate,20.7,UG/M3,1 Hr,Valid
Nairobi CMR,PM2.5 - Principal,2025-02-20 04:00 PM,2025,02,20,16,21.0,73,Moderate,20.4,UG/M3,1 Hr,Valid
Nairobi CMR,PM2.5 - Principal,2025-02-20 05:00 PM,2025,02,20,17,20.2,72,Moderate,19.4,UG/M3,1 Hr,Valid
Nairobi CMR,PM2.5 - Principal,2025-02-20 06:00 PM,2025,02,20,18,21.1,73,Moderate,22.0,UG/M3,1 Hr,Valid
Nairobi CMR,PM2.5 - Principal,2025-02-20 07:00 PM,2025,02,20,19,22.1,75,Moderate,23.1,UG/M3,1 Hr,Valid
Nairobi CMR,PM2.5 - Principal,2025-02-20 08:00 PM,2025,02,20,20,25.8,82,Moderate,29.5,UG/M3,1 Hr,Valid
Nairobi CMR,PM2.5 - Principal,2025-02-20 09:00 PM,2025,02,20,21,26.0,82,Moderate,29.1,UG/M3,1 Hr,Valid
Nairobi CMR,PM2.5 - Principal,2025-02-20 10:00 PM,2025,02,20,22,27.7,86,Moderate,30.4,UG/M3,1 Hr,Valid
Nairobi CMR,PM2.5 - Principal,2025-02-20 11:00 PM,2025,02,20,23,40.4,113,Unhealthy for Sensitive Groups,52.0,UG/M3,1 Hr,Valid
Nairobi CMR,PM2.5 - Principal,2025-02-21 12:00 AM,2025,02,21,00,40.2,113,Unhealthy for Sensitive Groups,40.0,UG/M3,1 Hr,Valid
Nairobi CMR,PM2.5 - Principal,2025-02-21 01:00 AM,2025,02,21,01,39.0,110,Unhealthy for Sensitive Groups,37.8,UG/M3,1 Hr,Valid
Nairobi CMR,PM2.5 - Principal,2025-02-21 02:00 AM,2025,02,21,02,38.5,108,Unhealthy for Sensitive Groups,38.0,UG/M3,1 Hr,Valid
Nairobi CMR,PM2.5 - Principal,2025-02-21 03:00 AM,2025,02,21,03,37.2,105,Unhealthy for Sensitive Groups,35.9,UG/M3,1 Hr,Valid
Nairobi CMR,PM2.5 - Principal,2025-02-21 04:00 AM,2025,02,21,04,33.5,96,Moderate,29.8,UG/M3,1 Hr,Valid
Nairobi CMR,PM2.5 - Principal,2025-02-21 05:00 AM,2025,02,21,05,30.0,90,Moderate,26.6,UG/M3,1 Hr,Valid
Nairobi CMR,PM2.5 - Principal,2025-02-21 06:00 AM,2025,02,21,06,29.2,88,Moderate,28.4,UG/M3,1 Hr,Valid
Nairobi CMR,PM2.5 - Principal,2025-02-21 07:00 AM,2025,02,21,07,32.5,95,Moderate,36.0,UG/M3,1 Hr,Valid
Nairobi CMR,PM2.5 - Principal,2025-02-21 08:00 AM,2025,02,21,08,38.3,108,Unhealthy for Sensitive Groups,44.4,UG/M3,1 Hr,Valid
Nairobi CMR,PM2.5 - Principal,2025-02-21 09:00 AM,2025,02,21,09,41.7,116,Unhealthy for Sensitive Groups,45.3,UG/M3,1 Hr,Valid
Nairobi CMR,PM2.5 - Principal,2025-02-21 10:00 AM,2025,02,21,10,35.2,100,Moderate,28.5,UG/M3,1 Hr,Valid
Nairobi CMR,PM2.5 - Principal,2025-02-21 11:00 AM,2025,02,21,11,28.8,88,Moderate,22.6,UG/M3,1 Hr,Valid
Nairobi CMR,PM2.5 - Principal,2025-02-21 12:00 PM,2025,02,21,12,23.8,78,Moderate,18.9,UG/M3,1 Hr,Valid
Nairobi CMR,PM2.5 - Principal,2025-02-21 01:00 PM,2025,02,21,13,21.1,73,Moderate,18.5,UG/M3,1 Hr,Valid
Nairobi CMR,PM2.5 - Principal,2025-02-21 02:00 PM,2025,02,21,14,19.3,70,Moderate,17.6,UG/M3,1 Hr,Valid
Nairobi CMR,PM2.5 - Principal,2025-02-21 03:00 PM,2025,02,21,15,19.1,70,Moderate,19.0,UG/M3,1 Hr,Valid
Nairobi CMR,PM2.5 - Principal,2025-02-21 04:00 PM,2025,02,21,16,19.9,71,Moderate,20.8,UG/M3,1 Hr,Valid
Nairobi CMR,PM2.5 - Principal,2025-02-21 05:00 PM,2025,02,21,17,19.6,71,Moderate,19.4,UG/M3,1 Hr,Valid
Nairobi CMR,PM2.5 - Principal,2025-02-21 06:00 PM,2025,02,21,18,21.3,74,Moderate,23.1,UG/M3,1 Hr,Valid
Nairobi CMR,PM2.5 - Principal,2025-02-21 07:00 PM,2025,02,21,19,20.4,72,Moderate,19.6,UG/M3,1 Hr,Valid
Nairobi CMR,PM2.5 - Principal,2025-02-21 08:00 PM,2025,02,21,20,24.9,80,Moderate,29.4,UG/M3,1 Hr,Valid
Nairobi CMR,PM2.5 - Principal,2025-02-21 09:00 PM,2025,02,21,21,26.5,83,Moderate,30.0,UG/M3,1 Hr,Valid
Nairobi CMR,PM2.5 - Principal,2025-02-21 10:00 PM,2025,02,21,22,29.7,89,Moderate,32.8,UG/M3,1 Hr,Valid
Nairobi CMR,PM2.5 - Principal,2025-02-21 11:00 PM,2025,02,21,23,32.1,94,Moderate,34.4,UG/M3,1 Hr,Valid
Nairobi CMR,PM2.5 - Principal,2025-02-22 12:00 AM,2025,02,22,00,32.0,94,Moderate,31.9,UG/M3,1 Hr,Valid
Nairobi CMR,PM2.5 - Principal,2025-02-22 01:00 AM,2025,02,22,01,31.0,92,Moderate,30.0,UG/M3,1 Hr,Valid
Nairobi CMR,PM2.5 - Principal,2025-02-22 02:00 AM,2025,02,22,02,32.2,94,Moderate,33.8,UG/M3,1 Hr,Valid
Nairobi CMR,PM2.5 - Principal,2025-02-22 03:00 AM,2025,02,22,03,32.3,94,Moderate,32.4,UG/M3,1 Hr,Valid
Nairobi CMR,PM2.5 - Principal,2025-02-22 04:00 AM,2025,02,22,04,30.8,91,Moderate,28.9,UG/M3,1 Hr,Valid
Nairobi CMR,PM2.5 - Principal,2025-02-22 05:00 AM,2025,02,22,05,29.2,88,Moderate,27.2,UG/M3,1 Hr,Valid
Nairobi CMR,PM2.5 - Principal,2025-02-22 06:00 AM,2025,02,22,06,28.1,86,Moderate,26.7,UG/M3,1 Hr,Valid
Nairobi CMR,PM2.5 - Principal,2025-02-22 07:00 AM,2025,02,22,07,28.9,88,Moderate,27.1,UG/M3,1 Hr,Valid
Nairobi CMR,PM2.5 - Principal,2025-02-22 08:00 AM,2025,02,22,08,30.3,90,Moderate,35.0,UG/M3,1 Hr,Valid
Nairobi CMR,PM2.5 - Principal,2025-02-22 09:00 AM,2025,02,22,09,32.0,94,Moderate,36.4,UG/M3,1 Hr,Valid
Nairobi CMR,PM2.5 - Principal,2025-02-22 10:00 AM,2025,02,22,10,30.9,92,Moderate,28.2,UG/M3,1 Hr,Valid
Nairobi CMR,PM2.5 - Principal,2025-02-22 11:00 AM,2025,02,22,11,30.6,91,Moderate,29.8,UG/M3,1 Hr,Valid
Nairobi CMR,PM2.5 - Principal,2025-02-22 12:00 PM,2025,02,22,12,29.2,88,Moderate,25.9,UG/M3,1 Hr,Valid
Nairobi CMR,PM2.5 - Principal,2025-02-22 01:00 PM,2025,02,22,13,25.3,81,Moderate,21.0,UG/M3,1 Hr,Valid
Nairobi CMR,PM2.5 - Principal,2025-02-22 02:00 PM,2025,02,22,14,23.8,78,Moderate,21.7,UG/M3,1 Hr,Valid
Nairobi CMR,PM2.5 - Principal,2025-02-22 03:00 PM,2025,02,22,15,23.2,77,Moderate,22.6,UG/M3,1 Hr,Valid
Nairobi CMR,PM2.5 - Principal,2025-02-22 04:00 PM,2025,02,22,16,22.3,76,Moderate,21.0,UG/M3,1 Hr,Valid
Nairobi CMR,PM2.5 - Principal,2025-02-22 05:00 PM,2025,02,22,17,21.2,74,Moderate,20.1,UG/M3,1 Hr,Valid
Nairobi CMR,PM2.5 - Principal,2025-02-22 06:00 PM,2025,02,22,18,21.6,74,Moderate,22.1,UG/M3,1 Hr,Valid
Nairobi CMR,PM2.5 - Principal,2025-02-22 07:00 PM,2025,02,22,19,24.0,79,Moderate,27.0,UG/M3,1 Hr,Valid
Nairobi CMR,PM2.5 - Principal,2025-02-22 08:00 PM,2025,02,22,20,23.1,77,Moderate,22.1,UG/M3,1 Hr,Valid
Nairobi CMR,PM2.5 - Principal,2025-02-22 09:00 PM,2025,02,22,21,22.5,76,Moderate,21.5,UG/M3,1 Hr,Valid
Nairobi CMR,PM2.5 - Principal,2025-02-22 10:00 PM,2025,02,22,22,27.1,85,Moderate,33.9,UG/M3,1 Hr,Valid
Nairobi CMR,PM2.5 - Principal,2025-02-22 11:00 PM,2025,02,22,23,32.0,94,Moderate,37.2,UG/M3,1 Hr,Valid
Nairobi CMR,PM2.5 - Principal,2025-02-23 12:00 AM,2025,02,23,00,36.7,104,Unhealthy for Sensitive Groups,40.9,UG/M3,1 Hr,Valid
Nairobi CMR,PM2.5 - Principal,2025-02-23 01:00 AM,2025,02,23,01,40.9,114,Unhealthy for Sensitive Groups,45.2,UG/M3,1 Hr,Valid
Nairobi CMR,PM2.5 - Principal,2025-02-23 02:00 AM,2025,02,23,02,39.1,110,Unhealthy for Sensitive Groups,37.3,UG/M3,1 Hr,Valid
Nairobi CMR,PM2.5 - Principal,2025-02-23 03:00 AM,2025,02,23,03,36.0,102,Unhealthy for Sensitive Groups,33.0,UG/M3,1 Hr,Valid
Nairobi CMR,PM2.5 - Principal,2025-02-23 04:00 AM,2025,02,23,04,33.9,97,Moderate,31.8,UG/M3,1 Hr,Valid
Nairobi CMR,PM2.5 - Principal,2025-02-23 05:00 AM,2025,02,23,05,31.9,93,Moderate,29.9,UG/M3,1 Hr,Valid
Nairobi CMR,PM2.5 - Principal,2025-02-23 06:00 AM,2025,02,23,06,29.4,89,Moderate,27.0,UG/M3,1 Hr,Valid
Nairobi CMR,PM2.5 - Principal,2025-02-23 07:00 AM,2025,02,23,07,27.4,85,Moderate,25.4,UG/M3,1 Hr,Valid
Nairobi CMR,PM2.5 - Principal,2025-02-23 08:00 AM,2025,02,23,08,26.5,83,Moderate,25.6,UG/M3,1 Hr,Valid
Nairobi CMR,PM2.5 - Principal,2025-02-23 09:00 AM,2025,02,23,09,27.0,84,Moderate,27.1,UG/M3,1 Hr,Valid
Nairobi CMR,PM2.5 - Principal,2025-02-23 10:00 AM,2025,02,23,10,22.3,76,Moderate,17.9,UG/M3,1 Hr,Valid
Nairobi CMR,PM2.5 - Principal,2025-02-23 11:00 AM,2025,02,23,11,19.9,71,Moderate,17.6,UG/M3,1 Hr,Valid
Nairobi CMR,PM2.5 - Principal,2025-02-23 12:00 PM,2025,02,23,12,16.6,65,Moderate,13.4,UG/M3,1 Hr,Valid
Nairobi CMR,PM2.5 - Principal,2025-02-23 01:00 PM,2025,02,23,13,14.6,61,Moderate,12.7,UG/M3,1 Hr,Valid
Nairobi CMR,PM2.5 - Principal,2025-02-23 02:00 PM,2025,02,23,14,13.6,59,Moderate,12.6,UG/M3,1 Hr,Valid
Nairobi CMR,PM2.5 - Principal,2025-02-23 03:00 PM,2025,02,23,15,12.9,58,Moderate,12.3,UG/M3,1 Hr,Valid
Nairobi CMR,PM2.5 - Principal,2025-02-23 04:00 PM,2025,02,23,16,11.8,56,Moderate,10.7,UG/M3,1 Hr,Valid
Nairobi CMR,PM2.5 - Principal,2025-02-23 05:00 PM,2025,02,23,17,10.7,54,Moderate,9.6,UG/M3,1 Hr,Valid
Nairobi CMR,PM2.5 - Principal,2025-02-23 06:00 PM,2025,02,23,18,10.4,53,Moderate,10.2,UG/M3,1 Hr,Valid
Nairobi CMR,PM2.5 - Principal,2025-02-23 07:00 PM,2025,02,23,19,11.4,55,Moderate,12.4,UG/M3,1 Hr,Valid
Nairobi CMR,PM2.5 - Principal,2025-02-23 08:00 PM,2025,02,23,20,14.9,62,Moderate,18.5,UG/M3,1 Hr,Valid
Nairobi CMR,PM2.5 - Principal,2025-02-23 09:00 PM,2025,02,23,21,17.2,66,Moderate,19.6,UG/M3,1 Hr,Valid
Nairobi CMR,PM2.5 - Principal,2025-02-23 10:00 PM,2025,02,23,22,19.8,71,Moderate,22.4,UG/M3,1 Hr,Valid
Nairobi CMR,PM2.5 - Principal,2025-02-23 11:00 PM,2025,02,23,23,22.2,75,Moderate,24.6,UG/M3,1 Hr,Valid
Nairobi CMR,PM2.5 - Principal,2025-02-24 12:00 AM,2025,02,24,00,24.3,79,Moderate,26.5,UG/M3,1 Hr,Valid
Nairobi CMR,PM2.5 - Principal,2025-02-24 01:00 AM,2025,02,24,01,25.8,82,Moderate,27.3,UG/M3,1 Hr,Valid
Nairobi CMR,PM2.5 - Principal,2025-02-24 02:00 AM,2025,02,24,02,26.2,83,Moderate,26.6,UG/M3,1 Hr,Valid
Nairobi CMR,PM2.5 - Principal,2025-02-24 03:00 AM,2025,02,24,03,27.8,86,Moderate,29.4,UG/M3,1 Hr,Valid
Nairobi CMR,PM2.5 - Principal,2025-02-24 04:00 AM,2025,02,24,04,28.4,87,Moderate,29.1,UG/M3,1 Hr,Valid
Nairobi CMR,PM2.5 - Principal,2025-02-24 05:00 AM,2025,02,24,05,26.1,83,Moderate,23.9,UG/M3,1 Hr,Valid
Nairobi CMR,PM2.5 - Principal,2025-02-24 06:00 AM,2025,02,24,06,23.9,79,Moderate,21.8,UG/M3,1 Hr,Valid
Nairobi CMR,PM2.5 - Principal,2025-02-24 07:00 AM,2025,02,24,07,24.3,79,Moderate,23.7,UG/M3,1 Hr,Valid
Nairobi CMR,PM2.5 - Principal,2025-02-24 08:00 AM,2025,02,24,08,26.6,84,Moderate,30.6,UG/M3,1 Hr,Valid
Nairobi CMR,PM2.5 - Principal,2025-02-24 09:00 AM,2025,02,24,09,30.2,90,Moderate,35.7,UG/M3,1 Hr,Valid
Nairobi CMR,PM2.5 - Principal,2025-02-24 10:00 AM,2025,02,24,10,25.9,82,Moderate,19.8,UG/M3,1 Hr,Valid
Nairobi CMR,PM2.5 - Principal,2025-02-24 11:00 AM,2025,02,24,11,19.8,71,Moderate,14.1,UG/M3,1 Hr,Valid
Nairobi CMR,PM2.5 - Principal,2025-02-24 12:00 PM,2025,02,24,12,16.2,64,Moderate,12.7,UG/M3,1 Hr,Valid
Nairobi CMR,PM2.5 - Principal,2025-02-24 01:00 PM,2025,02,24,13,16.0,64,Moderate,15.8,UG/M3,1 Hr,Valid
Nairobi CMR,PM2.5 - Principal,2025-02-24 02:00 PM,2025,02,24,14,18.1,68,Moderate,20.3,UG/M3,1 Hr,Valid
Nairobi CMR,PM2.5 - Principal,2025-02-24 03:00 PM,2025,02,24,15,25.0,81,Moderate,31.9,UG/M3,1 Hr,Valid
Nairobi CMR,PM2.5 - Principal,2025-02-24 04:00 PM,2025,02,24,16,26.4,83,Moderate,27.8,UG/M3,1 Hr,Valid
Nairobi CMR,PM2.5 - Principal,2025-02-24 05:00 PM,2025,02,24,17,33.7,97,Moderate,41.1,UG/M3,1 Hr,Valid
Nairobi CMR,PM2.5 - Principal,2025-02-24 06:00 PM,2025,02,24,18,30.8,91,Moderate,28.0,UG/M3,1 Hr,Valid
Nairobi CMR,PM2.5 - Principal,2025-02-24 07:00 PM,2025,02,24,19,25.7,82,Moderate,20.6,UG/M3,1 Hr,Valid
Nairobi CMR,PM2.5 - Principal,2025-02-24 08:00 PM,2025,02,24,20,24.0,79,Moderate,22.4,UG/M3,1 Hr,Valid
Nairobi CMR,PM2.5 - Principal,2025-02-24 09:00 PM,2025,02,24,21,23.2,77,Moderate,22.5,UG/M3,1 Hr,Valid
Nairobi CMR,PM2.5 - Principal,2025-02-24 10:00 PM,2025,02,24,22,22.1,75,Moderate,21.1,UG/M3,1 Hr,Valid
Nairobi CMR,PM2.5 - Principal,2025-02-24 11:00 PM,2025,02,24,23,22.9,77,Moderate,23.7,UG/M3,1 Hr,Valid
Nairobi CMR,PM2.5 - Principal,2025-02-25 12:00 AM,2025,02,25,00,23.3,77,Moderate,23.7,UG/M3,1 Hr,Valid
Nairobi CMR,PM2.5 - Principal,2025-02-25 01:00 AM,2025,02,25,01,22.1,75,Moderate,21.0,UG/M3,1 Hr,Valid
Nairobi CMR,PM2.5 - Principal,2025-02-25 02:00 AM,2025,02,25,02,20.8,73,Moderate,19.5,UG/M3,1 Hr,Valid
Nairobi CMR,PM2.5 - Principal,2025-02-25 03:00 AM,2025,02,25,03,21.1,73,Moderate,21.5,UG/M3,1 Hr,Valid
Nairobi CMR,PM2.5 - Principal,2025-02-25 04:00 AM,2025,02,25,04,23.5,78,Moderate,26.0,UG/M3,1 Hr,Valid
Nairobi CMR,PM2.5 - Principal,2025-02-25 05:00 AM,2025,02,25,05,21.7,74,Moderate,19.2,UG/M3,1 Hr,Valid
Nairobi CMR,PM2.5 - Principal,2025-02-25 06:00 AM,2025,02,25,06,23.2,77,Moderate,27.0,UG/M3,1 Hr,Valid
Nairobi CMR,PM2.5 - Principal,2025-02-25 07:00 AM,2025,02,25,07,35.9,102,Unhealthy for Sensitive Groups,47.6,UG/M3,1 Hr,Valid
Nairobi CMR,PM2.5 - Principal,2025-02-25 08:00 AM,2025,02,25,08,41.4,116,Unhealthy for Sensitive Groups,46.9,UG/M3,1 Hr,Valid
Nairobi CMR,PM2.5 - Principal,2025-02-25 09:00 AM,2025,02,25,09,34.7,99,Moderate,28.1,UG/M3,1 Hr,Valid
Nairobi CMR,PM2.5 - Principal,2025-02-25 10:00 AM,2025,02,25,10,30.4,91,Moderate,26.2,UG/M3,1 Hr,Valid
Nairobi CMR,PM2.5 - Principal,2025-02-25 11:00 AM,2025,02,25,11,27.5,85,Moderate,24.7,UG/M3,1 Hr,Valid
Nairobi CMR,PM2.5 - Principal,2025-02-25 12:00 PM,2025,02,25,12,24.7,80,Moderate,22.0,UG/M3,1 Hr,Valid
Nairobi CMR,PM2.5 - Principal,2025-02-25 01:00 PM,2025,02,25,13,25.1,81,Moderate,25.5,UG/M3,1 Hr,Valid
Nairobi CMR,PM2.5 - Principal,2025-02-25 02:00 PM,2025,02,25,14,26.5,83,Moderate,27.9,UG/M3,1 Hr,Valid
Nairobi CMR,PM2.5 - Principal,2025-02-25 03:00 PM,2025,02,25,15,23.8,78,Moderate,21.2,UG/M3,1 Hr,Valid
Nairobi CMR,PM2.5 - Principal,2025-02-25 04:00 PM,2025,02,25,16,23.9,79,Moderate,24.1,UG/M3,1 Hr,Valid
Nairobi CMR,PM2.5 - Principal,2025-02-25 05:00 PM,2025,02,25,17,37.3,105,Unhealthy for Sensitive Groups,50.7,UG/M3,1 Hr,Valid
Nairobi CMR,PM2.5 - Principal,2025-02-25 06:00 PM,2025,02,25,18,44.7,124,Unhealthy for Sensitive Groups,52.1,UG/M3,1 Hr,Valid
Nairobi CMR,PM2.5 - Principal,2025-02-25 07:00 PM,2025,02,25,19,31.8,93,Moderate,18.9,UG/M3,1 Hr,Valid
Nairobi CMR,PM2.5 - Principal,2025-02-25 08:00 PM,2025,02,25,20,27.0,84,Moderate,22.3,UG/M3,1 Hr,Valid
Nairobi CMR,PM2.5 - Principal,2025-02-25 09:00 PM,2025,02,25,21,26.1,83,Moderate,25.3,UG/M3,1 Hr,Valid
Nairobi CMR,PM2.5 - Principal,2025-02-25 10:00 PM,2025,02,25,22,36.7,104,Unhealthy for Sensitive Groups,47.4,UG/M3,1 Hr,Valid
Nairobi CMR,PM2.5 - Principal,2025-02-25 11:00 PM,2025,02,25,23,36.2,103,Unhealthy for Sensitive Groups,35.7,UG/M3,1 Hr,Valid
Nairobi CMR,PM2.5 - Principal,2025-02-26 12:00 AM,2025,02,26,00,31.8,93,Moderate,27.4,UG/M3,1 Hr,Valid
Nairobi CMR,PM2.5 - Principal,2025-02-26 01:00 AM,2025,02,26,01,32.8,95,Moderate,33.8,UG/M3,1 Hr,Valid
Nairobi CMR,PM2.5 - Principal,2025-02-26 02:00 AM,2025,02,26,02,32.2,94,Moderate,31.7,UG/M3,1 Hr,Valid
Nairobi CMR,PM2.5 - Principal,2025-02-26 03:00 AM,2025,02,26,03,30.5,91,Moderate,28.9,UG/M3,1 Hr,Valid
Nairobi CMR,PM2.5 - Principal,2025-02-26 04:00 AM,2025,02,26,04,30.2,90,Moderate,30.0,UG/M3,1 Hr,Valid
Nairobi CMR,PM2.5 - Principal,2025-02-26 05:00 AM,2025,02,26,05,31.0,92,Moderate,31.8,UG/M3,1 Hr,Valid
Nairobi CMR,PM2.5 - Principal,2025-02-26 06:00 AM,2025,02,26,06,28.8,88,Moderate,26.6,UG/M3,1 Hr,Valid
Nairobi CMR,PM2.5 - Principal,2025-02-26 07:00 AM,2025,02,26,07,30.7,91,Moderate,32.6,UG/M3,1 Hr,Valid
Nairobi CMR,PM2.5 - Principal,2025-02-26 08:00 AM,2025,02,26,08,43.4,120,Unhealthy for Sensitive Groups,56.2,UG/M3,1 Hr,Valid
Nairobi CMR,PM2.5 - Principal,2025-02-26 09:00 AM,2025,02,26,09,37.0,105,Unhealthy for Sensitive Groups,30.6,UG/M3,1 Hr,Valid
Nairobi CMR,PM2.5 - Principal,2025-02-26 10:00 AM,2025,02,26,10,32.3,94,Moderate,27.7,UG/M3,1 Hr,Valid
Nairobi CMR,PM2.5 - Principal,2025-02-26 11:00 AM,2025,02,26,11,30.2,90,Moderate,28.2,UG/M3,1 Hr,Valid
Nairobi CMR,PM2.5 - Principal,2025-02-26 12:00 PM,2025,02,26,12,26.8,84,Moderate,23.5,UG/M3,1 Hr,Valid
Nairobi CMR,PM2.5 - Principal,2025-02-26 01:00 PM,2025,02,26,13,25.0,81,Moderate,23.3,UG/M3,1 Hr,Valid
Nairobi CMR,PM2.5 - Principal,2025-02-26 02:00 PM,2025,02,26,14,22.3,76,Moderate,19.6,UG/M3,1 Hr,Valid
Nairobi CMR,PM2.5 - Principal,2025-02-26 03:00 PM,2025,02,26,15,19.7,71,Moderate,17.2,UG/M3,1 Hr,Valid
Nairobi CMR,PM2.5 - Principal,2025-02-26 04:00 PM,2025,02,26,16,17.5,67,Moderate,15.4,UG/M3,1 Hr,Valid
Nairobi CMR,PM2.5 - Principal,2025-02-26 05:00 PM,2025,02,26,17,17.0,66,Moderate,16.5,UG/M3,1 Hr,Valid
Nairobi CMR,PM2.5 - Principal,2025-02-26 06:00 PM,2025,02,26,18,16.1,64,Moderate,15.3,UG/M3,1 Hr,Valid
Nairobi CMR,PM2.5 - Principal,2025-02-26 07:00 PM,2025,02,26,19,16.4,65,Moderate,16.7,UG/M3,1 Hr,Valid
Nairobi CMR,PM2.5 - Principal,2025-02-26 08:00 PM,2025,02,26,20,19.7,71,Moderate,23.1,UG/M3,1 Hr,Valid
Nairobi CMR,PM2.5 - Principal,2025-02-26 09:00 PM,2025,02,26,21,26.6,84,Moderate,33.5,UG/M3,1 Hr,Valid
Nairobi CMR,PM2.5 - Principal,2025-02-26 10:00 PM,2025,02,26,22,33.4,96,Moderate,40.3,UG/M3,1 Hr,Valid
Nairobi CMR,PM2.5 - Principal,2025-02-26 11:00 PM,2025,02,26,23,37.5,106,Unhealthy for Sensitive Groups,41.6,UG/M3,1 Hr,Valid
Nairobi CMR,PM2.5 - Principal,2025-02-27 12:00 AM,2025,02,27,00,40.4,113,Unhealthy for Sensitive Groups,43.4,UG/M3,1 Hr,Valid
Nairobi CMR,PM2.5 - Principal,2025-02-27 01:00 AM,2025,02,27,01,39.5,111,Unhealthy for Sensitive Groups,38.6,UG/M3,1 Hr,Valid
Nairobi CMR,PM2.5 - Principal,2025-02-27 02:00 AM,2025,02,27,02,36.8,104,Unhealthy for Sensitive Groups,34.2,UG/M3,1 Hr,Valid
Nairobi CMR,PM2.5 - Principal,2025-02-27 03:00 AM,2025,02,27,03,33.7,97,Moderate,30.7,UG/M3,1 Hr,Valid
Nairobi CMR,PM2.5 - Principal,2025-02-27 04:00 AM,2025,02,27,04,29.5,89,Moderate,25.4,UG/M3,1 Hr,Valid
Nairobi CMR,PM2.5 - Principal,2025-02-27 05:00 AM,2025,02,27,05,26.0,82,Moderate,22.6,UG/M3,1 Hr,Valid
Nairobi CMR,PM2.5 - Principal,2025-02-27 06:00 AM,2025,02,27,06,25.6,82,Moderate,25.1,UG/M3,1 Hr,Valid
Nairobi CMR,PM2.5 - Principal,2025-02-27 07:00 AM,2025,02,27,07,33.0,96,Moderate,41.0,UG/M3,1 Hr,Valid
Nairobi CMR,PM2.5 - Principal,2025-02-27 08:00 AM,2025,02,27,08,32.6,95,Moderate,32.2,UG/M3,1 Hr,Valid
Nairobi CMR,PM2.5 - Principal,2025-02-27 09:00 AM,2025,02,27,09,32.0,94,Moderate,31.4,UG/M3,1 Hr,Valid
Nairobi CMR,PM2.5 - Principal,2025-02-27 10:00 AM,2025,02,27,10,27.4,85,Moderate,22.5,UG/M3,1 Hr,Valid
Nairobi CMR,PM2.5 - Principal,2025-02-27 11:00 AM,2025,02,27,11,23.9,79,Moderate,20.6,UG/M3,1 Hr,Valid
Nairobi CMR,PM2.5 - Principal,2025-02-27 12:00 PM,2025,02,27,12,23.2,77,Moderate,22.5,UG/M3,1 Hr,Valid
Nairobi CMR,PM2.5 - Principal,2025-02-27 01:00 PM,2025,02,27,13,20.6,72,Moderate,18.1,UG/M3,1 Hr,Valid
Nairobi CMR,PM2.5 - Principal,2025-02-27 02:00 PM,2025,02,27,14,18.6,69,Moderate,16.7,UG/M3,1 Hr,Valid
Nairobi CMR,PM2.5 - Principal,2025-02-27 03:00 PM,2025,02,27,15,16.9,66,Moderate,15.3,UG/M3,1 Hr,Valid
Nairobi CMR,PM2.5 - Principal,2025-02-27 04:00 PM,2025,02,27,16,16.9,66,Moderate,17.0,UG/M3,1 Hr,Valid
Nairobi CMR,PM2.5 - Principal,2025-02-27 05:00 PM,2025,02,27,17,18.9,69,Moderate,20.9,UG/M3,1 Hr,Valid
Nairobi CMR,PM2.5 - Principal,2025-02-27 06:00 PM,2025,02,27,18,18.8,69,Moderate,18.7,UG/M3,1 Hr,Valid
Nairobi CMR,PM2.5 - Principal,2025-02-27 07:00 PM,2025,02,27,19,18.5,69,Moderate,18.2,UG/M3,1 Hr,Valid
Nairobi CMR,PM2.5 - Principal,2025-02-27 08:00 PM,2025,02,27,20,23.0,77,Moderate,27.5,UG/M3,1 Hr,Valid
Nairobi CMR,PM2.5 - Principal,2025-02-27 09:00 PM,2025,02,27,21,30.7,91,Moderate,38.4,UG/M3,1 Hr,Valid
Nairobi CMR,PM2.5 - Principal,2025-02-27 10:00 PM,2025,02,27,22,41.6,116,Unhealthy for Sensitive Groups,52.6,UG/M3,1 Hr,Valid
Nairobi CMR,PM2.5 - Principal,2025-02-27 11:00 PM,2025,02,27,23,48.2,132,Unhealthy for Sensitive Groups,54.8,UG/M3,1 Hr,Valid
Nairobi CMR,PM2.5 - Principal,2025-02-28 12:00 AM,2025,02,28,00,84.5,171,Unhealthy,120.8,UG/M3,1 Hr,Valid
Nairobi CMR,PM2.5 - Principal,2025-02-28 01:00 AM,2025,02,28,01,88.0,174,Unhealthy,91.6,UG/M3,1 Hr,Valid
Nairobi CMR,PM2.5 - Principal,2025-02-28 02:00 AM,2025,02,28,02,66.6,159,Unhealthy,45.2,UG/M3,1 Hr,Valid
Nairobi CMR,PM2.5 - Principal,2025-02-28 03:00 AM,2025,02,28,03,51.1,139,Unhealthy for Sensitive Groups,35.6,UG/M3,1 Hr,Valid
Nairobi CMR,PM2.5 - Principal,2025-02-28 04:00 AM,2025,02,28,04,40.3,113,Unhealthy for Sensitive Groups,29.6,UG/M3,1 Hr,Valid
Nairobi CMR,PM2.5 - Principal,2025-02-28 05:00 AM,2025,02,28,05,33.6,97,Moderate,26.9,UG/M3,1 Hr,Valid
Nairobi CMR,PM2.5 - Principal,2025-02-28 06:00 AM,2025,02,28,06,30.2,90,Moderate,26.9,UG/M3,1 Hr,Valid
Nairobi CMR,PM2.5 - Principal,2025-02-28 07:00 AM,2025,02,28,07,30.8,91,Moderate,31.4,UG/M3,1 Hr,Valid
Nairobi CMR,PM2.5 - Principal,2025-02-28 08:00 AM,2025,02,28,08,32.7,95,Moderate,34.7,UG/M3,1 Hr,Valid
Nairobi CMR,PM2.5 - Principal,2025-02-28 09:00 AM,2025,02,28,09,34.8,99,Moderate,37.0,UG/M3,1 Hr,Valid
Nairobi CMR,PM2.5 - Principal,2025-02-28 10:00 AM,2025,02,28,10,32.0,94,Moderate,29.3,UG/M3,1 Hr,Valid
Nairobi CMR,PM2.5 - Principal,2025-02-28 11:00 AM,2025,02,28,11,29.5,89,Moderate,27.1,UG/M3,1 Hr,Valid
Nairobi CMR,PM2.5 - Principal,2025-02-28 12:00 PM,2025,02,28,12,26.9,84,Moderate,24.4,UG/M3,1 Hr,Valid
Nairobi CMR,PM2.5 - Principal,2025-02-28 01:00 PM,2025,02,28,13,26.6,84,Moderate,25.9,UG/M3,1 Hr,Valid
Nairobi CMR,PM2.5 - Principal,2025-02-28 02:00 PM,2025,02,28,14,27.3,85,Moderate,27.2,UG/M3,1 Hr,Valid
Nairobi CMR,PM2.5 - Principal,2025-02-28 03:00 PM,2025,02,28,15,27.2,85,Moderate,27.0,UG/M3,1 Hr,Valid
Nairobi CMR,PM2.5 - Principal,2025-02-28 04:00 PM,2025,02,28,16,26.8,84,Moderate,26.3,UG/M3,1 Hr,Valid
Nairobi CMR,PM2.5 - Principal,2025-02-28 05:00 PM,2025,02,28,17,26.8,84,Moderate,26.8,UG/M3,1 Hr,Valid
Nairobi CMR,PM2.5 - Principal,2025-02-28 06:00 PM,2025,02,28,18,27.2,85,Moderate,28.1,UG/M3,1 Hr,Valid
Nairobi CMR,PM2.5 - Principal,2025-02-28 07:00 PM,2025,02,28,19,31.9,93,Moderate,39.5,UG/M3,1 Hr,Valid
Nairobi CMR,PM2.5 - Principal,2025-02-28 08:00 PM,2025,02,28,20,39.7,111,Unhealthy for Sensitive Groups,46.8,UG/M3,1 Hr,Valid
Nairobi CMR,PM2.5 - Principal,2025-02-28 09:00 PM,2025,02,28,21,51.2,140,Unhealthy for Sensitive Groups,62.4,UG/M3,1 Hr,Valid
Nairobi CMR,PM2.5 - Principal,2025-02-28 10:00 PM,2025,02,28,22,53.9,146,Unhealthy for Sensitive Groups,56.7,UG/M3,1 Hr,Valid
Nairobi CMR,PM2.5 - Principal,2025-02-28 11:00 PM,2025,02,28,23,58.3,153,Unhealthy,62.8,UG/M3,1 Hr,Valid
Nairobi CMR,PM2.5 - Principal,2025-03-01 12:00 AM,2025,03,01,00,58.9,153,Unhealthy,59.4,UG/M3,1 Hr,Valid
Nairobi CMR,PM2.5 - Principal,2025-03-01 01:00 AM,2025,03,01,01,54.7,148,Unhealthy for Sensitive Groups,50.5,UG/M3,1 Hr,Valid
Nairobi CMR,PM2.5 - Principal,2025-03-01 02:00 AM,2025,03,01,02,52.7,143,Unhealthy for Sensitive Groups,50.8,UG/M3,1 Hr,Valid
Nairobi CMR,PM2.5 - Principal,2025-03-01 03:00 AM,2025,03,01,03,52.1,142,Unhealthy for Sensitive Groups,51.5,UG/M3,1 Hr,Valid
Nairobi CMR,PM2.5 - Principal,2025-03-01 04:00 AM,2025,03,01,04,46.6,128,Unhealthy for Sensitive Groups,41.2,UG/M3,1 Hr,Valid
Nairobi CMR,PM2.5 - Principal,2025-03-01 05:00 AM,2025,03,01,05,41.3,115,Unhealthy for Sensitive Groups,36.1,UG/M3,1 Hr,Valid
Nairobi CMR,PM2.5 - Principal,2025-03-01 06:00 AM,2025,03,01,06,39.0,110,Unhealthy for Sensitive Groups,34.9,UG/M3,1 Hr,Valid
Nairobi CMR,PM2.5 - Principal,2025-03-01 07:00 AM,2025,03,01,07,35.5,101,Unhealthy for Sensitive Groups,32.5,UG/M3,1 Hr,Valid
Nairobi CMR,PM2.5 - Principal,2025-03-01 08:00 AM,2025,03,01,08,35.5,101,Unhealthy for Sensitive Groups,35.6,UG/M3,1 Hr,Valid
Nairobi CMR,PM2.5 - Principal,2025-03-01 09:00 AM,2025,03,01,09,39.3,110,Unhealthy for Sensitive Groups,43.4,UG/M3,1 Hr,Valid
Nairobi CMR,PM2.5 - Principal,2025-03-01 10:00 AM,2025,03,01,10,34.3,98,Moderate,29.3,UG/M3,1 Hr,Valid
Nairobi CMR,PM2.5 - Principal,2025-03-01 11:00 AM,2025,03,01,11,35.6,101,Unhealthy for Sensitive Groups,36.9,UG/M3,1 Hr,Valid
Nairobi CMR,PM2.5 - Principal,2025-03-01 12:00 PM,2025,03,01,12,34.5,98,Moderate,33.0,UG/M3,1 Hr,Valid
Nairobi CMR,PM2.5 - Principal,2025-03-01 01:00 PM,2025,03,01,13,34.5,98,Moderate,34.6,UG/M3,1 Hr,Valid
Nairobi CMR,PM2.5 - Principal,2025-03-01 02:00 PM,2025,03,01,14,34.0,97,Moderate,33.4,UG/M3,1 Hr,Valid
Nairobi CMR,PM2.5 - Principal,2025-03-01 03:00 PM,2025,03,01,15,33.3,96,Moderate,31.4,UG/M3,1 Hr,Valid
Nairobi CMR,PM2.5 - Principal,2025-03-01 04:00 PM,2025,03,01,16,33.4,96,Moderate,33.8,UG/M3,1 Hr,Valid
Nairobi CMR,PM2.5 - Principal,2025-03-01 05:00 PM,2025,03,01,17,33.4,96,Moderate,33.3,UG/M3,1 Hr,Valid
Nairobi CMR,PM2.5 - Principal,2025-03-01 06:00 PM,2025,03,01,18,32.3,94,Moderate,30.3,UG/M3,1 Hr,Valid
Nairobi CMR,PM2.5 - Principal,2025-03-01 07:00 PM,2025,03,01,19,31.8,93,Moderate,30.9,UG/M3,1 Hr,Valid
Nairobi CMR,PM2.5 - Principal,2025-03-01 08:00 PM,2025,03,01,20,32.7,95,Moderate,34.6,UG/M3,1 Hr,Valid
Nairobi CMR,PM2.5 - Principal,2025-03-01 09:00 PM,2025,03,01,21,32.6,95,Moderate,32.2,UG/M3,1 Hr,Valid
Nairobi CMR,PM2.5 - Principal,2025-03-01 10:00 PM,2025,03,01,22,33.3,96,Moderate,36.2,UG/M3,1 Hr,Valid
Nairobi CMR,PM2.5 - Principal,2025-03-01 11:00 PM,2025,03,01,23,43.2,120,Unhealthy for Sensitive Groups,54.5,UG/M3,1 Hr,Valid
Nairobi CMR,PM2.5 - Principal,2025-03-02 12:00 AM,2025,03,02,00,47.2,130,Unhealthy for Sensitive Groups,52.3,UG/M3,1 Hr,Valid
Nairobi CMR,PM2.5 - Principal,2025-03-02 01:00 AM,2025,03,02,01,43.7,121,Unhealthy for Sensitive Groups,39.4,UG/M3,1 Hr,Valid
Nairobi CMR,PM2.5 - Principal,2025-03-02 02:00 AM,2025,03,02,02,38.8,109,Unhealthy for Sensitive Groups,32.8,UG/M3,1 Hr,Valid
Nairobi CMR,PM2.5 - Principal,2025-03-02 03:00 AM,2025,03,02,03,35.6,101,Unhealthy for Sensitive Groups,31.5,UG/M3,1 Hr,Valid
Nairobi CMR,PM2.5 - Principal,2025-03-02 04:00 AM,2025,03,02,04,32.3,94,Moderate,29.0,UG/M3,1 Hr,Valid
Nairobi CMR,PM2.5 - Principal,2025-03-02 05:00 AM,2025,03,02,05,30.8,91,Moderate,29.2,UG/M3,1 Hr,Valid
Nairobi CMR,PM2.5 - Principal,2025-03-02 06:00 AM,2025,03,02,06,30.4,91,Moderate,29.9,UG/M3,1 Hr,Valid
Nairobi CMR,PM2.5 - Principal,2025-03-02 07:00 AM,2025,03,02,07,31.3,92,Moderate,32.3,UG/M3,1 Hr,Valid
Nairobi CMR,PM2.5 - Principal,2025-03-02 08:00 AM,2025,03,02,08,33.6,97,Moderate,36.4,UG/M3,1 Hr,Valid
Nairobi CMR,PM2.5 - Principal,2025-03-02 09:00 AM,2025,03,02,09,34.8,99,Moderate,36.1,UG/M3,1 Hr,Valid
Nairobi CMR,PM2.5 - Principal,2025-03-02 10:00 AM,2025,03,02,10,34.7,99,Moderate,34.6,UG/M3,1 Hr,Valid
Nairobi CMR,PM2.5 - Principal,2025-03-02 11:00 AM,2025,03,02,11,34.4,98,Moderate,34.2,UG/M3,1 Hr,Valid
Nairobi CMR,PM2.5 - Principal,2025-03-02 12:00 PM,2025,03,02,12,36.4,103,Unhealthy for Sensitive Groups,41.6,UG/M3,1 Hr,Valid
Nairobi CMR,PM2.5 - Principal,2025-03-02 01:00 PM,2025,03,02,13,36.8,104,Unhealthy for Sensitive Groups,37.8,UG/M3,1 Hr,Valid
Nairobi CMR,PM2.5 - Principal,2025-03-02 02:00 PM,2025,03,02,14,36.3,103,Unhealthy for Sensitive Groups,35.3,UG/M3,1 Hr,Valid
Nairobi CMR,PM2.5 - Principal,2025-03-02 03:00 PM,2025,03,02,15,34.3,98,Moderate,29.8,UG/M3,1 Hr,Valid
Nairobi CMR,PM2.5 - Principal,2025-03-02 04:00 PM,2025,03,02,16,31.7,93,Moderate,27.1,UG/M3,1 Hr,Valid
Nairobi CMR,PM2.5 - Principal,2025-03-02 05:00 PM,2025,03,02,17,29.5,89,Moderate,26.3,UG/M3,1 Hr,Valid
Nairobi CMR,PM2.5 - Principal,2025-03-02 06:00 PM,2025,03,02,18,27.4,85,Moderate,24.8,UG/M3,1 Hr,Valid
Nairobi CMR,PM2.5 - Principal,2025-03-02 07:00 PM,2025,03,02,19,26.6,84,Moderate,25.6,UG/M3,1 Hr,Valid
Nairobi CMR,PM2.5 - Principal,2025-03-02 08:00 PM,2025,03,02,20,27.0,84,Moderate,27.7,UG/M3,1 Hr,Valid
Nairobi CMR,PM2.5 - Principal,2025-03-02 09:00 PM,2025,03,02,21,31.0,92,Moderate,36.8,UG/M3,1 Hr,Valid
Nairobi CMR,PM2.5 - Principal,2025-03-02 10:00 PM,2025,03,02,22,36.2,103,Unhealthy for Sensitive Groups,43.1,UG/M3,1 Hr,Valid
Nairobi CMR,PM2.5 - Principal,2025-03-02 11:00 PM,2025,03,02,23,36.3,103,Unhealthy for Sensitive Groups,36.6,UG/M3,1 Hr,Valid
Nairobi CMR,PM2.5 - Principal,2025-03-03 12:00 AM,2025,03,03,00,43.6,121,Unhealthy for Sensitive Groups,50.3,UG/M3,1 Hr,Valid
Nairobi CMR,PM2.5 - Principal,2025-03-03 01:00 AM,2025,03,03,01,46.8,129,Unhealthy for Sensitive Groups,50.1,UG/M3,1 Hr,Valid
Nairobi CMR,PM2.5 - Principal,2025-03-03 02:00 AM,2025,03,03,02,44.9,124,Unhealthy for Sensitive Groups,43.0,UG/M3,1 Hr,Valid
Nairobi CMR,PM2.5 - Principal,2025-03-03 03:00 AM,2025,03,03,03,40.4,113,Unhealthy for Sensitive Groups,36.0,UG/M3,1 Hr,Valid
Nairobi CMR,PM2.5 - Principal,2025-03-03 04:00 AM,2025,03,03,04,35.9,102,Unhealthy for Sensitive Groups,31.5,UG/M3,1 Hr,Valid
Nairobi CMR,PM2.5 - Principal,2025-03-03 05:00 AM,2025,03,03,05,32.0,94,Moderate,28.2,UG/M3,1 Hr,Valid
Nairobi CMR,PM2.5 - Principal,2025-03-03 06:00 AM,2025,03,03,06,33.1,96,Moderate,34.1,UG/M3,1 Hr,Valid
Nairobi CMR,PM2.5 - Principal,2025-03-03 07:00 AM,2025,03,03,07,42.8,119,Unhealthy for Sensitive Groups,53.3,UG/M3,1 Hr,Valid
Nairobi CMR,PM2.5 - Principal,2025-03-03 08:00 AM,2025,03,03,08,52.7,143,Unhealthy for Sensitive Groups,62.2,UG/M3,1 Hr,Valid
Nairobi CMR,PM2.5 - Principal,2025-03-03 09:00 AM,2025,03,03,09,42.7,119,Unhealthy for Sensitive Groups,32.7,UG/M3,1 Hr,Valid
Nairobi CMR,PM2.5 - Principal,2025-03-03 10:00 AM,2025,03,03,10,36.8,104,Unhealthy for Sensitive Groups,31.0,UG/M3,1 Hr,Valid
Nairobi CMR,PM2.5 - Principal,2025-03-03 11:00 AM,2025,03,03,11,34.7,99,Moderate,32.7,UG/M3,1 Hr,Valid
Nairobi CMR,PM2.5 - Principal,2025-03-03 12:00 PM,2025,03,03,12,31.5,93,Moderate,28.3,UG/M3,1 Hr,Valid
Nairobi CMR,PM2.5 - Principal,2025-03-03 01:00 PM,2025,03,03,13,31.4,93,Moderate,31.3,UG/M3,1 Hr,Valid
Nairobi CMR,PM2.5 - Principal,2025-03-03 02:00 PM,2025,03,03,14,30.1,90,Moderate,28.8,UG/M3,1 Hr,Valid
Nairobi CMR,PM2.5 - Principal,2025-03-03 03:00 PM,2025,03,03,15,27.4,85,Moderate,24.7,UG/M3,1 Hr,Valid
Nairobi CMR,PM2.5 - Principal,2025-03-03 04:00 PM,2025,03,03,16,22.6,76,Moderate,17.9,UG/M3,1 Hr,Valid
Nairobi CMR,PM2.5 - Principal,2025-03-03 05:00 PM,2025,03,03,17,21.2,74,Moderate,19.9,UG/M3,1 Hr,Valid
Nairobi CMR,PM2.5 - Principal,2025-03-03 06:00 PM,2025,03,03,18,20.9,73,Moderate,20.6,UG/M3,1 Hr,Valid
Nairobi CMR,PM2.5 - Principal,2025-03-03 07:00 PM,2025,03,03,19,22.4,76,Moderate,23.9,UG/M3,1 Hr,Valid
Nairobi CMR,PM2.5 - Principal,2025-03-03 08:00 PM,2025,03,03,20,24.3,79,Moderate,26.8,UG/M3,1 Hr,Valid
Nairobi CMR,PM2.5 - Principal,2025-03-03 09:00 PM,2025,03,03,21,27.8,86,Moderate,32.1,UG/M3,1 Hr,Valid
Nairobi CMR,PM2.5 - Principal,2025-03-03 10:00 PM,2025,03,03,22,26.4,83,Moderate,24.7,UG/M3,1 Hr,Valid
Nairobi CMR,PM2.5 - Principal,2025-03-03 11:00 PM,2025,03,03,23,25.0,81,Moderate,23.4,UG/M3,1 Hr,Valid
Nairobi CMR,PM2.5 - Principal,2025-03-04 12:00 AM,2025,03,04,00,25.7,82,Moderate,26.7,UG/M3,1 Hr,Valid
Nairobi CMR,PM2.5 - Principal,2025-03-04 01:00 AM,2025,03,04,01,27.3,85,Moderate,29.4,UG/M3,1 Hr,Valid
Nairobi CMR,PM2.5 - Principal,2025-03-04 02:00 AM,2025,03,04,02,27.7,86,Moderate,28.2,UG/M3,1 Hr,Valid
Nairobi CMR,PM2.5 - Principal,2025-03-04 03:00 AM,2025,03,04,03,27.1,85,Moderate,26.3,UG/M3,1 Hr,Valid
Nairobi CMR,PM2.5 - Principal,2025-03-04 04:00 AM,2025,03,04,04,26.2,83,Moderate,24.9,UG/M3,1 Hr,Valid
Nairobi CMR,PM2.5 - Principal,2025-03-04 05:00 AM,2025,03,04,05,26.3,83,Moderate,26.4,UG/M3,1 Hr,Valid
Nairobi CMR,PM2.5 - Principal,2025-03-04 06:00 AM,2025,03,04,06,26.5,83,Moderate,26.7,UG/M3,1 Hr,Valid
Nairobi CMR,PM2.5 - Principal,2025-03-04 07:00 AM,2025,03,04,07,28.6,87,Moderate,33.6,UG/M3,1 Hr,Valid
Nairobi CMR,PM2.5 - Principal,2025-03-04 08:00 AM,2025,03,04,08,35.6,101,Unhealthy for Sensitive Groups,42.8,UG/M3,1 Hr,Valid
Nairobi CMR,PM2.5 - Principal,2025-03-04 09:00 AM,2025,03,04,09,34.5,98,Moderate,33.2,UG/M3,1 Hr,Valid
Nairobi CMR,PM2.5 - Principal,2025-03-04 10:00 AM,2025,03,04,10,32.7,95,Moderate,30.5,UG/M3,1 Hr,Valid
Nairobi CMR,PM2.5 - Principal,2025-03-04 11:00 AM,2025,03,04,11,33.6,97,Moderate,34.9,UG/M3,1 Hr,Valid
Nairobi CMR,PM2.5 - Principal,2025-03-04 12:00 PM,2025,03,04,12,32.7,95,Moderate,31.6,UG/M3,1 Hr,Valid
Nairobi CMR,PM2.5 - Principal,2025-03-04 01:00 PM,2025,03,04,13,34.1,98,Moderate,36.0,UG/M3,1 Hr,Valid
Nairobi CMR,PM2.5 - Principal,2025-03-04 02:00 PM,2025,03,04,14,28.4,87,Moderate,22.1,UG/M3,1 Hr,Valid
Nairobi CMR,PM2.5 - Principal,2025-03-04 03:00 PM,2025,03,04,15,24.3,79,Moderate,20.5,UG/M3,1 Hr,Valid
Nairobi CMR,PM2.5 - Principal,2025-03-04 04:00 PM,2025,03,04,16,21.7,74,Moderate,19.2,UG/M3,1 Hr,Valid
Nairobi CMR,PM2.5 - Principal,2025-03-04 05:00 PM,2025,03,04,17,20.2,72,Moderate,18.7,UG/M3,1 Hr,Valid
Nairobi CMR,PM2.5 - Principal,2025-03-04 06:00 PM,2025,03,04,18,18.9,69,Moderate,17.6,UG/M3,1 Hr,Valid
Nairobi CMR,PM2.5 - Principal,2025-03-04 07:00 PM,2025,03,04,19,19.9,71,Moderate,21.0,UG/M3,1 Hr,Valid
Nairobi CMR,PM2.5 - Principal,2025-03-04 08:00 PM,2025,03,04,20,24.3,79,Moderate,28.8,UG/M3,1 Hr,Valid
Nairobi CMR,PM2.5 - Principal,2025-03-04 09:00 PM,2025,03,04,21,29.7,89,Moderate,35.1,UG/M3,1 Hr,Valid
Nairobi CMR,PM2.5 - Principal,2025-03-04 10:00 PM,2025,03,04,22,29.6,89,Moderate,29.6,UG/M3,1 Hr,Valid
Nairobi CMR,PM2.5 - Principal,2025-03-04 11:00 PM,2025,03,04,23,28.6,87,Moderate,27.6,UG/M3,1 Hr,Valid
Nairobi CMR,PM2.5 - Principal,2025-03-05 12:00 AM,2025,03,05,00,24.6,80,Moderate,20.7,UG/M3,1 Hr,Valid
Nairobi CMR,PM2.5 - Principal,2025-03-05 01:00 AM,2025,03,05,01,22.1,75,Moderate,19.7,UG/M3,1 Hr,Valid
Nairobi CMR,PM2.5 - Principal,2025-03-05 02:00 AM,2025,03,05,02,20.0,71,Moderate,17.8,UG/M3,1 Hr,Valid
Nairobi CMR,PM2.5 - Principal,2025-03-05 03:00 AM,2025,03,05,03,19.3,70,Moderate,18.6,UG/M3,1 Hr,Valid
Nairobi CMR,PM2.5 - Principal,2025-03-05 04:00 AM,2025,03,05,04,18.9,69,Moderate,18.6,UG/M3,1 Hr,Valid
Nairobi CMR,PM2.5 - Principal,2025-03-05 05:00 AM,2025,03,05,05,18.7,69,Moderate,18.5,UG/M3,1 Hr,Valid
Nairobi CMR,PM2.5 - Principal,2025-03-05 06:00 AM,2025,03,05,06,19.7,71,Moderate,20.8,UG/M3,1 Hr,Valid
Nairobi CMR,PM2.5 - Principal,2025-03-05 07:00 AM,2025,03,05,07,22.4,76,Moderate,25.2,UG/M3,1 Hr,Valid
Nairobi CMR,PM2.5 - Principal,2025-03-05 08:00 AM,2025,03,05,08,25.7,82,Moderate,29.1,UG/M3,1 Hr,Valid
Nairobi CMR,PM2.5 - Principal,2025-03-05 09:00 AM,2025,03,05,09,24.0,79,Moderate,22.9,UG/M3,1 Hr,Valid
Nairobi CMR,PM2.5 - Principal,2025-03-05 10:00 AM,2025,03,05,10,23.9,79,Moderate,24.0,UG/M3,1 Hr,Valid
Nairobi CMR,PM2.5 - Principal,2025-03-05 11:00 AM,2025,03,05,11,24.1,79,Moderate,24.5,UG/M3,1 Hr,Valid
Nairobi CMR,PM2.5 - Principal,2025-03-05 12:00 PM,2025,03,05,12,28.9,88,Moderate,34.1,UG/M3,1 Hr,Valid
Nairobi CMR,PM2.5 - Principal,2025-03-05 01:00 PM,2025,03,05,13,28.0,86,Moderate,27.0,UG/M3,1 Hr,Valid
Nairobi CMR,PM2.5 - Principal,2025-03-05 02:00 PM,2025,03,05,14,25.1,81,Moderate,21.7,UG/M3,1 Hr,Valid
Nairobi CMR,PM2.5 - Principal,2025-03-05 03:00 PM,2025,03,05,15,22.9,77,Moderate,20.3,UG/M3,1 Hr,Valid
Nairobi CMR,PM2.5 - Principal,2025-03-05 04:00 PM,2025,03,05,16,20.9,73,Moderate,18.6,UG/M3,1 Hr,Valid
Nairobi CMR,PM2.5 - Principal,2025-03-05 05:00 PM,2025,03,05,17,19.1,70,Moderate,17.5,UG/M3,1 Hr,Valid
Nairobi CMR,PM2.5 - Principal,2025-03-05 06:00 PM,2025,03,05,18,18.2,68,Moderate,17.4,UG/M3,1 Hr,Valid
Nairobi CMR,PM2.5 - Principal,2025-03-05 07:00 PM,2025,03,05,19,19.1,70,Moderate,20.1,UG/M3,1 Hr,Valid
Nairobi CMR,PM2.5 - Principal,2025-03-05 08:00 PM,2025,03,05,20,22.7,76,Moderate,26.5,UG/M3,1 Hr,Valid
Nairobi CMR,PM2.5 - Principal,2025-03-05 09:00 PM,2025,03,05,21,25.9,82,Moderate,29.2,UG/M3,1 Hr,Valid
Nairobi CMR,PM2.5 - Principal,2025-03-05 10:00 PM,2025,03,05,22,27.2,85,Moderate,28.6,UG/M3,1 Hr,Valid
Nairobi CMR,PM2.5 - Principal,2025-03-05 11:00 PM,2025,03,05,23,26.3,83,Moderate,25.5,UG/M3,1 Hr,Valid
Nairobi CMR,PM2.5 - Principal,2025-03-06 12:00 AM,2025,03,06,00,27.3,85,Moderate,29.2,UG/M3,1 Hr,Valid
Nairobi CMR,PM2.5 - Principal,2025-03-06 01:00 AM,2025,03,06,01,27.8,86,Moderate,28.7,UG/M3,1 Hr,Valid
Nairobi CMR,PM2.5 - Principal,2025-03-06 02:00 AM,2025,03,06,02,26.2,83,Moderate,23.8,UG/M3,1 Hr,Valid
Nairobi CMR,PM2.5 - Principal,2025-03-06 03:00 AM,2025,03,06,03,23.1,77,Moderate,18.5,UG/M3,1 Hr,Valid
Nairobi CMR,PM2.5 - Principal,2025-03-06 04:00 AM,2025,03,06,04,21.0,73,Moderate,18.1,UG/M3,1 Hr,Valid
Nairobi CMR,PM2.5 - Principal,2025-03-06 05:00 AM,2025,03,06,05,20.4,72,Moderate,19.5,UG/M3,1 Hr,Valid
Nairobi CMR,PM2.5 - Principal,2025-03-06 06:00 AM,2025,03,06,06,20.9,73,Moderate,21.4,UG/M3,1 Hr,Valid
Nairobi CMR,PM2.5 - Principal,2025-03-06 07:00 AM,2025,03,06,07,22.7,76,Moderate,25.7,UG/M3,1 Hr,Valid
Nairobi CMR,PM2.5 - Principal,2025-03-06 08:00 AM,2025,03,06,08,28.0,86,Moderate,33.9,UG/M3,1 Hr,Valid
Nairobi CMR,PM2.5 - Principal,2025-03-06 09:00 AM,2025,03,06,09,25.9,82,Moderate,23.5,UG/M3,1 Hr,Valid
Nairobi CMR,PM2.5 - Principal,2025-03-06 10:00 AM,2025,03,06,10,23.4,78,Moderate,20.6,UG/M3,1 Hr,Valid
Nairobi CMR,PM2.5 - Principal,2025-03-06 11:00 AM,2025,03,06,11,21.8,75,Moderate,20.0,UG/M3,1 Hr,Valid
Nairobi CMR,PM2.5 - Principal,2025-03-06 12:00 PM,2025,03,06,12,22.4,76,Moderate,23.2,UG/M3,1 Hr,Valid
Nairobi CMR,PM2.5 - Principal,2025-03-06 01:00 PM,2025,03,06,13,25.0,81,Moderate,28.1,UG/M3,1 Hr,Valid
Nairobi CMR,PM2.5 - Principal,2025-03-06 02:00 PM,2025,03,06,14,24.1,79,Moderate,23.0,UG/M3,1 Hr,Valid
Nairobi CMR,PM2.5 - Principal,2025-03-06 03:00 PM,2025,03,06,15,20.6,72,Moderate,17.1,UG/M3,1 Hr,Valid
Nairobi CMR,PM2.5 - Principal,2025-03-06 04:00 PM,2025,03,06,16,18.4,68,Moderate,16.2,UG/M3,1 Hr,Valid
Nairobi CMR,PM2.5 - Principal,2025-03-06 05:00 PM,2025,03,06,17,18.0,68,Moderate,17.6,UG/M3,1 Hr,Valid
Nairobi CMR,PM2.5 - Principal,2025-03-06 06:00 PM,2025,03,06,18,16.9,66,Moderate,15.8,UG/M3,1 Hr,Valid
Nairobi CMR,PM2.5 - Principal,2025-03-06 07:00 PM,2025,03,06,19,16.3,64,Moderate,15.8,UG/M3,1 Hr,Valid
Nairobi CMR,PM2.5 - Principal,2025-03-06 08:00 PM,2025,03,06,20,18.6,69,Moderate,21.4,UG/M3,1 Hr,Valid
Nairobi CMR,PM2.5 - Principal,2025-03-06 09:00 PM,2025,03,06,21,25.7,82,Moderate,32.7,UG/M3,1 Hr,Valid
Nairobi CMR,PM2.5 - Principal,2025-03-06 10:00 PM,2025,03,06,22,30.0,90,Moderate,34.3,UG/M3,1 Hr,Valid
Nairobi CMR,PM2.5 - Principal,2025-03-06 11:00 PM,2025,03,06,23,28.6,87,Moderate,27.3,UG/M3,1 Hr,Valid
Nairobi CMR,PM2.5 - Principal,2025-03-07 12:00 AM,2025,03,07,00,26.2,83,Moderate,23.8,UG/M3,1 Hr,Valid
Nairobi CMR,PM2.5 - Principal,2025-03-07 01:00 AM,2025,03,07,01,27.1,85,Moderate,28.1,UG/M3,1 Hr,Valid
Nairobi CMR,PM2.5 - Principal,2025-03-07 02:00 AM,2025,03,07,02,28.5,87,Moderate,29.9,UG/M3,1 Hr,Valid
Nairobi CMR,PM2.5 - Principal,2025-03-07 03:00 AM,2025,03,07,03,26.6,84,Moderate,24.7,UG/M3,1 Hr,Valid
Nairobi CMR,PM2.5 - Principal,2025-03-07 04:00 AM,2025,03,07,04,22.2,75,Moderate,17.9,UG/M3,1 Hr,Valid
Nairobi CMR,PM2.5 - Principal,2025-03-07 05:00 AM,2025,03,07,05,21.7,74,Moderate,21.3,UG/M3,1 Hr,Valid
Nairobi CMR,PM2.5 - Principal,2025-03-07 06:00 AM,2025,03,07,06,19.7,71,Moderate,17.7,UG/M3,1 Hr,Valid
Nairobi CMR,PM2.5 - Principal,2025-03-07 07:00 AM,2025,03,07,07,22.2,75,Moderate,24.7,UG/M3,1 Hr,Valid
Nairobi CMR,PM2.5 - Principal,2025-03-07 08:00 AM,2025,03,07,08,26.0,82,Moderate,30.1,UG/M3,1 Hr,Valid
Nairobi CMR,PM2.5 - Principal,2025-03-07 09:00 AM,2025,03,07,09,24.2,79,Moderate,22.4,UG/M3,1 Hr,Valid
Nairobi CMR,PM2.5 - Principal,2025-03-07 10:00 AM,2025,03,07,10,23.6,78,Moderate,23.0,UG/M3,1 Hr,Valid
Nairobi CMR,PM2.5 - Principal,2025-03-07 11:00 AM,2025,03,07,11,24.7,80,Moderate,26.2,UG/M3,1 Hr,Valid
Nairobi CMR,PM2.5 - Principal,2025-03-07 12:00 PM,2025,03,07,12,25.8,82,Moderate,27.5,UG/M3,1 Hr,Valid
Nairobi CMR,PM2.5 - Principal,2025-03-07 01:00 PM,2025,03,07,13,27.2,85,Moderate,29.3,UG/M3,1 Hr,Valid
Nairobi CMR,PM2.5 - Principal,2025-03-07 02:00 PM,2025,03,07,14,27.9,86,Moderate,28.8,UG/M3,1 Hr,Valid
Nairobi CMR,PM2.5 - Principal,2025-03-07 03:00 PM,2025,03,07,15,27.5,85,Moderate,27.1,UG/M3,1 Hr,Valid
Nairobi CMR,PM2.5 - Principal,2025-03-07 04:00 PM,2025,03,07,16,25.4,81,Moderate,22.5,UG/M3,1 Hr,Valid
Nairobi CMR,PM2.5 - Principal,2025-03-07 05:00 PM,2025,03,07,17,23.6,78,Moderate,21.1,UG/M3,1 Hr,Valid
Nairobi CMR,PM2.5 - Principal,2025-03-07 06:00 PM,2025,03,07,18,24.3,79,Moderate,24.1,UG/M3,1 Hr,Valid
Nairobi CMR,PM2.5 - Principal,2025-03-07 07:00 PM,2025,03,07,19,25.2,81,Moderate,27.4,UG/M3,1 Hr,Valid
Nairobi CMR,PM2.5 - Principal,2025-03-07 08:00 PM,2025,03,07,20,26.3,83,Moderate,29.2,UG/M3,1 Hr,Valid
Nairobi CMR,PM2.5 - Principal,2025-03-07 09:00 PM,2025,03,07,21,26.7,84,Moderate,27.7,UG/M3,1 Hr,Valid
Nairobi CMR,PM2.5 - Principal,2025-03-07 10:00 PM,2025,03,07,22,27.2,85,Moderate,28.5,UG/M3,1 Hr,Valid
Nairobi CMR,PM2.5 - Principal,2025-03-07 11:00 PM,2025,03,07,23,26.0,82,Moderate,23.0,UG/M3,1 Hr,Valid
Nairobi CMR,PM2.5 - Principal,2025-03-08 12:00 AM,2025,03,08,00,24.6,80,Moderate,21.3,UG/M3,1 Hr,Valid
Nairobi CMR,PM2.5 - Principal,2025-03-08 01:00 AM,2025,03,08,01,22.1,75,Moderate,18.5,UG/M3,1 Hr,Valid
Nairobi CMR,PM2.5 - Principal,2025-03-08 02:00 AM,2025,03,08,02,20.2,72,Moderate,17.8,UG/M3,1 Hr,Valid
Nairobi CMR,PM2.5 - Principal,2025-03-08 03:00 AM,2025,03,08,03,19.9,71,Moderate,19.5,UG/M3,1 Hr,Valid
Nairobi CMR,PM2.5 - Principal,2025-03-08 04:00 AM,2025,03,08,04,20.0,71,Moderate,20.1,UG/M3,1 Hr,Valid
Nairobi CMR,PM2.5 - Principal,2025-03-08 05:00 AM,2025,03,08,05,19.9,71,Moderate,19.9,UG/M3,1 Hr,Valid
Nairobi CMR,PM2.5 - Principal,2025-03-08 06:00 AM,2025,03,08,06,20.4,72,Moderate,21.3,UG/M3,1 Hr,Valid
Nairobi CMR,PM2.5 - Principal,2025-03-08 07:00 AM,2025,03,08,07,20.8,73,Moderate,21.5,UG/M3,1 Hr,Valid
Nairobi CMR,PM2.5 - Principal,2025-03-08 08:00 AM,2025,03,08,08,22.6,76,Moderate,25.7,UG/M3,1 Hr,Valid
Nairobi CMR,PM2.5 - Principal,2025-03-08 09:00 AM,2025,03,08,09,24.1,79,Moderate,26.7,UG/M3,1 Hr,Valid
Nairobi CMR,PM2.5 - Principal,2025-03-08 10:00 AM,2025,03,08,10,26.8,84,Moderate,30.3,UG/M3,1 Hr,Valid
Nairobi CMR,PM2.5 - Principal,2025-03-08 11:00 AM,2025,03,08,11,28.5,87,Moderate,30.7,UG/M3,1 Hr,Valid
Nairobi CMR,PM2.5 - Principal,2025-03-08 12:00 PM,2025,03,08,12,31.0,92,Moderate,33.5,UG/M3,1 Hr,Valid
Nairobi CMR,PM2.5 - Principal,2025-03-08 01:00 PM,2025,03,08,13,32.1,94,Moderate,33.4,UG/M3,1 Hr,Valid
Nairobi CMR,PM2.5 - Principal,2025-03-08 02:00 PM,2025,03,08,14,31.7,93,Moderate,31.6,UG/M3,1 Hr,Valid
Nairobi CMR,PM2.5 - Principal,2025-03-08 03:00 PM,2025,03,08,15,29.1,88,Moderate,25.4,UG/M3,1 Hr,Valid
Nairobi CMR,PM2.5 - Principal,2025-03-08 04:00 PM,2025,03,08,16,27.0,84,Moderate,23.9,UG/M3,1 Hr,Valid
Nairobi CMR,PM2.5 - Principal,2025-03-08 05:00 PM,2025,03,08,17,26.0,82,Moderate,23.8,UG/M3,1 Hr,Valid
Nairobi CMR,PM2.5 - Principal,2025-03-08 06:00 PM,2025,03,08,18,26.0,82,Moderate,26.0,UG/M3,1 Hr,Valid
Nairobi CMR,PM2.5 - Principal,2025-03-08 07:00 PM,2025,03,08,19,26.2,83,Moderate,25.6,UG/M3,1 Hr,Valid
Nairobi CMR,PM2.5 - Principal,2025-03-08 08:00 PM,2025,03,08,20,27.0,84,Moderate,29.1,UG/M3,1 Hr,Valid
Nairobi CMR,PM2.5 - Principal,2025-03-08 09:00 PM,2025,03,08,21,30.9,92,Moderate,37.6,UG/M3,1 Hr,Valid
Nairobi CMR,PM2.5 - Principal,2025-03-08 10:00 PM,2025,03,08,22,33.3,96,Moderate,37.5,UG/M3,1 Hr,Valid
Nairobi CMR,PM2.5 - Principal,2025-03-08 11:00 PM,2025,03,08,23,32.3,94,Moderate,30.6,UG/M3,1 Hr,Valid
Nairobi CMR,PM2.5 - Principal,2025-03-09 12:00 AM,2025,03,09,00,28.9,88,Moderate,23.3,UG/M3,1 Hr,Valid
Nairobi CMR,PM2.5 - Principal,2025-03-09 01:00 AM,2025,03,09,01,22.7,76,Moderate,17.4,UG/M3,1 Hr,Valid
Nairobi CMR,PM2.5 - Principal,2025-03-09 02:00 AM,2025,03,09,02,20.5,72,Moderate,18.4,UG/M3,1 Hr,Valid
Nairobi CMR,PM2.5 - Principal,2025-03-09 03:00 AM,2025,03,09,03,19.5,70,Moderate,18.5,UG/M3,1 Hr,Valid
Nairobi CMR,PM2.5 - Principal,2025-03-09 04:00 AM,2025,03,09,04,18.9,69,Moderate,18.4,UG/M3,1 Hr,Valid
Nairobi CMR,PM2.5 - Principal,2025-03-09 05:00 AM,2025,03,09,05,18.8,69,Moderate,18.7,UG/M3,1 Hr,Valid
Nairobi CMR,PM2.5 - Principal,2025-03-09 06:00 AM,2025,03,09,06,19.7,71,Moderate,20.7,UG/M3,1 Hr,Valid
Nairobi CMR,PM2.5 - Principal,2025-03-09 07:00 AM,2025,03,09,07,19.9,71,Moderate,20.1,UG/M3,1 Hr,Valid
Nairobi CMR,PM2.5 - Principal,2025-03-09 08:00 AM,2025,03,09,08,20.5,72,Moderate,21.2,UG/M3,1 Hr,Valid
Nairobi CMR,PM2.5 - Principal,2025-03-09 09:00 AM,2025,03,09,09,22.4,76,Moderate,24.3,UG/M3,1 Hr,Valid
Nairobi CMR,PM2.5 - Principal,2025-03-09 10:00 AM,2025,03,09,10,22.2,75,Moderate,22.5,UG/M3,1 Hr,Valid
Nairobi CMR,PM2.5 - Principal,2025-03-09 11:00 AM,2025,03,09,11,21.3,74,Moderate,20.6,UG/M3,1 Hr,Valid
Nairobi CMR,PM2.5 - Principal,2025-03-09 12:00 PM,2025,03,09,12,21.1,73,Moderate,20.7,UG/M3,1 Hr,Valid
Nairobi CMR,PM2.5 - Principal,2025-03-09 01:00 PM,2025,03,09,13,21.1,73,Moderate,21.2,UG/M3,1 Hr,Valid
Nairobi CMR,PM2.5 - Principal,2025-03-09 02:00 PM,2025,03,09,14,21.6,74,Moderate,23.0,UG/M3,1 Hr,Valid
Nairobi CMR,PM2.5 - Principal,2025-03-09 03:00 PM,2025,03,09,15,21.6,74,Moderate,21.7,UG/M3,1 Hr,Valid
Nairobi CMR,PM2.5 - Principal,2025-03-09 04:00 PM,2025,03,09,16,21.3,74,Moderate,20.2,UG/M3,1 Hr,Valid
Nairobi CMR,PM2.5 - Principal,2025-03-09 05:00 PM,2025,03,09,17,22.6,76,Moderate,26.4,UG/M3,1 Hr,Valid
Nairobi CMR,PM2.5 - Principal,2025-03-09 06:00 PM,2025,03,09,18,23.5,78,Moderate,26.2,UG/M3,1 Hr,Valid
Nairobi CMR,PM2.5 - Principal,2025-03-09 07:00 PM,2025,03,09,19,26.0,82,Moderate,30.1,UG/M3,1 Hr,Valid
Nairobi CMR,PM2.5 - Principal,2025-03-09 08:00 PM,2025,03,09,20,34.5,98,Moderate,41.6,UG/M3,1 Hr,Valid
Nairobi CMR,PM2.5 - Principal,2025-03-09 09:00 PM,2025,03,09,21,26.5,83,Moderate,18.6,UG/M3,1 Hr,Valid
Nairobi CMR,PM2.5 - Principal,2025-03-09 10:00 PM,2025,03,09,22,20.5,72,Moderate,14.5,UG/M3,1 Hr,Valid
Nairobi CMR,PM2.5 - Principal,2025-03-09 11:00 PM,2025,03,09,23,17.6,67,Moderate,14.7,UG/M3,1 Hr,Valid
Nairobi CMR,PM2.5 - Principal,2025-03-10 12:00 AM,2025,03,10,00,17.0,66,Moderate,16.4,UG/M3,1 Hr,Valid
Nairobi CMR,PM2.5 - Principal,2025-03-10 01:00 AM,2025,03,10,01,14.9,62,Moderate,12.8,UG/M3,1 Hr,Valid
Nairobi CMR,PM2.5 - Principal,2025-03-10 02:00 AM,2025,03,10,02,13.7,60,Moderate,12.6,UG/M3,1 Hr,Valid
Nairobi CMR,PM2.5 - Principal,2025-03-10 03:00 AM,2025,03,10,03,12.2,57,Moderate,10.7,UG/M3,1 Hr,Valid
Nairobi CMR,PM2.5 - Principal,2025-03-10 04:00 AM,2025,03,10,04,10.1,53,Moderate,8.0,UG/M3,1 Hr,Valid
Nairobi CMR,PM2.5 - Principal,2025-03-10 05:00 AM,2025,03,10,05,8.6,48,Good,7.1,UG/M3,1 Hr,Valid
Nairobi CMR,PM2.5 - Principal,2025-03-10 06:00 AM,2025,03,10,06,8.0,44,Good,7.5,UG/M3,1 Hr,Valid
Nairobi CMR,PM2.5 - Principal,2025-03-10 07:00 AM,2025,03,10,07,8.4,47,Good,8.9,UG/M3,1 Hr,Valid
Nairobi CMR,PM2.5 - Principal,2025-03-10 08:00 AM,2025,03,10,08,9.0,50,Good,9.6,UG/M3,1 Hr,Valid
Nairobi CMR,PM2.5 - Principal,2025-03-10 09:00 AM,2025,03,10,09,11.0,55,Moderate,13.1,UG/M3,1 Hr,Valid
Nairobi CMR,PM2.5 - Principal,2025-03-10 10:00 AM,2025,03,10,10,10.0,53,Moderate,9.0,UG/M3,1 Hr,Valid
Nairobi CMR,PM2.5 - Principal,2025-03-10 11:00 AM,2025,03,10,11,9.2,51,Moderate,8.5,UG/M3,1 Hr,Valid
Nairobi CMR,PM2.5 - Principal,2025-03-10 12:00 PM,2025,03,10,12,8.2,46,Good,7.0,UG/M3,1 Hr,Valid
Nairobi CMR,PM2.5 - Principal,2025-03-10 01:00 PM,2025,03,10,13,6.8,38,Good,5.5,UG/M3,1 Hr,Valid
Nairobi CMR,PM2.5 - Principal,2025-03-10 02:00 PM,2025,03,10,14,6.0,33,Good,5.3,UG/M3,1 Hr,Valid
Nairobi CMR,PM2.5 - Principal,2025-03-10 03:00 PM,2025,03,10,15,6.0,33,Good,-999.0,UG/M3,1 Hr,Missing
Nairobi CMR,PM2.5 - Principal,2025-03-13 03:00 PM,2025,03,13,15,-999.0,-999,N/A,39.8,UG/M3,1 Hr,Valid
Nairobi CMR,PM2.5 - Principal,2025-03-13 04:00 PM,2025,03,13,16,26.7,84,Moderate,20.2,UG/M3,1 Hr,Valid
Nairobi CMR,PM2.5 - Principal,2025-03-13 05:00 PM,2025,03,13,17,20.8,73,Moderate,16.4,UG/M3,1 Hr,Valid
Nairobi CMR,PM2.5 - Principal,2025-03-13 06:00 PM,2025,03,13,18,18.1,68,Moderate,15.8,UG/M3,1 Hr,Valid
Nairobi CMR,PM2.5 - Principal,2025-03-13 07:00 PM,2025,03,13,19,18.9,69,Moderate,19.7,UG/M3,1 Hr,Valid
Nairobi CMR,PM2.5 - Principal,2025-03-13 08:00 PM,2025,03,13,20,21.5,74,Moderate,24.0,UG/M3,1 Hr,Valid
Nairobi CMR,PM2.5 - Principal,2025-03-13 09:00 PM,2025,03,13,21,25.0,81,Moderate,28.5,UG/M3,1 Hr,Valid
Nairobi CMR,PM2.5 - Principal,2025-03-13 10:00 PM,2025,03,13,22,28.5,87,Moderate,32.0,UG/M3,1 Hr,Valid
Nairobi CMR,PM2.5 - Principal,2025-03-13 11:00 PM,2025,03,13,23,33.2,96,Moderate,37.9,UG/M3,1 Hr,Valid
Nairobi CMR,PM2.5 - Principal,2025-03-14 12:00 AM,2025,03,14,00,36.2,103,Unhealthy for Sensitive Groups,39.2,UG/M3,1 Hr,Valid
Nairobi CMR,PM2.5 - Principal,2025-03-14 01:00 AM,2025,03,14,01,31.5,93,Moderate,26.9,UG/M3,1 Hr,Valid
Nairobi CMR,PM2.5 - Principal,2025-03-14 02:00 AM,2025,03,14,02,28.4,87,Moderate,25.4,UG/M3,1 Hr,Valid
Nairobi CMR,PM2.5 - Principal,2025-03-14 03:00 AM,2025,03,14,03,25.8,82,Moderate,23.2,UG/M3,1 Hr,Valid
Nairobi CMR,PM2.5 - Principal,2025-03-14 04:00 AM,2025,03,14,04,24.3,79,Moderate,22.8,UG/M3,1 Hr,Valid
Nairobi CMR,PM2.5 - Principal,2025-03-14 05:00 AM,2025,03,14,05,24.5,80,Moderate,24.8,UG/M3,1 Hr,Valid
Nairobi CMR,PM2.5 - Principal,2025-03-14 06:00 AM,2025,03,14,06,23.4,78,Moderate,22.4,UG/M3,1 Hr,Valid
Nairobi CMR,PM2.5 - Principal,2025-03-14 07:00 AM,2025,03,14,07,23.7,78,Moderate,23.6,UG/M3,1 Hr,Valid
Nairobi CMR,PM2.5 - Principal,2025-03-14 08:00 AM,2025,03,14,08,28.5,87,Moderate,35.0,UG/M3,1 Hr,Valid
Nairobi CMR,PM2.5 - Principal,2025-03-14 09:00 AM,2025,03,14,09,30.5,91,Moderate,33.1,UG/M3,1 Hr,Valid
Nairobi CMR,PM2.5 - Principal,2025-03-14 10:00 AM,2025,03,14,10,26.2,83,Moderate,20.9,UG/M3,1 Hr,Valid
Nairobi CMR,PM2.5 - Principal,2025-03-14 11:00 AM,2025,03,14,11,24.1,79,Moderate,21.9,UG/M3,1 Hr,Valid
Nairobi CMR,PM2.5 - Principal,2025-03-14 12:00 PM,2025,03,14,12,21.9,75,Moderate,19.1,UG/M3,1 Hr,Valid
Nairobi CMR,PM2.5 - Principal,2025-03-14 01:00 PM,2025,03,14,13,18.7,69,Moderate,16.0,UG/M3,1 Hr,Valid
Nairobi CMR,PM2.5 - Principal,2025-03-14 02:00 PM,2025,03,14,14,20.8,73,Moderate,22.9,UG/M3,1 Hr,Valid
Nairobi CMR,PM2.5 - Principal,2025-03-14 03:00 PM,2025,03,14,15,19.4,70,Moderate,18.1,UG/M3,1 Hr,Valid
Nairobi CMR,PM2.5 - Principal,2025-03-14 04:00 PM,2025,03,14,16,17.1,66,Moderate,14.9,UG/M3,1 Hr,Valid
Nairobi CMR,PM2.5 - Principal,2025-03-14 05:00 PM,2025,03,14,17,15.0,62,Moderate,12.9,UG/M3,1 Hr,Valid
Nairobi CMR,PM2.5 - Principal,2025-03-14 06:00 PM,2025,03,14,18,14.1,60,Moderate,13.2,UG/M3,1 Hr,Valid
Nairobi CMR,PM2.5 - Principal,2025-03-14 07:00 PM,2025,03,14,19,15.0,62,Moderate,15.9,UG/M3,1 Hr,Valid
Nairobi CMR,PM2.5 - Principal,2025-03-14 08:00 PM,2025,03,14,20,17.6,67,Moderate,20.3,UG/M3,1 Hr,Valid
Nairobi CMR,PM2.5 - Principal,2025-03-14 09:00 PM,2025,03,14,21,24.0,79,Moderate,30.5,UG/M3,1 Hr,Valid
Nairobi CMR,PM2.5 - Principal,2025-03-14 10:00 PM,2025,03,14,22,27.0,84,Moderate,30.1,UG/M3,1 Hr,Valid
Nairobi CMR,PM2.5 - Principal,2025-03-14 11:00 PM,2025,03,14,23,30.6,91,Moderate,34.2,UG/M3,1 Hr,Valid
Nairobi CMR,PM2.5 - Principal,2025-03-15 12:00 AM,2025,03,15,00,35.1,99,Moderate,39.6,UG/M3,1 Hr,Valid
Nairobi CMR,PM2.5 - Principal,2025-03-15 01:00 AM,2025,03,15,01,30.6,91,Moderate,26.2,UG/M3,1 Hr,Valid
Nairobi CMR,PM2.5 - Principal,2025-03-15 02:00 AM,2025,03,15,02,28.1,86,Moderate,25.6,UG/M3,1 Hr,Valid
Nairobi CMR,PM2.5 - Principal,2025-03-15 03:00 AM,2025,03,15,03,30.6,91,Moderate,33.2,UG/M3,1 Hr,Valid
Nairobi CMR,PM2.5 - Principal,2025-03-15 04:00 AM,2025,03,15,04,29.4,89,Moderate,28.3,UG/M3,1 Hr,Valid
Nairobi CMR,PM2.5 - Principal,2025-03-15 05:00 AM,2025,03,15,05,27.8,86,Moderate,26.2,UG/M3,1 Hr,Valid
Nairobi CMR,PM2.5 - Principal,2025-03-15 06:00 AM,2025,03,15,06,26.1,83,Moderate,24.4,UG/M3,1 Hr,Valid
Nairobi CMR,PM2.5 - Principal,2025-03-15 07:00 AM,2025,03,15,07,30.0,90,Moderate,34.0,UG/M3,1 Hr,Valid
Nairobi CMR,PM2.5 - Principal,2025-03-15 08:00 AM,2025,03,15,08,33.1,96,Moderate,38.9,UG/M3,1 Hr,Valid
Nairobi CMR,PM2.5 - Principal,2025-03-15 09:00 AM,2025,03,15,09,30.3,90,Moderate,25.7,UG/M3,1 Hr,Valid
Nairobi CMR,PM2.5 - Principal,2025-03-15 10:00 AM,2025,03,15,10,28.4,87,Moderate,25.4,UG/M3,1 Hr,Valid
Nairobi CMR,PM2.5 - Principal,2025-03-15 11:00 AM,2025,03,15,11,25.8,82,Moderate,22.7,UG/M3,1 Hr,Valid
Nairobi CMR,PM2.5 - Principal,2025-03-15 12:00 PM,2025,03,15,12,23.6,78,Moderate,21.3,UG/M3,1 Hr,Valid
Nairobi CMR,PM2.5 - Principal,2025-03-15 01:00 PM,2025,03,15,13,21.8,75,Moderate,20.2,UG/M3,1 Hr,Valid
Nairobi CMR,PM2.5 - Principal,2025-03-15 02:00 PM,2025,03,15,14,20.1,71,Moderate,18.6,UG/M3,1 Hr,Valid
Nairobi CMR,PM2.5 - Principal,2025-03-15 03:00 PM,2025,03,15,15,18.3,68,Moderate,16.6,UG/M3,1 Hr,Valid
Nairobi CMR,PM2.5 - Principal,2025-03-15 04:00 PM,2025,03,15,16,18.3,68,Moderate,18.4,UG/M3,1 Hr,Valid
Nairobi CMR,PM2.5 - Principal,2025-03-15 05:00 PM,2025,03,15,17,17.5,67,Moderate,16.8,UG/M3,1 Hr,Valid
Nairobi CMR,PM2.5 - Principal,2025-03-15 06:00 PM,2025,03,15,18,16.5,65,Moderate,15.5,UG/M3,1 Hr,Valid
Nairobi CMR,PM2.5 - Principal,2025-03-15 07:00 PM,2025,03,15,19,24.1,79,Moderate,31.7,UG/M3,1 Hr,Valid
Nairobi CMR,PM2.5 - Principal,2025-03-15 08:00 PM,2025,03,15,20,26.7,84,Moderate,29.4,UG/M3,1 Hr,Valid
Nairobi CMR,PM2.5 - Principal,2025-03-15 09:00 PM,2025,03,15,21,29.6,89,Moderate,32.6,UG/M3,1 Hr,Valid
Nairobi CMR,PM2.5 - Principal,2025-03-15 10:00 PM,2025,03,15,22,30.1,90,Moderate,30.7,UG/M3,1 Hr,Valid
Nairobi CMR,PM2.5 - Principal,2025-03-15 11:00 PM,2025,03,15,23,35.2,100,Moderate,40.3,UG/M3,1 Hr,Valid
Nairobi CMR,PM2.5 - Principal,2025-03-16 12:00 AM,2025,03,16,00,39.3,110,Unhealthy for Sensitive Groups,43.4,UG/M3,1 Hr,Valid
Nairobi CMR,PM2.5 - Principal,2025-03-16 01:00 AM,2025,03,16,01,40.1,112,Unhealthy for Sensitive Groups,40.9,UG/M3,1 Hr,Valid
Nairobi CMR,PM2.5 - Principal,2025-03-16 02:00 AM,2025,03,16,02,37.7,106,Unhealthy for Sensitive Groups,35.4,UG/M3,1 Hr,Valid
Nairobi CMR,PM2.5 - Principal,2025-03-16 03:00 AM,2025,03,16,03,36.0,102,Unhealthy for Sensitive Groups,34.4,UG/M3,1 Hr,Valid
Nairobi CMR,PM2.5 - Principal,2025-03-16 04:00 AM,2025,03,16,04,33.4,96,Moderate,30.8,UG/M3,1 Hr,Valid
Nairobi CMR,PM2.5 - Principal,2025-03-16 05:00 AM,2025,03,16,05,30.9,92,Moderate,28.4,UG/M3,1 Hr,Valid
Nairobi CMR,PM2.5 - Principal,2025-03-16 06:00 AM,2025,03,16,06,31.4,93,Moderate,29.7,UG/M3,1 Hr,Valid
Nairobi CMR,PM2.5 - Principal,2025-03-16 07:00 AM,2025,03,16,07,31.7,93,Moderate,32.2,UG/M3,1 Hr,Valid
Nairobi CMR,PM2.5 - Principal,2025-03-16 08:00 AM,2025,03,16,08,31.6,93,Moderate,31.6,UG/M3,1 Hr,Valid
Nairobi CMR,PM2.5 - Principal,2025-03-16 09:00 AM,2025,03,16,09,30.0,90,Moderate,27.5,UG/M3,1 Hr,Valid
Nairobi CMR,PM2.5 - Principal,2025-03-16 10:00 AM,2025,03,16,10,29.6,89,Moderate,28.9,UG/M3,1 Hr,Valid
Nairobi CMR,PM2.5 - Principal,2025-03-16 11:00 AM,2025,03,16,11,28.9,88,Moderate,27.7,UG/M3,1 Hr,Valid
Nairobi CMR,PM2.5 - Principal,2025-03-16 12:00 PM,2025,03,16,12,30.5,91,Moderate,33.7,UG/M3,1 Hr,Valid
Nairobi CMR,PM2.5 - Principal,2025-03-16 01:00 PM,2025,03,16,13,34.4,98,Moderate,41.8,UG/M3,1 Hr,Valid
Nairobi CMR,PM2.5 - Principal,2025-03-16 02:00 PM,2025,03,16,14,33.0,96,Moderate,30.5,UG/M3,1 Hr,Valid
Nairobi CMR,PM2.5 - Principal,2025-03-16 03:00 PM,2025,03,16,15,28.2,87,Moderate,22.3,UG/M3,1 Hr,Valid
Nairobi CMR,PM2.5 - Principal,2025-03-16 04:00 PM,2025,03,16,16,24.4,80,Moderate,21.0,UG/M3,1 Hr,Valid
Nairobi CMR,PM2.5 - Principal,2025-03-16 05:00 PM,2025,03,16,17,21.8,75,Moderate,19.2,UG/M3,1 Hr,Valid
Nairobi CMR,PM2.5 - Principal,2025-03-16 06:00 PM,2025,03,16,18,19.9,71,Moderate,18.0,UG/M3,1 Hr,Valid
Nairobi CMR,PM2.5 - Principal,2025-03-16 07:00 PM,2025,03,16,19,20.0,71,Moderate,20.1,UG/M3,1 Hr,Valid
Nairobi CMR,PM2.5 - Principal,2025-03-16 08:00 PM,2025,03,16,20,23.1,77,Moderate,26.2,UG/M3,1 Hr,Valid
Nairobi CMR,PM2.5 - Principal,2025-03-16 09:00 PM,2025,03,16,21,26.5,83,Moderate,30.0,UG/M3,1 Hr,Valid
Nairobi CMR,PM2.5 - Principal,2025-03-16 10:00 PM,2025,03,16,22,26.1,83,Moderate,25.8,UG/M3,1 Hr,Valid
Nairobi CMR,PM2.5 - Principal,2025-03-16 11:00 PM,2025,03,16,23,20.8,73,Moderate,15.6,UG/M3,1 Hr,Valid
Nairobi CMR,PM2.5 - Principal,2025-03-17 12:00 AM,2025,03,17,00,17.6,67,Moderate,14.4,UG/M3,1 Hr,Valid
Nairobi CMR,PM2.5 - Principal,2025-03-17 01:00 AM,2025,03,17,01,17.4,66,Moderate,17.3,UG/M3,1 Hr,Valid
Nairobi CMR,PM2.5 - Principal,2025-03-17 02:00 AM,2025,03,17,02,14.8,62,Moderate,12.3,UG/M3,1 Hr,Valid
Nairobi CMR,PM2.5 - Principal,2025-03-17 03:00 AM,2025,03,17,03,11.8,56,Moderate,8.8,UG/M3,1 Hr,Valid
Nairobi CMR,PM2.5 - Principal,2025-03-17 04:00 AM,2025,03,17,04,11.2,55,Moderate,10.6,UG/M3,1 Hr,Valid
Nairobi CMR,PM2.5 - Principal,2025-03-17 05:00 AM,2025,03,17,05,12.0,56,Moderate,12.8,UG/M3,1 Hr,Valid
Nairobi CMR,PM2.5 - Principal,2025-03-17 06:00 AM,2025,03,17,06,13.8,60,Moderate,15.7,UG/M3,1 Hr,Valid
Nairobi CMR,PM2.5 - Principal,2025-03-17 07:00 AM,2025,03,17,07,16.6,65,Moderate,19.5,UG/M3,1 Hr,Valid
Nairobi CMR,PM2.5 - Principal,2025-03-17 08:00 AM,2025,03,17,08,23.0,77,Moderate,29.4,UG/M3,1 Hr,Valid
Nairobi CMR,PM2.5 - Principal,2025-03-17 09:00 AM,2025,03,17,09,35.2,100,Moderate,47.5,UG/M3,1 Hr,Valid
Nairobi CMR,PM2.5 - Principal,2025-03-17 10:00 AM,2025,03,17,10,26.9,84,Moderate,18.6,UG/M3,1 Hr,Valid
Nairobi CMR,PM2.5 - Principal,2025-03-17 11:00 AM,2025,03,17,11,21.3,74,Moderate,15.8,UG/M3,1 Hr,Valid
Nairobi CMR,PM2.5 - Principal,2025-03-17 12:00 PM,2025,03,17,12,20.2,72,Moderate,19.2,UG/M3,1 Hr,Valid
Nairobi CMR,PM2.5 - Principal,2025-03-17 01:00 PM,2025,03,17,13,23.3,77,Moderate,26.4,UG/M3,1 Hr,Valid
Nairobi CMR,PM2.5 - Principal,2025-03-17 02:00 PM,2025,03,17,14,25.7,82,Moderate,28.1,UG/M3,1 Hr,Valid
Nairobi CMR,PM2.5 - Principal,2025-03-17 03:00 PM,2025,03,17,15,23.0,77,Moderate,20.4,UG/M3,1 Hr,Valid
Nairobi CMR,PM2.5 - Principal,2025-03-17 04:00 PM,2025,03,17,16,21.5,74,Moderate,20.1,UG/M3,1 Hr,Valid
Nairobi CMR,PM2.5 - Principal,2025-03-17 05:00 PM,2025,03,17,17,20.3,72,Moderate,19.2,UG/M3,1 Hr,Valid
Nairobi CMR,PM2.5 - Principal,2025-03-17 06:00 PM,2025,03,17,18,20.2,72,Moderate,20.2,UG/M3,1 Hr,Valid
Nairobi CMR,PM2.5 - Principal,2025-03-17 07:00 PM,2025,03,17,19,21.4,74,Moderate,22.6,UG/M3,1 Hr,Valid
Nairobi CMR,PM2.5 - Principal,2025-03-17 08:00 PM,2025,03,17,20,22.3,76,Moderate,23.3,UG/M3,1 Hr,Valid
Nairobi CMR,PM2.5 - Principal,2025-03-17 09:00 PM,2025,03,17,21,24.4,80,Moderate,27.4,UG/M3,1 Hr,Valid
Nairobi CMR,PM2.5 - Principal,2025-03-17 10:00 PM,2025,03,17,22,31.6,93,Moderate,38.4,UG/M3,1 Hr,Valid
Nairobi CMR,PM2.5 - Principal,2025-03-17 11:00 PM,2025,03,17,23,34.5,98,Moderate,37.4,UG/M3,1 Hr,Valid
Nairobi CMR,PM2.5 - Principal,2025-03-18 12:00 AM,2025,03,18,00,32.9,95,Moderate,31.3,UG/M3,1 Hr,Valid
Nairobi CMR,PM2.5 - Principal,2025-03-18 01:00 AM,2025,03,18,01,27.0,84,Moderate,21.1,UG/M3,1 Hr,Valid
Nairobi CMR,PM2.5 - Principal,2025-03-18 02:00 AM,2025,03,18,02,24.6,80,Moderate,22.2,UG/M3,1 Hr,Valid
Nairobi CMR,PM2.5 - Principal,2025-03-18 03:00 AM,2025,03,18,03,21.5,74,Moderate,18.5,UG/M3,1 Hr,Valid
Nairobi CMR,PM2.5 - Principal,2025-03-18 04:00 AM,2025,03,18,04,19.0,69,Moderate,16.6,UG/M3,1 Hr,Valid
Nairobi CMR,PM2.5 - Principal,2025-03-18 05:00 AM,2025,03,18,05,16.5,65,Moderate,14.0,UG/M3,1 Hr,Valid
Nairobi CMR,PM2.5 - Principal,2025-03-18 06:00 AM,2025,03,18,06,15.6,63,Moderate,14.8,UG/M3,1 Hr,Valid
Nairobi CMR,PM2.5 - Principal,2025-03-18 07:00 AM,2025,03,18,07,16.0,64,Moderate,16.5,UG/M3,1 Hr,Valid
Nairobi CMR,PM2.5 - Principal,2025-03-18 08:00 AM,2025,03,18,08,16.6,65,Moderate,17.2,UG/M3,1 Hr,Valid
Nairobi CMR,PM2.5 - Principal,2025-03-18 09:00 AM,2025,03,18,09,16.1,64,Moderate,15.7,UG/M3,1 Hr,Valid
Nairobi CMR,PM2.5 - Principal,2025-03-18 10:00 AM,2025,03,18,10,16.2,64,Moderate,16.3,UG/M3,1 Hr,Valid
Nairobi CMR,PM2.5 - Principal,2025-03-18 11:00 AM,2025,03,18,11,15.4,63,Moderate,14.6,UG/M3,1 Hr,Valid
Nairobi CMR,PM2.5 - Principal,2025-03-18 12:00 PM,2025,03,18,12,15.9,64,Moderate,16.6,UG/M3,1 Hr,Valid
Nairobi CMR,PM2.5 - Principal,2025-03-18 01:00 PM,2025,03,18,13,16.8,65,Moderate,18.4,UG/M3,1 Hr,Valid
Nairobi CMR,PM2.5 - Principal,2025-03-18 02:00 PM,2025,03,18,14,16.2,64,Moderate,15.1,UG/M3,1 Hr,Valid
Nairobi CMR,PM2.5 - Principal,2025-03-18 03:00 PM,2025,03,18,15,15.8,63,Moderate,14.8,UG/M3,1 Hr,Valid
Nairobi CMR,PM2.5 - Principal,2025-03-18 04:00 PM,2025,03,18,16,15.5,63,Moderate,14.7,UG/M3,1 Hr,Valid
Nairobi CMR,PM2.5 - Principal,2025-03-18 05:00 PM,2025,03,18,17,15.9,64,Moderate,17.2,UG/M3,1 Hr,Valid
Nairobi CMR,PM2.5 - Principal,2025-03-18 06:00 PM,2025,03,18,18,16.7,65,Moderate,19.0,UG/M3,1 Hr,Valid
Nairobi CMR,PM2.5 - Principal,2025-03-18 07:00 PM,2025,03,18,19,17.5,67,Moderate,19.6,UG/M3,1 Hr,Valid
Nairobi CMR,PM2.5 - Principal,2025-03-18 08:00 PM,2025,03,18,20,24.0,79,Moderate,29.6,UG/M3,1 Hr,Valid
Nairobi CMR,PM2.5 - Principal,2025-03-18 09:00 PM,2025,03,18,21,29.8,90,Moderate,35.7,UG/M3,1 Hr,Valid
Nairobi CMR,PM2.5 - Principal,2025-03-18 10:00 PM,2025,03,18,22,27.6,85,Moderate,25.3,UG/M3,1 Hr,Valid
Nairobi CMR,PM2.5 - Principal,2025-03-18 11:00 PM,2025,03,18,23,26.4,83,Moderate,25.2,UG/M3,1 Hr,Valid
Nairobi CMR,PM2.5 - Principal,2025-03-19 12:00 AM,2025,03,19,00,28.4,87,Moderate,30.5,UG/M3,1 Hr,Valid
Nairobi CMR,PM2.5 - Principal,2025-03-19 01:00 AM,2025,03,19,01,26.4,83,Moderate,24.4,UG/M3,1 Hr,Valid
Nairobi CMR,PM2.5 - Principal,2025-03-19 02:00 AM,2025,03,19,02,20.8,73,Moderate,15.3,UG/M3,1 Hr,Valid
Nairobi CMR,PM2.5 - Principal,2025-03-19 03:00 AM,2025,03,19,03,18.2,68,Moderate,15.7,UG/M3,1 Hr,Valid
Nairobi CMR,PM2.5 - Principal,2025-03-19 04:00 AM,2025,03,19,04,15.6,63,Moderate,13.1,UG/M3,1 Hr,Valid
Nairobi CMR,PM2.5 - Principal,2025-03-19 05:00 AM,2025,03,19,05,14.7,61,Moderate,13.8,UG/M3,1 Hr,Valid
Nairobi CMR,PM2.5 - Principal,2025-03-19 06:00 AM,2025,03,19,06,14.4,61,Moderate,14.2,UG/M3,1 Hr,Valid
Nairobi CMR,PM2.5 - Principal,2025-03-19 07:00 AM,2025,03,19,07,15.0,62,Moderate,15.7,UG/M3,1 Hr,Valid
Nairobi CMR,PM2.5 - Principal,2025-03-19 08:00 AM,2025,03,19,08,17.2,66,Moderate,19.4,UG/M3,1 Hr,Valid
Nairobi CMR,PM2.5 - Principal,2025-03-19 09:00 AM,2025,03,19,09,11.5,55,Moderate,5.8,UG/M3,1 Hr,Valid
Nairobi CMR,PM2.5 - Principal,2025-03-19 10:00 AM,2025,03,19,10,9.4,52,Moderate,7.4,UG/M3,1 Hr,Valid
Nairobi CMR,PM2.5 - Principal,2025-03-19 11:00 AM,2025,03,19,11,10.0,53,Moderate,10.7,UG/M3,1 Hr,Valid
Nairobi CMR,PM2.5 - Principal,2025-03-19 12:00 PM,2025,03,19,12,10.6,54,Moderate,11.2,UG/M3,1 Hr,Valid
Nairobi CMR,PM2.5 - Principal,2025-03-19 01:00 PM,2025,03,19,13,11.8,56,Moderate,13.0,UG/M3,1 Hr,Valid
Nairobi CMR,PM2.5 - Principal,2025-03-19 02:00 PM,2025,03,19,14,12.7,58,Moderate,13.7,UG/M3,1 Hr,Valid
Nairobi CMR,PM2.5 - Principal,2025-03-19 03:00 PM,2025,03,19,15,13.6,59,Moderate,14.5,UG/M3,1 Hr,Valid
Nairobi CMR,PM2.5 - Principal,2025-03-19 04:00 PM,2025,03,19,16,14.2,61,Moderate,14.9,UG/M3,1 Hr,Valid
Nairobi CMR,PM2.5 - Principal,2025-03-19 05:00 PM,2025,03,19,17,13.5,59,Moderate,12.8,UG/M3,1 Hr,Valid
Nairobi CMR,PM2.5 - Principal,2025-03-19 06:00 PM,2025,03,19,18,13.5,59,Moderate,13.6,UG/M3,1 Hr,Valid
Nairobi CMR,PM2.5 - Principal,2025-03-19 07:00 PM,2025,03,19,19,14.3,61,Moderate,15.1,UG/M3,1 Hr,Valid
Nairobi CMR,PM2.5 - Principal,2025-03-19 08:00 PM,2025,03,19,20,15.5,63,Moderate,16.7,UG/M3,1 Hr,Valid
Nairobi CMR,PM2.5 - Principal,2025-03-19 09:00 PM,2025,03,19,21,20.7,73,Moderate,26.0,UG/M3,1 Hr,Valid
Nairobi CMR,PM2.5 - Principal,2025-03-19 10:00 PM,2025,03,19,22,16.9,66,Moderate,13.2,UG/M3,1 Hr,Valid
Nairobi CMR,PM2.5 - Principal,2025-03-19 11:00 PM,2025,03,19,23,16.3,64,Moderate,15.7,UG/M3,1 Hr,Valid
Nairobi CMR,PM2.5 - Principal,2025-03-20 12:00 AM,2025,03,20,00,16.2,64,Moderate,16.2,UG/M3,1 Hr,Valid
Nairobi CMR,PM2.5 - Principal,2025-03-20 01:00 AM,2025,03,20,01,17.0,66,Moderate,17.8,UG/M3,1 Hr,Valid
Nairobi CMR,PM2.5 - Principal,2025-03-20 02:00 AM,2025,03,20,02,20.5,72,Moderate,24.1,UG/M3,1 Hr,Valid
Nairobi CMR,PM2.5 - Principal,2025-03-20 03:00 AM,2025,03,20,03,21.6,74,Moderate,22.7,UG/M3,1 Hr,Valid
Nairobi CMR,PM2.5 - Principal,2025-03-20 04:00 AM,2025,03,20,04,14.6,61,Moderate,7.6,UG/M3,1 Hr,Valid
Nairobi CMR,PM2.5 - Principal,2025-03-20 05:00 AM,2025,03,20,05,10.0,53,Moderate,5.5,UG/M3,1 Hr,Valid
Nairobi CMR,PM2.5 - Principal,2025-03-20 06:00 AM,2025,03,20,06,8.0,44,Good,6.0,UG/M3,1 Hr,Valid
Nairobi CMR,PM2.5 - Principal,2025-03-20 07:00 AM,2025,03,20,07,10.4,53,Moderate,12.8,UG/M3,1 Hr,Valid
Nairobi CMR,PM2.5 - Principal,2025-03-20 08:00 AM,2025,03,20,08,12.6,58,Moderate,14.8,UG/M3,1 Hr,Valid
Nairobi CMR,PM2.5 - Principal,2025-03-20 09:00 AM,2025,03,20,09,14.5,61,Moderate,16.5,UG/M3,1 Hr,Valid
Nairobi CMR,PM2.5 - Principal,2025-03-20 10:00 AM,2025,03,20,10,15.0,62,Moderate,15.6,UG/M3,1 Hr,Valid
Nairobi CMR,PM2.5 - Principal,2025-03-20 11:00 AM,2025,03,20,11,16.8,65,Moderate,18.7,UG/M3,1 Hr,Valid
Nairobi CMR,PM2.5 - Principal,2025-03-20 12:00 PM,2025,03,20,12,17.8,67,Moderate,18.8,UG/M3,1 Hr,Valid
Nairobi CMR,PM2.5 - Principal,2025-03-20 01:00 PM,2025,03,20,13,12.6,58,Moderate,7.4,UG/M3,1 Hr,Valid
Nairobi CMR,PM2.5 - Principal,2025-03-20 02:00 PM,2025,03,20,14,9.9,52,Moderate,7.2,UG/M3,1 Hr,Valid
Nairobi CMR,PM2.5 - Principal,2025-03-20 03:00 PM,2025,03,20,15,8.3,46,Good,6.8,UG/M3,1 Hr,Valid
Nairobi CMR,PM2.5 - Principal,2025-03-20 04:00 PM,2025,03,20,16,7.4,41,Good,6.5,UG/M3,1 Hr,Valid
Nairobi CMR,PM2.5 - Principal,2025-03-20 05:00 PM,2025,03,20,17,7.5,42,Good,7.7,UG/M3,1 Hr,Valid
Nairobi CMR,PM2.5 - Principal,2025-03-20 06:00 PM,2025,03,20,18,9.4,52,Moderate,11.3,UG/M3,1 Hr,Valid
Nairobi CMR,PM2.5 - Principal,2025-03-20 07:00 PM,2025,03,20,19,12.7,58,Moderate,16.1,UG/M3,1 Hr,Valid
Nairobi CMR,PM2.5 - Principal,2025-03-20 08:00 PM,2025,03,20,20,18.5,69,Moderate,24.3,UG/M3,1 Hr,Valid
Nairobi CMR,PM2.5 - Principal,2025-03-20 09:00 PM,2025,03,20,21,30.1,90,Moderate,41.8,UG/M3,1 Hr,Valid
Nairobi CMR,PM2.5 - Principal,2025-03-20 10:00 PM,2025,03,20,22,40.4,113,Unhealthy for Sensitive Groups,50.8,UG/M3,1 Hr,Valid
Nairobi CMR,PM2.5 - Principal,2025-03-20 11:00 PM,2025,03,20,23,43.3,120,Unhealthy for Sensitive Groups,46.2,UG/M3,1 Hr,Valid
Nairobi CMR,PM2.5 - Principal,2025-03-21 12:00 AM,2025,03,21,00,40.9,114,Unhealthy for Sensitive Groups,38.5,UG/M3,1 Hr,Valid
Nairobi CMR,PM2.5 - Principal,2025-03-21 01:00 AM,2025,03,21,01,37.2,105,Unhealthy for Sensitive Groups,33.6,UG/M3,1 Hr,Valid
Nairobi CMR,PM2.5 - Principal,2025-03-21 02:00 AM,2025,03,21,02,31.6,93,Moderate,26.0,UG/M3,1 Hr,Valid
Nairobi CMR,PM2.5 - Principal,2025-03-21 03:00 AM,2025,03,21,03,27.0,84,Moderate,22.4,UG/M3,1 Hr,Valid
Nairobi CMR,PM2.5 - Principal,2025-03-21 04:00 AM,2025,03,21,04,23.6,78,Moderate,20.2,UG/M3,1 Hr,Valid
Nairobi CMR,PM2.5 - Principal,2025-03-21 05:00 AM,2025,03,21,05,23.4,78,Moderate,23.2,UG/M3,1 Hr,Valid
Nairobi CMR,PM2.5 - Principal,2025-03-21 06:00 AM,2025,03,21,06,24.4,80,Moderate,25.5,UG/M3,1 Hr,Valid
Nairobi CMR,PM2.5 - Principal,2025-03-21 07:00 AM,2025,03,21,07,33.9,97,Moderate,43.5,UG/M3,1 Hr,Valid
Nairobi CMR,PM2.5 - Principal,2025-03-21 08:00 AM,2025,03,21,08,43.8,121,Unhealthy for Sensitive Groups,53.8,UG/M3,1 Hr,Valid
Nairobi CMR,PM2.5 - Principal,2025-03-21 09:00 AM,2025,03,21,09,34.6,99,Moderate,25.4,UG/M3,1 Hr,Valid
Nairobi CMR,PM2.5 - Principal,2025-03-21 10:00 AM,2025,03,21,10,28.8,88,Moderate,23.0,UG/M3,1 Hr,Valid
Nairobi CMR,PM2.5 - Principal,2025-03-21 11:00 AM,2025,03,21,11,21.8,75,Moderate,14.9,UG/M3,1 Hr,Valid
Nairobi CMR,PM2.5 - Principal,2025-03-21 12:00 PM,2025,03,21,12,22.0,75,Moderate,22.3,UG/M3,1 Hr,Valid
Nairobi CMR,PM2.5 - Principal,2025-03-21 01:00 PM,2025,03,21,13,19.6,71,Moderate,17.3,UG/M3,1 Hr,Valid
Nairobi CMR,PM2.5 - Principal,2025-03-21 02:00 PM,2025,03,21,14,17.2,66,Moderate,14.8,UG/M3,1 Hr,Valid
Nairobi CMR,PM2.5 - Principal,2025-03-21 03:00 PM,2025,03,21,15,15.3,63,Moderate,13.4,UG/M3,1 Hr,Valid
Nairobi CMR,PM2.5 - Principal,2025-03-21 04:00 PM,2025,03,21,16,13.1,58,Moderate,11.0,UG/M3,1 Hr,Valid
Nairobi CMR,PM2.5 - Principal,2025-03-21 05:00 PM,2025,03,21,17,11.3,55,Moderate,9.6,UG/M3,1 Hr,Valid
Nairobi CMR,PM2.5 - Principal,2025-03-21 06:00 PM,2025,03,21,18,11.6,56,Moderate,12.0,UG/M3,1 Hr,Valid
Nairobi CMR,PM2.5 - Principal,2025-03-21 07:00 PM,2025,03,21,19,13.2,59,Moderate,14.9,UG/M3,1 Hr,Valid
Nairobi CMR,PM2.5 - Principal,2025-03-21 08:00 PM,2025,03,21,20,17.9,67,Moderate,22.6,UG/M3,1 Hr,Valid
Nairobi CMR,PM2.5 - Principal,2025-03-21 09:00 PM,2025,03,21,21,21.5,74,Moderate,25.2,UG/M3,1 Hr,Valid
Nairobi CMR,PM2.5 - Principal,2025-03-21 10:00 PM,2025,03,21,22,26.6,84,Moderate,31.8,UG/M3,1 Hr,Valid
Nairobi CMR,PM2.5 - Principal,2025-03-21 11:00 PM,2025,03,21,23,21.0,73,Moderate,15.4,UG/M3,1 Hr,Valid
Nairobi CMR,PM2.5 - Principal,2025-03-22 12:00 AM,2025,03,22,00,15.8,63,Moderate,10.6,UG/M3,1 Hr,Valid
Nairobi CMR,PM2.5 - Principal,2025-03-22 01:00 AM,2025,03,22,01,11.5,55,Moderate,7.3,UG/M3,1 Hr,Valid
Nairobi CMR,PM2.5 - Principal,2025-03-22 02:00 AM,2025,03,22,02,9.5,52,Moderate,7.6,UG/M3,1 Hr,Valid
Nairobi CMR,PM2.5 - Principal,2025-03-22 03:00 AM,2025,03,22,03,11.8,56,Moderate,14.1,UG/M3,1 Hr,Valid
Nairobi CMR,PM2.5 - Principal,2025-03-22 04:00 AM,2025,03,22,04,13.1,58,Moderate,14.5,UG/M3,1 Hr,Valid
Nairobi CMR,PM2.5 - Principal,2025-03-22 05:00 AM,2025,03,22,05,12.3,57,Moderate,11.5,UG/M3,1 Hr,Valid
Nairobi CMR,PM2.5 - Principal,2025-03-22 06:00 AM,2025,03,22,06,10.2,53,Moderate,8.2,UG/M3,1 Hr,Valid
Nairobi CMR,PM2.5 - Principal,2025-03-22 07:00 AM,2025,03,22,07,10.4,53,Moderate,10.6,UG/M3,1 Hr,Valid
Nairobi CMR,PM2.5 - Principal,2025-03-22 08:00 AM,2025,03,22,08,11.5,55,Moderate,12.6,UG/M3,1 Hr,Valid
Nairobi CMR,PM2.5 - Principal,2025-03-22 09:00 AM,2025,03,22,09,11.5,55,Moderate,11.6,UG/M3,1 Hr,Valid
Nairobi CMR,PM2.5 - Principal,2025-03-22 10:00 AM,2025,03,22,10,12.7,58,Moderate,13.9,UG/M3,1 Hr,Valid
Nairobi CMR,PM2.5 - Principal,2025-03-22 11:00 AM,2025,03,22,11,15.1,62,Moderate,17.5,UG/M3,1 Hr,Valid
Nairobi CMR,PM2.5 - Principal,2025-03-22 12:00 PM,2025,03,22,12,18.9,69,Moderate,22.8,UG/M3,1 Hr,Valid
Nairobi CMR,PM2.5 - Principal,2025-03-22 01:00 PM,2025,03,22,13,17.2,66,Moderate,15.5,UG/M3,1 Hr,Valid
Nairobi CMR,PM2.5 - Principal,2025-03-22 02:00 PM,2025,03,22,14,15.2,62,Moderate,13.2,UG/M3,1 Hr,Valid
Nairobi CMR,PM2.5 - Principal,2025-03-22 03:00 PM,2025,03,22,15,13.7,60,Moderate,12.3,UG/M3,1 Hr,Valid
Nairobi CMR,PM2.5 - Principal,2025-03-22 04:00 PM,2025,03,22,16,13.0,58,Moderate,12.4,UG/M3,1 Hr,Valid
Nairobi CMR,PM2.5 - Principal,2025-03-22 05:00 PM,2025,03,22,17,12.7,58,Moderate,12.4,UG/M3,1 Hr,Valid
Nairobi CMR,PM2.5 - Principal,2025-03-22 06:00 PM,2025,03,22,18,11.9,56,Moderate,11.1,UG/M3,1 Hr,Valid
Nairobi CMR,PM2.5 - Principal,2025-03-22 07:00 PM,2025,03,22,19,12.3,57,Moderate,12.8,UG/M3,1 Hr,Valid
Nairobi CMR,PM2.5 - Principal,2025-03-22 08:00 PM,2025,03,22,20,15.6,63,Moderate,18.9,UG/M3,1 Hr,Valid
Nairobi CMR,PM2.5 - Principal,2025-03-22 09:00 PM,2025,03,22,21,20.9,73,Moderate,26.2,UG/M3,1 Hr,Valid
Nairobi CMR,PM2.5 - Principal,2025-03-22 10:00 PM,2025,03,22,22,27.3,85,Moderate,33.7,UG/M3,1 Hr,Valid
Nairobi CMR,PM2.5 - Principal,2025-03-22 11:00 PM,2025,03,22,23,29.9,90,Moderate,32.6,UG/M3,1 Hr,Valid
Nairobi CMR,PM2.5 - Principal,2025-03-23 12:00 AM,2025,03,23,00,28.3,87,Moderate,26.7,UG/M3,1 Hr,Valid
Nairobi CMR,PM2.5 - Principal,2025-03-23 01:00 AM,2025,03,23,01,26.7,84,Moderate,25.1,UG/M3,1 Hr,Valid
Nairobi CMR,PM2.5 - Principal,2025-03-23 02:00 AM,2025,03,23,02,24.6,80,Moderate,22.5,UG/M3,1 Hr,Valid
Nairobi CMR,PM2.5 - Principal,2025-03-23 03:00 AM,2025,03,23,03,22.5,76,Moderate,20.4,UG/M3,1 Hr,Valid
Nairobi CMR,PM2.5 - Principal,2025-03-23 04:00 AM,2025,03,23,04,23.4,78,Moderate,24.4,UG/M3,1 Hr,Valid
Nairobi CMR,PM2.5 - Principal,2025-03-23 05:00 AM,2025,03,23,05,23.5,78,Moderate,23.7,UG/M3,1 Hr,Valid
Nairobi CMR,PM2.5 - Principal,2025-03-23 06:00 AM,2025,03,23,06,19.6,71,Moderate,15.8,UG/M3,1 Hr,Valid
Nairobi CMR,PM2.5 - Principal,2025-03-23 07:00 AM,2025,03,23,07,18.3,68,Moderate,17.1,UG/M3,1 Hr,Valid
Nairobi CMR,PM2.5 - Principal,2025-03-23 08:00 AM,2025,03,23,08,16.5,65,Moderate,14.8,UG/M3,1 Hr,Valid
Nairobi CMR,PM2.5 - Principal,2025-03-23 09:00 AM,2025,03,23,09,14.5,61,Moderate,12.5,UG/M3,1 Hr,Valid
Nairobi CMR,PM2.5 - Principal,2025-03-23 10:00 AM,2025,03,23,10,13.4,59,Moderate,12.4,UG/M3,1 Hr,Valid
Nairobi CMR,PM2.5 - Principal,2025-03-23 11:00 AM,2025,03,23,11,13.9,60,Moderate,14.4,UG/M3,1 Hr,Valid
Nairobi CMR,PM2.5 - Principal,2025-03-23 12:00 PM,2025,03,23,12,14.7,61,Moderate,15.6,UG/M3,1 Hr,Valid
Nairobi CMR,PM2.5 - Principal,2025-03-23 01:00 PM,2025,03,23,13,14.6,61,Moderate,14.6,UG/M3,1 Hr,Valid
Nairobi CMR,PM2.5 - Principal,2025-03-23 02:00 PM,2025,03,23,14,13.6,59,Moderate,12.6,UG/M3,1 Hr,Valid
Nairobi CMR,PM2.5 - Principal,2025-03-23 03:00 PM,2025,03,23,15,12.4,57,Moderate,11.3,UG/M3,1 Hr,Valid
Nairobi CMR,PM2.5 - Principal,2025-03-23 04:00 PM,2025,03,23,16,12.0,56,Moderate,11.7,UG/M3,1 Hr,Valid
Nairobi CMR,PM2.5 - Principal,2025-03-23 05:00 PM,2025,03,23,17,12.1,57,Moderate,11.5,UG/M3,1 Hr,Valid
Nairobi CMR,PM2.5 - Principal,2025-03-23 06:00 PM,2025,03,23,18,10.8,54,Moderate,9.5,UG/M3,1 Hr,Valid
Nairobi CMR,PM2.5 - Principal,2025-03-23 07:00 PM,2025,03,23,19,11.1,55,Moderate,11.4,UG/M3,1 Hr,Valid
Nairobi CMR,PM2.5 - Principal,2025-03-23 08:00 PM,2025,03,23,20,18.1,68,Moderate,25.2,UG/M3,1 Hr,Valid
Nairobi CMR,PM2.5 - Principal,2025-03-23 09:00 PM,2025,03,23,21,24.9,80,Moderate,31.7,UG/M3,1 Hr,Valid
Nairobi CMR,PM2.5 - Principal,2025-03-23 10:00 PM,2025,03,23,22,25.5,82,Moderate,26.2,UG/M3,1 Hr,Valid
Nairobi CMR,PM2.5 - Principal,2025-03-23 11:00 PM,2025,03,23,23,17.8,67,Moderate,10.1,UG/M3,1 Hr,Valid
Nairobi CMR,PM2.5 - Principal,2025-03-24 12:00 AM,2025,03,24,00,12.8,58,Moderate,7.9,UG/M3,1 Hr,Valid
Nairobi CMR,PM2.5 - Principal,2025-03-24 01:00 AM,2025,03,24,01,12.4,57,Moderate,12.1,UG/M3,1 Hr,Valid
Nairobi CMR,PM2.5 - Principal,2025-03-24 02:00 AM,2025,03,24,02,12.5,57,Moderate,12.7,UG/M3,1 Hr,Valid
Nairobi CMR,PM2.5 - Principal,2025-03-24 03:00 AM,2025,03,24,03,12.8,58,Moderate,13.2,UG/M3,1 Hr,Valid
Nairobi CMR,PM2.5 - Principal,2025-03-24 04:00 AM,2025,03,24,04,13.7,60,Moderate,14.7,UG/M3,1 Hr,Valid
Nairobi CMR,PM2.5 - Principal,2025-03-24 05:00 AM,2025,03,24,05,13.2,59,Moderate,12.7,UG/M3,1 Hr,Valid
Nairobi CMR,PM2.5 - Principal,2025-03-24 06:00 AM,2025,03,24,06,13.9,60,Moderate,14.7,UG/M3,1 Hr,Valid
Nairobi CMR,PM2.5 - Principal,2025-03-24 07:00 AM,2025,03,24,07,15.4,63,Moderate,16.9,UG/M3,1 Hr,Valid
Nairobi CMR,PM2.5 - Principal,2025-03-24 08:00 AM,2025,03,24,08,15.4,63,Moderate,15.4,UG/M3,1 Hr,Valid
Nairobi CMR,PM2.5 - Principal,2025-03-24 09:00 AM,2025,03,24,09,13.4,59,Moderate,11.4,UG/M3,1 Hr,Valid
Nairobi CMR,PM2.5 - Principal,2025-03-24 10:00 AM,2025,03,24,10,12.7,58,Moderate,12.0,UG/M3,1 Hr,Valid
Nairobi CMR,PM2.5 - Principal,2025-03-24 11:00 AM,2025,03,24,11,12.3,57,Moderate,11.9,UG/M3,1 Hr,Valid
Nairobi CMR,PM2.5 - Principal,2025-03-24 12:00 PM,2025,03,24,12,12.8,58,Moderate,13.0,UG/M3,1 Hr,Valid
Nairobi CMR,PM2.5 - Principal,2025-03-24 01:00 PM,2025,03,24,13,14.1,60,Moderate,16.8,UG/M3,1 Hr,Valid
Nairobi CMR,PM2.5 - Principal,2025-03-24 02:00 PM,2025,03,24,14,14.7,61,Moderate,16.1,UG/M3,1 Hr,Valid
Nairobi CMR,PM2.5 - Principal,2025-03-24 03:00 PM,2025,03,24,15,14.4,61,Moderate,13.8,UG/M3,1 Hr,Valid
Nairobi CMR,PM2.5 - Principal,2025-03-24 04:00 PM,2025,03,24,16,14.9,62,Moderate,15.9,UG/M3,1 Hr,Valid
Nairobi CMR,PM2.5 - Principal,2025-03-24 05:00 PM,2025,03,24,17,14.9,62,Moderate,14.8,UG/M3,1 Hr,Valid
Nairobi CMR,PM2.5 - Principal,2025-03-24 06:00 PM,2025,03,24,18,15.0,62,Moderate,15.3,UG/M3,1 Hr,Valid
Nairobi CMR,PM2.5 - Principal,2025-03-24 07:00 PM,2025,03,24,19,15.2,62,Moderate,15.6,UG/M3,1 Hr,Valid
Nairobi CMR,PM2.5 - Principal,2025-03-24 08:00 PM,2025,03,24,20,15.4,63,Moderate,16.1,UG/M3,1 Hr,Valid
Nairobi CMR,PM2.5 - Principal,2025-03-24 09:00 PM,2025,03,24,21,18.5,69,Moderate,22.0,UG/M3,1 Hr,Valid
Nairobi CMR,PM2.5 - Principal,2025-03-24 10:00 PM,2025,03,24,22,20.2,72,Moderate,22.1,UG/M3,1 Hr,Valid
Nairobi CMR,PM2.5 - Principal,2025-03-24 11:00 PM,2025,03,24,23,21.2,74,Moderate,22.8,UG/M3,1 Hr,Valid
Nairobi CMR,PM2.5 - Principal,2025-03-25 12:00 AM,2025,03,25,00,25.4,81,Moderate,29.3,UG/M3,1 Hr,Valid
Nairobi CMR,PM2.5 - Principal,2025-03-25 01:00 AM,2025,03,25,01,28.2,87,Moderate,31.1,UG/M3,1 Hr,Valid
Nairobi CMR,PM2.5 - Principal,2025-03-25 02:00 AM,2025,03,25,02,30.1,90,Moderate,32.1,UG/M3,1 Hr,Valid
Nairobi CMR,PM2.5 - Principal,2025-03-25 03:00 AM,2025,03,25,03,24.9,80,Moderate,19.7,UG/M3,1 Hr,Valid
Nairobi CMR,PM2.5 - Principal,2025-03-25 04:00 AM,2025,03,25,04,17.7,67,Moderate,10.6,UG/M3,1 Hr,Valid
Nairobi CMR,PM2.5 - Principal,2025-03-25 05:00 AM,2025,03,25,05,13.0,58,Moderate,8.4,UG/M3,1 Hr,Valid
Nairobi CMR,PM2.5 - Principal,2025-03-25 06:00 AM,2025,03,25,06,11.6,56,Moderate,10.2,UG/M3,1 Hr,Valid
Nairobi CMR,PM2.5 - Principal,2025-03-25 07:00 AM,2025,03,25,07,11.9,56,Moderate,12.2,UG/M3,1 Hr,Valid
Nairobi CMR,PM2.5 - Principal,2025-03-25 08:00 AM,2025,03,25,08,10.0,53,Moderate,8.2,UG/M3,1 Hr,Valid
Nairobi CMR,PM2.5 - Principal,2025-03-25 09:00 AM,2025,03,25,09,8.8,49,Good,7.7,UG/M3,1 Hr,Valid
Nairobi CMR,PM2.5 - Principal,2025-03-25 10:00 AM,2025,03,25,10,9.5,52,Moderate,10.2,UG/M3,1 Hr,Valid
Nairobi CMR,PM2.5 - Principal,2025-03-25 11:00 AM,2025,03,25,11,10.0,53,Moderate,10.6,UG/M3,1 Hr,Valid
Nairobi CMR,PM2.5 - Principal,2025-03-25 12:00 PM,2025,03,25,12,8.8,49,Good,7.7,UG/M3,1 Hr,Valid
Nairobi CMR,PM2.5 - Principal,2025-03-25 01:00 PM,2025,03,25,13,14.5,61,Moderate,20.2,UG/M3,1 Hr,Valid
Nairobi CMR,PM2.5 - Principal,2025-03-25 02:00 PM,2025,03,25,14,12.1,57,Moderate,9.8,UG/M3,1 Hr,Valid
Nairobi CMR,PM2.5 - Principal,2025-03-25 03:00 PM,2025,03,25,15,9.3,51,Moderate,6.5,UG/M3,1 Hr,Valid
Nairobi CMR,PM2.5 - Principal,2025-03-25 04:00 PM,2025,03,25,16,9.0,50,Good,8.7,UG/M3,1 Hr,Valid
Nairobi CMR,PM2.5 - Principal,2025-03-25 05:00 PM,2025,03,25,17,8.7,48,Good,8.4,UG/M3,1 Hr,Valid
Nairobi CMR,PM2.5 - Principal,2025-03-25 06:00 PM,2025,03,25,18,8.9,49,Good,9.1,UG/M3,1 Hr,Valid
Nairobi CMR,PM2.5 - Principal,2025-03-25 07:00 PM,2025,03,25,19,10.3,53,Moderate,11.8,UG/M3,1 Hr,Valid
Nairobi CMR,PM2.5 - Principal,2025-03-25 08:00 PM,2025,03,25,20,12.1,57,Moderate,13.9,UG/M3,1 Hr,Valid
Nairobi CMR,PM2.5 - Principal,2025-03-25 09:00 PM,2025,03,25,21,12.3,57,Moderate,12.5,UG/M3,1 Hr,Valid
Nairobi CMR,PM2.5 - Principal,2025-03-25 10:00 PM,2025,03,25,22,13.3,59,Moderate,14.3,UG/M3,1 Hr,Valid
Nairobi CMR,PM2.5 - Principal,2025-03-25 11:00 PM,2025,03,25,23,15.7,63,Moderate,18.2,UG/M3,1 Hr,Valid
Nairobi CMR,PM2.5 - Principal,2025-03-26 12:00 AM,2025,03,26,00,18.6,69,Moderate,21.6,UG/M3,1 Hr,Valid
Nairobi CMR,PM2.5 - Principal,2025-03-26 01:00 AM,2025,03,26,01,15.8,63,Moderate,13.1,UG/M3,1 Hr,Valid
Nairobi CMR,PM2.5 - Principal,2025-03-26 02:00 AM,2025,03,26,02,14.1,60,Moderate,12.5,UG/M3,1 Hr,Valid
Nairobi CMR,PM2.5 - Principal,2025-03-26 03:00 AM,2025,03,26,03,14.3,61,Moderate,14.6,UG/M3,1 Hr,Valid
Nairobi CMR,PM2.5 - Principal,2025-03-26 04:00 AM,2025,03,26,04,14.8,62,Moderate,15.4,UG/M3,1 Hr,Valid
Nairobi CMR,PM2.5 - Principal,2025-03-26 05:00 AM,2025,03,26,05,13.9,60,Moderate,12.9,UG/M3,1 Hr,Valid
Nairobi CMR,PM2.5 - Principal,2025-03-26 06:00 AM,2025,03,26,06,11.4,55,Moderate,8.9,UG/M3,1 Hr,Valid
Nairobi CMR,PM2.5 - Principal,2025-03-26 07:00 AM,2025,03,26,07,8.9,49,Good,6.6,UG/M3,1 Hr,Valid
Nairobi CMR,PM2.5 - Principal,2025-03-26 08:00 AM,2025,03,26,08,8.6,48,Good,8.3,UG/M3,1 Hr,Valid
Nairobi CMR,PM2.5 - Principal,2025-03-26 09:00 AM,2025,03,26,09,8.2,46,Good,7.8,UG/M3,1 Hr,Valid
Nairobi CMR,PM2.5 - Principal,2025-03-26 10:00 AM,2025,03,26,10,8.7,48,Good,9.2,UG/M3,1 Hr,Valid
Nairobi CMR,PM2.5 - Principal,2025-03-26 11:00 AM,2025,03,26,11,7.8,43,Good,6.9,UG/M3,1 Hr,Valid
Nairobi CMR,PM2.5 - Principal,2025-03-26 12:00 PM,2025,03,26,12,7.4,41,Good,7.0,UG/M3,1 Hr,Valid
Nairobi CMR,PM2.5 - Principal,2025-03-26 01:00 PM,2025,03,26,13,7.0,39,Good,6.8,UG/M3,1 Hr,Valid
Nairobi CMR,PM2.5 - Principal,2025-03-26 02:00 PM,2025,03,26,14,7.0,39,Good,7.1,UG/M3,1 Hr,Valid
Nairobi CMR,PM2.5 - Principal,2025-03-26 03:00 PM,2025,03,26,15,7.3,41,Good,7.7,UG/M3,1 Hr,Valid
Nairobi CMR,PM2.5 - Principal,2025-03-26 04:00 PM,2025,03,26,16,8.0,44,Good,8.7,UG/M3,1 Hr,Valid
Nairobi CMR,PM2.5 - Principal,2025-03-26 05:00 PM,2025,03,26,17,8.8,49,Good,10.5,UG/M3,1 Hr,Valid
Nairobi CMR,PM2.5 - Principal,2025-03-26 06:00 PM,2025,03,26,18,8.6,48,Good,8.4,UG/M3,1 Hr,Valid
Nairobi CMR,PM2.5 - Principal,2025-03-26 07:00 PM,2025,03,26,19,9.0,50,Good,9.9,UG/M3,1 Hr,Valid
Nairobi CMR,PM2.5 - Principal,2025-03-26 08:00 PM,2025,03,26,20,12.1,57,Moderate,15.0,UG/M3,1 Hr,Valid
Nairobi CMR,PM2.5 - Principal,2025-03-26 09:00 PM,2025,03,26,21,18.1,68,Moderate,24.2,UG/M3,1 Hr,Valid
Nairobi CMR,PM2.5 - Principal,2025-03-26 10:00 PM,2025,03,26,22,28.4,87,Moderate,38.6,UG/M3,1 Hr,Valid
Nairobi CMR,PM2.5 - Principal,2025-03-26 11:00 PM,2025,03,26,23,32.0,94,Moderate,35.6,UG/M3,1 Hr,Valid
Nairobi CMR,PM2.5 - Principal,2025-03-27 12:00 AM,2025,03,27,00,36.8,104,Unhealthy for Sensitive Groups,41.6,UG/M3,1 Hr,Valid
Nairobi CMR,PM2.5 - Principal,2025-03-27 01:00 AM,2025,03,27,01,39.9,112,Unhealthy for Sensitive Groups,43.1,UG/M3,1 Hr,Valid
Nairobi CMR,PM2.5 - Principal,2025-03-27 02:00 AM,2025,03,27,02,33.1,96,Moderate,26.4,UG/M3,1 Hr,Valid
Nairobi CMR,PM2.5 - Principal,2025-03-27 03:00 AM,2025,03,27,03,23.9,79,Moderate,14.8,UG/M3,1 Hr,Valid
Nairobi CMR,PM2.5 - Principal,2025-03-27 04:00 AM,2025,03,27,04,18.5,69,Moderate,13.1,UG/M3,1 Hr,Valid
Nairobi CMR,PM2.5 - Principal,2025-03-27 05:00 AM,2025,03,27,05,16.2,64,Moderate,14.0,UG/M3,1 Hr,Valid
Nairobi CMR,PM2.5 - Principal,2025-03-27 06:00 AM,2025,03,27,06,16.4,65,Moderate,16.6,UG/M3,1 Hr,Valid
Nairobi CMR,PM2.5 - Principal,2025-03-27 07:00 AM,2025,03,27,07,24.1,79,Moderate,31.9,UG/M3,1 Hr,Valid
Nairobi CMR,PM2.5 - Principal,2025-03-27 08:00 AM,2025,03,27,08,25.3,81,Moderate,26.6,UG/M3,1 Hr,Valid
Nairobi CMR,PM2.5 - Principal,2025-03-27 09:00 AM,2025,03,27,09,24.5,80,Moderate,23.7,UG/M3,1 Hr,Valid
Nairobi CMR,PM2.5 - Principal,2025-03-27 10:00 AM,2025,03,27,10,22.5,76,Moderate,20.5,UG/M3,1 Hr,Valid
Nairobi CMR,PM2.5 - Principal,2025-03-27 11:00 AM,2025,03,27,11,18.9,69,Moderate,15.4,UG/M3,1 Hr,Valid
Nairobi CMR,PM2.5 - Principal,2025-03-27 12:00 PM,2025,03,27,12,15.6,63,Moderate,12.4,UG/M3,1 Hr,Valid
Nairobi CMR,PM2.5 - Principal,2025-03-27 01:00 PM,2025,03,27,13,11.7,56,Moderate,7.8,UG/M3,1 Hr,Valid
Nairobi CMR,PM2.5 - Principal,2025-03-27 02:00 PM,2025,03,27,14,9.8,52,Moderate,7.9,UG/M3,1 Hr,Valid
Nairobi CMR,PM2.5 - Principal,2025-03-27 03:00 PM,2025,03,27,15,8.5,47,Good,7.2,UG/M3,1 Hr,Valid
Nairobi CMR,PM2.5 - Principal,2025-03-27 04:00 PM,2025,03,27,16,7.8,43,Good,7.1,UG/M3,1 Hr,Valid
Nairobi CMR,PM2.5 - Principal,2025-03-27 05:00 PM,2025,03,27,17,8.5,47,Good,9.2,UG/M3,1 Hr,Valid
Nairobi CMR,PM2.5 - Principal,2025-03-27 06:00 PM,2025,03,27,18,9.4,52,Moderate,10.4,UG/M3,1 Hr,Valid
Nairobi CMR,PM2.5 - Principal,2025-03-27 07:00 PM,2025,03,27,19,11.8,56,Moderate,14.2,UG/M3,1 Hr,Valid
Nairobi CMR,PM2.5 - Principal,2025-03-27 08:00 PM,2025,03,27,20,14.2,61,Moderate,16.7,UG/M3,1 Hr,Valid
Nairobi CMR,PM2.5 - Principal,2025-03-27 09:00 PM,2025,03,27,21,18.1,68,Moderate,22.0,UG/M3,1 Hr,Valid
Nairobi CMR,PM2.5 - Principal,2025-03-27 10:00 PM,2025,03,27,22,20.3,72,Moderate,22.5,UG/M3,1 Hr,Valid
Nairobi CMR,PM2.5 - Principal,2025-03-27 11:00 PM,2025,03,27,23,20.6,72,Moderate,21.0,UG/M3,1 Hr,Valid
Nairobi CMR,PM2.5 - Principal,2025-03-28 12:00 AM,2025,03,28,00,23.7,78,Moderate,26.9,UG/M3,1 Hr,Valid
Nairobi CMR,PM2.5 - Principal,2025-03-28 01:00 AM,2025,03,28,01,24.9,80,Moderate,26.1,UG/M3,1 Hr,Valid
Nairobi CMR,PM2.5 - Principal,2025-03-28 02:00 AM,2025,03,28,02,21.3,74,Moderate,17.8,UG/M3,1 Hr,Valid
Nairobi CMR,PM2.5 - Principal,2025-03-28 03:00 AM,2025,03,28,03,21.5,74,Moderate,21.7,UG/M3,1 Hr,Valid
Nairobi CMR,PM2.5 - Principal,2025-03-28 04:00 AM,2025,03,28,04,20.1,71,Moderate,18.8,UG/M3,1 Hr,Valid
Nairobi CMR,PM2.5 - Principal,2025-03-28 05:00 AM,2025,03,28,05,17.1,66,Moderate,14.1,UG/M3,1 Hr,Valid
Nairobi CMR,PM2.5 - Principal,2025-03-28 06:00 AM,2025,03,28,06,12.3,57,Moderate,7.5,UG/M3,1 Hr,Valid
Nairobi CMR,PM2.5 - Principal,2025-03-28 07:00 AM,2025,03,28,07,9.5,52,Moderate,6.7,UG/M3,1 Hr,Valid
Nairobi CMR,PM2.5 - Principal,2025-03-28 08:00 AM,2025,03,28,08,10.5,54,Moderate,11.5,UG/M3,1 Hr,Valid
Nairobi CMR,PM2.5 - Principal,2025-03-28 09:00 AM,2025,03,28,09,12.9,58,Moderate,15.4,UG/M3,1 Hr,Valid
Nairobi CMR,PM2.5 - Principal,2025-03-28 10:00 AM,2025,03,28,10,15.0,62,Moderate,17.2,UG/M3,1 Hr,Valid
Nairobi CMR,PM2.5 - Principal,2025-03-28 11:00 AM,2025,03,28,11,12.7,58,Moderate,10.5,UG/M3,1 Hr,Valid
Nairobi CMR,PM2.5 - Principal,2025-03-28 12:00 PM,2025,03,28,12,10.6,54,Moderate,8.6,UG/M3,1 Hr,Valid
Nairobi CMR,PM2.5 - Principal,2025-03-28 01:00 PM,2025,03,28,13,8.7,48,Good,6.8,UG/M3,1 Hr,Valid
Nairobi CMR,PM2.5 - Principal,2025-03-28 02:00 PM,2025,03,28,14,7.2,40,Good,5.8,UG/M3,1 Hr,Valid
Nairobi CMR,PM2.5 - Principal,2025-03-28 03:00 PM,2025,03,28,15,7.2,40,Good,7.3,UG/M3,1 Hr,Valid
Nairobi CMR,PM2.5 - Principal,2025-03-28 04:00 PM,2025,03,28,16,8.3,46,Good,9.5,UG/M3,1 Hr,Valid
Nairobi CMR,PM2.5 - Principal,2025-03-28 05:00 PM,2025,03,28,17,8.3,46,Good,8.4,UG/M3,1 Hr,Valid
Nairobi CMR,PM2.5 - Principal,2025-03-28 06:00 PM,2025,03,28,18,10.9,54,Moderate,13.5,UG/M3,1 Hr,Valid
Nairobi CMR,PM2.5 - Principal,2025-03-28 07:00 PM,2025,03,28,19,13.3,59,Moderate,15.7,UG/M3,1 Hr,Valid
Nairobi CMR,PM2.5 - Principal,2025-03-28 08:00 PM,2025,03,28,20,13.8,60,Moderate,14.3,UG/M3,1 Hr,Valid
Nairobi CMR,PM2.5 - Principal,2025-03-28 09:00 PM,2025,03,28,21,15.5,63,Moderate,17.3,UG/M3,1 Hr,Valid
Nairobi CMR,PM2.5 - Principal,2025-03-28 10:00 PM,2025,03,28,22,14.0,60,Moderate,12.6,UG/M3,1 Hr,Valid
Nairobi CMR,PM2.5 - Principal,2025-03-28 11:00 PM,2025,03,28,23,11.9,56,Moderate,9.8,UG/M3,1 Hr,Valid
Nairobi CMR,PM2.5 - Principal,2025-03-29 12:00 AM,2025,03,29,00,10.7,54,Moderate,9.6,UG/M3,1 Hr,Valid
Nairobi CMR,PM2.5 - Principal,2025-03-29 01:00 AM,2025,03,29,01,9.4,52,Moderate,8.2,UG/M3,1 Hr,Valid
Nairobi CMR,PM2.5 - Principal,2025-03-29 02:00 AM,2025,03,29,02,9.2,51,Moderate,9.1,UG/M3,1 Hr,Valid
Nairobi CMR,PM2.5 - Principal,2025-03-29 03:00 AM,2025,03,29,03,9.4,52,Moderate,9.6,UG/M3,1 Hr,Valid
Nairobi CMR,PM2.5 - Principal,2025-03-29 04:00 AM,2025,03,29,04,9.5,52,Moderate,9.7,UG/M3,1 Hr,Valid
Nairobi CMR,PM2.5 - Principal,2025-03-29 05:00 AM,2025,03,29,05,10.1,53,Moderate,10.7,UG/M3,1 Hr,Valid
Nairobi CMR,PM2.5 - Principal,2025-03-29 06:00 AM,2025,03,29,06,11.6,56,Moderate,13.2,UG/M3,1 Hr,Valid
Nairobi CMR,PM2.5 - Principal,2025-03-29 07:00 AM,2025,03,29,07,17.2,66,Moderate,22.8,UG/M3,1 Hr,Valid
Nairobi CMR,PM2.5 - Principal,2025-03-29 08:00 AM,2025,03,29,08,20.4,72,Moderate,23.7,UG/M3,1 Hr,Valid
Nairobi CMR,PM2.5 - Principal,2025-03-29 09:00 AM,2025,03,29,09,16.8,65,Moderate,13.2,UG/M3,1 Hr,Valid
Nairobi CMR,PM2.5 - Principal,2025-03-29 10:00 AM,2025,03,29,10,12.3,57,Moderate,7.9,UG/M3,1 Hr,Valid
Nairobi CMR,PM2.5 - Principal,2025-03-29 11:00 AM,2025,03,29,11,10.6,54,Moderate,8.9,UG/M3,1 Hr,Valid
Nairobi CMR,PM2.5 - Principal,2025-03-29 12:00 PM,2025,03,29,12,11.2,55,Moderate,11.8,UG/M3,1 Hr,Valid
Nairobi CMR,PM2.5 - Principal,2025-03-29 01:00 PM,2025,03,29,13,11.5,55,Moderate,11.8,UG/M3,1 Hr,Valid
Nairobi CMR,PM2.5 - Principal,2025-03-29 02:00 PM,2025,03,29,14,11.4,55,Moderate,11.3,UG/M3,1 Hr,Valid
Nairobi CMR,PM2.5 - Principal,2025-03-29 03:00 PM,2025,03,29,15,13.2,59,Moderate,15.1,UG/M3,1 Hr,Valid
Nairobi CMR,PM2.5 - Principal,2025-03-29 04:00 PM,2025,03,29,16,12.5,57,Moderate,11.9,UG/M3,1 Hr,Valid
Nairobi CMR,PM2.5 - Principal,2025-03-29 05:00 PM,2025,03,29,17,12.9,58,Moderate,13.3,UG/M3,1 Hr,Valid
Nairobi CMR,PM2.5 - Principal,2025-03-29 06:00 PM,2025,03,29,18,14.5,61,Moderate,16.1,UG/M3,1 Hr,Valid
Nairobi CMR,PM2.5 - Principal,2025-03-29 07:00 PM,2025,03,29,19,13.7,60,Moderate,12.9,UG/M3,1 Hr,Valid
Nairobi CMR,PM2.5 - Principal,2025-03-29 08:00 PM,2025,03,29,20,17.7,67,Moderate,21.8,UG/M3,1 Hr,Valid
Nairobi CMR,PM2.5 - Principal,2025-03-29 09:00 PM,2025,03,29,21,22.2,75,Moderate,26.7,UG/M3,1 Hr,Valid
Nairobi CMR,PM2.5 - Principal,2025-03-29 10:00 PM,2025,03,29,22,23.3,77,Moderate,24.4,UG/M3,1 Hr,Valid
Nairobi CMR,PM2.5 - Principal,2025-03-29 11:00 PM,2025,03,29,23,19.2,70,Moderate,15.2,UG/M3,1 Hr,Valid
Nairobi CMR,PM2.5 - Principal,2025-03-30 12:00 AM,2025,03,30,00,18.2,68,Moderate,17.3,UG/M3,1 Hr,Valid
Nairobi CMR,PM2.5 - Principal,2025-03-30 01:00 AM,2025,03,30,01,17.4,66,Moderate,16.6,UG/M3,1 Hr,Valid
Nairobi CMR,PM2.5 - Principal,2025-03-30 02:00 AM,2025,03,30,02,14.6,61,Moderate,11.8,UG/M3,1 Hr,Valid
Nairobi CMR,PM2.5 - Principal,2025-03-30 03:00 AM,2025,03,30,03,12.2,57,Moderate,9.8,UG/M3,1 Hr,Valid
Nairobi CMR,PM2.5 - Principal,2025-03-30 04:00 AM,2025,03,30,04,11.5,55,Moderate,10.9,UG/M3,1 Hr,Valid
Nairobi CMR,PM2.5 - Principal,2025-03-30 05:00 AM,2025,03,30,05,10.7,54,Moderate,9.9,UG/M3,1 Hr,Valid
Nairobi CMR,PM2.5 - Principal,2025-03-30 06:00 AM,2025,03,30,06,10.1,53,Moderate,9.6,UG/M3,1 Hr,Valid
Nairobi CMR,PM2.5 - Principal,2025-03-30 07:00 AM,2025,03,30,07,10.4,53,Moderate,10.7,UG/M3,1 Hr,Valid
Nairobi CMR,PM2.5 - Principal,2025-03-30 08:00 AM,2025,03,30,08,11.3,55,Moderate,12.3,UG/M3,1 Hr,Valid
Nairobi CMR,PM2.5 - Principal,2025-03-30 09:00 AM,2025,03,30,09,11.4,55,Moderate,11.6,UG/M3,1 Hr,Valid
Nairobi CMR,PM2.5 - Principal,2025-03-30 10:00 AM,2025,03,30,10,11.4,55,Moderate,11.4,UG/M3,1 Hr,Valid
Nairobi CMR,PM2.5 - Principal,2025-03-30 11:00 AM,2025,03,30,11,12.1,57,Moderate,13.0,UG/M3,1 Hr,Valid
Nairobi CMR,PM2.5 - Principal,2025-03-30 12:00 PM,2025,03,30,12,14.6,61,Moderate,17.7,UG/M3,1 Hr,Valid
Nairobi CMR,PM2.5 - Principal,2025-03-30 01:00 PM,2025,03,30,13,15.5,63,Moderate,16.6,UG/M3,1 Hr,Valid
Nairobi CMR,PM2.5 - Principal,2025-03-30 02:00 PM,2025,03,30,14,15.5,63,Moderate,15.6,UG/M3,1 Hr,Valid
Nairobi CMR,PM2.5 - Principal,2025-03-30 03:00 PM,2025,03,30,15,14.5,61,Moderate,13.4,UG/M3,1 Hr,Valid
Nairobi CMR,PM2.5 - Principal,2025-03-30 04:00 PM,2025,03,30,16,13.8,60,Moderate,13.0,UG/M3,1 Hr,Valid
Nairobi CMR,PM2.5 - Principal,2025-03-30 05:00 PM,2025,03,30,17,13.2,59,Moderate,12.6,UG/M3,1 Hr,Valid
Nairobi CMR,PM2.5 - Principal,2025-03-30 06:00 PM,2025,03,30,18,13.3,59,Moderate,13.2,UG/M3,1 Hr,Valid
Nairobi CMR,PM2.5 - Principal,2025-03-30 07:00 PM,2025,03,30,19,13.2,59,Moderate,13.0,UG/M3,1 Hr,Valid
Nairobi CMR,PM2.5 - Principal,2025-03-30 08:00 PM,2025,03,30,20,14.3,61,Moderate,16.4,UG/M3,1 Hr,Valid
Nairobi CMR,PM2.5 - Principal,2025-03-30 09:00 PM,2025,03,30,21,17.4,66,Moderate,20.8,UG/M3,1 Hr,Valid
Nairobi CMR,PM2.5 - Principal,2025-03-30 10:00 PM,2025,03,30,22,18.7,69,Moderate,21.2,UG/M3,1 Hr,Valid
Nairobi CMR,PM2.5 - Principal,2025-03-30 11:00 PM,2025,03,30,23,18.9,69,Moderate,19.2,UG/M3,1 Hr,Valid
Nairobi CMR,PM2.5 - Principal,2025-03-31 12:00 AM,2025,03,31,00,19.2,70,Moderate,19.7,UG/M3,1 Hr,Valid
Nairobi CMR,PM2.5 - Principal,2025-03-31 01:00 AM,2025,03,31,01,19.6,71,Moderate,20.3,UG/M3,1 Hr,Valid
Nairobi CMR,PM2.5 - Principal,2025-03-31 02:00 AM,2025,03,31,02,18.4,68,Moderate,16.6,UG/M3,1 Hr,Valid
Nairobi CMR,PM2.5 - Principal,2025-03-31 03:00 AM,2025,03,31,03,16.9,66,Moderate,14.9,UG/M3,1 Hr,Valid
Nairobi CMR,PM2.5 - Principal,2025-03-31 04:00 AM,2025,03,31,04,15.2,62,Moderate,12.8,UG/M3,1 Hr,Valid
Nairobi CMR,PM2.5 - Principal,2025-03-31 05:00 AM,2025,03,31,05,15.4,63,Moderate,15.6,UG/M3,1 Hr,Valid
Nairobi CMR,PM2.5 - Principal,2025-03-31 06:00 AM,2025,03,31,06,16.1,64,Moderate,17.1,UG/M3,1 Hr,Valid
Nairobi CMR,PM2.5 - Principal,2025-03-31 07:00 AM,2025,03,31,07,16.4,65,Moderate,16.9,UG/M3,1 Hr,Valid
Nairobi CMR,PM2.5 - Principal,2025-03-31 08:00 AM,2025,03,31,08,16.5,65,Moderate,16.8,UG/M3,1 Hr,Valid
Nairobi CMR,PM2.5 - Principal,2025-03-31 09:00 AM,2025,03,31,09,17.7,67,Moderate,19.6,UG/M3,1 Hr,Valid
Nairobi CMR,PM2.5 - Principal,2025-03-31 10:00 AM,2025,03,31,10,16.4,65,Moderate,14.5,UG/M3,1 Hr,Valid
Nairobi CMR,PM2.5 - Principal,2025-03-31 11:00 AM,2025,03,31,11,15.2,62,Moderate,13.2,UG/M3,1 Hr,Valid
Nairobi CMR,PM2.5 - Principal,2025-03-31 12:00 PM,2025,03,31,12,12.4,57,Moderate,10.1,UG/M3,1 Hr,Valid
Nairobi CMR,PM2.5 - Principal,2025-03-31 01:00 PM,2025,03,31,13,10.7,54,Moderate,9.1,UG/M3,1 Hr,Valid
Nairobi CMR,PM2.5 - Principal,2025-03-31 02:00 PM,2025,03,31,14,11.0,55,Moderate,11.3,UG/M3,1 Hr,Valid
Nairobi CMR,PM2.5 - Principal,2025-03-31 03:00 PM,2025,03,31,15,11.7,56,Moderate,12.5,UG/M3,1 Hr,Valid
Nairobi CMR,PM2.5 - Principal,2025-03-31 04:00 PM,2025,03,31,16,11.4,55,Moderate,11.1,UG/M3,1 Hr,Valid
Nairobi CMR,PM2.5 - Principal,2025-03-31 05:00 PM,2025,03,31,17,11.3,55,Moderate,11.3,UG/M3,1 Hr,Valid
Nairobi CMR,PM2.5 - Principal,2025-03-31 06:00 PM,2025,03,31,18,12.1,57,Moderate,12.9,UG/M3,1 Hr,Valid
Nairobi CMR,PM2.5 - Principal,2025-03-31 07:00 PM,2025,03,31,19,12.3,57,Moderate,12.6,UG/M3,1 Hr,Valid
Nairobi CMR,PM2.5 - Principal,2025-03-31 08:00 PM,2025,03,31,20,15.0,62,Moderate,17.8,UG/M3,1 Hr,Valid
Nairobi CMR,PM2.5 - Principal,2025-03-31 09:00 PM,2025,03,31,21,20.2,72,Moderate,25.4,UG/M3,1 Hr,Valid
Nairobi CMR,PM2.5 - Principal,2025-03-31 10:00 PM,2025,03,31,22,25.0,81,Moderate,29.8,UG/M3,1 Hr,Valid
Nairobi CMR,PM2.5 - Principal,2025-03-31 11:00 PM,2025,03,31,23,26.0,82,Moderate,27.1,UG/M3,1 Hr,Valid
Nairobi CMR,PM2.5 - Principal,2025-04-01 12:00 AM,2025,04,01,00,18.8,69,Moderate,11.7,UG/M3,1 Hr,Valid
