Site,Parameter,Date (LT),Year,Month,Day,Hour,NowCast Conc.,AQI,AQI Category,Raw Conc.,Conc. Unit,Duration,QC Name
Guatemala City,PM10 - Principal,2023-01-01 01:00 AM,2023,01,01,01,114.0,80,Moderate,190.0,UG/M3,1 Hr,Valid
Guatemala City,PM10 - Principal,2023-01-01 02:00 AM,2023,01,01,02,80.0,63,Moderate,47.0,UG/M3,1 Hr,Valid
Guatemala City,PM10 - Principal,2023-01-01 03:00 AM,2023,01,01,03,48.0,44,Good,17.0,UG/M3,1 Hr,Valid
Guatemala City,PM10 - Principal,2023-01-01 04:00 AM,2023,01,01,04,30.0,28,Good,13.0,UG/M3,1 Hr,Valid
Guatemala City,PM10 - Principal,2023-01-01 05:00 AM,2023,01,01,05,24.0,22,Good,18.0,UG/M3,1 Hr,Valid
Guatemala City,PM10 - Principal,2023-01-01 06:00 AM,2023,01,01,06,19.0,18,Good,14.0,UG/M3,1 Hr,Valid
Guatemala City,PM10 - Principal,2023-01-01 07:00 AM,2023,01,01,07,18.0,17,Good,18.0,UG/M3,1 Hr,Valid
Guatemala City,PM10 - Principal,2023-01-01 08:00 AM,2023,01,01,08,17.0,16,Good,16.0,UG/M3,1 Hr,Valid
Guatemala City,PM10 - Principal,2023-01-01 09:00 AM,2023,01,01,09,17.0,16,Good,17.0,UG/M3,1 Hr,Valid
Guatemala City,PM10 - Principal,2023-01-01 10:00 AM,2023,01,01,10,15.0,14,Good,13.0,UG/M3,1 Hr,Valid
Guatemala City,PM10 - Principal,2023-01-01 11:00 AM,2023,01,01,11,13.0,12,Good,11.0,UG/M3,1 Hr,Valid
Guatemala City,PM10 - Principal,2023-01-01 12:00 PM,2023,01,01,12,10.0,9,Good,7.0,UG/M3,1 Hr,Valid
Guatemala City,PM10 - Principal,2023-01-01 01:00 PM,2023,01,01,13,11.0,10,Good,14.0,UG/M3,1 Hr,Valid
Guatemala City,PM10 - Principal,2023-01-01 02:00 PM,2023,01,01,14,10.0,9,Good,9.0,UG/M3,1 Hr,Valid
Guatemala City,PM10 - Principal,2023-01-01 03:00 PM,2023,01,01,15,14.0,13,Good,18.0,UG/M3,1 Hr,Valid
Guatemala City,PM10 - Principal,2023-01-01 04:00 PM,2023,01,01,16,13.0,12,Good,13.0,UG/M3,1 Hr,Valid
Guatemala City,PM10 - Principal,2023-01-01 05:00 PM,2023,01,01,17,15.0,14,Good,18.0,UG/M3,1 Hr,Valid
Guatemala City,PM10 - Principal,2023-01-01 06:00 PM,2023,01,01,18,17.0,16,Good,20.0,UG/M3,1 Hr,Valid
Guatemala City,PM10 - Principal,2023-01-01 07:00 PM,2023,01,01,19,32.0,30,Good,48.0,UG/M3,1 Hr,Valid
Guatemala City,PM10 - Principal,2023-01-01 08:00 PM,2023,01,01,20,34.0,31,Good,36.0,UG/M3,1 Hr,Valid
Guatemala City,PM10 - Principal,2023-01-01 09:00 PM,2023,01,01,21,27.0,25,Good,21.0,UG/M3,1 Hr,Valid
Guatemala City,PM10 - Principal,2023-01-01 10:00 PM,2023,01,01,22,25.0,23,Good,24.0,UG/M3,1 Hr,Valid
Guatemala City,PM10 - Principal,2023-01-01 11:00 PM,2023,01,01,23,23.0,21,Good,21.0,UG/M3,1 Hr,Valid
Guatemala City,PM10 - Principal,2023-01-02 12:00 AM,2023,01,02,00,20.0,19,Good,17.0,UG/M3,1 Hr,Valid
Guatemala City,PM10 - Principal,2023-01-02 01:00 AM,2023,01,02,01,18.0,17,Good,17.0,UG/M3,1 Hr,Valid
Guatemala City,PM10 - Principal,2023-01-02 02:00 AM,2023,01,02,02,13.0,12,Good,9.0,UG/M3,1 Hr,Valid
Guatemala City,PM10 - Principal,2023-01-02 03:00 AM,2023,01,02,03,10.0,9,Good,7.0,UG/M3,1 Hr,Valid
Guatemala City,PM10 - Principal,2023-01-02 04:00 AM,2023,01,02,04,11.0,10,Good,13.0,UG/M3,1 Hr,Valid
Guatemala City,PM10 - Principal,2023-01-02 05:00 AM,2023,01,02,05,10.0,9,Good,10.0,UG/M3,1 Hr,Valid
Guatemala City,PM10 - Principal,2023-01-02 06:00 AM,2023,01,02,06,11.0,10,Good,13.0,UG/M3,1 Hr,Valid
Guatemala City,PM10 - Principal,2023-01-02 07:00 AM,2023,01,02,07,13.0,12,Good,15.0,UG/M3,1 Hr,Valid
Guatemala City,PM10 - Principal,2023-01-02 08:00 AM,2023,01,02,08,16.0,15,Good,19.0,UG/M3,1 Hr,Valid
Guatemala City,PM10 - Principal,2023-01-02 09:00 AM,2023,01,02,09,19.0,18,Good,23.0,UG/M3,1 Hr,Valid
Guatemala City,PM10 - Principal,2023-01-02 10:00 AM,2023,01,02,10,17.0,16,Good,15.0,UG/M3,1 Hr,Valid
Guatemala City,PM10 - Principal,2023-01-02 11:00 AM,2023,01,02,11,22.0,20,Good,27.0,UG/M3,1 Hr,Valid
Guatemala City,PM10 - Principal,2023-01-02 12:00 PM,2023,01,02,12,21.0,19,Good,20.0,UG/M3,1 Hr,Valid
Guatemala City,PM10 - Principal,2023-01-02 01:00 PM,2023,01,02,13,24.0,22,Good,27.0,UG/M3,1 Hr,Valid
Guatemala City,PM10 - Principal,2023-01-02 02:00 PM,2023,01,02,14,19.0,18,Good,14.0,UG/M3,1 Hr,Valid
Guatemala City,PM10 - Principal,2023-01-02 03:00 PM,2023,01,02,15,22.0,20,Good,25.0,UG/M3,1 Hr,Valid
Guatemala City,PM10 - Principal,2023-01-02 04:00 PM,2023,01,02,16,21.0,19,Good,20.0,UG/M3,1 Hr,Valid
Guatemala City,PM10 - Principal,2023-01-02 05:00 PM,2023,01,02,17,18.0,17,Good,16.0,UG/M3,1 Hr,Valid
Guatemala City,PM10 - Principal,2023-01-02 06:00 PM,2023,01,02,18,40.0,37,Good,62.0,UG/M3,1 Hr,Valid
Guatemala City,PM10 - Principal,2023-01-02 07:00 PM,2023,01,02,19,60.0,53,Moderate,80.0,UG/M3,1 Hr,Valid
Guatemala City,PM10 - Principal,2023-01-02 08:00 PM,2023,01,02,20,75.0,61,Moderate,90.0,UG/M3,1 Hr,Valid
Guatemala City,PM10 - Principal,2023-01-02 09:00 PM,2023,01,02,21,78.0,62,Moderate,82.0,UG/M3,1 Hr,Valid
Guatemala City,PM10 - Principal,2023-01-02 10:00 PM,2023,01,02,22,76.0,61,Moderate,75.0,UG/M3,1 Hr,Valid
Guatemala City,PM10 - Principal,2023-01-02 11:00 PM,2023,01,02,23,82.0,64,Moderate,89.0,UG/M3,1 Hr,Valid
Guatemala City,PM10 - Principal,2023-01-03 12:00 AM,2023,01,03,00,70.0,58,Moderate,58.0,UG/M3,1 Hr,Valid
Guatemala City,PM10 - Principal,2023-01-03 01:00 AM,2023,01,03,01,63.0,55,Moderate,56.0,UG/M3,1 Hr,Valid
Guatemala City,PM10 - Principal,2023-01-03 02:00 AM,2023,01,03,02,54.0,50,Good,45.0,UG/M3,1 Hr,Valid
Guatemala City,PM10 - Principal,2023-01-03 03:00 AM,2023,01,03,03,41.0,38,Good,29.0,UG/M3,1 Hr,Valid
Guatemala City,PM10 - Principal,2023-01-03 04:00 AM,2023,01,03,04,33.0,31,Good,25.0,UG/M3,1 Hr,Valid
Guatemala City,PM10 - Principal,2023-01-03 05:00 AM,2023,01,03,05,30.0,28,Good,28.0,UG/M3,1 Hr,Valid
Guatemala City,PM10 - Principal,2023-01-03 06:00 AM,2023,01,03,06,36.0,33,Good,42.0,UG/M3,1 Hr,Valid
Guatemala City,PM10 - Principal,2023-01-03 07:00 AM,2023,01,03,07,45.0,42,Good,54.0,UG/M3,1 Hr,Valid
Guatemala City,PM10 - Principal,2023-01-03 08:00 AM,2023,01,03,08,53.0,49,Good,62.0,UG/M3,1 Hr,Valid
Guatemala City,PM10 - Principal,2023-01-03 09:00 AM,2023,01,03,09,62.0,54,Moderate,72.0,UG/M3,1 Hr,Valid
Guatemala City,PM10 - Principal,2023-01-03 10:00 AM,2023,01,03,10,63.0,55,Moderate,64.0,UG/M3,1 Hr,Valid
Guatemala City,PM10 - Principal,2023-01-03 11:00 AM,2023,01,03,11,51.0,47,Good,40.0,UG/M3,1 Hr,Valid
Guatemala City,PM10 - Principal,2023-01-03 12:00 PM,2023,01,03,12,47.0,44,Good,44.0,UG/M3,1 Hr,Valid
Guatemala City,PM10 - Principal,2023-01-03 01:00 PM,2023,01,03,13,40.0,37,Good,33.0,UG/M3,1 Hr,Valid
Guatemala City,PM10 - Principal,2023-01-03 02:00 PM,2023,01,03,14,34.0,31,Good,28.0,UG/M3,1 Hr,Valid
Guatemala City,PM10 - Principal,2023-01-03 03:00 PM,2023,01,03,15,36.0,33,Good,38.0,UG/M3,1 Hr,Valid
Guatemala City,PM10 - Principal,2023-01-03 04:00 PM,2023,01,03,16,38.0,35,Good,41.0,UG/M3,1 Hr,Valid
Guatemala City,PM10 - Principal,2023-01-03 05:00 PM,2023,01,03,17,46.0,43,Good,54.0,UG/M3,1 Hr,Valid
Guatemala City,PM10 - Principal,2023-01-03 06:00 PM,2023,01,03,18,58.0,52,Moderate,71.0,UG/M3,1 Hr,Valid
Guatemala City,PM10 - Principal,2023-01-03 07:00 PM,2023,01,03,19,66.0,56,Moderate,75.0,UG/M3,1 Hr,Valid
Guatemala City,PM10 - Principal,2023-01-03 08:00 PM,2023,01,03,20,70.0,58,Moderate,74.0,UG/M3,1 Hr,Valid
Guatemala City,PM10 - Principal,2023-01-03 09:00 PM,2023,01,03,21,64.0,55,Moderate,59.0,UG/M3,1 Hr,Valid
Guatemala City,PM10 - Principal,2023-01-03 10:00 PM,2023,01,03,22,65.0,56,Moderate,66.0,UG/M3,1 Hr,Valid
Guatemala City,PM10 - Principal,2023-01-03 11:00 PM,2023,01,03,23,67.0,57,Moderate,70.0,UG/M3,1 Hr,Valid
Guatemala City,PM10 - Principal,2023-01-04 12:00 AM,2023,01,04,00,71.0,59,Moderate,75.0,UG/M3,1 Hr,Valid
Guatemala City,PM10 - Principal,2023-01-04 01:00 AM,2023,01,04,01,62.0,54,Moderate,54.0,UG/M3,1 Hr,Valid
Guatemala City,PM10 - Principal,2023-01-04 02:00 AM,2023,01,04,02,50.0,46,Good,38.0,UG/M3,1 Hr,Valid
Guatemala City,PM10 - Principal,2023-01-04 03:00 AM,2023,01,04,03,43.0,40,Good,37.0,UG/M3,1 Hr,Valid
Guatemala City,PM10 - Principal,2023-01-04 04:00 AM,2023,01,04,04,37.0,34,Good,31.0,UG/M3,1 Hr,Valid
Guatemala City,PM10 - Principal,2023-01-04 05:00 AM,2023,01,04,05,37.0,34,Good,37.0,UG/M3,1 Hr,Valid
Guatemala City,PM10 - Principal,2023-01-04 06:00 AM,2023,01,04,06,42.0,39,Good,48.0,UG/M3,1 Hr,Valid
Guatemala City,PM10 - Principal,2023-01-04 07:00 AM,2023,01,04,07,44.0,41,Good,47.0,UG/M3,1 Hr,Valid
Guatemala City,PM10 - Principal,2023-01-04 08:00 AM,2023,01,04,08,48.0,44,Good,53.0,UG/M3,1 Hr,Valid
Guatemala City,PM10 - Principal,2023-01-04 09:00 AM,2023,01,04,09,48.0,44,Good,-999.0,UG/M3,1 Hr,Missing
Guatemala City,PM10 - Principal,2023-01-04 10:00 AM,2023,01,04,10,34.0,31,Good,27.0,UG/M3,1 Hr,Valid
Guatemala City,PM10 - Principal,2023-01-04 11:00 AM,2023,01,04,11,27.0,25,Good,23.0,UG/M3,1 Hr,Valid
Guatemala City,PM10 - Principal,2023-01-04 12:00 PM,2023,01,04,12,23.0,21,Good,20.0,UG/M3,1 Hr,Valid
Guatemala City,PM10 - Principal,2023-01-04 01:00 PM,2023,01,04,13,22.0,20,Good,21.0,UG/M3,1 Hr,Valid
Guatemala City,PM10 - Principal,2023-01-04 02:00 PM,2023,01,04,14,21.0,19,Good,21.0,UG/M3,1 Hr,Valid
Guatemala City,PM10 - Principal,2023-01-04 03:00 PM,2023,01,04,15,21.0,19,Good,-999.0,UG/M3,1 Hr,Missing
Guatemala City,PM10 - Principal,2023-01-04 04:00 PM,2023,01,04,16,29.0,27,Good,33.0,UG/M3,1 Hr,Valid
Guatemala City,PM10 - Principal,2023-01-04 05:00 PM,2023,01,04,17,30.0,28,Good,31.0,UG/M3,1 Hr,Valid
Guatemala City,PM10 - Principal,2023-01-04 06:00 PM,2023,01,04,18,33.0,31,Good,36.0,UG/M3,1 Hr,Valid
Guatemala City,PM10 - Principal,2023-01-04 07:00 PM,2023,01,04,19,34.0,31,Good,36.0,UG/M3,1 Hr,Valid
Guatemala City,PM10 - Principal,2023-01-04 08:00 PM,2023,01,04,20,34.0,31,Good,35.0,UG/M3,1 Hr,Valid
Guatemala City,PM10 - Principal,2023-01-04 09:00 PM,2023,01,04,21,32.0,30,Good,31.0,UG/M3,1 Hr,Valid
Guatemala City,PM10 - Principal,2023-01-04 10:00 PM,2023,01,04,22,26.0,24,Good,19.0,UG/M3,1 Hr,Valid
Guatemala City,PM10 - Principal,2023-01-04 11:00 PM,2023,01,04,23,25.0,23,Good,25.0,UG/M3,1 Hr,Valid
Guatemala City,PM10 - Principal,2023-01-05 12:00 AM,2023,01,05,00,26.0,24,Good,28.0,UG/M3,1 Hr,Valid
Guatemala City,PM10 - Principal,2023-01-05 01:00 AM,2023,01,05,01,23.0,21,Good,19.0,UG/M3,1 Hr,Valid
Guatemala City,PM10 - Principal,2023-01-05 02:00 AM,2023,01,05,02,19.0,18,Good,16.0,UG/M3,1 Hr,Valid
Guatemala City,PM10 - Principal,2023-01-05 03:00 AM,2023,01,05,03,15.0,14,Good,12.0,UG/M3,1 Hr,Valid
Guatemala City,PM10 - Principal,2023-01-05 04:00 AM,2023,01,05,04,12.0,11,Good,10.0,UG/M3,1 Hr,Valid
Guatemala City,PM10 - Principal,2023-01-05 05:00 AM,2023,01,05,05,12.0,11,Good,12.0,UG/M3,1 Hr,Valid
Guatemala City,PM10 - Principal,2023-01-05 06:00 AM,2023,01,05,06,10.0,9,Good,9.0,UG/M3,1 Hr,Valid
Guatemala City,PM10 - Principal,2023-01-05 07:00 AM,2023,01,05,07,10.0,9,Good,10.0,UG/M3,1 Hr,Valid
Guatemala City,PM10 - Principal,2023-01-05 08:00 AM,2023,01,05,08,12.0,11,Good,15.0,UG/M3,1 Hr,Valid
Guatemala City,PM10 - Principal,2023-01-05 09:00 AM,2023,01,05,09,15.0,14,Good,19.0,UG/M3,1 Hr,Valid
Guatemala City,PM10 - Principal,2023-01-05 10:00 AM,2023,01,05,10,20.0,19,Good,26.0,UG/M3,1 Hr,Valid
Guatemala City,PM10 - Principal,2023-01-05 11:00 AM,2023,01,05,11,21.0,19,Good,22.0,UG/M3,1 Hr,Valid
Guatemala City,PM10 - Principal,2023-01-05 12:00 PM,2023,01,05,12,15.0,14,Good,9.0,UG/M3,1 Hr,Valid
Guatemala City,PM10 - Principal,2023-01-05 01:00 PM,2023,01,05,13,12.0,11,Good,10.0,UG/M3,1 Hr,Valid
Guatemala City,PM10 - Principal,2023-01-05 02:00 PM,2023,01,05,14,15.0,14,Good,18.0,UG/M3,1 Hr,Valid
Guatemala City,PM10 - Principal,2023-01-05 03:00 PM,2023,01,05,15,15.0,14,Good,15.0,UG/M3,1 Hr,Valid
Guatemala City,PM10 - Principal,2023-01-05 04:00 PM,2023,01,05,16,14.0,13,Good,13.0,UG/M3,1 Hr,Valid
Guatemala City,PM10 - Principal,2023-01-05 05:00 PM,2023,01,05,17,16.0,15,Good,19.0,UG/M3,1 Hr,Valid
Guatemala City,PM10 - Principal,2023-01-05 06:00 PM,2023,01,05,18,17.0,16,Good,19.0,UG/M3,1 Hr,Valid
Guatemala City,PM10 - Principal,2023-01-05 07:00 PM,2023,01,05,19,20.0,19,Good,23.0,UG/M3,1 Hr,Valid
Guatemala City,PM10 - Principal,2023-01-05 08:00 PM,2023,01,05,20,18.0,17,Good,17.0,UG/M3,1 Hr,Valid
Guatemala City,PM10 - Principal,2023-01-05 09:00 PM,2023,01,05,21,17.0,16,Good,16.0,UG/M3,1 Hr,Valid
Guatemala City,PM10 - Principal,2023-01-05 10:00 PM,2023,01,05,22,17.0,16,Good,18.0,UG/M3,1 Hr,Valid
Guatemala City,PM10 - Principal,2023-01-05 11:00 PM,2023,01,05,23,13.0,12,Good,9.0,UG/M3,1 Hr,Valid
Guatemala City,PM10 - Principal,2023-01-06 12:00 AM,2023,01,06,00,10.0,9,Good,8.0,UG/M3,1 Hr,Valid
Guatemala City,PM10 - Principal,2023-01-06 01:00 AM,2023,01,06,01,9.0,8,Good,9.0,UG/M3,1 Hr,Valid
Guatemala City,PM10 - Principal,2023-01-06 02:00 AM,2023,01,06,02,10.0,9,Good,12.0,UG/M3,1 Hr,Valid
Guatemala City,PM10 - Principal,2023-01-06 03:00 AM,2023,01,06,03,9.0,8,Good,9.0,UG/M3,1 Hr,Valid
Guatemala City,PM10 - Principal,2023-01-06 04:00 AM,2023,01,06,04,8.0,7,Good,8.0,UG/M3,1 Hr,Valid
Guatemala City,PM10 - Principal,2023-01-06 05:00 AM,2023,01,06,05,13.0,12,Good,18.0,UG/M3,1 Hr,Valid
Guatemala City,PM10 - Principal,2023-01-06 06:00 AM,2023,01,06,06,16.0,15,Good,20.0,UG/M3,1 Hr,Valid
Guatemala City,PM10 - Principal,2023-01-06 07:00 AM,2023,01,06,07,21.0,19,Good,27.0,UG/M3,1 Hr,Valid
Guatemala City,PM10 - Principal,2023-01-06 08:00 AM,2023,01,06,08,25.0,23,Good,30.0,UG/M3,1 Hr,Valid
Guatemala City,PM10 - Principal,2023-01-06 09:00 AM,2023,01,06,09,22.0,20,Good,19.0,UG/M3,1 Hr,Valid
Guatemala City,PM10 - Principal,2023-01-06 10:00 AM,2023,01,06,10,21.0,19,Good,20.0,UG/M3,1 Hr,Valid
Guatemala City,PM10 - Principal,2023-01-06 11:00 AM,2023,01,06,11,18.0,17,Good,15.0,UG/M3,1 Hr,Valid
Guatemala City,PM10 - Principal,2023-01-06 12:00 PM,2023,01,06,12,16.0,15,Good,14.0,UG/M3,1 Hr,Valid
Guatemala City,PM10 - Principal,2023-01-06 01:00 PM,2023,01,06,13,15.0,14,Good,15.0,UG/M3,1 Hr,Valid
Guatemala City,PM10 - Principal,2023-01-06 02:00 PM,2023,01,06,14,11.0,10,Good,8.0,UG/M3,1 Hr,Valid
Guatemala City,PM10 - Principal,2023-01-06 03:00 PM,2023,01,06,15,13.0,12,Good,16.0,UG/M3,1 Hr,Valid
Guatemala City,PM10 - Principal,2023-01-06 04:00 PM,2023,01,06,16,12.0,11,Good,12.0,UG/M3,1 Hr,Valid
Guatemala City,PM10 - Principal,2023-01-06 05:00 PM,2023,01,06,17,14.0,13,Good,16.0,UG/M3,1 Hr,Valid
Guatemala City,PM10 - Principal,2023-01-06 06:00 PM,2023,01,06,18,18.0,17,Good,22.0,UG/M3,1 Hr,Valid
Guatemala City,PM10 - Principal,2023-01-06 07:00 PM,2023,01,06,19,21.0,19,Good,24.0,UG/M3,1 Hr,Valid
Guatemala City,PM10 - Principal,2023-01-06 08:00 PM,2023,01,06,20,19.0,18,Good,17.0,UG/M3,1 Hr,Valid
Guatemala City,PM10 - Principal,2023-01-06 09:00 PM,2023,01,06,21,16.0,15,Good,14.0,UG/M3,1 Hr,Valid
Guatemala City,PM10 - Principal,2023-01-06 10:00 PM,2023,01,06,22,18.0,17,Good,21.0,UG/M3,1 Hr,Valid
Guatemala City,PM10 - Principal,2023-01-06 11:00 PM,2023,01,06,23,19.0,18,Good,20.0,UG/M3,1 Hr,Valid
Guatemala City,PM10 - Principal,2023-01-07 12:00 AM,2023,01,07,00,17.0,16,Good,15.0,UG/M3,1 Hr,Valid
Guatemala City,PM10 - Principal,2023-01-07 01:00 AM,2023,01,07,01,16.0,15,Good,16.0,UG/M3,1 Hr,Valid
Guatemala City,PM10 - Principal,2023-01-07 02:00 AM,2023,01,07,02,16.0,15,Good,17.0,UG/M3,1 Hr,Valid
Guatemala City,PM10 - Principal,2023-01-07 03:00 AM,2023,01,07,03,14.0,13,Good,13.0,UG/M3,1 Hr,Valid
Guatemala City,PM10 - Principal,2023-01-07 04:00 AM,2023,01,07,04,12.0,11,Good,11.0,UG/M3,1 Hr,Valid
Guatemala City,PM10 - Principal,2023-01-07 05:00 AM,2023,01,07,05,12.0,11,Good,13.0,UG/M3,1 Hr,Valid
Guatemala City,PM10 - Principal,2023-01-07 06:00 AM,2023,01,07,06,15.0,14,Good,18.0,UG/M3,1 Hr,Valid
Guatemala City,PM10 - Principal,2023-01-07 07:00 AM,2023,01,07,07,21.0,19,Good,28.0,UG/M3,1 Hr,Valid
Guatemala City,PM10 - Principal,2023-01-07 08:00 AM,2023,01,07,08,21.0,19,Good,21.0,UG/M3,1 Hr,Valid
Guatemala City,PM10 - Principal,2023-01-07 09:00 AM,2023,01,07,09,25.0,23,Good,29.0,UG/M3,1 Hr,Valid
Guatemala City,PM10 - Principal,2023-01-07 10:00 AM,2023,01,07,10,20.0,19,Good,15.0,UG/M3,1 Hr,Valid
Guatemala City,PM10 - Principal,2023-01-07 11:00 AM,2023,01,07,11,16.0,15,Good,13.0,UG/M3,1 Hr,Valid
Guatemala City,PM10 - Principal,2023-01-07 12:00 PM,2023,01,07,12,14.0,13,Good,12.0,UG/M3,1 Hr,Valid
Guatemala City,PM10 - Principal,2023-01-07 01:00 PM,2023,01,07,13,11.0,10,Good,9.0,UG/M3,1 Hr,Valid
Guatemala City,PM10 - Principal,2023-01-07 02:00 PM,2023,01,07,14,11.0,10,Good,-999.0,UG/M3,1 Hr,Missing
Guatemala City,PM10 - Principal,2023-01-07 03:00 PM,2023,01,07,15,11.0,10,Good,12.0,UG/M3,1 Hr,Valid
Guatemala City,PM10 - Principal,2023-01-07 04:00 PM,2023,01,07,16,14.0,13,Good,16.0,UG/M3,1 Hr,Valid
Guatemala City,PM10 - Principal,2023-01-07 05:00 PM,2023,01,07,17,15.0,14,Good,17.0,UG/M3,1 Hr,Valid
Guatemala City,PM10 - Principal,2023-01-07 06:00 PM,2023,01,07,18,15.0,14,Good,16.0,UG/M3,1 Hr,Valid
Guatemala City,PM10 - Principal,2023-01-07 07:00 PM,2023,01,07,19,18.0,17,Good,21.0,UG/M3,1 Hr,Valid
Guatemala City,PM10 - Principal,2023-01-07 08:00 PM,2023,01,07,20,18.0,17,Good,19.0,UG/M3,1 Hr,Valid
Guatemala City,PM10 - Principal,2023-01-07 09:00 PM,2023,01,07,21,18.0,17,Good,18.0,UG/M3,1 Hr,Valid
Guatemala City,PM10 - Principal,2023-01-07 10:00 PM,2023,01,07,22,18.0,17,Good,19.0,UG/M3,1 Hr,Valid
Guatemala City,PM10 - Principal,2023-01-07 11:00 PM,2023,01,07,23,18.0,17,Good,19.0,UG/M3,1 Hr,Valid
Guatemala City,PM10 - Principal,2023-01-08 12:00 AM,2023,01,08,00,17.0,16,Good,16.0,UG/M3,1 Hr,Valid
Guatemala City,PM10 - Principal,2023-01-08 01:00 AM,2023,01,08,01,12.0,11,Good,8.0,UG/M3,1 Hr,Valid
Guatemala City,PM10 - Principal,2023-01-08 02:00 AM,2023,01,08,02,11.0,10,Good,10.0,UG/M3,1 Hr,Valid
Guatemala City,PM10 - Principal,2023-01-08 03:00 AM,2023,01,08,03,11.0,10,Good,12.0,UG/M3,1 Hr,Valid
Guatemala City,PM10 - Principal,2023-01-08 04:00 AM,2023,01,08,04,10.0,9,Good,10.0,UG/M3,1 Hr,Valid
Guatemala City,PM10 - Principal,2023-01-08 05:00 AM,2023,01,08,05,9.0,8,Good,9.0,UG/M3,1 Hr,Valid
Guatemala City,PM10 - Principal,2023-01-08 06:00 AM,2023,01,08,06,8.0,7,Good,7.0,UG/M3,1 Hr,Valid
Guatemala City,PM10 - Principal,2023-01-08 07:00 AM,2023,01,08,07,11.0,10,Good,15.0,UG/M3,1 Hr,Valid
Guatemala City,PM10 - Principal,2023-01-08 08:00 AM,2023,01,08,08,12.0,11,Good,14.0,UG/M3,1 Hr,Valid
Guatemala City,PM10 - Principal,2023-01-08 09:00 AM,2023,01,08,09,10.0,9,Good,9.0,UG/M3,1 Hr,Valid
Guatemala City,PM10 - Principal,2023-01-08 10:00 AM,2023,01,08,10,10.0,9,Good,10.0,UG/M3,1 Hr,Valid
Guatemala City,PM10 - Principal,2023-01-08 11:00 AM,2023,01,08,11,8.0,7,Good,7.0,UG/M3,1 Hr,Valid
Guatemala City,PM10 - Principal,2023-01-08 12:00 PM,2023,01,08,12,9.0,8,Good,11.0,UG/M3,1 Hr,Valid
Guatemala City,PM10 - Principal,2023-01-08 01:00 PM,2023,01,08,13,10.0,9,Good,12.0,UG/M3,1 Hr,Valid
Guatemala City,PM10 - Principal,2023-01-08 02:00 PM,2023,01,08,14,9.0,8,Good,9.0,UG/M3,1 Hr,Valid
Guatemala City,PM10 - Principal,2023-01-08 03:00 PM,2023,01,08,15,9.0,8,Good,9.0,UG/M3,1 Hr,Valid
Guatemala City,PM10 - Principal,2023-01-08 04:00 PM,2023,01,08,16,9.0,8,Good,10.0,UG/M3,1 Hr,Valid
Guatemala City,PM10 - Principal,2023-01-08 05:00 PM,2023,01,08,17,11.0,10,Good,13.0,UG/M3,1 Hr,Valid
Guatemala City,PM10 - Principal,2023-01-08 06:00 PM,2023,01,08,18,13.0,12,Good,15.0,UG/M3,1 Hr,Valid
Guatemala City,PM10 - Principal,2023-01-08 07:00 PM,2023,01,08,19,13.0,12,Good,14.0,UG/M3,1 Hr,Valid
Guatemala City,PM10 - Principal,2023-01-08 08:00 PM,2023,01,08,20,12.0,11,Good,11.0,UG/M3,1 Hr,Valid
Guatemala City,PM10 - Principal,2023-01-08 09:00 PM,2023,01,08,21,12.0,11,Good,12.0,UG/M3,1 Hr,Valid
Guatemala City,PM10 - Principal,2023-01-08 10:00 PM,2023,01,08,22,11.0,10,Good,10.0,UG/M3,1 Hr,Valid
Guatemala City,PM10 - Principal,2023-01-08 11:00 PM,2023,01,08,23,12.0,11,Good,14.0,UG/M3,1 Hr,Valid
Guatemala City,PM10 - Principal,2023-01-09 12:00 AM,2023,01,09,00,12.0,11,Good,13.0,UG/M3,1 Hr,Valid
Guatemala City,PM10 - Principal,2023-01-09 01:00 AM,2023,01,09,01,12.0,11,Good,13.0,UG/M3,1 Hr,Valid
Guatemala City,PM10 - Principal,2023-01-09 02:00 AM,2023,01,09,02,11.0,10,Good,10.0,UG/M3,1 Hr,Valid
Guatemala City,PM10 - Principal,2023-01-09 03:00 AM,2023,01,09,03,10.0,9,Good,9.0,UG/M3,1 Hr,Valid
Guatemala City,PM10 - Principal,2023-01-09 04:00 AM,2023,01,09,04,8.0,7,Good,7.0,UG/M3,1 Hr,Valid
Guatemala City,PM10 - Principal,2023-01-09 05:00 AM,2023,01,09,05,10.0,9,Good,12.0,UG/M3,1 Hr,Valid
Guatemala City,PM10 - Principal,2023-01-09 06:00 AM,2023,01,09,06,11.0,10,Good,12.0,UG/M3,1 Hr,Valid
Guatemala City,PM10 - Principal,2023-01-09 07:00 AM,2023,01,09,07,16.0,15,Good,21.0,UG/M3,1 Hr,Valid
Guatemala City,PM10 - Principal,2023-01-09 08:00 AM,2023,01,09,08,21.0,19,Good,26.0,UG/M3,1 Hr,Valid
Guatemala City,PM10 - Principal,2023-01-09 09:00 AM,2023,01,09,09,19.0,18,Good,17.0,UG/M3,1 Hr,Valid
Guatemala City,PM10 - Principal,2023-01-09 10:00 AM,2023,01,09,10,17.0,16,Good,15.0,UG/M3,1 Hr,Valid
Guatemala City,PM10 - Principal,2023-01-09 11:00 AM,2023,01,09,11,11.0,10,Good,6.0,UG/M3,1 Hr,Valid
Guatemala City,PM10 - Principal,2023-01-09 12:00 PM,2023,01,09,12,12.0,11,Good,14.0,UG/M3,1 Hr,Valid
Guatemala City,PM10 - Principal,2023-01-09 01:00 PM,2023,01,09,13,13.0,12,Good,15.0,UG/M3,1 Hr,Valid
Guatemala City,PM10 - Principal,2023-01-09 02:00 PM,2023,01,09,14,14.0,13,Good,15.0,UG/M3,1 Hr,Valid
Guatemala City,PM10 - Principal,2023-01-09 03:00 PM,2023,01,09,15,18.0,17,Good,22.0,UG/M3,1 Hr,Valid
Guatemala City,PM10 - Principal,2023-01-09 04:00 PM,2023,01,09,16,18.0,17,Good,-999.0,UG/M3,1 Hr,Missing
Guatemala City,PM10 - Principal,2023-01-09 05:00 PM,2023,01,09,17,20.0,19,Good,21.0,UG/M3,1 Hr,Valid
Guatemala City,PM10 - Principal,2023-01-09 06:00 PM,2023,01,09,18,17.0,16,Good,16.0,UG/M3,1 Hr,Valid
Guatemala City,PM10 - Principal,2023-01-09 07:00 PM,2023,01,09,19,22.0,20,Good,27.0,UG/M3,1 Hr,Valid
Guatemala City,PM10 - Principal,2023-01-09 08:00 PM,2023,01,09,20,24.0,22,Good,27.0,UG/M3,1 Hr,Valid
Guatemala City,PM10 - Principal,2023-01-09 09:00 PM,2023,01,09,21,22.0,20,Good,21.0,UG/M3,1 Hr,Valid
Guatemala City,PM10 - Principal,2023-01-09 10:00 PM,2023,01,09,22,19.0,18,Good,17.0,UG/M3,1 Hr,Valid
Guatemala City,PM10 - Principal,2023-01-09 11:00 PM,2023,01,09,23,17.0,16,Good,14.0,UG/M3,1 Hr,Valid
Guatemala City,PM10 - Principal,2023-01-10 12:00 AM,2023,01,10,00,13.0,12,Good,10.0,UG/M3,1 Hr,Valid
Guatemala City,PM10 - Principal,2023-01-10 01:00 AM,2023,01,10,01,14.0,13,Good,15.0,UG/M3,1 Hr,Valid
Guatemala City,PM10 - Principal,2023-01-10 02:00 AM,2023,01,10,02,9.0,8,Good,4.0,UG/M3,1 Hr,Valid
Guatemala City,PM10 - Principal,2023-01-10 03:00 AM,2023,01,10,03,7.0,6,Good,5.0,UG/M3,1 Hr,Valid
Guatemala City,PM10 - Principal,2023-01-10 04:00 AM,2023,01,10,04,7.0,6,Good,7.0,UG/M3,1 Hr,Valid
Guatemala City,PM10 - Principal,2023-01-10 05:00 AM,2023,01,10,05,7.0,6,Good,7.0,UG/M3,1 Hr,Valid
Guatemala City,PM10 - Principal,2023-01-10 06:00 AM,2023,01,10,06,8.0,7,Good,9.0,UG/M3,1 Hr,Valid
Guatemala City,PM10 - Principal,2023-01-10 07:00 AM,2023,01,10,07,11.0,10,Good,15.0,UG/M3,1 Hr,Valid
Guatemala City,PM10 - Principal,2023-01-10 08:00 AM,2023,01,10,08,15.0,14,Good,19.0,UG/M3,1 Hr,Valid
Guatemala City,PM10 - Principal,2023-01-10 09:00 AM,2023,01,10,09,16.0,15,Good,18.0,UG/M3,1 Hr,Valid
Guatemala City,PM10 - Principal,2023-01-10 10:00 AM,2023,01,10,10,18.0,17,Good,20.0,UG/M3,1 Hr,Valid
Guatemala City,PM10 - Principal,2023-01-10 11:00 AM,2023,01,10,11,20.0,19,Good,23.0,UG/M3,1 Hr,Valid
Guatemala City,PM10 - Principal,2023-01-10 12:00 PM,2023,01,10,12,18.0,17,Good,17.0,UG/M3,1 Hr,Valid
Guatemala City,PM10 - Principal,2023-01-10 01:00 PM,2023,01,10,13,17.0,16,Good,16.0,UG/M3,1 Hr,Valid
Guatemala City,PM10 - Principal,2023-01-10 02:00 PM,2023,01,10,14,16.0,15,Good,15.0,UG/M3,1 Hr,Valid
Guatemala City,PM10 - Principal,2023-01-10 03:00 PM,2023,01,10,15,21.0,19,Good,26.0,UG/M3,1 Hr,Valid
Guatemala City,PM10 - Principal,2023-01-10 04:00 PM,2023,01,10,16,23.0,21,Good,26.0,UG/M3,1 Hr,Valid
Guatemala City,PM10 - Principal,2023-01-10 05:00 PM,2023,01,10,17,19.0,18,Good,16.0,UG/M3,1 Hr,Valid
Guatemala City,PM10 - Principal,2023-01-10 06:00 PM,2023,01,10,18,18.0,17,Good,16.0,UG/M3,1 Hr,Valid
Guatemala City,PM10 - Principal,2023-01-10 07:00 PM,2023,01,10,19,20.0,19,Good,23.0,UG/M3,1 Hr,Valid
Guatemala City,PM10 - Principal,2023-01-10 08:00 PM,2023,01,10,20,20.0,19,Good,21.0,UG/M3,1 Hr,Valid
Guatemala City,PM10 - Principal,2023-01-10 09:00 PM,2023,01,10,21,18.0,17,Good,16.0,UG/M3,1 Hr,Valid
Guatemala City,PM10 - Principal,2023-01-10 10:00 PM,2023,01,10,22,16.0,15,Good,14.0,UG/M3,1 Hr,Valid
Guatemala City,PM10 - Principal,2023-01-10 11:00 PM,2023,01,10,23,12.0,11,Good,8.0,UG/M3,1 Hr,Valid
Guatemala City,PM10 - Principal,2023-01-11 12:00 AM,2023,01,11,00,9.0,8,Good,7.0,UG/M3,1 Hr,Valid
Guatemala City,PM10 - Principal,2023-01-11 01:00 AM,2023,01,11,01,8.0,7,Good,7.0,UG/M3,1 Hr,Valid
Guatemala City,PM10 - Principal,2023-01-11 02:00 AM,2023,01,11,02,6.0,6,Good,4.0,UG/M3,1 Hr,Valid
Guatemala City,PM10 - Principal,2023-01-11 03:00 AM,2023,01,11,03,4.0,4,Good,3.0,UG/M3,1 Hr,Valid
Guatemala City,PM10 - Principal,2023-01-11 04:00 AM,2023,01,11,04,5.0,5,Good,6.0,UG/M3,1 Hr,Valid
Guatemala City,PM10 - Principal,2023-01-11 05:00 AM,2023,01,11,05,7.0,6,Good,9.0,UG/M3,1 Hr,Valid
Guatemala City,PM10 - Principal,2023-01-11 06:00 AM,2023,01,11,06,7.0,6,Good,8.0,UG/M3,1 Hr,Valid
Guatemala City,PM10 - Principal,2023-01-11 07:00 AM,2023,01,11,07,11.0,10,Good,16.0,UG/M3,1 Hr,Valid
Guatemala City,PM10 - Principal,2023-01-11 08:00 AM,2023,01,11,08,13.0,12,Good,15.0,UG/M3,1 Hr,Valid
Guatemala City,PM10 - Principal,2023-01-11 09:00 AM,2023,01,11,09,17.0,16,Good,21.0,UG/M3,1 Hr,Valid
Guatemala City,PM10 - Principal,2023-01-11 10:00 AM,2023,01,11,10,16.0,15,Good,15.0,UG/M3,1 Hr,Valid
Guatemala City,PM10 - Principal,2023-01-11 11:00 AM,2023,01,11,11,12.0,11,Good,9.0,UG/M3,1 Hr,Valid
Guatemala City,PM10 - Principal,2023-01-11 12:00 PM,2023,01,11,12,14.0,13,Good,16.0,UG/M3,1 Hr,Valid
Guatemala City,PM10 - Principal,2023-01-11 01:00 PM,2023,01,11,13,15.0,14,Good,16.0,UG/M3,1 Hr,Valid
Guatemala City,PM10 - Principal,2023-01-11 02:00 PM,2023,01,11,14,12.0,11,Good,9.0,UG/M3,1 Hr,Valid
Guatemala City,PM10 - Principal,2023-01-11 03:00 PM,2023,01,11,15,11.0,10,Good,10.0,UG/M3,1 Hr,Valid
Guatemala City,PM10 - Principal,2023-01-11 04:00 PM,2023,01,11,16,14.0,13,Good,17.0,UG/M3,1 Hr,Valid
Guatemala City,PM10 - Principal,2023-01-11 05:00 PM,2023,01,11,17,13.0,12,Good,12.0,UG/M3,1 Hr,Valid
Guatemala City,PM10 - Principal,2023-01-11 06:00 PM,2023,01,11,18,13.0,12,Good,13.0,UG/M3,1 Hr,Valid
Guatemala City,PM10 - Principal,2023-01-11 07:00 PM,2023,01,11,19,16.0,15,Good,20.0,UG/M3,1 Hr,Valid
Guatemala City,PM10 - Principal,2023-01-11 08:00 PM,2023,01,11,20,16.0,15,Good,17.0,UG/M3,1 Hr,Valid
Guatemala City,PM10 - Principal,2023-01-11 09:00 PM,2023,01,11,21,17.0,16,Good,18.0,UG/M3,1 Hr,Valid
Guatemala City,PM10 - Principal,2023-01-11 10:00 PM,2023,01,11,22,17.0,16,Good,18.0,UG/M3,1 Hr,Valid
Guatemala City,PM10 - Principal,2023-01-11 11:00 PM,2023,01,11,23,13.0,12,Good,10.0,UG/M3,1 Hr,Valid
Guatemala City,PM10 - Principal,2023-01-12 12:00 AM,2023,01,12,00,12.0,11,Good,12.0,UG/M3,1 Hr,Valid
Guatemala City,PM10 - Principal,2023-01-12 01:00 AM,2023,01,12,01,17.0,16,Good,23.0,UG/M3,1 Hr,Valid
Guatemala City,PM10 - Principal,2023-01-12 02:00 AM,2023,01,12,02,12.0,11,Good,8.0,UG/M3,1 Hr,Valid
Guatemala City,PM10 - Principal,2023-01-12 03:00 AM,2023,01,12,03,11.0,10,Good,11.0,UG/M3,1 Hr,Valid
Guatemala City,PM10 - Principal,2023-01-12 04:00 AM,2023,01,12,04,15.0,14,Good,19.0,UG/M3,1 Hr,Valid
Guatemala City,PM10 - Principal,2023-01-12 05:00 AM,2023,01,12,05,18.0,17,Good,21.0,UG/M3,1 Hr,Valid
Guatemala City,PM10 - Principal,2023-01-12 06:00 AM,2023,01,12,06,19.0,18,Good,20.0,UG/M3,1 Hr,Valid
Guatemala City,PM10 - Principal,2023-01-12 07:00 AM,2023,01,12,07,19.0,18,Good,19.0,UG/M3,1 Hr,Valid
Guatemala City,PM10 - Principal,2023-01-12 08:00 AM,2023,01,12,08,22.0,20,Good,26.0,UG/M3,1 Hr,Valid
Guatemala City,PM10 - Principal,2023-01-12 09:00 AM,2023,01,12,09,22.0,20,Good,22.0,UG/M3,1 Hr,Valid
Guatemala City,PM10 - Principal,2023-01-12 10:00 AM,2023,01,12,10,22.0,20,Good,23.0,UG/M3,1 Hr,Valid
Guatemala City,PM10 - Principal,2023-01-12 11:00 AM,2023,01,12,11,22.0,20,Good,22.0,UG/M3,1 Hr,Valid
Guatemala City,PM10 - Principal,2023-01-12 12:00 PM,2023,01,12,12,21.0,19,Good,20.0,UG/M3,1 Hr,Valid
Guatemala City,PM10 - Principal,2023-01-12 01:00 PM,2023,01,12,13,23.0,21,Good,26.0,UG/M3,1 Hr,Valid
Guatemala City,PM10 - Principal,2023-01-12 02:00 PM,2023,01,12,14,24.0,22,Good,26.0,UG/M3,1 Hr,Valid
Guatemala City,PM10 - Principal,2023-01-12 03:00 PM,2023,01,12,15,22.0,20,Good,20.0,UG/M3,1 Hr,Valid
Guatemala City,PM10 - Principal,2023-01-12 04:00 PM,2023,01,12,16,23.0,21,Good,27.0,UG/M3,1 Hr,Valid
Guatemala City,PM10 - Principal,2023-01-12 05:00 PM,2023,01,12,17,27.0,25,Good,32.0,UG/M3,1 Hr,Valid
Guatemala City,PM10 - Principal,2023-01-12 06:00 PM,2023,01,12,18,26.0,24,Good,26.0,UG/M3,1 Hr,Valid
Guatemala City,PM10 - Principal,2023-01-12 07:00 PM,2023,01,12,19,26.0,24,Good,25.0,UG/M3,1 Hr,Valid
Guatemala City,PM10 - Principal,2023-01-12 08:00 PM,2023,01,12,20,21.0,19,Good,17.0,UG/M3,1 Hr,Valid
Guatemala City,PM10 - Principal,2023-01-12 09:00 PM,2023,01,12,21,18.0,17,Good,16.0,UG/M3,1 Hr,Valid
Guatemala City,PM10 - Principal,2023-01-12 10:00 PM,2023,01,12,22,13.0,12,Good,8.0,UG/M3,1 Hr,Valid
Guatemala City,PM10 - Principal,2023-01-12 11:00 PM,2023,01,12,23,11.0,10,Good,10.0,UG/M3,1 Hr,Valid
Guatemala City,PM10 - Principal,2023-01-13 12:00 AM,2023,01,13,00,10.0,9,Good,10.0,UG/M3,1 Hr,Valid
Guatemala City,PM10 - Principal,2023-01-13 01:00 AM,2023,01,13,01,14.0,13,Good,18.0,UG/M3,1 Hr,Valid
Guatemala City,PM10 - Principal,2023-01-13 02:00 AM,2023,01,13,02,10.0,9,Good,6.0,UG/M3,1 Hr,Valid
Guatemala City,PM10 - Principal,2023-01-13 03:00 AM,2023,01,13,03,8.0,7,Good,7.0,UG/M3,1 Hr,Valid
Guatemala City,PM10 - Principal,2023-01-13 04:00 AM,2023,01,13,04,8.0,7,Good,8.0,UG/M3,1 Hr,Valid
Guatemala City,PM10 - Principal,2023-01-13 05:00 AM,2023,01,13,05,9.0,8,Good,10.0,UG/M3,1 Hr,Valid
Guatemala City,PM10 - Principal,2023-01-13 06:00 AM,2023,01,13,06,15.0,14,Good,22.0,UG/M3,1 Hr,Valid
Guatemala City,PM10 - Principal,2023-01-13 07:00 AM,2023,01,13,07,20.0,19,Good,26.0,UG/M3,1 Hr,Valid
Guatemala City,PM10 - Principal,2023-01-13 08:00 AM,2023,01,13,08,23.0,21,Good,26.0,UG/M3,1 Hr,Valid
Guatemala City,PM10 - Principal,2023-01-13 09:00 AM,2023,01,13,09,21.0,19,Good,20.0,UG/M3,1 Hr,Valid
Guatemala City,PM10 - Principal,2023-01-13 10:00 AM,2023,01,13,10,23.0,21,Good,26.0,UG/M3,1 Hr,Valid
Guatemala City,PM10 - Principal,2023-01-13 11:00 AM,2023,01,13,11,22.0,20,Good,21.0,UG/M3,1 Hr,Valid
Guatemala City,PM10 - Principal,2023-01-13 12:00 PM,2023,01,13,12,25.0,23,Good,29.0,UG/M3,1 Hr,Valid
Guatemala City,PM10 - Principal,2023-01-13 01:00 PM,2023,01,13,13,24.0,22,Good,23.0,UG/M3,1 Hr,Valid
Guatemala City,PM10 - Principal,2023-01-13 02:00 PM,2023,01,13,14,22.0,20,Good,20.0,UG/M3,1 Hr,Valid
Guatemala City,PM10 - Principal,2023-01-13 03:00 PM,2023,01,13,15,20.0,19,Good,19.0,UG/M3,1 Hr,Valid
Guatemala City,PM10 - Principal,2023-01-13 04:00 PM,2023,01,13,16,20.0,19,Good,21.0,UG/M3,1 Hr,Valid
Guatemala City,PM10 - Principal,2023-01-13 05:00 PM,2023,01,13,17,21.0,19,Good,23.0,UG/M3,1 Hr,Valid
Guatemala City,PM10 - Principal,2023-01-13 06:00 PM,2023,01,13,18,21.0,19,Good,20.0,UG/M3,1 Hr,Valid
Guatemala City,PM10 - Principal,2023-01-13 07:00 PM,2023,01,13,19,21.0,19,Good,21.0,UG/M3,1 Hr,Valid
Guatemala City,PM10 - Principal,2023-01-13 08:00 PM,2023,01,13,20,19.0,18,Good,18.0,UG/M3,1 Hr,Valid
Guatemala City,PM10 - Principal,2023-01-13 09:00 PM,2023,01,13,21,18.0,17,Good,16.0,UG/M3,1 Hr,Valid
Guatemala City,PM10 - Principal,2023-01-13 10:00 PM,2023,01,13,22,14.0,13,Good,11.0,UG/M3,1 Hr,Valid
Guatemala City,PM10 - Principal,2023-01-13 11:00 PM,2023,01,13,23,10.0,9,Good,7.0,UG/M3,1 Hr,Valid
Guatemala City,PM10 - Principal,2023-01-14 12:00 AM,2023,01,14,00,9.0,8,Good,9.0,UG/M3,1 Hr,Valid
Guatemala City,PM10 - Principal,2023-01-14 01:00 AM,2023,01,14,01,14.0,13,Good,19.0,UG/M3,1 Hr,Valid
Guatemala City,PM10 - Principal,2023-01-14 02:00 AM,2023,01,14,02,10.0,9,Good,7.0,UG/M3,1 Hr,Valid
Guatemala City,PM10 - Principal,2023-01-14 03:00 AM,2023,01,14,03,9.0,8,Good,9.0,UG/M3,1 Hr,Valid
Guatemala City,PM10 - Principal,2023-01-14 04:00 AM,2023,01,14,04,7.0,6,Good,6.0,UG/M3,1 Hr,Valid
Guatemala City,PM10 - Principal,2023-01-14 05:00 AM,2023,01,14,05,6.0,6,Good,5.0,UG/M3,1 Hr,Valid
Guatemala City,PM10 - Principal,2023-01-14 06:00 AM,2023,01,14,06,6.0,6,Good,7.0,UG/M3,1 Hr,Valid
Guatemala City,PM10 - Principal,2023-01-14 07:00 AM,2023,01,14,07,6.0,6,Good,6.0,UG/M3,1 Hr,Valid
Guatemala City,PM10 - Principal,2023-01-14 08:00 AM,2023,01,14,08,6.0,6,Good,6.0,UG/M3,1 Hr,Valid
Guatemala City,PM10 - Principal,2023-01-14 09:00 AM,2023,01,14,09,10.0,9,Good,15.0,UG/M3,1 Hr,Valid
Guatemala City,PM10 - Principal,2023-01-14 10:00 AM,2023,01,14,10,13.0,12,Good,17.0,UG/M3,1 Hr,Valid
Guatemala City,PM10 - Principal,2023-01-14 11:00 AM,2023,01,14,11,15.0,14,Good,18.0,UG/M3,1 Hr,Valid
Guatemala City,PM10 - Principal,2023-01-14 12:00 PM,2023,01,14,12,16.0,15,Good,17.0,UG/M3,1 Hr,Valid
Guatemala City,PM10 - Principal,2023-01-14 01:00 PM,2023,01,14,13,12.0,11,Good,8.0,UG/M3,1 Hr,Valid
Guatemala City,PM10 - Principal,2023-01-14 02:00 PM,2023,01,14,14,10.0,9,Good,9.0,UG/M3,1 Hr,Valid
Guatemala City,PM10 - Principal,2023-01-14 03:00 PM,2023,01,14,15,9.0,8,Good,9.0,UG/M3,1 Hr,Valid
Guatemala City,PM10 - Principal,2023-01-14 04:00 PM,2023,01,14,16,11.0,10,Good,13.0,UG/M3,1 Hr,Valid
Guatemala City,PM10 - Principal,2023-01-14 05:00 PM,2023,01,14,17,13.0,12,Good,16.0,UG/M3,1 Hr,Valid
Guatemala City,PM10 - Principal,2023-01-14 06:00 PM,2023,01,14,18,16.0,15,Good,20.0,UG/M3,1 Hr,Valid
Guatemala City,PM10 - Principal,2023-01-14 07:00 PM,2023,01,14,19,18.0,17,Good,20.0,UG/M3,1 Hr,Valid
Guatemala City,PM10 - Principal,2023-01-14 08:00 PM,2023,01,14,20,19.0,18,Good,20.0,UG/M3,1 Hr,Valid
Guatemala City,PM10 - Principal,2023-01-14 09:00 PM,2023,01,14,21,16.0,15,Good,13.0,UG/M3,1 Hr,Valid
Guatemala City,PM10 - Principal,2023-01-14 10:00 PM,2023,01,14,22,16.0,15,Good,16.0,UG/M3,1 Hr,Valid
Guatemala City,PM10 - Principal,2023-01-14 11:00 PM,2023,01,14,23,14.0,13,Good,13.0,UG/M3,1 Hr,Valid
Guatemala City,PM10 - Principal,2023-01-15 12:00 AM,2023,01,15,00,14.0,13,Good,14.0,UG/M3,1 Hr,Valid
Guatemala City,PM10 - Principal,2023-01-15 01:00 AM,2023,01,15,01,11.0,10,Good,8.0,UG/M3,1 Hr,Valid
Guatemala City,PM10 - Principal,2023-01-15 02:00 AM,2023,01,15,02,14.0,13,Good,17.0,UG/M3,1 Hr,Valid
Guatemala City,PM10 - Principal,2023-01-15 03:00 AM,2023,01,15,03,12.0,11,Good,10.0,UG/M3,1 Hr,Valid
Guatemala City,PM10 - Principal,2023-01-15 04:00 AM,2023,01,15,04,12.0,11,Good,13.0,UG/M3,1 Hr,Valid
Guatemala City,PM10 - Principal,2023-01-15 05:00 AM,2023,01,15,05,13.0,12,Good,14.0,UG/M3,1 Hr,Valid
Guatemala City,PM10 - Principal,2023-01-15 06:00 AM,2023,01,15,06,12.0,11,Good,12.0,UG/M3,1 Hr,Valid
Guatemala City,PM10 - Principal,2023-01-15 07:00 AM,2023,01,15,07,16.0,15,Good,20.0,UG/M3,1 Hr,Valid
Guatemala City,PM10 - Principal,2023-01-15 08:00 AM,2023,01,15,08,16.0,15,Good,16.0,UG/M3,1 Hr,Valid
Guatemala City,PM10 - Principal,2023-01-15 09:00 AM,2023,01,15,09,19.0,18,Good,22.0,UG/M3,1 Hr,Valid
Guatemala City,PM10 - Principal,2023-01-15 10:00 AM,2023,01,15,10,18.0,17,Good,17.0,UG/M3,1 Hr,Valid
Guatemala City,PM10 - Principal,2023-01-15 11:00 AM,2023,01,15,11,19.0,18,Good,20.0,UG/M3,1 Hr,Valid
Guatemala City,PM10 - Principal,2023-01-15 12:00 PM,2023,01,15,12,17.0,16,Good,16.0,UG/M3,1 Hr,Valid
Guatemala City,PM10 - Principal,2023-01-15 01:00 PM,2023,01,15,13,18.0,17,Good,19.0,UG/M3,1 Hr,Valid
Guatemala City,PM10 - Principal,2023-01-15 02:00 PM,2023,01,15,14,18.0,17,Good,18.0,UG/M3,1 Hr,Valid
Guatemala City,PM10 - Principal,2023-01-15 03:00 PM,2023,01,15,15,19.0,18,Good,21.0,UG/M3,1 Hr,Valid
Guatemala City,PM10 - Principal,2023-01-15 04:00 PM,2023,01,15,16,21.0,19,Good,23.0,UG/M3,1 Hr,Valid
Guatemala City,PM10 - Principal,2023-01-15 05:00 PM,2023,01,15,17,22.0,20,Good,23.0,UG/M3,1 Hr,Valid
Guatemala City,PM10 - Principal,2023-01-15 06:00 PM,2023,01,15,18,21.0,19,Good,21.0,UG/M3,1 Hr,Valid
Guatemala City,PM10 - Principal,2023-01-15 07:00 PM,2023,01,15,19,22.0,20,Good,25.0,UG/M3,1 Hr,Valid
Guatemala City,PM10 - Principal,2023-01-15 08:00 PM,2023,01,15,20,26.0,24,Good,30.0,UG/M3,1 Hr,Valid
Guatemala City,PM10 - Principal,2023-01-15 09:00 PM,2023,01,15,21,26.0,24,Good,26.0,UG/M3,1 Hr,Valid
Guatemala City,PM10 - Principal,2023-01-15 10:00 PM,2023,01,15,22,24.0,22,Good,23.0,UG/M3,1 Hr,Valid
Guatemala City,PM10 - Principal,2023-01-15 11:00 PM,2023,01,15,23,20.0,19,Good,16.0,UG/M3,1 Hr,Valid
Guatemala City,PM10 - Principal,2023-01-16 12:00 AM,2023,01,16,00,13.0,12,Good,6.0,UG/M3,1 Hr,Valid
Guatemala City,PM10 - Principal,2023-01-16 01:00 AM,2023,01,16,01,16.0,15,Good,19.0,UG/M3,1 Hr,Valid
Guatemala City,PM10 - Principal,2023-01-16 02:00 AM,2023,01,16,02,14.0,13,Good,13.0,UG/M3,1 Hr,Valid
Guatemala City,PM10 - Principal,2023-01-16 03:00 AM,2023,01,16,03,14.0,13,Good,14.0,UG/M3,1 Hr,Valid
Guatemala City,PM10 - Principal,2023-01-16 04:00 AM,2023,01,16,04,15.0,14,Good,16.0,UG/M3,1 Hr,Valid
Guatemala City,PM10 - Principal,2023-01-16 05:00 AM,2023,01,16,05,25.0,23,Good,36.0,UG/M3,1 Hr,Valid
Guatemala City,PM10 - Principal,2023-01-16 06:00 AM,2023,01,16,06,37.0,34,Good,50.0,UG/M3,1 Hr,Valid
Guatemala City,PM10 - Principal,2023-01-16 07:00 AM,2023,01,16,07,62.0,54,Moderate,88.0,UG/M3,1 Hr,Valid
Guatemala City,PM10 - Principal,2023-01-16 08:00 AM,2023,01,16,08,66.0,56,Moderate,71.0,UG/M3,1 Hr,Valid
Guatemala City,PM10 - Principal,2023-01-16 09:00 AM,2023,01,16,09,93.0,70,Moderate,121.0,UG/M3,1 Hr,Valid
Guatemala City,PM10 - Principal,2023-01-16 10:00 AM,2023,01,16,10,70.0,58,Moderate,48.0,UG/M3,1 Hr,Valid
Guatemala City,PM10 - Principal,2023-01-16 11:00 AM,2023,01,16,11,51.0,47,Good,31.0,UG/M3,1 Hr,Valid
Guatemala City,PM10 - Principal,2023-01-16 12:00 PM,2023,01,16,12,42.0,39,Good,34.0,UG/M3,1 Hr,Valid
Guatemala City,PM10 - Principal,2023-01-16 01:00 PM,2023,01,16,13,38.0,35,Good,34.0,UG/M3,1 Hr,Valid
Guatemala City,PM10 - Principal,2023-01-16 02:00 PM,2023,01,16,14,41.0,38,Good,45.0,UG/M3,1 Hr,Valid
Guatemala City,PM10 - Principal,2023-01-16 03:00 PM,2023,01,16,15,53.0,49,Good,66.0,UG/M3,1 Hr,Valid
Guatemala City,PM10 - Principal,2023-01-16 04:00 PM,2023,01,16,16,63.0,55,Moderate,73.0,UG/M3,1 Hr,Valid
Guatemala City,PM10 - Principal,2023-01-16 05:00 PM,2023,01,16,17,72.0,59,Moderate,82.0,UG/M3,1 Hr,Valid
Guatemala City,PM10 - Principal,2023-01-16 06:00 PM,2023,01,16,18,79.0,63,Moderate,86.0,UG/M3,1 Hr,Valid
Guatemala City,PM10 - Principal,2023-01-16 07:00 PM,2023,01,16,19,82.0,64,Moderate,85.0,UG/M3,1 Hr,Valid
Guatemala City,PM10 - Principal,2023-01-16 08:00 PM,2023,01,16,20,81.0,64,Moderate,80.0,UG/M3,1 Hr,Valid
Guatemala City,PM10 - Principal,2023-01-16 09:00 PM,2023,01,16,21,76.0,61,Moderate,71.0,UG/M3,1 Hr,Valid
Guatemala City,PM10 - Principal,2023-01-16 10:00 PM,2023,01,16,22,77.0,62,Moderate,78.0,UG/M3,1 Hr,Valid
Guatemala City,PM10 - Principal,2023-01-16 11:00 PM,2023,01,16,23,67.0,57,Moderate,58.0,UG/M3,1 Hr,Valid
Guatemala City,PM10 - Principal,2023-01-17 12:00 AM,2023,01,17,00,52.0,48,Good,38.0,UG/M3,1 Hr,Valid
Guatemala City,PM10 - Principal,2023-01-17 01:00 AM,2023,01,17,01,40.0,37,Good,28.0,UG/M3,1 Hr,Valid
Guatemala City,PM10 - Principal,2023-01-17 02:00 AM,2023,01,17,02,35.0,32,Good,30.0,UG/M3,1 Hr,Valid
Guatemala City,PM10 - Principal,2023-01-17 03:00 AM,2023,01,17,03,34.0,31,Good,34.0,UG/M3,1 Hr,Valid
Guatemala City,PM10 - Principal,2023-01-17 04:00 AM,2023,01,17,04,33.0,31,Good,32.0,UG/M3,1 Hr,Valid
Guatemala City,PM10 - Principal,2023-01-17 05:00 AM,2023,01,17,05,36.0,33,Good,39.0,UG/M3,1 Hr,Valid
Guatemala City,PM10 - Principal,2023-01-17 06:00 AM,2023,01,17,06,43.0,40,Good,51.0,UG/M3,1 Hr,Valid
Guatemala City,PM10 - Principal,2023-01-17 07:00 AM,2023,01,17,07,45.0,42,Good,48.0,UG/M3,1 Hr,Valid
Guatemala City,PM10 - Principal,2023-01-17 08:00 AM,2023,01,17,08,44.0,41,Good,43.0,UG/M3,1 Hr,Valid
Guatemala City,PM10 - Principal,2023-01-17 09:00 AM,2023,01,17,09,59.0,53,Moderate,75.0,UG/M3,1 Hr,Valid
Guatemala City,PM10 - Principal,2023-01-17 10:00 AM,2023,01,17,10,55.0,51,Moderate,51.0,UG/M3,1 Hr,Valid
Guatemala City,PM10 - Principal,2023-01-17 11:00 AM,2023,01,17,11,47.0,44,Good,39.0,UG/M3,1 Hr,Valid
Guatemala City,PM10 - Principal,2023-01-17 12:00 PM,2023,01,17,12,46.0,43,Good,45.0,UG/M3,1 Hr,Valid
Guatemala City,PM10 - Principal,2023-01-17 01:00 PM,2023,01,17,13,45.0,42,Good,45.0,UG/M3,1 Hr,Valid
Guatemala City,PM10 - Principal,2023-01-17 02:00 PM,2023,01,17,14,52.0,48,Good,60.0,UG/M3,1 Hr,Valid
Guatemala City,PM10 - Principal,2023-01-17 03:00 PM,2023,01,17,15,57.0,52,Moderate,62.0,UG/M3,1 Hr,Valid
Guatemala City,PM10 - Principal,2023-01-17 04:00 PM,2023,01,17,16,68.0,57,Moderate,79.0,UG/M3,1 Hr,Valid
Guatemala City,PM10 - Principal,2023-01-17 05:00 PM,2023,01,17,17,75.0,61,Moderate,83.0,UG/M3,1 Hr,Valid
Guatemala City,PM10 - Principal,2023-01-17 06:00 PM,2023,01,17,18,78.0,62,Moderate,82.0,UG/M3,1 Hr,Valid
Guatemala City,PM10 - Principal,2023-01-17 07:00 PM,2023,01,17,19,77.0,62,Moderate,77.0,UG/M3,1 Hr,Valid
Guatemala City,PM10 - Principal,2023-01-17 08:00 PM,2023,01,17,20,68.0,57,Moderate,59.0,UG/M3,1 Hr,Valid
Guatemala City,PM10 - Principal,2023-01-17 09:00 PM,2023,01,17,21,65.0,56,Moderate,62.0,UG/M3,1 Hr,Valid
Guatemala City,PM10 - Principal,2023-01-17 10:00 PM,2023,01,17,22,62.0,54,Moderate,59.0,UG/M3,1 Hr,Valid
Guatemala City,PM10 - Principal,2023-01-17 11:00 PM,2023,01,17,23,56.0,51,Moderate,49.0,UG/M3,1 Hr,Valid
Guatemala City,PM10 - Principal,2023-01-18 12:00 AM,2023,01,18,00,52.0,48,Good,48.0,UG/M3,1 Hr,Valid
Guatemala City,PM10 - Principal,2023-01-18 01:00 AM,2023,01,18,01,51.0,47,Good,49.0,UG/M3,1 Hr,Valid
Guatemala City,PM10 - Principal,2023-01-18 02:00 AM,2023,01,18,02,42.0,39,Good,34.0,UG/M3,1 Hr,Valid
Guatemala City,PM10 - Principal,2023-01-18 03:00 AM,2023,01,18,03,40.0,37,Good,38.0,UG/M3,1 Hr,Valid
Guatemala City,PM10 - Principal,2023-01-18 04:00 AM,2023,01,18,04,39.0,36,Good,39.0,UG/M3,1 Hr,Valid
Guatemala City,PM10 - Principal,2023-01-18 05:00 AM,2023,01,18,05,46.0,43,Good,53.0,UG/M3,1 Hr,Valid
Guatemala City,PM10 - Principal,2023-01-18 06:00 AM,2023,01,18,06,52.0,48,Good,58.0,UG/M3,1 Hr,Valid
Guatemala City,PM10 - Principal,2023-01-18 07:00 AM,2023,01,18,07,63.0,55,Moderate,75.0,UG/M3,1 Hr,Valid
Guatemala City,PM10 - Principal,2023-01-18 08:00 AM,2023,01,18,08,72.0,59,Moderate,82.0,UG/M3,1 Hr,Valid
Guatemala City,PM10 - Principal,2023-01-18 09:00 AM,2023,01,18,09,82.0,64,Moderate,93.0,UG/M3,1 Hr,Valid
Guatemala City,PM10 - Principal,2023-01-18 10:00 AM,2023,01,18,10,64.0,55,Moderate,47.0,UG/M3,1 Hr,Valid
Guatemala City,PM10 - Principal,2023-01-18 11:00 AM,2023,01,18,11,48.0,44,Good,33.0,UG/M3,1 Hr,Valid
Guatemala City,PM10 - Principal,2023-01-18 12:00 PM,2023,01,18,12,41.0,38,Good,34.0,UG/M3,1 Hr,Valid
Guatemala City,PM10 - Principal,2023-01-18 01:00 PM,2023,01,18,13,37.0,34,Good,34.0,UG/M3,1 Hr,Valid
Guatemala City,PM10 - Principal,2023-01-18 02:00 PM,2023,01,18,14,39.0,36,Good,41.0,UG/M3,1 Hr,Valid
Guatemala City,PM10 - Principal,2023-01-18 03:00 PM,2023,01,18,15,45.0,42,Good,51.0,UG/M3,1 Hr,Valid
Guatemala City,PM10 - Principal,2023-01-18 04:00 PM,2023,01,18,16,52.0,48,Good,60.0,UG/M3,1 Hr,Valid
Guatemala City,PM10 - Principal,2023-01-18 05:00 PM,2023,01,18,17,61.0,54,Moderate,70.0,UG/M3,1 Hr,Valid
Guatemala City,PM10 - Principal,2023-01-18 06:00 PM,2023,01,18,18,66.0,56,Moderate,72.0,UG/M3,1 Hr,Valid
Guatemala City,PM10 - Principal,2023-01-18 07:00 PM,2023,01,18,19,70.0,58,Moderate,75.0,UG/M3,1 Hr,Valid
Guatemala City,PM10 - Principal,2023-01-18 08:00 PM,2023,01,18,20,70.0,58,Moderate,71.0,UG/M3,1 Hr,Valid
Guatemala City,PM10 - Principal,2023-01-18 09:00 PM,2023,01,18,21,68.0,57,Moderate,66.0,UG/M3,1 Hr,Valid
Guatemala City,PM10 - Principal,2023-01-18 10:00 PM,2023,01,18,22,59.0,53,Moderate,51.0,UG/M3,1 Hr,Valid
Guatemala City,PM10 - Principal,2023-01-18 11:00 PM,2023,01,18,23,60.0,53,Moderate,61.0,UG/M3,1 Hr,Valid
Guatemala City,PM10 - Principal,2023-01-19 12:00 AM,2023,01,19,00,66.0,56,Moderate,72.0,UG/M3,1 Hr,Valid
Guatemala City,PM10 - Principal,2023-01-19 01:00 AM,2023,01,19,01,66.0,56,Moderate,67.0,UG/M3,1 Hr,Valid
Guatemala City,PM10 - Principal,2023-01-19 02:00 AM,2023,01,19,02,58.0,52,Moderate,46.0,UG/M3,1 Hr,Valid
Guatemala City,PM10 - Principal,2023-01-19 03:00 AM,2023,01,19,03,66.0,56,Moderate,79.0,UG/M3,1 Hr,Valid
Guatemala City,PM10 - Principal,2023-01-19 04:00 AM,2023,01,19,04,65.0,56,Moderate,64.0,UG/M3,1 Hr,Valid
Guatemala City,PM10 - Principal,2023-01-19 05:00 AM,2023,01,19,05,69.0,58,Moderate,74.0,UG/M3,1 Hr,Valid
Guatemala City,PM10 - Principal,2023-01-19 06:00 AM,2023,01,19,06,81.0,64,Moderate,93.0,UG/M3,1 Hr,Valid
Guatemala City,PM10 - Principal,2023-01-19 07:00 AM,2023,01,19,07,93.0,70,Moderate,105.0,UG/M3,1 Hr,Valid
Guatemala City,PM10 - Principal,2023-01-19 08:00 AM,2023,01,19,08,96.0,71,Moderate,99.0,UG/M3,1 Hr,Valid
Guatemala City,PM10 - Principal,2023-01-19 09:00 AM,2023,01,19,09,78.0,62,Moderate,60.0,UG/M3,1 Hr,Valid
Guatemala City,PM10 - Principal,2023-01-19 10:00 AM,2023,01,19,10,64.0,55,Moderate,51.0,UG/M3,1 Hr,Valid
Guatemala City,PM10 - Principal,2023-01-19 11:00 AM,2023,01,19,11,46.0,43,Good,29.0,UG/M3,1 Hr,Valid
Guatemala City,PM10 - Principal,2023-01-19 12:00 PM,2023,01,19,12,43.0,40,Good,40.0,UG/M3,1 Hr,Valid
Guatemala City,PM10 - Principal,2023-01-19 01:00 PM,2023,01,19,13,37.0,34,Good,32.0,UG/M3,1 Hr,Valid
Guatemala City,PM10 - Principal,2023-01-19 02:00 PM,2023,01,19,14,38.0,35,Good,40.0,UG/M3,1 Hr,Valid
Guatemala City,PM10 - Principal,2023-01-19 03:00 PM,2023,01,19,15,38.0,35,Good,38.0,UG/M3,1 Hr,Valid
Guatemala City,PM10 - Principal,2023-01-19 04:00 PM,2023,01,19,16,48.0,44,Good,59.0,UG/M3,1 Hr,Valid
Guatemala City,PM10 - Principal,2023-01-19 05:00 PM,2023,01,19,17,53.0,49,Good,58.0,UG/M3,1 Hr,Valid
Guatemala City,PM10 - Principal,2023-01-19 06:00 PM,2023,01,19,18,61.0,54,Moderate,69.0,UG/M3,1 Hr,Valid
Guatemala City,PM10 - Principal,2023-01-19 07:00 PM,2023,01,19,19,72.0,59,Moderate,83.0,UG/M3,1 Hr,Valid
Guatemala City,PM10 - Principal,2023-01-19 08:00 PM,2023,01,19,20,75.0,61,Moderate,78.0,UG/M3,1 Hr,Valid
Guatemala City,PM10 - Principal,2023-01-19 09:00 PM,2023,01,19,21,81.0,64,Moderate,87.0,UG/M3,1 Hr,Valid
Guatemala City,PM10 - Principal,2023-01-19 10:00 PM,2023,01,19,22,81.0,64,Moderate,82.0,UG/M3,1 Hr,Valid
Guatemala City,PM10 - Principal,2023-01-19 11:00 PM,2023,01,19,23,77.0,62,Moderate,74.0,UG/M3,1 Hr,Valid
Guatemala City,PM10 - Principal,2023-01-20 12:00 AM,2023,01,20,00,56.0,51,Moderate,35.0,UG/M3,1 Hr,Valid
Guatemala City,PM10 - Principal,2023-01-20 01:00 AM,2023,01,20,01,46.0,43,Good,36.0,UG/M3,1 Hr,Valid
Guatemala City,PM10 - Principal,2023-01-20 02:00 AM,2023,01,20,02,37.0,34,Good,29.0,UG/M3,1 Hr,Valid
Guatemala City,PM10 - Principal,2023-01-20 03:00 AM,2023,01,20,03,33.0,31,Good,30.0,UG/M3,1 Hr,Valid
Guatemala City,PM10 - Principal,2023-01-20 04:00 AM,2023,01,20,04,31.0,29,Good,30.0,UG/M3,1 Hr,Valid
Guatemala City,PM10 - Principal,2023-01-20 05:00 AM,2023,01,20,05,35.0,32,Good,40.0,UG/M3,1 Hr,Valid
Guatemala City,PM10 - Principal,2023-01-20 06:00 AM,2023,01,20,06,35.0,32,Good,36.0,UG/M3,1 Hr,Valid
Guatemala City,PM10 - Principal,2023-01-20 07:00 AM,2023,01,20,07,33.0,31,Good,31.0,UG/M3,1 Hr,Valid
Guatemala City,PM10 - Principal,2023-01-20 08:00 AM,2023,01,20,08,43.0,40,Good,53.0,UG/M3,1 Hr,Valid
Guatemala City,PM10 - Principal,2023-01-20 09:00 AM,2023,01,20,09,45.0,42,Good,48.0,UG/M3,1 Hr,Valid
Guatemala City,PM10 - Principal,2023-01-20 10:00 AM,2023,01,20,10,40.0,37,Good,36.0,UG/M3,1 Hr,Valid
Guatemala City,PM10 - Principal,2023-01-20 11:00 AM,2023,01,20,11,40.0,37,Good,39.0,UG/M3,1 Hr,Valid
Guatemala City,PM10 - Principal,2023-01-20 12:00 PM,2023,01,20,12,40.0,37,Good,41.0,UG/M3,1 Hr,Valid
Guatemala City,PM10 - Principal,2023-01-20 01:00 PM,2023,01,20,13,43.0,40,Good,48.0,UG/M3,1 Hr,Valid
Guatemala City,PM10 - Principal,2023-01-20 02:00 PM,2023,01,20,14,41.0,38,Good,38.0,UG/M3,1 Hr,Valid
Guatemala City,PM10 - Principal,2023-01-20 03:00 PM,2023,01,20,15,44.0,41,Good,48.0,UG/M3,1 Hr,Valid
Guatemala City,PM10 - Principal,2023-01-20 04:00 PM,2023,01,20,16,44.0,41,Good,46.0,UG/M3,1 Hr,Valid
Guatemala City,PM10 - Principal,2023-01-20 05:00 PM,2023,01,20,17,39.0,36,Good,31.0,UG/M3,1 Hr,Valid
Guatemala City,PM10 - Principal,2023-01-20 06:00 PM,2023,01,20,18,31.0,29,Good,25.0,UG/M3,1 Hr,Valid
Guatemala City,PM10 - Principal,2023-01-20 07:00 PM,2023,01,20,19,28.0,26,Good,25.0,UG/M3,1 Hr,Valid
Guatemala City,PM10 - Principal,2023-01-20 08:00 PM,2023,01,20,20,29.0,27,Good,31.0,UG/M3,1 Hr,Valid
Guatemala City,PM10 - Principal,2023-01-20 09:00 PM,2023,01,20,21,27.0,25,Good,25.0,UG/M3,1 Hr,Valid
Guatemala City,PM10 - Principal,2023-01-20 10:00 PM,2023,01,20,22,27.0,25,Good,27.0,UG/M3,1 Hr,Valid
Guatemala City,PM10 - Principal,2023-01-20 11:00 PM,2023,01,20,23,24.0,22,Good,22.0,UG/M3,1 Hr,Valid
Guatemala City,PM10 - Principal,2023-01-21 12:00 AM,2023,01,21,00,19.0,18,Good,14.0,UG/M3,1 Hr,Valid
Guatemala City,PM10 - Principal,2023-01-21 01:00 AM,2023,01,21,01,21.0,19,Good,24.0,UG/M3,1 Hr,Valid
Guatemala City,PM10 - Principal,2023-01-21 02:00 AM,2023,01,21,02,21.0,19,Good,21.0,UG/M3,1 Hr,Valid
Guatemala City,PM10 - Principal,2023-01-21 03:00 AM,2023,01,21,03,20.0,19,Good,19.0,UG/M3,1 Hr,Valid
Guatemala City,PM10 - Principal,2023-01-21 04:00 AM,2023,01,21,04,17.0,16,Good,15.0,UG/M3,1 Hr,Valid
Guatemala City,PM10 - Principal,2023-01-21 05:00 AM,2023,01,21,05,17.0,16,Good,17.0,UG/M3,1 Hr,Valid
Guatemala City,PM10 - Principal,2023-01-21 06:00 AM,2023,01,21,06,19.0,18,Good,21.0,UG/M3,1 Hr,Valid
Guatemala City,PM10 - Principal,2023-01-21 07:00 AM,2023,01,21,07,21.0,19,Good,24.0,UG/M3,1 Hr,Valid
Guatemala City,PM10 - Principal,2023-01-21 08:00 AM,2023,01,21,08,24.0,22,Good,28.0,UG/M3,1 Hr,Valid
Guatemala City,PM10 - Principal,2023-01-21 09:00 AM,2023,01,21,09,26.0,24,Good,28.0,UG/M3,1 Hr,Valid
Guatemala City,PM10 - Principal,2023-01-21 10:00 AM,2023,01,21,10,30.0,28,Good,34.0,UG/M3,1 Hr,Valid
Guatemala City,PM10 - Principal,2023-01-21 11:00 AM,2023,01,21,11,28.0,26,Good,26.0,UG/M3,1 Hr,Valid
Guatemala City,PM10 - Principal,2023-01-21 12:00 PM,2023,01,21,12,24.0,22,Good,21.0,UG/M3,1 Hr,Valid
Guatemala City,PM10 - Principal,2023-01-21 01:00 PM,2023,01,21,13,23.0,21,Good,22.0,UG/M3,1 Hr,Valid
Guatemala City,PM10 - Principal,2023-01-21 02:00 PM,2023,01,21,14,22.0,20,Good,21.0,UG/M3,1 Hr,Valid
Guatemala City,PM10 - Principal,2023-01-21 03:00 PM,2023,01,21,15,22.0,20,Good,23.0,UG/M3,1 Hr,Valid
Guatemala City,PM10 - Principal,2023-01-21 04:00 PM,2023,01,21,16,40.0,37,Good,59.0,UG/M3,1 Hr,Valid
Guatemala City,PM10 - Principal,2023-01-21 05:00 PM,2023,01,21,17,55.0,51,Moderate,71.0,UG/M3,1 Hr,Valid
Guatemala City,PM10 - Principal,2023-01-21 06:00 PM,2023,01,21,18,65.0,56,Moderate,76.0,UG/M3,1 Hr,Valid
Guatemala City,PM10 - Principal,2023-01-21 07:00 PM,2023,01,21,19,72.0,59,Moderate,80.0,UG/M3,1 Hr,Valid
Guatemala City,PM10 - Principal,2023-01-21 08:00 PM,2023,01,21,20,76.0,61,Moderate,81.0,UG/M3,1 Hr,Valid
Guatemala City,PM10 - Principal,2023-01-21 09:00 PM,2023,01,21,21,81.0,64,Moderate,85.0,UG/M3,1 Hr,Valid
Guatemala City,PM10 - Principal,2023-01-21 10:00 PM,2023,01,21,22,78.0,62,Moderate,75.0,UG/M3,1 Hr,Valid
Guatemala City,PM10 - Principal,2023-01-21 11:00 PM,2023,01,21,23,85.0,66,Moderate,93.0,UG/M3,1 Hr,Valid
Guatemala City,PM10 - Principal,2023-01-22 12:00 AM,2023,01,22,00,73.0,60,Moderate,61.0,UG/M3,1 Hr,Valid
Guatemala City,PM10 - Principal,2023-01-22 01:00 AM,2023,01,22,01,58.0,52,Moderate,44.0,UG/M3,1 Hr,Valid
Guatemala City,PM10 - Principal,2023-01-22 02:00 AM,2023,01,22,02,48.0,44,Good,39.0,UG/M3,1 Hr,Valid
Guatemala City,PM10 - Principal,2023-01-22 03:00 AM,2023,01,22,03,46.0,43,Good,45.0,UG/M3,1 Hr,Valid
Guatemala City,PM10 - Principal,2023-01-22 04:00 AM,2023,01,22,04,41.0,38,Good,37.0,UG/M3,1 Hr,Valid
Guatemala City,PM10 - Principal,2023-01-22 05:00 AM,2023,01,22,05,44.0,41,Good,48.0,UG/M3,1 Hr,Valid
Guatemala City,PM10 - Principal,2023-01-22 06:00 AM,2023,01,22,06,47.0,44,Good,50.0,UG/M3,1 Hr,Valid
Guatemala City,PM10 - Principal,2023-01-22 07:00 AM,2023,01,22,07,55.0,51,Moderate,64.0,UG/M3,1 Hr,Valid
Guatemala City,PM10 - Principal,2023-01-22 08:00 AM,2023,01,22,08,53.0,49,Good,52.0,UG/M3,1 Hr,Valid
Guatemala City,PM10 - Principal,2023-01-22 09:00 AM,2023,01,22,09,59.0,53,Moderate,65.0,UG/M3,1 Hr,Valid
Guatemala City,PM10 - Principal,2023-01-22 10:00 AM,2023,01,22,10,60.0,53,Moderate,62.0,UG/M3,1 Hr,Valid
Guatemala City,PM10 - Principal,2023-01-22 11:00 AM,2023,01,22,11,46.0,43,Good,32.0,UG/M3,1 Hr,Valid
Guatemala City,PM10 - Principal,2023-01-22 12:00 PM,2023,01,22,12,35.0,32,Good,25.0,UG/M3,1 Hr,Valid
Guatemala City,PM10 - Principal,2023-01-22 01:00 PM,2023,01,22,13,28.0,26,Good,22.0,UG/M3,1 Hr,Valid
Guatemala City,PM10 - Principal,2023-01-22 02:00 PM,2023,01,22,14,27.0,25,Good,26.0,UG/M3,1 Hr,Valid
Guatemala City,PM10 - Principal,2023-01-22 03:00 PM,2023,01,22,15,30.0,28,Good,33.0,UG/M3,1 Hr,Valid
Guatemala City,PM10 - Principal,2023-01-22 04:00 PM,2023,01,22,16,33.0,31,Good,36.0,UG/M3,1 Hr,Valid
Guatemala City,PM10 - Principal,2023-01-22 05:00 PM,2023,01,22,17,41.0,38,Good,50.0,UG/M3,1 Hr,Valid
Guatemala City,PM10 - Principal,2023-01-22 06:00 PM,2023,01,22,18,49.0,45,Good,58.0,UG/M3,1 Hr,Valid
Guatemala City,PM10 - Principal,2023-01-22 07:00 PM,2023,01,22,19,58.0,52,Moderate,67.0,UG/M3,1 Hr,Valid
Guatemala City,PM10 - Principal,2023-01-22 08:00 PM,2023,01,22,20,67.0,57,Moderate,77.0,UG/M3,1 Hr,Valid
Guatemala City,PM10 - Principal,2023-01-22 09:00 PM,2023,01,22,21,68.0,57,Moderate,70.0,UG/M3,1 Hr,Valid
Guatemala City,PM10 - Principal,2023-01-22 10:00 PM,2023,01,22,22,71.0,59,Moderate,74.0,UG/M3,1 Hr,Valid
Guatemala City,PM10 - Principal,2023-01-22 11:00 PM,2023,01,22,23,69.0,58,Moderate,67.0,UG/M3,1 Hr,Valid
Guatemala City,PM10 - Principal,2023-01-23 12:00 AM,2023,01,23,00,58.0,52,Moderate,48.0,UG/M3,1 Hr,Valid
Guatemala City,PM10 - Principal,2023-01-23 01:00 AM,2023,01,23,01,53.0,49,Good,49.0,UG/M3,1 Hr,Valid
Guatemala City,PM10 - Principal,2023-01-23 02:00 AM,2023,01,23,02,36.0,33,Good,19.0,UG/M3,1 Hr,Valid
Guatemala City,PM10 - Principal,2023-01-23 03:00 AM,2023,01,23,03,28.0,26,Good,20.0,UG/M3,1 Hr,Valid
Guatemala City,PM10 - Principal,2023-01-23 04:00 AM,2023,01,23,04,25.0,23,Good,22.0,UG/M3,1 Hr,Valid
Guatemala City,PM10 - Principal,2023-01-23 05:00 AM,2023,01,23,05,21.0,19,Good,17.0,UG/M3,1 Hr,Valid
Guatemala City,PM10 - Principal,2023-01-23 06:00 AM,2023,01,23,06,22.0,20,Good,23.0,UG/M3,1 Hr,Valid
Guatemala City,PM10 - Principal,2023-01-23 07:00 AM,2023,01,23,07,33.0,31,Good,44.0,UG/M3,1 Hr,Valid
Guatemala City,PM10 - Principal,2023-01-23 08:00 AM,2023,01,23,08,44.0,41,Good,56.0,UG/M3,1 Hr,Valid
Guatemala City,PM10 - Principal,2023-01-23 09:00 AM,2023,01,23,09,41.0,38,Good,39.0,UG/M3,1 Hr,Valid
Guatemala City,PM10 - Principal,2023-01-23 10:00 AM,2023,01,23,10,37.0,34,Good,33.0,UG/M3,1 Hr,Valid
Guatemala City,PM10 - Principal,2023-01-23 11:00 AM,2023,01,23,11,34.0,31,Good,32.0,UG/M3,1 Hr,Valid
Guatemala City,PM10 - Principal,2023-01-23 12:00 PM,2023,01,23,12,31.0,29,Good,29.0,UG/M3,1 Hr,Valid
Guatemala City,PM10 - Principal,2023-01-23 01:00 PM,2023,01,23,13,30.0,28,Good,30.0,UG/M3,1 Hr,Valid
Guatemala City,PM10 - Principal,2023-01-23 02:00 PM,2023,01,23,14,27.0,25,Good,25.0,UG/M3,1 Hr,Valid
Guatemala City,PM10 - Principal,2023-01-23 03:00 PM,2023,01,23,15,32.0,30,Good,38.0,UG/M3,1 Hr,Valid
Guatemala City,PM10 - Principal,2023-01-23 04:00 PM,2023,01,23,16,32.0,30,Good,33.0,UG/M3,1 Hr,Valid
Guatemala City,PM10 - Principal,2023-01-23 05:00 PM,2023,01,23,17,31.0,29,Good,31.0,UG/M3,1 Hr,Valid
Guatemala City,PM10 - Principal,2023-01-23 06:00 PM,2023,01,23,18,30.0,28,Good,30.0,UG/M3,1 Hr,Valid
Guatemala City,PM10 - Principal,2023-01-23 07:00 PM,2023,01,23,19,36.0,33,Good,42.0,UG/M3,1 Hr,Valid
Guatemala City,PM10 - Principal,2023-01-23 08:00 PM,2023,01,23,20,33.0,31,Good,30.0,UG/M3,1 Hr,Valid
Guatemala City,PM10 - Principal,2023-01-23 09:00 PM,2023,01,23,21,30.0,28,Good,27.0,UG/M3,1 Hr,Valid
Guatemala City,PM10 - Principal,2023-01-23 10:00 PM,2023,01,23,22,25.0,23,Good,21.0,UG/M3,1 Hr,Valid
Guatemala City,PM10 - Principal,2023-01-23 11:00 PM,2023,01,23,23,22.0,20,Good,19.0,UG/M3,1 Hr,Valid
Guatemala City,PM10 - Principal,2023-01-24 12:00 AM,2023,01,24,00,20.0,19,Good,19.0,UG/M3,1 Hr,Valid
Guatemala City,PM10 - Principal,2023-01-24 01:00 AM,2023,01,24,01,20.0,19,Good,21.0,UG/M3,1 Hr,Valid
Guatemala City,PM10 - Principal,2023-01-24 02:00 AM,2023,01,24,02,17.0,16,Good,15.0,UG/M3,1 Hr,Valid
Guatemala City,PM10 - Principal,2023-01-24 03:00 AM,2023,01,24,03,18.0,17,Good,19.0,UG/M3,1 Hr,Valid
Guatemala City,PM10 - Principal,2023-01-24 04:00 AM,2023,01,24,04,15.0,14,Good,12.0,UG/M3,1 Hr,Valid
Guatemala City,PM10 - Principal,2023-01-24 05:00 AM,2023,01,24,05,18.0,17,Good,22.0,UG/M3,1 Hr,Valid
Guatemala City,PM10 - Principal,2023-01-24 06:00 AM,2023,01,24,06,25.0,23,Good,32.0,UG/M3,1 Hr,Valid
Guatemala City,PM10 - Principal,2023-01-24 07:00 AM,2023,01,24,07,25.0,23,Good,26.0,UG/M3,1 Hr,Valid
Guatemala City,PM10 - Principal,2023-01-24 08:00 AM,2023,01,24,08,28.0,26,Good,31.0,UG/M3,1 Hr,Valid
Guatemala City,PM10 - Principal,2023-01-24 09:00 AM,2023,01,24,09,28.0,26,Good,28.0,UG/M3,1 Hr,Valid
Guatemala City,PM10 - Principal,2023-01-24 10:00 AM,2023,01,24,10,26.0,24,Good,24.0,UG/M3,1 Hr,Valid
Guatemala City,PM10 - Principal,2023-01-24 11:00 AM,2023,01,24,11,23.0,21,Good,21.0,UG/M3,1 Hr,Valid
Guatemala City,PM10 - Principal,2023-01-24 12:00 PM,2023,01,24,12,22.0,20,Good,21.0,UG/M3,1 Hr,Valid
Guatemala City,PM10 - Principal,2023-01-24 01:00 PM,2023,01,24,13,24.0,22,Good,27.0,UG/M3,1 Hr,Valid
Guatemala City,PM10 - Principal,2023-01-24 02:00 PM,2023,01,24,14,24.0,22,Good,25.0,UG/M3,1 Hr,Valid
Guatemala City,PM10 - Principal,2023-01-24 03:00 PM,2023,01,24,15,26.0,24,Good,29.0,UG/M3,1 Hr,Valid
Guatemala City,PM10 - Principal,2023-01-24 04:00 PM,2023,01,24,16,60.0,53,Moderate,94.0,UG/M3,1 Hr,Valid
Guatemala City,PM10 - Principal,2023-01-24 05:00 PM,2023,01,24,17,80.0,63,Moderate,100.0,UG/M3,1 Hr,Valid
Guatemala City,PM10 - Principal,2023-01-24 06:00 PM,2023,01,24,18,86.0,66,Moderate,93.0,UG/M3,1 Hr,Valid
Guatemala City,PM10 - Principal,2023-01-24 07:00 PM,2023,01,24,19,91.0,69,Moderate,97.0,UG/M3,1 Hr,Valid
Guatemala City,PM10 - Principal,2023-01-24 08:00 PM,2023,01,24,20,84.0,65,Moderate,78.0,UG/M3,1 Hr,Valid
Guatemala City,PM10 - Principal,2023-01-24 09:00 PM,2023,01,24,21,76.0,61,Moderate,69.0,UG/M3,1 Hr,Valid
Guatemala City,PM10 - Principal,2023-01-24 10:00 PM,2023,01,24,22,86.0,66,Moderate,96.0,UG/M3,1 Hr,Valid
Guatemala City,PM10 - Principal,2023-01-24 11:00 PM,2023,01,24,23,95.0,71,Moderate,104.0,UG/M3,1 Hr,Valid
Guatemala City,PM10 - Principal,2023-01-25 12:00 AM,2023,01,25,00,89.0,68,Moderate,83.0,UG/M3,1 Hr,Valid
Guatemala City,PM10 - Principal,2023-01-25 01:00 AM,2023,01,25,01,81.0,64,Moderate,73.0,UG/M3,1 Hr,Valid
Guatemala City,PM10 - Principal,2023-01-25 02:00 AM,2023,01,25,02,74.0,60,Moderate,68.0,UG/M3,1 Hr,Valid
Guatemala City,PM10 - Principal,2023-01-25 03:00 AM,2023,01,25,03,74.0,60,Moderate,69.0,UG/M3,1 Hr,Valid
Guatemala City,PM10 - Principal,2023-01-25 04:00 AM,2023,01,25,04,61.0,54,Moderate,52.0,UG/M3,1 Hr,Valid
Guatemala City,PM10 - Principal,2023-01-25 05:00 AM,2023,01,25,05,55.0,51,Moderate,49.0,UG/M3,1 Hr,Valid
Guatemala City,PM10 - Principal,2023-01-25 06:00 AM,2023,01,25,06,54.0,50,Good,54.0,UG/M3,1 Hr,Valid
Guatemala City,PM10 - Principal,2023-01-25 07:00 AM,2023,01,25,07,55.0,51,Moderate,56.0,UG/M3,1 Hr,Valid
Guatemala City,PM10 - Principal,2023-01-25 08:00 AM,2023,01,25,08,63.0,55,Moderate,72.0,UG/M3,1 Hr,Valid
Guatemala City,PM10 - Principal,2023-01-25 09:00 AM,2023,01,25,09,73.0,60,Moderate,83.0,UG/M3,1 Hr,Valid
Guatemala City,PM10 - Principal,2023-01-25 10:00 AM,2023,01,25,10,62.0,54,Moderate,52.0,UG/M3,1 Hr,Valid
Guatemala City,PM10 - Principal,2023-01-25 11:00 AM,2023,01,25,11,42.0,39,Good,23.0,UG/M3,1 Hr,Valid
Guatemala City,PM10 - Principal,2023-01-25 12:00 PM,2023,01,25,12,34.0,31,Good,27.0,UG/M3,1 Hr,Valid
Guatemala City,PM10 - Principal,2023-01-25 01:00 PM,2023,01,25,13,34.0,31,Good,34.0,UG/M3,1 Hr,Valid
Guatemala City,PM10 - Principal,2023-01-25 02:00 PM,2023,01,25,14,38.0,35,Good,42.0,UG/M3,1 Hr,Valid
Guatemala City,PM10 - Principal,2023-01-25 03:00 PM,2023,01,25,15,49.0,45,Good,60.0,UG/M3,1 Hr,Valid
Guatemala City,PM10 - Principal,2023-01-25 04:00 PM,2023,01,25,16,60.0,53,Moderate,72.0,UG/M3,1 Hr,Valid
Guatemala City,PM10 - Principal,2023-01-25 05:00 PM,2023,01,25,17,70.0,58,Moderate,81.0,UG/M3,1 Hr,Valid
Guatemala City,PM10 - Principal,2023-01-25 06:00 PM,2023,01,25,18,81.0,64,Moderate,93.0,UG/M3,1 Hr,Valid
Guatemala City,PM10 - Principal,2023-01-25 07:00 PM,2023,01,25,19,77.0,62,Moderate,73.0,UG/M3,1 Hr,Valid
Guatemala City,PM10 - Principal,2023-01-25 08:00 PM,2023,01,25,20,57.0,52,Moderate,37.0,UG/M3,1 Hr,Valid
Guatemala City,PM10 - Principal,2023-01-25 09:00 PM,2023,01,25,21,46.0,43,Good,36.0,UG/M3,1 Hr,Valid
Guatemala City,PM10 - Principal,2023-01-25 10:00 PM,2023,01,25,22,36.0,33,Good,27.0,UG/M3,1 Hr,Valid
Guatemala City,PM10 - Principal,2023-01-25 11:00 PM,2023,01,25,23,31.0,29,Good,27.0,UG/M3,1 Hr,Valid
Guatemala City,PM10 - Principal,2023-01-26 12:00 AM,2023,01,26,00,25.0,23,Good,19.0,UG/M3,1 Hr,Valid
Guatemala City,PM10 - Principal,2023-01-26 01:00 AM,2023,01,26,01,26.0,24,Good,28.0,UG/M3,1 Hr,Valid
Guatemala City,PM10 - Principal,2023-01-26 02:00 AM,2023,01,26,02,24.0,22,Good,22.0,UG/M3,1 Hr,Valid
Guatemala City,PM10 - Principal,2023-01-26 03:00 AM,2023,01,26,03,23.0,21,Good,23.0,UG/M3,1 Hr,Valid
Guatemala City,PM10 - Principal,2023-01-26 04:00 AM,2023,01,26,04,23.0,21,Good,24.0,UG/M3,1 Hr,Valid
Guatemala City,PM10 - Principal,2023-01-26 05:00 AM,2023,01,26,05,22.0,20,Good,21.0,UG/M3,1 Hr,Valid
Guatemala City,PM10 - Principal,2023-01-26 06:00 AM,2023,01,26,06,26.0,24,Good,30.0,UG/M3,1 Hr,Valid
Guatemala City,PM10 - Principal,2023-01-26 07:00 AM,2023,01,26,07,30.0,28,Good,35.0,UG/M3,1 Hr,Valid
Guatemala City,PM10 - Principal,2023-01-26 08:00 AM,2023,01,26,08,39.0,36,Good,48.0,UG/M3,1 Hr,Valid
Guatemala City,PM10 - Principal,2023-01-26 09:00 AM,2023,01,26,09,44.0,41,Good,50.0,UG/M3,1 Hr,Valid
Guatemala City,PM10 - Principal,2023-01-26 10:00 AM,2023,01,26,10,50.0,46,Good,57.0,UG/M3,1 Hr,Valid
Guatemala City,PM10 - Principal,2023-01-26 11:00 AM,2023,01,26,11,46.0,43,Good,43.0,UG/M3,1 Hr,Valid
Guatemala City,PM10 - Principal,2023-01-26 12:00 PM,2023,01,26,12,44.0,41,Good,43.0,UG/M3,1 Hr,Valid
Guatemala City,PM10 - Principal,2023-01-26 01:00 PM,2023,01,26,13,41.0,38,Good,38.0,UG/M3,1 Hr,Valid
Guatemala City,PM10 - Principal,2023-01-26 02:00 PM,2023,01,26,14,42.0,39,Good,43.0,UG/M3,1 Hr,Valid
Guatemala City,PM10 - Principal,2023-01-26 03:00 PM,2023,01,26,15,39.0,36,Good,37.0,UG/M3,1 Hr,Valid
Guatemala City,PM10 - Principal,2023-01-26 04:00 PM,2023,01,26,16,42.0,39,Good,45.0,UG/M3,1 Hr,Valid
Guatemala City,PM10 - Principal,2023-01-26 05:00 PM,2023,01,26,17,44.0,41,Good,46.0,UG/M3,1 Hr,Valid
Guatemala City,PM10 - Principal,2023-01-26 06:00 PM,2023,01,26,18,41.0,38,Good,39.0,UG/M3,1 Hr,Valid
Guatemala City,PM10 - Principal,2023-01-26 07:00 PM,2023,01,26,19,42.0,39,Good,43.0,UG/M3,1 Hr,Valid
Guatemala City,PM10 - Principal,2023-01-26 08:00 PM,2023,01,26,20,44.0,41,Good,48.0,UG/M3,1 Hr,Valid
Guatemala City,PM10 - Principal,2023-01-26 09:00 PM,2023,01,26,21,40.0,37,Good,35.0,UG/M3,1 Hr,Valid
Guatemala City,PM10 - Principal,2023-01-26 10:00 PM,2023,01,26,22,40.0,37,Good,37.0,UG/M3,1 Hr,Valid
Guatemala City,PM10 - Principal,2023-01-26 11:00 PM,2023,01,26,23,32.0,30,Good,25.0,UG/M3,1 Hr,Valid
Guatemala City,PM10 - Principal,2023-01-27 12:00 AM,2023,01,27,00,26.0,24,Good,21.0,UG/M3,1 Hr,Valid
Guatemala City,PM10 - Principal,2023-01-27 01:00 AM,2023,01,27,01,26.0,24,Good,27.0,UG/M3,1 Hr,Valid
Guatemala City,PM10 - Principal,2023-01-27 02:00 AM,2023,01,27,02,20.0,19,Good,14.0,UG/M3,1 Hr,Valid
Guatemala City,PM10 - Principal,2023-01-27 03:00 AM,2023,01,27,03,16.0,15,Good,13.0,UG/M3,1 Hr,Valid
Guatemala City,PM10 - Principal,2023-01-27 04:00 AM,2023,01,27,04,13.0,12,Good,10.0,UG/M3,1 Hr,Valid
Guatemala City,PM10 - Principal,2023-01-27 05:00 AM,2023,01,27,05,16.0,15,Good,19.0,UG/M3,1 Hr,Valid
Guatemala City,PM10 - Principal,2023-01-27 06:00 AM,2023,01,27,06,17.0,16,Good,19.0,UG/M3,1 Hr,Valid
Guatemala City,PM10 - Principal,2023-01-27 07:00 AM,2023,01,27,07,17.0,16,Good,18.0,UG/M3,1 Hr,Valid
Guatemala City,PM10 - Principal,2023-01-27 08:00 AM,2023,01,27,08,16.0,15,Good,15.0,UG/M3,1 Hr,Valid
Guatemala City,PM10 - Principal,2023-01-27 09:00 AM,2023,01,27,09,23.0,21,Good,31.0,UG/M3,1 Hr,Valid
Guatemala City,PM10 - Principal,2023-01-27 10:00 AM,2023,01,27,10,25.0,23,Good,27.0,UG/M3,1 Hr,Valid
Guatemala City,PM10 - Principal,2023-01-27 11:00 AM,2023,01,27,11,27.0,25,Good,29.0,UG/M3,1 Hr,Valid
Guatemala City,PM10 - Principal,2023-01-27 12:00 PM,2023,01,27,12,23.0,21,Good,20.0,UG/M3,1 Hr,Valid
Guatemala City,PM10 - Principal,2023-01-27 01:00 PM,2023,01,27,13,19.0,18,Good,15.0,UG/M3,1 Hr,Valid
Guatemala City,PM10 - Principal,2023-01-27 02:00 PM,2023,01,27,14,17.0,16,Good,16.0,UG/M3,1 Hr,Valid
Guatemala City,PM10 - Principal,2023-01-27 03:00 PM,2023,01,27,15,20.0,19,Good,24.0,UG/M3,1 Hr,Valid
Guatemala City,PM10 - Principal,2023-01-27 04:00 PM,2023,01,27,16,20.0,19,Good,20.0,UG/M3,1 Hr,Valid
Guatemala City,PM10 - Principal,2023-01-27 05:00 PM,2023,01,27,17,19.0,18,Good,18.0,UG/M3,1 Hr,Valid
Guatemala City,PM10 - Principal,2023-01-27 06:00 PM,2023,01,27,18,17.0,16,Good,15.0,UG/M3,1 Hr,Valid
Guatemala City,PM10 - Principal,2023-01-27 07:00 PM,2023,01,27,19,17.0,16,Good,17.0,UG/M3,1 Hr,Valid
Guatemala City,PM10 - Principal,2023-01-27 08:00 PM,2023,01,27,20,17.0,16,Good,17.0,UG/M3,1 Hr,Valid
Guatemala City,PM10 - Principal,2023-01-27 09:00 PM,2023,01,27,21,16.0,15,Good,15.0,UG/M3,1 Hr,Valid
Guatemala City,PM10 - Principal,2023-01-27 10:00 PM,2023,01,27,22,15.0,14,Good,15.0,UG/M3,1 Hr,Valid
Guatemala City,PM10 - Principal,2023-01-27 11:00 PM,2023,01,27,23,15.0,14,Good,16.0,UG/M3,1 Hr,Valid
Guatemala City,PM10 - Principal,2023-01-28 12:00 AM,2023,01,28,00,11.0,10,Good,8.0,UG/M3,1 Hr,Valid
Guatemala City,PM10 - Principal,2023-01-28 01:00 AM,2023,01,28,01,17.0,16,Good,23.0,UG/M3,1 Hr,Valid
Guatemala City,PM10 - Principal,2023-01-28 02:00 AM,2023,01,28,02,11.0,10,Good,6.0,UG/M3,1 Hr,Valid
Guatemala City,PM10 - Principal,2023-01-28 03:00 AM,2023,01,28,03,11.0,10,Good,11.0,UG/M3,1 Hr,Valid
Guatemala City,PM10 - Principal,2023-01-28 04:00 AM,2023,01,28,04,11.0,10,Good,11.0,UG/M3,1 Hr,Valid
Guatemala City,PM10 - Principal,2023-01-28 05:00 AM,2023,01,28,05,13.0,12,Good,16.0,UG/M3,1 Hr,Valid
Guatemala City,PM10 - Principal,2023-01-28 06:00 AM,2023,01,28,06,13.0,12,Good,13.0,UG/M3,1 Hr,Valid
Guatemala City,PM10 - Principal,2023-01-28 07:00 AM,2023,01,28,07,15.0,14,Good,17.0,UG/M3,1 Hr,Valid
Guatemala City,PM10 - Principal,2023-01-28 08:00 AM,2023,01,28,08,18.0,17,Good,22.0,UG/M3,1 Hr,Valid
Guatemala City,PM10 - Principal,2023-01-28 09:00 AM,2023,01,28,09,17.0,16,Good,17.0,UG/M3,1 Hr,Valid
Guatemala City,PM10 - Principal,2023-01-28 10:00 AM,2023,01,28,10,18.0,17,Good,20.0,UG/M3,1 Hr,Valid
Guatemala City,PM10 - Principal,2023-01-28 11:00 AM,2023,01,28,11,19.0,18,Good,21.0,UG/M3,1 Hr,Valid
Guatemala City,PM10 - Principal,2023-01-28 12:00 PM,2023,01,28,12,20.0,19,Good,21.0,UG/M3,1 Hr,Valid
Guatemala City,PM10 - Principal,2023-01-28 01:00 PM,2023,01,28,13,18.0,17,Good,17.0,UG/M3,1 Hr,Valid
Guatemala City,PM10 - Principal,2023-01-28 02:00 PM,2023,01,28,14,21.0,19,Good,25.0,UG/M3,1 Hr,Valid
Guatemala City,PM10 - Principal,2023-01-28 03:00 PM,2023,01,28,15,19.0,18,Good,18.0,UG/M3,1 Hr,Valid
Guatemala City,PM10 - Principal,2023-01-28 04:00 PM,2023,01,28,16,21.0,19,Good,24.0,UG/M3,1 Hr,Valid
Guatemala City,PM10 - Principal,2023-01-28 05:00 PM,2023,01,28,17,20.0,19,Good,19.0,UG/M3,1 Hr,Valid
Guatemala City,PM10 - Principal,2023-01-28 06:00 PM,2023,01,28,18,22.0,20,Good,26.0,UG/M3,1 Hr,Valid
Guatemala City,PM10 - Principal,2023-01-28 07:00 PM,2023,01,28,19,24.0,22,Good,27.0,UG/M3,1 Hr,Valid
Guatemala City,PM10 - Principal,2023-01-28 08:00 PM,2023,01,28,20,24.0,22,Good,24.0,UG/M3,1 Hr,Valid
Guatemala City,PM10 - Principal,2023-01-28 09:00 PM,2023,01,28,21,23.0,21,Good,23.0,UG/M3,1 Hr,Valid
Guatemala City,PM10 - Principal,2023-01-28 10:00 PM,2023,01,28,22,23.0,21,Good,24.0,UG/M3,1 Hr,Valid
Guatemala City,PM10 - Principal,2023-01-28 11:00 PM,2023,01,28,23,22.0,20,Good,19.0,UG/M3,1 Hr,Valid
Guatemala City,PM10 - Principal,2023-01-29 12:00 AM,2023,01,29,00,21.0,19,Good,21.0,UG/M3,1 Hr,Valid
Guatemala City,PM10 - Principal,2023-01-29 01:00 AM,2023,01,29,01,23.0,21,Good,26.0,UG/M3,1 Hr,Valid
Guatemala City,PM10 - Principal,2023-01-29 02:00 AM,2023,01,29,02,21.0,19,Good,18.0,UG/M3,1 Hr,Valid
Guatemala City,PM10 - Principal,2023-01-29 03:00 AM,2023,01,29,03,19.0,18,Good,16.0,UG/M3,1 Hr,Valid
Guatemala City,PM10 - Principal,2023-01-29 04:00 AM,2023,01,29,04,18.0,17,Good,17.0,UG/M3,1 Hr,Valid
Guatemala City,PM10 - Principal,2023-01-29 05:00 AM,2023,01,29,05,18.0,17,Good,18.0,UG/M3,1 Hr,Valid
Guatemala City,PM10 - Principal,2023-01-29 06:00 AM,2023,01,29,06,18.0,17,Good,18.0,UG/M3,1 Hr,Valid
Guatemala City,PM10 - Principal,2023-01-29 07:00 AM,2023,01,29,07,19.0,18,Good,23.0,UG/M3,1 Hr,Valid
Guatemala City,PM10 - Principal,2023-01-29 08:00 AM,2023,01,29,08,23.0,21,Good,28.0,UG/M3,1 Hr,Valid
Guatemala City,PM10 - Principal,2023-01-29 09:00 AM,2023,01,29,09,22.0,20,Good,21.0,UG/M3,1 Hr,Valid
Guatemala City,PM10 - Principal,2023-01-29 10:00 AM,2023,01,29,10,16.0,15,Good,11.0,UG/M3,1 Hr,Valid
Guatemala City,PM10 - Principal,2023-01-29 11:00 AM,2023,01,29,11,13.0,12,Good,11.0,UG/M3,1 Hr,Valid
Guatemala City,PM10 - Principal,2023-01-29 12:00 PM,2023,01,29,12,16.0,15,Good,19.0,UG/M3,1 Hr,Valid
Guatemala City,PM10 - Principal,2023-01-29 01:00 PM,2023,01,29,13,15.0,14,Good,15.0,UG/M3,1 Hr,Valid
Guatemala City,PM10 - Principal,2023-01-29 02:00 PM,2023,01,29,14,12.0,11,Good,10.0,UG/M3,1 Hr,Valid
Guatemala City,PM10 - Principal,2023-01-29 03:00 PM,2023,01,29,15,12.0,11,Good,13.0,UG/M3,1 Hr,Valid
Guatemala City,PM10 - Principal,2023-01-29 04:00 PM,2023,01,29,16,12.0,11,Good,12.0,UG/M3,1 Hr,Valid
Guatemala City,PM10 - Principal,2023-01-29 05:00 PM,2023,01,29,17,14.0,13,Good,17.0,UG/M3,1 Hr,Valid
Guatemala City,PM10 - Principal,2023-01-29 06:00 PM,2023,01,29,18,16.0,15,Good,19.0,UG/M3,1 Hr,Valid
Guatemala City,PM10 - Principal,2023-01-29 07:00 PM,2023,01,29,19,20.0,19,Good,25.0,UG/M3,1 Hr,Valid
Guatemala City,PM10 - Principal,2023-01-29 08:00 PM,2023,01,29,20,19.0,18,Good,18.0,UG/M3,1 Hr,Valid
Guatemala City,PM10 - Principal,2023-01-29 09:00 PM,2023,01,29,21,21.0,19,Good,23.0,UG/M3,1 Hr,Valid
Guatemala City,PM10 - Principal,2023-01-29 10:00 PM,2023,01,29,22,18.0,17,Good,16.0,UG/M3,1 Hr,Valid
Guatemala City,PM10 - Principal,2023-01-29 11:00 PM,2023,01,29,23,15.0,14,Good,12.0,UG/M3,1 Hr,Valid
Guatemala City,PM10 - Principal,2023-01-30 12:00 AM,2023,01,30,00,17.0,16,Good,19.0,UG/M3,1 Hr,Valid
Guatemala City,PM10 - Principal,2023-01-30 01:00 AM,2023,01,30,01,18.0,17,Good,19.0,UG/M3,1 Hr,Valid
Guatemala City,PM10 - Principal,2023-01-30 02:00 AM,2023,01,30,02,16.0,15,Good,15.0,UG/M3,1 Hr,Valid
Guatemala City,PM10 - Principal,2023-01-30 03:00 AM,2023,01,30,03,10.0,9,Good,4.0,UG/M3,1 Hr,Valid
Guatemala City,PM10 - Principal,2023-01-30 04:00 AM,2023,01,30,04,10.0,9,Good,10.0,UG/M3,1 Hr,Valid
Guatemala City,PM10 - Principal,2023-01-30 05:00 AM,2023,01,30,05,12.0,11,Good,15.0,UG/M3,1 Hr,Valid
Guatemala City,PM10 - Principal,2023-01-30 06:00 AM,2023,01,30,06,15.0,14,Good,18.0,UG/M3,1 Hr,Valid
Guatemala City,PM10 - Principal,2023-01-30 07:00 AM,2023,01,30,07,19.0,18,Good,23.0,UG/M3,1 Hr,Valid
Guatemala City,PM10 - Principal,2023-01-30 08:00 AM,2023,01,30,08,24.0,22,Good,30.0,UG/M3,1 Hr,Valid
Guatemala City,PM10 - Principal,2023-01-30 09:00 AM,2023,01,30,09,26.0,24,Good,29.0,UG/M3,1 Hr,Valid
Guatemala City,PM10 - Principal,2023-01-30 10:00 AM,2023,01,30,10,25.0,23,Good,24.0,UG/M3,1 Hr,Valid
Guatemala City,PM10 - Principal,2023-01-30 11:00 AM,2023,01,30,11,24.0,22,Good,24.0,UG/M3,1 Hr,Valid
Guatemala City,PM10 - Principal,2023-01-30 12:00 PM,2023,01,30,12,23.0,21,Good,23.0,UG/M3,1 Hr,Valid
Guatemala City,PM10 - Principal,2023-01-30 01:00 PM,2023,01,30,13,22.0,20,Good,22.0,UG/M3,1 Hr,Valid
Guatemala City,PM10 - Principal,2023-01-30 02:00 PM,2023,01,30,14,22.0,20,Good,22.0,UG/M3,1 Hr,Valid
Guatemala City,PM10 - Principal,2023-01-30 03:00 PM,2023,01,30,15,22.0,20,Good,23.0,UG/M3,1 Hr,Valid
Guatemala City,PM10 - Principal,2023-01-30 04:00 PM,2023,01,30,16,20.0,19,Good,19.0,UG/M3,1 Hr,Valid
Guatemala City,PM10 - Principal,2023-01-30 05:00 PM,2023,01,30,17,21.0,19,Good,21.0,UG/M3,1 Hr,Valid
Guatemala City,PM10 - Principal,2023-01-30 06:00 PM,2023,01,30,18,23.0,21,Good,27.0,UG/M3,1 Hr,Valid
Guatemala City,PM10 - Principal,2023-01-30 07:00 PM,2023,01,30,19,28.0,26,Good,34.0,UG/M3,1 Hr,Valid
Guatemala City,PM10 - Principal,2023-01-30 08:00 PM,2023,01,30,20,31.0,29,Good,35.0,UG/M3,1 Hr,Valid
Guatemala City,PM10 - Principal,2023-01-30 09:00 PM,2023,01,30,21,27.0,25,Good,23.0,UG/M3,1 Hr,Valid
Guatemala City,PM10 - Principal,2023-01-30 10:00 PM,2023,01,30,22,25.0,23,Good,24.0,UG/M3,1 Hr,Valid
Guatemala City,PM10 - Principal,2023-01-30 11:00 PM,2023,01,30,23,20.0,19,Good,16.0,UG/M3,1 Hr,Valid
Guatemala City,PM10 - Principal,2023-01-31 12:00 AM,2023,01,31,00,18.0,17,Good,16.0,UG/M3,1 Hr,Valid
Guatemala City,PM10 - Principal,2023-01-31 01:00 AM,2023,01,31,01,22.0,20,Good,26.0,UG/M3,1 Hr,Valid
Guatemala City,PM10 - Principal,2023-01-31 02:00 AM,2023,01,31,02,19.0,18,Good,17.0,UG/M3,1 Hr,Valid
Guatemala City,PM10 - Principal,2023-01-31 03:00 AM,2023,01,31,03,15.0,14,Good,12.0,UG/M3,1 Hr,Valid
Guatemala City,PM10 - Principal,2023-01-31 04:00 AM,2023,01,31,04,15.0,14,Good,15.0,UG/M3,1 Hr,Valid
Guatemala City,PM10 - Principal,2023-01-31 05:00 AM,2023,01,31,05,15.0,14,Good,15.0,UG/M3,1 Hr,Valid
Guatemala City,PM10 - Principal,2023-01-31 06:00 AM,2023,01,31,06,17.0,16,Good,20.0,UG/M3,1 Hr,Valid
Guatemala City,PM10 - Principal,2023-01-31 07:00 AM,2023,01,31,07,23.0,21,Good,30.0,UG/M3,1 Hr,Valid
Guatemala City,PM10 - Principal,2023-01-31 08:00 AM,2023,01,31,08,25.0,23,Good,28.0,UG/M3,1 Hr,Valid
Guatemala City,PM10 - Principal,2023-01-31 09:00 AM,2023,01,31,09,29.0,27,Good,34.0,UG/M3,1 Hr,Valid
Guatemala City,PM10 - Principal,2023-01-31 10:00 AM,2023,01,31,10,28.0,26,Good,27.0,UG/M3,1 Hr,Valid
Guatemala City,PM10 - Principal,2023-01-31 11:00 AM,2023,01,31,11,30.0,28,Good,32.0,UG/M3,1 Hr,Valid
Guatemala City,PM10 - Principal,2023-01-31 12:00 PM,2023,01,31,12,25.0,23,Good,20.0,UG/M3,1 Hr,Valid
Guatemala City,PM10 - Principal,2023-01-31 01:00 PM,2023,01,31,13,22.0,20,Good,19.0,UG/M3,1 Hr,Valid
Guatemala City,PM10 - Principal,2023-01-31 02:00 PM,2023,01,31,14,24.0,22,Good,26.0,UG/M3,1 Hr,Valid
Guatemala City,PM10 - Principal,2023-01-31 03:00 PM,2023,01,31,15,25.0,23,Good,27.0,UG/M3,1 Hr,Valid
Guatemala City,PM10 - Principal,2023-01-31 04:00 PM,2023,01,31,16,32.0,30,Good,39.0,UG/M3,1 Hr,Valid
Guatemala City,PM10 - Principal,2023-01-31 05:00 PM,2023,01,31,17,36.0,33,Good,40.0,UG/M3,1 Hr,Valid
Guatemala City,PM10 - Principal,2023-01-31 06:00 PM,2023,01,31,18,36.0,33,Good,36.0,UG/M3,1 Hr,Valid
Guatemala City,PM10 - Principal,2023-01-31 07:00 PM,2023,01,31,19,35.0,32,Good,35.0,UG/M3,1 Hr,Valid
Guatemala City,PM10 - Principal,2023-01-31 08:00 PM,2023,01,31,20,34.0,31,Good,33.0,UG/M3,1 Hr,Valid
Guatemala City,PM10 - Principal,2023-01-31 09:00 PM,2023,01,31,21,29.0,27,Good,25.0,UG/M3,1 Hr,Valid
Guatemala City,PM10 - Principal,2023-01-31 10:00 PM,2023,01,31,22,24.0,22,Good,20.0,UG/M3,1 Hr,Valid
Guatemala City,PM10 - Principal,2023-01-31 11:00 PM,2023,01,31,23,19.0,18,Good,15.0,UG/M3,1 Hr,Valid
Guatemala City,PM10 - Principal,2023-02-01 12:00 AM,2023,02,01,00,19.0,18,Good,19.0,UG/M3,1 Hr,Valid
Guatemala City,PM10 - Principal,2023-02-01 01:00 AM,2023,02,01,01,21.0,19,Good,23.0,UG/M3,1 Hr,Valid
Guatemala City,PM10 - Principal,2023-02-01 02:00 AM,2023,02,01,02,19.0,18,Good,18.0,UG/M3,1 Hr,Valid
Guatemala City,PM10 - Principal,2023-02-01 03:00 AM,2023,02,01,03,16.0,15,Good,13.0,UG/M3,1 Hr,Valid
Guatemala City,PM10 - Principal,2023-02-01 04:00 AM,2023,02,01,04,15.0,14,Good,14.0,UG/M3,1 Hr,Valid
Guatemala City,PM10 - Principal,2023-02-01 05:00 AM,2023,02,01,05,13.0,12,Good,11.0,UG/M3,1 Hr,Valid
Guatemala City,PM10 - Principal,2023-02-01 06:00 AM,2023,02,01,06,15.0,14,Good,17.0,UG/M3,1 Hr,Valid
Guatemala City,PM10 - Principal,2023-02-01 07:00 AM,2023,02,01,07,20.0,19,Good,25.0,UG/M3,1 Hr,Valid
Guatemala City,PM10 - Principal,2023-02-01 08:00 AM,2023,02,01,08,23.0,21,Good,26.0,UG/M3,1 Hr,Valid
Guatemala City,PM10 - Principal,2023-02-01 09:00 AM,2023,02,01,09,25.0,23,Good,27.0,UG/M3,1 Hr,Valid
Guatemala City,PM10 - Principal,2023-02-01 10:00 AM,2023,02,01,10,24.0,22,Good,23.0,UG/M3,1 Hr,Valid
Guatemala City,PM10 - Principal,2023-02-01 11:00 AM,2023,02,01,11,23.0,21,Good,23.0,UG/M3,1 Hr,Valid
Guatemala City,PM10 - Principal,2023-02-01 12:00 PM,2023,02,01,12,26.0,24,Good,29.0,UG/M3,1 Hr,Valid
Guatemala City,PM10 - Principal,2023-02-01 01:00 PM,2023,02,01,13,22.0,20,Good,19.0,UG/M3,1 Hr,Valid
Guatemala City,PM10 - Principal,2023-02-01 02:00 PM,2023,02,01,14,18.0,17,Good,14.0,UG/M3,1 Hr,Valid
Guatemala City,PM10 - Principal,2023-02-01 03:00 PM,2023,02,01,15,25.0,23,Good,32.0,UG/M3,1 Hr,Valid
Guatemala City,PM10 - Principal,2023-02-01 04:00 PM,2023,02,01,16,27.0,25,Good,29.0,UG/M3,1 Hr,Valid
Guatemala City,PM10 - Principal,2023-02-01 05:00 PM,2023,02,01,17,25.0,23,Good,24.0,UG/M3,1 Hr,Valid
Guatemala City,PM10 - Principal,2023-02-01 06:00 PM,2023,02,01,18,33.0,31,Good,42.0,UG/M3,1 Hr,Valid
Guatemala City,PM10 - Principal,2023-02-01 07:00 PM,2023,02,01,19,36.0,33,Good,39.0,UG/M3,1 Hr,Valid
Guatemala City,PM10 - Principal,2023-02-01 08:00 PM,2023,02,01,20,34.0,31,Good,32.0,UG/M3,1 Hr,Valid
Guatemala City,PM10 - Principal,2023-02-01 09:00 PM,2023,02,01,21,29.0,27,Good,25.0,UG/M3,1 Hr,Valid
Guatemala City,PM10 - Principal,2023-02-01 10:00 PM,2023,02,01,22,27.0,25,Good,26.0,UG/M3,1 Hr,Valid
Guatemala City,PM10 - Principal,2023-02-01 11:00 PM,2023,02,01,23,20.0,19,Good,14.0,UG/M3,1 Hr,Valid
Guatemala City,PM10 - Principal,2023-02-02 12:00 AM,2023,02,02,00,18.0,17,Good,17.0,UG/M3,1 Hr,Valid
Guatemala City,PM10 - Principal,2023-02-02 01:00 AM,2023,02,02,01,22.0,20,Good,26.0,UG/M3,1 Hr,Valid
Guatemala City,PM10 - Principal,2023-02-02 02:00 AM,2023,02,02,02,17.0,16,Good,12.0,UG/M3,1 Hr,Valid
Guatemala City,PM10 - Principal,2023-02-02 03:00 AM,2023,02,02,03,12.0,11,Good,8.0,UG/M3,1 Hr,Valid
Guatemala City,PM10 - Principal,2023-02-02 04:00 AM,2023,02,02,04,10.0,9,Good,9.0,UG/M3,1 Hr,Valid
Guatemala City,PM10 - Principal,2023-02-02 05:00 AM,2023,02,02,05,13.0,12,Good,17.0,UG/M3,1 Hr,Valid
Guatemala City,PM10 - Principal,2023-02-02 06:00 AM,2023,02,02,06,16.0,15,Good,19.0,UG/M3,1 Hr,Valid
Guatemala City,PM10 - Principal,2023-02-02 07:00 AM,2023,02,02,07,21.0,19,Good,26.0,UG/M3,1 Hr,Valid
Guatemala City,PM10 - Principal,2023-02-02 08:00 AM,2023,02,02,08,33.0,31,Good,46.0,UG/M3,1 Hr,Valid
Guatemala City,PM10 - Principal,2023-02-02 09:00 AM,2023,02,02,09,29.0,27,Good,26.0,UG/M3,1 Hr,Valid
Guatemala City,PM10 - Principal,2023-02-02 10:00 AM,2023,02,02,10,26.0,24,Good,24.0,UG/M3,1 Hr,Valid
Guatemala City,PM10 - Principal,2023-02-02 11:00 AM,2023,02,02,11,26.0,24,Good,27.0,UG/M3,1 Hr,Valid
Guatemala City,PM10 - Principal,2023-02-02 12:00 PM,2023,02,02,12,26.0,24,Good,26.0,UG/M3,1 Hr,Valid
Guatemala City,PM10 - Principal,2023-02-02 01:00 PM,2023,02,02,13,23.0,21,Good,21.0,UG/M3,1 Hr,Valid
Guatemala City,PM10 - Principal,2023-02-02 02:00 PM,2023,02,02,14,23.0,21,Good,24.0,UG/M3,1 Hr,Valid
Guatemala City,PM10 - Principal,2023-02-02 03:00 PM,2023,02,02,15,28.0,26,Good,33.0,UG/M3,1 Hr,Valid
Guatemala City,PM10 - Principal,2023-02-02 04:00 PM,2023,02,02,16,30.0,28,Good,32.0,UG/M3,1 Hr,Valid
Guatemala City,PM10 - Principal,2023-02-02 05:00 PM,2023,02,02,17,26.0,24,Good,23.0,UG/M3,1 Hr,Valid
Guatemala City,PM10 - Principal,2023-02-02 06:00 PM,2023,02,02,18,34.0,31,Good,42.0,UG/M3,1 Hr,Valid
Guatemala City,PM10 - Principal,2023-02-02 07:00 PM,2023,02,02,19,37.0,34,Good,40.0,UG/M3,1 Hr,Valid
Guatemala City,PM10 - Principal,2023-02-02 08:00 PM,2023,02,02,20,34.0,31,Good,31.0,UG/M3,1 Hr,Valid
Guatemala City,PM10 - Principal,2023-02-02 09:00 PM,2023,02,02,21,32.0,30,Good,31.0,UG/M3,1 Hr,Valid
Guatemala City,PM10 - Principal,2023-02-02 10:00 PM,2023,02,02,22,27.0,25,Good,23.0,UG/M3,1 Hr,Valid
Guatemala City,PM10 - Principal,2023-02-02 11:00 PM,2023,02,02,23,25.0,23,Good,23.0,UG/M3,1 Hr,Valid
Guatemala City,PM10 - Principal,2023-02-03 12:00 AM,2023,02,03,00,18.0,17,Good,12.0,UG/M3,1 Hr,Valid
Guatemala City,PM10 - Principal,2023-02-03 01:00 AM,2023,02,03,01,21.0,19,Good,25.0,UG/M3,1 Hr,Valid
Guatemala City,PM10 - Principal,2023-02-03 02:00 AM,2023,02,03,02,18.0,17,Good,16.0,UG/M3,1 Hr,Valid
Guatemala City,PM10 - Principal,2023-02-03 03:00 AM,2023,02,03,03,18.0,17,Good,18.0,UG/M3,1 Hr,Valid
Guatemala City,PM10 - Principal,2023-02-03 04:00 AM,2023,02,03,04,17.0,16,Good,16.0,UG/M3,1 Hr,Valid
Guatemala City,PM10 - Principal,2023-02-03 05:00 AM,2023,02,03,05,18.0,17,Good,20.0,UG/M3,1 Hr,Valid
Guatemala City,PM10 - Principal,2023-02-03 06:00 AM,2023,02,03,06,23.0,21,Good,28.0,UG/M3,1 Hr,Valid
Guatemala City,PM10 - Principal,2023-02-03 07:00 AM,2023,02,03,07,26.0,24,Good,29.0,UG/M3,1 Hr,Valid
Guatemala City,PM10 - Principal,2023-02-03 08:00 AM,2023,02,03,08,31.0,29,Good,36.0,UG/M3,1 Hr,Valid
Guatemala City,PM10 - Principal,2023-02-03 09:00 AM,2023,02,03,09,31.0,29,Good,31.0,UG/M3,1 Hr,Valid
Guatemala City,PM10 - Principal,2023-02-03 10:00 AM,2023,02,03,10,32.0,30,Good,33.0,UG/M3,1 Hr,Valid
Guatemala City,PM10 - Principal,2023-02-03 11:00 AM,2023,02,03,11,34.0,31,Good,37.0,UG/M3,1 Hr,Valid
Guatemala City,PM10 - Principal,2023-02-03 12:00 PM,2023,02,03,12,44.0,41,Good,54.0,UG/M3,1 Hr,Valid
Guatemala City,PM10 - Principal,2023-02-03 01:00 PM,2023,02,03,13,37.0,34,Good,30.0,UG/M3,1 Hr,Valid
Guatemala City,PM10 - Principal,2023-02-03 02:00 PM,2023,02,03,14,27.0,25,Good,17.0,UG/M3,1 Hr,Valid
Guatemala City,PM10 - Principal,2023-02-03 03:00 PM,2023,02,03,15,16.0,15,Good,6.0,UG/M3,1 Hr,Valid
Guatemala City,PM10 - Principal,2023-02-03 04:00 PM,2023,02,03,16,18.0,17,Good,21.0,UG/M3,1 Hr,Valid
Guatemala City,PM10 - Principal,2023-02-03 05:00 PM,2023,02,03,17,18.0,17,Good,19.0,UG/M3,1 Hr,Valid
Guatemala City,PM10 - Principal,2023-02-03 06:00 PM,2023,02,03,18,17.0,16,Good,17.0,UG/M3,1 Hr,Valid
Guatemala City,PM10 - Principal,2023-02-03 07:00 PM,2023,02,03,19,19.0,18,Good,22.0,UG/M3,1 Hr,Valid
Guatemala City,PM10 - Principal,2023-02-03 08:00 PM,2023,02,03,20,18.0,17,Good,17.0,UG/M3,1 Hr,Valid
Guatemala City,PM10 - Principal,2023-02-03 09:00 PM,2023,02,03,21,18.0,17,Good,19.0,UG/M3,1 Hr,Valid
Guatemala City,PM10 - Principal,2023-02-03 10:00 PM,2023,02,03,22,17.0,16,Good,17.0,UG/M3,1 Hr,Valid
Guatemala City,PM10 - Principal,2023-02-03 11:00 PM,2023,02,03,23,13.0,12,Good,10.0,UG/M3,1 Hr,Valid
Guatemala City,PM10 - Principal,2023-02-04 12:00 AM,2023,02,04,00,11.0,10,Good,9.0,UG/M3,1 Hr,Valid
Guatemala City,PM10 - Principal,2023-02-04 01:00 AM,2023,02,04,01,13.0,12,Good,16.0,UG/M3,1 Hr,Valid
Guatemala City,PM10 - Principal,2023-02-04 02:00 AM,2023,02,04,02,8.0,7,Good,4.0,UG/M3,1 Hr,Valid
Guatemala City,PM10 - Principal,2023-02-04 03:00 AM,2023,02,04,03,8.0,7,Good,8.0,UG/M3,1 Hr,Valid
Guatemala City,PM10 - Principal,2023-02-04 04:00 AM,2023,02,04,04,9.0,8,Good,10.0,UG/M3,1 Hr,Valid
Guatemala City,PM10 - Principal,2023-02-04 05:00 AM,2023,02,04,05,10.0,9,Good,12.0,UG/M3,1 Hr,Valid
Guatemala City,PM10 - Principal,2023-02-04 06:00 AM,2023,02,04,06,12.0,11,Good,15.0,UG/M3,1 Hr,Valid
Guatemala City,PM10 - Principal,2023-02-04 07:00 AM,2023,02,04,07,14.0,13,Good,17.0,UG/M3,1 Hr,Valid
Guatemala City,PM10 - Principal,2023-02-04 08:00 AM,2023,02,04,08,15.0,14,Good,17.0,UG/M3,1 Hr,Valid
Guatemala City,PM10 - Principal,2023-02-04 09:00 AM,2023,02,04,09,15.0,14,Good,-999.0,UG/M3,1 Hr,Missing
Guatemala City,PM10 - Principal,2023-03-15 12:00 PM,2023,03,15,12,-999.0,-999,N/A,24.0,UG/M3,1 Hr,Valid
Guatemala City,PM10 - Principal,2023-03-15 01:00 PM,2023,03,15,13,24.0,22,Good,25.0,UG/M3,1 Hr,Valid
Guatemala City,PM10 - Principal,2023-03-15 02:00 PM,2023,03,15,14,25.0,23,Good,27.0,UG/M3,1 Hr,Valid
Guatemala City,PM10 - Principal,2023-03-15 03:00 PM,2023,03,15,15,30.0,28,Good,37.0,UG/M3,1 Hr,Valid
Guatemala City,PM10 - Principal,2023-03-15 04:00 PM,2023,03,15,16,31.0,29,Good,33.0,UG/M3,1 Hr,Valid
Guatemala City,PM10 - Principal,2023-03-15 05:00 PM,2023,03,15,17,33.0,31,Good,37.0,UG/M3,1 Hr,Valid
Guatemala City,PM10 - Principal,2023-03-15 06:00 PM,2023,03,15,18,35.0,32,Good,38.0,UG/M3,1 Hr,Valid
Guatemala City,PM10 - Principal,2023-03-15 07:00 PM,2023,03,15,19,34.0,31,Good,34.0,UG/M3,1 Hr,Valid
Guatemala City,PM10 - Principal,2023-03-15 08:00 PM,2023,03,15,20,35.0,32,Good,36.0,UG/M3,1 Hr,Valid
Guatemala City,PM10 - Principal,2023-03-15 09:00 PM,2023,03,15,21,33.0,31,Good,31.0,UG/M3,1 Hr,Valid
Guatemala City,PM10 - Principal,2023-03-15 10:00 PM,2023,03,15,22,36.0,33,Good,40.0,UG/M3,1 Hr,Valid
Guatemala City,PM10 - Principal,2023-03-15 11:00 PM,2023,03,15,23,38.0,35,Good,42.0,UG/M3,1 Hr,Valid
Guatemala City,PM10 - Principal,2023-03-16 12:00 AM,2023,03,16,00,38.0,35,Good,39.0,UG/M3,1 Hr,Valid
Guatemala City,PM10 - Principal,2023-03-16 01:00 AM,2023,03,16,01,34.0,31,Good,27.0,UG/M3,1 Hr,Valid
Guatemala City,PM10 - Principal,2023-03-16 02:00 AM,2023,03,16,02,31.0,29,Good,27.0,UG/M3,1 Hr,Valid
Guatemala City,PM10 - Principal,2023-03-16 03:00 AM,2023,03,16,03,30.0,28,Good,28.0,UG/M3,1 Hr,Valid
Guatemala City,PM10 - Principal,2023-03-16 04:00 AM,2023,03,16,04,25.0,23,Good,21.0,UG/M3,1 Hr,Valid
Guatemala City,PM10 - Principal,2023-03-16 05:00 AM,2023,03,16,05,21.0,19,Good,18.0,UG/M3,1 Hr,Valid
Guatemala City,PM10 - Principal,2023-03-16 06:00 AM,2023,03,16,06,27.0,25,Good,33.0,UG/M3,1 Hr,Valid
Guatemala City,PM10 - Principal,2023-03-16 07:00 AM,2023,03,16,07,31.0,29,Good,35.0,UG/M3,1 Hr,Valid
Guatemala City,PM10 - Principal,2023-03-16 08:00 AM,2023,03,16,08,34.0,31,Good,37.0,UG/M3,1 Hr,Valid
Guatemala City,PM10 - Principal,2023-03-16 09:00 AM,2023,03,16,09,33.0,31,Good,33.0,UG/M3,1 Hr,Valid
Guatemala City,PM10 - Principal,2023-03-16 10:00 AM,2023,03,16,10,31.0,29,Good,29.0,UG/M3,1 Hr,Valid
Guatemala City,PM10 - Principal,2023-03-16 11:00 AM,2023,03,16,11,30.0,28,Good,30.0,UG/M3,1 Hr,Valid
Guatemala City,PM10 - Principal,2023-03-16 12:00 PM,2023,03,16,12,23.0,21,Good,17.0,UG/M3,1 Hr,Valid
Guatemala City,PM10 - Principal,2023-03-16 01:00 PM,2023,03,16,13,22.0,20,Good,21.0,UG/M3,1 Hr,Valid
Guatemala City,PM10 - Principal,2023-03-16 02:00 PM,2023,03,16,14,21.0,19,Good,21.0,UG/M3,1 Hr,Valid
Guatemala City,PM10 - Principal,2023-03-16 03:00 PM,2023,03,16,15,20.0,19,Good,20.0,UG/M3,1 Hr,Valid
Guatemala City,PM10 - Principal,2023-03-16 04:00 PM,2023,03,16,16,43.0,40,Good,67.0,UG/M3,1 Hr,Valid
Guatemala City,PM10 - Principal,2023-03-16 05:00 PM,2023,03,16,17,61.0,54,Moderate,80.0,UG/M3,1 Hr,Valid
Guatemala City,PM10 - Principal,2023-03-16 06:00 PM,2023,03,16,18,70.0,58,Moderate,80.0,UG/M3,1 Hr,Valid
Guatemala City,PM10 - Principal,2023-03-16 07:00 PM,2023,03,16,19,72.0,59,Moderate,73.0,UG/M3,1 Hr,Valid
Guatemala City,PM10 - Principal,2023-03-16 08:00 PM,2023,03,16,20,66.0,56,Moderate,61.0,UG/M3,1 Hr,Valid
Guatemala City,PM10 - Principal,2023-03-16 09:00 PM,2023,03,16,21,48.0,44,Good,31.0,UG/M3,1 Hr,Valid
Guatemala City,PM10 - Principal,2023-03-16 10:00 PM,2023,03,16,22,41.0,38,Good,35.0,UG/M3,1 Hr,Valid
Guatemala City,PM10 - Principal,2023-03-16 11:00 PM,2023,03,16,23,37.0,34,Good,34.0,UG/M3,1 Hr,Valid
Guatemala City,PM10 - Principal,2023-03-17 12:00 AM,2023,03,17,00,37.0,34,Good,38.0,UG/M3,1 Hr,Valid
Guatemala City,PM10 - Principal,2023-03-17 01:00 AM,2023,03,17,01,37.0,34,Good,38.0,UG/M3,1 Hr,Valid
Guatemala City,PM10 - Principal,2023-03-17 02:00 AM,2023,03,17,02,37.0,34,Good,38.0,UG/M3,1 Hr,Valid
Guatemala City,PM10 - Principal,2023-03-17 03:00 AM,2023,03,17,03,34.0,31,Good,31.0,UG/M3,1 Hr,Valid
Guatemala City,PM10 - Principal,2023-03-17 04:00 AM,2023,03,17,04,27.0,25,Good,21.0,UG/M3,1 Hr,Valid
Guatemala City,PM10 - Principal,2023-03-17 05:00 AM,2023,03,17,05,26.0,24,Good,25.0,UG/M3,1 Hr,Valid
Guatemala City,PM10 - Principal,2023-03-17 06:00 AM,2023,03,17,06,27.0,25,Good,28.0,UG/M3,1 Hr,Valid
Guatemala City,PM10 - Principal,2023-03-17 07:00 AM,2023,03,17,07,31.0,29,Good,36.0,UG/M3,1 Hr,Valid
Guatemala City,PM10 - Principal,2023-03-17 08:00 AM,2023,03,17,08,38.0,35,Good,46.0,UG/M3,1 Hr,Valid
Guatemala City,PM10 - Principal,2023-03-17 09:00 AM,2023,03,17,09,44.0,41,Good,51.0,UG/M3,1 Hr,Valid
Guatemala City,PM10 - Principal,2023-03-17 10:00 AM,2023,03,17,10,43.0,40,Good,42.0,UG/M3,1 Hr,Valid
Guatemala City,PM10 - Principal,2023-03-17 11:00 AM,2023,03,17,11,40.0,37,Good,38.0,UG/M3,1 Hr,Valid
Guatemala City,PM10 - Principal,2023-03-17 12:00 PM,2023,03,17,12,46.0,43,Good,52.0,UG/M3,1 Hr,Valid
Guatemala City,PM10 - Principal,2023-03-17 01:00 PM,2023,03,17,13,50.0,46,Good,54.0,UG/M3,1 Hr,Valid
Guatemala City,PM10 - Principal,2023-03-17 02:00 PM,2023,03,17,14,53.0,49,Good,56.0,UG/M3,1 Hr,Valid
Guatemala City,PM10 - Principal,2023-03-17 03:00 PM,2023,03,17,15,60.0,53,Moderate,68.0,UG/M3,1 Hr,Valid
Guatemala City,PM10 - Principal,2023-03-17 04:00 PM,2023,03,17,16,62.0,54,Moderate,65.0,UG/M3,1 Hr,Valid
Guatemala City,PM10 - Principal,2023-03-17 05:00 PM,2023,03,17,17,61.0,54,Moderate,60.0,UG/M3,1 Hr,Valid
Guatemala City,PM10 - Principal,2023-03-17 06:00 PM,2023,03,17,18,53.0,49,Good,44.0,UG/M3,1 Hr,Valid
Guatemala City,PM10 - Principal,2023-03-17 07:00 PM,2023,03,17,19,45.0,42,Good,36.0,UG/M3,1 Hr,Valid
Guatemala City,PM10 - Principal,2023-03-17 08:00 PM,2023,03,17,20,42.0,39,Good,40.0,UG/M3,1 Hr,Valid
Guatemala City,PM10 - Principal,2023-03-17 09:00 PM,2023,03,17,21,46.0,43,Good,50.0,UG/M3,1 Hr,Valid
Guatemala City,PM10 - Principal,2023-03-17 10:00 PM,2023,03,17,22,47.0,44,Good,50.0,UG/M3,1 Hr,Valid
Guatemala City,PM10 - Principal,2023-03-17 11:00 PM,2023,03,17,23,45.0,42,Good,43.0,UG/M3,1 Hr,Valid
Guatemala City,PM10 - Principal,2023-03-18 12:00 AM,2023,03,18,00,42.0,39,Good,40.0,UG/M3,1 Hr,Valid
Guatemala City,PM10 - Principal,2023-03-18 01:00 AM,2023,03,18,01,42.0,39,Good,41.0,UG/M3,1 Hr,Valid
Guatemala City,PM10 - Principal,2023-03-18 02:00 AM,2023,03,18,02,35.0,32,Good,29.0,UG/M3,1 Hr,Valid
Guatemala City,PM10 - Principal,2023-03-18 03:00 AM,2023,03,18,03,31.0,29,Good,27.0,UG/M3,1 Hr,Valid
Guatemala City,PM10 - Principal,2023-03-18 04:00 AM,2023,03,18,04,28.0,26,Good,26.0,UG/M3,1 Hr,Valid
Guatemala City,PM10 - Principal,2023-03-18 05:00 AM,2023,03,18,05,28.0,26,Good,28.0,UG/M3,1 Hr,Valid
Guatemala City,PM10 - Principal,2023-03-18 06:00 AM,2023,03,18,06,31.0,29,Good,35.0,UG/M3,1 Hr,Valid
Guatemala City,PM10 - Principal,2023-03-18 07:00 AM,2023,03,18,07,34.0,31,Good,38.0,UG/M3,1 Hr,Valid
Guatemala City,PM10 - Principal,2023-03-18 08:00 AM,2023,03,18,08,33.0,31,Good,32.0,UG/M3,1 Hr,Valid
Guatemala City,PM10 - Principal,2023-03-18 09:00 AM,2023,03,18,09,33.0,31,Good,33.0,UG/M3,1 Hr,Valid
Guatemala City,PM10 - Principal,2023-03-18 10:00 AM,2023,03,18,10,42.0,39,Good,52.0,UG/M3,1 Hr,Valid
Guatemala City,PM10 - Principal,2023-03-18 11:00 AM,2023,03,18,11,45.0,42,Good,48.0,UG/M3,1 Hr,Valid
Guatemala City,PM10 - Principal,2023-03-18 12:00 PM,2023,03,18,12,37.0,34,Good,29.0,UG/M3,1 Hr,Valid
Guatemala City,PM10 - Principal,2023-03-18 01:00 PM,2023,03,18,13,34.0,31,Good,32.0,UG/M3,1 Hr,Valid
Guatemala City,PM10 - Principal,2023-03-18 02:00 PM,2023,03,18,14,33.0,31,Good,32.0,UG/M3,1 Hr,Valid
Guatemala City,PM10 - Principal,2023-03-18 03:00 PM,2023,03,18,15,33.0,31,Good,-999.0,UG/M3,1 Hr,Missing
Guatemala City,PM10 - Principal,2023-03-30 02:00 PM,2023,03,30,14,-999.0,-999,N/A,26.0,UG/M3,1 Hr,Valid
Guatemala City,PM10 - Principal,2023-03-30 03:00 PM,2023,03,30,15,26.0,24,Good,26.0,UG/M3,1 Hr,Valid
Guatemala City,PM10 - Principal,2023-03-30 04:00 PM,2023,03,30,16,31.0,29,Good,37.0,UG/M3,1 Hr,Valid
Guatemala City,PM10 - Principal,2023-03-30 05:00 PM,2023,03,30,17,32.0,30,Good,35.0,UG/M3,1 Hr,Valid
Guatemala City,PM10 - Principal,2023-03-30 06:00 PM,2023,03,30,18,30.0,28,Good,28.0,UG/M3,1 Hr,Valid
Guatemala City,PM10 - Principal,2023-03-30 07:00 PM,2023,03,30,19,32.0,30,Good,36.0,UG/M3,1 Hr,Valid
Guatemala City,PM10 - Principal,2023-03-30 08:00 PM,2023,03,30,20,34.0,31,Good,38.0,UG/M3,1 Hr,Valid
Guatemala City,PM10 - Principal,2023-03-30 09:00 PM,2023,03,30,21,34.0,31,Good,34.0,UG/M3,1 Hr,Valid
Guatemala City,PM10 - Principal,2023-03-30 10:00 PM,2023,03,30,22,33.0,31,Good,32.0,UG/M3,1 Hr,Valid
Guatemala City,PM10 - Principal,2023-03-30 11:00 PM,2023,03,30,23,30.0,28,Good,24.0,UG/M3,1 Hr,Valid
Guatemala City,PM10 - Principal,2023-03-31 12:00 AM,2023,03,31,00,23.0,21,Good,18.0,UG/M3,1 Hr,Valid
Guatemala City,PM10 - Principal,2023-03-31 01:00 AM,2023,03,31,01,21.0,19,Good,19.0,UG/M3,1 Hr,Valid
Guatemala City,PM10 - Principal,2023-03-31 02:00 AM,2023,03,31,02,20.0,19,Good,20.0,UG/M3,1 Hr,Valid
Guatemala City,PM10 - Principal,2023-03-31 03:00 AM,2023,03,31,03,20.0,19,Good,21.0,UG/M3,1 Hr,Valid
Guatemala City,PM10 - Principal,2023-03-31 04:00 AM,2023,03,31,04,23.0,21,Good,26.0,UG/M3,1 Hr,Valid
Guatemala City,PM10 - Principal,2023-03-31 05:00 AM,2023,03,31,05,25.0,23,Good,28.0,UG/M3,1 Hr,Valid
Guatemala City,PM10 - Principal,2023-03-31 06:00 AM,2023,03,31,06,29.0,27,Good,33.0,UG/M3,1 Hr,Valid
Guatemala City,PM10 - Principal,2023-03-31 07:00 AM,2023,03,31,07,28.0,26,Good,27.0,UG/M3,1 Hr,Valid
Guatemala City,PM10 - Principal,2023-03-31 08:00 AM,2023,03,31,08,28.0,26,Good,29.0,UG/M3,1 Hr,Valid
Guatemala City,PM10 - Principal,2023-03-31 09:00 AM,2023,03,31,09,32.0,30,Good,36.0,UG/M3,1 Hr,Valid
Guatemala City,PM10 - Principal,2023-03-31 10:00 AM,2023,03,31,10,33.0,31,Good,35.0,UG/M3,1 Hr,Valid
Guatemala City,PM10 - Principal,2023-03-31 11:00 AM,2023,03,31,11,32.0,30,Good,31.0,UG/M3,1 Hr,Valid
Guatemala City,PM10 - Principal,2023-03-31 12:00 PM,2023,03,31,12,35.0,32,Good,38.0,UG/M3,1 Hr,Valid
Guatemala City,PM10 - Principal,2023-03-31 01:00 PM,2023,03,31,13,32.0,30,Good,29.0,UG/M3,1 Hr,Valid
Guatemala City,PM10 - Principal,2023-03-31 02:00 PM,2023,03,31,14,31.0,29,Good,30.0,UG/M3,1 Hr,Valid
Guatemala City,PM10 - Principal,2023-03-31 03:00 PM,2023,03,31,15,31.0,29,Good,32.0,UG/M3,1 Hr,Valid
Guatemala City,PM10 - Principal,2023-03-31 04:00 PM,2023,03,31,16,28.0,26,Good,24.0,UG/M3,1 Hr,Valid
Guatemala City,PM10 - Principal,2023-03-31 05:00 PM,2023,03,31,17,29.0,27,Good,31.0,UG/M3,1 Hr,Valid
Guatemala City,PM10 - Principal,2023-03-31 06:00 PM,2023,03,31,18,30.0,28,Good,31.0,UG/M3,1 Hr,Valid
Guatemala City,PM10 - Principal,2023-03-31 07:00 PM,2023,03,31,19,45.0,42,Good,61.0,UG/M3,1 Hr,Valid
Guatemala City,PM10 - Principal,2023-03-31 08:00 PM,2023,03,31,20,55.0,51,Moderate,65.0,UG/M3,1 Hr,Valid
Guatemala City,PM10 - Principal,2023-03-31 09:00 PM,2023,03,31,21,48.0,44,Good,41.0,UG/M3,1 Hr,Valid
Guatemala City,PM10 - Principal,2023-03-31 10:00 PM,2023,03,31,22,42.0,39,Good,37.0,UG/M3,1 Hr,Valid
Guatemala City,PM10 - Principal,2023-03-31 11:00 PM,2023,03,31,23,38.0,35,Good,35.0,UG/M3,1 Hr,Valid
Guatemala City,PM10 - Principal,2023-04-01 12:00 AM,2023,04,01,00,35.0,32,Good,33.0,UG/M3,1 Hr,Valid
Guatemala City,PM10 - Principal,2023-04-01 01:00 AM,2023,04,01,01,31.0,29,Good,28.0,UG/M3,1 Hr,Valid
Guatemala City,PM10 - Principal,2023-04-01 02:00 AM,2023,04,01,02,25.0,23,Good,20.0,UG/M3,1 Hr,Valid
Guatemala City,PM10 - Principal,2023-04-01 03:00 AM,2023,04,01,03,26.0,24,Good,28.0,UG/M3,1 Hr,Valid
Guatemala City,PM10 - Principal,2023-04-01 04:00 AM,2023,04,01,04,28.0,26,Good,30.0,UG/M3,1 Hr,Valid
Guatemala City,PM10 - Principal,2023-04-01 05:00 AM,2023,04,01,05,28.0,26,Good,29.0,UG/M3,1 Hr,Valid
Guatemala City,PM10 - Principal,2023-04-01 06:00 AM,2023,04,01,06,28.0,26,Good,29.0,UG/M3,1 Hr,Valid
Guatemala City,PM10 - Principal,2023-04-01 07:00 AM,2023,04,01,07,35.0,32,Good,42.0,UG/M3,1 Hr,Valid
Guatemala City,PM10 - Principal,2023-04-01 08:00 AM,2023,04,01,08,40.0,37,Good,46.0,UG/M3,1 Hr,Valid
Guatemala City,PM10 - Principal,2023-04-01 09:00 AM,2023,04,01,09,39.0,36,Good,38.0,UG/M3,1 Hr,Valid
Guatemala City,PM10 - Principal,2023-04-01 10:00 AM,2023,04,01,10,38.0,35,Good,38.0,UG/M3,1 Hr,Valid
Guatemala City,PM10 - Principal,2023-04-01 11:00 AM,2023,04,01,11,37.0,34,Good,36.0,UG/M3,1 Hr,Valid
Guatemala City,PM10 - Principal,2023-04-01 12:00 PM,2023,04,01,12,36.0,33,Good,36.0,UG/M3,1 Hr,Valid
Guatemala City,PM10 - Principal,2023-04-01 01:00 PM,2023,04,01,13,36.0,33,Good,-999.0,UG/M3,1 Hr,Missing
Guatemala City,PM10 - Principal,2023-04-01 02:00 PM,2023,04,01,14,34.0,31,Good,32.0,UG/M3,1 Hr,Valid
Guatemala City,PM10 - Principal,2023-04-01 03:00 PM,2023,04,01,15,36.0,33,Good,38.0,UG/M3,1 Hr,Valid
Guatemala City,PM10 - Principal,2023-04-01 04:00 PM,2023,04,01,16,36.0,33,Good,36.0,UG/M3,1 Hr,Valid
Guatemala City,PM10 - Principal,2023-04-01 05:00 PM,2023,04,01,17,37.0,34,Good,40.0,UG/M3,1 Hr,Valid
Guatemala City,PM10 - Principal,2023-04-01 06:00 PM,2023,04,01,18,40.0,37,Good,46.0,UG/M3,1 Hr,Valid
Guatemala City,PM10 - Principal,2023-04-01 07:00 PM,2023,04,01,19,45.0,42,Good,52.0,UG/M3,1 Hr,Valid
Guatemala City,PM10 - Principal,2023-04-01 08:00 PM,2023,04,01,20,47.0,44,Good,50.0,UG/M3,1 Hr,Valid
Guatemala City,PM10 - Principal,2023-04-01 09:00 PM,2023,04,01,21,46.0,43,Good,45.0,UG/M3,1 Hr,Valid
Guatemala City,PM10 - Principal,2023-04-01 10:00 PM,2023,04,01,22,47.0,44,Good,49.0,UG/M3,1 Hr,Valid
Guatemala City,PM10 - Principal,2023-04-01 11:00 PM,2023,04,01,23,51.0,47,Good,56.0,UG/M3,1 Hr,Valid
Guatemala City,PM10 - Principal,2023-04-02 12:00 AM,2023,04,02,00,52.0,48,Good,54.0,UG/M3,1 Hr,Valid
Guatemala City,PM10 - Principal,2023-04-02 01:00 AM,2023,04,02,01,49.0,45,Good,45.0,UG/M3,1 Hr,Valid
Guatemala City,PM10 - Principal,2023-04-02 02:00 AM,2023,04,02,02,45.0,42,Good,39.0,UG/M3,1 Hr,Valid
Guatemala City,PM10 - Principal,2023-04-02 03:00 AM,2023,04,02,03,40.0,37,Good,34.0,UG/M3,1 Hr,Valid
Guatemala City,PM10 - Principal,2023-04-02 04:00 AM,2023,04,02,04,35.0,32,Good,30.0,UG/M3,1 Hr,Valid
Guatemala City,PM10 - Principal,2023-04-02 05:00 AM,2023,04,02,05,35.0,32,Good,35.0,UG/M3,1 Hr,Valid
Guatemala City,PM10 - Principal,2023-04-02 06:00 AM,2023,04,02,06,36.0,33,Good,38.0,UG/M3,1 Hr,Valid
Guatemala City,PM10 - Principal,2023-04-02 07:00 AM,2023,04,02,07,33.0,31,Good,31.0,UG/M3,1 Hr,Valid
Guatemala City,PM10 - Principal,2023-04-02 08:00 AM,2023,04,02,08,36.0,33,Good,39.0,UG/M3,1 Hr,Valid
Guatemala City,PM10 - Principal,2023-04-02 09:00 AM,2023,04,02,09,37.0,34,Good,38.0,UG/M3,1 Hr,Valid
Guatemala City,PM10 - Principal,2023-04-02 10:00 AM,2023,04,02,10,37.0,34,Good,39.0,UG/M3,1 Hr,Valid
Guatemala City,PM10 - Principal,2023-04-02 11:00 AM,2023,04,02,11,35.0,32,Good,32.0,UG/M3,1 Hr,Valid
Guatemala City,PM10 - Principal,2023-04-02 12:00 PM,2023,04,02,12,37.0,34,Good,42.0,UG/M3,1 Hr,Valid
Guatemala City,PM10 - Principal,2023-04-02 01:00 PM,2023,04,02,13,40.0,37,Good,45.0,UG/M3,1 Hr,Valid
Guatemala City,PM10 - Principal,2023-04-02 02:00 PM,2023,04,02,14,43.0,40,Good,49.0,UG/M3,1 Hr,Valid
Guatemala City,PM10 - Principal,2023-04-02 03:00 PM,2023,04,02,15,45.0,42,Good,48.0,UG/M3,1 Hr,Valid
Guatemala City,PM10 - Principal,2023-04-02 04:00 PM,2023,04,02,16,42.0,39,Good,39.0,UG/M3,1 Hr,Valid
Guatemala City,PM10 - Principal,2023-04-02 05:00 PM,2023,04,02,17,36.0,33,Good,28.0,UG/M3,1 Hr,Valid
Guatemala City,PM10 - Principal,2023-04-02 06:00 PM,2023,04,02,18,35.0,32,Good,35.0,UG/M3,1 Hr,Valid
Guatemala City,PM10 - Principal,2023-04-02 07:00 PM,2023,04,02,19,37.0,34,Good,40.0,UG/M3,1 Hr,Valid
Guatemala City,PM10 - Principal,2023-04-02 08:00 PM,2023,04,02,20,40.0,37,Good,45.0,UG/M3,1 Hr,Valid
Guatemala City,PM10 - Principal,2023-04-02 09:00 PM,2023,04,02,21,51.0,47,Good,62.0,UG/M3,1 Hr,Valid
Guatemala City,PM10 - Principal,2023-04-02 10:00 PM,2023,04,02,22,52.0,48,Good,53.0,UG/M3,1 Hr,Valid
Guatemala City,PM10 - Principal,2023-04-02 11:00 PM,2023,04,02,23,78.0,62,Moderate,104.0,UG/M3,1 Hr,Valid
Guatemala City,PM10 - Principal,2023-04-03 12:00 AM,2023,04,03,00,94.0,70,Moderate,111.0,UG/M3,1 Hr,Valid
Guatemala City,PM10 - Principal,2023-04-03 01:00 AM,2023,04,03,01,90.0,68,Moderate,87.0,UG/M3,1 Hr,Valid
Guatemala City,PM10 - Principal,2023-04-03 02:00 AM,2023,04,03,02,65.0,56,Moderate,40.0,UG/M3,1 Hr,Valid
Guatemala City,PM10 - Principal,2023-04-03 03:00 AM,2023,04,03,03,47.0,44,Good,29.0,UG/M3,1 Hr,Valid
Guatemala City,PM10 - Principal,2023-04-03 04:00 AM,2023,04,03,04,37.0,34,Good,27.0,UG/M3,1 Hr,Valid
Guatemala City,PM10 - Principal,2023-04-03 05:00 AM,2023,04,03,05,33.0,31,Good,29.0,UG/M3,1 Hr,Valid
Guatemala City,PM10 - Principal,2023-04-03 06:00 AM,2023,04,03,06,38.0,35,Good,43.0,UG/M3,1 Hr,Valid
Guatemala City,PM10 - Principal,2023-04-03 07:00 AM,2023,04,03,07,42.0,39,Good,47.0,UG/M3,1 Hr,Valid
Guatemala City,PM10 - Principal,2023-04-03 08:00 AM,2023,04,03,08,41.0,38,Good,41.0,UG/M3,1 Hr,Valid
Guatemala City,PM10 - Principal,2023-04-03 09:00 AM,2023,04,03,09,39.0,36,Good,38.0,UG/M3,1 Hr,Valid
Guatemala City,PM10 - Principal,2023-04-03 10:00 AM,2023,04,03,10,49.0,45,Good,59.0,UG/M3,1 Hr,Valid
Guatemala City,PM10 - Principal,2023-04-03 11:00 AM,2023,04,03,11,48.0,44,Good,48.0,UG/M3,1 Hr,Valid
Guatemala City,PM10 - Principal,2023-04-03 12:00 PM,2023,04,03,12,45.0,42,Good,42.0,UG/M3,1 Hr,Valid
Guatemala City,PM10 - Principal,2023-04-03 01:00 PM,2023,04,03,13,46.0,43,Good,47.0,UG/M3,1 Hr,Valid
Guatemala City,PM10 - Principal,2023-04-03 02:00 PM,2023,04,03,14,44.0,41,Good,42.0,UG/M3,1 Hr,Valid
Guatemala City,PM10 - Principal,2023-04-03 03:00 PM,2023,04,03,15,45.0,42,Good,47.0,UG/M3,1 Hr,Valid
Guatemala City,PM10 - Principal,2023-04-03 04:00 PM,2023,04,03,16,63.0,55,Moderate,82.0,UG/M3,1 Hr,Valid
Guatemala City,PM10 - Principal,2023-04-03 05:00 PM,2023,04,03,17,77.0,62,Moderate,91.0,UG/M3,1 Hr,Valid
Guatemala City,PM10 - Principal,2023-04-03 06:00 PM,2023,04,03,18,84.0,65,Moderate,91.0,UG/M3,1 Hr,Valid
Guatemala City,PM10 - Principal,2023-04-03 07:00 PM,2023,04,03,19,84.0,65,Moderate,-999.0,UG/M3,1 Hr,Missing
Guatemala City,PM10 - Principal,2023-04-03 09:00 PM,2023,04,03,21,-999.0,-999,N/A,95.0,UG/M3,1 Hr,Valid
Guatemala City,PM10 - Principal,2023-04-03 10:00 PM,2023,04,03,22,89.0,68,Moderate,87.0,UG/M3,1 Hr,Valid
Guatemala City,PM10 - Principal,2023-04-03 11:00 PM,2023,04,03,23,85.0,66,Moderate,82.0,UG/M3,1 Hr,Valid
Guatemala City,PM10 - Principal,2023-04-04 12:00 AM,2023,04,04,00,83.0,65,Moderate,81.0,UG/M3,1 Hr,Valid
Guatemala City,PM10 - Principal,2023-04-04 01:00 AM,2023,04,04,01,90.0,68,Moderate,97.0,UG/M3,1 Hr,Valid
Guatemala City,PM10 - Principal,2023-04-04 02:00 AM,2023,04,04,02,73.0,60,Moderate,58.0,UG/M3,1 Hr,Valid
Guatemala City,PM10 - Principal,2023-04-04 03:00 AM,2023,04,04,03,60.0,53,Moderate,48.0,UG/M3,1 Hr,Valid
Guatemala City,PM10 - Principal,2023-04-04 04:00 AM,2023,04,04,04,56.0,51,Moderate,53.0,UG/M3,1 Hr,Valid
Guatemala City,PM10 - Principal,2023-04-04 05:00 AM,2023,04,04,05,56.0,51,Moderate,57.0,UG/M3,1 Hr,Valid
Guatemala City,PM10 - Principal,2023-04-04 06:00 AM,2023,04,04,06,59.0,53,Moderate,62.0,UG/M3,1 Hr,Valid
Guatemala City,PM10 - Principal,2023-04-04 07:00 AM,2023,04,04,07,62.0,54,Moderate,66.0,UG/M3,1 Hr,Valid
Guatemala City,PM10 - Principal,2023-04-04 08:00 AM,2023,04,04,08,68.0,57,Moderate,74.0,UG/M3,1 Hr,Valid
Guatemala City,PM10 - Principal,2023-04-04 09:00 AM,2023,04,04,09,59.0,53,Moderate,51.0,UG/M3,1 Hr,Valid
Guatemala City,PM10 - Principal,2023-04-04 10:00 AM,2023,04,04,10,52.0,48,Good,45.0,UG/M3,1 Hr,Valid
Guatemala City,PM10 - Principal,2023-04-04 11:00 AM,2023,04,04,11,46.0,43,Good,40.0,UG/M3,1 Hr,Valid
Guatemala City,PM10 - Principal,2023-04-04 12:00 PM,2023,04,04,12,44.0,41,Good,43.0,UG/M3,1 Hr,Valid
Guatemala City,PM10 - Principal,2023-04-04 01:00 PM,2023,04,04,13,44.0,41,Good,43.0,UG/M3,1 Hr,Valid
Guatemala City,PM10 - Principal,2023-04-04 02:00 PM,2023,04,04,14,48.0,44,Good,54.0,UG/M3,1 Hr,Valid
Guatemala City,PM10 - Principal,2023-04-04 03:00 PM,2023,04,04,15,51.0,47,Good,54.0,UG/M3,1 Hr,Valid
Guatemala City,PM10 - Principal,2023-04-04 04:00 PM,2023,04,04,16,60.0,53,Moderate,71.0,UG/M3,1 Hr,Valid
Guatemala City,PM10 - Principal,2023-04-04 05:00 PM,2023,04,04,17,72.0,59,Moderate,84.0,UG/M3,1 Hr,Valid
Guatemala City,PM10 - Principal,2023-04-04 06:00 PM,2023,04,04,18,82.0,64,Moderate,92.0,UG/M3,1 Hr,Valid
Guatemala City,PM10 - Principal,2023-04-04 07:00 PM,2023,04,04,19,77.0,62,Moderate,73.0,UG/M3,1 Hr,Valid
Guatemala City,PM10 - Principal,2023-04-04 08:00 PM,2023,04,04,20,73.0,60,Moderate,69.0,UG/M3,1 Hr,Valid
Guatemala City,PM10 - Principal,2023-04-04 09:00 PM,2023,04,04,21,72.0,59,Moderate,71.0,UG/M3,1 Hr,Valid
Guatemala City,PM10 - Principal,2023-04-04 10:00 PM,2023,04,04,22,71.0,59,Moderate,70.0,UG/M3,1 Hr,Valid
Guatemala City,PM10 - Principal,2023-04-04 11:00 PM,2023,04,04,23,67.0,57,Moderate,63.0,UG/M3,1 Hr,Valid
Guatemala City,PM10 - Principal,2023-04-05 12:00 AM,2023,04,05,00,58.0,52,Moderate,50.0,UG/M3,1 Hr,Valid
Guatemala City,PM10 - Principal,2023-04-05 01:00 AM,2023,04,05,01,63.0,55,Moderate,68.0,UG/M3,1 Hr,Valid
Guatemala City,PM10 - Principal,2023-04-05 02:00 AM,2023,04,05,02,65.0,56,Moderate,67.0,UG/M3,1 Hr,Valid
Guatemala City,PM10 - Principal,2023-04-05 03:00 AM,2023,04,05,03,66.0,56,Moderate,69.0,UG/M3,1 Hr,Valid
Guatemala City,PM10 - Principal,2023-04-05 04:00 AM,2023,04,05,04,64.0,55,Moderate,61.0,UG/M3,1 Hr,Valid
Guatemala City,PM10 - Principal,2023-04-05 05:00 AM,2023,04,05,05,62.0,54,Moderate,61.0,UG/M3,1 Hr,Valid
Guatemala City,PM10 - Principal,2023-04-05 06:00 AM,2023,04,05,06,63.0,55,Moderate,64.0,UG/M3,1 Hr,Valid
Guatemala City,PM10 - Principal,2023-04-05 07:00 AM,2023,04,05,07,60.0,53,Moderate,54.0,UG/M3,1 Hr,Valid
Guatemala City,PM10 - Principal,2023-04-05 08:00 AM,2023,04,05,08,59.0,53,Moderate,56.0,UG/M3,1 Hr,Valid
Guatemala City,PM10 - Principal,2023-04-05 09:00 AM,2023,04,05,09,57.0,52,Moderate,52.0,UG/M3,1 Hr,Valid
Guatemala City,PM10 - Principal,2023-04-05 10:00 AM,2023,04,05,10,57.0,52,Moderate,58.0,UG/M3,1 Hr,Valid
Guatemala City,PM10 - Principal,2023-04-05 11:00 AM,2023,04,05,11,55.0,51,Moderate,51.0,UG/M3,1 Hr,Valid
Guatemala City,PM10 - Principal,2023-04-05 12:00 PM,2023,04,05,12,54.0,50,Good,50.0,UG/M3,1 Hr,Valid
Guatemala City,PM10 - Principal,2023-04-05 01:00 PM,2023,04,05,13,52.0,48,Good,49.0,UG/M3,1 Hr,Valid
Guatemala City,PM10 - Principal,2023-04-05 02:00 PM,2023,04,05,14,53.0,49,Good,58.0,UG/M3,1 Hr,Valid
Guatemala City,PM10 - Principal,2023-04-05 03:00 PM,2023,04,05,15,56.0,51,Moderate,64.0,UG/M3,1 Hr,Valid
Guatemala City,PM10 - Principal,2023-04-05 04:00 PM,2023,04,05,16,57.0,52,Moderate,59.0,UG/M3,1 Hr,Valid
Guatemala City,PM10 - Principal,2023-04-05 05:00 PM,2023,04,05,17,65.0,56,Moderate,78.0,UG/M3,1 Hr,Valid
Guatemala City,PM10 - Principal,2023-04-05 06:00 PM,2023,04,05,18,69.0,58,Moderate,75.0,UG/M3,1 Hr,Valid
Guatemala City,PM10 - Principal,2023-04-05 07:00 PM,2023,04,05,19,72.0,59,Moderate,77.0,UG/M3,1 Hr,Valid
Guatemala City,PM10 - Principal,2023-04-05 08:00 PM,2023,04,05,20,73.0,60,Moderate,76.0,UG/M3,1 Hr,Valid
Guatemala City,PM10 - Principal,2023-04-05 09:00 PM,2023,04,05,21,73.0,60,Moderate,74.0,UG/M3,1 Hr,Valid
Guatemala City,PM10 - Principal,2023-04-05 10:00 PM,2023,04,05,22,71.0,59,Moderate,68.0,UG/M3,1 Hr,Valid
Guatemala City,PM10 - Principal,2023-04-05 11:00 PM,2023,04,05,23,71.0,59,Moderate,72.0,UG/M3,1 Hr,Valid
Guatemala City,PM10 - Principal,2023-04-06 12:00 AM,2023,04,06,00,70.0,58,Moderate,68.0,UG/M3,1 Hr,Valid
Guatemala City,PM10 - Principal,2023-04-06 01:00 AM,2023,04,06,01,70.0,58,Moderate,70.0,UG/M3,1 Hr,Valid
Guatemala City,PM10 - Principal,2023-04-06 02:00 AM,2023,04,06,02,69.0,58,Moderate,67.0,UG/M3,1 Hr,Valid
Guatemala City,PM10 - Principal,2023-04-06 03:00 AM,2023,04,06,03,68.0,57,Moderate,63.0,UG/M3,1 Hr,Valid
Guatemala City,PM10 - Principal,2023-04-06 04:00 AM,2023,04,06,04,68.0,57,Moderate,65.0,UG/M3,1 Hr,Valid
Guatemala City,PM10 - Principal,2023-04-06 05:00 AM,2023,04,06,05,69.0,58,Moderate,74.0,UG/M3,1 Hr,Valid
Guatemala City,PM10 - Principal,2023-04-06 06:00 AM,2023,04,06,06,69.0,58,Moderate,69.0,UG/M3,1 Hr,Valid
Guatemala City,PM10 - Principal,2023-04-06 07:00 AM,2023,04,06,07,68.0,57,Moderate,68.0,UG/M3,1 Hr,Valid
Guatemala City,PM10 - Principal,2023-04-06 08:00 AM,2023,04,06,08,64.0,55,Moderate,54.0,UG/M3,1 Hr,Valid
Guatemala City,PM10 - Principal,2023-04-06 09:00 AM,2023,04,06,09,49.0,45,Good,37.0,UG/M3,1 Hr,Valid
Guatemala City,PM10 - Principal,2023-04-06 10:00 AM,2023,04,06,10,44.0,41,Good,40.0,UG/M3,1 Hr,Valid
Guatemala City,PM10 - Principal,2023-04-06 11:00 AM,2023,04,06,11,42.0,39,Good,41.0,UG/M3,1 Hr,Valid
Guatemala City,PM10 - Principal,2023-04-06 12:00 PM,2023,04,06,12,45.0,42,Good,49.0,UG/M3,1 Hr,Valid
Guatemala City,PM10 - Principal,2023-04-06 01:00 PM,2023,04,06,13,45.0,42,Good,45.0,UG/M3,1 Hr,Valid
Guatemala City,PM10 - Principal,2023-04-06 02:00 PM,2023,04,06,14,44.0,41,Good,43.0,UG/M3,1 Hr,Valid
Guatemala City,PM10 - Principal,2023-04-06 03:00 PM,2023,04,06,15,50.0,46,Good,57.0,UG/M3,1 Hr,Valid
Guatemala City,PM10 - Principal,2023-04-06 04:00 PM,2023,04,06,16,58.0,52,Moderate,67.0,UG/M3,1 Hr,Valid
Guatemala City,PM10 - Principal,2023-04-06 05:00 PM,2023,04,06,17,58.0,52,Moderate,60.0,UG/M3,1 Hr,Valid
Guatemala City,PM10 - Principal,2023-04-06 06:00 PM,2023,04,06,18,59.0,53,Moderate,60.0,UG/M3,1 Hr,Valid
Guatemala City,PM10 - Principal,2023-04-06 07:00 PM,2023,04,06,19,58.0,52,Moderate,58.0,UG/M3,1 Hr,Valid
Guatemala City,PM10 - Principal,2023-04-06 08:00 PM,2023,04,06,20,58.0,52,Moderate,59.0,UG/M3,1 Hr,Valid
Guatemala City,PM10 - Principal,2023-04-06 09:00 PM,2023,04,06,21,60.0,53,Moderate,63.0,UG/M3,1 Hr,Valid
Guatemala City,PM10 - Principal,2023-04-06 10:00 PM,2023,04,06,22,62.0,54,Moderate,67.0,UG/M3,1 Hr,Valid
Guatemala City,PM10 - Principal,2023-04-06 11:00 PM,2023,04,06,23,67.0,57,Moderate,73.0,UG/M3,1 Hr,Valid
Guatemala City,PM10 - Principal,2023-04-07 12:00 AM,2023,04,07,00,73.0,60,Moderate,80.0,UG/M3,1 Hr,Valid
Guatemala City,PM10 - Principal,2023-04-07 01:00 AM,2023,04,07,01,67.0,57,Moderate,60.0,UG/M3,1 Hr,Valid
Guatemala City,PM10 - Principal,2023-04-07 02:00 AM,2023,04,07,02,63.0,55,Moderate,55.0,UG/M3,1 Hr,Valid
Guatemala City,PM10 - Principal,2023-04-07 03:00 AM,2023,04,07,03,57.0,52,Moderate,49.0,UG/M3,1 Hr,Valid
Guatemala City,PM10 - Principal,2023-04-07 04:00 AM,2023,04,07,04,55.0,51,Moderate,52.0,UG/M3,1 Hr,Valid
Guatemala City,PM10 - Principal,2023-04-07 05:00 AM,2023,04,07,05,47.0,44,Good,41.0,UG/M3,1 Hr,Valid
Guatemala City,PM10 - Principal,2023-04-07 06:00 AM,2023,04,07,06,50.0,46,Good,53.0,UG/M3,1 Hr,Valid
Guatemala City,PM10 - Principal,2023-04-07 07:00 AM,2023,04,07,07,49.0,45,Good,48.0,UG/M3,1 Hr,Valid
Guatemala City,PM10 - Principal,2023-04-07 08:00 AM,2023,04,07,08,46.0,43,Good,44.0,UG/M3,1 Hr,Valid
Guatemala City,PM10 - Principal,2023-04-07 09:00 AM,2023,04,07,09,47.0,44,Good,48.0,UG/M3,1 Hr,Valid
Guatemala City,PM10 - Principal,2023-04-07 10:00 AM,2023,04,07,10,51.0,47,Good,56.0,UG/M3,1 Hr,Valid
Guatemala City,PM10 - Principal,2023-04-07 11:00 AM,2023,04,07,11,55.0,51,Moderate,59.0,UG/M3,1 Hr,Valid
Guatemala City,PM10 - Principal,2023-04-07 12:00 PM,2023,04,07,12,53.0,49,Good,55.0,UG/M3,1 Hr,Valid
Guatemala City,PM10 - Principal,2023-04-07 01:00 PM,2023,04,07,13,49.0,45,Good,41.0,UG/M3,1 Hr,Valid
Guatemala City,PM10 - Principal,2023-04-07 02:00 PM,2023,04,07,14,46.0,43,Good,40.0,UG/M3,1 Hr,Valid
Guatemala City,PM10 - Principal,2023-04-07 03:00 PM,2023,04,07,15,42.0,39,Good,37.0,UG/M3,1 Hr,Valid
Guatemala City,PM10 - Principal,2023-04-07 04:00 PM,2023,04,07,16,44.0,41,Good,47.0,UG/M3,1 Hr,Valid
Guatemala City,PM10 - Principal,2023-04-07 05:00 PM,2023,04,07,17,44.0,41,Good,44.0,UG/M3,1 Hr,Valid
Guatemala City,PM10 - Principal,2023-04-07 06:00 PM,2023,04,07,18,47.0,44,Good,52.0,UG/M3,1 Hr,Valid
Guatemala City,PM10 - Principal,2023-04-07 07:00 PM,2023,04,07,19,49.0,45,Good,54.0,UG/M3,1 Hr,Valid
Guatemala City,PM10 - Principal,2023-04-07 08:00 PM,2023,04,07,20,51.0,47,Good,54.0,UG/M3,1 Hr,Valid
Guatemala City,PM10 - Principal,2023-04-07 09:00 PM,2023,04,07,21,49.0,45,Good,47.0,UG/M3,1 Hr,Valid
Guatemala City,PM10 - Principal,2023-04-07 10:00 PM,2023,04,07,22,50.0,46,Good,51.0,UG/M3,1 Hr,Valid
Guatemala City,PM10 - Principal,2023-04-07 11:00 PM,2023,04,07,23,50.0,46,Good,53.0,UG/M3,1 Hr,Valid
Guatemala City,PM10 - Principal,2023-04-08 12:00 AM,2023,04,08,00,49.0,45,Good,47.0,UG/M3,1 Hr,Valid
Guatemala City,PM10 - Principal,2023-04-08 01:00 AM,2023,04,08,01,45.0,42,Good,38.0,UG/M3,1 Hr,Valid
Guatemala City,PM10 - Principal,2023-04-08 02:00 AM,2023,04,08,02,32.0,30,Good,22.0,UG/M3,1 Hr,Valid
Guatemala City,PM10 - Principal,2023-04-08 03:00 AM,2023,04,08,03,27.0,25,Good,23.0,UG/M3,1 Hr,Valid
Guatemala City,PM10 - Principal,2023-04-08 04:00 AM,2023,04,08,04,26.0,24,Good,26.0,UG/M3,1 Hr,Valid
Guatemala City,PM10 - Principal,2023-04-08 05:00 AM,2023,04,08,05,29.0,27,Good,33.0,UG/M3,1 Hr,Valid
Guatemala City,PM10 - Principal,2023-04-08 06:00 AM,2023,04,08,06,28.0,26,Good,28.0,UG/M3,1 Hr,Valid
Guatemala City,PM10 - Principal,2023-04-08 07:00 AM,2023,04,08,07,31.0,29,Good,34.0,UG/M3,1 Hr,Valid
Guatemala City,PM10 - Principal,2023-04-08 08:00 AM,2023,04,08,08,31.0,29,Good,32.0,UG/M3,1 Hr,Valid
Guatemala City,PM10 - Principal,2023-04-08 09:00 AM,2023,04,08,09,33.0,31,Good,35.0,UG/M3,1 Hr,Valid
Guatemala City,PM10 - Principal,2023-04-08 10:00 AM,2023,04,08,10,32.0,30,Good,31.0,UG/M3,1 Hr,Valid
Guatemala City,PM10 - Principal,2023-04-08 11:00 AM,2023,04,08,11,27.0,25,Good,22.0,UG/M3,1 Hr,Valid
Guatemala City,PM10 - Principal,2023-04-08 12:00 PM,2023,04,08,12,26.0,24,Good,24.0,UG/M3,1 Hr,Valid
Guatemala City,PM10 - Principal,2023-04-08 01:00 PM,2023,04,08,13,26.0,24,Good,27.0,UG/M3,1 Hr,Valid
Guatemala City,PM10 - Principal,2023-04-08 02:00 PM,2023,04,08,14,26.0,24,Good,26.0,UG/M3,1 Hr,Valid
Guatemala City,PM10 - Principal,2023-04-08 03:00 PM,2023,04,08,15,27.0,25,Good,28.0,UG/M3,1 Hr,Valid
Guatemala City,PM10 - Principal,2023-04-08 04:00 PM,2023,04,08,16,27.0,25,Good,29.0,UG/M3,1 Hr,Valid
Guatemala City,PM10 - Principal,2023-04-08 05:00 PM,2023,04,08,17,32.0,30,Good,38.0,UG/M3,1 Hr,Valid
Guatemala City,PM10 - Principal,2023-04-08 06:00 PM,2023,04,08,18,33.0,31,Good,35.0,UG/M3,1 Hr,Valid
Guatemala City,PM10 - Principal,2023-04-08 07:00 PM,2023,04,08,19,37.0,34,Good,41.0,UG/M3,1 Hr,Valid
Guatemala City,PM10 - Principal,2023-04-08 08:00 PM,2023,04,08,20,35.0,32,Good,34.0,UG/M3,1 Hr,Valid
Guatemala City,PM10 - Principal,2023-04-08 09:00 PM,2023,04,08,21,33.0,31,Good,30.0,UG/M3,1 Hr,Valid
Guatemala City,PM10 - Principal,2023-04-08 10:00 PM,2023,04,08,22,31.0,29,Good,30.0,UG/M3,1 Hr,Valid
Guatemala City,PM10 - Principal,2023-04-08 11:00 PM,2023,04,08,23,29.0,27,Good,27.0,UG/M3,1 Hr,Valid
Guatemala City,PM10 - Principal,2023-04-09 12:00 AM,2023,04,09,00,24.0,22,Good,19.0,UG/M3,1 Hr,Valid
Guatemala City,PM10 - Principal,2023-04-09 01:00 AM,2023,04,09,01,23.0,21,Good,23.0,UG/M3,1 Hr,Valid
Guatemala City,PM10 - Principal,2023-04-09 02:00 AM,2023,04,09,02,22.0,20,Good,21.0,UG/M3,1 Hr,Valid
Guatemala City,PM10 - Principal,2023-04-09 03:00 AM,2023,04,09,03,21.0,19,Good,20.0,UG/M3,1 Hr,Valid
Guatemala City,PM10 - Principal,2023-04-09 04:00 AM,2023,04,09,04,21.0,19,Good,22.0,UG/M3,1 Hr,Valid
Guatemala City,PM10 - Principal,2023-04-09 05:00 AM,2023,04,09,05,21.0,19,Good,21.0,UG/M3,1 Hr,Valid
Guatemala City,PM10 - Principal,2023-04-09 06:00 AM,2023,04,09,06,18.0,17,Good,15.0,UG/M3,1 Hr,Valid
Guatemala City,PM10 - Principal,2023-04-09 07:00 AM,2023,04,09,07,19.0,18,Good,21.0,UG/M3,1 Hr,Valid
Guatemala City,PM10 - Principal,2023-04-09 08:00 AM,2023,04,09,08,22.0,20,Good,26.0,UG/M3,1 Hr,Valid
Guatemala City,PM10 - Principal,2023-04-09 09:00 AM,2023,04,09,09,23.0,21,Good,24.0,UG/M3,1 Hr,Valid
Guatemala City,PM10 - Principal,2023-04-09 10:00 AM,2023,04,09,10,23.0,21,Good,24.0,UG/M3,1 Hr,Valid
Guatemala City,PM10 - Principal,2023-04-09 11:00 AM,2023,04,09,11,22.0,20,Good,21.0,UG/M3,1 Hr,Valid
Guatemala City,PM10 - Principal,2023-04-09 12:00 PM,2023,04,09,12,20.0,19,Good,19.0,UG/M3,1 Hr,Valid
Guatemala City,PM10 - Principal,2023-04-09 01:00 PM,2023,04,09,13,19.0,18,Good,18.0,UG/M3,1 Hr,Valid
Guatemala City,PM10 - Principal,2023-04-09 02:00 PM,2023,04,09,14,18.0,17,Good,18.0,UG/M3,1 Hr,Valid
Guatemala City,PM10 - Principal,2023-04-09 03:00 PM,2023,04,09,15,21.0,19,Good,24.0,UG/M3,1 Hr,Valid
Guatemala City,PM10 - Principal,2023-04-09 04:00 PM,2023,04,09,16,19.0,18,Good,18.0,UG/M3,1 Hr,Valid
Guatemala City,PM10 - Principal,2023-04-09 05:00 PM,2023,04,09,17,19.0,18,Good,20.0,UG/M3,1 Hr,Valid
Guatemala City,PM10 - Principal,2023-04-09 06:00 PM,2023,04,09,18,27.0,25,Good,35.0,UG/M3,1 Hr,Valid
Guatemala City,PM10 - Principal,2023-04-09 07:00 PM,2023,04,09,19,36.0,33,Good,45.0,UG/M3,1 Hr,Valid
Guatemala City,PM10 - Principal,2023-04-09 08:00 PM,2023,04,09,20,36.0,33,Good,37.0,UG/M3,1 Hr,Valid
Guatemala City,PM10 - Principal,2023-04-09 09:00 PM,2023,04,09,21,32.0,30,Good,29.0,UG/M3,1 Hr,Valid
Guatemala City,PM10 - Principal,2023-04-09 10:00 PM,2023,04,09,22,30.0,28,Good,28.0,UG/M3,1 Hr,Valid
Guatemala City,PM10 - Principal,2023-04-09 11:00 PM,2023,04,09,23,27.0,25,Good,25.0,UG/M3,1 Hr,Valid
Guatemala City,PM10 - Principal,2023-04-10 12:00 AM,2023,04,10,00,21.0,19,Good,15.0,UG/M3,1 Hr,Valid
Guatemala City,PM10 - Principal,2023-04-10 01:00 AM,2023,04,10,01,18.0,17,Good,16.0,UG/M3,1 Hr,Valid
Guatemala City,PM10 - Principal,2023-04-10 02:00 AM,2023,04,10,02,16.0,15,Good,14.0,UG/M3,1 Hr,Valid
Guatemala City,PM10 - Principal,2023-04-10 03:00 AM,2023,04,10,03,17.0,16,Good,19.0,UG/M3,1 Hr,Valid
Guatemala City,PM10 - Principal,2023-04-10 04:00 AM,2023,04,10,04,14.0,13,Good,11.0,UG/M3,1 Hr,Valid
Guatemala City,PM10 - Principal,2023-04-10 05:00 AM,2023,04,10,05,18.0,17,Good,23.0,UG/M3,1 Hr,Valid
Guatemala City,PM10 - Principal,2023-04-10 06:00 AM,2023,04,10,06,22.0,20,Good,26.0,UG/M3,1 Hr,Valid
Guatemala City,PM10 - Principal,2023-04-10 07:00 AM,2023,04,10,07,28.0,26,Good,34.0,UG/M3,1 Hr,Valid
Guatemala City,PM10 - Principal,2023-04-10 08:00 AM,2023,04,10,08,32.0,30,Good,37.0,UG/M3,1 Hr,Valid
Guatemala City,PM10 - Principal,2023-04-10 09:00 AM,2023,04,10,09,27.0,25,Good,23.0,UG/M3,1 Hr,Valid
Guatemala City,PM10 - Principal,2023-04-10 10:00 AM,2023,04,10,10,20.0,19,Good,14.0,UG/M3,1 Hr,Valid
Guatemala City,PM10 - Principal,2023-04-10 11:00 AM,2023,04,10,11,19.0,18,Good,19.0,UG/M3,1 Hr,Valid
Guatemala City,PM10 - Principal,2023-04-10 12:00 PM,2023,04,10,12,23.0,21,Good,27.0,UG/M3,1 Hr,Valid
Guatemala City,PM10 - Principal,2023-04-10 01:00 PM,2023,04,10,13,20.0,19,Good,17.0,UG/M3,1 Hr,Valid
Guatemala City,PM10 - Principal,2023-04-10 02:00 PM,2023,04,10,14,20.0,19,Good,21.0,UG/M3,1 Hr,Valid
Guatemala City,PM10 - Principal,2023-04-10 03:00 PM,2023,04,10,15,22.0,20,Good,24.0,UG/M3,1 Hr,Valid
Guatemala City,PM10 - Principal,2023-04-10 04:00 PM,2023,04,10,16,26.0,24,Good,30.0,UG/M3,1 Hr,Valid
Guatemala City,PM10 - Principal,2023-04-10 05:00 PM,2023,04,10,17,25.0,23,Good,25.0,UG/M3,1 Hr,Valid
Guatemala City,PM10 - Principal,2023-04-10 06:00 PM,2023,04,10,18,27.0,25,Good,30.0,UG/M3,1 Hr,Valid
Guatemala City,PM10 - Principal,2023-04-10 07:00 PM,2023,04,10,19,32.0,30,Good,38.0,UG/M3,1 Hr,Valid
Guatemala City,PM10 - Principal,2023-04-10 08:00 PM,2023,04,10,20,36.0,33,Good,40.0,UG/M3,1 Hr,Valid
Guatemala City,PM10 - Principal,2023-04-10 09:00 PM,2023,04,10,21,31.0,29,Good,27.0,UG/M3,1 Hr,Valid
Guatemala City,PM10 - Principal,2023-04-10 10:00 PM,2023,04,10,22,30.0,28,Good,29.0,UG/M3,1 Hr,Valid
Guatemala City,PM10 - Principal,2023-04-10 11:00 PM,2023,04,10,23,28.0,26,Good,27.0,UG/M3,1 Hr,Valid
Guatemala City,PM10 - Principal,2023-04-11 12:00 AM,2023,04,11,00,23.0,21,Good,19.0,UG/M3,1 Hr,Valid
Guatemala City,PM10 - Principal,2023-04-11 01:00 AM,2023,04,11,01,20.0,19,Good,17.0,UG/M3,1 Hr,Valid
Guatemala City,PM10 - Principal,2023-04-11 02:00 AM,2023,04,11,02,17.0,16,Good,15.0,UG/M3,1 Hr,Valid
Guatemala City,PM10 - Principal,2023-04-11 03:00 AM,2023,04,11,03,18.0,17,Good,19.0,UG/M3,1 Hr,Valid
Guatemala City,PM10 - Principal,2023-04-11 04:00 AM,2023,04,11,04,19.0,18,Good,20.0,UG/M3,1 Hr,Valid
Guatemala City,PM10 - Principal,2023-04-11 05:00 AM,2023,04,11,05,18.0,17,Good,17.0,UG/M3,1 Hr,Valid
Guatemala City,PM10 - Principal,2023-04-11 06:00 AM,2023,04,11,06,23.0,21,Good,29.0,UG/M3,1 Hr,Valid
Guatemala City,PM10 - Principal,2023-04-11 07:00 AM,2023,04,11,07,26.0,24,Good,29.0,UG/M3,1 Hr,Valid
Guatemala City,PM10 - Principal,2023-04-11 08:00 AM,2023,04,11,08,30.0,28,Good,34.0,UG/M3,1 Hr,Valid
Guatemala City,PM10 - Principal,2023-04-11 09:00 AM,2023,04,11,09,30.0,28,Good,30.0,UG/M3,1 Hr,Valid
Guatemala City,PM10 - Principal,2023-04-11 10:00 AM,2023,04,11,10,28.0,26,Good,27.0,UG/M3,1 Hr,Valid
Guatemala City,PM10 - Principal,2023-04-11 11:00 AM,2023,04,11,11,23.0,21,Good,19.0,UG/M3,1 Hr,Valid
Guatemala City,PM10 - Principal,2023-04-11 12:00 PM,2023,04,11,12,22.0,20,Good,21.0,UG/M3,1 Hr,Valid
Guatemala City,PM10 - Principal,2023-04-11 01:00 PM,2023,04,11,13,22.0,20,Good,22.0,UG/M3,1 Hr,Valid
Guatemala City,PM10 - Principal,2023-04-11 02:00 PM,2023,04,11,14,21.0,19,Good,21.0,UG/M3,1 Hr,Valid
Guatemala City,PM10 - Principal,2023-04-11 03:00 PM,2023,04,11,15,26.0,24,Good,32.0,UG/M3,1 Hr,Valid
Guatemala City,PM10 - Principal,2023-04-11 04:00 PM,2023,04,11,16,31.0,29,Good,37.0,UG/M3,1 Hr,Valid
Guatemala City,PM10 - Principal,2023-04-11 05:00 PM,2023,04,11,17,31.0,29,Good,32.0,UG/M3,1 Hr,Valid
Guatemala City,PM10 - Principal,2023-04-11 06:00 PM,2023,04,11,18,38.0,35,Good,45.0,UG/M3,1 Hr,Valid
Guatemala City,PM10 - Principal,2023-04-11 07:00 PM,2023,04,11,19,49.0,45,Good,60.0,UG/M3,1 Hr,Valid
Guatemala City,PM10 - Principal,2023-04-11 08:00 PM,2023,04,11,20,52.0,48,Good,55.0,UG/M3,1 Hr,Valid
Guatemala City,PM10 - Principal,2023-04-11 09:00 PM,2023,04,11,21,45.0,42,Good,39.0,UG/M3,1 Hr,Valid
Guatemala City,PM10 - Principal,2023-04-11 10:00 PM,2023,04,11,22,39.0,36,Good,33.0,UG/M3,1 Hr,Valid
Guatemala City,PM10 - Principal,2023-04-11 11:00 PM,2023,04,11,23,32.0,30,Good,25.0,UG/M3,1 Hr,Valid
Guatemala City,PM10 - Principal,2023-04-12 12:00 AM,2023,04,12,00,28.0,26,Good,24.0,UG/M3,1 Hr,Valid
Guatemala City,PM10 - Principal,2023-04-12 01:00 AM,2023,04,12,01,27.0,25,Good,26.0,UG/M3,1 Hr,Valid
Guatemala City,PM10 - Principal,2023-04-12 02:00 AM,2023,04,12,02,31.0,29,Good,35.0,UG/M3,1 Hr,Valid
Guatemala City,PM10 - Principal,2023-04-12 03:00 AM,2023,04,12,03,30.0,28,Good,29.0,UG/M3,1 Hr,Valid
Guatemala City,PM10 - Principal,2023-04-12 04:00 AM,2023,04,12,04,26.0,24,Good,23.0,UG/M3,1 Hr,Valid
Guatemala City,PM10 - Principal,2023-04-12 05:00 AM,2023,04,12,05,26.0,24,Good,27.0,UG/M3,1 Hr,Valid
Guatemala City,PM10 - Principal,2023-04-12 06:00 AM,2023,04,12,06,26.0,24,Good,26.0,UG/M3,1 Hr,Valid
Guatemala City,PM10 - Principal,2023-04-12 07:00 AM,2023,04,12,07,31.0,29,Good,37.0,UG/M3,1 Hr,Valid
Guatemala City,PM10 - Principal,2023-04-12 08:00 AM,2023,04,12,08,30.0,28,Good,30.0,UG/M3,1 Hr,Valid
Guatemala City,PM10 - Principal,2023-04-12 09:00 AM,2023,04,12,09,38.0,35,Good,46.0,UG/M3,1 Hr,Valid
Guatemala City,PM10 - Principal,2023-04-12 10:00 AM,2023,04,12,10,36.0,33,Good,35.0,UG/M3,1 Hr,Valid
Guatemala City,PM10 - Principal,2023-04-12 11:00 AM,2023,04,12,11,37.0,34,Good,38.0,UG/M3,1 Hr,Valid
Guatemala City,PM10 - Principal,2023-04-12 12:00 PM,2023,04,12,12,33.0,31,Good,29.0,UG/M3,1 Hr,Valid
Guatemala City,PM10 - Principal,2023-04-12 01:00 PM,2023,04,12,13,30.0,28,Good,27.0,UG/M3,1 Hr,Valid
Guatemala City,PM10 - Principal,2023-04-12 02:00 PM,2023,04,12,14,30.0,28,Good,31.0,UG/M3,1 Hr,Valid
Guatemala City,PM10 - Principal,2023-04-12 03:00 PM,2023,04,12,15,28.0,26,Good,27.0,UG/M3,1 Hr,Valid
Guatemala City,PM10 - Principal,2023-04-12 04:00 PM,2023,04,12,16,31.0,29,Good,35.0,UG/M3,1 Hr,Valid
Guatemala City,PM10 - Principal,2023-04-12 05:00 PM,2023,04,12,17,33.0,31,Good,36.0,UG/M3,1 Hr,Valid
Guatemala City,PM10 - Principal,2023-04-12 06:00 PM,2023,04,12,18,37.0,34,Good,44.0,UG/M3,1 Hr,Valid
Guatemala City,PM10 - Principal,2023-04-12 07:00 PM,2023,04,12,19,43.0,40,Good,50.0,UG/M3,1 Hr,Valid
Guatemala City,PM10 - Principal,2023-04-12 08:00 PM,2023,04,12,20,41.0,38,Good,38.0,UG/M3,1 Hr,Valid
Guatemala City,PM10 - Principal,2023-04-12 09:00 PM,2023,04,12,21,37.0,34,Good,33.0,UG/M3,1 Hr,Valid
Guatemala City,PM10 - Principal,2023-04-12 10:00 PM,2023,04,12,22,36.0,33,Good,36.0,UG/M3,1 Hr,Valid
Guatemala City,PM10 - Principal,2023-04-12 11:00 PM,2023,04,12,23,36.0,33,Good,36.0,UG/M3,1 Hr,Valid
Guatemala City,PM10 - Principal,2023-04-13 12:00 AM,2023,04,13,00,34.0,31,Good,33.0,UG/M3,1 Hr,Valid
Guatemala City,PM10 - Principal,2023-04-13 01:00 AM,2023,04,13,01,37.0,34,Good,41.0,UG/M3,1 Hr,Valid
Guatemala City,PM10 - Principal,2023-04-13 02:00 AM,2023,04,13,02,36.0,33,Good,36.0,UG/M3,1 Hr,Valid
Guatemala City,PM10 - Principal,2023-04-13 03:00 AM,2023,04,13,03,39.0,36,Good,44.0,UG/M3,1 Hr,Valid
Guatemala City,PM10 - Principal,2023-04-13 04:00 AM,2023,04,13,04,40.0,37,Good,44.0,UG/M3,1 Hr,Valid
Guatemala City,PM10 - Principal,2023-04-13 05:00 AM,2023,04,13,05,42.0,39,Good,46.0,UG/M3,1 Hr,Valid
Guatemala City,PM10 - Principal,2023-04-13 06:00 AM,2023,04,13,06,46.0,43,Good,52.0,UG/M3,1 Hr,Valid
Guatemala City,PM10 - Principal,2023-04-13 07:00 AM,2023,04,13,07,53.0,49,Good,60.0,UG/M3,1 Hr,Valid
Guatemala City,PM10 - Principal,2023-04-13 08:00 AM,2023,04,13,08,49.0,45,Good,45.0,UG/M3,1 Hr,Valid
Guatemala City,PM10 - Principal,2023-04-13 09:00 AM,2023,04,13,09,42.0,39,Good,35.0,UG/M3,1 Hr,Valid
Guatemala City,PM10 - Principal,2023-04-13 10:00 AM,2023,04,13,10,44.0,41,Good,47.0,UG/M3,1 Hr,Valid
Guatemala City,PM10 - Principal,2023-04-13 11:00 AM,2023,04,13,11,43.0,40,Good,42.0,UG/M3,1 Hr,Valid
Guatemala City,PM10 - Principal,2023-04-13 12:00 PM,2023,04,13,12,42.0,39,Good,40.0,UG/M3,1 Hr,Valid
Guatemala City,PM10 - Principal,2023-04-13 01:00 PM,2023,04,13,13,42.0,39,Good,43.0,UG/M3,1 Hr,Valid
Guatemala City,PM10 - Principal,2023-04-13 02:00 PM,2023,04,13,14,41.0,38,Good,41.0,UG/M3,1 Hr,Valid
Guatemala City,PM10 - Principal,2023-04-13 03:00 PM,2023,04,13,15,41.0,38,Good,42.0,UG/M3,1 Hr,Valid
Guatemala City,PM10 - Principal,2023-04-13 04:00 PM,2023,04,13,16,51.0,47,Good,63.0,UG/M3,1 Hr,Valid
Guatemala City,PM10 - Principal,2023-04-13 05:00 PM,2023,04,13,17,78.0,62,Moderate,105.0,UG/M3,1 Hr,Valid
Guatemala City,PM10 - Principal,2023-04-13 06:00 PM,2023,04,13,18,85.0,66,Moderate,92.0,UG/M3,1 Hr,Valid
Guatemala City,PM10 - Principal,2023-04-13 07:00 PM,2023,04,13,19,86.0,66,Moderate,88.0,UG/M3,1 Hr,Valid
Guatemala City,PM10 - Principal,2023-04-13 08:00 PM,2023,04,13,20,89.0,68,Moderate,93.0,UG/M3,1 Hr,Valid
Guatemala City,PM10 - Principal,2023-04-13 09:00 PM,2023,04,13,21,93.0,70,Moderate,97.0,UG/M3,1 Hr,Valid
Guatemala City,PM10 - Principal,2023-04-13 10:00 PM,2023,04,13,22,89.0,68,Moderate,85.0,UG/M3,1 Hr,Valid
Guatemala City,PM10 - Principal,2023-04-13 11:00 PM,2023,04,13,23,88.0,67,Moderate,87.0,UG/M3,1 Hr,Valid
Guatemala City,PM10 - Principal,2023-04-14 12:00 AM,2023,04,14,00,72.0,59,Moderate,56.0,UG/M3,1 Hr,Valid
Guatemala City,PM10 - Principal,2023-04-14 01:00 AM,2023,04,14,01,57.0,52,Moderate,42.0,UG/M3,1 Hr,Valid
Guatemala City,PM10 - Principal,2023-04-14 02:00 AM,2023,04,14,02,45.0,42,Good,34.0,UG/M3,1 Hr,Valid
Guatemala City,PM10 - Principal,2023-04-14 03:00 AM,2023,04,14,03,35.0,32,Good,26.0,UG/M3,1 Hr,Valid
Guatemala City,PM10 - Principal,2023-04-14 04:00 AM,2023,04,14,04,31.0,29,Good,27.0,UG/M3,1 Hr,Valid
Guatemala City,PM10 - Principal,2023-04-14 05:00 AM,2023,04,14,05,30.0,28,Good,30.0,UG/M3,1 Hr,Valid
Guatemala City,PM10 - Principal,2023-04-14 06:00 AM,2023,04,14,06,30.0,28,Good,30.0,UG/M3,1 Hr,Valid
Guatemala City,PM10 - Principal,2023-04-14 07:00 AM,2023,04,14,07,32.0,30,Good,35.0,UG/M3,1 Hr,Valid
Guatemala City,PM10 - Principal,2023-04-14 08:00 AM,2023,04,14,08,35.0,32,Good,39.0,UG/M3,1 Hr,Valid
Guatemala City,PM10 - Principal,2023-04-14 09:00 AM,2023,04,14,09,40.0,37,Good,46.0,UG/M3,1 Hr,Valid
Guatemala City,PM10 - Principal,2023-04-14 10:00 AM,2023,04,14,10,48.0,44,Good,57.0,UG/M3,1 Hr,Valid
Guatemala City,PM10 - Principal,2023-04-14 11:00 AM,2023,04,14,11,56.0,51,Moderate,65.0,UG/M3,1 Hr,Valid
Guatemala City,PM10 - Principal,2023-04-14 12:00 PM,2023,04,14,12,59.0,53,Moderate,63.0,UG/M3,1 Hr,Valid
Guatemala City,PM10 - Principal,2023-04-14 01:00 PM,2023,04,14,13,55.0,51,Moderate,52.0,UG/M3,1 Hr,Valid
Guatemala City,PM10 - Principal,2023-04-14 02:00 PM,2023,04,14,14,56.0,51,Moderate,56.0,UG/M3,1 Hr,Valid
Guatemala City,PM10 - Principal,2023-04-14 03:00 PM,2023,04,14,15,88.0,67,Moderate,120.0,UG/M3,1 Hr,Valid
Guatemala City,PM10 - Principal,2023-04-14 04:00 PM,2023,04,14,16,110.0,78,Moderate,132.0,UG/M3,1 Hr,Valid
Guatemala City,PM10 - Principal,2023-04-14 05:00 PM,2023,04,14,17,120.0,83,Moderate,130.0,UG/M3,1 Hr,Valid
Guatemala City,PM10 - Principal,2023-04-14 06:00 PM,2023,04,14,18,114.0,80,Moderate,108.0,UG/M3,1 Hr,Valid
Guatemala City,PM10 - Principal,2023-04-14 07:00 PM,2023,04,14,19,105.0,76,Moderate,96.0,UG/M3,1 Hr,Valid
Guatemala City,PM10 - Principal,2023-04-14 08:00 PM,2023,04,14,20,97.0,72,Moderate,89.0,UG/M3,1 Hr,Valid
Guatemala City,PM10 - Principal,2023-04-14 09:00 PM,2023,04,14,21,90.0,68,Moderate,84.0,UG/M3,1 Hr,Valid
Guatemala City,PM10 - Principal,2023-04-14 10:00 PM,2023,04,14,22,86.0,66,Moderate,83.0,UG/M3,1 Hr,Valid
Guatemala City,PM10 - Principal,2023-04-14 11:00 PM,2023,04,14,23,79.0,63,Moderate,73.0,UG/M3,1 Hr,Valid
Guatemala City,PM10 - Principal,2023-04-15 12:00 AM,2023,04,15,00,73.0,60,Moderate,67.0,UG/M3,1 Hr,Valid
Guatemala City,PM10 - Principal,2023-04-15 01:00 AM,2023,04,15,01,74.0,60,Moderate,76.0,UG/M3,1 Hr,Valid
Guatemala City,PM10 - Principal,2023-04-15 02:00 AM,2023,04,15,02,71.0,59,Moderate,68.0,UG/M3,1 Hr,Valid
Guatemala City,PM10 - Principal,2023-04-15 03:00 AM,2023,04,15,03,66.0,56,Moderate,61.0,UG/M3,1 Hr,Valid
Guatemala City,PM10 - Principal,2023-04-15 04:00 AM,2023,04,15,04,59.0,53,Moderate,52.0,UG/M3,1 Hr,Valid
Guatemala City,PM10 - Principal,2023-04-15 05:00 AM,2023,04,15,05,57.0,52,Moderate,56.0,UG/M3,1 Hr,Valid
Guatemala City,PM10 - Principal,2023-04-15 06:00 AM,2023,04,15,06,57.0,52,Moderate,56.0,UG/M3,1 Hr,Valid
Guatemala City,PM10 - Principal,2023-04-15 07:00 AM,2023,04,15,07,59.0,53,Moderate,63.0,UG/M3,1 Hr,Valid
Guatemala City,PM10 - Principal,2023-04-15 08:00 AM,2023,04,15,08,61.0,54,Moderate,64.0,UG/M3,1 Hr,Valid
Guatemala City,PM10 - Principal,2023-04-15 09:00 AM,2023,04,15,09,66.0,56,Moderate,76.0,UG/M3,1 Hr,Valid
Guatemala City,PM10 - Principal,2023-04-15 10:00 AM,2023,04,15,10,69.0,58,Moderate,76.0,UG/M3,1 Hr,Valid
Guatemala City,PM10 - Principal,2023-04-15 11:00 AM,2023,04,15,11,68.0,57,Moderate,68.0,UG/M3,1 Hr,Valid
Guatemala City,PM10 - Principal,2023-04-15 12:00 PM,2023,04,15,12,67.0,57,Moderate,64.0,UG/M3,1 Hr,Valid
Guatemala City,PM10 - Principal,2023-04-15 01:00 PM,2023,04,15,13,63.0,55,Moderate,55.0,UG/M3,1 Hr,Valid
Guatemala City,PM10 - Principal,2023-04-15 02:00 PM,2023,04,15,14,75.0,61,Moderate,93.0,UG/M3,1 Hr,Valid
Guatemala City,PM10 - Principal,2023-04-15 03:00 PM,2023,04,15,15,82.0,64,Moderate,91.0,UG/M3,1 Hr,Valid
Guatemala City,PM10 - Principal,2023-04-15 04:00 PM,2023,04,15,16,97.0,72,Moderate,110.0,UG/M3,1 Hr,Valid
Guatemala City,PM10 - Principal,2023-04-15 05:00 PM,2023,04,15,17,96.0,71,Moderate,95.0,UG/M3,1 Hr,Valid
Guatemala City,PM10 - Principal,2023-04-15 06:00 PM,2023,04,15,18,89.0,68,Moderate,82.0,UG/M3,1 Hr,Valid
Guatemala City,PM10 - Principal,2023-04-15 07:00 PM,2023,04,15,19,79.0,63,Moderate,69.0,UG/M3,1 Hr,Valid
Guatemala City,PM10 - Principal,2023-04-15 08:00 PM,2023,04,15,20,71.0,59,Moderate,64.0,UG/M3,1 Hr,Valid
Guatemala City,PM10 - Principal,2023-04-15 09:00 PM,2023,04,15,21,67.0,57,Moderate,63.0,UG/M3,1 Hr,Valid
Guatemala City,PM10 - Principal,2023-04-15 10:00 PM,2023,04,15,22,67.0,57,Moderate,67.0,UG/M3,1 Hr,Valid
Guatemala City,PM10 - Principal,2023-04-15 11:00 PM,2023,04,15,23,67.0,57,Moderate,67.0,UG/M3,1 Hr,Valid
Guatemala City,PM10 - Principal,2023-04-16 12:00 AM,2023,04,16,00,67.0,57,Moderate,67.0,UG/M3,1 Hr,Valid
Guatemala City,PM10 - Principal,2023-04-16 01:00 AM,2023,04,16,01,68.0,57,Moderate,70.0,UG/M3,1 Hr,Valid
Guatemala City,PM10 - Principal,2023-04-16 02:00 AM,2023,04,16,02,69.0,58,Moderate,70.0,UG/M3,1 Hr,Valid
Guatemala City,PM10 - Principal,2023-04-16 03:00 AM,2023,04,16,03,72.0,59,Moderate,76.0,UG/M3,1 Hr,Valid
Guatemala City,PM10 - Principal,2023-04-16 04:00 AM,2023,04,16,04,76.0,61,Moderate,87.0,UG/M3,1 Hr,Valid
Guatemala City,PM10 - Principal,2023-04-16 05:00 AM,2023,04,16,05,82.0,64,Moderate,95.0,UG/M3,1 Hr,Valid
Guatemala City,PM10 - Principal,2023-04-16 06:00 AM,2023,04,16,06,85.0,66,Moderate,92.0,UG/M3,1 Hr,Valid
Guatemala City,PM10 - Principal,2023-04-16 07:00 AM,2023,04,16,07,98.0,72,Moderate,111.0,UG/M3,1 Hr,Valid
Guatemala City,PM10 - Principal,2023-04-16 08:00 AM,2023,04,16,08,98.0,72,Moderate,98.0,UG/M3,1 Hr,Valid
Guatemala City,PM10 - Principal,2023-04-16 09:00 AM,2023,04,16,09,94.0,70,Moderate,89.0,UG/M3,1 Hr,Valid
Guatemala City,PM10 - Principal,2023-04-16 10:00 AM,2023,04,16,10,87.0,67,Moderate,77.0,UG/M3,1 Hr,Valid
Guatemala City,PM10 - Principal,2023-04-16 11:00 AM,2023,04,16,11,80.0,63,Moderate,69.0,UG/M3,1 Hr,Valid
Guatemala City,PM10 - Principal,2023-04-16 12:00 PM,2023,04,16,12,68.0,57,Moderate,58.0,UG/M3,1 Hr,Valid
Guatemala City,PM10 - Principal,2023-04-16 01:00 PM,2023,04,16,13,58.0,52,Moderate,50.0,UG/M3,1 Hr,Valid
Guatemala City,PM10 - Principal,2023-04-16 02:00 PM,2023,04,16,14,53.0,49,Good,48.0,UG/M3,1 Hr,Valid
Guatemala City,PM10 - Principal,2023-04-16 03:00 PM,2023,04,16,15,51.0,47,Good,50.0,UG/M3,1 Hr,Valid
Guatemala City,PM10 - Principal,2023-04-16 04:00 PM,2023,04,16,16,58.0,52,Moderate,65.0,UG/M3,1 Hr,Valid
Guatemala City,PM10 - Principal,2023-04-16 05:00 PM,2023,04,16,17,53.0,49,Good,49.0,UG/M3,1 Hr,Valid
Guatemala City,PM10 - Principal,2023-04-16 06:00 PM,2023,04,16,18,70.0,58,Moderate,88.0,UG/M3,1 Hr,Valid
Guatemala City,PM10 - Principal,2023-04-16 07:00 PM,2023,04,16,19,77.0,62,Moderate,84.0,UG/M3,1 Hr,Valid
Guatemala City,PM10 - Principal,2023-04-16 08:00 PM,2023,04,16,20,76.0,61,Moderate,77.0,UG/M3,1 Hr,Valid
Guatemala City,PM10 - Principal,2023-04-16 09:00 PM,2023,04,16,21,78.0,62,Moderate,80.0,UG/M3,1 Hr,Valid
Guatemala City,PM10 - Principal,2023-04-16 10:00 PM,2023,04,16,22,69.0,58,Moderate,59.0,UG/M3,1 Hr,Valid
Guatemala City,PM10 - Principal,2023-04-16 11:00 PM,2023,04,16,23,63.0,55,Moderate,57.0,UG/M3,1 Hr,Valid
Guatemala City,PM10 - Principal,2023-04-17 12:00 AM,2023,04,17,00,62.0,54,Moderate,60.0,UG/M3,1 Hr,Valid
Guatemala City,PM10 - Principal,2023-04-17 01:00 AM,2023,04,17,01,59.0,53,Moderate,57.0,UG/M3,1 Hr,Valid
Guatemala City,PM10 - Principal,2023-04-17 02:00 AM,2023,04,17,02,56.0,51,Moderate,53.0,UG/M3,1 Hr,Valid
Guatemala City,PM10 - Principal,2023-04-17 03:00 AM,2023,04,17,03,56.0,51,Moderate,56.0,UG/M3,1 Hr,Valid
Guatemala City,PM10 - Principal,2023-04-17 04:00 AM,2023,04,17,04,50.0,46,Good,45.0,UG/M3,1 Hr,Valid
Guatemala City,PM10 - Principal,2023-04-17 05:00 AM,2023,04,17,05,54.0,50,Good,59.0,UG/M3,1 Hr,Valid
Guatemala City,PM10 - Principal,2023-04-17 06:00 AM,2023,04,17,06,52.0,48,Good,50.0,UG/M3,1 Hr,Valid
Guatemala City,PM10 - Principal,2023-04-17 07:00 AM,2023,04,17,07,53.0,49,Good,54.0,UG/M3,1 Hr,Valid
Guatemala City,PM10 - Principal,2023-04-17 08:00 AM,2023,04,17,08,50.0,46,Good,48.0,UG/M3,1 Hr,Valid
Guatemala City,PM10 - Principal,2023-04-17 09:00 AM,2023,04,17,09,51.0,47,Good,48.0,UG/M3,1 Hr,Valid
Guatemala City,PM10 - Principal,2023-04-17 10:00 AM,2023,04,17,10,49.0,45,Good,46.0,UG/M3,1 Hr,Valid
Guatemala City,PM10 - Principal,2023-04-17 11:00 AM,2023,04,17,11,37.0,34,Good,28.0,UG/M3,1 Hr,Valid
Guatemala City,PM10 - Principal,2023-04-17 12:00 PM,2023,04,17,12,31.0,29,Good,26.0,UG/M3,1 Hr,Valid
Guatemala City,PM10 - Principal,2023-04-17 01:00 PM,2023,04,17,13,25.0,23,Good,19.0,UG/M3,1 Hr,Valid
Guatemala City,PM10 - Principal,2023-04-17 02:00 PM,2023,04,17,14,24.0,22,Good,24.0,UG/M3,1 Hr,Valid
Guatemala City,PM10 - Principal,2023-04-17 03:00 PM,2023,04,17,15,31.0,29,Good,39.0,UG/M3,1 Hr,Valid
Guatemala City,PM10 - Principal,2023-04-17 04:00 PM,2023,04,17,16,35.0,32,Good,40.0,UG/M3,1 Hr,Valid
Guatemala City,PM10 - Principal,2023-04-17 05:00 PM,2023,04,17,17,37.0,34,Good,40.0,UG/M3,1 Hr,Valid
Guatemala City,PM10 - Principal,2023-04-17 06:00 PM,2023,04,17,18,41.0,38,Good,45.0,UG/M3,1 Hr,Valid
Guatemala City,PM10 - Principal,2023-04-17 07:00 PM,2023,04,17,19,45.0,42,Good,49.0,UG/M3,1 Hr,Valid
Guatemala City,PM10 - Principal,2023-04-17 08:00 PM,2023,04,17,20,45.0,42,Good,46.0,UG/M3,1 Hr,Valid
Guatemala City,PM10 - Principal,2023-04-17 09:00 PM,2023,04,17,21,45.0,42,Good,46.0,UG/M3,1 Hr,Valid
Guatemala City,PM10 - Principal,2023-04-17 10:00 PM,2023,04,17,22,47.0,44,Good,50.0,UG/M3,1 Hr,Valid
Guatemala City,PM10 - Principal,2023-04-17 11:00 PM,2023,04,17,23,37.0,34,Good,28.0,UG/M3,1 Hr,Valid
Guatemala City,PM10 - Principal,2023-04-18 12:00 AM,2023,04,18,00,28.0,26,Good,19.0,UG/M3,1 Hr,Valid
Guatemala City,PM10 - Principal,2023-04-18 01:00 AM,2023,04,18,01,23.0,21,Good,18.0,UG/M3,1 Hr,Valid
Guatemala City,PM10 - Principal,2023-04-18 02:00 AM,2023,04,18,02,20.0,19,Good,17.0,UG/M3,1 Hr,Valid
Guatemala City,PM10 - Principal,2023-04-18 03:00 AM,2023,04,18,03,17.0,16,Good,14.0,UG/M3,1 Hr,Valid
Guatemala City,PM10 - Principal,2023-04-18 04:00 AM,2023,04,18,04,16.0,15,Good,16.0,UG/M3,1 Hr,Valid
Guatemala City,PM10 - Principal,2023-04-18 05:00 AM,2023,04,18,05,20.0,19,Good,25.0,UG/M3,1 Hr,Valid
Guatemala City,PM10 - Principal,2023-04-18 06:00 AM,2023,04,18,06,28.0,26,Good,36.0,UG/M3,1 Hr,Valid
Guatemala City,PM10 - Principal,2023-04-18 07:00 AM,2023,04,18,07,28.0,26,Good,29.0,UG/M3,1 Hr,Valid
Guatemala City,PM10 - Principal,2023-04-18 08:00 AM,2023,04,18,08,29.0,27,Good,31.0,UG/M3,1 Hr,Valid
Guatemala City,PM10 - Principal,2023-04-18 09:00 AM,2023,04,18,09,25.0,23,Good,21.0,UG/M3,1 Hr,Valid
Guatemala City,PM10 - Principal,2023-04-18 10:00 AM,2023,04,18,10,26.0,24,Good,28.0,UG/M3,1 Hr,Valid
Guatemala City,PM10 - Principal,2023-04-18 11:00 AM,2023,04,18,11,27.0,25,Good,29.0,UG/M3,1 Hr,Valid
Guatemala City,PM10 - Principal,2023-04-18 12:00 PM,2023,04,18,12,28.0,26,Good,29.0,UG/M3,1 Hr,Valid
Guatemala City,PM10 - Principal,2023-04-18 01:00 PM,2023,04,18,13,33.0,31,Good,38.0,UG/M3,1 Hr,Valid
Guatemala City,PM10 - Principal,2023-04-18 02:00 PM,2023,04,18,14,30.0,28,Good,27.0,UG/M3,1 Hr,Valid
Guatemala City,PM10 - Principal,2023-04-18 03:00 PM,2023,04,18,15,40.0,37,Good,51.0,UG/M3,1 Hr,Valid
Guatemala City,PM10 - Principal,2023-04-18 04:00 PM,2023,04,18,16,48.0,44,Good,56.0,UG/M3,1 Hr,Valid
Guatemala City,PM10 - Principal,2023-04-18 05:00 PM,2023,04,18,17,55.0,51,Moderate,63.0,UG/M3,1 Hr,Valid
Guatemala City,PM10 - Principal,2023-04-18 06:00 PM,2023,04,18,18,65.0,56,Moderate,76.0,UG/M3,1 Hr,Valid
Guatemala City,PM10 - Principal,2023-04-18 07:00 PM,2023,04,18,19,66.0,56,Moderate,68.0,UG/M3,1 Hr,Valid
Guatemala City,PM10 - Principal,2023-04-18 08:00 PM,2023,04,18,20,50.0,46,Good,35.0,UG/M3,1 Hr,Valid
Guatemala City,PM10 - Principal,2023-04-18 09:00 PM,2023,04,18,21,37.0,34,Good,25.0,UG/M3,1 Hr,Valid
Guatemala City,PM10 - Principal,2023-04-18 10:00 PM,2023,04,18,22,30.0,28,Good,24.0,UG/M3,1 Hr,Valid
Guatemala City,PM10 - Principal,2023-04-18 11:00 PM,2023,04,18,23,21.0,19,Good,13.0,UG/M3,1 Hr,Valid
Guatemala City,PM10 - Principal,2023-04-19 12:00 AM,2023,04,19,00,20.0,19,Good,19.0,UG/M3,1 Hr,Valid
Guatemala City,PM10 - Principal,2023-04-19 01:00 AM,2023,04,19,01,20.0,19,Good,21.0,UG/M3,1 Hr,Valid
Guatemala City,PM10 - Principal,2023-04-19 02:00 AM,2023,04,19,02,16.0,15,Good,12.0,UG/M3,1 Hr,Valid
Guatemala City,PM10 - Principal,2023-04-19 03:00 AM,2023,04,19,03,15.0,14,Good,14.0,UG/M3,1 Hr,Valid
Guatemala City,PM10 - Principal,2023-04-19 04:00 AM,2023,04,19,04,16.0,15,Good,18.0,UG/M3,1 Hr,Valid
Guatemala City,PM10 - Principal,2023-04-19 05:00 AM,2023,04,19,05,21.0,19,Good,27.0,UG/M3,1 Hr,Valid
Guatemala City,PM10 - Principal,2023-04-19 06:00 AM,2023,04,19,06,19.0,18,Good,17.0,UG/M3,1 Hr,Valid
Guatemala City,PM10 - Principal,2023-04-19 07:00 AM,2023,04,19,07,19.0,18,Good,19.0,UG/M3,1 Hr,Valid
Guatemala City,PM10 - Principal,2023-04-19 08:00 AM,2023,04,19,08,22.0,20,Good,25.0,UG/M3,1 Hr,Valid
Guatemala City,PM10 - Principal,2023-04-19 09:00 AM,2023,04,19,09,22.0,20,Good,23.0,UG/M3,1 Hr,Valid
Guatemala City,PM10 - Principal,2023-04-19 10:00 AM,2023,04,19,10,27.0,25,Good,32.0,UG/M3,1 Hr,Valid
Guatemala City,PM10 - Principal,2023-04-19 11:00 AM,2023,04,19,11,28.0,26,Good,29.0,UG/M3,1 Hr,Valid
Guatemala City,PM10 - Principal,2023-04-19 12:00 PM,2023,04,19,12,30.0,28,Good,32.0,UG/M3,1 Hr,Valid
Guatemala City,PM10 - Principal,2023-04-19 01:00 PM,2023,04,19,13,29.0,27,Good,29.0,UG/M3,1 Hr,Valid
Guatemala City,PM10 - Principal,2023-04-19 02:00 PM,2023,04,19,14,39.0,36,Good,49.0,UG/M3,1 Hr,Valid
Guatemala City,PM10 - Principal,2023-04-19 03:00 PM,2023,04,19,15,53.0,49,Good,67.0,UG/M3,1 Hr,Valid
Guatemala City,PM10 - Principal,2023-04-19 04:00 PM,2023,04,19,16,73.0,60,Moderate,93.0,UG/M3,1 Hr,Valid
Guatemala City,PM10 - Principal,2023-04-19 05:00 PM,2023,04,19,17,86.0,66,Moderate,100.0,UG/M3,1 Hr,Valid
Guatemala City,PM10 - Principal,2023-04-19 06:00 PM,2023,04,19,18,87.0,67,Moderate,88.0,UG/M3,1 Hr,Valid
Guatemala City,PM10 - Principal,2023-04-19 07:00 PM,2023,04,19,19,86.0,66,Moderate,85.0,UG/M3,1 Hr,Valid
Guatemala City,PM10 - Principal,2023-04-19 08:00 PM,2023,04,19,20,83.0,65,Moderate,80.0,UG/M3,1 Hr,Valid
Guatemala City,PM10 - Principal,2023-04-19 09:00 PM,2023,04,19,21,76.0,61,Moderate,69.0,UG/M3,1 Hr,Valid
Guatemala City,PM10 - Principal,2023-04-19 10:00 PM,2023,04,19,22,73.0,60,Moderate,70.0,UG/M3,1 Hr,Valid
Guatemala City,PM10 - Principal,2023-04-19 11:00 PM,2023,04,19,23,62.0,54,Moderate,52.0,UG/M3,1 Hr,Valid
Guatemala City,PM10 - Principal,2023-04-20 12:00 AM,2023,04,20,00,54.0,50,Good,47.0,UG/M3,1 Hr,Valid
Guatemala City,PM10 - Principal,2023-04-20 01:00 AM,2023,04,20,01,53.0,49,Good,53.0,UG/M3,1 Hr,Valid
Guatemala City,PM10 - Principal,2023-04-20 02:00 AM,2023,04,20,02,50.0,46,Good,48.0,UG/M3,1 Hr,Valid
Guatemala City,PM10 - Principal,2023-04-20 03:00 AM,2023,04,20,03,49.0,45,Good,49.0,UG/M3,1 Hr,Valid
Guatemala City,PM10 - Principal,2023-04-20 04:00 AM,2023,04,20,04,49.0,45,Good,49.0,UG/M3,1 Hr,Valid
Guatemala City,PM10 - Principal,2023-04-20 05:00 AM,2023,04,20,05,53.0,49,Good,57.0,UG/M3,1 Hr,Valid
Guatemala City,PM10 - Principal,2023-04-20 06:00 AM,2023,04,20,06,51.0,47,Good,50.0,UG/M3,1 Hr,Valid
Guatemala City,PM10 - Principal,2023-04-20 07:00 AM,2023,04,20,07,51.0,47,Good,51.0,UG/M3,1 Hr,Valid
Guatemala City,PM10 - Principal,2023-04-20 08:00 AM,2023,04,20,08,55.0,51,Moderate,63.0,UG/M3,1 Hr,Valid
Guatemala City,PM10 - Principal,2023-04-20 09:00 AM,2023,04,20,09,57.0,52,Moderate,61.0,UG/M3,1 Hr,Valid
Guatemala City,PM10 - Principal,2023-04-20 10:00 AM,2023,04,20,10,57.0,52,Moderate,63.0,UG/M3,1 Hr,Valid
Guatemala City,PM10 - Principal,2023-04-20 11:00 AM,2023,04,20,11,56.0,51,Moderate,52.0,UG/M3,1 Hr,Valid
Guatemala City,PM10 - Principal,2023-04-20 12:00 PM,2023,04,20,12,57.0,52,Moderate,59.0,UG/M3,1 Hr,Valid
Guatemala City,PM10 - Principal,2023-04-20 01:00 PM,2023,04,20,13,56.0,51,Moderate,56.0,UG/M3,1 Hr,Valid
Guatemala City,PM10 - Principal,2023-04-20 02:00 PM,2023,04,20,14,57.0,52,Moderate,58.0,UG/M3,1 Hr,Valid
Guatemala City,PM10 - Principal,2023-04-20 03:00 PM,2023,04,20,15,63.0,55,Moderate,75.0,UG/M3,1 Hr,Valid
Guatemala City,PM10 - Principal,2023-04-20 04:00 PM,2023,04,20,16,77.0,62,Moderate,92.0,UG/M3,1 Hr,Valid
Guatemala City,PM10 - Principal,2023-04-20 05:00 PM,2023,04,20,17,76.0,61,Moderate,75.0,UG/M3,1 Hr,Valid
Guatemala City,PM10 - Principal,2023-04-20 06:00 PM,2023,04,20,18,80.0,63,Moderate,85.0,UG/M3,1 Hr,Valid
Guatemala City,PM10 - Principal,2023-04-20 07:00 PM,2023,04,20,19,78.0,62,Moderate,77.0,UG/M3,1 Hr,Valid
Guatemala City,PM10 - Principal,2023-04-20 08:00 PM,2023,04,20,20,81.0,64,Moderate,84.0,UG/M3,1 Hr,Valid
Guatemala City,PM10 - Principal,2023-04-20 09:00 PM,2023,04,20,21,83.0,65,Moderate,86.0,UG/M3,1 Hr,Valid
Guatemala City,PM10 - Principal,2023-04-20 10:00 PM,2023,04,20,22,85.0,66,Moderate,88.0,UG/M3,1 Hr,Valid
Guatemala City,PM10 - Principal,2023-04-20 11:00 PM,2023,04,20,23,86.0,66,Moderate,88.0,UG/M3,1 Hr,Valid
Guatemala City,PM10 - Principal,2023-04-21 12:00 AM,2023,04,21,00,80.0,63,Moderate,73.0,UG/M3,1 Hr,Valid
Guatemala City,PM10 - Principal,2023-04-21 01:00 AM,2023,04,21,01,76.0,61,Moderate,68.0,UG/M3,1 Hr,Valid
Guatemala City,PM10 - Principal,2023-04-21 02:00 AM,2023,04,21,02,76.0,61,Moderate,73.0,UG/M3,1 Hr,Valid
Guatemala City,PM10 - Principal,2023-04-21 03:00 AM,2023,04,21,03,72.0,59,Moderate,65.0,UG/M3,1 Hr,Valid
Guatemala City,PM10 - Principal,2023-04-21 04:00 AM,2023,04,21,04,70.0,58,Moderate,64.0,UG/M3,1 Hr,Valid
Guatemala City,PM10 - Principal,2023-04-21 05:00 AM,2023,04,21,05,71.0,59,Moderate,73.0,UG/M3,1 Hr,Valid
Guatemala City,PM10 - Principal,2023-04-21 06:00 AM,2023,04,21,06,71.0,59,Moderate,71.0,UG/M3,1 Hr,Valid
Guatemala City,PM10 - Principal,2023-04-21 07:00 AM,2023,04,21,07,71.0,59,Moderate,72.0,UG/M3,1 Hr,Valid
Guatemala City,PM10 - Principal,2023-04-21 08:00 AM,2023,04,21,08,69.0,58,Moderate,65.0,UG/M3,1 Hr,Valid
Guatemala City,PM10 - Principal,2023-04-21 09:00 AM,2023,04,21,09,72.0,59,Moderate,81.0,UG/M3,1 Hr,Valid
Guatemala City,PM10 - Principal,2023-04-21 10:00 AM,2023,04,21,10,76.0,61,Moderate,87.0,UG/M3,1 Hr,Valid
Guatemala City,PM10 - Principal,2023-04-21 11:00 AM,2023,04,21,11,75.0,61,Moderate,73.0,UG/M3,1 Hr,Valid
Guatemala City,PM10 - Principal,2023-04-21 12:00 PM,2023,04,21,12,88.0,67,Moderate,106.0,UG/M3,1 Hr,Valid
Guatemala City,PM10 - Principal,2023-04-21 01:00 PM,2023,04,21,13,100.0,73,Moderate,115.0,UG/M3,1 Hr,Valid
Guatemala City,PM10 - Principal,2023-04-21 02:00 PM,2023,04,21,14,110.0,78,Moderate,120.0,UG/M3,1 Hr,Valid
Guatemala City,PM10 - Principal,2023-04-21 03:00 PM,2023,04,21,15,127.0,87,Moderate,144.0,UG/M3,1 Hr,Valid
Guatemala City,PM10 - Principal,2023-04-21 04:00 PM,2023,04,21,16,116.0,81,Moderate,106.0,UG/M3,1 Hr,Valid
Guatemala City,PM10 - Principal,2023-04-21 05:00 PM,2023,04,21,17,103.0,75,Moderate,91.0,UG/M3,1 Hr,Valid
Guatemala City,PM10 - Principal,2023-04-21 06:00 PM,2023,04,21,18,88.0,67,Moderate,74.0,UG/M3,1 Hr,Valid
Guatemala City,PM10 - Principal,2023-04-21 07:00 PM,2023,04,21,19,77.0,62,Moderate,67.0,UG/M3,1 Hr,Valid
Guatemala City,PM10 - Principal,2023-04-21 08:00 PM,2023,04,21,20,72.0,59,Moderate,68.0,UG/M3,1 Hr,Valid
Guatemala City,PM10 - Principal,2023-04-21 09:00 PM,2023,04,21,21,72.0,59,Moderate,72.0,UG/M3,1 Hr,Valid
Guatemala City,PM10 - Principal,2023-04-21 10:00 PM,2023,04,21,22,72.0,59,Moderate,72.0,UG/M3,1 Hr,Valid
Guatemala City,PM10 - Principal,2023-04-21 11:00 PM,2023,04,21,23,69.0,58,Moderate,67.0,UG/M3,1 Hr,Valid
Guatemala City,PM10 - Principal,2023-04-22 12:00 AM,2023,04,22,00,72.0,59,Moderate,76.0,UG/M3,1 Hr,Valid
Guatemala City,PM10 - Principal,2023-04-22 01:00 AM,2023,04,22,01,66.0,56,Moderate,61.0,UG/M3,1 Hr,Valid
Guatemala City,PM10 - Principal,2023-04-22 02:00 AM,2023,04,22,02,58.0,52,Moderate,50.0,UG/M3,1 Hr,Valid
Guatemala City,PM10 - Principal,2023-04-22 03:00 AM,2023,04,22,03,55.0,51,Moderate,52.0,UG/M3,1 Hr,Valid
Guatemala City,PM10 - Principal,2023-04-22 04:00 AM,2023,04,22,04,55.0,51,Moderate,54.0,UG/M3,1 Hr,Valid
Guatemala City,PM10 - Principal,2023-04-22 05:00 AM,2023,04,22,05,58.0,52,Moderate,62.0,UG/M3,1 Hr,Valid
Guatemala City,PM10 - Principal,2023-04-22 06:00 AM,2023,04,22,06,61.0,54,Moderate,68.0,UG/M3,1 Hr,Valid
Guatemala City,PM10 - Principal,2023-04-22 07:00 AM,2023,04,22,07,68.0,57,Moderate,79.0,UG/M3,1 Hr,Valid
Guatemala City,PM10 - Principal,2023-04-22 08:00 AM,2023,04,22,08,70.0,58,Moderate,74.0,UG/M3,1 Hr,Valid
Guatemala City,PM10 - Principal,2023-04-22 09:00 AM,2023,04,22,09,71.0,59,Moderate,74.0,UG/M3,1 Hr,Valid
Guatemala City,PM10 - Principal,2023-04-22 10:00 AM,2023,04,22,10,71.0,59,Moderate,-999.0,UG/M3,1 Hr,Missing
Guatemala City,PM10 - Principal,2023-04-22 03:00 PM,2023,04,22,15,-999.0,-999,N/A,86.0,UG/M3,1 Hr,Valid
Guatemala City,PM10 - Principal,2023-04-22 04:00 PM,2023,04,22,16,84.0,65,Moderate,87.0,UG/M3,1 Hr,Valid
Guatemala City,PM10 - Principal,2023-04-22 05:00 PM,2023,04,22,17,90.0,68,Moderate,98.0,UG/M3,1 Hr,Valid
Guatemala City,PM10 - Principal,2023-04-22 06:00 PM,2023,04,22,18,86.0,66,Moderate,79.0,UG/M3,1 Hr,Valid
Guatemala City,PM10 - Principal,2023-04-22 07:00 PM,2023,04,22,19,79.0,63,Moderate,68.0,UG/M3,1 Hr,Valid
Guatemala City,PM10 - Principal,2023-04-22 08:00 PM,2023,04,22,20,83.0,65,Moderate,91.0,UG/M3,1 Hr,Valid
Guatemala City,PM10 - Principal,2023-04-22 09:00 PM,2023,04,22,21,88.0,67,Moderate,98.0,UG/M3,1 Hr,Valid
Guatemala City,PM10 - Principal,2023-04-22 10:00 PM,2023,04,22,22,84.0,65,Moderate,76.0,UG/M3,1 Hr,Valid
Guatemala City,PM10 - Principal,2023-04-22 11:00 PM,2023,04,22,23,76.0,61,Moderate,63.0,UG/M3,1 Hr,Valid
Guatemala City,PM10 - Principal,2023-04-23 12:00 AM,2023,04,23,00,81.0,64,Moderate,91.0,UG/M3,1 Hr,Valid
Guatemala City,PM10 - Principal,2023-04-23 01:00 AM,2023,04,23,01,76.0,61,Moderate,67.0,UG/M3,1 Hr,Valid
Guatemala City,PM10 - Principal,2023-04-23 02:00 AM,2023,04,23,02,71.0,59,Moderate,63.0,UG/M3,1 Hr,Valid
Guatemala City,PM10 - Principal,2023-04-23 03:00 AM,2023,04,23,03,64.0,55,Moderate,56.0,UG/M3,1 Hr,Valid
Guatemala City,PM10 - Principal,2023-04-23 04:00 AM,2023,04,23,04,58.0,52,Moderate,53.0,UG/M3,1 Hr,Valid
Guatemala City,PM10 - Principal,2023-04-23 05:00 AM,2023,04,23,05,51.0,47,Good,46.0,UG/M3,1 Hr,Valid
Guatemala City,PM10 - Principal,2023-04-23 06:00 AM,2023,04,23,06,49.0,45,Good,47.0,UG/M3,1 Hr,Valid
Guatemala City,PM10 - Principal,2023-04-23 07:00 AM,2023,04,23,07,46.0,43,Good,44.0,UG/M3,1 Hr,Valid
Guatemala City,PM10 - Principal,2023-04-23 08:00 AM,2023,04,23,08,45.0,42,Good,45.0,UG/M3,1 Hr,Valid
Guatemala City,PM10 - Principal,2023-04-23 09:00 AM,2023,04,23,09,46.0,43,Good,47.0,UG/M3,1 Hr,Valid
Guatemala City,PM10 - Principal,2023-04-23 10:00 AM,2023,04,23,10,47.0,44,Good,49.0,UG/M3,1 Hr,Valid
Guatemala City,PM10 - Principal,2023-04-23 11:00 AM,2023,04,23,11,45.0,42,Good,44.0,UG/M3,1 Hr,Valid
Guatemala City,PM10 - Principal,2023-04-23 12:00 PM,2023,04,23,12,45.0,42,Good,45.0,UG/M3,1 Hr,Valid
Guatemala City,PM10 - Principal,2023-04-23 01:00 PM,2023,04,23,13,45.0,42,Good,45.0,UG/M3,1 Hr,Valid
Guatemala City,PM10 - Principal,2023-04-23 02:00 PM,2023,04,23,14,56.0,51,Moderate,73.0,UG/M3,1 Hr,Valid
Guatemala City,PM10 - Principal,2023-04-23 03:00 PM,2023,04,23,15,86.0,66,Moderate,114.0,UG/M3,1 Hr,Valid
Guatemala City,PM10 - Principal,2023-04-23 04:00 PM,2023,04,23,16,221.0,134,Unhealthy for Sensitive Groups,357.0,UG/M3,1 Hr,Valid
Guatemala City,PM10 - Principal,2023-04-23 05:00 PM,2023,04,23,17,223.0,135,Unhealthy for Sensitive Groups,226.0,UG/M3,1 Hr,Valid
Guatemala City,PM10 - Principal,2023-04-23 06:00 PM,2023,04,23,18,150.0,98,Moderate,77.0,UG/M3,1 Hr,Valid
Guatemala City,PM10 - Principal,2023-04-23 07:00 PM,2023,04,23,19,104.0,75,Moderate,59.0,UG/M3,1 Hr,Valid
Guatemala City,PM10 - Principal,2023-04-23 08:00 PM,2023,04,23,20,80.0,63,Moderate,57.0,UG/M3,1 Hr,Valid
Guatemala City,PM10 - Principal,2023-04-23 09:00 PM,2023,04,23,21,66.0,56,Moderate,53.0,UG/M3,1 Hr,Valid
Guatemala City,PM10 - Principal,2023-04-23 10:00 PM,2023,04,23,22,60.0,53,Moderate,55.0,UG/M3,1 Hr,Valid
Guatemala City,PM10 - Principal,2023-04-23 11:00 PM,2023,04,23,23,54.0,50,Good,48.0,UG/M3,1 Hr,Valid
Guatemala City,PM10 - Principal,2023-04-24 12:00 AM,2023,04,24,00,49.0,45,Good,44.0,UG/M3,1 Hr,Valid
Guatemala City,PM10 - Principal,2023-04-24 01:00 AM,2023,04,24,01,46.0,43,Good,43.0,UG/M3,1 Hr,Valid
Guatemala City,PM10 - Principal,2023-04-24 02:00 AM,2023,04,24,02,44.0,41,Good,42.0,UG/M3,1 Hr,Valid
Guatemala City,PM10 - Principal,2023-04-24 03:00 AM,2023,04,24,03,42.0,39,Good,40.0,UG/M3,1 Hr,Valid
Guatemala City,PM10 - Principal,2023-04-24 04:00 AM,2023,04,24,04,39.0,36,Good,37.0,UG/M3,1 Hr,Valid
Guatemala City,PM10 - Principal,2023-04-24 05:00 AM,2023,04,24,05,44.0,41,Good,50.0,UG/M3,1 Hr,Valid
Guatemala City,PM10 - Principal,2023-04-24 06:00 AM,2023,04,24,06,51.0,47,Good,62.0,UG/M3,1 Hr,Valid
Guatemala City,PM10 - Principal,2023-04-24 07:00 AM,2023,04,24,07,59.0,53,Moderate,68.0,UG/M3,1 Hr,Valid
Guatemala City,PM10 - Principal,2023-04-24 08:00 AM,2023,04,24,08,57.0,52,Moderate,56.0,UG/M3,1 Hr,Valid
Guatemala City,PM10 - Principal,2023-04-24 09:00 AM,2023,04,24,09,60.0,53,Moderate,64.0,UG/M3,1 Hr,Valid
Guatemala City,PM10 - Principal,2023-04-24 10:00 AM,2023,04,24,10,66.0,56,Moderate,72.0,UG/M3,1 Hr,Valid
Guatemala City,PM10 - Principal,2023-04-24 11:00 AM,2023,04,24,11,67.0,57,Moderate,69.0,UG/M3,1 Hr,Valid
Guatemala City,PM10 - Principal,2023-04-24 12:00 PM,2023,04,24,12,68.0,57,Moderate,69.0,UG/M3,1 Hr,Valid
Guatemala City,PM10 - Principal,2023-04-24 01:00 PM,2023,04,24,13,64.0,55,Moderate,60.0,UG/M3,1 Hr,Valid
Guatemala City,PM10 - Principal,2023-04-24 02:00 PM,2023,04,24,14,85.0,66,Moderate,107.0,UG/M3,1 Hr,Valid
Guatemala City,PM10 - Principal,2023-04-24 03:00 PM,2023,04,24,15,115.0,81,Moderate,146.0,UG/M3,1 Hr,Valid
Guatemala City,PM10 - Principal,2023-04-24 04:00 PM,2023,04,24,16,81.0,64,Moderate,48.0,UG/M3,1 Hr,Valid
Guatemala City,PM10 - Principal,2023-04-24 05:00 PM,2023,04,24,17,63.0,55,Moderate,46.0,UG/M3,1 Hr,Valid
Guatemala City,PM10 - Principal,2023-04-24 06:00 PM,2023,04,24,18,60.0,53,Moderate,57.0,UG/M3,1 Hr,Valid
Guatemala City,PM10 - Principal,2023-04-24 07:00 PM,2023,04,24,19,57.0,52,Moderate,55.0,UG/M3,1 Hr,Valid
Guatemala City,PM10 - Principal,2023-04-24 08:00 PM,2023,04,24,20,54.0,50,Good,51.0,UG/M3,1 Hr,Valid
Guatemala City,PM10 - Principal,2023-04-24 09:00 PM,2023,04,24,21,52.0,48,Good,51.0,UG/M3,1 Hr,Valid
Guatemala City,PM10 - Principal,2023-04-24 10:00 PM,2023,04,24,22,49.0,45,Good,46.0,UG/M3,1 Hr,Valid
Guatemala City,PM10 - Principal,2023-04-24 11:00 PM,2023,04,24,23,47.0,44,Good,46.0,UG/M3,1 Hr,Valid
Guatemala City,PM10 - Principal,2023-04-25 12:00 AM,2023,04,25,00,47.0,44,Good,47.0,UG/M3,1 Hr,Valid
Guatemala City,PM10 - Principal,2023-04-25 01:00 AM,2023,04,25,01,44.0,41,Good,42.0,UG/M3,1 Hr,Valid
Guatemala City,PM10 - Principal,2023-04-25 02:00 AM,2023,04,25,02,46.0,43,Good,49.0,UG/M3,1 Hr,Valid
Guatemala City,PM10 - Principal,2023-04-25 03:00 AM,2023,04,25,03,50.0,46,Good,58.0,UG/M3,1 Hr,Valid
Guatemala City,PM10 - Principal,2023-04-25 04:00 AM,2023,04,25,04,49.0,45,Good,49.0,UG/M3,1 Hr,Valid
Guatemala City,PM10 - Principal,2023-04-25 05:00 AM,2023,04,25,05,50.0,46,Good,51.0,UG/M3,1 Hr,Valid
Guatemala City,PM10 - Principal,2023-04-25 06:00 AM,2023,04,25,06,49.0,45,Good,48.0,UG/M3,1 Hr,Valid
Guatemala City,PM10 - Principal,2023-04-25 07:00 AM,2023,04,25,07,52.0,48,Good,59.0,UG/M3,1 Hr,Valid
Guatemala City,PM10 - Principal,2023-04-25 08:00 AM,2023,04,25,08,58.0,52,Moderate,67.0,UG/M3,1 Hr,Valid
Guatemala City,PM10 - Principal,2023-04-25 09:00 AM,2023,04,25,09,57.0,52,Moderate,55.0,UG/M3,1 Hr,Valid
Guatemala City,PM10 - Principal,2023-04-25 10:00 AM,2023,04,25,10,60.0,53,Moderate,65.0,UG/M3,1 Hr,Valid
Guatemala City,PM10 - Principal,2023-04-25 11:00 AM,2023,04,25,11,60.0,53,Moderate,61.0,UG/M3,1 Hr,Valid
Guatemala City,PM10 - Principal,2023-04-25 12:00 PM,2023,04,25,12,58.0,52,Moderate,56.0,UG/M3,1 Hr,Valid
Guatemala City,PM10 - Principal,2023-04-25 01:00 PM,2023,04,25,13,58.0,52,Moderate,58.0,UG/M3,1 Hr,Valid
Guatemala City,PM10 - Principal,2023-04-25 02:00 PM,2023,04,25,14,55.0,51,Moderate,48.0,UG/M3,1 Hr,Valid
Guatemala City,PM10 - Principal,2023-04-25 03:00 PM,2023,04,25,15,59.0,53,Moderate,69.0,UG/M3,1 Hr,Valid
Guatemala City,PM10 - Principal,2023-04-25 04:00 PM,2023,04,25,16,56.0,51,Moderate,51.0,UG/M3,1 Hr,Valid
Guatemala City,PM10 - Principal,2023-04-25 05:00 PM,2023,04,25,17,56.0,51,Moderate,56.0,UG/M3,1 Hr,Valid
Guatemala City,PM10 - Principal,2023-04-25 06:00 PM,2023,04,25,18,57.0,52,Moderate,58.0,UG/M3,1 Hr,Valid
Guatemala City,PM10 - Principal,2023-04-25 07:00 PM,2023,04,25,19,57.0,52,Moderate,57.0,UG/M3,1 Hr,Valid
Guatemala City,PM10 - Principal,2023-04-25 08:00 PM,2023,04,25,20,57.0,52,Moderate,59.0,UG/M3,1 Hr,Valid
Guatemala City,PM10 - Principal,2023-04-25 09:00 PM,2023,04,25,21,58.0,52,Moderate,59.0,UG/M3,1 Hr,Valid
Guatemala City,PM10 - Principal,2023-04-25 10:00 PM,2023,04,25,22,59.0,53,Moderate,64.0,UG/M3,1 Hr,Valid
Guatemala City,PM10 - Principal,2023-04-25 11:00 PM,2023,04,25,23,60.0,53,Moderate,61.0,UG/M3,1 Hr,Valid
Guatemala City,PM10 - Principal,2023-04-26 12:00 AM,2023,04,26,00,56.0,51,Moderate,48.0,UG/M3,1 Hr,Valid
Guatemala City,PM10 - Principal,2023-04-26 01:00 AM,2023,04,26,01,56.0,51,Moderate,55.0,UG/M3,1 Hr,Valid
Guatemala City,PM10 - Principal,2023-04-26 02:00 AM,2023,04,26,02,54.0,50,Good,51.0,UG/M3,1 Hr,Valid
Guatemala City,PM10 - Principal,2023-04-26 03:00 AM,2023,04,26,03,51.0,47,Good,45.0,UG/M3,1 Hr,Valid
Guatemala City,PM10 - Principal,2023-04-26 04:00 AM,2023,04,26,04,51.0,47,Good,50.0,UG/M3,1 Hr,Valid
Guatemala City,PM10 - Principal,2023-04-26 05:00 AM,2023,04,26,05,50.0,46,Good,49.0,UG/M3,1 Hr,Valid
Guatemala City,PM10 - Principal,2023-04-26 06:00 AM,2023,04,26,06,52.0,48,Good,56.0,UG/M3,1 Hr,Valid
Guatemala City,PM10 - Principal,2023-04-26 07:00 AM,2023,04,26,07,56.0,51,Moderate,65.0,UG/M3,1 Hr,Valid
Guatemala City,PM10 - Principal,2023-04-26 08:00 AM,2023,04,26,08,70.0,58,Moderate,85.0,UG/M3,1 Hr,Valid
Guatemala City,PM10 - Principal,2023-04-26 09:00 AM,2023,04,26,09,80.0,63,Moderate,89.0,UG/M3,1 Hr,Valid
Guatemala City,PM10 - Principal,2023-04-26 10:00 AM,2023,04,26,10,79.0,63,Moderate,79.0,UG/M3,1 Hr,Valid
Guatemala City,PM10 - Principal,2023-04-26 11:00 AM,2023,04,26,11,75.0,61,Moderate,71.0,UG/M3,1 Hr,Valid
Guatemala City,PM10 - Principal,2023-04-26 12:00 PM,2023,04,26,12,71.0,59,Moderate,68.0,UG/M3,1 Hr,Valid
Guatemala City,PM10 - Principal,2023-04-26 01:00 PM,2023,04,26,13,68.0,57,Moderate,66.0,UG/M3,1 Hr,Valid
Guatemala City,PM10 - Principal,2023-04-26 02:00 PM,2023,04,26,14,68.0,57,Moderate,68.0,UG/M3,1 Hr,Valid
Guatemala City,PM10 - Principal,2023-04-26 03:00 PM,2023,04,26,15,70.0,58,Moderate,72.0,UG/M3,1 Hr,Valid
Guatemala City,PM10 - Principal,2023-04-26 04:00 PM,2023,04,26,16,68.0,57,Moderate,66.0,UG/M3,1 Hr,Valid
Guatemala City,PM10 - Principal,2023-04-26 05:00 PM,2023,04,26,17,69.0,58,Moderate,70.0,UG/M3,1 Hr,Valid
Guatemala City,PM10 - Principal,2023-04-26 06:00 PM,2023,04,26,18,72.0,59,Moderate,78.0,UG/M3,1 Hr,Valid
Guatemala City,PM10 - Principal,2023-04-26 07:00 PM,2023,04,26,19,67.0,57,Moderate,59.0,UG/M3,1 Hr,Valid
Guatemala City,PM10 - Principal,2023-04-26 08:00 PM,2023,04,26,20,63.0,55,Moderate,56.0,UG/M3,1 Hr,Valid
Guatemala City,PM10 - Principal,2023-04-26 09:00 PM,2023,04,26,21,61.0,54,Moderate,56.0,UG/M3,1 Hr,Valid
Guatemala City,PM10 - Principal,2023-04-26 10:00 PM,2023,04,26,22,61.0,54,Moderate,62.0,UG/M3,1 Hr,Valid
Guatemala City,PM10 - Principal,2023-04-26 11:00 PM,2023,04,26,23,60.0,53,Moderate,56.0,UG/M3,1 Hr,Valid
Guatemala City,PM10 - Principal,2023-04-27 12:00 AM,2023,04,27,00,58.0,52,Moderate,54.0,UG/M3,1 Hr,Valid
Guatemala City,PM10 - Principal,2023-04-27 01:00 AM,2023,04,27,01,56.0,51,Moderate,53.0,UG/M3,1 Hr,Valid
Guatemala City,PM10 - Principal,2023-04-27 02:00 AM,2023,04,27,02,55.0,51,Moderate,53.0,UG/M3,1 Hr,Valid
Guatemala City,PM10 - Principal,2023-04-27 03:00 AM,2023,04,27,03,47.0,44,Good,41.0,UG/M3,1 Hr,Valid
Guatemala City,PM10 - Principal,2023-04-27 04:00 AM,2023,04,27,04,46.0,43,Good,46.0,UG/M3,1 Hr,Valid
Guatemala City,PM10 - Principal,2023-04-27 05:00 AM,2023,04,27,05,51.0,47,Good,56.0,UG/M3,1 Hr,Valid
Guatemala City,PM10 - Principal,2023-04-27 06:00 AM,2023,04,27,06,54.0,50,Good,60.0,UG/M3,1 Hr,Valid
Guatemala City,PM10 - Principal,2023-04-27 07:00 AM,2023,04,27,07,57.0,52,Moderate,63.0,UG/M3,1 Hr,Valid
Guatemala City,PM10 - Principal,2023-04-27 08:00 AM,2023,04,27,08,62.0,54,Moderate,69.0,UG/M3,1 Hr,Valid
Guatemala City,PM10 - Principal,2023-04-27 09:00 AM,2023,04,27,09,68.0,57,Moderate,75.0,UG/M3,1 Hr,Valid
Guatemala City,PM10 - Principal,2023-04-27 10:00 AM,2023,04,27,10,68.0,57,Moderate,69.0,UG/M3,1 Hr,Valid
Guatemala City,PM10 - Principal,2023-04-27 11:00 AM,2023,04,27,11,67.0,57,Moderate,65.0,UG/M3,1 Hr,Valid
Guatemala City,PM10 - Principal,2023-04-27 12:00 PM,2023,04,27,12,66.0,56,Moderate,65.0,UG/M3,1 Hr,Valid
Guatemala City,PM10 - Principal,2023-04-27 01:00 PM,2023,04,27,13,68.0,57,Moderate,71.0,UG/M3,1 Hr,Valid
Guatemala City,PM10 - Principal,2023-04-27 02:00 PM,2023,04,27,14,73.0,60,Moderate,79.0,UG/M3,1 Hr,Valid
Guatemala City,PM10 - Principal,2023-04-27 03:00 PM,2023,04,27,15,81.0,64,Moderate,89.0,UG/M3,1 Hr,Valid
Guatemala City,PM10 - Principal,2023-04-27 04:00 PM,2023,04,27,16,76.0,61,Moderate,74.0,UG/M3,1 Hr,Valid
Guatemala City,PM10 - Principal,2023-04-27 05:00 PM,2023,04,27,17,75.0,61,Moderate,74.0,UG/M3,1 Hr,Valid
Guatemala City,PM10 - Principal,2023-04-27 06:00 PM,2023,04,27,18,79.0,63,Moderate,88.0,UG/M3,1 Hr,Valid
Guatemala City,PM10 - Principal,2023-04-27 07:00 PM,2023,04,27,19,78.0,62,Moderate,79.0,UG/M3,1 Hr,Valid
Guatemala City,PM10 - Principal,2023-04-27 08:00 PM,2023,04,27,20,77.0,62,Moderate,74.0,UG/M3,1 Hr,Valid
Guatemala City,PM10 - Principal,2023-04-27 09:00 PM,2023,04,27,21,74.0,60,Moderate,65.0,UG/M3,1 Hr,Valid
Guatemala City,PM10 - Principal,2023-04-27 10:00 PM,2023,04,27,22,69.0,58,Moderate,60.0,UG/M3,1 Hr,Valid
Guatemala City,PM10 - Principal,2023-04-27 11:00 PM,2023,04,27,23,63.0,55,Moderate,56.0,UG/M3,1 Hr,Valid
Guatemala City,PM10 - Principal,2023-04-28 12:00 AM,2023,04,28,00,59.0,53,Moderate,54.0,UG/M3,1 Hr,Valid
Guatemala City,PM10 - Principal,2023-04-28 01:00 AM,2023,04,28,01,55.0,51,Moderate,51.0,UG/M3,1 Hr,Valid
Guatemala City,PM10 - Principal,2023-04-28 02:00 AM,2023,04,28,02,47.0,44,Good,41.0,UG/M3,1 Hr,Valid
Guatemala City,PM10 - Principal,2023-04-28 03:00 AM,2023,04,28,03,44.0,41,Good,42.0,UG/M3,1 Hr,Valid
Guatemala City,PM10 - Principal,2023-04-28 04:00 AM,2023,04,28,04,41.0,38,Good,39.0,UG/M3,1 Hr,Valid
Guatemala City,PM10 - Principal,2023-04-28 05:00 AM,2023,04,28,05,46.0,43,Good,51.0,UG/M3,1 Hr,Valid
Guatemala City,PM10 - Principal,2023-04-28 06:00 AM,2023,04,28,06,50.0,46,Good,54.0,UG/M3,1 Hr,Valid
Guatemala City,PM10 - Principal,2023-04-28 07:00 AM,2023,04,28,07,51.0,47,Good,53.0,UG/M3,1 Hr,Valid
Guatemala City,PM10 - Principal,2023-04-28 08:00 AM,2023,04,28,08,50.0,46,Good,50.0,UG/M3,1 Hr,Valid
Guatemala City,PM10 - Principal,2023-04-28 09:00 AM,2023,04,28,09,52.0,48,Good,57.0,UG/M3,1 Hr,Valid
Guatemala City,PM10 - Principal,2023-04-28 10:00 AM,2023,04,28,10,57.0,52,Moderate,64.0,UG/M3,1 Hr,Valid
Guatemala City,PM10 - Principal,2023-04-28 11:00 AM,2023,04,28,11,57.0,52,Moderate,59.0,UG/M3,1 Hr,Valid
Guatemala City,PM10 - Principal,2023-04-28 12:00 PM,2023,04,28,12,57.0,52,Moderate,58.0,UG/M3,1 Hr,Valid
Guatemala City,PM10 - Principal,2023-04-28 01:00 PM,2023,04,28,13,60.0,53,Moderate,64.0,UG/M3,1 Hr,Valid
Guatemala City,PM10 - Principal,2023-04-28 02:00 PM,2023,04,28,14,69.0,58,Moderate,78.0,UG/M3,1 Hr,Valid
Guatemala City,PM10 - Principal,2023-04-28 03:00 PM,2023,04,28,15,90.0,68,Moderate,111.0,UG/M3,1 Hr,Valid
Guatemala City,PM10 - Principal,2023-04-28 04:00 PM,2023,04,28,16,87.0,67,Moderate,85.0,UG/M3,1 Hr,Valid
Guatemala City,PM10 - Principal,2023-04-28 05:00 PM,2023,04,28,17,86.0,66,Moderate,86.0,UG/M3,1 Hr,Valid
Guatemala City,PM10 - Principal,2023-04-28 06:00 PM,2023,04,28,18,81.0,64,Moderate,77.0,UG/M3,1 Hr,Valid
Guatemala City,PM10 - Principal,2023-04-28 07:00 PM,2023,04,28,19,73.0,60,Moderate,66.0,UG/M3,1 Hr,Valid
Guatemala City,PM10 - Principal,2023-04-28 08:00 PM,2023,04,28,20,67.0,57,Moderate,61.0,UG/M3,1 Hr,Valid
Guatemala City,PM10 - Principal,2023-04-28 09:00 PM,2023,04,28,21,72.0,59,Moderate,78.0,UG/M3,1 Hr,Valid
Guatemala City,PM10 - Principal,2023-04-28 10:00 PM,2023,04,28,22,73.0,60,Moderate,75.0,UG/M3,1 Hr,Valid
Guatemala City,PM10 - Principal,2023-04-28 11:00 PM,2023,04,28,23,71.0,59,Moderate,68.0,UG/M3,1 Hr,Valid
Guatemala City,PM10 - Principal,2023-04-29 12:00 AM,2023,04,29,00,60.0,53,Moderate,51.0,UG/M3,1 Hr,Valid
Guatemala City,PM10 - Principal,2023-04-29 01:00 AM,2023,04,29,01,53.0,49,Good,46.0,UG/M3,1 Hr,Valid
Guatemala City,PM10 - Principal,2023-04-29 02:00 AM,2023,04,29,02,39.0,36,Good,26.0,UG/M3,1 Hr,Valid
Guatemala City,PM10 - Principal,2023-04-29 03:00 AM,2023,04,29,03,33.0,31,Good,27.0,UG/M3,1 Hr,Valid
Guatemala City,PM10 - Principal,2023-04-29 04:00 AM,2023,04,29,04,36.0,33,Good,39.0,UG/M3,1 Hr,Valid
Guatemala City,PM10 - Principal,2023-04-29 05:00 AM,2023,04,29,05,38.0,35,Good,40.0,UG/M3,1 Hr,Valid
Guatemala City,PM10 - Principal,2023-04-29 06:00 AM,2023,04,29,06,40.0,37,Good,43.0,UG/M3,1 Hr,Valid
Guatemala City,PM10 - Principal,2023-04-29 07:00 AM,2023,04,29,07,42.0,39,Good,45.0,UG/M3,1 Hr,Valid
Guatemala City,PM10 - Principal,2023-04-29 08:00 AM,2023,04,29,08,43.0,40,Good,44.0,UG/M3,1 Hr,Valid
Guatemala City,PM10 - Principal,2023-04-29 09:00 AM,2023,04,29,09,48.0,44,Good,53.0,UG/M3,1 Hr,Valid
Guatemala City,PM10 - Principal,2023-04-29 10:00 AM,2023,04,29,10,50.0,46,Good,53.0,UG/M3,1 Hr,Valid
Guatemala City,PM10 - Principal,2023-04-29 11:00 AM,2023,04,29,11,52.0,48,Good,54.0,UG/M3,1 Hr,Valid
Guatemala City,PM10 - Principal,2023-04-29 12:00 PM,2023,04,29,12,51.0,47,Good,50.0,UG/M3,1 Hr,Valid
Guatemala City,PM10 - Principal,2023-04-29 01:00 PM,2023,04,29,13,53.0,49,Good,55.0,UG/M3,1 Hr,Valid
Guatemala City,PM10 - Principal,2023-04-29 02:00 PM,2023,04,29,14,59.0,53,Moderate,66.0,UG/M3,1 Hr,Valid
Guatemala City,PM10 - Principal,2023-04-29 03:00 PM,2023,04,29,15,60.0,53,Moderate,65.0,UG/M3,1 Hr,Valid
Guatemala City,PM10 - Principal,2023-04-29 04:00 PM,2023,04,29,16,63.0,55,Moderate,67.0,UG/M3,1 Hr,Valid
Guatemala City,PM10 - Principal,2023-04-29 05:00 PM,2023,04,29,17,60.0,53,Moderate,57.0,UG/M3,1 Hr,Valid
Guatemala City,PM10 - Principal,2023-04-29 06:00 PM,2023,04,29,18,57.0,52,Moderate,52.0,UG/M3,1 Hr,Valid
Guatemala City,PM10 - Principal,2023-04-29 07:00 PM,2023,04,29,19,53.0,49,Good,47.0,UG/M3,1 Hr,Valid
Guatemala City,PM10 - Principal,2023-04-29 08:00 PM,2023,04,29,20,52.0,48,Good,47.0,UG/M3,1 Hr,Valid
Guatemala City,PM10 - Principal,2023-04-29 09:00 PM,2023,04,29,21,51.0,47,Good,50.0,UG/M3,1 Hr,Valid
Guatemala City,PM10 - Principal,2023-04-29 10:00 PM,2023,04,29,22,55.0,51,Moderate,65.0,UG/M3,1 Hr,Valid
Guatemala City,PM10 - Principal,2023-04-29 11:00 PM,2023,04,29,23,58.0,52,Moderate,66.0,UG/M3,1 Hr,Valid
Guatemala City,PM10 - Principal,2023-04-30 12:00 AM,2023,04,30,00,58.0,52,Moderate,59.0,UG/M3,1 Hr,Valid
Guatemala City,PM10 - Principal,2023-04-30 01:00 AM,2023,04,30,01,52.0,48,Good,41.0,UG/M3,1 Hr,Valid
Guatemala City,PM10 - Principal,2023-04-30 02:00 AM,2023,04,30,02,48.0,44,Good,42.0,UG/M3,1 Hr,Valid
Guatemala City,PM10 - Principal,2023-04-30 03:00 AM,2023,04,30,03,39.0,36,Good,33.0,UG/M3,1 Hr,Valid
Guatemala City,PM10 - Principal,2023-04-30 04:00 AM,2023,04,30,04,38.0,35,Good,38.0,UG/M3,1 Hr,Valid
Guatemala City,PM10 - Principal,2023-04-30 05:00 AM,2023,04,30,05,40.0,37,Good,43.0,UG/M3,1 Hr,Valid
Guatemala City,PM10 - Principal,2023-04-30 06:00 AM,2023,04,30,06,39.0,36,Good,39.0,UG/M3,1 Hr,Valid
Guatemala City,PM10 - Principal,2023-04-30 07:00 AM,2023,04,30,07,43.0,40,Good,47.0,UG/M3,1 Hr,Valid
Guatemala City,PM10 - Principal,2023-04-30 08:00 AM,2023,04,30,08,35.0,32,Good,27.0,UG/M3,1 Hr,Valid
Guatemala City,PM10 - Principal,2023-04-30 09:00 AM,2023,04,30,09,30.0,28,Good,25.0,UG/M3,1 Hr,Valid
Guatemala City,PM10 - Principal,2023-04-30 10:00 AM,2023,04,30,10,30.0,28,Good,30.0,UG/M3,1 Hr,Valid
Guatemala City,PM10 - Principal,2023-04-30 11:00 AM,2023,04,30,11,33.0,31,Good,36.0,UG/M3,1 Hr,Valid
Guatemala City,PM10 - Principal,2023-04-30 12:00 PM,2023,04,30,12,32.0,30,Good,33.0,UG/M3,1 Hr,Valid
Guatemala City,PM10 - Principal,2023-04-30 01:00 PM,2023,04,30,13,36.0,33,Good,40.0,UG/M3,1 Hr,Valid
Guatemala City,PM10 - Principal,2023-04-30 02:00 PM,2023,04,30,14,38.0,35,Good,42.0,UG/M3,1 Hr,Valid
Guatemala City,PM10 - Principal,2023-04-30 03:00 PM,2023,04,30,15,37.0,34,Good,35.0,UG/M3,1 Hr,Valid
Guatemala City,PM10 - Principal,2023-04-30 04:00 PM,2023,04,30,16,39.0,36,Good,43.0,UG/M3,1 Hr,Valid
Guatemala City,PM10 - Principal,2023-04-30 05:00 PM,2023,04,30,17,39.0,36,Good,39.0,UG/M3,1 Hr,Valid
Guatemala City,PM10 - Principal,2023-04-30 06:00 PM,2023,04,30,18,40.0,37,Good,42.0,UG/M3,1 Hr,Valid
Guatemala City,PM10 - Principal,2023-04-30 07:00 PM,2023,04,30,19,41.0,38,Good,43.0,UG/M3,1 Hr,Valid
Guatemala City,PM10 - Principal,2023-04-30 08:00 PM,2023,04,30,20,41.0,38,Good,41.0,UG/M3,1 Hr,Valid
Guatemala City,PM10 - Principal,2023-04-30 09:00 PM,2023,04,30,21,40.0,37,Good,39.0,UG/M3,1 Hr,Valid
Guatemala City,PM10 - Principal,2023-04-30 10:00 PM,2023,04,30,22,39.0,36,Good,35.0,UG/M3,1 Hr,Valid
Guatemala City,PM10 - Principal,2023-04-30 11:00 PM,2023,04,30,23,38.0,35,Good,35.0,UG/M3,1 Hr,Valid
Guatemala City,PM10 - Principal,2023-05-01 12:00 AM,2023,05,01,00,38.0,35,Good,38.0,UG/M3,1 Hr,Valid
Guatemala City,PM10 - Principal,2023-05-01 01:00 AM,2023,05,01,01,39.0,36,Good,44.0,UG/M3,1 Hr,Valid
Guatemala City,PM10 - Principal,2023-05-01 02:00 AM,2023,05,01,02,38.0,35,Good,35.0,UG/M3,1 Hr,Valid
Guatemala City,PM10 - Principal,2023-05-01 03:00 AM,2023,05,01,03,37.0,34,Good,35.0,UG/M3,1 Hr,Valid
Guatemala City,PM10 - Principal,2023-05-01 04:00 AM,2023,05,01,04,36.0,33,Good,34.0,UG/M3,1 Hr,Valid
Guatemala City,PM10 - Principal,2023-05-01 05:00 AM,2023,05,01,05,32.0,30,Good,28.0,UG/M3,1 Hr,Valid
Guatemala City,PM10 - Principal,2023-05-01 06:00 AM,2023,05,01,06,33.0,31,Good,34.0,UG/M3,1 Hr,Valid
Guatemala City,PM10 - Principal,2023-05-01 07:00 AM,2023,05,01,07,33.0,31,Good,35.0,UG/M3,1 Hr,Valid
Guatemala City,PM10 - Principal,2023-05-01 08:00 AM,2023,05,01,08,35.0,32,Good,37.0,UG/M3,1 Hr,Valid
Guatemala City,PM10 - Principal,2023-05-01 09:00 AM,2023,05,01,09,37.0,34,Good,41.0,UG/M3,1 Hr,Valid
Guatemala City,PM10 - Principal,2023-05-01 10:00 AM,2023,05,01,10,39.0,36,Good,44.0,UG/M3,1 Hr,Valid
Guatemala City,PM10 - Principal,2023-05-01 11:00 AM,2023,05,01,11,44.0,41,Good,49.0,UG/M3,1 Hr,Valid
Guatemala City,PM10 - Principal,2023-05-01 12:00 PM,2023,05,01,12,42.0,39,Good,40.0,UG/M3,1 Hr,Valid
Guatemala City,PM10 - Principal,2023-05-01 01:00 PM,2023,05,01,13,44.0,41,Good,48.0,UG/M3,1 Hr,Valid
Guatemala City,PM10 - Principal,2023-05-01 02:00 PM,2023,05,01,14,48.0,44,Good,52.0,UG/M3,1 Hr,Valid
Guatemala City,PM10 - Principal,2023-05-01 03:00 PM,2023,05,01,15,54.0,50,Good,61.0,UG/M3,1 Hr,Valid
Guatemala City,PM10 - Principal,2023-05-01 04:00 PM,2023,05,01,16,62.0,54,Moderate,71.0,UG/M3,1 Hr,Valid
Guatemala City,PM10 - Principal,2023-05-01 05:00 PM,2023,05,01,17,67.0,57,Moderate,72.0,UG/M3,1 Hr,Valid
Guatemala City,PM10 - Principal,2023-05-01 06:00 PM,2023,05,01,18,65.0,56,Moderate,64.0,UG/M3,1 Hr,Valid
Guatemala City,PM10 - Principal,2023-05-01 07:00 PM,2023,05,01,19,60.0,53,Moderate,56.0,UG/M3,1 Hr,Valid
Guatemala City,PM10 - Principal,2023-05-01 08:00 PM,2023,05,01,20,61.0,54,Moderate,62.0,UG/M3,1 Hr,Valid
Guatemala City,PM10 - Principal,2023-05-01 09:00 PM,2023,05,01,21,61.0,54,Moderate,62.0,UG/M3,1 Hr,Valid
Guatemala City,PM10 - Principal,2023-05-01 10:00 PM,2023,05,01,22,58.0,52,Moderate,55.0,UG/M3,1 Hr,Valid
Guatemala City,PM10 - Principal,2023-05-01 11:00 PM,2023,05,01,23,56.0,51,Moderate,53.0,UG/M3,1 Hr,Valid
Guatemala City,PM10 - Principal,2023-05-02 12:00 AM,2023,05,02,00,54.0,50,Good,50.0,UG/M3,1 Hr,Valid
Guatemala City,PM10 - Principal,2023-05-02 01:00 AM,2023,05,02,01,53.0,49,Good,50.0,UG/M3,1 Hr,Valid
Guatemala City,PM10 - Principal,2023-05-02 02:00 AM,2023,05,02,02,50.0,46,Good,46.0,UG/M3,1 Hr,Valid
Guatemala City,PM10 - Principal,2023-05-02 03:00 AM,2023,05,02,03,53.0,49,Good,59.0,UG/M3,1 Hr,Valid
Guatemala City,PM10 - Principal,2023-05-02 04:00 AM,2023,05,02,04,53.0,49,Good,53.0,UG/M3,1 Hr,Valid
Guatemala City,PM10 - Principal,2023-05-02 05:00 AM,2023,05,02,05,54.0,50,Good,59.0,UG/M3,1 Hr,Valid
Guatemala City,PM10 - Principal,2023-05-02 06:00 AM,2023,05,02,06,55.0,51,Moderate,58.0,UG/M3,1 Hr,Valid
Guatemala City,PM10 - Principal,2023-05-02 07:00 AM,2023,05,02,07,59.0,53,Moderate,66.0,UG/M3,1 Hr,Valid
Guatemala City,PM10 - Principal,2023-05-02 08:00 AM,2023,05,02,08,64.0,55,Moderate,73.0,UG/M3,1 Hr,Valid
Guatemala City,PM10 - Principal,2023-05-02 09:00 AM,2023,05,02,09,71.0,59,Moderate,80.0,UG/M3,1 Hr,Valid
Guatemala City,PM10 - Principal,2023-05-02 10:00 AM,2023,05,02,10,71.0,59,Moderate,72.0,UG/M3,1 Hr,Valid
Guatemala City,PM10 - Principal,2023-05-02 11:00 AM,2023,05,02,11,71.0,59,Moderate,70.0,UG/M3,1 Hr,Valid
Guatemala City,PM10 - Principal,2023-05-02 12:00 PM,2023,05,02,12,70.0,58,Moderate,69.0,UG/M3,1 Hr,Valid
Guatemala City,PM10 - Principal,2023-05-02 01:00 PM,2023,05,02,13,71.0,59,Moderate,74.0,UG/M3,1 Hr,Valid
Guatemala City,PM10 - Principal,2023-05-02 02:00 PM,2023,05,02,14,85.0,66,Moderate,101.0,UG/M3,1 Hr,Valid
Guatemala City,PM10 - Principal,2023-05-02 03:00 PM,2023,05,02,15,58.0,52,Moderate,31.0,UG/M3,1 Hr,Valid
Guatemala City,PM10 - Principal,2023-05-02 04:00 PM,2023,05,02,16,52.0,48,Good,47.0,UG/M3,1 Hr,Valid
Guatemala City,PM10 - Principal,2023-05-02 05:00 PM,2023,05,02,17,43.0,40,Good,34.0,UG/M3,1 Hr,Valid
Guatemala City,PM10 - Principal,2023-05-02 06:00 PM,2023,05,02,18,44.0,41,Good,45.0,UG/M3,1 Hr,Valid
Guatemala City,PM10 - Principal,2023-05-02 07:00 PM,2023,05,02,19,48.0,44,Good,53.0,UG/M3,1 Hr,Valid
Guatemala City,PM10 - Principal,2023-05-02 08:00 PM,2023,05,02,20,51.0,47,Good,54.0,UG/M3,1 Hr,Valid
Guatemala City,PM10 - Principal,2023-05-02 09:00 PM,2023,05,02,21,50.0,46,Good,49.0,UG/M3,1 Hr,Valid
Guatemala City,PM10 - Principal,2023-05-02 10:00 PM,2023,05,02,22,52.0,48,Good,54.0,UG/M3,1 Hr,Valid
Guatemala City,PM10 - Principal,2023-05-02 11:00 PM,2023,05,02,23,53.0,49,Good,54.0,UG/M3,1 Hr,Valid
Guatemala City,PM10 - Principal,2023-05-03 12:00 AM,2023,05,03,00,50.0,46,Good,48.0,UG/M3,1 Hr,Valid
Guatemala City,PM10 - Principal,2023-05-03 01:00 AM,2023,05,03,01,54.0,50,Good,58.0,UG/M3,1 Hr,Valid
Guatemala City,PM10 - Principal,2023-05-03 02:00 AM,2023,05,03,02,54.0,50,Good,56.0,UG/M3,1 Hr,Valid
Guatemala City,PM10 - Principal,2023-05-03 03:00 AM,2023,05,03,03,60.0,53,Moderate,67.0,UG/M3,1 Hr,Valid
Guatemala City,PM10 - Principal,2023-05-03 04:00 AM,2023,05,03,04,59.0,53,Moderate,59.0,UG/M3,1 Hr,Valid
Guatemala City,PM10 - Principal,2023-05-03 05:00 AM,2023,05,03,05,58.0,52,Moderate,57.0,UG/M3,1 Hr,Valid
Guatemala City,PM10 - Principal,2023-05-03 06:00 AM,2023,05,03,06,56.0,51,Moderate,54.0,UG/M3,1 Hr,Valid
Guatemala City,PM10 - Principal,2023-05-03 07:00 AM,2023,05,03,07,59.0,53,Moderate,66.0,UG/M3,1 Hr,Valid
Guatemala City,PM10 - Principal,2023-05-03 08:00 AM,2023,05,03,08,63.0,55,Moderate,72.0,UG/M3,1 Hr,Valid
Guatemala City,PM10 - Principal,2023-05-03 09:00 AM,2023,05,03,09,62.0,54,Moderate,59.0,UG/M3,1 Hr,Valid
Guatemala City,PM10 - Principal,2023-05-03 10:00 AM,2023,05,03,10,64.0,55,Moderate,68.0,UG/M3,1 Hr,Valid
Guatemala City,PM10 - Principal,2023-05-03 11:00 AM,2023,05,03,11,59.0,53,Moderate,51.0,UG/M3,1 Hr,Valid
Guatemala City,PM10 - Principal,2023-05-03 12:00 PM,2023,05,03,12,57.0,52,Moderate,52.0,UG/M3,1 Hr,Valid
Guatemala City,PM10 - Principal,2023-05-03 01:00 PM,2023,05,03,13,48.0,44,Good,40.0,UG/M3,1 Hr,Valid
Guatemala City,PM10 - Principal,2023-05-03 02:00 PM,2023,05,03,14,45.0,42,Good,42.0,UG/M3,1 Hr,Valid
Guatemala City,PM10 - Principal,2023-05-03 03:00 PM,2023,05,03,15,43.0,40,Good,41.0,UG/M3,1 Hr,Valid
Guatemala City,PM10 - Principal,2023-05-03 04:00 PM,2023,05,03,16,43.0,40,Good,43.0,UG/M3,1 Hr,Valid
Guatemala City,PM10 - Principal,2023-05-03 05:00 PM,2023,05,03,17,45.0,42,Good,49.0,UG/M3,1 Hr,Valid
Guatemala City,PM10 - Principal,2023-05-03 06:00 PM,2023,05,03,18,51.0,47,Good,59.0,UG/M3,1 Hr,Valid
Guatemala City,PM10 - Principal,2023-05-03 07:00 PM,2023,05,03,19,54.0,50,Good,59.0,UG/M3,1 Hr,Valid
Guatemala City,PM10 - Principal,2023-05-03 08:00 PM,2023,05,03,20,61.0,54,Moderate,71.0,UG/M3,1 Hr,Valid
Guatemala City,PM10 - Principal,2023-05-03 09:00 PM,2023,05,03,21,68.0,57,Moderate,75.0,UG/M3,1 Hr,Valid
Guatemala City,PM10 - Principal,2023-05-03 10:00 PM,2023,05,03,22,72.0,59,Moderate,76.0,UG/M3,1 Hr,Valid
Guatemala City,PM10 - Principal,2023-05-03 11:00 PM,2023,05,03,23,74.0,60,Moderate,77.0,UG/M3,1 Hr,Valid
Guatemala City,PM10 - Principal,2023-05-04 12:00 AM,2023,05,04,00,71.0,59,Moderate,68.0,UG/M3,1 Hr,Valid
Guatemala City,PM10 - Principal,2023-05-04 01:00 AM,2023,05,04,01,69.0,58,Moderate,67.0,UG/M3,1 Hr,Valid
Guatemala City,PM10 - Principal,2023-05-04 02:00 AM,2023,05,04,02,65.0,56,Moderate,61.0,UG/M3,1 Hr,Valid
Guatemala City,PM10 - Principal,2023-05-04 03:00 AM,2023,05,04,03,69.0,58,Moderate,75.0,UG/M3,1 Hr,Valid
Guatemala City,PM10 - Principal,2023-05-04 04:00 AM,2023,05,04,04,69.0,58,Moderate,70.0,UG/M3,1 Hr,Valid
Guatemala City,PM10 - Principal,2023-05-04 05:00 AM,2023,05,04,05,67.0,57,Moderate,60.0,UG/M3,1 Hr,Valid
Guatemala City,PM10 - Principal,2023-05-04 06:00 AM,2023,05,04,06,67.0,57,Moderate,68.0,UG/M3,1 Hr,Valid
Guatemala City,PM10 - Principal,2023-05-04 07:00 AM,2023,05,04,07,69.0,58,Moderate,77.0,UG/M3,1 Hr,Valid
Guatemala City,PM10 - Principal,2023-05-04 08:00 AM,2023,05,04,08,72.0,59,Moderate,79.0,UG/M3,1 Hr,Valid
Guatemala City,PM10 - Principal,2023-05-04 09:00 AM,2023,05,04,09,73.0,60,Moderate,78.0,UG/M3,1 Hr,Valid
Guatemala City,PM10 - Principal,2023-05-04 10:00 AM,2023,05,04,10,73.0,60,Moderate,72.0,UG/M3,1 Hr,Valid
Guatemala City,PM10 - Principal,2023-05-04 11:00 AM,2023,05,04,11,71.0,59,Moderate,65.0,UG/M3,1 Hr,Valid
Guatemala City,PM10 - Principal,2023-05-04 12:00 PM,2023,05,04,12,65.0,56,Moderate,54.0,UG/M3,1 Hr,Valid
Guatemala City,PM10 - Principal,2023-05-04 01:00 PM,2023,05,04,13,51.0,47,Good,40.0,UG/M3,1 Hr,Valid
Guatemala City,PM10 - Principal,2023-05-04 02:00 PM,2023,05,04,14,44.0,41,Good,39.0,UG/M3,1 Hr,Valid
Guatemala City,PM10 - Principal,2023-05-04 03:00 PM,2023,05,04,15,41.0,38,Good,38.0,UG/M3,1 Hr,Valid
Guatemala City,PM10 - Principal,2023-05-04 04:00 PM,2023,05,04,16,41.0,38,Good,42.0,UG/M3,1 Hr,Valid
Guatemala City,PM10 - Principal,2023-05-04 05:00 PM,2023,05,04,17,38.0,35,Good,36.0,UG/M3,1 Hr,Valid
Guatemala City,PM10 - Principal,2023-05-04 06:00 PM,2023,05,04,18,41.0,38,Good,45.0,UG/M3,1 Hr,Valid
Guatemala City,PM10 - Principal,2023-05-04 07:00 PM,2023,05,04,19,43.0,40,Good,46.0,UG/M3,1 Hr,Valid
Guatemala City,PM10 - Principal,2023-05-04 08:00 PM,2023,05,04,20,44.0,41,Good,45.0,UG/M3,1 Hr,Valid
Guatemala City,PM10 - Principal,2023-05-04 09:00 PM,2023,05,04,21,46.0,43,Good,48.0,UG/M3,1 Hr,Valid
Guatemala City,PM10 - Principal,2023-05-04 10:00 PM,2023,05,04,22,50.0,46,Good,56.0,UG/M3,1 Hr,Valid
Guatemala City,PM10 - Principal,2023-05-04 11:00 PM,2023,05,04,23,50.0,46,Good,54.0,UG/M3,1 Hr,Valid
Guatemala City,PM10 - Principal,2023-05-05 12:00 AM,2023,05,05,00,50.0,46,Good,50.0,UG/M3,1 Hr,Valid
Guatemala City,PM10 - Principal,2023-05-05 01:00 AM,2023,05,05,01,53.0,49,Good,58.0,UG/M3,1 Hr,Valid
Guatemala City,PM10 - Principal,2023-05-05 02:00 AM,2023,05,05,02,56.0,51,Moderate,60.0,UG/M3,1 Hr,Valid
Guatemala City,PM10 - Principal,2023-05-05 03:00 AM,2023,05,05,03,58.0,52,Moderate,62.0,UG/M3,1 Hr,Valid
Guatemala City,PM10 - Principal,2023-05-05 04:00 AM,2023,05,05,04,53.0,49,Good,47.0,UG/M3,1 Hr,Valid
Guatemala City,PM10 - Principal,2023-05-05 05:00 AM,2023,05,05,05,55.0,51,Moderate,58.0,UG/M3,1 Hr,Valid
Guatemala City,PM10 - Principal,2023-05-05 06:00 AM,2023,05,05,06,56.0,51,Moderate,60.0,UG/M3,1 Hr,Valid
Guatemala City,PM10 - Principal,2023-05-05 07:00 AM,2023,05,05,07,59.0,53,Moderate,64.0,UG/M3,1 Hr,Valid
Guatemala City,PM10 - Principal,2023-05-05 08:00 AM,2023,05,05,08,60.0,53,Moderate,64.0,UG/M3,1 Hr,Valid
Guatemala City,PM10 - Principal,2023-05-05 09:00 AM,2023,05,05,09,60.0,53,Moderate,61.0,UG/M3,1 Hr,Valid
Guatemala City,PM10 - Principal,2023-05-05 10:00 AM,2023,05,05,10,58.0,52,Moderate,52.0,UG/M3,1 Hr,Valid
Guatemala City,PM10 - Principal,2023-05-05 11:00 AM,2023,05,05,11,58.0,52,Moderate,59.0,UG/M3,1 Hr,Valid
Guatemala City,PM10 - Principal,2023-05-05 12:00 PM,2023,05,05,12,58.0,52,Moderate,60.0,UG/M3,1 Hr,Valid
Guatemala City,PM10 - Principal,2023-05-05 01:00 PM,2023,05,05,13,58.0,52,Moderate,59.0,UG/M3,1 Hr,Valid
Guatemala City,PM10 - Principal,2023-05-05 02:00 PM,2023,05,05,14,58.0,52,Moderate,57.0,UG/M3,1 Hr,Valid
Guatemala City,PM10 - Principal,2023-05-05 03:00 PM,2023,05,05,15,56.0,51,Moderate,51.0,UG/M3,1 Hr,Valid
Guatemala City,PM10 - Principal,2023-05-05 04:00 PM,2023,05,05,16,53.0,49,Good,47.0,UG/M3,1 Hr,Valid
Guatemala City,PM10 - Principal,2023-05-05 05:00 PM,2023,05,05,17,51.0,47,Good,47.0,UG/M3,1 Hr,Valid
Guatemala City,PM10 - Principal,2023-05-05 06:00 PM,2023,05,05,18,47.0,44,Good,41.0,UG/M3,1 Hr,Valid
Guatemala City,PM10 - Principal,2023-05-05 07:00 PM,2023,05,05,19,47.0,44,Good,47.0,UG/M3,1 Hr,Valid
Guatemala City,PM10 - Principal,2023-05-05 08:00 PM,2023,05,05,20,58.0,52,Moderate,73.0,UG/M3,1 Hr,Valid
Guatemala City,PM10 - Principal,2023-05-05 09:00 PM,2023,05,05,21,68.0,57,Moderate,79.0,UG/M3,1 Hr,Valid
Guatemala City,PM10 - Principal,2023-05-05 10:00 PM,2023,05,05,22,71.0,59,Moderate,75.0,UG/M3,1 Hr,Valid
Guatemala City,PM10 - Principal,2023-05-05 11:00 PM,2023,05,05,23,72.0,59,Moderate,74.0,UG/M3,1 Hr,Valid
Guatemala City,PM10 - Principal,2023-05-06 12:00 AM,2023,05,06,00,74.0,60,Moderate,77.0,UG/M3,1 Hr,Valid
Guatemala City,PM10 - Principal,2023-05-06 01:00 AM,2023,05,06,01,74.0,60,Moderate,74.0,UG/M3,1 Hr,Valid
Guatemala City,PM10 - Principal,2023-05-06 02:00 AM,2023,05,06,02,63.0,55,Moderate,51.0,UG/M3,1 Hr,Valid
Guatemala City,PM10 - Principal,2023-05-06 03:00 AM,2023,05,06,03,54.0,50,Good,45.0,UG/M3,1 Hr,Valid
Guatemala City,PM10 - Principal,2023-05-06 04:00 AM,2023,05,06,04,48.0,44,Good,42.0,UG/M3,1 Hr,Valid
Guatemala City,PM10 - Principal,2023-05-06 05:00 AM,2023,05,06,05,46.0,43,Good,44.0,UG/M3,1 Hr,Valid
Guatemala City,PM10 - Principal,2023-05-06 06:00 AM,2023,05,06,06,48.0,44,Good,50.0,UG/M3,1 Hr,Valid
Guatemala City,PM10 - Principal,2023-05-06 07:00 AM,2023,05,06,07,53.0,49,Good,59.0,UG/M3,1 Hr,Valid
Guatemala City,PM10 - Principal,2023-05-06 08:00 AM,2023,05,06,08,57.0,52,Moderate,62.0,UG/M3,1 Hr,Valid
Guatemala City,PM10 - Principal,2023-05-06 09:00 AM,2023,05,06,09,59.0,53,Moderate,62.0,UG/M3,1 Hr,Valid
Guatemala City,PM10 - Principal,2023-05-06 10:00 AM,2023,05,06,10,59.0,53,Moderate,-999.0,UG/M3,1 Hr,Missing
Guatemala City,PM10 - Principal,2023-05-06 11:00 AM,2023,05,06,11,77.0,62,Moderate,87.0,UG/M3,1 Hr,Valid
Guatemala City,PM10 - Principal,2023-05-06 12:00 PM,2023,05,06,12,75.0,61,Moderate,74.0,UG/M3,1 Hr,Valid
Guatemala City,PM10 - Principal,2023-05-06 01:00 PM,2023,05,06,13,68.0,57,Moderate,62.0,UG/M3,1 Hr,Valid
Guatemala City,PM10 - Principal,2023-05-06 02:00 PM,2023,05,06,14,60.0,53,Moderate,53.0,UG/M3,1 Hr,Valid
Guatemala City,PM10 - Principal,2023-05-06 03:00 PM,2023,05,06,15,51.0,47,Good,42.0,UG/M3,1 Hr,Valid
Guatemala City,PM10 - Principal,2023-05-06 04:00 PM,2023,05,06,16,41.0,38,Good,33.0,UG/M3,1 Hr,Valid
Guatemala City,PM10 - Principal,2023-05-06 05:00 PM,2023,05,06,17,36.0,33,Good,32.0,UG/M3,1 Hr,Valid
Guatemala City,PM10 - Principal,2023-05-06 06:00 PM,2023,05,06,18,41.0,38,Good,47.0,UG/M3,1 Hr,Valid
Guatemala City,PM10 - Principal,2023-05-06 07:00 PM,2023,05,06,19,49.0,45,Good,56.0,UG/M3,1 Hr,Valid
Guatemala City,PM10 - Principal,2023-05-06 08:00 PM,2023,05,06,20,56.0,51,Moderate,64.0,UG/M3,1 Hr,Valid
Guatemala City,PM10 - Principal,2023-05-06 09:00 PM,2023,05,06,21,63.0,55,Moderate,71.0,UG/M3,1 Hr,Valid
Guatemala City,PM10 - Principal,2023-05-06 10:00 PM,2023,05,06,22,67.0,57,Moderate,71.0,UG/M3,1 Hr,Valid
Guatemala City,PM10 - Principal,2023-05-06 11:00 PM,2023,05,06,23,67.0,57,Moderate,68.0,UG/M3,1 Hr,Valid
Guatemala City,PM10 - Principal,2023-05-07 12:00 AM,2023,05,07,00,67.0,57,Moderate,68.0,UG/M3,1 Hr,Valid
Guatemala City,PM10 - Principal,2023-05-07 01:00 AM,2023,05,07,01,68.0,57,Moderate,70.0,UG/M3,1 Hr,Valid
Guatemala City,PM10 - Principal,2023-05-07 02:00 AM,2023,05,07,02,65.0,56,Moderate,63.0,UG/M3,1 Hr,Valid
Guatemala City,PM10 - Principal,2023-05-07 03:00 AM,2023,05,07,03,60.0,53,Moderate,55.0,UG/M3,1 Hr,Valid
Guatemala City,PM10 - Principal,2023-05-07 04:00 AM,2023,05,07,04,55.0,51,Moderate,51.0,UG/M3,1 Hr,Valid
Guatemala City,PM10 - Principal,2023-05-07 05:00 AM,2023,05,07,05,50.0,46,Good,41.0,UG/M3,1 Hr,Valid
Guatemala City,PM10 - Principal,2023-05-07 06:00 AM,2023,05,07,06,51.0,47,Good,54.0,UG/M3,1 Hr,Valid
Guatemala City,PM10 - Principal,2023-05-07 07:00 AM,2023,05,07,07,51.0,47,Good,51.0,UG/M3,1 Hr,Valid
Guatemala City,PM10 - Principal,2023-05-07 08:00 AM,2023,05,07,08,52.0,48,Good,54.0,UG/M3,1 Hr,Valid
Guatemala City,PM10 - Principal,2023-05-07 09:00 AM,2023,05,07,09,51.0,47,Good,51.0,UG/M3,1 Hr,Valid
Guatemala City,PM10 - Principal,2023-05-07 10:00 AM,2023,05,07,10,54.0,50,Good,59.0,UG/M3,1 Hr,Valid
Guatemala City,PM10 - Principal,2023-05-07 11:00 AM,2023,05,07,11,54.0,50,Good,54.0,UG/M3,1 Hr,Valid
Guatemala City,PM10 - Principal,2023-05-07 12:00 PM,2023,05,07,12,51.0,47,Good,48.0,UG/M3,1 Hr,Valid
Guatemala City,PM10 - Principal,2023-05-07 01:00 PM,2023,05,07,13,48.0,44,Good,41.0,UG/M3,1 Hr,Valid
Guatemala City,PM10 - Principal,2023-05-07 02:00 PM,2023,05,07,14,42.0,39,Good,35.0,UG/M3,1 Hr,Valid
Guatemala City,PM10 - Principal,2023-05-07 03:00 PM,2023,05,07,15,37.0,34,Good,33.0,UG/M3,1 Hr,Valid
Guatemala City,PM10 - Principal,2023-05-07 04:00 PM,2023,05,07,16,36.0,33,Good,35.0,UG/M3,1 Hr,Valid
Guatemala City,PM10 - Principal,2023-05-07 05:00 PM,2023,05,07,17,35.0,32,Good,35.0,UG/M3,1 Hr,Valid
Guatemala City,PM10 - Principal,2023-05-07 06:00 PM,2023,05,07,18,42.0,39,Good,50.0,UG/M3,1 Hr,Valid
Guatemala City,PM10 - Principal,2023-05-07 07:00 PM,2023,05,07,19,47.0,44,Good,55.0,UG/M3,1 Hr,Valid
Guatemala City,PM10 - Principal,2023-05-07 08:00 PM,2023,05,07,20,54.0,50,Good,62.0,UG/M3,1 Hr,Valid
Guatemala City,PM10 - Principal,2023-05-07 09:00 PM,2023,05,07,21,56.0,51,Moderate,58.0,UG/M3,1 Hr,Valid
Guatemala City,PM10 - Principal,2023-05-07 10:00 PM,2023,05,07,22,55.0,51,Moderate,55.0,UG/M3,1 Hr,Valid
Guatemala City,PM10 - Principal,2023-05-07 11:00 PM,2023,05,07,23,55.0,51,Moderate,56.0,UG/M3,1 Hr,Valid
Guatemala City,PM10 - Principal,2023-05-08 12:00 AM,2023,05,08,00,53.0,49,Good,50.0,UG/M3,1 Hr,Valid
Guatemala City,PM10 - Principal,2023-05-08 01:00 AM,2023,05,08,01,52.0,48,Good,52.0,UG/M3,1 Hr,Valid
Guatemala City,PM10 - Principal,2023-05-08 02:00 AM,2023,05,08,02,50.0,46,Good,48.0,UG/M3,1 Hr,Valid
Guatemala City,PM10 - Principal,2023-05-08 03:00 AM,2023,05,08,03,49.0,45,Good,48.0,UG/M3,1 Hr,Valid
Guatemala City,PM10 - Principal,2023-05-08 04:00 AM,2023,05,08,04,44.0,41,Good,37.0,UG/M3,1 Hr,Valid
Guatemala City,PM10 - Principal,2023-05-08 05:00 AM,2023,05,08,05,42.0,39,Good,39.0,UG/M3,1 Hr,Valid
Guatemala City,PM10 - Principal,2023-05-08 06:00 AM,2023,05,08,06,45.0,42,Good,50.0,UG/M3,1 Hr,Valid
Guatemala City,PM10 - Principal,2023-05-08 07:00 AM,2023,05,08,07,49.0,45,Good,55.0,UG/M3,1 Hr,Valid
Guatemala City,PM10 - Principal,2023-05-08 08:00 AM,2023,05,08,08,54.0,50,Good,62.0,UG/M3,1 Hr,Valid
Guatemala City,PM10 - Principal,2023-05-08 09:00 AM,2023,05,08,09,57.0,52,Moderate,62.0,UG/M3,1 Hr,Valid
Guatemala City,PM10 - Principal,2023-05-08 10:00 AM,2023,05,08,10,63.0,55,Moderate,69.0,UG/M3,1 Hr,Valid
Guatemala City,PM10 - Principal,2023-05-08 11:00 AM,2023,05,08,11,69.0,58,Moderate,74.0,UG/M3,1 Hr,Valid
Guatemala City,PM10 - Principal,2023-05-08 12:00 PM,2023,05,08,12,71.0,59,Moderate,73.0,UG/M3,1 Hr,Valid
Guatemala City,PM10 - Principal,2023-05-08 01:00 PM,2023,05,08,13,76.0,61,Moderate,82.0,UG/M3,1 Hr,Valid
Guatemala City,PM10 - Principal,2023-05-08 02:00 PM,2023,05,08,14,70.0,58,Moderate,64.0,UG/M3,1 Hr,Valid
Guatemala City,PM10 - Principal,2023-05-08 03:00 PM,2023,05,08,15,63.0,55,Moderate,56.0,UG/M3,1 Hr,Valid
Guatemala City,PM10 - Principal,2023-05-08 04:00 PM,2023,05,08,16,61.0,54,Moderate,60.0,UG/M3,1 Hr,Valid
Guatemala City,PM10 - Principal,2023-05-08 05:00 PM,2023,05,08,17,58.0,52,Moderate,51.0,UG/M3,1 Hr,Valid
Guatemala City,PM10 - Principal,2023-05-08 06:00 PM,2023,05,08,18,53.0,49,Good,47.0,UG/M3,1 Hr,Valid
Guatemala City,PM10 - Principal,2023-05-08 07:00 PM,2023,05,08,19,52.0,48,Good,51.0,UG/M3,1 Hr,Valid
Guatemala City,PM10 - Principal,2023-05-08 08:00 PM,2023,05,08,20,52.0,48,Good,52.0,UG/M3,1 Hr,Valid
Guatemala City,PM10 - Principal,2023-05-08 09:00 PM,2023,05,08,21,46.0,43,Good,41.0,UG/M3,1 Hr,Valid
Guatemala City,PM10 - Principal,2023-05-08 10:00 PM,2023,05,08,22,48.0,44,Good,51.0,UG/M3,1 Hr,Valid
Guatemala City,PM10 - Principal,2023-05-08 11:00 PM,2023,05,08,23,50.0,46,Good,52.0,UG/M3,1 Hr,Valid
Guatemala City,PM10 - Principal,2023-05-09 12:00 AM,2023,05,09,00,44.0,41,Good,38.0,UG/M3,1 Hr,Valid
Guatemala City,PM10 - Principal,2023-05-09 01:00 AM,2023,05,09,01,42.0,39,Good,38.0,UG/M3,1 Hr,Valid
Guatemala City,PM10 - Principal,2023-05-09 02:00 AM,2023,05,09,02,38.0,35,Good,34.0,UG/M3,1 Hr,Valid
Guatemala City,PM10 - Principal,2023-05-09 03:00 AM,2023,05,09,03,34.0,31,Good,31.0,UG/M3,1 Hr,Valid
Guatemala City,PM10 - Principal,2023-05-09 04:00 AM,2023,05,09,04,40.0,37,Good,47.0,UG/M3,1 Hr,Valid
Guatemala City,PM10 - Principal,2023-05-09 05:00 AM,2023,05,09,05,39.0,36,Good,39.0,UG/M3,1 Hr,Valid
Guatemala City,PM10 - Principal,2023-05-09 06:00 AM,2023,05,09,06,39.0,36,Good,38.0,UG/M3,1 Hr,Valid
Guatemala City,PM10 - Principal,2023-05-09 07:00 AM,2023,05,09,07,41.0,38,Good,45.0,UG/M3,1 Hr,Valid
Guatemala City,PM10 - Principal,2023-05-09 08:00 AM,2023,05,09,08,46.0,43,Good,53.0,UG/M3,1 Hr,Valid
Guatemala City,PM10 - Principal,2023-05-09 09:00 AM,2023,05,09,09,46.0,43,Good,48.0,UG/M3,1 Hr,Valid
Guatemala City,PM10 - Principal,2023-05-09 10:00 AM,2023,05,09,10,47.0,44,Good,49.0,UG/M3,1 Hr,Valid
Guatemala City,PM10 - Principal,2023-05-09 11:00 AM,2023,05,09,11,47.0,44,Good,46.0,UG/M3,1 Hr,Valid
Guatemala City,PM10 - Principal,2023-05-09 12:00 PM,2023,05,09,12,46.0,43,Good,46.0,UG/M3,1 Hr,Valid
Guatemala City,PM10 - Principal,2023-05-09 01:00 PM,2023,05,09,13,42.0,39,Good,37.0,UG/M3,1 Hr,Valid
Guatemala City,PM10 - Principal,2023-05-09 02:00 PM,2023,05,09,14,36.0,33,Good,29.0,UG/M3,1 Hr,Valid
Guatemala City,PM10 - Principal,2023-05-09 03:00 PM,2023,05,09,15,53.0,49,Good,71.0,UG/M3,1 Hr,Valid
Guatemala City,PM10 - Principal,2023-05-09 04:00 PM,2023,05,09,16,78.0,62,Moderate,104.0,UG/M3,1 Hr,Valid
Guatemala City,PM10 - Principal,2023-05-09 05:00 PM,2023,05,09,17,94.0,70,Moderate,110.0,UG/M3,1 Hr,Valid
Guatemala City,PM10 - Principal,2023-05-09 06:00 PM,2023,05,09,18,102.0,74,Moderate,110.0,UG/M3,1 Hr,Valid
Guatemala City,PM10 - Principal,2023-05-09 07:00 PM,2023,05,09,19,102.0,74,Moderate,-999.0,UG/M3,1 Hr,Missing
Guatemala City,PM10 - Principal,2023-05-09 08:00 PM,2023,05,09,20,91.0,69,Moderate,86.0,UG/M3,1 Hr,Valid
Guatemala City,PM10 - Principal,2023-05-09 09:00 PM,2023,05,09,21,87.0,67,Moderate,85.0,UG/M3,1 Hr,Valid
Guatemala City,PM10 - Principal,2023-05-09 10:00 PM,2023,05,09,22,90.0,68,Moderate,93.0,UG/M3,1 Hr,Valid
Guatemala City,PM10 - Principal,2023-05-09 11:00 PM,2023,05,09,23,87.0,67,Moderate,84.0,UG/M3,1 Hr,Valid
Guatemala City,PM10 - Principal,2023-05-10 12:00 AM,2023,05,10,00,79.0,63,Moderate,72.0,UG/M3,1 Hr,Valid
Guatemala City,PM10 - Principal,2023-05-10 01:00 AM,2023,05,10,01,67.0,57,Moderate,55.0,UG/M3,1 Hr,Valid
Guatemala City,PM10 - Principal,2023-05-10 02:00 AM,2023,05,10,02,62.0,54,Moderate,58.0,UG/M3,1 Hr,Valid
Guatemala City,PM10 - Principal,2023-05-10 03:00 AM,2023,05,10,03,55.0,51,Moderate,48.0,UG/M3,1 Hr,Valid
Guatemala City,PM10 - Principal,2023-05-10 04:00 AM,2023,05,10,04,55.0,51,Moderate,55.0,UG/M3,1 Hr,Valid
Guatemala City,PM10 - Principal,2023-05-10 05:00 AM,2023,05,10,05,53.0,49,Good,51.0,UG/M3,1 Hr,Valid
Guatemala City,PM10 - Principal,2023-05-10 06:00 AM,2023,05,10,06,56.0,51,Moderate,59.0,UG/M3,1 Hr,Valid
Guatemala City,PM10 - Principal,2023-05-10 07:00 AM,2023,05,10,07,57.0,52,Moderate,59.0,UG/M3,1 Hr,Valid
Guatemala City,PM10 - Principal,2023-05-10 08:00 AM,2023,05,10,08,64.0,55,Moderate,71.0,UG/M3,1 Hr,Valid
Guatemala City,PM10 - Principal,2023-05-10 09:00 AM,2023,05,10,09,71.0,59,Moderate,80.0,UG/M3,1 Hr,Valid
Guatemala City,PM10 - Principal,2023-05-10 10:00 AM,2023,05,10,10,78.0,62,Moderate,87.0,UG/M3,1 Hr,Valid
Guatemala City,PM10 - Principal,2023-05-10 11:00 AM,2023,05,10,11,75.0,61,Moderate,73.0,UG/M3,1 Hr,Valid
Guatemala City,PM10 - Principal,2023-05-10 12:00 PM,2023,05,10,12,77.0,62,Moderate,80.0,UG/M3,1 Hr,Valid
Guatemala City,PM10 - Principal,2023-05-10 01:00 PM,2023,05,10,13,82.0,64,Moderate,88.0,UG/M3,1 Hr,Valid
Guatemala City,PM10 - Principal,2023-05-10 02:00 PM,2023,05,10,14,80.0,63,Moderate,79.0,UG/M3,1 Hr,Valid
Guatemala City,PM10 - Principal,2023-05-10 03:00 PM,2023,05,10,15,88.0,67,Moderate,96.0,UG/M3,1 Hr,Valid
Guatemala City,PM10 - Principal,2023-05-10 04:00 PM,2023,05,10,16,104.0,75,Moderate,120.0,UG/M3,1 Hr,Valid
Guatemala City,PM10 - Principal,2023-05-10 05:00 PM,2023,05,10,17,86.0,66,Moderate,69.0,UG/M3,1 Hr,Valid
Guatemala City,PM10 - Principal,2023-05-10 06:00 PM,2023,05,10,18,69.0,58,Moderate,53.0,UG/M3,1 Hr,Valid
Guatemala City,PM10 - Principal,2023-05-10 07:00 PM,2023,05,10,19,58.0,52,Moderate,47.0,UG/M3,1 Hr,Valid
Guatemala City,PM10 - Principal,2023-05-10 08:00 PM,2023,05,10,20,59.0,53,Moderate,61.0,UG/M3,1 Hr,Valid
Guatemala City,PM10 - Principal,2023-05-10 09:00 PM,2023,05,10,21,58.0,52,Moderate,57.0,UG/M3,1 Hr,Valid
Guatemala City,PM10 - Principal,2023-05-10 10:00 PM,2023,05,10,22,56.0,51,Moderate,55.0,UG/M3,1 Hr,Valid
Guatemala City,PM10 - Principal,2023-05-10 11:00 PM,2023,05,10,23,53.0,49,Good,50.0,UG/M3,1 Hr,Valid
Guatemala City,PM10 - Principal,2023-05-11 12:00 AM,2023,05,11,00,49.0,45,Good,45.0,UG/M3,1 Hr,Valid
Guatemala City,PM10 - Principal,2023-05-11 01:00 AM,2023,05,11,01,44.0,41,Good,40.0,UG/M3,1 Hr,Valid
Guatemala City,PM10 - Principal,2023-05-11 02:00 AM,2023,05,11,02,44.0,41,Good,44.0,UG/M3,1 Hr,Valid
Guatemala City,PM10 - Principal,2023-05-11 03:00 AM,2023,05,11,03,48.0,44,Good,53.0,UG/M3,1 Hr,Valid
Guatemala City,PM10 - Principal,2023-05-11 04:00 AM,2023,05,11,04,53.0,49,Good,61.0,UG/M3,1 Hr,Valid
Guatemala City,PM10 - Principal,2023-05-11 05:00 AM,2023,05,11,05,53.0,49,Good,54.0,UG/M3,1 Hr,Valid
Guatemala City,PM10 - Principal,2023-05-11 06:00 AM,2023,05,11,06,51.0,47,Good,48.0,UG/M3,1 Hr,Valid
Guatemala City,PM10 - Principal,2023-05-11 07:00 AM,2023,05,11,07,52.0,48,Good,55.0,UG/M3,1 Hr,Valid
Guatemala City,PM10 - Principal,2023-05-11 08:00 AM,2023,05,11,08,55.0,51,Moderate,60.0,UG/M3,1 Hr,Valid
Guatemala City,PM10 - Principal,2023-05-11 09:00 AM,2023,05,11,09,66.0,56,Moderate,78.0,UG/M3,1 Hr,Valid
Guatemala City,PM10 - Principal,2023-05-11 10:00 AM,2023,05,11,10,70.0,58,Moderate,74.0,UG/M3,1 Hr,Valid
Guatemala City,PM10 - Principal,2023-05-11 11:00 AM,2023,05,11,11,65.0,56,Moderate,60.0,UG/M3,1 Hr,Valid
Guatemala City,PM10 - Principal,2023-05-11 12:00 PM,2023,05,11,12,67.0,57,Moderate,69.0,UG/M3,1 Hr,Valid
Guatemala City,PM10 - Principal,2023-05-11 01:00 PM,2023,05,11,13,63.0,55,Moderate,60.0,UG/M3,1 Hr,Valid
Guatemala City,PM10 - Principal,2023-05-11 02:00 PM,2023,05,11,14,64.0,55,Moderate,66.0,UG/M3,1 Hr,Valid
Guatemala City,PM10 - Principal,2023-05-11 03:00 PM,2023,05,11,15,64.0,55,Moderate,64.0,UG/M3,1 Hr,Valid
Guatemala City,PM10 - Principal,2023-05-11 04:00 PM,2023,05,11,16,68.0,57,Moderate,74.0,UG/M3,1 Hr,Valid
Guatemala City,PM10 - Principal,2023-05-11 05:00 PM,2023,05,11,17,70.0,58,Moderate,73.0,UG/M3,1 Hr,Valid
Guatemala City,PM10 - Principal,2023-05-11 06:00 PM,2023,05,11,18,69.0,58,Moderate,69.0,UG/M3,1 Hr,Valid
Guatemala City,PM10 - Principal,2023-05-11 07:00 PM,2023,05,11,19,64.0,55,Moderate,53.0,UG/M3,1 Hr,Valid
Guatemala City,PM10 - Principal,2023-05-11 08:00 PM,2023,05,11,20,61.0,54,Moderate,57.0,UG/M3,1 Hr,Valid
Guatemala City,PM10 - Principal,2023-05-11 09:00 PM,2023,05,11,21,60.0,53,Moderate,55.0,UG/M3,1 Hr,Valid
Guatemala City,PM10 - Principal,2023-05-11 10:00 PM,2023,05,11,22,54.0,50,Good,47.0,UG/M3,1 Hr,Valid
Guatemala City,PM10 - Principal,2023-05-11 11:00 PM,2023,05,11,23,46.0,43,Good,39.0,UG/M3,1 Hr,Valid
Guatemala City,PM10 - Principal,2023-05-12 12:00 AM,2023,05,12,00,40.0,37,Good,35.0,UG/M3,1 Hr,Valid
Guatemala City,PM10 - Principal,2023-05-12 01:00 AM,2023,05,12,01,34.0,31,Good,29.0,UG/M3,1 Hr,Valid
Guatemala City,PM10 - Principal,2023-05-12 02:00 AM,2023,05,12,02,25.0,23,Good,17.0,UG/M3,1 Hr,Valid
Guatemala City,PM10 - Principal,2023-05-12 03:00 AM,2023,05,12,03,19.0,18,Good,14.0,UG/M3,1 Hr,Valid
Guatemala City,PM10 - Principal,2023-05-12 04:00 AM,2023,05,12,04,16.0,15,Good,13.0,UG/M3,1 Hr,Valid
Guatemala City,PM10 - Principal,2023-05-12 05:00 AM,2023,05,12,05,18.0,17,Good,21.0,UG/M3,1 Hr,Valid
Guatemala City,PM10 - Principal,2023-05-12 06:00 AM,2023,05,12,06,19.0,18,Good,21.0,UG/M3,1 Hr,Valid
Guatemala City,PM10 - Principal,2023-05-12 07:00 AM,2023,05,12,07,29.0,27,Good,40.0,UG/M3,1 Hr,Valid
Guatemala City,PM10 - Principal,2023-05-12 08:00 AM,2023,05,12,08,32.0,30,Good,36.0,UG/M3,1 Hr,Valid
Guatemala City,PM10 - Principal,2023-05-12 09:00 AM,2023,05,12,09,34.0,31,Good,36.0,UG/M3,1 Hr,Valid
Guatemala City,PM10 - Principal,2023-05-12 10:00 AM,2023,05,12,10,40.0,37,Good,46.0,UG/M3,1 Hr,Valid
Guatemala City,PM10 - Principal,2023-05-12 11:00 AM,2023,05,12,11,39.0,36,Good,39.0,UG/M3,1 Hr,Valid
Guatemala City,PM10 - Principal,2023-05-12 12:00 PM,2023,05,12,12,40.0,37,Good,42.0,UG/M3,1 Hr,Valid
Guatemala City,PM10 - Principal,2023-05-12 01:00 PM,2023,05,12,13,40.0,37,Good,41.0,UG/M3,1 Hr,Valid
Guatemala City,PM10 - Principal,2023-05-12 02:00 PM,2023,05,12,14,42.0,39,Good,44.0,UG/M3,1 Hr,Valid
Guatemala City,PM10 - Principal,2023-05-12 03:00 PM,2023,05,12,15,38.0,35,Good,35.0,UG/M3,1 Hr,Valid
Guatemala City,PM10 - Principal,2023-05-12 04:00 PM,2023,05,12,16,55.0,51,Moderate,72.0,UG/M3,1 Hr,Valid
Guatemala City,PM10 - Principal,2023-05-12 05:00 PM,2023,05,12,17,68.0,57,Moderate,82.0,UG/M3,1 Hr,Valid
Guatemala City,PM10 - Principal,2023-05-12 06:00 PM,2023,05,12,18,67.0,57,Moderate,67.0,UG/M3,1 Hr,Valid
Guatemala City,PM10 - Principal,2023-05-12 07:00 PM,2023,05,12,19,66.0,56,Moderate,65.0,UG/M3,1 Hr,Valid
Guatemala City,PM10 - Principal,2023-05-12 08:00 PM,2023,05,12,20,68.0,57,Moderate,71.0,UG/M3,1 Hr,Valid
Guatemala City,PM10 - Principal,2023-05-12 09:00 PM,2023,05,12,21,69.0,58,Moderate,70.0,UG/M3,1 Hr,Valid
Guatemala City,PM10 - Principal,2023-05-12 10:00 PM,2023,05,12,22,71.0,59,Moderate,74.0,UG/M3,1 Hr,Valid
Guatemala City,PM10 - Principal,2023-05-12 11:00 PM,2023,05,12,23,70.0,58,Moderate,69.0,UG/M3,1 Hr,Valid
Guatemala City,PM10 - Principal,2023-05-13 12:00 AM,2023,05,13,00,64.0,55,Moderate,59.0,UG/M3,1 Hr,Valid
Guatemala City,PM10 - Principal,2023-05-13 01:00 AM,2023,05,13,01,63.0,55,Moderate,63.0,UG/M3,1 Hr,Valid
Guatemala City,PM10 - Principal,2023-05-13 02:00 AM,2023,05,13,02,61.0,54,Moderate,60.0,UG/M3,1 Hr,Valid
Guatemala City,PM10 - Principal,2023-05-13 03:00 AM,2023,05,13,03,44.0,41,Good,27.0,UG/M3,1 Hr,Valid
Guatemala City,PM10 - Principal,2023-05-13 04:00 AM,2023,05,13,04,31.0,29,Good,18.0,UG/M3,1 Hr,Valid
Guatemala City,PM10 - Principal,2023-05-13 05:00 AM,2023,05,13,05,23.0,21,Good,16.0,UG/M3,1 Hr,Valid
Guatemala City,PM10 - Principal,2023-05-13 06:00 AM,2023,05,13,06,22.0,20,Good,22.0,UG/M3,1 Hr,Valid
Guatemala City,PM10 - Principal,2023-05-13 07:00 AM,2023,05,13,07,21.0,19,Good,20.0,UG/M3,1 Hr,Valid
Guatemala City,PM10 - Principal,2023-05-13 08:00 AM,2023,05,13,08,25.0,23,Good,29.0,UG/M3,1 Hr,Valid
Guatemala City,PM10 - Principal,2023-05-13 09:00 AM,2023,05,13,09,34.0,31,Good,43.0,UG/M3,1 Hr,Valid
Guatemala City,PM10 - Principal,2023-05-13 10:00 AM,2023,05,13,10,38.0,35,Good,43.0,UG/M3,1 Hr,Valid
Guatemala City,PM10 - Principal,2023-05-13 11:00 AM,2023,05,13,11,38.0,35,Good,-999.0,UG/M3,1 Hr,Missing
Guatemala City,PM10 - Principal,2023-05-13 01:00 PM,2023,05,13,13,-999.0,-999,N/A,38.0,UG/M3,1 Hr,Valid
Guatemala City,PM10 - Principal,2023-05-13 02:00 PM,2023,05,13,14,36.0,33,Good,35.0,UG/M3,1 Hr,Valid
Guatemala City,PM10 - Principal,2023-05-13 03:00 PM,2023,05,13,15,44.0,41,Good,51.0,UG/M3,1 Hr,Valid
Guatemala City,PM10 - Principal,2023-05-13 04:00 PM,2023,05,13,16,49.0,45,Good,55.0,UG/M3,1 Hr,Valid
Guatemala City,PM10 - Principal,2023-05-13 05:00 PM,2023,05,13,17,49.0,45,Good,50.0,UG/M3,1 Hr,Valid
Guatemala City,PM10 - Principal,2023-05-13 06:00 PM,2023,05,13,18,45.0,42,Good,42.0,UG/M3,1 Hr,Valid
Guatemala City,PM10 - Principal,2023-05-13 07:00 PM,2023,05,13,19,44.0,41,Good,42.0,UG/M3,1 Hr,Valid
Guatemala City,PM10 - Principal,2023-05-13 08:00 PM,2023,05,13,20,45.0,42,Good,48.0,UG/M3,1 Hr,Valid
Guatemala City,PM10 - Principal,2023-05-13 09:00 PM,2023,05,13,21,45.0,42,Good,44.0,UG/M3,1 Hr,Valid
Guatemala City,PM10 - Principal,2023-05-13 10:00 PM,2023,05,13,22,46.0,43,Good,48.0,UG/M3,1 Hr,Valid
Guatemala City,PM10 - Principal,2023-05-13 11:00 PM,2023,05,13,23,45.0,42,Good,45.0,UG/M3,1 Hr,Valid
Guatemala City,PM10 - Principal,2023-05-14 12:00 AM,2023,05,14,00,45.0,42,Good,45.0,UG/M3,1 Hr,Valid
Guatemala City,PM10 - Principal,2023-05-14 01:00 AM,2023,05,14,01,41.0,38,Good,35.0,UG/M3,1 Hr,Valid
Guatemala City,PM10 - Principal,2023-05-14 02:00 AM,2023,05,14,02,26.0,24,Good,13.0,UG/M3,1 Hr,Valid
Guatemala City,PM10 - Principal,2023-05-14 03:00 AM,2023,05,14,03,20.0,19,Good,15.0,UG/M3,1 Hr,Valid
Guatemala City,PM10 - Principal,2023-05-14 04:00 AM,2023,05,14,04,17.0,16,Good,14.0,UG/M3,1 Hr,Valid
Guatemala City,PM10 - Principal,2023-05-14 05:00 AM,2023,05,14,05,16.0,15,Good,16.0,UG/M3,1 Hr,Valid
Guatemala City,PM10 - Principal,2023-05-14 06:00 AM,2023,05,14,06,14.0,13,Good,13.0,UG/M3,1 Hr,Valid
Guatemala City,PM10 - Principal,2023-05-14 07:00 AM,2023,05,14,07,16.0,15,Good,19.0,UG/M3,1 Hr,Valid
Guatemala City,PM10 - Principal,2023-05-14 08:00 AM,2023,05,14,08,17.0,16,Good,19.0,UG/M3,1 Hr,Valid
Guatemala City,PM10 - Principal,2023-05-14 09:00 AM,2023,05,14,09,18.0,17,Good,20.0,UG/M3,1 Hr,Valid
Guatemala City,PM10 - Principal,2023-05-14 10:00 AM,2023,05,14,10,17.0,16,Good,17.0,UG/M3,1 Hr,Valid
Guatemala City,PM10 - Principal,2023-05-14 11:00 AM,2023,05,14,11,17.0,16,Good,18.0,UG/M3,1 Hr,Valid
Guatemala City,PM10 - Principal,2023-05-14 12:00 PM,2023,05,14,12,14.0,13,Good,11.0,UG/M3,1 Hr,Valid
Guatemala City,PM10 - Principal,2023-05-14 01:00 PM,2023,05,14,13,17.0,16,Good,20.0,UG/M3,1 Hr,Valid
Guatemala City,PM10 - Principal,2023-05-14 02:00 PM,2023,05,14,14,16.0,15,Good,15.0,UG/M3,1 Hr,Valid
Guatemala City,PM10 - Principal,2023-05-14 03:00 PM,2023,05,14,15,14.0,13,Good,13.0,UG/M3,1 Hr,Valid
Guatemala City,PM10 - Principal,2023-05-14 04:00 PM,2023,05,14,16,14.0,13,Good,15.0,UG/M3,1 Hr,Valid
Guatemala City,PM10 - Principal,2023-05-14 05:00 PM,2023,05,14,17,18.0,17,Good,23.0,UG/M3,1 Hr,Valid
Guatemala City,PM10 - Principal,2023-05-14 06:00 PM,2023,05,14,18,23.0,21,Good,29.0,UG/M3,1 Hr,Valid
Guatemala City,PM10 - Principal,2023-05-14 07:00 PM,2023,05,14,19,25.0,23,Good,27.0,UG/M3,1 Hr,Valid
Guatemala City,PM10 - Principal,2023-05-14 08:00 PM,2023,05,14,20,24.0,22,Good,24.0,UG/M3,1 Hr,Valid
Guatemala City,PM10 - Principal,2023-05-14 09:00 PM,2023,05,14,21,28.0,26,Good,32.0,UG/M3,1 Hr,Valid
Guatemala City,PM10 - Principal,2023-05-14 10:00 PM,2023,05,14,22,25.0,23,Good,23.0,UG/M3,1 Hr,Valid
Guatemala City,PM10 - Principal,2023-05-14 11:00 PM,2023,05,14,23,32.0,30,Good,40.0,UG/M3,1 Hr,Valid
Guatemala City,PM10 - Principal,2023-05-15 12:00 AM,2023,05,15,00,26.0,24,Good,21.0,UG/M3,1 Hr,Valid
Guatemala City,PM10 - Principal,2023-05-15 01:00 AM,2023,05,15,01,26.0,24,Good,27.0,UG/M3,1 Hr,Valid
Guatemala City,PM10 - Principal,2023-05-15 02:00 AM,2023,05,15,02,23.0,21,Good,20.0,UG/M3,1 Hr,Valid
Guatemala City,PM10 - Principal,2023-05-15 03:00 AM,2023,05,15,03,22.0,20,Good,22.0,UG/M3,1 Hr,Valid
Guatemala City,PM10 - Principal,2023-05-15 04:00 AM,2023,05,15,04,24.0,22,Good,27.0,UG/M3,1 Hr,Valid
Guatemala City,PM10 - Principal,2023-05-15 05:00 AM,2023,05,15,05,20.0,19,Good,16.0,UG/M3,1 Hr,Valid
Guatemala City,PM10 - Principal,2023-05-15 06:00 AM,2023,05,15,06,30.0,28,Good,40.0,UG/M3,1 Hr,Valid
Guatemala City,PM10 - Principal,2023-05-15 07:00 AM,2023,05,15,07,41.0,38,Good,53.0,UG/M3,1 Hr,Valid
Guatemala City,PM10 - Principal,2023-05-15 08:00 AM,2023,05,15,08,41.0,38,Good,42.0,UG/M3,1 Hr,Valid
Guatemala City,PM10 - Principal,2023-05-15 09:00 AM,2023,05,15,09,43.0,40,Good,45.0,UG/M3,1 Hr,Valid
Guatemala City,PM10 - Principal,2023-05-15 10:00 AM,2023,05,15,10,47.0,44,Good,51.0,UG/M3,1 Hr,Valid
Guatemala City,PM10 - Principal,2023-05-15 11:00 AM,2023,05,15,11,44.0,41,Good,42.0,UG/M3,1 Hr,Valid
Guatemala City,PM10 - Principal,2023-05-15 12:00 PM,2023,05,15,12,39.0,36,Good,35.0,UG/M3,1 Hr,Valid
Guatemala City,PM10 - Principal,2023-05-15 01:00 PM,2023,05,15,13,37.0,34,Good,35.0,UG/M3,1 Hr,Valid
Guatemala City,PM10 - Principal,2023-05-15 02:00 PM,2023,05,15,14,35.0,32,Good,34.0,UG/M3,1 Hr,Valid
Guatemala City,PM10 - Principal,2023-05-15 03:00 PM,2023,05,15,15,37.0,34,Good,39.0,UG/M3,1 Hr,Valid
Guatemala City,PM10 - Principal,2023-05-15 04:00 PM,2023,05,15,16,39.0,36,Good,41.0,UG/M3,1 Hr,Valid
Guatemala City,PM10 - Principal,2023-05-15 05:00 PM,2023,05,15,17,33.0,31,Good,27.0,UG/M3,1 Hr,Valid
Guatemala City,PM10 - Principal,2023-05-15 06:00 PM,2023,05,15,18,37.0,34,Good,42.0,UG/M3,1 Hr,Valid
Guatemala City,PM10 - Principal,2023-05-15 07:00 PM,2023,05,15,19,36.0,33,Good,36.0,UG/M3,1 Hr,Valid
Guatemala City,PM10 - Principal,2023-05-15 08:00 PM,2023,05,15,20,30.0,28,Good,25.0,UG/M3,1 Hr,Valid
Guatemala City,PM10 - Principal,2023-05-15 09:00 PM,2023,05,15,21,27.0,25,Good,25.0,UG/M3,1 Hr,Valid
Guatemala City,PM10 - Principal,2023-05-15 10:00 PM,2023,05,15,22,28.0,26,Good,28.0,UG/M3,1 Hr,Valid
Guatemala City,PM10 - Principal,2023-05-15 11:00 PM,2023,05,15,23,24.0,22,Good,21.0,UG/M3,1 Hr,Valid
Guatemala City,PM10 - Principal,2023-05-16 12:00 AM,2023,05,16,00,32.0,30,Good,41.0,UG/M3,1 Hr,Valid
Guatemala City,PM10 - Principal,2023-05-16 01:00 AM,2023,05,16,01,38.0,35,Good,44.0,UG/M3,1 Hr,Valid
Guatemala City,PM10 - Principal,2023-05-16 02:00 AM,2023,05,16,02,36.0,33,Good,35.0,UG/M3,1 Hr,Valid
Guatemala City,PM10 - Principal,2023-05-16 03:00 AM,2023,05,16,03,36.0,33,Good,37.0,UG/M3,1 Hr,Valid
Guatemala City,PM10 - Principal,2023-05-16 04:00 AM,2023,05,16,04,41.0,38,Good,47.0,UG/M3,1 Hr,Valid
Guatemala City,PM10 - Principal,2023-05-16 05:00 AM,2023,05,16,05,43.0,40,Good,45.0,UG/M3,1 Hr,Valid
Guatemala City,PM10 - Principal,2023-05-16 06:00 AM,2023,05,16,06,51.0,47,Good,59.0,UG/M3,1 Hr,Valid
Guatemala City,PM10 - Principal,2023-05-16 07:00 AM,2023,05,16,07,59.0,53,Moderate,68.0,UG/M3,1 Hr,Valid
Guatemala City,PM10 - Principal,2023-05-16 08:00 AM,2023,05,16,08,59.0,53,Moderate,60.0,UG/M3,1 Hr,Valid
Guatemala City,PM10 - Principal,2023-05-16 09:00 AM,2023,05,16,09,52.0,48,Good,45.0,UG/M3,1 Hr,Valid
Guatemala City,PM10 - Principal,2023-05-16 10:00 AM,2023,05,16,10,45.0,42,Good,38.0,UG/M3,1 Hr,Valid
Guatemala City,PM10 - Principal,2023-05-16 11:00 AM,2023,05,16,11,48.0,44,Good,52.0,UG/M3,1 Hr,Valid
Guatemala City,PM10 - Principal,2023-05-16 12:00 PM,2023,05,16,12,46.0,43,Good,44.0,UG/M3,1 Hr,Valid
Guatemala City,PM10 - Principal,2023-05-16 01:00 PM,2023,05,16,13,46.0,43,Good,47.0,UG/M3,1 Hr,Valid
Guatemala City,PM10 - Principal,2023-05-16 02:00 PM,2023,05,16,14,47.0,44,Good,48.0,UG/M3,1 Hr,Valid
Guatemala City,PM10 - Principal,2023-05-16 03:00 PM,2023,05,16,15,50.0,46,Good,54.0,UG/M3,1 Hr,Valid
Guatemala City,PM10 - Principal,2023-05-16 04:00 PM,2023,05,16,16,46.0,43,Good,41.0,UG/M3,1 Hr,Valid
Guatemala City,PM10 - Principal,2023-05-16 05:00 PM,2023,05,16,17,48.0,44,Good,52.0,UG/M3,1 Hr,Valid
Guatemala City,PM10 - Principal,2023-05-16 06:00 PM,2023,05,16,18,57.0,52,Moderate,69.0,UG/M3,1 Hr,Valid
Guatemala City,PM10 - Principal,2023-05-16 07:00 PM,2023,05,16,19,64.0,55,Moderate,72.0,UG/M3,1 Hr,Valid
Guatemala City,PM10 - Principal,2023-05-16 08:00 PM,2023,05,16,20,44.0,41,Good,24.0,UG/M3,1 Hr,Valid
Guatemala City,PM10 - Principal,2023-05-16 09:00 PM,2023,05,16,21,33.0,31,Good,22.0,UG/M3,1 Hr,Valid
Guatemala City,PM10 - Principal,2023-05-16 10:00 PM,2023,05,16,22,28.0,26,Good,24.0,UG/M3,1 Hr,Valid
Guatemala City,PM10 - Principal,2023-05-16 11:00 PM,2023,05,16,23,25.0,23,Good,23.0,UG/M3,1 Hr,Valid
Guatemala City,PM10 - Principal,2023-05-17 12:00 AM,2023,05,17,00,25.0,23,Good,25.0,UG/M3,1 Hr,Valid
Guatemala City,PM10 - Principal,2023-05-17 01:00 AM,2023,05,17,01,35.0,32,Good,46.0,UG/M3,1 Hr,Valid
Guatemala City,PM10 - Principal,2023-05-17 02:00 AM,2023,05,17,02,27.0,25,Good,20.0,UG/M3,1 Hr,Valid
Guatemala City,PM10 - Principal,2023-05-17 03:00 AM,2023,05,17,03,30.0,28,Good,33.0,UG/M3,1 Hr,Valid
Guatemala City,PM10 - Principal,2023-05-17 04:00 AM,2023,05,17,04,35.0,32,Good,40.0,UG/M3,1 Hr,Valid
Guatemala City,PM10 - Principal,2023-05-17 05:00 AM,2023,05,17,05,54.0,50,Good,73.0,UG/M3,1 Hr,Valid
Guatemala City,PM10 - Principal,2023-05-17 06:00 AM,2023,05,17,06,49.0,45,Good,44.0,UG/M3,1 Hr,Valid
Guatemala City,PM10 - Principal,2023-05-17 07:00 AM,2023,05,17,07,57.0,52,Moderate,66.0,UG/M3,1 Hr,Valid
Guatemala City,PM10 - Principal,2023-05-17 08:00 AM,2023,05,17,08,68.0,57,Moderate,80.0,UG/M3,1 Hr,Valid
Guatemala City,PM10 - Principal,2023-05-17 09:00 AM,2023,05,17,09,65.0,56,Moderate,62.0,UG/M3,1 Hr,Valid
Guatemala City,PM10 - Principal,2023-05-17 10:00 AM,2023,05,17,10,58.0,52,Moderate,52.0,UG/M3,1 Hr,Valid
Guatemala City,PM10 - Principal,2023-05-17 11:00 AM,2023,05,17,11,55.0,51,Moderate,52.0,UG/M3,1 Hr,Valid
Guatemala City,PM10 - Principal,2023-05-17 12:00 PM,2023,05,17,12,52.0,48,Good,50.0,UG/M3,1 Hr,Valid
Guatemala City,PM10 - Principal,2023-05-17 01:00 PM,2023,05,17,13,50.0,46,Good,49.0,UG/M3,1 Hr,Valid
Guatemala City,PM10 - Principal,2023-05-17 02:00 PM,2023,05,17,14,53.0,49,Good,57.0,UG/M3,1 Hr,Valid
Guatemala City,PM10 - Principal,2023-05-17 03:00 PM,2023,05,17,15,63.0,55,Moderate,73.0,UG/M3,1 Hr,Valid
Guatemala City,PM10 - Principal,2023-05-17 04:00 PM,2023,05,17,16,75.0,61,Moderate,88.0,UG/M3,1 Hr,Valid
Guatemala City,PM10 - Principal,2023-05-17 05:00 PM,2023,05,17,17,78.0,62,Moderate,81.0,UG/M3,1 Hr,Valid
Guatemala City,PM10 - Principal,2023-05-17 06:00 PM,2023,05,17,18,79.0,63,Moderate,82.0,UG/M3,1 Hr,Valid
Guatemala City,PM10 - Principal,2023-05-17 07:00 PM,2023,05,17,19,75.0,61,Moderate,71.0,UG/M3,1 Hr,Valid
Guatemala City,PM10 - Principal,2023-05-17 08:00 PM,2023,05,17,20,73.0,60,Moderate,71.0,UG/M3,1 Hr,Valid
Guatemala City,PM10 - Principal,2023-05-17 09:00 PM,2023,05,17,21,75.0,61,Moderate,79.0,UG/M3,1 Hr,Valid
Guatemala City,PM10 - Principal,2023-05-17 10:00 PM,2023,05,17,22,83.0,65,Moderate,92.0,UG/M3,1 Hr,Valid
Guatemala City,PM10 - Principal,2023-05-17 11:00 PM,2023,05,17,23,82.0,64,Moderate,81.0,UG/M3,1 Hr,Valid
Guatemala City,PM10 - Principal,2023-05-18 12:00 AM,2023,05,18,00,78.0,62,Moderate,75.0,UG/M3,1 Hr,Valid
Guatemala City,PM10 - Principal,2023-05-18 01:00 AM,2023,05,18,01,75.0,61,Moderate,69.0,UG/M3,1 Hr,Valid
Guatemala City,PM10 - Principal,2023-05-18 02:00 AM,2023,05,18,02,58.0,52,Moderate,44.0,UG/M3,1 Hr,Valid
Guatemala City,PM10 - Principal,2023-05-18 03:00 AM,2023,05,18,03,53.0,49,Good,49.0,UG/M3,1 Hr,Valid
Guatemala City,PM10 - Principal,2023-05-18 04:00 AM,2023,05,18,04,48.0,44,Good,43.0,UG/M3,1 Hr,Valid
Guatemala City,PM10 - Principal,2023-05-18 05:00 AM,2023,05,18,05,43.0,40,Good,38.0,UG/M3,1 Hr,Valid
Guatemala City,PM10 - Principal,2023-05-18 06:00 AM,2023,05,18,06,43.0,40,Good,43.0,UG/M3,1 Hr,Valid
Guatemala City,PM10 - Principal,2023-05-18 07:00 AM,2023,05,18,07,47.0,44,Good,52.0,UG/M3,1 Hr,Valid
Guatemala City,PM10 - Principal,2023-05-18 08:00 AM,2023,05,18,08,50.0,46,Good,53.0,UG/M3,1 Hr,Valid
Guatemala City,PM10 - Principal,2023-05-18 09:00 AM,2023,05,18,09,50.0,46,Good,51.0,UG/M3,1 Hr,Valid
Guatemala City,PM10 - Principal,2023-05-18 10:00 AM,2023,05,18,10,50.0,46,Good,50.0,UG/M3,1 Hr,Valid
Guatemala City,PM10 - Principal,2023-05-18 11:00 AM,2023,05,18,11,50.0,46,Good,51.0,UG/M3,1 Hr,Valid
Guatemala City,PM10 - Principal,2023-05-18 12:00 PM,2023,05,18,12,52.0,48,Good,56.0,UG/M3,1 Hr,Valid
Guatemala City,PM10 - Principal,2023-05-18 01:00 PM,2023,05,18,13,47.0,44,Good,39.0,UG/M3,1 Hr,Valid
Guatemala City,PM10 - Principal,2023-05-18 02:00 PM,2023,05,18,14,44.0,41,Good,39.0,UG/M3,1 Hr,Valid
Guatemala City,PM10 - Principal,2023-05-18 03:00 PM,2023,05,18,15,42.0,39,Good,38.0,UG/M3,1 Hr,Valid
Guatemala City,PM10 - Principal,2023-05-18 04:00 PM,2023,05,18,16,44.0,41,Good,48.0,UG/M3,1 Hr,Valid
Guatemala City,PM10 - Principal,2023-05-18 05:00 PM,2023,05,18,17,45.0,42,Good,48.0,UG/M3,1 Hr,Valid
Guatemala City,PM10 - Principal,2023-05-18 06:00 PM,2023,05,18,18,46.0,43,Good,49.0,UG/M3,1 Hr,Valid
Guatemala City,PM10 - Principal,2023-05-18 07:00 PM,2023,05,18,19,45.0,42,Good,42.0,UG/M3,1 Hr,Valid
Guatemala City,PM10 - Principal,2023-05-18 08:00 PM,2023,05,18,20,45.0,42,Good,46.0,UG/M3,1 Hr,Valid
Guatemala City,PM10 - Principal,2023-05-18 09:00 PM,2023,05,18,21,46.0,43,Good,50.0,UG/M3,1 Hr,Valid
Guatemala City,PM10 - Principal,2023-05-18 10:00 PM,2023,05,18,22,48.0,44,Good,53.0,UG/M3,1 Hr,Valid
Guatemala City,PM10 - Principal,2023-05-18 11:00 PM,2023,05,18,23,49.0,45,Good,51.0,UG/M3,1 Hr,Valid
Guatemala City,PM10 - Principal,2023-05-19 12:00 AM,2023,05,19,00,48.0,44,Good,48.0,UG/M3,1 Hr,Valid
Guatemala City,PM10 - Principal,2023-05-19 01:00 AM,2023,05,19,01,49.0,45,Good,52.0,UG/M3,1 Hr,Valid
Guatemala City,PM10 - Principal,2023-05-19 02:00 AM,2023,05,19,02,48.0,44,Good,45.0,UG/M3,1 Hr,Valid
Guatemala City,PM10 - Principal,2023-05-19 03:00 AM,2023,05,19,03,48.0,44,Good,49.0,UG/M3,1 Hr,Valid
Guatemala City,PM10 - Principal,2023-05-19 04:00 AM,2023,05,19,04,48.0,44,Good,47.0,UG/M3,1 Hr,Valid
Guatemala City,PM10 - Principal,2023-05-19 05:00 AM,2023,05,19,05,48.0,44,Good,48.0,UG/M3,1 Hr,Valid
Guatemala City,PM10 - Principal,2023-05-19 06:00 AM,2023,05,19,06,49.0,45,Good,53.0,UG/M3,1 Hr,Valid
Guatemala City,PM10 - Principal,2023-05-19 07:00 AM,2023,05,19,07,49.0,45,Good,52.0,UG/M3,1 Hr,Valid
Guatemala City,PM10 - Principal,2023-05-19 08:00 AM,2023,05,19,08,49.0,45,Good,48.0,UG/M3,1 Hr,Valid
Guatemala City,PM10 - Principal,2023-05-19 09:00 AM,2023,05,19,09,49.0,45,Good,48.0,UG/M3,1 Hr,Valid
Guatemala City,PM10 - Principal,2023-05-19 10:00 AM,2023,05,19,10,47.0,44,Good,42.0,UG/M3,1 Hr,Valid
Guatemala City,PM10 - Principal,2023-05-19 11:00 AM,2023,05,19,11,44.0,41,Good,38.0,UG/M3,1 Hr,Valid
Guatemala City,PM10 - Principal,2023-05-19 12:00 PM,2023,05,19,12,33.0,31,Good,26.0,UG/M3,1 Hr,Valid
Guatemala City,PM10 - Principal,2023-05-19 01:00 PM,2023,05,19,13,31.0,29,Good,30.0,UG/M3,1 Hr,Valid
Guatemala City,PM10 - Principal,2023-05-19 02:00 PM,2023,05,19,14,29.0,27,Good,28.0,UG/M3,1 Hr,Valid
Guatemala City,PM10 - Principal,2023-05-19 03:00 PM,2023,05,19,15,35.0,32,Good,41.0,UG/M3,1 Hr,Valid
Guatemala City,PM10 - Principal,2023-05-19 04:00 PM,2023,05,19,16,31.0,29,Good,28.0,UG/M3,1 Hr,Valid
Guatemala City,PM10 - Principal,2023-05-19 05:00 PM,2023,05,19,17,28.0,26,Good,26.0,UG/M3,1 Hr,Valid
Guatemala City,PM10 - Principal,2023-05-19 06:00 PM,2023,05,19,18,31.0,29,Good,34.0,UG/M3,1 Hr,Valid
Guatemala City,PM10 - Principal,2023-05-19 07:00 PM,2023,05,19,19,33.0,31,Good,37.0,UG/M3,1 Hr,Valid
Guatemala City,PM10 - Principal,2023-05-19 08:00 PM,2023,05,19,20,35.0,32,Good,38.0,UG/M3,1 Hr,Valid
Guatemala City,PM10 - Principal,2023-05-19 09:00 PM,2023,05,19,21,36.0,33,Good,38.0,UG/M3,1 Hr,Valid
Guatemala City,PM10 - Principal,2023-05-19 10:00 PM,2023,05,19,22,39.0,36,Good,43.0,UG/M3,1 Hr,Valid
Guatemala City,PM10 - Principal,2023-05-19 11:00 PM,2023,05,19,23,48.0,44,Good,56.0,UG/M3,1 Hr,Valid
Guatemala City,PM10 - Principal,2023-05-20 12:00 AM,2023,05,20,00,48.0,44,Good,48.0,UG/M3,1 Hr,Valid
Guatemala City,PM10 - Principal,2023-05-20 01:00 AM,2023,05,20,01,53.0,49,Good,59.0,UG/M3,1 Hr,Valid
Guatemala City,PM10 - Principal,2023-05-20 02:00 AM,2023,05,20,02,50.0,46,Good,48.0,UG/M3,1 Hr,Valid
Guatemala City,PM10 - Principal,2023-05-20 03:00 AM,2023,05,20,03,49.0,45,Good,48.0,UG/M3,1 Hr,Valid
Guatemala City,PM10 - Principal,2023-05-20 04:00 AM,2023,05,20,04,48.0,44,Good,48.0,UG/M3,1 Hr,Valid
Guatemala City,PM10 - Principal,2023-05-20 05:00 AM,2023,05,20,05,50.0,46,Good,52.0,UG/M3,1 Hr,Valid
Guatemala City,PM10 - Principal,2023-05-20 06:00 AM,2023,05,20,06,49.0,45,Good,49.0,UG/M3,1 Hr,Valid
Guatemala City,PM10 - Principal,2023-05-20 07:00 AM,2023,05,20,07,48.0,44,Good,47.0,UG/M3,1 Hr,Valid
Guatemala City,PM10 - Principal,2023-05-20 08:00 AM,2023,05,20,08,48.0,44,Good,47.0,UG/M3,1 Hr,Valid
Guatemala City,PM10 - Principal,2023-05-20 09:00 AM,2023,05,20,09,48.0,44,Good,-999.0,UG/M3,1 Hr,Missing
Guatemala City,PM10 - Principal,2023-05-20 10:00 AM,2023,05,20,10,50.0,46,Good,54.0,UG/M3,1 Hr,Valid
Guatemala City,PM10 - Principal,2023-05-20 12:00 PM,2023,05,20,12,44.0,41,Good,38.0,UG/M3,1 Hr,Valid
Guatemala City,PM10 - Principal,2023-05-20 02:00 PM,2023,05,20,14,40.0,37,Good,37.0,UG/M3,1 Hr,Valid
Guatemala City,PM10 - Principal,2023-05-20 03:00 PM,2023,05,20,15,38.0,35,Good,36.0,UG/M3,1 Hr,Valid
Guatemala City,PM10 - Principal,2023-05-20 04:00 PM,2023,05,20,16,35.0,32,Good,33.0,UG/M3,1 Hr,Valid
Guatemala City,PM10 - Principal,2023-05-20 05:00 PM,2023,05,20,17,36.0,33,Good,37.0,UG/M3,1 Hr,Valid
Guatemala City,PM10 - Principal,2023-05-20 06:00 PM,2023,05,20,18,36.0,33,Good,38.0,UG/M3,1 Hr,Valid
Guatemala City,PM10 - Principal,2023-05-20 07:00 PM,2023,05,20,19,36.0,33,Good,35.0,UG/M3,1 Hr,Valid
Guatemala City,PM10 - Principal,2023-05-20 08:00 PM,2023,05,20,20,39.0,36,Good,45.0,UG/M3,1 Hr,Valid
Guatemala City,PM10 - Principal,2023-05-20 09:00 PM,2023,05,20,21,44.0,41,Good,53.0,UG/M3,1 Hr,Valid
Guatemala City,PM10 - Principal,2023-05-20 10:00 PM,2023,05,20,22,47.0,44,Good,52.0,UG/M3,1 Hr,Valid
Guatemala City,PM10 - Principal,2023-05-20 11:00 PM,2023,05,20,23,45.0,42,Good,42.0,UG/M3,1 Hr,Valid
Guatemala City,PM10 - Principal,2023-05-21 12:00 AM,2023,05,21,00,41.0,38,Good,35.0,UG/M3,1 Hr,Valid
Guatemala City,PM10 - Principal,2023-05-21 01:00 AM,2023,05,21,01,33.0,31,Good,26.0,UG/M3,1 Hr,Valid
Guatemala City,PM10 - Principal,2023-05-21 02:00 AM,2023,05,21,02,31.0,29,Good,29.0,UG/M3,1 Hr,Valid
Guatemala City,PM10 - Principal,2023-05-21 03:00 AM,2023,05,21,03,32.0,30,Good,33.0,UG/M3,1 Hr,Valid
Guatemala City,PM10 - Principal,2023-05-21 04:00 AM,2023,05,21,04,32.0,30,Good,32.0,UG/M3,1 Hr,Valid
Guatemala City,PM10 - Principal,2023-05-21 05:00 AM,2023,05,21,05,30.0,28,Good,28.0,UG/M3,1 Hr,Valid
Guatemala City,PM10 - Principal,2023-05-21 06:00 AM,2023,05,21,06,30.0,28,Good,30.0,UG/M3,1 Hr,Valid
Guatemala City,PM10 - Principal,2023-05-21 07:00 AM,2023,05,21,07,29.0,27,Good,28.0,UG/M3,1 Hr,Valid
Guatemala City,PM10 - Principal,2023-05-21 08:00 AM,2023,05,21,08,29.0,27,Good,31.0,UG/M3,1 Hr,Valid
Guatemala City,PM10 - Principal,2023-05-21 09:00 AM,2023,05,21,09,30.0,28,Good,32.0,UG/M3,1 Hr,Valid
Guatemala City,PM10 - Principal,2023-05-21 10:00 AM,2023,05,21,10,27.0,25,Good,23.0,UG/M3,1 Hr,Valid
Guatemala City,PM10 - Principal,2023-05-21 11:00 AM,2023,05,21,11,24.0,22,Good,21.0,UG/M3,1 Hr,Valid
Guatemala City,PM10 - Principal,2023-05-21 12:00 PM,2023,05,21,12,48.0,44,Good,72.0,UG/M3,1 Hr,Valid
Guatemala City,PM10 - Principal,2023-05-21 01:00 PM,2023,05,21,13,67.0,57,Moderate,86.0,UG/M3,1 Hr,Valid
Guatemala City,PM10 - Principal,2023-05-21 02:00 PM,2023,05,21,14,61.0,54,Moderate,56.0,UG/M3,1 Hr,Valid
Guatemala City,PM10 - Principal,2023-05-21 03:00 PM,2023,05,21,15,50.0,46,Good,39.0,UG/M3,1 Hr,Valid
Guatemala City,PM10 - Principal,2023-05-21 04:00 PM,2023,05,21,16,34.0,31,Good,18.0,UG/M3,1 Hr,Valid
Guatemala City,PM10 - Principal,2023-05-21 05:00 PM,2023,05,21,17,29.0,27,Good,24.0,UG/M3,1 Hr,Valid
Guatemala City,PM10 - Principal,2023-05-21 06:00 PM,2023,05,21,18,24.0,22,Good,20.0,UG/M3,1 Hr,Valid
Guatemala City,PM10 - Principal,2023-05-21 07:00 PM,2023,05,21,19,26.0,24,Good,28.0,UG/M3,1 Hr,Valid
Guatemala City,PM10 - Principal,2023-05-21 08:00 PM,2023,05,21,20,31.0,29,Good,36.0,UG/M3,1 Hr,Valid
Guatemala City,PM10 - Principal,2023-05-21 09:00 PM,2023,05,21,21,58.0,52,Moderate,86.0,UG/M3,1 Hr,Valid
Guatemala City,PM10 - Principal,2023-05-21 10:00 PM,2023,05,21,22,61.0,54,Moderate,64.0,UG/M3,1 Hr,Valid
Guatemala City,PM10 - Principal,2023-05-21 11:00 PM,2023,05,21,23,45.0,42,Good,29.0,UG/M3,1 Hr,Valid
Guatemala City,PM10 - Principal,2023-05-22 12:00 AM,2023,05,22,00,30.0,28,Good,16.0,UG/M3,1 Hr,Valid
Guatemala City,PM10 - Principal,2023-05-22 01:00 AM,2023,05,22,01,44.0,41,Good,59.0,UG/M3,1 Hr,Valid
Guatemala City,PM10 - Principal,2023-05-22 02:00 AM,2023,05,22,02,33.0,31,Good,22.0,UG/M3,1 Hr,Valid
Guatemala City,PM10 - Principal,2023-05-22 03:00 AM,2023,05,22,03,43.0,40,Good,54.0,UG/M3,1 Hr,Valid
Guatemala City,PM10 - Principal,2023-05-22 04:00 AM,2023,05,22,04,35.0,32,Good,28.0,UG/M3,1 Hr,Valid
Guatemala City,PM10 - Principal,2023-05-22 05:00 AM,2023,05,22,05,34.0,31,Good,33.0,UG/M3,1 Hr,Valid
Guatemala City,PM10 - Principal,2023-05-22 06:00 AM,2023,05,22,06,41.0,38,Good,48.0,UG/M3,1 Hr,Valid
Guatemala City,PM10 - Principal,2023-05-22 07:00 AM,2023,05,22,07,40.0,37,Good,40.0,UG/M3,1 Hr,Valid
Guatemala City,PM10 - Principal,2023-05-22 08:00 AM,2023,05,22,08,33.0,31,Good,27.0,UG/M3,1 Hr,Valid
Guatemala City,PM10 - Principal,2023-05-22 09:00 AM,2023,05,22,09,25.0,23,Good,18.0,UG/M3,1 Hr,Valid
Guatemala City,PM10 - Principal,2023-05-22 10:00 AM,2023,05,22,10,26.0,24,Good,27.0,UG/M3,1 Hr,Valid
Guatemala City,PM10 - Principal,2023-05-22 11:00 AM,2023,05,22,11,26.0,24,Good,26.0,UG/M3,1 Hr,Valid
Guatemala City,PM10 - Principal,2023-05-22 12:00 PM,2023,05,22,12,23.0,21,Good,21.0,UG/M3,1 Hr,Valid
Guatemala City,PM10 - Principal,2023-05-22 01:00 PM,2023,05,22,13,24.0,22,Good,26.0,UG/M3,1 Hr,Valid
Guatemala City,PM10 - Principal,2023-05-22 02:00 PM,2023,05,22,14,26.0,24,Good,29.0,UG/M3,1 Hr,Valid
Guatemala City,PM10 - Principal,2023-05-22 03:00 PM,2023,05,22,15,22.0,20,Good,18.0,UG/M3,1 Hr,Valid
Guatemala City,PM10 - Principal,2023-05-22 04:00 PM,2023,05,22,16,22.0,20,Good,23.0,UG/M3,1 Hr,Valid
Guatemala City,PM10 - Principal,2023-05-22 05:00 PM,2023,05,22,17,22.0,20,Good,22.0,UG/M3,1 Hr,Valid
Guatemala City,PM10 - Principal,2023-05-22 06:00 PM,2023,05,22,18,22.0,20,Good,23.0,UG/M3,1 Hr,Valid
Guatemala City,PM10 - Principal,2023-05-22 07:00 PM,2023,05,22,19,21.0,19,Good,19.0,UG/M3,1 Hr,Valid
Guatemala City,PM10 - Principal,2023-05-22 08:00 PM,2023,05,22,20,23.0,21,Good,28.0,UG/M3,1 Hr,Valid
Guatemala City,PM10 - Principal,2023-05-22 09:00 PM,2023,05,22,21,32.0,30,Good,41.0,UG/M3,1 Hr,Valid
Guatemala City,PM10 - Principal,2023-05-22 10:00 PM,2023,05,22,22,44.0,41,Good,56.0,UG/M3,1 Hr,Valid
Guatemala City,PM10 - Principal,2023-05-22 11:00 PM,2023,05,22,23,40.0,37,Good,37.0,UG/M3,1 Hr,Valid
Guatemala City,PM10 - Principal,2023-05-23 12:00 AM,2023,05,23,00,40.0,37,Good,40.0,UG/M3,1 Hr,Valid
Guatemala City,PM10 - Principal,2023-05-23 01:00 AM,2023,05,23,01,45.0,42,Good,51.0,UG/M3,1 Hr,Valid
Guatemala City,PM10 - Principal,2023-05-23 02:00 AM,2023,05,23,02,42.0,39,Good,40.0,UG/M3,1 Hr,Valid
Guatemala City,PM10 - Principal,2023-05-23 03:00 AM,2023,05,23,03,43.0,40,Good,45.0,UG/M3,1 Hr,Valid
Guatemala City,PM10 - Principal,2023-05-23 04:00 AM,2023,05,23,04,44.0,41,Good,45.0,UG/M3,1 Hr,Valid
Guatemala City,PM10 - Principal,2023-05-23 05:00 AM,2023,05,23,05,47.0,44,Good,50.0,UG/M3,1 Hr,Valid
Guatemala City,PM10 - Principal,2023-05-23 06:00 AM,2023,05,23,06,49.0,45,Good,52.0,UG/M3,1 Hr,Valid
Guatemala City,PM10 - Principal,2023-05-23 07:00 AM,2023,05,23,07,49.0,45,Good,50.0,UG/M3,1 Hr,Valid
Guatemala City,PM10 - Principal,2023-05-23 08:00 AM,2023,05,23,08,46.0,43,Good,42.0,UG/M3,1 Hr,Valid
Guatemala City,PM10 - Principal,2023-05-23 09:00 AM,2023,05,23,09,40.0,37,Good,33.0,UG/M3,1 Hr,Valid
Guatemala City,PM10 - Principal,2023-05-23 10:00 AM,2023,05,23,10,39.0,36,Good,35.0,UG/M3,1 Hr,Valid
Guatemala City,PM10 - Principal,2023-05-23 11:00 AM,2023,05,23,11,37.0,34,Good,36.0,UG/M3,1 Hr,Valid
Guatemala City,PM10 - Principal,2023-05-23 12:00 PM,2023,05,23,12,36.0,33,Good,34.0,UG/M3,1 Hr,Valid
Guatemala City,PM10 - Principal,2023-05-23 01:00 PM,2023,05,23,13,31.0,29,Good,27.0,UG/M3,1 Hr,Valid
Guatemala City,PM10 - Principal,2023-05-23 02:00 PM,2023,05,23,14,30.0,28,Good,29.0,UG/M3,1 Hr,Valid
Guatemala City,PM10 - Principal,2023-05-23 03:00 PM,2023,05,23,15,28.0,26,Good,27.0,UG/M3,1 Hr,Valid
Guatemala City,PM10 - Principal,2023-05-23 04:00 PM,2023,05,23,16,36.0,33,Good,45.0,UG/M3,1 Hr,Valid
Guatemala City,PM10 - Principal,2023-05-23 05:00 PM,2023,05,23,17,33.0,31,Good,31.0,UG/M3,1 Hr,Valid
Guatemala City,PM10 - Principal,2023-05-23 06:00 PM,2023,05,23,18,32.0,30,Good,32.0,UG/M3,1 Hr,Valid
Guatemala City,PM10 - Principal,2023-05-23 07:00 PM,2023,05,23,19,34.0,31,Good,36.0,UG/M3,1 Hr,Valid
Guatemala City,PM10 - Principal,2023-05-23 08:00 PM,2023,05,23,20,36.0,33,Good,41.0,UG/M3,1 Hr,Valid
Guatemala City,PM10 - Principal,2023-05-23 09:00 PM,2023,05,23,21,40.0,37,Good,45.0,UG/M3,1 Hr,Valid
Guatemala City,PM10 - Principal,2023-05-23 10:00 PM,2023,05,23,22,50.0,46,Good,59.0,UG/M3,1 Hr,Valid
Guatemala City,PM10 - Principal,2023-05-23 11:00 PM,2023,05,23,23,49.0,45,Good,48.0,UG/M3,1 Hr,Valid
Guatemala City,PM10 - Principal,2023-05-24 12:00 AM,2023,05,24,00,49.0,45,Good,50.0,UG/M3,1 Hr,Valid
Guatemala City,PM10 - Principal,2023-05-24 01:00 AM,2023,05,24,01,46.0,43,Good,44.0,UG/M3,1 Hr,Valid
Guatemala City,PM10 - Principal,2023-05-24 02:00 AM,2023,05,24,02,46.0,43,Good,46.0,UG/M3,1 Hr,Valid
Guatemala City,PM10 - Principal,2023-05-24 03:00 AM,2023,05,24,03,47.0,44,Good,48.0,UG/M3,1 Hr,Valid
Guatemala City,PM10 - Principal,2023-05-24 04:00 AM,2023,05,24,04,44.0,41,Good,41.0,UG/M3,1 Hr,Valid
Guatemala City,PM10 - Principal,2023-05-24 05:00 AM,2023,05,24,05,35.0,32,Good,27.0,UG/M3,1 Hr,Valid
Guatemala City,PM10 - Principal,2023-05-24 06:00 AM,2023,05,24,06,30.0,28,Good,26.0,UG/M3,1 Hr,Valid
Guatemala City,PM10 - Principal,2023-05-24 07:00 AM,2023,05,24,07,32.0,30,Good,35.0,UG/M3,1 Hr,Valid
Guatemala City,PM10 - Principal,2023-05-24 08:00 AM,2023,05,24,08,28.0,26,Good,24.0,UG/M3,1 Hr,Valid
Guatemala City,PM10 - Principal,2023-05-24 09:00 AM,2023,05,24,09,27.0,25,Good,26.0,UG/M3,1 Hr,Valid
Guatemala City,PM10 - Principal,2023-05-24 10:00 AM,2023,05,24,10,31.0,29,Good,35.0,UG/M3,1 Hr,Valid
Guatemala City,PM10 - Principal,2023-05-24 11:00 AM,2023,05,24,11,36.0,33,Good,42.0,UG/M3,1 Hr,Valid
Guatemala City,PM10 - Principal,2023-05-24 12:00 PM,2023,05,24,12,34.0,31,Good,32.0,UG/M3,1 Hr,Valid
Guatemala City,PM10 - Principal,2023-05-24 01:00 PM,2023,05,24,13,33.0,31,Good,32.0,UG/M3,1 Hr,Valid
Guatemala City,PM10 - Principal,2023-05-24 02:00 PM,2023,05,24,14,32.0,30,Good,31.0,UG/M3,1 Hr,Valid
Guatemala City,PM10 - Principal,2023-05-24 03:00 PM,2023,05,24,15,32.0,30,Good,33.0,UG/M3,1 Hr,Valid
Guatemala City,PM10 - Principal,2023-05-24 04:00 PM,2023,05,24,16,51.0,47,Good,71.0,UG/M3,1 Hr,Valid
Guatemala City,PM10 - Principal,2023-05-24 05:00 PM,2023,05,24,17,64.0,55,Moderate,77.0,UG/M3,1 Hr,Valid
Guatemala City,PM10 - Principal,2023-05-24 06:00 PM,2023,05,24,18,63.0,55,Moderate,63.0,UG/M3,1 Hr,Valid
Guatemala City,PM10 - Principal,2023-05-24 07:00 PM,2023,05,24,19,61.0,54,Moderate,59.0,UG/M3,1 Hr,Valid
Guatemala City,PM10 - Principal,2023-05-24 08:00 PM,2023,05,24,20,58.0,52,Moderate,56.0,UG/M3,1 Hr,Valid
Guatemala City,PM10 - Principal,2023-05-24 09:00 PM,2023,05,24,21,57.0,52,Moderate,57.0,UG/M3,1 Hr,Valid
Guatemala City,PM10 - Principal,2023-05-24 10:00 PM,2023,05,24,22,55.0,51,Moderate,53.0,UG/M3,1 Hr,Valid
Guatemala City,PM10 - Principal,2023-05-24 11:00 PM,2023,05,24,23,50.0,46,Good,46.0,UG/M3,1 Hr,Valid
Guatemala City,PM10 - Principal,2023-05-25 12:00 AM,2023,05,25,00,46.0,43,Good,42.0,UG/M3,1 Hr,Valid
Guatemala City,PM10 - Principal,2023-05-25 01:00 AM,2023,05,25,01,46.0,43,Good,47.0,UG/M3,1 Hr,Valid
Guatemala City,PM10 - Principal,2023-05-25 02:00 AM,2023,05,25,02,43.0,40,Good,41.0,UG/M3,1 Hr,Valid
Guatemala City,PM10 - Principal,2023-05-25 03:00 AM,2023,05,25,03,47.0,44,Good,52.0,UG/M3,1 Hr,Valid
Guatemala City,PM10 - Principal,2023-05-25 04:00 AM,2023,05,25,04,48.0,44,Good,50.0,UG/M3,1 Hr,Valid
Guatemala City,PM10 - Principal,2023-05-25 05:00 AM,2023,05,25,05,48.0,44,Good,48.0,UG/M3,1 Hr,Valid
Guatemala City,PM10 - Principal,2023-05-25 06:00 AM,2023,05,25,06,53.0,49,Good,63.0,UG/M3,1 Hr,Valid
Guatemala City,PM10 - Principal,2023-05-25 07:00 AM,2023,05,25,07,55.0,51,Moderate,60.0,UG/M3,1 Hr,Valid
Guatemala City,PM10 - Principal,2023-05-25 08:00 AM,2023,05,25,08,57.0,52,Moderate,62.0,UG/M3,1 Hr,Valid
Guatemala City,PM10 - Principal,2023-05-25 09:00 AM,2023,05,25,09,61.0,54,Moderate,66.0,UG/M3,1 Hr,Valid
Guatemala City,PM10 - Principal,2023-05-25 10:00 AM,2023,05,25,10,62.0,54,Moderate,65.0,UG/M3,1 Hr,Valid
Guatemala City,PM10 - Principal,2023-05-25 11:00 AM,2023,05,25,11,58.0,52,Moderate,51.0,UG/M3,1 Hr,Valid
Guatemala City,PM10 - Principal,2023-05-25 12:00 PM,2023,05,25,12,54.0,50,Good,47.0,UG/M3,1 Hr,Valid
Guatemala City,PM10 - Principal,2023-05-25 01:00 PM,2023,05,25,13,49.0,45,Good,41.0,UG/M3,1 Hr,Valid
Guatemala City,PM10 - Principal,2023-05-25 02:00 PM,2023,05,25,14,43.0,40,Good,38.0,UG/M3,1 Hr,Valid
Guatemala City,PM10 - Principal,2023-05-25 03:00 PM,2023,05,25,15,34.0,31,Good,27.0,UG/M3,1 Hr,Valid
Guatemala City,PM10 - Principal,2023-05-25 04:00 PM,2023,05,25,16,49.0,45,Good,64.0,UG/M3,1 Hr,Valid
Guatemala City,PM10 - Principal,2023-05-25 05:00 PM,2023,05,25,17,71.0,59,Moderate,94.0,UG/M3,1 Hr,Valid
Guatemala City,PM10 - Principal,2023-05-25 06:00 PM,2023,05,25,18,74.0,60,Moderate,78.0,UG/M3,1 Hr,Valid
Guatemala City,PM10 - Principal,2023-05-25 07:00 PM,2023,05,25,19,64.0,55,Moderate,55.0,UG/M3,1 Hr,Valid
Guatemala City,PM10 - Principal,2023-05-25 08:00 PM,2023,05,25,20,50.0,46,Good,36.0,UG/M3,1 Hr,Valid
Guatemala City,PM10 - Principal,2023-05-25 09:00 PM,2023,05,25,21,43.0,40,Good,36.0,UG/M3,1 Hr,Valid
Guatemala City,PM10 - Principal,2023-05-25 10:00 PM,2023,05,25,22,44.0,41,Good,46.0,UG/M3,1 Hr,Valid
Guatemala City,PM10 - Principal,2023-05-25 11:00 PM,2023,05,25,23,47.0,44,Good,50.0,UG/M3,1 Hr,Valid
Guatemala City,PM10 - Principal,2023-05-26 12:00 AM,2023,05,26,00,46.0,43,Good,45.0,UG/M3,1 Hr,Valid
Guatemala City,PM10 - Principal,2023-05-26 01:00 AM,2023,05,26,01,52.0,48,Good,58.0,UG/M3,1 Hr,Valid
Guatemala City,PM10 - Principal,2023-05-26 02:00 AM,2023,05,26,02,61.0,54,Moderate,70.0,UG/M3,1 Hr,Valid
Guatemala City,PM10 - Principal,2023-05-26 03:00 AM,2023,05,26,03,67.0,57,Moderate,73.0,UG/M3,1 Hr,Valid
Guatemala City,PM10 - Principal,2023-05-26 04:00 AM,2023,05,26,04,70.0,58,Moderate,74.0,UG/M3,1 Hr,Valid
Guatemala City,PM10 - Principal,2023-05-26 05:00 AM,2023,05,26,05,65.0,56,Moderate,61.0,UG/M3,1 Hr,Valid
Guatemala City,PM10 - Principal,2023-05-26 06:00 AM,2023,05,26,06,65.0,56,Moderate,66.0,UG/M3,1 Hr,Valid
Guatemala City,PM10 - Principal,2023-05-26 07:00 AM,2023,05,26,07,67.0,57,Moderate,69.0,UG/M3,1 Hr,Valid
Guatemala City,PM10 - Principal,2023-05-26 08:00 AM,2023,05,26,08,66.0,56,Moderate,66.0,UG/M3,1 Hr,Valid
Guatemala City,PM10 - Principal,2023-05-26 09:00 AM,2023,05,26,09,67.0,57,Moderate,69.0,UG/M3,1 Hr,Valid
Guatemala City,PM10 - Principal,2023-05-26 10:00 AM,2023,05,26,10,69.0,58,Moderate,73.0,UG/M3,1 Hr,Valid
Guatemala City,PM10 - Principal,2023-05-26 11:00 AM,2023,05,26,11,61.0,54,Moderate,49.0,UG/M3,1 Hr,Valid
Guatemala City,PM10 - Principal,2023-05-26 12:00 PM,2023,05,26,12,59.0,53,Moderate,55.0,UG/M3,1 Hr,Valid
Guatemala City,PM10 - Principal,2023-05-26 01:00 PM,2023,05,26,13,60.0,53,Moderate,61.0,UG/M3,1 Hr,Valid
Guatemala City,PM10 - Principal,2023-05-26 02:00 PM,2023,05,26,14,57.0,52,Moderate,52.0,UG/M3,1 Hr,Valid
Guatemala City,PM10 - Principal,2023-05-26 03:00 PM,2023,05,26,15,47.0,44,Good,38.0,UG/M3,1 Hr,Valid
Guatemala City,PM10 - Principal,2023-05-26 04:00 PM,2023,05,26,16,39.0,36,Good,32.0,UG/M3,1 Hr,Valid
Guatemala City,PM10 - Principal,2023-05-26 05:00 PM,2023,05,26,17,42.0,39,Good,46.0,UG/M3,1 Hr,Valid
Guatemala City,PM10 - Principal,2023-05-26 06:00 PM,2023,05,26,18,41.0,38,Good,41.0,UG/M3,1 Hr,Valid
Guatemala City,PM10 - Principal,2023-05-26 07:00 PM,2023,05,26,19,46.0,43,Good,51.0,UG/M3,1 Hr,Valid
Guatemala City,PM10 - Principal,2023-05-26 08:00 PM,2023,05,26,20,45.0,42,Good,45.0,UG/M3,1 Hr,Valid
Guatemala City,PM10 - Principal,2023-05-26 09:00 PM,2023,05,26,21,52.0,48,Good,60.0,UG/M3,1 Hr,Valid
Guatemala City,PM10 - Principal,2023-05-26 10:00 PM,2023,05,26,22,59.0,53,Moderate,66.0,UG/M3,1 Hr,Valid
Guatemala City,PM10 - Principal,2023-05-26 11:00 PM,2023,05,26,23,68.0,57,Moderate,77.0,UG/M3,1 Hr,Valid
Guatemala City,PM10 - Principal,2023-05-27 12:00 AM,2023,05,27,00,72.0,59,Moderate,76.0,UG/M3,1 Hr,Valid
Guatemala City,PM10 - Principal,2023-05-27 01:00 AM,2023,05,27,01,75.0,61,Moderate,79.0,UG/M3,1 Hr,Valid
Guatemala City,PM10 - Principal,2023-05-27 02:00 AM,2023,05,27,02,72.0,59,Moderate,69.0,UG/M3,1 Hr,Valid
Guatemala City,PM10 - Principal,2023-05-27 03:00 AM,2023,05,27,03,70.0,58,Moderate,69.0,UG/M3,1 Hr,Valid
Guatemala City,PM10 - Principal,2023-05-27 04:00 AM,2023,05,27,04,69.0,58,Moderate,69.0,UG/M3,1 Hr,Valid
Guatemala City,PM10 - Principal,2023-05-27 05:00 AM,2023,05,27,05,70.0,58,Moderate,71.0,UG/M3,1 Hr,Valid
Guatemala City,PM10 - Principal,2023-05-27 06:00 AM,2023,05,27,06,72.0,59,Moderate,75.0,UG/M3,1 Hr,Valid
Guatemala City,PM10 - Principal,2023-05-27 07:00 AM,2023,05,27,07,71.0,59,Moderate,70.0,UG/M3,1 Hr,Valid
Guatemala City,PM10 - Principal,2023-05-27 08:00 AM,2023,05,27,08,76.0,61,Moderate,88.0,UG/M3,1 Hr,Valid
Guatemala City,PM10 - Principal,2023-05-27 09:00 AM,2023,05,27,09,73.0,60,Moderate,68.0,UG/M3,1 Hr,Valid
Guatemala City,PM10 - Principal,2023-05-27 10:00 AM,2023,05,27,10,72.0,59,Moderate,70.0,UG/M3,1 Hr,Valid
Guatemala City,PM10 - Principal,2023-05-27 11:00 AM,2023,05,27,11,70.0,58,Moderate,64.0,UG/M3,1 Hr,Valid
Guatemala City,PM10 - Principal,2023-05-27 12:00 PM,2023,05,27,12,59.0,53,Moderate,49.0,UG/M3,1 Hr,Valid
Guatemala City,PM10 - Principal,2023-05-27 01:00 PM,2023,05,27,13,50.0,46,Good,43.0,UG/M3,1 Hr,Valid
Guatemala City,PM10 - Principal,2023-05-27 02:00 PM,2023,05,27,14,45.0,42,Good,40.0,UG/M3,1 Hr,Valid
Guatemala City,PM10 - Principal,2023-05-27 03:00 PM,2023,05,27,15,45.0,42,Good,45.0,UG/M3,1 Hr,Valid
Guatemala City,PM10 - Principal,2023-05-27 04:00 PM,2023,05,27,16,43.0,40,Good,41.0,UG/M3,1 Hr,Valid
Guatemala City,PM10 - Principal,2023-05-27 05:00 PM,2023,05,27,17,45.0,42,Good,47.0,UG/M3,1 Hr,Valid
Guatemala City,PM10 - Principal,2023-05-27 06:00 PM,2023,05,27,18,48.0,44,Good,52.0,UG/M3,1 Hr,Valid
Guatemala City,PM10 - Principal,2023-05-27 07:00 PM,2023,05,27,19,54.0,50,Good,60.0,UG/M3,1 Hr,Valid
Guatemala City,PM10 - Principal,2023-05-27 08:00 PM,2023,05,27,20,53.0,49,Good,55.0,UG/M3,1 Hr,Valid
Guatemala City,PM10 - Principal,2023-05-27 09:00 PM,2023,05,27,21,57.0,52,Moderate,62.0,UG/M3,1 Hr,Valid
Guatemala City,PM10 - Principal,2023-05-27 10:00 PM,2023,05,27,22,59.0,53,Moderate,63.0,UG/M3,1 Hr,Valid
Guatemala City,PM10 - Principal,2023-05-27 11:00 PM,2023,05,27,23,61.0,54,Moderate,65.0,UG/M3,1 Hr,Valid
Guatemala City,PM10 - Principal,2023-05-28 12:00 AM,2023,05,28,00,66.0,56,Moderate,71.0,UG/M3,1 Hr,Valid
Guatemala City,PM10 - Principal,2023-05-28 01:00 AM,2023,05,28,01,71.0,59,Moderate,76.0,UG/M3,1 Hr,Valid
Guatemala City,PM10 - Principal,2023-05-28 02:00 AM,2023,05,28,02,70.0,58,Moderate,71.0,UG/M3,1 Hr,Valid
Guatemala City,PM10 - Principal,2023-05-28 03:00 AM,2023,05,28,03,70.0,58,Moderate,70.0,UG/M3,1 Hr,Valid
Guatemala City,PM10 - Principal,2023-05-28 04:00 AM,2023,05,28,04,68.0,57,Moderate,65.0,UG/M3,1 Hr,Valid
Guatemala City,PM10 - Principal,2023-05-28 05:00 AM,2023,05,28,05,66.0,56,Moderate,63.0,UG/M3,1 Hr,Valid
Guatemala City,PM10 - Principal,2023-05-28 06:00 AM,2023,05,28,06,65.0,56,Moderate,61.0,UG/M3,1 Hr,Valid
Guatemala City,PM10 - Principal,2023-05-28 07:00 AM,2023,05,28,07,64.0,55,Moderate,63.0,UG/M3,1 Hr,Valid
Guatemala City,PM10 - Principal,2023-05-28 08:00 AM,2023,05,28,08,64.0,55,Moderate,61.0,UG/M3,1 Hr,Valid
Guatemala City,PM10 - Principal,2023-05-28 09:00 AM,2023,05,28,09,59.0,53,Moderate,52.0,UG/M3,1 Hr,Valid
Guatemala City,PM10 - Principal,2023-05-28 10:00 AM,2023,05,28,10,58.0,52,Moderate,55.0,UG/M3,1 Hr,Valid
Guatemala City,PM10 - Principal,2023-05-28 11:00 AM,2023,05,28,11,55.0,51,Moderate,51.0,UG/M3,1 Hr,Valid
Guatemala City,PM10 - Principal,2023-05-28 12:00 PM,2023,05,28,12,57.0,52,Moderate,60.0,UG/M3,1 Hr,Valid
Guatemala City,PM10 - Principal,2023-05-28 01:00 PM,2023,05,28,13,56.0,51,Moderate,56.0,UG/M3,1 Hr,Valid
Guatemala City,PM10 - Principal,2023-05-28 02:00 PM,2023,05,28,14,58.0,52,Moderate,64.0,UG/M3,1 Hr,Valid
Guatemala City,PM10 - Principal,2023-05-28 03:00 PM,2023,05,28,15,50.0,46,Good,38.0,UG/M3,1 Hr,Valid
Guatemala City,PM10 - Principal,2023-05-28 04:00 PM,2023,05,28,16,38.0,35,Good,27.0,UG/M3,1 Hr,Valid
Guatemala City,PM10 - Principal,2023-05-28 05:00 PM,2023,05,28,17,50.0,46,Good,63.0,UG/M3,1 Hr,Valid
Guatemala City,PM10 - Principal,2023-05-28 06:00 PM,2023,05,28,18,57.0,52,Moderate,65.0,UG/M3,1 Hr,Valid
Guatemala City,PM10 - Principal,2023-05-28 07:00 PM,2023,05,28,19,52.0,48,Good,48.0,UG/M3,1 Hr,Valid
Guatemala City,PM10 - Principal,2023-05-28 08:00 PM,2023,05,28,20,47.0,44,Good,43.0,UG/M3,1 Hr,Valid
Guatemala City,PM10 - Principal,2023-05-28 09:00 PM,2023,05,28,21,47.0,44,Good,47.0,UG/M3,1 Hr,Valid
Guatemala City,PM10 - Principal,2023-05-28 10:00 PM,2023,05,28,22,47.0,44,Good,47.0,UG/M3,1 Hr,Valid
Guatemala City,PM10 - Principal,2023-05-28 11:00 PM,2023,05,28,23,47.0,44,Good,48.0,UG/M3,1 Hr,Valid
Guatemala City,PM10 - Principal,2023-05-29 12:00 AM,2023,05,29,00,48.0,44,Good,49.0,UG/M3,1 Hr,Valid
Guatemala City,PM10 - Principal,2023-05-29 01:00 AM,2023,05,29,01,40.0,37,Good,32.0,UG/M3,1 Hr,Valid
Guatemala City,PM10 - Principal,2023-05-29 02:00 AM,2023,05,29,02,39.0,36,Good,39.0,UG/M3,1 Hr,Valid
Guatemala City,PM10 - Principal,2023-05-29 03:00 AM,2023,05,29,03,29.0,27,Good,20.0,UG/M3,1 Hr,Valid
Guatemala City,PM10 - Principal,2023-05-29 04:00 AM,2023,05,29,04,22.0,20,Good,15.0,UG/M3,1 Hr,Valid
Guatemala City,PM10 - Principal,2023-05-29 05:00 AM,2023,05,29,05,19.0,18,Good,16.0,UG/M3,1 Hr,Valid
Guatemala City,PM10 - Principal,2023-05-29 06:00 AM,2023,05,29,06,18.0,17,Good,17.0,UG/M3,1 Hr,Valid
Guatemala City,PM10 - Principal,2023-05-29 07:00 AM,2023,05,29,07,23.0,21,Good,28.0,UG/M3,1 Hr,Valid
Guatemala City,PM10 - Principal,2023-05-29 08:00 AM,2023,05,29,08,29.0,27,Good,35.0,UG/M3,1 Hr,Valid
Guatemala City,PM10 - Principal,2023-05-29 09:00 AM,2023,05,29,09,43.0,40,Good,58.0,UG/M3,1 Hr,Valid
Guatemala City,PM10 - Principal,2023-05-29 10:00 AM,2023,05,29,10,45.0,42,Good,47.0,UG/M3,1 Hr,Valid
Guatemala City,PM10 - Principal,2023-05-29 11:00 AM,2023,05,29,11,49.0,45,Good,53.0,UG/M3,1 Hr,Valid
Guatemala City,PM10 - Principal,2023-05-29 12:00 PM,2023,05,29,12,48.0,44,Good,48.0,UG/M3,1 Hr,Valid
Guatemala City,PM10 - Principal,2023-05-29 01:00 PM,2023,05,29,13,53.0,49,Good,59.0,UG/M3,1 Hr,Valid
Guatemala City,PM10 - Principal,2023-05-29 02:00 PM,2023,05,29,14,52.0,48,Good,51.0,UG/M3,1 Hr,Valid
Guatemala City,PM10 - Principal,2023-05-29 03:00 PM,2023,05,29,15,56.0,51,Moderate,60.0,UG/M3,1 Hr,Valid
Guatemala City,PM10 - Principal,2023-05-29 04:00 PM,2023,05,29,16,49.0,45,Good,42.0,UG/M3,1 Hr,Valid
Guatemala City,PM10 - Principal,2023-05-29 05:00 PM,2023,05,29,17,40.0,37,Good,31.0,UG/M3,1 Hr,Valid
Guatemala City,PM10 - Principal,2023-05-29 06:00 PM,2023,05,29,18,38.0,35,Good,36.0,UG/M3,1 Hr,Valid
Guatemala City,PM10 - Principal,2023-05-29 07:00 PM,2023,05,29,19,32.0,30,Good,27.0,UG/M3,1 Hr,Valid
Guatemala City,PM10 - Principal,2023-05-29 08:00 PM,2023,05,29,20,32.0,30,Good,32.0,UG/M3,1 Hr,Valid
Guatemala City,PM10 - Principal,2023-05-29 09:00 PM,2023,05,29,21,31.0,29,Good,31.0,UG/M3,1 Hr,Valid
Guatemala City,PM10 - Principal,2023-05-29 10:00 PM,2023,05,29,22,29.0,27,Good,27.0,UG/M3,1 Hr,Valid
Guatemala City,PM10 - Principal,2023-05-29 11:00 PM,2023,05,29,23,22.0,20,Good,15.0,UG/M3,1 Hr,Valid
Guatemala City,PM10 - Principal,2023-05-30 12:00 AM,2023,05,30,00,23.0,21,Good,24.0,UG/M3,1 Hr,Valid
Guatemala City,PM10 - Principal,2023-05-30 01:00 AM,2023,05,30,01,31.0,29,Good,39.0,UG/M3,1 Hr,Valid
Guatemala City,PM10 - Principal,2023-05-30 02:00 AM,2023,05,30,02,27.0,25,Good,24.0,UG/M3,1 Hr,Valid
Guatemala City,PM10 - Principal,2023-05-30 03:00 AM,2023,05,30,03,26.0,24,Good,26.0,UG/M3,1 Hr,Valid
Guatemala City,PM10 - Principal,2023-05-30 04:00 AM,2023,05,30,04,30.0,28,Good,34.0,UG/M3,1 Hr,Valid
Guatemala City,PM10 - Principal,2023-05-30 05:00 AM,2023,05,30,05,34.0,31,Good,39.0,UG/M3,1 Hr,Valid
Guatemala City,PM10 - Principal,2023-05-30 06:00 AM,2023,05,30,06,34.0,31,Good,35.0,UG/M3,1 Hr,Valid
Guatemala City,PM10 - Principal,2023-05-30 07:00 AM,2023,05,30,07,53.0,49,Good,72.0,UG/M3,1 Hr,Valid
Guatemala City,PM10 - Principal,2023-05-30 08:00 AM,2023,05,30,08,54.0,50,Good,56.0,UG/M3,1 Hr,Valid
Guatemala City,PM10 - Principal,2023-05-30 09:00 AM,2023,05,30,09,51.0,47,Good,48.0,UG/M3,1 Hr,Valid
Guatemala City,PM10 - Principal,2023-05-30 10:00 AM,2023,05,30,10,62.0,54,Moderate,74.0,UG/M3,1 Hr,Valid
Guatemala City,PM10 - Principal,2023-05-30 11:00 AM,2023,05,30,11,66.0,56,Moderate,70.0,UG/M3,1 Hr,Valid
Guatemala City,PM10 - Principal,2023-05-30 12:00 PM,2023,05,30,12,63.0,55,Moderate,61.0,UG/M3,1 Hr,Valid
Guatemala City,PM10 - Principal,2023-05-30 01:00 PM,2023,05,30,13,58.0,52,Moderate,54.0,UG/M3,1 Hr,Valid
Guatemala City,PM10 - Principal,2023-05-30 02:00 PM,2023,05,30,14,53.0,49,Good,48.0,UG/M3,1 Hr,Valid
Guatemala City,PM10 - Principal,2023-05-30 03:00 PM,2023,05,30,15,51.0,47,Good,50.0,UG/M3,1 Hr,Valid
Guatemala City,PM10 - Principal,2023-05-30 04:00 PM,2023,05,30,16,58.0,52,Moderate,65.0,UG/M3,1 Hr,Valid
Guatemala City,PM10 - Principal,2023-05-30 05:00 PM,2023,05,30,17,64.0,55,Moderate,70.0,UG/M3,1 Hr,Valid
Guatemala City,PM10 - Principal,2023-05-30 06:00 PM,2023,05,30,18,58.0,52,Moderate,51.0,UG/M3,1 Hr,Valid
Guatemala City,PM10 - Principal,2023-05-30 07:00 PM,2023,05,30,19,40.0,37,Good,23.0,UG/M3,1 Hr,Valid
Guatemala City,PM10 - Principal,2023-05-30 08:00 PM,2023,05,30,20,32.0,30,Good,25.0,UG/M3,1 Hr,Valid
Guatemala City,PM10 - Principal,2023-05-30 09:00 PM,2023,05,30,21,26.0,24,Good,20.0,UG/M3,1 Hr,Valid
Guatemala City,PM10 - Principal,2023-05-30 10:00 PM,2023,05,30,22,26.0,24,Good,27.0,UG/M3,1 Hr,Valid
Guatemala City,PM10 - Principal,2023-05-30 11:00 PM,2023,05,30,23,27.0,25,Good,29.0,UG/M3,1 Hr,Valid
Guatemala City,PM10 - Principal,2023-05-31 12:00 AM,2023,05,31,00,26.0,24,Good,25.0,UG/M3,1 Hr,Valid
Guatemala City,PM10 - Principal,2023-05-31 01:00 AM,2023,05,31,01,31.0,29,Good,37.0,UG/M3,1 Hr,Valid
Guatemala City,PM10 - Principal,2023-05-31 02:00 AM,2023,05,31,02,34.0,31,Good,37.0,UG/M3,1 Hr,Valid
Guatemala City,PM10 - Principal,2023-05-31 03:00 AM,2023,05,31,03,41.0,38,Good,48.0,UG/M3,1 Hr,Valid
Guatemala City,PM10 - Principal,2023-05-31 04:00 AM,2023,05,31,04,49.0,45,Good,58.0,UG/M3,1 Hr,Valid
Guatemala City,PM10 - Principal,2023-05-31 05:00 AM,2023,05,31,05,49.0,45,Good,50.0,UG/M3,1 Hr,Valid
Guatemala City,PM10 - Principal,2023-05-31 06:00 AM,2023,05,31,06,45.0,42,Good,42.0,UG/M3,1 Hr,Valid
Guatemala City,PM10 - Principal,2023-05-31 07:00 AM,2023,05,31,07,53.0,49,Good,62.0,UG/M3,1 Hr,Valid
Guatemala City,PM10 - Principal,2023-05-31 08:00 AM,2023,05,31,08,57.0,52,Moderate,62.0,UG/M3,1 Hr,Valid
Guatemala City,PM10 - Principal,2023-05-31 09:00 AM,2023,05,31,09,47.0,44,Good,37.0,UG/M3,1 Hr,Valid
Guatemala City,PM10 - Principal,2023-05-31 10:00 AM,2023,05,31,10,46.0,43,Good,46.0,UG/M3,1 Hr,Valid
Guatemala City,PM10 - Principal,2023-05-31 11:00 AM,2023,05,31,11,42.0,39,Good,39.0,UG/M3,1 Hr,Valid
Guatemala City,PM10 - Principal,2023-05-31 12:00 PM,2023,05,31,12,33.0,31,Good,24.0,UG/M3,1 Hr,Valid
Guatemala City,PM10 - Principal,2023-05-31 01:00 PM,2023,05,31,13,35.0,32,Good,37.0,UG/M3,1 Hr,Valid
Guatemala City,PM10 - Principal,2023-05-31 02:00 PM,2023,05,31,14,38.0,35,Good,41.0,UG/M3,1 Hr,Valid
Guatemala City,PM10 - Principal,2023-05-31 03:00 PM,2023,05,31,15,45.0,42,Good,52.0,UG/M3,1 Hr,Valid
Guatemala City,PM10 - Principal,2023-05-31 04:00 PM,2023,05,31,16,48.0,44,Good,52.0,UG/M3,1 Hr,Valid
Guatemala City,PM10 - Principal,2023-05-31 05:00 PM,2023,05,31,17,43.0,40,Good,38.0,UG/M3,1 Hr,Valid
Guatemala City,PM10 - Principal,2023-05-31 06:00 PM,2023,05,31,18,40.0,37,Good,38.0,UG/M3,1 Hr,Valid
Guatemala City,PM10 - Principal,2023-05-31 07:00 PM,2023,05,31,19,36.0,33,Good,33.0,UG/M3,1 Hr,Valid
Guatemala City,PM10 - Principal,2023-05-31 08:00 PM,2023,05,31,20,34.0,31,Good,32.0,UG/M3,1 Hr,Valid
Guatemala City,PM10 - Principal,2023-05-31 09:00 PM,2023,05,31,21,36.0,33,Good,38.0,UG/M3,1 Hr,Valid
Guatemala City,PM10 - Principal,2023-05-31 10:00 PM,2023,05,31,22,37.0,34,Good,38.0,UG/M3,1 Hr,Valid
Guatemala City,PM10 - Principal,2023-05-31 11:00 PM,2023,05,31,23,36.0,33,Good,36.0,UG/M3,1 Hr,Valid
Guatemala City,PM10 - Principal,2023-06-01 12:00 AM,2023,06,01,00,32.0,30,Good,28.0,UG/M3,1 Hr,Valid
Guatemala City,PM10 - Principal,2023-06-01 01:00 AM,2023,06,01,01,32.0,30,Good,33.0,UG/M3,1 Hr,Valid
Guatemala City,PM10 - Principal,2023-06-01 02:00 AM,2023,06,01,02,33.0,31,Good,35.0,UG/M3,1 Hr,Valid
Guatemala City,PM10 - Principal,2023-06-01 03:00 AM,2023,06,01,03,29.0,27,Good,25.0,UG/M3,1 Hr,Valid
Guatemala City,PM10 - Principal,2023-06-01 04:00 AM,2023,06,01,04,28.0,26,Good,25.0,UG/M3,1 Hr,Valid
Guatemala City,PM10 - Principal,2023-06-01 05:00 AM,2023,06,01,05,29.0,27,Good,31.0,UG/M3,1 Hr,Valid
Guatemala City,PM10 - Principal,2023-06-01 06:00 AM,2023,06,01,06,32.0,30,Good,37.0,UG/M3,1 Hr,Valid
Guatemala City,PM10 - Principal,2023-06-01 07:00 AM,2023,06,01,07,32.0,30,Good,32.0,UG/M3,1 Hr,Valid
Guatemala City,PM10 - Principal,2023-06-01 08:00 AM,2023,06,01,08,30.0,28,Good,28.0,UG/M3,1 Hr,Valid
Guatemala City,PM10 - Principal,2023-06-01 09:00 AM,2023,06,01,09,31.0,29,Good,32.0,UG/M3,1 Hr,Valid
Guatemala City,PM10 - Principal,2023-06-01 10:00 AM,2023,06,01,10,34.0,31,Good,40.0,UG/M3,1 Hr,Valid
Guatemala City,PM10 - Principal,2023-06-01 11:00 AM,2023,06,01,11,34.0,31,Good,35.0,UG/M3,1 Hr,Valid
Guatemala City,PM10 - Principal,2023-06-01 12:00 PM,2023,06,01,12,42.0,39,Good,50.0,UG/M3,1 Hr,Valid
Guatemala City,PM10 - Principal,2023-06-01 01:00 PM,2023,06,01,13,38.0,35,Good,34.0,UG/M3,1 Hr,Valid
Guatemala City,PM10 - Principal,2023-06-01 02:00 PM,2023,06,01,14,37.0,34,Good,37.0,UG/M3,1 Hr,Valid
Guatemala City,PM10 - Principal,2023-06-01 03:00 PM,2023,06,01,15,42.0,39,Good,48.0,UG/M3,1 Hr,Valid
Guatemala City,PM10 - Principal,2023-06-01 04:00 PM,2023,06,01,16,46.0,43,Good,52.0,UG/M3,1 Hr,Valid
Guatemala City,PM10 - Principal,2023-06-01 05:00 PM,2023,06,01,17,53.0,49,Good,59.0,UG/M3,1 Hr,Valid
Guatemala City,PM10 - Principal,2023-06-01 06:00 PM,2023,06,01,18,60.0,53,Moderate,67.0,UG/M3,1 Hr,Valid
Guatemala City,PM10 - Principal,2023-06-01 07:00 PM,2023,06,01,19,58.0,52,Moderate,56.0,UG/M3,1 Hr,Valid
Guatemala City,PM10 - Principal,2023-06-01 08:00 PM,2023,06,01,20,56.0,51,Moderate,54.0,UG/M3,1 Hr,Valid
Guatemala City,PM10 - Principal,2023-06-01 09:00 PM,2023,06,01,21,53.0,49,Good,51.0,UG/M3,1 Hr,Valid
Guatemala City,PM10 - Principal,2023-06-01 10:00 PM,2023,06,01,22,51.0,47,Good,50.0,UG/M3,1 Hr,Valid
Guatemala City,PM10 - Principal,2023-06-01 11:00 PM,2023,06,01,23,43.0,40,Good,34.0,UG/M3,1 Hr,Valid
Guatemala City,PM10 - Principal,2023-06-02 12:00 AM,2023,06,02,00,34.0,31,Good,27.0,UG/M3,1 Hr,Valid
Guatemala City,PM10 - Principal,2023-06-02 01:00 AM,2023,06,02,01,31.0,29,Good,28.0,UG/M3,1 Hr,Valid
Guatemala City,PM10 - Principal,2023-06-02 02:00 AM,2023,06,02,02,26.0,24,Good,22.0,UG/M3,1 Hr,Valid
Guatemala City,PM10 - Principal,2023-06-02 03:00 AM,2023,06,02,03,25.0,23,Good,25.0,UG/M3,1 Hr,Valid
Guatemala City,PM10 - Principal,2023-06-02 04:00 AM,2023,06,02,04,29.0,27,Good,34.0,UG/M3,1 Hr,Valid
Guatemala City,PM10 - Principal,2023-06-02 05:00 AM,2023,06,02,05,30.0,28,Good,32.0,UG/M3,1 Hr,Valid
Guatemala City,PM10 - Principal,2023-06-02 06:00 AM,2023,06,02,06,31.0,29,Good,33.0,UG/M3,1 Hr,Valid
Guatemala City,PM10 - Principal,2023-06-02 07:00 AM,2023,06,02,07,34.0,31,Good,38.0,UG/M3,1 Hr,Valid
Guatemala City,PM10 - Principal,2023-06-02 08:00 AM,2023,06,02,08,33.0,31,Good,32.0,UG/M3,1 Hr,Valid
Guatemala City,PM10 - Principal,2023-06-02 09:00 AM,2023,06,02,09,35.0,32,Good,37.0,UG/M3,1 Hr,Valid
Guatemala City,PM10 - Principal,2023-06-02 10:00 AM,2023,06,02,10,37.0,34,Good,40.0,UG/M3,1 Hr,Valid
Guatemala City,PM10 - Principal,2023-06-02 11:00 AM,2023,06,02,11,34.0,31,Good,32.0,UG/M3,1 Hr,Valid
Guatemala City,PM10 - Principal,2023-06-02 12:00 PM,2023,06,02,12,36.0,33,Good,39.0,UG/M3,1 Hr,Valid
Guatemala City,PM10 - Principal,2023-06-02 01:00 PM,2023,06,02,13,37.0,34,Good,38.0,UG/M3,1 Hr,Valid
Guatemala City,PM10 - Principal,2023-06-02 02:00 PM,2023,06,02,14,39.0,36,Good,42.0,UG/M3,1 Hr,Valid
Guatemala City,PM10 - Principal,2023-06-02 03:00 PM,2023,06,02,15,48.0,44,Good,59.0,UG/M3,1 Hr,Valid
Guatemala City,PM10 - Principal,2023-06-02 04:00 PM,2023,06,02,16,50.0,46,Good,53.0,UG/M3,1 Hr,Valid
Guatemala City,PM10 - Principal,2023-06-02 05:00 PM,2023,06,02,17,47.0,44,Good,43.0,UG/M3,1 Hr,Valid
Guatemala City,PM10 - Principal,2023-06-02 06:00 PM,2023,06,02,18,46.0,43,Good,45.0,UG/M3,1 Hr,Valid
Guatemala City,PM10 - Principal,2023-06-02 07:00 PM,2023,06,02,19,47.0,44,Good,50.0,UG/M3,1 Hr,Valid
Guatemala City,PM10 - Principal,2023-06-02 08:00 PM,2023,06,02,20,47.0,44,Good,48.0,UG/M3,1 Hr,Valid
Guatemala City,PM10 - Principal,2023-06-02 09:00 PM,2023,06,02,21,49.0,45,Good,52.0,UG/M3,1 Hr,Valid
Guatemala City,PM10 - Principal,2023-06-02 10:00 PM,2023,06,02,22,49.0,45,Good,50.0,UG/M3,1 Hr,Valid
Guatemala City,PM10 - Principal,2023-06-02 11:00 PM,2023,06,02,23,50.0,46,Good,51.0,UG/M3,1 Hr,Valid
Guatemala City,PM10 - Principal,2023-06-03 12:00 AM,2023,06,03,00,54.0,50,Good,62.0,UG/M3,1 Hr,Valid
Guatemala City,PM10 - Principal,2023-06-03 01:00 AM,2023,06,03,01,58.0,52,Moderate,66.0,UG/M3,1 Hr,Valid
Guatemala City,PM10 - Principal,2023-06-03 02:00 AM,2023,06,03,02,59.0,53,Moderate,60.0,UG/M3,1 Hr,Valid
Guatemala City,PM10 - Principal,2023-06-03 03:00 AM,2023,06,03,03,55.0,51,Moderate,50.0,UG/M3,1 Hr,Valid
Guatemala City,PM10 - Principal,2023-06-03 04:00 AM,2023,06,03,04,55.0,51,Moderate,54.0,UG/M3,1 Hr,Valid
Guatemala City,PM10 - Principal,2023-06-03 05:00 AM,2023,06,03,05,56.0,51,Moderate,59.0,UG/M3,1 Hr,Valid
Guatemala City,PM10 - Principal,2023-06-03 06:00 AM,2023,06,03,06,56.0,51,Moderate,58.0,UG/M3,1 Hr,Valid
Guatemala City,PM10 - Principal,2023-06-03 07:00 AM,2023,06,03,07,58.0,52,Moderate,63.0,UG/M3,1 Hr,Valid
Guatemala City,PM10 - Principal,2023-06-03 08:00 AM,2023,06,03,08,64.0,55,Moderate,75.0,UG/M3,1 Hr,Valid
Guatemala City,PM10 - Principal,2023-06-03 09:00 AM,2023,06,03,09,68.0,57,Moderate,76.0,UG/M3,1 Hr,Valid
Guatemala City,PM10 - Principal,2023-06-03 10:00 AM,2023,06,03,10,68.0,57,Moderate,67.0,UG/M3,1 Hr,Valid
Guatemala City,PM10 - Principal,2023-06-03 11:00 AM,2023,06,03,11,64.0,55,Moderate,57.0,UG/M3,1 Hr,Valid
Guatemala City,PM10 - Principal,2023-06-03 12:00 PM,2023,06,03,12,63.0,55,Moderate,62.0,UG/M3,1 Hr,Valid
Guatemala City,PM10 - Principal,2023-06-03 01:00 PM,2023,06,03,13,60.0,53,Moderate,54.0,UG/M3,1 Hr,Valid
Guatemala City,PM10 - Principal,2023-06-03 02:00 PM,2023,06,03,14,58.0,52,Moderate,55.0,UG/M3,1 Hr,Valid
Guatemala City,PM10 - Principal,2023-06-03 03:00 PM,2023,06,03,15,54.0,50,Good,49.0,UG/M3,1 Hr,Valid
Guatemala City,PM10 - Principal,2023-06-03 04:00 PM,2023,06,03,16,54.0,50,Good,55.0,UG/M3,1 Hr,Valid
Guatemala City,PM10 - Principal,2023-06-03 05:00 PM,2023,06,03,17,51.0,47,Good,47.0,UG/M3,1 Hr,Valid
Guatemala City,PM10 - Principal,2023-06-03 06:00 PM,2023,06,03,18,46.0,43,Good,41.0,UG/M3,1 Hr,Valid
Guatemala City,PM10 - Principal,2023-06-03 07:00 PM,2023,06,03,19,44.0,41,Good,42.0,UG/M3,1 Hr,Valid
Guatemala City,PM10 - Principal,2023-06-03 08:00 PM,2023,06,03,20,45.0,42,Good,47.0,UG/M3,1 Hr,Valid
Guatemala City,PM10 - Principal,2023-06-03 09:00 PM,2023,06,03,21,38.0,35,Good,31.0,UG/M3,1 Hr,Valid
Guatemala City,PM10 - Principal,2023-06-03 10:00 PM,2023,06,03,22,32.0,30,Good,26.0,UG/M3,1 Hr,Valid
Guatemala City,PM10 - Principal,2023-06-03 11:00 PM,2023,06,03,23,29.0,27,Good,26.0,UG/M3,1 Hr,Valid
Guatemala City,PM10 - Principal,2023-06-04 12:00 AM,2023,06,04,00,31.0,29,Good,33.0,UG/M3,1 Hr,Valid
Guatemala City,PM10 - Principal,2023-06-04 01:00 AM,2023,06,04,01,30.0,28,Good,30.0,UG/M3,1 Hr,Valid
Guatemala City,PM10 - Principal,2023-06-04 02:00 AM,2023,06,04,02,31.0,29,Good,32.0,UG/M3,1 Hr,Valid
Guatemala City,PM10 - Principal,2023-06-04 03:00 AM,2023,06,04,03,29.0,27,Good,27.0,UG/M3,1 Hr,Valid
Guatemala City,PM10 - Principal,2023-06-04 04:00 AM,2023,06,04,04,30.0,28,Good,32.0,UG/M3,1 Hr,Valid
Guatemala City,PM10 - Principal,2023-06-04 05:00 AM,2023,06,04,05,31.0,29,Good,32.0,UG/M3,1 Hr,Valid
Guatemala City,PM10 - Principal,2023-06-04 06:00 AM,2023,06,04,06,30.0,28,Good,30.0,UG/M3,1 Hr,Valid
Guatemala City,PM10 - Principal,2023-06-04 07:00 AM,2023,06,04,07,29.0,27,Good,29.0,UG/M3,1 Hr,Valid
Guatemala City,PM10 - Principal,2023-06-04 08:00 AM,2023,06,04,08,33.0,31,Good,39.0,UG/M3,1 Hr,Valid
Guatemala City,PM10 - Principal,2023-06-04 09:00 AM,2023,06,04,09,33.0,31,Good,35.0,UG/M3,1 Hr,Valid
Guatemala City,PM10 - Principal,2023-06-04 10:00 AM,2023,06,04,10,44.0,41,Good,54.0,UG/M3,1 Hr,Valid
Guatemala City,PM10 - Principal,2023-06-04 11:00 AM,2023,06,04,11,45.0,42,Good,47.0,UG/M3,1 Hr,Valid
Guatemala City,PM10 - Principal,2023-06-04 12:00 PM,2023,06,04,12,40.0,37,Good,35.0,UG/M3,1 Hr,Valid
Guatemala City,PM10 - Principal,2023-06-04 01:00 PM,2023,06,04,13,37.0,34,Good,34.0,UG/M3,1 Hr,Valid
Guatemala City,PM10 - Principal,2023-06-04 02:00 PM,2023,06,04,14,37.0,34,Good,37.0,UG/M3,1 Hr,Valid
Guatemala City,PM10 - Principal,2023-06-04 03:00 PM,2023,06,04,15,38.0,35,Good,39.0,UG/M3,1 Hr,Valid
Guatemala City,PM10 - Principal,2023-06-04 04:00 PM,2023,06,04,16,33.0,31,Good,28.0,UG/M3,1 Hr,Valid
Guatemala City,PM10 - Principal,2023-06-04 05:00 PM,2023,06,04,17,35.0,32,Good,38.0,UG/M3,1 Hr,Valid
Guatemala City,PM10 - Principal,2023-06-04 06:00 PM,2023,06,04,18,29.0,27,Good,23.0,UG/M3,1 Hr,Valid
Guatemala City,PM10 - Principal,2023-06-04 07:00 PM,2023,06,04,19,27.0,25,Good,26.0,UG/M3,1 Hr,Valid
Guatemala City,PM10 - Principal,2023-06-04 08:00 PM,2023,06,04,20,24.0,22,Good,22.0,UG/M3,1 Hr,Valid
Guatemala City,PM10 - Principal,2023-06-04 09:00 PM,2023,06,04,21,27.0,25,Good,31.0,UG/M3,1 Hr,Valid
Guatemala City,PM10 - Principal,2023-06-04 10:00 PM,2023,06,04,22,21.0,19,Good,16.0,UG/M3,1 Hr,Valid
Guatemala City,PM10 - Principal,2023-06-04 11:00 PM,2023,06,04,23,16.0,15,Good,11.0,UG/M3,1 Hr,Valid
Guatemala City,PM10 - Principal,2023-06-05 12:00 AM,2023,06,05,00,16.0,15,Good,16.0,UG/M3,1 Hr,Valid
Guatemala City,PM10 - Principal,2023-06-05 01:00 AM,2023,06,05,01,20.0,19,Good,25.0,UG/M3,1 Hr,Valid
Guatemala City,PM10 - Principal,2023-06-05 02:00 AM,2023,06,05,02,16.0,15,Good,12.0,UG/M3,1 Hr,Valid
Guatemala City,PM10 - Principal,2023-06-05 03:00 AM,2023,06,05,03,12.0,11,Good,9.0,UG/M3,1 Hr,Valid
Guatemala City,PM10 - Principal,2023-06-05 04:00 AM,2023,06,05,04,10.0,9,Good,9.0,UG/M3,1 Hr,Valid
Guatemala City,PM10 - Principal,2023-06-05 05:00 AM,2023,06,05,05,18.0,17,Good,27.0,UG/M3,1 Hr,Valid
Guatemala City,PM10 - Principal,2023-06-05 06:00 AM,2023,06,05,06,22.0,20,Good,26.0,UG/M3,1 Hr,Valid
Guatemala City,PM10 - Principal,2023-06-05 07:00 AM,2023,06,05,07,25.0,23,Good,28.0,UG/M3,1 Hr,Valid
Guatemala City,PM10 - Principal,2023-06-05 08:00 AM,2023,06,05,08,26.0,24,Good,28.0,UG/M3,1 Hr,Valid
Guatemala City,PM10 - Principal,2023-06-05 09:00 AM,2023,06,05,09,30.0,28,Good,34.0,UG/M3,1 Hr,Valid
Guatemala City,PM10 - Principal,2023-06-05 10:00 AM,2023,06,05,10,33.0,31,Good,37.0,UG/M3,1 Hr,Valid
Guatemala City,PM10 - Principal,2023-06-05 11:00 AM,2023,06,05,11,30.0,28,Good,27.0,UG/M3,1 Hr,Valid
Guatemala City,PM10 - Principal,2023-06-05 12:00 PM,2023,06,05,12,28.0,26,Good,26.0,UG/M3,1 Hr,Valid
Guatemala City,PM10 - Principal,2023-06-05 01:00 PM,2023,06,05,13,25.0,23,Good,22.0,UG/M3,1 Hr,Valid
Guatemala City,PM10 - Principal,2023-06-05 02:00 PM,2023,06,05,14,21.0,19,Good,18.0,UG/M3,1 Hr,Valid
Guatemala City,PM10 - Principal,2023-06-05 03:00 PM,2023,06,05,15,25.0,23,Good,29.0,UG/M3,1 Hr,Valid
Guatemala City,PM10 - Principal,2023-06-05 04:00 PM,2023,06,05,16,31.0,29,Good,38.0,UG/M3,1 Hr,Valid
Guatemala City,PM10 - Principal,2023-06-05 05:00 PM,2023,06,05,17,30.0,28,Good,29.0,UG/M3,1 Hr,Valid
Guatemala City,PM10 - Principal,2023-06-05 06:00 PM,2023,06,05,18,34.0,31,Good,39.0,UG/M3,1 Hr,Valid
Guatemala City,PM10 - Principal,2023-06-05 07:00 PM,2023,06,05,19,32.0,30,Good,31.0,UG/M3,1 Hr,Valid
Guatemala City,PM10 - Principal,2023-06-05 08:00 PM,2023,06,05,20,32.0,30,Good,32.0,UG/M3,1 Hr,Valid
Guatemala City,PM10 - Principal,2023-06-05 09:00 PM,2023,06,05,21,35.0,32,Good,38.0,UG/M3,1 Hr,Valid
Guatemala City,PM10 - Principal,2023-06-05 10:00 PM,2023,06,05,22,34.0,31,Good,34.0,UG/M3,1 Hr,Valid
Guatemala City,PM10 - Principal,2023-06-05 11:00 PM,2023,06,05,23,31.0,29,Good,29.0,UG/M3,1 Hr,Valid
Guatemala City,PM10 - Principal,2023-06-06 12:00 AM,2023,06,06,00,30.0,28,Good,29.0,UG/M3,1 Hr,Valid
Guatemala City,PM10 - Principal,2023-06-06 01:00 AM,2023,06,06,01,33.0,31,Good,36.0,UG/M3,1 Hr,Valid
Guatemala City,PM10 - Principal,2023-06-06 02:00 AM,2023,06,06,02,27.0,25,Good,21.0,UG/M3,1 Hr,Valid
Guatemala City,PM10 - Principal,2023-06-06 03:00 AM,2023,06,06,03,23.0,21,Good,19.0,UG/M3,1 Hr,Valid
Guatemala City,PM10 - Principal,2023-06-06 04:00 AM,2023,06,06,04,19.0,18,Good,16.0,UG/M3,1 Hr,Valid
Guatemala City,PM10 - Principal,2023-06-06 05:00 AM,2023,06,06,05,17.0,16,Good,15.0,UG/M3,1 Hr,Valid
Guatemala City,PM10 - Principal,2023-06-06 06:00 AM,2023,06,06,06,14.0,13,Good,11.0,UG/M3,1 Hr,Valid
Guatemala City,PM10 - Principal,2023-06-06 07:00 AM,2023,06,06,07,33.0,31,Good,52.0,UG/M3,1 Hr,Valid
Guatemala City,PM10 - Principal,2023-06-06 08:00 AM,2023,06,06,08,37.0,34,Good,41.0,UG/M3,1 Hr,Valid
Guatemala City,PM10 - Principal,2023-06-06 09:00 AM,2023,06,06,09,39.0,36,Good,42.0,UG/M3,1 Hr,Valid
Guatemala City,PM10 - Principal,2023-06-06 10:00 AM,2023,06,06,10,34.0,31,Good,30.0,UG/M3,1 Hr,Valid
Guatemala City,PM10 - Principal,2023-06-06 11:00 AM,2023,06,06,11,34.0,31,Good,34.0,UG/M3,1 Hr,Valid
Guatemala City,PM10 - Principal,2023-06-06 12:00 PM,2023,06,06,12,31.0,29,Good,29.0,UG/M3,1 Hr,Valid
Guatemala City,PM10 - Principal,2023-06-06 01:00 PM,2023,06,06,13,31.0,29,Good,32.0,UG/M3,1 Hr,Valid
Guatemala City,PM10 - Principal,2023-06-06 02:00 PM,2023,06,06,14,32.0,30,Good,34.0,UG/M3,1 Hr,Valid
Guatemala City,PM10 - Principal,2023-06-06 03:00 PM,2023,06,06,15,33.0,31,Good,34.0,UG/M3,1 Hr,Valid
Guatemala City,PM10 - Principal,2023-06-06 04:00 PM,2023,06,06,16,24.0,22,Good,15.0,UG/M3,1 Hr,Valid
Guatemala City,PM10 - Principal,2023-06-06 05:00 PM,2023,06,06,17,30.0,28,Good,37.0,UG/M3,1 Hr,Valid
Guatemala City,PM10 - Principal,2023-06-06 06:00 PM,2023,06,06,18,30.0,28,Good,30.0,UG/M3,1 Hr,Valid
Guatemala City,PM10 - Principal,2023-06-06 07:00 PM,2023,06,06,19,30.0,28,Good,30.0,UG/M3,1 Hr,Valid
Guatemala City,PM10 - Principal,2023-06-06 08:00 PM,2023,06,06,20,31.0,29,Good,32.0,UG/M3,1 Hr,Valid
Guatemala City,PM10 - Principal,2023-06-06 09:00 PM,2023,06,06,21,32.0,30,Good,34.0,UG/M3,1 Hr,Valid
Guatemala City,PM10 - Principal,2023-06-06 10:00 PM,2023,06,06,22,33.0,31,Good,35.0,UG/M3,1 Hr,Valid
Guatemala City,PM10 - Principal,2023-06-06 11:00 PM,2023,06,06,23,33.0,31,Good,33.0,UG/M3,1 Hr,Valid
Guatemala City,PM10 - Principal,2023-06-07 12:00 AM,2023,06,07,00,36.0,33,Good,39.0,UG/M3,1 Hr,Valid
Guatemala City,PM10 - Principal,2023-06-07 01:00 AM,2023,06,07,01,40.0,37,Good,44.0,UG/M3,1 Hr,Valid
Guatemala City,PM10 - Principal,2023-06-07 02:00 AM,2023,06,07,02,39.0,36,Good,38.0,UG/M3,1 Hr,Valid
Guatemala City,PM10 - Principal,2023-06-07 03:00 AM,2023,06,07,03,39.0,36,Good,39.0,UG/M3,1 Hr,Valid
Guatemala City,PM10 - Principal,2023-06-07 04:00 AM,2023,06,07,04,35.0,32,Good,31.0,UG/M3,1 Hr,Valid
Guatemala City,PM10 - Principal,2023-06-07 05:00 AM,2023,06,07,05,37.0,34,Good,42.0,UG/M3,1 Hr,Valid
Guatemala City,PM10 - Principal,2023-06-07 06:00 AM,2023,06,07,06,39.0,36,Good,42.0,UG/M3,1 Hr,Valid
Guatemala City,PM10 - Principal,2023-06-07 07:00 AM,2023,06,07,07,41.0,38,Good,46.0,UG/M3,1 Hr,Valid
Guatemala City,PM10 - Principal,2023-06-07 08:00 AM,2023,06,07,08,40.0,37,Good,38.0,UG/M3,1 Hr,Valid
Guatemala City,PM10 - Principal,2023-06-07 09:00 AM,2023,06,07,09,37.0,34,Good,33.0,UG/M3,1 Hr,Valid
Guatemala City,PM10 - Principal,2023-06-07 10:00 AM,2023,06,07,10,38.0,35,Good,40.0,UG/M3,1 Hr,Valid
Guatemala City,PM10 - Principal,2023-06-07 11:00 AM,2023,06,07,11,39.0,36,Good,40.0,UG/M3,1 Hr,Valid
Guatemala City,PM10 - Principal,2023-06-07 12:00 PM,2023,06,07,12,35.0,32,Good,29.0,UG/M3,1 Hr,Valid
Guatemala City,PM10 - Principal,2023-06-07 01:00 PM,2023,06,07,13,30.0,28,Good,26.0,UG/M3,1 Hr,Valid
Guatemala City,PM10 - Principal,2023-06-07 02:00 PM,2023,06,07,14,33.0,31,Good,36.0,UG/M3,1 Hr,Valid
Guatemala City,PM10 - Principal,2023-06-07 03:00 PM,2023,06,07,15,31.0,29,Good,29.0,UG/M3,1 Hr,Valid
Guatemala City,PM10 - Principal,2023-06-07 04:00 PM,2023,06,07,16,29.0,27,Good,27.0,UG/M3,1 Hr,Valid
Guatemala City,PM10 - Principal,2023-06-07 05:00 PM,2023,06,07,17,26.0,24,Good,23.0,UG/M3,1 Hr,Valid
Guatemala City,PM10 - Principal,2023-06-07 06:00 PM,2023,06,07,18,35.0,32,Good,45.0,UG/M3,1 Hr,Valid
Guatemala City,PM10 - Principal,2023-06-07 07:00 PM,2023,06,07,19,41.0,38,Good,48.0,UG/M3,1 Hr,Valid
Guatemala City,PM10 - Principal,2023-06-07 08:00 PM,2023,06,07,20,41.0,38,Good,41.0,UG/M3,1 Hr,Valid
Guatemala City,PM10 - Principal,2023-06-07 09:00 PM,2023,06,07,21,40.0,37,Good,40.0,UG/M3,1 Hr,Valid
Guatemala City,PM10 - Principal,2023-06-07 10:00 PM,2023,06,07,22,40.0,37,Good,41.0,UG/M3,1 Hr,Valid
Guatemala City,PM10 - Principal,2023-06-07 11:00 PM,2023,06,07,23,32.0,30,Good,25.0,UG/M3,1 Hr,Valid
Guatemala City,PM10 - Principal,2023-06-08 12:00 AM,2023,06,08,00,28.0,26,Good,24.0,UG/M3,1 Hr,Valid
Guatemala City,PM10 - Principal,2023-06-08 01:00 AM,2023,06,08,01,31.0,29,Good,35.0,UG/M3,1 Hr,Valid
Guatemala City,PM10 - Principal,2023-06-08 02:00 AM,2023,06,08,02,28.0,26,Good,26.0,UG/M3,1 Hr,Valid
Guatemala City,PM10 - Principal,2023-06-08 03:00 AM,2023,06,08,03,29.0,27,Good,30.0,UG/M3,1 Hr,Valid
Guatemala City,PM10 - Principal,2023-06-08 04:00 AM,2023,06,08,04,28.0,26,Good,28.0,UG/M3,1 Hr,Valid
Guatemala City,PM10 - Principal,2023-06-08 05:00 AM,2023,06,08,05,29.0,27,Good,30.0,UG/M3,1 Hr,Valid
Guatemala City,PM10 - Principal,2023-06-08 06:00 AM,2023,06,08,06,28.0,26,Good,28.0,UG/M3,1 Hr,Valid
Guatemala City,PM10 - Principal,2023-06-08 07:00 AM,2023,06,08,07,30.0,28,Good,34.0,UG/M3,1 Hr,Valid
Guatemala City,PM10 - Principal,2023-06-08 08:00 AM,2023,06,08,08,31.0,29,Good,32.0,UG/M3,1 Hr,Valid
Guatemala City,PM10 - Principal,2023-06-08 09:00 AM,2023,06,08,09,35.0,32,Good,42.0,UG/M3,1 Hr,Valid
Guatemala City,PM10 - Principal,2023-06-08 10:00 AM,2023,06,08,10,37.0,34,Good,39.0,UG/M3,1 Hr,Valid
Guatemala City,PM10 - Principal,2023-06-08 11:00 AM,2023,06,08,11,38.0,35,Good,40.0,UG/M3,1 Hr,Valid
Guatemala City,PM10 - Principal,2023-06-08 12:00 PM,2023,06,08,12,39.0,36,Good,41.0,UG/M3,1 Hr,Valid
Guatemala City,PM10 - Principal,2023-06-08 01:00 PM,2023,06,08,13,47.0,44,Good,55.0,UG/M3,1 Hr,Valid
Guatemala City,PM10 - Principal,2023-06-08 02:00 PM,2023,06,08,14,44.0,41,Good,41.0,UG/M3,1 Hr,Valid
Guatemala City,PM10 - Principal,2023-06-08 03:00 PM,2023,06,08,15,41.0,38,Good,38.0,UG/M3,1 Hr,Valid
Guatemala City,PM10 - Principal,2023-06-08 04:00 PM,2023,06,08,16,53.0,49,Good,66.0,UG/M3,1 Hr,Valid
Guatemala City,PM10 - Principal,2023-06-08 05:00 PM,2023,06,08,17,55.0,51,Moderate,57.0,UG/M3,1 Hr,Valid
Guatemala City,PM10 - Principal,2023-06-08 06:00 PM,2023,06,08,18,51.0,47,Good,47.0,UG/M3,1 Hr,Valid
Guatemala City,PM10 - Principal,2023-06-08 07:00 PM,2023,06,08,19,46.0,43,Good,42.0,UG/M3,1 Hr,Valid
Guatemala City,PM10 - Principal,2023-06-08 08:00 PM,2023,06,08,20,44.0,41,Good,41.0,UG/M3,1 Hr,Valid
Guatemala City,PM10 - Principal,2023-06-08 09:00 PM,2023,06,08,21,45.0,42,Good,47.0,UG/M3,1 Hr,Valid
Guatemala City,PM10 - Principal,2023-06-08 10:00 PM,2023,06,08,22,36.0,33,Good,28.0,UG/M3,1 Hr,Valid
Guatemala City,PM10 - Principal,2023-06-08 11:00 PM,2023,06,08,23,31.0,29,Good,26.0,UG/M3,1 Hr,Valid
Guatemala City,PM10 - Principal,2023-06-09 12:00 AM,2023,06,09,00,26.0,24,Good,21.0,UG/M3,1 Hr,Valid
Guatemala City,PM10 - Principal,2023-06-09 01:00 AM,2023,06,09,01,28.0,26,Good,31.0,UG/M3,1 Hr,Valid
Guatemala City,PM10 - Principal,2023-06-09 02:00 AM,2023,06,09,02,29.0,27,Good,31.0,UG/M3,1 Hr,Valid
Guatemala City,PM10 - Principal,2023-06-09 03:00 AM,2023,06,09,03,29.0,27,Good,30.0,UG/M3,1 Hr,Valid
Guatemala City,PM10 - Principal,2023-06-09 04:00 AM,2023,06,09,04,29.0,27,Good,29.0,UG/M3,1 Hr,Valid
Guatemala City,PM10 - Principal,2023-06-09 05:00 AM,2023,06,09,05,30.0,28,Good,32.0,UG/M3,1 Hr,Valid
Guatemala City,PM10 - Principal,2023-06-09 06:00 AM,2023,06,09,06,32.0,30,Good,35.0,UG/M3,1 Hr,Valid
Guatemala City,PM10 - Principal,2023-06-09 07:00 AM,2023,06,09,07,43.0,40,Good,54.0,UG/M3,1 Hr,Valid
Guatemala City,PM10 - Principal,2023-06-09 08:00 AM,2023,06,09,08,42.0,39,Good,42.0,UG/M3,1 Hr,Valid
Guatemala City,PM10 - Principal,2023-06-09 09:00 AM,2023,06,09,09,44.0,41,Good,46.0,UG/M3,1 Hr,Valid
Guatemala City,PM10 - Principal,2023-06-09 10:00 AM,2023,06,09,10,48.0,44,Good,52.0,UG/M3,1 Hr,Valid
Guatemala City,PM10 - Principal,2023-06-09 11:00 AM,2023,06,09,11,46.0,43,Good,45.0,UG/M3,1 Hr,Valid
Guatemala City,PM10 - Principal,2023-06-09 12:00 PM,2023,06,09,12,45.0,42,Good,44.0,UG/M3,1 Hr,Valid
Guatemala City,PM10 - Principal,2023-06-09 01:00 PM,2023,06,09,13,45.0,42,Good,45.0,UG/M3,1 Hr,Valid
Guatemala City,PM10 - Principal,2023-06-09 02:00 PM,2023,06,09,14,41.0,38,Good,37.0,UG/M3,1 Hr,Valid
Guatemala City,PM10 - Principal,2023-06-09 03:00 PM,2023,06,09,15,39.0,36,Good,38.0,UG/M3,1 Hr,Valid
Guatemala City,PM10 - Principal,2023-06-09 04:00 PM,2023,06,09,16,45.0,42,Good,52.0,UG/M3,1 Hr,Valid
Guatemala City,PM10 - Principal,2023-06-09 05:00 PM,2023,06,09,17,46.0,43,Good,49.0,UG/M3,1 Hr,Valid
Guatemala City,PM10 - Principal,2023-06-09 06:00 PM,2023,06,09,18,47.0,44,Good,49.0,UG/M3,1 Hr,Valid
Guatemala City,PM10 - Principal,2023-06-09 07:00 PM,2023,06,09,19,48.0,44,Good,51.0,UG/M3,1 Hr,Valid
Guatemala City,PM10 - Principal,2023-06-09 08:00 PM,2023,06,09,20,47.0,44,Good,45.0,UG/M3,1 Hr,Valid
Guatemala City,PM10 - Principal,2023-06-09 09:00 PM,2023,06,09,21,48.0,44,Good,52.0,UG/M3,1 Hr,Valid
Guatemala City,PM10 - Principal,2023-06-09 10:00 PM,2023,06,09,22,51.0,47,Good,57.0,UG/M3,1 Hr,Valid
Guatemala City,PM10 - Principal,2023-06-09 11:00 PM,2023,06,09,23,46.0,43,Good,37.0,UG/M3,1 Hr,Valid
Guatemala City,PM10 - Principal,2023-06-10 12:00 AM,2023,06,10,00,33.0,31,Good,22.0,UG/M3,1 Hr,Valid
Guatemala City,PM10 - Principal,2023-06-10 01:00 AM,2023,06,10,01,30.0,28,Good,27.0,UG/M3,1 Hr,Valid
Guatemala City,PM10 - Principal,2023-06-10 02:00 AM,2023,06,10,02,28.0,26,Good,27.0,UG/M3,1 Hr,Valid
Guatemala City,PM10 - Principal,2023-06-10 03:00 AM,2023,06,10,03,28.0,26,Good,29.0,UG/M3,1 Hr,Valid
Guatemala City,PM10 - Principal,2023-06-10 04:00 AM,2023,06,10,04,26.0,24,Good,25.0,UG/M3,1 Hr,Valid
Guatemala City,PM10 - Principal,2023-06-10 05:00 AM,2023,06,10,05,27.0,25,Good,28.0,UG/M3,1 Hr,Valid
Guatemala City,PM10 - Principal,2023-06-10 06:00 AM,2023,06,10,06,29.0,27,Good,32.0,UG/M3,1 Hr,Valid
Guatemala City,PM10 - Principal,2023-06-10 07:00 AM,2023,06,10,07,30.0,28,Good,31.0,UG/M3,1 Hr,Valid
Guatemala City,PM10 - Principal,2023-06-10 08:00 AM,2023,06,10,08,39.0,36,Good,48.0,UG/M3,1 Hr,Valid
Guatemala City,PM10 - Principal,2023-06-10 09:00 AM,2023,06,10,09,43.0,40,Good,48.0,UG/M3,1 Hr,Valid
Guatemala City,PM10 - Principal,2023-06-10 10:00 AM,2023,06,10,10,49.0,45,Good,56.0,UG/M3,1 Hr,Valid
Guatemala City,PM10 - Principal,2023-06-10 11:00 AM,2023,06,10,11,52.0,48,Good,56.0,UG/M3,1 Hr,Valid
Guatemala City,PM10 - Principal,2023-06-10 12:00 PM,2023,06,10,12,52.0,48,Good,-999.0,UG/M3,1 Hr,Missing
Guatemala City,PM10 - Principal,2023-06-10 02:00 PM,2023,06,10,14,-999.0,-999,N/A,40.0,UG/M3,1 Hr,Valid
Guatemala City,PM10 - Principal,2023-06-10 03:00 PM,2023,06,10,15,30.0,28,Good,23.0,UG/M3,1 Hr,Valid
Guatemala City,PM10 - Principal,2023-06-10 04:00 PM,2023,06,10,16,34.0,31,Good,37.0,UG/M3,1 Hr,Valid
Guatemala City,PM10 - Principal,2023-06-10 05:00 PM,2023,06,10,17,32.0,30,Good,31.0,UG/M3,1 Hr,Valid
Guatemala City,PM10 - Principal,2023-06-10 06:00 PM,2023,06,10,18,33.0,31,Good,34.0,UG/M3,1 Hr,Valid
Guatemala City,PM10 - Principal,2023-06-10 07:00 PM,2023,06,10,19,38.0,35,Good,43.0,UG/M3,1 Hr,Valid
Guatemala City,PM10 - Principal,2023-06-10 08:00 PM,2023,06,10,20,38.0,35,Good,38.0,UG/M3,1 Hr,Valid
Guatemala City,PM10 - Principal,2023-06-10 09:00 PM,2023,06,10,21,38.0,35,Good,38.0,UG/M3,1 Hr,Valid
Guatemala City,PM10 - Principal,2023-06-10 10:00 PM,2023,06,10,22,33.0,31,Good,29.0,UG/M3,1 Hr,Valid
Guatemala City,PM10 - Principal,2023-06-10 11:00 PM,2023,06,10,23,33.0,31,Good,33.0,UG/M3,1 Hr,Valid
Guatemala City,PM10 - Principal,2023-06-11 12:00 AM,2023,06,11,00,32.0,30,Good,31.0,UG/M3,1 Hr,Valid
Guatemala City,PM10 - Principal,2023-06-11 01:00 AM,2023,06,11,01,37.0,34,Good,44.0,UG/M3,1 Hr,Valid
Guatemala City,PM10 - Principal,2023-06-11 02:00 AM,2023,06,11,02,38.0,35,Good,39.0,UG/M3,1 Hr,Valid
Guatemala City,PM10 - Principal,2023-06-11 03:00 AM,2023,06,11,03,39.0,36,Good,42.0,UG/M3,1 Hr,Valid
Guatemala City,PM10 - Principal,2023-06-11 04:00 AM,2023,06,11,04,38.0,35,Good,38.0,UG/M3,1 Hr,Valid
Guatemala City,PM10 - Principal,2023-06-11 05:00 AM,2023,06,11,05,39.0,36,Good,40.0,UG/M3,1 Hr,Valid
Guatemala City,PM10 - Principal,2023-06-11 06:00 AM,2023,06,11,06,41.0,38,Good,45.0,UG/M3,1 Hr,Valid
Guatemala City,PM10 - Principal,2023-06-11 07:00 AM,2023,06,11,07,40.0,37,Good,38.0,UG/M3,1 Hr,Valid
Guatemala City,PM10 - Principal,2023-06-11 08:00 AM,2023,06,11,08,37.0,34,Good,33.0,UG/M3,1 Hr,Valid
Guatemala City,PM10 - Principal,2023-06-11 09:00 AM,2023,06,11,09,37.0,34,Good,37.0,UG/M3,1 Hr,Valid
Guatemala City,PM10 - Principal,2023-06-11 10:00 AM,2023,06,11,10,37.0,34,Good,36.0,UG/M3,1 Hr,Valid
Guatemala City,PM10 - Principal,2023-06-11 11:00 AM,2023,06,11,11,37.0,34,Good,38.0,UG/M3,1 Hr,Valid
Guatemala City,PM10 - Principal,2023-06-11 12:00 PM,2023,06,11,12,32.0,30,Good,26.0,UG/M3,1 Hr,Valid
Guatemala City,PM10 - Principal,2023-06-11 01:00 PM,2023,06,11,13,31.0,29,Good,31.0,UG/M3,1 Hr,Valid
Guatemala City,PM10 - Principal,2023-06-11 02:00 PM,2023,06,11,14,31.0,29,Good,31.0,UG/M3,1 Hr,Valid
Guatemala City,PM10 - Principal,2023-06-11 03:00 PM,2023,06,11,15,31.0,29,Good,31.0,UG/M3,1 Hr,Valid
Guatemala City,PM10 - Principal,2023-06-11 04:00 PM,2023,06,11,16,32.0,30,Good,35.0,UG/M3,1 Hr,Valid
Guatemala City,PM10 - Principal,2023-06-11 05:00 PM,2023,06,11,17,28.0,26,Good,23.0,UG/M3,1 Hr,Valid
Guatemala City,PM10 - Principal,2023-06-11 06:00 PM,2023,06,11,18,33.0,31,Good,40.0,UG/M3,1 Hr,Valid
Guatemala City,PM10 - Principal,2023-06-11 07:00 PM,2023,06,11,19,41.0,38,Good,48.0,UG/M3,1 Hr,Valid
Guatemala City,PM10 - Principal,2023-06-11 08:00 PM,2023,06,11,20,46.0,43,Good,51.0,UG/M3,1 Hr,Valid
Guatemala City,PM10 - Principal,2023-06-11 09:00 PM,2023,06,11,21,47.0,44,Good,48.0,UG/M3,1 Hr,Valid
Guatemala City,PM10 - Principal,2023-06-11 10:00 PM,2023,06,11,22,41.0,38,Good,36.0,UG/M3,1 Hr,Valid
Guatemala City,PM10 - Principal,2023-06-11 11:00 PM,2023,06,11,23,35.0,32,Good,30.0,UG/M3,1 Hr,Valid
Guatemala City,PM10 - Principal,2023-06-12 12:00 AM,2023,06,12,00,33.0,31,Good,31.0,UG/M3,1 Hr,Valid
Guatemala City,PM10 - Principal,2023-06-12 01:00 AM,2023,06,12,01,34.0,31,Good,36.0,UG/M3,1 Hr,Valid
Guatemala City,PM10 - Principal,2023-06-12 02:00 AM,2023,06,12,02,31.0,29,Good,29.0,UG/M3,1 Hr,Valid
Guatemala City,PM10 - Principal,2023-06-12 03:00 AM,2023,06,12,03,29.0,27,Good,27.0,UG/M3,1 Hr,Valid
Guatemala City,PM10 - Principal,2023-06-12 04:00 AM,2023,06,12,04,31.0,29,Good,34.0,UG/M3,1 Hr,Valid
Guatemala City,PM10 - Principal,2023-06-12 05:00 AM,2023,06,12,05,32.0,30,Good,34.0,UG/M3,1 Hr,Valid
Guatemala City,PM10 - Principal,2023-06-12 06:00 AM,2023,06,12,06,34.0,31,Good,36.0,UG/M3,1 Hr,Valid
Guatemala City,PM10 - Principal,2023-06-12 07:00 AM,2023,06,12,07,40.0,37,Good,48.0,UG/M3,1 Hr,Valid
Guatemala City,PM10 - Principal,2023-06-12 08:00 AM,2023,06,12,08,40.0,37,Good,41.0,UG/M3,1 Hr,Valid
Guatemala City,PM10 - Principal,2023-06-12 09:00 AM,2023,06,12,09,41.0,38,Good,42.0,UG/M3,1 Hr,Valid
Guatemala City,PM10 - Principal,2023-06-12 10:00 AM,2023,06,12,10,44.0,41,Good,49.0,UG/M3,1 Hr,Valid
Guatemala City,PM10 - Principal,2023-06-12 11:00 AM,2023,06,12,11,46.0,43,Good,48.0,UG/M3,1 Hr,Valid
Guatemala City,PM10 - Principal,2023-06-12 12:00 PM,2023,06,12,12,42.0,39,Good,38.0,UG/M3,1 Hr,Valid
Guatemala City,PM10 - Principal,2023-06-12 01:00 PM,2023,06,12,13,38.0,35,Good,34.0,UG/M3,1 Hr,Valid
Guatemala City,PM10 - Principal,2023-06-12 02:00 PM,2023,06,12,14,38.0,35,Good,39.0,UG/M3,1 Hr,Valid
Guatemala City,PM10 - Principal,2023-06-12 03:00 PM,2023,06,12,15,37.0,34,Good,33.0,UG/M3,1 Hr,Valid
Guatemala City,PM10 - Principal,2023-06-12 04:00 PM,2023,06,12,16,36.0,33,Good,36.0,UG/M3,1 Hr,Valid
Guatemala City,PM10 - Principal,2023-06-12 05:00 PM,2023,06,12,17,35.0,32,Good,32.0,UG/M3,1 Hr,Valid
Guatemala City,PM10 - Principal,2023-06-12 06:00 PM,2023,06,12,18,39.0,36,Good,47.0,UG/M3,1 Hr,Valid
Guatemala City,PM10 - Principal,2023-06-12 07:00 PM,2023,06,12,19,43.0,40,Good,50.0,UG/M3,1 Hr,Valid
Guatemala City,PM10 - Principal,2023-06-12 08:00 PM,2023,06,12,20,41.0,38,Good,39.0,UG/M3,1 Hr,Valid
Guatemala City,PM10 - Principal,2023-06-12 09:00 PM,2023,06,12,21,39.0,36,Good,36.0,UG/M3,1 Hr,Valid
Guatemala City,PM10 - Principal,2023-06-12 10:00 PM,2023,06,12,22,42.0,39,Good,48.0,UG/M3,1 Hr,Valid
Guatemala City,PM10 - Principal,2023-06-12 11:00 PM,2023,06,12,23,44.0,41,Good,48.0,UG/M3,1 Hr,Valid
Guatemala City,PM10 - Principal,2023-06-13 12:00 AM,2023,06,13,00,43.0,40,Good,41.0,UG/M3,1 Hr,Valid
Guatemala City,PM10 - Principal,2023-06-13 01:00 AM,2023,06,13,01,41.0,38,Good,39.0,UG/M3,1 Hr,Valid
Guatemala City,PM10 - Principal,2023-06-13 02:00 AM,2023,06,13,02,40.0,37,Good,38.0,UG/M3,1 Hr,Valid
Guatemala City,PM10 - Principal,2023-06-13 03:00 AM,2023,06,13,03,42.0,39,Good,47.0,UG/M3,1 Hr,Valid
Guatemala City,PM10 - Principal,2023-06-13 04:00 AM,2023,06,13,04,45.0,42,Good,51.0,UG/M3,1 Hr,Valid
Guatemala City,PM10 - Principal,2023-06-13 05:00 AM,2023,06,13,05,45.0,42,Good,45.0,UG/M3,1 Hr,Valid
Guatemala City,PM10 - Principal,2023-06-13 06:00 AM,2023,06,13,06,44.0,41,Good,44.0,UG/M3,1 Hr,Valid
Guatemala City,PM10 - Principal,2023-06-13 07:00 AM,2023,06,13,07,43.0,40,Good,42.0,UG/M3,1 Hr,Valid
Guatemala City,PM10 - Principal,2023-06-13 08:00 AM,2023,06,13,08,44.0,41,Good,46.0,UG/M3,1 Hr,Valid
Guatemala City,PM10 - Principal,2023-06-13 09:00 AM,2023,06,13,09,48.0,44,Good,56.0,UG/M3,1 Hr,Valid
Guatemala City,PM10 - Principal,2023-06-13 10:00 AM,2023,06,13,10,62.0,54,Moderate,75.0,UG/M3,1 Hr,Valid
Guatemala City,PM10 - Principal,2023-06-13 11:00 AM,2023,06,13,11,53.0,49,Good,44.0,UG/M3,1 Hr,Valid
Guatemala City,PM10 - Principal,2023-06-13 12:00 PM,2023,06,13,12,46.0,43,Good,39.0,UG/M3,1 Hr,Valid
Guatemala City,PM10 - Principal,2023-06-13 01:00 PM,2023,06,13,13,39.0,36,Good,33.0,UG/M3,1 Hr,Valid
Guatemala City,PM10 - Principal,2023-06-13 02:00 PM,2023,06,13,14,36.0,33,Good,33.0,UG/M3,1 Hr,Valid
Guatemala City,PM10 - Principal,2023-06-13 03:00 PM,2023,06,13,15,33.0,31,Good,31.0,UG/M3,1 Hr,Valid
Guatemala City,PM10 - Principal,2023-06-13 04:00 PM,2023,06,13,16,34.0,31,Good,35.0,UG/M3,1 Hr,Valid
Guatemala City,PM10 - Principal,2023-06-13 05:00 PM,2023,06,13,17,48.0,44,Good,63.0,UG/M3,1 Hr,Valid
Guatemala City,PM10 - Principal,2023-06-13 06:00 PM,2023,06,13,18,55.0,51,Moderate,63.0,UG/M3,1 Hr,Valid
Guatemala City,PM10 - Principal,2023-06-13 07:00 PM,2023,06,13,19,55.0,51,Moderate,-999.0,UG/M3,1 Hr,Missing
Guatemala City,PM10 - Principal,2023-06-13 08:00 PM,2023,06,13,20,65.0,56,Moderate,71.0,UG/M3,1 Hr,Valid
Guatemala City,PM10 - Principal,2023-06-13 09:00 PM,2023,06,13,21,64.0,55,Moderate,63.0,UG/M3,1 Hr,Valid
Guatemala City,PM10 - Principal,2023-06-13 10:00 PM,2023,06,13,22,48.0,44,Good,34.0,UG/M3,1 Hr,Valid
Guatemala City,PM10 - Principal,2023-06-13 11:00 PM,2023,06,13,23,36.0,33,Good,26.0,UG/M3,1 Hr,Valid
Guatemala City,PM10 - Principal,2023-06-14 12:00 AM,2023,06,14,00,41.0,38,Good,46.0,UG/M3,1 Hr,Valid
Guatemala City,PM10 - Principal,2023-06-14 01:00 AM,2023,06,14,01,41.0,38,Good,41.0,UG/M3,1 Hr,Valid
Guatemala City,PM10 - Principal,2023-06-14 02:00 AM,2023,06,14,02,36.0,33,Good,31.0,UG/M3,1 Hr,Valid
Guatemala City,PM10 - Principal,2023-06-14 03:00 AM,2023,06,14,03,35.0,32,Good,34.0,UG/M3,1 Hr,Valid
Guatemala City,PM10 - Principal,2023-06-14 04:00 AM,2023,06,14,04,33.0,31,Good,31.0,UG/M3,1 Hr,Valid
Guatemala City,PM10 - Principal,2023-06-14 05:00 AM,2023,06,14,05,31.0,29,Good,29.0,UG/M3,1 Hr,Valid
Guatemala City,PM10 - Principal,2023-06-14 06:00 AM,2023,06,14,06,32.0,30,Good,34.0,UG/M3,1 Hr,Valid
Guatemala City,PM10 - Principal,2023-06-14 07:00 AM,2023,06,14,07,35.0,32,Good,38.0,UG/M3,1 Hr,Valid
Guatemala City,PM10 - Principal,2023-06-14 08:00 AM,2023,06,14,08,41.0,38,Good,47.0,UG/M3,1 Hr,Valid
Guatemala City,PM10 - Principal,2023-06-14 09:00 AM,2023,06,14,09,45.0,42,Good,51.0,UG/M3,1 Hr,Valid
Guatemala City,PM10 - Principal,2023-06-14 10:00 AM,2023,06,14,10,39.0,36,Good,33.0,UG/M3,1 Hr,Valid
Guatemala City,PM10 - Principal,2023-06-14 11:00 AM,2023,06,14,11,37.0,34,Good,35.0,UG/M3,1 Hr,Valid
Guatemala City,PM10 - Principal,2023-06-14 12:00 PM,2023,06,14,12,36.0,33,Good,34.0,UG/M3,1 Hr,Valid
Guatemala City,PM10 - Principal,2023-06-14 01:00 PM,2023,06,14,13,35.0,32,Good,35.0,UG/M3,1 Hr,Valid
Guatemala City,PM10 - Principal,2023-06-14 02:00 PM,2023,06,14,14,33.0,31,Good,30.0,UG/M3,1 Hr,Valid
Guatemala City,PM10 - Principal,2023-06-14 03:00 PM,2023,06,14,15,35.0,32,Good,38.0,UG/M3,1 Hr,Valid
Guatemala City,PM10 - Principal,2023-06-14 04:00 PM,2023,06,14,16,33.0,31,Good,31.0,UG/M3,1 Hr,Valid
Guatemala City,PM10 - Principal,2023-06-14 05:00 PM,2023,06,14,17,35.0,32,Good,39.0,UG/M3,1 Hr,Valid
Guatemala City,PM10 - Principal,2023-06-14 06:00 PM,2023,06,14,18,35.0,32,Good,34.0,UG/M3,1 Hr,Valid
Guatemala City,PM10 - Principal,2023-06-14 07:00 PM,2023,06,14,19,37.0,34,Good,41.0,UG/M3,1 Hr,Valid
Guatemala City,PM10 - Principal,2023-06-14 08:00 PM,2023,06,14,20,38.0,35,Good,39.0,UG/M3,1 Hr,Valid
Guatemala City,PM10 - Principal,2023-06-14 09:00 PM,2023,06,14,21,38.0,35,Good,41.0,UG/M3,1 Hr,Valid
Guatemala City,PM10 - Principal,2023-06-14 10:00 PM,2023,06,14,22,37.0,34,Good,35.0,UG/M3,1 Hr,Valid
Guatemala City,PM10 - Principal,2023-06-14 11:00 PM,2023,06,14,23,36.0,33,Good,35.0,UG/M3,1 Hr,Valid
Guatemala City,PM10 - Principal,2023-06-15 12:00 AM,2023,06,15,00,36.0,33,Good,-999.0,UG/M3,1 Hr,Missing
Guatemala City,PM10 - Principal,2023-06-21 09:00 PM,2023,06,21,21,-999.0,-999,N/A,44.0,UG/M3,1 Hr,Valid
Guatemala City,PM10 - Principal,2023-06-21 10:00 PM,2023,06,21,22,40.0,37,Good,37.0,UG/M3,1 Hr,Valid
Guatemala City,PM10 - Principal,2023-06-21 11:00 PM,2023,06,21,23,35.0,32,Good,31.0,UG/M3,1 Hr,Valid
Guatemala City,PM10 - Principal,2023-06-22 12:00 AM,2023,06,22,00,32.0,30,Good,29.0,UG/M3,1 Hr,Valid
Guatemala City,PM10 - Principal,2023-06-22 01:00 AM,2023,06,22,01,26.0,24,Good,21.0,UG/M3,1 Hr,Valid
Guatemala City,PM10 - Principal,2023-06-22 02:00 AM,2023,06,22,02,25.0,23,Good,24.0,UG/M3,1 Hr,Valid
Guatemala City,PM10 - Principal,2023-06-22 03:00 AM,2023,06,22,03,23.0,21,Good,21.0,UG/M3,1 Hr,Valid
Guatemala City,PM10 - Principal,2023-06-22 04:00 AM,2023,06,22,04,19.0,18,Good,16.0,UG/M3,1 Hr,Valid
Guatemala City,PM10 - Principal,2023-06-22 05:00 AM,2023,06,22,05,19.0,18,Good,19.0,UG/M3,1 Hr,Valid
Guatemala City,PM10 - Principal,2023-06-22 06:00 AM,2023,06,22,06,19.0,18,Good,19.0,UG/M3,1 Hr,Valid
Guatemala City,PM10 - Principal,2023-06-22 07:00 AM,2023,06,22,07,28.0,26,Good,38.0,UG/M3,1 Hr,Valid
Guatemala City,PM10 - Principal,2023-06-22 08:00 AM,2023,06,22,08,33.0,31,Good,39.0,UG/M3,1 Hr,Valid
Guatemala City,PM10 - Principal,2023-06-22 09:00 AM,2023,06,22,09,28.0,26,Good,24.0,UG/M3,1 Hr,Valid
Guatemala City,PM10 - Principal,2023-06-22 10:00 AM,2023,06,22,10,25.0,23,Good,23.0,UG/M3,1 Hr,Valid
Guatemala City,PM10 - Principal,2023-06-22 11:00 AM,2023,06,22,11,23.0,21,Good,21.0,UG/M3,1 Hr,Valid
Guatemala City,PM10 - Principal,2023-06-22 12:00 PM,2023,06,22,12,25.0,23,Good,27.0,UG/M3,1 Hr,Valid
Guatemala City,PM10 - Principal,2023-06-22 01:00 PM,2023,06,22,13,21.0,19,Good,18.0,UG/M3,1 Hr,Valid
Guatemala City,PM10 - Principal,2023-06-22 02:00 PM,2023,06,22,14,27.0,25,Good,34.0,UG/M3,1 Hr,Valid
Guatemala City,PM10 - Principal,2023-06-22 03:00 PM,2023,06,22,15,18.0,17,Good,10.0,UG/M3,1 Hr,Valid
Guatemala City,PM10 - Principal,2023-06-22 04:00 PM,2023,06,22,16,16.0,15,Good,15.0,UG/M3,1 Hr,Valid
Guatemala City,PM10 - Principal,2023-06-22 05:00 PM,2023,06,22,17,18.0,17,Good,21.0,UG/M3,1 Hr,Valid
Guatemala City,PM10 - Principal,2023-06-22 06:00 PM,2023,06,22,18,18.0,17,Good,18.0,UG/M3,1 Hr,Valid
Guatemala City,PM10 - Principal,2023-06-22 07:00 PM,2023,06,22,19,16.0,15,Good,14.0,UG/M3,1 Hr,Valid
Guatemala City,PM10 - Principal,2023-06-22 08:00 PM,2023,06,22,20,17.0,16,Good,19.0,UG/M3,1 Hr,Valid
Guatemala City,PM10 - Principal,2023-06-22 09:00 PM,2023,06,22,21,19.0,18,Good,22.0,UG/M3,1 Hr,Valid
Guatemala City,PM10 - Principal,2023-06-22 10:00 PM,2023,06,22,22,24.0,22,Good,30.0,UG/M3,1 Hr,Valid
Guatemala City,PM10 - Principal,2023-06-22 11:00 PM,2023,06,22,23,25.0,23,Good,26.0,UG/M3,1 Hr,Valid
Guatemala City,PM10 - Principal,2023-06-23 12:00 AM,2023,06,23,00,28.0,26,Good,31.0,UG/M3,1 Hr,Valid
Guatemala City,PM10 - Principal,2023-06-23 01:00 AM,2023,06,23,01,28.0,26,Good,28.0,UG/M3,1 Hr,Valid
Guatemala City,PM10 - Principal,2023-06-23 02:00 AM,2023,06,23,02,30.0,28,Good,33.0,UG/M3,1 Hr,Valid
Guatemala City,PM10 - Principal,2023-06-23 03:00 AM,2023,06,23,03,35.0,32,Good,40.0,UG/M3,1 Hr,Valid
Guatemala City,PM10 - Principal,2023-06-23 04:00 AM,2023,06,23,04,30.0,28,Good,25.0,UG/M3,1 Hr,Valid
Guatemala City,PM10 - Principal,2023-06-23 05:00 AM,2023,06,23,05,25.0,23,Good,21.0,UG/M3,1 Hr,Valid
Guatemala City,PM10 - Principal,2023-06-23 06:00 AM,2023,06,23,06,26.0,24,Good,27.0,UG/M3,1 Hr,Valid
Guatemala City,PM10 - Principal,2023-06-23 07:00 AM,2023,06,23,07,28.0,26,Good,31.0,UG/M3,1 Hr,Valid
Guatemala City,PM10 - Principal,2023-06-23 08:00 AM,2023,06,23,08,32.0,30,Good,36.0,UG/M3,1 Hr,Valid
Guatemala City,PM10 - Principal,2023-06-23 09:00 AM,2023,06,23,09,31.0,29,Good,30.0,UG/M3,1 Hr,Valid
Guatemala City,PM10 - Principal,2023-06-23 10:00 AM,2023,06,23,10,26.0,24,Good,21.0,UG/M3,1 Hr,Valid
Guatemala City,PM10 - Principal,2023-06-23 11:00 AM,2023,06,23,11,29.0,27,Good,33.0,UG/M3,1 Hr,Valid
Guatemala City,PM10 - Principal,2023-06-23 12:00 PM,2023,06,23,12,28.0,26,Good,27.0,UG/M3,1 Hr,Valid
Guatemala City,PM10 - Principal,2023-06-23 01:00 PM,2023,06,23,13,31.0,29,Good,34.0,UG/M3,1 Hr,Valid
Guatemala City,PM10 - Principal,2023-06-23 02:00 PM,2023,06,23,14,32.0,30,Good,34.0,UG/M3,1 Hr,Valid
Guatemala City,PM10 - Principal,2023-06-23 03:00 PM,2023,06,23,15,28.0,26,Good,23.0,UG/M3,1 Hr,Valid
Guatemala City,PM10 - Principal,2023-06-23 04:00 PM,2023,06,23,16,26.0,24,Good,24.0,UG/M3,1 Hr,Valid
Guatemala City,PM10 - Principal,2023-06-23 05:00 PM,2023,06,23,17,27.0,25,Good,29.0,UG/M3,1 Hr,Valid
Guatemala City,PM10 - Principal,2023-06-23 06:00 PM,2023,06,23,18,29.0,27,Good,33.0,UG/M3,1 Hr,Valid
Guatemala City,PM10 - Principal,2023-06-23 07:00 PM,2023,06,23,19,27.0,25,Good,25.0,UG/M3,1 Hr,Valid
Guatemala City,PM10 - Principal,2023-06-23 08:00 PM,2023,06,23,20,28.0,26,Good,29.0,UG/M3,1 Hr,Valid
Guatemala City,PM10 - Principal,2023-06-23 09:00 PM,2023,06,23,21,33.0,31,Good,40.0,UG/M3,1 Hr,Valid
Guatemala City,PM10 - Principal,2023-06-23 10:00 PM,2023,06,23,22,31.0,29,Good,29.0,UG/M3,1 Hr,Valid
Guatemala City,PM10 - Principal,2023-06-23 11:00 PM,2023,06,23,23,26.0,24,Good,21.0,UG/M3,1 Hr,Valid
Guatemala City,PM10 - Principal,2023-06-24 12:00 AM,2023,06,24,00,24.0,22,Good,23.0,UG/M3,1 Hr,Valid
Guatemala City,PM10 - Principal,2023-06-24 01:00 AM,2023,06,24,01,25.0,23,Good,27.0,UG/M3,1 Hr,Valid
Guatemala City,PM10 - Principal,2023-06-24 02:00 AM,2023,06,24,02,24.0,22,Good,23.0,UG/M3,1 Hr,Valid
Guatemala City,PM10 - Principal,2023-06-24 03:00 AM,2023,06,24,03,22.0,20,Good,21.0,UG/M3,1 Hr,Valid
Guatemala City,PM10 - Principal,2023-06-24 04:00 AM,2023,06,24,04,22.0,20,Good,23.0,UG/M3,1 Hr,Valid
Guatemala City,PM10 - Principal,2023-06-24 05:00 AM,2023,06,24,05,24.0,22,Good,27.0,UG/M3,1 Hr,Valid
Guatemala City,PM10 - Principal,2023-06-24 06:00 AM,2023,06,24,06,24.0,22,Good,25.0,UG/M3,1 Hr,Valid
Guatemala City,PM10 - Principal,2023-06-24 07:00 AM,2023,06,24,07,28.0,26,Good,33.0,UG/M3,1 Hr,Valid
Guatemala City,PM10 - Principal,2023-06-24 08:00 AM,2023,06,24,08,34.0,31,Good,40.0,UG/M3,1 Hr,Valid
Guatemala City,PM10 - Principal,2023-06-24 09:00 AM,2023,06,24,09,32.0,30,Good,30.0,UG/M3,1 Hr,Valid
Guatemala City,PM10 - Principal,2023-06-24 10:00 AM,2023,06,24,10,23.0,21,Good,14.0,UG/M3,1 Hr,Valid
Guatemala City,PM10 - Principal,2023-06-24 11:00 AM,2023,06,24,11,25.0,23,Good,27.0,UG/M3,1 Hr,Valid
Guatemala City,PM10 - Principal,2023-06-24 12:00 PM,2023,06,24,12,26.0,24,Good,27.0,UG/M3,1 Hr,Valid
Guatemala City,PM10 - Principal,2023-06-24 01:00 PM,2023,06,24,13,29.0,27,Good,33.0,UG/M3,1 Hr,Valid
Guatemala City,PM10 - Principal,2023-06-24 02:00 PM,2023,06,24,14,27.0,25,Good,25.0,UG/M3,1 Hr,Valid
Guatemala City,PM10 - Principal,2023-06-24 03:00 PM,2023,06,24,15,25.0,23,Good,24.0,UG/M3,1 Hr,Valid
Guatemala City,PM10 - Principal,2023-06-24 04:00 PM,2023,06,24,16,24.0,22,Good,24.0,UG/M3,1 Hr,Valid
Guatemala City,PM10 - Principal,2023-06-24 05:00 PM,2023,06,24,17,30.0,28,Good,36.0,UG/M3,1 Hr,Valid
Guatemala City,PM10 - Principal,2023-06-24 06:00 PM,2023,06,24,18,32.0,30,Good,35.0,UG/M3,1 Hr,Valid
Guatemala City,PM10 - Principal,2023-06-24 07:00 PM,2023,06,24,19,27.0,25,Good,22.0,UG/M3,1 Hr,Valid
Guatemala City,PM10 - Principal,2023-06-24 08:00 PM,2023,06,24,20,27.0,25,Good,28.0,UG/M3,1 Hr,Valid
Guatemala City,PM10 - Principal,2023-06-24 09:00 PM,2023,06,24,21,29.0,27,Good,32.0,UG/M3,1 Hr,Valid
Guatemala City,PM10 - Principal,2023-06-24 10:00 PM,2023,06,24,22,26.0,24,Good,23.0,UG/M3,1 Hr,Valid
Guatemala City,PM10 - Principal,2023-06-24 11:00 PM,2023,06,24,23,26.0,24,Good,25.0,UG/M3,1 Hr,Valid
Guatemala City,PM10 - Principal,2023-06-25 12:00 AM,2023,06,25,00,24.0,22,Good,23.0,UG/M3,1 Hr,Valid
Guatemala City,PM10 - Principal,2023-06-25 01:00 AM,2023,06,25,01,24.0,22,Good,23.0,UG/M3,1 Hr,Valid
Guatemala City,PM10 - Principal,2023-06-25 02:00 AM,2023,06,25,02,19.0,18,Good,15.0,UG/M3,1 Hr,Valid
Guatemala City,PM10 - Principal,2023-06-25 03:00 AM,2023,06,25,03,17.0,16,Good,16.0,UG/M3,1 Hr,Valid
Guatemala City,PM10 - Principal,2023-06-25 04:00 AM,2023,06,25,04,17.0,16,Good,17.0,UG/M3,1 Hr,Valid
Guatemala City,PM10 - Principal,2023-06-25 05:00 AM,2023,06,25,05,15.0,14,Good,14.0,UG/M3,1 Hr,Valid
Guatemala City,PM10 - Principal,2023-06-25 06:00 AM,2023,06,25,06,15.0,14,Good,16.0,UG/M3,1 Hr,Valid
Guatemala City,PM10 - Principal,2023-06-25 07:00 AM,2023,06,25,07,13.0,12,Good,11.0,UG/M3,1 Hr,Valid
Guatemala City,PM10 - Principal,2023-06-25 08:00 AM,2023,06,25,08,12.0,11,Good,12.0,UG/M3,1 Hr,Valid
Guatemala City,PM10 - Principal,2023-06-25 09:00 AM,2023,06,25,09,14.0,13,Good,16.0,UG/M3,1 Hr,Valid
Guatemala City,PM10 - Principal,2023-06-25 10:00 AM,2023,06,25,10,15.0,14,Good,17.0,UG/M3,1 Hr,Valid
Guatemala City,PM10 - Principal,2023-06-25 11:00 AM,2023,06,25,11,22.0,20,Good,29.0,UG/M3,1 Hr,Valid
Guatemala City,PM10 - Principal,2023-06-25 12:00 PM,2023,06,25,12,24.0,22,Good,27.0,UG/M3,1 Hr,Valid
Guatemala City,PM10 - Principal,2023-06-25 01:00 PM,2023,06,25,13,24.0,22,Good,25.0,UG/M3,1 Hr,Valid
Guatemala City,PM10 - Principal,2023-06-25 02:00 PM,2023,06,25,14,26.0,24,Good,29.0,UG/M3,1 Hr,Valid
Guatemala City,PM10 - Principal,2023-06-25 03:00 PM,2023,06,25,15,28.0,26,Good,30.0,UG/M3,1 Hr,Valid
Guatemala City,PM10 - Principal,2023-06-25 04:00 PM,2023,06,25,16,28.0,26,Good,28.0,UG/M3,1 Hr,Valid
Guatemala City,PM10 - Principal,2023-06-25 05:00 PM,2023,06,25,17,31.0,29,Good,35.0,UG/M3,1 Hr,Valid
Guatemala City,PM10 - Principal,2023-06-25 06:00 PM,2023,06,25,18,36.0,33,Good,41.0,UG/M3,1 Hr,Valid
Guatemala City,PM10 - Principal,2023-06-25 07:00 PM,2023,06,25,19,40.0,37,Good,44.0,UG/M3,1 Hr,Valid
Guatemala City,PM10 - Principal,2023-06-25 08:00 PM,2023,06,25,20,42.0,39,Good,44.0,UG/M3,1 Hr,Valid
Guatemala City,PM10 - Principal,2023-06-25 09:00 PM,2023,06,25,21,42.0,39,Good,42.0,UG/M3,1 Hr,Valid
Guatemala City,PM10 - Principal,2023-06-25 10:00 PM,2023,06,25,22,40.0,37,Good,40.0,UG/M3,1 Hr,Valid
Guatemala City,PM10 - Principal,2023-06-25 11:00 PM,2023,06,25,23,42.0,39,Good,44.0,UG/M3,1 Hr,Valid
Guatemala City,PM10 - Principal,2023-06-26 12:00 AM,2023,06,26,00,43.0,40,Good,44.0,UG/M3,1 Hr,Valid
Guatemala City,PM10 - Principal,2023-06-26 01:00 AM,2023,06,26,01,43.0,40,Good,44.0,UG/M3,1 Hr,Valid
Guatemala City,PM10 - Principal,2023-06-26 02:00 AM,2023,06,26,02,43.0,40,Good,45.0,UG/M3,1 Hr,Valid
Guatemala City,PM10 - Principal,2023-06-26 03:00 AM,2023,06,26,03,45.0,42,Good,48.0,UG/M3,1 Hr,Valid
Guatemala City,PM10 - Principal,2023-06-26 04:00 AM,2023,06,26,04,48.0,44,Good,54.0,UG/M3,1 Hr,Valid
Guatemala City,PM10 - Principal,2023-06-26 05:00 AM,2023,06,26,05,48.0,44,Good,53.0,UG/M3,1 Hr,Valid
Guatemala City,PM10 - Principal,2023-06-26 06:00 AM,2023,06,26,06,54.0,50,Good,63.0,UG/M3,1 Hr,Valid
Guatemala City,PM10 - Principal,2023-06-26 07:00 AM,2023,06,26,07,57.0,52,Moderate,63.0,UG/M3,1 Hr,Valid
Guatemala City,PM10 - Principal,2023-06-26 08:00 AM,2023,06,26,08,57.0,52,Moderate,58.0,UG/M3,1 Hr,Valid
Guatemala City,PM10 - Principal,2023-06-26 09:00 AM,2023,06,26,09,57.0,52,Moderate,58.0,UG/M3,1 Hr,Valid
Guatemala City,PM10 - Principal,2023-06-26 10:00 AM,2023,06,26,10,54.0,50,Good,49.0,UG/M3,1 Hr,Valid
Guatemala City,PM10 - Principal,2023-06-26 11:00 AM,2023,06,26,11,53.0,49,Good,49.0,UG/M3,1 Hr,Valid
Guatemala City,PM10 - Principal,2023-06-26 12:00 PM,2023,06,26,12,53.0,49,Good,-999.0,UG/M3,1 Hr,Missing
Guatemala City,PM10 - Principal,2023-06-28 04:00 PM,2023,06,28,16,-999.0,-999,N/A,32.0,UG/M3,1 Hr,Valid
Guatemala City,PM10 - Principal,2023-06-28 05:00 PM,2023,06,28,17,31.0,29,Good,31.0,UG/M3,1 Hr,Valid
Guatemala City,PM10 - Principal,2023-06-28 06:00 PM,2023,06,28,18,56.0,51,Moderate,75.0,UG/M3,1 Hr,Valid
Guatemala City,PM10 - Principal,2023-06-28 07:00 PM,2023,06,28,19,43.0,40,Good,33.0,UG/M3,1 Hr,Valid
Guatemala City,PM10 - Principal,2023-06-28 08:00 PM,2023,06,28,20,38.0,35,Good,34.0,UG/M3,1 Hr,Valid
Guatemala City,PM10 - Principal,2023-06-28 09:00 PM,2023,06,28,21,41.0,38,Good,45.0,UG/M3,1 Hr,Valid
Guatemala City,PM10 - Principal,2023-06-28 10:00 PM,2023,06,28,22,35.0,32,Good,29.0,UG/M3,1 Hr,Valid
Guatemala City,PM10 - Principal,2023-06-28 11:00 PM,2023,06,28,23,33.0,31,Good,31.0,UG/M3,1 Hr,Valid
Guatemala City,PM10 - Principal,2023-06-29 12:00 AM,2023,06,29,00,30.0,28,Good,27.0,UG/M3,1 Hr,Valid
Guatemala City,PM10 - Principal,2023-06-29 01:00 AM,2023,06,29,01,28.0,26,Good,27.0,UG/M3,1 Hr,Valid
Guatemala City,PM10 - Principal,2023-06-29 02:00 AM,2023,06,29,02,29.0,27,Good,31.0,UG/M3,1 Hr,Valid
Guatemala City,PM10 - Principal,2023-06-29 03:00 AM,2023,06,29,03,31.0,29,Good,33.0,UG/M3,1 Hr,Valid
Guatemala City,PM10 - Principal,2023-06-29 04:00 AM,2023,06,29,04,26.0,24,Good,22.0,UG/M3,1 Hr,Valid
Guatemala City,PM10 - Principal,2023-06-29 05:00 AM,2023,06,29,05,26.0,24,Good,27.0,UG/M3,1 Hr,Valid
Guatemala City,PM10 - Principal,2023-06-29 06:00 AM,2023,06,29,06,27.0,25,Good,29.0,UG/M3,1 Hr,Valid
Guatemala City,PM10 - Principal,2023-06-29 07:00 AM,2023,06,29,07,28.0,26,Good,29.0,UG/M3,1 Hr,Valid
Guatemala City,PM10 - Principal,2023-06-29 08:00 AM,2023,06,29,08,30.0,28,Good,32.0,UG/M3,1 Hr,Valid
Guatemala City,PM10 - Principal,2023-06-29 09:00 AM,2023,06,29,09,40.0,37,Good,50.0,UG/M3,1 Hr,Valid
Guatemala City,PM10 - Principal,2023-06-29 10:00 AM,2023,06,29,10,41.0,38,Good,43.0,UG/M3,1 Hr,Valid
Guatemala City,PM10 - Principal,2023-06-29 11:00 AM,2023,06,29,11,39.0,36,Good,38.0,UG/M3,1 Hr,Valid
Guatemala City,PM10 - Principal,2023-06-29 12:00 PM,2023,06,29,12,33.0,31,Good,27.0,UG/M3,1 Hr,Valid
Guatemala City,PM10 - Principal,2023-06-29 01:00 PM,2023,06,29,13,37.0,34,Good,42.0,UG/M3,1 Hr,Valid
Guatemala City,PM10 - Principal,2023-06-29 02:00 PM,2023,06,29,14,33.0,31,Good,29.0,UG/M3,1 Hr,Valid
Guatemala City,PM10 - Principal,2023-06-29 03:00 PM,2023,06,29,15,31.0,29,Good,29.0,UG/M3,1 Hr,Valid
Guatemala City,PM10 - Principal,2023-06-29 04:00 PM,2023,06,29,16,27.0,25,Good,23.0,UG/M3,1 Hr,Valid
Guatemala City,PM10 - Principal,2023-06-29 05:00 PM,2023,06,29,17,25.0,23,Good,24.0,UG/M3,1 Hr,Valid
Guatemala City,PM10 - Principal,2023-06-29 06:00 PM,2023,06,29,18,25.0,23,Good,25.0,UG/M3,1 Hr,Valid
Guatemala City,PM10 - Principal,2023-06-29 07:00 PM,2023,06,29,19,27.0,25,Good,29.0,UG/M3,1 Hr,Valid
Guatemala City,PM10 - Principal,2023-06-29 08:00 PM,2023,06,29,20,28.0,26,Good,29.0,UG/M3,1 Hr,Valid
Guatemala City,PM10 - Principal,2023-06-29 09:00 PM,2023,06,29,21,30.0,28,Good,33.0,UG/M3,1 Hr,Valid
Guatemala City,PM10 - Principal,2023-06-29 10:00 PM,2023,06,29,22,30.0,28,Good,31.0,UG/M3,1 Hr,Valid
Guatemala City,PM10 - Principal,2023-06-29 11:00 PM,2023,06,29,23,28.0,26,Good,26.0,UG/M3,1 Hr,Valid
Guatemala City,PM10 - Principal,2023-06-30 12:00 AM,2023,06,30,00,27.0,25,Good,26.0,UG/M3,1 Hr,Valid
Guatemala City,PM10 - Principal,2023-06-30 01:00 AM,2023,06,30,01,24.0,22,Good,20.0,UG/M3,1 Hr,Valid
Guatemala City,PM10 - Principal,2023-06-30 02:00 AM,2023,06,30,02,22.0,20,Good,19.0,UG/M3,1 Hr,Valid
Guatemala City,PM10 - Principal,2023-06-30 03:00 AM,2023,06,30,03,21.0,19,Good,21.0,UG/M3,1 Hr,Valid
Guatemala City,PM10 - Principal,2023-06-30 04:00 AM,2023,06,30,04,24.0,22,Good,29.0,UG/M3,1 Hr,Valid
Guatemala City,PM10 - Principal,2023-06-30 05:00 AM,2023,06,30,05,25.0,23,Good,27.0,UG/M3,1 Hr,Valid
Guatemala City,PM10 - Principal,2023-06-30 06:00 AM,2023,06,30,06,24.0,22,Good,22.0,UG/M3,1 Hr,Valid
Guatemala City,PM10 - Principal,2023-06-30 07:00 AM,2023,06,30,07,26.0,24,Good,29.0,UG/M3,1 Hr,Valid
Guatemala City,PM10 - Principal,2023-06-30 08:00 AM,2023,06,30,08,26.0,24,Good,26.0,UG/M3,1 Hr,Valid
Guatemala City,PM10 - Principal,2023-06-30 09:00 AM,2023,06,30,09,24.0,22,Good,23.0,UG/M3,1 Hr,Valid
Guatemala City,PM10 - Principal,2023-06-30 10:00 AM,2023,06,30,10,26.0,24,Good,29.0,UG/M3,1 Hr,Valid
Guatemala City,PM10 - Principal,2023-06-30 11:00 AM,2023,06,30,11,25.0,23,Good,25.0,UG/M3,1 Hr,Valid
Guatemala City,PM10 - Principal,2023-06-30 12:00 PM,2023,06,30,12,23.0,21,Good,20.0,UG/M3,1 Hr,Valid
Guatemala City,PM10 - Principal,2023-06-30 01:00 PM,2023,06,30,13,20.0,19,Good,17.0,UG/M3,1 Hr,Valid
Guatemala City,PM10 - Principal,2023-06-30 02:00 PM,2023,06,30,14,21.0,19,Good,23.0,UG/M3,1 Hr,Valid
Guatemala City,PM10 - Principal,2023-06-30 03:00 PM,2023,06,30,15,23.0,21,Good,27.0,UG/M3,1 Hr,Valid
Guatemala City,PM10 - Principal,2023-06-30 04:00 PM,2023,06,30,16,24.0,22,Good,25.0,UG/M3,1 Hr,Valid
Guatemala City,PM10 - Principal,2023-06-30 05:00 PM,2023,06,30,17,24.0,22,Good,24.0,UG/M3,1 Hr,Valid
Guatemala City,PM10 - Principal,2023-06-30 06:00 PM,2023,06,30,18,24.0,22,Good,24.0,UG/M3,1 Hr,Valid
Guatemala City,PM10 - Principal,2023-06-30 07:00 PM,2023,06,30,19,25.0,23,Good,27.0,UG/M3,1 Hr,Valid
Guatemala City,PM10 - Principal,2023-06-30 08:00 PM,2023,06,30,20,27.0,25,Good,31.0,UG/M3,1 Hr,Valid
Guatemala City,PM10 - Principal,2023-06-30 09:00 PM,2023,06,30,21,25.0,23,Good,22.0,UG/M3,1 Hr,Valid
Guatemala City,PM10 - Principal,2023-06-30 10:00 PM,2023,06,30,22,26.0,24,Good,27.0,UG/M3,1 Hr,Valid
Guatemala City,PM10 - Principal,2023-06-30 11:00 PM,2023,06,30,23,24.0,22,Good,23.0,UG/M3,1 Hr,Valid
Guatemala City,PM10 - Principal,2023-07-01 12:00 AM,2023,07,01,00,21.0,19,Good,18.0,UG/M3,1 Hr,Valid
Guatemala City,PM10 - Principal,2023-07-01 01:00 AM,2023,07,01,01,19.0,18,Good,17.0,UG/M3,1 Hr,Valid
Guatemala City,PM10 - Principal,2023-07-01 02:00 AM,2023,07,01,02,16.0,15,Good,13.0,UG/M3,1 Hr,Valid
Guatemala City,PM10 - Principal,2023-07-01 03:00 AM,2023,07,01,03,18.0,17,Good,21.0,UG/M3,1 Hr,Valid
Guatemala City,PM10 - Principal,2023-07-01 04:00 AM,2023,07,01,04,15.0,14,Good,12.0,UG/M3,1 Hr,Valid
Guatemala City,PM10 - Principal,2023-07-01 05:00 AM,2023,07,01,05,19.0,18,Good,24.0,UG/M3,1 Hr,Valid
Guatemala City,PM10 - Principal,2023-07-01 06:00 AM,2023,07,01,06,19.0,18,Good,19.0,UG/M3,1 Hr,Valid
Guatemala City,PM10 - Principal,2023-07-01 07:00 AM,2023,07,01,07,23.0,21,Good,27.0,UG/M3,1 Hr,Valid
Guatemala City,PM10 - Principal,2023-07-01 08:00 AM,2023,07,01,08,27.0,25,Good,31.0,UG/M3,1 Hr,Valid
Guatemala City,PM10 - Principal,2023-07-01 09:00 AM,2023,07,01,09,28.0,26,Good,29.0,UG/M3,1 Hr,Valid
Guatemala City,PM10 - Principal,2023-07-01 10:00 AM,2023,07,01,10,26.0,24,Good,25.0,UG/M3,1 Hr,Valid
Guatemala City,PM10 - Principal,2023-07-01 11:00 AM,2023,07,01,11,24.0,22,Good,22.0,UG/M3,1 Hr,Valid
Guatemala City,PM10 - Principal,2023-07-01 12:00 PM,2023,07,01,12,21.0,19,Good,18.0,UG/M3,1 Hr,Valid
Guatemala City,PM10 - Principal,2023-07-01 01:00 PM,2023,07,01,13,15.0,14,Good,9.0,UG/M3,1 Hr,Valid
Guatemala City,PM10 - Principal,2023-07-01 02:00 PM,2023,07,01,14,17.0,16,Good,19.0,UG/M3,1 Hr,Valid
Guatemala City,PM10 - Principal,2023-07-01 03:00 PM,2023,07,01,15,18.0,17,Good,19.0,UG/M3,1 Hr,Valid
Guatemala City,PM10 - Principal,2023-07-01 04:00 PM,2023,07,01,16,16.0,15,Good,14.0,UG/M3,1 Hr,Valid
Guatemala City,PM10 - Principal,2023-07-01 05:00 PM,2023,07,01,17,18.0,17,Good,21.0,UG/M3,1 Hr,Valid
Guatemala City,PM10 - Principal,2023-07-01 06:00 PM,2023,07,01,18,17.0,16,Good,17.0,UG/M3,1 Hr,Valid
Guatemala City,PM10 - Principal,2023-07-01 07:00 PM,2023,07,01,19,18.0,17,Good,20.0,UG/M3,1 Hr,Valid
Guatemala City,PM10 - Principal,2023-07-01 08:00 PM,2023,07,01,20,22.0,20,Good,26.0,UG/M3,1 Hr,Valid
Guatemala City,PM10 - Principal,2023-07-01 09:00 PM,2023,07,01,21,23.0,21,Good,25.0,UG/M3,1 Hr,Valid
Guatemala City,PM10 - Principal,2023-07-01 10:00 PM,2023,07,01,22,25.0,23,Good,27.0,UG/M3,1 Hr,Valid
Guatemala City,PM10 - Principal,2023-07-01 11:00 PM,2023,07,01,23,24.0,22,Good,24.0,UG/M3,1 Hr,Valid
Guatemala City,PM10 - Principal,2023-07-02 12:00 AM,2023,07,02,00,22.0,20,Good,20.0,UG/M3,1 Hr,Valid
Guatemala City,PM10 - Principal,2023-07-02 01:00 AM,2023,07,02,01,23.0,21,Good,24.0,UG/M3,1 Hr,Valid
Guatemala City,PM10 - Principal,2023-07-02 02:00 AM,2023,07,02,02,20.0,19,Good,17.0,UG/M3,1 Hr,Valid
Guatemala City,PM10 - Principal,2023-07-02 03:00 AM,2023,07,02,03,21.0,19,Good,23.0,UG/M3,1 Hr,Valid
Guatemala City,PM10 - Principal,2023-07-02 04:00 AM,2023,07,02,04,19.0,18,Good,17.0,UG/M3,1 Hr,Valid
Guatemala City,PM10 - Principal,2023-07-02 05:00 AM,2023,07,02,05,19.0,18,Good,18.0,UG/M3,1 Hr,Valid
Guatemala City,PM10 - Principal,2023-07-02 06:00 AM,2023,07,02,06,15.0,14,Good,12.0,UG/M3,1 Hr,Valid
Guatemala City,PM10 - Principal,2023-07-02 07:00 AM,2023,07,02,07,15.0,14,Good,16.0,UG/M3,1 Hr,Valid
Guatemala City,PM10 - Principal,2023-07-02 08:00 AM,2023,07,02,08,15.0,14,Good,16.0,UG/M3,1 Hr,Valid
Guatemala City,PM10 - Principal,2023-07-02 09:00 AM,2023,07,02,09,14.0,13,Good,14.0,UG/M3,1 Hr,Valid
Guatemala City,PM10 - Principal,2023-07-02 10:00 AM,2023,07,02,10,14.0,13,Good,15.0,UG/M3,1 Hr,Valid
Guatemala City,PM10 - Principal,2023-07-02 11:00 AM,2023,07,02,11,13.0,12,Good,12.0,UG/M3,1 Hr,Valid
Guatemala City,PM10 - Principal,2023-07-02 12:00 PM,2023,07,02,12,14.0,13,Good,15.0,UG/M3,1 Hr,Valid
Guatemala City,PM10 - Principal,2023-07-02 01:00 PM,2023,07,02,13,16.0,15,Good,19.0,UG/M3,1 Hr,Valid
Guatemala City,PM10 - Principal,2023-07-02 02:00 PM,2023,07,02,14,17.0,16,Good,19.0,UG/M3,1 Hr,Valid
Guatemala City,PM10 - Principal,2023-07-02 03:00 PM,2023,07,02,15,17.0,16,Good,17.0,UG/M3,1 Hr,Valid
Guatemala City,PM10 - Principal,2023-07-02 04:00 PM,2023,07,02,16,16.0,15,Good,16.0,UG/M3,1 Hr,Valid
Guatemala City,PM10 - Principal,2023-07-02 05:00 PM,2023,07,02,17,17.0,16,Good,18.0,UG/M3,1 Hr,Valid
Guatemala City,PM10 - Principal,2023-07-02 06:00 PM,2023,07,02,18,16.0,15,Good,16.0,UG/M3,1 Hr,Valid
Guatemala City,PM10 - Principal,2023-07-02 07:00 PM,2023,07,02,19,19.0,18,Good,23.0,UG/M3,1 Hr,Valid
Guatemala City,PM10 - Principal,2023-07-02 08:00 PM,2023,07,02,20,21.0,19,Good,23.0,UG/M3,1 Hr,Valid
Guatemala City,PM10 - Principal,2023-07-02 09:00 PM,2023,07,02,21,22.0,20,Good,24.0,UG/M3,1 Hr,Valid
Guatemala City,PM10 - Principal,2023-07-02 10:00 PM,2023,07,02,22,24.0,22,Good,27.0,UG/M3,1 Hr,Valid
Guatemala City,PM10 - Principal,2023-07-02 11:00 PM,2023,07,02,23,26.0,24,Good,29.0,UG/M3,1 Hr,Valid
Guatemala City,PM10 - Principal,2023-07-03 12:00 AM,2023,07,03,00,26.0,24,Good,27.0,UG/M3,1 Hr,Valid
Guatemala City,PM10 - Principal,2023-07-03 01:00 AM,2023,07,03,01,29.0,27,Good,32.0,UG/M3,1 Hr,Valid
Guatemala City,PM10 - Principal,2023-07-03 02:00 AM,2023,07,03,02,26.0,24,Good,23.0,UG/M3,1 Hr,Valid
Guatemala City,PM10 - Principal,2023-07-03 03:00 AM,2023,07,03,03,25.0,23,Good,24.0,UG/M3,1 Hr,Valid
Guatemala City,PM10 - Principal,2023-07-03 04:00 AM,2023,07,03,04,24.0,22,Good,24.0,UG/M3,1 Hr,Valid
Guatemala City,PM10 - Principal,2023-07-03 05:00 AM,2023,07,03,05,25.0,23,Good,26.0,UG/M3,1 Hr,Valid
Guatemala City,PM10 - Principal,2023-07-03 06:00 AM,2023,07,03,06,26.0,24,Good,28.0,UG/M3,1 Hr,Valid
Guatemala City,PM10 - Principal,2023-07-03 07:00 AM,2023,07,03,07,25.0,23,Good,23.0,UG/M3,1 Hr,Valid
Guatemala City,PM10 - Principal,2023-07-03 08:00 AM,2023,07,03,08,22.0,20,Good,19.0,UG/M3,1 Hr,Valid
Guatemala City,PM10 - Principal,2023-07-03 09:00 AM,2023,07,03,09,22.0,20,Good,23.0,UG/M3,1 Hr,Valid
Guatemala City,PM10 - Principal,2023-07-03 10:00 AM,2023,07,03,10,23.0,21,Good,25.0,UG/M3,1 Hr,Valid
Guatemala City,PM10 - Principal,2023-07-03 11:00 AM,2023,07,03,11,19.0,18,Good,15.0,UG/M3,1 Hr,Valid
Guatemala City,PM10 - Principal,2023-07-03 12:00 PM,2023,07,03,12,19.0,18,Good,20.0,UG/M3,1 Hr,Valid
Guatemala City,PM10 - Principal,2023-07-03 01:00 PM,2023,07,03,13,16.0,15,Good,14.0,UG/M3,1 Hr,Valid
Guatemala City,PM10 - Principal,2023-07-03 02:00 PM,2023,07,03,14,17.0,16,Good,18.0,UG/M3,1 Hr,Valid
Guatemala City,PM10 - Principal,2023-07-03 03:00 PM,2023,07,03,15,19.0,18,Good,21.0,UG/M3,1 Hr,Valid
Guatemala City,PM10 - Principal,2023-07-03 04:00 PM,2023,07,03,16,19.0,18,Good,20.0,UG/M3,1 Hr,Valid
Guatemala City,PM10 - Principal,2023-07-03 05:00 PM,2023,07,03,17,19.0,18,Good,20.0,UG/M3,1 Hr,Valid
Guatemala City,PM10 - Principal,2023-07-03 06:00 PM,2023,07,03,18,19.0,18,Good,19.0,UG/M3,1 Hr,Valid
Guatemala City,PM10 - Principal,2023-07-03 07:00 PM,2023,07,03,19,19.0,18,Good,19.0,UG/M3,1 Hr,Valid
Guatemala City,PM10 - Principal,2023-07-03 08:00 PM,2023,07,03,20,20.0,19,Good,21.0,UG/M3,1 Hr,Valid
Guatemala City,PM10 - Principal,2023-07-03 09:00 PM,2023,07,03,21,19.0,18,Good,19.0,UG/M3,1 Hr,Valid
Guatemala City,PM10 - Principal,2023-07-03 10:00 PM,2023,07,03,22,18.0,17,Good,15.0,UG/M3,1 Hr,Valid
Guatemala City,PM10 - Principal,2023-07-03 11:00 PM,2023,07,03,23,13.0,12,Good,9.0,UG/M3,1 Hr,Valid
Guatemala City,PM10 - Principal,2023-07-04 12:00 AM,2023,07,04,00,11.0,10,Good,10.0,UG/M3,1 Hr,Valid
Guatemala City,PM10 - Principal,2023-07-04 01:00 AM,2023,07,04,01,11.0,10,Good,12.0,UG/M3,1 Hr,Valid
Guatemala City,PM10 - Principal,2023-07-04 02:00 AM,2023,07,04,02,11.0,10,Good,11.0,UG/M3,1 Hr,Valid
Guatemala City,PM10 - Principal,2023-07-04 03:00 AM,2023,07,04,03,11.0,10,Good,11.0,UG/M3,1 Hr,Valid
Guatemala City,PM10 - Principal,2023-07-04 04:00 AM,2023,07,04,04,9.0,8,Good,8.0,UG/M3,1 Hr,Valid
Guatemala City,PM10 - Principal,2023-07-04 05:00 AM,2023,07,04,05,12.0,11,Good,15.0,UG/M3,1 Hr,Valid
Guatemala City,PM10 - Principal,2023-07-04 06:00 AM,2023,07,04,06,19.0,18,Good,27.0,UG/M3,1 Hr,Valid
Guatemala City,PM10 - Principal,2023-07-04 07:00 AM,2023,07,04,07,18.0,17,Good,17.0,UG/M3,1 Hr,Valid
Guatemala City,PM10 - Principal,2023-07-04 08:00 AM,2023,07,04,08,29.0,27,Good,40.0,UG/M3,1 Hr,Valid
Guatemala City,PM10 - Principal,2023-07-04 09:00 AM,2023,07,04,09,28.0,26,Good,28.0,UG/M3,1 Hr,Valid
Guatemala City,PM10 - Principal,2023-07-04 10:00 AM,2023,07,04,10,32.0,30,Good,37.0,UG/M3,1 Hr,Valid
Guatemala City,PM10 - Principal,2023-07-04 11:00 AM,2023,07,04,11,33.0,31,Good,35.0,UG/M3,1 Hr,Valid
Guatemala City,PM10 - Principal,2023-07-04 12:00 PM,2023,07,04,12,30.0,28,Good,28.0,UG/M3,1 Hr,Valid
Guatemala City,PM10 - Principal,2023-07-04 01:00 PM,2023,07,04,13,25.0,23,Good,21.0,UG/M3,1 Hr,Valid
Guatemala City,PM10 - Principal,2023-07-04 02:00 PM,2023,07,04,14,18.0,17,Good,11.0,UG/M3,1 Hr,Valid
Guatemala City,PM10 - Principal,2023-07-04 03:00 PM,2023,07,04,15,18.0,17,Good,19.0,UG/M3,1 Hr,Valid
Guatemala City,PM10 - Principal,2023-07-04 04:00 PM,2023,07,04,16,23.0,21,Good,29.0,UG/M3,1 Hr,Valid
Guatemala City,PM10 - Principal,2023-07-04 05:00 PM,2023,07,04,17,21.0,19,Good,20.0,UG/M3,1 Hr,Valid
Guatemala City,PM10 - Principal,2023-07-04 06:00 PM,2023,07,04,18,21.0,19,Good,22.0,UG/M3,1 Hr,Valid
Guatemala City,PM10 - Principal,2023-07-04 07:00 PM,2023,07,04,19,19.0,18,Good,18.0,UG/M3,1 Hr,Valid
Guatemala City,PM10 - Principal,2023-07-04 08:00 PM,2023,07,04,20,18.0,17,Good,17.0,UG/M3,1 Hr,Valid
Guatemala City,PM10 - Principal,2023-07-04 09:00 PM,2023,07,04,21,22.0,20,Good,27.0,UG/M3,1 Hr,Valid
Guatemala City,PM10 - Principal,2023-07-04 10:00 PM,2023,07,04,22,21.0,19,Good,21.0,UG/M3,1 Hr,Valid
Guatemala City,PM10 - Principal,2023-07-04 11:00 PM,2023,07,04,23,18.0,17,Good,16.0,UG/M3,1 Hr,Valid
Guatemala City,PM10 - Principal,2023-07-05 12:00 AM,2023,07,05,00,15.0,14,Good,12.0,UG/M3,1 Hr,Valid
Guatemala City,PM10 - Principal,2023-07-05 01:00 AM,2023,07,05,01,12.0,11,Good,9.0,UG/M3,1 Hr,Valid
Guatemala City,PM10 - Principal,2023-07-05 02:00 AM,2023,07,05,02,10.0,9,Good,9.0,UG/M3,1 Hr,Valid
Guatemala City,PM10 - Principal,2023-07-05 03:00 AM,2023,07,05,03,9.0,8,Good,8.0,UG/M3,1 Hr,Valid
Guatemala City,PM10 - Principal,2023-07-05 04:00 AM,2023,07,05,04,12.0,11,Good,16.0,UG/M3,1 Hr,Valid
Guatemala City,PM10 - Principal,2023-07-05 05:00 AM,2023,07,05,05,19.0,18,Good,26.0,UG/M3,1 Hr,Valid
Guatemala City,PM10 - Principal,2023-07-05 06:00 AM,2023,07,05,06,16.0,15,Good,13.0,UG/M3,1 Hr,Valid
Guatemala City,PM10 - Principal,2023-07-05 07:00 AM,2023,07,05,07,18.0,17,Good,21.0,UG/M3,1 Hr,Valid
Guatemala City,PM10 - Principal,2023-07-05 08:00 AM,2023,07,05,08,24.0,22,Good,31.0,UG/M3,1 Hr,Valid
Guatemala City,PM10 - Principal,2023-07-05 09:00 AM,2023,07,05,09,22.0,20,Good,20.0,UG/M3,1 Hr,Valid
Guatemala City,PM10 - Principal,2023-07-05 10:00 AM,2023,07,05,10,23.0,21,Good,25.0,UG/M3,1 Hr,Valid
Guatemala City,PM10 - Principal,2023-07-05 11:00 AM,2023,07,05,11,22.0,20,Good,22.0,UG/M3,1 Hr,Valid
Guatemala City,PM10 - Principal,2023-07-05 12:00 PM,2023,07,05,12,23.0,21,Good,25.0,UG/M3,1 Hr,Valid
Guatemala City,PM10 - Principal,2023-07-05 01:00 PM,2023,07,05,13,23.0,21,Good,24.0,UG/M3,1 Hr,Valid
Guatemala City,PM10 - Principal,2023-07-05 02:00 PM,2023,07,05,14,21.0,19,Good,19.0,UG/M3,1 Hr,Valid
Guatemala City,PM10 - Principal,2023-07-05 03:00 PM,2023,07,05,15,17.0,16,Good,13.0,UG/M3,1 Hr,Valid
Guatemala City,PM10 - Principal,2023-07-05 04:00 PM,2023,07,05,16,26.0,24,Good,35.0,UG/M3,1 Hr,Valid
Guatemala City,PM10 - Principal,2023-07-05 05:00 PM,2023,07,05,17,28.0,26,Good,31.0,UG/M3,1 Hr,Valid
Guatemala City,PM10 - Principal,2023-07-05 06:00 PM,2023,07,05,18,31.0,29,Good,35.0,UG/M3,1 Hr,Valid
Guatemala City,PM10 - Principal,2023-07-05 07:00 PM,2023,07,05,19,31.0,29,Good,31.0,UG/M3,1 Hr,Valid
Guatemala City,PM10 - Principal,2023-07-05 08:00 PM,2023,07,05,20,26.0,24,Good,22.0,UG/M3,1 Hr,Valid
Guatemala City,PM10 - Principal,2023-07-05 09:00 PM,2023,07,05,21,28.0,26,Good,31.0,UG/M3,1 Hr,Valid
Guatemala City,PM10 - Principal,2023-07-05 10:00 PM,2023,07,05,22,29.0,27,Good,30.0,UG/M3,1 Hr,Valid
Guatemala City,PM10 - Principal,2023-07-05 11:00 PM,2023,07,05,23,28.0,26,Good,28.0,UG/M3,1 Hr,Valid
Guatemala City,PM10 - Principal,2023-07-06 12:00 AM,2023,07,06,00,28.0,26,Good,28.0,UG/M3,1 Hr,Valid
Guatemala City,PM10 - Principal,2023-07-06 01:00 AM,2023,07,06,01,27.0,25,Good,27.0,UG/M3,1 Hr,Valid
Guatemala City,PM10 - Principal,2023-07-06 02:00 AM,2023,07,06,02,23.0,21,Good,19.0,UG/M3,1 Hr,Valid
Guatemala City,PM10 - Principal,2023-07-06 03:00 AM,2023,07,06,03,27.0,25,Good,32.0,UG/M3,1 Hr,Valid
Guatemala City,PM10 - Principal,2023-07-06 04:00 AM,2023,07,06,04,29.0,27,Good,31.0,UG/M3,1 Hr,Valid
Guatemala City,PM10 - Principal,2023-07-06 05:00 AM,2023,07,06,05,29.0,27,Good,29.0,UG/M3,1 Hr,Valid
Guatemala City,PM10 - Principal,2023-07-06 06:00 AM,2023,07,06,06,30.0,28,Good,33.0,UG/M3,1 Hr,Valid
Guatemala City,PM10 - Principal,2023-07-06 07:00 AM,2023,07,06,07,32.0,30,Good,35.0,UG/M3,1 Hr,Valid
Guatemala City,PM10 - Principal,2023-07-06 08:00 AM,2023,07,06,08,37.0,34,Good,42.0,UG/M3,1 Hr,Valid
Guatemala City,PM10 - Principal,2023-07-06 09:00 AM,2023,07,06,09,33.0,31,Good,29.0,UG/M3,1 Hr,Valid
Guatemala City,PM10 - Principal,2023-07-06 10:00 AM,2023,07,06,10,33.0,31,Good,34.0,UG/M3,1 Hr,Valid
Guatemala City,PM10 - Principal,2023-07-06 11:00 AM,2023,07,06,11,32.0,30,Good,32.0,UG/M3,1 Hr,Valid
Guatemala City,PM10 - Principal,2023-07-06 12:00 PM,2023,07,06,12,33.0,31,Good,35.0,UG/M3,1 Hr,Valid
Guatemala City,PM10 - Principal,2023-07-06 01:00 PM,2023,07,06,13,33.0,31,Good,33.0,UG/M3,1 Hr,Valid
Guatemala City,PM10 - Principal,2023-07-06 02:00 PM,2023,07,06,14,32.0,30,Good,31.0,UG/M3,1 Hr,Valid
Guatemala City,PM10 - Principal,2023-07-06 03:00 PM,2023,07,06,15,31.0,29,Good,28.0,UG/M3,1 Hr,Valid
Guatemala City,PM10 - Principal,2023-07-06 04:00 PM,2023,07,06,16,30.0,28,Good,28.0,UG/M3,1 Hr,Valid
Guatemala City,PM10 - Principal,2023-07-06 05:00 PM,2023,07,06,17,25.0,23,Good,21.0,UG/M3,1 Hr,Valid
Guatemala City,PM10 - Principal,2023-07-06 06:00 PM,2023,07,06,18,25.0,23,Good,25.0,UG/M3,1 Hr,Valid
Guatemala City,PM10 - Principal,2023-07-06 07:00 PM,2023,07,06,19,33.0,31,Good,41.0,UG/M3,1 Hr,Valid
Guatemala City,PM10 - Principal,2023-07-06 08:00 PM,2023,07,06,20,33.0,31,Good,35.0,UG/M3,1 Hr,Valid
Guatemala City,PM10 - Principal,2023-07-06 09:00 PM,2023,07,06,21,35.0,32,Good,38.0,UG/M3,1 Hr,Valid
Guatemala City,PM10 - Principal,2023-07-06 10:00 PM,2023,07,06,22,36.0,33,Good,38.0,UG/M3,1 Hr,Valid
Guatemala City,PM10 - Principal,2023-07-06 11:00 PM,2023,07,06,23,36.0,33,Good,36.0,UG/M3,1 Hr,Valid
Guatemala City,PM10 - Principal,2023-07-07 12:00 AM,2023,07,07,00,35.0,32,Good,34.0,UG/M3,1 Hr,Valid
Guatemala City,PM10 - Principal,2023-07-07 01:00 AM,2023,07,07,01,32.0,30,Good,30.0,UG/M3,1 Hr,Valid
Guatemala City,PM10 - Principal,2023-07-07 02:00 AM,2023,07,07,02,29.0,27,Good,26.0,UG/M3,1 Hr,Valid
Guatemala City,PM10 - Principal,2023-07-07 03:00 AM,2023,07,07,03,27.0,25,Good,25.0,UG/M3,1 Hr,Valid
Guatemala City,PM10 - Principal,2023-07-07 04:00 AM,2023,07,07,04,25.0,23,Good,23.0,UG/M3,1 Hr,Valid
Guatemala City,PM10 - Principal,2023-07-07 05:00 AM,2023,07,07,05,25.0,23,Good,26.0,UG/M3,1 Hr,Valid
Guatemala City,PM10 - Principal,2023-07-07 06:00 AM,2023,07,07,06,28.0,26,Good,33.0,UG/M3,1 Hr,Valid
Guatemala City,PM10 - Principal,2023-07-07 07:00 AM,2023,07,07,07,32.0,30,Good,38.0,UG/M3,1 Hr,Valid
Guatemala City,PM10 - Principal,2023-07-07 08:00 AM,2023,07,07,08,25.0,23,Good,18.0,UG/M3,1 Hr,Valid
Guatemala City,PM10 - Principal,2023-07-07 09:00 AM,2023,07,07,09,23.0,21,Good,22.0,UG/M3,1 Hr,Valid
Guatemala City,PM10 - Principal,2023-07-07 10:00 AM,2023,07,07,10,22.0,20,Good,22.0,UG/M3,1 Hr,Valid
Guatemala City,PM10 - Principal,2023-07-07 11:00 AM,2023,07,07,11,25.0,23,Good,29.0,UG/M3,1 Hr,Valid
Guatemala City,PM10 - Principal,2023-07-07 12:00 PM,2023,07,07,12,23.0,21,Good,22.0,UG/M3,1 Hr,Valid
Guatemala City,PM10 - Principal,2023-07-07 01:00 PM,2023,07,07,13,24.0,22,Good,26.0,UG/M3,1 Hr,Valid
Guatemala City,PM10 - Principal,2023-07-07 02:00 PM,2023,07,07,14,24.0,22,Good,25.0,UG/M3,1 Hr,Valid
Guatemala City,PM10 - Principal,2023-07-07 03:00 PM,2023,07,07,15,21.0,19,Good,19.0,UG/M3,1 Hr,Valid
Guatemala City,PM10 - Principal,2023-07-07 04:00 PM,2023,07,07,16,30.0,28,Good,38.0,UG/M3,1 Hr,Valid
Guatemala City,PM10 - Principal,2023-07-07 05:00 PM,2023,07,07,17,32.0,30,Good,35.0,UG/M3,1 Hr,Valid
Guatemala City,PM10 - Principal,2023-07-07 06:00 PM,2023,07,07,18,31.0,29,Good,31.0,UG/M3,1 Hr,Valid
Guatemala City,PM10 - Principal,2023-07-07 07:00 PM,2023,07,07,19,29.0,27,Good,27.0,UG/M3,1 Hr,Valid
Guatemala City,PM10 - Principal,2023-07-07 08:00 PM,2023,07,07,20,30.0,28,Good,31.0,UG/M3,1 Hr,Valid
Guatemala City,PM10 - Principal,2023-07-07 09:00 PM,2023,07,07,21,27.0,25,Good,25.0,UG/M3,1 Hr,Valid
Guatemala City,PM10 - Principal,2023-07-07 10:00 PM,2023,07,07,22,27.0,25,Good,27.0,UG/M3,1 Hr,Valid
Guatemala City,PM10 - Principal,2023-07-07 11:00 PM,2023,07,07,23,25.0,23,Good,24.0,UG/M3,1 Hr,Valid
Guatemala City,PM10 - Principal,2023-07-08 12:00 AM,2023,07,08,00,22.0,20,Good,19.0,UG/M3,1 Hr,Valid
Guatemala City,PM10 - Principal,2023-07-08 01:00 AM,2023,07,08,01,20.0,19,Good,19.0,UG/M3,1 Hr,Valid
Guatemala City,PM10 - Principal,2023-07-08 02:00 AM,2023,07,08,02,16.0,15,Good,12.0,UG/M3,1 Hr,Valid
Guatemala City,PM10 - Principal,2023-07-08 03:00 AM,2023,07,08,03,15.0,14,Good,14.0,UG/M3,1 Hr,Valid
Guatemala City,PM10 - Principal,2023-07-08 04:00 AM,2023,07,08,04,12.0,11,Good,9.0,UG/M3,1 Hr,Valid
Guatemala City,PM10 - Principal,2023-07-08 05:00 AM,2023,07,08,05,12.0,11,Good,13.0,UG/M3,1 Hr,Valid
Guatemala City,PM10 - Principal,2023-07-08 06:00 AM,2023,07,08,06,14.0,13,Good,16.0,UG/M3,1 Hr,Valid
Guatemala City,PM10 - Principal,2023-07-08 07:00 AM,2023,07,08,07,18.0,17,Good,22.0,UG/M3,1 Hr,Valid
Guatemala City,PM10 - Principal,2023-07-08 08:00 AM,2023,07,08,08,21.0,19,Good,25.0,UG/M3,1 Hr,Valid
Guatemala City,PM10 - Principal,2023-07-08 09:00 AM,2023,07,08,09,29.0,27,Good,37.0,UG/M3,1 Hr,Valid
Guatemala City,PM10 - Principal,2023-07-08 10:00 AM,2023,07,08,10,27.0,25,Good,25.0,UG/M3,1 Hr,Valid
Guatemala City,PM10 - Principal,2023-07-08 11:00 AM,2023,07,08,11,26.0,24,Good,26.0,UG/M3,1 Hr,Valid
Guatemala City,PM10 - Principal,2023-07-08 12:00 PM,2023,07,08,12,25.0,23,Good,25.0,UG/M3,1 Hr,Valid
Guatemala City,PM10 - Principal,2023-07-08 01:00 PM,2023,07,08,13,27.0,25,Good,29.0,UG/M3,1 Hr,Valid
Guatemala City,PM10 - Principal,2023-07-08 02:00 PM,2023,07,08,14,29.0,27,Good,32.0,UG/M3,1 Hr,Valid
Guatemala City,PM10 - Principal,2023-07-08 03:00 PM,2023,07,08,15,21.0,19,Good,13.0,UG/M3,1 Hr,Valid
Guatemala City,PM10 - Principal,2023-07-08 04:00 PM,2023,07,08,16,18.0,17,Good,15.0,UG/M3,1 Hr,Valid
Guatemala City,PM10 - Principal,2023-07-08 05:00 PM,2023,07,08,17,18.0,17,Good,18.0,UG/M3,1 Hr,Valid
Guatemala City,PM10 - Principal,2023-07-08 06:00 PM,2023,07,08,18,19.0,18,Good,20.0,UG/M3,1 Hr,Valid
Guatemala City,PM10 - Principal,2023-07-08 07:00 PM,2023,07,08,19,24.0,22,Good,29.0,UG/M3,1 Hr,Valid
Guatemala City,PM10 - Principal,2023-07-08 08:00 PM,2023,07,08,20,25.0,23,Good,27.0,UG/M3,1 Hr,Valid
Guatemala City,PM10 - Principal,2023-07-08 09:00 PM,2023,07,08,21,29.0,27,Good,34.0,UG/M3,1 Hr,Valid
Guatemala City,PM10 - Principal,2023-07-08 10:00 PM,2023,07,08,22,28.0,26,Good,27.0,UG/M3,1 Hr,Valid
Guatemala City,PM10 - Principal,2023-07-08 11:00 PM,2023,07,08,23,33.0,31,Good,38.0,UG/M3,1 Hr,Valid
Guatemala City,PM10 - Principal,2023-07-09 12:00 AM,2023,07,09,00,31.0,29,Good,30.0,UG/M3,1 Hr,Valid
Guatemala City,PM10 - Principal,2023-07-09 01:00 AM,2023,07,09,01,43.0,40,Good,55.0,UG/M3,1 Hr,Valid
Guatemala City,PM10 - Principal,2023-07-09 02:00 AM,2023,07,09,02,34.0,31,Good,26.0,UG/M3,1 Hr,Valid
Guatemala City,PM10 - Principal,2023-07-09 03:00 AM,2023,07,09,03,33.0,31,Good,32.0,UG/M3,1 Hr,Valid
Guatemala City,PM10 - Principal,2023-07-09 04:00 AM,2023,07,09,04,29.0,27,Good,25.0,UG/M3,1 Hr,Valid
Guatemala City,PM10 - Principal,2023-07-09 05:00 AM,2023,07,09,05,25.0,23,Good,22.0,UG/M3,1 Hr,Valid
Guatemala City,PM10 - Principal,2023-07-09 06:00 AM,2023,07,09,06,21.0,19,Good,18.0,UG/M3,1 Hr,Valid
Guatemala City,PM10 - Principal,2023-07-09 07:00 AM,2023,07,09,07,19.0,18,Good,17.0,UG/M3,1 Hr,Valid
Guatemala City,PM10 - Principal,2023-07-09 08:00 AM,2023,07,09,08,19.0,18,Good,20.0,UG/M3,1 Hr,Valid
Guatemala City,PM10 - Principal,2023-07-09 09:00 AM,2023,07,09,09,19.0,18,Good,20.0,UG/M3,1 Hr,Valid
Guatemala City,PM10 - Principal,2023-07-09 10:00 AM,2023,07,09,10,20.0,19,Good,21.0,UG/M3,1 Hr,Valid
Guatemala City,PM10 - Principal,2023-07-09 11:00 AM,2023,07,09,11,18.0,17,Good,17.0,UG/M3,1 Hr,Valid
Guatemala City,PM10 - Principal,2023-07-09 12:00 PM,2023,07,09,12,15.0,14,Good,12.0,UG/M3,1 Hr,Valid
Guatemala City,PM10 - Principal,2023-07-09 01:00 PM,2023,07,09,13,15.0,14,Good,16.0,UG/M3,1 Hr,Valid
Guatemala City,PM10 - Principal,2023-07-09 02:00 PM,2023,07,09,14,16.0,15,Good,18.0,UG/M3,1 Hr,Valid
Guatemala City,PM10 - Principal,2023-07-09 03:00 PM,2023,07,09,15,16.0,15,Good,16.0,UG/M3,1 Hr,Valid
Guatemala City,PM10 - Principal,2023-07-09 04:00 PM,2023,07,09,16,17.0,16,Good,18.0,UG/M3,1 Hr,Valid
Guatemala City,PM10 - Principal,2023-07-09 05:00 PM,2023,07,09,17,17.0,16,Good,18.0,UG/M3,1 Hr,Valid
Guatemala City,PM10 - Principal,2023-07-09 06:00 PM,2023,07,09,18,28.0,26,Good,39.0,UG/M3,1 Hr,Valid
Guatemala City,PM10 - Principal,2023-07-09 07:00 PM,2023,07,09,19,29.0,27,Good,31.0,UG/M3,1 Hr,Valid
Guatemala City,PM10 - Principal,2023-07-09 08:00 PM,2023,07,09,20,35.0,32,Good,41.0,UG/M3,1 Hr,Valid
Guatemala City,PM10 - Principal,2023-07-09 09:00 PM,2023,07,09,21,32.0,30,Good,29.0,UG/M3,1 Hr,Valid
Guatemala City,PM10 - Principal,2023-07-09 10:00 PM,2023,07,09,22,31.0,29,Good,31.0,UG/M3,1 Hr,Valid
Guatemala City,PM10 - Principal,2023-07-09 11:00 PM,2023,07,09,23,34.0,31,Good,37.0,UG/M3,1 Hr,Valid
Guatemala City,PM10 - Principal,2023-07-10 12:00 AM,2023,07,10,00,30.0,28,Good,27.0,UG/M3,1 Hr,Valid
Guatemala City,PM10 - Principal,2023-07-10 01:00 AM,2023,07,10,01,26.0,24,Good,22.0,UG/M3,1 Hr,Valid
Guatemala City,PM10 - Principal,2023-07-10 02:00 AM,2023,07,10,02,23.0,21,Good,21.0,UG/M3,1 Hr,Valid
Guatemala City,PM10 - Principal,2023-07-10 03:00 AM,2023,07,10,03,22.0,20,Good,21.0,UG/M3,1 Hr,Valid
Guatemala City,PM10 - Principal,2023-07-10 04:00 AM,2023,07,10,04,21.0,19,Good,20.0,UG/M3,1 Hr,Valid
Guatemala City,PM10 - Principal,2023-07-10 05:00 AM,2023,07,10,05,26.0,24,Good,32.0,UG/M3,1 Hr,Valid
Guatemala City,PM10 - Principal,2023-07-10 06:00 AM,2023,07,10,06,35.0,32,Good,44.0,UG/M3,1 Hr,Valid
Guatemala City,PM10 - Principal,2023-07-10 07:00 AM,2023,07,10,07,36.0,33,Good,37.0,UG/M3,1 Hr,Valid
Guatemala City,PM10 - Principal,2023-07-10 08:00 AM,2023,07,10,08,36.0,33,Good,37.0,UG/M3,1 Hr,Valid
Guatemala City,PM10 - Principal,2023-07-10 09:00 AM,2023,07,10,09,37.0,34,Good,38.0,UG/M3,1 Hr,Valid
Guatemala City,PM10 - Principal,2023-07-10 10:00 AM,2023,07,10,10,38.0,35,Good,40.0,UG/M3,1 Hr,Valid
Guatemala City,PM10 - Principal,2023-07-10 11:00 AM,2023,07,10,11,34.0,31,Good,31.0,UG/M3,1 Hr,Valid
Guatemala City,PM10 - Principal,2023-07-10 12:00 PM,2023,07,10,12,28.0,26,Good,23.0,UG/M3,1 Hr,Valid
Guatemala City,PM10 - Principal,2023-07-10 01:00 PM,2023,07,10,13,25.0,23,Good,22.0,UG/M3,1 Hr,Valid
Guatemala City,PM10 - Principal,2023-07-10 02:00 PM,2023,07,10,14,26.0,24,Good,28.0,UG/M3,1 Hr,Valid
Guatemala City,PM10 - Principal,2023-07-10 03:00 PM,2023,07,10,15,28.0,26,Good,30.0,UG/M3,1 Hr,Valid
Guatemala City,PM10 - Principal,2023-07-10 04:00 PM,2023,07,10,16,27.0,25,Good,27.0,UG/M3,1 Hr,Valid
Guatemala City,PM10 - Principal,2023-07-10 05:00 PM,2023,07,10,17,22.0,20,Good,18.0,UG/M3,1 Hr,Valid
Guatemala City,PM10 - Principal,2023-07-10 06:00 PM,2023,07,10,18,24.0,22,Good,27.0,UG/M3,1 Hr,Valid
Guatemala City,PM10 - Principal,2023-07-10 07:00 PM,2023,07,10,19,23.0,21,Good,22.0,UG/M3,1 Hr,Valid
Guatemala City,PM10 - Principal,2023-07-10 08:00 PM,2023,07,10,20,26.0,24,Good,29.0,UG/M3,1 Hr,Valid
Guatemala City,PM10 - Principal,2023-07-10 09:00 PM,2023,07,10,21,35.0,32,Good,45.0,UG/M3,1 Hr,Valid
Guatemala City,PM10 - Principal,2023-07-10 10:00 PM,2023,07,10,22,36.0,33,Good,38.0,UG/M3,1 Hr,Valid
Guatemala City,PM10 - Principal,2023-07-10 11:00 PM,2023,07,10,23,36.0,33,Good,37.0,UG/M3,1 Hr,Valid
Guatemala City,PM10 - Principal,2023-07-11 12:00 AM,2023,07,11,00,30.0,28,Good,24.0,UG/M3,1 Hr,Valid
Guatemala City,PM10 - Principal,2023-07-11 01:00 AM,2023,07,11,01,23.0,21,Good,17.0,UG/M3,1 Hr,Valid
Guatemala City,PM10 - Principal,2023-07-11 02:00 AM,2023,07,11,02,20.0,19,Good,18.0,UG/M3,1 Hr,Valid
Guatemala City,PM10 - Principal,2023-07-11 03:00 AM,2023,07,11,03,22.0,20,Good,24.0,UG/M3,1 Hr,Valid
Guatemala City,PM10 - Principal,2023-07-11 04:00 AM,2023,07,11,04,20.0,19,Good,18.0,UG/M3,1 Hr,Valid
Guatemala City,PM10 - Principal,2023-07-11 05:00 AM,2023,07,11,05,14.0,13,Good,9.0,UG/M3,1 Hr,Valid
Guatemala City,PM10 - Principal,2023-07-11 06:00 AM,2023,07,11,06,20.0,19,Good,27.0,UG/M3,1 Hr,Valid
Guatemala City,PM10 - Principal,2023-07-11 07:00 AM,2023,07,11,07,30.0,28,Good,40.0,UG/M3,1 Hr,Valid
Guatemala City,PM10 - Principal,2023-07-11 08:00 AM,2023,07,11,08,25.0,23,Good,21.0,UG/M3,1 Hr,Valid
Guatemala City,PM10 - Principal,2023-07-11 09:00 AM,2023,07,11,09,20.0,19,Good,15.0,UG/M3,1 Hr,Valid
Guatemala City,PM10 - Principal,2023-07-11 10:00 AM,2023,07,11,10,18.0,17,Good,16.0,UG/M3,1 Hr,Valid
Guatemala City,PM10 - Principal,2023-07-11 11:00 AM,2023,07,11,11,17.0,16,Good,16.0,UG/M3,1 Hr,Valid
Guatemala City,PM10 - Principal,2023-07-11 12:00 PM,2023,07,11,12,14.0,13,Good,12.0,UG/M3,1 Hr,Valid
Guatemala City,PM10 - Principal,2023-07-11 01:00 PM,2023,07,11,13,16.0,15,Good,18.0,UG/M3,1 Hr,Valid
Guatemala City,PM10 - Principal,2023-07-11 02:00 PM,2023,07,11,14,19.0,18,Good,22.0,UG/M3,1 Hr,Valid
Guatemala City,PM10 - Principal,2023-07-11 03:00 PM,2023,07,11,15,19.0,18,Good,19.0,UG/M3,1 Hr,Valid
Guatemala City,PM10 - Principal,2023-07-11 04:00 PM,2023,07,11,16,18.0,17,Good,18.0,UG/M3,1 Hr,Valid
Guatemala City,PM10 - Principal,2023-07-11 05:00 PM,2023,07,11,17,21.0,19,Good,24.0,UG/M3,1 Hr,Valid
Guatemala City,PM10 - Principal,2023-07-11 06:00 PM,2023,07,11,18,21.0,19,Good,21.0,UG/M3,1 Hr,Valid
Guatemala City,PM10 - Principal,2023-07-11 07:00 PM,2023,07,11,19,22.0,20,Good,23.0,UG/M3,1 Hr,Valid
Guatemala City,PM10 - Principal,2023-07-11 08:00 PM,2023,07,11,20,28.0,26,Good,35.0,UG/M3,1 Hr,Valid
Guatemala City,PM10 - Principal,2023-07-11 09:00 PM,2023,07,11,21,26.0,24,Good,25.0,UG/M3,1 Hr,Valid
Guatemala City,PM10 - Principal,2023-07-11 10:00 PM,2023,07,11,22,23.0,21,Good,21.0,UG/M3,1 Hr,Valid
Guatemala City,PM10 - Principal,2023-07-11 11:00 PM,2023,07,11,23,23.0,21,Good,24.0,UG/M3,1 Hr,Valid
Guatemala City,PM10 - Principal,2023-07-12 12:00 AM,2023,07,12,00,23.0,21,Good,23.0,UG/M3,1 Hr,Valid
Guatemala City,PM10 - Principal,2023-07-12 01:00 AM,2023,07,12,01,28.0,26,Good,34.0,UG/M3,1 Hr,Valid
Guatemala City,PM10 - Principal,2023-07-12 02:00 AM,2023,07,12,02,26.0,24,Good,24.0,UG/M3,1 Hr,Valid
Guatemala City,PM10 - Principal,2023-07-12 03:00 AM,2023,07,12,03,22.0,20,Good,18.0,UG/M3,1 Hr,Valid
Guatemala City,PM10 - Principal,2023-07-12 04:00 AM,2023,07,12,04,22.0,20,Good,23.0,UG/M3,1 Hr,Valid
Guatemala City,PM10 - Principal,2023-07-12 05:00 AM,2023,07,12,05,20.0,19,Good,19.0,UG/M3,1 Hr,Valid
Guatemala City,PM10 - Principal,2023-07-12 06:00 AM,2023,07,12,06,20.0,19,Good,21.0,UG/M3,1 Hr,Valid
Guatemala City,PM10 - Principal,2023-07-12 07:00 AM,2023,07,12,07,18.0,17,Good,17.0,UG/M3,1 Hr,Valid
Guatemala City,PM10 - Principal,2023-07-12 08:00 AM,2023,07,12,08,19.0,18,Good,21.0,UG/M3,1 Hr,Valid
Guatemala City,PM10 - Principal,2023-07-12 09:00 AM,2023,07,12,09,21.0,19,Good,24.0,UG/M3,1 Hr,Valid
Guatemala City,PM10 - Principal,2023-07-12 10:00 AM,2023,07,12,10,23.0,21,Good,25.0,UG/M3,1 Hr,Valid
Guatemala City,PM10 - Principal,2023-07-12 11:00 AM,2023,07,12,11,25.0,23,Good,27.0,UG/M3,1 Hr,Valid
Guatemala City,PM10 - Principal,2023-07-12 12:00 PM,2023,07,12,12,26.0,24,Good,27.0,UG/M3,1 Hr,Valid
Guatemala City,PM10 - Principal,2023-07-12 01:00 PM,2023,07,12,13,25.0,23,Good,26.0,UG/M3,1 Hr,Valid
Guatemala City,PM10 - Principal,2023-07-12 02:00 PM,2023,07,12,14,26.0,24,Good,28.0,UG/M3,1 Hr,Valid
Guatemala City,PM10 - Principal,2023-07-12 03:00 PM,2023,07,12,15,25.0,23,Good,25.0,UG/M3,1 Hr,Valid
Guatemala City,PM10 - Principal,2023-07-12 04:00 PM,2023,07,12,16,25.0,23,Good,26.0,UG/M3,1 Hr,Valid
Guatemala City,PM10 - Principal,2023-07-12 05:00 PM,2023,07,12,17,26.0,24,Good,28.0,UG/M3,1 Hr,Valid
Guatemala City,PM10 - Principal,2023-07-12 06:00 PM,2023,07,12,18,30.0,28,Good,34.0,UG/M3,1 Hr,Valid
Guatemala City,PM10 - Principal,2023-07-12 07:00 PM,2023,07,12,19,22.0,20,Good,15.0,UG/M3,1 Hr,Valid
Guatemala City,PM10 - Principal,2023-07-12 08:00 PM,2023,07,12,20,22.0,20,Good,23.0,UG/M3,1 Hr,Valid
Guatemala City,PM10 - Principal,2023-07-12 09:00 PM,2023,07,12,21,23.0,21,Good,25.0,UG/M3,1 Hr,Valid
Guatemala City,PM10 - Principal,2023-07-12 10:00 PM,2023,07,12,22,23.0,21,Good,24.0,UG/M3,1 Hr,Valid
Guatemala City,PM10 - Principal,2023-07-12 11:00 PM,2023,07,12,23,27.0,25,Good,32.0,UG/M3,1 Hr,Valid
Guatemala City,PM10 - Principal,2023-07-13 12:00 AM,2023,07,13,00,21.0,19,Good,16.0,UG/M3,1 Hr,Valid
Guatemala City,PM10 - Principal,2023-07-13 01:00 AM,2023,07,13,01,18.0,17,Good,16.0,UG/M3,1 Hr,Valid
Guatemala City,PM10 - Principal,2023-07-13 02:00 AM,2023,07,13,02,17.0,16,Good,16.0,UG/M3,1 Hr,Valid
Guatemala City,PM10 - Principal,2023-07-13 03:00 AM,2023,07,13,03,16.0,15,Good,15.0,UG/M3,1 Hr,Valid
Guatemala City,PM10 - Principal,2023-07-13 04:00 AM,2023,07,13,04,17.0,16,Good,18.0,UG/M3,1 Hr,Valid
Guatemala City,PM10 - Principal,2023-07-13 05:00 AM,2023,07,13,05,18.0,17,Good,19.0,UG/M3,1 Hr,Valid
Guatemala City,PM10 - Principal,2023-07-13 06:00 AM,2023,07,13,06,18.0,17,Good,19.0,UG/M3,1 Hr,Valid
Guatemala City,PM10 - Principal,2023-07-13 07:00 AM,2023,07,13,07,23.0,21,Good,28.0,UG/M3,1 Hr,Valid
Guatemala City,PM10 - Principal,2023-07-13 08:00 AM,2023,07,13,08,22.0,20,Good,22.0,UG/M3,1 Hr,Valid
Guatemala City,PM10 - Principal,2023-07-13 09:00 AM,2023,07,13,09,31.0,29,Good,40.0,UG/M3,1 Hr,Valid
Guatemala City,PM10 - Principal,2023-07-13 10:00 AM,2023,07,13,10,22.0,20,Good,14.0,UG/M3,1 Hr,Valid
Guatemala City,PM10 - Principal,2023-07-13 11:00 AM,2023,07,13,11,20.0,19,Good,18.0,UG/M3,1 Hr,Valid
Guatemala City,PM10 - Principal,2023-07-13 12:00 PM,2023,07,13,12,21.0,19,Good,22.0,UG/M3,1 Hr,Valid
Guatemala City,PM10 - Principal,2023-07-13 01:00 PM,2023,07,13,13,22.0,20,Good,24.0,UG/M3,1 Hr,Valid
Guatemala City,PM10 - Principal,2023-07-13 02:00 PM,2023,07,13,14,25.0,23,Good,28.0,UG/M3,1 Hr,Valid
Guatemala City,PM10 - Principal,2023-07-13 03:00 PM,2023,07,13,15,25.0,23,Good,25.0,UG/M3,1 Hr,Valid
Guatemala City,PM10 - Principal,2023-07-13 04:00 PM,2023,07,13,16,25.0,23,Good,25.0,UG/M3,1 Hr,Valid
Guatemala City,PM10 - Principal,2023-07-13 05:00 PM,2023,07,13,17,24.0,22,Good,23.0,UG/M3,1 Hr,Valid
Guatemala City,PM10 - Principal,2023-07-13 06:00 PM,2023,07,13,18,24.0,22,Good,25.0,UG/M3,1 Hr,Valid
Guatemala City,PM10 - Principal,2023-07-13 07:00 PM,2023,07,13,19,27.0,25,Good,30.0,UG/M3,1 Hr,Valid
Guatemala City,PM10 - Principal,2023-07-13 08:00 PM,2023,07,13,20,34.0,31,Good,41.0,UG/M3,1 Hr,Valid
Guatemala City,PM10 - Principal,2023-07-13 09:00 PM,2023,07,13,21,32.0,30,Good,30.0,UG/M3,1 Hr,Valid
Guatemala City,PM10 - Principal,2023-07-13 10:00 PM,2023,07,13,22,31.0,29,Good,31.0,UG/M3,1 Hr,Valid
Guatemala City,PM10 - Principal,2023-07-13 11:00 PM,2023,07,13,23,28.0,26,Good,26.0,UG/M3,1 Hr,Valid
Guatemala City,PM10 - Principal,2023-07-14 12:00 AM,2023,07,14,00,22.0,20,Good,17.0,UG/M3,1 Hr,Valid
Guatemala City,PM10 - Principal,2023-07-14 01:00 AM,2023,07,14,01,15.0,14,Good,9.0,UG/M3,1 Hr,Valid
Guatemala City,PM10 - Principal,2023-07-14 02:00 AM,2023,07,14,02,14.0,13,Good,13.0,UG/M3,1 Hr,Valid
Guatemala City,PM10 - Principal,2023-07-14 03:00 AM,2023,07,14,03,14.0,13,Good,14.0,UG/M3,1 Hr,Valid
Guatemala City,PM10 - Principal,2023-07-14 04:00 AM,2023,07,14,04,16.0,15,Good,18.0,UG/M3,1 Hr,Valid
Guatemala City,PM10 - Principal,2023-07-14 05:00 AM,2023,07,14,05,18.0,17,Good,20.0,UG/M3,1 Hr,Valid
Guatemala City,PM10 - Principal,2023-07-14 06:00 AM,2023,07,14,06,22.0,20,Good,27.0,UG/M3,1 Hr,Valid
Guatemala City,PM10 - Principal,2023-07-14 07:00 AM,2023,07,14,07,24.0,22,Good,27.0,UG/M3,1 Hr,Valid
Guatemala City,PM10 - Principal,2023-07-14 08:00 AM,2023,07,14,08,23.0,21,Good,23.0,UG/M3,1 Hr,Valid
Guatemala City,PM10 - Principal,2023-07-14 09:00 AM,2023,07,14,09,23.0,21,Good,24.0,UG/M3,1 Hr,Valid
Guatemala City,PM10 - Principal,2023-07-14 10:00 AM,2023,07,14,10,25.0,23,Good,27.0,UG/M3,1 Hr,Valid
Guatemala City,PM10 - Principal,2023-07-14 11:00 AM,2023,07,14,11,30.0,28,Good,36.0,UG/M3,1 Hr,Valid
Guatemala City,PM10 - Principal,2023-07-14 12:00 PM,2023,07,14,12,33.0,31,Good,37.0,UG/M3,1 Hr,Valid
Guatemala City,PM10 - Principal,2023-07-14 01:00 PM,2023,07,14,13,34.0,31,Good,35.0,UG/M3,1 Hr,Valid
Guatemala City,PM10 - Principal,2023-07-14 02:00 PM,2023,07,14,14,35.0,32,Good,36.0,UG/M3,1 Hr,Valid
Guatemala City,PM10 - Principal,2023-07-14 03:00 PM,2023,07,14,15,35.0,32,Good,35.0,UG/M3,1 Hr,Valid
Guatemala City,PM10 - Principal,2023-07-14 04:00 PM,2023,07,14,16,35.0,32,Good,36.0,UG/M3,1 Hr,Valid
Guatemala City,PM10 - Principal,2023-07-14 05:00 PM,2023,07,14,17,33.0,31,Good,32.0,UG/M3,1 Hr,Valid
Guatemala City,PM10 - Principal,2023-07-14 06:00 PM,2023,07,14,18,36.0,33,Good,39.0,UG/M3,1 Hr,Valid
Guatemala City,PM10 - Principal,2023-07-14 07:00 PM,2023,07,14,19,38.0,35,Good,41.0,UG/M3,1 Hr,Valid
Guatemala City,PM10 - Principal,2023-07-14 08:00 PM,2023,07,14,20,39.0,36,Good,42.0,UG/M3,1 Hr,Valid
Guatemala City,PM10 - Principal,2023-07-14 09:00 PM,2023,07,14,21,37.0,34,Good,34.0,UG/M3,1 Hr,Valid
Guatemala City,PM10 - Principal,2023-07-14 10:00 PM,2023,07,14,22,37.0,34,Good,38.0,UG/M3,1 Hr,Valid
Guatemala City,PM10 - Principal,2023-07-14 11:00 PM,2023,07,14,23,36.0,33,Good,32.0,UG/M3,1 Hr,Valid
Guatemala City,PM10 - Principal,2023-07-15 12:00 AM,2023,07,15,00,31.0,29,Good,26.0,UG/M3,1 Hr,Valid
Guatemala City,PM10 - Principal,2023-07-15 01:00 AM,2023,07,15,01,29.0,27,Good,27.0,UG/M3,1 Hr,Valid
Guatemala City,PM10 - Principal,2023-07-15 02:00 AM,2023,07,15,02,27.0,25,Good,25.0,UG/M3,1 Hr,Valid
Guatemala City,PM10 - Principal,2023-07-15 03:00 AM,2023,07,15,03,24.0,22,Good,22.0,UG/M3,1 Hr,Valid
Guatemala City,PM10 - Principal,2023-07-15 04:00 AM,2023,07,15,04,23.0,21,Good,23.0,UG/M3,1 Hr,Valid
Guatemala City,PM10 - Principal,2023-07-15 05:00 AM,2023,07,15,05,22.0,20,Good,21.0,UG/M3,1 Hr,Valid
Guatemala City,PM10 - Principal,2023-07-15 06:00 AM,2023,07,15,06,19.0,18,Good,17.0,UG/M3,1 Hr,Valid
Guatemala City,PM10 - Principal,2023-07-15 07:00 AM,2023,07,15,07,22.0,20,Good,26.0,UG/M3,1 Hr,Valid
Guatemala City,PM10 - Principal,2023-07-15 08:00 AM,2023,07,15,08,25.0,23,Good,28.0,UG/M3,1 Hr,Valid
Guatemala City,PM10 - Principal,2023-07-15 09:00 AM,2023,07,15,09,31.0,29,Good,37.0,UG/M3,1 Hr,Valid
Guatemala City,PM10 - Principal,2023-07-15 10:00 AM,2023,07,15,10,26.0,24,Good,22.0,UG/M3,1 Hr,Valid
Guatemala City,PM10 - Principal,2023-07-15 11:00 AM,2023,07,15,11,24.0,22,Good,22.0,UG/M3,1 Hr,Valid
Guatemala City,PM10 - Principal,2023-07-15 12:00 PM,2023,07,15,12,22.0,20,Good,21.0,UG/M3,1 Hr,Valid
Guatemala City,PM10 - Principal,2023-07-15 01:00 PM,2023,07,15,13,21.0,19,Good,20.0,UG/M3,1 Hr,Valid
Guatemala City,PM10 - Principal,2023-07-15 02:00 PM,2023,07,15,14,21.0,19,Good,22.0,UG/M3,1 Hr,Valid
Guatemala City,PM10 - Principal,2023-07-15 03:00 PM,2023,07,15,15,20.0,19,Good,20.0,UG/M3,1 Hr,Valid
Guatemala City,PM10 - Principal,2023-07-15 04:00 PM,2023,07,15,16,21.0,19,Good,22.0,UG/M3,1 Hr,Valid
Guatemala City,PM10 - Principal,2023-07-15 05:00 PM,2023,07,15,17,24.0,22,Good,28.0,UG/M3,1 Hr,Valid
Guatemala City,PM10 - Principal,2023-07-15 06:00 PM,2023,07,15,18,27.0,25,Good,30.0,UG/M3,1 Hr,Valid
Guatemala City,PM10 - Principal,2023-07-15 07:00 PM,2023,07,15,19,30.0,28,Good,35.0,UG/M3,1 Hr,Valid
Guatemala City,PM10 - Principal,2023-07-15 08:00 PM,2023,07,15,20,29.0,27,Good,28.0,UG/M3,1 Hr,Valid
Guatemala City,PM10 - Principal,2023-07-15 09:00 PM,2023,07,15,21,29.0,27,Good,30.0,UG/M3,1 Hr,Valid
Guatemala City,PM10 - Principal,2023-07-15 10:00 PM,2023,07,15,22,29.0,27,Good,29.0,UG/M3,1 Hr,Valid
Guatemala City,PM10 - Principal,2023-07-15 11:00 PM,2023,07,15,23,25.0,23,Good,20.0,UG/M3,1 Hr,Valid
Guatemala City,PM10 - Principal,2023-07-16 12:00 AM,2023,07,16,00,25.0,23,Good,25.0,UG/M3,1 Hr,Valid
Guatemala City,PM10 - Principal,2023-07-16 01:00 AM,2023,07,16,01,22.0,20,Good,19.0,UG/M3,1 Hr,Valid
Guatemala City,PM10 - Principal,2023-07-16 02:00 AM,2023,07,16,02,21.0,19,Good,20.0,UG/M3,1 Hr,Valid
Guatemala City,PM10 - Principal,2023-07-16 03:00 AM,2023,07,16,03,21.0,19,Good,21.0,UG/M3,1 Hr,Valid
Guatemala City,PM10 - Principal,2023-07-16 04:00 AM,2023,07,16,04,21.0,19,Good,22.0,UG/M3,1 Hr,Valid
Guatemala City,PM10 - Principal,2023-07-16 05:00 AM,2023,07,16,05,20.0,19,Good,19.0,UG/M3,1 Hr,Valid
Guatemala City,PM10 - Principal,2023-07-16 06:00 AM,2023,07,16,06,17.0,16,Good,15.0,UG/M3,1 Hr,Valid
Guatemala City,PM10 - Principal,2023-07-16 07:00 AM,2023,07,16,07,20.0,19,Good,24.0,UG/M3,1 Hr,Valid
Guatemala City,PM10 - Principal,2023-07-16 08:00 AM,2023,07,16,08,20.0,19,Good,20.0,UG/M3,1 Hr,Valid
Guatemala City,PM10 - Principal,2023-07-16 09:00 AM,2023,07,16,09,21.0,19,Good,22.0,UG/M3,1 Hr,Valid
Guatemala City,PM10 - Principal,2023-07-16 10:00 AM,2023,07,16,10,21.0,19,Good,22.0,UG/M3,1 Hr,Valid
Guatemala City,PM10 - Principal,2023-07-16 11:00 AM,2023,07,16,11,20.0,19,Good,19.0,UG/M3,1 Hr,Valid
Guatemala City,PM10 - Principal,2023-07-16 12:00 PM,2023,07,16,12,21.0,19,Good,22.0,UG/M3,1 Hr,Valid
Guatemala City,PM10 - Principal,2023-07-16 01:00 PM,2023,07,16,13,19.0,18,Good,18.0,UG/M3,1 Hr,Valid
Guatemala City,PM10 - Principal,2023-07-16 02:00 PM,2023,07,16,14,23.0,21,Good,28.0,UG/M3,1 Hr,Valid
Guatemala City,PM10 - Principal,2023-07-16 03:00 PM,2023,07,16,15,25.0,23,Good,27.0,UG/M3,1 Hr,Valid
Guatemala City,PM10 - Principal,2023-07-16 04:00 PM,2023,07,16,16,24.0,22,Good,23.0,UG/M3,1 Hr,Valid
Guatemala City,PM10 - Principal,2023-07-16 05:00 PM,2023,07,16,17,29.0,27,Good,34.0,UG/M3,1 Hr,Valid
Guatemala City,PM10 - Principal,2023-07-16 06:00 PM,2023,07,16,18,32.0,30,Good,36.0,UG/M3,1 Hr,Valid
Guatemala City,PM10 - Principal,2023-07-16 07:00 PM,2023,07,16,19,33.0,31,Good,35.0,UG/M3,1 Hr,Valid
Guatemala City,PM10 - Principal,2023-07-16 08:00 PM,2023,07,16,20,36.0,33,Good,40.0,UG/M3,1 Hr,Valid
Guatemala City,PM10 - Principal,2023-07-16 09:00 PM,2023,07,16,21,38.0,35,Good,41.0,UG/M3,1 Hr,Valid
Guatemala City,PM10 - Principal,2023-07-16 10:00 PM,2023,07,16,22,41.0,38,Good,45.0,UG/M3,1 Hr,Valid
Guatemala City,PM10 - Principal,2023-07-16 11:00 PM,2023,07,16,23,43.0,40,Good,45.0,UG/M3,1 Hr,Valid
Guatemala City,PM10 - Principal,2023-07-17 12:00 AM,2023,07,17,00,42.0,39,Good,41.0,UG/M3,1 Hr,Valid
Guatemala City,PM10 - Principal,2023-07-17 01:00 AM,2023,07,17,01,41.0,38,Good,40.0,UG/M3,1 Hr,Valid
Guatemala City,PM10 - Principal,2023-07-17 02:00 AM,2023,07,17,02,39.0,36,Good,38.0,UG/M3,1 Hr,Valid
Guatemala City,PM10 - Principal,2023-07-17 03:00 AM,2023,07,17,03,39.0,36,Good,40.0,UG/M3,1 Hr,Valid
Guatemala City,PM10 - Principal,2023-07-17 04:00 AM,2023,07,17,04,38.0,35,Good,35.0,UG/M3,1 Hr,Valid
Guatemala City,PM10 - Principal,2023-07-17 05:00 AM,2023,07,17,05,37.0,34,Good,34.0,UG/M3,1 Hr,Valid
Guatemala City,PM10 - Principal,2023-07-17 06:00 AM,2023,07,17,06,37.0,34,Good,35.0,UG/M3,1 Hr,Valid
Guatemala City,PM10 - Principal,2023-07-17 07:00 AM,2023,07,17,07,37.0,34,Good,40.0,UG/M3,1 Hr,Valid
Guatemala City,PM10 - Principal,2023-07-17 08:00 AM,2023,07,17,08,38.0,35,Good,42.0,UG/M3,1 Hr,Valid
Guatemala City,PM10 - Principal,2023-07-17 09:00 AM,2023,07,17,09,40.0,37,Good,44.0,UG/M3,1 Hr,Valid
Guatemala City,PM10 - Principal,2023-07-17 10:00 AM,2023,07,17,10,42.0,39,Good,47.0,UG/M3,1 Hr,Valid
Guatemala City,PM10 - Principal,2023-07-17 11:00 AM,2023,07,17,11,42.0,39,Good,45.0,UG/M3,1 Hr,Valid
Guatemala City,PM10 - Principal,2023-07-17 12:00 PM,2023,07,17,12,42.0,39,Good,42.0,UG/M3,1 Hr,Valid
Guatemala City,PM10 - Principal,2023-07-17 01:00 PM,2023,07,17,13,42.0,39,Good,41.0,UG/M3,1 Hr,Valid
Guatemala City,PM10 - Principal,2023-07-17 02:00 PM,2023,07,17,14,41.0,38,Good,39.0,UG/M3,1 Hr,Valid
Guatemala City,PM10 - Principal,2023-07-17 03:00 PM,2023,07,17,15,42.0,39,Good,44.0,UG/M3,1 Hr,Valid
Guatemala City,PM10 - Principal,2023-07-17 04:00 PM,2023,07,17,16,42.0,39,Good,43.0,UG/M3,1 Hr,Valid
Guatemala City,PM10 - Principal,2023-07-17 05:00 PM,2023,07,17,17,44.0,41,Good,49.0,UG/M3,1 Hr,Valid
Guatemala City,PM10 - Principal,2023-07-17 06:00 PM,2023,07,17,18,43.0,40,Good,43.0,UG/M3,1 Hr,Valid
Guatemala City,PM10 - Principal,2023-07-17 07:00 PM,2023,07,17,19,44.0,41,Good,45.0,UG/M3,1 Hr,Valid
Guatemala City,PM10 - Principal,2023-07-17 08:00 PM,2023,07,17,20,42.0,39,Good,36.0,UG/M3,1 Hr,Valid
Guatemala City,PM10 - Principal,2023-07-17 09:00 PM,2023,07,17,21,39.0,36,Good,35.0,UG/M3,1 Hr,Valid
Guatemala City,PM10 - Principal,2023-07-17 10:00 PM,2023,07,17,22,40.0,37,Good,42.0,UG/M3,1 Hr,Valid
Guatemala City,PM10 - Principal,2023-07-17 11:00 PM,2023,07,17,23,40.0,37,Good,41.0,UG/M3,1 Hr,Valid
Guatemala City,PM10 - Principal,2023-07-18 12:00 AM,2023,07,18,00,39.0,36,Good,38.0,UG/M3,1 Hr,Valid
Guatemala City,PM10 - Principal,2023-07-18 01:00 AM,2023,07,18,01,39.0,36,Good,37.0,UG/M3,1 Hr,Valid
Guatemala City,PM10 - Principal,2023-07-18 02:00 AM,2023,07,18,02,33.0,31,Good,28.0,UG/M3,1 Hr,Valid
Guatemala City,PM10 - Principal,2023-07-18 03:00 AM,2023,07,18,03,32.0,30,Good,31.0,UG/M3,1 Hr,Valid
Guatemala City,PM10 - Principal,2023-07-18 04:00 AM,2023,07,18,04,30.0,28,Good,27.0,UG/M3,1 Hr,Valid
Guatemala City,PM10 - Principal,2023-07-18 05:00 AM,2023,07,18,05,30.0,28,Good,30.0,UG/M3,1 Hr,Valid
Guatemala City,PM10 - Principal,2023-07-18 06:00 AM,2023,07,18,06,33.0,31,Good,39.0,UG/M3,1 Hr,Valid
Guatemala City,PM10 - Principal,2023-07-18 07:00 AM,2023,07,18,07,36.0,33,Good,41.0,UG/M3,1 Hr,Valid
Guatemala City,PM10 - Principal,2023-07-18 08:00 AM,2023,07,18,08,36.0,33,Good,37.0,UG/M3,1 Hr,Valid
Guatemala City,PM10 - Principal,2023-07-18 09:00 AM,2023,07,18,09,35.0,32,Good,34.0,UG/M3,1 Hr,Valid
Guatemala City,PM10 - Principal,2023-07-18 10:00 AM,2023,07,18,10,38.0,35,Good,44.0,UG/M3,1 Hr,Valid
Guatemala City,PM10 - Principal,2023-07-18 11:00 AM,2023,07,18,11,42.0,39,Good,47.0,UG/M3,1 Hr,Valid
Guatemala City,PM10 - Principal,2023-07-18 12:00 PM,2023,07,18,12,44.0,41,Good,47.0,UG/M3,1 Hr,Valid
Guatemala City,PM10 - Principal,2023-07-18 01:00 PM,2023,07,18,13,48.0,44,Good,52.0,UG/M3,1 Hr,Valid
Guatemala City,PM10 - Principal,2023-07-18 02:00 PM,2023,07,18,14,52.0,48,Good,56.0,UG/M3,1 Hr,Valid
Guatemala City,PM10 - Principal,2023-07-18 03:00 PM,2023,07,18,15,54.0,50,Good,56.0,UG/M3,1 Hr,Valid
Guatemala City,PM10 - Principal,2023-07-18 04:00 PM,2023,07,18,16,54.0,50,Good,56.0,UG/M3,1 Hr,Valid
Guatemala City,PM10 - Principal,2023-07-18 05:00 PM,2023,07,18,17,53.0,49,Good,53.0,UG/M3,1 Hr,Valid
Guatemala City,PM10 - Principal,2023-07-18 06:00 PM,2023,07,18,18,53.0,49,Good,54.0,UG/M3,1 Hr,Valid
Guatemala City,PM10 - Principal,2023-07-18 07:00 PM,2023,07,18,19,56.0,51,Moderate,60.0,UG/M3,1 Hr,Valid
Guatemala City,PM10 - Principal,2023-07-18 08:00 PM,2023,07,18,20,57.0,52,Moderate,59.0,UG/M3,1 Hr,Valid
Guatemala City,PM10 - Principal,2023-07-18 09:00 PM,2023,07,18,21,55.0,51,Moderate,53.0,UG/M3,1 Hr,Valid
Guatemala City,PM10 - Principal,2023-07-18 10:00 PM,2023,07,18,22,55.0,51,Moderate,54.0,UG/M3,1 Hr,Valid
Guatemala City,PM10 - Principal,2023-07-18 11:00 PM,2023,07,18,23,53.0,49,Good,49.0,UG/M3,1 Hr,Valid
Guatemala City,PM10 - Principal,2023-07-19 12:00 AM,2023,07,19,00,53.0,49,Good,50.0,UG/M3,1 Hr,Valid
Guatemala City,PM10 - Principal,2023-07-19 01:00 AM,2023,07,19,01,53.0,49,Good,53.0,UG/M3,1 Hr,Valid
Guatemala City,PM10 - Principal,2023-07-19 02:00 AM,2023,07,19,02,51.0,47,Good,48.0,UG/M3,1 Hr,Valid
Guatemala City,PM10 - Principal,2023-07-19 03:00 AM,2023,07,19,03,51.0,47,Good,48.0,UG/M3,1 Hr,Valid
Guatemala City,PM10 - Principal,2023-07-19 04:00 AM,2023,07,19,04,49.0,45,Good,45.0,UG/M3,1 Hr,Valid
Guatemala City,PM10 - Principal,2023-07-19 05:00 AM,2023,07,19,05,49.0,45,Good,49.0,UG/M3,1 Hr,Valid
Guatemala City,PM10 - Principal,2023-07-19 06:00 AM,2023,07,19,06,50.0,46,Good,53.0,UG/M3,1 Hr,Valid
Guatemala City,PM10 - Principal,2023-07-19 07:00 AM,2023,07,19,07,51.0,47,Good,58.0,UG/M3,1 Hr,Valid
Guatemala City,PM10 - Principal,2023-07-19 08:00 AM,2023,07,19,08,53.0,49,Good,59.0,UG/M3,1 Hr,Valid
Guatemala City,PM10 - Principal,2023-07-19 09:00 AM,2023,07,19,09,50.0,46,Good,43.0,UG/M3,1 Hr,Valid
Guatemala City,PM10 - Principal,2023-07-19 10:00 AM,2023,07,19,10,40.0,37,Good,31.0,UG/M3,1 Hr,Valid
Guatemala City,PM10 - Principal,2023-07-19 11:00 AM,2023,07,19,11,33.0,31,Good,27.0,UG/M3,1 Hr,Valid
Guatemala City,PM10 - Principal,2023-07-19 12:00 PM,2023,07,19,12,31.0,29,Good,29.0,UG/M3,1 Hr,Valid
Guatemala City,PM10 - Principal,2023-07-19 01:00 PM,2023,07,19,13,31.0,29,Good,32.0,UG/M3,1 Hr,Valid
Guatemala City,PM10 - Principal,2023-07-19 02:00 PM,2023,07,19,14,32.0,30,Good,33.0,UG/M3,1 Hr,Valid
Guatemala City,PM10 - Principal,2023-07-19 03:00 PM,2023,07,19,15,32.0,30,Good,33.0,UG/M3,1 Hr,Valid
Guatemala City,PM10 - Principal,2023-07-19 04:00 PM,2023,07,19,16,30.0,28,Good,29.0,UG/M3,1 Hr,Valid
Guatemala City,PM10 - Principal,2023-07-19 05:00 PM,2023,07,19,17,30.0,28,Good,31.0,UG/M3,1 Hr,Valid
Guatemala City,PM10 - Principal,2023-07-19 06:00 PM,2023,07,19,18,31.0,29,Good,32.0,UG/M3,1 Hr,Valid
Guatemala City,PM10 - Principal,2023-07-19 07:00 PM,2023,07,19,19,28.0,26,Good,26.0,UG/M3,1 Hr,Valid
Guatemala City,PM10 - Principal,2023-07-19 08:00 PM,2023,07,19,20,26.0,24,Good,24.0,UG/M3,1 Hr,Valid
Guatemala City,PM10 - Principal,2023-07-19 09:00 PM,2023,07,19,21,27.0,25,Good,25.0,UG/M3,1 Hr,Valid
Guatemala City,PM10 - Principal,2023-07-19 10:00 PM,2023,07,19,22,26.0,24,Good,25.0,UG/M3,1 Hr,Valid
Guatemala City,PM10 - Principal,2023-07-19 11:00 PM,2023,07,19,23,19.0,18,Good,14.0,UG/M3,1 Hr,Valid
Guatemala City,PM10 - Principal,2023-07-20 12:00 AM,2023,07,20,00,18.0,17,Good,18.0,UG/M3,1 Hr,Valid
Guatemala City,PM10 - Principal,2023-07-20 01:00 AM,2023,07,20,01,19.0,18,Good,20.0,UG/M3,1 Hr,Valid
Guatemala City,PM10 - Principal,2023-07-20 02:00 AM,2023,07,20,02,13.0,12,Good,8.0,UG/M3,1 Hr,Valid
Guatemala City,PM10 - Principal,2023-07-20 03:00 AM,2023,07,20,03,13.0,12,Good,13.0,UG/M3,1 Hr,Valid
Guatemala City,PM10 - Principal,2023-07-20 04:00 AM,2023,07,20,04,13.0,12,Good,13.0,UG/M3,1 Hr,Valid
Guatemala City,PM10 - Principal,2023-07-20 05:00 AM,2023,07,20,05,12.0,11,Good,12.0,UG/M3,1 Hr,Valid
Guatemala City,PM10 - Principal,2023-07-20 06:00 AM,2023,07,20,06,16.0,15,Good,20.0,UG/M3,1 Hr,Valid
Guatemala City,PM10 - Principal,2023-07-20 07:00 AM,2023,07,20,07,18.0,17,Good,21.0,UG/M3,1 Hr,Valid
Guatemala City,PM10 - Principal,2023-07-20 08:00 AM,2023,07,20,08,14.0,13,Good,11.0,UG/M3,1 Hr,Valid
Guatemala City,PM10 - Principal,2023-07-20 09:00 AM,2023,07,20,09,16.0,15,Good,18.0,UG/M3,1 Hr,Valid
Guatemala City,PM10 - Principal,2023-07-20 10:00 AM,2023,07,20,10,20.0,19,Good,25.0,UG/M3,1 Hr,Valid
Guatemala City,PM10 - Principal,2023-07-20 11:00 AM,2023,07,20,11,19.0,18,Good,19.0,UG/M3,1 Hr,Valid
Guatemala City,PM10 - Principal,2023-07-20 12:00 PM,2023,07,20,12,22.0,20,Good,25.0,UG/M3,1 Hr,Valid
Guatemala City,PM10 - Principal,2023-07-20 01:00 PM,2023,07,20,13,17.0,16,Good,13.0,UG/M3,1 Hr,Valid
Guatemala City,PM10 - Principal,2023-07-20 02:00 PM,2023,07,20,14,17.0,16,Good,17.0,UG/M3,1 Hr,Valid
Guatemala City,PM10 - Principal,2023-07-20 03:00 PM,2023,07,20,15,19.0,18,Good,21.0,UG/M3,1 Hr,Valid
Guatemala City,PM10 - Principal,2023-07-20 04:00 PM,2023,07,20,16,21.0,19,Good,24.0,UG/M3,1 Hr,Valid
Guatemala City,PM10 - Principal,2023-07-20 05:00 PM,2023,07,20,17,24.0,22,Good,28.0,UG/M3,1 Hr,Valid
Guatemala City,PM10 - Principal,2023-07-20 06:00 PM,2023,07,20,18,25.0,23,Good,26.0,UG/M3,1 Hr,Valid
Guatemala City,PM10 - Principal,2023-07-20 07:00 PM,2023,07,20,19,22.0,20,Good,19.0,UG/M3,1 Hr,Valid
Guatemala City,PM10 - Principal,2023-07-20 08:00 PM,2023,07,20,20,23.0,21,Good,25.0,UG/M3,1 Hr,Valid
Guatemala City,PM10 - Principal,2023-07-20 09:00 PM,2023,07,20,21,25.0,23,Good,28.0,UG/M3,1 Hr,Valid
Guatemala City,PM10 - Principal,2023-07-20 10:00 PM,2023,07,20,22,27.0,25,Good,29.0,UG/M3,1 Hr,Valid
Guatemala City,PM10 - Principal,2023-07-20 11:00 PM,2023,07,20,23,26.0,24,Good,26.0,UG/M3,1 Hr,Valid
Guatemala City,PM10 - Principal,2023-07-21 12:00 AM,2023,07,21,00,23.0,21,Good,21.0,UG/M3,1 Hr,Valid
Guatemala City,PM10 - Principal,2023-07-21 01:00 AM,2023,07,21,01,25.0,23,Good,28.0,UG/M3,1 Hr,Valid
Guatemala City,PM10 - Principal,2023-07-21 02:00 AM,2023,07,21,02,25.0,23,Good,24.0,UG/M3,1 Hr,Valid
Guatemala City,PM10 - Principal,2023-07-21 03:00 AM,2023,07,21,03,25.0,23,Good,27.0,UG/M3,1 Hr,Valid
Guatemala City,PM10 - Principal,2023-07-21 04:00 AM,2023,07,21,04,24.0,22,Good,23.0,UG/M3,1 Hr,Valid
Guatemala City,PM10 - Principal,2023-07-21 05:00 AM,2023,07,21,05,25.0,23,Good,27.0,UG/M3,1 Hr,Valid
Guatemala City,PM10 - Principal,2023-07-21 06:00 AM,2023,07,21,06,25.0,23,Good,24.0,UG/M3,1 Hr,Valid
Guatemala City,PM10 - Principal,2023-07-21 07:00 AM,2023,07,21,07,25.0,23,Good,27.0,UG/M3,1 Hr,Valid
Guatemala City,PM10 - Principal,2023-07-21 08:00 AM,2023,07,21,08,24.0,22,Good,21.0,UG/M3,1 Hr,Valid
Guatemala City,PM10 - Principal,2023-07-21 09:00 AM,2023,07,21,09,17.0,16,Good,12.0,UG/M3,1 Hr,Valid
Guatemala City,PM10 - Principal,2023-07-21 10:00 AM,2023,07,21,10,18.0,17,Good,19.0,UG/M3,1 Hr,Valid
Guatemala City,PM10 - Principal,2023-07-21 11:00 AM,2023,07,21,11,19.0,18,Good,21.0,UG/M3,1 Hr,Valid
Guatemala City,PM10 - Principal,2023-07-21 12:00 PM,2023,07,21,12,24.0,22,Good,30.0,UG/M3,1 Hr,Valid
Guatemala City,PM10 - Principal,2023-07-21 01:00 PM,2023,07,21,13,23.0,21,Good,22.0,UG/M3,1 Hr,Valid
Guatemala City,PM10 - Principal,2023-07-21 02:00 PM,2023,07,21,14,22.0,20,Good,22.0,UG/M3,1 Hr,Valid
Guatemala City,PM10 - Principal,2023-07-21 03:00 PM,2023,07,21,15,20.0,19,Good,19.0,UG/M3,1 Hr,Valid
Guatemala City,PM10 - Principal,2023-07-21 04:00 PM,2023,07,21,16,26.0,24,Good,32.0,UG/M3,1 Hr,Valid
Guatemala City,PM10 - Principal,2023-07-21 05:00 PM,2023,07,21,17,25.0,23,Good,24.0,UG/M3,1 Hr,Valid
Guatemala City,PM10 - Principal,2023-07-21 06:00 PM,2023,07,21,18,30.0,28,Good,35.0,UG/M3,1 Hr,Valid
Guatemala City,PM10 - Principal,2023-07-21 07:00 PM,2023,07,21,19,31.0,29,Good,33.0,UG/M3,1 Hr,Valid
Guatemala City,PM10 - Principal,2023-07-21 08:00 PM,2023,07,21,20,35.0,32,Good,39.0,UG/M3,1 Hr,Valid
Guatemala City,PM10 - Principal,2023-07-21 09:00 PM,2023,07,21,21,34.0,31,Good,34.0,UG/M3,1 Hr,Valid
Guatemala City,PM10 - Principal,2023-07-21 10:00 PM,2023,07,21,22,33.0,31,Good,32.0,UG/M3,1 Hr,Valid
Guatemala City,PM10 - Principal,2023-07-21 11:00 PM,2023,07,21,23,27.0,25,Good,22.0,UG/M3,1 Hr,Valid
Guatemala City,PM10 - Principal,2023-07-22 12:00 AM,2023,07,22,00,25.0,23,Good,24.0,UG/M3,1 Hr,Valid
Guatemala City,PM10 - Principal,2023-07-22 01:00 AM,2023,07,22,01,25.0,23,Good,25.0,UG/M3,1 Hr,Valid
Guatemala City,PM10 - Principal,2023-07-22 02:00 AM,2023,07,22,02,24.0,22,Good,23.0,UG/M3,1 Hr,Valid
Guatemala City,PM10 - Principal,2023-07-22 03:00 AM,2023,07,22,03,22.0,20,Good,20.0,UG/M3,1 Hr,Valid
Guatemala City,PM10 - Principal,2023-07-22 04:00 AM,2023,07,22,04,19.0,18,Good,16.0,UG/M3,1 Hr,Valid
Guatemala City,PM10 - Principal,2023-07-22 05:00 AM,2023,07,22,05,21.0,19,Good,23.0,UG/M3,1 Hr,Valid
Guatemala City,PM10 - Principal,2023-07-22 06:00 AM,2023,07,22,06,20.0,19,Good,20.0,UG/M3,1 Hr,Valid
Guatemala City,PM10 - Principal,2023-07-22 07:00 AM,2023,07,22,07,20.0,19,Good,20.0,UG/M3,1 Hr,Valid
Guatemala City,PM10 - Principal,2023-07-22 08:00 AM,2023,07,22,08,23.0,21,Good,27.0,UG/M3,1 Hr,Valid
Guatemala City,PM10 - Principal,2023-07-22 09:00 AM,2023,07,22,09,24.0,22,Good,25.0,UG/M3,1 Hr,Valid
Guatemala City,PM10 - Principal,2023-07-22 10:00 AM,2023,07,22,10,27.0,25,Good,31.0,UG/M3,1 Hr,Valid
Guatemala City,PM10 - Principal,2023-07-22 11:00 AM,2023,07,22,11,28.0,26,Good,29.0,UG/M3,1 Hr,Valid
Guatemala City,PM10 - Principal,2023-07-22 12:00 PM,2023,07,22,12,26.0,24,Good,25.0,UG/M3,1 Hr,Valid
Guatemala City,PM10 - Principal,2023-07-22 01:00 PM,2023,07,22,13,26.0,24,Good,26.0,UG/M3,1 Hr,Valid
Guatemala City,PM10 - Principal,2023-07-22 02:00 PM,2023,07,22,14,24.0,22,Good,23.0,UG/M3,1 Hr,Valid
Guatemala City,PM10 - Principal,2023-07-22 03:00 PM,2023,07,22,15,20.0,19,Good,16.0,UG/M3,1 Hr,Valid
Guatemala City,PM10 - Principal,2023-07-22 04:00 PM,2023,07,22,16,20.0,19,Good,21.0,UG/M3,1 Hr,Valid
Guatemala City,PM10 - Principal,2023-07-22 05:00 PM,2023,07,22,17,18.0,17,Good,16.0,UG/M3,1 Hr,Valid
Guatemala City,PM10 - Principal,2023-07-22 06:00 PM,2023,07,22,18,19.0,18,Good,20.0,UG/M3,1 Hr,Valid
Guatemala City,PM10 - Principal,2023-07-22 07:00 PM,2023,07,22,19,22.0,20,Good,25.0,UG/M3,1 Hr,Valid
Guatemala City,PM10 - Principal,2023-07-22 08:00 PM,2023,07,22,20,22.0,20,Good,23.0,UG/M3,1 Hr,Valid
Guatemala City,PM10 - Principal,2023-07-22 09:00 PM,2023,07,22,21,19.0,18,Good,17.0,UG/M3,1 Hr,Valid
Guatemala City,PM10 - Principal,2023-07-22 10:00 PM,2023,07,22,22,19.0,18,Good,20.0,UG/M3,1 Hr,Valid
Guatemala City,PM10 - Principal,2023-07-22 11:00 PM,2023,07,22,23,20.0,19,Good,21.0,UG/M3,1 Hr,Valid
Guatemala City,PM10 - Principal,2023-07-23 12:00 AM,2023,07,23,00,19.0,18,Good,17.0,UG/M3,1 Hr,Valid
Guatemala City,PM10 - Principal,2023-07-23 01:00 AM,2023,07,23,01,14.0,13,Good,10.0,UG/M3,1 Hr,Valid
Guatemala City,PM10 - Principal,2023-07-23 02:00 AM,2023,07,23,02,12.0,11,Good,10.0,UG/M3,1 Hr,Valid
Guatemala City,PM10 - Principal,2023-07-23 03:00 AM,2023,07,23,03,11.0,10,Good,11.0,UG/M3,1 Hr,Valid
Guatemala City,PM10 - Principal,2023-07-23 04:00 AM,2023,07,23,04,11.0,10,Good,12.0,UG/M3,1 Hr,Valid
Guatemala City,PM10 - Principal,2023-07-23 05:00 AM,2023,07,23,05,10.0,9,Good,10.0,UG/M3,1 Hr,Valid
Guatemala City,PM10 - Principal,2023-07-23 06:00 AM,2023,07,23,06,10.0,9,Good,10.0,UG/M3,1 Hr,Valid
Guatemala City,PM10 - Principal,2023-07-23 07:00 AM,2023,07,23,07,11.0,10,Good,12.0,UG/M3,1 Hr,Valid
Guatemala City,PM10 - Principal,2023-07-23 08:00 AM,2023,07,23,08,10.0,9,Good,9.0,UG/M3,1 Hr,Valid
Guatemala City,PM10 - Principal,2023-07-23 09:00 AM,2023,07,23,09,13.0,12,Good,16.0,UG/M3,1 Hr,Valid
Guatemala City,PM10 - Principal,2023-07-23 10:00 AM,2023,07,23,10,10.0,9,Good,8.0,UG/M3,1 Hr,Valid
Guatemala City,PM10 - Principal,2023-07-23 11:00 AM,2023,07,23,11,9.0,8,Good,9.0,UG/M3,1 Hr,Valid
Guatemala City,PM10 - Principal,2023-07-23 12:00 PM,2023,07,23,12,10.0,9,Good,11.0,UG/M3,1 Hr,Valid
Guatemala City,PM10 - Principal,2023-07-23 01:00 PM,2023,07,23,13,13.0,12,Good,17.0,UG/M3,1 Hr,Valid
Guatemala City,PM10 - Principal,2023-07-23 02:00 PM,2023,07,23,14,13.0,12,Good,14.0,UG/M3,1 Hr,Valid
Guatemala City,PM10 - Principal,2023-07-23 03:00 PM,2023,07,23,15,15.0,14,Good,18.0,UG/M3,1 Hr,Valid
Guatemala City,PM10 - Principal,2023-07-23 04:00 PM,2023,07,23,16,17.0,16,Good,19.0,UG/M3,1 Hr,Valid
Guatemala City,PM10 - Principal,2023-07-23 05:00 PM,2023,07,23,17,25.0,23,Good,33.0,UG/M3,1 Hr,Valid
Guatemala City,PM10 - Principal,2023-07-23 06:00 PM,2023,07,23,18,26.0,24,Good,27.0,UG/M3,1 Hr,Valid
Guatemala City,PM10 - Principal,2023-07-23 07:00 PM,2023,07,23,19,31.0,29,Good,37.0,UG/M3,1 Hr,Valid
Guatemala City,PM10 - Principal,2023-07-23 08:00 PM,2023,07,23,20,28.0,26,Good,26.0,UG/M3,1 Hr,Valid
Guatemala City,PM10 - Principal,2023-07-23 09:00 PM,2023,07,23,21,24.0,22,Good,20.0,UG/M3,1 Hr,Valid
Guatemala City,PM10 - Principal,2023-07-23 10:00 PM,2023,07,23,22,23.0,21,Good,23.0,UG/M3,1 Hr,Valid
Guatemala City,PM10 - Principal,2023-07-23 11:00 PM,2023,07,23,23,21.0,19,Good,20.0,UG/M3,1 Hr,Valid
Guatemala City,PM10 - Principal,2023-07-24 12:00 AM,2023,07,24,00,19.0,18,Good,18.0,UG/M3,1 Hr,Valid
Guatemala City,PM10 - Principal,2023-07-24 01:00 AM,2023,07,24,01,20.0,19,Good,22.0,UG/M3,1 Hr,Valid
Guatemala City,PM10 - Principal,2023-07-24 02:00 AM,2023,07,24,02,19.0,18,Good,19.0,UG/M3,1 Hr,Valid
Guatemala City,PM10 - Principal,2023-07-24 03:00 AM,2023,07,24,03,15.0,14,Good,11.0,UG/M3,1 Hr,Valid
Guatemala City,PM10 - Principal,2023-07-24 04:00 AM,2023,07,24,04,11.0,10,Good,7.0,UG/M3,1 Hr,Valid
Guatemala City,PM10 - Principal,2023-07-24 05:00 AM,2023,07,24,05,10.0,9,Good,10.0,UG/M3,1 Hr,Valid
Guatemala City,PM10 - Principal,2023-07-24 06:00 AM,2023,07,24,06,14.0,13,Good,18.0,UG/M3,1 Hr,Valid
Guatemala City,PM10 - Principal,2023-07-24 07:00 AM,2023,07,24,07,20.0,19,Good,26.0,UG/M3,1 Hr,Valid
Guatemala City,PM10 - Principal,2023-07-24 08:00 AM,2023,07,24,08,25.0,23,Good,30.0,UG/M3,1 Hr,Valid
Guatemala City,PM10 - Principal,2023-07-24 09:00 AM,2023,07,24,09,31.0,29,Good,37.0,UG/M3,1 Hr,Valid
Guatemala City,PM10 - Principal,2023-07-24 10:00 AM,2023,07,24,10,35.0,32,Good,40.0,UG/M3,1 Hr,Valid
Guatemala City,PM10 - Principal,2023-07-24 11:00 AM,2023,07,24,11,35.0,32,Good,36.0,UG/M3,1 Hr,Valid
Guatemala City,PM10 - Principal,2023-07-24 12:00 PM,2023,07,24,12,35.0,32,Good,35.0,UG/M3,1 Hr,Valid
Guatemala City,PM10 - Principal,2023-07-24 01:00 PM,2023,07,24,13,34.0,31,Good,33.0,UG/M3,1 Hr,Valid
Guatemala City,PM10 - Principal,2023-07-24 02:00 PM,2023,07,24,14,30.0,28,Good,26.0,UG/M3,1 Hr,Valid
Guatemala City,PM10 - Principal,2023-07-24 03:00 PM,2023,07,24,15,27.0,25,Good,25.0,UG/M3,1 Hr,Valid
Guatemala City,PM10 - Principal,2023-07-24 04:00 PM,2023,07,24,16,27.0,25,Good,27.0,UG/M3,1 Hr,Valid
Guatemala City,PM10 - Principal,2023-07-24 05:00 PM,2023,07,24,17,20.0,19,Good,13.0,UG/M3,1 Hr,Valid
Guatemala City,PM10 - Principal,2023-07-24 06:00 PM,2023,07,24,18,23.0,21,Good,27.0,UG/M3,1 Hr,Valid
Guatemala City,PM10 - Principal,2023-07-24 07:00 PM,2023,07,24,19,23.0,21,Good,24.0,UG/M3,1 Hr,Valid
Guatemala City,PM10 - Principal,2023-07-24 08:00 PM,2023,07,24,20,24.0,22,Good,26.0,UG/M3,1 Hr,Valid
Guatemala City,PM10 - Principal,2023-07-24 09:00 PM,2023,07,24,21,23.0,21,Good,23.0,UG/M3,1 Hr,Valid
Guatemala City,PM10 - Principal,2023-07-24 10:00 PM,2023,07,24,22,28.0,26,Good,34.0,UG/M3,1 Hr,Valid
Guatemala City,PM10 - Principal,2023-07-24 11:00 PM,2023,07,24,23,27.0,25,Good,26.0,UG/M3,1 Hr,Valid
Guatemala City,PM10 - Principal,2023-07-25 12:00 AM,2023,07,25,00,26.0,24,Good,26.0,UG/M3,1 Hr,Valid
Guatemala City,PM10 - Principal,2023-07-25 01:00 AM,2023,07,25,01,22.0,20,Good,18.0,UG/M3,1 Hr,Valid
Guatemala City,PM10 - Principal,2023-07-25 02:00 AM,2023,07,25,02,21.0,19,Good,20.0,UG/M3,1 Hr,Valid
Guatemala City,PM10 - Principal,2023-07-25 03:00 AM,2023,07,25,03,22.0,20,Good,24.0,UG/M3,1 Hr,Valid
Guatemala City,PM10 - Principal,2023-07-25 04:00 AM,2023,07,25,04,23.0,21,Good,24.0,UG/M3,1 Hr,Valid
Guatemala City,PM10 - Principal,2023-07-25 05:00 AM,2023,07,25,05,27.0,25,Good,32.0,UG/M3,1 Hr,Valid
Guatemala City,PM10 - Principal,2023-07-25 06:00 AM,2023,07,25,06,31.0,29,Good,35.0,UG/M3,1 Hr,Valid
Guatemala City,PM10 - Principal,2023-07-25 07:00 AM,2023,07,25,07,34.0,31,Good,38.0,UG/M3,1 Hr,Valid
Guatemala City,PM10 - Principal,2023-07-25 08:00 AM,2023,07,25,08,38.0,35,Good,43.0,UG/M3,1 Hr,Valid
Guatemala City,PM10 - Principal,2023-07-25 09:00 AM,2023,07,25,09,30.0,28,Good,22.0,UG/M3,1 Hr,Valid
Guatemala City,PM10 - Principal,2023-07-25 10:00 AM,2023,07,25,10,28.0,26,Good,26.0,UG/M3,1 Hr,Valid
Guatemala City,PM10 - Principal,2023-07-25 11:00 AM,2023,07,25,11,28.0,26,Good,29.0,UG/M3,1 Hr,Valid
Guatemala City,PM10 - Principal,2023-07-25 12:00 PM,2023,07,25,12,32.0,30,Good,37.0,UG/M3,1 Hr,Valid
Guatemala City,PM10 - Principal,2023-07-25 01:00 PM,2023,07,25,13,35.0,32,Good,38.0,UG/M3,1 Hr,Valid
Guatemala City,PM10 - Principal,2023-07-25 02:00 PM,2023,07,25,14,39.0,36,Good,43.0,UG/M3,1 Hr,Valid
Guatemala City,PM10 - Principal,2023-07-25 03:00 PM,2023,07,25,15,41.0,38,Good,44.0,UG/M3,1 Hr,Valid
Guatemala City,PM10 - Principal,2023-07-25 04:00 PM,2023,07,25,16,39.0,36,Good,38.0,UG/M3,1 Hr,Valid
Guatemala City,PM10 - Principal,2023-07-25 05:00 PM,2023,07,25,17,40.0,37,Good,42.0,UG/M3,1 Hr,Valid
Guatemala City,PM10 - Principal,2023-07-25 06:00 PM,2023,07,25,18,44.0,41,Good,48.0,UG/M3,1 Hr,Valid
Guatemala City,PM10 - Principal,2023-07-25 07:00 PM,2023,07,25,19,49.0,45,Good,54.0,UG/M3,1 Hr,Valid
Guatemala City,PM10 - Principal,2023-07-25 08:00 PM,2023,07,25,20,50.0,46,Good,51.0,UG/M3,1 Hr,Valid
Guatemala City,PM10 - Principal,2023-07-25 09:00 PM,2023,07,25,21,52.0,48,Good,55.0,UG/M3,1 Hr,Valid
Guatemala City,PM10 - Principal,2023-07-25 10:00 PM,2023,07,25,22,52.0,48,Good,52.0,UG/M3,1 Hr,Valid
Guatemala City,PM10 - Principal,2023-07-25 11:00 PM,2023,07,25,23,50.0,46,Good,49.0,UG/M3,1 Hr,Valid
Guatemala City,PM10 - Principal,2023-07-26 12:00 AM,2023,07,26,00,48.0,44,Good,46.0,UG/M3,1 Hr,Valid
Guatemala City,PM10 - Principal,2023-07-26 01:00 AM,2023,07,26,01,45.0,42,Good,39.0,UG/M3,1 Hr,Valid
Guatemala City,PM10 - Principal,2023-07-26 02:00 AM,2023,07,26,02,45.0,42,Good,44.0,UG/M3,1 Hr,Valid
Guatemala City,PM10 - Principal,2023-07-26 03:00 AM,2023,07,26,03,44.0,41,Good,43.0,UG/M3,1 Hr,Valid
Guatemala City,PM10 - Principal,2023-07-26 04:00 AM,2023,07,26,04,43.0,40,Good,42.0,UG/M3,1 Hr,Valid
Guatemala City,PM10 - Principal,2023-07-26 05:00 AM,2023,07,26,05,45.0,42,Good,50.0,UG/M3,1 Hr,Valid
Guatemala City,PM10 - Principal,2023-07-26 06:00 AM,2023,07,26,06,47.0,44,Good,51.0,UG/M3,1 Hr,Valid
Guatemala City,PM10 - Principal,2023-07-26 07:00 AM,2023,07,26,07,51.0,47,Good,59.0,UG/M3,1 Hr,Valid
Guatemala City,PM10 - Principal,2023-07-26 08:00 AM,2023,07,26,08,56.0,51,Moderate,63.0,UG/M3,1 Hr,Valid
Guatemala City,PM10 - Principal,2023-07-26 09:00 AM,2023,07,26,09,53.0,49,Good,50.0,UG/M3,1 Hr,Valid
Guatemala City,PM10 - Principal,2023-07-26 10:00 AM,2023,07,26,10,52.0,48,Good,51.0,UG/M3,1 Hr,Valid
Guatemala City,PM10 - Principal,2023-07-26 11:00 AM,2023,07,26,11,53.0,49,Good,55.0,UG/M3,1 Hr,Valid
Guatemala City,PM10 - Principal,2023-07-26 12:00 PM,2023,07,26,12,49.0,45,Good,43.0,UG/M3,1 Hr,Valid
Guatemala City,PM10 - Principal,2023-07-26 01:00 PM,2023,07,26,13,47.0,44,Good,42.0,UG/M3,1 Hr,Valid
Guatemala City,PM10 - Principal,2023-07-26 02:00 PM,2023,07,26,14,38.0,35,Good,31.0,UG/M3,1 Hr,Valid
Guatemala City,PM10 - Principal,2023-07-26 03:00 PM,2023,07,26,15,37.0,34,Good,36.0,UG/M3,1 Hr,Valid
Guatemala City,PM10 - Principal,2023-07-26 04:00 PM,2023,07,26,16,36.0,33,Good,35.0,UG/M3,1 Hr,Valid
Guatemala City,PM10 - Principal,2023-07-26 05:00 PM,2023,07,26,17,37.0,34,Good,39.0,UG/M3,1 Hr,Valid
Guatemala City,PM10 - Principal,2023-07-26 06:00 PM,2023,07,26,18,36.0,33,Good,35.0,UG/M3,1 Hr,Valid
Guatemala City,PM10 - Principal,2023-07-26 07:00 PM,2023,07,26,19,37.0,34,Good,38.0,UG/M3,1 Hr,Valid
Guatemala City,PM10 - Principal,2023-07-26 08:00 PM,2023,07,26,20,41.0,38,Good,46.0,UG/M3,1 Hr,Valid
Guatemala City,PM10 - Principal,2023-07-26 09:00 PM,2023,07,26,21,42.0,39,Good,44.0,UG/M3,1 Hr,Valid
Guatemala City,PM10 - Principal,2023-07-26 10:00 PM,2023,07,26,22,43.0,40,Good,45.0,UG/M3,1 Hr,Valid
Guatemala City,PM10 - Principal,2023-07-26 11:00 PM,2023,07,26,23,45.0,42,Good,49.0,UG/M3,1 Hr,Valid
Guatemala City,PM10 - Principal,2023-07-27 12:00 AM,2023,07,27,00,43.0,40,Good,42.0,UG/M3,1 Hr,Valid
Guatemala City,PM10 - Principal,2023-07-27 01:00 AM,2023,07,27,01,43.0,40,Good,42.0,UG/M3,1 Hr,Valid
Guatemala City,PM10 - Principal,2023-07-27 02:00 AM,2023,07,27,02,41.0,38,Good,39.0,UG/M3,1 Hr,Valid
Guatemala City,PM10 - Principal,2023-07-27 03:00 AM,2023,07,27,03,42.0,39,Good,44.0,UG/M3,1 Hr,Valid
Guatemala City,PM10 - Principal,2023-07-27 04:00 AM,2023,07,27,04,42.0,39,Good,41.0,UG/M3,1 Hr,Valid
Guatemala City,PM10 - Principal,2023-07-27 05:00 AM,2023,07,27,05,43.0,40,Good,45.0,UG/M3,1 Hr,Valid
Guatemala City,PM10 - Principal,2023-07-27 06:00 AM,2023,07,27,06,42.0,39,Good,40.0,UG/M3,1 Hr,Valid
Guatemala City,PM10 - Principal,2023-07-27 07:00 AM,2023,07,27,07,41.0,38,Good,39.0,UG/M3,1 Hr,Valid
Guatemala City,PM10 - Principal,2023-07-27 08:00 AM,2023,07,27,08,41.0,38,Good,40.0,UG/M3,1 Hr,Valid
Guatemala City,PM10 - Principal,2023-07-27 09:00 AM,2023,07,27,09,40.0,37,Good,37.0,UG/M3,1 Hr,Valid
Guatemala City,PM10 - Principal,2023-07-27 10:00 AM,2023,07,27,10,42.0,39,Good,49.0,UG/M3,1 Hr,Valid
Guatemala City,PM10 - Principal,2023-07-27 11:00 AM,2023,07,27,11,41.0,38,Good,40.0,UG/M3,1 Hr,Valid
Guatemala City,PM10 - Principal,2023-07-27 12:00 PM,2023,07,27,12,38.0,35,Good,32.0,UG/M3,1 Hr,Valid
Guatemala City,PM10 - Principal,2023-07-27 01:00 PM,2023,07,27,13,35.0,32,Good,31.0,UG/M3,1 Hr,Valid
Guatemala City,PM10 - Principal,2023-07-27 02:00 PM,2023,07,27,14,34.0,31,Good,32.0,UG/M3,1 Hr,Valid
Guatemala City,PM10 - Principal,2023-07-27 03:00 PM,2023,07,27,15,31.0,29,Good,29.0,UG/M3,1 Hr,Valid
Guatemala City,PM10 - Principal,2023-07-27 04:00 PM,2023,07,27,16,28.0,26,Good,26.0,UG/M3,1 Hr,Valid
Guatemala City,PM10 - Principal,2023-07-27 05:00 PM,2023,07,27,17,27.0,25,Good,26.0,UG/M3,1 Hr,Valid
Guatemala City,PM10 - Principal,2023-07-27 06:00 PM,2023,07,27,18,34.0,31,Good,43.0,UG/M3,1 Hr,Valid
Guatemala City,PM10 - Principal,2023-07-27 07:00 PM,2023,07,27,19,41.0,38,Good,49.0,UG/M3,1 Hr,Valid
Guatemala City,PM10 - Principal,2023-07-27 08:00 PM,2023,07,27,20,44.0,41,Good,48.0,UG/M3,1 Hr,Valid
Guatemala City,PM10 - Principal,2023-07-27 09:00 PM,2023,07,27,21,41.0,38,Good,38.0,UG/M3,1 Hr,Valid
Guatemala City,PM10 - Principal,2023-07-27 10:00 PM,2023,07,27,22,38.0,35,Good,36.0,UG/M3,1 Hr,Valid
Guatemala City,PM10 - Principal,2023-07-27 11:00 PM,2023,07,27,23,36.0,33,Good,33.0,UG/M3,1 Hr,Valid
Guatemala City,PM10 - Principal,2023-07-28 12:00 AM,2023,07,28,00,34.0,31,Good,33.0,UG/M3,1 Hr,Valid
Guatemala City,PM10 - Principal,2023-07-28 01:00 AM,2023,07,28,01,30.0,28,Good,26.0,UG/M3,1 Hr,Valid
Guatemala City,PM10 - Principal,2023-07-28 02:00 AM,2023,07,28,02,27.0,25,Good,24.0,UG/M3,1 Hr,Valid
Guatemala City,PM10 - Principal,2023-07-28 03:00 AM,2023,07,28,03,25.0,23,Good,24.0,UG/M3,1 Hr,Valid
Guatemala City,PM10 - Principal,2023-07-28 04:00 AM,2023,07,28,04,26.0,24,Good,27.0,UG/M3,1 Hr,Valid
Guatemala City,PM10 - Principal,2023-07-28 05:00 AM,2023,07,28,05,28.0,26,Good,31.0,UG/M3,1 Hr,Valid
Guatemala City,PM10 - Principal,2023-07-28 06:00 AM,2023,07,28,06,30.0,28,Good,32.0,UG/M3,1 Hr,Valid
Guatemala City,PM10 - Principal,2023-07-28 07:00 AM,2023,07,28,07,32.0,30,Good,35.0,UG/M3,1 Hr,Valid
Guatemala City,PM10 - Principal,2023-07-28 08:00 AM,2023,07,28,08,31.0,29,Good,31.0,UG/M3,1 Hr,Valid
Guatemala City,PM10 - Principal,2023-07-28 09:00 AM,2023,07,28,09,30.0,28,Good,28.0,UG/M3,1 Hr,Valid
Guatemala City,PM10 - Principal,2023-07-28 10:00 AM,2023,07,28,10,28.0,26,Good,26.0,UG/M3,1 Hr,Valid
Guatemala City,PM10 - Principal,2023-07-28 11:00 AM,2023,07,28,11,24.0,22,Good,20.0,UG/M3,1 Hr,Valid
Guatemala City,PM10 - Principal,2023-07-28 12:00 PM,2023,07,28,12,17.0,16,Good,12.0,UG/M3,1 Hr,Valid
Guatemala City,PM10 - Principal,2023-07-28 01:00 PM,2023,07,28,13,15.0,14,Good,14.0,UG/M3,1 Hr,Valid
Guatemala City,PM10 - Principal,2023-07-28 02:00 PM,2023,07,28,14,17.0,16,Good,20.0,UG/M3,1 Hr,Valid
Guatemala City,PM10 - Principal,2023-07-28 03:00 PM,2023,07,28,15,17.0,16,Good,18.0,UG/M3,1 Hr,Valid
Guatemala City,PM10 - Principal,2023-07-28 04:00 PM,2023,07,28,16,19.0,18,Good,21.0,UG/M3,1 Hr,Valid
Guatemala City,PM10 - Principal,2023-07-28 05:00 PM,2023,07,28,17,20.0,19,Good,21.0,UG/M3,1 Hr,Valid
Guatemala City,PM10 - Principal,2023-07-28 06:00 PM,2023,07,28,18,23.0,21,Good,27.0,UG/M3,1 Hr,Valid
Guatemala City,PM10 - Principal,2023-07-28 07:00 PM,2023,07,28,19,27.0,25,Good,32.0,UG/M3,1 Hr,Valid
Guatemala City,PM10 - Principal,2023-07-28 08:00 PM,2023,07,28,20,27.0,25,Good,27.0,UG/M3,1 Hr,Valid
Guatemala City,PM10 - Principal,2023-07-28 09:00 PM,2023,07,28,21,23.0,21,Good,19.0,UG/M3,1 Hr,Valid
Guatemala City,PM10 - Principal,2023-07-28 10:00 PM,2023,07,28,22,21.0,19,Good,19.0,UG/M3,1 Hr,Valid
Guatemala City,PM10 - Principal,2023-07-28 11:00 PM,2023,07,28,23,19.0,18,Good,18.0,UG/M3,1 Hr,Valid
Guatemala City,PM10 - Principal,2023-07-29 12:00 AM,2023,07,29,00,17.0,16,Good,15.0,UG/M3,1 Hr,Valid
Guatemala City,PM10 - Principal,2023-07-29 01:00 AM,2023,07,29,01,17.0,16,Good,17.0,UG/M3,1 Hr,Valid
Guatemala City,PM10 - Principal,2023-07-29 02:00 AM,2023,07,29,02,17.0,16,Good,17.0,UG/M3,1 Hr,Valid
Guatemala City,PM10 - Principal,2023-07-29 03:00 AM,2023,07,29,03,15.0,14,Good,13.0,UG/M3,1 Hr,Valid
Guatemala City,PM10 - Principal,2023-07-29 04:00 AM,2023,07,29,04,12.0,11,Good,10.0,UG/M3,1 Hr,Valid
Guatemala City,PM10 - Principal,2023-07-29 05:00 AM,2023,07,29,05,10.0,9,Good,8.0,UG/M3,1 Hr,Valid
Guatemala City,PM10 - Principal,2023-07-29 06:00 AM,2023,07,29,06,10.0,9,Good,11.0,UG/M3,1 Hr,Valid
Guatemala City,PM10 - Principal,2023-07-29 07:00 AM,2023,07,29,07,14.0,13,Good,18.0,UG/M3,1 Hr,Valid
Guatemala City,PM10 - Principal,2023-07-29 08:00 AM,2023,07,29,08,18.0,17,Good,22.0,UG/M3,1 Hr,Valid
Guatemala City,PM10 - Principal,2023-07-29 09:00 AM,2023,07,29,09,10.0,9,Good,2.0,UG/M3,1 Hr,Valid
Guatemala City,PM10 - Principal,2023-07-29 10:00 AM,2023,07,29,10,8.0,7,Good,6.0,UG/M3,1 Hr,Valid
Guatemala City,PM10 - Principal,2023-07-29 11:00 AM,2023,07,29,11,7.0,6,Good,6.0,UG/M3,1 Hr,Valid
Guatemala City,PM10 - Principal,2023-07-29 12:00 PM,2023,07,29,12,7.0,6,Good,-999.0,UG/M3,1 Hr,Missing
Guatemala City,PM10 - Principal,2023-07-29 03:00 PM,2023,07,29,15,-999.0,-999,N/A,22.0,UG/M3,1 Hr,Valid
Guatemala City,PM10 - Principal,2023-07-29 04:00 PM,2023,07,29,16,15.0,14,Good,13.0,UG/M3,1 Hr,Valid
Guatemala City,PM10 - Principal,2023-07-29 05:00 PM,2023,07,29,17,15.0,14,Good,15.0,UG/M3,1 Hr,Valid
Guatemala City,PM10 - Principal,2023-07-29 06:00 PM,2023,07,29,18,14.0,13,Good,13.0,UG/M3,1 Hr,Valid
Guatemala City,PM10 - Principal,2023-07-29 07:00 PM,2023,07,29,19,15.0,14,Good,17.0,UG/M3,1 Hr,Valid
Guatemala City,PM10 - Principal,2023-07-29 08:00 PM,2023,07,29,20,14.0,13,Good,14.0,UG/M3,1 Hr,Valid
Guatemala City,PM10 - Principal,2023-07-29 09:00 PM,2023,07,29,21,14.0,13,Good,14.0,UG/M3,1 Hr,Valid
Guatemala City,PM10 - Principal,2023-07-29 10:00 PM,2023,07,29,22,12.0,11,Good,11.0,UG/M3,1 Hr,Valid
Guatemala City,PM10 - Principal,2023-07-29 11:00 PM,2023,07,29,23,11.0,10,Good,10.0,UG/M3,1 Hr,Valid
Guatemala City,PM10 - Principal,2023-07-30 12:00 AM,2023,07,30,00,10.0,9,Good,10.0,UG/M3,1 Hr,Valid
Guatemala City,PM10 - Principal,2023-07-30 01:00 AM,2023,07,30,01,14.0,13,Good,18.0,UG/M3,1 Hr,Valid
Guatemala City,PM10 - Principal,2023-07-30 02:00 AM,2023,07,30,02,13.0,12,Good,12.0,UG/M3,1 Hr,Valid
Guatemala City,PM10 - Principal,2023-07-30 03:00 AM,2023,07,30,03,10.0,9,Good,8.0,UG/M3,1 Hr,Valid
Guatemala City,PM10 - Principal,2023-07-30 04:00 AM,2023,07,30,04,7.0,6,Good,5.0,UG/M3,1 Hr,Valid
Guatemala City,PM10 - Principal,2023-07-30 05:00 AM,2023,07,30,05,7.0,6,Good,7.0,UG/M3,1 Hr,Valid
Guatemala City,PM10 - Principal,2023-07-30 06:00 AM,2023,07,30,06,10.0,9,Good,14.0,UG/M3,1 Hr,Valid
Guatemala City,PM10 - Principal,2023-07-30 07:00 AM,2023,07,30,07,10.0,9,Good,11.0,UG/M3,1 Hr,Valid
Guatemala City,PM10 - Principal,2023-07-30 08:00 AM,2023,07,30,08,11.0,10,Good,13.0,UG/M3,1 Hr,Valid
Guatemala City,PM10 - Principal,2023-07-30 09:00 AM,2023,07,30,09,10.0,9,Good,10.0,UG/M3,1 Hr,Valid
Guatemala City,PM10 - Principal,2023-07-30 10:00 AM,2023,07,30,10,9.0,8,Good,8.0,UG/M3,1 Hr,Valid
Guatemala City,PM10 - Principal,2023-07-30 11:00 AM,2023,07,30,11,8.0,7,Good,8.0,UG/M3,1 Hr,Valid
Guatemala City,PM10 - Principal,2023-07-30 12:00 PM,2023,07,30,12,7.0,6,Good,7.0,UG/M3,1 Hr,Valid
Guatemala City,PM10 - Principal,2023-07-30 01:00 PM,2023,07,30,13,9.0,8,Good,12.0,UG/M3,1 Hr,Valid
Guatemala City,PM10 - Principal,2023-07-30 02:00 PM,2023,07,30,14,10.0,9,Good,11.0,UG/M3,1 Hr,Valid
Guatemala City,PM10 - Principal,2023-07-30 03:00 PM,2023,07,30,15,10.0,9,Good,10.0,UG/M3,1 Hr,Valid
Guatemala City,PM10 - Principal,2023-07-30 04:00 PM,2023,07,30,16,9.0,8,Good,8.0,UG/M3,1 Hr,Valid
Guatemala City,PM10 - Principal,2023-07-30 05:00 PM,2023,07,30,17,9.0,8,Good,9.0,UG/M3,1 Hr,Valid
Guatemala City,PM10 - Principal,2023-07-30 06:00 PM,2023,07,30,18,10.0,9,Good,12.0,UG/M3,1 Hr,Valid
Guatemala City,PM10 - Principal,2023-07-30 07:00 PM,2023,07,30,19,10.0,9,Good,11.0,UG/M3,1 Hr,Valid
Guatemala City,PM10 - Principal,2023-07-30 08:00 PM,2023,07,30,20,13.0,12,Good,17.0,UG/M3,1 Hr,Valid
Guatemala City,PM10 - Principal,2023-07-30 09:00 PM,2023,07,30,21,15.0,14,Good,18.0,UG/M3,1 Hr,Valid
Guatemala City,PM10 - Principal,2023-07-30 10:00 PM,2023,07,30,22,18.0,17,Good,21.0,UG/M3,1 Hr,Valid
Guatemala City,PM10 - Principal,2023-07-30 11:00 PM,2023,07,30,23,16.0,15,Good,14.0,UG/M3,1 Hr,Valid
Guatemala City,PM10 - Principal,2023-07-31 12:00 AM,2023,07,31,00,11.0,10,Good,7.0,UG/M3,1 Hr,Valid
Guatemala City,PM10 - Principal,2023-07-31 01:00 AM,2023,07,31,01,13.0,12,Good,16.0,UG/M3,1 Hr,Valid
Guatemala City,PM10 - Principal,2023-07-31 02:00 AM,2023,07,31,02,12.0,11,Good,12.0,UG/M3,1 Hr,Valid
Guatemala City,PM10 - Principal,2023-07-31 03:00 AM,2023,07,31,03,11.0,10,Good,11.0,UG/M3,1 Hr,Valid
Guatemala City,PM10 - Principal,2023-07-31 04:00 AM,2023,07,31,04,10.0,9,Good,9.0,UG/M3,1 Hr,Valid
Guatemala City,PM10 - Principal,2023-07-31 05:00 AM,2023,07,31,05,10.0,9,Good,10.0,UG/M3,1 Hr,Valid
Guatemala City,PM10 - Principal,2023-07-31 06:00 AM,2023,07,31,06,9.0,8,Good,8.0,UG/M3,1 Hr,Valid
Guatemala City,PM10 - Principal,2023-07-31 07:00 AM,2023,07,31,07,13.0,12,Good,18.0,UG/M3,1 Hr,Valid
Guatemala City,PM10 - Principal,2023-07-31 08:00 AM,2023,07,31,08,19.0,18,Good,25.0,UG/M3,1 Hr,Valid
Guatemala City,PM10 - Principal,2023-07-31 09:00 AM,2023,07,31,09,21.0,19,Good,24.0,UG/M3,1 Hr,Valid
Guatemala City,PM10 - Principal,2023-07-31 10:00 AM,2023,07,31,10,20.0,19,Good,19.0,UG/M3,1 Hr,Valid
Guatemala City,PM10 - Principal,2023-07-31 11:00 AM,2023,07,31,11,19.0,18,Good,19.0,UG/M3,1 Hr,Valid
Guatemala City,PM10 - Principal,2023-07-31 12:00 PM,2023,07,31,12,18.0,17,Good,18.0,UG/M3,1 Hr,Valid
Guatemala City,PM10 - Principal,2023-07-31 01:00 PM,2023,07,31,13,15.0,14,Good,13.0,UG/M3,1 Hr,Valid
Guatemala City,PM10 - Principal,2023-07-31 02:00 PM,2023,07,31,14,12.0,11,Good,10.0,UG/M3,1 Hr,Valid
Guatemala City,PM10 - Principal,2023-07-31 03:00 PM,2023,07,31,15,13.0,12,Good,14.0,UG/M3,1 Hr,Valid
Guatemala City,PM10 - Principal,2023-07-31 04:00 PM,2023,07,31,16,11.0,10,Good,10.0,UG/M3,1 Hr,Valid
Guatemala City,PM10 - Principal,2023-07-31 05:00 PM,2023,07,31,17,12.0,11,Good,13.0,UG/M3,1 Hr,Valid
Guatemala City,PM10 - Principal,2023-07-31 06:00 PM,2023,07,31,18,17.0,16,Good,23.0,UG/M3,1 Hr,Valid
Guatemala City,PM10 - Principal,2023-07-31 07:00 PM,2023,07,31,19,17.0,16,Good,18.0,UG/M3,1 Hr,Valid
Guatemala City,PM10 - Principal,2023-07-31 08:00 PM,2023,07,31,20,18.0,17,Good,20.0,UG/M3,1 Hr,Valid
Guatemala City,PM10 - Principal,2023-07-31 09:00 PM,2023,07,31,21,14.0,13,Good,10.0,UG/M3,1 Hr,Valid
Guatemala City,PM10 - Principal,2023-07-31 10:00 PM,2023,07,31,22,14.0,13,Good,14.0,UG/M3,1 Hr,Valid
Guatemala City,PM10 - Principal,2023-07-31 11:00 PM,2023,07,31,23,12.0,11,Good,10.0,UG/M3,1 Hr,Valid
Guatemala City,PM10 - Principal,2023-08-01 12:00 AM,2023,08,01,00,10.0,9,Good,8.0,UG/M3,1 Hr,Valid
Guatemala City,PM10 - Principal,2023-08-01 01:00 AM,2023,08,01,01,8.0,7,Good,6.0,UG/M3,1 Hr,Valid
Guatemala City,PM10 - Principal,2023-08-01 02:00 AM,2023,08,01,02,8.0,7,Good,9.0,UG/M3,1 Hr,Valid
Guatemala City,PM10 - Principal,2023-08-01 03:00 AM,2023,08,01,03,7.0,6,Good,7.0,UG/M3,1 Hr,Valid
Guatemala City,PM10 - Principal,2023-08-01 04:00 AM,2023,08,01,04,8.0,7,Good,9.0,UG/M3,1 Hr,Valid
Guatemala City,PM10 - Principal,2023-08-01 05:00 AM,2023,08,01,05,7.0,6,Good,7.0,UG/M3,1 Hr,Valid
Guatemala City,PM10 - Principal,2023-08-01 06:00 AM,2023,08,01,06,8.0,7,Good,10.0,UG/M3,1 Hr,Valid
Guatemala City,PM10 - Principal,2023-08-01 07:00 AM,2023,08,01,07,12.0,11,Good,16.0,UG/M3,1 Hr,Valid
Guatemala City,PM10 - Principal,2023-08-01 08:00 AM,2023,08,01,08,17.0,16,Good,23.0,UG/M3,1 Hr,Valid
Guatemala City,PM10 - Principal,2023-08-01 09:00 AM,2023,08,01,09,23.0,21,Good,29.0,UG/M3,1 Hr,Valid
Guatemala City,PM10 - Principal,2023-08-01 10:00 AM,2023,08,01,10,19.0,18,Good,15.0,UG/M3,1 Hr,Valid
Guatemala City,PM10 - Principal,2023-08-01 11:00 AM,2023,08,01,11,17.0,16,Good,16.0,UG/M3,1 Hr,Valid
Guatemala City,PM10 - Principal,2023-08-01 12:00 PM,2023,08,01,12,19.0,18,Good,21.0,UG/M3,1 Hr,Valid
Guatemala City,PM10 - Principal,2023-08-01 01:00 PM,2023,08,01,13,14.0,13,Good,10.0,UG/M3,1 Hr,Valid
Guatemala City,PM10 - Principal,2023-08-01 02:00 PM,2023,08,01,14,15.0,14,Good,17.0,UG/M3,1 Hr,Valid
Guatemala City,PM10 - Principal,2023-08-01 03:00 PM,2023,08,01,15,14.0,13,Good,14.0,UG/M3,1 Hr,Valid
Guatemala City,PM10 - Principal,2023-08-01 04:00 PM,2023,08,01,16,12.0,11,Good,10.0,UG/M3,1 Hr,Valid
Guatemala City,PM10 - Principal,2023-08-01 05:00 PM,2023,08,01,17,11.0,10,Good,10.0,UG/M3,1 Hr,Valid
Guatemala City,PM10 - Principal,2023-08-01 06:00 PM,2023,08,01,18,15.0,14,Good,20.0,UG/M3,1 Hr,Valid
Guatemala City,PM10 - Principal,2023-08-01 07:00 PM,2023,08,01,19,19.0,18,Good,23.0,UG/M3,1 Hr,Valid
Guatemala City,PM10 - Principal,2023-08-01 08:00 PM,2023,08,01,20,18.0,17,Good,17.0,UG/M3,1 Hr,Valid
Guatemala City,PM10 - Principal,2023-08-01 09:00 PM,2023,08,01,21,17.0,16,Good,16.0,UG/M3,1 Hr,Valid
Guatemala City,PM10 - Principal,2023-08-01 10:00 PM,2023,08,01,22,14.0,13,Good,11.0,UG/M3,1 Hr,Valid
Guatemala City,PM10 - Principal,2023-08-01 11:00 PM,2023,08,01,23,14.0,13,Good,15.0,UG/M3,1 Hr,Valid
Guatemala City,PM10 - Principal,2023-08-02 12:00 AM,2023,08,02,00,11.0,10,Good,8.0,UG/M3,1 Hr,Valid
Guatemala City,PM10 - Principal,2023-08-02 01:00 AM,2023,08,02,01,13.0,12,Good,16.0,UG/M3,1 Hr,Valid
Guatemala City,PM10 - Principal,2023-08-02 02:00 AM,2023,08,02,02,10.0,9,Good,8.0,UG/M3,1 Hr,Valid
Guatemala City,PM10 - Principal,2023-08-02 03:00 AM,2023,08,02,03,8.0,7,Good,7.0,UG/M3,1 Hr,Valid
Guatemala City,PM10 - Principal,2023-08-02 04:00 AM,2023,08,02,04,8.0,7,Good,8.0,UG/M3,1 Hr,Valid
Guatemala City,PM10 - Principal,2023-08-02 05:00 AM,2023,08,02,05,14.0,13,Good,20.0,UG/M3,1 Hr,Valid
Guatemala City,PM10 - Principal,2023-08-02 06:00 AM,2023,08,02,06,14.0,13,Good,14.0,UG/M3,1 Hr,Valid
Guatemala City,PM10 - Principal,2023-08-02 07:00 AM,2023,08,02,07,13.0,12,Good,12.0,UG/M3,1 Hr,Valid
Guatemala City,PM10 - Principal,2023-08-02 08:00 AM,2023,08,02,08,17.0,16,Good,21.0,UG/M3,1 Hr,Valid
Guatemala City,PM10 - Principal,2023-08-02 09:00 AM,2023,08,02,09,19.0,18,Good,21.0,UG/M3,1 Hr,Valid
Guatemala City,PM10 - Principal,2023-08-02 10:00 AM,2023,08,02,10,22.0,20,Good,26.0,UG/M3,1 Hr,Valid
Guatemala City,PM10 - Principal,2023-08-02 11:00 AM,2023,08,02,11,27.0,25,Good,32.0,UG/M3,1 Hr,Valid
Guatemala City,PM10 - Principal,2023-08-02 12:00 PM,2023,08,02,12,33.0,31,Good,39.0,UG/M3,1 Hr,Valid
Guatemala City,PM10 - Principal,2023-08-02 01:00 PM,2023,08,02,13,34.0,31,Good,35.0,UG/M3,1 Hr,Valid
Guatemala City,PM10 - Principal,2023-08-02 02:00 PM,2023,08,02,14,31.0,29,Good,29.0,UG/M3,1 Hr,Valid
Guatemala City,PM10 - Principal,2023-08-02 03:00 PM,2023,08,02,15,30.0,28,Good,29.0,UG/M3,1 Hr,Valid
Guatemala City,PM10 - Principal,2023-08-02 04:00 PM,2023,08,02,16,30.0,28,Good,30.0,UG/M3,1 Hr,Valid
Guatemala City,PM10 - Principal,2023-08-02 05:00 PM,2023,08,02,17,28.0,26,Good,27.0,UG/M3,1 Hr,Valid
Guatemala City,PM10 - Principal,2023-08-02 06:00 PM,2023,08,02,18,23.0,21,Good,19.0,UG/M3,1 Hr,Valid
Guatemala City,PM10 - Principal,2023-08-02 07:00 PM,2023,08,02,19,29.0,27,Good,35.0,UG/M3,1 Hr,Valid
Guatemala City,PM10 - Principal,2023-08-02 08:00 PM,2023,08,02,20,29.0,27,Good,29.0,UG/M3,1 Hr,Valid
Guatemala City,PM10 - Principal,2023-08-02 09:00 PM,2023,08,02,21,33.0,31,Good,38.0,UG/M3,1 Hr,Valid
Guatemala City,PM10 - Principal,2023-08-02 10:00 PM,2023,08,02,22,30.0,28,Good,28.0,UG/M3,1 Hr,Valid
Guatemala City,PM10 - Principal,2023-08-02 11:00 PM,2023,08,02,23,33.0,31,Good,37.0,UG/M3,1 Hr,Valid
Guatemala City,PM10 - Principal,2023-08-03 12:00 AM,2023,08,03,00,28.0,26,Good,23.0,UG/M3,1 Hr,Valid
Guatemala City,PM10 - Principal,2023-08-03 01:00 AM,2023,08,03,01,33.0,31,Good,38.0,UG/M3,1 Hr,Valid
Guatemala City,PM10 - Principal,2023-08-03 02:00 AM,2023,08,03,02,26.0,24,Good,20.0,UG/M3,1 Hr,Valid
Guatemala City,PM10 - Principal,2023-08-03 03:00 AM,2023,08,03,03,19.0,18,Good,12.0,UG/M3,1 Hr,Valid
Guatemala City,PM10 - Principal,2023-08-03 04:00 AM,2023,08,03,04,17.0,16,Good,16.0,UG/M3,1 Hr,Valid
Guatemala City,PM10 - Principal,2023-08-03 05:00 AM,2023,08,03,05,18.0,17,Good,20.0,UG/M3,1 Hr,Valid
Guatemala City,PM10 - Principal,2023-08-03 06:00 AM,2023,08,03,06,17.0,16,Good,17.0,UG/M3,1 Hr,Valid
Guatemala City,PM10 - Principal,2023-08-03 07:00 AM,2023,08,03,07,12.0,11,Good,7.0,UG/M3,1 Hr,Valid
Guatemala City,PM10 - Principal,2023-08-03 08:00 AM,2023,08,03,08,16.0,15,Good,20.0,UG/M3,1 Hr,Valid
Guatemala City,PM10 - Principal,2023-08-03 09:00 AM,2023,08,03,09,20.0,19,Good,25.0,UG/M3,1 Hr,Valid
Guatemala City,PM10 - Principal,2023-08-03 10:00 AM,2023,08,03,10,24.0,22,Good,28.0,UG/M3,1 Hr,Valid
Guatemala City,PM10 - Principal,2023-08-03 11:00 AM,2023,08,03,11,19.0,18,Good,14.0,UG/M3,1 Hr,Valid
Guatemala City,PM10 - Principal,2023-08-03 12:00 PM,2023,08,03,12,17.0,16,Good,15.0,UG/M3,1 Hr,Valid
Guatemala City,PM10 - Principal,2023-08-03 01:00 PM,2023,08,03,13,17.0,16,Good,18.0,UG/M3,1 Hr,Valid
Guatemala City,PM10 - Principal,2023-08-03 02:00 PM,2023,08,03,14,18.0,17,Good,19.0,UG/M3,1 Hr,Valid
Guatemala City,PM10 - Principal,2023-08-03 03:00 PM,2023,08,03,15,16.0,15,Good,15.0,UG/M3,1 Hr,Valid
Guatemala City,PM10 - Principal,2023-08-03 04:00 PM,2023,08,03,16,15.0,14,Good,15.0,UG/M3,1 Hr,Valid
Guatemala City,PM10 - Principal,2023-08-03 05:00 PM,2023,08,03,17,16.0,15,Good,17.0,UG/M3,1 Hr,Valid
Guatemala City,PM10 - Principal,2023-08-03 06:00 PM,2023,08,03,18,21.0,19,Good,26.0,UG/M3,1 Hr,Valid
Guatemala City,PM10 - Principal,2023-08-03 07:00 PM,2023,08,03,19,21.0,19,Good,22.0,UG/M3,1 Hr,Valid
Guatemala City,PM10 - Principal,2023-08-03 08:00 PM,2023,08,03,20,23.0,21,Good,25.0,UG/M3,1 Hr,Valid
Guatemala City,PM10 - Principal,2023-08-03 09:00 PM,2023,08,03,21,21.0,19,Good,20.0,UG/M3,1 Hr,Valid
Guatemala City,PM10 - Principal,2023-08-03 10:00 PM,2023,08,03,22,19.0,18,Good,16.0,UG/M3,1 Hr,Valid
Guatemala City,PM10 - Principal,2023-08-03 11:00 PM,2023,08,03,23,17.0,16,Good,15.0,UG/M3,1 Hr,Valid
Guatemala City,PM10 - Principal,2023-08-04 12:00 AM,2023,08,04,00,14.0,13,Good,13.0,UG/M3,1 Hr,Valid
Guatemala City,PM10 - Principal,2023-08-04 01:00 AM,2023,08,04,01,14.0,13,Good,14.0,UG/M3,1 Hr,Valid
Guatemala City,PM10 - Principal,2023-08-04 02:00 AM,2023,08,04,02,10.0,9,Good,7.0,UG/M3,1 Hr,Valid
Guatemala City,PM10 - Principal,2023-08-04 03:00 AM,2023,08,04,03,9.0,8,Good,8.0,UG/M3,1 Hr,Valid
Guatemala City,PM10 - Principal,2023-08-04 04:00 AM,2023,08,04,04,8.0,7,Good,8.0,UG/M3,1 Hr,Valid
Guatemala City,PM10 - Principal,2023-08-04 05:00 AM,2023,08,04,05,13.0,12,Good,19.0,UG/M3,1 Hr,Valid
Guatemala City,PM10 - Principal,2023-08-04 06:00 AM,2023,08,04,06,16.0,15,Good,20.0,UG/M3,1 Hr,Valid
Guatemala City,PM10 - Principal,2023-08-04 07:00 AM,2023,08,04,07,15.0,14,Good,15.0,UG/M3,1 Hr,Valid
Guatemala City,PM10 - Principal,2023-08-04 08:00 AM,2023,08,04,08,16.0,15,Good,18.0,UG/M3,1 Hr,Valid
Guatemala City,PM10 - Principal,2023-08-04 09:00 AM,2023,08,04,09,20.0,19,Good,24.0,UG/M3,1 Hr,Valid
Guatemala City,PM10 - Principal,2023-08-04 10:00 AM,2023,08,04,10,24.0,22,Good,29.0,UG/M3,1 Hr,Valid
Guatemala City,PM10 - Principal,2023-08-04 11:00 AM,2023,08,04,11,25.0,23,Good,26.0,UG/M3,1 Hr,Valid
Guatemala City,PM10 - Principal,2023-08-04 12:00 PM,2023,08,04,12,24.0,22,Good,24.0,UG/M3,1 Hr,Valid
Guatemala City,PM10 - Principal,2023-08-04 01:00 PM,2023,08,04,13,23.0,21,Good,23.0,UG/M3,1 Hr,Valid
Guatemala City,PM10 - Principal,2023-08-04 02:00 PM,2023,08,04,14,20.0,19,Good,18.0,UG/M3,1 Hr,Valid
Guatemala City,PM10 - Principal,2023-08-04 03:00 PM,2023,08,04,15,22.0,20,Good,24.0,UG/M3,1 Hr,Valid
Guatemala City,PM10 - Principal,2023-08-04 04:00 PM,2023,08,04,16,22.0,20,Good,22.0,UG/M3,1 Hr,Valid
Guatemala City,PM10 - Principal,2023-08-04 05:00 PM,2023,08,04,17,17.0,16,Good,12.0,UG/M3,1 Hr,Valid
Guatemala City,PM10 - Principal,2023-08-04 06:00 PM,2023,08,04,18,18.0,17,Good,19.0,UG/M3,1 Hr,Valid
Guatemala City,PM10 - Principal,2023-08-04 07:00 PM,2023,08,04,19,22.0,20,Good,27.0,UG/M3,1 Hr,Valid
Guatemala City,PM10 - Principal,2023-08-04 08:00 PM,2023,08,04,20,28.0,26,Good,35.0,UG/M3,1 Hr,Valid
Guatemala City,PM10 - Principal,2023-08-04 09:00 PM,2023,08,04,21,27.0,25,Good,26.0,UG/M3,1 Hr,Valid
Guatemala City,PM10 - Principal,2023-08-04 10:00 PM,2023,08,04,22,27.0,25,Good,28.0,UG/M3,1 Hr,Valid
Guatemala City,PM10 - Principal,2023-08-04 11:00 PM,2023,08,04,23,25.0,23,Good,23.0,UG/M3,1 Hr,Valid
Guatemala City,PM10 - Principal,2023-08-05 12:00 AM,2023,08,05,00,22.0,20,Good,20.0,UG/M3,1 Hr,Valid
Guatemala City,PM10 - Principal,2023-08-05 01:00 AM,2023,08,05,01,23.0,21,Good,24.0,UG/M3,1 Hr,Valid
Guatemala City,PM10 - Principal,2023-08-05 02:00 AM,2023,08,05,02,18.0,17,Good,13.0,UG/M3,1 Hr,Valid
Guatemala City,PM10 - Principal,2023-08-05 03:00 AM,2023,08,05,03,15.0,14,Good,13.0,UG/M3,1 Hr,Valid
Guatemala City,PM10 - Principal,2023-08-05 04:00 AM,2023,08,05,04,13.0,12,Good,11.0,UG/M3,1 Hr,Valid
Guatemala City,PM10 - Principal,2023-08-05 05:00 AM,2023,08,05,05,11.0,10,Good,9.0,UG/M3,1 Hr,Valid
Guatemala City,PM10 - Principal,2023-08-05 06:00 AM,2023,08,05,06,13.0,12,Good,15.0,UG/M3,1 Hr,Valid
Guatemala City,PM10 - Principal,2023-08-05 07:00 AM,2023,08,05,07,27.0,25,Good,41.0,UG/M3,1 Hr,Valid
Guatemala City,PM10 - Principal,2023-08-05 08:00 AM,2023,08,05,08,27.0,25,Good,28.0,UG/M3,1 Hr,Valid
Guatemala City,PM10 - Principal,2023-08-05 09:00 AM,2023,08,05,09,28.0,26,Good,29.0,UG/M3,1 Hr,Valid
Guatemala City,PM10 - Principal,2023-08-05 10:00 AM,2023,08,05,10,28.0,26,Good,29.0,UG/M3,1 Hr,Valid
Guatemala City,PM10 - Principal,2023-08-05 11:00 AM,2023,08,05,11,31.0,29,Good,35.0,UG/M3,1 Hr,Valid
Guatemala City,PM10 - Principal,2023-08-05 12:00 PM,2023,08,05,12,33.0,31,Good,35.0,UG/M3,1 Hr,Valid
Guatemala City,PM10 - Principal,2023-08-05 01:00 PM,2023,08,05,13,32.0,30,Good,31.0,UG/M3,1 Hr,Valid
Guatemala City,PM10 - Principal,2023-08-05 02:00 PM,2023,08,05,14,31.0,29,Good,31.0,UG/M3,1 Hr,Valid
Guatemala City,PM10 - Principal,2023-08-05 03:00 PM,2023,08,05,15,33.0,31,Good,35.0,UG/M3,1 Hr,Valid
Guatemala City,PM10 - Principal,2023-08-05 04:00 PM,2023,08,05,16,34.0,31,Good,35.0,UG/M3,1 Hr,Valid
Guatemala City,PM10 - Principal,2023-08-05 05:00 PM,2023,08,05,17,35.0,32,Good,37.0,UG/M3,1 Hr,Valid
Guatemala City,PM10 - Principal,2023-08-05 06:00 PM,2023,08,05,18,32.0,30,Good,28.0,UG/M3,1 Hr,Valid
Guatemala City,PM10 - Principal,2023-08-05 07:00 PM,2023,08,05,19,39.0,36,Good,50.0,UG/M3,1 Hr,Valid
Guatemala City,PM10 - Principal,2023-08-05 08:00 PM,2023,08,05,20,42.0,39,Good,46.0,UG/M3,1 Hr,Valid
Guatemala City,PM10 - Principal,2023-08-05 09:00 PM,2023,08,05,21,47.0,44,Good,52.0,UG/M3,1 Hr,Valid
Guatemala City,PM10 - Principal,2023-08-05 10:00 PM,2023,08,05,22,42.0,39,Good,37.0,UG/M3,1 Hr,Valid
Guatemala City,PM10 - Principal,2023-08-05 11:00 PM,2023,08,05,23,43.0,40,Good,44.0,UG/M3,1 Hr,Valid
Guatemala City,PM10 - Principal,2023-08-06 12:00 AM,2023,08,06,00,39.0,36,Good,35.0,UG/M3,1 Hr,Valid
Guatemala City,PM10 - Principal,2023-08-06 01:00 AM,2023,08,06,01,40.0,37,Good,42.0,UG/M3,1 Hr,Valid
Guatemala City,PM10 - Principal,2023-08-06 02:00 AM,2023,08,06,02,37.0,34,Good,33.0,UG/M3,1 Hr,Valid
Guatemala City,PM10 - Principal,2023-08-06 03:00 AM,2023,08,06,03,37.0,34,Good,38.0,UG/M3,1 Hr,Valid
Guatemala City,PM10 - Principal,2023-08-06 04:00 AM,2023,08,06,04,34.0,31,Good,31.0,UG/M3,1 Hr,Valid
Guatemala City,PM10 - Principal,2023-08-06 05:00 AM,2023,08,06,05,33.0,31,Good,33.0,UG/M3,1 Hr,Valid
Guatemala City,PM10 - Principal,2023-08-06 06:00 AM,2023,08,06,06,33.0,31,Good,33.0,UG/M3,1 Hr,Valid
Guatemala City,PM10 - Principal,2023-08-06 07:00 AM,2023,08,06,07,34.0,31,Good,36.0,UG/M3,1 Hr,Valid
Guatemala City,PM10 - Principal,2023-08-06 08:00 AM,2023,08,06,08,33.0,31,Good,33.0,UG/M3,1 Hr,Valid
Guatemala City,PM10 - Principal,2023-08-06 09:00 AM,2023,08,06,09,34.0,31,Good,34.0,UG/M3,1 Hr,Valid
Guatemala City,PM10 - Principal,2023-08-06 10:00 AM,2023,08,06,10,33.0,31,Good,33.0,UG/M3,1 Hr,Valid
Guatemala City,PM10 - Principal,2023-08-06 11:00 AM,2023,08,06,11,31.0,29,Good,28.0,UG/M3,1 Hr,Valid
Guatemala City,PM10 - Principal,2023-08-06 12:00 PM,2023,08,06,12,31.0,29,Good,31.0,UG/M3,1 Hr,Valid
Guatemala City,PM10 - Principal,2023-08-06 01:00 PM,2023,08,06,13,27.0,25,Good,23.0,UG/M3,1 Hr,Valid
Guatemala City,PM10 - Principal,2023-08-06 02:00 PM,2023,08,06,14,25.0,23,Good,23.0,UG/M3,1 Hr,Valid
Guatemala City,PM10 - Principal,2023-08-06 03:00 PM,2023,08,06,15,21.0,19,Good,18.0,UG/M3,1 Hr,Valid
Guatemala City,PM10 - Principal,2023-08-06 04:00 PM,2023,08,06,16,20.0,19,Good,20.0,UG/M3,1 Hr,Valid
Guatemala City,PM10 - Principal,2023-08-06 05:00 PM,2023,08,06,17,23.0,21,Good,26.0,UG/M3,1 Hr,Valid
Guatemala City,PM10 - Principal,2023-08-06 06:00 PM,2023,08,06,18,21.0,19,Good,20.0,UG/M3,1 Hr,Valid
Guatemala City,PM10 - Principal,2023-08-06 07:00 PM,2023,08,06,19,21.0,19,Good,21.0,UG/M3,1 Hr,Valid
Guatemala City,PM10 - Principal,2023-08-06 08:00 PM,2023,08,06,20,23.0,21,Good,26.0,UG/M3,1 Hr,Valid
Guatemala City,PM10 - Principal,2023-08-06 09:00 PM,2023,08,06,21,20.0,19,Good,17.0,UG/M3,1 Hr,Valid
Guatemala City,PM10 - Principal,2023-08-06 10:00 PM,2023,08,06,22,20.0,19,Good,20.0,UG/M3,1 Hr,Valid
Guatemala City,PM10 - Principal,2023-08-06 11:00 PM,2023,08,06,23,17.0,16,Good,15.0,UG/M3,1 Hr,Valid
Guatemala City,PM10 - Principal,2023-08-07 12:00 AM,2023,08,07,00,15.0,14,Good,13.0,UG/M3,1 Hr,Valid
Guatemala City,PM10 - Principal,2023-08-07 01:00 AM,2023,08,07,01,16.0,15,Good,17.0,UG/M3,1 Hr,Valid
Guatemala City,PM10 - Principal,2023-08-07 02:00 AM,2023,08,07,02,15.0,14,Good,15.0,UG/M3,1 Hr,Valid
Guatemala City,PM10 - Principal,2023-08-07 03:00 AM,2023,08,07,03,15.0,14,Good,15.0,UG/M3,1 Hr,Valid
Guatemala City,PM10 - Principal,2023-08-07 04:00 AM,2023,08,07,04,13.0,12,Good,12.0,UG/M3,1 Hr,Valid
Guatemala City,PM10 - Principal,2023-08-07 05:00 AM,2023,08,07,05,15.0,14,Good,17.0,UG/M3,1 Hr,Valid
Guatemala City,PM10 - Principal,2023-08-07 06:00 AM,2023,08,07,06,16.0,15,Good,17.0,UG/M3,1 Hr,Valid
Guatemala City,PM10 - Principal,2023-08-07 07:00 AM,2023,08,07,07,15.0,14,Good,14.0,UG/M3,1 Hr,Valid
Guatemala City,PM10 - Principal,2023-08-07 08:00 AM,2023,08,07,08,14.0,13,Good,14.0,UG/M3,1 Hr,Valid
Guatemala City,PM10 - Principal,2023-08-07 09:00 AM,2023,08,07,09,16.0,15,Good,18.0,UG/M3,1 Hr,Valid
Guatemala City,PM10 - Principal,2023-08-07 10:00 AM,2023,08,07,10,16.0,15,Good,17.0,UG/M3,1 Hr,Valid
Guatemala City,PM10 - Principal,2023-08-07 11:00 AM,2023,08,07,11,16.0,15,Good,16.0,UG/M3,1 Hr,Valid
Guatemala City,PM10 - Principal,2023-08-07 12:00 PM,2023,08,07,12,15.0,14,Good,14.0,UG/M3,1 Hr,Valid
Guatemala City,PM10 - Principal,2023-08-07 01:00 PM,2023,08,07,13,17.0,16,Good,20.0,UG/M3,1 Hr,Valid
Guatemala City,PM10 - Principal,2023-08-07 02:00 PM,2023,08,07,14,18.0,17,Good,20.0,UG/M3,1 Hr,Valid
Guatemala City,PM10 - Principal,2023-08-07 03:00 PM,2023,08,07,15,15.0,14,Good,12.0,UG/M3,1 Hr,Valid
Guatemala City,PM10 - Principal,2023-08-07 04:00 PM,2023,08,07,16,15.0,14,Good,15.0,UG/M3,1 Hr,Valid
Guatemala City,PM10 - Principal,2023-08-07 05:00 PM,2023,08,07,17,16.0,15,Good,18.0,UG/M3,1 Hr,Valid
Guatemala City,PM10 - Principal,2023-08-07 06:00 PM,2023,08,07,18,16.0,15,Good,17.0,UG/M3,1 Hr,Valid
Guatemala City,PM10 - Principal,2023-08-07 07:00 PM,2023,08,07,19,19.0,18,Good,23.0,UG/M3,1 Hr,Valid
Guatemala City,PM10 - Principal,2023-08-07 08:00 PM,2023,08,07,20,23.0,21,Good,27.0,UG/M3,1 Hr,Valid
Guatemala City,PM10 - Principal,2023-08-07 09:00 PM,2023,08,07,21,22.0,20,Good,22.0,UG/M3,1 Hr,Valid
Guatemala City,PM10 - Principal,2023-08-07 10:00 PM,2023,08,07,22,21.0,19,Good,20.0,UG/M3,1 Hr,Valid
Guatemala City,PM10 - Principal,2023-08-07 11:00 PM,2023,08,07,23,19.0,18,Good,18.0,UG/M3,1 Hr,Valid
Guatemala City,PM10 - Principal,2023-08-08 12:00 AM,2023,08,08,00,17.0,16,Good,15.0,UG/M3,1 Hr,Valid
Guatemala City,PM10 - Principal,2023-08-08 01:00 AM,2023,08,08,01,20.0,19,Good,23.0,UG/M3,1 Hr,Valid
Guatemala City,PM10 - Principal,2023-08-08 02:00 AM,2023,08,08,02,15.0,14,Good,11.0,UG/M3,1 Hr,Valid
Guatemala City,PM10 - Principal,2023-08-08 03:00 AM,2023,08,08,03,15.0,14,Good,16.0,UG/M3,1 Hr,Valid
Guatemala City,PM10 - Principal,2023-08-08 04:00 AM,2023,08,08,04,13.0,12,Good,11.0,UG/M3,1 Hr,Valid
Guatemala City,PM10 - Principal,2023-08-08 05:00 AM,2023,08,08,05,14.0,13,Good,16.0,UG/M3,1 Hr,Valid
Guatemala City,PM10 - Principal,2023-08-08 06:00 AM,2023,08,08,06,16.0,15,Good,18.0,UG/M3,1 Hr,Valid
Guatemala City,PM10 - Principal,2023-08-08 07:00 AM,2023,08,08,07,17.0,16,Good,18.0,UG/M3,1 Hr,Valid
Guatemala City,PM10 - Principal,2023-08-08 08:00 AM,2023,08,08,08,17.0,16,Good,17.0,UG/M3,1 Hr,Valid
Guatemala City,PM10 - Principal,2023-08-08 09:00 AM,2023,08,08,09,18.0,17,Good,20.0,UG/M3,1 Hr,Valid
Guatemala City,PM10 - Principal,2023-08-08 10:00 AM,2023,08,08,10,22.0,20,Good,26.0,UG/M3,1 Hr,Valid
Guatemala City,PM10 - Principal,2023-08-08 11:00 AM,2023,08,08,11,23.0,21,Good,25.0,UG/M3,1 Hr,Valid
Guatemala City,PM10 - Principal,2023-08-08 12:00 PM,2023,08,08,12,22.0,20,Good,21.0,UG/M3,1 Hr,Valid
Guatemala City,PM10 - Principal,2023-08-08 01:00 PM,2023,08,08,13,17.0,16,Good,13.0,UG/M3,1 Hr,Valid
Guatemala City,PM10 - Principal,2023-08-08 02:00 PM,2023,08,08,14,15.0,14,Good,14.0,UG/M3,1 Hr,Valid
Guatemala City,PM10 - Principal,2023-08-08 03:00 PM,2023,08,08,15,26.0,24,Good,37.0,UG/M3,1 Hr,Valid
Guatemala City,PM10 - Principal,2023-08-08 04:00 PM,2023,08,08,16,23.0,21,Good,21.0,UG/M3,1 Hr,Valid
Guatemala City,PM10 - Principal,2023-08-08 05:00 PM,2023,08,08,17,23.0,21,Good,23.0,UG/M3,1 Hr,Valid
Guatemala City,PM10 - Principal,2023-08-08 06:00 PM,2023,08,08,18,27.0,25,Good,32.0,UG/M3,1 Hr,Valid
Guatemala City,PM10 - Principal,2023-08-08 07:00 PM,2023,08,08,19,28.0,26,Good,30.0,UG/M3,1 Hr,Valid
Guatemala City,PM10 - Principal,2023-08-08 08:00 PM,2023,08,08,20,31.0,29,Good,34.0,UG/M3,1 Hr,Valid
Guatemala City,PM10 - Principal,2023-08-08 09:00 PM,2023,08,08,21,31.0,29,Good,32.0,UG/M3,1 Hr,Valid
Guatemala City,PM10 - Principal,2023-08-08 10:00 PM,2023,08,08,22,31.0,29,Good,31.0,UG/M3,1 Hr,Valid
Guatemala City,PM10 - Principal,2023-08-08 11:00 PM,2023,08,08,23,26.0,24,Good,22.0,UG/M3,1 Hr,Valid
Guatemala City,PM10 - Principal,2023-08-09 12:00 AM,2023,08,09,00,25.0,23,Good,25.0,UG/M3,1 Hr,Valid
Guatemala City,PM10 - Principal,2023-08-09 01:00 AM,2023,08,09,01,23.0,21,Good,21.0,UG/M3,1 Hr,Valid
Guatemala City,PM10 - Principal,2023-08-09 02:00 AM,2023,08,09,02,22.0,20,Good,21.0,UG/M3,1 Hr,Valid
Guatemala City,PM10 - Principal,2023-08-09 03:00 AM,2023,08,09,03,21.0,19,Good,19.0,UG/M3,1 Hr,Valid
Guatemala City,PM10 - Principal,2023-08-09 04:00 AM,2023,08,09,04,18.0,17,Good,16.0,UG/M3,1 Hr,Valid
Guatemala City,PM10 - Principal,2023-08-09 05:00 AM,2023,08,09,05,19.0,18,Good,20.0,UG/M3,1 Hr,Valid
Guatemala City,PM10 - Principal,2023-08-09 06:00 AM,2023,08,09,06,22.0,20,Good,26.0,UG/M3,1 Hr,Valid
Guatemala City,PM10 - Principal,2023-08-09 07:00 AM,2023,08,09,07,27.0,25,Good,33.0,UG/M3,1 Hr,Valid
Guatemala City,PM10 - Principal,2023-08-09 08:00 AM,2023,08,09,08,27.0,25,Good,28.0,UG/M3,1 Hr,Valid
Guatemala City,PM10 - Principal,2023-08-09 09:00 AM,2023,08,09,09,24.0,22,Good,22.0,UG/M3,1 Hr,Valid
Guatemala City,PM10 - Principal,2023-08-09 10:00 AM,2023,08,09,10,21.0,19,Good,19.0,UG/M3,1 Hr,Valid
Guatemala City,PM10 - Principal,2023-08-09 11:00 AM,2023,08,09,11,28.0,26,Good,35.0,UG/M3,1 Hr,Valid
Guatemala City,PM10 - Principal,2023-08-09 12:00 PM,2023,08,09,12,30.0,28,Good,33.0,UG/M3,1 Hr,Valid
Guatemala City,PM10 - Principal,2023-08-09 01:00 PM,2023,08,09,13,30.0,28,Good,30.0,UG/M3,1 Hr,Valid
Guatemala City,PM10 - Principal,2023-08-09 02:00 PM,2023,08,09,14,30.0,28,Good,31.0,UG/M3,1 Hr,Valid
Guatemala City,PM10 - Principal,2023-08-09 03:00 PM,2023,08,09,15,37.0,34,Good,44.0,UG/M3,1 Hr,Valid
Guatemala City,PM10 - Principal,2023-08-09 04:00 PM,2023,08,09,16,32.0,30,Good,27.0,UG/M3,1 Hr,Valid
Guatemala City,PM10 - Principal,2023-08-09 05:00 PM,2023,08,09,17,30.0,28,Good,29.0,UG/M3,1 Hr,Valid
Guatemala City,PM10 - Principal,2023-08-09 06:00 PM,2023,08,09,18,33.0,31,Good,36.0,UG/M3,1 Hr,Valid
Guatemala City,PM10 - Principal,2023-08-09 07:00 PM,2023,08,09,19,32.0,30,Good,32.0,UG/M3,1 Hr,Valid
Guatemala City,PM10 - Principal,2023-08-09 08:00 PM,2023,08,09,20,36.0,33,Good,41.0,UG/M3,1 Hr,Valid
Guatemala City,PM10 - Principal,2023-08-09 09:00 PM,2023,08,09,21,35.0,32,Good,34.0,UG/M3,1 Hr,Valid
Guatemala City,PM10 - Principal,2023-08-09 10:00 PM,2023,08,09,22,36.0,33,Good,38.0,UG/M3,1 Hr,Valid
Guatemala City,PM10 - Principal,2023-08-09 11:00 PM,2023,08,09,23,44.0,41,Good,52.0,UG/M3,1 Hr,Valid
Guatemala City,PM10 - Principal,2023-08-10 12:00 AM,2023,08,10,00,45.0,42,Good,48.0,UG/M3,1 Hr,Valid
Guatemala City,PM10 - Principal,2023-08-10 01:00 AM,2023,08,10,01,36.0,33,Good,27.0,UG/M3,1 Hr,Valid
Guatemala City,PM10 - Principal,2023-08-10 02:00 AM,2023,08,10,02,30.0,28,Good,24.0,UG/M3,1 Hr,Valid
Guatemala City,PM10 - Principal,2023-08-10 03:00 AM,2023,08,10,03,24.0,22,Good,18.0,UG/M3,1 Hr,Valid
Guatemala City,PM10 - Principal,2023-08-10 04:00 AM,2023,08,10,04,20.0,19,Good,16.0,UG/M3,1 Hr,Valid
Guatemala City,PM10 - Principal,2023-08-10 05:00 AM,2023,08,10,05,26.0,24,Good,32.0,UG/M3,1 Hr,Valid
Guatemala City,PM10 - Principal,2023-08-10 06:00 AM,2023,08,10,06,23.0,21,Good,20.0,UG/M3,1 Hr,Valid
Guatemala City,PM10 - Principal,2023-08-10 07:00 AM,2023,08,10,07,27.0,25,Good,31.0,UG/M3,1 Hr,Valid
Guatemala City,PM10 - Principal,2023-08-10 08:00 AM,2023,08,10,08,32.0,30,Good,38.0,UG/M3,1 Hr,Valid
Guatemala City,PM10 - Principal,2023-08-10 09:00 AM,2023,08,10,09,27.0,25,Good,23.0,UG/M3,1 Hr,Valid
Guatemala City,PM10 - Principal,2023-08-10 10:00 AM,2023,08,10,10,26.0,24,Good,26.0,UG/M3,1 Hr,Valid
Guatemala City,PM10 - Principal,2023-08-10 11:00 AM,2023,08,10,11,27.0,25,Good,28.0,UG/M3,1 Hr,Valid
Guatemala City,PM10 - Principal,2023-08-10 12:00 PM,2023,08,10,12,28.0,26,Good,30.0,UG/M3,1 Hr,Valid
Guatemala City,PM10 - Principal,2023-08-10 01:00 PM,2023,08,10,13,28.0,26,Good,29.0,UG/M3,1 Hr,Valid
Guatemala City,PM10 - Principal,2023-08-10 02:00 PM,2023,08,10,14,23.0,21,Good,19.0,UG/M3,1 Hr,Valid
Guatemala City,PM10 - Principal,2023-08-10 03:00 PM,2023,08,10,15,41.0,38,Good,60.0,UG/M3,1 Hr,Valid
Guatemala City,PM10 - Principal,2023-08-10 04:00 PM,2023,08,10,16,37.0,34,Good,33.0,UG/M3,1 Hr,Valid
Guatemala City,PM10 - Principal,2023-08-10 05:00 PM,2023,08,10,17,36.0,33,Good,36.0,UG/M3,1 Hr,Valid
Guatemala City,PM10 - Principal,2023-08-10 06:00 PM,2023,08,10,18,36.0,33,Good,37.0,UG/M3,1 Hr,Valid
Guatemala City,PM10 - Principal,2023-08-10 07:00 PM,2023,08,10,19,34.0,31,Good,33.0,UG/M3,1 Hr,Valid
Guatemala City,PM10 - Principal,2023-08-10 08:00 PM,2023,08,10,20,39.0,36,Good,44.0,UG/M3,1 Hr,Valid
Guatemala City,PM10 - Principal,2023-08-10 09:00 PM,2023,08,10,21,43.0,40,Good,47.0,UG/M3,1 Hr,Valid
Guatemala City,PM10 - Principal,2023-08-10 10:00 PM,2023,08,10,22,39.0,36,Good,36.0,UG/M3,1 Hr,Valid
Guatemala City,PM10 - Principal,2023-08-10 11:00 PM,2023,08,10,23,33.0,31,Good,28.0,UG/M3,1 Hr,Valid
Guatemala City,PM10 - Principal,2023-08-11 12:00 AM,2023,08,11,00,29.0,27,Good,25.0,UG/M3,1 Hr,Valid
Guatemala City,PM10 - Principal,2023-08-11 01:00 AM,2023,08,11,01,25.0,23,Good,21.0,UG/M3,1 Hr,Valid
Guatemala City,PM10 - Principal,2023-08-11 02:00 AM,2023,08,11,02,23.0,21,Good,22.0,UG/M3,1 Hr,Valid
Guatemala City,PM10 - Principal,2023-08-11 03:00 AM,2023,08,11,03,19.0,18,Good,16.0,UG/M3,1 Hr,Valid
Guatemala City,PM10 - Principal,2023-08-11 04:00 AM,2023,08,11,04,21.0,19,Good,24.0,UG/M3,1 Hr,Valid
Guatemala City,PM10 - Principal,2023-08-11 05:00 AM,2023,08,11,05,24.0,22,Good,27.0,UG/M3,1 Hr,Valid
Guatemala City,PM10 - Principal,2023-08-11 06:00 AM,2023,08,11,06,25.0,23,Good,26.0,UG/M3,1 Hr,Valid
Guatemala City,PM10 - Principal,2023-08-11 07:00 AM,2023,08,11,07,28.0,26,Good,32.0,UG/M3,1 Hr,Valid
Guatemala City,PM10 - Principal,2023-08-11 08:00 AM,2023,08,11,08,30.0,28,Good,32.0,UG/M3,1 Hr,Valid
Guatemala City,PM10 - Principal,2023-08-11 09:00 AM,2023,08,11,09,29.0,27,Good,29.0,UG/M3,1 Hr,Valid
Guatemala City,PM10 - Principal,2023-08-11 10:00 AM,2023,08,11,10,27.0,25,Good,25.0,UG/M3,1 Hr,Valid
Guatemala City,PM10 - Principal,2023-08-11 11:00 AM,2023,08,11,11,27.0,25,Good,28.0,UG/M3,1 Hr,Valid
Guatemala City,PM10 - Principal,2023-08-11 12:00 PM,2023,08,11,12,28.0,26,Good,30.0,UG/M3,1 Hr,Valid
Guatemala City,PM10 - Principal,2023-08-11 01:00 PM,2023,08,11,13,27.0,25,Good,27.0,UG/M3,1 Hr,Valid
Guatemala City,PM10 - Principal,2023-08-11 02:00 PM,2023,08,11,14,28.0,26,Good,30.0,UG/M3,1 Hr,Valid
Guatemala City,PM10 - Principal,2023-08-11 03:00 PM,2023,08,11,15,29.0,27,Good,31.0,UG/M3,1 Hr,Valid
Guatemala City,PM10 - Principal,2023-08-11 04:00 PM,2023,08,11,16,29.0,27,Good,29.0,UG/M3,1 Hr,Valid
Guatemala City,PM10 - Principal,2023-08-11 05:00 PM,2023,08,11,17,28.0,26,Good,28.0,UG/M3,1 Hr,Valid
Guatemala City,PM10 - Principal,2023-08-11 06:00 PM,2023,08,11,18,30.0,28,Good,34.0,UG/M3,1 Hr,Valid
Guatemala City,PM10 - Principal,2023-08-11 07:00 PM,2023,08,11,19,31.0,29,Good,34.0,UG/M3,1 Hr,Valid
Guatemala City,PM10 - Principal,2023-08-11 08:00 PM,2023,08,11,20,32.0,30,Good,34.0,UG/M3,1 Hr,Valid
Guatemala City,PM10 - Principal,2023-08-11 09:00 PM,2023,08,11,21,31.0,29,Good,31.0,UG/M3,1 Hr,Valid
Guatemala City,PM10 - Principal,2023-08-11 10:00 PM,2023,08,11,22,29.0,27,Good,25.0,UG/M3,1 Hr,Valid
Guatemala City,PM10 - Principal,2023-08-11 11:00 PM,2023,08,11,23,28.0,26,Good,24.0,UG/M3,1 Hr,Valid
Guatemala City,PM10 - Principal,2023-08-12 12:00 AM,2023,08,12,00,26.0,24,Good,23.0,UG/M3,1 Hr,Valid
Guatemala City,PM10 - Principal,2023-08-12 01:00 AM,2023,08,12,01,20.0,19,Good,17.0,UG/M3,1 Hr,Valid
Guatemala City,PM10 - Principal,2023-08-12 02:00 AM,2023,08,12,02,17.0,16,Good,15.0,UG/M3,1 Hr,Valid
Guatemala City,PM10 - Principal,2023-08-12 03:00 AM,2023,08,12,03,15.0,14,Good,13.0,UG/M3,1 Hr,Valid
Guatemala City,PM10 - Principal,2023-08-12 04:00 AM,2023,08,12,04,14.0,13,Good,13.0,UG/M3,1 Hr,Valid
Guatemala City,PM10 - Principal,2023-08-12 05:00 AM,2023,08,12,05,15.0,14,Good,16.0,UG/M3,1 Hr,Valid
Guatemala City,PM10 - Principal,2023-08-12 06:00 AM,2023,08,12,06,17.0,16,Good,19.0,UG/M3,1 Hr,Valid
Guatemala City,PM10 - Principal,2023-08-12 07:00 AM,2023,08,12,07,18.0,17,Good,19.0,UG/M3,1 Hr,Valid
Guatemala City,PM10 - Principal,2023-08-12 08:00 AM,2023,08,12,08,18.0,17,Good,19.0,UG/M3,1 Hr,Valid
Guatemala City,PM10 - Principal,2023-08-12 09:00 AM,2023,08,12,09,23.0,21,Good,29.0,UG/M3,1 Hr,Valid
Guatemala City,PM10 - Principal,2023-08-12 10:00 AM,2023,08,12,10,27.0,25,Good,31.0,UG/M3,1 Hr,Valid
Guatemala City,PM10 - Principal,2023-08-12 11:00 AM,2023,08,12,11,27.0,25,Good,27.0,UG/M3,1 Hr,Valid
Guatemala City,PM10 - Principal,2023-08-12 12:00 PM,2023,08,12,12,25.0,23,Good,24.0,UG/M3,1 Hr,Valid
Guatemala City,PM10 - Principal,2023-08-12 01:00 PM,2023,08,12,13,25.0,23,Good,25.0,UG/M3,1 Hr,Valid
Guatemala City,PM10 - Principal,2023-08-12 02:00 PM,2023,08,12,14,23.0,21,Good,22.0,UG/M3,1 Hr,Valid
Guatemala City,PM10 - Principal,2023-08-12 03:00 PM,2023,08,12,15,22.0,20,Good,21.0,UG/M3,1 Hr,Valid
Guatemala City,PM10 - Principal,2023-08-12 04:00 PM,2023,08,12,16,20.0,19,Good,19.0,UG/M3,1 Hr,Valid
Guatemala City,PM10 - Principal,2023-08-12 05:00 PM,2023,08,12,17,23.0,21,Good,27.0,UG/M3,1 Hr,Valid
Guatemala City,PM10 - Principal,2023-08-12 06:00 PM,2023,08,12,18,27.0,25,Good,32.0,UG/M3,1 Hr,Valid
Guatemala City,PM10 - Principal,2023-08-12 07:00 PM,2023,08,12,19,25.0,23,Good,24.0,UG/M3,1 Hr,Valid
Guatemala City,PM10 - Principal,2023-08-12 08:00 PM,2023,08,12,20,25.0,23,Good,25.0,UG/M3,1 Hr,Valid
Guatemala City,PM10 - Principal,2023-08-12 09:00 PM,2023,08,12,21,25.0,23,Good,26.0,UG/M3,1 Hr,Valid
Guatemala City,PM10 - Principal,2023-08-12 10:00 PM,2023,08,12,22,22.0,20,Good,18.0,UG/M3,1 Hr,Valid
Guatemala City,PM10 - Principal,2023-08-12 11:00 PM,2023,08,12,23,20.0,19,Good,18.0,UG/M3,1 Hr,Valid
Guatemala City,PM10 - Principal,2023-08-13 12:00 AM,2023,08,13,00,20.0,19,Good,20.0,UG/M3,1 Hr,Valid
Guatemala City,PM10 - Principal,2023-08-13 01:00 AM,2023,08,13,01,19.0,18,Good,19.0,UG/M3,1 Hr,Valid
Guatemala City,PM10 - Principal,2023-08-13 02:00 AM,2023,08,13,02,15.0,14,Good,12.0,UG/M3,1 Hr,Valid
Guatemala City,PM10 - Principal,2023-08-13 03:00 AM,2023,08,13,03,14.0,13,Good,14.0,UG/M3,1 Hr,Valid
Guatemala City,PM10 - Principal,2023-08-13 04:00 AM,2023,08,13,04,13.0,12,Good,13.0,UG/M3,1 Hr,Valid
Guatemala City,PM10 - Principal,2023-08-13 05:00 AM,2023,08,13,05,12.0,11,Good,11.0,UG/M3,1 Hr,Valid
Guatemala City,PM10 - Principal,2023-08-13 06:00 AM,2023,08,13,06,12.0,11,Good,12.0,UG/M3,1 Hr,Valid
Guatemala City,PM10 - Principal,2023-08-13 07:00 AM,2023,08,13,07,11.0,10,Good,11.0,UG/M3,1 Hr,Valid
Guatemala City,PM10 - Principal,2023-08-13 08:00 AM,2023,08,13,08,13.0,12,Good,15.0,UG/M3,1 Hr,Valid
Guatemala City,PM10 - Principal,2023-08-13 09:00 AM,2023,08,13,09,14.0,13,Good,15.0,UG/M3,1 Hr,Valid
Guatemala City,PM10 - Principal,2023-08-13 10:00 AM,2023,08,13,10,13.0,12,Good,13.0,UG/M3,1 Hr,Valid
Guatemala City,PM10 - Principal,2023-08-13 11:00 AM,2023,08,13,11,13.0,12,Good,13.0,UG/M3,1 Hr,Valid
Guatemala City,PM10 - Principal,2023-08-13 12:00 PM,2023,08,13,12,13.0,12,Good,14.0,UG/M3,1 Hr,Valid
Guatemala City,PM10 - Principal,2023-08-13 01:00 PM,2023,08,13,13,14.0,13,Good,16.0,UG/M3,1 Hr,Valid
Guatemala City,PM10 - Principal,2023-08-13 02:00 PM,2023,08,13,14,13.0,12,Good,13.0,UG/M3,1 Hr,Valid
Guatemala City,PM10 - Principal,2023-08-13 03:00 PM,2023,08,13,15,10.0,9,Good,7.0,UG/M3,1 Hr,Valid
Guatemala City,PM10 - Principal,2023-08-13 04:00 PM,2023,08,13,16,10.0,9,Good,10.0,UG/M3,1 Hr,Valid
Guatemala City,PM10 - Principal,2023-08-13 05:00 PM,2023,08,13,17,10.0,9,Good,11.0,UG/M3,1 Hr,Valid
Guatemala City,PM10 - Principal,2023-08-13 06:00 PM,2023,08,13,18,12.0,11,Good,15.0,UG/M3,1 Hr,Valid
Guatemala City,PM10 - Principal,2023-08-13 07:00 PM,2023,08,13,19,14.0,13,Good,16.0,UG/M3,1 Hr,Valid
Guatemala City,PM10 - Principal,2023-08-13 08:00 PM,2023,08,13,20,20.0,19,Good,26.0,UG/M3,1 Hr,Valid
Guatemala City,PM10 - Principal,2023-08-13 09:00 PM,2023,08,13,21,23.0,21,Good,26.0,UG/M3,1 Hr,Valid
Guatemala City,PM10 - Principal,2023-08-13 10:00 PM,2023,08,13,22,22.0,20,Good,22.0,UG/M3,1 Hr,Valid
Guatemala City,PM10 - Principal,2023-08-13 11:00 PM,2023,08,13,23,18.0,17,Good,15.0,UG/M3,1 Hr,Valid
Guatemala City,PM10 - Principal,2023-08-14 12:00 AM,2023,08,14,00,15.0,14,Good,12.0,UG/M3,1 Hr,Valid
Guatemala City,PM10 - Principal,2023-08-14 01:00 AM,2023,08,14,01,16.0,15,Good,17.0,UG/M3,1 Hr,Valid
Guatemala City,PM10 - Principal,2023-08-14 02:00 AM,2023,08,14,02,16.0,15,Good,16.0,UG/M3,1 Hr,Valid
Guatemala City,PM10 - Principal,2023-08-14 03:00 AM,2023,08,14,03,20.0,19,Good,24.0,UG/M3,1 Hr,Valid
Guatemala City,PM10 - Principal,2023-08-14 04:00 AM,2023,08,14,04,23.0,21,Good,26.0,UG/M3,1 Hr,Valid
Guatemala City,PM10 - Principal,2023-08-14 05:00 AM,2023,08,14,05,21.0,19,Good,19.0,UG/M3,1 Hr,Valid
Guatemala City,PM10 - Principal,2023-08-14 06:00 AM,2023,08,14,06,18.0,17,Good,15.0,UG/M3,1 Hr,Valid
Guatemala City,PM10 - Principal,2023-08-14 07:00 AM,2023,08,14,07,20.0,19,Good,22.0,UG/M3,1 Hr,Valid
Guatemala City,PM10 - Principal,2023-08-14 08:00 AM,2023,08,14,08,22.0,20,Good,24.0,UG/M3,1 Hr,Valid
Guatemala City,PM10 - Principal,2023-08-14 09:00 AM,2023,08,14,09,27.0,25,Good,32.0,UG/M3,1 Hr,Valid
Guatemala City,PM10 - Principal,2023-08-14 10:00 AM,2023,08,14,10,29.0,27,Good,32.0,UG/M3,1 Hr,Valid
Guatemala City,PM10 - Principal,2023-08-14 11:00 AM,2023,08,14,11,32.0,30,Good,35.0,UG/M3,1 Hr,Valid
Guatemala City,PM10 - Principal,2023-08-14 12:00 PM,2023,08,14,12,32.0,30,Good,33.0,UG/M3,1 Hr,Valid
Guatemala City,PM10 - Principal,2023-08-14 01:00 PM,2023,08,14,13,30.0,28,Good,28.0,UG/M3,1 Hr,Valid
Guatemala City,PM10 - Principal,2023-08-14 02:00 PM,2023,08,14,14,29.0,27,Good,29.0,UG/M3,1 Hr,Valid
Guatemala City,PM10 - Principal,2023-08-14 03:00 PM,2023,08,14,15,29.0,27,Good,29.0,UG/M3,1 Hr,Valid
Guatemala City,PM10 - Principal,2023-08-14 04:00 PM,2023,08,14,16,28.0,26,Good,28.0,UG/M3,1 Hr,Valid
Guatemala City,PM10 - Principal,2023-08-14 05:00 PM,2023,08,14,17,29.0,27,Good,30.0,UG/M3,1 Hr,Valid
Guatemala City,PM10 - Principal,2023-08-14 06:00 PM,2023,08,14,18,29.0,27,Good,30.0,UG/M3,1 Hr,Valid
Guatemala City,PM10 - Principal,2023-08-14 07:00 PM,2023,08,14,19,30.0,28,Good,33.0,UG/M3,1 Hr,Valid
Guatemala City,PM10 - Principal,2023-08-14 08:00 PM,2023,08,14,20,31.0,29,Good,33.0,UG/M3,1 Hr,Valid
Guatemala City,PM10 - Principal,2023-08-14 09:00 PM,2023,08,14,21,31.0,29,Good,31.0,UG/M3,1 Hr,Valid
Guatemala City,PM10 - Principal,2023-08-14 10:00 PM,2023,08,14,22,30.0,28,Good,30.0,UG/M3,1 Hr,Valid
Guatemala City,PM10 - Principal,2023-08-14 11:00 PM,2023,08,14,23,23.0,21,Good,16.0,UG/M3,1 Hr,Valid
Guatemala City,PM10 - Principal,2023-08-15 12:00 AM,2023,08,15,00,18.0,17,Good,14.0,UG/M3,1 Hr,Valid
Guatemala City,PM10 - Principal,2023-08-15 01:00 AM,2023,08,15,01,13.0,12,Good,8.0,UG/M3,1 Hr,Valid
Guatemala City,PM10 - Principal,2023-08-15 02:00 AM,2023,08,15,02,13.0,12,Good,14.0,UG/M3,1 Hr,Valid
Guatemala City,PM10 - Principal,2023-08-15 03:00 AM,2023,08,15,03,11.0,10,Good,9.0,UG/M3,1 Hr,Valid
Guatemala City,PM10 - Principal,2023-08-15 04:00 AM,2023,08,15,04,9.0,8,Good,7.0,UG/M3,1 Hr,Valid
Guatemala City,PM10 - Principal,2023-08-15 05:00 AM,2023,08,15,05,9.0,8,Good,10.0,UG/M3,1 Hr,Valid
Guatemala City,PM10 - Principal,2023-08-15 06:00 AM,2023,08,15,06,13.0,12,Good,18.0,UG/M3,1 Hr,Valid
Guatemala City,PM10 - Principal,2023-08-15 07:00 AM,2023,08,15,07,12.0,11,Good,12.0,UG/M3,1 Hr,Valid
Guatemala City,PM10 - Principal,2023-08-15 08:00 AM,2023,08,15,08,12.0,11,Good,12.0,UG/M3,1 Hr,Valid
Guatemala City,PM10 - Principal,2023-08-15 09:00 AM,2023,08,15,09,12.0,11,Good,13.0,UG/M3,1 Hr,Valid
Guatemala City,PM10 - Principal,2023-08-15 10:00 AM,2023,08,15,10,18.0,17,Good,25.0,UG/M3,1 Hr,Valid
Guatemala City,PM10 - Principal,2023-08-15 11:00 AM,2023,08,15,11,16.0,15,Good,15.0,UG/M3,1 Hr,Valid
Guatemala City,PM10 - Principal,2023-08-15 12:00 PM,2023,08,15,12,16.0,15,Good,17.0,UG/M3,1 Hr,Valid
Guatemala City,PM10 - Principal,2023-08-15 01:00 PM,2023,08,15,13,19.0,18,Good,22.0,UG/M3,1 Hr,Valid
Guatemala City,PM10 - Principal,2023-08-15 02:00 PM,2023,08,15,14,19.0,18,Good,20.0,UG/M3,1 Hr,Valid
Guatemala City,PM10 - Principal,2023-08-15 03:00 PM,2023,08,15,15,19.0,18,Good,20.0,UG/M3,1 Hr,Valid
Guatemala City,PM10 - Principal,2023-08-15 04:00 PM,2023,08,15,16,16.0,15,Good,13.0,UG/M3,1 Hr,Valid
Guatemala City,PM10 - Principal,2023-08-15 05:00 PM,2023,08,15,17,17.0,16,Good,18.0,UG/M3,1 Hr,Valid
Guatemala City,PM10 - Principal,2023-08-15 06:00 PM,2023,08,15,18,18.0,17,Good,20.0,UG/M3,1 Hr,Valid
Guatemala City,PM10 - Principal,2023-08-15 07:00 PM,2023,08,15,19,22.0,20,Good,26.0,UG/M3,1 Hr,Valid
Guatemala City,PM10 - Principal,2023-08-15 08:00 PM,2023,08,15,20,19.0,18,Good,17.0,UG/M3,1 Hr,Valid
Guatemala City,PM10 - Principal,2023-08-15 09:00 PM,2023,08,15,21,18.0,17,Good,18.0,UG/M3,1 Hr,Valid
Guatemala City,PM10 - Principal,2023-08-15 10:00 PM,2023,08,15,22,17.0,16,Good,17.0,UG/M3,1 Hr,Valid
Guatemala City,PM10 - Principal,2023-08-15 11:00 PM,2023,08,15,23,16.0,15,Good,16.0,UG/M3,1 Hr,Valid
Guatemala City,PM10 - Principal,2023-08-16 12:00 AM,2023,08,16,00,14.0,13,Good,13.0,UG/M3,1 Hr,Valid
Guatemala City,PM10 - Principal,2023-08-16 01:00 AM,2023,08,16,01,15.0,14,Good,16.0,UG/M3,1 Hr,Valid
Guatemala City,PM10 - Principal,2023-08-16 02:00 AM,2023,08,16,02,16.0,15,Good,17.0,UG/M3,1 Hr,Valid
Guatemala City,PM10 - Principal,2023-08-16 03:00 AM,2023,08,16,03,15.0,14,Good,14.0,UG/M3,1 Hr,Valid
Guatemala City,PM10 - Principal,2023-08-16 04:00 AM,2023,08,16,04,13.0,12,Good,11.0,UG/M3,1 Hr,Valid
Guatemala City,PM10 - Principal,2023-08-16 05:00 AM,2023,08,16,05,13.0,12,Good,13.0,UG/M3,1 Hr,Valid
Guatemala City,PM10 - Principal,2023-08-16 06:00 AM,2023,08,16,06,16.0,15,Good,20.0,UG/M3,1 Hr,Valid
Guatemala City,PM10 - Principal,2023-08-16 07:00 AM,2023,08,16,07,21.0,19,Good,26.0,UG/M3,1 Hr,Valid
Guatemala City,PM10 - Principal,2023-08-16 08:00 AM,2023,08,16,08,19.0,18,Good,18.0,UG/M3,1 Hr,Valid
Guatemala City,PM10 - Principal,2023-08-16 09:00 AM,2023,08,16,09,19.0,18,Good,20.0,UG/M3,1 Hr,Valid
Guatemala City,PM10 - Principal,2023-08-16 10:00 AM,2023,08,16,10,23.0,21,Good,27.0,UG/M3,1 Hr,Valid
Guatemala City,PM10 - Principal,2023-08-16 11:00 AM,2023,08,16,11,19.0,18,Good,16.0,UG/M3,1 Hr,Valid
Guatemala City,PM10 - Principal,2023-08-16 12:00 PM,2023,08,16,12,19.0,18,Good,19.0,UG/M3,1 Hr,Valid
Guatemala City,PM10 - Principal,2023-08-16 01:00 PM,2023,08,16,13,21.0,19,Good,24.0,UG/M3,1 Hr,Valid
Guatemala City,PM10 - Principal,2023-08-16 02:00 PM,2023,08,16,14,21.0,19,Good,21.0,UG/M3,1 Hr,Valid
Guatemala City,PM10 - Principal,2023-08-16 03:00 PM,2023,08,16,15,21.0,19,Good,22.0,UG/M3,1 Hr,Valid
Guatemala City,PM10 - Principal,2023-08-16 04:00 PM,2023,08,16,16,18.0,17,Good,16.0,UG/M3,1 Hr,Valid
Guatemala City,PM10 - Principal,2023-08-16 05:00 PM,2023,08,16,17,20.0,19,Good,23.0,UG/M3,1 Hr,Valid
Guatemala City,PM10 - Principal,2023-08-16 06:00 PM,2023,08,16,18,23.0,21,Good,28.0,UG/M3,1 Hr,Valid
Guatemala City,PM10 - Principal,2023-08-16 07:00 PM,2023,08,16,19,26.0,24,Good,29.0,UG/M3,1 Hr,Valid
Guatemala City,PM10 - Principal,2023-08-16 08:00 PM,2023,08,16,20,32.0,30,Good,39.0,UG/M3,1 Hr,Valid
Guatemala City,PM10 - Principal,2023-08-16 09:00 PM,2023,08,16,21,37.0,34,Good,42.0,UG/M3,1 Hr,Valid
Guatemala City,PM10 - Principal,2023-08-16 10:00 PM,2023,08,16,22,37.0,34,Good,37.0,UG/M3,1 Hr,Valid
Guatemala City,PM10 - Principal,2023-08-16 11:00 PM,2023,08,16,23,34.0,31,Good,31.0,UG/M3,1 Hr,Valid
Guatemala City,PM10 - Principal,2023-08-17 12:00 AM,2023,08,17,00,28.0,26,Good,23.0,UG/M3,1 Hr,Valid
Guatemala City,PM10 - Principal,2023-08-17 01:00 AM,2023,08,17,01,28.0,26,Good,28.0,UG/M3,1 Hr,Valid
Guatemala City,PM10 - Principal,2023-08-17 02:00 AM,2023,08,17,02,25.0,23,Good,23.0,UG/M3,1 Hr,Valid
Guatemala City,PM10 - Principal,2023-08-17 03:00 AM,2023,08,17,03,26.0,24,Good,27.0,UG/M3,1 Hr,Valid
Guatemala City,PM10 - Principal,2023-08-17 04:00 AM,2023,08,17,04,27.0,25,Good,29.0,UG/M3,1 Hr,Valid
Guatemala City,PM10 - Principal,2023-08-17 05:00 AM,2023,08,17,05,28.0,26,Good,29.0,UG/M3,1 Hr,Valid
Guatemala City,PM10 - Principal,2023-08-17 06:00 AM,2023,08,17,06,29.0,27,Good,30.0,UG/M3,1 Hr,Valid
Guatemala City,PM10 - Principal,2023-08-17 07:00 AM,2023,08,17,07,29.0,27,Good,30.0,UG/M3,1 Hr,Valid
Guatemala City,PM10 - Principal,2023-08-17 08:00 AM,2023,08,17,08,31.0,29,Good,35.0,UG/M3,1 Hr,Valid
Guatemala City,PM10 - Principal,2023-08-17 09:00 AM,2023,08,17,09,34.0,31,Good,39.0,UG/M3,1 Hr,Valid
Guatemala City,PM10 - Principal,2023-08-17 10:00 AM,2023,08,17,10,35.0,32,Good,36.0,UG/M3,1 Hr,Valid
Guatemala City,PM10 - Principal,2023-08-17 11:00 AM,2023,08,17,11,37.0,34,Good,41.0,UG/M3,1 Hr,Valid
Guatemala City,PM10 - Principal,2023-08-17 12:00 PM,2023,08,17,12,41.0,38,Good,45.0,UG/M3,1 Hr,Valid
Guatemala City,PM10 - Principal,2023-08-17 01:00 PM,2023,08,17,13,41.0,38,Good,42.0,UG/M3,1 Hr,Valid
Guatemala City,PM10 - Principal,2023-08-17 02:00 PM,2023,08,17,14,51.0,47,Good,62.0,UG/M3,1 Hr,Valid
Guatemala City,PM10 - Principal,2023-08-17 03:00 PM,2023,08,17,15,54.0,50,Good,58.0,UG/M3,1 Hr,Valid
Guatemala City,PM10 - Principal,2023-08-17 04:00 PM,2023,08,17,16,54.0,50,Good,54.0,UG/M3,1 Hr,Valid
Guatemala City,PM10 - Principal,2023-08-17 05:00 PM,2023,08,17,17,58.0,52,Moderate,62.0,UG/M3,1 Hr,Valid
Guatemala City,PM10 - Principal,2023-08-17 06:00 PM,2023,08,17,18,60.0,53,Moderate,63.0,UG/M3,1 Hr,Valid
Guatemala City,PM10 - Principal,2023-08-17 07:00 PM,2023,08,17,19,64.0,55,Moderate,68.0,UG/M3,1 Hr,Valid
Guatemala City,PM10 - Principal,2023-08-17 08:00 PM,2023,08,17,20,64.0,55,Moderate,65.0,UG/M3,1 Hr,Valid
Guatemala City,PM10 - Principal,2023-08-17 09:00 PM,2023,08,17,21,62.0,54,Moderate,60.0,UG/M3,1 Hr,Valid
Guatemala City,PM10 - Principal,2023-08-17 10:00 PM,2023,08,17,22,60.0,53,Moderate,58.0,UG/M3,1 Hr,Valid
Guatemala City,PM10 - Principal,2023-08-17 11:00 PM,2023,08,17,23,58.0,52,Moderate,55.0,UG/M3,1 Hr,Valid
Guatemala City,PM10 - Principal,2023-08-18 12:00 AM,2023,08,18,00,54.0,50,Good,49.0,UG/M3,1 Hr,Valid
Guatemala City,PM10 - Principal,2023-08-18 01:00 AM,2023,08,18,01,51.0,47,Good,45.0,UG/M3,1 Hr,Valid
Guatemala City,PM10 - Principal,2023-08-18 02:00 AM,2023,08,18,02,45.0,42,Good,39.0,UG/M3,1 Hr,Valid
Guatemala City,PM10 - Principal,2023-08-18 03:00 AM,2023,08,18,03,38.0,35,Good,33.0,UG/M3,1 Hr,Valid
Guatemala City,PM10 - Principal,2023-08-18 04:00 AM,2023,08,18,04,41.0,38,Good,45.0,UG/M3,1 Hr,Valid
Guatemala City,PM10 - Principal,2023-08-18 05:00 AM,2023,08,18,05,41.0,38,Good,42.0,UG/M3,1 Hr,Valid
Guatemala City,PM10 - Principal,2023-08-18 06:00 AM,2023,08,18,06,45.0,42,Good,49.0,UG/M3,1 Hr,Valid
Guatemala City,PM10 - Principal,2023-08-18 07:00 AM,2023,08,18,07,47.0,44,Good,49.0,UG/M3,1 Hr,Valid
Guatemala City,PM10 - Principal,2023-08-18 08:00 AM,2023,08,18,08,48.0,44,Good,50.0,UG/M3,1 Hr,Valid
Guatemala City,PM10 - Principal,2023-08-18 09:00 AM,2023,08,18,09,45.0,42,Good,43.0,UG/M3,1 Hr,Valid
Guatemala City,PM10 - Principal,2023-08-18 10:00 AM,2023,08,18,10,44.0,41,Good,43.0,UG/M3,1 Hr,Valid
Guatemala City,PM10 - Principal,2023-08-18 11:00 AM,2023,08,18,11,42.0,39,Good,39.0,UG/M3,1 Hr,Valid
Guatemala City,PM10 - Principal,2023-08-18 12:00 PM,2023,08,18,12,41.0,38,Good,38.0,UG/M3,1 Hr,Valid
Guatemala City,PM10 - Principal,2023-08-18 01:00 PM,2023,08,18,13,40.0,37,Good,38.0,UG/M3,1 Hr,Valid
Guatemala City,PM10 - Principal,2023-08-18 02:00 PM,2023,08,18,14,41.0,38,Good,44.0,UG/M3,1 Hr,Valid
Guatemala City,PM10 - Principal,2023-08-18 03:00 PM,2023,08,18,15,45.0,42,Good,55.0,UG/M3,1 Hr,Valid
Guatemala City,PM10 - Principal,2023-08-18 04:00 PM,2023,08,18,16,50.0,46,Good,58.0,UG/M3,1 Hr,Valid
Guatemala City,PM10 - Principal,2023-08-18 05:00 PM,2023,08,18,17,56.0,51,Moderate,64.0,UG/M3,1 Hr,Valid
Guatemala City,PM10 - Principal,2023-08-18 06:00 PM,2023,08,18,18,57.0,52,Moderate,60.0,UG/M3,1 Hr,Valid
Guatemala City,PM10 - Principal,2023-08-18 07:00 PM,2023,08,18,19,57.0,52,Moderate,56.0,UG/M3,1 Hr,Valid
Guatemala City,PM10 - Principal,2023-08-18 08:00 PM,2023,08,18,20,55.0,51,Moderate,53.0,UG/M3,1 Hr,Valid
Guatemala City,PM10 - Principal,2023-08-18 09:00 PM,2023,08,18,21,56.0,51,Moderate,58.0,UG/M3,1 Hr,Valid
Guatemala City,PM10 - Principal,2023-08-18 10:00 PM,2023,08,18,22,55.0,51,Moderate,54.0,UG/M3,1 Hr,Valid
Guatemala City,PM10 - Principal,2023-08-18 11:00 PM,2023,08,18,23,51.0,47,Good,46.0,UG/M3,1 Hr,Valid
Guatemala City,PM10 - Principal,2023-08-19 12:00 AM,2023,08,19,00,50.0,46,Good,48.0,UG/M3,1 Hr,Valid
Guatemala City,PM10 - Principal,2023-08-19 01:00 AM,2023,08,19,01,50.0,46,Good,49.0,UG/M3,1 Hr,Valid
Guatemala City,PM10 - Principal,2023-08-19 02:00 AM,2023,08,19,02,49.0,45,Good,47.0,UG/M3,1 Hr,Valid
Guatemala City,PM10 - Principal,2023-08-19 03:00 AM,2023,08,19,03,49.0,45,Good,49.0,UG/M3,1 Hr,Valid
Guatemala City,PM10 - Principal,2023-08-19 04:00 AM,2023,08,19,04,48.0,44,Good,45.0,UG/M3,1 Hr,Valid
Guatemala City,PM10 - Principal,2023-08-19 05:00 AM,2023,08,19,05,46.0,43,Good,42.0,UG/M3,1 Hr,Valid
Guatemala City,PM10 - Principal,2023-08-19 06:00 AM,2023,08,19,06,45.0,42,Good,44.0,UG/M3,1 Hr,Valid
Guatemala City,PM10 - Principal,2023-08-19 07:00 AM,2023,08,19,07,46.0,43,Good,48.0,UG/M3,1 Hr,Valid
Guatemala City,PM10 - Principal,2023-08-19 08:00 AM,2023,08,19,08,46.0,43,Good,48.0,UG/M3,1 Hr,Valid
Guatemala City,PM10 - Principal,2023-08-19 09:00 AM,2023,08,19,09,47.0,44,Good,51.0,UG/M3,1 Hr,Valid
Guatemala City,PM10 - Principal,2023-08-19 10:00 AM,2023,08,19,10,46.0,43,Good,45.0,UG/M3,1 Hr,Valid
Guatemala City,PM10 - Principal,2023-08-19 11:00 AM,2023,08,19,11,47.0,44,Good,48.0,UG/M3,1 Hr,Valid
Guatemala City,PM10 - Principal,2023-08-19 12:00 PM,2023,08,19,12,46.0,43,Good,46.0,UG/M3,1 Hr,Valid
Guatemala City,PM10 - Principal,2023-08-19 01:00 PM,2023,08,19,13,46.0,43,Good,47.0,UG/M3,1 Hr,Valid
Guatemala City,PM10 - Principal,2023-08-19 02:00 PM,2023,08,19,14,46.0,43,Good,46.0,UG/M3,1 Hr,Valid
Guatemala City,PM10 - Principal,2023-08-19 03:00 PM,2023,08,19,15,45.0,42,Good,41.0,UG/M3,1 Hr,Valid
Guatemala City,PM10 - Principal,2023-08-19 04:00 PM,2023,08,19,16,44.0,41,Good,40.0,UG/M3,1 Hr,Valid
Guatemala City,PM10 - Principal,2023-08-19 05:00 PM,2023,08,19,17,44.0,41,Good,46.0,UG/M3,1 Hr,Valid
Guatemala City,PM10 - Principal,2023-08-19 06:00 PM,2023,08,19,18,45.0,42,Good,47.0,UG/M3,1 Hr,Valid
Guatemala City,PM10 - Principal,2023-08-19 07:00 PM,2023,08,19,19,44.0,41,Good,43.0,UG/M3,1 Hr,Valid
Guatemala City,PM10 - Principal,2023-08-19 08:00 PM,2023,08,19,20,44.0,41,Good,46.0,UG/M3,1 Hr,Valid
Guatemala City,PM10 - Principal,2023-08-19 09:00 PM,2023,08,19,21,43.0,40,Good,39.0,UG/M3,1 Hr,Valid
Guatemala City,PM10 - Principal,2023-08-19 10:00 PM,2023,08,19,22,42.0,39,Good,40.0,UG/M3,1 Hr,Valid
Guatemala City,PM10 - Principal,2023-08-19 11:00 PM,2023,08,19,23,42.0,39,Good,39.0,UG/M3,1 Hr,Valid
Guatemala City,PM10 - Principal,2023-08-20 12:00 AM,2023,08,20,00,41.0,38,Good,38.0,UG/M3,1 Hr,Valid
Guatemala City,PM10 - Principal,2023-08-20 01:00 AM,2023,08,20,01,41.0,38,Good,42.0,UG/M3,1 Hr,Valid
Guatemala City,PM10 - Principal,2023-08-20 02:00 AM,2023,08,20,02,40.0,37,Good,38.0,UG/M3,1 Hr,Valid
Guatemala City,PM10 - Principal,2023-08-20 03:00 AM,2023,08,20,03,39.0,36,Good,38.0,UG/M3,1 Hr,Valid
Guatemala City,PM10 - Principal,2023-08-20 04:00 AM,2023,08,20,04,39.0,36,Good,39.0,UG/M3,1 Hr,Valid
Guatemala City,PM10 - Principal,2023-08-20 05:00 AM,2023,08,20,05,39.0,36,Good,40.0,UG/M3,1 Hr,Valid
Guatemala City,PM10 - Principal,2023-08-20 06:00 AM,2023,08,20,06,40.0,37,Good,42.0,UG/M3,1 Hr,Valid
Guatemala City,PM10 - Principal,2023-08-20 07:00 AM,2023,08,20,07,40.0,37,Good,42.0,UG/M3,1 Hr,Valid
Guatemala City,PM10 - Principal,2023-08-20 08:00 AM,2023,08,20,08,42.0,39,Good,48.0,UG/M3,1 Hr,Valid
Guatemala City,PM10 - Principal,2023-08-20 09:00 AM,2023,08,20,09,42.0,39,Good,42.0,UG/M3,1 Hr,Valid
Guatemala City,PM10 - Principal,2023-08-20 10:00 AM,2023,08,20,10,40.0,37,Good,37.0,UG/M3,1 Hr,Valid
Guatemala City,PM10 - Principal,2023-08-20 11:00 AM,2023,08,20,11,40.0,37,Good,40.0,UG/M3,1 Hr,Valid
Guatemala City,PM10 - Principal,2023-08-20 12:00 PM,2023,08,20,12,38.0,35,Good,34.0,UG/M3,1 Hr,Valid
Guatemala City,PM10 - Principal,2023-08-20 01:00 PM,2023,08,20,13,36.0,33,Good,32.0,UG/M3,1 Hr,Valid
Guatemala City,PM10 - Principal,2023-08-20 02:00 PM,2023,08,20,14,32.0,30,Good,28.0,UG/M3,1 Hr,Valid
Guatemala City,PM10 - Principal,2023-08-20 03:00 PM,2023,08,20,15,30.0,28,Good,29.0,UG/M3,1 Hr,Valid
Guatemala City,PM10 - Principal,2023-08-20 04:00 PM,2023,08,20,16,30.0,28,Good,31.0,UG/M3,1 Hr,Valid
Guatemala City,PM10 - Principal,2023-08-20 05:00 PM,2023,08,20,17,33.0,31,Good,38.0,UG/M3,1 Hr,Valid
Guatemala City,PM10 - Principal,2023-08-20 06:00 PM,2023,08,20,18,32.0,30,Good,30.0,UG/M3,1 Hr,Valid
Guatemala City,PM10 - Principal,2023-08-20 07:00 PM,2023,08,20,19,32.0,30,Good,33.0,UG/M3,1 Hr,Valid
Guatemala City,PM10 - Principal,2023-08-20 08:00 PM,2023,08,20,20,32.0,30,Good,32.0,UG/M3,1 Hr,Valid
Guatemala City,PM10 - Principal,2023-08-20 09:00 PM,2023,08,20,21,32.0,30,Good,33.0,UG/M3,1 Hr,Valid
Guatemala City,PM10 - Principal,2023-08-20 10:00 PM,2023,08,20,22,33.0,31,Good,35.0,UG/M3,1 Hr,Valid
Guatemala City,PM10 - Principal,2023-08-20 11:00 PM,2023,08,20,23,32.0,30,Good,29.0,UG/M3,1 Hr,Valid
Guatemala City,PM10 - Principal,2023-08-21 12:00 AM,2023,08,21,00,28.0,26,Good,23.0,UG/M3,1 Hr,Valid
Guatemala City,PM10 - Principal,2023-08-21 01:00 AM,2023,08,21,01,28.0,26,Good,28.0,UG/M3,1 Hr,Valid
Guatemala City,PM10 - Principal,2023-08-21 02:00 AM,2023,08,21,02,26.0,24,Good,25.0,UG/M3,1 Hr,Valid
Guatemala City,PM10 - Principal,2023-08-21 03:00 AM,2023,08,21,03,25.0,23,Good,24.0,UG/M3,1 Hr,Valid
Guatemala City,PM10 - Principal,2023-08-21 04:00 AM,2023,08,21,04,27.0,25,Good,31.0,UG/M3,1 Hr,Valid
Guatemala City,PM10 - Principal,2023-08-21 05:00 AM,2023,08,21,05,28.0,26,Good,29.0,UG/M3,1 Hr,Valid
Guatemala City,PM10 - Principal,2023-08-21 06:00 AM,2023,08,21,06,31.0,29,Good,36.0,UG/M3,1 Hr,Valid
Guatemala City,PM10 - Principal,2023-08-21 07:00 AM,2023,08,21,07,29.0,27,Good,27.0,UG/M3,1 Hr,Valid
Guatemala City,PM10 - Principal,2023-08-21 08:00 AM,2023,08,21,08,32.0,30,Good,38.0,UG/M3,1 Hr,Valid
Guatemala City,PM10 - Principal,2023-08-21 09:00 AM,2023,08,21,09,34.0,31,Good,36.0,UG/M3,1 Hr,Valid
Guatemala City,PM10 - Principal,2023-08-21 10:00 AM,2023,08,21,10,33.0,31,Good,32.0,UG/M3,1 Hr,Valid
Guatemala City,PM10 - Principal,2023-08-21 11:00 AM,2023,08,21,11,31.0,29,Good,30.0,UG/M3,1 Hr,Valid
Guatemala City,PM10 - Principal,2023-08-21 12:00 PM,2023,08,21,12,33.0,31,Good,35.0,UG/M3,1 Hr,Valid
Guatemala City,PM10 - Principal,2023-08-21 01:00 PM,2023,08,21,13,32.0,30,Good,31.0,UG/M3,1 Hr,Valid
Guatemala City,PM10 - Principal,2023-08-21 02:00 PM,2023,08,21,14,33.0,31,Good,35.0,UG/M3,1 Hr,Valid
Guatemala City,PM10 - Principal,2023-08-21 03:00 PM,2023,08,21,15,34.0,31,Good,36.0,UG/M3,1 Hr,Valid
Guatemala City,PM10 - Principal,2023-08-21 04:00 PM,2023,08,21,16,32.0,30,Good,28.0,UG/M3,1 Hr,Valid
Guatemala City,PM10 - Principal,2023-08-21 05:00 PM,2023,08,21,17,31.0,29,Good,30.0,UG/M3,1 Hr,Valid
Guatemala City,PM10 - Principal,2023-08-21 06:00 PM,2023,08,21,18,32.0,30,Good,34.0,UG/M3,1 Hr,Valid
Guatemala City,PM10 - Principal,2023-08-21 07:00 PM,2023,08,21,19,29.0,27,Good,24.0,UG/M3,1 Hr,Valid
Guatemala City,PM10 - Principal,2023-08-21 08:00 PM,2023,08,21,20,21.0,19,Good,15.0,UG/M3,1 Hr,Valid
Guatemala City,PM10 - Principal,2023-08-21 09:00 PM,2023,08,21,21,24.0,22,Good,27.0,UG/M3,1 Hr,Valid
Guatemala City,PM10 - Principal,2023-08-21 10:00 PM,2023,08,21,22,24.0,22,Good,25.0,UG/M3,1 Hr,Valid
Guatemala City,PM10 - Principal,2023-08-21 11:00 PM,2023,08,21,23,21.0,19,Good,18.0,UG/M3,1 Hr,Valid
Guatemala City,PM10 - Principal,2023-08-22 12:00 AM,2023,08,22,00,21.0,19,Good,22.0,UG/M3,1 Hr,Valid
Guatemala City,PM10 - Principal,2023-08-22 01:00 AM,2023,08,22,01,25.0,23,Good,30.0,UG/M3,1 Hr,Valid
Guatemala City,PM10 - Principal,2023-08-22 02:00 AM,2023,08,22,02,20.0,19,Good,15.0,UG/M3,1 Hr,Valid
Guatemala City,PM10 - Principal,2023-08-22 03:00 AM,2023,08,22,03,19.0,18,Good,19.0,UG/M3,1 Hr,Valid
Guatemala City,PM10 - Principal,2023-08-22 04:00 AM,2023,08,22,04,21.0,19,Good,23.0,UG/M3,1 Hr,Valid
Guatemala City,PM10 - Principal,2023-08-22 05:00 AM,2023,08,22,05,21.0,19,Good,21.0,UG/M3,1 Hr,Valid
Guatemala City,PM10 - Principal,2023-08-22 06:00 AM,2023,08,22,06,23.0,21,Good,26.0,UG/M3,1 Hr,Valid
Guatemala City,PM10 - Principal,2023-08-22 07:00 AM,2023,08,22,07,27.0,25,Good,31.0,UG/M3,1 Hr,Valid
Guatemala City,PM10 - Principal,2023-08-22 08:00 AM,2023,08,22,08,28.0,26,Good,30.0,UG/M3,1 Hr,Valid
Guatemala City,PM10 - Principal,2023-08-22 09:00 AM,2023,08,22,09,25.0,23,Good,23.0,UG/M3,1 Hr,Valid
Guatemala City,PM10 - Principal,2023-08-22 10:00 AM,2023,08,22,10,24.0,22,Good,24.0,UG/M3,1 Hr,Valid
Guatemala City,PM10 - Principal,2023-08-22 11:00 AM,2023,08,22,11,27.0,25,Good,31.0,UG/M3,1 Hr,Valid
Guatemala City,PM10 - Principal,2023-08-22 12:00 PM,2023,08,22,12,27.0,25,Good,27.0,UG/M3,1 Hr,Valid
Guatemala City,PM10 - Principal,2023-08-22 01:00 PM,2023,08,22,13,27.0,25,Good,28.0,UG/M3,1 Hr,Valid
Guatemala City,PM10 - Principal,2023-08-22 02:00 PM,2023,08,22,14,27.0,25,Good,27.0,UG/M3,1 Hr,Valid
Guatemala City,PM10 - Principal,2023-08-22 03:00 PM,2023,08,22,15,29.0,27,Good,33.0,UG/M3,1 Hr,Valid
Guatemala City,PM10 - Principal,2023-08-22 04:00 PM,2023,08,22,16,28.0,26,Good,27.0,UG/M3,1 Hr,Valid
Guatemala City,PM10 - Principal,2023-08-22 05:00 PM,2023,08,22,17,30.0,28,Good,35.0,UG/M3,1 Hr,Valid
Guatemala City,PM10 - Principal,2023-08-22 06:00 PM,2023,08,22,18,29.0,27,Good,28.0,UG/M3,1 Hr,Valid
Guatemala City,PM10 - Principal,2023-08-22 07:00 PM,2023,08,22,19,32.0,30,Good,36.0,UG/M3,1 Hr,Valid
Guatemala City,PM10 - Principal,2023-08-22 08:00 PM,2023,08,22,20,30.0,28,Good,28.0,UG/M3,1 Hr,Valid
Guatemala City,PM10 - Principal,2023-08-22 09:00 PM,2023,08,22,21,29.0,27,Good,27.0,UG/M3,1 Hr,Valid
Guatemala City,PM10 - Principal,2023-08-22 10:00 PM,2023,08,22,22,29.0,27,Good,31.0,UG/M3,1 Hr,Valid
Guatemala City,PM10 - Principal,2023-08-22 11:00 PM,2023,08,22,23,30.0,28,Good,33.0,UG/M3,1 Hr,Valid
Guatemala City,PM10 - Principal,2023-08-23 12:00 AM,2023,08,23,00,30.0,28,Good,31.0,UG/M3,1 Hr,Valid
Guatemala City,PM10 - Principal,2023-08-23 01:00 AM,2023,08,23,01,32.0,30,Good,36.0,UG/M3,1 Hr,Valid
Guatemala City,PM10 - Principal,2023-08-23 02:00 AM,2023,08,23,02,31.0,29,Good,30.0,UG/M3,1 Hr,Valid
Guatemala City,PM10 - Principal,2023-08-23 03:00 AM,2023,08,23,03,30.0,28,Good,29.0,UG/M3,1 Hr,Valid
Guatemala City,PM10 - Principal,2023-08-23 04:00 AM,2023,08,23,04,29.0,27,Good,26.0,UG/M3,1 Hr,Valid
Guatemala City,PM10 - Principal,2023-08-23 05:00 AM,2023,08,23,05,29.0,27,Good,29.0,UG/M3,1 Hr,Valid
Guatemala City,PM10 - Principal,2023-08-23 06:00 AM,2023,08,23,06,30.0,28,Good,32.0,UG/M3,1 Hr,Valid
Guatemala City,PM10 - Principal,2023-08-23 07:00 AM,2023,08,23,07,32.0,30,Good,38.0,UG/M3,1 Hr,Valid
Guatemala City,PM10 - Principal,2023-08-23 08:00 AM,2023,08,23,08,38.0,35,Good,45.0,UG/M3,1 Hr,Valid
Guatemala City,PM10 - Principal,2023-08-23 09:00 AM,2023,08,23,09,36.0,33,Good,34.0,UG/M3,1 Hr,Valid
Guatemala City,PM10 - Principal,2023-08-23 10:00 AM,2023,08,23,10,40.0,37,Good,45.0,UG/M3,1 Hr,Valid
Guatemala City,PM10 - Principal,2023-08-23 11:00 AM,2023,08,23,11,46.0,43,Good,52.0,UG/M3,1 Hr,Valid
Guatemala City,PM10 - Principal,2023-08-23 12:00 PM,2023,08,23,12,44.0,41,Good,42.0,UG/M3,1 Hr,Valid
Guatemala City,PM10 - Principal,2023-08-23 01:00 PM,2023,08,23,13,41.0,38,Good,39.0,UG/M3,1 Hr,Valid
Guatemala City,PM10 - Principal,2023-08-23 02:00 PM,2023,08,23,14,37.0,34,Good,34.0,UG/M3,1 Hr,Valid
Guatemala City,PM10 - Principal,2023-08-23 03:00 PM,2023,08,23,15,37.0,34,Good,38.0,UG/M3,1 Hr,Valid
Guatemala City,PM10 - Principal,2023-08-23 04:00 PM,2023,08,23,16,39.0,36,Good,41.0,UG/M3,1 Hr,Valid
Guatemala City,PM10 - Principal,2023-08-23 05:00 PM,2023,08,23,17,39.0,36,Good,40.0,UG/M3,1 Hr,Valid
Guatemala City,PM10 - Principal,2023-08-23 06:00 PM,2023,08,23,18,39.0,36,Good,39.0,UG/M3,1 Hr,Valid
Guatemala City,PM10 - Principal,2023-08-23 07:00 PM,2023,08,23,19,41.0,38,Good,45.0,UG/M3,1 Hr,Valid
Guatemala City,PM10 - Principal,2023-08-23 08:00 PM,2023,08,23,20,42.0,39,Good,46.0,UG/M3,1 Hr,Valid
Guatemala City,PM10 - Principal,2023-08-23 09:00 PM,2023,08,23,21,43.0,40,Good,43.0,UG/M3,1 Hr,Valid
Guatemala City,PM10 - Principal,2023-08-23 10:00 PM,2023,08,23,22,41.0,38,Good,38.0,UG/M3,1 Hr,Valid
Guatemala City,PM10 - Principal,2023-08-23 11:00 PM,2023,08,23,23,40.0,37,Good,37.0,UG/M3,1 Hr,Valid
Guatemala City,PM10 - Principal,2023-08-24 12:00 AM,2023,08,24,00,32.0,30,Good,25.0,UG/M3,1 Hr,Valid
Guatemala City,PM10 - Principal,2023-08-24 01:00 AM,2023,08,24,01,24.0,22,Good,17.0,UG/M3,1 Hr,Valid
Guatemala City,PM10 - Principal,2023-08-24 02:00 AM,2023,08,24,02,19.0,18,Good,15.0,UG/M3,1 Hr,Valid
Guatemala City,PM10 - Principal,2023-08-24 03:00 AM,2023,08,24,03,17.0,16,Good,15.0,UG/M3,1 Hr,Valid
Guatemala City,PM10 - Principal,2023-08-24 04:00 AM,2023,08,24,04,15.0,14,Good,14.0,UG/M3,1 Hr,Valid
Guatemala City,PM10 - Principal,2023-08-24 05:00 AM,2023,08,24,05,15.0,14,Good,16.0,UG/M3,1 Hr,Valid
Guatemala City,PM10 - Principal,2023-08-24 06:00 AM,2023,08,24,06,20.0,19,Good,26.0,UG/M3,1 Hr,Valid
Guatemala City,PM10 - Principal,2023-08-24 07:00 AM,2023,08,24,07,21.0,19,Good,22.0,UG/M3,1 Hr,Valid
Guatemala City,PM10 - Principal,2023-08-24 08:00 AM,2023,08,24,08,23.0,21,Good,25.0,UG/M3,1 Hr,Valid
Guatemala City,PM10 - Principal,2023-08-24 09:00 AM,2023,08,24,09,23.0,21,Good,-999.0,UG/M3,1 Hr,Missing
Guatemala City,PM10 - Principal,2023-09-14 11:00 AM,2023,09,14,11,-999.0,-999,N/A,3.0,UG/M3,1 Hr,Valid
Guatemala City,PM10 - Principal,2023-09-14 12:00 PM,2023,09,14,12,1.0,1,Good,0.0,UG/M3,1 Hr,Valid
Guatemala City,PM10 - Principal,2023-09-14 01:00 PM,2023,09,14,13,0.0,0,Good,-2.0,UG/M3,1 Hr,Valid
Guatemala City,PM10 - Principal,2023-09-14 02:00 PM,2023,09,14,14,0.0,0,Good,-1.0,UG/M3,1 Hr,Valid
Guatemala City,PM10 - Principal,2023-09-14 03:00 PM,2023,09,14,15,0.0,0,Good,1.0,UG/M3,1 Hr,Valid
Guatemala City,PM10 - Principal,2023-09-14 04:00 PM,2023,09,14,16,0.0,0,Good,1.0,UG/M3,1 Hr,Valid
Guatemala City,PM10 - Principal,2023-09-14 05:00 PM,2023,09,14,17,0.0,0,Good,1.0,UG/M3,1 Hr,Valid
Guatemala City,PM10 - Principal,2023-09-14 06:00 PM,2023,09,14,18,0.0,0,Good,-999.0,UG/M3,1 Hr,Missing
Guatemala City,PM10 - Principal,2023-09-14 07:00 PM,2023,09,14,19,2.0,2,Good,4.0,UG/M3,1 Hr,Valid
Guatemala City,PM10 - Principal,2023-09-14 08:00 PM,2023,09,14,20,2.0,2,Good,3.0,UG/M3,1 Hr,Valid
Guatemala City,PM10 - Principal,2023-09-14 09:00 PM,2023,09,14,21,5.0,5,Good,8.0,UG/M3,1 Hr,Valid
Guatemala City,PM10 - Principal,2023-09-14 10:00 PM,2023,09,14,22,5.0,5,Good,6.0,UG/M3,1 Hr,Valid
Guatemala City,PM10 - Principal,2023-09-14 11:00 PM,2023,09,14,23,6.0,6,Good,7.0,UG/M3,1 Hr,Valid
Guatemala City,PM10 - Principal,2023-09-15 12:00 AM,2023,09,15,00,4.0,4,Good,3.0,UG/M3,1 Hr,Valid
Guatemala City,PM10 - Principal,2023-09-15 01:00 AM,2023,09,15,01,3.0,3,Good,3.0,UG/M3,1 Hr,Valid
Guatemala City,PM10 - Principal,2023-09-15 02:00 AM,2023,09,15,02,4.0,4,Good,5.0,UG/M3,1 Hr,Valid
Guatemala City,PM10 - Principal,2023-09-15 03:00 AM,2023,09,15,03,4.0,4,Good,4.0,UG/M3,1 Hr,Valid
Guatemala City,PM10 - Principal,2023-09-15 04:00 AM,2023,09,15,04,2.0,2,Good,1.0,UG/M3,1 Hr,Valid
Guatemala City,PM10 - Principal,2023-09-15 05:00 AM,2023,09,15,05,1.0,1,Good,0.0,UG/M3,1 Hr,Valid
Guatemala City,PM10 - Principal,2023-09-15 06:00 AM,2023,09,15,06,1.0,1,Good,2.0,UG/M3,1 Hr,Valid
Guatemala City,PM10 - Principal,2023-09-15 07:00 AM,2023,09,15,07,1.0,1,Good,1.0,UG/M3,1 Hr,Valid
Guatemala City,PM10 - Principal,2023-09-15 08:00 AM,2023,09,15,08,1.0,1,Good,1.0,UG/M3,1 Hr,Valid
Guatemala City,PM10 - Principal,2023-09-15 09:00 AM,2023,09,15,09,2.0,2,Good,4.0,UG/M3,1 Hr,Valid
Guatemala City,PM10 - Principal,2023-09-15 10:00 AM,2023,09,15,10,2.0,2,Good,3.0,UG/M3,1 Hr,Valid
Guatemala City,PM10 - Principal,2023-09-15 11:00 AM,2023,09,15,11,1.0,1,Good,0.0,UG/M3,1 Hr,Valid
Guatemala City,PM10 - Principal,2023-09-15 12:00 PM,2023,09,15,12,0.0,0,Good,-1.0,UG/M3,1 Hr,Valid
Guatemala City,PM10 - Principal,2023-09-15 01:00 PM,2023,09,15,13,0.0,0,Good,0.0,UG/M3,1 Hr,Valid
Guatemala City,PM10 - Principal,2023-09-15 02:00 PM,2023,09,15,14,1.0,1,Good,2.0,UG/M3,1 Hr,Valid
Guatemala City,PM10 - Principal,2023-09-15 03:00 PM,2023,09,15,15,1.0,1,Good,1.0,UG/M3,1 Hr,Valid
Guatemala City,PM10 - Principal,2023-09-15 04:00 PM,2023,09,15,16,2.0,2,Good,4.0,UG/M3,1 Hr,Valid
Guatemala City,PM10 - Principal,2023-09-15 05:00 PM,2023,09,15,17,2.0,2,Good,3.0,UG/M3,1 Hr,Valid
Guatemala City,PM10 - Principal,2023-09-15 06:00 PM,2023,09,15,18,2.0,2,Good,2.0,UG/M3,1 Hr,Valid
Guatemala City,PM10 - Principal,2023-09-15 07:00 PM,2023,09,15,19,2.0,2,Good,2.0,UG/M3,1 Hr,Valid
Guatemala City,PM10 - Principal,2023-09-15 08:00 PM,2023,09,15,20,4.0,4,Good,6.0,UG/M3,1 Hr,Valid
Guatemala City,PM10 - Principal,2023-09-15 09:00 PM,2023,09,15,21,4.0,4,Good,4.0,UG/M3,1 Hr,Valid
Guatemala City,PM10 - Principal,2023-09-15 10:00 PM,2023,09,15,22,3.0,3,Good,3.0,UG/M3,1 Hr,Valid
Guatemala City,PM10 - Principal,2023-09-15 11:00 PM,2023,09,15,23,2.0,2,Good,2.0,UG/M3,1 Hr,Valid
Guatemala City,PM10 - Principal,2023-09-16 12:00 AM,2023,09,16,00,1.0,1,Good,0.0,UG/M3,1 Hr,Valid
Guatemala City,PM10 - Principal,2023-09-16 01:00 AM,2023,09,16,01,0.0,0,Good,0.0,UG/M3,1 Hr,Valid
Guatemala City,PM10 - Principal,2023-09-16 02:00 AM,2023,09,16,02,0.0,0,Good,-999.0,UG/M3,1 Hr,Missing
Guatemala City,PM10 - Principal,2023-09-16 03:00 AM,2023,09,16,03,2.0,2,Good,4.0,UG/M3,1 Hr,Valid
Guatemala City,PM10 - Principal,2023-09-16 04:00 AM,2023,09,16,04,1.0,1,Good,0.0,UG/M3,1 Hr,Valid
Guatemala City,PM10 - Principal,2023-09-16 05:00 AM,2023,09,16,05,2.0,2,Good,4.0,UG/M3,1 Hr,Valid
Guatemala City,PM10 - Principal,2023-09-16 06:00 AM,2023,09,16,06,3.0,3,Good,5.0,UG/M3,1 Hr,Valid
Guatemala City,PM10 - Principal,2023-09-16 07:00 AM,2023,09,16,07,4.0,4,Good,6.0,UG/M3,1 Hr,Valid
Guatemala City,PM10 - Principal,2023-09-16 08:00 AM,2023,09,16,08,3.0,3,Good,3.0,UG/M3,1 Hr,Valid
Guatemala City,PM10 - Principal,2023-09-16 09:00 AM,2023,09,16,09,3.0,3,Good,4.0,UG/M3,1 Hr,Valid
Guatemala City,PM10 - Principal,2023-09-16 10:00 AM,2023,09,16,10,3.0,3,Good,4.0,UG/M3,1 Hr,Valid
Guatemala City,PM10 - Principal,2023-09-16 11:00 AM,2023,09,16,11,3.0,3,Good,3.0,UG/M3,1 Hr,Valid
Guatemala City,PM10 - Principal,2023-09-16 12:00 PM,2023,09,16,12,3.0,3,Good,4.0,UG/M3,1 Hr,Valid
Guatemala City,PM10 - Principal,2023-09-16 01:00 PM,2023,09,16,13,3.0,3,Good,3.0,UG/M3,1 Hr,Valid
Guatemala City,PM10 - Principal,2023-09-16 02:00 PM,2023,09,16,14,2.0,2,Good,1.0,UG/M3,1 Hr,Valid
Guatemala City,PM10 - Principal,2023-09-16 03:00 PM,2023,09,16,15,1.0,1,Good,0.0,UG/M3,1 Hr,Valid
Guatemala City,PM10 - Principal,2023-09-16 04:00 PM,2023,09,16,16,2.0,2,Good,4.0,UG/M3,1 Hr,Valid
Guatemala City,PM10 - Principal,2023-09-16 05:00 PM,2023,09,16,17,4.0,4,Good,6.0,UG/M3,1 Hr,Valid
Guatemala City,PM10 - Principal,2023-09-16 06:00 PM,2023,09,16,18,3.0,3,Good,3.0,UG/M3,1 Hr,Valid
Guatemala City,PM10 - Principal,2023-09-16 07:00 PM,2023,09,16,19,2.0,2,Good,1.0,UG/M3,1 Hr,Valid
Guatemala City,PM10 - Principal,2023-09-16 08:00 PM,2023,09,16,20,3.0,3,Good,4.0,UG/M3,1 Hr,Valid
Guatemala City,PM10 - Principal,2023-09-16 09:00 PM,2023,09,16,21,4.0,4,Good,6.0,UG/M3,1 Hr,Valid
Guatemala City,PM10 - Principal,2023-09-16 10:00 PM,2023,09,16,22,3.0,3,Good,3.0,UG/M3,1 Hr,Valid
Guatemala City,PM10 - Principal,2023-09-16 11:00 PM,2023,09,16,23,3.0,3,Good,3.0,UG/M3,1 Hr,Valid
Guatemala City,PM10 - Principal,2023-09-17 12:00 AM,2023,09,17,00,4.0,4,Good,5.0,UG/M3,1 Hr,Valid
Guatemala City,PM10 - Principal,2023-09-17 01:00 AM,2023,09,17,01,6.0,6,Good,9.0,UG/M3,1 Hr,Valid
Guatemala City,PM10 - Principal,2023-09-17 02:00 AM,2023,09,17,02,3.0,3,Good,1.0,UG/M3,1 Hr,Valid
Guatemala City,PM10 - Principal,2023-09-17 03:00 AM,2023,09,17,03,1.0,1,Good,-1.0,UG/M3,1 Hr,Valid
Guatemala City,PM10 - Principal,2023-09-17 04:00 AM,2023,09,17,04,3.0,3,Good,5.0,UG/M3,1 Hr,Valid
Guatemala City,PM10 - Principal,2023-09-17 05:00 AM,2023,09,17,05,3.0,3,Good,3.0,UG/M3,1 Hr,Valid
Guatemala City,PM10 - Principal,2023-09-17 06:00 AM,2023,09,17,06,4.0,4,Good,5.0,UG/M3,1 Hr,Valid
Guatemala City,PM10 - Principal,2023-09-17 07:00 AM,2023,09,17,07,5.0,5,Good,6.0,UG/M3,1 Hr,Valid
Guatemala City,PM10 - Principal,2023-09-17 08:00 AM,2023,09,17,08,5.0,5,Good,5.0,UG/M3,1 Hr,Valid
Guatemala City,PM10 - Principal,2023-09-17 09:00 AM,2023,09,17,09,3.0,3,Good,2.0,UG/M3,1 Hr,Valid
Guatemala City,PM10 - Principal,2023-09-17 10:00 AM,2023,09,17,10,3.0,3,Good,3.0,UG/M3,1 Hr,Valid
Guatemala City,PM10 - Principal,2023-09-17 11:00 AM,2023,09,17,11,3.0,3,Good,3.0,UG/M3,1 Hr,Valid
Guatemala City,PM10 - Principal,2023-09-17 12:00 PM,2023,09,17,12,1.0,1,Good,0.0,UG/M3,1 Hr,Valid
Guatemala City,PM10 - Principal,2023-09-17 01:00 PM,2023,09,17,13,0.0,0,Good,-3.0,UG/M3,1 Hr,Valid
Guatemala City,PM10 - Principal,2023-09-17 02:00 PM,2023,09,17,14,0.0,0,Good,-4.0,UG/M3,1 Hr,Valid
Guatemala City,PM10 - Principal,2023-09-17 03:00 PM,2023,09,17,15,0.0,0,Good,-1.0,UG/M3,1 Hr,Valid
Guatemala City,PM10 - Principal,2023-09-17 04:00 PM,2023,09,17,16,1.0,1,Good,4.0,UG/M3,1 Hr,Valid
Guatemala City,PM10 - Principal,2023-09-17 05:00 PM,2023,09,17,17,2.0,2,Good,4.0,UG/M3,1 Hr,Valid
Guatemala City,PM10 - Principal,2023-09-17 06:00 PM,2023,09,17,18,3.0,3,Good,5.0,UG/M3,1 Hr,Valid
Guatemala City,PM10 - Principal,2023-09-17 07:00 PM,2023,09,17,19,3.0,3,Good,3.0,UG/M3,1 Hr,Valid
Guatemala City,PM10 - Principal,2023-09-17 08:00 PM,2023,09,17,20,3.0,3,Good,4.0,UG/M3,1 Hr,Valid
Guatemala City,PM10 - Principal,2023-09-17 09:00 PM,2023,09,17,21,3.0,3,Good,3.0,UG/M3,1 Hr,Valid
Guatemala City,PM10 - Principal,2023-09-17 10:00 PM,2023,09,17,22,3.0,3,Good,4.0,UG/M3,1 Hr,Valid
Guatemala City,PM10 - Principal,2023-09-17 11:00 PM,2023,09,17,23,2.0,2,Good,2.0,UG/M3,1 Hr,Valid
Guatemala City,PM10 - Principal,2023-09-18 12:00 AM,2023,09,18,00,3.0,3,Good,4.0,UG/M3,1 Hr,Valid
Guatemala City,PM10 - Principal,2023-09-18 01:00 AM,2023,09,18,01,6.0,6,Good,10.0,UG/M3,1 Hr,Valid
Guatemala City,PM10 - Principal,2023-09-18 02:00 AM,2023,09,18,02,5.0,5,Good,4.0,UG/M3,1 Hr,Valid
Guatemala City,PM10 - Principal,2023-09-18 03:00 AM,2023,09,18,03,1.0,1,Good,-2.0,UG/M3,1 Hr,Valid
Guatemala City,PM10 - Principal,2023-09-18 04:00 AM,2023,09,18,04,2.0,2,Good,4.0,UG/M3,1 Hr,Valid
Guatemala City,PM10 - Principal,2023-09-18 05:00 AM,2023,09,18,05,3.0,3,Good,5.0,UG/M3,1 Hr,Valid
Guatemala City,PM10 - Principal,2023-09-18 06:00 AM,2023,09,18,06,2.0,2,Good,2.0,UG/M3,1 Hr,Valid
Guatemala City,PM10 - Principal,2023-09-18 07:00 AM,2023,09,18,07,1.0,1,Good,1.0,UG/M3,1 Hr,Valid
Guatemala City,PM10 - Principal,2023-09-18 08:00 AM,2023,09,18,08,1.0,1,Good,1.0,UG/M3,1 Hr,Valid
Guatemala City,PM10 - Principal,2023-09-18 09:00 AM,2023,09,18,09,1.0,1,Good,-999.0,UG/M3,1 Hr,Missing
Guatemala City,PM10 - Principal,2023-09-18 11:00 AM,2023,09,18,11,-999.0,-999,N/A,-2.0,UG/M3,1 Hr,Valid
Guatemala City,PM10 - Principal,2023-09-18 12:00 PM,2023,09,18,12,0.0,0,Good,0.0,UG/M3,1 Hr,Valid
Guatemala City,PM10 - Principal,2023-09-18 01:00 PM,2023,09,18,13,0.0,0,Good,0.0,UG/M3,1 Hr,Valid
Guatemala City,PM10 - Principal,2023-09-18 02:00 PM,2023,09,18,14,0.0,0,Good,1.0,UG/M3,1 Hr,Valid
Guatemala City,PM10 - Principal,2023-09-18 03:00 PM,2023,09,18,15,0.0,0,Good,1.0,UG/M3,1 Hr,Valid
Guatemala City,PM10 - Principal,2023-09-18 04:00 PM,2023,09,18,16,1.0,1,Good,2.0,UG/M3,1 Hr,Valid
Guatemala City,PM10 - Principal,2023-09-18 05:00 PM,2023,09,18,17,1.0,1,Good,1.0,UG/M3,1 Hr,Valid
Guatemala City,PM10 - Principal,2023-09-18 06:00 PM,2023,09,18,18,1.0,1,Good,2.0,UG/M3,1 Hr,Valid
Guatemala City,PM10 - Principal,2023-09-18 07:00 PM,2023,09,18,19,2.0,2,Good,3.0,UG/M3,1 Hr,Valid
Guatemala City,PM10 - Principal,2023-09-18 08:00 PM,2023,09,18,20,2.0,2,Good,3.0,UG/M3,1 Hr,Valid
Guatemala City,PM10 - Principal,2023-09-18 09:00 PM,2023,09,18,21,4.0,4,Good,6.0,UG/M3,1 Hr,Valid
Guatemala City,PM10 - Principal,2023-09-18 10:00 PM,2023,09,18,22,5.0,5,Good,6.0,UG/M3,1 Hr,Valid
Guatemala City,PM10 - Principal,2023-09-18 11:00 PM,2023,09,18,23,5.0,5,Good,6.0,UG/M3,1 Hr,Valid
Guatemala City,PM10 - Principal,2023-09-19 12:00 AM,2023,09,19,00,5.0,5,Good,6.0,UG/M3,1 Hr,Valid
Guatemala City,PM10 - Principal,2023-09-19 01:00 AM,2023,09,19,01,7.0,6,Good,9.0,UG/M3,1 Hr,Valid
Guatemala City,PM10 - Principal,2023-09-19 02:00 AM,2023,09,19,02,6.0,6,Good,6.0,UG/M3,1 Hr,Valid
Guatemala City,PM10 - Principal,2023-09-19 03:00 AM,2023,09,19,03,5.0,5,Good,4.0,UG/M3,1 Hr,Valid
Guatemala City,PM10 - Principal,2023-09-19 04:00 AM,2023,09,19,04,2.0,2,Good,-1.0,UG/M3,1 Hr,Valid
Guatemala City,PM10 - Principal,2023-09-19 05:00 AM,2023,09,19,05,1.0,1,Good,0.0,UG/M3,1 Hr,Valid
Guatemala City,PM10 - Principal,2023-09-19 06:00 AM,2023,09,19,06,1.0,1,Good,1.0,UG/M3,1 Hr,Valid
Guatemala City,PM10 - Principal,2023-09-19 07:00 AM,2023,09,19,07,1.0,1,Good,2.0,UG/M3,1 Hr,Valid
Guatemala City,PM10 - Principal,2023-09-19 08:00 AM,2023,09,19,08,2.0,2,Good,3.0,UG/M3,1 Hr,Valid
Guatemala City,PM10 - Principal,2023-09-19 09:00 AM,2023,09,19,09,1.0,1,Good,1.0,UG/M3,1 Hr,Valid
Guatemala City,PM10 - Principal,2023-09-19 10:00 AM,2023,09,19,10,0.0,0,Good,0.0,UG/M3,1 Hr,Valid
Guatemala City,PM10 - Principal,2023-09-19 11:00 AM,2023,09,19,11,1.0,1,Good,2.0,UG/M3,1 Hr,Valid
Guatemala City,PM10 - Principal,2023-09-19 12:00 PM,2023,09,19,12,1.0,1,Good,2.0,UG/M3,1 Hr,Valid
Guatemala City,PM10 - Principal,2023-09-19 01:00 PM,2023,09,19,13,1.0,1,Good,1.0,UG/M3,1 Hr,Valid
Guatemala City,PM10 - Principal,2023-09-19 02:00 PM,2023,09,19,14,1.0,1,Good,1.0,UG/M3,1 Hr,Valid
Guatemala City,PM10 - Principal,2023-09-19 03:00 PM,2023,09,19,15,0.0,0,Good,0.0,UG/M3,1 Hr,Valid
Guatemala City,PM10 - Principal,2023-09-19 04:00 PM,2023,09,19,16,0.0,0,Good,0.0,UG/M3,1 Hr,Valid
Guatemala City,PM10 - Principal,2023-09-19 05:00 PM,2023,09,19,17,0.0,0,Good,-1.0,UG/M3,1 Hr,Valid
Guatemala City,PM10 - Principal,2023-09-19 06:00 PM,2023,09,19,18,1.0,1,Good,3.0,UG/M3,1 Hr,Valid
Guatemala City,PM10 - Principal,2023-09-19 07:00 PM,2023,09,19,19,2.0,2,Good,3.0,UG/M3,1 Hr,Valid
Guatemala City,PM10 - Principal,2023-09-19 08:00 PM,2023,09,19,20,1.0,1,Good,1.0,UG/M3,1 Hr,Valid
Guatemala City,PM10 - Principal,2023-09-19 09:00 PM,2023,09,19,21,3.0,3,Good,5.0,UG/M3,1 Hr,Valid
Guatemala City,PM10 - Principal,2023-09-19 10:00 PM,2023,09,19,22,3.0,3,Good,4.0,UG/M3,1 Hr,Valid
Guatemala City,PM10 - Principal,2023-09-19 11:00 PM,2023,09,19,23,2.0,2,Good,2.0,UG/M3,1 Hr,Valid
Guatemala City,PM10 - Principal,2023-09-20 12:00 AM,2023,09,20,00,1.0,1,Good,0.0,UG/M3,1 Hr,Valid
Guatemala City,PM10 - Principal,2023-09-20 01:00 AM,2023,09,20,01,2.0,2,Good,3.0,UG/M3,1 Hr,Valid
Guatemala City,PM10 - Principal,2023-09-20 02:00 AM,2023,09,20,02,3.0,3,Good,5.0,UG/M3,1 Hr,Valid
Guatemala City,PM10 - Principal,2023-09-20 03:00 AM,2023,09,20,03,4.0,4,Good,5.0,UG/M3,1 Hr,Valid
Guatemala City,PM10 - Principal,2023-09-20 04:00 AM,2023,09,20,04,2.0,2,Good,1.0,UG/M3,1 Hr,Valid
Guatemala City,PM10 - Principal,2023-09-20 05:00 AM,2023,09,20,05,1.0,1,Good,1.0,UG/M3,1 Hr,Valid
Guatemala City,PM10 - Principal,2023-09-20 06:00 AM,2023,09,20,06,1.0,1,Good,2.0,UG/M3,1 Hr,Valid
Guatemala City,PM10 - Principal,2023-09-20 07:00 AM,2023,09,20,07,2.0,2,Good,3.0,UG/M3,1 Hr,Valid
Guatemala City,PM10 - Principal,2023-09-20 08:00 AM,2023,09,20,08,2.0,2,Good,3.0,UG/M3,1 Hr,Valid
Guatemala City,PM10 - Principal,2023-09-20 09:00 AM,2023,09,20,09,2.0,2,Good,3.0,UG/M3,1 Hr,Valid
Guatemala City,PM10 - Principal,2023-09-20 10:00 AM,2023,09,20,10,2.0,2,Good,3.0,UG/M3,1 Hr,Valid
Guatemala City,PM10 - Principal,2023-09-20 11:00 AM,2023,09,20,11,1.0,1,Good,1.0,UG/M3,1 Hr,Valid
Guatemala City,PM10 - Principal,2023-09-20 12:00 PM,2023,09,20,12,1.0,1,Good,1.0,UG/M3,1 Hr,Valid
Guatemala City,PM10 - Principal,2023-09-20 01:00 PM,2023,09,20,13,1.0,1,Good,1.0,UG/M3,1 Hr,Valid
Guatemala City,PM10 - Principal,2023-09-20 02:00 PM,2023,09,20,14,1.0,1,Good,2.0,UG/M3,1 Hr,Valid
Guatemala City,PM10 - Principal,2023-09-20 03:00 PM,2023,09,20,15,1.0,1,Good,1.0,UG/M3,1 Hr,Valid
Guatemala City,PM10 - Principal,2023-09-20 04:00 PM,2023,09,20,16,1.0,1,Good,2.0,UG/M3,1 Hr,Valid
Guatemala City,PM10 - Principal,2023-09-20 05:00 PM,2023,09,20,17,2.0,2,Good,3.0,UG/M3,1 Hr,Valid
Guatemala City,PM10 - Principal,2023-09-20 06:00 PM,2023,09,20,18,3.0,3,Good,4.0,UG/M3,1 Hr,Valid
Guatemala City,PM10 - Principal,2023-09-20 07:00 PM,2023,09,20,19,4.0,4,Good,5.0,UG/M3,1 Hr,Valid
Guatemala City,PM10 - Principal,2023-09-20 08:00 PM,2023,09,20,20,4.0,4,Good,4.0,UG/M3,1 Hr,Valid
Guatemala City,PM10 - Principal,2023-09-20 09:00 PM,2023,09,20,21,4.0,4,Good,5.0,UG/M3,1 Hr,Valid
Guatemala City,PM10 - Principal,2023-09-20 10:00 PM,2023,09,20,22,4.0,4,Good,5.0,UG/M3,1 Hr,Valid
Guatemala City,PM10 - Principal,2023-09-20 11:00 PM,2023,09,20,23,4.0,4,Good,4.0,UG/M3,1 Hr,Valid
Guatemala City,PM10 - Principal,2023-09-21 12:00 AM,2023,09,21,00,4.0,4,Good,4.0,UG/M3,1 Hr,Valid
Guatemala City,PM10 - Principal,2023-09-21 01:00 AM,2023,09,21,01,5.0,5,Good,6.0,UG/M3,1 Hr,Valid
Guatemala City,PM10 - Principal,2023-09-21 02:00 AM,2023,09,21,02,4.0,4,Good,4.0,UG/M3,1 Hr,Valid
Guatemala City,PM10 - Principal,2023-09-21 03:00 AM,2023,09,21,03,3.0,3,Good,3.0,UG/M3,1 Hr,Valid
Guatemala City,PM10 - Principal,2023-09-21 04:00 AM,2023,09,21,04,2.0,2,Good,2.0,UG/M3,1 Hr,Valid
Guatemala City,PM10 - Principal,2023-09-21 05:00 AM,2023,09,21,05,1.0,1,Good,0.0,UG/M3,1 Hr,Valid
Guatemala City,PM10 - Principal,2023-09-21 06:00 AM,2023,09,21,06,0.0,0,Good,0.0,UG/M3,1 Hr,Valid
Guatemala City,PM10 - Principal,2023-09-21 07:00 AM,2023,09,21,07,0.0,0,Good,1.0,UG/M3,1 Hr,Valid
Guatemala City,PM10 - Principal,2023-09-21 08:00 AM,2023,09,21,08,1.0,1,Good,3.0,UG/M3,1 Hr,Valid
Guatemala City,PM10 - Principal,2023-09-21 09:00 AM,2023,09,21,09,1.0,1,Good,2.0,UG/M3,1 Hr,Valid
Guatemala City,PM10 - Principal,2023-09-21 10:00 AM,2023,09,21,10,1.0,1,Good,2.0,UG/M3,1 Hr,Valid
Guatemala City,PM10 - Principal,2023-09-21 11:00 AM,2023,09,21,11,2.0,2,Good,3.0,UG/M3,1 Hr,Valid
Guatemala City,PM10 - Principal,2023-09-21 12:00 PM,2023,09,21,12,3.0,3,Good,5.0,UG/M3,1 Hr,Valid
Guatemala City,PM10 - Principal,2023-09-21 01:00 PM,2023,09,21,13,3.0,3,Good,3.0,UG/M3,1 Hr,Valid
Guatemala City,PM10 - Principal,2023-09-21 02:00 PM,2023,09,21,14,2.0,2,Good,1.0,UG/M3,1 Hr,Valid
Guatemala City,PM10 - Principal,2023-09-21 03:00 PM,2023,09,21,15,2.0,2,Good,3.0,UG/M3,1 Hr,Valid
Guatemala City,PM10 - Principal,2023-09-21 04:00 PM,2023,09,21,16,3.0,3,Good,5.0,UG/M3,1 Hr,Valid
Guatemala City,PM10 - Principal,2023-09-21 05:00 PM,2023,09,21,17,2.0,2,Good,1.0,UG/M3,1 Hr,Valid
Guatemala City,PM10 - Principal,2023-09-21 06:00 PM,2023,09,21,18,2.0,2,Good,3.0,UG/M3,1 Hr,Valid
Guatemala City,PM10 - Principal,2023-09-21 07:00 PM,2023,09,21,19,4.0,4,Good,6.0,UG/M3,1 Hr,Valid
Guatemala City,PM10 - Principal,2023-09-21 08:00 PM,2023,09,21,20,3.0,3,Good,3.0,UG/M3,1 Hr,Valid
Guatemala City,PM10 - Principal,2023-09-21 09:00 PM,2023,09,21,21,4.0,4,Good,5.0,UG/M3,1 Hr,Valid
Guatemala City,PM10 - Principal,2023-09-21 10:00 PM,2023,09,21,22,3.0,3,Good,3.0,UG/M3,1 Hr,Valid
Guatemala City,PM10 - Principal,2023-09-21 11:00 PM,2023,09,21,23,2.0,2,Good,2.0,UG/M3,1 Hr,Valid
Guatemala City,PM10 - Principal,2023-09-22 12:00 AM,2023,09,22,00,2.0,2,Good,3.0,UG/M3,1 Hr,Valid
Guatemala City,PM10 - Principal,2023-09-22 01:00 AM,2023,09,22,01,2.0,2,Good,2.0,UG/M3,1 Hr,Valid
Guatemala City,PM10 - Principal,2023-09-22 02:00 AM,2023,09,22,02,3.0,3,Good,4.0,UG/M3,1 Hr,Valid
Guatemala City,PM10 - Principal,2023-09-22 03:00 AM,2023,09,22,03,4.0,4,Good,5.0,UG/M3,1 Hr,Valid
Guatemala City,PM10 - Principal,2023-09-22 04:00 AM,2023,09,22,04,3.0,3,Good,2.0,UG/M3,1 Hr,Valid
Guatemala City,PM10 - Principal,2023-09-22 05:00 AM,2023,09,22,05,2.0,2,Good,2.0,UG/M3,1 Hr,Valid
Guatemala City,PM10 - Principal,2023-09-22 06:00 AM,2023,09,22,06,2.0,2,Good,3.0,UG/M3,1 Hr,Valid
Guatemala City,PM10 - Principal,2023-09-22 07:00 AM,2023,09,22,07,2.0,2,Good,2.0,UG/M3,1 Hr,Valid
Guatemala City,PM10 - Principal,2023-09-22 08:00 AM,2023,09,22,08,2.0,2,Good,2.0,UG/M3,1 Hr,Valid
Guatemala City,PM10 - Principal,2023-09-22 09:00 AM,2023,09,22,09,1.0,1,Good,1.0,UG/M3,1 Hr,Valid
Guatemala City,PM10 - Principal,2023-09-22 10:00 AM,2023,09,22,10,0.0,0,Good,-2.0,UG/M3,1 Hr,Valid
Guatemala City,PM10 - Principal,2023-09-22 11:00 AM,2023,09,22,11,0.0,0,Good,-3.0,UG/M3,1 Hr,Valid
Guatemala City,PM10 - Principal,2023-09-22 12:00 PM,2023,09,22,12,0.0,0,Good,-1.0,UG/M3,1 Hr,Valid
Guatemala City,PM10 - Principal,2023-09-22 01:00 PM,2023,09,22,13,0.0,0,Good,-1.0,UG/M3,1 Hr,Valid
Guatemala City,PM10 - Principal,2023-09-22 02:00 PM,2023,09,22,14,0.0,0,Good,-2.0,UG/M3,1 Hr,Valid
Guatemala City,PM10 - Principal,2023-09-22 03:00 PM,2023,09,22,15,0.0,0,Good,1.0,UG/M3,1 Hr,Valid
Guatemala City,PM10 - Principal,2023-09-22 04:00 PM,2023,09,22,16,0.0,0,Good,-1.0,UG/M3,1 Hr,Valid
Guatemala City,PM10 - Principal,2023-09-22 05:00 PM,2023,09,22,17,0.0,0,Good,-4.0,UG/M3,1 Hr,Valid
Guatemala City,PM10 - Principal,2023-09-22 06:00 PM,2023,09,22,18,0.0,0,Good,-2.0,UG/M3,1 Hr,Valid
Guatemala City,PM10 - Principal,2023-09-22 07:00 PM,2023,09,22,19,0.0,0,Good,0.0,UG/M3,1 Hr,Valid
Guatemala City,PM10 - Principal,2023-09-22 08:00 PM,2023,09,22,20,2.0,2,Good,6.0,UG/M3,1 Hr,Valid
Guatemala City,PM10 - Principal,2023-09-22 09:00 PM,2023,09,22,21,3.0,3,Good,5.0,UG/M3,1 Hr,Valid
Guatemala City,PM10 - Principal,2023-09-22 10:00 PM,2023,09,22,22,2.0,2,Good,2.0,UG/M3,1 Hr,Valid
Guatemala City,PM10 - Principal,2023-09-22 11:00 PM,2023,09,22,23,1.0,1,Good,1.0,UG/M3,1 Hr,Valid
Guatemala City,PM10 - Principal,2023-09-23 12:00 AM,2023,09,23,00,4.0,4,Good,7.0,UG/M3,1 Hr,Valid
Guatemala City,PM10 - Principal,2023-09-23 01:00 AM,2023,09,23,01,6.0,6,Good,9.0,UG/M3,1 Hr,Valid
Guatemala City,PM10 - Principal,2023-09-23 02:00 AM,2023,09,23,02,6.0,6,Good,6.0,UG/M3,1 Hr,Valid
Guatemala City,PM10 - Principal,2023-09-23 03:00 AM,2023,09,23,03,4.0,4,Good,2.0,UG/M3,1 Hr,Valid
Guatemala City,PM10 - Principal,2023-09-23 04:00 AM,2023,09,23,04,3.0,3,Good,2.0,UG/M3,1 Hr,Valid
Guatemala City,PM10 - Principal,2023-09-23 05:00 AM,2023,09,23,05,4.0,4,Good,6.0,UG/M3,1 Hr,Valid
Guatemala City,PM10 - Principal,2023-09-23 06:00 AM,2023,09,23,06,5.0,5,Good,6.0,UG/M3,1 Hr,Valid
Guatemala City,PM10 - Principal,2023-09-23 07:00 AM,2023,09,23,07,3.0,3,Good,2.0,UG/M3,1 Hr,Valid
Guatemala City,PM10 - Principal,2023-09-23 08:00 AM,2023,09,23,08,3.0,3,Good,3.0,UG/M3,1 Hr,Valid
Guatemala City,PM10 - Principal,2023-09-23 09:00 AM,2023,09,23,09,2.0,2,Good,2.0,UG/M3,1 Hr,Valid
Guatemala City,PM10 - Principal,2023-09-23 10:00 AM,2023,09,23,10,0.0,0,Good,-1.0,UG/M3,1 Hr,Valid
Guatemala City,PM10 - Principal,2023-09-23 11:00 AM,2023,09,23,11,0.0,0,Good,0.0,UG/M3,1 Hr,Valid
Guatemala City,PM10 - Principal,2023-09-23 12:00 PM,2023,09,23,12,0.0,0,Good,1.0,UG/M3,1 Hr,Valid
Guatemala City,PM10 - Principal,2023-09-23 01:00 PM,2023,09,23,13,0.0,0,Good,-1.0,UG/M3,1 Hr,Valid
Guatemala City,PM10 - Principal,2023-09-23 02:00 PM,2023,09,23,14,0.0,0,Good,0.0,UG/M3,1 Hr,Valid
Guatemala City,PM10 - Principal,2023-09-23 03:00 PM,2023,09,23,15,2.0,2,Good,6.0,UG/M3,1 Hr,Valid
Guatemala City,PM10 - Principal,2023-09-23 04:00 PM,2023,09,23,16,4.0,4,Good,6.0,UG/M3,1 Hr,Valid
Guatemala City,PM10 - Principal,2023-09-23 05:00 PM,2023,09,23,17,4.0,4,Good,4.0,UG/M3,1 Hr,Valid
Guatemala City,PM10 - Principal,2023-09-23 06:00 PM,2023,09,23,18,4.0,4,Good,4.0,UG/M3,1 Hr,Valid
Guatemala City,PM10 - Principal,2023-09-23 07:00 PM,2023,09,23,19,3.0,3,Good,3.0,UG/M3,1 Hr,Valid
Guatemala City,PM10 - Principal,2023-09-23 08:00 PM,2023,09,23,20,2.0,2,Good,2.0,UG/M3,1 Hr,Valid
Guatemala City,PM10 - Principal,2023-09-23 09:00 PM,2023,09,23,21,1.0,1,Good,1.0,UG/M3,1 Hr,Valid
Guatemala City,PM10 - Principal,2023-09-23 10:00 PM,2023,09,23,22,0.0,0,Good,-1.0,UG/M3,1 Hr,Valid
Guatemala City,PM10 - Principal,2023-09-23 11:00 PM,2023,09,23,23,2.0,2,Good,4.0,UG/M3,1 Hr,Valid
Guatemala City,PM10 - Principal,2023-09-24 12:00 AM,2023,09,24,00,3.0,3,Good,5.0,UG/M3,1 Hr,Valid
Guatemala City,PM10 - Principal,2023-09-24 01:00 AM,2023,09,24,01,5.0,5,Good,8.0,UG/M3,1 Hr,Valid
Guatemala City,PM10 - Principal,2023-09-24 02:00 AM,2023,09,24,02,5.0,5,Good,6.0,UG/M3,1 Hr,Valid
Guatemala City,PM10 - Principal,2023-09-24 03:00 AM,2023,09,24,03,3.0,3,Good,2.0,UG/M3,1 Hr,Valid
Guatemala City,PM10 - Principal,2023-09-24 04:00 AM,2023,09,24,04,3.0,3,Good,3.0,UG/M3,1 Hr,Valid
Guatemala City,PM10 - Principal,2023-09-24 05:00 AM,2023,09,24,05,2.0,2,Good,2.0,UG/M3,1 Hr,Valid
Guatemala City,PM10 - Principal,2023-09-24 06:00 AM,2023,09,24,06,2.0,2,Good,2.0,UG/M3,1 Hr,Valid
Guatemala City,PM10 - Principal,2023-09-24 07:00 AM,2023,09,24,07,4.0,4,Good,7.0,UG/M3,1 Hr,Valid
Guatemala City,PM10 - Principal,2023-09-24 08:00 AM,2023,09,24,08,5.0,5,Good,6.0,UG/M3,1 Hr,Valid
Guatemala City,PM10 - Principal,2023-09-24 09:00 AM,2023,09,24,09,7.0,6,Good,9.0,UG/M3,1 Hr,Valid
Guatemala City,PM10 - Principal,2023-09-24 10:00 AM,2023,09,24,10,7.0,6,Good,7.0,UG/M3,1 Hr,Valid
Guatemala City,PM10 - Principal,2023-09-24 11:00 AM,2023,09,24,11,5.0,5,Good,3.0,UG/M3,1 Hr,Valid
Guatemala City,PM10 - Principal,2023-09-24 12:00 PM,2023,09,24,12,3.0,3,Good,1.0,UG/M3,1 Hr,Valid
Guatemala City,PM10 - Principal,2023-09-24 01:00 PM,2023,09,24,13,2.0,2,Good,1.0,UG/M3,1 Hr,Valid
Guatemala City,PM10 - Principal,2023-09-24 02:00 PM,2023,09,24,14,2.0,2,Good,3.0,UG/M3,1 Hr,Valid
Guatemala City,PM10 - Principal,2023-09-24 03:00 PM,2023,09,24,15,1.0,1,Good,0.0,UG/M3,1 Hr,Valid
Guatemala City,PM10 - Principal,2023-09-24 04:00 PM,2023,09,24,16,0.0,0,Good,-1.0,UG/M3,1 Hr,Valid
Guatemala City,PM10 - Principal,2023-09-24 05:00 PM,2023,09,24,17,0.0,0,Good,-1.0,UG/M3,1 Hr,Valid
Guatemala City,PM10 - Principal,2023-09-24 06:00 PM,2023,09,24,18,1.0,1,Good,4.0,UG/M3,1 Hr,Valid
Guatemala City,PM10 - Principal,2023-09-24 07:00 PM,2023,09,24,19,2.0,2,Good,4.0,UG/M3,1 Hr,Valid
Guatemala City,PM10 - Principal,2023-09-24 08:00 PM,2023,09,24,20,2.0,2,Good,3.0,UG/M3,1 Hr,Valid
Guatemala City,PM10 - Principal,2023-09-24 09:00 PM,2023,09,24,21,2.0,2,Good,2.0,UG/M3,1 Hr,Valid
Guatemala City,PM10 - Principal,2023-09-24 10:00 PM,2023,09,24,22,2.0,2,Good,2.0,UG/M3,1 Hr,Valid
Guatemala City,PM10 - Principal,2023-09-24 11:00 PM,2023,09,24,23,2.0,2,Good,2.0,UG/M3,1 Hr,Valid
Guatemala City,PM10 - Principal,2023-09-25 12:00 AM,2023,09,25,00,1.0,1,Good,1.0,UG/M3,1 Hr,Valid
Guatemala City,PM10 - Principal,2023-09-25 01:00 AM,2023,09,25,01,2.0,2,Good,3.0,UG/M3,1 Hr,Valid
Guatemala City,PM10 - Principal,2023-09-25 02:00 AM,2023,09,25,02,2.0,2,Good,2.0,UG/M3,1 Hr,Valid
Guatemala City,PM10 - Principal,2023-09-25 03:00 AM,2023,09,25,03,2.0,2,Good,2.0,UG/M3,1 Hr,Valid
Guatemala City,PM10 - Principal,2023-09-25 04:00 AM,2023,09,25,04,2.0,2,Good,2.0,UG/M3,1 Hr,Valid
Guatemala City,PM10 - Principal,2023-09-25 05:00 AM,2023,09,25,05,1.0,1,Good,0.0,UG/M3,1 Hr,Valid
Guatemala City,PM10 - Principal,2023-09-25 06:00 AM,2023,09,25,06,1.0,1,Good,2.0,UG/M3,1 Hr,Valid
Guatemala City,PM10 - Principal,2023-09-25 07:00 AM,2023,09,25,07,2.0,2,Good,3.0,UG/M3,1 Hr,Valid
Guatemala City,PM10 - Principal,2023-09-25 08:00 AM,2023,09,25,08,2.0,2,Good,3.0,UG/M3,1 Hr,Valid
Guatemala City,PM10 - Principal,2023-09-25 09:00 AM,2023,09,25,09,2.0,2,Good,2.0,UG/M3,1 Hr,Valid
Guatemala City,PM10 - Principal,2023-09-25 10:00 AM,2023,09,25,10,2.0,2,Good,2.0,UG/M3,1 Hr,Valid
Guatemala City,PM10 - Principal,2023-09-25 11:00 AM,2023,09,25,11,2.0,2,Good,3.0,UG/M3,1 Hr,Valid
Guatemala City,PM10 - Principal,2023-09-25 12:00 PM,2023,09,25,12,3.0,3,Good,4.0,UG/M3,1 Hr,Valid
Guatemala City,PM10 - Principal,2023-09-25 01:00 PM,2023,09,25,13,3.0,3,Good,4.0,UG/M3,1 Hr,Valid
Guatemala City,PM10 - Principal,2023-09-25 02:00 PM,2023,09,25,14,1.0,1,Good,0.0,UG/M3,1 Hr,Valid
Guatemala City,PM10 - Principal,2023-09-25 03:00 PM,2023,09,25,15,0.0,0,Good,-1.0,UG/M3,1 Hr,Valid
Guatemala City,PM10 - Principal,2023-09-25 04:00 PM,2023,09,25,16,2.0,2,Good,4.0,UG/M3,1 Hr,Valid
Guatemala City,PM10 - Principal,2023-09-25 05:00 PM,2023,09,25,17,3.0,3,Good,4.0,UG/M3,1 Hr,Valid
Guatemala City,PM10 - Principal,2023-09-25 06:00 PM,2023,09,25,18,2.0,2,Good,2.0,UG/M3,1 Hr,Valid
Guatemala City,PM10 - Principal,2023-09-25 07:00 PM,2023,09,25,19,2.0,2,Good,2.0,UG/M3,1 Hr,Valid
Guatemala City,PM10 - Principal,2023-09-25 08:00 PM,2023,09,25,20,2.0,2,Good,2.0,UG/M3,1 Hr,Valid
Guatemala City,PM10 - Principal,2023-09-25 09:00 PM,2023,09,25,21,3.0,3,Good,5.0,UG/M3,1 Hr,Valid
Guatemala City,PM10 - Principal,2023-09-25 10:00 PM,2023,09,25,22,4.0,4,Good,5.0,UG/M3,1 Hr,Valid
Guatemala City,PM10 - Principal,2023-09-25 11:00 PM,2023,09,25,23,3.0,3,Good,3.0,UG/M3,1 Hr,Valid
Guatemala City,PM10 - Principal,2023-09-26 12:00 AM,2023,09,26,00,3.0,3,Good,3.0,UG/M3,1 Hr,Valid
Guatemala City,PM10 - Principal,2023-09-26 01:00 AM,2023,09,26,01,3.0,3,Good,3.0,UG/M3,1 Hr,Valid
Guatemala City,PM10 - Principal,2023-09-26 02:00 AM,2023,09,26,02,3.0,3,Good,3.0,UG/M3,1 Hr,Valid
Guatemala City,PM10 - Principal,2023-09-26 03:00 AM,2023,09,26,03,4.0,4,Good,6.0,UG/M3,1 Hr,Valid
Guatemala City,PM10 - Principal,2023-09-26 04:00 AM,2023,09,26,04,4.0,4,Good,5.0,UG/M3,1 Hr,Valid
Guatemala City,PM10 - Principal,2023-09-26 05:00 AM,2023,09,26,05,3.0,3,Good,3.0,UG/M3,1 Hr,Valid
Guatemala City,PM10 - Principal,2023-09-26 06:00 AM,2023,09,26,06,2.0,2,Good,1.0,UG/M3,1 Hr,Valid
Guatemala City,PM10 - Principal,2023-09-26 07:00 AM,2023,09,26,07,1.0,1,Good,1.0,UG/M3,1 Hr,Valid
Guatemala City,PM10 - Principal,2023-09-26 08:00 AM,2023,09,26,08,1.0,1,Good,1.0,UG/M3,1 Hr,Valid
Guatemala City,PM10 - Principal,2023-09-26 09:00 AM,2023,09,26,09,0.0,0,Good,0.0,UG/M3,1 Hr,Valid
Guatemala City,PM10 - Principal,2023-09-26 10:00 AM,2023,09,26,10,0.0,0,Good,1.0,UG/M3,1 Hr,Valid
Guatemala City,PM10 - Principal,2023-09-26 11:00 AM,2023,09,26,11,0.0,0,Good,1.0,UG/M3,1 Hr,Valid
Guatemala City,PM10 - Principal,2023-09-26 12:00 PM,2023,09,26,12,0.0,0,Good,0.0,UG/M3,1 Hr,Valid
Guatemala City,PM10 - Principal,2023-09-26 01:00 PM,2023,09,26,13,0.0,0,Good,1.0,UG/M3,1 Hr,Valid
Guatemala City,PM10 - Principal,2023-09-26 02:00 PM,2023,09,26,14,0.0,0,Good,0.0,UG/M3,1 Hr,Valid
Guatemala City,PM10 - Principal,2023-09-26 03:00 PM,2023,09,26,15,0.0,0,Good,-1.0,UG/M3,1 Hr,Valid
Guatemala City,PM10 - Principal,2023-09-26 04:00 PM,2023,09,26,16,0.0,0,Good,-1.0,UG/M3,1 Hr,Valid
Guatemala City,PM10 - Principal,2023-09-26 05:00 PM,2023,09,26,17,0.0,0,Good,1.0,UG/M3,1 Hr,Valid
Guatemala City,PM10 - Principal,2023-09-26 06:00 PM,2023,09,26,18,3.0,3,Good,7.0,UG/M3,1 Hr,Valid
Guatemala City,PM10 - Principal,2023-09-26 07:00 PM,2023,09,26,19,5.0,5,Good,7.0,UG/M3,1 Hr,Valid
Guatemala City,PM10 - Principal,2023-09-26 08:00 PM,2023,09,26,20,5.0,5,Good,5.0,UG/M3,1 Hr,Valid
Guatemala City,PM10 - Principal,2023-09-26 09:00 PM,2023,09,26,21,4.0,4,Good,4.0,UG/M3,1 Hr,Valid
Guatemala City,PM10 - Principal,2023-09-26 10:00 PM,2023,09,26,22,3.0,3,Good,2.0,UG/M3,1 Hr,Valid
Guatemala City,PM10 - Principal,2023-09-26 11:00 PM,2023,09,26,23,2.0,2,Good,1.0,UG/M3,1 Hr,Valid
Guatemala City,PM10 - Principal,2023-09-27 12:00 AM,2023,09,27,00,3.0,3,Good,4.0,UG/M3,1 Hr,Valid
Guatemala City,PM10 - Principal,2023-09-27 01:00 AM,2023,09,27,01,5.0,5,Good,7.0,UG/M3,1 Hr,Valid
Guatemala City,PM10 - Principal,2023-09-27 02:00 AM,2023,09,27,02,6.0,6,Good,8.0,UG/M3,1 Hr,Valid
Guatemala City,PM10 - Principal,2023-09-27 03:00 AM,2023,09,27,03,4.0,4,Good,3.0,UG/M3,1 Hr,Valid
Guatemala City,PM10 - Principal,2023-09-27 04:00 AM,2023,09,27,04,2.0,2,Good,0.0,UG/M3,1 Hr,Valid
Guatemala City,PM10 - Principal,2023-09-27 05:00 AM,2023,09,27,05,2.0,2,Good,2.0,UG/M3,1 Hr,Valid
Guatemala City,PM10 - Principal,2023-09-27 06:00 AM,2023,09,27,06,2.0,2,Good,3.0,UG/M3,1 Hr,Valid
Guatemala City,PM10 - Principal,2023-09-27 07:00 AM,2023,09,27,07,3.0,3,Good,4.0,UG/M3,1 Hr,Valid
Guatemala City,PM10 - Principal,2023-09-27 08:00 AM,2023,09,27,08,2.0,2,Good,2.0,UG/M3,1 Hr,Valid
Guatemala City,PM10 - Principal,2023-09-27 09:00 AM,2023,09,27,09,1.0,1,Good,1.0,UG/M3,1 Hr,Valid
Guatemala City,PM10 - Principal,2023-09-27 10:00 AM,2023,09,27,10,0.0,0,Good,0.0,UG/M3,1 Hr,Valid
Guatemala City,PM10 - Principal,2023-09-27 11:00 AM,2023,09,27,11,0.0,0,Good,-2.0,UG/M3,1 Hr,Valid
Guatemala City,PM10 - Principal,2023-09-27 12:00 PM,2023,09,27,12,0.0,0,Good,-2.0,UG/M3,1 Hr,Valid
Guatemala City,PM10 - Principal,2023-09-27 01:00 PM,2023,09,27,13,0.0,0,Good,3.0,UG/M3,1 Hr,Valid
Guatemala City,PM10 - Principal,2023-09-27 02:00 PM,2023,09,27,14,2.0,2,Good,4.0,UG/M3,1 Hr,Valid
Guatemala City,PM10 - Principal,2023-09-27 03:00 PM,2023,09,27,15,3.0,3,Good,4.0,UG/M3,1 Hr,Valid
Guatemala City,PM10 - Principal,2023-09-27 04:00 PM,2023,09,27,16,3.0,3,Good,4.0,UG/M3,1 Hr,Valid
Guatemala City,PM10 - Principal,2023-09-27 05:00 PM,2023,09,27,17,2.0,2,Good,2.0,UG/M3,1 Hr,Valid
Guatemala City,PM10 - Principal,2023-09-27 06:00 PM,2023,09,27,18,3.0,3,Good,4.0,UG/M3,1 Hr,Valid
Guatemala City,PM10 - Principal,2023-09-27 07:00 PM,2023,09,27,19,4.0,4,Good,6.0,UG/M3,1 Hr,Valid
Guatemala City,PM10 - Principal,2023-09-27 08:00 PM,2023,09,27,20,4.0,4,Good,5.0,UG/M3,1 Hr,Valid
Guatemala City,PM10 - Principal,2023-09-27 09:00 PM,2023,09,27,21,4.0,4,Good,4.0,UG/M3,1 Hr,Valid
Guatemala City,PM10 - Principal,2023-09-27 10:00 PM,2023,09,27,22,4.0,4,Good,5.0,UG/M3,1 Hr,Valid
Guatemala City,PM10 - Principal,2023-09-27 11:00 PM,2023,09,27,23,3.0,3,Good,3.0,UG/M3,1 Hr,Valid
Guatemala City,PM10 - Principal,2023-09-28 12:00 AM,2023,09,28,00,2.0,2,Good,1.0,UG/M3,1 Hr,Valid
Guatemala City,PM10 - Principal,2023-09-28 01:00 AM,2023,09,28,01,2.0,2,Good,2.0,UG/M3,1 Hr,Valid
Guatemala City,PM10 - Principal,2023-09-28 02:00 AM,2023,09,28,02,2.0,2,Good,3.0,UG/M3,1 Hr,Valid
Guatemala City,PM10 - Principal,2023-09-28 03:00 AM,2023,09,28,03,2.0,2,Good,3.0,UG/M3,1 Hr,Valid
Guatemala City,PM10 - Principal,2023-09-28 04:00 AM,2023,09,28,04,1.0,1,Good,1.0,UG/M3,1 Hr,Valid
Guatemala City,PM10 - Principal,2023-09-28 05:00 AM,2023,09,28,05,1.0,1,Good,1.0,UG/M3,1 Hr,Valid
Guatemala City,PM10 - Principal,2023-09-28 06:00 AM,2023,09,28,06,1.0,1,Good,1.0,UG/M3,1 Hr,Valid
Guatemala City,PM10 - Principal,2023-09-28 07:00 AM,2023,09,28,07,1.0,1,Good,1.0,UG/M3,1 Hr,Valid
Guatemala City,PM10 - Principal,2023-09-28 08:00 AM,2023,09,28,08,1.0,1,Good,1.0,UG/M3,1 Hr,Valid
Guatemala City,PM10 - Principal,2023-09-28 09:00 AM,2023,09,28,09,2.0,2,Good,3.0,UG/M3,1 Hr,Valid
Guatemala City,PM10 - Principal,2023-09-28 10:00 AM,2023,09,28,10,1.0,1,Good,1.0,UG/M3,1 Hr,Valid
Guatemala City,PM10 - Principal,2023-09-28 11:00 AM,2023,09,28,11,0.0,0,Good,-1.0,UG/M3,1 Hr,Valid
Guatemala City,PM10 - Principal,2023-09-28 12:00 PM,2023,09,28,12,0.0,0,Good,-1.0,UG/M3,1 Hr,Valid
Guatemala City,PM10 - Principal,2023-09-28 01:00 PM,2023,09,28,13,0.0,0,Good,-1.0,UG/M3,1 Hr,Valid
Guatemala City,PM10 - Principal,2023-09-28 02:00 PM,2023,09,28,14,0.0,0,Good,2.0,UG/M3,1 Hr,Valid
Guatemala City,PM10 - Principal,2023-09-28 03:00 PM,2023,09,28,15,1.0,1,Good,3.0,UG/M3,1 Hr,Valid
Guatemala City,PM10 - Principal,2023-09-28 04:00 PM,2023,09,28,16,0.0,0,Good,0.0,UG/M3,1 Hr,Valid
Guatemala City,PM10 - Principal,2023-09-28 05:00 PM,2023,09,28,17,2.0,2,Good,4.0,UG/M3,1 Hr,Valid
Guatemala City,PM10 - Principal,2023-09-28 06:00 PM,2023,09,28,18,3.0,3,Good,4.0,UG/M3,1 Hr,Valid
Guatemala City,PM10 - Principal,2023-09-28 07:00 PM,2023,09,28,19,4.0,4,Good,6.0,UG/M3,1 Hr,Valid
Guatemala City,PM10 - Principal,2023-09-28 08:00 PM,2023,09,28,20,4.0,4,Good,4.0,UG/M3,1 Hr,Valid
Guatemala City,PM10 - Principal,2023-09-28 09:00 PM,2023,09,28,21,3.0,3,Good,2.0,UG/M3,1 Hr,Valid
Guatemala City,PM10 - Principal,2023-09-28 10:00 PM,2023,09,28,22,3.0,3,Good,3.0,UG/M3,1 Hr,Valid
Guatemala City,PM10 - Principal,2023-09-28 11:00 PM,2023,09,28,23,3.0,3,Good,3.0,UG/M3,1 Hr,Valid
Guatemala City,PM10 - Principal,2023-09-29 12:00 AM,2023,09,29,00,3.0,3,Good,3.0,UG/M3,1 Hr,Valid
Guatemala City,PM10 - Principal,2023-09-29 01:00 AM,2023,09,29,01,6.0,6,Good,10.0,UG/M3,1 Hr,Valid
Guatemala City,PM10 - Principal,2023-09-29 02:00 AM,2023,09,29,02,6.0,6,Good,6.0,UG/M3,1 Hr,Valid
Guatemala City,PM10 - Principal,2023-09-29 03:00 AM,2023,09,29,03,3.0,3,Good,0.0,UG/M3,1 Hr,Valid
Guatemala City,PM10 - Principal,2023-09-29 04:00 AM,2023,09,29,04,2.0,2,Good,2.0,UG/M3,1 Hr,Valid
Guatemala City,PM10 - Principal,2023-09-29 05:00 AM,2023,09,29,05,1.0,1,Good,0.0,UG/M3,1 Hr,Valid
Guatemala City,PM10 - Principal,2023-09-29 06:00 AM,2023,09,29,06,0.0,0,Good,-1.0,UG/M3,1 Hr,Valid
Guatemala City,PM10 - Principal,2023-09-29 07:00 AM,2023,09,29,07,1.0,1,Good,3.0,UG/M3,1 Hr,Valid
Guatemala City,PM10 - Principal,2023-09-29 08:00 AM,2023,09,29,08,1.0,1,Good,2.0,UG/M3,1 Hr,Valid
Guatemala City,PM10 - Principal,2023-09-29 09:00 AM,2023,09,29,09,1.0,1,Good,2.0,UG/M3,1 Hr,Valid
Guatemala City,PM10 - Principal,2023-09-29 10:00 AM,2023,09,29,10,2.0,2,Good,4.0,UG/M3,1 Hr,Valid
Guatemala City,PM10 - Principal,2023-09-29 11:00 AM,2023,09,29,11,2.0,2,Good,3.0,UG/M3,1 Hr,Valid
Guatemala City,PM10 - Principal,2023-09-29 12:00 PM,2023,09,29,12,2.0,2,Good,3.0,UG/M3,1 Hr,Valid
Guatemala City,PM10 - Principal,2023-09-29 01:00 PM,2023,09,29,13,2.0,2,Good,2.0,UG/M3,1 Hr,Valid
Guatemala City,PM10 - Principal,2023-09-29 02:00 PM,2023,09,29,14,1.0,1,Good,1.0,UG/M3,1 Hr,Valid
Guatemala City,PM10 - Principal,2023-09-29 03:00 PM,2023,09,29,15,1.0,1,Good,1.0,UG/M3,1 Hr,Valid
Guatemala City,PM10 - Principal,2023-09-29 04:00 PM,2023,09,29,16,3.0,3,Good,5.0,UG/M3,1 Hr,Valid
Guatemala City,PM10 - Principal,2023-09-29 05:00 PM,2023,09,29,17,3.0,3,Good,4.0,UG/M3,1 Hr,Valid
Guatemala City,PM10 - Principal,2023-09-29 06:00 PM,2023,09,29,18,2.0,2,Good,2.0,UG/M3,1 Hr,Valid
Guatemala City,PM10 - Principal,2023-09-29 07:00 PM,2023,09,29,19,1.0,1,Good,0.0,UG/M3,1 Hr,Valid
Guatemala City,PM10 - Principal,2023-09-29 08:00 PM,2023,09,29,20,1.0,1,Good,2.0,UG/M3,1 Hr,Valid
Guatemala City,PM10 - Principal,2023-09-29 09:00 PM,2023,09,29,21,3.0,3,Good,5.0,UG/M3,1 Hr,Valid
Guatemala City,PM10 - Principal,2023-09-29 10:00 PM,2023,09,29,22,3.0,3,Good,4.0,UG/M3,1 Hr,Valid
Guatemala City,PM10 - Principal,2023-09-29 11:00 PM,2023,09,29,23,2.0,2,Good,1.0,UG/M3,1 Hr,Valid
Guatemala City,PM10 - Principal,2023-09-30 12:00 AM,2023,09,30,00,2.0,2,Good,2.0,UG/M3,1 Hr,Valid
Guatemala City,PM10 - Principal,2023-09-30 01:00 AM,2023,09,30,01,3.0,3,Good,5.0,UG/M3,1 Hr,Valid
Guatemala City,PM10 - Principal,2023-09-30 02:00 AM,2023,09,30,02,2.0,2,Good,2.0,UG/M3,1 Hr,Valid
Guatemala City,PM10 - Principal,2023-09-30 03:00 AM,2023,09,30,03,1.0,1,Good,0.0,UG/M3,1 Hr,Valid
Guatemala City,PM10 - Principal,2023-09-30 04:00 AM,2023,09,30,04,1.0,1,Good,2.0,UG/M3,1 Hr,Valid
Guatemala City,PM10 - Principal,2023-09-30 05:00 AM,2023,09,30,05,1.0,1,Good,2.0,UG/M3,1 Hr,Valid
Guatemala City,PM10 - Principal,2023-09-30 06:00 AM,2023,09,30,06,2.0,2,Good,4.0,UG/M3,1 Hr,Valid
Guatemala City,PM10 - Principal,2023-09-30 07:00 AM,2023,09,30,07,2.0,2,Good,2.0,UG/M3,1 Hr,Valid
Guatemala City,PM10 - Principal,2023-09-30 08:00 AM,2023,09,30,08,1.0,1,Good,1.0,UG/M3,1 Hr,Valid
Guatemala City,PM10 - Principal,2023-09-30 09:00 AM,2023,09,30,09,2.0,2,Good,3.0,UG/M3,1 Hr,Valid
Guatemala City,PM10 - Principal,2023-09-30 10:00 AM,2023,09,30,10,2.0,2,Good,2.0,UG/M3,1 Hr,Valid
Guatemala City,PM10 - Principal,2023-09-30 11:00 AM,2023,09,30,11,1.0,1,Good,0.0,UG/M3,1 Hr,Valid
Guatemala City,PM10 - Principal,2023-09-30 12:00 PM,2023,09,30,12,0.0,0,Good,0.0,UG/M3,1 Hr,Valid
Guatemala City,PM10 - Principal,2023-09-30 01:00 PM,2023,09,30,13,1.0,1,Good,3.0,UG/M3,1 Hr,Valid
Guatemala City,PM10 - Principal,2023-09-30 02:00 PM,2023,09,30,14,0.0,0,Good,0.0,UG/M3,1 Hr,Valid
Guatemala City,PM10 - Principal,2023-09-30 03:00 PM,2023,09,30,15,0.0,0,Good,-1.0,UG/M3,1 Hr,Valid
Guatemala City,PM10 - Principal,2023-09-30 04:00 PM,2023,09,30,16,1.0,1,Good,3.0,UG/M3,1 Hr,Valid
Guatemala City,PM10 - Principal,2023-09-30 05:00 PM,2023,09,30,17,1.0,1,Good,1.0,UG/M3,1 Hr,Valid
Guatemala City,PM10 - Principal,2023-09-30 06:00 PM,2023,09,30,18,2.0,2,Good,3.0,UG/M3,1 Hr,Valid
Guatemala City,PM10 - Principal,2023-09-30 07:00 PM,2023,09,30,19,3.0,3,Good,5.0,UG/M3,1 Hr,Valid
Guatemala City,PM10 - Principal,2023-09-30 08:00 PM,2023,09,30,20,3.0,3,Good,3.0,UG/M3,1 Hr,Valid
Guatemala City,PM10 - Principal,2023-09-30 09:00 PM,2023,09,30,21,3.0,3,Good,4.0,UG/M3,1 Hr,Valid
Guatemala City,PM10 - Principal,2023-09-30 10:00 PM,2023,09,30,22,4.0,4,Good,5.0,UG/M3,1 Hr,Valid
Guatemala City,PM10 - Principal,2023-09-30 11:00 PM,2023,09,30,23,4.0,4,Good,4.0,UG/M3,1 Hr,Valid
Guatemala City,PM10 - Principal,2023-10-01 12:00 AM,2023,10,01,00,4.0,4,Good,5.0,UG/M3,1 Hr,Valid
Guatemala City,PM10 - Principal,2023-10-01 01:00 AM,2023,10,01,01,4.0,4,Good,4.0,UG/M3,1 Hr,Valid
Guatemala City,PM10 - Principal,2023-10-01 02:00 AM,2023,10,01,02,2.0,2,Good,0.0,UG/M3,1 Hr,Valid
Guatemala City,PM10 - Principal,2023-10-01 03:00 AM,2023,10,01,03,4.0,4,Good,6.0,UG/M3,1 Hr,Valid
Guatemala City,PM10 - Principal,2023-10-01 04:00 AM,2023,10,01,04,4.0,4,Good,5.0,UG/M3,1 Hr,Valid
Guatemala City,PM10 - Principal,2023-10-01 05:00 AM,2023,10,01,05,2.0,2,Good,1.0,UG/M3,1 Hr,Valid
Guatemala City,PM10 - Principal,2023-10-01 06:00 AM,2023,10,01,06,2.0,2,Good,3.0,UG/M3,1 Hr,Valid
Guatemala City,PM10 - Principal,2023-10-01 07:00 AM,2023,10,01,07,2.0,2,Good,3.0,UG/M3,1 Hr,Valid
Guatemala City,PM10 - Principal,2023-10-01 08:00 AM,2023,10,01,08,1.0,1,Good,1.0,UG/M3,1 Hr,Valid
Guatemala City,PM10 - Principal,2023-10-01 09:00 AM,2023,10,01,09,0.0,0,Good,0.0,UG/M3,1 Hr,Valid
Guatemala City,PM10 - Principal,2023-10-01 10:00 AM,2023,10,01,10,0.0,0,Good,-1.0,UG/M3,1 Hr,Valid
Guatemala City,PM10 - Principal,2023-10-01 11:00 AM,2023,10,01,11,0.0,0,Good,-1.0,UG/M3,1 Hr,Valid
Guatemala City,PM10 - Principal,2023-10-01 12:00 PM,2023,10,01,12,0.0,0,Good,0.0,UG/M3,1 Hr,Valid
Guatemala City,PM10 - Principal,2023-10-01 01:00 PM,2023,10,01,13,0.0,0,Good,0.0,UG/M3,1 Hr,Valid
Guatemala City,PM10 - Principal,2023-10-01 02:00 PM,2023,10,01,14,0.0,0,Good,-1.0,UG/M3,1 Hr,Valid
Guatemala City,PM10 - Principal,2023-10-01 03:00 PM,2023,10,01,15,0.0,0,Good,0.0,UG/M3,1 Hr,Valid
Guatemala City,PM10 - Principal,2023-10-01 04:00 PM,2023,10,01,16,0.0,0,Good,0.0,UG/M3,1 Hr,Valid
Guatemala City,PM10 - Principal,2023-10-01 05:00 PM,2023,10,01,17,1.0,1,Good,3.0,UG/M3,1 Hr,Valid
Guatemala City,PM10 - Principal,2023-10-01 06:00 PM,2023,10,01,18,3.0,3,Good,6.0,UG/M3,1 Hr,Valid
Guatemala City,PM10 - Principal,2023-10-01 07:00 PM,2023,10,01,19,3.0,3,Good,4.0,UG/M3,1 Hr,Valid
Guatemala City,PM10 - Principal,2023-10-01 08:00 PM,2023,10,01,20,1.0,1,Good,0.0,UG/M3,1 Hr,Valid
Guatemala City,PM10 - Principal,2023-10-01 09:00 PM,2023,10,01,21,0.0,0,Good,0.0,UG/M3,1 Hr,Valid
Guatemala City,PM10 - Principal,2023-10-01 10:00 PM,2023,10,01,22,1.0,1,Good,2.0,UG/M3,1 Hr,Valid
Guatemala City,PM10 - Principal,2023-10-01 11:00 PM,2023,10,01,23,1.0,1,Good,2.0,UG/M3,1 Hr,Valid
Guatemala City,PM10 - Principal,2023-10-02 12:00 AM,2023,10,02,00,2.0,2,Good,3.0,UG/M3,1 Hr,Valid
Guatemala City,PM10 - Principal,2023-10-02 01:00 AM,2023,10,02,01,1.0,1,Good,0.0,UG/M3,1 Hr,Valid
Guatemala City,PM10 - Principal,2023-10-02 02:00 AM,2023,10,02,02,0.0,0,Good,-2.0,UG/M3,1 Hr,Valid
Guatemala City,PM10 - Principal,2023-10-02 03:00 AM,2023,10,02,03,0.0,0,Good,-1.0,UG/M3,1 Hr,Valid
Guatemala City,PM10 - Principal,2023-10-02 04:00 AM,2023,10,02,04,0.0,0,Good,2.0,UG/M3,1 Hr,Valid
Guatemala City,PM10 - Principal,2023-10-02 05:00 AM,2023,10,02,05,2.0,2,Good,4.0,UG/M3,1 Hr,Valid
Guatemala City,PM10 - Principal,2023-10-02 06:00 AM,2023,10,02,06,2.0,2,Good,3.0,UG/M3,1 Hr,Valid
Guatemala City,PM10 - Principal,2023-10-02 07:00 AM,2023,10,02,07,3.0,3,Good,5.0,UG/M3,1 Hr,Valid
Guatemala City,PM10 - Principal,2023-10-02 08:00 AM,2023,10,02,08,3.0,3,Good,4.0,UG/M3,1 Hr,Valid
Guatemala City,PM10 - Principal,2023-10-02 09:00 AM,2023,10,02,09,2.0,2,Good,2.0,UG/M3,1 Hr,Valid
Guatemala City,PM10 - Principal,2023-10-02 10:00 AM,2023,10,02,10,2.0,2,Good,2.0,UG/M3,1 Hr,Valid
Guatemala City,PM10 - Principal,2023-10-02 11:00 AM,2023,10,02,11,2.0,2,Good,2.0,UG/M3,1 Hr,Valid
Guatemala City,PM10 - Principal,2023-10-02 12:00 PM,2023,10,02,12,2.0,2,Good,3.0,UG/M3,1 Hr,Valid
Guatemala City,PM10 - Principal,2023-10-02 01:00 PM,2023,10,02,13,2.0,2,Good,2.0,UG/M3,1 Hr,Valid
Guatemala City,PM10 - Principal,2023-10-02 02:00 PM,2023,10,02,14,1.0,1,Good,0.0,UG/M3,1 Hr,Valid
Guatemala City,PM10 - Principal,2023-10-02 03:00 PM,2023,10,02,15,1.0,1,Good,1.0,UG/M3,1 Hr,Valid
Guatemala City,PM10 - Principal,2023-10-02 04:00 PM,2023,10,02,16,1.0,1,Good,1.0,UG/M3,1 Hr,Valid
Guatemala City,PM10 - Principal,2023-10-02 05:00 PM,2023,10,02,17,0.0,0,Good,0.0,UG/M3,1 Hr,Valid
Guatemala City,PM10 - Principal,2023-10-02 06:00 PM,2023,10,02,18,0.0,0,Good,1.0,UG/M3,1 Hr,Valid
Guatemala City,PM10 - Principal,2023-10-02 07:00 PM,2023,10,02,19,0.0,0,Good,0.0,UG/M3,1 Hr,Valid
Guatemala City,PM10 - Principal,2023-10-02 08:00 PM,2023,10,02,20,0.0,0,Good,0.0,UG/M3,1 Hr,Valid
Guatemala City,PM10 - Principal,2023-10-02 09:00 PM,2023,10,02,21,1.0,1,Good,3.0,UG/M3,1 Hr,Valid
Guatemala City,PM10 - Principal,2023-10-02 10:00 PM,2023,10,02,22,2.0,2,Good,3.0,UG/M3,1 Hr,Valid
Guatemala City,PM10 - Principal,2023-10-02 11:00 PM,2023,10,02,23,3.0,3,Good,4.0,UG/M3,1 Hr,Valid
Guatemala City,PM10 - Principal,2023-10-03 12:00 AM,2023,10,03,00,4.0,4,Good,5.0,UG/M3,1 Hr,Valid
Guatemala City,PM10 - Principal,2023-10-03 01:00 AM,2023,10,03,01,4.0,4,Good,4.0,UG/M3,1 Hr,Valid
Guatemala City,PM10 - Principal,2023-10-03 02:00 AM,2023,10,03,02,6.0,6,Good,8.0,UG/M3,1 Hr,Valid
Guatemala City,PM10 - Principal,2023-10-03 03:00 AM,2023,10,03,03,6.0,6,Good,6.0,UG/M3,1 Hr,Valid
Guatemala City,PM10 - Principal,2023-10-03 04:00 AM,2023,10,03,04,4.0,4,Good,3.0,UG/M3,1 Hr,Valid
Guatemala City,PM10 - Principal,2023-10-03 05:00 AM,2023,10,03,05,4.0,4,Good,4.0,UG/M3,1 Hr,Valid
Guatemala City,PM10 - Principal,2023-10-03 06:00 AM,2023,10,03,06,4.0,4,Good,4.0,UG/M3,1 Hr,Valid
Guatemala City,PM10 - Principal,2023-10-03 07:00 AM,2023,10,03,07,3.0,3,Good,2.0,UG/M3,1 Hr,Valid
Guatemala City,PM10 - Principal,2023-10-03 08:00 AM,2023,10,03,08,2.0,2,Good,2.0,UG/M3,1 Hr,Valid
Guatemala City,PM10 - Principal,2023-10-03 09:00 AM,2023,10,03,09,2.0,2,Good,2.0,UG/M3,1 Hr,Valid
Guatemala City,PM10 - Principal,2023-10-03 10:00 AM,2023,10,03,10,2.0,2,Good,3.0,UG/M3,1 Hr,Valid
Guatemala City,PM10 - Principal,2023-10-03 11:00 AM,2023,10,03,11,1.0,1,Good,1.0,UG/M3,1 Hr,Valid
Guatemala City,PM10 - Principal,2023-10-03 12:00 PM,2023,10,03,12,2.0,2,Good,4.0,UG/M3,1 Hr,Valid
Guatemala City,PM10 - Principal,2023-10-03 01:00 PM,2023,10,03,13,3.0,3,Good,5.0,UG/M3,1 Hr,Valid
Guatemala City,PM10 - Principal,2023-10-03 02:00 PM,2023,10,03,14,2.0,2,Good,2.0,UG/M3,1 Hr,Valid
Guatemala City,PM10 - Principal,2023-10-03 03:00 PM,2023,10,03,15,1.0,1,Good,0.0,UG/M3,1 Hr,Valid
Guatemala City,PM10 - Principal,2023-10-03 04:00 PM,2023,10,03,16,2.0,2,Good,4.0,UG/M3,1 Hr,Valid
Guatemala City,PM10 - Principal,2023-10-03 05:00 PM,2023,10,03,17,3.0,3,Good,4.0,UG/M3,1 Hr,Valid
Guatemala City,PM10 - Principal,2023-10-03 06:00 PM,2023,10,03,18,2.0,2,Good,2.0,UG/M3,1 Hr,Valid
Guatemala City,PM10 - Principal,2023-10-03 07:00 PM,2023,10,03,19,1.0,1,Good,0.0,UG/M3,1 Hr,Valid
Guatemala City,PM10 - Principal,2023-10-03 08:00 PM,2023,10,03,20,1.0,1,Good,1.0,UG/M3,1 Hr,Valid
Guatemala City,PM10 - Principal,2023-10-03 09:00 PM,2023,10,03,21,3.0,3,Good,6.0,UG/M3,1 Hr,Valid
Guatemala City,PM10 - Principal,2023-10-03 10:00 PM,2023,10,03,22,4.0,4,Good,6.0,UG/M3,1 Hr,Valid
Guatemala City,PM10 - Principal,2023-10-03 11:00 PM,2023,10,03,23,3.0,3,Good,2.0,UG/M3,1 Hr,Valid
Guatemala City,PM10 - Principal,2023-10-04 12:00 AM,2023,10,04,00,2.0,2,Good,2.0,UG/M3,1 Hr,Valid
Guatemala City,PM10 - Principal,2023-10-04 01:00 AM,2023,10,04,01,3.0,3,Good,4.0,UG/M3,1 Hr,Valid
Guatemala City,PM10 - Principal,2023-10-04 02:00 AM,2023,10,04,02,2.0,2,Good,2.0,UG/M3,1 Hr,Valid
Guatemala City,PM10 - Principal,2023-10-04 03:00 AM,2023,10,04,03,2.0,2,Good,3.0,UG/M3,1 Hr,Valid
Guatemala City,PM10 - Principal,2023-10-04 04:00 AM,2023,10,04,04,2.0,2,Good,3.0,UG/M3,1 Hr,Valid
Guatemala City,PM10 - Principal,2023-10-04 05:00 AM,2023,10,04,05,4.0,4,Good,6.0,UG/M3,1 Hr,Valid
Guatemala City,PM10 - Principal,2023-10-04 06:00 AM,2023,10,04,06,6.0,6,Good,8.0,UG/M3,1 Hr,Valid
Guatemala City,PM10 - Principal,2023-10-04 07:00 AM,2023,10,04,07,6.0,6,Good,6.0,UG/M3,1 Hr,Valid
Guatemala City,PM10 - Principal,2023-10-04 08:00 AM,2023,10,04,08,4.0,4,Good,3.0,UG/M3,1 Hr,Valid
Guatemala City,PM10 - Principal,2023-10-04 09:00 AM,2023,10,04,09,4.0,4,Good,5.0,UG/M3,1 Hr,Valid
Guatemala City,PM10 - Principal,2023-10-04 10:00 AM,2023,10,04,10,4.0,4,Good,4.0,UG/M3,1 Hr,Valid
Guatemala City,PM10 - Principal,2023-10-04 11:00 AM,2023,10,04,11,4.0,4,Good,5.0,UG/M3,1 Hr,Valid
Guatemala City,PM10 - Principal,2023-10-04 12:00 PM,2023,10,04,12,3.0,3,Good,2.0,UG/M3,1 Hr,Valid
Guatemala City,PM10 - Principal,2023-10-04 01:00 PM,2023,10,04,13,1.0,1,Good,-1.0,UG/M3,1 Hr,Valid
Guatemala City,PM10 - Principal,2023-10-04 02:00 PM,2023,10,04,14,1.0,1,Good,1.0,UG/M3,1 Hr,Valid
Guatemala City,PM10 - Principal,2023-10-04 03:00 PM,2023,10,04,15,1.0,1,Good,2.0,UG/M3,1 Hr,Valid
Guatemala City,PM10 - Principal,2023-10-04 04:00 PM,2023,10,04,16,2.0,2,Good,3.0,UG/M3,1 Hr,Valid
Guatemala City,PM10 - Principal,2023-10-04 05:00 PM,2023,10,04,17,1.0,1,Good,1.0,UG/M3,1 Hr,Valid
Guatemala City,PM10 - Principal,2023-10-04 06:00 PM,2023,10,04,18,2.0,2,Good,4.0,UG/M3,1 Hr,Valid
Guatemala City,PM10 - Principal,2023-10-04 07:00 PM,2023,10,04,19,3.0,3,Good,4.0,UG/M3,1 Hr,Valid
Guatemala City,PM10 - Principal,2023-10-04 08:00 PM,2023,10,04,20,3.0,3,Good,4.0,UG/M3,1 Hr,Valid
Guatemala City,PM10 - Principal,2023-10-04 09:00 PM,2023,10,04,21,3.0,3,Good,4.0,UG/M3,1 Hr,Valid
Guatemala City,PM10 - Principal,2023-10-04 10:00 PM,2023,10,04,22,4.0,4,Good,5.0,UG/M3,1 Hr,Valid
Guatemala City,PM10 - Principal,2023-10-04 11:00 PM,2023,10,04,23,5.0,5,Good,6.0,UG/M3,1 Hr,Valid
Guatemala City,PM10 - Principal,2023-10-05 12:00 AM,2023,10,05,00,5.0,5,Good,6.0,UG/M3,1 Hr,Valid
Guatemala City,PM10 - Principal,2023-10-05 01:00 AM,2023,10,05,01,5.0,5,Good,5.0,UG/M3,1 Hr,Valid
Guatemala City,PM10 - Principal,2023-10-05 02:00 AM,2023,10,05,02,4.0,4,Good,3.0,UG/M3,1 Hr,Valid
Guatemala City,PM10 - Principal,2023-10-05 03:00 AM,2023,10,05,03,4.0,4,Good,4.0,UG/M3,1 Hr,Valid
Guatemala City,PM10 - Principal,2023-10-05 04:00 AM,2023,10,05,04,3.0,3,Good,3.0,UG/M3,1 Hr,Valid
Guatemala City,PM10 - Principal,2023-10-05 05:00 AM,2023,10,05,05,3.0,3,Good,4.0,UG/M3,1 Hr,Valid
Guatemala City,PM10 - Principal,2023-10-05 06:00 AM,2023,10,05,06,3.0,3,Good,4.0,UG/M3,1 Hr,Valid
Guatemala City,PM10 - Principal,2023-10-05 07:00 AM,2023,10,05,07,2.0,2,Good,2.0,UG/M3,1 Hr,Valid
Guatemala City,PM10 - Principal,2023-10-05 08:00 AM,2023,10,05,08,1.0,1,Good,1.0,UG/M3,1 Hr,Valid
Guatemala City,PM10 - Principal,2023-10-05 09:00 AM,2023,10,05,09,1.0,1,Good,2.0,UG/M3,1 Hr,Valid
Guatemala City,PM10 - Principal,2023-10-05 10:00 AM,2023,10,05,10,1.0,1,Good,2.0,UG/M3,1 Hr,Valid
Guatemala City,PM10 - Principal,2023-10-05 11:00 AM,2023,10,05,11,1.0,1,Good,1.0,UG/M3,1 Hr,Valid
Guatemala City,PM10 - Principal,2023-10-05 12:00 PM,2023,10,05,12,1.0,1,Good,2.0,UG/M3,1 Hr,Valid
Guatemala City,PM10 - Principal,2023-10-05 01:00 PM,2023,10,05,13,0.0,0,Good,0.0,UG/M3,1 Hr,Valid
Guatemala City,PM10 - Principal,2023-10-05 02:00 PM,2023,10,05,14,0.0,0,Good,0.0,UG/M3,1 Hr,Valid
Guatemala City,PM10 - Principal,2023-10-05 03:00 PM,2023,10,05,15,0.0,0,Good,1.0,UG/M3,1 Hr,Valid
Guatemala City,PM10 - Principal,2023-10-05 04:00 PM,2023,10,05,16,1.0,1,Good,3.0,UG/M3,1 Hr,Valid
Guatemala City,PM10 - Principal,2023-10-05 05:00 PM,2023,10,05,17,3.0,3,Good,5.0,UG/M3,1 Hr,Valid
Guatemala City,PM10 - Principal,2023-10-05 06:00 PM,2023,10,05,18,4.0,4,Good,5.0,UG/M3,1 Hr,Valid
Guatemala City,PM10 - Principal,2023-10-05 07:00 PM,2023,10,05,19,4.0,4,Good,5.0,UG/M3,1 Hr,Valid
Guatemala City,PM10 - Principal,2023-10-05 08:00 PM,2023,10,05,20,4.0,4,Good,4.0,UG/M3,1 Hr,Valid
Guatemala City,PM10 - Principal,2023-10-05 09:00 PM,2023,10,05,21,4.0,4,Good,4.0,UG/M3,1 Hr,Valid
Guatemala City,PM10 - Principal,2023-10-05 10:00 PM,2023,10,05,22,4.0,4,Good,5.0,UG/M3,1 Hr,Valid
Guatemala City,PM10 - Principal,2023-10-05 11:00 PM,2023,10,05,23,5.0,5,Good,6.0,UG/M3,1 Hr,Valid
Guatemala City,PM10 - Principal,2023-10-06 12:00 AM,2023,10,06,00,4.0,4,Good,4.0,UG/M3,1 Hr,Valid
Guatemala City,PM10 - Principal,2023-10-06 01:00 AM,2023,10,06,01,2.0,2,Good,0.0,UG/M3,1 Hr,Valid
Guatemala City,PM10 - Principal,2023-10-06 02:00 AM,2023,10,06,02,0.0,0,Good,-3.0,UG/M3,1 Hr,Valid
Guatemala City,PM10 - Principal,2023-10-06 03:00 AM,2023,10,06,03,0.0,0,Good,-3.0,UG/M3,1 Hr,Valid
Guatemala City,PM10 - Principal,2023-10-06 04:00 AM,2023,10,06,04,0.0,0,Good,2.0,UG/M3,1 Hr,Valid
Guatemala City,PM10 - Principal,2023-10-06 05:00 AM,2023,10,06,05,1.0,1,Good,3.0,UG/M3,1 Hr,Valid
Guatemala City,PM10 - Principal,2023-10-06 06:00 AM,2023,10,06,06,1.0,1,Good,1.0,UG/M3,1 Hr,Valid
Guatemala City,PM10 - Principal,2023-10-06 07:00 AM,2023,10,06,07,2.0,2,Good,4.0,UG/M3,1 Hr,Valid
Guatemala City,PM10 - Principal,2023-10-06 08:00 AM,2023,10,06,08,2.0,2,Good,3.0,UG/M3,1 Hr,Valid
Guatemala City,PM10 - Principal,2023-10-06 09:00 AM,2023,10,06,09,2.0,2,Good,3.0,UG/M3,1 Hr,Valid
Guatemala City,PM10 - Principal,2023-10-06 10:00 AM,2023,10,06,10,2.0,2,Good,-999.0,UG/M3,1 Hr,Missing
Guatemala City,PM10 - Principal,2023-10-06 11:00 AM,2023,10,06,11,0.0,0,Good,-2.0,UG/M3,1 Hr,Valid
Guatemala City,PM10 - Principal,2023-10-06 12:00 PM,2023,10,06,12,0.0,0,Good,0.0,UG/M3,1 Hr,Valid
Guatemala City,PM10 - Principal,2023-10-06 01:00 PM,2023,10,06,13,0.0,0,Good,0.0,UG/M3,1 Hr,Valid
Guatemala City,PM10 - Principal,2023-10-06 02:00 PM,2023,10,06,14,0.0,0,Good,-1.0,UG/M3,1 Hr,Valid
Guatemala City,PM10 - Principal,2023-10-06 03:00 PM,2023,10,06,15,0.0,0,Good,2.0,UG/M3,1 Hr,Valid
Guatemala City,PM10 - Principal,2023-10-06 04:00 PM,2023,10,06,16,1.0,1,Good,2.0,UG/M3,1 Hr,Valid
Guatemala City,PM10 - Principal,2023-10-06 05:00 PM,2023,10,06,17,2.0,2,Good,4.0,UG/M3,1 Hr,Valid
Guatemala City,PM10 - Principal,2023-10-06 06:00 PM,2023,10,06,18,3.0,3,Good,5.0,UG/M3,1 Hr,Valid
Guatemala City,PM10 - Principal,2023-10-06 07:00 PM,2023,10,06,19,4.0,4,Good,5.0,UG/M3,1 Hr,Valid
Guatemala City,PM10 - Principal,2023-10-06 08:00 PM,2023,10,06,20,4.0,4,Good,4.0,UG/M3,1 Hr,Valid
Guatemala City,PM10 - Principal,2023-10-06 09:00 PM,2023,10,06,21,3.0,3,Good,3.0,UG/M3,1 Hr,Valid
Guatemala City,PM10 - Principal,2023-10-06 10:00 PM,2023,10,06,22,4.0,4,Good,5.0,UG/M3,1 Hr,Valid
Guatemala City,PM10 - Principal,2023-10-06 11:00 PM,2023,10,06,23,7.0,6,Good,11.0,UG/M3,1 Hr,Valid
Guatemala City,PM10 - Principal,2023-10-07 12:00 AM,2023,10,07,00,7.0,6,Good,7.0,UG/M3,1 Hr,Valid
Guatemala City,PM10 - Principal,2023-10-07 01:00 AM,2023,10,07,01,11.0,10,Good,15.0,UG/M3,1 Hr,Valid
Guatemala City,PM10 - Principal,2023-10-07 02:00 AM,2023,10,07,02,9.0,8,Good,8.0,UG/M3,1 Hr,Valid
Guatemala City,PM10 - Principal,2023-10-07 03:00 AM,2023,10,07,03,6.0,6,Good,4.0,UG/M3,1 Hr,Valid
Guatemala City,PM10 - Principal,2023-10-07 04:00 AM,2023,10,07,04,6.0,6,Good,6.0,UG/M3,1 Hr,Valid
Guatemala City,PM10 - Principal,2023-10-07 05:00 AM,2023,10,07,05,6.0,6,Good,6.0,UG/M3,1 Hr,Valid
Guatemala City,PM10 - Principal,2023-10-07 06:00 AM,2023,10,07,06,7.0,6,Good,8.0,UG/M3,1 Hr,Valid
Guatemala City,PM10 - Principal,2023-10-07 07:00 AM,2023,10,07,07,6.0,6,Good,6.0,UG/M3,1 Hr,Valid
Guatemala City,PM10 - Principal,2023-10-07 08:00 AM,2023,10,07,08,4.0,4,Good,2.0,UG/M3,1 Hr,Valid
Guatemala City,PM10 - Principal,2023-10-07 09:00 AM,2023,10,07,09,4.0,4,Good,5.0,UG/M3,1 Hr,Valid
Guatemala City,PM10 - Principal,2023-10-07 10:00 AM,2023,10,07,10,3.0,3,Good,3.0,UG/M3,1 Hr,Valid
Guatemala City,PM10 - Principal,2023-10-07 11:00 AM,2023,10,07,11,2.0,2,Good,1.0,UG/M3,1 Hr,Valid
Guatemala City,PM10 - Principal,2023-10-07 12:00 PM,2023,10,07,12,3.0,3,Good,5.0,UG/M3,1 Hr,Valid
Guatemala City,PM10 - Principal,2023-10-07 01:00 PM,2023,10,07,13,3.0,3,Good,4.0,UG/M3,1 Hr,Valid
Guatemala City,PM10 - Principal,2023-10-07 02:00 PM,2023,10,07,14,3.0,3,Good,3.0,UG/M3,1 Hr,Valid
Guatemala City,PM10 - Principal,2023-10-07 03:00 PM,2023,10,07,15,3.0,3,Good,4.0,UG/M3,1 Hr,Valid
Guatemala City,PM10 - Principal,2023-10-07 04:00 PM,2023,10,07,16,4.0,4,Good,5.0,UG/M3,1 Hr,Valid
Guatemala City,PM10 - Principal,2023-10-07 05:00 PM,2023,10,07,17,3.0,3,Good,3.0,UG/M3,1 Hr,Valid
Guatemala City,PM10 - Principal,2023-10-07 06:00 PM,2023,10,07,18,2.0,2,Good,2.0,UG/M3,1 Hr,Valid
Guatemala City,PM10 - Principal,2023-10-07 07:00 PM,2023,10,07,19,3.0,3,Good,4.0,UG/M3,1 Hr,Valid
Guatemala City,PM10 - Principal,2023-10-07 08:00 PM,2023,10,07,20,3.0,3,Good,3.0,UG/M3,1 Hr,Valid
Guatemala City,PM10 - Principal,2023-10-07 09:00 PM,2023,10,07,21,2.0,2,Good,1.0,UG/M3,1 Hr,Valid
Guatemala City,PM10 - Principal,2023-10-07 10:00 PM,2023,10,07,22,1.0,1,Good,1.0,UG/M3,1 Hr,Valid
Guatemala City,PM10 - Principal,2023-10-07 11:00 PM,2023,10,07,23,2.0,2,Good,4.0,UG/M3,1 Hr,Valid
Guatemala City,PM10 - Principal,2023-10-08 12:00 AM,2023,10,08,00,3.0,3,Good,4.0,UG/M3,1 Hr,Valid
Guatemala City,PM10 - Principal,2023-10-08 01:00 AM,2023,10,08,01,4.0,4,Good,5.0,UG/M3,1 Hr,Valid
Guatemala City,PM10 - Principal,2023-10-08 02:00 AM,2023,10,08,02,4.0,4,Good,4.0,UG/M3,1 Hr,Valid
Guatemala City,PM10 - Principal,2023-10-08 03:00 AM,2023,10,08,03,3.0,3,Good,3.0,UG/M3,1 Hr,Valid
Guatemala City,PM10 - Principal,2023-10-08 04:00 AM,2023,10,08,04,2.0,2,Good,2.0,UG/M3,1 Hr,Valid
Guatemala City,PM10 - Principal,2023-10-08 05:00 AM,2023,10,08,05,2.0,2,Good,3.0,UG/M3,1 Hr,Valid
Guatemala City,PM10 - Principal,2023-10-08 06:00 AM,2023,10,08,06,3.0,3,Good,4.0,UG/M3,1 Hr,Valid
Guatemala City,PM10 - Principal,2023-10-08 07:00 AM,2023,10,08,07,2.0,2,Good,2.0,UG/M3,1 Hr,Valid
Guatemala City,PM10 - Principal,2023-10-08 08:00 AM,2023,10,08,08,3.0,3,Good,5.0,UG/M3,1 Hr,Valid
Guatemala City,PM10 - Principal,2023-10-08 09:00 AM,2023,10,08,09,4.0,4,Good,6.0,UG/M3,1 Hr,Valid
Guatemala City,PM10 - Principal,2023-10-08 10:00 AM,2023,10,08,10,4.0,4,Good,5.0,UG/M3,1 Hr,Valid
Guatemala City,PM10 - Principal,2023-10-08 11:00 AM,2023,10,08,11,4.0,4,Good,4.0,UG/M3,1 Hr,Valid
Guatemala City,PM10 - Principal,2023-10-08 12:00 PM,2023,10,08,12,3.0,3,Good,2.0,UG/M3,1 Hr,Valid
Guatemala City,PM10 - Principal,2023-10-08 01:00 PM,2023,10,08,13,2.0,2,Good,1.0,UG/M3,1 Hr,Valid
Guatemala City,PM10 - Principal,2023-10-08 02:00 PM,2023,10,08,14,1.0,1,Good,1.0,UG/M3,1 Hr,Valid
Guatemala City,PM10 - Principal,2023-10-08 03:00 PM,2023,10,08,15,1.0,1,Good,2.0,UG/M3,1 Hr,Valid
Guatemala City,PM10 - Principal,2023-10-08 04:00 PM,2023,10,08,16,2.0,2,Good,3.0,UG/M3,1 Hr,Valid
Guatemala City,PM10 - Principal,2023-10-08 05:00 PM,2023,10,08,17,2.0,2,Good,3.0,UG/M3,1 Hr,Valid
Guatemala City,PM10 - Principal,2023-10-08 06:00 PM,2023,10,08,18,1.0,1,Good,1.0,UG/M3,1 Hr,Valid
Guatemala City,PM10 - Principal,2023-10-08 07:00 PM,2023,10,08,19,1.0,1,Good,1.0,UG/M3,1 Hr,Valid
Guatemala City,PM10 - Principal,2023-10-08 08:00 PM,2023,10,08,20,1.0,1,Good,1.0,UG/M3,1 Hr,Valid
Guatemala City,PM10 - Principal,2023-10-08 09:00 PM,2023,10,08,21,2.0,2,Good,3.0,UG/M3,1 Hr,Valid
Guatemala City,PM10 - Principal,2023-10-08 10:00 PM,2023,10,08,22,2.0,2,Good,3.0,UG/M3,1 Hr,Valid
Guatemala City,PM10 - Principal,2023-10-08 11:00 PM,2023,10,08,23,2.0,2,Good,3.0,UG/M3,1 Hr,Valid
Guatemala City,PM10 - Principal,2023-10-09 12:00 AM,2023,10,09,00,4.0,4,Good,6.0,UG/M3,1 Hr,Valid
Guatemala City,PM10 - Principal,2023-10-09 01:00 AM,2023,10,09,01,5.0,5,Good,6.0,UG/M3,1 Hr,Valid
Guatemala City,PM10 - Principal,2023-10-09 02:00 AM,2023,10,09,02,4.0,4,Good,3.0,UG/M3,1 Hr,Valid
Guatemala City,PM10 - Principal,2023-10-09 03:00 AM,2023,10,09,03,3.0,3,Good,2.0,UG/M3,1 Hr,Valid
Guatemala City,PM10 - Principal,2023-10-09 04:00 AM,2023,10,09,04,2.0,2,Good,1.0,UG/M3,1 Hr,Valid
Guatemala City,PM10 - Principal,2023-10-09 05:00 AM,2023,10,09,05,2.0,2,Good,3.0,UG/M3,1 Hr,Valid
Guatemala City,PM10 - Principal,2023-10-09 06:00 AM,2023,10,09,06,1.0,1,Good,0.0,UG/M3,1 Hr,Valid
Guatemala City,PM10 - Principal,2023-10-09 07:00 AM,2023,10,09,07,0.0,0,Good,-2.0,UG/M3,1 Hr,Valid
Guatemala City,PM10 - Principal,2023-10-09 08:00 AM,2023,10,09,08,0.0,0,Good,1.0,UG/M3,1 Hr,Valid
Guatemala City,PM10 - Principal,2023-10-09 09:00 AM,2023,10,09,09,1.0,1,Good,3.0,UG/M3,1 Hr,Valid
Guatemala City,PM10 - Principal,2023-10-09 10:00 AM,2023,10,09,10,2.0,2,Good,3.0,UG/M3,1 Hr,Valid
Guatemala City,PM10 - Principal,2023-10-09 11:00 AM,2023,10,09,11,2.0,2,Good,2.0,UG/M3,1 Hr,Valid
Guatemala City,PM10 - Principal,2023-10-09 12:00 PM,2023,10,09,12,1.0,1,Good,1.0,UG/M3,1 Hr,Valid
Guatemala City,PM10 - Principal,2023-10-09 01:00 PM,2023,10,09,13,1.0,1,Good,2.0,UG/M3,1 Hr,Valid
Guatemala City,PM10 - Principal,2023-10-09 02:00 PM,2023,10,09,14,2.0,2,Good,4.0,UG/M3,1 Hr,Valid
Guatemala City,PM10 - Principal,2023-10-09 03:00 PM,2023,10,09,15,2.0,2,Good,2.0,UG/M3,1 Hr,Valid
Guatemala City,PM10 - Principal,2023-10-09 04:00 PM,2023,10,09,16,1.0,1,Good,0.0,UG/M3,1 Hr,Valid
Guatemala City,PM10 - Principal,2023-10-09 05:00 PM,2023,10,09,17,1.0,1,Good,2.0,UG/M3,1 Hr,Valid
Guatemala City,PM10 - Principal,2023-10-09 06:00 PM,2023,10,09,18,2.0,2,Good,3.0,UG/M3,1 Hr,Valid
Guatemala City,PM10 - Principal,2023-10-09 07:00 PM,2023,10,09,19,2.0,2,Good,2.0,UG/M3,1 Hr,Valid
Guatemala City,PM10 - Principal,2023-10-09 08:00 PM,2023,10,09,20,4.0,4,Good,6.0,UG/M3,1 Hr,Valid
Guatemala City,PM10 - Principal,2023-10-09 09:00 PM,2023,10,09,21,4.0,4,Good,5.0,UG/M3,1 Hr,Valid
Guatemala City,PM10 - Principal,2023-10-09 10:00 PM,2023,10,09,22,2.0,2,Good,0.0,UG/M3,1 Hr,Valid
Guatemala City,PM10 - Principal,2023-10-09 11:00 PM,2023,10,09,23,2.0,2,Good,2.0,UG/M3,1 Hr,Valid
Guatemala City,PM10 - Principal,2023-10-10 12:00 AM,2023,10,10,00,3.0,3,Good,4.0,UG/M3,1 Hr,Valid
Guatemala City,PM10 - Principal,2023-10-10 01:00 AM,2023,10,10,01,3.0,3,Good,3.0,UG/M3,1 Hr,Valid
Guatemala City,PM10 - Principal,2023-10-10 02:00 AM,2023,10,10,02,4.0,4,Good,6.0,UG/M3,1 Hr,Valid
Guatemala City,PM10 - Principal,2023-10-10 03:00 AM,2023,10,10,03,5.0,5,Good,7.0,UG/M3,1 Hr,Valid
Guatemala City,PM10 - Principal,2023-10-10 04:00 AM,2023,10,10,04,5.0,5,Good,6.0,UG/M3,1 Hr,Valid
Guatemala City,PM10 - Principal,2023-10-10 05:00 AM,2023,10,10,05,4.0,4,Good,4.0,UG/M3,1 Hr,Valid
Guatemala City,PM10 - Principal,2023-10-10 06:00 AM,2023,10,10,06,3.0,3,Good,3.0,UG/M3,1 Hr,Valid
Guatemala City,PM10 - Principal,2023-10-10 07:00 AM,2023,10,10,07,3.0,3,Good,3.0,UG/M3,1 Hr,Valid
Guatemala City,PM10 - Principal,2023-10-10 08:00 AM,2023,10,10,08,4.0,4,Good,6.0,UG/M3,1 Hr,Valid
Guatemala City,PM10 - Principal,2023-10-10 09:00 AM,2023,10,10,09,4.0,4,Good,4.0,UG/M3,1 Hr,Valid
Guatemala City,PM10 - Principal,2023-10-10 10:00 AM,2023,10,10,10,2.0,2,Good,1.0,UG/M3,1 Hr,Valid
Guatemala City,PM10 - Principal,2023-10-10 11:00 AM,2023,10,10,11,3.0,3,Good,4.0,UG/M3,1 Hr,Valid
Guatemala City,PM10 - Principal,2023-10-10 12:00 PM,2023,10,10,12,4.0,4,Good,5.0,UG/M3,1 Hr,Valid
Guatemala City,PM10 - Principal,2023-10-10 01:00 PM,2023,10,10,13,3.0,3,Good,3.0,UG/M3,1 Hr,Valid
Guatemala City,PM10 - Principal,2023-10-10 02:00 PM,2023,10,10,14,2.0,2,Good,2.0,UG/M3,1 Hr,Valid
Guatemala City,PM10 - Principal,2023-10-10 03:00 PM,2023,10,10,15,2.0,2,Good,2.0,UG/M3,1 Hr,Valid
Guatemala City,PM10 - Principal,2023-10-10 04:00 PM,2023,10,10,16,2.0,2,Good,2.0,UG/M3,1 Hr,Valid
Guatemala City,PM10 - Principal,2023-10-10 05:00 PM,2023,10,10,17,2.0,2,Good,3.0,UG/M3,1 Hr,Valid
Guatemala City,PM10 - Principal,2023-10-10 06:00 PM,2023,10,10,18,4.0,4,Good,6.0,UG/M3,1 Hr,Valid
Guatemala City,PM10 - Principal,2023-10-10 07:00 PM,2023,10,10,19,4.0,4,Good,-999.0,UG/M3,1 Hr,Missing
Guatemala City,PM10 - Principal,2023-10-11 09:00 AM,2023,10,11,09,-999.0,-999,N/A,2.0,UG/M3,1 Hr,Valid
Guatemala City,PM10 - Principal,2023-10-11 10:00 AM,2023,10,11,10,2.0,2,Good,2.0,UG/M3,1 Hr,Valid
Guatemala City,PM10 - Principal,2023-10-11 11:00 AM,2023,10,11,11,2.0,2,Good,2.0,UG/M3,1 Hr,Valid
Guatemala City,PM10 - Principal,2023-10-11 12:00 PM,2023,10,11,12,0.0,0,Good,-2.0,UG/M3,1 Hr,Valid
Guatemala City,PM10 - Principal,2023-10-11 01:00 PM,2023,10,11,13,0.0,0,Good,-1.0,UG/M3,1 Hr,Valid
Guatemala City,PM10 - Principal,2023-10-11 02:00 PM,2023,10,11,14,1.0,1,Good,3.0,UG/M3,1 Hr,Valid
Guatemala City,PM10 - Principal,2023-10-11 03:00 PM,2023,10,11,15,1.0,1,Good,2.0,UG/M3,1 Hr,Valid
Guatemala City,PM10 - Principal,2023-10-11 04:00 PM,2023,10,11,16,2.0,2,Good,3.0,UG/M3,1 Hr,Valid
Guatemala City,PM10 - Principal,2023-10-11 05:00 PM,2023,10,11,17,2.0,2,Good,2.0,UG/M3,1 Hr,Valid
Guatemala City,PM10 - Principal,2023-10-11 06:00 PM,2023,10,11,18,1.0,1,Good,1.0,UG/M3,1 Hr,Valid
Guatemala City,PM10 - Principal,2023-10-11 07:00 PM,2023,10,11,19,2.0,2,Good,4.0,UG/M3,1 Hr,Valid
Guatemala City,PM10 - Principal,2023-10-11 08:00 PM,2023,10,11,20,4.0,4,Good,6.0,UG/M3,1 Hr,Valid
Guatemala City,PM10 - Principal,2023-10-11 09:00 PM,2023,10,11,21,3.0,3,Good,2.0,UG/M3,1 Hr,Valid
Guatemala City,PM10 - Principal,2023-10-11 10:00 PM,2023,10,11,22,2.0,2,Good,2.0,UG/M3,1 Hr,Valid
Guatemala City,PM10 - Principal,2023-10-11 11:00 PM,2023,10,11,23,3.0,3,Good,4.0,UG/M3,1 Hr,Valid
Guatemala City,PM10 - Principal,2023-10-12 12:00 AM,2023,10,12,00,3.0,3,Good,3.0,UG/M3,1 Hr,Valid
Guatemala City,PM10 - Principal,2023-10-12 01:00 AM,2023,10,12,01,5.0,5,Good,7.0,UG/M3,1 Hr,Valid
Guatemala City,PM10 - Principal,2023-10-12 02:00 AM,2023,10,12,02,5.0,5,Good,6.0,UG/M3,1 Hr,Valid
Guatemala City,PM10 - Principal,2023-10-12 03:00 AM,2023,10,12,03,5.0,5,Good,5.0,UG/M3,1 Hr,Valid
Guatemala City,PM10 - Principal,2023-10-12 04:00 AM,2023,10,12,04,4.0,4,Good,3.0,UG/M3,1 Hr,Valid
Guatemala City,PM10 - Principal,2023-10-12 05:00 AM,2023,10,12,05,3.0,3,Good,2.0,UG/M3,1 Hr,Valid
Guatemala City,PM10 - Principal,2023-10-12 06:00 AM,2023,10,12,06,2.0,2,Good,2.0,UG/M3,1 Hr,Valid
Guatemala City,PM10 - Principal,2023-10-12 07:00 AM,2023,10,12,07,3.0,3,Good,5.0,UG/M3,1 Hr,Valid
Guatemala City,PM10 - Principal,2023-10-12 08:00 AM,2023,10,12,08,3.0,3,Good,3.0,UG/M3,1 Hr,Valid
Guatemala City,PM10 - Principal,2023-10-12 09:00 AM,2023,10,12,09,1.0,1,Good,0.0,UG/M3,1 Hr,Valid
Guatemala City,PM10 - Principal,2023-10-12 10:00 AM,2023,10,12,10,1.0,1,Good,1.0,UG/M3,1 Hr,Valid
Guatemala City,PM10 - Principal,2023-10-12 11:00 AM,2023,10,12,11,1.0,1,Good,2.0,UG/M3,1 Hr,Valid
Guatemala City,PM10 - Principal,2023-10-12 12:00 PM,2023,10,12,12,1.0,1,Good,1.0,UG/M3,1 Hr,Valid
Guatemala City,PM10 - Principal,2023-10-12 01:00 PM,2023,10,12,13,0.0,0,Good,0.0,UG/M3,1 Hr,Valid
Guatemala City,PM10 - Principal,2023-10-12 02:00 PM,2023,10,12,14,1.0,1,Good,2.0,UG/M3,1 Hr,Valid
Guatemala City,PM10 - Principal,2023-10-12 03:00 PM,2023,10,12,15,1.0,1,Good,1.0,UG/M3,1 Hr,Valid
Guatemala City,PM10 - Principal,2023-10-12 04:00 PM,2023,10,12,16,2.0,2,Good,4.0,UG/M3,1 Hr,Valid
Guatemala City,PM10 - Principal,2023-10-12 05:00 PM,2023,10,12,17,2.0,2,Good,2.0,UG/M3,1 Hr,Valid
Guatemala City,PM10 - Principal,2023-10-12 06:00 PM,2023,10,12,18,2.0,2,Good,3.0,UG/M3,1 Hr,Valid
Guatemala City,PM10 - Principal,2023-10-12 07:00 PM,2023,10,12,19,6.0,6,Good,10.0,UG/M3,1 Hr,Valid
Guatemala City,PM10 - Principal,2023-10-12 08:00 PM,2023,10,12,20,6.0,6,Good,6.0,UG/M3,1 Hr,Valid
Guatemala City,PM10 - Principal,2023-10-12 09:00 PM,2023,10,12,21,4.0,4,Good,3.0,UG/M3,1 Hr,Valid
Guatemala City,PM10 - Principal,2023-10-12 10:00 PM,2023,10,12,22,5.0,5,Good,6.0,UG/M3,1 Hr,Valid
Guatemala City,PM10 - Principal,2023-10-12 11:00 PM,2023,10,12,23,4.0,4,Good,4.0,UG/M3,1 Hr,Valid
Guatemala City,PM10 - Principal,2023-10-13 12:00 AM,2023,10,13,00,2.0,2,Good,1.0,UG/M3,1 Hr,Valid
Guatemala City,PM10 - Principal,2023-10-13 01:00 AM,2023,10,13,01,2.0,2,Good,2.0,UG/M3,1 Hr,Valid
Guatemala City,PM10 - Principal,2023-10-13 02:00 AM,2023,10,13,02,2.0,2,Good,2.0,UG/M3,1 Hr,Valid
Guatemala City,PM10 - Principal,2023-10-13 03:00 AM,2023,10,13,03,1.0,1,Good,1.0,UG/M3,1 Hr,Valid
Guatemala City,PM10 - Principal,2023-10-13 04:00 AM,2023,10,13,04,4.0,4,Good,7.0,UG/M3,1 Hr,Valid
Guatemala City,PM10 - Principal,2023-10-13 05:00 AM,2023,10,13,05,5.0,5,Good,7.0,UG/M3,1 Hr,Valid
Guatemala City,PM10 - Principal,2023-10-13 06:00 AM,2023,10,13,06,4.0,4,Good,4.0,UG/M3,1 Hr,Valid
Guatemala City,PM10 - Principal,2023-10-13 07:00 AM,2023,10,13,07,3.0,3,Good,3.0,UG/M3,1 Hr,Valid
Guatemala City,PM10 - Principal,2023-10-13 08:00 AM,2023,10,13,08,3.0,3,Good,3.0,UG/M3,1 Hr,Valid
Guatemala City,PM10 - Principal,2023-10-13 09:00 AM,2023,10,13,09,3.0,3,Good,4.0,UG/M3,1 Hr,Valid
Guatemala City,PM10 - Principal,2023-10-13 10:00 AM,2023,10,13,10,4.0,4,Good,5.0,UG/M3,1 Hr,Valid
Guatemala City,PM10 - Principal,2023-10-13 11:00 AM,2023,10,13,11,3.0,3,Good,3.0,UG/M3,1 Hr,Valid
Guatemala City,PM10 - Principal,2023-10-13 12:00 PM,2023,10,13,12,1.0,1,Good,0.0,UG/M3,1 Hr,Valid
Guatemala City,PM10 - Principal,2023-10-13 01:00 PM,2023,10,13,13,0.0,0,Good,0.0,UG/M3,1 Hr,Valid
Guatemala City,PM10 - Principal,2023-10-13 02:00 PM,2023,10,13,14,0.0,0,Good,0.0,UG/M3,1 Hr,Valid
Guatemala City,PM10 - Principal,2023-10-13 03:00 PM,2023,10,13,15,0.0,0,Good,0.0,UG/M3,1 Hr,Valid
Guatemala City,PM10 - Principal,2023-10-13 04:00 PM,2023,10,13,16,0.0,0,Good,1.0,UG/M3,1 Hr,Valid
Guatemala City,PM10 - Principal,2023-10-13 05:00 PM,2023,10,13,17,2.0,2,Good,4.0,UG/M3,1 Hr,Valid
Guatemala City,PM10 - Principal,2023-10-13 06:00 PM,2023,10,13,18,4.0,4,Good,6.0,UG/M3,1 Hr,Valid
Guatemala City,PM10 - Principal,2023-10-13 07:00 PM,2023,10,13,19,4.0,4,Good,4.0,UG/M3,1 Hr,Valid
Guatemala City,PM10 - Principal,2023-10-13 08:00 PM,2023,10,13,20,3.0,3,Good,2.0,UG/M3,1 Hr,Valid
Guatemala City,PM10 - Principal,2023-10-13 09:00 PM,2023,10,13,21,2.0,2,Good,2.0,UG/M3,1 Hr,Valid
Guatemala City,PM10 - Principal,2023-10-13 10:00 PM,2023,10,13,22,1.0,1,Good,0.0,UG/M3,1 Hr,Valid
Guatemala City,PM10 - Principal,2023-10-13 11:00 PM,2023,10,13,23,2.0,2,Good,3.0,UG/M3,1 Hr,Valid
Guatemala City,PM10 - Principal,2023-10-14 12:00 AM,2023,10,14,00,3.0,3,Good,4.0,UG/M3,1 Hr,Valid
Guatemala City,PM10 - Principal,2023-10-14 01:00 AM,2023,10,14,01,2.0,2,Good,2.0,UG/M3,1 Hr,Valid
Guatemala City,PM10 - Principal,2023-10-14 02:00 AM,2023,10,14,02,2.0,2,Good,2.0,UG/M3,1 Hr,Valid
Guatemala City,PM10 - Principal,2023-10-14 03:00 AM,2023,10,14,03,2.0,2,Good,2.0,UG/M3,1 Hr,Valid
Guatemala City,PM10 - Principal,2023-10-14 04:00 AM,2023,10,14,04,2.0,2,Good,2.0,UG/M3,1 Hr,Valid
Guatemala City,PM10 - Principal,2023-10-14 05:00 AM,2023,10,14,05,3.0,3,Good,4.0,UG/M3,1 Hr,Valid
Guatemala City,PM10 - Principal,2023-10-14 06:00 AM,2023,10,14,06,4.0,4,Good,6.0,UG/M3,1 Hr,Valid
Guatemala City,PM10 - Principal,2023-10-14 07:00 AM,2023,10,14,07,5.0,5,Good,6.0,UG/M3,1 Hr,Valid
Guatemala City,PM10 - Principal,2023-10-14 08:00 AM,2023,10,14,08,5.0,5,Good,6.0,UG/M3,1 Hr,Valid
Guatemala City,PM10 - Principal,2023-10-14 09:00 AM,2023,10,14,09,5.0,5,Good,5.0,UG/M3,1 Hr,Valid
Guatemala City,PM10 - Principal,2023-10-14 10:00 AM,2023,10,14,10,4.0,4,Good,3.0,UG/M3,1 Hr,Valid
Guatemala City,PM10 - Principal,2023-10-14 11:00 AM,2023,10,14,11,4.0,4,Good,5.0,UG/M3,1 Hr,Valid
Guatemala City,PM10 - Principal,2023-10-14 12:00 PM,2023,10,14,12,4.0,4,Good,5.0,UG/M3,1 Hr,Valid
Guatemala City,PM10 - Principal,2023-10-14 01:00 PM,2023,10,14,13,3.0,3,Good,2.0,UG/M3,1 Hr,Valid
Guatemala City,PM10 - Principal,2023-10-14 02:00 PM,2023,10,14,14,2.0,2,Good,2.0,UG/M3,1 Hr,Valid
Guatemala City,PM10 - Principal,2023-10-14 03:00 PM,2023,10,14,15,2.0,2,Good,2.0,UG/M3,1 Hr,Valid
Guatemala City,PM10 - Principal,2023-10-14 04:00 PM,2023,10,14,16,2.0,2,Good,2.0,UG/M3,1 Hr,Valid
Guatemala City,PM10 - Principal,2023-10-14 05:00 PM,2023,10,14,17,3.0,3,Good,5.0,UG/M3,1 Hr,Valid
Guatemala City,PM10 - Principal,2023-10-14 06:00 PM,2023,10,14,18,3.0,3,Good,4.0,UG/M3,1 Hr,Valid
Guatemala City,PM10 - Principal,2023-10-14 07:00 PM,2023,10,14,19,4.0,4,Good,6.0,UG/M3,1 Hr,Valid
Guatemala City,PM10 - Principal,2023-10-14 08:00 PM,2023,10,14,20,4.0,4,Good,5.0,UG/M3,1 Hr,Valid
Guatemala City,PM10 - Principal,2023-10-14 09:00 PM,2023,10,14,21,5.0,5,Good,6.0,UG/M3,1 Hr,Valid
Guatemala City,PM10 - Principal,2023-10-14 10:00 PM,2023,10,14,22,4.0,4,Good,4.0,UG/M3,1 Hr,Valid
Guatemala City,PM10 - Principal,2023-10-14 11:00 PM,2023,10,14,23,4.0,4,Good,4.0,UG/M3,1 Hr,Valid
Guatemala City,PM10 - Principal,2023-10-15 12:00 AM,2023,10,15,00,3.0,3,Good,3.0,UG/M3,1 Hr,Valid
Guatemala City,PM10 - Principal,2023-10-15 01:00 AM,2023,10,15,01,2.0,2,Good,1.0,UG/M3,1 Hr,Valid
Guatemala City,PM10 - Principal,2023-10-15 02:00 AM,2023,10,15,02,1.0,1,Good,1.0,UG/M3,1 Hr,Valid
Guatemala City,PM10 - Principal,2023-10-15 03:00 AM,2023,10,15,03,2.0,2,Good,3.0,UG/M3,1 Hr,Valid
Guatemala City,PM10 - Principal,2023-10-15 04:00 AM,2023,10,15,04,1.0,1,Good,1.0,UG/M3,1 Hr,Valid
Guatemala City,PM10 - Principal,2023-10-15 05:00 AM,2023,10,15,05,0.0,0,Good,-3.0,UG/M3,1 Hr,Valid
Guatemala City,PM10 - Principal,2023-10-15 06:00 AM,2023,10,15,06,0.0,0,Good,-2.0,UG/M3,1 Hr,Valid
Guatemala City,PM10 - Principal,2023-10-15 07:00 AM,2023,10,15,07,0.0,0,Good,3.0,UG/M3,1 Hr,Valid
Guatemala City,PM10 - Principal,2023-10-15 08:00 AM,2023,10,15,08,3.0,3,Good,6.0,UG/M3,1 Hr,Valid
Guatemala City,PM10 - Principal,2023-10-15 09:00 AM,2023,10,15,09,2.0,2,Good,2.0,UG/M3,1 Hr,Valid
Guatemala City,PM10 - Principal,2023-10-15 10:00 AM,2023,10,15,10,1.0,1,Good,1.0,UG/M3,1 Hr,Valid
Guatemala City,PM10 - Principal,2023-10-15 11:00 AM,2023,10,15,11,2.0,2,Good,3.0,UG/M3,1 Hr,Valid
Guatemala City,PM10 - Principal,2023-10-15 12:00 PM,2023,10,15,12,2.0,2,Good,2.0,UG/M3,1 Hr,Valid
Guatemala City,PM10 - Principal,2023-10-15 01:00 PM,2023,10,15,13,1.0,1,Good,0.0,UG/M3,1 Hr,Valid
Guatemala City,PM10 - Principal,2023-10-15 02:00 PM,2023,10,15,14,2.0,2,Good,4.0,UG/M3,1 Hr,Valid
Guatemala City,PM10 - Principal,2023-10-15 03:00 PM,2023,10,15,15,2.0,2,Good,3.0,UG/M3,1 Hr,Valid
Guatemala City,PM10 - Principal,2023-10-15 04:00 PM,2023,10,15,16,1.0,1,Good,1.0,UG/M3,1 Hr,Valid
Guatemala City,PM10 - Principal,2023-10-15 05:00 PM,2023,10,15,17,2.0,2,Good,3.0,UG/M3,1 Hr,Valid
Guatemala City,PM10 - Principal,2023-10-15 06:00 PM,2023,10,15,18,3.0,3,Good,4.0,UG/M3,1 Hr,Valid
Guatemala City,PM10 - Principal,2023-10-15 07:00 PM,2023,10,15,19,2.0,2,Good,1.0,UG/M3,1 Hr,Valid
Guatemala City,PM10 - Principal,2023-10-15 08:00 PM,2023,10,15,20,1.0,1,Good,1.0,UG/M3,1 Hr,Valid
Guatemala City,PM10 - Principal,2023-10-15 09:00 PM,2023,10,15,21,2.0,2,Good,3.0,UG/M3,1 Hr,Valid
Guatemala City,PM10 - Principal,2023-10-15 10:00 PM,2023,10,15,22,2.0,2,Good,2.0,UG/M3,1 Hr,Valid
Guatemala City,PM10 - Principal,2023-10-15 11:00 PM,2023,10,15,23,3.0,3,Good,5.0,UG/M3,1 Hr,Valid
Guatemala City,PM10 - Principal,2023-10-16 12:00 AM,2023,10,16,00,3.0,3,Good,4.0,UG/M3,1 Hr,Valid
Guatemala City,PM10 - Principal,2023-10-16 01:00 AM,2023,10,16,01,6.0,6,Good,9.0,UG/M3,1 Hr,Valid
Guatemala City,PM10 - Principal,2023-10-16 02:00 AM,2023,10,16,02,6.0,6,Good,6.0,UG/M3,1 Hr,Valid
Guatemala City,PM10 - Principal,2023-10-16 03:00 AM,2023,10,16,03,4.0,4,Good,3.0,UG/M3,1 Hr,Valid
Guatemala City,PM10 - Principal,2023-10-16 04:00 AM,2023,10,16,04,2.0,2,Good,1.0,UG/M3,1 Hr,Valid
Guatemala City,PM10 - Principal,2023-10-16 05:00 AM,2023,10,16,05,1.0,1,Good,0.0,UG/M3,1 Hr,Valid
Guatemala City,PM10 - Principal,2023-10-16 06:00 AM,2023,10,16,06,1.0,1,Good,1.0,UG/M3,1 Hr,Valid
Guatemala City,PM10 - Principal,2023-10-16 07:00 AM,2023,10,16,07,2.0,2,Good,4.0,UG/M3,1 Hr,Valid
Guatemala City,PM10 - Principal,2023-10-16 08:00 AM,2023,10,16,08,3.0,3,Good,4.0,UG/M3,1 Hr,Valid
Guatemala City,PM10 - Principal,2023-10-16 09:00 AM,2023,10,16,09,2.0,2,Good,2.0,UG/M3,1 Hr,Valid
Guatemala City,PM10 - Principal,2023-10-16 10:00 AM,2023,10,16,10,3.0,3,Good,4.0,UG/M3,1 Hr,Valid
Guatemala City,PM10 - Principal,2023-10-16 11:00 AM,2023,10,16,11,3.0,3,Good,4.0,UG/M3,1 Hr,Valid
Guatemala City,PM10 - Principal,2023-10-16 12:00 PM,2023,10,16,12,2.0,2,Good,1.0,UG/M3,1 Hr,Valid
Guatemala City,PM10 - Principal,2023-10-16 01:00 PM,2023,10,16,13,1.0,1,Good,1.0,UG/M3,1 Hr,Valid
Guatemala City,PM10 - Principal,2023-10-16 02:00 PM,2023,10,16,14,1.0,1,Good,2.0,UG/M3,1 Hr,Valid
Guatemala City,PM10 - Principal,2023-10-16 03:00 PM,2023,10,16,15,3.0,3,Good,5.0,UG/M3,1 Hr,Valid
Guatemala City,PM10 - Principal,2023-10-16 04:00 PM,2023,10,16,16,5.0,5,Good,7.0,UG/M3,1 Hr,Valid
Guatemala City,PM10 - Principal,2023-10-16 05:00 PM,2023,10,16,17,6.0,6,Good,8.0,UG/M3,1 Hr,Valid
Guatemala City,PM10 - Principal,2023-10-16 06:00 PM,2023,10,16,18,6.0,6,Good,6.0,UG/M3,1 Hr,Valid
Guatemala City,PM10 - Principal,2023-10-16 07:00 PM,2023,10,16,19,5.0,5,Good,4.0,UG/M3,1 Hr,Valid
Guatemala City,PM10 - Principal,2023-10-16 08:00 PM,2023,10,16,20,4.0,4,Good,3.0,UG/M3,1 Hr,Valid
Guatemala City,PM10 - Principal,2023-10-16 09:00 PM,2023,10,16,21,4.0,4,Good,4.0,UG/M3,1 Hr,Valid
Guatemala City,PM10 - Principal,2023-10-16 10:00 PM,2023,10,16,22,3.0,3,Good,3.0,UG/M3,1 Hr,Valid
Guatemala City,PM10 - Principal,2023-10-16 11:00 PM,2023,10,16,23,0.0,0,Good,-2.0,UG/M3,1 Hr,Valid
Guatemala City,PM10 - Principal,2023-10-17 12:00 AM,2023,10,17,00,0.0,0,Good,-3.0,UG/M3,1 Hr,Valid
Guatemala City,PM10 - Principal,2023-10-17 01:00 AM,2023,10,17,01,0.0,0,Good,3.0,UG/M3,1 Hr,Valid
Guatemala City,PM10 - Principal,2023-10-17 02:00 AM,2023,10,17,02,1.0,1,Good,2.0,UG/M3,1 Hr,Valid
Guatemala City,PM10 - Principal,2023-10-17 03:00 AM,2023,10,17,03,2.0,2,Good,4.0,UG/M3,1 Hr,Valid
Guatemala City,PM10 - Principal,2023-10-17 04:00 AM,2023,10,17,04,4.0,4,Good,6.0,UG/M3,1 Hr,Valid
Guatemala City,PM10 - Principal,2023-10-17 05:00 AM,2023,10,17,05,4.0,4,Good,5.0,UG/M3,1 Hr,Valid
Guatemala City,PM10 - Principal,2023-10-17 06:00 AM,2023,10,17,06,3.0,3,Good,2.0,UG/M3,1 Hr,Valid
Guatemala City,PM10 - Principal,2023-10-17 07:00 AM,2023,10,17,07,2.0,2,Good,2.0,UG/M3,1 Hr,Valid
Guatemala City,PM10 - Principal,2023-10-17 08:00 AM,2023,10,17,08,3.0,3,Good,4.0,UG/M3,1 Hr,Valid
Guatemala City,PM10 - Principal,2023-10-17 09:00 AM,2023,10,17,09,4.0,4,Good,5.0,UG/M3,1 Hr,Valid
Guatemala City,PM10 - Principal,2023-10-17 10:00 AM,2023,10,17,10,4.0,4,Good,5.0,UG/M3,1 Hr,Valid
Guatemala City,PM10 - Principal,2023-10-17 11:00 AM,2023,10,17,11,3.0,3,Good,3.0,UG/M3,1 Hr,Valid
Guatemala City,PM10 - Principal,2023-10-17 12:00 PM,2023,10,17,12,3.0,3,Good,3.0,UG/M3,1 Hr,Valid
Guatemala City,PM10 - Principal,2023-10-17 01:00 PM,2023,10,17,13,2.0,2,Good,1.0,UG/M3,1 Hr,Valid
Guatemala City,PM10 - Principal,2023-10-17 02:00 PM,2023,10,17,14,1.0,1,Good,0.0,UG/M3,1 Hr,Valid
Guatemala City,PM10 - Principal,2023-10-17 03:00 PM,2023,10,17,15,1.0,1,Good,1.0,UG/M3,1 Hr,Valid
Guatemala City,PM10 - Principal,2023-10-17 04:00 PM,2023,10,17,16,2.0,2,Good,3.0,UG/M3,1 Hr,Valid
Guatemala City,PM10 - Principal,2023-10-17 05:00 PM,2023,10,17,17,3.0,3,Good,4.0,UG/M3,1 Hr,Valid
Guatemala City,PM10 - Principal,2023-10-17 06:00 PM,2023,10,17,18,3.0,3,Good,3.0,UG/M3,1 Hr,Valid
Guatemala City,PM10 - Principal,2023-10-17 07:00 PM,2023,10,17,19,3.0,3,Good,3.0,UG/M3,1 Hr,Valid
Guatemala City,PM10 - Principal,2023-10-17 08:00 PM,2023,10,17,20,5.0,5,Good,7.0,UG/M3,1 Hr,Valid
Guatemala City,PM10 - Principal,2023-10-17 09:00 PM,2023,10,17,21,5.0,5,Good,6.0,UG/M3,1 Hr,Valid
Guatemala City,PM10 - Principal,2023-10-17 10:00 PM,2023,10,17,22,7.0,6,Good,9.0,UG/M3,1 Hr,Valid
Guatemala City,PM10 - Principal,2023-10-17 11:00 PM,2023,10,17,23,6.0,6,Good,6.0,UG/M3,1 Hr,Valid
Guatemala City,PM10 - Principal,2023-10-18 12:00 AM,2023,10,18,00,4.0,4,Good,3.0,UG/M3,1 Hr,Valid
Guatemala City,PM10 - Principal,2023-10-18 01:00 AM,2023,10,18,01,6.0,6,Good,8.0,UG/M3,1 Hr,Valid
Guatemala City,PM10 - Principal,2023-10-18 02:00 AM,2023,10,18,02,6.0,6,Good,6.0,UG/M3,1 Hr,Valid
Guatemala City,PM10 - Principal,2023-10-18 03:00 AM,2023,10,18,03,4.0,4,Good,3.0,UG/M3,1 Hr,Valid
Guatemala City,PM10 - Principal,2023-10-18 04:00 AM,2023,10,18,04,4.0,4,Good,4.0,UG/M3,1 Hr,Valid
Guatemala City,PM10 - Principal,2023-10-18 05:00 AM,2023,10,18,05,4.0,4,Good,4.0,UG/M3,1 Hr,Valid
Guatemala City,PM10 - Principal,2023-10-18 06:00 AM,2023,10,18,06,4.0,4,Good,4.0,UG/M3,1 Hr,Valid
Guatemala City,PM10 - Principal,2023-10-18 07:00 AM,2023,10,18,07,4.0,4,Good,5.0,UG/M3,1 Hr,Valid
Guatemala City,PM10 - Principal,2023-10-18 08:00 AM,2023,10,18,08,4.0,4,Good,4.0,UG/M3,1 Hr,Valid
Guatemala City,PM10 - Principal,2023-10-18 09:00 AM,2023,10,18,09,2.0,2,Good,1.0,UG/M3,1 Hr,Valid
Guatemala City,PM10 - Principal,2023-10-18 10:00 AM,2023,10,18,10,1.0,1,Good,0.0,UG/M3,1 Hr,Valid
Guatemala City,PM10 - Principal,2023-10-18 11:00 AM,2023,10,18,11,1.0,1,Good,1.0,UG/M3,1 Hr,Valid
Guatemala City,PM10 - Principal,2023-10-18 12:00 PM,2023,10,18,12,1.0,1,Good,2.0,UG/M3,1 Hr,Valid
Guatemala City,PM10 - Principal,2023-10-18 01:00 PM,2023,10,18,13,1.0,1,Good,2.0,UG/M3,1 Hr,Valid
Guatemala City,PM10 - Principal,2023-10-18 02:00 PM,2023,10,18,14,1.0,1,Good,2.0,UG/M3,1 Hr,Valid
Guatemala City,PM10 - Principal,2023-10-18 03:00 PM,2023,10,18,15,2.0,2,Good,4.0,UG/M3,1 Hr,Valid
Guatemala City,PM10 - Principal,2023-10-18 04:00 PM,2023,10,18,16,3.0,3,Good,4.0,UG/M3,1 Hr,Valid
Guatemala City,PM10 - Principal,2023-10-18 05:00 PM,2023,10,18,17,5.0,5,Good,8.0,UG/M3,1 Hr,Valid
Guatemala City,PM10 - Principal,2023-10-18 06:00 PM,2023,10,18,18,4.0,4,Good,3.0,UG/M3,1 Hr,Valid
Guatemala City,PM10 - Principal,2023-10-18 07:00 PM,2023,10,18,19,4.0,4,Good,5.0,UG/M3,1 Hr,Valid
Guatemala City,PM10 - Principal,2023-10-18 08:00 PM,2023,10,18,20,5.0,5,Good,6.0,UG/M3,1 Hr,Valid
Guatemala City,PM10 - Principal,2023-10-18 09:00 PM,2023,10,18,21,4.0,4,Good,3.0,UG/M3,1 Hr,Valid
Guatemala City,PM10 - Principal,2023-10-18 10:00 PM,2023,10,18,22,3.0,3,Good,3.0,UG/M3,1 Hr,Valid
Guatemala City,PM10 - Principal,2023-10-18 11:00 PM,2023,10,18,23,4.0,4,Good,5.0,UG/M3,1 Hr,Valid
Guatemala City,PM10 - Principal,2023-10-19 12:00 AM,2023,10,19,00,3.0,3,Good,3.0,UG/M3,1 Hr,Valid
Guatemala City,PM10 - Principal,2023-10-19 01:00 AM,2023,10,19,01,3.0,3,Good,4.0,UG/M3,1 Hr,Valid
Guatemala City,PM10 - Principal,2023-10-19 02:00 AM,2023,10,19,02,3.0,3,Good,4.0,UG/M3,1 Hr,Valid
Guatemala City,PM10 - Principal,2023-10-19 03:00 AM,2023,10,19,03,2.0,2,Good,1.0,UG/M3,1 Hr,Valid
Guatemala City,PM10 - Principal,2023-10-19 04:00 AM,2023,10,19,04,1.0,1,Good,0.0,UG/M3,1 Hr,Valid
Guatemala City,PM10 - Principal,2023-10-19 05:00 AM,2023,10,19,05,0.0,0,Good,0.0,UG/M3,1 Hr,Valid
Guatemala City,PM10 - Principal,2023-10-19 06:00 AM,2023,10,19,06,0.0,0,Good,-4.0,UG/M3,1 Hr,Valid
Guatemala City,PM10 - Principal,2023-10-19 07:00 AM,2023,10,19,07,0.0,0,Good,1.0,UG/M3,1 Hr,Valid
Guatemala City,PM10 - Principal,2023-10-19 08:00 AM,2023,10,19,08,1.0,1,Good,3.0,UG/M3,1 Hr,Valid
Guatemala City,PM10 - Principal,2023-10-19 09:00 AM,2023,10,19,09,1.0,1,Good,1.0,UG/M3,1 Hr,Valid
Guatemala City,PM10 - Principal,2023-10-19 10:00 AM,2023,10,19,10,3.0,3,Good,5.0,UG/M3,1 Hr,Valid
Guatemala City,PM10 - Principal,2023-10-19 11:00 AM,2023,10,19,11,2.0,2,Good,2.0,UG/M3,1 Hr,Valid
Guatemala City,PM10 - Principal,2023-10-19 12:00 PM,2023,10,19,12,0.0,0,Good,-1.0,UG/M3,1 Hr,Valid
Guatemala City,PM10 - Principal,2023-10-19 01:00 PM,2023,10,19,13,0.0,0,Good,1.0,UG/M3,1 Hr,Valid
Guatemala City,PM10 - Principal,2023-10-19 02:00 PM,2023,10,19,14,3.0,3,Good,7.0,UG/M3,1 Hr,Valid
Guatemala City,PM10 - Principal,2023-10-19 03:00 PM,2023,10,19,15,3.0,3,Good,4.0,UG/M3,1 Hr,Valid
Guatemala City,PM10 - Principal,2023-10-19 04:00 PM,2023,10,19,16,2.0,2,Good,1.0,UG/M3,1 Hr,Valid
Guatemala City,PM10 - Principal,2023-10-19 05:00 PM,2023,10,19,17,1.0,1,Good,1.0,UG/M3,1 Hr,Valid
Guatemala City,PM10 - Principal,2023-10-19 06:00 PM,2023,10,19,18,2.0,2,Good,4.0,UG/M3,1 Hr,Valid
Guatemala City,PM10 - Principal,2023-10-19 07:00 PM,2023,10,19,19,2.0,2,Good,3.0,UG/M3,1 Hr,Valid
Guatemala City,PM10 - Principal,2023-10-19 08:00 PM,2023,10,19,20,2.0,2,Good,2.0,UG/M3,1 Hr,Valid
Guatemala City,PM10 - Principal,2023-10-19 09:00 PM,2023,10,19,21,3.0,3,Good,4.0,UG/M3,1 Hr,Valid
Guatemala City,PM10 - Principal,2023-10-19 10:00 PM,2023,10,19,22,3.0,3,Good,4.0,UG/M3,1 Hr,Valid
Guatemala City,PM10 - Principal,2023-10-19 11:00 PM,2023,10,19,23,4.0,4,Good,6.0,UG/M3,1 Hr,Valid
Guatemala City,PM10 - Principal,2023-10-20 12:00 AM,2023,10,20,00,5.0,5,Good,6.0,UG/M3,1 Hr,Valid
Guatemala City,PM10 - Principal,2023-10-20 01:00 AM,2023,10,20,01,6.0,6,Good,8.0,UG/M3,1 Hr,Valid
Guatemala City,PM10 - Principal,2023-10-20 02:00 AM,2023,10,20,02,6.0,6,Good,6.0,UG/M3,1 Hr,Valid
Guatemala City,PM10 - Principal,2023-10-20 03:00 AM,2023,10,20,03,4.0,4,Good,3.0,UG/M3,1 Hr,Valid
Guatemala City,PM10 - Principal,2023-10-20 04:00 AM,2023,10,20,04,3.0,3,Good,2.0,UG/M3,1 Hr,Valid
Guatemala City,PM10 - Principal,2023-10-20 05:00 AM,2023,10,20,05,2.0,2,Good,2.0,UG/M3,1 Hr,Valid
Guatemala City,PM10 - Principal,2023-10-20 06:00 AM,2023,10,20,06,1.0,1,Good,1.0,UG/M3,1 Hr,Valid
Guatemala City,PM10 - Principal,2023-10-20 07:00 AM,2023,10,20,07,1.0,1,Good,2.0,UG/M3,1 Hr,Valid
Guatemala City,PM10 - Principal,2023-10-20 08:00 AM,2023,10,20,08,2.0,2,Good,3.0,UG/M3,1 Hr,Valid
Guatemala City,PM10 - Principal,2023-10-20 09:00 AM,2023,10,20,09,2.0,2,Good,2.0,UG/M3,1 Hr,Valid
Guatemala City,PM10 - Principal,2023-10-20 10:00 AM,2023,10,20,10,1.0,1,Good,0.0,UG/M3,1 Hr,Valid
Guatemala City,PM10 - Principal,2023-10-20 11:00 AM,2023,10,20,11,0.0,0,Good,-3.0,UG/M3,1 Hr,Valid
Guatemala City,PM10 - Principal,2023-10-20 12:00 PM,2023,10,20,12,0.0,0,Good,2.0,UG/M3,1 Hr,Valid
Guatemala City,PM10 - Principal,2023-10-20 01:00 PM,2023,10,20,13,1.0,1,Good,3.0,UG/M3,1 Hr,Valid
Guatemala City,PM10 - Principal,2023-10-20 02:00 PM,2023,10,20,14,1.0,1,Good,2.0,UG/M3,1 Hr,Valid
Guatemala City,PM10 - Principal,2023-10-20 03:00 PM,2023,10,20,15,1.0,1,Good,2.0,UG/M3,1 Hr,Valid
Guatemala City,PM10 - Principal,2023-10-20 04:00 PM,2023,10,20,16,1.0,1,Good,2.0,UG/M3,1 Hr,Valid
Guatemala City,PM10 - Principal,2023-10-20 05:00 PM,2023,10,20,17,1.0,1,Good,1.0,UG/M3,1 Hr,Valid
Guatemala City,PM10 - Principal,2023-10-20 06:00 PM,2023,10,20,18,1.0,1,Good,1.0,UG/M3,1 Hr,Valid
Guatemala City,PM10 - Principal,2023-10-20 07:00 PM,2023,10,20,19,3.0,3,Good,5.0,UG/M3,1 Hr,Valid
Guatemala City,PM10 - Principal,2023-10-20 08:00 PM,2023,10,20,20,4.0,4,Good,6.0,UG/M3,1 Hr,Valid
Guatemala City,PM10 - Principal,2023-10-20 09:00 PM,2023,10,20,21,5.0,5,Good,6.0,UG/M3,1 Hr,Valid
Guatemala City,PM10 - Principal,2023-10-20 10:00 PM,2023,10,20,22,4.0,4,Good,4.0,UG/M3,1 Hr,Valid
Guatemala City,PM10 - Principal,2023-10-20 11:00 PM,2023,10,20,23,4.0,4,Good,4.0,UG/M3,1 Hr,Valid
Guatemala City,PM10 - Principal,2023-10-21 12:00 AM,2023,10,21,00,3.0,3,Good,3.0,UG/M3,1 Hr,Valid
Guatemala City,PM10 - Principal,2023-10-21 01:00 AM,2023,10,21,01,3.0,3,Good,4.0,UG/M3,1 Hr,Valid
Guatemala City,PM10 - Principal,2023-10-21 02:00 AM,2023,10,21,02,4.0,4,Good,5.0,UG/M3,1 Hr,Valid
Guatemala City,PM10 - Principal,2023-10-21 03:00 AM,2023,10,21,03,4.0,4,Good,4.0,UG/M3,1 Hr,Valid
Guatemala City,PM10 - Principal,2023-10-21 04:00 AM,2023,10,21,04,4.0,4,Good,5.0,UG/M3,1 Hr,Valid
Guatemala City,PM10 - Principal,2023-10-21 05:00 AM,2023,10,21,05,4.0,4,Good,4.0,UG/M3,1 Hr,Valid
Guatemala City,PM10 - Principal,2023-10-21 06:00 AM,2023,10,21,06,3.0,3,Good,3.0,UG/M3,1 Hr,Valid
Guatemala City,PM10 - Principal,2023-10-21 07:00 AM,2023,10,21,07,4.0,4,Good,6.0,UG/M3,1 Hr,Valid
Guatemala City,PM10 - Principal,2023-10-21 08:00 AM,2023,10,21,08,5.0,5,Good,7.0,UG/M3,1 Hr,Valid
Guatemala City,PM10 - Principal,2023-10-21 09:00 AM,2023,10,21,09,5.0,5,Good,6.0,UG/M3,1 Hr,Valid
Guatemala City,PM10 - Principal,2023-10-21 10:00 AM,2023,10,21,10,4.0,4,Good,4.0,UG/M3,1 Hr,Valid
Guatemala City,PM10 - Principal,2023-10-21 11:00 AM,2023,10,21,11,3.0,3,Good,2.0,UG/M3,1 Hr,Valid
Guatemala City,PM10 - Principal,2023-10-21 12:00 PM,2023,10,21,12,3.0,3,Good,4.0,UG/M3,1 Hr,Valid
Guatemala City,PM10 - Principal,2023-10-21 01:00 PM,2023,10,21,13,3.0,3,Good,4.0,UG/M3,1 Hr,Valid
Guatemala City,PM10 - Principal,2023-10-21 02:00 PM,2023,10,21,14,3.0,3,Good,3.0,UG/M3,1 Hr,Valid
Guatemala City,PM10 - Principal,2023-10-21 03:00 PM,2023,10,21,15,2.0,2,Good,1.0,UG/M3,1 Hr,Valid
Guatemala City,PM10 - Principal,2023-10-21 04:00 PM,2023,10,21,16,1.0,1,Good,1.0,UG/M3,1 Hr,Valid
Guatemala City,PM10 - Principal,2023-10-21 05:00 PM,2023,10,21,17,3.0,3,Good,5.0,UG/M3,1 Hr,Valid
Guatemala City,PM10 - Principal,2023-10-21 06:00 PM,2023,10,21,18,5.0,5,Good,7.0,UG/M3,1 Hr,Valid
Guatemala City,PM10 - Principal,2023-10-21 07:00 PM,2023,10,21,19,4.0,4,Good,4.0,UG/M3,1 Hr,Valid
Guatemala City,PM10 - Principal,2023-10-21 08:00 PM,2023,10,21,20,4.0,4,Good,4.0,UG/M3,1 Hr,Valid
Guatemala City,PM10 - Principal,2023-10-21 09:00 PM,2023,10,21,21,3.0,3,Good,3.0,UG/M3,1 Hr,Valid
Guatemala City,PM10 - Principal,2023-10-21 10:00 PM,2023,10,21,22,1.0,1,Good,0.0,UG/M3,1 Hr,Valid
Guatemala City,PM10 - Principal,2023-10-21 11:00 PM,2023,10,21,23,2.0,2,Good,4.0,UG/M3,1 Hr,Valid
Guatemala City,PM10 - Principal,2023-10-22 12:00 AM,2023,10,22,00,3.0,3,Good,4.0,UG/M3,1 Hr,Valid
Guatemala City,PM10 - Principal,2023-10-22 01:00 AM,2023,10,22,01,5.0,5,Good,8.0,UG/M3,1 Hr,Valid
Guatemala City,PM10 - Principal,2023-10-22 02:00 AM,2023,10,22,02,5.0,5,Good,5.0,UG/M3,1 Hr,Valid
Guatemala City,PM10 - Principal,2023-10-22 03:00 AM,2023,10,22,03,4.0,4,Good,4.0,UG/M3,1 Hr,Valid
Guatemala City,PM10 - Principal,2023-10-22 04:00 AM,2023,10,22,04,3.0,3,Good,3.0,UG/M3,1 Hr,Valid
Guatemala City,PM10 - Principal,2023-10-22 05:00 AM,2023,10,22,05,3.0,3,Good,3.0,UG/M3,1 Hr,Valid
Guatemala City,PM10 - Principal,2023-10-22 06:00 AM,2023,10,22,06,4.0,4,Good,5.0,UG/M3,1 Hr,Valid
Guatemala City,PM10 - Principal,2023-10-22 07:00 AM,2023,10,22,07,4.0,4,Good,4.0,UG/M3,1 Hr,Valid
Guatemala City,PM10 - Principal,2023-10-22 08:00 AM,2023,10,22,08,6.0,6,Good,8.0,UG/M3,1 Hr,Valid
Guatemala City,PM10 - Principal,2023-10-22 09:00 AM,2023,10,22,09,6.0,6,Good,6.0,UG/M3,1 Hr,Valid
Guatemala City,PM10 - Principal,2023-10-22 10:00 AM,2023,10,22,10,5.0,5,Good,5.0,UG/M3,1 Hr,Valid
Guatemala City,PM10 - Principal,2023-10-22 11:00 AM,2023,10,22,11,4.0,4,Good,4.0,UG/M3,1 Hr,Valid
Guatemala City,PM10 - Principal,2023-10-22 12:00 PM,2023,10,22,12,3.0,3,Good,2.0,UG/M3,1 Hr,Valid
Guatemala City,PM10 - Principal,2023-10-22 01:00 PM,2023,10,22,13,1.0,1,Good,0.0,UG/M3,1 Hr,Valid
Guatemala City,PM10 - Principal,2023-10-22 02:00 PM,2023,10,22,14,0.0,0,Good,-1.0,UG/M3,1 Hr,Valid
Guatemala City,PM10 - Principal,2023-10-22 03:00 PM,2023,10,22,15,0.0,0,Good,0.0,UG/M3,1 Hr,Valid
Guatemala City,PM10 - Principal,2023-10-22 04:00 PM,2023,10,22,16,0.0,0,Good,1.0,UG/M3,1 Hr,Valid
Guatemala City,PM10 - Principal,2023-10-22 05:00 PM,2023,10,22,17,0.0,0,Good,1.0,UG/M3,1 Hr,Valid
Guatemala City,PM10 - Principal,2023-10-22 06:00 PM,2023,10,22,18,1.0,1,Good,2.0,UG/M3,1 Hr,Valid
Guatemala City,PM10 - Principal,2023-10-22 07:00 PM,2023,10,22,19,2.0,2,Good,3.0,UG/M3,1 Hr,Valid
Guatemala City,PM10 - Principal,2023-10-22 08:00 PM,2023,10,22,20,3.0,3,Good,4.0,UG/M3,1 Hr,Valid
Guatemala City,PM10 - Principal,2023-10-22 09:00 PM,2023,10,22,21,3.0,3,Good,3.0,UG/M3,1 Hr,Valid
Guatemala City,PM10 - Principal,2023-10-22 10:00 PM,2023,10,22,22,5.0,5,Good,7.0,UG/M3,1 Hr,Valid
Guatemala City,PM10 - Principal,2023-10-22 11:00 PM,2023,10,22,23,4.0,4,Good,4.0,UG/M3,1 Hr,Valid
Guatemala City,PM10 - Principal,2023-10-23 12:00 AM,2023,10,23,00,3.0,3,Good,3.0,UG/M3,1 Hr,Valid
Guatemala City,PM10 - Principal,2023-10-23 01:00 AM,2023,10,23,01,3.0,3,Good,4.0,UG/M3,1 Hr,Valid
Guatemala City,PM10 - Principal,2023-10-23 02:00 AM,2023,10,23,02,4.0,4,Good,5.0,UG/M3,1 Hr,Valid
Guatemala City,PM10 - Principal,2023-10-23 03:00 AM,2023,10,23,03,4.0,4,Good,4.0,UG/M3,1 Hr,Valid
Guatemala City,PM10 - Principal,2023-10-23 04:00 AM,2023,10,23,04,4.0,4,Good,4.0,UG/M3,1 Hr,Valid
Guatemala City,PM10 - Principal,2023-10-23 05:00 AM,2023,10,23,05,4.0,4,Good,5.0,UG/M3,1 Hr,Valid
Guatemala City,PM10 - Principal,2023-10-23 06:00 AM,2023,10,23,06,4.0,4,Good,5.0,UG/M3,1 Hr,Valid
Guatemala City,PM10 - Principal,2023-10-23 07:00 AM,2023,10,23,07,3.0,3,Good,2.0,UG/M3,1 Hr,Valid
Guatemala City,PM10 - Principal,2023-10-23 08:00 AM,2023,10,23,08,2.0,2,Good,1.0,UG/M3,1 Hr,Valid
Guatemala City,PM10 - Principal,2023-10-23 09:00 AM,2023,10,23,09,2.0,2,Good,3.0,UG/M3,1 Hr,Valid
Guatemala City,PM10 - Principal,2023-10-23 10:00 AM,2023,10,23,10,3.0,3,Good,5.0,UG/M3,1 Hr,Valid
Guatemala City,PM10 - Principal,2023-10-23 11:00 AM,2023,10,23,11,2.0,2,Good,2.0,UG/M3,1 Hr,Valid
Guatemala City,PM10 - Principal,2023-10-23 12:00 PM,2023,10,23,12,1.0,1,Good,0.0,UG/M3,1 Hr,Valid
Guatemala City,PM10 - Principal,2023-10-23 01:00 PM,2023,10,23,13,1.0,1,Good,2.0,UG/M3,1 Hr,Valid
Guatemala City,PM10 - Principal,2023-10-23 02:00 PM,2023,10,23,14,0.0,0,Good,0.0,UG/M3,1 Hr,Valid
Guatemala City,PM10 - Principal,2023-10-23 03:00 PM,2023,10,23,15,0.0,0,Good,0.0,UG/M3,1 Hr,Valid
Guatemala City,PM10 - Principal,2023-10-23 04:00 PM,2023,10,23,16,1.0,1,Good,2.0,UG/M3,1 Hr,Valid
Guatemala City,PM10 - Principal,2023-10-23 05:00 PM,2023,10,23,17,2.0,2,Good,4.0,UG/M3,1 Hr,Valid
Guatemala City,PM10 - Principal,2023-10-23 06:00 PM,2023,10,23,18,3.0,3,Good,5.0,UG/M3,1 Hr,Valid
Guatemala City,PM10 - Principal,2023-10-23 07:00 PM,2023,10,23,19,3.0,3,Good,4.0,UG/M3,1 Hr,Valid
Guatemala City,PM10 - Principal,2023-10-23 08:00 PM,2023,10,23,20,3.0,3,Good,3.0,UG/M3,1 Hr,Valid
Guatemala City,PM10 - Principal,2023-10-23 09:00 PM,2023,10,23,21,3.0,3,Good,4.0,UG/M3,1 Hr,Valid
Guatemala City,PM10 - Principal,2023-10-23 10:00 PM,2023,10,23,22,3.0,3,Good,4.0,UG/M3,1 Hr,Valid
Guatemala City,PM10 - Principal,2023-10-23 11:00 PM,2023,10,23,23,2.0,2,Good,1.0,UG/M3,1 Hr,Valid
Guatemala City,PM10 - Principal,2023-10-24 12:00 AM,2023,10,24,00,3.0,3,Good,4.0,UG/M3,1 Hr,Valid
Guatemala City,PM10 - Principal,2023-10-24 01:00 AM,2023,10,24,01,9.0,8,Good,16.0,UG/M3,1 Hr,Valid
Guatemala City,PM10 - Principal,2023-10-24 02:00 AM,2023,10,24,02,6.0,6,Good,4.0,UG/M3,1 Hr,Valid
Guatemala City,PM10 - Principal,2023-10-24 03:00 AM,2023,10,24,03,4.0,4,Good,3.0,UG/M3,1 Hr,Valid
Guatemala City,PM10 - Principal,2023-10-24 04:00 AM,2023,10,24,04,3.0,3,Good,2.0,UG/M3,1 Hr,Valid
Guatemala City,PM10 - Principal,2023-10-24 05:00 AM,2023,10,24,05,2.0,2,Good,2.0,UG/M3,1 Hr,Valid
Guatemala City,PM10 - Principal,2023-10-24 06:00 AM,2023,10,24,06,4.0,4,Good,6.0,UG/M3,1 Hr,Valid
Guatemala City,PM10 - Principal,2023-10-24 07:00 AM,2023,10,24,07,4.0,4,Good,4.0,UG/M3,1 Hr,Valid
Guatemala City,PM10 - Principal,2023-10-24 08:00 AM,2023,10,24,08,4.0,4,Good,5.0,UG/M3,1 Hr,Valid
Guatemala City,PM10 - Principal,2023-10-24 09:00 AM,2023,10,24,09,3.0,3,Good,3.0,UG/M3,1 Hr,Valid
Guatemala City,PM10 - Principal,2023-10-24 10:00 AM,2023,10,24,10,3.0,3,Good,3.0,UG/M3,1 Hr,Valid
Guatemala City,PM10 - Principal,2023-10-24 11:00 AM,2023,10,24,11,3.0,3,Good,-999.0,UG/M3,1 Hr,Missing
Guatemala City,PM10 - Principal,2023-10-24 12:00 PM,2023,10,24,12,2.0,2,Good,2.0,UG/M3,1 Hr,Valid
Guatemala City,PM10 - Principal,2023-10-24 01:00 PM,2023,10,24,13,1.0,1,Good,0.0,UG/M3,1 Hr,Valid
Guatemala City,PM10 - Principal,2023-10-24 02:00 PM,2023,10,24,14,0.0,0,Good,0.0,UG/M3,1 Hr,Valid
Guatemala City,PM10 - Principal,2023-10-24 03:00 PM,2023,10,24,15,0.0,0,Good,1.0,UG/M3,1 Hr,Valid
Guatemala City,PM10 - Principal,2023-10-24 04:00 PM,2023,10,24,16,0.0,0,Good,0.0,UG/M3,1 Hr,Valid
Guatemala City,PM10 - Principal,2023-10-24 05:00 PM,2023,10,24,17,0.0,0,Good,1.0,UG/M3,1 Hr,Valid
Guatemala City,PM10 - Principal,2023-10-24 06:00 PM,2023,10,24,18,2.0,2,Good,5.0,UG/M3,1 Hr,Valid
Guatemala City,PM10 - Principal,2023-10-24 07:00 PM,2023,10,24,19,3.0,3,Good,5.0,UG/M3,1 Hr,Valid
Guatemala City,PM10 - Principal,2023-10-24 08:00 PM,2023,10,24,20,2.0,2,Good,2.0,UG/M3,1 Hr,Valid
Guatemala City,PM10 - Principal,2023-10-24 09:00 PM,2023,10,24,21,3.0,3,Good,5.0,UG/M3,1 Hr,Valid
Guatemala City,PM10 - Principal,2023-10-24 10:00 PM,2023,10,24,22,4.0,4,Good,6.0,UG/M3,1 Hr,Valid
Guatemala City,PM10 - Principal,2023-10-24 11:00 PM,2023,10,24,23,4.0,4,Good,4.0,UG/M3,1 Hr,Valid
Guatemala City,PM10 - Principal,2023-10-25 12:00 AM,2023,10,25,00,3.0,3,Good,2.0,UG/M3,1 Hr,Valid
Guatemala City,PM10 - Principal,2023-10-25 01:00 AM,2023,10,25,01,1.0,1,Good,-1.0,UG/M3,1 Hr,Valid
Guatemala City,PM10 - Principal,2023-10-25 02:00 AM,2023,10,25,02,0.0,0,Good,-4.0,UG/M3,1 Hr,Valid
Guatemala City,PM10 - Principal,2023-10-25 03:00 AM,2023,10,25,03,0.0,0,Good,2.0,UG/M3,1 Hr,Valid
Guatemala City,PM10 - Principal,2023-10-25 04:00 AM,2023,10,25,04,2.0,2,Good,4.0,UG/M3,1 Hr,Valid
Guatemala City,PM10 - Principal,2023-10-25 05:00 AM,2023,10,25,05,3.0,3,Good,4.0,UG/M3,1 Hr,Valid
Guatemala City,PM10 - Principal,2023-10-25 06:00 AM,2023,10,25,06,3.0,3,Good,4.0,UG/M3,1 Hr,Valid
Guatemala City,PM10 - Principal,2023-10-25 07:00 AM,2023,10,25,07,3.0,3,Good,4.0,UG/M3,1 Hr,Valid
Guatemala City,PM10 - Principal,2023-10-25 08:00 AM,2023,10,25,08,1.0,1,Good,-1.0,UG/M3,1 Hr,Valid
Guatemala City,PM10 - Principal,2023-10-25 09:00 AM,2023,10,25,09,0.0,0,Good,-2.0,UG/M3,1 Hr,Valid
Guatemala City,PM10 - Principal,2023-10-25 10:00 AM,2023,10,25,10,0.0,0,Good,1.0,UG/M3,1 Hr,Valid
Guatemala City,PM10 - Principal,2023-10-25 11:00 AM,2023,10,25,11,1.0,1,Good,2.0,UG/M3,1 Hr,Valid
Guatemala City,PM10 - Principal,2023-10-25 12:00 PM,2023,10,25,12,2.0,2,Good,4.0,UG/M3,1 Hr,Valid
Guatemala City,PM10 - Principal,2023-10-25 01:00 PM,2023,10,25,13,3.0,3,Good,4.0,UG/M3,1 Hr,Valid
Guatemala City,PM10 - Principal,2023-10-25 02:00 PM,2023,10,25,14,3.0,3,Good,3.0,UG/M3,1 Hr,Valid
Guatemala City,PM10 - Principal,2023-10-25 03:00 PM,2023,10,25,15,1.0,1,Good,0.0,UG/M3,1 Hr,Valid
Guatemala City,PM10 - Principal,2023-10-25 04:00 PM,2023,10,25,16,0.0,0,Good,-1.0,UG/M3,1 Hr,Valid
Guatemala City,PM10 - Principal,2023-10-25 05:00 PM,2023,10,25,17,0.0,0,Good,-1.0,UG/M3,1 Hr,Valid
Guatemala City,PM10 - Principal,2023-10-25 06:00 PM,2023,10,25,18,0.0,0,Good,0.0,UG/M3,1 Hr,Valid
Guatemala City,PM10 - Principal,2023-10-25 07:00 PM,2023,10,25,19,0.0,0,Good,-1.0,UG/M3,1 Hr,Valid
Guatemala City,PM10 - Principal,2023-10-25 08:00 PM,2023,10,25,20,0.0,0,Good,0.0,UG/M3,1 Hr,Valid
Guatemala City,PM10 - Principal,2023-10-25 09:00 PM,2023,10,25,21,0.0,0,Good,0.0,UG/M3,1 Hr,Valid
Guatemala City,PM10 - Principal,2023-10-25 10:00 PM,2023,10,25,22,0.0,0,Good,-2.0,UG/M3,1 Hr,Valid
Guatemala City,PM10 - Principal,2023-10-25 11:00 PM,2023,10,25,23,0.0,0,Good,2.0,UG/M3,1 Hr,Valid
Guatemala City,PM10 - Principal,2023-10-26 12:00 AM,2023,10,26,00,2.0,2,Good,4.0,UG/M3,1 Hr,Valid
Guatemala City,PM10 - Principal,2023-10-26 01:00 AM,2023,10,26,01,3.0,3,Good,5.0,UG/M3,1 Hr,Valid
Guatemala City,PM10 - Principal,2023-10-26 02:00 AM,2023,10,26,02,4.0,4,Good,6.0,UG/M3,1 Hr,Valid
Guatemala City,PM10 - Principal,2023-10-26 03:00 AM,2023,10,26,03,4.0,4,Good,5.0,UG/M3,1 Hr,Valid
Guatemala City,PM10 - Principal,2023-10-26 04:00 AM,2023,10,26,04,2.0,2,Good,0.0,UG/M3,1 Hr,Valid
Guatemala City,PM10 - Principal,2023-10-26 05:00 AM,2023,10,26,05,0.0,0,Good,-2.0,UG/M3,1 Hr,Valid
Guatemala City,PM10 - Principal,2023-10-26 06:00 AM,2023,10,26,06,1.0,1,Good,2.0,UG/M3,1 Hr,Valid
Guatemala City,PM10 - Principal,2023-10-26 07:00 AM,2023,10,26,07,2.0,2,Good,4.0,UG/M3,1 Hr,Valid
Guatemala City,PM10 - Principal,2023-10-26 08:00 AM,2023,10,26,08,1.0,1,Good,1.0,UG/M3,1 Hr,Valid
Guatemala City,PM10 - Principal,2023-10-26 09:00 AM,2023,10,26,09,0.0,0,Good,-1.0,UG/M3,1 Hr,Valid
Guatemala City,PM10 - Principal,2023-10-26 10:00 AM,2023,10,26,10,2.0,2,Good,4.0,UG/M3,1 Hr,Valid
Guatemala City,PM10 - Principal,2023-10-26 11:00 AM,2023,10,26,11,5.0,5,Good,8.0,UG/M3,1 Hr,Valid
Guatemala City,PM10 - Principal,2023-10-26 12:00 PM,2023,10,26,12,6.0,6,Good,7.0,UG/M3,1 Hr,Valid
Guatemala City,PM10 - Principal,2023-10-26 01:00 PM,2023,10,26,13,6.0,6,Good,6.0,UG/M3,1 Hr,Valid
Guatemala City,PM10 - Principal,2023-10-26 02:00 PM,2023,10,26,14,5.0,5,Good,4.0,UG/M3,1 Hr,Valid
Guatemala City,PM10 - Principal,2023-10-26 03:00 PM,2023,10,26,15,4.0,4,Good,4.0,UG/M3,1 Hr,Valid
Guatemala City,PM10 - Principal,2023-10-26 04:00 PM,2023,10,26,16,3.0,3,Good,3.0,UG/M3,1 Hr,Valid
Guatemala City,PM10 - Principal,2023-10-26 05:00 PM,2023,10,26,17,3.0,3,Good,3.0,UG/M3,1 Hr,Valid
Guatemala City,PM10 - Principal,2023-10-26 06:00 PM,2023,10,26,18,3.0,3,Good,4.0,UG/M3,1 Hr,Valid
Guatemala City,PM10 - Principal,2023-10-26 07:00 PM,2023,10,26,19,3.0,3,Good,4.0,UG/M3,1 Hr,Valid
Guatemala City,PM10 - Principal,2023-10-26 08:00 PM,2023,10,26,20,5.0,5,Good,8.0,UG/M3,1 Hr,Valid
Guatemala City,PM10 - Principal,2023-10-26 09:00 PM,2023,10,26,21,5.0,5,Good,6.0,UG/M3,1 Hr,Valid
Guatemala City,PM10 - Principal,2023-10-26 10:00 PM,2023,10,26,22,5.0,5,Good,5.0,UG/M3,1 Hr,Valid
Guatemala City,PM10 - Principal,2023-10-26 11:00 PM,2023,10,26,23,5.0,5,Good,5.0,UG/M3,1 Hr,Valid
Guatemala City,PM10 - Principal,2023-10-27 12:00 AM,2023,10,27,00,5.0,5,Good,6.0,UG/M3,1 Hr,Valid
Guatemala City,PM10 - Principal,2023-10-27 01:00 AM,2023,10,27,01,5.0,5,Good,5.0,UG/M3,1 Hr,Valid
Guatemala City,PM10 - Principal,2023-10-27 02:00 AM,2023,10,27,02,3.0,3,Good,2.0,UG/M3,1 Hr,Valid
Guatemala City,PM10 - Principal,2023-10-27 03:00 AM,2023,10,27,03,3.0,3,Good,3.0,UG/M3,1 Hr,Valid
Guatemala City,PM10 - Principal,2023-10-27 04:00 AM,2023,10,27,04,4.0,4,Good,6.0,UG/M3,1 Hr,Valid
Guatemala City,PM10 - Principal,2023-10-27 05:00 AM,2023,10,27,05,5.0,5,Good,6.0,UG/M3,1 Hr,Valid
Guatemala City,PM10 - Principal,2023-10-27 06:00 AM,2023,10,27,06,5.0,5,Good,6.0,UG/M3,1 Hr,Valid
Guatemala City,PM10 - Principal,2023-10-27 07:00 AM,2023,10,27,07,5.0,5,Good,5.0,UG/M3,1 Hr,Valid
Guatemala City,PM10 - Principal,2023-10-27 08:00 AM,2023,10,27,08,3.0,3,Good,2.0,UG/M3,1 Hr,Valid
Guatemala City,PM10 - Principal,2023-10-27 09:00 AM,2023,10,27,09,3.0,3,Good,4.0,UG/M3,1 Hr,Valid
Guatemala City,PM10 - Principal,2023-10-27 10:00 AM,2023,10,27,10,3.0,3,Good,3.0,UG/M3,1 Hr,Valid
Guatemala City,PM10 - Principal,2023-10-27 11:00 AM,2023,10,27,11,2.0,2,Good,1.0,UG/M3,1 Hr,Valid
Guatemala City,PM10 - Principal,2023-10-27 12:00 PM,2023,10,27,12,1.0,1,Good,0.0,UG/M3,1 Hr,Valid
Guatemala City,PM10 - Principal,2023-10-27 01:00 PM,2023,10,27,13,1.0,1,Good,1.0,UG/M3,1 Hr,Valid
Guatemala City,PM10 - Principal,2023-10-27 02:00 PM,2023,10,27,14,2.0,2,Good,4.0,UG/M3,1 Hr,Valid
Guatemala City,PM10 - Principal,2023-10-27 03:00 PM,2023,10,27,15,3.0,3,Good,4.0,UG/M3,1 Hr,Valid
Guatemala City,PM10 - Principal,2023-10-27 04:00 PM,2023,10,27,16,3.0,3,Good,3.0,UG/M3,1 Hr,Valid
Guatemala City,PM10 - Principal,2023-10-27 05:00 PM,2023,10,27,17,3.0,3,Good,3.0,UG/M3,1 Hr,Valid
Guatemala City,PM10 - Principal,2023-10-27 06:00 PM,2023,10,27,18,3.0,3,Good,3.0,UG/M3,1 Hr,Valid
Guatemala City,PM10 - Principal,2023-10-27 07:00 PM,2023,10,27,19,3.0,3,Good,3.0,UG/M3,1 Hr,Valid
Guatemala City,PM10 - Principal,2023-10-27 08:00 PM,2023,10,27,20,3.0,3,Good,3.0,UG/M3,1 Hr,Valid
Guatemala City,PM10 - Principal,2023-10-27 09:00 PM,2023,10,27,21,3.0,3,Good,3.0,UG/M3,1 Hr,Valid
Guatemala City,PM10 - Principal,2023-10-27 10:00 PM,2023,10,27,22,3.0,3,Good,4.0,UG/M3,1 Hr,Valid
Guatemala City,PM10 - Principal,2023-10-27 11:00 PM,2023,10,27,23,3.0,3,Good,3.0,UG/M3,1 Hr,Valid
Guatemala City,PM10 - Principal,2023-10-28 12:00 AM,2023,10,28,00,2.0,2,Good,2.0,UG/M3,1 Hr,Valid
Guatemala City,PM10 - Principal,2023-10-28 01:00 AM,2023,10,28,01,2.0,2,Good,3.0,UG/M3,1 Hr,Valid
Guatemala City,PM10 - Principal,2023-10-28 02:00 AM,2023,10,28,02,2.0,2,Good,2.0,UG/M3,1 Hr,Valid
Guatemala City,PM10 - Principal,2023-10-28 03:00 AM,2023,10,28,03,2.0,2,Good,3.0,UG/M3,1 Hr,Valid
Guatemala City,PM10 - Principal,2023-10-28 04:00 AM,2023,10,28,04,2.0,2,Good,3.0,UG/M3,1 Hr,Valid
Guatemala City,PM10 - Principal,2023-10-28 05:00 AM,2023,10,28,05,3.0,3,Good,5.0,UG/M3,1 Hr,Valid
Guatemala City,PM10 - Principal,2023-10-28 06:00 AM,2023,10,28,06,4.0,4,Good,5.0,UG/M3,1 Hr,Valid
Guatemala City,PM10 - Principal,2023-10-28 07:00 AM,2023,10,28,07,5.0,5,Good,6.0,UG/M3,1 Hr,Valid
Guatemala City,PM10 - Principal,2023-10-28 08:00 AM,2023,10,28,08,5.0,5,Good,5.0,UG/M3,1 Hr,Valid
Guatemala City,PM10 - Principal,2023-10-28 09:00 AM,2023,10,28,09,4.0,4,Good,3.0,UG/M3,1 Hr,Valid
Guatemala City,PM10 - Principal,2023-10-28 10:00 AM,2023,10,28,10,4.0,4,Good,4.0,UG/M3,1 Hr,Valid
Guatemala City,PM10 - Principal,2023-10-28 11:00 AM,2023,10,28,11,4.0,4,Good,4.0,UG/M3,1 Hr,Valid
Guatemala City,PM10 - Principal,2023-10-28 12:00 PM,2023,10,28,12,5.0,5,Good,7.0,UG/M3,1 Hr,Valid
Guatemala City,PM10 - Principal,2023-10-28 01:00 PM,2023,10,28,13,4.0,4,Good,4.0,UG/M3,1 Hr,Valid
Guatemala City,PM10 - Principal,2023-10-28 02:00 PM,2023,10,28,14,4.0,4,Good,5.0,UG/M3,1 Hr,Valid
Guatemala City,PM10 - Principal,2023-10-28 03:00 PM,2023,10,28,15,4.0,4,Good,5.0,UG/M3,1 Hr,Valid
Guatemala City,PM10 - Principal,2023-10-28 04:00 PM,2023,10,28,16,4.0,4,Good,4.0,UG/M3,1 Hr,Valid
Guatemala City,PM10 - Principal,2023-10-28 05:00 PM,2023,10,28,17,2.0,2,Good,1.0,UG/M3,1 Hr,Valid
Guatemala City,PM10 - Principal,2023-10-28 06:00 PM,2023,10,28,18,2.0,2,Good,2.0,UG/M3,1 Hr,Valid
Guatemala City,PM10 - Principal,2023-10-28 07:00 PM,2023,10,28,19,1.0,1,Good,1.0,UG/M3,1 Hr,Valid
Guatemala City,PM10 - Principal,2023-10-28 08:00 PM,2023,10,28,20,1.0,1,Good,1.0,UG/M3,1 Hr,Valid
Guatemala City,PM10 - Principal,2023-10-28 09:00 PM,2023,10,28,21,2.0,2,Good,3.0,UG/M3,1 Hr,Valid
Guatemala City,PM10 - Principal,2023-10-28 10:00 PM,2023,10,28,22,3.0,3,Good,4.0,UG/M3,1 Hr,Valid
Guatemala City,PM10 - Principal,2023-10-28 11:00 PM,2023,10,28,23,4.0,4,Good,5.0,UG/M3,1 Hr,Valid
Guatemala City,PM10 - Principal,2023-10-29 12:00 AM,2023,10,29,00,4.0,4,Good,4.0,UG/M3,1 Hr,Valid
Guatemala City,PM10 - Principal,2023-10-29 01:00 AM,2023,10,29,01,3.0,3,Good,3.0,UG/M3,1 Hr,Valid
Guatemala City,PM10 - Principal,2023-10-29 02:00 AM,2023,10,29,02,3.0,3,Good,3.0,UG/M3,1 Hr,Valid
Guatemala City,PM10 - Principal,2023-10-29 03:00 AM,2023,10,29,03,2.0,2,Good,1.0,UG/M3,1 Hr,Valid
Guatemala City,PM10 - Principal,2023-10-29 04:00 AM,2023,10,29,04,1.0,1,Good,0.0,UG/M3,1 Hr,Valid
Guatemala City,PM10 - Principal,2023-10-29 05:00 AM,2023,10,29,05,3.0,3,Good,6.0,UG/M3,1 Hr,Valid
Guatemala City,PM10 - Principal,2023-10-29 06:00 AM,2023,10,29,06,4.0,4,Good,6.0,UG/M3,1 Hr,Valid
Guatemala City,PM10 - Principal,2023-10-29 07:00 AM,2023,10,29,07,3.0,3,Good,3.0,UG/M3,1 Hr,Valid
Guatemala City,PM10 - Principal,2023-10-29 08:00 AM,2023,10,29,08,4.0,4,Good,5.0,UG/M3,1 Hr,Valid
Guatemala City,PM10 - Principal,2023-10-29 09:00 AM,2023,10,29,09,5.0,5,Good,6.0,UG/M3,1 Hr,Valid
Guatemala City,PM10 - Principal,2023-10-29 10:00 AM,2023,10,29,10,4.0,4,Good,3.0,UG/M3,1 Hr,Valid
Guatemala City,PM10 - Principal,2023-10-29 11:00 AM,2023,10,29,11,2.0,2,Good,1.0,UG/M3,1 Hr,Valid
Guatemala City,PM10 - Principal,2023-10-29 12:00 PM,2023,10,29,12,4.0,4,Good,7.0,UG/M3,1 Hr,Valid
Guatemala City,PM10 - Principal,2023-10-29 01:00 PM,2023,10,29,13,5.0,5,Good,7.0,UG/M3,1 Hr,Valid
Guatemala City,PM10 - Principal,2023-10-29 02:00 PM,2023,10,29,14,4.0,4,Good,4.0,UG/M3,1 Hr,Valid
Guatemala City,PM10 - Principal,2023-10-29 03:00 PM,2023,10,29,15,3.0,3,Good,3.0,UG/M3,1 Hr,Valid
Guatemala City,PM10 - Principal,2023-10-29 04:00 PM,2023,10,29,16,2.0,2,Good,2.0,UG/M3,1 Hr,Valid
Guatemala City,PM10 - Principal,2023-10-29 05:00 PM,2023,10,29,17,2.0,2,Good,2.0,UG/M3,1 Hr,Valid
Guatemala City,PM10 - Principal,2023-10-29 06:00 PM,2023,10,29,18,1.0,1,Good,0.0,UG/M3,1 Hr,Valid
Guatemala City,PM10 - Principal,2023-10-29 07:00 PM,2023,10,29,19,0.0,0,Good,-1.0,UG/M3,1 Hr,Valid
Guatemala City,PM10 - Principal,2023-10-29 08:00 PM,2023,10,29,20,1.0,1,Good,2.0,UG/M3,1 Hr,Valid
Guatemala City,PM10 - Principal,2023-10-29 09:00 PM,2023,10,29,21,1.0,1,Good,1.0,UG/M3,1 Hr,Valid
Guatemala City,PM10 - Principal,2023-10-29 10:00 PM,2023,10,29,22,0.0,0,Good,0.0,UG/M3,1 Hr,Valid
Guatemala City,PM10 - Principal,2023-10-29 11:00 PM,2023,10,29,23,3.0,3,Good,6.0,UG/M3,1 Hr,Valid
Guatemala City,PM10 - Principal,2023-10-30 12:00 AM,2023,10,30,00,3.0,3,Good,4.0,UG/M3,1 Hr,Valid
Guatemala City,PM10 - Principal,2023-10-30 01:00 AM,2023,10,30,01,4.0,4,Good,5.0,UG/M3,1 Hr,Valid
Guatemala City,PM10 - Principal,2023-10-30 02:00 AM,2023,10,30,02,4.0,4,Good,5.0,UG/M3,1 Hr,Valid
Guatemala City,PM10 - Principal,2023-10-30 03:00 AM,2023,10,30,03,4.0,4,Good,5.0,UG/M3,1 Hr,Valid
Guatemala City,PM10 - Principal,2023-10-30 04:00 AM,2023,10,30,04,5.0,5,Good,6.0,UG/M3,1 Hr,Valid
Guatemala City,PM10 - Principal,2023-10-30 05:00 AM,2023,10,30,05,4.0,4,Good,4.0,UG/M3,1 Hr,Valid
Guatemala City,PM10 - Principal,2023-10-30 06:00 AM,2023,10,30,06,2.0,2,Good,0.0,UG/M3,1 Hr,Valid
Guatemala City,PM10 - Principal,2023-10-30 07:00 AM,2023,10,30,07,0.0,0,Good,-2.0,UG/M3,1 Hr,Valid
Guatemala City,PM10 - Principal,2023-10-30 08:00 AM,2023,10,30,08,3.0,3,Good,7.0,UG/M3,1 Hr,Valid
Guatemala City,PM10 - Principal,2023-10-30 09:00 AM,2023,10,30,09,4.0,4,Good,5.0,UG/M3,1 Hr,Valid
Guatemala City,PM10 - Principal,2023-10-30 10:00 AM,2023,10,30,10,4.0,4,Good,4.0,UG/M3,1 Hr,Valid
Guatemala City,PM10 - Principal,2023-10-30 11:00 AM,2023,10,30,11,5.0,5,Good,7.0,UG/M3,1 Hr,Valid
Guatemala City,PM10 - Principal,2023-10-30 12:00 PM,2023,10,30,12,5.0,5,Good,5.0,UG/M3,1 Hr,Valid
Guatemala City,PM10 - Principal,2023-10-30 01:00 PM,2023,10,30,13,4.0,4,Good,3.0,UG/M3,1 Hr,Valid
Guatemala City,PM10 - Principal,2023-10-30 02:00 PM,2023,10,30,14,2.0,2,Good,0.0,UG/M3,1 Hr,Valid
Guatemala City,PM10 - Principal,2023-10-30 03:00 PM,2023,10,30,15,1.0,1,Good,0.0,UG/M3,1 Hr,Valid
Guatemala City,PM10 - Principal,2023-10-30 04:00 PM,2023,10,30,16,2.0,2,Good,3.0,UG/M3,1 Hr,Valid
Guatemala City,PM10 - Principal,2023-10-30 05:00 PM,2023,10,30,17,1.0,1,Good,1.0,UG/M3,1 Hr,Valid
Guatemala City,PM10 - Principal,2023-10-30 06:00 PM,2023,10,30,18,0.0,0,Good,0.0,UG/M3,1 Hr,Valid
Guatemala City,PM10 - Principal,2023-10-30 07:00 PM,2023,10,30,19,1.0,1,Good,3.0,UG/M3,1 Hr,Valid
Guatemala City,PM10 - Principal,2023-10-30 08:00 PM,2023,10,30,20,3.0,3,Good,6.0,UG/M3,1 Hr,Valid
Guatemala City,PM10 - Principal,2023-10-30 09:00 PM,2023,10,30,21,3.0,3,Good,4.0,UG/M3,1 Hr,Valid
Guatemala City,PM10 - Principal,2023-10-30 10:00 PM,2023,10,30,22,3.0,3,Good,3.0,UG/M3,1 Hr,Valid
Guatemala City,PM10 - Principal,2023-10-30 11:00 PM,2023,10,30,23,4.0,4,Good,5.0,UG/M3,1 Hr,Valid
Guatemala City,PM10 - Principal,2023-10-31 12:00 AM,2023,10,31,00,4.0,4,Good,5.0,UG/M3,1 Hr,Valid
Guatemala City,PM10 - Principal,2023-10-31 01:00 AM,2023,10,31,01,4.0,4,Good,4.0,UG/M3,1 Hr,Valid
Guatemala City,PM10 - Principal,2023-10-31 02:00 AM,2023,10,31,02,4.0,4,Good,5.0,UG/M3,1 Hr,Valid
Guatemala City,PM10 - Principal,2023-10-31 03:00 AM,2023,10,31,03,4.0,4,Good,4.0,UG/M3,1 Hr,Valid
Guatemala City,PM10 - Principal,2023-10-31 04:00 AM,2023,10,31,04,5.0,5,Good,6.0,UG/M3,1 Hr,Valid
Guatemala City,PM10 - Principal,2023-10-31 05:00 AM,2023,10,31,05,6.0,6,Good,7.0,UG/M3,1 Hr,Valid
Guatemala City,PM10 - Principal,2023-10-31 06:00 AM,2023,10,31,06,5.0,5,Good,5.0,UG/M3,1 Hr,Valid
Guatemala City,PM10 - Principal,2023-10-31 07:00 AM,2023,10,31,07,4.0,4,Good,3.0,UG/M3,1 Hr,Valid
Guatemala City,PM10 - Principal,2023-10-31 08:00 AM,2023,10,31,08,5.0,5,Good,6.0,UG/M3,1 Hr,Valid
Guatemala City,PM10 - Principal,2023-10-31 09:00 AM,2023,10,31,09,5.0,5,Good,5.0,UG/M3,1 Hr,Valid
Guatemala City,PM10 - Principal,2023-10-31 10:00 AM,2023,10,31,10,3.0,3,Good,2.0,UG/M3,1 Hr,Valid
Guatemala City,PM10 - Principal,2023-10-31 11:00 AM,2023,10,31,11,3.0,3,Good,3.0,UG/M3,1 Hr,Valid
Guatemala City,PM10 - Principal,2023-10-31 12:00 PM,2023,10,31,12,2.0,2,Good,2.0,UG/M3,1 Hr,Valid
Guatemala City,PM10 - Principal,2023-10-31 01:00 PM,2023,10,31,13,3.0,3,Good,4.0,UG/M3,1 Hr,Valid
Guatemala City,PM10 - Principal,2023-10-31 02:00 PM,2023,10,31,14,5.0,5,Good,8.0,UG/M3,1 Hr,Valid
Guatemala City,PM10 - Principal,2023-10-31 03:00 PM,2023,10,31,15,5.0,5,Good,5.0,UG/M3,1 Hr,Valid
Guatemala City,PM10 - Principal,2023-10-31 04:00 PM,2023,10,31,16,5.0,5,Good,5.0,UG/M3,1 Hr,Valid
Guatemala City,PM10 - Principal,2023-10-31 05:00 PM,2023,10,31,17,5.0,5,Good,6.0,UG/M3,1 Hr,Valid
Guatemala City,PM10 - Principal,2023-10-31 06:00 PM,2023,10,31,18,7.0,6,Good,9.0,UG/M3,1 Hr,Valid
Guatemala City,PM10 - Principal,2023-10-31 07:00 PM,2023,10,31,19,6.0,6,Good,6.0,UG/M3,1 Hr,Valid
Guatemala City,PM10 - Principal,2023-10-31 08:00 PM,2023,10,31,20,4.0,4,Good,2.0,UG/M3,1 Hr,Valid
Guatemala City,PM10 - Principal,2023-10-31 09:00 PM,2023,10,31,21,1.0,1,Good,-1.0,UG/M3,1 Hr,Valid
Guatemala City,PM10 - Principal,2023-10-31 10:00 PM,2023,10,31,22,1.0,1,Good,2.0,UG/M3,1 Hr,Valid
Guatemala City,PM10 - Principal,2023-10-31 11:00 PM,2023,10,31,23,2.0,2,Good,3.0,UG/M3,1 Hr,Valid
Guatemala City,PM10 - Principal,2023-11-01 12:00 AM,2023,11,01,00,3.0,3,Good,4.0,UG/M3,1 Hr,Valid
Guatemala City,PM10 - Principal,2023-11-01 01:00 AM,2023,11,01,01,5.0,5,Good,8.0,UG/M3,1 Hr,Valid
Guatemala City,PM10 - Principal,2023-11-01 02:00 AM,2023,11,01,02,6.0,6,Good,7.0,UG/M3,1 Hr,Valid
Guatemala City,PM10 - Principal,2023-11-01 03:00 AM,2023,11,01,03,5.0,5,Good,5.0,UG/M3,1 Hr,Valid
Guatemala City,PM10 - Principal,2023-11-01 04:00 AM,2023,11,01,04,4.0,4,Good,3.0,UG/M3,1 Hr,Valid
Guatemala City,PM10 - Principal,2023-11-01 05:00 AM,2023,11,01,05,3.0,3,Good,3.0,UG/M3,1 Hr,Valid
Guatemala City,PM10 - Principal,2023-11-01 06:00 AM,2023,11,01,06,4.0,4,Good,5.0,UG/M3,1 Hr,Valid
Guatemala City,PM10 - Principal,2023-11-01 07:00 AM,2023,11,01,07,4.0,4,Good,5.0,UG/M3,1 Hr,Valid
Guatemala City,PM10 - Principal,2023-11-01 08:00 AM,2023,11,01,08,4.0,4,Good,5.0,UG/M3,1 Hr,Valid
Guatemala City,PM10 - Principal,2023-11-01 09:00 AM,2023,11,01,09,4.0,4,Good,5.0,UG/M3,1 Hr,Valid
Guatemala City,PM10 - Principal,2023-11-01 10:00 AM,2023,11,01,10,4.0,4,Good,5.0,UG/M3,1 Hr,Valid
Guatemala City,PM10 - Principal,2023-11-01 11:00 AM,2023,11,01,11,4.0,4,Good,5.0,UG/M3,1 Hr,Valid
Guatemala City,PM10 - Principal,2023-11-01 12:00 PM,2023,11,01,12,5.0,5,Good,6.0,UG/M3,1 Hr,Valid
Guatemala City,PM10 - Principal,2023-11-01 01:00 PM,2023,11,01,13,5.0,5,Good,5.0,UG/M3,1 Hr,Valid
Guatemala City,PM10 - Principal,2023-11-01 02:00 PM,2023,11,01,14,4.0,4,Good,4.0,UG/M3,1 Hr,Valid
Guatemala City,PM10 - Principal,2023-11-01 03:00 PM,2023,11,01,15,3.0,3,Good,3.0,UG/M3,1 Hr,Valid
Guatemala City,PM10 - Principal,2023-11-01 04:00 PM,2023,11,01,16,3.0,3,Good,3.0,UG/M3,1 Hr,Valid
Guatemala City,PM10 - Principal,2023-11-01 05:00 PM,2023,11,01,17,3.0,3,Good,4.0,UG/M3,1 Hr,Valid
Guatemala City,PM10 - Principal,2023-11-01 06:00 PM,2023,11,01,18,4.0,4,Good,6.0,UG/M3,1 Hr,Valid
Guatemala City,PM10 - Principal,2023-11-01 07:00 PM,2023,11,01,19,5.0,5,Good,6.0,UG/M3,1 Hr,Valid
Guatemala City,PM10 - Principal,2023-11-01 08:00 PM,2023,11,01,20,5.0,5,Good,5.0,UG/M3,1 Hr,Valid
Guatemala City,PM10 - Principal,2023-11-01 09:00 PM,2023,11,01,21,5.0,5,Good,6.0,UG/M3,1 Hr,Valid
Guatemala City,PM10 - Principal,2023-11-01 10:00 PM,2023,11,01,22,5.0,5,Good,5.0,UG/M3,1 Hr,Valid
Guatemala City,PM10 - Principal,2023-11-01 11:00 PM,2023,11,01,23,4.0,4,Good,4.0,UG/M3,1 Hr,Valid
Guatemala City,PM10 - Principal,2023-11-02 12:00 AM,2023,11,02,00,5.0,5,Good,6.0,UG/M3,1 Hr,Valid
Guatemala City,PM10 - Principal,2023-11-02 01:00 AM,2023,11,02,01,5.0,5,Good,6.0,UG/M3,1 Hr,Valid
Guatemala City,PM10 - Principal,2023-11-02 02:00 AM,2023,11,02,02,5.0,5,Good,5.0,UG/M3,1 Hr,Valid
Guatemala City,PM10 - Principal,2023-11-02 03:00 AM,2023,11,02,03,4.0,4,Good,4.0,UG/M3,1 Hr,Valid
Guatemala City,PM10 - Principal,2023-11-02 04:00 AM,2023,11,02,04,3.0,3,Good,2.0,UG/M3,1 Hr,Valid
Guatemala City,PM10 - Principal,2023-11-02 05:00 AM,2023,11,02,05,0.0,0,Good,-4.0,UG/M3,1 Hr,Valid
Guatemala City,PM10 - Principal,2023-11-02 06:00 AM,2023,11,02,06,0.0,0,Good,-4.0,UG/M3,1 Hr,Valid
Guatemala City,PM10 - Principal,2023-11-02 07:00 AM,2023,11,02,07,0.0,0,Good,3.0,UG/M3,1 Hr,Valid
Guatemala City,PM10 - Principal,2023-11-02 08:00 AM,2023,11,02,08,1.0,1,Good,3.0,UG/M3,1 Hr,Valid
Guatemala City,PM10 - Principal,2023-11-02 09:00 AM,2023,11,02,09,1.0,1,Good,2.0,UG/M3,1 Hr,Valid
Guatemala City,PM10 - Principal,2023-11-02 10:00 AM,2023,11,02,10,3.0,3,Good,6.0,UG/M3,1 Hr,Valid
Guatemala City,PM10 - Principal,2023-11-02 11:00 AM,2023,11,02,11,4.0,4,Good,5.0,UG/M3,1 Hr,Valid
Guatemala City,PM10 - Principal,2023-11-02 12:00 PM,2023,11,02,12,2.0,2,Good,0.0,UG/M3,1 Hr,Valid
Guatemala City,PM10 - Principal,2023-11-02 01:00 PM,2023,11,02,13,0.0,0,Good,-1.0,UG/M3,1 Hr,Valid
Guatemala City,PM10 - Principal,2023-11-02 02:00 PM,2023,11,02,14,0.0,0,Good,1.0,UG/M3,1 Hr,Valid
Guatemala City,PM10 - Principal,2023-11-02 03:00 PM,2023,11,02,15,2.0,2,Good,4.0,UG/M3,1 Hr,Valid
Guatemala City,PM10 - Principal,2023-11-02 04:00 PM,2023,11,02,16,3.0,3,Good,4.0,UG/M3,1 Hr,Valid
Guatemala City,PM10 - Principal,2023-11-02 05:00 PM,2023,11,02,17,5.0,5,Good,8.0,UG/M3,1 Hr,Valid
Guatemala City,PM10 - Principal,2023-11-02 06:00 PM,2023,11,02,18,6.0,6,Good,8.0,UG/M3,1 Hr,Valid
Guatemala City,PM10 - Principal,2023-11-02 07:00 PM,2023,11,02,19,6.0,6,Good,6.0,UG/M3,1 Hr,Valid
Guatemala City,PM10 - Principal,2023-11-02 08:00 PM,2023,11,02,20,6.0,6,Good,7.0,UG/M3,1 Hr,Valid
Guatemala City,PM10 - Principal,2023-11-02 09:00 PM,2023,11,02,21,5.0,5,Good,4.0,UG/M3,1 Hr,Valid
Guatemala City,PM10 - Principal,2023-11-02 10:00 PM,2023,11,02,22,5.0,5,Good,5.0,UG/M3,1 Hr,Valid
Guatemala City,PM10 - Principal,2023-11-02 11:00 PM,2023,11,02,23,4.0,4,Good,4.0,UG/M3,1 Hr,Valid
Guatemala City,PM10 - Principal,2023-11-03 12:00 AM,2023,11,03,00,4.0,4,Good,5.0,UG/M3,1 Hr,Valid
Guatemala City,PM10 - Principal,2023-11-03 01:00 AM,2023,11,03,01,6.0,6,Good,8.0,UG/M3,1 Hr,Valid
Guatemala City,PM10 - Principal,2023-11-03 02:00 AM,2023,11,03,02,6.0,6,Good,7.0,UG/M3,1 Hr,Valid
Guatemala City,PM10 - Principal,2023-11-03 03:00 AM,2023,11,03,03,4.0,4,Good,3.0,UG/M3,1 Hr,Valid
Guatemala City,PM10 - Principal,2023-11-03 04:00 AM,2023,11,03,04,4.0,4,Good,5.0,UG/M3,1 Hr,Valid
Guatemala City,PM10 - Principal,2023-11-03 05:00 AM,2023,11,03,05,5.0,5,Good,7.0,UG/M3,1 Hr,Valid
Guatemala City,PM10 - Principal,2023-11-03 06:00 AM,2023,11,03,06,5.0,5,Good,5.0,UG/M3,1 Hr,Valid
Guatemala City,PM10 - Principal,2023-11-03 07:00 AM,2023,11,03,07,5.0,5,Good,6.0,UG/M3,1 Hr,Valid
Guatemala City,PM10 - Principal,2023-11-03 08:00 AM,2023,11,03,08,5.0,5,Good,6.0,UG/M3,1 Hr,Valid
Guatemala City,PM10 - Principal,2023-11-03 09:00 AM,2023,11,03,09,5.0,5,Good,5.0,UG/M3,1 Hr,Valid
Guatemala City,PM10 - Principal,2023-11-03 10:00 AM,2023,11,03,10,5.0,5,Good,5.0,UG/M3,1 Hr,Valid
Guatemala City,PM10 - Principal,2023-11-03 11:00 AM,2023,11,03,11,4.0,4,Good,3.0,UG/M3,1 Hr,Valid
Guatemala City,PM10 - Principal,2023-11-03 12:00 PM,2023,11,03,12,2.0,2,Good,1.0,UG/M3,1 Hr,Valid
Guatemala City,PM10 - Principal,2023-11-03 01:00 PM,2023,11,03,13,1.0,1,Good,0.0,UG/M3,1 Hr,Valid
Guatemala City,PM10 - Principal,2023-11-03 02:00 PM,2023,11,03,14,1.0,1,Good,1.0,UG/M3,1 Hr,Valid
Guatemala City,PM10 - Principal,2023-11-03 03:00 PM,2023,11,03,15,2.0,2,Good,4.0,UG/M3,1 Hr,Valid
Guatemala City,PM10 - Principal,2023-11-03 04:00 PM,2023,11,03,16,2.0,2,Good,3.0,UG/M3,1 Hr,Valid
Guatemala City,PM10 - Principal,2023-11-03 05:00 PM,2023,11,03,17,3.0,3,Good,4.0,UG/M3,1 Hr,Valid
Guatemala City,PM10 - Principal,2023-11-03 06:00 PM,2023,11,03,18,3.0,3,Good,3.0,UG/M3,1 Hr,Valid
Guatemala City,PM10 - Principal,2023-11-03 07:00 PM,2023,11,03,19,2.0,2,Good,2.0,UG/M3,1 Hr,Valid
Guatemala City,PM10 - Principal,2023-11-03 08:00 PM,2023,11,03,20,4.0,4,Good,6.0,UG/M3,1 Hr,Valid
Guatemala City,PM10 - Principal,2023-11-03 09:00 PM,2023,11,03,21,4.0,4,Good,4.0,UG/M3,1 Hr,Valid
Guatemala City,PM10 - Principal,2023-11-03 10:00 PM,2023,11,03,22,3.0,3,Good,3.0,UG/M3,1 Hr,Valid
Guatemala City,PM10 - Principal,2023-11-03 11:00 PM,2023,11,03,23,2.0,2,Good,2.0,UG/M3,1 Hr,Valid
Guatemala City,PM10 - Principal,2023-11-04 12:00 AM,2023,11,04,00,2.0,2,Good,2.0,UG/M3,1 Hr,Valid
Guatemala City,PM10 - Principal,2023-11-04 01:00 AM,2023,11,04,01,4.0,4,Good,6.0,UG/M3,1 Hr,Valid
Guatemala City,PM10 - Principal,2023-11-04 02:00 AM,2023,11,04,02,5.0,5,Good,7.0,UG/M3,1 Hr,Valid
Guatemala City,PM10 - Principal,2023-11-04 03:00 AM,2023,11,04,03,3.0,3,Good,2.0,UG/M3,1 Hr,Valid
Guatemala City,PM10 - Principal,2023-11-04 04:00 AM,2023,11,04,04,4.0,4,Good,6.0,UG/M3,1 Hr,Valid
Guatemala City,PM10 - Principal,2023-11-04 05:00 AM,2023,11,04,05,4.0,4,Good,5.0,UG/M3,1 Hr,Valid
Guatemala City,PM10 - Principal,2023-11-04 06:00 AM,2023,11,04,06,3.0,3,Good,3.0,UG/M3,1 Hr,Valid
Guatemala City,PM10 - Principal,2023-11-04 07:00 AM,2023,11,04,07,3.0,3,Good,4.0,UG/M3,1 Hr,Valid
Guatemala City,PM10 - Principal,2023-11-04 08:00 AM,2023,11,04,08,3.0,3,Good,4.0,UG/M3,1 Hr,Valid
Guatemala City,PM10 - Principal,2023-11-04 09:00 AM,2023,11,04,09,3.0,3,Good,3.0,UG/M3,1 Hr,Valid
Guatemala City,PM10 - Principal,2023-11-04 10:00 AM,2023,11,04,10,3.0,3,Good,4.0,UG/M3,1 Hr,Valid
Guatemala City,PM10 - Principal,2023-11-04 11:00 AM,2023,11,04,11,4.0,4,Good,6.0,UG/M3,1 Hr,Valid
Guatemala City,PM10 - Principal,2023-11-04 12:00 PM,2023,11,04,12,4.0,4,Good,4.0,UG/M3,1 Hr,Valid
Guatemala City,PM10 - Principal,2023-11-04 01:00 PM,2023,11,04,13,4.0,4,Good,4.0,UG/M3,1 Hr,Valid
Guatemala City,PM10 - Principal,2023-11-04 02:00 PM,2023,11,04,14,3.0,3,Good,3.0,UG/M3,1 Hr,Valid
Guatemala City,PM10 - Principal,2023-11-04 03:00 PM,2023,11,04,15,4.0,4,Good,6.0,UG/M3,1 Hr,Valid
Guatemala City,PM10 - Principal,2023-11-04 04:00 PM,2023,11,04,16,4.0,4,Good,4.0,UG/M3,1 Hr,Valid
Guatemala City,PM10 - Principal,2023-11-04 05:00 PM,2023,11,04,17,2.0,2,Good,1.0,UG/M3,1 Hr,Valid
Guatemala City,PM10 - Principal,2023-11-04 06:00 PM,2023,11,04,18,2.0,2,Good,2.0,UG/M3,1 Hr,Valid
Guatemala City,PM10 - Principal,2023-11-04 07:00 PM,2023,11,04,19,3.0,3,Good,4.0,UG/M3,1 Hr,Valid
Guatemala City,PM10 - Principal,2023-11-04 08:00 PM,2023,11,04,20,4.0,4,Good,5.0,UG/M3,1 Hr,Valid
Guatemala City,PM10 - Principal,2023-11-04 09:00 PM,2023,11,04,21,4.0,4,Good,4.0,UG/M3,1 Hr,Valid
Guatemala City,PM10 - Principal,2023-11-04 10:00 PM,2023,11,04,22,3.0,3,Good,2.0,UG/M3,1 Hr,Valid
Guatemala City,PM10 - Principal,2023-11-04 11:00 PM,2023,11,04,23,4.0,4,Good,5.0,UG/M3,1 Hr,Valid
Guatemala City,PM10 - Principal,2023-11-05 12:00 AM,2023,11,05,00,4.0,4,Good,4.0,UG/M3,1 Hr,Valid
Guatemala City,PM10 - Principal,2023-11-05 01:00 AM,2023,11,05,01,5.0,5,Good,7.0,UG/M3,1 Hr,Valid
Guatemala City,PM10 - Principal,2023-11-05 02:00 AM,2023,11,05,02,4.0,4,Good,4.0,UG/M3,1 Hr,Valid
Guatemala City,PM10 - Principal,2023-11-05 03:00 AM,2023,11,05,03,2.0,2,Good,0.0,UG/M3,1 Hr,Valid
Guatemala City,PM10 - Principal,2023-11-05 04:00 AM,2023,11,05,04,2.0,2,Good,3.0,UG/M3,1 Hr,Valid
Guatemala City,PM10 - Principal,2023-11-05 05:00 AM,2023,11,05,05,3.0,3,Good,4.0,UG/M3,1 Hr,Valid
Guatemala City,PM10 - Principal,2023-11-05 06:00 AM,2023,11,05,06,3.0,3,Good,3.0,UG/M3,1 Hr,Valid
Guatemala City,PM10 - Principal,2023-11-05 07:00 AM,2023,11,05,07,3.0,3,Good,4.0,UG/M3,1 Hr,Valid
Guatemala City,PM10 - Principal,2023-11-05 08:00 AM,2023,11,05,08,4.0,4,Good,5.0,UG/M3,1 Hr,Valid
Guatemala City,PM10 - Principal,2023-11-05 09:00 AM,2023,11,05,09,4.0,4,Good,5.0,UG/M3,1 Hr,Valid
Guatemala City,PM10 - Principal,2023-11-05 10:00 AM,2023,11,05,10,3.0,3,Good,3.0,UG/M3,1 Hr,Valid
Guatemala City,PM10 - Principal,2023-11-05 11:00 AM,2023,11,05,11,2.0,2,Good,1.0,UG/M3,1 Hr,Valid
Guatemala City,PM10 - Principal,2023-11-05 12:00 PM,2023,11,05,12,2.0,2,Good,3.0,UG/M3,1 Hr,Valid
Guatemala City,PM10 - Principal,2023-11-05 01:00 PM,2023,11,05,13,2.0,2,Good,3.0,UG/M3,1 Hr,Valid
Guatemala City,PM10 - Principal,2023-11-05 02:00 PM,2023,11,05,14,2.0,2,Good,2.0,UG/M3,1 Hr,Valid
Guatemala City,PM10 - Principal,2023-11-05 03:00 PM,2023,11,05,15,1.0,1,Good,0.0,UG/M3,1 Hr,Valid
Guatemala City,PM10 - Principal,2023-11-05 04:00 PM,2023,11,05,16,0.0,0,Good,-1.0,UG/M3,1 Hr,Valid
Guatemala City,PM10 - Principal,2023-11-05 05:00 PM,2023,11,05,17,0.0,0,Good,0.0,UG/M3,1 Hr,Valid
Guatemala City,PM10 - Principal,2023-11-05 06:00 PM,2023,11,05,18,1.0,1,Good,2.0,UG/M3,1 Hr,Valid
Guatemala City,PM10 - Principal,2023-11-05 07:00 PM,2023,11,05,19,1.0,1,Good,2.0,UG/M3,1 Hr,Valid
Guatemala City,PM10 - Principal,2023-11-05 08:00 PM,2023,11,05,20,2.0,2,Good,3.0,UG/M3,1 Hr,Valid
Guatemala City,PM10 - Principal,2023-11-05 09:00 PM,2023,11,05,21,2.0,2,Good,2.0,UG/M3,1 Hr,Valid
Guatemala City,PM10 - Principal,2023-11-05 10:00 PM,2023,11,05,22,1.0,1,Good,1.0,UG/M3,1 Hr,Valid
Guatemala City,PM10 - Principal,2023-11-05 11:00 PM,2023,11,05,23,2.0,2,Good,3.0,UG/M3,1 Hr,Valid
Guatemala City,PM10 - Principal,2023-11-06 12:00 AM,2023,11,06,00,3.0,3,Good,4.0,UG/M3,1 Hr,Valid
Guatemala City,PM10 - Principal,2023-11-06 01:00 AM,2023,11,06,01,2.0,2,Good,2.0,UG/M3,1 Hr,Valid
Guatemala City,PM10 - Principal,2023-11-06 02:00 AM,2023,11,06,02,1.0,1,Good,0.0,UG/M3,1 Hr,Valid
Guatemala City,PM10 - Principal,2023-11-06 03:00 AM,2023,11,06,03,0.0,0,Good,-1.0,UG/M3,1 Hr,Valid
Guatemala City,PM10 - Principal,2023-11-06 04:00 AM,2023,11,06,04,3.0,3,Good,7.0,UG/M3,1 Hr,Valid
Guatemala City,PM10 - Principal,2023-11-06 05:00 AM,2023,11,06,05,4.0,4,Good,5.0,UG/M3,1 Hr,Valid
Guatemala City,PM10 - Principal,2023-11-06 06:00 AM,2023,11,06,06,3.0,3,Good,2.0,UG/M3,1 Hr,Valid
Guatemala City,PM10 - Principal,2023-11-06 07:00 AM,2023,11,06,07,3.0,3,Good,3.0,UG/M3,1 Hr,Valid
Guatemala City,PM10 - Principal,2023-11-06 08:00 AM,2023,11,06,08,3.0,3,Good,3.0,UG/M3,1 Hr,Valid
Guatemala City,PM10 - Principal,2023-11-06 09:00 AM,2023,11,06,09,2.0,2,Good,2.0,UG/M3,1 Hr,Valid
Guatemala City,PM10 - Principal,2023-11-06 10:00 AM,2023,11,06,10,1.0,1,Good,1.0,UG/M3,1 Hr,Valid
Guatemala City,PM10 - Principal,2023-11-06 11:00 AM,2023,11,06,11,3.0,3,Good,5.0,UG/M3,1 Hr,Valid
Guatemala City,PM10 - Principal,2023-11-06 12:00 PM,2023,11,06,12,4.0,4,Good,5.0,UG/M3,1 Hr,Valid
Guatemala City,PM10 - Principal,2023-11-06 01:00 PM,2023,11,06,13,4.0,4,Good,5.0,UG/M3,1 Hr,Valid
Guatemala City,PM10 - Principal,2023-11-06 02:00 PM,2023,11,06,14,4.0,4,Good,4.0,UG/M3,1 Hr,Valid
Guatemala City,PM10 - Principal,2023-11-06 03:00 PM,2023,11,06,15,4.0,4,Good,4.0,UG/M3,1 Hr,Valid
Guatemala City,PM10 - Principal,2023-11-06 04:00 PM,2023,11,06,16,4.0,4,Good,5.0,UG/M3,1 Hr,Valid
Guatemala City,PM10 - Principal,2023-11-06 05:00 PM,2023,11,06,17,4.0,4,Good,4.0,UG/M3,1 Hr,Valid
Guatemala City,PM10 - Principal,2023-11-06 06:00 PM,2023,11,06,18,4.0,4,Good,5.0,UG/M3,1 Hr,Valid
Guatemala City,PM10 - Principal,2023-11-06 07:00 PM,2023,11,06,19,3.0,3,Good,3.0,UG/M3,1 Hr,Valid
Guatemala City,PM10 - Principal,2023-11-06 08:00 PM,2023,11,06,20,3.0,3,Good,3.0,UG/M3,1 Hr,Valid
Guatemala City,PM10 - Principal,2023-11-06 09:00 PM,2023,11,06,21,3.0,3,Good,3.0,UG/M3,1 Hr,Valid
Guatemala City,PM10 - Principal,2023-11-06 10:00 PM,2023,11,06,22,3.0,3,Good,3.0,UG/M3,1 Hr,Valid
Guatemala City,PM10 - Principal,2023-11-06 11:00 PM,2023,11,06,23,3.0,3,Good,4.0,UG/M3,1 Hr,Valid
Guatemala City,PM10 - Principal,2023-11-07 12:00 AM,2023,11,07,00,2.0,2,Good,2.0,UG/M3,1 Hr,Valid
Guatemala City,PM10 - Principal,2023-11-07 01:00 AM,2023,11,07,01,3.0,3,Good,5.0,UG/M3,1 Hr,Valid
Guatemala City,PM10 - Principal,2023-11-07 02:00 AM,2023,11,07,02,4.0,4,Good,6.0,UG/M3,1 Hr,Valid
Guatemala City,PM10 - Principal,2023-11-07 03:00 AM,2023,11,07,03,4.0,4,Good,4.0,UG/M3,1 Hr,Valid
Guatemala City,PM10 - Principal,2023-11-07 04:00 AM,2023,11,07,04,3.0,3,Good,2.0,UG/M3,1 Hr,Valid
Guatemala City,PM10 - Principal,2023-11-07 05:00 AM,2023,11,07,05,1.0,1,Good,0.0,UG/M3,1 Hr,Valid
Guatemala City,PM10 - Principal,2023-11-07 06:00 AM,2023,11,07,06,1.0,1,Good,1.0,UG/M3,1 Hr,Valid
Guatemala City,PM10 - Principal,2023-11-07 07:00 AM,2023,11,07,07,2.0,2,Good,4.0,UG/M3,1 Hr,Valid
Guatemala City,PM10 - Principal,2023-11-07 08:00 AM,2023,11,07,08,2.0,2,Good,2.0,UG/M3,1 Hr,Valid
Guatemala City,PM10 - Principal,2023-11-07 09:00 AM,2023,11,07,09,1.0,1,Good,1.0,UG/M3,1 Hr,Valid
Guatemala City,PM10 - Principal,2023-11-07 10:00 AM,2023,11,07,10,1.0,1,Good,2.0,UG/M3,1 Hr,Valid
Guatemala City,PM10 - Principal,2023-11-07 11:00 AM,2023,11,07,11,4.0,4,Good,7.0,UG/M3,1 Hr,Valid
Guatemala City,PM10 - Principal,2023-11-07 12:00 PM,2023,11,07,12,5.0,5,Good,6.0,UG/M3,1 Hr,Valid
Guatemala City,PM10 - Principal,2023-11-07 01:00 PM,2023,11,07,13,6.0,6,Good,7.0,UG/M3,1 Hr,Valid
Guatemala City,PM10 - Principal,2023-11-07 02:00 PM,2023,11,07,14,5.0,5,Good,5.0,UG/M3,1 Hr,Valid
Guatemala City,PM10 - Principal,2023-11-07 03:00 PM,2023,11,07,15,6.0,6,Good,7.0,UG/M3,1 Hr,Valid
Guatemala City,PM10 - Principal,2023-11-07 04:00 PM,2023,11,07,16,6.0,6,Good,6.0,UG/M3,1 Hr,Valid
Guatemala City,PM10 - Principal,2023-11-07 05:00 PM,2023,11,07,17,4.0,4,Good,3.0,UG/M3,1 Hr,Valid
Guatemala City,PM10 - Principal,2023-11-07 06:00 PM,2023,11,07,18,3.0,3,Good,2.0,UG/M3,1 Hr,Valid
Guatemala City,PM10 - Principal,2023-11-07 07:00 PM,2023,11,07,19,3.0,3,Good,4.0,UG/M3,1 Hr,Valid
Guatemala City,PM10 - Principal,2023-11-07 08:00 PM,2023,11,07,20,3.0,3,Good,4.0,UG/M3,1 Hr,Valid
Guatemala City,PM10 - Principal,2023-11-07 09:00 PM,2023,11,07,21,4.0,4,Good,5.0,UG/M3,1 Hr,Valid
Guatemala City,PM10 - Principal,2023-11-07 10:00 PM,2023,11,07,22,3.0,3,Good,3.0,UG/M3,1 Hr,Valid
Guatemala City,PM10 - Principal,2023-11-07 11:00 PM,2023,11,07,23,2.0,2,Good,1.0,UG/M3,1 Hr,Valid
Guatemala City,PM10 - Principal,2023-11-08 12:00 AM,2023,11,08,00,3.0,3,Good,4.0,UG/M3,1 Hr,Valid
Guatemala City,PM10 - Principal,2023-11-08 01:00 AM,2023,11,08,01,2.0,2,Good,1.0,UG/M3,1 Hr,Valid
Guatemala City,PM10 - Principal,2023-11-08 02:00 AM,2023,11,08,02,1.0,1,Good,1.0,UG/M3,1 Hr,Valid
Guatemala City,PM10 - Principal,2023-11-08 03:00 AM,2023,11,08,03,2.0,2,Good,3.0,UG/M3,1 Hr,Valid
Guatemala City,PM10 - Principal,2023-11-08 04:00 AM,2023,11,08,04,2.0,2,Good,3.0,UG/M3,1 Hr,Valid
Guatemala City,PM10 - Principal,2023-11-08 05:00 AM,2023,11,08,05,3.0,3,Good,5.0,UG/M3,1 Hr,Valid
Guatemala City,PM10 - Principal,2023-11-08 06:00 AM,2023,11,08,06,2.0,2,Good,2.0,UG/M3,1 Hr,Valid
Guatemala City,PM10 - Principal,2023-11-08 07:00 AM,2023,11,08,07,1.0,1,Good,0.0,UG/M3,1 Hr,Valid
Guatemala City,PM10 - Principal,2023-11-08 08:00 AM,2023,11,08,08,1.0,1,Good,2.0,UG/M3,1 Hr,Valid
Guatemala City,PM10 - Principal,2023-11-08 09:00 AM,2023,11,08,09,1.0,1,Good,2.0,UG/M3,1 Hr,Valid
Guatemala City,PM10 - Principal,2023-11-08 10:00 AM,2023,11,08,10,3.0,3,Good,5.0,UG/M3,1 Hr,Valid
Guatemala City,PM10 - Principal,2023-11-08 11:00 AM,2023,11,08,11,2.0,2,Good,2.0,UG/M3,1 Hr,Valid
Guatemala City,PM10 - Principal,2023-11-08 12:00 PM,2023,11,08,12,1.0,1,Good,0.0,UG/M3,1 Hr,Valid
Guatemala City,PM10 - Principal,2023-11-08 01:00 PM,2023,11,08,13,1.0,1,Good,1.0,UG/M3,1 Hr,Valid
Guatemala City,PM10 - Principal,2023-11-08 02:00 PM,2023,11,08,14,1.0,1,Good,1.0,UG/M3,1 Hr,Valid
Guatemala City,PM10 - Principal,2023-11-08 03:00 PM,2023,11,08,15,2.0,2,Good,3.0,UG/M3,1 Hr,Valid
Guatemala City,PM10 - Principal,2023-11-08 04:00 PM,2023,11,08,16,2.0,2,Good,3.0,UG/M3,1 Hr,Valid
Guatemala City,PM10 - Principal,2023-11-08 05:00 PM,2023,11,08,17,2.0,2,Good,2.0,UG/M3,1 Hr,Valid
Guatemala City,PM10 - Principal,2023-11-08 06:00 PM,2023,11,08,18,2.0,2,Good,2.0,UG/M3,1 Hr,Valid
Guatemala City,PM10 - Principal,2023-11-08 07:00 PM,2023,11,08,19,2.0,2,Good,3.0,UG/M3,1 Hr,Valid
Guatemala City,PM10 - Principal,2023-11-08 08:00 PM,2023,11,08,20,3.0,3,Good,4.0,UG/M3,1 Hr,Valid
Guatemala City,PM10 - Principal,2023-11-08 09:00 PM,2023,11,08,21,4.0,4,Good,6.0,UG/M3,1 Hr,Valid
Guatemala City,PM10 - Principal,2023-11-08 10:00 PM,2023,11,08,22,5.0,5,Good,6.0,UG/M3,1 Hr,Valid
Guatemala City,PM10 - Principal,2023-11-08 11:00 PM,2023,11,08,23,3.0,3,Good,2.0,UG/M3,1 Hr,Valid
Guatemala City,PM10 - Principal,2023-11-09 12:00 AM,2023,11,09,00,1.0,1,Good,-1.0,UG/M3,1 Hr,Valid
Guatemala City,PM10 - Principal,2023-11-09 01:00 AM,2023,11,09,01,1.0,1,Good,2.0,UG/M3,1 Hr,Valid
Guatemala City,PM10 - Principal,2023-11-09 02:00 AM,2023,11,09,02,3.0,3,Good,5.0,UG/M3,1 Hr,Valid
Guatemala City,PM10 - Principal,2023-11-09 03:00 AM,2023,11,09,03,4.0,4,Good,5.0,UG/M3,1 Hr,Valid
Guatemala City,PM10 - Principal,2023-11-09 04:00 AM,2023,11,09,04,4.0,4,Good,4.0,UG/M3,1 Hr,Valid
Guatemala City,PM10 - Principal,2023-11-09 05:00 AM,2023,11,09,05,3.0,3,Good,3.0,UG/M3,1 Hr,Valid
Guatemala City,PM10 - Principal,2023-11-09 06:00 AM,2023,11,09,06,2.0,2,Good,2.0,UG/M3,1 Hr,Valid
Guatemala City,PM10 - Principal,2023-11-09 07:00 AM,2023,11,09,07,4.0,4,Good,6.0,UG/M3,1 Hr,Valid
Guatemala City,PM10 - Principal,2023-11-09 08:00 AM,2023,11,09,08,5.0,5,Good,7.0,UG/M3,1 Hr,Valid
Guatemala City,PM10 - Principal,2023-11-09 09:00 AM,2023,11,09,09,5.0,5,Good,5.0,UG/M3,1 Hr,Valid
Guatemala City,PM10 - Principal,2023-11-09 10:00 AM,2023,11,09,10,5.0,5,Good,6.0,UG/M3,1 Hr,Valid
Guatemala City,PM10 - Principal,2023-11-09 11:00 AM,2023,11,09,11,4.0,4,Good,3.0,UG/M3,1 Hr,Valid
Guatemala City,PM10 - Principal,2023-11-09 12:00 PM,2023,11,09,12,2.0,2,Good,0.0,UG/M3,1 Hr,Valid
Guatemala City,PM10 - Principal,2023-11-09 01:00 PM,2023,11,09,13,1.0,1,Good,0.0,UG/M3,1 Hr,Valid
Guatemala City,PM10 - Principal,2023-11-09 02:00 PM,2023,11,09,14,2.0,2,Good,3.0,UG/M3,1 Hr,Valid
Guatemala City,PM10 - Principal,2023-11-09 03:00 PM,2023,11,09,15,2.0,2,Good,2.0,UG/M3,1 Hr,Valid
Guatemala City,PM10 - Principal,2023-11-09 04:00 PM,2023,11,09,16,3.0,3,Good,4.0,UG/M3,1 Hr,Valid
Guatemala City,PM10 - Principal,2023-11-09 05:00 PM,2023,11,09,17,4.0,4,Good,5.0,UG/M3,1 Hr,Valid
Guatemala City,PM10 - Principal,2023-11-09 06:00 PM,2023,11,09,18,4.0,4,Good,5.0,UG/M3,1 Hr,Valid
Guatemala City,PM10 - Principal,2023-11-09 07:00 PM,2023,11,09,19,4.0,4,Good,4.0,UG/M3,1 Hr,Valid
Guatemala City,PM10 - Principal,2023-11-09 08:00 PM,2023,11,09,20,4.0,4,Good,4.0,UG/M3,1 Hr,Valid
Guatemala City,PM10 - Principal,2023-11-09 09:00 PM,2023,11,09,21,4.0,4,Good,5.0,UG/M3,1 Hr,Valid
Guatemala City,PM10 - Principal,2023-11-09 10:00 PM,2023,11,09,22,5.0,5,Good,6.0,UG/M3,1 Hr,Valid
Guatemala City,PM10 - Principal,2023-11-09 11:00 PM,2023,11,09,23,3.0,3,Good,2.0,UG/M3,1 Hr,Valid
Guatemala City,PM10 - Principal,2023-11-10 12:00 AM,2023,11,10,00,3.0,3,Good,3.0,UG/M3,1 Hr,Valid
Guatemala City,PM10 - Principal,2023-11-10 01:00 AM,2023,11,10,01,7.0,6,Good,11.0,UG/M3,1 Hr,Valid
Guatemala City,PM10 - Principal,2023-11-10 02:00 AM,2023,11,10,02,7.0,6,Good,8.0,UG/M3,1 Hr,Valid
Guatemala City,PM10 - Principal,2023-11-10 03:00 AM,2023,11,10,03,6.0,6,Good,5.0,UG/M3,1 Hr,Valid
Guatemala City,PM10 - Principal,2023-11-10 04:00 AM,2023,11,10,04,5.0,5,Good,5.0,UG/M3,1 Hr,Valid
Guatemala City,PM10 - Principal,2023-11-10 05:00 AM,2023,11,10,05,4.0,4,Good,4.0,UG/M3,1 Hr,Valid
Guatemala City,PM10 - Principal,2023-11-10 06:00 AM,2023,11,10,06,3.0,3,Good,2.0,UG/M3,1 Hr,Valid
Guatemala City,PM10 - Principal,2023-11-10 07:00 AM,2023,11,10,07,2.0,2,Good,2.0,UG/M3,1 Hr,Valid
Guatemala City,PM10 - Principal,2023-11-10 08:00 AM,2023,11,10,08,2.0,2,Good,3.0,UG/M3,1 Hr,Valid
Guatemala City,PM10 - Principal,2023-11-10 09:00 AM,2023,11,10,09,2.0,2,Good,2.0,UG/M3,1 Hr,Valid
Guatemala City,PM10 - Principal,2023-11-10 10:00 AM,2023,11,10,10,0.0,0,Good,-1.0,UG/M3,1 Hr,Valid
Guatemala City,PM10 - Principal,2023-11-10 11:00 AM,2023,11,10,11,0.0,0,Good,1.0,UG/M3,1 Hr,Valid
Guatemala City,PM10 - Principal,2023-11-10 12:00 PM,2023,11,10,12,1.0,1,Good,3.0,UG/M3,1 Hr,Valid
Guatemala City,PM10 - Principal,2023-11-10 01:00 PM,2023,11,10,13,1.0,1,Good,2.0,UG/M3,1 Hr,Valid
Guatemala City,PM10 - Principal,2023-11-10 02:00 PM,2023,11,10,14,3.0,3,Good,6.0,UG/M3,1 Hr,Valid
Guatemala City,PM10 - Principal,2023-11-10 03:00 PM,2023,11,10,15,4.0,4,Good,5.0,UG/M3,1 Hr,Valid
Guatemala City,PM10 - Principal,2023-11-10 04:00 PM,2023,11,10,16,3.0,3,Good,2.0,UG/M3,1 Hr,Valid
Guatemala City,PM10 - Principal,2023-11-10 05:00 PM,2023,11,10,17,3.0,3,Good,4.0,UG/M3,1 Hr,Valid
Guatemala City,PM10 - Principal,2023-11-10 06:00 PM,2023,11,10,18,2.0,2,Good,2.0,UG/M3,1 Hr,Valid
Guatemala City,PM10 - Principal,2023-11-10 07:00 PM,2023,11,10,19,2.0,2,Good,3.0,UG/M3,1 Hr,Valid
Guatemala City,PM10 - Principal,2023-11-10 08:00 PM,2023,11,10,20,1.0,1,Good,1.0,UG/M3,1 Hr,Valid
Guatemala City,PM10 - Principal,2023-11-10 09:00 PM,2023,11,10,21,2.0,2,Good,4.0,UG/M3,1 Hr,Valid
Guatemala City,PM10 - Principal,2023-11-10 10:00 PM,2023,11,10,22,3.0,3,Good,4.0,UG/M3,1 Hr,Valid
Guatemala City,PM10 - Principal,2023-11-10 11:00 PM,2023,11,10,23,4.0,4,Good,5.0,UG/M3,1 Hr,Valid
Guatemala City,PM10 - Principal,2023-11-11 12:00 AM,2023,11,11,00,3.0,3,Good,2.0,UG/M3,1 Hr,Valid
Guatemala City,PM10 - Principal,2023-11-11 01:00 AM,2023,11,11,01,1.0,1,Good,-1.0,UG/M3,1 Hr,Valid
Guatemala City,PM10 - Principal,2023-11-11 02:00 AM,2023,11,11,02,1.0,1,Good,2.0,UG/M3,1 Hr,Valid
Guatemala City,PM10 - Principal,2023-11-11 03:00 AM,2023,11,11,03,1.0,1,Good,2.0,UG/M3,1 Hr,Valid
Guatemala City,PM10 - Principal,2023-11-11 04:00 AM,2023,11,11,04,0.0,0,Good,-1.0,UG/M3,1 Hr,Valid
Guatemala City,PM10 - Principal,2023-11-11 05:00 AM,2023,11,11,05,0.0,0,Good,1.0,UG/M3,1 Hr,Valid
Guatemala City,PM10 - Principal,2023-11-11 06:00 AM,2023,11,11,06,0.0,0,Good,1.0,UG/M3,1 Hr,Valid
Guatemala City,PM10 - Principal,2023-11-11 07:00 AM,2023,11,11,07,1.0,1,Good,2.0,UG/M3,1 Hr,Valid
Guatemala City,PM10 - Principal,2023-11-11 08:00 AM,2023,11,11,08,1.0,1,Good,2.0,UG/M3,1 Hr,Valid
Guatemala City,PM10 - Principal,2023-11-11 09:00 AM,2023,11,11,09,2.0,2,Good,4.0,UG/M3,1 Hr,Valid
Guatemala City,PM10 - Principal,2023-11-11 10:00 AM,2023,11,11,10,2.0,2,Good,3.0,UG/M3,1 Hr,Valid
Guatemala City,PM10 - Principal,2023-11-11 11:00 AM,2023,11,11,11,1.0,1,Good,1.0,UG/M3,1 Hr,Valid
Guatemala City,PM10 - Principal,2023-11-11 12:00 PM,2023,11,11,12,1.0,1,Good,1.0,UG/M3,1 Hr,Valid
Guatemala City,PM10 - Principal,2023-11-11 01:00 PM,2023,11,11,13,2.0,2,Good,4.0,UG/M3,1 Hr,Valid
Guatemala City,PM10 - Principal,2023-11-11 02:00 PM,2023,11,11,14,2.0,2,Good,2.0,UG/M3,1 Hr,Valid
Guatemala City,PM10 - Principal,2023-11-11 03:00 PM,2023,11,11,15,2.0,2,Good,3.0,UG/M3,1 Hr,Valid
Guatemala City,PM10 - Principal,2023-11-11 04:00 PM,2023,11,11,16,3.0,3,Good,4.0,UG/M3,1 Hr,Valid
Guatemala City,PM10 - Principal,2023-11-11 05:00 PM,2023,11,11,17,4.0,4,Good,5.0,UG/M3,1 Hr,Valid
Guatemala City,PM10 - Principal,2023-11-11 06:00 PM,2023,11,11,18,4.0,4,Good,4.0,UG/M3,1 Hr,Valid
Guatemala City,PM10 - Principal,2023-11-11 07:00 PM,2023,11,11,19,2.0,2,Good,1.0,UG/M3,1 Hr,Valid
Guatemala City,PM10 - Principal,2023-11-11 08:00 PM,2023,11,11,20,1.0,1,Good,1.0,UG/M3,1 Hr,Valid
Guatemala City,PM10 - Principal,2023-11-11 09:00 PM,2023,11,11,21,1.0,1,Good,2.0,UG/M3,1 Hr,Valid
Guatemala City,PM10 - Principal,2023-11-11 10:00 PM,2023,11,11,22,1.0,1,Good,1.0,UG/M3,1 Hr,Valid
Guatemala City,PM10 - Principal,2023-11-11 11:00 PM,2023,11,11,23,0.0,0,Good,-1.0,UG/M3,1 Hr,Valid
Guatemala City,PM10 - Principal,2023-11-12 12:00 AM,2023,11,12,00,0.0,0,Good,-1.0,UG/M3,1 Hr,Valid
Guatemala City,PM10 - Principal,2023-11-12 01:00 AM,2023,11,12,01,2.0,2,Good,6.0,UG/M3,1 Hr,Valid
Guatemala City,PM10 - Principal,2023-11-12 02:00 AM,2023,11,12,02,3.0,3,Good,4.0,UG/M3,1 Hr,Valid
Guatemala City,PM10 - Principal,2023-11-12 03:00 AM,2023,11,12,03,1.0,1,Good,-1.0,UG/M3,1 Hr,Valid
Guatemala City,PM10 - Principal,2023-11-12 04:00 AM,2023,11,12,04,1.0,1,Good,1.0,UG/M3,1 Hr,Valid
Guatemala City,PM10 - Principal,2023-11-12 05:00 AM,2023,11,12,05,3.0,3,Good,5.0,UG/M3,1 Hr,Valid
Guatemala City,PM10 - Principal,2023-11-12 06:00 AM,2023,11,12,06,3.0,3,Good,4.0,UG/M3,1 Hr,Valid
Guatemala City,PM10 - Principal,2023-11-12 07:00 AM,2023,11,12,07,2.0,2,Good,2.0,UG/M3,1 Hr,Valid
Guatemala City,PM10 - Principal,2023-11-12 08:00 AM,2023,11,12,08,1.0,1,Good,0.0,UG/M3,1 Hr,Valid
Guatemala City,PM10 - Principal,2023-11-12 09:00 AM,2023,11,12,09,0.0,0,Good,0.0,UG/M3,1 Hr,Valid
Guatemala City,PM10 - Principal,2023-11-12 10:00 AM,2023,11,12,10,0.0,0,Good,1.0,UG/M3,1 Hr,Valid
Guatemala City,PM10 - Principal,2023-11-12 11:00 AM,2023,11,12,11,0.0,0,Good,0.0,UG/M3,1 Hr,Valid
Guatemala City,PM10 - Principal,2023-11-12 12:00 PM,2023,11,12,12,0.0,0,Good,0.0,UG/M3,1 Hr,Valid
Guatemala City,PM10 - Principal,2023-11-12 01:00 PM,2023,11,12,13,1.0,1,Good,3.0,UG/M3,1 Hr,Valid
Guatemala City,PM10 - Principal,2023-11-12 02:00 PM,2023,11,12,14,2.0,2,Good,3.0,UG/M3,1 Hr,Valid
Guatemala City,PM10 - Principal,2023-11-12 03:00 PM,2023,11,12,15,3.0,3,Good,4.0,UG/M3,1 Hr,Valid
Guatemala City,PM10 - Principal,2023-11-12 04:00 PM,2023,11,12,16,2.0,2,Good,2.0,UG/M3,1 Hr,Valid
Guatemala City,PM10 - Principal,2023-11-12 05:00 PM,2023,11,12,17,1.0,1,Good,1.0,UG/M3,1 Hr,Valid
Guatemala City,PM10 - Principal,2023-11-12 06:00 PM,2023,11,12,18,1.0,1,Good,2.0,UG/M3,1 Hr,Valid
Guatemala City,PM10 - Principal,2023-11-12 07:00 PM,2023,11,12,19,1.0,1,Good,2.0,UG/M3,1 Hr,Valid
Guatemala City,PM10 - Principal,2023-11-12 08:00 PM,2023,11,12,20,2.0,2,Good,4.0,UG/M3,1 Hr,Valid
Guatemala City,PM10 - Principal,2023-11-12 09:00 PM,2023,11,12,21,3.0,3,Good,5.0,UG/M3,1 Hr,Valid
Guatemala City,PM10 - Principal,2023-11-12 10:00 PM,2023,11,12,22,2.0,2,Good,2.0,UG/M3,1 Hr,Valid
Guatemala City,PM10 - Principal,2023-11-12 11:00 PM,2023,11,12,23,1.0,1,Good,0.0,UG/M3,1 Hr,Valid
Guatemala City,PM10 - Principal,2023-11-13 12:00 AM,2023,11,13,00,1.0,1,Good,1.0,UG/M3,1 Hr,Valid
Guatemala City,PM10 - Principal,2023-11-13 01:00 AM,2023,11,13,01,1.0,1,Good,2.0,UG/M3,1 Hr,Valid
Guatemala City,PM10 - Principal,2023-11-13 02:00 AM,2023,11,13,02,4.0,4,Good,7.0,UG/M3,1 Hr,Valid
Guatemala City,PM10 - Principal,2023-11-13 03:00 AM,2023,11,13,03,4.0,4,Good,5.0,UG/M3,1 Hr,Valid
Guatemala City,PM10 - Principal,2023-11-13 04:00 AM,2023,11,13,04,2.0,2,Good,1.0,UG/M3,1 Hr,Valid
Guatemala City,PM10 - Principal,2023-11-13 05:00 AM,2023,11,13,05,1.0,1,Good,1.0,UG/M3,1 Hr,Valid
Guatemala City,PM10 - Principal,2023-11-13 06:00 AM,2023,11,13,06,2.0,2,Good,3.0,UG/M3,1 Hr,Valid
Guatemala City,PM10 - Principal,2023-11-13 07:00 AM,2023,11,13,07,2.0,2,Good,3.0,UG/M3,1 Hr,Valid
Guatemala City,PM10 - Principal,2023-11-13 08:00 AM,2023,11,13,08,1.0,1,Good,1.0,UG/M3,1 Hr,Valid
Guatemala City,PM10 - Principal,2023-11-13 09:00 AM,2023,11,13,09,3.0,3,Good,6.0,UG/M3,1 Hr,Valid
Guatemala City,PM10 - Principal,2023-11-13 10:00 AM,2023,11,13,10,4.0,4,Good,5.0,UG/M3,1 Hr,Valid
Guatemala City,PM10 - Principal,2023-11-13 11:00 AM,2023,11,13,11,3.0,3,Good,2.0,UG/M3,1 Hr,Valid
Guatemala City,PM10 - Principal,2023-11-13 12:00 PM,2023,11,13,12,3.0,3,Good,4.0,UG/M3,1 Hr,Valid
Guatemala City,PM10 - Principal,2023-11-13 01:00 PM,2023,11,13,13,0.0,0,Good,-2.0,UG/M3,1 Hr,Valid
Guatemala City,PM10 - Principal,2023-11-13 02:00 PM,2023,11,13,14,0.0,0,Good,-5.0,UG/M3,1 Hr,Invalid
Guatemala City,PM10 - Principal,2023-11-13 03:00 PM,2023,11,13,15,0.0,0,Good,-1.0,UG/M3,1 Hr,Valid
Guatemala City,PM10 - Principal,2023-11-13 04:00 PM,2023,11,13,16,0.0,0,Good,-1.0,UG/M3,1 Hr,Valid
Guatemala City,PM10 - Principal,2023-11-13 05:00 PM,2023,11,13,17,0.0,0,Good,1.0,UG/M3,1 Hr,Valid
Guatemala City,PM10 - Principal,2023-11-13 06:00 PM,2023,11,13,18,1.0,1,Good,3.0,UG/M3,1 Hr,Valid
Guatemala City,PM10 - Principal,2023-11-13 07:00 PM,2023,11,13,19,2.0,2,Good,3.0,UG/M3,1 Hr,Valid
Guatemala City,PM10 - Principal,2023-11-13 08:00 PM,2023,11,13,20,2.0,2,Good,3.0,UG/M3,1 Hr,Valid
Guatemala City,PM10 - Principal,2023-11-13 09:00 PM,2023,11,13,21,3.0,3,Good,5.0,UG/M3,1 Hr,Valid
Guatemala City,PM10 - Principal,2023-11-13 10:00 PM,2023,11,13,22,3.0,3,Good,3.0,UG/M3,1 Hr,Valid
Guatemala City,PM10 - Principal,2023-11-13 11:00 PM,2023,11,13,23,1.0,1,Good,0.0,UG/M3,1 Hr,Valid
Guatemala City,PM10 - Principal,2023-11-14 12:00 AM,2023,11,14,00,1.0,1,Good,1.0,UG/M3,1 Hr,Valid
Guatemala City,PM10 - Principal,2023-11-14 01:00 AM,2023,11,14,01,4.0,4,Good,8.0,UG/M3,1 Hr,Valid
Guatemala City,PM10 - Principal,2023-11-14 02:00 AM,2023,11,14,02,6.0,6,Good,8.0,UG/M3,1 Hr,Valid
Guatemala City,PM10 - Principal,2023-11-14 03:00 AM,2023,11,14,03,5.0,5,Good,5.0,UG/M3,1 Hr,Valid
Guatemala City,PM10 - Principal,2023-11-14 04:00 AM,2023,11,14,04,4.0,4,Good,4.0,UG/M3,1 Hr,Valid
Guatemala City,PM10 - Principal,2023-11-14 05:00 AM,2023,11,14,05,6.0,6,Good,8.0,UG/M3,1 Hr,Valid
Guatemala City,PM10 - Principal,2023-11-14 06:00 AM,2023,11,14,06,5.0,5,Good,5.0,UG/M3,1 Hr,Valid
Guatemala City,PM10 - Principal,2023-11-14 07:00 AM,2023,11,14,07,4.0,4,Good,3.0,UG/M3,1 Hr,Valid
Guatemala City,PM10 - Principal,2023-11-14 08:00 AM,2023,11,14,08,3.0,3,Good,3.0,UG/M3,1 Hr,Valid
Guatemala City,PM10 - Principal,2023-11-14 09:00 AM,2023,11,14,09,2.0,2,Good,2.0,UG/M3,1 Hr,Valid
Guatemala City,PM10 - Principal,2023-11-14 10:00 AM,2023,11,14,10,1.0,1,Good,1.0,UG/M3,1 Hr,Valid
Guatemala City,PM10 - Principal,2023-11-14 11:00 AM,2023,11,14,11,1.0,1,Good,1.0,UG/M3,1 Hr,Valid
Guatemala City,PM10 - Principal,2023-11-14 12:00 PM,2023,11,14,12,0.0,0,Good,0.0,UG/M3,1 Hr,Valid
Guatemala City,PM10 - Principal,2023-11-14 01:00 PM,2023,11,14,13,1.0,1,Good,2.0,UG/M3,1 Hr,Valid
Guatemala City,PM10 - Principal,2023-11-14 02:00 PM,2023,11,14,14,0.0,0,Good,0.0,UG/M3,1 Hr,Valid
Guatemala City,PM10 - Principal,2023-11-14 03:00 PM,2023,11,14,15,0.0,0,Good,-2.0,UG/M3,1 Hr,Valid
Guatemala City,PM10 - Principal,2023-11-14 04:00 PM,2023,11,14,16,1.0,1,Good,4.0,UG/M3,1 Hr,Valid
Guatemala City,PM10 - Principal,2023-11-14 05:00 PM,2023,11,14,17,1.0,1,Good,1.0,UG/M3,1 Hr,Valid
Guatemala City,PM10 - Principal,2023-11-14 06:00 PM,2023,11,14,18,0.0,0,Good,-3.0,UG/M3,1 Hr,Valid
Guatemala City,PM10 - Principal,2023-11-14 07:00 PM,2023,11,14,19,0.0,0,Good,-1.0,UG/M3,1 Hr,Valid
Guatemala City,PM10 - Principal,2023-11-14 08:00 PM,2023,11,14,20,0.0,0,Good,1.0,UG/M3,1 Hr,Valid
Guatemala City,PM10 - Principal,2023-11-14 09:00 PM,2023,11,14,21,3.0,3,Good,7.0,UG/M3,1 Hr,Valid
Guatemala City,PM10 - Principal,2023-11-14 10:00 PM,2023,11,14,22,4.0,4,Good,5.0,UG/M3,1 Hr,Valid
Guatemala City,PM10 - Principal,2023-11-14 11:00 PM,2023,11,14,23,4.0,4,Good,5.0,UG/M3,1 Hr,Valid
Guatemala City,PM10 - Principal,2023-11-15 12:00 AM,2023,11,15,00,4.0,4,Good,4.0,UG/M3,1 Hr,Valid
Guatemala City,PM10 - Principal,2023-11-15 01:00 AM,2023,11,15,01,5.0,5,Good,6.0,UG/M3,1 Hr,Valid
Guatemala City,PM10 - Principal,2023-11-15 02:00 AM,2023,11,15,02,5.0,5,Good,5.0,UG/M3,1 Hr,Valid
Guatemala City,PM10 - Principal,2023-11-15 03:00 AM,2023,11,15,03,4.0,4,Good,3.0,UG/M3,1 Hr,Valid
Guatemala City,PM10 - Principal,2023-11-15 04:00 AM,2023,11,15,04,2.0,2,Good,1.0,UG/M3,1 Hr,Valid
Guatemala City,PM10 - Principal,2023-11-15 05:00 AM,2023,11,15,05,1.0,1,Good,1.0,UG/M3,1 Hr,Valid
Guatemala City,PM10 - Principal,2023-11-15 06:00 AM,2023,11,15,06,1.0,1,Good,2.0,UG/M3,1 Hr,Valid
Guatemala City,PM10 - Principal,2023-11-15 07:00 AM,2023,11,15,07,3.0,3,Good,6.0,UG/M3,1 Hr,Valid
Guatemala City,PM10 - Principal,2023-11-15 08:00 AM,2023,11,15,08,4.0,4,Good,6.0,UG/M3,1 Hr,Valid
Guatemala City,PM10 - Principal,2023-11-15 09:00 AM,2023,11,15,09,3.0,3,Good,3.0,UG/M3,1 Hr,Valid
Guatemala City,PM10 - Principal,2023-11-15 10:00 AM,2023,11,15,10,2.0,2,Good,1.0,UG/M3,1 Hr,Valid
Guatemala City,PM10 - Principal,2023-11-15 11:00 AM,2023,11,15,11,2.0,2,Good,3.0,UG/M3,1 Hr,Valid
Guatemala City,PM10 - Principal,2023-11-15 12:00 PM,2023,11,15,12,3.0,3,Good,4.0,UG/M3,1 Hr,Valid
Guatemala City,PM10 - Principal,2023-11-15 01:00 PM,2023,11,15,13,2.0,2,Good,1.0,UG/M3,1 Hr,Valid
Guatemala City,PM10 - Principal,2023-11-15 02:00 PM,2023,11,15,14,3.0,3,Good,4.0,UG/M3,1 Hr,Valid
Guatemala City,PM10 - Principal,2023-11-15 03:00 PM,2023,11,15,15,4.0,4,Good,6.0,UG/M3,1 Hr,Valid
Guatemala City,PM10 - Principal,2023-11-15 04:00 PM,2023,11,15,16,3.0,3,Good,3.0,UG/M3,1 Hr,Valid
Guatemala City,PM10 - Principal,2023-11-15 05:00 PM,2023,11,15,17,3.0,3,Good,3.0,UG/M3,1 Hr,Valid
Guatemala City,PM10 - Principal,2023-11-15 06:00 PM,2023,11,15,18,2.0,2,Good,2.0,UG/M3,1 Hr,Valid
Guatemala City,PM10 - Principal,2023-11-15 07:00 PM,2023,11,15,19,2.0,2,Good,2.0,UG/M3,1 Hr,Valid
Guatemala City,PM10 - Principal,2023-11-15 08:00 PM,2023,11,15,20,3.0,3,Good,5.0,UG/M3,1 Hr,Valid
Guatemala City,PM10 - Principal,2023-11-15 09:00 PM,2023,11,15,21,3.0,3,Good,4.0,UG/M3,1 Hr,Valid
Guatemala City,PM10 - Principal,2023-11-15 10:00 PM,2023,11,15,22,2.0,2,Good,2.0,UG/M3,1 Hr,Valid
Guatemala City,PM10 - Principal,2023-11-15 11:00 PM,2023,11,15,23,2.0,2,Good,3.0,UG/M3,1 Hr,Valid
Guatemala City,PM10 - Principal,2023-11-16 12:00 AM,2023,11,16,00,3.0,3,Good,4.0,UG/M3,1 Hr,Valid
Guatemala City,PM10 - Principal,2023-11-16 01:00 AM,2023,11,16,01,3.0,3,Good,4.0,UG/M3,1 Hr,Valid
Guatemala City,PM10 - Principal,2023-11-16 02:00 AM,2023,11,16,02,2.0,2,Good,2.0,UG/M3,1 Hr,Valid
Guatemala City,PM10 - Principal,2023-11-16 03:00 AM,2023,11,16,03,2.0,2,Good,2.0,UG/M3,1 Hr,Valid
Guatemala City,PM10 - Principal,2023-11-16 04:00 AM,2023,11,16,04,2.0,2,Good,3.0,UG/M3,1 Hr,Valid
Guatemala City,PM10 - Principal,2023-11-16 05:00 AM,2023,11,16,05,1.0,1,Good,1.0,UG/M3,1 Hr,Valid
Guatemala City,PM10 - Principal,2023-11-16 06:00 AM,2023,11,16,06,4.0,4,Good,7.0,UG/M3,1 Hr,Valid
Guatemala City,PM10 - Principal,2023-11-16 07:00 AM,2023,11,16,07,5.0,5,Good,7.0,UG/M3,1 Hr,Valid
Guatemala City,PM10 - Principal,2023-11-16 08:00 AM,2023,11,16,08,6.0,6,Good,7.0,UG/M3,1 Hr,Valid
Guatemala City,PM10 - Principal,2023-11-16 09:00 AM,2023,11,16,09,5.0,5,Good,4.0,UG/M3,1 Hr,Valid
Guatemala City,PM10 - Principal,2023-11-16 10:00 AM,2023,11,16,10,5.0,5,Good,5.0,UG/M3,1 Hr,Valid
Guatemala City,PM10 - Principal,2023-11-16 11:00 AM,2023,11,16,11,4.0,4,Good,4.0,UG/M3,1 Hr,Valid
Guatemala City,PM10 - Principal,2023-11-16 12:00 PM,2023,11,16,12,5.0,5,Good,6.0,UG/M3,1 Hr,Valid
Guatemala City,PM10 - Principal,2023-11-16 01:00 PM,2023,11,16,13,5.0,5,Good,5.0,UG/M3,1 Hr,Valid
Guatemala City,PM10 - Principal,2023-11-16 02:00 PM,2023,11,16,14,5.0,5,Good,6.0,UG/M3,1 Hr,Valid
Guatemala City,PM10 - Principal,2023-11-16 03:00 PM,2023,11,16,15,5.0,5,Good,5.0,UG/M3,1 Hr,Valid
Guatemala City,PM10 - Principal,2023-11-16 04:00 PM,2023,11,16,16,4.0,4,Good,3.0,UG/M3,1 Hr,Valid
Guatemala City,PM10 - Principal,2023-11-16 05:00 PM,2023,11,16,17,3.0,3,Good,3.0,UG/M3,1 Hr,Valid
Guatemala City,PM10 - Principal,2023-11-16 06:00 PM,2023,11,16,18,2.0,2,Good,2.0,UG/M3,1 Hr,Valid
Guatemala City,PM10 - Principal,2023-11-16 07:00 PM,2023,11,16,19,2.0,2,Good,3.0,UG/M3,1 Hr,Valid
Guatemala City,PM10 - Principal,2023-11-16 08:00 PM,2023,11,16,20,3.0,3,Good,5.0,UG/M3,1 Hr,Valid
Guatemala City,PM10 - Principal,2023-11-16 09:00 PM,2023,11,16,21,3.0,3,Good,3.0,UG/M3,1 Hr,Valid
Guatemala City,PM10 - Principal,2023-11-16 10:00 PM,2023,11,16,22,2.0,2,Good,2.0,UG/M3,1 Hr,Valid
Guatemala City,PM10 - Principal,2023-11-16 11:00 PM,2023,11,16,23,4.0,4,Good,6.0,UG/M3,1 Hr,Valid
Guatemala City,PM10 - Principal,2023-11-17 12:00 AM,2023,11,17,00,4.0,4,Good,5.0,UG/M3,1 Hr,Valid
Guatemala City,PM10 - Principal,2023-11-17 01:00 AM,2023,11,17,01,5.0,5,Good,6.0,UG/M3,1 Hr,Valid
Guatemala City,PM10 - Principal,2023-11-17 02:00 AM,2023,11,17,02,5.0,5,Good,6.0,UG/M3,1 Hr,Valid
Guatemala City,PM10 - Principal,2023-11-17 03:00 AM,2023,11,17,03,5.0,5,Good,5.0,UG/M3,1 Hr,Valid
Guatemala City,PM10 - Principal,2023-11-17 04:00 AM,2023,11,17,04,4.0,4,Good,3.0,UG/M3,1 Hr,Valid
Guatemala City,PM10 - Principal,2023-11-17 05:00 AM,2023,11,17,05,2.0,2,Good,0.0,UG/M3,1 Hr,Valid
Guatemala City,PM10 - Principal,2023-11-17 06:00 AM,2023,11,17,06,3.0,3,Good,5.0,UG/M3,1 Hr,Valid
Guatemala City,PM10 - Principal,2023-11-17 07:00 AM,2023,11,17,07,4.0,4,Good,5.0,UG/M3,1 Hr,Valid
Guatemala City,PM10 - Principal,2023-11-17 08:00 AM,2023,11,17,08,4.0,4,Good,4.0,UG/M3,1 Hr,Valid
Guatemala City,PM10 - Principal,2023-11-17 09:00 AM,2023,11,17,09,4.0,4,Good,4.0,UG/M3,1 Hr,Valid
Guatemala City,PM10 - Principal,2023-11-17 10:00 AM,2023,11,17,10,4.0,4,Good,4.0,UG/M3,1 Hr,Valid
Guatemala City,PM10 - Principal,2023-11-17 11:00 AM,2023,11,17,11,3.0,3,Good,3.0,UG/M3,1 Hr,Valid
Guatemala City,PM10 - Principal,2023-11-17 12:00 PM,2023,11,17,12,3.0,3,Good,3.0,UG/M3,1 Hr,Valid
Guatemala City,PM10 - Principal,2023-11-17 01:00 PM,2023,11,17,13,2.0,2,Good,1.0,UG/M3,1 Hr,Valid
Guatemala City,PM10 - Principal,2023-11-17 02:00 PM,2023,11,17,14,3.0,3,Good,5.0,UG/M3,1 Hr,Valid
Guatemala City,PM10 - Principal,2023-11-17 03:00 PM,2023,11,17,15,4.0,4,Good,5.0,UG/M3,1 Hr,Valid
Guatemala City,PM10 - Principal,2023-11-17 04:00 PM,2023,11,17,16,3.0,3,Good,3.0,UG/M3,1 Hr,Valid
Guatemala City,PM10 - Principal,2023-11-17 05:00 PM,2023,11,17,17,3.0,3,Good,4.0,UG/M3,1 Hr,Valid
Guatemala City,PM10 - Principal,2023-11-17 06:00 PM,2023,11,17,18,4.0,4,Good,5.0,UG/M3,1 Hr,Valid
Guatemala City,PM10 - Principal,2023-11-17 07:00 PM,2023,11,17,19,3.0,3,Good,3.0,UG/M3,1 Hr,Valid
Guatemala City,PM10 - Principal,2023-11-17 08:00 PM,2023,11,17,20,1.0,1,Good,0.0,UG/M3,1 Hr,Valid
Guatemala City,PM10 - Principal,2023-11-17 09:00 PM,2023,11,17,21,1.0,1,Good,1.0,UG/M3,1 Hr,Valid
Guatemala City,PM10 - Principal,2023-11-17 10:00 PM,2023,11,17,22,3.0,3,Good,6.0,UG/M3,1 Hr,Valid
Guatemala City,PM10 - Principal,2023-11-17 11:00 PM,2023,11,17,23,4.0,4,Good,5.0,UG/M3,1 Hr,Valid
Guatemala City,PM10 - Principal,2023-11-18 12:00 AM,2023,11,18,00,3.0,3,Good,3.0,UG/M3,1 Hr,Valid
Guatemala City,PM10 - Principal,2023-11-18 01:00 AM,2023,11,18,01,4.0,4,Good,6.0,UG/M3,1 Hr,Valid
Guatemala City,PM10 - Principal,2023-11-18 02:00 AM,2023,11,18,02,4.0,4,Good,4.0,UG/M3,1 Hr,Valid
Guatemala City,PM10 - Principal,2023-11-18 03:00 AM,2023,11,18,03,4.0,4,Good,5.0,UG/M3,1 Hr,Valid
Guatemala City,PM10 - Principal,2023-11-18 04:00 AM,2023,11,18,04,4.0,4,Good,4.0,UG/M3,1 Hr,Valid
Guatemala City,PM10 - Principal,2023-11-18 05:00 AM,2023,11,18,05,2.0,2,Good,1.0,UG/M3,1 Hr,Valid
Guatemala City,PM10 - Principal,2023-11-18 06:00 AM,2023,11,18,06,2.0,2,Good,2.0,UG/M3,1 Hr,Valid
Guatemala City,PM10 - Principal,2023-11-18 07:00 AM,2023,11,18,07,1.0,1,Good,0.0,UG/M3,1 Hr,Valid
Guatemala City,PM10 - Principal,2023-11-18 08:00 AM,2023,11,18,08,0.0,0,Good,-1.0,UG/M3,1 Hr,Valid
Guatemala City,PM10 - Principal,2023-11-18 09:00 AM,2023,11,18,09,2.0,2,Good,5.0,UG/M3,1 Hr,Valid
Guatemala City,PM10 - Principal,2023-11-18 10:00 AM,2023,11,18,10,3.0,3,Good,5.0,UG/M3,1 Hr,Valid
Guatemala City,PM10 - Principal,2023-11-18 11:00 AM,2023,11,18,11,2.0,2,Good,2.0,UG/M3,1 Hr,Valid
Guatemala City,PM10 - Principal,2023-11-18 12:00 PM,2023,11,18,12,1.0,1,Good,1.0,UG/M3,1 Hr,Valid
Guatemala City,PM10 - Principal,2023-11-18 01:00 PM,2023,11,18,13,0.0,0,Good,0.0,UG/M3,1 Hr,Valid
Guatemala City,PM10 - Principal,2023-11-18 02:00 PM,2023,11,18,14,0.0,0,Good,-2.0,UG/M3,1 Hr,Valid
Guatemala City,PM10 - Principal,2023-11-18 03:00 PM,2023,11,18,15,0.0,0,Good,1.0,UG/M3,1 Hr,Valid
Guatemala City,PM10 - Principal,2023-11-18 04:00 PM,2023,11,18,16,0.0,0,Good,1.0,UG/M3,1 Hr,Valid
Guatemala City,PM10 - Principal,2023-11-18 05:00 PM,2023,11,18,17,3.0,3,Good,6.0,UG/M3,1 Hr,Valid
Guatemala City,PM10 - Principal,2023-11-18 06:00 PM,2023,11,18,18,4.0,4,Good,6.0,UG/M3,1 Hr,Valid
Guatemala City,PM10 - Principal,2023-11-18 07:00 PM,2023,11,18,19,4.0,4,Good,4.0,UG/M3,1 Hr,Valid
Guatemala City,PM10 - Principal,2023-11-18 08:00 PM,2023,11,18,20,4.0,4,Good,5.0,UG/M3,1 Hr,Valid
Guatemala City,PM10 - Principal,2023-11-18 09:00 PM,2023,11,18,21,4.0,4,Good,5.0,UG/M3,1 Hr,Valid
Guatemala City,PM10 - Principal,2023-11-18 10:00 PM,2023,11,18,22,3.0,3,Good,2.0,UG/M3,1 Hr,Valid
Guatemala City,PM10 - Principal,2023-11-18 11:00 PM,2023,11,18,23,2.0,2,Good,1.0,UG/M3,1 Hr,Valid
Guatemala City,PM10 - Principal,2023-11-19 12:00 AM,2023,11,19,00,2.0,2,Good,2.0,UG/M3,1 Hr,Valid
Guatemala City,PM10 - Principal,2023-11-19 01:00 AM,2023,11,19,01,3.0,3,Good,5.0,UG/M3,1 Hr,Valid
Guatemala City,PM10 - Principal,2023-11-19 02:00 AM,2023,11,19,02,3.0,3,Good,4.0,UG/M3,1 Hr,Valid
Guatemala City,PM10 - Principal,2023-11-19 03:00 AM,2023,11,19,03,3.0,3,Good,4.0,UG/M3,1 Hr,Valid
Guatemala City,PM10 - Principal,2023-11-19 04:00 AM,2023,11,19,04,3.0,3,Good,3.0,UG/M3,1 Hr,Valid
Guatemala City,PM10 - Principal,2023-11-19 05:00 AM,2023,11,19,05,3.0,3,Good,4.0,UG/M3,1 Hr,Valid
Guatemala City,PM10 - Principal,2023-11-19 06:00 AM,2023,11,19,06,3.0,3,Good,3.0,UG/M3,1 Hr,Valid
Guatemala City,PM10 - Principal,2023-11-19 07:00 AM,2023,11,19,07,3.0,3,Good,3.0,UG/M3,1 Hr,Valid
Guatemala City,PM10 - Principal,2023-11-19 08:00 AM,2023,11,19,08,2.0,2,Good,2.0,UG/M3,1 Hr,Valid
Guatemala City,PM10 - Principal,2023-11-19 09:00 AM,2023,11,19,09,2.0,2,Good,3.0,UG/M3,1 Hr,Valid
Guatemala City,PM10 - Principal,2023-11-19 10:00 AM,2023,11,19,10,2.0,2,Good,3.0,UG/M3,1 Hr,Valid
Guatemala City,PM10 - Principal,2023-11-19 11:00 AM,2023,11,19,11,2.0,2,Good,2.0,UG/M3,1 Hr,Valid
Guatemala City,PM10 - Principal,2023-11-19 12:00 PM,2023,11,19,12,1.0,1,Good,1.0,UG/M3,1 Hr,Valid
Guatemala City,PM10 - Principal,2023-11-19 01:00 PM,2023,11,19,13,2.0,2,Good,3.0,UG/M3,1 Hr,Valid
Guatemala City,PM10 - Principal,2023-11-19 02:00 PM,2023,11,19,14,2.0,2,Good,2.0,UG/M3,1 Hr,Valid
Guatemala City,PM10 - Principal,2023-11-19 03:00 PM,2023,11,19,15,2.0,2,Good,2.0,UG/M3,1 Hr,Valid
Guatemala City,PM10 - Principal,2023-11-19 04:00 PM,2023,11,19,16,2.0,2,Good,2.0,UG/M3,1 Hr,Valid
Guatemala City,PM10 - Principal,2023-11-19 05:00 PM,2023,11,19,17,2.0,2,Good,3.0,UG/M3,1 Hr,Valid
Guatemala City,PM10 - Principal,2023-11-19 06:00 PM,2023,11,19,18,3.0,3,Good,5.0,UG/M3,1 Hr,Valid
Guatemala City,PM10 - Principal,2023-11-19 07:00 PM,2023,11,19,19,3.0,3,Good,4.0,UG/M3,1 Hr,Valid
Guatemala City,PM10 - Principal,2023-11-19 08:00 PM,2023,11,19,20,2.0,2,Good,2.0,UG/M3,1 Hr,Valid
Guatemala City,PM10 - Principal,2023-11-19 09:00 PM,2023,11,19,21,2.0,2,Good,3.0,UG/M3,1 Hr,Valid
Guatemala City,PM10 - Principal,2023-11-19 10:00 PM,2023,11,19,22,3.0,3,Good,5.0,UG/M3,1 Hr,Valid
Guatemala City,PM10 - Principal,2023-11-19 11:00 PM,2023,11,19,23,4.0,4,Good,5.0,UG/M3,1 Hr,Valid
Guatemala City,PM10 - Principal,2023-11-20 12:00 AM,2023,11,20,00,3.0,3,Good,2.0,UG/M3,1 Hr,Valid
Guatemala City,PM10 - Principal,2023-11-20 01:00 AM,2023,11,20,01,4.0,4,Good,5.0,UG/M3,1 Hr,Valid
Guatemala City,PM10 - Principal,2023-11-20 02:00 AM,2023,11,20,02,4.0,4,Good,4.0,UG/M3,1 Hr,Valid
Guatemala City,PM10 - Principal,2023-11-20 03:00 AM,2023,11,20,03,6.0,6,Good,8.0,UG/M3,1 Hr,Valid
Guatemala City,PM10 - Principal,2023-11-20 04:00 AM,2023,11,20,04,8.0,7,Good,10.0,UG/M3,1 Hr,Valid
Guatemala City,PM10 - Principal,2023-11-20 05:00 AM,2023,11,20,05,7.0,6,Good,6.0,UG/M3,1 Hr,Valid
Guatemala City,PM10 - Principal,2023-11-20 06:00 AM,2023,11,20,06,6.0,6,Good,5.0,UG/M3,1 Hr,Valid
Guatemala City,PM10 - Principal,2023-11-20 07:00 AM,2023,11,20,07,6.0,6,Good,7.0,UG/M3,1 Hr,Valid
Guatemala City,PM10 - Principal,2023-11-20 08:00 AM,2023,11,20,08,7.0,6,Good,9.0,UG/M3,1 Hr,Valid
Guatemala City,PM10 - Principal,2023-11-20 09:00 AM,2023,11,20,09,6.0,6,Good,5.0,UG/M3,1 Hr,Valid
Guatemala City,PM10 - Principal,2023-11-20 10:00 AM,2023,11,20,10,3.0,3,Good,1.0,UG/M3,1 Hr,Valid
Guatemala City,PM10 - Principal,2023-11-20 11:00 AM,2023,11,20,11,2.0,2,Good,1.0,UG/M3,1 Hr,Valid
Guatemala City,PM10 - Principal,2023-11-20 12:00 PM,2023,11,20,12,2.0,2,Good,2.0,UG/M3,1 Hr,Valid
Guatemala City,PM10 - Principal,2023-11-20 01:00 PM,2023,11,20,13,2.0,2,Good,2.0,UG/M3,1 Hr,Valid
Guatemala City,PM10 - Principal,2023-11-20 02:00 PM,2023,11,20,14,0.0,0,Good,-1.0,UG/M3,1 Hr,Valid
Guatemala City,PM10 - Principal,2023-11-20 03:00 PM,2023,11,20,15,0.0,0,Good,0.0,UG/M3,1 Hr,Valid
Guatemala City,PM10 - Principal,2023-11-20 04:00 PM,2023,11,20,16,1.0,1,Good,2.0,UG/M3,1 Hr,Valid
Guatemala City,PM10 - Principal,2023-11-20 05:00 PM,2023,11,20,17,1.0,1,Good,2.0,UG/M3,1 Hr,Valid
Guatemala City,PM10 - Principal,2023-11-20 06:00 PM,2023,11,20,18,3.0,3,Good,6.0,UG/M3,1 Hr,Valid
Guatemala City,PM10 - Principal,2023-11-20 07:00 PM,2023,11,20,19,3.0,3,Good,4.0,UG/M3,1 Hr,Valid
Guatemala City,PM10 - Principal,2023-11-20 08:00 PM,2023,11,20,20,5.0,5,Good,7.0,UG/M3,1 Hr,Valid
Guatemala City,PM10 - Principal,2023-11-20 09:00 PM,2023,11,20,21,5.0,5,Good,5.0,UG/M3,1 Hr,Valid
Guatemala City,PM10 - Principal,2023-11-20 10:00 PM,2023,11,20,22,4.0,4,Good,4.0,UG/M3,1 Hr,Valid
Guatemala City,PM10 - Principal,2023-11-20 11:00 PM,2023,11,20,23,4.0,4,Good,4.0,UG/M3,1 Hr,Valid
Guatemala City,PM10 - Principal,2023-11-21 12:00 AM,2023,11,21,00,3.0,3,Good,3.0,UG/M3,1 Hr,Valid
Guatemala City,PM10 - Principal,2023-11-21 01:00 AM,2023,11,21,01,3.0,3,Good,-999.0,UG/M3,1 Hr,Missing
Guatemala City,PM10 - Principal,2023-12-04 05:00 PM,2023,12,04,17,-999.0,-999,N/A,-1.0,UG/M3,1 Hr,Valid
Guatemala City,PM10 - Principal,2023-12-04 06:00 PM,2023,12,04,18,1.0,1,Good,3.0,UG/M3,1 Hr,Valid
Guatemala City,PM10 - Principal,2023-12-04 07:00 PM,2023,12,04,19,3.0,3,Good,4.0,UG/M3,1 Hr,Valid
Guatemala City,PM10 - Principal,2023-12-04 08:00 PM,2023,12,04,20,4.0,4,Good,5.0,UG/M3,1 Hr,Valid
Guatemala City,PM10 - Principal,2023-12-04 09:00 PM,2023,12,04,21,4.0,4,Good,4.0,UG/M3,1 Hr,Valid
Guatemala City,PM10 - Principal,2023-12-04 10:00 PM,2023,12,04,22,4.0,4,Good,4.0,UG/M3,1 Hr,Valid
Guatemala City,PM10 - Principal,2023-12-04 11:00 PM,2023,12,04,23,3.0,3,Good,3.0,UG/M3,1 Hr,Valid
Guatemala City,PM10 - Principal,2023-12-05 12:00 AM,2023,12,05,00,2.0,2,Good,2.0,UG/M3,1 Hr,Valid
Guatemala City,PM10 - Principal,2023-12-05 01:00 AM,2023,12,05,01,2.0,2,Good,3.0,UG/M3,1 Hr,Valid
Guatemala City,PM10 - Principal,2023-12-05 02:00 AM,2023,12,05,02,2.0,2,Good,2.0,UG/M3,1 Hr,Valid
Guatemala City,PM10 - Principal,2023-12-05 03:00 AM,2023,12,05,03,2.0,2,Good,2.0,UG/M3,1 Hr,Valid
Guatemala City,PM10 - Principal,2023-12-05 04:00 AM,2023,12,05,04,2.0,2,Good,2.0,UG/M3,1 Hr,Valid
Guatemala City,PM10 - Principal,2023-12-05 05:00 AM,2023,12,05,05,2.0,2,Good,3.0,UG/M3,1 Hr,Valid
Guatemala City,PM10 - Principal,2023-12-05 06:00 AM,2023,12,05,06,3.0,3,Good,4.0,UG/M3,1 Hr,Valid
Guatemala City,PM10 - Principal,2023-12-05 07:00 AM,2023,12,05,07,3.0,3,Good,3.0,UG/M3,1 Hr,Valid
Guatemala City,PM10 - Principal,2023-12-05 08:00 AM,2023,12,05,08,5.0,5,Good,8.0,UG/M3,1 Hr,Valid
Guatemala City,PM10 - Principal,2023-12-05 09:00 AM,2023,12,05,09,5.0,5,Good,5.0,UG/M3,1 Hr,Valid
Guatemala City,PM10 - Principal,2023-12-05 10:00 AM,2023,12,05,10,2.0,2,Good,0.0,UG/M3,1 Hr,Valid
Guatemala City,PM10 - Principal,2023-12-05 11:00 AM,2023,12,05,11,3.0,3,Good,4.0,UG/M3,1 Hr,Valid
Guatemala City,PM10 - Principal,2023-12-05 12:00 PM,2023,12,05,12,1.0,1,Good,-1.0,UG/M3,1 Hr,Valid
Guatemala City,PM10 - Principal,2023-12-05 01:00 PM,2023,12,05,13,1.0,1,Good,1.0,UG/M3,1 Hr,Valid
Guatemala City,PM10 - Principal,2023-12-05 02:00 PM,2023,12,05,14,2.0,2,Good,4.0,UG/M3,1 Hr,Valid
Guatemala City,PM10 - Principal,2023-12-05 03:00 PM,2023,12,05,15,3.0,3,Good,5.0,UG/M3,1 Hr,Valid
Guatemala City,PM10 - Principal,2023-12-05 04:00 PM,2023,12,05,16,4.0,4,Good,6.0,UG/M3,1 Hr,Valid
Guatemala City,PM10 - Principal,2023-12-05 05:00 PM,2023,12,05,17,4.0,4,Good,4.0,UG/M3,1 Hr,Valid
Guatemala City,PM10 - Principal,2023-12-05 06:00 PM,2023,12,05,18,4.0,4,Good,4.0,UG/M3,1 Hr,Valid
Guatemala City,PM10 - Principal,2023-12-05 07:00 PM,2023,12,05,19,5.0,5,Good,6.0,UG/M3,1 Hr,Valid
Guatemala City,PM10 - Principal,2023-12-05 08:00 PM,2023,12,05,20,5.0,5,Good,5.0,UG/M3,1 Hr,Valid
Guatemala City,PM10 - Principal,2023-12-05 09:00 PM,2023,12,05,21,5.0,5,Good,5.0,UG/M3,1 Hr,Valid
Guatemala City,PM10 - Principal,2023-12-05 10:00 PM,2023,12,05,22,5.0,5,Good,5.0,UG/M3,1 Hr,Valid
Guatemala City,PM10 - Principal,2023-12-05 11:00 PM,2023,12,05,23,3.0,3,Good,2.0,UG/M3,1 Hr,Valid
Guatemala City,PM10 - Principal,2023-12-06 12:00 AM,2023,12,06,00,2.0,2,Good,1.0,UG/M3,1 Hr,Valid
Guatemala City,PM10 - Principal,2023-12-06 01:00 AM,2023,12,06,01,3.0,3,Good,5.0,UG/M3,1 Hr,Valid
Guatemala City,PM10 - Principal,2023-12-06 02:00 AM,2023,12,06,02,4.0,4,Good,5.0,UG/M3,1 Hr,Valid
Guatemala City,PM10 - Principal,2023-12-06 03:00 AM,2023,12,06,03,3.0,3,Good,3.0,UG/M3,1 Hr,Valid
Guatemala City,PM10 - Principal,2023-12-06 04:00 AM,2023,12,06,04,3.0,3,Good,3.0,UG/M3,1 Hr,Valid
Guatemala City,PM10 - Principal,2023-12-06 05:00 AM,2023,12,06,05,3.0,3,Good,3.0,UG/M3,1 Hr,Valid
Guatemala City,PM10 - Principal,2023-12-06 06:00 AM,2023,12,06,06,3.0,3,Good,3.0,UG/M3,1 Hr,Valid
Guatemala City,PM10 - Principal,2023-12-06 07:00 AM,2023,12,06,07,3.0,3,Good,4.0,UG/M3,1 Hr,Valid
Guatemala City,PM10 - Principal,2023-12-06 08:00 AM,2023,12,06,08,6.0,6,Good,9.0,UG/M3,1 Hr,Valid
Guatemala City,PM10 - Principal,2023-12-06 09:00 AM,2023,12,06,09,6.0,6,Good,7.0,UG/M3,1 Hr,Valid
Guatemala City,PM10 - Principal,2023-12-06 10:00 AM,2023,12,06,10,6.0,6,Good,6.0,UG/M3,1 Hr,Valid
Guatemala City,PM10 - Principal,2023-12-06 11:00 AM,2023,12,06,11,6.0,6,Good,6.0,UG/M3,1 Hr,Valid
Guatemala City,PM10 - Principal,2023-12-06 12:00 PM,2023,12,06,12,5.0,5,Good,5.0,UG/M3,1 Hr,Valid
Guatemala City,PM10 - Principal,2023-12-06 01:00 PM,2023,12,06,13,3.0,3,Good,2.0,UG/M3,1 Hr,Valid
Guatemala City,PM10 - Principal,2023-12-06 02:00 PM,2023,12,06,14,2.0,2,Good,1.0,UG/M3,1 Hr,Valid
Guatemala City,PM10 - Principal,2023-12-06 03:00 PM,2023,12,06,15,2.0,2,Good,3.0,UG/M3,1 Hr,Valid
Guatemala City,PM10 - Principal,2023-12-06 04:00 PM,2023,12,06,16,2.0,2,Good,2.0,UG/M3,1 Hr,Valid
Guatemala City,PM10 - Principal,2023-12-06 05:00 PM,2023,12,06,17,3.0,3,Good,5.0,UG/M3,1 Hr,Valid
Guatemala City,PM10 - Principal,2023-12-06 06:00 PM,2023,12,06,18,4.0,4,Good,5.0,UG/M3,1 Hr,Valid
Guatemala City,PM10 - Principal,2023-12-06 07:00 PM,2023,12,06,19,4.0,4,Good,5.0,UG/M3,1 Hr,Valid
Guatemala City,PM10 - Principal,2023-12-06 08:00 PM,2023,12,06,20,4.0,4,Good,5.0,UG/M3,1 Hr,Valid
Guatemala City,PM10 - Principal,2023-12-06 09:00 PM,2023,12,06,21,3.0,3,Good,2.0,UG/M3,1 Hr,Valid
Guatemala City,PM10 - Principal,2023-12-06 10:00 PM,2023,12,06,22,2.0,2,Good,2.0,UG/M3,1 Hr,Valid
Guatemala City,PM10 - Principal,2023-12-06 11:00 PM,2023,12,06,23,3.0,3,Good,5.0,UG/M3,1 Hr,Valid
Guatemala City,PM10 - Principal,2023-12-07 12:00 AM,2023,12,07,00,4.0,4,Good,5.0,UG/M3,1 Hr,Valid
Guatemala City,PM10 - Principal,2023-12-07 01:00 AM,2023,12,07,01,5.0,5,Good,6.0,UG/M3,1 Hr,Valid
Guatemala City,PM10 - Principal,2023-12-07 02:00 AM,2023,12,07,02,4.0,4,Good,4.0,UG/M3,1 Hr,Valid
Guatemala City,PM10 - Principal,2023-12-07 03:00 AM,2023,12,07,03,3.0,3,Good,2.0,UG/M3,1 Hr,Valid
Guatemala City,PM10 - Principal,2023-12-07 04:00 AM,2023,12,07,04,2.0,2,Good,1.0,UG/M3,1 Hr,Valid
Guatemala City,PM10 - Principal,2023-12-07 05:00 AM,2023,12,07,05,2.0,2,Good,3.0,UG/M3,1 Hr,Valid
Guatemala City,PM10 - Principal,2023-12-07 06:00 AM,2023,12,07,06,3.0,3,Good,4.0,UG/M3,1 Hr,Valid
Guatemala City,PM10 - Principal,2023-12-07 07:00 AM,2023,12,07,07,2.0,2,Good,1.0,UG/M3,1 Hr,Valid
Guatemala City,PM10 - Principal,2023-12-07 08:00 AM,2023,12,07,08,2.0,2,Good,2.0,UG/M3,1 Hr,Valid
Guatemala City,PM10 - Principal,2023-12-07 09:00 AM,2023,12,07,09,3.0,3,Good,4.0,UG/M3,1 Hr,Valid
Guatemala City,PM10 - Principal,2023-12-07 10:00 AM,2023,12,07,10,3.0,3,Good,3.0,UG/M3,1 Hr,Valid
Guatemala City,PM10 - Principal,2023-12-07 11:00 AM,2023,12,07,11,3.0,3,Good,4.0,UG/M3,1 Hr,Valid
Guatemala City,PM10 - Principal,2023-12-07 12:00 PM,2023,12,07,12,3.0,3,Good,3.0,UG/M3,1 Hr,Valid
Guatemala City,PM10 - Principal,2023-12-07 01:00 PM,2023,12,07,13,2.0,2,Good,2.0,UG/M3,1 Hr,Valid
Guatemala City,PM10 - Principal,2023-12-07 02:00 PM,2023,12,07,14,2.0,2,Good,2.0,UG/M3,1 Hr,Valid
Guatemala City,PM10 - Principal,2023-12-07 03:00 PM,2023,12,07,15,2.0,2,Good,2.0,UG/M3,1 Hr,Valid
Guatemala City,PM10 - Principal,2023-12-07 04:00 PM,2023,12,07,16,3.0,3,Good,5.0,UG/M3,1 Hr,Valid
Guatemala City,PM10 - Principal,2023-12-07 05:00 PM,2023,12,07,17,5.0,5,Good,7.0,UG/M3,1 Hr,Valid
Guatemala City,PM10 - Principal,2023-12-07 06:00 PM,2023,12,07,18,6.0,6,Good,8.0,UG/M3,1 Hr,Valid
Guatemala City,PM10 - Principal,2023-12-07 07:00 PM,2023,12,07,19,8.0,7,Good,10.0,UG/M3,1 Hr,Valid
Guatemala City,PM10 - Principal,2023-12-07 08:00 PM,2023,12,07,20,7.0,6,Good,6.0,UG/M3,1 Hr,Valid
Guatemala City,PM10 - Principal,2023-12-07 09:00 PM,2023,12,07,21,5.0,5,Good,4.0,UG/M3,1 Hr,Valid
Guatemala City,PM10 - Principal,2023-12-07 10:00 PM,2023,12,07,22,4.0,4,Good,3.0,UG/M3,1 Hr,Valid
Guatemala City,PM10 - Principal,2023-12-07 11:00 PM,2023,12,07,23,4.0,4,Good,5.0,UG/M3,1 Hr,Valid
Guatemala City,PM10 - Principal,2023-12-08 12:00 AM,2023,12,08,00,5.0,5,Good,6.0,UG/M3,1 Hr,Valid
Guatemala City,PM10 - Principal,2023-12-08 01:00 AM,2023,12,08,01,6.0,6,Good,8.0,UG/M3,1 Hr,Valid
Guatemala City,PM10 - Principal,2023-12-08 02:00 AM,2023,12,08,02,6.0,6,Good,6.0,UG/M3,1 Hr,Valid
Guatemala City,PM10 - Principal,2023-12-08 03:00 AM,2023,12,08,03,6.0,6,Good,6.0,UG/M3,1 Hr,Valid
Guatemala City,PM10 - Principal,2023-12-08 04:00 AM,2023,12,08,04,5.0,5,Good,4.0,UG/M3,1 Hr,Valid
Guatemala City,PM10 - Principal,2023-12-08 05:00 AM,2023,12,08,05,4.0,4,Good,4.0,UG/M3,1 Hr,Valid
Guatemala City,PM10 - Principal,2023-12-08 06:00 AM,2023,12,08,06,5.0,5,Good,6.0,UG/M3,1 Hr,Valid
Guatemala City,PM10 - Principal,2023-12-08 07:00 AM,2023,12,08,07,6.0,6,Good,8.0,UG/M3,1 Hr,Valid
Guatemala City,PM10 - Principal,2023-12-08 08:00 AM,2023,12,08,08,4.0,4,Good,3.0,UG/M3,1 Hr,Valid
Guatemala City,PM10 - Principal,2023-12-08 09:00 AM,2023,12,08,09,4.0,4,Good,5.0,UG/M3,1 Hr,Valid
Guatemala City,PM10 - Principal,2023-12-08 10:00 AM,2023,12,08,10,4.0,4,Good,5.0,UG/M3,1 Hr,Valid
Guatemala City,PM10 - Principal,2023-12-08 11:00 AM,2023,12,08,11,4.0,4,Good,5.0,UG/M3,1 Hr,Valid
Guatemala City,PM10 - Principal,2023-12-08 12:00 PM,2023,12,08,12,3.0,3,Good,3.0,UG/M3,1 Hr,Valid
Guatemala City,PM10 - Principal,2023-12-08 01:00 PM,2023,12,08,13,2.0,2,Good,1.0,UG/M3,1 Hr,Valid
Guatemala City,PM10 - Principal,2023-12-08 02:00 PM,2023,12,08,14,2.0,2,Good,-999.0,UG/M3,1 Hr,Missing
Guatemala City,PM10 - Principal,2023-12-08 04:00 PM,2023,12,08,16,-999.0,-999,N/A,5.0,UG/M3,1 Hr,Valid
Guatemala City,PM10 - Principal,2023-12-08 05:00 PM,2023,12,08,17,5.0,5,Good,6.0,UG/M3,1 Hr,Valid
Guatemala City,PM10 - Principal,2023-12-08 06:00 PM,2023,12,08,18,5.0,5,Good,5.0,UG/M3,1 Hr,Valid
Guatemala City,PM10 - Principal,2023-12-08 07:00 PM,2023,12,08,19,8.0,7,Good,12.0,UG/M3,1 Hr,Valid
Guatemala City,PM10 - Principal,2023-12-08 08:00 PM,2023,12,08,20,8.0,7,Good,8.0,UG/M3,1 Hr,Valid
Guatemala City,PM10 - Principal,2023-12-08 09:00 PM,2023,12,08,21,6.0,6,Good,4.0,UG/M3,1 Hr,Valid
Guatemala City,PM10 - Principal,2023-12-08 10:00 PM,2023,12,08,22,3.0,3,Good,1.0,UG/M3,1 Hr,Valid
Guatemala City,PM10 - Principal,2023-12-08 11:00 PM,2023,12,08,23,2.0,2,Good,2.0,UG/M3,1 Hr,Valid
Guatemala City,PM10 - Principal,2023-12-09 12:00 AM,2023,12,09,00,1.0,1,Good,1.0,UG/M3,1 Hr,Valid
Guatemala City,PM10 - Principal,2023-12-09 01:00 AM,2023,12,09,01,9.0,8,Good,17.0,UG/M3,1 Hr,Valid
Guatemala City,PM10 - Principal,2023-12-09 02:00 AM,2023,12,09,02,6.0,6,Good,3.0,UG/M3,1 Hr,Valid
Guatemala City,PM10 - Principal,2023-12-09 03:00 AM,2023,12,09,03,6.0,6,Good,6.0,UG/M3,1 Hr,Valid
Guatemala City,PM10 - Principal,2023-12-09 04:00 AM,2023,12,09,04,6.0,6,Good,7.0,UG/M3,1 Hr,Valid
Guatemala City,PM10 - Principal,2023-12-09 05:00 AM,2023,12,09,05,4.0,4,Good,3.0,UG/M3,1 Hr,Valid
Guatemala City,PM10 - Principal,2023-12-09 06:00 AM,2023,12,09,06,2.0,2,Good,1.0,UG/M3,1 Hr,Valid
Guatemala City,PM10 - Principal,2023-12-09 07:00 AM,2023,12,09,07,2.0,2,Good,3.0,UG/M3,1 Hr,Valid
Guatemala City,PM10 - Principal,2023-12-09 08:00 AM,2023,12,09,08,3.0,3,Good,4.0,UG/M3,1 Hr,Valid
Guatemala City,PM10 - Principal,2023-12-09 09:00 AM,2023,12,09,09,2.0,2,Good,2.0,UG/M3,1 Hr,Valid
Guatemala City,PM10 - Principal,2023-12-09 10:00 AM,2023,12,09,10,2.0,2,Good,2.0,UG/M3,1 Hr,Valid
Guatemala City,PM10 - Principal,2023-12-09 11:00 AM,2023,12,09,11,2.0,2,Good,2.0,UG/M3,1 Hr,Valid
Guatemala City,PM10 - Principal,2023-12-09 12:00 PM,2023,12,09,12,1.0,1,Good,0.0,UG/M3,1 Hr,Valid
Guatemala City,PM10 - Principal,2023-12-09 01:00 PM,2023,12,09,13,2.0,2,Good,4.0,UG/M3,1 Hr,Valid
Guatemala City,PM10 - Principal,2023-12-09 02:00 PM,2023,12,09,14,4.0,4,Good,7.0,UG/M3,1 Hr,Valid
Guatemala City,PM10 - Principal,2023-12-09 03:00 PM,2023,12,09,15,4.0,4,Good,4.0,UG/M3,1 Hr,Valid
Guatemala City,PM10 - Principal,2023-12-09 04:00 PM,2023,12,09,16,2.0,2,Good,1.0,UG/M3,1 Hr,Valid
Guatemala City,PM10 - Principal,2023-12-09 05:00 PM,2023,12,09,17,3.0,3,Good,4.0,UG/M3,1 Hr,Valid
Guatemala City,PM10 - Principal,2023-12-09 06:00 PM,2023,12,09,18,4.0,4,Good,6.0,UG/M3,1 Hr,Valid
Guatemala City,PM10 - Principal,2023-12-09 07:00 PM,2023,12,09,19,3.0,3,Good,2.0,UG/M3,1 Hr,Valid
Guatemala City,PM10 - Principal,2023-12-09 08:00 PM,2023,12,09,20,3.0,3,Good,4.0,UG/M3,1 Hr,Valid
Guatemala City,PM10 - Principal,2023-12-09 09:00 PM,2023,12,09,21,4.0,4,Good,5.0,UG/M3,1 Hr,Valid
Guatemala City,PM10 - Principal,2023-12-09 10:00 PM,2023,12,09,22,4.0,4,Good,5.0,UG/M3,1 Hr,Valid
Guatemala City,PM10 - Principal,2023-12-09 11:00 PM,2023,12,09,23,5.0,5,Good,6.0,UG/M3,1 Hr,Valid
Guatemala City,PM10 - Principal,2023-12-10 12:00 AM,2023,12,10,00,4.0,4,Good,3.0,UG/M3,1 Hr,Valid
Guatemala City,PM10 - Principal,2023-12-10 01:00 AM,2023,12,10,01,4.0,4,Good,5.0,UG/M3,1 Hr,Valid
Guatemala City,PM10 - Principal,2023-12-10 02:00 AM,2023,12,10,02,3.0,3,Good,3.0,UG/M3,1 Hr,Valid
Guatemala City,PM10 - Principal,2023-12-10 03:00 AM,2023,12,10,03,2.0,2,Good,1.0,UG/M3,1 Hr,Valid
Guatemala City,PM10 - Principal,2023-12-10 04:00 AM,2023,12,10,04,4.0,4,Good,6.0,UG/M3,1 Hr,Valid
Guatemala City,PM10 - Principal,2023-12-10 05:00 AM,2023,12,10,05,4.0,4,Good,4.0,UG/M3,1 Hr,Valid
Guatemala City,PM10 - Principal,2023-12-10 06:00 AM,2023,12,10,06,4.0,4,Good,4.0,UG/M3,1 Hr,Valid
Guatemala City,PM10 - Principal,2023-12-10 07:00 AM,2023,12,10,07,4.0,4,Good,5.0,UG/M3,1 Hr,Valid
Guatemala City,PM10 - Principal,2023-12-10 08:00 AM,2023,12,10,08,3.0,3,Good,3.0,UG/M3,1 Hr,Valid
Guatemala City,PM10 - Principal,2023-12-10 09:00 AM,2023,12,10,09,2.0,2,Good,1.0,UG/M3,1 Hr,Valid
Guatemala City,PM10 - Principal,2023-12-10 10:00 AM,2023,12,10,10,1.0,1,Good,1.0,UG/M3,1 Hr,Valid
Guatemala City,PM10 - Principal,2023-12-10 11:00 AM,2023,12,10,11,3.0,3,Good,6.0,UG/M3,1 Hr,Valid
Guatemala City,PM10 - Principal,2023-12-10 12:00 PM,2023,12,10,12,4.0,4,Good,5.0,UG/M3,1 Hr,Valid
Guatemala City,PM10 - Principal,2023-12-10 01:00 PM,2023,12,10,13,3.0,3,Good,3.0,UG/M3,1 Hr,Valid
Guatemala City,PM10 - Principal,2023-12-10 02:00 PM,2023,12,10,14,3.0,3,Good,3.0,UG/M3,1 Hr,Valid
Guatemala City,PM10 - Principal,2023-12-10 03:00 PM,2023,12,10,15,5.0,5,Good,7.0,UG/M3,1 Hr,Valid
Guatemala City,PM10 - Principal,2023-12-10 04:00 PM,2023,12,10,16,5.0,5,Good,5.0,UG/M3,1 Hr,Valid
Guatemala City,PM10 - Principal,2023-12-10 05:00 PM,2023,12,10,17,5.0,5,Good,5.0,UG/M3,1 Hr,Valid
Guatemala City,PM10 - Principal,2023-12-10 06:00 PM,2023,12,10,18,2.0,2,Good,-1.0,UG/M3,1 Hr,Valid
Guatemala City,PM10 - Principal,2023-12-10 07:00 PM,2023,12,10,19,0.0,0,Good,-2.0,UG/M3,1 Hr,Valid
Guatemala City,PM10 - Principal,2023-12-10 08:00 PM,2023,12,10,20,3.0,3,Good,7.0,UG/M3,1 Hr,Valid
Guatemala City,PM10 - Principal,2023-12-10 09:00 PM,2023,12,10,21,4.0,4,Good,5.0,UG/M3,1 Hr,Valid
Guatemala City,PM10 - Principal,2023-12-10 10:00 PM,2023,12,10,22,4.0,4,Good,5.0,UG/M3,1 Hr,Valid
Guatemala City,PM10 - Principal,2023-12-10 11:00 PM,2023,12,10,23,5.0,5,Good,6.0,UG/M3,1 Hr,Valid
Guatemala City,PM10 - Principal,2023-12-11 12:00 AM,2023,12,11,00,4.0,4,Good,4.0,UG/M3,1 Hr,Valid
Guatemala City,PM10 - Principal,2023-12-11 01:00 AM,2023,12,11,01,3.0,3,Good,3.0,UG/M3,1 Hr,Valid
Guatemala City,PM10 - Principal,2023-12-11 02:00 AM,2023,12,11,02,3.0,3,Good,3.0,UG/M3,1 Hr,Valid
Guatemala City,PM10 - Principal,2023-12-11 03:00 AM,2023,12,11,03,4.0,4,Good,5.0,UG/M3,1 Hr,Valid
Guatemala City,PM10 - Principal,2023-12-11 04:00 AM,2023,12,11,04,4.0,4,Good,4.0,UG/M3,1 Hr,Valid
Guatemala City,PM10 - Principal,2023-12-11 05:00 AM,2023,12,11,05,3.0,3,Good,3.0,UG/M3,1 Hr,Valid
Guatemala City,PM10 - Principal,2023-12-11 06:00 AM,2023,12,11,06,4.0,4,Good,5.0,UG/M3,1 Hr,Valid
Guatemala City,PM10 - Principal,2023-12-11 07:00 AM,2023,12,11,07,3.0,3,Good,3.0,UG/M3,1 Hr,Valid
Guatemala City,PM10 - Principal,2023-12-11 08:00 AM,2023,12,11,08,4.0,4,Good,5.0,UG/M3,1 Hr,Valid
Guatemala City,PM10 - Principal,2023-12-11 09:00 AM,2023,12,11,09,5.0,5,Good,6.0,UG/M3,1 Hr,Valid
Guatemala City,PM10 - Principal,2023-12-11 10:00 AM,2023,12,11,10,5.0,5,Good,5.0,UG/M3,1 Hr,Valid
Guatemala City,PM10 - Principal,2023-12-11 11:00 AM,2023,12,11,11,4.0,4,Good,4.0,UG/M3,1 Hr,Valid
Guatemala City,PM10 - Principal,2023-12-11 12:00 PM,2023,12,11,12,2.0,2,Good,0.0,UG/M3,1 Hr,Valid
Guatemala City,PM10 - Principal,2023-12-11 01:00 PM,2023,12,11,13,0.0,0,Good,-3.0,UG/M3,1 Hr,Valid
Guatemala City,PM10 - Principal,2023-12-11 02:00 PM,2023,12,11,14,0.0,0,Good,-2.0,UG/M3,1 Hr,Valid
Guatemala City,PM10 - Principal,2023-12-11 03:00 PM,2023,12,11,15,0.0,0,Good,-1.0,UG/M3,1 Hr,Valid
Guatemala City,PM10 - Principal,2023-12-11 04:00 PM,2023,12,11,16,0.0,0,Good,2.0,UG/M3,1 Hr,Valid
Guatemala City,PM10 - Principal,2023-12-11 05:00 PM,2023,12,11,17,2.0,2,Good,4.0,UG/M3,1 Hr,Valid
Guatemala City,PM10 - Principal,2023-12-11 06:00 PM,2023,12,11,18,3.0,3,Good,4.0,UG/M3,1 Hr,Valid
Guatemala City,PM10 - Principal,2023-12-11 07:00 PM,2023,12,11,19,3.0,3,Good,4.0,UG/M3,1 Hr,Valid
Guatemala City,PM10 - Principal,2023-12-11 08:00 PM,2023,12,11,20,3.0,3,Good,4.0,UG/M3,1 Hr,Valid
Guatemala City,PM10 - Principal,2023-12-11 09:00 PM,2023,12,11,21,3.0,3,Good,3.0,UG/M3,1 Hr,Valid
Guatemala City,PM10 - Principal,2023-12-11 10:00 PM,2023,12,11,22,1.0,1,Good,0.0,UG/M3,1 Hr,Valid
Guatemala City,PM10 - Principal,2023-12-11 11:00 PM,2023,12,11,23,1.0,1,Good,2.0,UG/M3,1 Hr,Valid
Guatemala City,PM10 - Principal,2023-12-12 12:00 AM,2023,12,12,00,2.0,2,Good,3.0,UG/M3,1 Hr,Valid
Guatemala City,PM10 - Principal,2023-12-12 01:00 AM,2023,12,12,01,1.0,1,Good,1.0,UG/M3,1 Hr,Valid
Guatemala City,PM10 - Principal,2023-12-12 02:00 AM,2023,12,12,02,3.0,3,Good,5.0,UG/M3,1 Hr,Valid
Guatemala City,PM10 - Principal,2023-12-12 03:00 AM,2023,12,12,03,3.0,3,Good,4.0,UG/M3,1 Hr,Valid
Guatemala City,PM10 - Principal,2023-12-12 04:00 AM,2023,12,12,04,2.0,2,Good,1.0,UG/M3,1 Hr,Valid
Guatemala City,PM10 - Principal,2023-12-12 05:00 AM,2023,12,12,05,2.0,2,Good,3.0,UG/M3,1 Hr,Valid
Guatemala City,PM10 - Principal,2023-12-12 06:00 AM,2023,12,12,06,3.0,3,Good,5.0,UG/M3,1 Hr,Valid
Guatemala City,PM10 - Principal,2023-12-12 07:00 AM,2023,12,12,07,2.0,2,Good,2.0,UG/M3,1 Hr,Valid
Guatemala City,PM10 - Principal,2023-12-12 08:00 AM,2023,12,12,08,1.0,1,Good,0.0,UG/M3,1 Hr,Valid
Guatemala City,PM10 - Principal,2023-12-12 09:00 AM,2023,12,12,09,1.0,1,Good,1.0,UG/M3,1 Hr,Valid
Guatemala City,PM10 - Principal,2023-12-12 10:00 AM,2023,12,12,10,1.0,1,Good,1.0,UG/M3,1 Hr,Valid
Guatemala City,PM10 - Principal,2023-12-12 11:00 AM,2023,12,12,11,1.0,1,Good,1.0,UG/M3,1 Hr,Valid
Guatemala City,PM10 - Principal,2023-12-12 12:00 PM,2023,12,12,12,3.0,3,Good,5.0,UG/M3,1 Hr,Valid
Guatemala City,PM10 - Principal,2023-12-12 01:00 PM,2023,12,12,13,4.0,4,Good,5.0,UG/M3,1 Hr,Valid
Guatemala City,PM10 - Principal,2023-12-12 02:00 PM,2023,12,12,14,4.0,4,Good,4.0,UG/M3,1 Hr,Valid
Guatemala City,PM10 - Principal,2023-12-12 03:00 PM,2023,12,12,15,3.0,3,Good,3.0,UG/M3,1 Hr,Valid
Guatemala City,PM10 - Principal,2023-12-12 04:00 PM,2023,12,12,16,2.0,2,Good,2.0,UG/M3,1 Hr,Valid
Guatemala City,PM10 - Principal,2023-12-12 05:00 PM,2023,12,12,17,2.0,2,Good,2.0,UG/M3,1 Hr,Valid
Guatemala City,PM10 - Principal,2023-12-12 06:00 PM,2023,12,12,18,3.0,3,Good,4.0,UG/M3,1 Hr,Valid
Guatemala City,PM10 - Principal,2023-12-12 07:00 PM,2023,12,12,19,5.0,5,Good,7.0,UG/M3,1 Hr,Valid
Guatemala City,PM10 - Principal,2023-12-12 08:00 PM,2023,12,12,20,6.0,6,Good,7.0,UG/M3,1 Hr,Valid
Guatemala City,PM10 - Principal,2023-12-12 09:00 PM,2023,12,12,21,5.0,5,Good,4.0,UG/M3,1 Hr,Valid
Guatemala City,PM10 - Principal,2023-12-12 10:00 PM,2023,12,12,22,3.0,3,Good,2.0,UG/M3,1 Hr,Valid
Guatemala City,PM10 - Principal,2023-12-12 11:00 PM,2023,12,12,23,3.0,3,Good,4.0,UG/M3,1 Hr,Valid
Guatemala City,PM10 - Principal,2023-12-13 12:00 AM,2023,12,13,00,3.0,3,Good,3.0,UG/M3,1 Hr,Valid
Guatemala City,PM10 - Principal,2023-12-13 01:00 AM,2023,12,13,01,5.0,5,Good,7.0,UG/M3,1 Hr,Valid
Guatemala City,PM10 - Principal,2023-12-13 02:00 AM,2023,12,13,02,4.0,4,Good,4.0,UG/M3,1 Hr,Valid
Guatemala City,PM10 - Principal,2023-12-13 03:00 AM,2023,12,13,03,2.0,2,Good,0.0,UG/M3,1 Hr,Valid
Guatemala City,PM10 - Principal,2023-12-13 04:00 AM,2023,12,13,04,1.0,1,Good,0.0,UG/M3,1 Hr,Valid
Guatemala City,PM10 - Principal,2023-12-13 05:00 AM,2023,12,13,05,1.0,1,Good,2.0,UG/M3,1 Hr,Valid
Guatemala City,PM10 - Principal,2023-12-13 06:00 AM,2023,12,13,06,3.0,3,Good,6.0,UG/M3,1 Hr,Valid
Guatemala City,PM10 - Principal,2023-12-13 07:00 AM,2023,12,13,07,3.0,3,Good,3.0,UG/M3,1 Hr,Valid
Guatemala City,PM10 - Principal,2023-12-13 08:00 AM,2023,12,13,08,3.0,3,Good,3.0,UG/M3,1 Hr,Valid
Guatemala City,PM10 - Principal,2023-12-13 09:00 AM,2023,12,13,09,2.0,2,Good,2.0,UG/M3,1 Hr,Valid
Guatemala City,PM10 - Principal,2023-12-13 10:00 AM,2023,12,13,10,1.0,1,Good,0.0,UG/M3,1 Hr,Valid
Guatemala City,PM10 - Principal,2023-12-13 11:00 AM,2023,12,13,11,3.0,3,Good,5.0,UG/M3,1 Hr,Valid
Guatemala City,PM10 - Principal,2023-12-13 12:00 PM,2023,12,13,12,3.0,3,Good,4.0,UG/M3,1 Hr,Valid
Guatemala City,PM10 - Principal,2023-12-13 01:00 PM,2023,12,13,13,2.0,2,Good,1.0,UG/M3,1 Hr,Valid
Guatemala City,PM10 - Principal,2023-12-13 02:00 PM,2023,12,13,14,2.0,2,Good,3.0,UG/M3,1 Hr,Valid
Guatemala City,PM10 - Principal,2023-12-13 03:00 PM,2023,12,13,15,2.0,2,Good,3.0,UG/M3,1 Hr,Valid
Guatemala City,PM10 - Principal,2023-12-13 04:00 PM,2023,12,13,16,2.0,2,Good,3.0,UG/M3,1 Hr,Valid
Guatemala City,PM10 - Principal,2023-12-13 05:00 PM,2023,12,13,17,2.0,2,Good,3.0,UG/M3,1 Hr,Valid
Guatemala City,PM10 - Principal,2023-12-13 06:00 PM,2023,12,13,18,1.0,1,Good,1.0,UG/M3,1 Hr,Valid
Guatemala City,PM10 - Principal,2023-12-13 07:00 PM,2023,12,13,19,2.0,2,Good,3.0,UG/M3,1 Hr,Valid
Guatemala City,PM10 - Principal,2023-12-13 08:00 PM,2023,12,13,20,3.0,3,Good,5.0,UG/M3,1 Hr,Valid
Guatemala City,PM10 - Principal,2023-12-13 09:00 PM,2023,12,13,21,5.0,5,Good,7.0,UG/M3,1 Hr,Valid
Guatemala City,PM10 - Principal,2023-12-13 10:00 PM,2023,12,13,22,4.0,4,Good,4.0,UG/M3,1 Hr,Valid
Guatemala City,PM10 - Principal,2023-12-13 11:00 PM,2023,12,13,23,2.0,2,Good,0.0,UG/M3,1 Hr,Valid
Guatemala City,PM10 - Principal,2023-12-14 12:00 AM,2023,12,14,00,3.0,3,Good,4.0,UG/M3,1 Hr,Valid
Guatemala City,PM10 - Principal,2023-12-14 01:00 AM,2023,12,14,01,4.0,4,Good,5.0,UG/M3,1 Hr,Valid
Guatemala City,PM10 - Principal,2023-12-14 02:00 AM,2023,12,14,02,4.0,4,Good,4.0,UG/M3,1 Hr,Valid
Guatemala City,PM10 - Principal,2023-12-14 03:00 AM,2023,12,14,03,5.0,5,Good,6.0,UG/M3,1 Hr,Valid
Guatemala City,PM10 - Principal,2023-12-14 04:00 AM,2023,12,14,04,4.0,4,Good,4.0,UG/M3,1 Hr,Valid
Guatemala City,PM10 - Principal,2023-12-14 05:00 AM,2023,12,14,05,2.0,2,Good,1.0,UG/M3,1 Hr,Valid
Guatemala City,PM10 - Principal,2023-12-14 06:00 AM,2023,12,14,06,2.0,2,Good,3.0,UG/M3,1 Hr,Valid
Guatemala City,PM10 - Principal,2023-12-14 07:00 AM,2023,12,14,07,2.0,2,Good,2.0,UG/M3,1 Hr,Valid
Guatemala City,PM10 - Principal,2023-12-14 08:00 AM,2023,12,14,08,2.0,2,Good,3.0,UG/M3,1 Hr,Valid
Guatemala City,PM10 - Principal,2023-12-14 09:00 AM,2023,12,14,09,2.0,2,Good,3.0,UG/M3,1 Hr,Valid
Guatemala City,PM10 - Principal,2023-12-14 10:00 AM,2023,12,14,10,2.0,2,Good,3.0,UG/M3,1 Hr,Valid
Guatemala City,PM10 - Principal,2023-12-14 11:00 AM,2023,12,14,11,2.0,2,Good,3.0,UG/M3,1 Hr,Valid
Guatemala City,PM10 - Principal,2023-12-14 12:00 PM,2023,12,14,12,2.0,2,Good,2.0,UG/M3,1 Hr,Valid
Guatemala City,PM10 - Principal,2023-12-14 01:00 PM,2023,12,14,13,3.0,3,Good,4.0,UG/M3,1 Hr,Valid
Guatemala City,PM10 - Principal,2023-12-14 02:00 PM,2023,12,14,14,3.0,3,Good,4.0,UG/M3,1 Hr,Valid
Guatemala City,PM10 - Principal,2023-12-14 03:00 PM,2023,12,14,15,2.0,2,Good,2.0,UG/M3,1 Hr,Valid
Guatemala City,PM10 - Principal,2023-12-14 04:00 PM,2023,12,14,16,2.0,2,Good,2.0,UG/M3,1 Hr,Valid
Guatemala City,PM10 - Principal,2023-12-14 05:00 PM,2023,12,14,17,3.0,3,Good,4.0,UG/M3,1 Hr,Valid
Guatemala City,PM10 - Principal,2023-12-14 06:00 PM,2023,12,14,18,3.0,3,Good,3.0,UG/M3,1 Hr,Valid
Guatemala City,PM10 - Principal,2023-12-14 07:00 PM,2023,12,14,19,3.0,3,Good,3.0,UG/M3,1 Hr,Valid
Guatemala City,PM10 - Principal,2023-12-14 08:00 PM,2023,12,14,20,3.0,3,Good,3.0,UG/M3,1 Hr,Valid
Guatemala City,PM10 - Principal,2023-12-14 09:00 PM,2023,12,14,21,5.0,5,Good,7.0,UG/M3,1 Hr,Valid
Guatemala City,PM10 - Principal,2023-12-14 10:00 PM,2023,12,14,22,5.0,5,Good,5.0,UG/M3,1 Hr,Valid
Guatemala City,PM10 - Principal,2023-12-14 11:00 PM,2023,12,14,23,3.0,3,Good,1.0,UG/M3,1 Hr,Valid
Guatemala City,PM10 - Principal,2023-12-15 12:00 AM,2023,12,15,00,1.0,1,Good,0.0,UG/M3,1 Hr,Valid
Guatemala City,PM10 - Principal,2023-12-15 01:00 AM,2023,12,15,01,2.0,2,Good,4.0,UG/M3,1 Hr,Valid
Guatemala City,PM10 - Principal,2023-12-15 02:00 AM,2023,12,15,02,3.0,3,Good,5.0,UG/M3,1 Hr,Valid
Guatemala City,PM10 - Principal,2023-12-15 03:00 AM,2023,12,15,03,4.0,4,Good,6.0,UG/M3,1 Hr,Valid
Guatemala City,PM10 - Principal,2023-12-15 04:00 AM,2023,12,15,04,4.0,4,Good,4.0,UG/M3,1 Hr,Valid
Guatemala City,PM10 - Principal,2023-12-15 05:00 AM,2023,12,15,05,3.0,3,Good,2.0,UG/M3,1 Hr,Valid
Guatemala City,PM10 - Principal,2023-12-15 06:00 AM,2023,12,15,06,2.0,2,Good,2.0,UG/M3,1 Hr,Valid
Guatemala City,PM10 - Principal,2023-12-15 07:00 AM,2023,12,15,07,2.0,2,Good,-999.0,UG/M3,1 Hr,Missing
Guatemala City,PM10 - Principal,2023-12-15 08:00 AM,2023,12,15,08,1.0,1,Good,1.0,UG/M3,1 Hr,Valid
Guatemala City,PM10 - Principal,2023-12-15 09:00 AM,2023,12,15,09,0.0,0,Good,0.0,UG/M3,1 Hr,Valid
Guatemala City,PM10 - Principal,2023-12-15 10:00 AM,2023,12,15,10,0.0,0,Good,1.0,UG/M3,1 Hr,Valid
Guatemala City,PM10 - Principal,2023-12-15 11:00 AM,2023,12,15,11,0.0,0,Good,1.0,UG/M3,1 Hr,Valid
Guatemala City,PM10 - Principal,2023-12-15 12:00 PM,2023,12,15,12,0.0,0,Good,1.0,UG/M3,1 Hr,Valid
Guatemala City,PM10 - Principal,2023-12-15 01:00 PM,2023,12,15,13,1.0,1,Good,3.0,UG/M3,1 Hr,Valid
Guatemala City,PM10 - Principal,2023-12-15 02:00 PM,2023,12,15,14,1.0,1,Good,1.0,UG/M3,1 Hr,Valid
Guatemala City,PM10 - Principal,2023-12-15 03:00 PM,2023,12,15,15,1.0,1,Good,2.0,UG/M3,1 Hr,Valid
Guatemala City,PM10 - Principal,2023-12-15 04:00 PM,2023,12,15,16,2.0,2,Good,3.0,UG/M3,1 Hr,Valid
Guatemala City,PM10 - Principal,2023-12-15 05:00 PM,2023,12,15,17,2.0,2,Good,-999.0,UG/M3,1 Hr,Missing
Guatemala City,PM10 - Principal,2023-12-15 06:00 PM,2023,12,15,18,2.0,2,Good,3.0,UG/M3,1 Hr,Valid
Guatemala City,PM10 - Principal,2023-12-15 07:00 PM,2023,12,15,19,2.0,2,Good,2.0,UG/M3,1 Hr,Valid
Guatemala City,PM10 - Principal,2023-12-15 08:00 PM,2023,12,15,20,0.0,0,Good,-1.0,UG/M3,1 Hr,Valid
Guatemala City,PM10 - Principal,2023-12-15 09:00 PM,2023,12,15,21,1.0,1,Good,2.0,UG/M3,1 Hr,Valid
Guatemala City,PM10 - Principal,2023-12-15 10:00 PM,2023,12,15,22,2.0,2,Good,3.0,UG/M3,1 Hr,Valid
Guatemala City,PM10 - Principal,2023-12-15 11:00 PM,2023,12,15,23,3.0,3,Good,4.0,UG/M3,1 Hr,Valid
Guatemala City,PM10 - Principal,2023-12-16 12:00 AM,2023,12,16,00,4.0,4,Good,5.0,UG/M3,1 Hr,Valid
Guatemala City,PM10 - Principal,2023-12-16 01:00 AM,2023,12,16,01,7.0,6,Good,10.0,UG/M3,1 Hr,Valid
Guatemala City,PM10 - Principal,2023-12-16 02:00 AM,2023,12,16,02,6.0,6,Good,6.0,UG/M3,1 Hr,Valid
Guatemala City,PM10 - Principal,2023-12-16 03:00 AM,2023,12,16,03,4.0,4,Good,3.0,UG/M3,1 Hr,Valid
Guatemala City,PM10 - Principal,2023-12-16 04:00 AM,2023,12,16,04,3.0,3,Good,3.0,UG/M3,1 Hr,Valid
Guatemala City,PM10 - Principal,2023-12-16 05:00 AM,2023,12,16,05,2.0,2,Good,1.0,UG/M3,1 Hr,Valid
Guatemala City,PM10 - Principal,2023-12-16 06:00 AM,2023,12,16,06,2.0,2,Good,3.0,UG/M3,1 Hr,Valid
Guatemala City,PM10 - Principal,2023-12-16 07:00 AM,2023,12,16,07,3.0,3,Good,4.0,UG/M3,1 Hr,Valid
Guatemala City,PM10 - Principal,2023-12-16 08:00 AM,2023,12,16,08,3.0,3,Good,3.0,UG/M3,1 Hr,Valid
Guatemala City,PM10 - Principal,2023-12-16 09:00 AM,2023,12,16,09,3.0,3,Good,4.0,UG/M3,1 Hr,Valid
Guatemala City,PM10 - Principal,2023-12-16 10:00 AM,2023,12,16,10,3.0,3,Good,4.0,UG/M3,1 Hr,Valid
Guatemala City,PM10 - Principal,2023-12-16 11:00 AM,2023,12,16,11,6.0,6,Good,9.0,UG/M3,1 Hr,Valid
Guatemala City,PM10 - Principal,2023-12-16 12:00 PM,2023,12,16,12,5.0,5,Good,5.0,UG/M3,1 Hr,Valid
Guatemala City,PM10 - Principal,2023-12-16 01:00 PM,2023,12,16,13,5.0,5,Good,6.0,UG/M3,1 Hr,Valid
Guatemala City,PM10 - Principal,2023-12-16 02:00 PM,2023,12,16,14,5.0,5,Good,6.0,UG/M3,1 Hr,Valid
Guatemala City,PM10 - Principal,2023-12-16 03:00 PM,2023,12,16,15,5.0,5,Good,6.0,UG/M3,1 Hr,Valid
Guatemala City,PM10 - Principal,2023-12-16 04:00 PM,2023,12,16,16,4.0,4,Good,4.0,UG/M3,1 Hr,Valid
Guatemala City,PM10 - Principal,2023-12-16 05:00 PM,2023,12,16,17,2.0,2,Good,1.0,UG/M3,1 Hr,Valid
Guatemala City,PM10 - Principal,2023-12-16 06:00 PM,2023,12,16,18,3.0,3,Good,5.0,UG/M3,1 Hr,Valid
Guatemala City,PM10 - Principal,2023-12-16 07:00 PM,2023,12,16,19,4.0,4,Good,6.0,UG/M3,1 Hr,Valid
Guatemala City,PM10 - Principal,2023-12-16 08:00 PM,2023,12,16,20,5.0,5,Good,6.0,UG/M3,1 Hr,Valid
Guatemala City,PM10 - Principal,2023-12-16 09:00 PM,2023,12,16,21,4.0,4,Good,3.0,UG/M3,1 Hr,Valid
Guatemala City,PM10 - Principal,2023-12-16 10:00 PM,2023,12,16,22,5.0,5,Good,6.0,UG/M3,1 Hr,Valid
Guatemala City,PM10 - Principal,2023-12-16 11:00 PM,2023,12,16,23,5.0,5,Good,6.0,UG/M3,1 Hr,Valid
Guatemala City,PM10 - Principal,2023-12-17 12:00 AM,2023,12,17,00,4.0,4,Good,4.0,UG/M3,1 Hr,Valid
Guatemala City,PM10 - Principal,2023-12-17 01:00 AM,2023,12,17,01,4.0,4,Good,5.0,UG/M3,1 Hr,Valid
Guatemala City,PM10 - Principal,2023-12-17 02:00 AM,2023,12,17,02,4.0,4,Good,4.0,UG/M3,1 Hr,Valid
Guatemala City,PM10 - Principal,2023-12-17 03:00 AM,2023,12,17,03,5.0,5,Good,6.0,UG/M3,1 Hr,Valid
Guatemala City,PM10 - Principal,2023-12-17 04:00 AM,2023,12,17,04,5.0,5,Good,5.0,UG/M3,1 Hr,Valid
Guatemala City,PM10 - Principal,2023-12-17 05:00 AM,2023,12,17,05,5.0,5,Good,5.0,UG/M3,1 Hr,Valid
Guatemala City,PM10 - Principal,2023-12-17 06:00 AM,2023,12,17,06,5.0,5,Good,6.0,UG/M3,1 Hr,Valid
Guatemala City,PM10 - Principal,2023-12-17 07:00 AM,2023,12,17,07,4.0,4,Good,4.0,UG/M3,1 Hr,Valid
Guatemala City,PM10 - Principal,2023-12-17 08:00 AM,2023,12,17,08,5.0,5,Good,6.0,UG/M3,1 Hr,Valid
Guatemala City,PM10 - Principal,2023-12-17 09:00 AM,2023,12,17,09,5.0,5,Good,5.0,UG/M3,1 Hr,Valid
Guatemala City,PM10 - Principal,2023-12-17 10:00 AM,2023,12,17,10,4.0,4,Good,4.0,UG/M3,1 Hr,Valid
Guatemala City,PM10 - Principal,2023-12-17 11:00 AM,2023,12,17,11,3.0,3,Good,2.0,UG/M3,1 Hr,Valid
Guatemala City,PM10 - Principal,2023-12-17 12:00 PM,2023,12,17,12,2.0,2,Good,2.0,UG/M3,1 Hr,Valid
Guatemala City,PM10 - Principal,2023-12-17 01:00 PM,2023,12,17,13,2.0,2,Good,2.0,UG/M3,1 Hr,Valid
Guatemala City,PM10 - Principal,2023-12-17 02:00 PM,2023,12,17,14,2.0,2,Good,2.0,UG/M3,1 Hr,Valid
Guatemala City,PM10 - Principal,2023-12-17 03:00 PM,2023,12,17,15,3.0,3,Good,4.0,UG/M3,1 Hr,Valid
Guatemala City,PM10 - Principal,2023-12-17 04:00 PM,2023,12,17,16,3.0,3,Good,3.0,UG/M3,1 Hr,Valid
Guatemala City,PM10 - Principal,2023-12-17 05:00 PM,2023,12,17,17,1.0,1,Good,0.0,UG/M3,1 Hr,Valid
Guatemala City,PM10 - Principal,2023-12-17 06:00 PM,2023,12,17,18,1.0,1,Good,1.0,UG/M3,1 Hr,Valid
Guatemala City,PM10 - Principal,2023-12-17 07:00 PM,2023,12,17,19,3.0,3,Good,6.0,UG/M3,1 Hr,Valid
Guatemala City,PM10 - Principal,2023-12-17 08:00 PM,2023,12,17,20,4.0,4,Good,5.0,UG/M3,1 Hr,Valid
Guatemala City,PM10 - Principal,2023-12-17 09:00 PM,2023,12,17,21,3.0,3,Good,3.0,UG/M3,1 Hr,Valid
Guatemala City,PM10 - Principal,2023-12-17 10:00 PM,2023,12,17,22,3.0,3,Good,4.0,UG/M3,1 Hr,Valid
Guatemala City,PM10 - Principal,2023-12-17 11:00 PM,2023,12,17,23,4.0,4,Good,6.0,UG/M3,1 Hr,Valid
Guatemala City,PM10 - Principal,2023-12-18 12:00 AM,2023,12,18,00,4.0,4,Good,5.0,UG/M3,1 Hr,Valid
Guatemala City,PM10 - Principal,2023-12-18 01:00 AM,2023,12,18,01,2.0,2,Good,1.0,UG/M3,1 Hr,Valid
Guatemala City,PM10 - Principal,2023-12-18 02:00 AM,2023,12,18,02,1.0,1,Good,0.0,UG/M3,1 Hr,Valid
Guatemala City,PM10 - Principal,2023-12-18 03:00 AM,2023,12,18,03,1.0,1,Good,1.0,UG/M3,1 Hr,Valid
Guatemala City,PM10 - Principal,2023-12-18 04:00 AM,2023,12,18,04,1.0,1,Good,1.0,UG/M3,1 Hr,Valid
Guatemala City,PM10 - Principal,2023-12-18 05:00 AM,2023,12,18,05,1.0,1,Good,1.0,UG/M3,1 Hr,Valid
Guatemala City,PM10 - Principal,2023-12-18 06:00 AM,2023,12,18,06,1.0,1,Good,2.0,UG/M3,1 Hr,Valid
Guatemala City,PM10 - Principal,2023-12-18 07:00 AM,2023,12,18,07,5.0,5,Good,9.0,UG/M3,1 Hr,Valid
Guatemala City,PM10 - Principal,2023-12-18 08:00 AM,2023,12,18,08,6.0,6,Good,7.0,UG/M3,1 Hr,Valid
Guatemala City,PM10 - Principal,2023-12-18 09:00 AM,2023,12,18,09,5.0,5,Good,4.0,UG/M3,1 Hr,Valid
Guatemala City,PM10 - Principal,2023-12-18 10:00 AM,2023,12,18,10,6.0,6,Good,7.0,UG/M3,1 Hr,Valid
Guatemala City,PM10 - Principal,2023-12-18 11:00 AM,2023,12,18,11,5.0,5,Good,5.0,UG/M3,1 Hr,Valid
Guatemala City,PM10 - Principal,2023-12-18 12:00 PM,2023,12,18,12,3.0,3,Good,2.0,UG/M3,1 Hr,Valid
Guatemala City,PM10 - Principal,2023-12-18 01:00 PM,2023,12,18,13,1.0,1,Good,-1.0,UG/M3,1 Hr,Valid
Guatemala City,PM10 - Principal,2023-12-18 02:00 PM,2023,12,18,14,1.0,1,Good,1.0,UG/M3,1 Hr,Valid
Guatemala City,PM10 - Principal,2023-12-18 03:00 PM,2023,12,18,15,2.0,2,Good,3.0,UG/M3,1 Hr,Valid
Guatemala City,PM10 - Principal,2023-12-18 04:00 PM,2023,12,18,16,2.0,2,Good,3.0,UG/M3,1 Hr,Valid
Guatemala City,PM10 - Principal,2023-12-18 05:00 PM,2023,12,18,17,2.0,2,Good,3.0,UG/M3,1 Hr,Valid
Guatemala City,PM10 - Principal,2023-12-18 06:00 PM,2023,12,18,18,3.0,3,Good,5.0,UG/M3,1 Hr,Valid
Guatemala City,PM10 - Principal,2023-12-18 07:00 PM,2023,12,18,19,3.0,3,Good,4.0,UG/M3,1 Hr,Valid
Guatemala City,PM10 - Principal,2023-12-18 08:00 PM,2023,12,18,20,2.0,2,Good,2.0,UG/M3,1 Hr,Valid
Guatemala City,PM10 - Principal,2023-12-18 09:00 PM,2023,12,18,21,2.0,2,Good,2.0,UG/M3,1 Hr,Valid
Guatemala City,PM10 - Principal,2023-12-18 10:00 PM,2023,12,18,22,2.0,2,Good,2.0,UG/M3,1 Hr,Valid
Guatemala City,PM10 - Principal,2023-12-18 11:00 PM,2023,12,18,23,2.0,2,Good,2.0,UG/M3,1 Hr,Valid
Guatemala City,PM10 - Principal,2023-12-19 12:00 AM,2023,12,19,00,2.0,2,Good,3.0,UG/M3,1 Hr,Valid
Guatemala City,PM10 - Principal,2023-12-19 01:00 AM,2023,12,19,01,6.0,6,Good,10.0,UG/M3,1 Hr,Valid
Guatemala City,PM10 - Principal,2023-12-19 02:00 AM,2023,12,19,02,6.0,6,Good,6.0,UG/M3,1 Hr,Valid
Guatemala City,PM10 - Principal,2023-12-19 03:00 AM,2023,12,19,03,4.0,4,Good,3.0,UG/M3,1 Hr,Valid
Guatemala City,PM10 - Principal,2023-12-19 04:00 AM,2023,12,19,04,3.0,3,Good,2.0,UG/M3,1 Hr,Valid
Guatemala City,PM10 - Principal,2023-12-19 05:00 AM,2023,12,19,05,2.0,2,Good,1.0,UG/M3,1 Hr,Valid
Guatemala City,PM10 - Principal,2023-12-19 06:00 AM,2023,12,19,06,1.0,1,Good,1.0,UG/M3,1 Hr,Valid
Guatemala City,PM10 - Principal,2023-12-19 07:00 AM,2023,12,19,07,3.0,3,Good,6.0,UG/M3,1 Hr,Valid
Guatemala City,PM10 - Principal,2023-12-19 08:00 AM,2023,12,19,08,3.0,3,Good,4.0,UG/M3,1 Hr,Valid
Guatemala City,PM10 - Principal,2023-12-19 09:00 AM,2023,12,19,09,3.0,3,Good,3.0,UG/M3,1 Hr,Valid
Guatemala City,PM10 - Principal,2023-12-19 10:00 AM,2023,12,19,10,3.0,3,Good,3.0,UG/M3,1 Hr,Valid
Guatemala City,PM10 - Principal,2023-12-19 11:00 AM,2023,12,19,11,3.0,3,Good,3.0,UG/M3,1 Hr,Valid
Guatemala City,PM10 - Principal,2023-12-19 12:00 PM,2023,12,19,12,3.0,3,Good,4.0,UG/M3,1 Hr,Valid
Guatemala City,PM10 - Principal,2023-12-19 01:00 PM,2023,12,19,13,2.0,2,Good,1.0,UG/M3,1 Hr,Valid
Guatemala City,PM10 - Principal,2023-12-19 02:00 PM,2023,12,19,14,1.0,1,Good,0.0,UG/M3,1 Hr,Valid
Guatemala City,PM10 - Principal,2023-12-19 03:00 PM,2023,12,19,15,1.0,1,Good,2.0,UG/M3,1 Hr,Valid
Guatemala City,PM10 - Principal,2023-12-19 04:00 PM,2023,12,19,16,3.0,3,Good,5.0,UG/M3,1 Hr,Valid
Guatemala City,PM10 - Principal,2023-12-19 05:00 PM,2023,12,19,17,3.0,3,Good,4.0,UG/M3,1 Hr,Valid
Guatemala City,PM10 - Principal,2023-12-19 06:00 PM,2023,12,19,18,3.0,3,Good,3.0,UG/M3,1 Hr,Valid
Guatemala City,PM10 - Principal,2023-12-19 07:00 PM,2023,12,19,19,4.0,4,Good,6.0,UG/M3,1 Hr,Valid
Guatemala City,PM10 - Principal,2023-12-19 08:00 PM,2023,12,19,20,6.0,6,Good,9.0,UG/M3,1 Hr,Valid
Guatemala City,PM10 - Principal,2023-12-19 09:00 PM,2023,12,19,21,5.0,5,Good,5.0,UG/M3,1 Hr,Valid
Guatemala City,PM10 - Principal,2023-12-19 10:00 PM,2023,12,19,22,6.0,6,Good,7.0,UG/M3,1 Hr,Valid
Guatemala City,PM10 - Principal,2023-12-19 11:00 PM,2023,12,19,23,5.0,5,Good,5.0,UG/M3,1 Hr,Valid
Guatemala City,PM10 - Principal,2023-12-20 12:00 AM,2023,12,20,00,4.0,4,Good,3.0,UG/M3,1 Hr,Valid
Guatemala City,PM10 - Principal,2023-12-20 01:00 AM,2023,12,20,01,6.0,6,Good,8.0,UG/M3,1 Hr,Valid
Guatemala City,PM10 - Principal,2023-12-20 02:00 AM,2023,12,20,02,6.0,6,Good,6.0,UG/M3,1 Hr,Valid
Guatemala City,PM10 - Principal,2023-12-20 03:00 AM,2023,12,20,03,5.0,5,Good,4.0,UG/M3,1 Hr,Valid
Guatemala City,PM10 - Principal,2023-12-20 04:00 AM,2023,12,20,04,5.0,5,Good,5.0,UG/M3,1 Hr,Valid
Guatemala City,PM10 - Principal,2023-12-20 05:00 AM,2023,12,20,05,5.0,5,Good,5.0,UG/M3,1 Hr,Valid
Guatemala City,PM10 - Principal,2023-12-20 06:00 AM,2023,12,20,06,4.0,4,Good,4.0,UG/M3,1 Hr,Valid
Guatemala City,PM10 - Principal,2023-12-20 07:00 AM,2023,12,20,07,3.0,3,Good,2.0,UG/M3,1 Hr,Valid
Guatemala City,PM10 - Principal,2023-12-20 08:00 AM,2023,12,20,08,4.0,4,Good,5.0,UG/M3,1 Hr,Valid
Guatemala City,PM10 - Principal,2023-12-20 09:00 AM,2023,12,20,09,4.0,4,Good,5.0,UG/M3,1 Hr,Valid
Guatemala City,PM10 - Principal,2023-12-20 10:00 AM,2023,12,20,10,3.0,3,Good,2.0,UG/M3,1 Hr,Valid
Guatemala City,PM10 - Principal,2023-12-20 11:00 AM,2023,12,20,11,1.0,1,Good,0.0,UG/M3,1 Hr,Valid
Guatemala City,PM10 - Principal,2023-12-20 12:00 PM,2023,12,20,12,1.0,1,Good,2.0,UG/M3,1 Hr,Valid
Guatemala City,PM10 - Principal,2023-12-20 01:00 PM,2023,12,20,13,3.0,3,Good,6.0,UG/M3,1 Hr,Valid
Guatemala City,PM10 - Principal,2023-12-20 02:00 PM,2023,12,20,14,4.0,4,Good,5.0,UG/M3,1 Hr,Valid
Guatemala City,PM10 - Principal,2023-12-20 03:00 PM,2023,12,20,15,4.0,4,Good,5.0,UG/M3,1 Hr,Valid
Guatemala City,PM10 - Principal,2023-12-20 04:00 PM,2023,12,20,16,4.0,4,Good,4.0,UG/M3,1 Hr,Valid
Guatemala City,PM10 - Principal,2023-12-20 05:00 PM,2023,12,20,17,5.0,5,Good,7.0,UG/M3,1 Hr,Valid
Guatemala City,PM10 - Principal,2023-12-20 06:00 PM,2023,12,20,18,4.0,4,Good,4.0,UG/M3,1 Hr,Valid
Guatemala City,PM10 - Principal,2023-12-20 07:00 PM,2023,12,20,19,2.0,2,Good,1.0,UG/M3,1 Hr,Valid
Guatemala City,PM10 - Principal,2023-12-20 08:00 PM,2023,12,20,20,5.0,5,Good,8.0,UG/M3,1 Hr,Valid
Guatemala City,PM10 - Principal,2023-12-20 09:00 PM,2023,12,20,21,5.0,5,Good,6.0,UG/M3,1 Hr,Valid
Guatemala City,PM10 - Principal,2023-12-20 10:00 PM,2023,12,20,22,5.0,5,Good,5.0,UG/M3,1 Hr,Valid
Guatemala City,PM10 - Principal,2023-12-20 11:00 PM,2023,12,20,23,6.0,6,Good,7.0,UG/M3,1 Hr,Valid
Guatemala City,PM10 - Principal,2023-12-21 12:00 AM,2023,12,21,00,5.0,5,Good,5.0,UG/M3,1 Hr,Valid
Guatemala City,PM10 - Principal,2023-12-21 01:00 AM,2023,12,21,01,4.0,4,Good,4.0,UG/M3,1 Hr,Valid
Guatemala City,PM10 - Principal,2023-12-21 02:00 AM,2023,12,21,02,4.0,4,Good,5.0,UG/M3,1 Hr,Valid
Guatemala City,PM10 - Principal,2023-12-21 03:00 AM,2023,12,21,03,3.0,3,Good,3.0,UG/M3,1 Hr,Valid
Guatemala City,PM10 - Principal,2023-12-21 04:00 AM,2023,12,21,04,2.0,2,Good,2.0,UG/M3,1 Hr,Valid
Guatemala City,PM10 - Principal,2023-12-21 05:00 AM,2023,12,21,05,3.0,3,Good,4.0,UG/M3,1 Hr,Valid
Guatemala City,PM10 - Principal,2023-12-21 06:00 AM,2023,12,21,06,3.0,3,Good,3.0,UG/M3,1 Hr,Valid
Guatemala City,PM10 - Principal,2023-12-21 07:00 AM,2023,12,21,07,5.0,5,Good,7.0,UG/M3,1 Hr,Valid
Guatemala City,PM10 - Principal,2023-12-21 08:00 AM,2023,12,21,08,5.0,5,Good,6.0,UG/M3,1 Hr,Valid
Guatemala City,PM10 - Principal,2023-12-21 09:00 AM,2023,12,21,09,5.0,5,Good,5.0,UG/M3,1 Hr,Valid
Guatemala City,PM10 - Principal,2023-12-21 10:00 AM,2023,12,21,10,5.0,5,Good,6.0,UG/M3,1 Hr,Valid
Guatemala City,PM10 - Principal,2023-12-21 11:00 AM,2023,12,21,11,5.0,5,Good,6.0,UG/M3,1 Hr,Valid
Guatemala City,PM10 - Principal,2023-12-21 12:00 PM,2023,12,21,12,4.0,4,Good,4.0,UG/M3,1 Hr,Valid
Guatemala City,PM10 - Principal,2023-12-21 01:00 PM,2023,12,21,13,2.0,2,Good,0.0,UG/M3,1 Hr,Valid
Guatemala City,PM10 - Principal,2023-12-21 02:00 PM,2023,12,21,14,1.0,1,Good,1.0,UG/M3,1 Hr,Valid
Guatemala City,PM10 - Principal,2023-12-21 03:00 PM,2023,12,21,15,1.0,1,Good,2.0,UG/M3,1 Hr,Valid
Guatemala City,PM10 - Principal,2023-12-21 04:00 PM,2023,12,21,16,2.0,2,Good,3.0,UG/M3,1 Hr,Valid
Guatemala City,PM10 - Principal,2023-12-21 05:00 PM,2023,12,21,17,3.0,3,Good,5.0,UG/M3,1 Hr,Valid
Guatemala City,PM10 - Principal,2023-12-21 06:00 PM,2023,12,21,18,4.0,4,Good,6.0,UG/M3,1 Hr,Valid
Guatemala City,PM10 - Principal,2023-12-21 07:00 PM,2023,12,21,19,5.0,5,Good,6.0,UG/M3,1 Hr,Valid
Guatemala City,PM10 - Principal,2023-12-21 08:00 PM,2023,12,21,20,5.0,5,Good,6.0,UG/M3,1 Hr,Valid
Guatemala City,PM10 - Principal,2023-12-21 09:00 PM,2023,12,21,21,5.0,5,Good,5.0,UG/M3,1 Hr,Valid
Guatemala City,PM10 - Principal,2023-12-21 10:00 PM,2023,12,21,22,6.0,6,Good,7.0,UG/M3,1 Hr,Valid
Guatemala City,PM10 - Principal,2023-12-21 11:00 PM,2023,12,21,23,6.0,6,Good,7.0,UG/M3,1 Hr,Valid
Guatemala City,PM10 - Principal,2023-12-22 12:00 AM,2023,12,22,00,6.0,6,Good,6.0,UG/M3,1 Hr,Valid
Guatemala City,PM10 - Principal,2023-12-22 01:00 AM,2023,12,22,01,12.0,11,Good,18.0,UG/M3,1 Hr,Valid
Guatemala City,PM10 - Principal,2023-12-22 02:00 AM,2023,12,22,02,7.0,6,Good,3.0,UG/M3,1 Hr,Valid
Guatemala City,PM10 - Principal,2023-12-22 03:00 AM,2023,12,22,03,6.0,6,Good,5.0,UG/M3,1 Hr,Valid
Guatemala City,PM10 - Principal,2023-12-22 04:00 AM,2023,12,22,04,6.0,6,Good,6.0,UG/M3,1 Hr,Valid
Guatemala City,PM10 - Principal,2023-12-22 05:00 AM,2023,12,22,05,5.0,5,Good,5.0,UG/M3,1 Hr,Valid
Guatemala City,PM10 - Principal,2023-12-22 06:00 AM,2023,12,22,06,5.0,5,Good,5.0,UG/M3,1 Hr,Valid
Guatemala City,PM10 - Principal,2023-12-22 07:00 AM,2023,12,22,07,6.0,6,Good,8.0,UG/M3,1 Hr,Valid
Guatemala City,PM10 - Principal,2023-12-22 08:00 AM,2023,12,22,08,5.0,5,Good,5.0,UG/M3,1 Hr,Valid
Guatemala City,PM10 - Principal,2023-12-22 09:00 AM,2023,12,22,09,5.0,5,Good,5.0,UG/M3,1 Hr,Valid
Guatemala City,PM10 - Principal,2023-12-22 10:00 AM,2023,12,22,10,3.0,3,Good,2.0,UG/M3,1 Hr,Valid
Guatemala City,PM10 - Principal,2023-12-22 11:00 AM,2023,12,22,11,1.0,1,Good,-1.0,UG/M3,1 Hr,Valid
Guatemala City,PM10 - Principal,2023-12-22 12:00 PM,2023,12,22,12,0.0,0,Good,0.0,UG/M3,1 Hr,Valid
Guatemala City,PM10 - Principal,2023-12-22 01:00 PM,2023,12,22,13,0.0,0,Good,1.0,UG/M3,1 Hr,Valid
Guatemala City,PM10 - Principal,2023-12-22 02:00 PM,2023,12,22,14,1.0,1,Good,2.0,UG/M3,1 Hr,Valid
Guatemala City,PM10 - Principal,2023-12-22 03:00 PM,2023,12,22,15,2.0,2,Good,3.0,UG/M3,1 Hr,Valid
Guatemala City,PM10 - Principal,2023-12-22 04:00 PM,2023,12,22,16,2.0,2,Good,2.0,UG/M3,1 Hr,Valid
Guatemala City,PM10 - Principal,2023-12-22 05:00 PM,2023,12,22,17,3.0,3,Good,5.0,UG/M3,1 Hr,Valid
Guatemala City,PM10 - Principal,2023-12-22 06:00 PM,2023,12,22,18,3.0,3,Good,3.0,UG/M3,1 Hr,Valid
Guatemala City,PM10 - Principal,2023-12-22 07:00 PM,2023,12,22,19,3.0,3,Good,3.0,UG/M3,1 Hr,Valid
Guatemala City,PM10 - Principal,2023-12-22 08:00 PM,2023,12,22,20,4.0,4,Good,5.0,UG/M3,1 Hr,Valid
Guatemala City,PM10 - Principal,2023-12-22 09:00 PM,2023,12,22,21,3.0,3,Good,2.0,UG/M3,1 Hr,Valid
Guatemala City,PM10 - Principal,2023-12-22 10:00 PM,2023,12,22,22,4.0,4,Good,5.0,UG/M3,1 Hr,Valid
Guatemala City,PM10 - Principal,2023-12-22 11:00 PM,2023,12,22,23,4.0,4,Good,5.0,UG/M3,1 Hr,Valid
Guatemala City,PM10 - Principal,2023-12-23 12:00 AM,2023,12,23,00,3.0,3,Good,2.0,UG/M3,1 Hr,Valid
Guatemala City,PM10 - Principal,2023-12-23 01:00 AM,2023,12,23,01,3.0,3,Good,3.0,UG/M3,1 Hr,Valid
Guatemala City,PM10 - Principal,2023-12-23 02:00 AM,2023,12,23,02,3.0,3,Good,4.0,UG/M3,1 Hr,Valid
Guatemala City,PM10 - Principal,2023-12-23 03:00 AM,2023,12,23,03,2.0,2,Good,2.0,UG/M3,1 Hr,Valid
Guatemala City,PM10 - Principal,2023-12-23 04:00 AM,2023,12,23,04,0.0,0,Good,-1.0,UG/M3,1 Hr,Valid
Guatemala City,PM10 - Principal,2023-12-23 05:00 AM,2023,12,23,05,1.0,1,Good,2.0,UG/M3,1 Hr,Valid
Guatemala City,PM10 - Principal,2023-12-23 06:00 AM,2023,12,23,06,2.0,2,Good,4.0,UG/M3,1 Hr,Valid
Guatemala City,PM10 - Principal,2023-12-23 07:00 AM,2023,12,23,07,3.0,3,Good,4.0,UG/M3,1 Hr,Valid
Guatemala City,PM10 - Principal,2023-12-23 08:00 AM,2023,12,23,08,3.0,3,Good,4.0,UG/M3,1 Hr,Valid
Guatemala City,PM10 - Principal,2023-12-23 09:00 AM,2023,12,23,09,4.0,4,Good,5.0,UG/M3,1 Hr,Valid
Guatemala City,PM10 - Principal,2023-12-23 10:00 AM,2023,12,23,10,3.0,3,Good,2.0,UG/M3,1 Hr,Valid
Guatemala City,PM10 - Principal,2023-12-23 11:00 AM,2023,12,23,11,1.0,1,Good,0.0,UG/M3,1 Hr,Valid
Guatemala City,PM10 - Principal,2023-12-23 12:00 PM,2023,12,23,12,2.0,2,Good,3.0,UG/M3,1 Hr,Valid
Guatemala City,PM10 - Principal,2023-12-23 01:00 PM,2023,12,23,13,2.0,2,Good,2.0,UG/M3,1 Hr,Valid
Guatemala City,PM10 - Principal,2023-12-23 02:00 PM,2023,12,23,14,1.0,1,Good,1.0,UG/M3,1 Hr,Valid
Guatemala City,PM10 - Principal,2023-12-23 03:00 PM,2023,12,23,15,0.0,0,Good,0.0,UG/M3,1 Hr,Valid
Guatemala City,PM10 - Principal,2023-12-23 04:00 PM,2023,12,23,16,0.0,0,Good,1.0,UG/M3,1 Hr,Valid
Guatemala City,PM10 - Principal,2023-12-23 05:00 PM,2023,12,23,17,1.0,1,Good,2.0,UG/M3,1 Hr,Valid
Guatemala City,PM10 - Principal,2023-12-23 06:00 PM,2023,12,23,18,2.0,2,Good,3.0,UG/M3,1 Hr,Valid
Guatemala City,PM10 - Principal,2023-12-23 07:00 PM,2023,12,23,19,3.0,3,Good,4.0,UG/M3,1 Hr,Valid
Guatemala City,PM10 - Principal,2023-12-23 08:00 PM,2023,12,23,20,3.0,3,Good,3.0,UG/M3,1 Hr,Valid
Guatemala City,PM10 - Principal,2023-12-23 09:00 PM,2023,12,23,21,3.0,3,Good,3.0,UG/M3,1 Hr,Valid
Guatemala City,PM10 - Principal,2023-12-23 10:00 PM,2023,12,23,22,4.0,4,Good,5.0,UG/M3,1 Hr,Valid
Guatemala City,PM10 - Principal,2023-12-23 11:00 PM,2023,12,23,23,6.0,6,Good,9.0,UG/M3,1 Hr,Valid
Guatemala City,PM10 - Principal,2023-12-24 12:00 AM,2023,12,24,00,6.0,6,Good,6.0,UG/M3,1 Hr,Valid
Guatemala City,PM10 - Principal,2023-12-24 01:00 AM,2023,12,24,01,6.0,6,Good,6.0,UG/M3,1 Hr,Valid
Guatemala City,PM10 - Principal,2023-12-24 02:00 AM,2023,12,24,02,5.0,5,Good,4.0,UG/M3,1 Hr,Valid
Guatemala City,PM10 - Principal,2023-12-24 03:00 AM,2023,12,24,03,5.0,5,Good,5.0,UG/M3,1 Hr,Valid
Guatemala City,PM10 - Principal,2023-12-24 04:00 AM,2023,12,24,04,5.0,5,Good,5.0,UG/M3,1 Hr,Valid
Guatemala City,PM10 - Principal,2023-12-24 05:00 AM,2023,12,24,05,4.0,4,Good,4.0,UG/M3,1 Hr,Valid
Guatemala City,PM10 - Principal,2023-12-24 06:00 AM,2023,12,24,06,3.0,3,Good,3.0,UG/M3,1 Hr,Valid
Guatemala City,PM10 - Principal,2023-12-24 07:00 AM,2023,12,24,07,3.0,3,Good,3.0,UG/M3,1 Hr,Valid
Guatemala City,PM10 - Principal,2023-12-24 08:00 AM,2023,12,24,08,3.0,3,Good,3.0,UG/M3,1 Hr,Valid
Guatemala City,PM10 - Principal,2023-12-24 09:00 AM,2023,12,24,09,4.0,4,Good,5.0,UG/M3,1 Hr,Valid
Guatemala City,PM10 - Principal,2023-12-24 10:00 AM,2023,12,24,10,3.0,3,Good,3.0,UG/M3,1 Hr,Valid
Guatemala City,PM10 - Principal,2023-12-24 11:00 AM,2023,12,24,11,2.0,2,Good,1.0,UG/M3,1 Hr,Valid
Guatemala City,PM10 - Principal,2023-12-24 12:00 PM,2023,12,24,12,3.0,3,Good,4.0,UG/M3,1 Hr,Valid
Guatemala City,PM10 - Principal,2023-12-24 01:00 PM,2023,12,24,13,6.0,6,Good,10.0,UG/M3,1 Hr,Valid
Guatemala City,PM10 - Principal,2023-12-24 02:00 PM,2023,12,24,14,7.0,6,Good,8.0,UG/M3,1 Hr,Valid
Guatemala City,PM10 - Principal,2023-12-24 03:00 PM,2023,12,24,15,6.0,6,Good,5.0,UG/M3,1 Hr,Valid
Guatemala City,PM10 - Principal,2023-12-24 04:00 PM,2023,12,24,16,4.0,4,Good,2.0,UG/M3,1 Hr,Valid
Guatemala City,PM10 - Principal,2023-12-24 05:00 PM,2023,12,24,17,3.0,3,Good,3.0,UG/M3,1 Hr,Valid
Guatemala City,PM10 - Principal,2023-12-24 06:00 PM,2023,12,24,18,3.0,3,Good,4.0,UG/M3,1 Hr,Valid
Guatemala City,PM10 - Principal,2023-12-24 07:00 PM,2023,12,24,19,3.0,3,Good,4.0,UG/M3,1 Hr,Valid
Guatemala City,PM10 - Principal,2023-12-24 08:00 PM,2023,12,24,20,4.0,4,Good,5.0,UG/M3,1 Hr,Valid
Guatemala City,PM10 - Principal,2023-12-24 09:00 PM,2023,12,24,21,4.0,4,Good,5.0,UG/M3,1 Hr,Valid
Guatemala City,PM10 - Principal,2023-12-24 10:00 PM,2023,12,24,22,4.0,4,Good,5.0,UG/M3,1 Hr,Valid
Guatemala City,PM10 - Principal,2023-12-24 11:00 PM,2023,12,24,23,6.0,6,Good,9.0,UG/M3,1 Hr,Valid
Guatemala City,PM10 - Principal,2023-12-25 12:00 AM,2023,12,25,00,6.0,6,Good,6.0,UG/M3,1 Hr,Valid
Guatemala City,PM10 - Principal,2023-12-25 01:00 AM,2023,12,25,01,8.0,7,Good,10.0,UG/M3,1 Hr,Valid
Guatemala City,PM10 - Principal,2023-12-25 02:00 AM,2023,12,25,02,6.0,6,Good,5.0,UG/M3,1 Hr,Valid
Guatemala City,PM10 - Principal,2023-12-25 03:00 AM,2023,12,25,03,5.0,5,Good,4.0,UG/M3,1 Hr,Valid
Guatemala City,PM10 - Principal,2023-12-25 04:00 AM,2023,12,25,04,8.0,7,Good,11.0,UG/M3,1 Hr,Valid
Guatemala City,PM10 - Principal,2023-12-25 05:00 AM,2023,12,25,05,7.0,6,Good,6.0,UG/M3,1 Hr,Valid
Guatemala City,PM10 - Principal,2023-12-25 06:00 AM,2023,12,25,06,5.0,5,Good,4.0,UG/M3,1 Hr,Valid
Guatemala City,PM10 - Principal,2023-12-25 07:00 AM,2023,12,25,07,6.0,6,Good,7.0,UG/M3,1 Hr,Valid
Guatemala City,PM10 - Principal,2023-12-25 08:00 AM,2023,12,25,08,5.0,5,Good,5.0,UG/M3,1 Hr,Valid
Guatemala City,PM10 - Principal,2023-12-25 09:00 AM,2023,12,25,09,4.0,4,Good,3.0,UG/M3,1 Hr,Valid
Guatemala City,PM10 - Principal,2023-12-25 10:00 AM,2023,12,25,10,4.0,4,Good,5.0,UG/M3,1 Hr,Valid
Guatemala City,PM10 - Principal,2023-12-25 11:00 AM,2023,12,25,11,4.0,4,Good,4.0,UG/M3,1 Hr,Valid
Guatemala City,PM10 - Principal,2023-12-25 12:00 PM,2023,12,25,12,3.0,3,Good,2.0,UG/M3,1 Hr,Valid
Guatemala City,PM10 - Principal,2023-12-25 01:00 PM,2023,12,25,13,2.0,2,Good,1.0,UG/M3,1 Hr,Valid
Guatemala City,PM10 - Principal,2023-12-25 02:00 PM,2023,12,25,14,4.0,4,Good,6.0,UG/M3,1 Hr,Valid
Guatemala City,PM10 - Principal,2023-12-25 03:00 PM,2023,12,25,15,3.0,3,Good,2.0,UG/M3,1 Hr,Valid
Guatemala City,PM10 - Principal,2023-12-25 04:00 PM,2023,12,25,16,0.0,0,Good,-2.0,UG/M3,1 Hr,Valid
Guatemala City,PM10 - Principal,2023-12-25 05:00 PM,2023,12,25,17,0.0,0,Good,-1.0,UG/M3,1 Hr,Valid
Guatemala City,PM10 - Principal,2023-12-25 06:00 PM,2023,12,25,18,0.0,0,Good,1.0,UG/M3,1 Hr,Valid
Guatemala City,PM10 - Principal,2023-12-25 07:00 PM,2023,12,25,19,1.0,1,Good,2.0,UG/M3,1 Hr,Valid
Guatemala City,PM10 - Principal,2023-12-25 08:00 PM,2023,12,25,20,3.0,3,Good,6.0,UG/M3,1 Hr,Valid
Guatemala City,PM10 - Principal,2023-12-25 09:00 PM,2023,12,25,21,4.0,4,Good,6.0,UG/M3,1 Hr,Valid
Guatemala City,PM10 - Principal,2023-12-25 10:00 PM,2023,12,25,22,4.0,4,Good,5.0,UG/M3,1 Hr,Valid
Guatemala City,PM10 - Principal,2023-12-25 11:00 PM,2023,12,25,23,3.0,3,Good,3.0,UG/M3,1 Hr,Valid
Guatemala City,PM10 - Principal,2023-12-26 12:00 AM,2023,12,26,00,3.0,3,Good,3.0,UG/M3,1 Hr,Valid
Guatemala City,PM10 - Principal,2023-12-26 01:00 AM,2023,12,26,01,2.0,2,Good,2.0,UG/M3,1 Hr,Valid
Guatemala City,PM10 - Principal,2023-12-26 02:00 AM,2023,12,26,02,2.0,2,Good,2.0,UG/M3,1 Hr,Valid
Guatemala City,PM10 - Principal,2023-12-26 03:00 AM,2023,12,26,03,3.0,3,Good,4.0,UG/M3,1 Hr,Valid
Guatemala City,PM10 - Principal,2023-12-26 04:00 AM,2023,12,26,04,3.0,3,Good,4.0,UG/M3,1 Hr,Valid
Guatemala City,PM10 - Principal,2023-12-26 05:00 AM,2023,12,26,05,2.0,2,Good,2.0,UG/M3,1 Hr,Valid
Guatemala City,PM10 - Principal,2023-12-26 06:00 AM,2023,12,26,06,2.0,2,Good,2.0,UG/M3,1 Hr,Valid
Guatemala City,PM10 - Principal,2023-12-26 07:00 AM,2023,12,26,07,3.0,3,Good,5.0,UG/M3,1 Hr,Valid
Guatemala City,PM10 - Principal,2023-12-26 08:00 AM,2023,12,26,08,3.0,3,Good,4.0,UG/M3,1 Hr,Valid
Guatemala City,PM10 - Principal,2023-12-26 09:00 AM,2023,12,26,09,2.0,2,Good,2.0,UG/M3,1 Hr,Valid
Guatemala City,PM10 - Principal,2023-12-26 10:00 AM,2023,12,26,10,2.0,2,Good,2.0,UG/M3,1 Hr,Valid
Guatemala City,PM10 - Principal,2023-12-26 11:00 AM,2023,12,26,11,1.0,1,Good,1.0,UG/M3,1 Hr,Valid
Guatemala City,PM10 - Principal,2023-12-26 12:00 PM,2023,12,26,12,1.0,1,Good,2.0,UG/M3,1 Hr,Valid
Guatemala City,PM10 - Principal,2023-12-26 01:00 PM,2023,12,26,13,2.0,2,Good,3.0,UG/M3,1 Hr,Valid
Guatemala City,PM10 - Principal,2023-12-26 02:00 PM,2023,12,26,14,5.0,5,Good,9.0,UG/M3,1 Hr,Valid
Guatemala City,PM10 - Principal,2023-12-26 03:00 PM,2023,12,26,15,6.0,6,Good,8.0,UG/M3,1 Hr,Valid
Guatemala City,PM10 - Principal,2023-12-26 04:00 PM,2023,12,26,16,6.0,6,Good,7.0,UG/M3,1 Hr,Valid
Guatemala City,PM10 - Principal,2023-12-26 05:00 PM,2023,12,26,17,5.0,5,Good,5.0,UG/M3,1 Hr,Valid
Guatemala City,PM10 - Principal,2023-12-26 06:00 PM,2023,12,26,18,4.0,4,Good,3.0,UG/M3,1 Hr,Valid
Guatemala City,PM10 - Principal,2023-12-26 07:00 PM,2023,12,26,19,4.0,4,Good,4.0,UG/M3,1 Hr,Valid
Guatemala City,PM10 - Principal,2023-12-26 08:00 PM,2023,12,26,20,3.0,3,Good,2.0,UG/M3,1 Hr,Valid
Guatemala City,PM10 - Principal,2023-12-26 09:00 PM,2023,12,26,21,2.0,2,Good,1.0,UG/M3,1 Hr,Valid
Guatemala City,PM10 - Principal,2023-12-26 10:00 PM,2023,12,26,22,4.0,4,Good,6.0,UG/M3,1 Hr,Valid
Guatemala City,PM10 - Principal,2023-12-26 11:00 PM,2023,12,26,23,5.0,5,Good,6.0,UG/M3,1 Hr,Valid
Guatemala City,PM10 - Principal,2023-12-27 12:00 AM,2023,12,27,00,5.0,5,Good,6.0,UG/M3,1 Hr,Valid
Guatemala City,PM10 - Principal,2023-12-27 01:00 AM,2023,12,27,01,6.0,6,Good,8.0,UG/M3,1 Hr,Valid
Guatemala City,PM10 - Principal,2023-12-27 02:00 AM,2023,12,27,02,5.0,5,Good,4.0,UG/M3,1 Hr,Valid
Guatemala City,PM10 - Principal,2023-12-27 03:00 AM,2023,12,27,03,4.0,4,Good,4.0,UG/M3,1 Hr,Valid
Guatemala City,PM10 - Principal,2023-12-27 04:00 AM,2023,12,27,04,4.0,4,Good,4.0,UG/M3,1 Hr,Valid
Guatemala City,PM10 - Principal,2023-12-27 05:00 AM,2023,12,27,05,3.0,3,Good,2.0,UG/M3,1 Hr,Valid
Guatemala City,PM10 - Principal,2023-12-27 06:00 AM,2023,12,27,06,2.0,2,Good,1.0,UG/M3,1 Hr,Valid
Guatemala City,PM10 - Principal,2023-12-27 07:00 AM,2023,12,27,07,2.0,2,Good,2.0,UG/M3,1 Hr,Valid
Guatemala City,PM10 - Principal,2023-12-27 08:00 AM,2023,12,27,08,3.0,3,Good,5.0,UG/M3,1 Hr,Valid
Guatemala City,PM10 - Principal,2023-12-27 09:00 AM,2023,12,27,09,4.0,4,Good,5.0,UG/M3,1 Hr,Valid
Guatemala City,PM10 - Principal,2023-12-27 10:00 AM,2023,12,27,10,3.0,3,Good,3.0,UG/M3,1 Hr,Valid
Guatemala City,PM10 - Principal,2023-12-27 11:00 AM,2023,12,27,11,2.0,2,Good,1.0,UG/M3,1 Hr,Valid
Guatemala City,PM10 - Principal,2023-12-27 12:00 PM,2023,12,27,12,1.0,1,Good,1.0,UG/M3,1 Hr,Valid
Guatemala City,PM10 - Principal,2023-12-27 01:00 PM,2023,12,27,13,0.0,0,Good,0.0,UG/M3,1 Hr,Valid
Guatemala City,PM10 - Principal,2023-12-27 02:00 PM,2023,12,27,14,1.0,1,Good,2.0,UG/M3,1 Hr,Valid
Guatemala City,PM10 - Principal,2023-12-27 03:00 PM,2023,12,27,15,1.0,1,Good,2.0,UG/M3,1 Hr,Valid
Guatemala City,PM10 - Principal,2023-12-27 04:00 PM,2023,12,27,16,1.0,1,Good,1.0,UG/M3,1 Hr,Valid
Guatemala City,PM10 - Principal,2023-12-27 05:00 PM,2023,12,27,17,1.0,1,Good,2.0,UG/M3,1 Hr,Valid
Guatemala City,PM10 - Principal,2023-12-27 06:00 PM,2023,12,27,18,2.0,2,Good,3.0,UG/M3,1 Hr,Valid
Guatemala City,PM10 - Principal,2023-12-27 07:00 PM,2023,12,27,19,4.0,4,Good,6.0,UG/M3,1 Hr,Valid
Guatemala City,PM10 - Principal,2023-12-27 08:00 PM,2023,12,27,20,4.0,4,Good,4.0,UG/M3,1 Hr,Valid
Guatemala City,PM10 - Principal,2023-12-27 09:00 PM,2023,12,27,21,3.0,3,Good,2.0,UG/M3,1 Hr,Valid
Guatemala City,PM10 - Principal,2023-12-27 10:00 PM,2023,12,27,22,2.0,2,Good,2.0,UG/M3,1 Hr,Valid
Guatemala City,PM10 - Principal,2023-12-27 11:00 PM,2023,12,27,23,2.0,2,Good,2.0,UG/M3,1 Hr,Valid
Guatemala City,PM10 - Principal,2023-12-28 12:00 AM,2023,12,28,00,2.0,2,Good,2.0,UG/M3,1 Hr,Valid
Guatemala City,PM10 - Principal,2023-12-28 01:00 AM,2023,12,28,01,4.0,4,Good,7.0,UG/M3,1 Hr,Valid
Guatemala City,PM10 - Principal,2023-12-28 02:00 AM,2023,12,28,02,3.0,3,Good,3.0,UG/M3,1 Hr,Valid
Guatemala City,PM10 - Principal,2023-12-28 03:00 AM,2023,12,28,03,3.0,3,Good,4.0,UG/M3,1 Hr,Valid
Guatemala City,PM10 - Principal,2023-12-28 04:00 AM,2023,12,28,04,4.0,4,Good,6.0,UG/M3,1 Hr,Valid
Guatemala City,PM10 - Principal,2023-12-28 05:00 AM,2023,12,28,05,5.0,5,Good,7.0,UG/M3,1 Hr,Valid
Guatemala City,PM10 - Principal,2023-12-28 06:00 AM,2023,12,28,06,7.0,6,Good,9.0,UG/M3,1 Hr,Valid
Guatemala City,PM10 - Principal,2023-12-28 07:00 AM,2023,12,28,07,7.0,6,Good,7.0,UG/M3,1 Hr,Valid
Guatemala City,PM10 - Principal,2023-12-28 08:00 AM,2023,12,28,08,5.0,5,Good,3.0,UG/M3,1 Hr,Valid
Guatemala City,PM10 - Principal,2023-12-28 09:00 AM,2023,12,28,09,3.0,3,Good,2.0,UG/M3,1 Hr,Valid
Guatemala City,PM10 - Principal,2023-12-28 10:00 AM,2023,12,28,10,3.0,3,Good,3.0,UG/M3,1 Hr,Valid
Guatemala City,PM10 - Principal,2023-12-28 11:00 AM,2023,12,28,11,3.0,3,Good,4.0,UG/M3,1 Hr,Valid
Guatemala City,PM10 - Principal,2023-12-28 12:00 PM,2023,12,28,12,3.0,3,Good,4.0,UG/M3,1 Hr,Valid
Guatemala City,PM10 - Principal,2023-12-28 01:00 PM,2023,12,28,13,3.0,3,Good,3.0,UG/M3,1 Hr,Valid
Guatemala City,PM10 - Principal,2023-12-28 02:00 PM,2023,12,28,14,2.0,2,Good,2.0,UG/M3,1 Hr,Valid
Guatemala City,PM10 - Principal,2023-12-28 03:00 PM,2023,12,28,15,2.0,2,Good,2.0,UG/M3,1 Hr,Valid
Guatemala City,PM10 - Principal,2023-12-28 04:00 PM,2023,12,28,16,1.0,1,Good,0.0,UG/M3,1 Hr,Valid
Guatemala City,PM10 - Principal,2023-12-28 05:00 PM,2023,12,28,17,1.0,1,Good,2.0,UG/M3,1 Hr,Valid
Guatemala City,PM10 - Principal,2023-12-28 06:00 PM,2023,12,28,18,3.0,3,Good,5.0,UG/M3,1 Hr,Valid
Guatemala City,PM10 - Principal,2023-12-28 07:00 PM,2023,12,28,19,3.0,3,Good,4.0,UG/M3,1 Hr,Valid
Guatemala City,PM10 - Principal,2023-12-28 08:00 PM,2023,12,28,20,3.0,3,Good,3.0,UG/M3,1 Hr,Valid
Guatemala City,PM10 - Principal,2023-12-28 09:00 PM,2023,12,28,21,4.0,4,Good,6.0,UG/M3,1 Hr,Valid
Guatemala City,PM10 - Principal,2023-12-28 10:00 PM,2023,12,28,22,5.0,5,Good,6.0,UG/M3,1 Hr,Valid
Guatemala City,PM10 - Principal,2023-12-28 11:00 PM,2023,12,28,23,5.0,5,Good,5.0,UG/M3,1 Hr,Valid
Guatemala City,PM10 - Principal,2023-12-29 12:00 AM,2023,12,29,00,3.0,3,Good,2.0,UG/M3,1 Hr,Valid
Guatemala City,PM10 - Principal,2023-12-29 01:00 AM,2023,12,29,01,2.0,2,Good,2.0,UG/M3,1 Hr,Valid
Guatemala City,PM10 - Principal,2023-12-29 02:00 AM,2023,12,29,02,2.0,2,Good,2.0,UG/M3,1 Hr,Valid
Guatemala City,PM10 - Principal,2023-12-29 03:00 AM,2023,12,29,03,2.0,2,Good,2.0,UG/M3,1 Hr,Valid
Guatemala City,PM10 - Principal,2023-12-29 04:00 AM,2023,12,29,04,3.0,3,Good,4.0,UG/M3,1 Hr,Valid
Guatemala City,PM10 - Principal,2023-12-29 05:00 AM,2023,12,29,05,4.0,4,Good,5.0,UG/M3,1 Hr,Valid
Guatemala City,PM10 - Principal,2023-12-29 06:00 AM,2023,12,29,06,3.0,3,Good,3.0,UG/M3,1 Hr,Valid
Guatemala City,PM10 - Principal,2023-12-29 07:00 AM,2023,12,29,07,3.0,3,Good,4.0,UG/M3,1 Hr,Valid
Guatemala City,PM10 - Principal,2023-12-29 08:00 AM,2023,12,29,08,4.0,4,Good,5.0,UG/M3,1 Hr,Valid
Guatemala City,PM10 - Principal,2023-12-29 09:00 AM,2023,12,29,09,4.0,4,Good,4.0,UG/M3,1 Hr,Valid
Guatemala City,PM10 - Principal,2023-12-29 10:00 AM,2023,12,29,10,5.0,5,Good,6.0,UG/M3,1 Hr,Valid
Guatemala City,PM10 - Principal,2023-12-29 11:00 AM,2023,12,29,11,5.0,5,Good,5.0,UG/M3,1 Hr,Valid
Guatemala City,PM10 - Principal,2023-12-29 12:00 PM,2023,12,29,12,4.0,4,Good,3.0,UG/M3,1 Hr,Valid
Guatemala City,PM10 - Principal,2023-12-29 01:00 PM,2023,12,29,13,3.0,3,Good,2.0,UG/M3,1 Hr,Valid
Guatemala City,PM10 - Principal,2023-12-29 02:00 PM,2023,12,29,14,3.0,3,Good,4.0,UG/M3,1 Hr,Valid
Guatemala City,PM10 - Principal,2023-12-29 03:00 PM,2023,12,29,15,3.0,3,Good,3.0,UG/M3,1 Hr,Valid
Guatemala City,PM10 - Principal,2023-12-29 04:00 PM,2023,12,29,16,1.0,1,Good,0.0,UG/M3,1 Hr,Valid
Guatemala City,PM10 - Principal,2023-12-29 05:00 PM,2023,12,29,17,1.0,1,Good,2.0,UG/M3,1 Hr,Valid
Guatemala City,PM10 - Principal,2023-12-29 06:00 PM,2023,12,29,18,2.0,2,Good,3.0,UG/M3,1 Hr,Valid
Guatemala City,PM10 - Principal,2023-12-29 07:00 PM,2023,12,29,19,3.0,3,Good,4.0,UG/M3,1 Hr,Valid
Guatemala City,PM10 - Principal,2023-12-29 08:00 PM,2023,12,29,20,3.0,3,Good,3.0,UG/M3,1 Hr,Valid
Guatemala City,PM10 - Principal,2023-12-29 09:00 PM,2023,12,29,21,3.0,3,Good,3.0,UG/M3,1 Hr,Valid
Guatemala City,PM10 - Principal,2023-12-29 10:00 PM,2023,12,29,22,4.0,4,Good,6.0,UG/M3,1 Hr,Valid
Guatemala City,PM10 - Principal,2023-12-29 11:00 PM,2023,12,29,23,4.0,4,Good,4.0,UG/M3,1 Hr,Valid
Guatemala City,PM10 - Principal,2023-12-30 12:00 AM,2023,12,30,00,4.0,4,Good,4.0,UG/M3,1 Hr,Valid
Guatemala City,PM10 - Principal,2023-12-30 01:00 AM,2023,12,30,01,5.0,5,Good,7.0,UG/M3,1 Hr,Valid
Guatemala City,PM10 - Principal,2023-12-30 02:00 AM,2023,12,30,02,5.0,5,Good,5.0,UG/M3,1 Hr,Valid
Guatemala City,PM10 - Principal,2023-12-30 03:00 AM,2023,12,30,03,3.0,3,Good,1.0,UG/M3,1 Hr,Valid
Guatemala City,PM10 - Principal,2023-12-30 04:00 AM,2023,12,30,04,2.0,2,Good,2.0,UG/M3,1 Hr,Valid
Guatemala City,PM10 - Principal,2023-12-30 05:00 AM,2023,12,30,05,2.0,2,Good,2.0,UG/M3,1 Hr,Valid
Guatemala City,PM10 - Principal,2023-12-30 06:00 AM,2023,12,30,06,3.0,3,Good,4.0,UG/M3,1 Hr,Valid
Guatemala City,PM10 - Principal,2023-12-30 07:00 AM,2023,12,30,07,3.0,3,Good,3.0,UG/M3,1 Hr,Valid
Guatemala City,PM10 - Principal,2023-12-30 08:00 AM,2023,12,30,08,3.0,3,Good,3.0,UG/M3,1 Hr,Valid
Guatemala City,PM10 - Principal,2023-12-30 09:00 AM,2023,12,30,09,3.0,3,Good,4.0,UG/M3,1 Hr,Valid
Guatemala City,PM10 - Principal,2023-12-30 10:00 AM,2023,12,30,10,3.0,3,Good,4.0,UG/M3,1 Hr,Valid
Guatemala City,PM10 - Principal,2023-12-30 11:00 AM,2023,12,30,11,2.0,2,Good,2.0,UG/M3,1 Hr,Valid
Guatemala City,PM10 - Principal,2023-12-30 12:00 PM,2023,12,30,12,1.0,1,Good,0.0,UG/M3,1 Hr,Valid
Guatemala City,PM10 - Principal,2023-12-30 01:00 PM,2023,12,30,13,0.0,0,Good,0.0,UG/M3,1 Hr,Valid
Guatemala City,PM10 - Principal,2023-12-30 02:00 PM,2023,12,30,14,2.0,2,Good,4.0,UG/M3,1 Hr,Valid
Guatemala City,PM10 - Principal,2023-12-30 03:00 PM,2023,12,30,15,3.0,3,Good,5.0,UG/M3,1 Hr,Valid
Guatemala City,PM10 - Principal,2023-12-30 04:00 PM,2023,12,30,16,2.0,2,Good,2.0,UG/M3,1 Hr,Valid
Guatemala City,PM10 - Principal,2023-12-30 05:00 PM,2023,12,30,17,3.0,3,Good,4.0,UG/M3,1 Hr,Valid
Guatemala City,PM10 - Principal,2023-12-30 06:00 PM,2023,12,30,18,5.0,5,Good,7.0,UG/M3,1 Hr,Valid
Guatemala City,PM10 - Principal,2023-12-30 07:00 PM,2023,12,30,19,6.0,6,Good,7.0,UG/M3,1 Hr,Valid
Guatemala City,PM10 - Principal,2023-12-30 08:00 PM,2023,12,30,20,5.0,5,Good,5.0,UG/M3,1 Hr,Valid
Guatemala City,PM10 - Principal,2023-12-30 09:00 PM,2023,12,30,21,5.0,5,Good,5.0,UG/M3,1 Hr,Valid
Guatemala City,PM10 - Principal,2023-12-30 10:00 PM,2023,12,30,22,5.0,5,Good,5.0,UG/M3,1 Hr,Valid
Guatemala City,PM10 - Principal,2023-12-30 11:00 PM,2023,12,30,23,4.0,4,Good,4.0,UG/M3,1 Hr,Valid
Guatemala City,PM10 - Principal,2023-12-31 12:00 AM,2023,12,31,00,4.0,4,Good,5.0,UG/M3,1 Hr,Valid
Guatemala City,PM10 - Principal,2023-12-31 01:00 AM,2023,12,31,01,5.0,5,Good,6.0,UG/M3,1 Hr,Valid
Guatemala City,PM10 - Principal,2023-12-31 02:00 AM,2023,12,31,02,4.0,4,Good,3.0,UG/M3,1 Hr,Valid
Guatemala City,PM10 - Principal,2023-12-31 03:00 AM,2023,12,31,03,2.0,2,Good,1.0,UG/M3,1 Hr,Valid
Guatemala City,PM10 - Principal,2023-12-31 04:00 AM,2023,12,31,04,0.0,0,Good,-2.0,UG/M3,1 Hr,Valid
Guatemala City,PM10 - Principal,2023-12-31 05:00 AM,2023,12,31,05,1.0,1,Good,3.0,UG/M3,1 Hr,Valid
Guatemala City,PM10 - Principal,2023-12-31 06:00 AM,2023,12,31,06,2.0,2,Good,4.0,UG/M3,1 Hr,Valid
Guatemala City,PM10 - Principal,2023-12-31 07:00 AM,2023,12,31,07,3.0,3,Good,5.0,UG/M3,1 Hr,Valid
Guatemala City,PM10 - Principal,2023-12-31 08:00 AM,2023,12,31,08,4.0,4,Good,5.0,UG/M3,1 Hr,Valid
Guatemala City,PM10 - Principal,2023-12-31 09:00 AM,2023,12,31,09,4.0,4,Good,5.0,UG/M3,1 Hr,Valid
Guatemala City,PM10 - Principal,2023-12-31 10:00 AM,2023,12,31,10,5.0,5,Good,6.0,UG/M3,1 Hr,Valid
Guatemala City,PM10 - Principal,2023-12-31 11:00 AM,2023,12,31,11,4.0,4,Good,4.0,UG/M3,1 Hr,Valid
Guatemala City,PM10 - Principal,2023-12-31 12:00 PM,2023,12,31,12,3.0,3,Good,3.0,UG/M3,1 Hr,Valid
Guatemala City,PM10 - Principal,2023-12-31 01:00 PM,2023,12,31,13,2.0,2,Good,2.0,UG/M3,1 Hr,Valid
Guatemala City,PM10 - Principal,2023-12-31 02:00 PM,2023,12,31,14,0.0,0,Good,-1.0,UG/M3,1 Hr,Valid
Guatemala City,PM10 - Principal,2023-12-31 03:00 PM,2023,12,31,15,1.0,1,Good,2.0,UG/M3,1 Hr,Valid
Guatemala City,PM10 - Principal,2023-12-31 04:00 PM,2023,12,31,16,3.0,3,Good,5.0,UG/M3,1 Hr,Valid
Guatemala City,PM10 - Principal,2023-12-31 05:00 PM,2023,12,31,17,3.0,3,Good,3.0,UG/M3,1 Hr,Valid
Guatemala City,PM10 - Principal,2023-12-31 06:00 PM,2023,12,31,18,4.0,4,Good,5.0,UG/M3,1 Hr,Valid
Guatemala City,PM10 - Principal,2023-12-31 07:00 PM,2023,12,31,19,4.0,4,Good,5.0,UG/M3,1 Hr,Valid
Guatemala City,PM10 - Principal,2023-12-31 08:00 PM,2023,12,31,20,3.0,3,Good,2.0,UG/M3,1 Hr,Valid
Guatemala City,PM10 - Principal,2023-12-31 09:00 PM,2023,12,31,21,2.0,2,Good,1.0,UG/M3,1 Hr,Valid
Guatemala City,PM10 - Principal,2023-12-31 10:00 PM,2023,12,31,22,3.0,3,Good,5.0,UG/M3,1 Hr,Valid
Guatemala City,PM10 - Principal,2023-12-31 11:00 PM,2023,12,31,23,4.0,4,Good,5.0,UG/M3,1 Hr,Valid
Guatemala City,PM10 - Principal,2024-01-01 12:00 AM,2024,01,01,00,5.0,5,Good,7.0,UG/M3,1 Hr,Valid
